wall_time_s,x_ut,y_ut,z_ut,norm_ut,roll_deg,pitch_deg,target_face,observed_face,accepted_for_fit,fit_reason
1789616067.9027448,-21.935999999999996,-30.3467,-23.937999999999995,44.442526265841366,-2.9113769531250004,3.6859130859375004,LEVEL,LEVEL,True,OK
1789616067.9408984,-21.9116,-30.3955,-23.9014,44.444139734840185,-2.9058837890625004,3.6859130859375004,LEVEL,LEVEL,True,OK
1789616067.9820268,-21.9238,-30.2734,-24.2676,44.5651002889032,-2.9058837890625004,3.6859130859375004,LEVEL,LEVEL,True,OK
1789616068.0210462,-21.826199999999996,-30.444299999999995,-24.0479,44.51449093654784,-2.9058837890625004,3.6859130859375004,LEVEL,LEVEL,True,OK
1789616068.060987,-21.7285,-30.5176,-23.6938,44.32660352937049,-2.9058837890624996,3.680419921874999,LEVEL,LEVEL,True,OK
1789616068.1017025,-21.838399999999996,-30.3711,-23.877,44.37826673913707,-2.9058837890624996,3.680419921874999,LEVEL,LEVEL,True,OK
1789616068.140909,-21.960399999999996,-30.322299999999995,-24.2432,44.60306930795234,-2.9058837890624996,3.680419921874999,LEVEL,LEVEL,True,OK
1789616068.1808858,-21.8628,-30.2734,-23.8403,44.303732071801804,-2.9058837890624996,3.680419921874999,LEVEL,LEVEL,True,OK
1789616068.2209973,-22.070299999999996,-30.322299999999995,-23.7549,44.39409074854444,-2.9058837890624996,3.680419921874999,LEVEL,LEVEL,True,OK
1789616068.2609386,-21.8994,-30.444299999999995,-24.072299999999995,44.563603424094865,-2.9058837890624996,3.680419921874999,LEVEL,LEVEL,True,OK
1789616068.3010066,-21.875,-30.3467,-24.084499999999995,44.49158309320988,-2.9058837890624996,3.680419921874999,LEVEL,LEVEL,True,OK
1789616068.3409235,-21.960399999999996,-30.297899999999995,-23.877,44.38843364627772,-2.9058837890624996,3.680419921874999,LEVEL,LEVEL,True,OK
1789616068.3820484,-21.960399999999996,-30.2246,-23.8281,44.31211981986418,-2.9058837890624996,3.680419921874999,LEVEL,LEVEL,True,OK
1789616068.421952,-21.9116,-30.419899999999995,-24.084499999999995,44.559529517489295,-2.9058837890624996,3.680419921874999,LEVEL,LEVEL,True,OK
1789616068.462155,-21.9116,-30.419899999999995,-23.8525,44.434561850208446,-2.9003906249999996,3.6804199218750004,LEVEL,LEVEL,True,OK
1789616068.5021248,-21.875,-30.2734,-23.8525,44.31631898984842,-2.9003906249999996,3.6804199218750004,LEVEL,LEVEL,True,OK
1789616068.542007,-21.8628,-30.2734,-23.815899999999996,44.29060695237761,-2.9003906249999996,3.6804199218750004,LEVEL,LEVEL,True,OK
1789616068.582027,-21.826199999999996,-30.2246,-23.7915,44.22606611320975,-2.9003906249999996,3.6804199218750004,LEVEL,LEVEL,True,OK
1789616068.6229827,-21.7896,-30.468799999999998,-23.999,44.486924400322394,-2.9058837890624996,3.680419921874999,LEVEL,LEVEL,True,OK
1789616068.6621425,-21.9116,-30.419899999999995,-23.9136,44.467390248697974,-2.9058837890624996,3.680419921874999,LEVEL,LEVEL,True,OK
1789616068.7023625,-21.8872,-30.3955,-24.0234,44.49786165255584,-2.9058837890624996,3.680419921874999,LEVEL,LEVEL,True,OK
1789616068.741943,-21.6675,-30.590799999999998,-24.3652,44.70951321508656,-2.9058837890624996,3.680419921874999,LEVEL,LEVEL,True,OK
1789616068.7820468,-21.9238,-30.3955,-24.0479,44.5291019570348,-2.9058837890624996,3.680419921874999,LEVEL,LEVEL,True,OK
1789616068.8219845,-22.1802,-30.322299999999995,-23.9258,44.540398010906905,-2.9058837890624996,3.680419921874999,LEVEL,LEVEL,True,OK
1789616068.8620753,-21.9116,-30.468799999999998,-23.9136,44.500856766583716,-2.9003906249999996,3.6804199218750004,LEVEL,LEVEL,True,OK
1789616068.9025445,-21.813999999999997,-30.5176,-24.4263,44.76403285507239,-2.9113769531250004,3.680419921875,LEVEL,LEVEL,True,OK
1789616068.94292,-21.9238,-30.4932,-24.0601,44.60242891020623,-2.9058837890624996,3.680419921874999,LEVEL,LEVEL,True,OK
1789616068.983024,-22.1436,-30.3467,-24.1333,44.650614673708574,-2.9058837890625004,3.6859130859375004,LEVEL,LEVEL,True,OK
1789616069.0240185,-21.8872,-30.444299999999995,-23.9014,44.46551302177902,-2.9058837890624996,3.680419921874999,LEVEL,LEVEL,True,OK
1789616069.0639775,-21.582,-30.542,-24.230999999999998,44.5616185635127,-2.9113769531250004,3.6859130859375004,LEVEL,LEVEL,True,OK
1789616069.1051574,-21.826199999999996,-30.4932,-24.0356,44.54131026406834,-2.9058837890625004,3.6859130859375004,LEVEL,LEVEL,True,OK
1789616069.145052,-21.826199999999996,-30.542,-24.0356,44.57473317699165,-2.9058837890625004,3.6859130859375004,LEVEL,LEVEL,True,OK
1789616069.1850796,-21.7896,-30.566399999999998,-24.0479,44.580185862443415,-2.9058837890624996,3.680419921874999,LEVEL,LEVEL,True,OK
1789616069.2260845,-21.960399999999996,-30.4932,-24.0356,44.60722454670319,-2.9058837890624996,3.680419921874999,LEVEL,LEVEL,True,OK
1789616069.2661076,-21.8994,-30.468799999999998,-24.072299999999995,44.580344560018816,-2.9058837890624996,3.680419921874999,LEVEL,LEVEL,True,OK
1789616069.3061733,-21.9116,-30.419899999999995,-24.0601,44.54634600705202,-2.9058837890624996,3.680419921874999,LEVEL,LEVEL,True,OK
1789616069.3470247,-21.6675,-30.615199999999998,-24.2432,44.65986759418348,-2.9058837890624996,3.680419921874999,LEVEL,LEVEL,True,OK
1789616069.3870044,-22.0215,-30.468799999999998,-24.1699,44.693157213381106,-2.9058837890624996,3.680419921874999,LEVEL,LEVEL,True,OK
1789616069.4270217,-21.9238,-30.5176,-24.1333,44.65862833865366,-2.9058837890625004,3.6859130859375004,LEVEL,LEVEL,True,OK
1789616069.4670758,-21.9116,-30.468799999999998,-24.084499999999995,44.592926885886286,-2.9058837890625004,3.6859130859375004,LEVEL,LEVEL,True,OK
1789616069.507157,-21.6309,-30.3711,-23.8647,44.26989333745903,-2.9058837890625004,3.6859130859375004,LEVEL,LEVEL,True,OK
1789616069.5469904,-21.8506,-30.322299999999995,-23.8892,44.35746244196121,-2.9058837890625004,3.6859130859375004,LEVEL,LEVEL,True,OK
1789616069.5871918,-22.070299999999996,-30.2246,-23.8525,44.37979656893438,-2.9058837890625004,3.6859130859375004,LEVEL,LEVEL,True,OK
1789616069.6280816,-21.8018,-30.542,-24.084499999999995,44.58918464706436,-2.9058837890625004,3.6859130859375004,LEVEL,LEVEL,True,OK
1789616069.6680427,-21.5698,-30.542,-24.0601,44.46300088894136,-2.9058837890625004,3.6859130859375004,LEVEL,LEVEL,True,OK
1789616069.7082214,-21.8628,-30.3711,-23.950199999999995,44.4296952396705,-2.9058837890625004,3.6859130859375004,LEVEL,LEVEL,True,OK
1789616069.7479906,-21.8994,-30.322299999999995,-23.877,44.37495607490783,-2.9058837890625004,3.6859130859375004,LEVEL,LEVEL,True,OK
1789616069.7886362,-22.0337,-30.249,-23.7915,44.34547788602576,-2.9058837890625004,3.6859130859375004,LEVEL,LEVEL,True,OK
1789616069.828076,-21.691899999999997,-30.5176,-23.815899999999996,44.37408622360577,-2.9058837890625004,3.6859130859375004,LEVEL,LEVEL,True,OK
1789616069.8681595,-21.9971,-30.419899999999995,-24.0479,44.581882181330116,-2.9058837890625004,3.6859130859375004,LEVEL,LEVEL,True,OK
1789616069.9081588,-21.960399999999996,-30.322299999999995,-23.9868,44.46422854036714,-2.9058837890625004,3.6859130859375004,LEVEL,LEVEL,True,OK
1789616069.9481258,-22.0581,-30.2246,-23.962399999999995,44.43290261202839,-2.9058837890625004,3.6859130859375004,LEVEL,LEVEL,True,OK
1789616069.9893792,-21.9238,-30.2246,-23.815899999999996,44.287430998083416,-2.9058837890625004,3.6859130859375004,LEVEL,LEVEL,True,OK
1789616070.0300896,-21.8994,-30.3711,-24.0601,44.507031439762414,-2.9058837890625004,3.6859130859375004,LEVEL,LEVEL,True,OK
1789616070.0701296,-21.838399999999996,-30.4932,-24.084499999999995,44.57369292587276,-2.9058837890625004,3.6859130859375004,LEVEL,LEVEL,True,OK
1789616070.1102107,-21.6064,-30.4932,-23.706099999999996,44.256648589901154,-2.9058837890625004,3.6859130859375004,LEVEL,LEVEL,True,OK
1789616070.1511605,-21.8506,-30.297899999999995,-24.0356,44.41983264410166,-2.9058837890625004,3.6859130859375004,LEVEL,LEVEL,True,OK
1789616070.1912,-22.094699999999996,-30.2734,-23.877,44.43833530466684,-2.9058837890625004,3.6859130859375004,LEVEL,LEVEL,True,OK
1789616070.2321725,-21.8506,-30.419899999999995,-24.072299999999995,44.522967821788335,-2.9058837890625004,3.6859130859375004,LEVEL,LEVEL,True,OK
1789616070.271097,-21.6187,-30.468799999999998,-23.9014,44.35079351139053,-2.9058837890625004,3.6859130859375004,LEVEL,LEVEL,True,OK
1789616070.312045,-21.838399999999996,-30.5176,-24.230999999999998,44.66968754446353,-2.9058837890625004,3.6859130859375004,LEVEL,LEVEL,True,OK
1789616070.352066,-22.1313,-30.542,-24.340799999999998,44.88967306998348,-2.9058837890625004,3.6859130859375004,LEVEL,LEVEL,True,OK
1789616070.392132,-21.9238,-30.468799999999998,-24.084499999999995,44.598922858405444,-2.9058837890625004,3.6859130859375004,LEVEL,LEVEL,True,OK
1789616070.4389794,-21.7896,-30.5176,-23.7549,44.389253788839476,-2.9058837890625004,3.6859130859375004,LEVEL,LEVEL,True,OK
1789616070.4760194,-21.9116,-30.3955,-24.072299999999995,44.53628029034306,-2.9058837890625004,3.6859130859375004,LEVEL,LEVEL,True,OK
1789616070.517294,-21.9849,-30.3711,-24.194299999999995,44.62178499018164,-2.9003906249999996,3.6859130859375004,LEVEL,LEVEL,True,OK
1789616070.5561361,-21.8628,-30.5176,-24.0601,44.58917296396066,-2.9003906249999996,3.6804199218750004,LEVEL,LEVEL,True,OK
1789616070.596057,-21.826199999999996,-30.5176,-24.0479,44.56465427454812,-2.9003906249999996,3.6859130859375004,LEVEL,LEVEL,True,OK
1789616070.6358995,-21.813999999999997,-30.566399999999998,-24.084499999999995,44.611865520397146,-2.9003906249999996,3.6859130859375004,LEVEL,LEVEL,True,OK
1789616070.6760037,-21.7285,-30.542,-23.9746,44.494077374522554,-2.9003906249999996,3.6804199218750004,LEVEL,LEVEL,True,OK
1789616070.7159274,-21.7896,-30.542,-24.0356,44.55682326557853,-2.9003906249999996,3.6859130859375004,LEVEL,LEVEL,True,OK
1789616070.7560122,-21.838399999999996,-30.4932,-24.084499999999995,44.57369292587276,-2.9003906249999996,3.6859130859375004,LEVEL,LEVEL,True,OK
1789616070.7960994,-21.875,-30.542,-24.1211,44.64478529694146,-2.9003906249999996,3.6859130859375004,LEVEL,LEVEL,True,OK
1789616070.8358374,-21.838399999999996,-30.566399999999998,-23.9258,44.53834784946563,-2.9003906249999996,3.6859130859375004,LEVEL,LEVEL,True,OK
1789616070.8759744,-21.9238,-30.468799999999998,-24.0601,44.58575099614225,-2.9003906249999996,3.6859130859375004,LEVEL,LEVEL,True,OK
1789616070.9158936,-21.9116,-30.615199999999998,-24.0479,44.673372158479374,-2.9003906249999996,3.6804199218750004,LEVEL,LEVEL,True,OK
1789616070.9563513,-22.082499999999996,-30.5176,-24.487299999999998,44.92870549325898,-2.9003906249999996,3.6804199218750004,LEVEL,LEVEL,True,OK
1789616070.9961023,-21.9116,-30.5176,-24.096699999999995,44.6328698966356,-2.9003906249999996,3.6859130859375004,LEVEL,LEVEL,True,OK
1789616071.0359218,-21.7896,-30.590799999999998,-23.706099999999996,44.41354399290829,-2.9003906249999996,3.6859130859375004,LEVEL,LEVEL,True,OK
1789616071.0758576,-21.7407,-30.542,-24.1821,44.61217054683621,-2.8948974609375004,3.6804199218750004,LEVEL,LEVEL,True,OK
1789616071.1159163,-22.0581,-30.468799999999998,-24.3164,44.790566618541455,-2.8948974609375004,3.6804199218750004,LEVEL,LEVEL,True,OK
1789616071.1559503,-21.7773,-30.3467,-23.8281,44.305206757107,-2.9003906249999996,3.6804199218750004,LEVEL,LEVEL,True,OK
1789616071.1959765,-21.972699999999996,-30.249,-23.535199999999996,44.17813017014188,-2.9003906249999996,3.6804199218750004,LEVEL,LEVEL,True,OK
1789616071.2360172,-21.7407,-30.468799999999998,-23.950199999999995,44.43667280490293,-2.9003906249999996,3.6804199218750004,LEVEL,LEVEL,True,OK
1789616071.2771714,-21.8994,-30.4932,-24.487299999999998,44.82239203668184,-2.8948974609375004,3.6804199218750004,LEVEL,LEVEL,True,OK
1789616071.316999,-21.875,-30.5176,-24.072299999999995,44.60173945094518,-2.8948974609375004,3.6804199218750004,LEVEL,LEVEL,True,OK
1789616071.3570924,-21.9238,-30.3711,-23.9258,44.4466042267573,-2.8948974609375004,3.6804199218750004,LEVEL,LEVEL,True,OK
1789616071.3979888,-21.948199999999996,-30.3467,-23.937999999999995,44.448549224131035,-2.8948974609375004,3.6804199218750004,LEVEL,LEVEL,True,OK
1789616071.439018,-21.813999999999997,-30.542,-24.218799999999998,44.667825483674484,-2.8948974609375004,3.6804199218750004,LEVEL,LEVEL,True,OK
1789616071.4790454,-21.9116,-30.4932,-24.084499999999995,44.60960211714514,-2.8948974609375004,3.6804199218750004,LEVEL,LEVEL,True,OK
1789616071.51921,-21.8506,-30.468799999999998,-23.9868,44.51025800913762,-2.8948974609375004,3.6804199218750004,LEVEL,LEVEL,True,OK
1789616071.559053,-21.8628,-30.3955,-23.9136,44.426666643469886,-2.9003906249999996,3.6804199218750004,LEVEL,LEVEL,True,OK
1789616071.599018,-21.8994,-30.249,-23.7305,44.24615634843325,-2.9003906250000004,3.674926757812501,LEVEL,LEVEL,True,OK
1789616071.6390321,-21.826199999999996,-30.468799999999998,-23.9746,44.491709621456444,-2.9443359375000004,3.669433593750001,LEVEL,LEVEL,True,OK
1789616071.679192,-21.7773,-30.468799999999998,-23.9868,44.47432003943399,-2.9553222656250004,3.7023925781250004,LEVEL,LEVEL,True,OK
1789616071.7191653,-21.6675,-30.639599999999998,-24.3652,44.74291693050421,-2.9113769531250004,3.6254882812500004,LEVEL,LEVEL,True,OK
1789616071.7590327,-21.875,-30.3711,-23.8403,44.37656188011865,-2.9443359375000004,3.6419677734375004,LEVEL,LEVEL,True,OK
1789616071.800037,-22.0459,-30.249,-23.4985,44.195058661121834,-2.8729248046875,3.53759765625,LEVEL,LEVEL,True,OK
1789616071.8400097,-22.1558,-30.3711,-24.1455,44.67984287237366,-2.6971435546875,3.3398437500000004,LEVEL,LEVEL,True,OK
1789616071.880197,-22.168,-30.322299999999995,-24.4263,44.805203190924146,-2.433471679687501,2.9443359374999996,LEVEL,LEVEL,True,OK
1789616071.9201307,-22.7051,-30.1025,-24.352999999999998,44.88597421533814,-2.1368408203124996,2.4279785156249996,LEVEL,LEVEL,True,OK
1789616071.9600623,-23.2422,-29.834,-24.4263,45.02123441810542,-1.856689453125,1.8731689453125007,LEVEL,LEVEL,True,OK
1789616072.0000863,-23.1812,-29.6875,-24.292,44.819827684742386,-1.5545654296875,1.5106201171875,LEVEL,LEVEL,True,OK
1789616072.0413744,-23.0713,-29.9805,-24.9268,45.304090567850494,-1.4172363281250002,1.241455078125,LEVEL,LEVEL,True,OK
1789616072.0800796,-23.278799999999997,-29.760699999999996,-24.5728,45.071324517591,-1.4172363281249998,1.2634277343749998,LEVEL,LEVEL,True,OK
1789616072.1200426,-23.266599999999997,-29.809599999999996,-24.585,45.103981561720246,-1.461181640625,1.3732910156250004,LEVEL,LEVEL,True,OK
1789616072.1600018,-23.3032,-29.7363,-24.5361,45.047828706165184,-1.4501953125000002,1.29638671875,LEVEL,LEVEL,True,OK
1789616072.2001083,-23.657199999999996,-29.5654,-24.5117,45.10653418175686,-1.3238525390624998,1.0766601562500002,LEVEL,LEVEL,True,OK
1789616072.2400684,-23.950199999999995,-29.4678,-24.6338,45.26353299644207,-1.2030029296875,0.7910156250000001,LEVEL,LEVEL,True,OK
1789616072.2800765,-24.3774,-29.247999999999998,-24.609399999999997,45.33570009517886,-1.1206054687499996,0.5822753906249999,LEVEL,LEVEL,True,OK
1789616072.321172,-24.646,-29.125999999999998,-24.646,45.4221807930883,-1.131591796875,0.5328369140625,LEVEL,LEVEL,True,OK
1789616072.3612275,-24.8901,-29.0527,-24.6948,45.534707667228965,-1.197509765625,0.6646728515625001,LEVEL,LEVEL,True,OK
1789616072.4010353,-24.877899999999997,-29.0039,-24.719199999999997,45.51016339522415,-1.109619140625,0.6536865234375001,LEVEL,LEVEL,True,OK
1789616072.441083,-25.0244,-29.0039,-24.8169,45.64345885425425,-0.8624267578125,0.2911376953125,LEVEL,LEVEL,True,OK
1789616072.4820907,-24.999999999999996,-28.857399999999995,-24.8901,45.57704041258054,-0.43945312500000006,-0.36254882812500006,LEVEL,LEVEL,True,OK
1789616072.522103,-25.4395,-28.710899999999995,-24.9146,45.74080489256829,0.06591796875,-1.1865234374999996,LEVEL,LEVEL,True,OK
1789616072.5622306,-25.8301,-28.4912,-25.0732,45.90869091675344,0.35705566406249994,-1.7962646484374996,LEVEL,LEVEL,True,OK
1789616072.6020408,-25.6348,-28.466799999999996,-24.7681,45.61754542815735,0.42297363281249994,-1.9445800781250002,LEVEL,LEVEL,True,OK
1789616072.6420596,-25.268599999999996,-28.710899999999995,-25.1953,45.79979330586547,0.4064941406250001,-1.845703125,LEVEL,LEVEL,True,OK
1789616072.682083,-25.4395,-28.613299999999995,-24.853499999999997,45.64630937315743,0.33508300781249994,-1.8182373046875004,LEVEL,LEVEL,True,OK
1789616072.7227292,-25.5859,-28.54,-25.3174,45.93626695292076,0.30761718749999994,-1.8127441406249991,LEVEL,LEVEL,True,OK
1789616072.7622638,-25.4639,-28.588899999999995,-24.7681,45.59818180618608,0.2911376953125,-1.7852783203125,LEVEL,LEVEL,True,OK
1789616072.802174,-25.4639,-28.466799999999996,-24.5605,45.409107739527315,0.2856445312499999,-1.7852783203125,LEVEL,LEVEL,True,OK
1789616072.842065,-25.5615,-28.54,-24.7681,45.62215097800629,0.29113769531249994,-1.7907714843749998,LEVEL,LEVEL,True,OK
1789616072.8820941,-25.537099999999995,-28.5645,-24.9023,45.69681260164651,0.3076171874999999,-1.8127441406249993,LEVEL,LEVEL,True,OK
1789616072.9222736,-25.537099999999995,-28.6865,-24.9023,45.773172316871374,0.3076171875,-1.8237304687500007,LEVEL,LEVEL,True,OK
1789616072.962251,-25.659199999999995,-28.5156,-24.9023,45.73465352760421,0.31311035156250006,-1.8182373046875009,LEVEL,LEVEL,True,OK
1789616073.0020075,-25.5615,-28.466799999999996,-24.755899999999997,45.56976595616878,0.3186035156250001,-1.8237304687500007,LEVEL,LEVEL,True,OK
1789616073.0422885,-25.4883,-28.6621,-24.9023,45.73066759396805,0.318603515625,-1.8347167968750002,LEVEL,LEVEL,True,OK
1789616073.0820813,-25.414999999999996,-28.735399999999995,-24.9023,45.735871954626596,0.31311035156249983,-1.8237304687500002,LEVEL,LEVEL,True,OK
1789616073.1221197,-25.3418,-28.832999999999995,-24.9023,45.75667450252476,0.3460693359375,-1.8347167968750002,LEVEL,LEVEL,True,OK
1789616073.1622036,-25.3174,-28.588899999999995,-24.987799999999996,45.636455765210336,0.39001464843750017,-1.8621826171875007,LEVEL,LEVEL,True,OK
1789616073.2021575,-25.1709,-28.5645,-24.743699999999997,45.40655852131936,0.3955078125,-1.8621826171875007,LEVEL,LEVEL,True,OK
1789616073.2420485,-24.9756,-28.8818,-24.4507,45.34066273324641,0.42846679687499994,-1.8072509765625,LEVEL,LEVEL,True,OK
1789616073.2821696,-25.0244,-28.832999999999995,-24.939,45.60171274590462,0.4284667968749997,-1.7852783203125,LEVEL,LEVEL,True,OK
1789616073.322199,-25.1221,-28.8818,-25.4639,45.974867948260595,0.40100097656249994,-1.8017578124999998,LEVEL,LEVEL,True,OK
1789616073.362324,-25.1709,-28.7598,-24.865699999999997,45.596089079437505,0.37902832031250006,-1.7633056640625002,LEVEL,LEVEL,True,OK
1789616073.402101,-24.9146,-28.6865,-24.5239,45.22249712941558,0.3405761718750001,-1.6864013671874996,LEVEL,LEVEL,True,OK
1789616073.442049,-25.0732,-28.857399999999995,-24.9023,45.62389109107201,0.30761718749999994,-1.6369628906250004,LEVEL,LEVEL,True,OK
1789616073.4820242,-24.9512,-28.8818,-25.3174,45.800562173842366,0.3240966796874999,-1.6534423828124998,LEVEL,LEVEL,True,OK
1789616073.5221412,-25.0244,-28.979499999999998,-24.9634,45.707804094815145,0.3570556640625,-1.7138671874999998,LEVEL,LEVEL,True,OK
1789616073.5623996,-25.0488,-28.8818,-24.7681,45.55282132085784,0.3570556640625,-1.7303466796875002,LEVEL,LEVEL,True,OK
1789616073.6021078,-24.987799999999996,-28.832999999999995,-24.9023,45.56156914692469,0.33508300781250006,-1.6918945312500007,LEVEL,LEVEL,True,OK
1789616073.642185,-24.939,-28.9062,-24.939,45.60127016257332,0.33508300781250006,-1.6918945312500007,LEVEL,LEVEL,True,OK
1789616073.6820424,-24.9634,-28.857399999999995,-24.9146,45.57036501367966,0.34606933593750006,-1.7248535156250002,LEVEL,LEVEL,True,OK
1789616073.7222311,-24.9634,-28.9062,-24.9023,45.59456418576671,0.3570556640625,-1.7413330078125,LEVEL,LEVEL,True,OK
1789616073.7621343,-25.0732,-28.857399999999995,-24.853499999999997,45.59727355061923,0.3515625,-1.7358398437499998,LEVEL,LEVEL,True,OK
1789616073.8021874,-25.0244,-28.857399999999995,-24.939,45.617144267479084,0.3240966796874999,-1.7193603515625,LEVEL,LEVEL,True,OK
1789616073.8421261,-25.0488,-28.735399999999995,-24.9023,45.53339587478623,0.3350830078125,-1.7193603515624998,LEVEL,LEVEL,True,OK
1789616073.88211,-25.146499999999996,-28.6377,-24.8291,45.485695887278666,0.35705566406249994,-1.7797851562499998,LEVEL,LEVEL,True,OK
1789616073.9221516,-24.9268,-28.735399999999995,-24.939,45.48650670693453,0.39001464843750006,-1.8017578125000007,LEVEL,LEVEL,True,OK
1789616073.9621599,-25.2197,-28.8086,-25.0732,45.76717229947684,0.37902832031249983,-1.8017578124999998,LEVEL,LEVEL,True,OK
1789616074.0021064,-25.2197,-28.710899999999995,-24.6338,45.46617588207744,0.37353515625000006,-1.7962646484375,LEVEL,LEVEL,True,OK
1789616074.042153,-25.0488,-28.9551,-25.0244,45.73905107028347,0.37353515625,-1.8017578125000007,LEVEL,LEVEL,True,OK
1789616074.0820692,-24.8291,-28.832999999999995,-24.755899999999997,45.3947208452701,0.3735351562499999,-1.7907714843749996,LEVEL,LEVEL,True,OK
1789616074.1231358,-24.987799999999996,-28.9062,-24.9146,45.6146450215279,0.36254882812500017,-1.7962646484375009,LEVEL,LEVEL,True,OK
1789616074.1630766,-25.1709,-28.8086,-25.0244,45.713567309169825,0.35705566406250006,-1.7962646484375,LEVEL,LEVEL,True,OK
1789616074.2029762,-24.9756,-28.857399999999995,-24.9268,45.58371955380561,0.35705566406250006,-1.7962646484375,LEVEL,LEVEL,True,OK
1789616074.243071,-24.7925,-29.0283,-24.8901,45.57222109081365,0.35705566406250006,-1.8072509765625,LEVEL,LEVEL,True,OK
1789616074.2830484,-25.0488,-28.857399999999995,-24.9023,45.61048631060625,0.3460693359374998,-1.7962646484375004,LEVEL,LEVEL,True,OK
1789616074.3230822,-25.0488,-28.8818,-24.939,45.645968865607394,0.31311035156250006,-1.7578125,LEVEL,LEVEL,True,OK
1789616074.363005,-25.1709,-28.7842,-24.877899999999997,45.61813548206458,0.30212402343750006,-1.7413330078125002,LEVEL,LEVEL,True,OK
1789616074.4030557,-24.9756,-28.710899999999995,-24.3652,45.1858312439862,0.3021240234375,-1.7578125000000004,LEVEL,LEVEL,True,OK
1789616074.4431806,-25.1221,-28.735399999999995,-24.7925,45.51385698685621,0.3131103515625,-1.7797851562500002,LEVEL,LEVEL,True,OK
1789616074.4830506,-25.0977,-28.8086,-24.939,45.626567921004096,0.31311035156249994,-1.8017578125000002,LEVEL,LEVEL,True,OK
1789616074.524218,-25.1221,-28.8818,-25.0732,45.75962890900668,0.3240966796874998,-1.8127441406249991,LEVEL,LEVEL,True,OK
1789616074.5640907,-25.0244,-28.735399999999995,-24.743699999999997,45.4334072925419,0.32958984374999994,-1.8347167968749998,LEVEL,LEVEL,True,OK
1789616074.6040745,-25.0244,-28.6621,-24.6948,45.360442224585945,0.3240966796875,-1.8292236328124996,LEVEL,LEVEL,True,OK
1789616074.644218,-25.0244,-28.735399999999995,-24.7925,45.460002912120444,0.3240966796874999,-1.8457031249999998,LEVEL,LEVEL,True,OK
1789616074.6840441,-24.999999999999996,-28.857399999999995,-24.865699999999997,45.5637199013645,0.34057617187499994,-1.9061279296875,LEVEL,LEVEL,True,OK
1789616074.7240403,-25.0244,-28.9551,-25.1221,45.779234591460785,0.35705566406250006,-1.9390869140625,LEVEL,LEVEL,True,OK
1789616074.764196,-25.0732,-28.8086,-24.8413,45.55975173209354,0.3570556640624999,-1.9445800781249998,LEVEL,LEVEL,True,OK
1789616074.8041875,-25.1221,-28.6865,-24.7681,45.469703850696014,0.35705566406249994,-1.9445800781250002,LEVEL,LEVEL,True,OK
1789616074.8456302,-25.146499999999996,-28.6865,-24.3774,45.271617767205974,0.36254882812499994,-1.9830322265624998,LEVEL,LEVEL,True,OK
1789616074.8850782,-25.1709,-28.857399999999995,-24.9512,45.704333744296065,0.3845214843750001,-2.0269775390625004,LEVEL,LEVEL,True,OK
1789616074.9252856,-25.1709,-28.9307,-25.3418,45.96483913318962,0.39001464843750017,-2.043457031250001,LEVEL,LEVEL,True,OK
1789616074.9650295,-25.146499999999996,-28.735399999999995,-24.8413,45.55392256546081,0.40649414062500017,-2.081909179687501,LEVEL,LEVEL,True,OK
1789616075.0050302,-25.0488,-28.6377,-24.3164,45.15359954300432,0.4064941406249999,-2.1203613281249996,LEVEL,LEVEL,True,OK
1789616075.0465796,-25.0977,-28.7598,-24.755899999999997,45.49588141953071,0.3955078124999999,-2.1093749999999996,LEVEL,LEVEL,True,OK
1789616075.0852475,-24.8901,-28.832999999999995,-25.0488,45.58839050076236,0.40100097656250006,-2.1038818359375,LEVEL,LEVEL,True,OK
1789616075.1386673,-25.0488,-28.832999999999995,-25.0244,45.66185350815273,0.40100097656250006,-2.1203613281250004,LEVEL,LEVEL,True,OK
1789616075.1710806,-25.0977,-28.7842,-24.4019,45.31972460794527,0.4174804687499999,-2.1533203125,LEVEL,LEVEL,True,OK
1789616075.2111647,-25.0732,-28.8086,-24.865699999999997,45.57306033930572,0.4119873046875,-2.1368408203124996,LEVEL,LEVEL,True,OK
1789616075.2511184,-25.0488,-28.857399999999995,-24.9023,45.61048631060625,0.39550781249999983,-2.120361328124999,LEVEL,LEVEL,True,OK
1789616075.2913725,-25.0977,-28.8086,-24.8169,45.55994408315269,0.4010009765625,-2.1203613281249996,LEVEL,LEVEL,True,OK
1789616075.3352873,-25.0488,-28.857399999999995,-25.0244,45.677264711889215,0.4119873046874999,-2.1533203124999996,LEVEL,LEVEL,True,OK
1789616075.3710406,-25.1221,-28.8086,-24.9023,45.61995054425202,0.41198730468749983,-2.1588134765624996,LEVEL,LEVEL,True,OK
1789616075.4112098,-25.0977,-28.7842,-24.8901,45.584446831567455,0.41198730468750017,-2.158813476562499,LEVEL,LEVEL,True,OK
1789616075.451191,-25.1709,-28.9062,-24.5361,45.510029756747024,0.40649414062500006,-2.164306640625,LEVEL,LEVEL,True,OK
1789616075.491798,-25.146499999999996,-28.979499999999998,-24.9023,45.74147382616786,0.40649414062500006,-2.1588134765624996,LEVEL,LEVEL,True,OK
1789616075.5310178,-24.9756,-28.9307,-25.0244,45.68354838680989,0.41198730468749994,-2.1697998046875,LEVEL,LEVEL,True,OK
1789616075.5711052,-25.0488,-28.8818,-24.8901,45.619270387523734,0.41748046875000006,-2.186279296875,LEVEL,LEVEL,True,OK
1789616075.611053,-25.2197,-28.7598,-24.585,45.47066734863257,0.41748046875,-2.1862792968749996,LEVEL,LEVEL,True,OK
1789616075.6511056,-25.0244,-28.9062,-24.9146,45.63470485233798,0.40100097656250006,-2.1807861328125004,LEVEL,LEVEL,True,OK
1789616075.6919332,-24.7681,-28.979499999999998,-24.9023,45.534544503596386,0.40100097656249994,-2.1752929687499996,LEVEL,LEVEL,True,OK
1789616075.7310889,-25.0488,-28.9551,-25.0732,45.76576838303931,0.4064941406249999,-2.1917724609374996,LEVEL,LEVEL,True,OK
1789616075.7710562,-25.1709,-28.832999999999995,-24.5605,45.47674412334286,0.4010009765624999,-2.1972656250000004,LEVEL,LEVEL,True,OK
1789616075.8113332,-25.0488,-28.8086,-24.865699999999997,45.55964060316982,0.4010009765625,-2.1807861328125,LEVEL,LEVEL,True,OK
1789616075.8511658,-25.0977,-28.979499999999998,-24.9634,45.74797596724908,0.40649414062500006,-2.2137451171875,LEVEL,LEVEL,True,OK
1789616075.8913465,-25.0977,-28.8818,-25.0488,45.73286890158981,0.41198730468749983,-2.2357177734374996,LEVEL,LEVEL,True,OK
1789616075.9310756,-25.3662,-28.7842,-24.8413,45.70628466381839,0.41748046875000017,-2.2302246093750004,LEVEL,LEVEL,True,OK
1789616075.9710715,-25.1709,-28.857399999999995,-24.865699999999997,45.65771323730526,0.4339599609375,-2.2576904296874996,LEVEL,LEVEL,True,OK
1789616076.0111477,-25.146499999999996,-28.6621,-24.646,45.40140696784627,0.43395996093749983,-2.2961425781249996,LEVEL,LEVEL,True,OK
1789616076.051188,-25.146499999999996,-28.7598,-24.755899999999997,45.52282002578487,0.42846679687499994,-2.3071289062500004,LEVEL,LEVEL,True,OK
1789616076.0913942,-25.0488,-28.832999999999995,-24.877899999999997,45.58173075750853,0.42846679687499994,-2.3291015624999996,LEVEL,LEVEL,True,OK
1789616076.1310656,-25.0488,-28.9307,-24.9023,45.65689793689449,0.44494628906249994,-2.3565673828125004,LEVEL,LEVEL,True,OK
1789616076.171172,-25.0732,-28.9307,-24.8169,45.6237798339857,0.4669189453124999,-2.4114990234375,LEVEL,LEVEL,True,OK
1789616076.2111506,-25.292999999999996,-28.54,-24.6338,45.39924615497486,0.472412109375,-2.4499511718750004,LEVEL,LEVEL,True,OK
1789616076.2505527,-25.1221,-28.8086,-24.719199999999997,45.520261324052164,0.47790527343749994,-2.4444580078125,LEVEL,LEVEL,True,OK
1789616076.2919948,-24.9268,-28.8086,-24.6948,45.399492720073425,0.46142578125,-2.4224853515625004,LEVEL,LEVEL,True,OK
1789616076.3309999,-25.1221,-28.9062,-25.0977,45.78845763006218,0.4669189453124998,-2.406005859375,LEVEL,LEVEL,True,OK
1789616076.3710997,-25.390599999999996,-28.8086,-25.244099999999996,45.95522371972527,0.4614257812500001,-2.3895263671875,LEVEL,LEVEL,True,OK
1789616076.4110577,-25.2197,-28.6621,-24.731399999999997,45.48836544062668,0.44494628906249983,-2.3455810546875,LEVEL,LEVEL,True,OK
1789616076.4511406,-25.0488,-28.6621,-24.3774,45.201946734736985,0.44494628906250006,-2.3016357421875004,LEVEL,LEVEL,True,OK
1789616076.4914975,-25.0732,-28.6865,-24.8413,45.4826431309791,0.472412109375,-2.28515625,LEVEL,LEVEL,True,OK
1789616076.5331078,-25.3174,-28.7842,-24.999999999999996,45.7657176541568,0.472412109375,-2.28515625,LEVEL,LEVEL,True,OK
1789616076.572152,-25.0732,-28.7842,-24.8291,45.537673795331266,0.472412109375,-2.2686767578124996,LEVEL,LEVEL,True,OK
1789616076.6120722,-25.0732,-28.588899999999995,-24.194299999999995,45.07055262518976,0.4724121093750001,-2.2412109375000004,LEVEL,LEVEL,True,OK
1789616076.6520238,-25.0244,-28.6865,-24.6826,45.36922547685821,0.46142578124999983,-2.2412109374999996,LEVEL,LEVEL,True,OK
1789616076.6926763,-25.0488,-28.735399999999995,-24.9634,45.566840291598005,0.44494628906250006,-2.208251953125001,LEVEL,LEVEL,True,OK
1789616076.732129,-24.987799999999996,-28.9062,-24.8901,45.60126780353809,0.4449462890625,-2.1917724609375,LEVEL,LEVEL,True,OK
1789616076.7721705,-25.0488,-28.857399999999995,-24.8413,45.57721033466177,0.43395996093749983,-2.186279296875,LEVEL,LEVEL,True,OK
1789616076.8120909,-25.0488,-28.8818,-24.877899999999997,45.61261515293768,0.40100097656249994,-2.1258544921874996,LEVEL,LEVEL,True,OK
1789616076.8521051,-25.0732,-28.9062,-24.9023,45.65477304696629,0.37353515625,-2.076416015625,LEVEL,LEVEL,True,OK
1789616076.8921797,-25.0244,-28.8086,-24.6704,45.439901688714066,0.37353515625000006,-2.054443359375,LEVEL,LEVEL,True,OK
1789616076.9352236,-25.0977,-28.9062,-24.853499999999997,45.64164114030081,0.37353515625,-2.0599365234375,LEVEL,LEVEL,True,OK
1789616076.9742076,-25.2197,-28.8086,-25.2197,45.8475950311464,0.3790283203125,-2.0489501953125004,LEVEL,LEVEL,True,OK
1789616077.0141523,-25.0488,-28.8086,-24.853499999999997,45.552983191553984,0.37353515625,-2.0434570312500004,LEVEL,LEVEL,True,OK
1789616077.0542197,-25.1709,-28.9062,-24.597199999999997,45.54300004490262,0.3790283203125001,-2.0544433593750004,LEVEL,LEVEL,True,OK
1789616077.094533,-24.9146,-28.857399999999995,-24.853499999999997,45.510254780323955,0.3790283203125,-2.0709228515624996,LEVEL,LEVEL,True,OK
1789616077.1340215,-24.987799999999996,-28.9307,-25.292999999999996,45.83788171730888,0.3515624999999999,-2.015991210937499,LEVEL,LEVEL,True,OK
1789616077.1740785,-24.9268,-28.9307,-24.8047,45.53684115987845,0.3460693359374999,-1.9940185546875002,LEVEL,LEVEL,True,OK
1789616077.2140784,-25.0244,-28.8086,-24.352999999999998,45.268362443543275,0.3570556640625002,-2.015991210937499,LEVEL,LEVEL,True,OK
1789616077.2542088,-24.9756,-28.9307,-24.8901,45.61012032279678,0.36254882812500017,-2.0269775390625004,LEVEL,LEVEL,True,OK
1789616077.2943864,-24.9634,-28.832999999999995,-25.0732,45.64185126394415,0.3515625000000002,-2.0104980468750004,LEVEL,LEVEL,True,OK
1789616077.3340929,-25.0244,-28.9062,-24.853499999999997,45.60137559383488,0.35156249999999983,-1.99951171875,LEVEL,LEVEL,True,OK
1789616077.3740304,-25.2197,-28.7842,-24.609399999999997,45.49929676478528,0.34606933593749983,-1.9995117187499991,LEVEL,LEVEL,True,OK
1789616077.4141176,-25.0488,-28.857399999999995,-24.8413,45.57721033466177,0.34057617187499983,-1.9885253906250004,LEVEL,LEVEL,True,OK
1789616077.4541824,-25.0488,-28.9062,-24.9146,45.6480894785313,0.34057617187499983,-1.9830322265624993,LEVEL,LEVEL,True,OK
1789616077.4932594,-24.999999999999996,-28.8818,-24.9146,45.60587313493734,0.34606933593750006,-2.0050048828125,LEVEL,LEVEL,True,OK
1789616077.5341513,-25.0244,-28.832999999999995,-24.8413,45.54835529467557,0.35156250000000006,-1.9995117187500004,LEVEL,LEVEL,True,OK
1789616077.5732162,-24.999999999999996,-28.8086,-24.865699999999997,45.532828491649845,0.33508300781249994,-1.9665527343749998,LEVEL,LEVEL,True,OK
1789616077.613996,-24.9756,-28.8086,-24.707,45.43293825321008,0.3240966796875,-1.9610595703125,LEVEL,LEVEL,True,OK
1789616077.6540675,-25.146499999999996,-28.6621,-24.4995,45.32204694086532,0.31311035156250006,-1.9555664062500004,LEVEL,LEVEL,True,OK
1789616077.6949892,-24.865699999999997,-28.7842,-24.585,45.29078748630896,0.2856445312499999,-1.9116210937500002,LEVEL,LEVEL,True,OK
1789616077.736216,-24.8413,-29.0771,-25.2197,45.8104922282003,0.27465820312500006,-1.8841552734374998,LEVEL,LEVEL,True,OK
1789616077.775511,-24.9268,-28.832999999999995,-24.853499999999997,45.50146931133103,0.28564453125000006,-1.900634765625001,LEVEL,LEVEL,True,OK
1789616077.8159733,-25.1953,-28.8086,-24.7925,45.600511316212234,0.3021240234375,-1.9061279296875,LEVEL,LEVEL,True,OK
1789616077.8554692,-24.987799999999996,-28.8086,-24.743699999999997,45.45961144235616,0.31311035156250006,-1.9390869140625,LEVEL,LEVEL,True,OK
1789616077.896317,-24.865699999999997,-28.857399999999995,-24.707,45.403616819037666,0.3021240234375,-1.9335937499999998,LEVEL,LEVEL,True,OK
1789616077.9361172,-25.0244,-28.979499999999998,-24.9146,45.681170177327985,0.2911376953125,-1.8896484375000004,LEVEL,LEVEL,True,OK
1789616077.975328,-25.1953,-28.857399999999995,-24.8047,45.63798657850716,0.27465820312499983,-1.86767578125,LEVEL,LEVEL,True,OK
1789616078.015304,-24.987799999999996,-28.832999999999995,-24.7681,45.488359120218874,0.2746582031249999,-1.856689453125,LEVEL,LEVEL,True,OK
1789616078.05536,-24.9268,-28.8818,-24.743699999999997,45.47256776530219,0.25268554687500006,-1.8347167968749998,LEVEL,LEVEL,True,OK
1789616078.0969307,-24.8047,-28.8818,-24.743699999999997,45.40575077035947,0.252685546875,-1.7962646484375,LEVEL,LEVEL,True,OK
1789616078.1374288,-24.987799999999996,-29.0039,-25.0977,45.77675075122742,0.25817871093749994,-1.8017578125000002,LEVEL,LEVEL,True,OK
1789616078.1754823,-24.7681,-29.0039,-24.853499999999997,45.52341655752564,0.25268554687500006,-1.7852783203125,LEVEL,LEVEL,True,OK
1789616078.215401,-24.7681,-28.8818,-24.719199999999997,45.37241449923069,0.23071289062500006,-1.7633056640625,LEVEL,LEVEL,True,OK
1789616078.2561336,-24.719199999999997,-28.979499999999998,-24.585,45.3351132555109,0.2362060546875,-1.7523193359374993,LEVEL,LEVEL,True,OK
1789616078.2965667,-24.8047,-29.1504,-24.9023,45.66337161817992,0.208740234375,-1.7138671875000004,LEVEL,LEVEL,True,OK
1789616078.3361375,-24.7681,-29.394499999999997,-25.0488,45.879601015048074,0.18127441406250017,-1.6699218750000004,LEVEL,LEVEL,True,OK
1789616078.3760371,-24.8169,-29.101599999999998,-24.865699999999997,45.61890709629068,0.17578124999999994,-1.6479492187499996,LEVEL,LEVEL,True,OK
1789616078.4159398,-25.0244,-28.8818,-25.146499999999996,45.7463160139699,0.1647949218749999,-1.6424560546875002,LEVEL,LEVEL,True,OK
1789616078.4561725,-24.8047,-29.0283,-24.6826,45.46587825765604,0.17028808593749997,-1.6424560546875004,LEVEL,LEVEL,True,OK
1789616078.4964786,-24.8169,-28.979499999999998,-24.8047,45.50783545665515,0.16479492187499997,-1.6369628906250004,LEVEL,LEVEL,True,OK
1789616078.5359485,-24.7803,-29.101599999999998,-24.8169,45.5724139832421,0.15380859375000014,-1.60400390625,LEVEL,LEVEL,True,OK
1789616078.5753398,-24.8047,-29.0283,-25.244099999999996,45.77313543761231,0.1373291015625001,-1.5820312499999998,LEVEL,LEVEL,True,OK
1789616078.616122,-24.707,-28.979499999999998,-24.7681,45.42803150985083,0.12634277343750006,-1.5600585937500002,LEVEL,LEVEL,True,OK
1789616078.6559927,-24.585,-29.0283,-24.4385,45.21398796987499,0.10437011718750003,-1.5380859374999998,LEVEL,LEVEL,True,OK
1789616078.6971486,-24.6948,-29.0039,-24.743699999999997,45.42367281429365,0.08239746093749999,-1.494140625,LEVEL,LEVEL,True,OK
1789616078.7360106,-24.7681,-29.0283,-25.2197,45.739854028953786,0.08789062500000006,-1.4776611328125002,LEVEL,LEVEL,True,OK
1789616078.7771912,-24.6826,-29.0283,-24.7681,45.445920842909544,0.08239746093749994,-1.4996337890625,LEVEL,LEVEL,True,OK
1789616078.8160458,-24.8047,-28.9551,-24.4263,45.280405141628314,0.08789062499999999,-1.494140625,LEVEL,LEVEL,True,OK
1789616078.856144,-24.7681,-29.0527,-24.8413,45.54786867231002,0.10437011718749994,-1.51611328125,LEVEL,LEVEL,True,OK
1789616078.8963325,-24.8047,-28.979499999999998,-25.292999999999996,45.76920811353414,0.11535644531250003,-1.549072265625,LEVEL,LEVEL,True,OK
1789616078.9359386,-24.8047,-29.0039,-24.853499999999997,45.54334001311278,0.09887695312499993,-1.5216064453124998,LEVEL,LEVEL,True,OK
1789616078.975238,-24.999999999999996,-28.9062,-24.877899999999997,45.60129720578132,0.09338378906249996,-1.5051269531250002,LEVEL,LEVEL,True,OK
1789616079.0151823,-24.743699999999997,-28.9551,-24.755899999999997,45.42579763207246,0.09338378906249994,-1.51611328125,LEVEL,LEVEL,True,OK
1789616079.056228,-24.597199999999997,-29.101599999999998,-24.8291,45.479771076930454,0.09887695312499997,-1.5216064453125,LEVEL,LEVEL,True,OK
1789616079.0958183,-24.6826,-29.0039,-24.743699999999997,45.41704137942057,0.07690429687500006,-1.4886474609374998,LEVEL,LEVEL,True,OK
1789616079.1352143,-24.6704,-29.0527,-24.7925,45.46818744682924,0.06591796875000008,-1.47216796875,LEVEL,LEVEL,True,OK
1789616079.1761293,-24.6704,-29.0039,-24.7681,45.42371218845946,0.05493164062499991,-1.4556884765625,LEVEL,LEVEL,True,OK
1789616079.2152789,-24.7925,-28.8818,-24.597199999999997,45.31940727028543,0.03295898437499996,-1.417236328125,LEVEL,LEVEL,True,OK
1789616079.2552123,-24.7803,-28.832999999999995,-24.585,45.275019404634165,4.971044520627548e-17,-1.373291015625,LEVEL,LEVEL,True,OK
1789616079.2967832,-24.7803,-28.8086,-24.585,45.259484387805394,-0.02197265624999999,-1.3513183593750002,LEVEL,LEVEL,True,OK
1789616079.3360958,-24.7925,-28.979499999999998,-24.7681,45.474589103256335,-0.016479492187500003,-1.3458251953124998,LEVEL,LEVEL,True,OK
1789616079.375433,-24.8047,-29.0039,-24.7803,45.50343531416062,0.005493164062499996,-1.38427734375,LEVEL,LEVEL,True,OK
1789616079.4152784,-24.9146,-28.9307,-24.8169,45.53681171601719,0.05493164062499997,-1.4447021484374998,LEVEL,LEVEL,True,OK
1789616079.4552646,-24.8169,-28.7842,-24.621599999999997,45.28390312031417,0.08789062500000004,-1.5051269531250002,LEVEL,LEVEL,True,OK
1789616079.4961922,-24.621599999999997,-28.7842,-24.475099999999998,45.097493014689846,0.0823974609375,-1.4996337890625002,LEVEL,LEVEL,True,OK
1789616079.5353093,-24.7681,-28.9551,-24.755899999999997,45.43909306346244,0.07141113281249997,-1.4556884765624998,LEVEL,LEVEL,True,OK
1789616079.575399,-24.9146,-28.9062,-24.999999999999996,45.62132934932958,0.06591796874999999,-1.4611816406249996,LEVEL,LEVEL,True,OK
1789616079.6160882,-24.755899999999997,-28.9062,-24.5605,45.29504546305258,0.06591796874999999,-1.4611816406249996,LEVEL,LEVEL,True,OK
1789616079.6562192,-24.597199999999997,-28.832999999999995,-24.206499999999995,44.970198788642236,0.06591796874999996,-1.4556884765624996,LEVEL,LEVEL,True,OK
1789616079.6970956,-24.7681,-28.7598,-24.5361,45.1951886472443,0.060424804687500056,-1.4611816406249996,LEVEL,LEVEL,True,OK
1789616079.7360425,-24.8413,-28.979499999999998,-25.1709,45.721721454359084,0.04943847656249995,-1.4447021484374998,LEVEL,LEVEL,True,OK
1789616079.7753193,-24.7681,-28.979499999999998,-24.7681,45.4612909569229,0.04394531249999992,-1.4172363281250004,LEVEL,LEVEL,True,OK
1789616079.8160443,-24.755899999999997,-28.8818,-24.5117,45.25302634012448,0.04394531250000005,-1.4282226562500004,LEVEL,LEVEL,True,OK
1789616079.8561888,-24.8413,-28.832999999999995,-24.6338,45.33493329795468,0.04394531249999992,-1.4392089843750002,LEVEL,LEVEL,True,OK
1789616079.8960989,-24.853499999999997,-28.7598,-24.597199999999997,45.275211828659614,0.04943847656249996,-1.4337158203124996,LEVEL,LEVEL,True,OK
1789616079.9351273,-24.8047,-28.9307,-24.719199999999997,45.42353347352009,0.05493164062500006,-1.4556884765624998,LEVEL,LEVEL,True,OK
1789616079.9755645,-24.7803,-28.8818,-24.5361,45.27959631600088,0.06591796874999999,-1.4721679687500002,LEVEL,LEVEL,True,OK
1789616080.0160658,-24.719199999999997,-28.9551,-24.8047,45.43907796973878,0.049438476562499924,-1.4556884765625002,LEVEL,LEVEL,True,OK
1789616080.0563104,-24.6948,-29.0283,-24.8169,45.47915867229736,0.027465820312500062,-1.4172363281250002,LEVEL,LEVEL,True,OK
1789616080.096533,-24.6704,-28.979499999999998,-24.719199999999997,45.381481961809044,0.01098632812500001,-1.3897705078124998,LEVEL,LEVEL,True,OK
1789616080.13829,-24.6826,-29.0527,-24.7681,45.46151006796849,0.016479492187499913,-1.4007568359375002,LEVEL,LEVEL,True,OK
1789616080.1772597,-24.6948,-29.0283,-24.9756,45.565951578892765,0.02746582031250007,-1.4062500000000004,LEVEL,LEVEL,True,OK
1789616080.217128,-24.719199999999997,-29.0039,-24.7925,45.46353615921225,0.021972656250000045,-1.4007568359375004,LEVEL,LEVEL,True,OK
1789616080.256157,-24.6948,-28.9551,-24.352999999999998,45.18074337646516,-4.971033118118525e-17,-1.3677978515625,LEVEL,LEVEL,True,OK
1789616080.296146,-24.8047,-28.9551,-24.7925,45.47899530937332,0.0,-1.3403320312499998,LEVEL,LEVEL,True,OK
1789616080.3360445,-24.8047,-29.0771,-25.268599999999996,45.81760614065296,0.0,-1.3513183593749998,LEVEL,LEVEL,True,OK
1789616080.3772168,-24.939,-28.9551,-24.8413,45.57896140435849,0.005493164062500051,-1.3568115234375002,LEVEL,LEVEL,True,OK
1789616080.4170566,-24.9023,-28.9062,-24.3896,45.282949681861496,-4.9709767917345497e-17,-1.3403320312499998,LEVEL,LEVEL,True,OK
1789616080.4570818,-24.8169,-28.979499999999998,-24.8047,45.50783545665515,-0.01098632812500002,-1.3183593750000002,LEVEL,LEVEL,True,OK
1789616080.496285,-24.621599999999997,-28.9551,-25.0977,45.546850032247015,-0.021972656250000007,-1.2908935546875002,LEVEL,LEVEL,True,OK
1789616080.5360794,-24.755899999999997,-29.0039,-24.7681,45.47020538363556,-0.010986328124999918,-1.2908935546875,LEVEL,LEVEL,True,OK
1789616080.5773396,-24.8169,-28.8818,-24.5605,45.31285752521022,-0.010986328125000033,-1.3018798828125002,LEVEL,LEVEL,True,OK
1789616080.6171718,-24.731399999999997,-28.9551,-24.7925,45.43905828931757,-0.016479492187500007,-1.29638671875,LEVEL,LEVEL,True,OK
1789616080.657085,-24.7681,-28.9551,-24.7803,45.452391155031656,-0.027465820312500007,-1.2854003906250002,LEVEL,LEVEL,True,OK
1789616080.6962874,-24.755899999999997,-28.9307,-24.719199999999997,45.396903373908664,-0.016479492187500007,-1.29638671875,LEVEL,LEVEL,True,OK
1789616080.7361403,-24.8047,-29.0039,-24.8047,45.5167276876315,0.005493164062499975,-1.3348388671874998,LEVEL,LEVEL,True,OK
1789616080.7791455,-24.9268,-28.9062,-24.7681,45.50134651073527,0.021972656250000028,-1.3623046875000002,LEVEL,LEVEL,True,OK
1789616080.817113,-24.8413,-28.979499999999998,-24.865699999999997,45.554414082830654,0.0439453125,-1.3842773437499998,LEVEL,LEVEL,True,OK
1789616080.8580704,-24.9023,-28.8086,-24.6704,45.372773944404145,0.05493164062500001,-1.4062499999999996,LEVEL,LEVEL,True,OK
1789616080.8984609,-24.9023,-28.735399999999995,-24.6338,45.3064218504397,0.054931640625,-1.4172363281250002,LEVEL,LEVEL,True,OK
1789616080.9375408,-24.6582,-28.9062,-24.743699999999997,45.34143706776396,0.049438476562499965,-1.4007568359374998,LEVEL,LEVEL,True,OK
1789616080.97805,-24.877899999999997,-28.9307,-24.9023,45.5633608965581,0.043945312499999965,-1.3952636718749998,LEVEL,LEVEL,True,OK
1789616081.0171359,-24.9512,-28.8818,-24.4385,45.320646894434326,0.010986328124999941,-1.3677978515625,LEVEL,LEVEL,True,OK
1789616081.0581899,-24.743699999999997,-28.9062,-24.646,45.33480345308668,0.005493164062500023,-1.3458251953125002,LEVEL,LEVEL,True,OK
1789616081.0989013,-24.5361,-28.832999999999995,-24.755899999999997,45.23512658344176,0.005493164062500051,-1.3568115234375004,LEVEL,LEVEL,True,OK
1789616081.1373131,-24.731399999999997,-28.9307,-24.646,45.343719129003965,0.027465820312500066,-1.3677978515624998,LEVEL,LEVEL,True,OK
1789616081.177283,-24.853499999999997,-28.9551,-24.9634,45.598965095931725,0.03845214843749997,-1.3897705078125004,LEVEL,LEVEL,True,OK
1789616081.2182763,-24.707,-29.0039,-24.8413,45.48353822978155,0.03845214843749999,-1.38427734375,LEVEL,LEVEL,True,OK
1789616081.2571542,-24.5361,-28.9062,-24.5117,45.148776711445905,0.032958984374999986,-1.3787841796874998,LEVEL,LEVEL,True,OK
1789616081.297334,-24.7925,-28.7842,-24.5728,45.24401314792931,0.032958984374999986,-1.3787841796874998,LEVEL,LEVEL,True,OK
1789616081.3372095,-24.7681,-28.9307,-24.731399999999997,45.41020068288622,0.049438476562499944,-1.3897705078125,LEVEL,LEVEL,True,OK
1789616081.378063,-24.853499999999997,-28.9551,-24.877899999999997,45.55221385037175,0.06591796874999997,-1.4117431640625002,LEVEL,LEVEL,True,OK
1789616081.4182887,-24.743699999999997,-29.0283,-24.877899999999997,45.539025011411916,0.07141113281249993,-1.4227294921874998,LEVEL,LEVEL,True,OK
1789616081.4571135,-24.755899999999997,-28.8818,-24.743699999999997,45.379110235217254,0.06042480468750001,-1.3952636718749996,LEVEL,LEVEL,True,OK
1789616081.49736,-24.743699999999997,-28.7842,-24.609399999999997,45.23719075815826,0.03845214843749999,-1.373291015625,LEVEL,LEVEL,True,OK
1789616081.5371642,-24.4507,-28.9062,-24.5117,45.102423059299156,0.04394531249999998,-1.3568115234375004,LEVEL,LEVEL,True,OK
1789616081.577261,-24.646,-29.0039,-24.9146,45.49053554718828,0.02746582031250001,-1.3458251953125,LEVEL,LEVEL,True,OK
1789616081.6171176,-24.5605,-29.0039,-24.8169,45.39077991255493,0.01647949218749995,-1.3073730468749998,LEVEL,LEVEL,True,OK
1789616081.657148,-24.5483,-29.0283,-24.7925,45.38644390156603,0.021972656250000073,-1.3018798828124998,LEVEL,LEVEL,True,OK
1789616081.697481,-24.4507,-29.0283,-24.3652,45.10146230910922,0.02197265624999999,-1.3128662109375002,LEVEL,LEVEL,True,OK
1789616081.7372813,-24.585,-29.0771,-24.987799999999996,45.54437526468005,0.016479492187500007,-1.2963867187499998,LEVEL,LEVEL,True,OK
1789616081.777144,-24.853499999999997,-28.9551,-24.9268,45.57893851879397,0.0,-1.2854003906249998,LEVEL,LEVEL,True,OK
1789616081.8171146,-24.609399999999997,-29.101599999999998,-24.877899999999997,45.51302669928687,-0.01098632812499998,-1.2579345703125,LEVEL,LEVEL,True,OK
1789616081.857096,-24.462899999999998,-29.101599999999998,-24.585,45.27426226864442,-0.016479492187499983,-1.241455078125,LEVEL,LEVEL,True,OK
1789616081.8986025,-24.6948,-28.979499999999998,-24.8047,45.441365619664204,0.0,-1.263427734375,LEVEL,LEVEL,True,OK
1789616081.9391098,-24.7681,-29.0039,-24.939,45.570151566787665,0.0,-1.285400390625,LEVEL,LEVEL,True,OK
1789616081.9791436,-24.621599999999997,-28.979499999999998,-24.7803,45.388301079683515,-0.005493164062499999,-1.263427734375,LEVEL,LEVEL,True,OK
1789616082.019153,-24.5483,-28.979499999999998,-24.3652,45.12309191733208,-0.016479492187500024,-1.2469482421874998,LEVEL,LEVEL,True,OK
1789616082.0591598,-24.5728,-29.0771,-24.8413,45.457567356161945,-0.005493164062500049,-1.263427734375,LEVEL,LEVEL,True,OK
1789616082.0994453,-24.609399999999997,-29.0283,-24.9756,45.51972500586971,0.010986328125000047,-1.2854003906249998,LEVEL,LEVEL,True,OK
1789616082.1390479,-24.5361,-29.0771,-24.8047,45.417739812874885,0.021972656249999972,-1.3018798828125,LEVEL,LEVEL,True,OK
1789616082.1791277,-24.5605,-29.0283,-24.743699999999997,45.36640883770722,0.005493164062500088,-1.2908935546875002,LEVEL,LEVEL,True,OK
1789616082.219167,-24.5605,-29.0039,-24.8169,45.39077991255493,0.0,-1.263427734375,LEVEL,LEVEL,True,OK
1789616082.259079,-24.597199999999997,-29.0283,-24.8413,45.43957123939441,0.0,-1.2744140625,LEVEL,LEVEL,True,OK
1789616082.3006458,-24.5728,-28.979499999999998,-24.646,45.28862148586552,4.9708251613681874e-17,-1.263427734375,LEFT_SIDE,LEVEL,True,OK
1789616082.3411636,-24.6704,-29.0771,-24.8413,45.51040063831563,4.9708146736577306e-17,-1.2579345703125,LEFT_SIDE,LEVEL,True,OK
1789616082.3820775,-24.6582,-29.0039,-24.8413,45.45704816791341,4.9708146736577306e-17,-1.2579345703125,LEFT_SIDE,LEVEL,True,OK
1789616082.4212272,-24.646,-29.0283,-24.8413,45.46600601086487,4.9708251613681874e-17,-1.263427734375,LEFT_SIDE,LEVEL,True,OK
1789616082.4610662,-24.6582,-28.8818,-24.5117,45.199653044796705,0.0,-1.2469482421875002,LEFT_SIDE,LEVEL,True,OK
1789616082.5015838,-24.646,-28.8086,-24.5483,45.16613535437806,0.005493164062500011,-1.2689208984375002,LEFT_SIDE,LEVEL,True,OK
1789616082.5410864,-24.6704,-28.9307,-25.0977,45.557749987680474,0.005493164062500011,-1.2689208984375002,LEFT_SIDE,LEVEL,True,OK
1789616082.581056,-24.5361,-28.979499999999998,-24.743699999999997,45.321984876547496,4.970804231681996e-17,-1.2524414062500002,LEFT_SIDE,LEVEL,True,OK
1789616082.621164,-24.5728,-28.9551,-24.340799999999998,45.10759204934354,4.9708146736577306e-17,-1.2579345703125,LEFT_SIDE,LEVEL,True,OK
1789616082.6610837,-24.462899999999998,-29.0039,-24.609399999999997,45.224796958969314,-0.005493164062500129,-1.25244140625,LEFT_SIDE,LEVEL,True,OK
1789616082.701833,-24.487299999999998,-28.8818,-24.9512,45.34698020783743,-0.005493164062500087,-1.2469482421875004,LEFT_SIDE,LEVEL,True,OK
1789616082.741081,-24.609399999999997,-28.9551,-24.6948,45.31946084641785,-0.005493164062500018,-1.2579345703125,LEFT_SIDE,LEVEL,True,OK
1789616082.7812023,-24.7925,-29.0039,-24.5483,45.370842006182784,-0.010986328124999957,-1.241455078125,LEFT_SIDE,LEVEL,True,OK
1789616082.8211918,-24.646,-29.125999999999998,-24.9023,45.56175739905124,0.00549316406249995,-1.2634277343750004,LEFT_SIDE,LEVEL,True,OK
1789616082.8610864,-24.6704,-29.0039,-24.8413,45.463667219660145,0.016479492187500056,-1.2963867187500002,LEFT_SIDE,LEVEL,True,OK
1789616082.902055,-24.646,-28.9062,-24.755899999999997,45.34146335585123,0.01098632812499997,-1.2744140624999998,LEFT_SIDE,LEVEL,True,OK
1789616082.9410846,-24.6826,-28.8818,-24.6582,45.292559446778895,0.010986328125000024,-1.2799072265625,LEFT_SIDE,LEVEL,True,OK
1789616082.9809756,-24.621599999999997,-29.0771,-24.8413,45.48396548960964,0.0,-1.2689208984375,LEFT_SIDE,LEVEL,True,OK
1789616083.0211236,-24.5728,-29.0771,-24.8413,45.457567356161945,0.00549316406249995,-1.2634277343750004,LEFT_SIDE,LEVEL,True,OK
1789616083.0610654,-24.487299999999998,-29.0527,-24.731399999999997,45.335740696938,0.021972656250000007,-1.2908935546875007,LEFT_SIDE,LEVEL,True,OK
1789616083.1012928,-24.5728,-28.8818,-24.597199999999997,45.19959202161011,0.027465820312499972,-1.2963867187500004,LEFT_SIDE,LEVEL,True,OK
1789616083.140975,-24.5483,-28.9551,-24.621599999999997,45.24643671561331,0.027465820312500056,-1.2854003906250002,LEFT_SIDE,LEVEL,True,OK
1789616083.1809583,-24.5239,-29.0771,-24.7925,45.40448735389488,0.02746582031250004,-1.2908935546875002,LEFT_SIDE,LEVEL,True,OK
1789616083.220976,-24.8047,-29.0039,-24.9023,45.56998905628572,0.02746582031250004,-1.2908935546875002,LEFT_SIDE,LEVEL,True,OK
1789616083.2621784,-24.5483,-29.0527,-24.6948,45.34877679960067,0.005493164062499958,-1.2799072265625002,LEFT_SIDE,LEVEL,True,OK
1789616083.3023553,-24.4385,-29.0771,-25.0732,45.51245307495521,9.941566969865565e-17,-1.2414550781250002,LEFT_SIDE,LEVEL,True,OK
1789616083.3430164,-24.6582,-29.101599999999998,-24.8413,45.51944788208662,-0.016479492187500066,-1.2359619140625,LEFT_SIDE,LEVEL,True,OK
1789616083.3829703,-24.8169,-28.979499999999998,-25.1709,45.708469156929766,-0.016479492187500014,-1.219482421875,LEFT_SIDE,LEVEL,True,OK
1789616083.4230278,-24.609399999999997,-29.0283,-24.8413,45.44617646117218,-0.010986328125000036,-1.2249755859375,LEFT_SIDE,LEVEL,True,OK
1789616083.4631085,-24.475099999999998,-29.0771,-24.5728,45.258488311696844,-0.010986328124999977,-1.23046875,LEFT_SIDE,LEVEL,True,OK
1789616083.50316,-24.609399999999997,-28.979499999999998,-24.7681,45.37502359470461,-0.016479492187500014,-1.219482421875,LEFT_SIDE,LEVEL,True,OK
1789616083.543109,-24.7925,-29.0283,-25.0244,45.645710121543736,-0.03295898437500002,-1.2030029296875,LEFT_SIDE,LEVEL,True,OK
1789616083.5829782,-24.5483,-29.0283,-24.755899999999997,45.3664613849262,-0.05493164062500004,-1.1755371093749998,LEFT_SIDE,LEVEL,True,OK
1789616083.6231189,-24.487299999999998,-29.0283,-24.731399999999997,45.32010820971194,-0.049438476562499986,-1.1700439453125,LEFT_SIDE,LEVEL,True,OK
1789616083.6630435,-24.4385,-29.0527,-24.6704,45.27613384223525,-0.043945312499999965,-1.197509765625,LEFT_SIDE,LEVEL,True,OK
1789616083.7042582,-24.585,-29.0039,-24.731399999999997,45.35736529131735,-0.03845214843750005,-1.1920166015625002,LEFT_SIDE,LEVEL,True,OK
1789616083.7430646,-24.5728,-29.0771,-24.8169,45.44423802705905,-0.03845214843750005,-1.1920166015625002,LEFT_SIDE,LEVEL,True,OK
1789616083.7830496,-24.609399999999997,-29.0039,-24.7681,45.390610936404016,-0.027465820312500014,-1.197509765625,LEFT_SIDE,LEVEL,True,OK
1789616083.824186,-24.646,-29.0527,-24.853499999999997,45.48825294007234,-0.03295898437500009,-1.1920166015625002,LEFT_SIDE,LEVEL,True,OK
1789616083.8630776,-24.6338,-29.0527,-24.646,45.3685882051668,-0.03845214843749991,-1.1810302734375002,LEFT_SIDE,LEVEL,True,OK
1789616083.9036252,-24.6704,-28.979499999999998,-24.7681,45.40813620949444,-0.043945312500000014,-1.1865234374999998,LEFT_SIDE,LEVEL,True,OK
1789616083.9430048,-24.646,-29.0771,-24.8047,45.47720530661488,-0.05493164062500005,-1.16455078125,LEFT_SIDE,LEVEL,True,OK
1789616083.9830563,-24.6948,-28.979499999999998,-25.1953,45.6557522047332,-0.04394531250000001,-1.1700439453125004,LEFT_SIDE,LEVEL,True,OK
1789616084.0241947,-24.609399999999997,-29.0771,-24.646,45.3709778247064,-0.0384521484375,-1.1865234375,LEFT_SIDE,LEVEL,True,OK
1789616084.0640924,-24.3652,-29.125999999999998,-24.5117,45.19745882159748,-0.05493164062500003,-1.153564453125,LEFT_SIDE,LEVEL,True,OK
1789616084.1058102,-24.5483,-28.857399999999995,-24.5117,45.1241842534577,-0.06591796875000006,-1.1425781250000004,LEFT_SIDE,LEVEL,True,OK
1789616084.1440766,-24.6948,-28.8818,-24.939,45.45267032067533,-0.060424804687499965,-1.153564453125,LEFT_SIDE,LEVEL,True,OK
1789616084.184982,-24.5361,-29.0039,-24.6826,45.30427310066899,-0.07141113281250011,-1.142578125,LEFT_SIDE,LEVEL,True,OK
1789616084.2252243,-24.5605,-29.0527,-24.3774,45.1833505652248,-0.06591796874999996,-1.131591796875,LEFT_SIDE,LEVEL,True,OK
1789616084.2651267,-24.609399999999997,-28.979499999999998,-24.707,45.34170086807507,-0.06042480468750003,-1.1480712890624998,LEFT_SIDE,LEVEL,True,OK
1789616084.305209,-24.6704,-28.8818,-24.999999999999996,45.47292609234642,-0.06042480468750004,-1.142578125,LEFT_SIDE,LEVEL,True,OK
1789616084.3451025,-24.6582,-28.9062,-24.609399999999997,45.26828684675398,-0.07141113281249994,-1.1260986328125002,LEFT_SIDE,LEVEL,True,OK
1789616084.3849914,-24.646,-28.9551,-24.6948,45.339345816299556,-0.07690429687499997,-1.1151123046875,LEFT_SIDE,LEVEL,True,OK
1789616084.4252994,-24.609399999999997,-29.0527,-24.646,45.35534435598522,-0.087890625,-1.109619140625,LEFT_SIDE,LEVEL,True,OK
1789616084.4650967,-24.609399999999997,-28.9307,-24.719199999999997,45.31718018025835,-0.08239746093750001,-1.0931396484375004,LEFT_SIDE,LEVEL,True,OK
1789616084.5061245,-24.585,-28.832999999999995,-24.5361,45.141824478082405,-0.0823974609375,-1.1041259765625002,LEFT_SIDE,LEVEL,True,OK
1789616084.5462809,-24.5483,-28.9307,-24.5728,45.204280054216106,-0.0823974609375,-1.1041259765625002,LEFT_SIDE,LEVEL,True,OK
1789616084.585968,-24.5117,-28.9062,-24.6582,45.21524812018618,-0.07690429687500001,-1.0931396484375,LEFT_SIDE,LEVEL,True,OK
1789616084.6261458,-24.5483,-29.0771,-24.6338,45.331235144654954,-0.0823974609375,-1.1041259765625002,LEFT_SIDE,LEVEL,True,OK
1789616084.6661549,-24.4995,-29.0771,-24.6826,45.33137972111592,-0.07690429687499996,-1.1041259765624996,LEFT_SIDE,LEVEL,True,OK
1789616084.7061732,-24.5605,-28.857399999999995,-24.5605,45.157345529382034,-0.07690429687500007,-1.109619140625,LEFT_SIDE,LEVEL,True,OK
1789616084.7471492,-24.4263,-29.0039,-24.9634,45.3986969687457,-0.07141113281250004,-1.109619140625,LEFT_SIDE,LEVEL,True,OK
1789616084.7870321,-24.6704,-28.9551,-24.731399999999997,45.37255335695799,-0.06591796874999996,-1.1151123046874998,LEFT_SIDE,LEVEL,True,OK
1789616084.8290818,-24.621599999999997,-29.0283,-24.4263,45.22730943954106,-0.06042480468750003,-1.12060546875,LEFT_SIDE,LEVEL,True,OK
1789616084.8680897,-24.646,-29.0527,-24.8413,45.48158835155167,-0.06042480468749999,-1.1151123046874996,LEFT_SIDE,LEVEL,True,OK
1789616084.9082146,-24.3774,-29.0771,-24.8291,45.34555746685667,-0.06042480468750003,-1.12060546875,LEFT_SIDE,LEVEL,True,OK
1789616084.9480946,-24.5728,-29.125999999999998,-24.8291,45.48220072346984,-0.054931640624999965,-1.12060546875,LEFT_SIDE,LEVEL,True,OK
1789616084.988045,-24.755899999999997,-29.0039,-24.6826,45.423689224676586,-0.05493164062500002,-1.1260986328125,LEFT_SIDE,LEVEL,True,OK
1789616085.0291796,-24.5483,-29.101599999999998,-24.8413,45.460008151561084,-0.04394531250000004,-1.1315917968749998,LEFT_SIDE,LEVEL,True,OK
1789616085.0681353,-24.292,-29.125999999999998,-24.9756,45.41151544883742,-0.03845214843749999,-1.1425781250000002,LEFT_SIDE,LEVEL,True,OK
1789616085.1082234,-24.487299999999998,-29.0771,-24.7925,45.38472939161365,-0.04394531250000001,-1.1370849609375002,LEFT_SIDE,LEVEL,True,OK
1789616085.1481478,-24.5239,-29.1504,-24.8169,45.464777762351375,-0.05493164062499991,-1.1315917968749998,LEFT_SIDE,LEVEL,True,OK
1789616085.1881707,-24.5728,-29.101599999999998,-24.731399999999997,45.41329946568516,-0.038452148437500035,-1.1315917968749996,LEFT_SIDE,LEVEL,True,OK
1789616085.2288058,-24.3042,-29.1992,-24.719199999999997,45.32467613695656,-0.027465820312500056,-1.1645507812500002,LEFT_SIDE,LEVEL,True,OK
1789616085.2690916,-24.5728,-29.0527,-24.8169,45.42862976956272,-0.010986328125000003,-1.1700439453124998,LEFT_SIDE,LEVEL,True,OK
1789616085.3081477,-24.5728,-29.0527,-24.8047,45.421966263251974,-0.010986328125000082,-1.1590576171874998,LEFT_SIDE,LEVEL,True,OK
1789616085.348082,-24.5605,-29.1504,-24.8413,45.497847928226236,-0.0274658203125,-1.1480712890625,LEFT_SIDE,LEVEL,True,OK
1789616085.3880966,-24.609399999999997,-29.0527,-24.877899999999997,45.48177496602347,-0.04943847656249996,-1.0986328124999998,LEFT_SIDE,LEVEL,True,OK
1789616085.4289546,-24.475099999999998,-29.125999999999998,-24.865699999999997,45.449504205216584,-0.06042480468750004,-1.0601806640624998,LEFT_SIDE,LEVEL,True,OK
1789616085.4680922,-24.4141,-29.101599999999998,-24.8047,45.367659664787645,-0.08239746093750008,-1.0327148437499998,LEFT_SIDE,LEVEL,True,OK
1789616085.5087345,-24.1333,-29.125999999999998,-24.621599999999997,45.13272904943817,-0.08789062500000001,-0.9942626953125002,LEFT_SIDE,LEVEL,True,OK
1789616085.5490959,-24.3042,-29.1992,-24.7925,45.364694141259235,-0.08789062500000001,-0.9997558593749998,LEFT_SIDE,LEVEL,True,OK
1789616085.5880885,-24.462899999999998,-29.101599999999998,-24.8291,45.407277013492006,-0.06042480468750008,-1.0162353515625,LEFT_SIDE,LEVEL,True,OK
1789616085.634321,-24.2676,-29.1748,-24.8291,45.34941644178016,-0.0439453125,-1.0437011718749998,LEFT_SIDE,LEVEL,True,OK
1789616085.668075,-24.1699,-29.1504,-24.340799999999998,45.01560208205595,-0.054931640624999986,-1.0382080078125,LEFT_SIDE,LEVEL,True,OK
1789616085.7082555,-24.3042,-28.9551,-24.5605,45.081150316956204,-0.07690429687500006,-1.0052490234374998,LEFT_SIDE,LEVEL,True,OK
1789616085.7480893,-24.4019,-29.0527,-25.0732,45.47721912276519,-0.09338378906250001,-0.9777832031250001,LEFT_SIDE,LEVEL,True,OK
1789616085.789096,-24.4385,-29.0039,-24.6704,45.24483543588152,-0.1153564453125,-0.9448242187499998,LEFT_SIDE,LEVEL,True,OK
1789616085.8294754,-24.1211,-29.223599999999998,-24.5239,45.13610454370204,-0.12084960937500004,-0.9228515624999997,LEFT_SIDE,LEVEL,True,OK
1789616085.869141,-24.340799999999998,-29.125999999999998,-24.7925,45.33725263941343,-0.12084960937500008,-0.9228515624999999,LEFT_SIDE,LEVEL,True,OK
1789616085.909154,-24.340799999999998,-28.9307,-24.597199999999997,45.105234673705,-0.12084960937499996,-0.9173583984375001,LEFT_SIDE,LEVEL,True,OK
1789616085.9502237,-24.328599999999998,-29.0039,-24.731399999999997,45.21890245384114,-0.11535644531250003,-0.9063720703125003,LEFT_SIDE,LEVEL,True,OK
1789616085.9901235,-24.1089,-29.0771,-24.2432,44.882619685798204,-0.12634277343750003,-0.9063720703125001,LEFT_SIDE,LEVEL,True,OK
1789616086.0313423,-24.072299999999995,-29.247999999999998,-24.8047,45.27907103044407,-0.12634277343749997,-0.8734130859375001,LEFT_SIDE,LEVEL,True,OK
1789616086.070155,-23.9746,-29.2969,-24.8047,45.25884374196937,-0.14282226562500008,-0.8404541015624999,LEFT_SIDE,LEVEL,True,OK
1789616086.1108968,-23.8892,-29.247999999999998,-24.646,45.09506288542017,-0.14282226562500006,-0.8129882812500002,LEFT_SIDE,LEVEL,True,OK
1789616086.1501625,-23.7915,-29.272499999999997,-24.7803,45.13289262378382,-0.14282226562500003,-0.7855224609375,LEFT_SIDE,LEVEL,True,OK
1789616086.1902516,-23.657199999999996,-29.370099999999997,-24.6826,45.072126959019805,-0.1702880859375,-0.736083984375,LEFT_SIDE,LEVEL,True,OK
1789616086.2355595,-23.559599999999996,-29.541,-24.939,45.2733824024669,-0.186767578125,-0.6481933593750001,LEFT_SIDE,LEVEL,True,OK
1789616086.270171,-23.5107,-29.492199999999997,-24.8169,45.14888039519917,-0.22521972656249994,-0.6152343749999998,LEFT_SIDE,LEVEL,True,OK
1789616086.3101277,-23.4497,-29.4189,-24.6704,44.98876241307378,-0.26367187499999994,-0.54931640625,LEFT_SIDE,LEVEL,True,OK
1789616086.350147,-23.266599999999997,-29.4678,-24.731399999999997,44.95918213624442,-0.2581787109375,-0.52734375,LEFT_SIDE,LEVEL,True,OK
1789616086.3901668,-23.3032,-29.370099999999997,-24.621599999999997,44.85381913293448,-0.25817871093750006,-0.54931640625,LEFT_SIDE,LEVEL,True,OK
1789616086.4333007,-23.2544,-29.5898,-24.7925,45.066522382473664,-0.24719238281250006,-0.5438232421874999,LEFT_SIDE,LEVEL,True,OK
1789616086.47123,-23.23,-29.5654,-24.7925,45.03791550915739,-0.24719238281249992,-0.54931640625,LEFT_SIDE,LEVEL,True,OK
1789616086.511175,-23.010299999999997,-29.5898,-24.462899999999998,44.76006754396155,-0.21972656250000006,-0.5712890625,LEFT_SIDE,LEVEL,True,OK
1789616086.551156,-23.2056,-29.638699999999996,-24.987799999999996,45.181219083707774,-0.20324707031249997,-0.6152343749999999,LEFT_SIDE,LEVEL,True,OK
1789616086.5911942,-23.4375,-29.541,-24.8047,45.136019201298645,-0.21972656249999994,-0.5932617187500001,LEFT_SIDE,LEVEL,True,OK
1789616086.6347415,-23.2178,-29.6875,-24.853499999999997,45.145435598075686,-0.25268554687499994,-0.54931640625,LEFT_SIDE,LEVEL,True,OK
1789616086.672124,-23.022499999999997,-29.6875,-24.6704,44.94454136666654,-0.26367187499999994,-0.516357421875,LEFT_SIDE,LEVEL,True,OK
1789616086.712137,-23.290999999999997,-29.638699999999996,-24.8047,45.12423252289173,-0.28564453125000006,-0.47790527343750006,LEFT_SIDE,LEVEL,True,OK
1789616086.7521892,-23.413099999999996,-29.638699999999996,-24.8901,45.23431073101479,-0.340576171875,-0.3900146484375,LEFT_SIDE,LEVEL,True,OK
1789616086.7920845,-23.3032,-29.663099999999996,-24.8047,45.14655882722403,-0.40100097656250006,-0.263671875,LEFT_SIDE,LEVEL,True,OK
1789616086.8322356,-23.132299999999997,-29.663099999999996,-24.4385,44.85803258224774,-0.44494628906250006,-0.19775390625,LEFT_SIDE,LEVEL,True,OK
1789616086.8722758,-23.266599999999997,-29.5654,-24.755899999999997,45.036675471553174,-0.43395996093749994,-0.2032470703125,LEFT_SIDE,LEVEL,True,OK
1789616086.9121659,-23.2422,-29.541,-24.755899999999997,45.00805624163301,-0.4119873046875,-0.24169921874999997,LEFT_SIDE,LEVEL,True,OK
1789616086.9520848,-23.290999999999997,-29.6143,-24.8901,45.15522697872307,-0.39001464843750006,-0.274658203125,LEFT_SIDE,LEVEL,True,OK
1789616086.9921963,-23.2056,-29.541,-24.743699999999997,44.98245482463135,-0.384521484375,-0.27465820312500006,LEFT_SIDE,LEVEL,True,OK
1789616087.0340974,-23.2178,-29.6143,-24.8047,45.07045754615766,-0.3790283203125001,-0.29113769531250006,LEFT_SIDE,LEVEL,True,OK
1789616087.0730906,-23.2422,-29.6143,-24.865699999999997,45.11662289910449,-0.36254882812499994,-0.2911376953125,LEFT_SIDE,LEVEL,True,OK
1789616087.1130657,-23.144499999999997,-29.5898,-24.4385,44.81589479793971,-0.3460693359375001,-0.31860351562500006,LEFT_SIDE,LEVEL,True,OK
1789616087.153073,-23.3276,-29.7119,-25.0244,45.31218951595696,-0.33508300781249994,-0.32409667968749994,LEFT_SIDE,LEVEL,True,OK
1789616087.1930203,-23.3887,-29.6875,-24.9268,45.27388101521671,-0.31860351562500006,-0.33508300781249994,LEFT_SIDE,LEVEL,True,OK
1789616087.2363849,-23.425299999999996,-29.663099999999996,-24.9146,45.27009470787531,-0.32409667968750006,-0.33508300781249994,LEFT_SIDE,LEVEL,True,OK
1789616087.2741365,-23.4863,-29.6875,-24.4385,45.057676662140494,-0.3515625,-0.28564453125,LEFT_SIDE,LEVEL,True,OK
1789616087.3140225,-23.3643,-29.5654,-24.865699999999997,45.14760711422035,-0.42297363281250006,-0.18127441406250006,LEFT_SIDE,LEVEL,True,OK
1789616087.3541167,-23.5107,-29.541,-25.0244,45.2950802058016,-0.5657958984375,0.05493164062499999,LEFT_SIDE,LEVEL,True,OK
1789616087.3943503,-23.2544,-29.516599999999997,-24.585,44.90455455652578,-0.823974609375,0.4888916015625001,LEFT_SIDE,LEVEL,True,OK
1789616087.4371636,-23.022499999999997,-29.809599999999996,-24.3164,44.8322993763425,-1.07666015625,0.9338378906250002,LEFT_SIDE,LEVEL,True,OK
1789616087.4751813,-23.010299999999997,-29.785199999999996,-24.743699999999997,45.043120837925954,-1.1920166015625002,1.153564453125,LEFT_SIDE,LEVEL,True,OK
1789616087.5152757,-23.034699999999997,-29.809599999999996,-24.6826,45.03821043303119,-1.2030029296875,1.1590576171875,LEFT_SIDE,LEVEL,True,OK
1789616087.555205,-22.9614,-29.7119,-24.462899999999998,44.81580489046247,-1.1810302734374998,1.1975097656249998,LEFT_SIDE,LEVEL,True,OK
1789616087.5951965,-23.1079,-29.6143,-24.072299999999995,44.614542855329134,-1.2030029296875,1.2194824218750004,LEFT_SIDE,LEVEL,True,OK
1789616087.6352136,-22.997999999999998,-29.8584,-24.755899999999997,45.09197976769261,-1.1700439453125002,1.2579345703125002,LEFT_SIDE,LEVEL,True,OK
1789616087.6752746,-23.0469,-29.809599999999996,-24.719199999999997,45.06451708839228,-1.1151123046875,1.2469482421875004,LEFT_SIDE,LEVEL,True,OK
1789616087.7153835,-23.0835,-29.6875,-24.8169,45.05634421599249,-1.0931396484375004,1.2689208984375,LEFT_SIDE,LEVEL,True,OK
1789616087.755357,-23.23,-29.5898,-24.5483,44.920020001442566,-1.1151123046874998,1.318359375,LEFT_SIDE,LEVEL,True,OK
1789616087.7952483,-23.278799999999997,-29.492199999999997,-24.5483,44.881080904652904,-1.1755371093749998,1.3897705078125,LEFT_SIDE,LEVEL,True,OK
1789616087.836315,-23.3398,-29.7363,-24.743699999999997,45.18013381365753,-1.307373046875,1.5435791015625,LEFT_SIDE,LEVEL,True,OK
1789616087.8753557,-23.2544,-29.7119,-24.4263,44.94672682921416,-1.4501953125,1.7468261718750002,LEFT_SIDE,LEVEL,True,OK
1789616087.9152102,-23.1934,-29.663099999999996,-24.4263,44.882930350635526,-1.5545654296875002,1.8676757812500004,LEFT_SIDE,LEVEL,True,OK
1789616087.9556618,-23.1934,-29.638699999999996,-24.8413,45.09408527667458,-1.669921875,1.9885253906250004,LEFT_SIDE,LEVEL,True,OK
1789616087.995244,-23.0713,-29.638699999999996,-24.292,44.73073535478709,-1.7193603515625002,2.0928955078125004,LEFT_SIDE,LEVEL,True,OK
1789616088.0361743,-23.290999999999997,-29.8584,-24.3774,45.036122860654864,-1.6094970703125,2.0104980468749996,LEFT_SIDE,LEVEL,True,OK
1789616088.0754316,-22.9858,-29.907199999999996,-24.5361,44.99786457922198,-1.4776611328125,1.8841552734374998,LEFT_SIDE,LEVEL,True,OK
1789616088.1154103,-23.010299999999997,-29.8828,-25.0244,45.2623048163701,-1.373291015625,1.845703125,LEFT_SIDE,LEVEL,True,OK
1789616088.1552463,-23.1689,-29.7363,-24.6948,45.06527057435692,-1.2634277343750004,1.7413330078124996,LEFT_SIDE,LEVEL,True,OK
1789616088.196194,-23.3887,-29.6143,-24.4507,44.96526195486912,-1.2469482421875004,1.7028808593750002,LEFT_SIDE,LEVEL,True,OK
1789616088.238217,-23.1812,-29.760699999999996,-24.585,45.02765286943124,-1.3787841796875,1.8182373046875004,LEFT_SIDE,LEVEL,True,OK
1789616088.2771864,-23.1934,-29.7363,-25.0488,45.27277021223685,-1.483154296875,1.9775390625,LEFT_SIDE,LEVEL,True,OK
1789616088.3171346,-23.2178,-29.760699999999996,-24.6704,45.09317173907819,-1.4392089843749998,1.9281005859375004,LEFT_SIDE,LEVEL,True,OK
1789616088.357254,-23.23,-29.785199999999996,-24.6338,45.09562219861258,-1.5270996093749998,1.9610595703124996,LEFT_SIDE,LEVEL,True,OK
1789616088.3971698,-23.156699999999997,-29.785199999999996,-24.585,45.03124602906297,-1.6754150390624996,2.1752929687499996,LEFT_SIDE,LEVEL,True,OK
1789616088.4381204,-22.9858,-29.8828,-24.609399999999997,45.021675955477264,-1.7083740234375004,2.2027587890625004,LEFT_SIDE,LEVEL,True,OK
1789616088.477249,-23.0713,-29.760699999999996,-24.5117,44.93114270825971,-1.6534423828125,2.1588134765625004,LEFT_SIDE,LEVEL,True,OK
1789616088.517341,-23.0713,-29.809599999999996,-24.5117,44.96354715477861,-1.6699218750000004,2.17529296875,LEFT_SIDE,LEVEL,True,OK
1789616088.558209,-23.0469,-29.8584,-24.5239,44.99005802819107,-1.6973876953124998,2.2027587890625004,LEFT_SIDE,LEVEL,True,OK
1789616088.598089,-23.010299999999997,-29.785199999999996,-24.5117,44.91609379743523,-1.680908203125,2.1972656250000004,LEFT_SIDE,LEVEL,True,OK
1789616088.6381202,-23.1689,-29.809599999999996,-24.475099999999998,44.99378511950289,-1.680908203125,2.1972656250000004,LEFT_SIDE,LEVEL,True,OK
1789616088.6781902,-23.1079,-29.809599999999996,-24.5483,45.00229246893984,-1.6918945312500002,2.213745117187501,LEFT_SIDE,LEVEL,True,OK
1789616088.7180805,-22.9126,-29.8584,-24.9023,45.129101859110826,-1.69189453125,2.2082519531250004,LEFT_SIDE,LEVEL,True,OK
1789616088.7582066,-23.156699999999997,-29.8828,-24.5605,45.08250936871194,-1.7138671875,2.2082519531250004,LEFT_SIDE,LEVEL,True,OK
1789616088.7990797,-23.3521,-29.760699999999996,-24.3896,45.00969259015218,-1.702880859375,2.2412109375,LEFT_SIDE,LEVEL,True,OK
1789616088.8381066,-23.156699999999997,-29.834,-24.4385,44.98378144553879,-1.7028808593749998,2.21923828125,LEFT_SIDE,LEVEL,True,OK
1789616088.8782358,-22.937,-29.809599999999996,-24.646,44.96825032353382,-1.6864013671874996,2.252197265625,LEFT_SIDE,LEVEL,True,OK
1789616088.9181025,-23.0591,-29.809599999999996,-24.5483,44.977254005330295,-1.7578124999999996,2.4554443359375004,LEFT_SIDE,LEVEL,True,OK
1789616088.9583187,-22.997999999999998,-29.638699999999996,-24.6948,44.91317945469904,-1.3018798828125002,2.1697998046875,LEFT_SIDE,LEVEL,True,OK
1789616088.9981692,-22.509799999999995,-29.5898,-24.853499999999997,44.72073146014049,-0.17028808593749997,1.4831542968750002,LEFT_SIDE,LEVEL,True,OK
1789616089.0381565,-22.0459,-29.541,-25.683599999999995,44.92593568051755,1.2469482421875004,0.8404541015624998,LEFT_SIDE,LEVEL,True,OK
1789616089.0792315,-21.7773,-29.247999999999998,-26.440399999999997,45.04210309754641,2.647705078125,0.34606933593749994,LEFT_SIDE,LEVEL,True,OK
1789616089.11926,-21.2036,-28.8818,-27.0264,44.87958690941796,4.010009765625,-0.08239746093750035,LEFT_SIDE,LEVEL,True,OK
1789616089.1594954,-20.7031,-28.6377,-27.4658,44.75607646498965,5.240478515625,-0.35705566406250006,LEFT_SIDE,LEVEL,True,OK
1789616089.1991467,-19.8853,-28.418,-27.8564,44.48580561313912,6.212768554687502,-0.4284667968750001,LEFT_SIDE,LEVEL,True,OK
1789616089.2391105,-19.189499999999995,-28.5156,-28.5645,44.69124090758724,6.701660156249999,-0.45593261718749983,LEFT_SIDE,LEVEL,True,OK
1789616089.2812312,-18.4448,-28.466799999999996,-28.8086,44.50286264095828,7.130126953125,-0.5493164062500002,LEFT_SIDE,LEVEL,True,OK
1789616089.320144,-17.9199,-28.54,-28.979499999999998,44.446212844965764,7.608032226562502,-1.131591796875,LEFT_SIDE,LEVEL,True,OK
1789616089.3603375,-17.5293,-28.2227,-29.101599999999998,44.166732688076436,8.294677734374998,-1.8457031249999993,LEFT_SIDE,LEVEL,True,OK
1789616089.40014,-17.2974,-28.027299999999997,-29.492199999999997,44.209947442741885,8.712158203125004,-1.9995117187499996,LEFT_SIDE,LEVEL,True,OK
1789616089.4400852,-16.8091,-28.1494,-29.7363,44.26264904928308,8.800048828124998,-2.2357177734374996,LEFT_SIDE,LEVEL,True,OK
1789616089.4801455,-16.272,-28.198199999999996,-29.5654,43.977600484792255,8.98681640625,-2.246704101562501,LEFT_SIDE,LEVEL,True,OK
1789616089.520232,-16.1865,-28.198199999999996,-29.8828,44.16019702548891,9.20654296875,-2.482910156249999,LEFT_SIDE,LEVEL,True,OK
1789616089.5604365,-15.808099999999998,-27.832,-30.2734,44.056724766714105,9.503173828124998,-2.5543212890625,LEFT_SIDE,LEVEL,True,OK
1789616089.6002169,-15.685999999999998,-27.929699999999997,-29.8828,43.80753900791506,9.898681640625004,-2.7355957031249996,LEFT_SIDE,LEVEL,True,OK
1789616089.6401544,-15.2466,-27.905299999999997,-30.1025,43.78727082041081,10.398559570312502,-3.043212890625,LEFT_SIDE,LEVEL,True,OK
1789616089.6801703,-15.1855,-27.6123,-30.810499999999998,44.07182128968577,11.156616210937496,-3.2849121093749996,LEFT_SIDE,LEVEL,True,OK
1789616089.7201586,-15.0513,-27.270499999999995,-31.664999999999996,44.41727171878074,12.030029296875002,-3.6694335937500004,LEFT_SIDE,LEVEL,True,OK
1789616089.760212,-14.8315,-27.0996,-31.543,44.151133183758716,12.733154296875,-4.004516601562499,LEFT_SIDE,LEVEL,True,OK
1789616089.8001854,-14.7095,-26.7822,-31.664999999999996,44.00372543421749,13.304443359375,-4.427490234375,LEFT_SIDE,LEVEL,True,OK
1789616089.8401546,-14.746099999999998,-26.611299999999996,-32.104499999999994,44.230167003415204,13.7054443359375,-4.982299804687501,LEFT_SIDE,LEVEL,True,OK
1789616089.8811784,-14.746099999999998,-26.2207,-32.4951,44.28209680796518,13.881225585937498,-5.734863281249997,LEFT_SIDE,LEVEL,True,OK
1789616089.9212036,-15.087899999999998,-26.489299999999997,-32.104499999999994,44.27218834832992,13.903198242187498,-6.751098632812499,LEFT_SIDE,LEVEL,True,OK
1789616089.9611542,-15.5029,-26.5625,-31.957999999999995,44.353354762182306,13.765869140625002,-8.0364990234375,LEFT_SIDE,LEVEL,True,OK
1789616090.0011358,-16.0522,-26.709,-31.5918,44.37438036840627,13.590087890625,-9.525146484374998,LEFT_SIDE,LEVEL,True,OK
1789616090.0452716,-16.650399999999998,-26.879899999999996,-31.640599999999996,44.73133591264629,13.524169921875,-11.722412109375,LEFT_SIDE,LEVEL,True,OK
1789616090.0821242,-17.0166,-26.8311,-31.4697,44.719286900173174,13.557128906250002,-12.3760986328125,LEFT_SIDE,LEVEL,True,OK
1789616090.1231651,-17.321799999999996,-26.7822,-31.5674,44.87573659384322,13.77685546875,-13.463745117187498,LEFT_SIDE,LEVEL,True,OK
1789616090.162275,-17.2729,-26.6357,-31.957999999999995,45.04583613276592,14.1943359375,-14.194335937500004,LEFT_SIDE,LEVEL,True,OK
1789616090.2022562,-16.9556,-26.416,-32.080099999999995,44.882404607707905,14.6722412109375,-14.61181640625,LEFT_SIDE,LEVEL,True,OK
1789616090.2421398,-16.5405,-26.2695,-32.373,44.85182158508169,15.095214843750004,-14.837036132812502,LEFT_SIDE,LEVEL,True,OK
1789616090.2821567,-15.978999999999997,-26.0254,-32.5928,44.66475677757576,15.369873046875004,-14.985351562500002,LEFT_SIDE,LEVEL,True,OK
1789616090.3221915,-15.3809,-25.8301,-32.8613,44.53797467903093,15.562133789062498,-15.111694335937496,LEFT_SIDE,LEVEL,True,OK
1789616090.3622792,-14.843799999999998,-25.7568,-33.17869999999999,44.5485945723319,15.765380859375004,-15.270996093750004,LEFT_SIDE,LEVEL,True,OK
1789616090.4021401,-14.3433,-25.708,-32.88569999999999,44.137294699380924,15.97412109375,-15.562133789062495,LEFT_SIDE,LEVEL,True,OK
1789616090.4421434,-14.025899999999998,-25.5127,-33.3252,44.25147101667921,16.051025390624996,-16.100463867187496,LEFT_SIDE,LEVEL,True,OK
1789616090.4821308,-13.7451,-25.1221,-33.5693,44.124206337451554,16.001586914062507,-16.809082031250007,LEFT_SIDE,LEVEL,True,OK
1789616090.5221784,-13.5376,-25.390599999999996,-33.3984,44.08403684645951,15.913696289062498,-17.6220703125,LEFT_SIDE,LEVEL,True,OK
1789616090.562293,-13.085899999999999,-25.3174,-33.1055,43.682784387215975,15.6884765625,-18.511962890625004,LEFT_SIDE,LEVEL,True,OK
1789616090.6031559,-12.4695,-25.1709,-33.3252,43.58476330209905,15.331420898437504,-19.302978515625004,LEFT_SIDE,LEVEL,True,OK
1789616090.6431038,-11.6516,-25.292999999999996,-33.5205,43.57888883174971,14.869995117187505,-19.956665039062504,LEFT_SIDE,LEVEL,True,OK
1789616090.6842308,-10.974099999999998,-25.292999999999996,-33.6426,43.49702581292197,14.458007812499995,-20.1434326171875,LEFT_SIDE,LEVEL,True,OK
1789616090.7260096,-10.0952,-25.244099999999996,-33.7646,43.35003876595729,13.969116210937496,-19.940185546875,LEFT_SIDE,LEVEL,True,OK
1789616090.7652562,-9.564209999999997,-24.865699999999997,-33.5449,42.837337282143245,13.798828125000004,-19.885253906250004,LEFT_SIDE,LEVEL,True,OK
1789616090.8051858,-9.08813,-24.743699999999997,-33.6182,42.720348404793,13.815307617187502,-19.198608398437496,LEFT_SIDE,LEVEL,True,OK
1789616090.8450637,-8.55713,-24.585,-33.96,42.78934795994092,14.403076171875,-18.2098388671875,LEFT_SIDE,LEVEL,True,OK
1789616090.885352,-7.708739999999999,-24.1333,-34.3994,42.721886213480786,15.100708007812502,-17.391357421875,LEFT_SIDE,LEVEL,True,OK
1789616090.9261577,-6.39038,-23.3398,-34.9609,42.518792896722736,16.116943359375,-16.3641357421875,LEFT_SIDE,LEVEL,True,OK
1789616090.965097,-4.84314,-22.2778,-35.083,41.83985261565341,16.918945312500004,-15.380859374999998,LEFT_SIDE,LEVEL,True,OK
1789616091.0061483,-3.6926299999999994,-22.1558,-34.9365,41.53401042768324,16.473999023437496,-15.122680664062493,LEFT_SIDE,LEVEL,True,OK
1789616091.04623,-2.44904,-21.813999999999997,-35.1807,41.467216513911325,15.468750000000002,-15.661010742187502,LEFT_SIDE,LEVEL,True,OK
1789616091.0861623,-1.22223,-21.6309,-34.7412,40.94313933277344,13.815307617187498,-16.754150390625,LEFT_SIDE,LEVEL,True,OK
1789616091.1262383,0.11997199999999998,-21.3623,-34.9609,40.97104811181652,11.612548828124996,-17.545166015624996,LEFT_SIDE,LEVEL,True,OK
1789616091.1670868,1.1863699999999997,-21.3623,-34.2773,40.40654192524894,9.5196533203125,-18.363647460937504,LEFT_SIDE,LEVEL,True,OK
1789616091.2060595,1.3557399999999997,-21.6431,-33.8379,40.190363085789606,7.4707031249999964,-19.324951171875004,LEFT_SIDE,LEVEL,True,OK
1789616091.2463615,1.18256,-22.4243,-33.2031,40.08358177924722,5.328369140625002,-20.253295898437504,LEFT_SIDE,LEVEL,True,OK
1789616091.2862053,0.9498599999999999,-23.278799999999997,-33.032199999999996,40.42191237806049,3.8397216796875013,-20.456542968749996,LEFT_SIDE,LEVEL,True,OK
1789616091.3291616,1.22681,-23.7671,-32.666,40.41593325887823,4.229736328124999,-19.912719726562496,LEFT_SIDE,LEVEL,True,OK
1789616091.367071,1.4755199999999997,-23.3398,-32.6904,40.19434880017836,4.713134765625001,-19.3304443359375,LEFT_SIDE,LEVEL,True,OK
1789616091.4071786,1.79596,-23.3887,-32.1777,39.82036083841532,4.740600585937501,-18.8690185546875,LEFT_SIDE,LEVEL,True,OK
1789616091.447102,2.02179,-23.266599999999997,-32.5928,40.09629561697813,5.1470947265625,-18.275756835937504,LEFT_SIDE,LEVEL,True,OK
1789616091.4873886,2.4826,-22.8394,-32.7393,39.99579052362886,5.614013671875,-17.539672851562504,LEFT_SIDE,LEVEL,True,OK
1789616091.538169,3.1204199999999997,-22.6562,-32.5195,39.7562359846402,5.778808593749998,-16.6497802734375,LEFT_SIDE,LEVEL,True,OK
1789616091.5691078,3.8970899999999995,-22.2412,-32.397499999999994,39.48995181255732,5.8831787109375,-15.814819335937496,LEFT_SIDE,LEVEL,True,OK
1789616091.6091716,4.44031,-21.972699999999996,-32.373,39.37673205315672,5.86669921875,-15.238037109374996,LEFT_SIDE,LEVEL,True,OK
1789616091.6490817,5.21851,-21.557599999999997,-32.373,39.242503658407166,6.262207031249998,-14.567871093749998,LEFT_SIDE,LEVEL,True,OK
1789616091.6892734,6.15234,-20.5811,-32.1777,38.688982178077524,6.866455078124999,-13.8592529296875,LEFT_SIDE,LEVEL,True,OK
1789616091.7323513,7.055659999999999,-19.7754,-32.3486,38.56527849187142,7.349853515624998,-13.172607421875,LEFT_SIDE,LEVEL,True,OK
1789616091.7711716,7.58057,-19.2749,-32.5439,38.57579861447978,7.141113281249999,-12.903442382812498,LEFT_SIDE,LEVEL,True,OK
1789616091.8112583,7.96509,-19.0186,-32.1533,38.19665568551912,6.657714843750002,-12.799072265625,LEFT_SIDE,LEVEL,True,OK
1789616091.8512423,8.57544,-18.9209,-31.689499999999995,37.89146392333766,6.822509765624999,-12.178344726562498,LEFT_SIDE,LEVEL,True,OK
1789616091.8911629,8.87451,-18.2739,-31.982399999999995,37.88886721333985,6.608276367187503,-12.260742187500005,LEFT_SIDE,LEVEL,True,OK
1789616091.9331293,9.014889999999998,-18.0786,-32.3486,38.13837885427355,6.61376953125,-12.205810546874998,LEFT_SIDE,LEVEL,True,OK
1789616091.971273,9.26514,-17.9443,-31.8604,37.72168885229822,6.536865234374999,-12.117919921874998,LEFT_SIDE,LEVEL,True,OK
1789616092.011257,9.588619999999999,-17.980999999999998,-31.2988,37.34799694688324,6.509399414062503,-11.6619873046875,LEFT_SIDE,LEVEL,True,OK
1789616092.0512624,10.022,-17.7368,-31.5674,37.57040458925083,6.443481445312503,-10.953369140624998,LEFT_SIDE,LEVEL,True,OK
1789616092.091172,10.711699999999999,-17.0044,-31.3477,37.236654408526014,6.394042968750002,-10.2996826171875,LEFT_SIDE,LEVEL,True,OK
1789616092.1343102,11.370799999999997,-16.9189,-30.908199999999997,37.02514141890615,6.339111328124999,-9.7613525390625,LEFT_SIDE,LEVEL,True,OK
1789616092.172177,11.779799999999998,-16.6016,-30.2246,36.44040690991252,6.212768554687501,-9.453735351562504,LEFT_SIDE,LEVEL,True,OK
1789616092.2122135,12.1582,-15.918,-30.322299999999995,36.34069934013378,6.086425781250003,-9.212036132812502,LEFT_SIDE,LEVEL,True,OK
1789616092.2521887,12.5732,-15.5151,-30.3955,36.368806778611805,5.987548828124999,-9.014282226562502,LEFT_SIDE,LEVEL,True,OK
1789616092.2921426,12.976099999999999,-15.222199999999999,-30.2246,36.24390968438697,5.965576171874999,-8.7506103515625,LEFT_SIDE,LEVEL,True,OK
1789616092.3341463,13.3789,-14.8804,-30.127,36.16707616562334,5.938110351562501,-8.5198974609375,LEFT_SIDE,LEVEL,True,OK
1789616092.3721685,13.635299999999999,-14.3188,-29.834,35.79129776258469,5.855712890624999,-8.256225585937498,LEFT_SIDE,LEVEL,True,OK
1789616092.4121795,13.9648,-13.9404,-29.541,35.524935921124474,5.531616210937499,-7.976074218749997,LEFT_SIDE,LEVEL,True,OK
1789616092.4521852,14.294399999999998,-14.1357,-29.101599999999998,35.37019943978264,4.921874999999998,-7.586059570312501,LEFT_SIDE,LEVEL,True,OK
1789616092.4921467,14.5874,-14.3188,-28.9307,35.42323636668451,4.218750000000002,-7.020263671875,LEFT_SIDE,LEVEL,True,OK
1789616092.5342584,14.746099999999998,-14.5996,-28.6377,35.365430107097524,3.4332275390625004,-6.514892578125001,LEFT_SIDE,LEVEL,True,OK
1789616092.572336,14.856,-14.856,-28.027299999999997,35.02757509862765,2.6806640625000004,-5.938110351562501,LEFT_SIDE,LEVEL,True,OK
1789616092.6122606,14.9658,-15.1367,-27.71,34.94193693157264,2.164306640625,-5.416259765625,LEFT_SIDE,LEVEL,True,OK
1789616092.652247,15.283199999999999,-15.039099999999998,-27.3193,34.72887679640676,1.9006347656250002,-4.9822998046875,LEFT_SIDE,LEVEL,True,OK
1789616092.6921818,15.4907,-14.819299999999998,-27.661099999999998,34.99585535731338,1.8182373046875,-4.833984375,LEFT_SIDE,LEVEL,True,OK
1789616092.7370992,15.600599999999998,-15.087899999999998,-27.2217,34.81442800995012,1.2030029296875,-4.273681640625001,LEFT_SIDE,LEVEL,True,OK
1789616092.7732027,15.6616,-15.1245,-26.709,34.45877095617312,0.9503173828125,-4.092407226562501,LEFT_SIDE,LEVEL,True,OK
1789616092.8131433,15.8936,-14.9658,-26.2695,34.15652676795462,0.5053710937499999,-3.630981445312501,LEFT_SIDE,LEVEL,True,OK
1789616092.853173,16.0889,-14.8682,-26.2207,34.16783842943536,0.23620605468749983,-3.2684326171874996,LEFT_SIDE,LEVEL,True,OK
1789616092.8932781,16.0156,-15.1978,-26.3916,34.409142953000156,0.2966308593749998,-3.251953125,LEFT_SIDE,LEVEL,True,OK
1789616092.9333065,15.9058,-15.283199999999999,-26.7578,34.67781043722339,0.6701660156249997,-3.4277343749999996,LEFT_SIDE,LEVEL,True,OK
1789616092.9732037,15.856899999999998,-14.9292,-26.855499999999996,34.57658413579918,1.3623046875000002,-3.8232421874999996,LEFT_SIDE,LEVEL,True,OK
1789616093.013143,15.6494,-14.697299999999998,-27.2949,34.72644401115668,2.2192382812499996,-4.4329833984375,LEFT_SIDE,LEVEL,True,OK
1789616093.05326,15.5396,-14.5386,-27.661099999999998,34.89966348448076,2.7630615234375004,-4.7625732421875,LEFT_SIDE,LEVEL,True,OK
1789616093.0934749,15.4907,-14.5996,-27.6123,34.86472741812275,2.741088867187501,-4.59228515625,LEFT_SIDE,LEVEL,True,OK
1789616093.133151,15.6372,-14.892599999999998,-27.3438,34.842430412357864,2.1697998046875004,-4.010009765625002,LEFT_SIDE,LEVEL,True,OK
1789616093.1732247,15.7959,-15.161099999999998,-26.8066,34.611605186411104,1.3073730468749998,-3.3123779296875,LEFT_SIDE,LEVEL,True,OK
1789616093.2133012,15.9302,-15.332,-26.440399999999997,34.466451053161826,0.54931640625,-2.8070068359375,LEFT_SIDE,LEVEL,True,OK
1789616093.2532618,16.1377,-15.6494,-25.7568,34.18686630696063,-0.1483154296874999,-2.2247314453124996,LEFT_SIDE,LEVEL,True,OK
1789616093.293342,16.3208,-15.844699999999998,-25.3662,34.07150030700145,-0.8294677734375,-1.4776611328125,LEFT_SIDE,LEVEL,True,OK
1789616093.335589,16.394,-16.1865,-25.0732,34.050424028049925,-1.4117431640625004,-1.0711669921875004,LEFT_SIDE,LEVEL,True,OK
1789616093.373255,16.2231,-16.2231,-25.4395,34.25705923557946,-1.4666748046874996,-1.3458251953124996,LEFT_SIDE,LEVEL,True,OK
1789616093.4131932,15.820299999999998,-16.5649,-25.268599999999996,34.10542405629931,-1.5380859374999996,-2.1917724609375004,LEFT_SIDE,LEVEL,True,OK
1789616093.4531994,15.625,-16.4185,-25.5859,34.18107730982158,-1.373291015625,-2.7960205078124996,LEFT_SIDE,LEVEL,True,OK
1789616093.4934525,15.576199999999998,-16.2109,-25.9766,34.353966769646846,-1.153564453125,-3.0377197265625,LEFT_SIDE,LEVEL,True,OK
1789616093.5333061,15.6128,-15.820299999999998,-26.6602,34.71033966947025,-0.8239746093749999,-3.2904052734374996,LEFT_SIDE,LEVEL,True,OK
1789616093.5732448,15.710399999999998,-15.6372,-26.318399999999997,34.40925559438913,-0.5767822265624999,-3.3673095703125004,LEFT_SIDE,LEVEL,True,OK
1789616093.6131551,15.8813,-15.5396,-25.8789,34.10883057303489,-0.6042480468750003,-3.218994140625,LEFT_SIDE,LEVEL,True,OK
1789616093.6531758,16.0156,-15.454099999999999,-26.074199999999998,34.28108160210235,-0.9722900390625002,-2.944335937500001,LEFT_SIDE,LEVEL,True,OK
1789616093.6931558,16.0645,-15.21,-26.342799999999997,34.39993273380051,-1.2469482421875002,-2.6971435546875004,LEFT_SIDE,LEVEL,True,OK
1789616093.7341707,16.2109,-15.319799999999999,-25.8789,34.16441154271503,-1.3128662109375004,-2.554321289062501,LEFT_SIDE,LEVEL,True,OK
1789616093.7732441,16.2354,-14.9902,-25.805699999999998,33.9739379773673,-1.2414550781250002,-2.5927734375,LEFT_SIDE,LEVEL,True,OK
1789616093.8160682,16.333,-14.5996,-25.6104,33.70174768940032,-0.9393310546875,-2.691650390625,LEFT_SIDE,LEVEL,True,OK
1789616093.8542728,16.4673,-14.038099999999998,-26.196299999999997,33.97773321735868,-0.8843994140624998,-2.7026367187499996,LEFT_SIDE,LEVEL,True,OK
1789616093.8942919,16.5405,-14.221199999999998,-25.927699999999998,33.88327459057049,-0.9667968750000003,-2.6202392578125004,LEFT_SIDE,LEVEL,True,OK
1789616093.9341636,16.626,-14.3799,-25.8301,33.91753920938251,-1.1260986328125,-2.4444580078124996,LEFT_SIDE,LEVEL,True,OK
1789616093.9741695,16.6138,-14.3921,-25.683599999999995,33.8052984280571,-1.2579345703125,-2.3400878906249996,LEFT_SIDE,LEVEL,True,OK
1789616094.0141342,16.6016,-14.3188,-25.390599999999996,33.54584511321782,-1.2359619140624996,-2.219238281249999,LEFT_SIDE,LEVEL,True,OK
1789616094.0542338,16.626,-14.3921,-25.5127,33.68166088096013,-1.20849609375,-2.1588134765624996,LEFT_SIDE,LEVEL,True,OK
1789616094.0942502,16.5894,-14.4653,-25.7324,33.86162291163848,-1.175537109375,-2.2247314453124996,LEFT_SIDE,LEVEL,True,OK
1789616094.1360466,16.6626,-14.27,-26.2451,34.206438177191146,-0.9777832031250001,-2.3455810546875,LEFT_SIDE,LEVEL,True,OK
1789616094.174171,16.5405,-14.4653,-25.8545,33.93063828739448,-0.9063720703124997,-2.3730468750000004,LEFT_SIDE,LEVEL,True,OK
1789616094.214279,16.516099999999998,-14.1113,-25.8301,33.75062092628816,-0.8020019531249999,-2.4664306640624996,LEFT_SIDE,LEVEL,True,OK
1789616094.254192,16.5405,-14.086899999999998,-25.927699999999998,33.82712697155937,-0.7470703125,-2.515869140625,LEFT_SIDE,LEVEL,True,OK
1789616094.294213,16.5894,-13.916,-26.1719,33.968096766966504,-0.6921386718750001,-2.559814453125,LEFT_SIDE,LEVEL,True,OK
1789616094.3360715,16.5283,-14.1357,-26.2207,34.06652057181655,-0.4943847656249999,-2.7136230468750004,LEFT_SIDE,LEVEL,True,OK
1789616094.3741255,16.516099999999998,-13.9893,-26.0986,33.90603184774061,-0.41198730468749994,-2.74658203125,LEFT_SIDE,LEVEL,True,OK
1789616094.4154003,16.5283,-13.561999999999998,-26.123,33.756831514376465,-0.15930175781249994,-2.8509521484375004,LEFT_SIDE,LEVEL,True,OK
1789616094.4557033,16.6016,-13.2568,-26.342799999999997,33.84226618653071,-0.0769042968750002,-2.8564453125000004,LEFT_SIDE,LEVEL,True,OK
1789616094.496136,16.5649,-13.622999999999998,-26.2695,33.912662403002216,-0.1263427734374998,-2.8015136718750004,LEFT_SIDE,LEVEL,True,OK
1789616094.5360394,16.5649,-13.977099999999998,-26.489299999999997,34.22628012083697,-0.2856445312500001,-2.6861572265625,LEFT_SIDE,LEVEL,True,OK
1789616094.5762422,16.6138,-13.8184,-26.196299999999997,33.95898500676956,-0.36254882812499983,-2.6422119140625,LEFT_SIDE,LEVEL,True,OK
1789616094.6161494,16.687,-13.7085,-26.1475,33.91269227737603,-0.3405761718749998,-2.5872802734375004,LEFT_SIDE,LEVEL,True,OK
1789616094.6573076,16.6626,-13.903799999999999,-26.2695,34.07410341373636,-0.2801513671875,-2.5982666015625004,LEFT_SIDE,LEVEL,True,OK
1789616094.697238,16.626,-13.8184,-26.2939,34.040288362027724,-0.2636718750000001,-2.6641845703125004,LEFT_SIDE,LEVEL,True,OK
1789616094.7372303,16.626,-13.8794,-26.3916,34.140564888706805,-0.24169921874999992,-2.6477050781249996,LEFT_SIDE,LEVEL,True,OK
1789616094.7792525,16.6626,-13.696299999999999,-26.2939,34.00882311489182,-0.23620605468749983,-2.592773437499999,LEFT_SIDE,LEVEL,True,OK
1789616094.818279,16.6748,-13.7207,-26.318399999999997,34.043571229969395,-0.26367187499999994,-2.548828125000001,LEFT_SIDE,LEVEL,True,OK
1789616094.8581684,16.6748,-13.7207,-26.2451,33.986936277634676,-0.3240966796875,-2.499389648437499,LEFT_SIDE,LEVEL,True,OK
1789616094.8981986,16.7236,-13.5498,-26.0254,33.772730451652855,-0.32958984375000006,-2.493896484375,LEFT_SIDE,LEVEL,True,OK
1789616094.938237,16.687,-13.7695,-26.416,34.14469439385862,-0.25817871093750017,-2.5323486328125,LEFT_SIDE,LEVEL,True,OK
1789616094.9781713,16.650399999999998,-13.7085,-26.2695,33.98890146297759,-0.20324707031249997,-2.5982666015625004,LEFT_SIDE,LEVEL,True,OK
1789616095.0183291,16.638199999999998,-13.7817,-26.318399999999997,34.05030297501036,-0.1483154296874998,-2.6971435546875,LEFT_SIDE,LEVEL,True,OK
1789616095.0591547,16.6016,-13.830599999999999,-26.074199999999998,33.86388230194524,-0.054931640624999736,-2.7960205078125,LEFT_SIDE,LEVEL,True,OK
1789616095.0992038,16.5527,-13.7085,-26.6357,34.22536141562277,0.027465820312499892,-2.867431640625,LEFT_SIDE,LEVEL,True,OK
1789616095.1392386,16.516099999999998,-13.952599999999999,-26.709,34.363167592205464,0.0494384765625002,-2.8729248046875,LEFT_SIDE,LEVEL,True,OK
1789616095.180301,16.5283,-13.7817,-26.5137,34.148151391693226,-1.9903195922967264e-16,-2.8564453125000004,LEFT_SIDE,LEVEL,True,OK
1789616095.2192242,16.5527,-13.6841,-26.2207,33.893532990675375,-0.03845214843749991,-2.8179931640625004,LEFT_SIDE,LEVEL,True,OK
1789616095.2601564,16.5405,-13.8184,-26.489299999999997,34.14995363540044,-0.0439453125000001,-2.7850341796875004,LEFT_SIDE,LEVEL,True,OK
1789616095.300357,16.5405,-13.6475,-26.855499999999996,34.36655753417848,-0.0494384765625002,-2.763061523437499,LEFT_SIDE,LEVEL,True,OK
1789616095.3401563,16.5527,-13.7695,-26.5381,34.1739924379637,-0.027465820312499896,-2.8125000000000004,LEFT_SIDE,LEVEL,True,OK
1789616095.3801858,16.5283,-13.7085,-26.001,33.721798204425575,0.010986328125000038,-2.8125000000000004,LEFT_SIDE,LEVEL,True,OK
1789616095.4212327,16.503899999999998,-13.5254,-26.318399999999997,33.88175525160997,-0.016479492187499844,-2.7905273437499996,LEFT_SIDE,LEVEL,True,OK
1789616095.461145,16.503899999999998,-13.5376,-26.3916,33.94351012388082,-0.04943847656250019,-2.7410888671875,LEFT_SIDE,LEVEL,True,OK
1789616095.5013804,16.5527,-13.6841,-26.2695,33.93129971501239,-0.07690429687500006,-2.6971435546875,LEFT_SIDE,LEVEL,True,OK
1789616095.5411696,16.5771,-13.855,-26.3672,34.08798183011133,-0.0823974609375001,-2.6751708984375004,LEFT_SIDE,LEVEL,True,OK
1789616095.582199,16.5894,-13.7451,-26.3672,34.04945230411203,-0.08789062500000026,-2.6477050781249996,LEFT_SIDE,LEVEL,True,OK
1789616095.6232054,16.5527,-13.6475,-26.1475,33.82215087468566,-0.10986328125000018,-2.6312255859375,LEFT_SIDE,LEVEL,True,OK
1789616095.6622725,16.5649,-13.561999999999998,-26.318399999999997,33.92612466182956,-0.09338378906250015,-2.6257324218750004,LEFT_SIDE,LEVEL,True,OK
1789616095.7026472,16.5649,-13.6597,-26.2451,33.908532703583624,-0.076904296875,-2.6257324218750004,LEFT_SIDE,LEVEL,True,OK
1789616095.7422893,16.626,-13.8184,-26.440399999999997,34.15357677784276,-0.09338378906249988,-2.5927734375000004,LEFT_SIDE,LEVEL,True,OK
1789616095.7821612,16.6016,-13.7329,-26.342799999999997,34.031584988213524,-0.1263427734375001,-2.554321289062501,LEFT_SIDE,LEVEL,True,OK
1789616095.8231688,16.5649,-13.7329,-25.7568,33.56190102869621,-0.10437011718750004,-2.5653076171875,LEFT_SIDE,LEVEL,True,OK
1789616095.8631318,16.626,-13.427699999999998,-26.196299999999997,33.807885721825315,-0.06042480468749988,-2.5653076171874996,LEFT_SIDE,LEVEL,True,OK
1789616095.9040215,16.5527,-13.4399,-26.6602,34.13779508609189,-0.07690429687499989,-2.5598144531249996,LEFT_SIDE,LEVEL,True,OK
1789616095.9431436,16.638199999999998,-13.7695,-26.342799999999997,34.06423258096386,-0.08789062500000006,-2.537841796875,LEFT_SIDE,LEVEL,True,OK
1789616095.9832516,16.5649,-13.891599999999999,-26.123,33.908458997276774,-0.06042480468749998,-2.554321289062501,LEFT_SIDE,LEVEL,True,OK
1789616096.0232222,16.5649,-13.635299999999999,-26.1475,33.823203194700525,-0.03295898437499997,-2.5982666015625004,LEFT_SIDE,LEVEL,True,OK
1789616096.0631807,16.5894,-13.500999999999998,-26.3916,33.97060117101256,0.0,-2.6202392578125004,LEFT_SIDE,LEVEL,True,OK
1789616096.1040432,16.5771,-13.6841,-26.2451,33.92432919351538,0.016479492187499976,-2.6037597656250004,LEFT_SIDE,LEVEL,True,OK
1789616096.1431324,16.5771,-13.9893,-26.0986,33.935787612194886,0.005493164062499904,-2.5872802734375,LEFT_SIDE,LEVEL,True,OK
1789616096.1831458,16.6016,-13.7207,-26.3672,34.0455572268982,0.0,-2.5708007812499996,LEFT_SIDE,LEVEL,True,OK
1789616096.2242057,16.638199999999998,-13.696299999999999,-26.3916,34.07249452989904,-1.989806745307465e-16,-2.5433349609374996,LEFT_SIDE,LEVEL,True,OK
1789616096.2631824,16.650399999999998,-13.6108,-26.489299999999997,34.11997525336148,-0.010986328124999977,-2.5213623046874996,LEFT_SIDE,LEVEL,True,OK
1789616096.3034673,16.5894,-13.830599999999999,-26.2939,34.02738405946011,-0.010986328124999655,-2.5158691406250004,LEFT_SIDE,LEVEL,True,OK
1789616096.3431826,16.6626,-13.6719,-26.3672,34.05572380980912,-0.016479492187500024,-2.4664306640624996,LEFT_SIDE,LEVEL,True,OK
1789616096.3831205,16.6748,-13.5742,-26.2695,33.94693639976957,-0.03295898437499979,-2.4334716796875004,LEFT_SIDE,LEVEL,True,OK
1789616096.4232035,16.6748,-13.5986,-26.318399999999997,33.99454449702187,-0.010986328124999837,-2.4444580078125004,LEFT_SIDE,LEVEL,True,OK
1789616096.463261,16.687,-13.561999999999998,-26.2695,33.948055073155516,0.021972656249999802,-2.466430664062501,LEFT_SIDE,LEVEL,True,OK
1789616096.503844,16.6626,-13.5742,-26.2695,33.94094540006215,0.049438476562499875,-2.4609375,LEFT_SIDE,LEVEL,True,OK
1789616096.5431414,16.6748,-13.6841,-26.318399999999997,34.02883668904948,0.049438476562500076,-2.4499511718750004,LEFT_SIDE,LEVEL,True,OK
1789616096.5831122,16.6138,-13.7939,-26.318399999999997,34.04332836562841,0.038452148437499875,-2.449951171875,LEFT_SIDE,LEVEL,True,OK
1789616096.624256,16.7236,-13.6475,-26.1475,33.906117581640046,0.04394531250000011,-2.400512695312501,LEFT_SIDE,LEVEL,True,OK
1789616096.6642606,16.7236,-13.3789,-26.5625,34.120963767455336,0.0274658203125001,-2.389526367187501,LEFT_SIDE,LEVEL,True,OK
1789616096.7054837,16.7114,-13.561999999999998,-26.2695,33.960055421185636,0.027465820312500284,-2.3620605468750004,LEFT_SIDE,LEVEL,True,OK
1789616096.744333,16.7114,-13.7207,-26.6357,34.307273469921796,0.03295898437500003,-2.3345947265625,LEFT_SIDE,LEVEL,True,OK
1789616096.7842655,16.7358,-13.4766,-26.318399999999997,33.975931595174835,0.054931640625,-2.3455810546875,LEFT_SIDE,LEVEL,True,OK
1789616096.8241847,16.7969,-13.415499999999998,-26.074199999999998,33.79312645346683,0.060424804687500056,-2.3126220703124996,LEFT_SIDE,LEVEL,True,OK
1789616096.8642197,16.7603,-13.5132,-26.2451,33.94583191409514,0.032958984374999875,-2.296142578125,LEFT_SIDE,LEVEL,True,OK
1789616096.905209,16.6992,-13.6475,-26.3916,34.08275351919208,0.038452148437500215,-2.318115234375,LEFT_SIDE,LEVEL,True,OK
1789616096.9445007,16.7725,-13.5742,-26.318399999999997,34.0328347401447,0.07141113281249994,-2.318115234375,LEFT_SIDE,LEVEL,True,OK
1789616096.9851153,16.7358,-13.500999999999998,-26.2695,33.94776329730723,0.09887695312499976,-2.384033203125,LEFT_SIDE,LEVEL,True,OK
1789616097.0253484,16.748,-13.4399,-26.123,33.81623197533989,0.12634277343749986,-2.384033203125001,LEFT_SIDE,LEVEL,True,OK
1789616097.0660486,16.687,-13.4399,-26.5381,34.10802885861333,0.14831542968749992,-2.3895263671875,LEFT_SIDE,LEVEL,True,OK
1789616097.107666,16.6992,-13.4033,-26.196299999999997,33.8342705731925,0.18676757812500014,-2.4224853515625,LEFT_SIDE,LEVEL,True,OK
1789616097.147124,16.748,-13.561999999999998,-26.416,34.091471132821475,0.23620605468750008,-2.4829101562499996,LEFT_SIDE,LEVEL,True,OK
1789616097.1870046,16.748,-13.4644,-26.2939,33.95813228918811,0.32958984374999994,-2.5323486328124996,LEFT_SIDE,LEVEL,True,OK
1789616097.2286208,16.7236,-13.2446,-26.342799999999997,33.897512268011646,0.40649414062500006,-2.559814453125001,LEFT_SIDE,LEVEL,True,OK
1789616097.2680743,16.7114,-13.1226,-26.318399999999997,33.825015879966706,0.44494628906249967,-2.5927734374999996,LEFT_SIDE,LEVEL,True,OK
1789616097.3081105,16.7236,-13.0615,-26.3672,33.84539577328059,0.45043945312499994,-2.5708007812500004,LEFT_SIDE,LEVEL,True,OK
1789616097.348096,16.7358,-13.2935,-26.9531,34.398746248955064,0.45593261718750017,-2.5653076171875004,LEFT_SIDE,LEVEL,True,OK
1789616097.3880649,16.7358,-13.2446,-26.2939,33.865551937182424,0.4669189453124998,-2.5708007812499996,LEFT_SIDE,LEVEL,True,OK
1789616097.4288087,16.7725,-12.915,-26.123,33.62328226467488,0.48889160156250006,-2.5598144531250004,LEFT_SIDE,LEVEL,True,OK
1789616097.4680364,16.7236,-12.9883,-26.2695,33.74109310766325,0.48339843750000006,-2.548828124999999,LEFT_SIDE,LEVEL,True,OK
1789616097.5082805,16.7603,-12.8662,-26.6602,34.0178338900348,0.45043945312499994,-2.515869140625,LEFT_SIDE,LEVEL,True,OK
1789616097.5481384,16.8091,-13.281199999999998,-26.464799999999997,34.048814300794675,0.45043945312500033,-2.4664306640624996,LEFT_SIDE,LEVEL,True,OK
1789616097.5881422,16.7969,-13.269,-25.9766,33.65985677583908,0.45593261718749994,-2.4444580078125004,LEFT_SIDE,LEVEL,True,OK
1789616097.6283238,16.8213,-13.110399999999998,-26.2939,33.85569226969078,0.45043945312499994,-2.427978515625,LEFT_SIDE,LEVEL,True,OK
1789616097.6680853,16.8213,-12.8784,-26.6602,34.052541524679185,0.44494628906250006,-2.3730468749999996,LEFT_SIDE,LEVEL,True,OK
1789616097.7090328,16.8457,-12.9272,-26.1475,33.683554809134975,0.42297363281250006,-2.3236083984375,LEFT_SIDE,LEVEL,True,OK
1789616097.7481458,16.9189,-13.159199999999998,-26.3916,33.998974578801636,0.41198730468749967,-2.30712890625,LEFT_SIDE,LEVEL,True,OK
1789616097.7880757,16.9189,-13.0737,-26.1475,33.77665710442643,0.4010009765625005,-2.2851562500000004,LEFT_SIDE,LEVEL,True,OK
1789616097.829253,16.9434,-12.9272,-26.709,34.16960614932516,0.384521484375,-2.246704101562501,LEFT_SIDE,LEVEL,True,OK
1789616097.8680375,16.931199999999997,-13.0127,-26.2695,33.85384062377561,0.3570556640624999,-2.2137451171875004,LEFT_SIDE,LEVEL,True,OK
1789616097.9092407,16.9434,-12.9883,-26.2207,33.8127172664369,0.34057617187500006,-2.197265625000001,LEFT_SIDE,LEVEL,True,OK
1789616097.9490695,16.9189,-13.1348,-26.123,33.78140431139594,0.34057617187500017,-2.1807861328125004,LEFT_SIDE,LEVEL,True,OK
1789616097.9890926,16.9189,-13.0493,-26.2451,33.84285274190106,0.3460693359375002,-2.1917724609375004,LEFT_SIDE,LEVEL,True,OK
1789616098.0302482,16.9189,-13.147,-26.2207,33.86174677567594,0.3405761718750001,-2.17529296875,LEFT_SIDE,LEVEL,True,OK
1789616098.0691447,16.9922,-13.269,-26.2207,33.94593245633415,0.30212402343750017,-2.1588134765624996,LEFT_SIDE,LEVEL,True,OK
1789616098.1090996,16.9678,-13.0005,-26.586899999999996,34.11425638497782,0.28564453125,-2.142333984375,LEFT_SIDE,LEVEL,True,OK
1789616098.1491191,16.9556,-13.3301,-26.196299999999997,33.93272861206419,0.30212402343750017,-2.1423339843750004,LEFT_SIDE,LEVEL,True,OK
1789616098.189037,16.9556,-13.3301,-25.805699999999998,33.63209909981831,0.27465820312499994,-2.1148681640624996,LEFT_SIDE,LEVEL,True,OK
1789616098.2352,16.9678,-13.3911,-26.2939,34.038169358236644,0.22521972656250008,-2.098388671875,LEFT_SIDE,LEVEL,True,OK
1789616098.2690625,17.0044,-12.9883,-26.3672,33.95695498848505,0.25268554687499983,-2.109375,LEFT_SIDE,LEVEL,True,OK
1789616098.309245,16.9434,-13.159199999999998,-26.2695,33.91651483348488,0.30212402343749983,-2.13134765625,LEFT_SIDE,LEVEL,True,OK
1789616098.34913,16.9434,-13.4399,-26.1475,33.93230719859763,0.3021240234375,-2.1478271484375004,LEFT_SIDE,LEVEL,True,OK
1789616098.3890808,16.9556,-13.1348,-26.2695,33.91315338699721,0.2911376953124999,-2.1368408203124996,LEFT_SIDE,LEVEL,True,OK
1789616098.4302208,17.0044,-12.9517,-26.6602,34.17107572626299,0.31860351562500006,-2.1478271484375004,LEFT_SIDE,LEVEL,True,OK
1789616098.4691834,16.9678,-13.1836,-26.2695,33.93818168449807,0.32958984375,-2.1478271484375,LEFT_SIDE,LEVEL,True,OK
1789616098.5092943,16.9678,-13.220199999999998,-26.2451,33.93354091293745,0.3131103515625,-2.142333984375001,LEFT_SIDE,LEVEL,True,OK
1789616098.5491154,16.9434,-13.3423,-26.196299999999997,33.931429479761086,0.33508300781249994,-2.1423339843750004,LEFT_SIDE,LEVEL,True,OK
1789616098.5891428,16.9678,-12.9517,-26.318399999999997,33.88673705581581,0.3515625,-2.1478271484375004,LEFT_SIDE,LEVEL,True,OK
1789616098.6333973,16.9556,-13.269,-26.2695,33.96535532877582,0.34606933593749994,-2.1478271484375,LEFT_SIDE,LEVEL,True,OK
1789616098.6713684,16.9556,-12.963899999999999,-26.123,33.73375466161453,0.3460693359374997,-2.1423339843750004,LEFT_SIDE,LEVEL,True,OK
1789616098.7112792,16.9434,-13.037099999999999,-26.123,33.75582777788156,0.37353515624999994,-2.1368408203125,LEFT_SIDE,LEVEL,True,OK
1789616098.7512064,16.9678,-13.269,-26.3672,34.04705323049265,0.38452148437500017,-2.1368408203125,LEFT_SIDE,LEVEL,True,OK
1789616098.7912512,16.98,-13.1958,-26.3672,34.02467888871253,0.42846679687499994,-2.164306640625,LEFT_SIDE,LEVEL,True,OK
1789616098.8361979,17.0044,-13.0493,-26.416,34.01821432482899,0.4943847656249999,-2.1807861328125,LEFT_SIDE,LEVEL,True,OK
1789616098.874247,17.040999999999997,-12.6831,-26.196299999999997,33.7268860154625,0.5108642578125001,-2.1533203124999996,LEFT_SIDE,LEVEL,True,OK
1789616098.9141793,16.9922,-12.8662,-26.2939,33.8473505682498,0.48339843750000017,-2.1368408203124996,LEFT_SIDE,LEVEL,True,OK
1789616098.954223,16.9922,-13.269,-26.1475,33.889422805500836,0.4888916015625002,-2.120361328125,LEFT_SIDE,LEVEL,True,OK
1789616098.9941862,17.040999999999997,-12.9517,-26.342799999999997,33.94238244039448,0.5108642578125001,-2.1148681640625004,LEFT_SIDE,LEVEL,True,OK
1789616099.03433,17.0654,-12.890599999999997,-26.074199999999998,33.72327610360535,0.516357421875,-2.0983886718750004,LEFT_SIDE,LEVEL,True,OK
1789616099.0741732,17.0288,-12.8784,-26.123,33.737877007897225,0.5163574218749999,-2.0928955078125,LEFT_SIDE,LEVEL,True,OK
1789616099.1141841,16.9922,-12.829599999999997,-26.5381,34.02358371203716,0.5053710937499998,-2.0764160156249996,LEFT_SIDE,LEVEL,True,OK
1789616099.1543367,17.040999999999997,-13.0615,-26.2451,33.9087560559216,0.48889160156249994,-2.054443359375,LEFT_SIDE,LEVEL,True,OK
1789616099.1941612,17.1021,-12.915,-26.1719,33.82672610555151,0.4724121093749999,-2.04345703125,LEFT_SIDE,LEVEL,True,OK
1789616099.234337,17.053199999999997,-13.037099999999999,-26.2451,33.90549926870271,0.4669189453124998,-2.0379638671875,LEFT_SIDE,LEVEL,True,OK
1789616099.2741764,17.0166,-12.780799999999997,-26.0986,33.67566548948959,0.45043945312500017,-2.021484375,LEFT_SIDE,LEVEL,True,OK
1789616099.3141584,17.040999999999997,-12.8662,-26.1475,33.75835510936515,0.4064941406249998,-2.010498046875,LEFT_SIDE,LEVEL,True,OK
1789616099.354275,17.1021,-13.110399999999998,-25.8789,33.67613216775347,0.39001464843750006,-1.9995117187500004,LEFT_SIDE,LEVEL,True,OK
1789616099.3941817,17.0654,-13.0005,-26.318399999999997,33.954367259161224,0.40100097656250006,-2.0050048828125,LEFT_SIDE,LEVEL,True,OK
1789616099.4345026,17.053199999999997,-13.110399999999998,-26.318399999999997,33.99047509170767,0.42297363281250017,-2.0269775390625004,LEFT_SIDE,LEVEL,True,OK
1789616099.4741719,17.053199999999997,-13.0615,-26.2695,33.9337743662564,0.43395996093749994,-2.04345703125,LEFT_SIDE,LEVEL,True,OK
1789616099.5142024,17.040999999999997,-13.0615,-26.2451,33.9087560559216,0.439453125,-2.0489501953124996,LEFT_SIDE,LEVEL,True,OK
1789616099.5542016,17.040999999999997,-13.1226,-26.5625,34.17842474442027,0.439453125,-2.054443359375,LEFT_SIDE,LEVEL,True,OK
1789616099.5944104,17.0288,-13.1226,-26.2451,33.926213083838284,0.4229736328125003,-2.0489501953125,LEFT_SIDE,LEVEL,True,OK
1789616099.634324,17.040999999999997,-13.1348,-25.9766,33.72984434592013,0.4119873046875,-2.0489501953125,LEFT_SIDE,LEVEL,True,OK
1789616099.6741545,17.0166,-13.208,-26.2695,33.972085155462565,0.4174804687499999,-2.0489501953124996,LEFT_SIDE,LEVEL,True,OK
1789616099.714196,16.9922,-13.0493,-26.7578,34.27825771783041,0.41198730468750017,-2.0489501953125,LEFT_SIDE,LEVEL,True,OK
1789616099.7543178,17.0288,-13.2446,-26.342799999999997,34.04911996572011,0.40649414062499983,-2.04345703125,LEFT_SIDE,LEVEL,True,OK
1789616099.7941535,17.0166,-13.232399999999998,-25.8545,33.66179222159747,0.41748046875,-2.054443359375,LEFT_SIDE,LEVEL,True,OK
1789616099.8369145,17.0288,-13.1958,-26.342799999999997,34.030167189127944,0.42846679687499983,-2.0599365234375,LEFT_SIDE,LEVEL,True,OK
1789616099.8742633,17.0654,-12.793,-26.709,34.17980993452129,0.43395996093749994,-2.0654296875,LEFT_SIDE,LEVEL,True,OK
1789616099.9143376,17.0044,-13.110399999999998,-26.416,34.04169889297536,0.4394531249999998,-2.0874023437500004,LEFT_SIDE,LEVEL,True,OK
1789616099.9544668,17.053199999999997,-13.1348,-25.8545,33.64208334110716,0.4449462890624998,-2.0764160156249996,LEFT_SIDE,LEVEL,True,OK
1789616099.9941828,17.0166,-13.0737,-26.318399999999997,33.95798117983458,0.43945312499999983,-2.0709228515625004,LEFT_SIDE,LEVEL,True,OK
1789616100.0341785,16.9922,-13.1836,-26.342799999999997,34.00713574589898,0.4394531249999997,-2.0819091796875,LEFT_SIDE,LEVEL,True,OK
1789616100.0743957,16.98,-13.1226,-26.489299999999997,34.09114320831731,0.4504394531250003,-2.08740234375,LEFT_SIDE,LEVEL,True,OK
1789616100.1147027,16.9556,-13.3911,-25.9033,33.73121523841085,0.45593261718749994,-2.0874023437499996,LEFT_SIDE,LEVEL,True,OK
1789616100.155,16.9922,-13.220199999999998,-26.342799999999997,34.0213412539835,0.45593261718749994,-2.0874023437499996,LEFT_SIDE,LEVEL,True,OK
1789616100.1943367,16.9922,-13.171399999999998,-26.342799999999997,34.00240801237465,0.45593261718750006,-2.0874023437499996,LEFT_SIDE,LEVEL,True,OK
1789616100.2342687,16.98,-13.208,-26.3672,34.02941227585337,0.45593261718750006,-2.0928955078125,LEFT_SIDE,LEVEL,True,OK
1789616100.2760773,16.9922,-12.8662,-26.2939,33.8473505682498,0.44494628906250006,-2.0819091796875,LEFT_SIDE,LEVEL,True,OK
1789616100.3141637,16.9556,-12.9395,-26.196299999999997,33.78119543917888,0.43945312499999983,-2.0709228515625004,LEFT_SIDE,LEVEL,True,OK
1789616100.3548665,16.9922,-12.963899999999999,-26.2695,33.86567870721034,0.44494628906250006,-2.0819091796874996,LEFT_SIDE,LEVEL,True,OK
1789616100.3941603,16.98,-13.3179,-25.9521,33.75201260399149,0.45043945312499994,-2.08740234375,LEFT_SIDE,LEVEL,True,OK
1789616100.4373243,17.0044,-13.085899999999999,-26.3916,34.01333486634323,0.45043945312499994,-2.0764160156250004,LEFT_SIDE,LEVEL,True,OK
1789616100.4752886,16.9556,-12.695299999999998,-26.489299999999997,33.91675143553698,0.4449462890624997,-2.0819091796874996,LEFT_SIDE,LEVEL,True,OK
1789616100.5152478,16.9556,-12.8784,-26.049799999999998,33.644280910133894,0.4449462890625001,-2.0819091796874996,LEFT_SIDE,LEVEL,True,OK
1789616100.5586903,16.931199999999997,-13.1958,-25.927699999999998,33.66066396210865,0.45043945312499994,-2.0709228515625,LEFT_SIDE,LEVEL,True,OK
1789616100.5956132,16.9678,-13.0005,-26.342799999999997,33.924362174254654,0.44494628906250006,-2.0819091796874996,LEFT_SIDE,LEVEL,True,OK
1789616100.6352792,16.9922,-13.0127,-26.3916,33.97913731527038,0.44494628906250006,-2.0819091796874996,LEFT_SIDE,LEVEL,True,OK
1789616100.6754487,16.9678,-12.976099999999999,-26.3916,33.95293740768241,0.439453125,-2.0654296875,LEFT_SIDE,LEVEL,True,OK
1789616100.715405,16.9434,-13.159199999999998,-25.7568,33.52097991467433,0.428466796875,-2.054443359375,LEFT_SIDE,LEVEL,True,OK
1789616100.7559857,17.0044,-13.0615,-26.2207,33.871485206586385,0.4064941406249999,-2.0379638671874996,LEFT_SIDE,LEVEL,True,OK
1789616100.7967353,17.0166,-13.159199999999998,-26.342799999999997,34.009885798690945,0.40649414062500017,-2.0379638671875,LEFT_SIDE,LEVEL,True,OK
1789616100.8352876,17.0166,-13.220199999999998,-26.3916,34.07132099229497,0.4174804687499998,-2.048950195312499,LEFT_SIDE,LEVEL,True,OK
1789616100.8754635,17.0288,-12.902799999999997,-26.2695,33.860728101002195,0.4174804687499998,-2.048950195312499,LEFT_SIDE,LEVEL,True,OK
1789616100.915304,16.98,-12.915,-26.123,33.727270183043274,0.41198730468749994,-2.04345703125,LEFT_SIDE,LEVEL,True,OK
1789616100.955775,16.98,-12.9883,-26.2207,33.83107218785713,0.4174804687499999,-2.0489501953124996,LEFT_SIDE,LEVEL,True,OK
1789616100.996448,17.0044,-13.098099999999999,-26.2939,33.94228955418299,0.43395996093749983,-2.0599365234374996,LEFT_SIDE,LEVEL,True,OK
1789616101.0354016,17.0044,-13.171399999999998,-26.342799999999997,34.00850642354057,0.42846679687500006,-2.0489501953125004,LEFT_SIDE,LEVEL,True,OK
1789616101.0767412,17.040999999999997,-13.0615,-26.318399999999997,33.965521368146256,0.41198730468750017,-2.04345703125,LEFT_SIDE,LEVEL,True,OK
1789616101.1157463,17.0044,-13.1958,-26.2695,33.9612335943499,0.4174804687500001,-2.0434570312500004,LEFT_SIDE,LEVEL,True,OK
1789616101.1562343,16.9922,-13.4644,-26.2207,34.022787021200955,0.42846679687500006,-2.0489501953125004,LEFT_SIDE,LEVEL,True,OK
1789616101.1982784,17.0044,-13.1958,-26.342799999999997,34.01796391379119,0.428466796875,-2.054443359375,LEFT_SIDE,LEVEL,True,OK
1789616101.235386,17.040999999999997,-13.1226,-26.2207,33.91346959911356,0.43395996093750017,-2.0544433593750004,LEFT_SIDE,LEVEL,True,OK
1789616101.2777133,16.98,-13.1348,-26.464799999999997,34.07681044464108,0.4339599609375,-2.0709228515625004,LEFT_SIDE,LEVEL,True,OK
1789616101.3160522,16.9434,-13.3301,-26.1719,33.90779732126521,0.43395996093749994,-2.0709228515625,LEFT_SIDE,LEVEL,True,OK
1789616101.3566022,17.0044,-13.1958,-26.342799999999997,34.01796391379119,0.4284667968750001,-2.0599365234374996,LEFT_SIDE,LEVEL,True,OK
1789616101.398213,17.040999999999997,-13.0005,-26.001,33.69659748772864,0.41748046875000017,-2.054443359375,LEFT_SIDE,LEVEL,True,OK
1789616101.4360757,17.0166,-13.1958,-26.342799999999997,34.02406391129666,0.41748046875000017,-2.054443359375,LEFT_SIDE,LEVEL,True,OK
1789616101.477768,16.9678,-13.1348,-26.416,34.0328409610482,0.42297363281250017,-2.054443359375,LEFT_SIDE,LEVEL,True,OK
1789616101.5160952,16.9678,-13.0737,-26.318399999999997,33.933553410894056,0.41748046875,-2.0599365234374996,LEFT_SIDE,LEVEL,True,OK
1789616101.5572693,16.98,-13.110399999999998,-26.2939,33.934822312338696,0.41748046875000006,-2.0489501953124996,LEFT_SIDE,LEVEL,True,OK
1789616101.5961666,16.9922,-13.159199999999998,-26.2939,33.959808342951526,0.41748046875,-2.0599365234374996,LEFT_SIDE,LEVEL,True,OK
1789616101.6372561,17.0044,-13.1836,-26.196299999999997,33.899897669609565,0.43395996093749994,-2.0709228515624996,LEFT_SIDE,LEVEL,True,OK
1789616101.6774666,16.9922,-13.171399999999998,-26.2695,33.94565169576215,0.44494628906249994,-2.0819091796874996,LEFT_SIDE,LEVEL,True,OK
1789616101.7160983,17.0044,-13.159199999999998,-26.2939,33.96591440267728,0.43945312500000006,-2.0764160156249996,LEFT_SIDE,LEVEL,True,OK
1789616101.7566395,16.9678,-13.232399999999998,-26.342799999999997,34.01390536883408,0.44494628906249983,-2.0819091796874996,LEFT_SIDE,LEVEL,True,OK
1789616101.7973468,16.9678,-13.171399999999998,-26.318399999999997,33.97131427189711,0.45593261718750006,-2.0983886718750004,LEFT_SIDE,LEVEL,True,OK
1789616101.8360236,16.98,-13.3789,-25.9033,33.738647217990234,0.4614257812499997,-2.1038818359375,LEFT_SIDE,LEVEL,True,OK
1789616101.8769157,16.9556,-12.976099999999999,-26.3672,33.927876125834935,0.46142578124999994,-2.098388671875,LEFT_SIDE,LEVEL,True,OK
1789616101.9160094,16.894499999999997,-12.963899999999999,-26.5381,34.02583702232761,0.45593261718750017,-2.0983886718750004,LEFT_SIDE,LEVEL,True,OK
1789616101.9562488,16.9556,-12.9517,-26.1475,33.748046765701865,0.45043945312500006,-2.098388671875,LEFT_SIDE,LEVEL,True,OK
1789616101.999079,17.0044,-13.1348,-25.8789,33.636142103546895,0.45593261718750017,-2.0928955078125,LEFT_SIDE,LEVEL,True,OK
1789616102.0392356,17.0044,-13.085899999999999,-26.3672,33.994405922298455,0.45593261718750006,-2.0928955078125,LEFT_SIDE,LEVEL,True,OK
1789616102.0776808,16.906699999999997,-12.976099999999999,-26.416,33.94143090825724,0.4614257812499997,-2.1038818359375,LEFT_SIDE,LEVEL,True,OK
1789616102.1181097,16.906699999999997,-12.8784,-26.049799999999998,33.61966346485342,0.45593261718750017,-2.1038818359375,LEFT_SIDE,LEVEL,True,OK
1789616102.1582866,16.9189,-13.098099999999999,-25.6104,33.37217387255436,0.45043945312499994,-2.0928955078125004,LEFT_SIDE,LEVEL,True,OK
1789616102.198174,16.9434,-13.098099999999999,-26.2695,33.89285555128101,0.4504394531250003,-2.098388671875,LEFT_SIDE,LEVEL,True,OK
1789616102.2381046,16.9434,-13.171399999999998,-26.2695,33.92125015045878,0.45593261718750017,-2.109375,LEFT_SIDE,LEVEL,True,OK
1789616102.2801218,16.9434,-13.024899999999999,-26.3916,33.959437188063056,0.45593261718749994,-2.1093749999999996,LEFT_SIDE,LEVEL,True,OK
1789616102.319063,16.931199999999997,-13.0127,-26.123,33.74028784302232,0.4504394531249999,-2.109375,LEFT_SIDE,LEVEL,True,OK
1789616102.3592663,16.9189,-13.0615,-26.196299999999997,33.80973370421601,0.45043945312500017,-2.1148681640624996,LEFT_SIDE,LEVEL,True,OK
1789616102.3991513,16.9434,-13.147,-26.3672,33.98752195144565,0.45043945312500017,-2.1148681640624996,LEFT_SIDE,LEVEL,True,OK
1789616102.4391468,16.9556,-13.171399999999998,-26.196299999999997,33.87069947624347,0.4559326171875002,-2.1148681640624996,LEFT_SIDE,LEVEL,True,OK
1789616102.4792228,16.9189,-13.0127,-26.196299999999997,33.7909110884865,0.4614257812500001,-2.120361328125,LEFT_SIDE,LEVEL,True,OK
1789616102.519408,16.9189,-12.915,-26.1719,33.73447423363821,0.4669189453124998,-2.1258544921874996,LEFT_SIDE,LEVEL,True,OK
1789616102.5592494,16.9189,-12.915,-26.1475,33.71554772593795,0.4614257812499997,-2.1368408203125,LEFT_SIDE,LEVEL,True,OK
1789616102.5992353,16.906699999999997,-13.366699999999998,-26.074199999999998,33.82852464149153,0.4669189453125002,-2.1313476562499996,LEFT_SIDE,LEVEL,True,OK
1789616102.6391585,16.9556,-13.1836,-26.342799999999997,33.98886276650044,0.4779052734374998,-2.1423339843750004,LEFT_SIDE,LEVEL,True,OK
1789616102.6791995,16.9434,-13.037099999999999,-26.7578,34.249447306635474,0.4779052734374998,-2.1423339843750004,LEFT_SIDE,LEVEL,True,OK
1789616102.7193487,16.9434,-13.2446,-26.342799999999997,34.006489741812516,0.4724121093749999,-2.1423339843750004,LEFT_SIDE,LEVEL,True,OK
1789616102.7593133,16.9189,-13.427699999999998,-26.001,33.80243046734953,0.4669189453125002,-2.1368408203125,LEFT_SIDE,LEVEL,True,OK
1789616102.799167,16.9678,-13.220199999999998,-26.3672,34.028064310507,0.4724121093750001,-2.1313476562499996,LEFT_SIDE,LEVEL,True,OK
1789616102.839187,16.9556,-13.2568,-26.3916,34.055126899778244,0.48339843749999994,-2.142333984375,LEFT_SIDE,LEVEL,True,OK
1789616102.8793378,16.9556,-13.159199999999998,-26.5381,34.13103672041036,0.4724121093749999,-2.1368408203125,LEFT_SIDE,LEVEL,True,OK
1789616102.9213972,16.9189,-13.2935,-26.318399999999997,33.99447746355281,0.4669189453125,-2.1368408203125,LEFT_SIDE,LEVEL,True,OK
1789616102.9596868,16.9678,-13.1836,-26.3916,34.032779733074996,0.48339843749999994,-2.1533203125,LEFT_SIDE,LEVEL,True,OK
1789616102.9991958,16.9556,-13.085899999999999,-26.3916,33.98896439625662,0.494384765625,-2.1588134765624996,LEFT_SIDE,LEVEL,True,OK
1789616103.0392594,16.9556,-13.110399999999998,-26.3916,33.998404522565465,0.4943847656250001,-2.1533203125,LEFT_SIDE,LEVEL,True,OK
1789616103.0807657,16.98,-13.147,-26.3916,34.02470513553351,0.4888916015625001,-2.1588134765625,LEFT_SIDE,LEVEL,True,OK
1789616103.1209383,16.9556,-13.1958,-26.3672,34.01250865255311,0.494384765625,-2.17529296875,LEFT_SIDE,LEVEL,True,OK
1789616103.1593478,16.9189,-13.208,-26.3672,33.99896582324233,0.5163574218750002,-2.1807861328125004,LEFT_SIDE,LEVEL,True,OK
1789616103.1992009,16.894499999999997,-13.4766,-26.3672,34.09211219109194,0.49987792968749967,-2.1917724609374996,LEFT_SIDE,LEVEL,True,OK
1789616103.2391796,16.9189,-13.3301,-26.2939,33.98985025606909,0.49987792968749967,-2.1917724609374996,LEFT_SIDE,LEVEL,True,OK
1789616103.2816114,16.9189,-13.0493,-26.709,34.20386072799385,0.52734375,-2.2137451171875004,LEFT_SIDE,LEVEL,True,OK
1789616103.319998,16.931199999999997,-13.220199999999998,-26.440399999999997,34.06661083289618,0.5328369140625002,-2.1972656250000004,LEFT_SIDE,LEVEL,True,OK
1789616103.359185,16.906699999999997,-13.3301,-26.6357,34.24892093760035,0.5218505859374999,-2.1972656250000004,LEFT_SIDE,LEVEL,True,OK
1789616103.3993528,16.9189,-13.171399999999998,-26.416,34.02263968550941,0.5603027343749999,-2.2027587890625,LEFT_SIDE,LEVEL,True,OK
1789616103.4391775,16.9678,-13.110399999999998,-26.318399999999997,33.947709842638865,0.5328369140624999,-2.213745117187501,LEFT_SIDE,LEVEL,True,OK
1789616103.479208,16.894499999999997,-13.085899999999999,-26.318399999999997,33.901667917965334,0.5108642578125001,-2.2082519531249996,LEFT_SIDE,LEVEL,True,OK
1789616103.519637,16.8579,-13.0005,-26.2939,33.831508536717664,0.5712890625000001,-2.2357177734375,LEFT_SIDE,LEVEL,True,OK
1789616103.5591934,16.894499999999997,-12.915,-26.2207,33.76013127551491,0.5987548828125002,-2.2357177734375004,LEFT_SIDE,LEVEL,True,OK
1789616103.5992045,16.9189,-13.024899999999999,-26.342799999999997,33.90929531942532,0.5603027343749999,-2.2357177734375004,LEFT_SIDE,LEVEL,True,OK
1789616103.639147,16.9189,-13.1348,-26.416,34.008487238482104,0.560302734375,-2.252197265625,LEFT_SIDE,LEVEL,True,OK
1789616103.6793246,16.8823,-13.110399999999998,-26.2939,33.88604164932812,0.5987548828124999,-2.268676757812501,LEFT_SIDE,LEVEL,True,OK
1789616103.7207098,16.8579,-12.976099999999999,-26.1719,33.72738224692216,0.5877685546875,-2.2686767578125,LEFT_SIDE,LEVEL,True,OK
1789616103.759221,16.8701,-12.9395,-26.1719,33.719419981221506,0.582275390625,-2.2576904296874996,LEFT_SIDE,LEVEL,True,OK
1789616103.799314,16.8457,-12.976099999999999,-26.2451,33.778129813682696,0.5822753906249999,-2.2631835937499996,LEFT_SIDE,LEVEL,True,OK
1789616103.8391957,16.894499999999997,-13.1348,-26.2451,33.863732447856364,0.5877685546875,-2.2686767578125,LEFT_SIDE,LEVEL,True,OK
1789616103.8802426,16.894499999999997,-13.0493,-26.318399999999997,33.88755729320128,0.59326171875,-2.2686767578125,LEFT_SIDE,LEVEL,True,OK
1789616103.9209461,16.8579,-12.890599999999997,-26.1719,33.69457983682242,0.5987548828125,-2.2796630859375004,LEFT_SIDE,LEVEL,True,OK
1789616103.9602318,16.8335,-12.8784,-26.5381,33.963077899683945,0.6042480468750001,-2.2741699218750004,LEFT_SIDE,LEVEL,True,OK
1789616104.00026,16.8579,-12.829599999999997,-26.2939,33.76620508407778,0.6042480468749998,-2.2851562500000004,LEFT_SIDE,LEVEL,True,OK
1789616104.0402532,16.931199999999997,-12.963899999999999,-26.1719,33.75939256355185,0.615234375,-2.2961425781249996,LEFT_SIDE,LEVEL,True,OK
1789616104.080309,16.8823,-12.963899999999999,-26.2695,33.810669717561055,0.6207275390625001,-2.3016357421875004,LEFT_SIDE,LEVEL,True,OK
1789616104.1209664,16.8457,-12.7197,-26.6602,34.004920829491724,0.6262207031249999,-2.3126220703125004,LEFT_SIDE,LEVEL,True,OK
1789616104.1603322,16.8457,-12.829599999999997,-26.2207,33.70313565738358,0.6481933593750003,-2.3291015625,LEFT_SIDE,LEVEL,True,OK
1789616104.2003822,16.8701,-13.1226,-26.001,33.657910002999294,0.6701660156249997,-2.3455810546875,LEFT_SIDE,LEVEL,True,OK
1789616104.240247,16.8701,-13.1836,-26.5137,34.07908259710052,0.6591796875000003,-2.340087890625,LEFT_SIDE,LEVEL,True,OK
1789616104.2802362,16.8213,-13.171399999999998,-26.8311,34.29795677383712,0.6591796875000002,-2.3455810546875004,LEFT_SIDE,LEVEL,True,OK
1789616104.3208508,16.8701,-13.171399999999998,-26.489299999999997,34.05538234200285,0.6701660156249997,-2.3455810546875,LEFT_SIDE,LEVEL,True,OK
1789616104.3602483,16.894499999999997,-13.1836,-26.489299999999997,34.07219472972059,0.6591796875000002,-2.3455810546875004,LEFT_SIDE,LEVEL,True,OK
1789616104.4002964,16.8701,-13.1836,-26.318399999999997,33.92736007310324,0.6646728515624999,-2.3510742187500004,LEFT_SIDE,LEVEL,True,OK
1789616104.440256,16.894499999999997,-13.1348,-26.5381,34.09131638555484,0.6701660156249997,-2.3565673828125004,LEFT_SIDE,LEVEL,True,OK
1789616104.4805665,16.8823,-13.0737,-26.440399999999997,33.98570930758986,0.6756591796874999,-2.3620605468750004,LEFT_SIDE,LEVEL,True,OK
1789616104.5207312,16.894499999999997,-13.037099999999999,-26.489299999999997,34.01577753263917,0.6866455078125,-2.3620605468750004,LEFT_SIDE,LEVEL,True,OK
1789616104.5602453,16.8823,-13.0493,-26.5381,34.05241599930906,0.6921386718750001,-2.3840332031250004,LEFT_SIDE,LEVEL,True,OK
1789616104.600241,16.8701,-13.0493,-26.318399999999997,33.87539937860512,0.7086181640625002,-2.4114990234375,LEFT_SIDE,LEVEL,True,OK
1789616104.640328,16.8457,-13.110399999999998,-26.5625,34.0767751247092,0.7196044921875,-2.4114990234375,LEFT_SIDE,LEVEL,True,OK
1789616104.6810257,16.8701,-13.0737,-26.489299999999997,34.0177147996452,0.7305908203125002,-2.4114990234375,LEFT_SIDE,LEVEL,True,OK
1789616104.7219336,16.8701,-12.9395,-26.9043,34.29099433889312,0.7305908203125,-2.4224853515625004,LEFT_SIDE,LEVEL,True,OK
1789616104.7602568,16.8579,-13.171399999999998,-26.5625,34.10631871985014,0.7250976562499999,-2.4279785156249996,LEFT_SIDE,LEVEL,True,OK
1789616104.8002765,16.8335,-13.305699999999998,-26.1475,33.82454923557741,0.7360839843749997,-2.4279785156250004,LEFT_SIDE,LEVEL,True,OK
1789616104.840207,16.8579,-13.232399999999998,-26.586899999999996,34.1489158507265,0.7470703125,-2.427978515625,LEFT_SIDE,LEVEL,True,OK
1789616104.880939,16.906699999999997,-12.8174,-26.8311,34.2057038351793,0.736083984375,-2.4279785156250004,LEFT_SIDE,LEVEL,True,OK
1789616104.9212658,16.8579,-13.159199999999998,-26.5625,34.10160910133127,0.7305908203125001,-2.427978515625,LEFT_SIDE,LEVEL,True,OK
1789616104.960213,16.8579,-13.305699999999998,-26.489299999999997,34.10151696611164,0.7470703124999999,-2.427978515625,LEFT_SIDE,LEVEL,True,OK
1789616105.0001907,16.8701,-13.024899999999999,-26.416,33.941911407874485,0.7525634765624997,-2.4334716796875004,LEFT_SIDE,LEVEL,True,OK
1789616105.041197,16.906699999999997,-12.9517,-26.9531,34.35189423292404,0.7470703124999998,-2.4334716796875,LEFT_SIDE,LEVEL,True,OK
1789616105.0813096,16.8579,-13.085899999999999,-26.5625,34.07339104741411,0.7525634765624999,-2.4499511718750004,LEFT_SIDE,LEVEL,True,OK
1789616105.122383,16.8213,-12.8784,-26.3672,33.82363901312217,0.7690429687499998,-2.4499511718750004,LEFT_SIDE,LEVEL,True,OK
1789616105.1623747,16.8213,-13.0127,-26.2451,33.78004986660026,0.7690429687499998,-2.4499511718750004,LEFT_SIDE,LEVEL,True,OK
1789616105.2012482,16.8823,-12.780799999999997,-26.586899999999996,33.98858857822725,0.7580566406250003,-2.4499511718750004,LEFT_SIDE,LEVEL,True,OK
1789616105.2422097,16.8701,-13.159199999999998,-26.611299999999996,34.145660139174346,0.7690429687499998,-2.4499511718750004,LEFT_SIDE,LEVEL,True,OK
1789616105.2823226,16.8457,-13.110399999999998,-26.5381,34.0577590023184,0.7800292968749998,-2.4554443359375,LEFT_SIDE,LEVEL,True,OK
1789616105.3234456,16.8335,-13.0493,-26.440399999999997,33.952108990458896,0.7745361328125001,-2.449951171875,LEFT_SIDE,LEVEL,True,OK
1789616105.3625445,16.7969,-13.037099999999999,-26.416,33.9102769381201,0.7690429687499999,-2.4554443359375004,LEFT_SIDE,LEVEL,True,OK
1789616105.4032545,16.8457,-12.9883,-26.440399999999997,33.93476532319032,0.791015625,-2.4609375000000004,LEFT_SIDE,LEVEL,True,OK
1789616105.442243,16.8823,-13.098099999999999,-26.6602,34.16633636988315,0.7965087890625,-2.4609375000000004,LEFT_SIDE,LEVEL,True,OK
1789616105.482635,16.894499999999997,-12.8174,-26.611299999999996,34.02750594298677,0.7855224609375,-2.4609374999999996,LEFT_SIDE,LEVEL,True,OK
1789616105.523745,16.8335,-12.9272,-26.464799999999997,33.92439920072277,0.7855224609375003,-2.4609375000000004,LEFT_SIDE,LEVEL,True,OK
1789616105.5623739,16.8213,-12.854,-26.5381,33.94778639764307,0.7910156250000001,-2.4664306640624996,LEFT_SIDE,LEVEL,True,OK
1789616105.6021988,16.8213,-12.841799999999997,-26.464799999999997,33.88589086876719,0.7910156250000001,-2.4664306640624996,LEFT_SIDE,LEVEL,True,OK
1789616105.6423075,16.8823,-12.9272,-26.416,33.91061204298737,0.7965087890625,-2.471923828125,LEFT_SIDE,LEVEL,True,OK
1789616105.6822472,16.8335,-13.0127,-26.489299999999997,33.97616956088487,0.8074951171875,-2.471923828125,LEFT_SIDE,LEVEL,True,OK
1789616105.7233377,16.7969,-12.902799999999997,-26.733399999999996,34.107078048551735,0.8074951171875002,-2.4774169921875,LEFT_SIDE,LEVEL,True,OK
1789616105.762396,16.784699999999997,-12.9883,-26.2695,33.77141870324669,0.8074951171874999,-2.48291015625,LEFT_SIDE,LEVEL,True,OK
1789616105.8022249,16.8701,-12.8784,-26.318399999999997,33.80993403025211,0.8239746093750001,-2.488403320312499,LEFT_SIDE,LEVEL,True,OK
1789616105.8422422,16.8335,-13.171399999999998,-26.6357,34.151325226116775,0.8294677734374998,-2.4993896484375,LEFT_SIDE,LEVEL,True,OK
1789616105.8823447,16.8579,-13.0615,-26.586899999999996,34.08305775997805,0.8294677734374998,-2.4938964843749996,LEFT_SIDE,LEVEL,True,OK
1789616105.9240382,16.8457,-13.0615,-26.6357,34.115112563642526,0.8349609375,-2.515869140625,LEFT_SIDE,LEVEL,True,OK
1789616105.9623635,16.8457,-13.0493,-26.416,33.93916461818116,0.8349609374999998,-2.515869140625,LEFT_SIDE,LEVEL,True,OK
1789616106.0022717,16.8335,-12.976099999999999,-26.611299999999996,34.05741007695682,0.8294677734374999,-2.5158691406249996,LEFT_SIDE,LEVEL,True,OK
1789616106.0452373,16.8457,-13.085899999999999,-26.6846,34.16264428377874,0.8349609374999998,-2.515869140625,LEFT_SIDE,LEVEL,True,OK
1789616106.0843046,16.8457,-12.9272,-26.6602,34.08308044132748,0.8404541015624998,-2.5158691406249996,LEFT_SIDE,LEVEL,True,OK
1789616106.1247237,16.8457,-13.0737,-26.5625,34.06267233248149,0.8404541015624998,-2.515869140625,LEFT_SIDE,LEVEL,True,OK
1789616106.1643348,16.7969,-13.0127,-26.8311,34.225343506092095,0.8349609375,-2.515869140625,LEFT_SIDE,LEVEL,True,OK
1789616106.2042964,16.8091,-13.0493,-26.5381,34.01618474946889,0.8569335937499999,-2.52685546875,LEFT_SIDE,LEVEL,True,OK
1789616106.244225,16.8091,-13.110399999999998,-26.6357,34.11581664653508,0.8624267578124996,-2.543334960937499,LEFT_SIDE,LEVEL,True,OK
1789616106.284097,16.8213,-13.0615,-26.611299999999996,34.084016835314465,0.8679199218749996,-2.5433349609375,LEFT_SIDE,LEVEL,True,OK
1789616106.3242295,16.8579,-12.8784,-26.9287,34.28114441876175,0.8898925781250001,-2.5598144531250004,LEFT_SIDE,LEVEL,True,OK
1789616106.3643577,16.7969,-13.171399999999998,-26.6602,34.152421460417706,0.8953857421875003,-2.5762939453125004,LEFT_SIDE,LEVEL,True,OK
1789616106.4043958,16.8091,-13.2446,-26.196299999999997,33.82619407589331,0.8898925781249998,-2.5762939453125,LEFT_SIDE,LEVEL,True,OK
1789616106.444251,16.8457,-13.0615,-26.709,34.17237293106816,0.9063720703125001,-2.581787109375,LEFT_SIDE,LEVEL,True,OK
1789616106.4841866,16.8335,-12.6587,-27.0264,34.26420442531827,0.9228515624999992,-2.5872802734374996,LEFT_SIDE,LEVEL,True,OK
1789616106.5242052,16.8091,-13.037099999999999,-26.7822,34.202310683051806,0.9008789062500003,-2.5927734375000004,LEFT_SIDE,LEVEL,True,OK
1789616106.5653627,16.784699999999997,-13.232399999999998,-26.2695,33.866047807501836,0.8843994140625003,-2.5872802734374996,LEFT_SIDE,LEVEL,True,OK
1789616106.605331,16.8091,-12.9517,-26.6602,34.07431055414035,0.8789062500000003,-2.5872802734375004,LEFT_SIDE,LEVEL,True,OK
1789616106.645445,16.8213,-12.890599999999997,-26.8311,34.191104534074356,0.8789062499999999,-2.5817871093750004,LEFT_SIDE,LEVEL,True,OK
1789616106.6851926,16.784699999999997,-13.0615,-26.586899999999996,34.04691157726351,0.8734130859374997,-2.5872802734374996,LEFT_SIDE,LEVEL,True,OK
1789616106.7263753,16.7603,-13.171399999999998,-26.464799999999997,33.98204044918433,0.8734130859374999,-2.5872802734374996,LEFT_SIDE,LEVEL,True,OK
1789616106.7662184,16.7603,-12.963899999999999,-26.464799999999997,33.90215329945872,0.8789062500000001,-2.5982666015625004,LEFT_SIDE,LEVEL,True,OK
1789616106.806242,16.784699999999997,-12.829599999999997,-26.2695,33.710701868991094,0.8843994140624999,-2.5872802734375,LEFT_SIDE,LEVEL,True,OK
1789616106.846619,16.8335,-13.171399999999998,-26.733399999999996,34.22757916899762,0.8843994140625002,-2.5927734374999996,LEFT_SIDE,LEVEL,True,OK
1789616106.8862782,16.784699999999997,-13.085899999999999,-26.6602,34.113533926287964,0.8679199218749999,-2.5872802734375,LEFT_SIDE,LEVEL,True,OK
1789616106.9272225,16.784699999999997,-13.098099999999999,-26.6357,34.099074652987284,0.8569335937499999,-2.5872802734374996,LEFT_SIDE,LEVEL,True,OK
1789616106.9673564,16.784699999999997,-12.8174,-26.489299999999997,33.877646189486065,0.8734130859374999,-2.5927734374999987,LEFT_SIDE,LEVEL,True,OK
1789616107.0073001,16.7725,-12.854,-26.489299999999997,33.885470141935464,0.8734130859374999,-2.5927734374999987,LEFT_SIDE,LEVEL,True,OK
1789616107.047179,16.8091,-13.147,-26.7578,34.22527301059847,0.8624267578125,-2.5872802734375,LEFT_SIDE,LEVEL,True,OK
1789616107.0871687,16.8213,-12.976099999999999,-26.6846,34.10869657521378,0.8679199218749999,-2.5872802734375,LEFT_SIDE,LEVEL,True,OK
1789616107.1281881,16.784699999999997,-13.0127,-26.5381,33.990105427756475,0.8624267578125002,-2.5872802734375,LEFT_SIDE,LEVEL,True,OK
1789616107.1689456,16.748,-12.902799999999997,-26.464799999999997,33.87275292738988,0.8624267578124999,-2.5927734374999996,LEFT_SIDE,LEVEL,True,OK
1789616107.208327,16.7603,-12.9272,-26.464799999999997,33.88813649302658,0.8624267578124999,-2.5872802734375,LEFT_SIDE,LEVEL,True,OK
1789616107.248265,16.8213,-13.1836,-26.2451,33.84625114632343,0.8679199218749997,-2.5872802734375004,LEFT_SIDE,LEVEL,True,OK
1789616107.2880778,16.784699999999997,-13.1226,-26.8066,34.24211717183971,0.8624267578125,-2.5872802734375,LEFT_SIDE,LEVEL,True,OK
1789616107.3292916,16.748,-13.3301,-26.7822,34.28517619686386,0.8514404296875001,-2.5872802734374996,LEFT_SIDE,LEVEL,True,OK
1789616107.3682535,16.7725,-12.963899999999999,-26.489299999999997,33.92731162279145,0.8514404296875001,-2.5872802734374996,LEFT_SIDE,LEVEL,True,OK
1789616107.4083674,16.7969,-12.829599999999997,-26.2207,33.67877067619898,0.8569335937499998,-2.5872802734374996,LEFT_SIDE,LEVEL,True,OK
1789616107.4481907,16.7969,-13.1226,-26.6357,34.11449830878361,0.8569335937499998,-2.5872802734374996,LEFT_SIDE,LEVEL,True,OK
1789616107.4893503,16.784699999999997,-13.098099999999999,-26.7822,34.21363199866392,0.8569335937499999,-2.5817871093749996,RIGHT_SIDE,LEVEL,True,OK
1789616107.5292742,16.784699999999997,-13.0493,-26.6846,34.1185911452979,0.8514404296875001,-2.5872802734374996,RIGHT_SIDE,LEVEL,True,OK
1789616107.569172,16.784699999999997,-13.0493,-26.1475,33.70018013052749,0.8569335937499999,-2.5872802734374996,RIGHT_SIDE,LEVEL,True,OK
1789616107.6102915,16.748,-13.0005,-26.586899999999996,34.005466558481444,0.8624267578125001,-2.5817871093749996,RIGHT_SIDE,LEVEL,True,OK
1789616107.650316,16.784699999999997,-13.0615,-26.7822,34.19963703286922,0.8569335937499998,-2.5762939453125,RIGHT_SIDE,LEVEL,True,OK
1789616107.6912131,16.7603,-13.0127,-26.5137,33.9590091885791,0.8514404296875003,-2.5762939453125,RIGHT_SIDE,LEVEL,True,OK
1789616107.7363605,16.784699999999997,-13.147,-26.5625,34.06077170793404,0.8459472656250001,-2.5762939453125,RIGHT_SIDE,LEVEL,True,OK
1789616107.771575,16.7725,-13.037099999999999,-26.586899999999996,34.031543959538475,0.8459472656250007,-2.581787109375001,RIGHT_SIDE,LEVEL,True,OK
1789616107.812236,16.784699999999997,-13.0737,-26.440399999999997,33.93733251067325,0.8514404296874999,-2.5817871093750004,RIGHT_SIDE,LEVEL,True,OK
1789616107.8513553,16.7969,-13.1226,-26.5625,34.05737639073216,0.8514404296874999,-2.5817871093750004,RIGHT_SIDE,LEVEL,True,OK
1789616107.891247,16.7603,-13.0005,-26.5625,33.992455965846304,0.8404541015624998,-2.5762939453125004,RIGHT_SIDE,LEVEL,True,OK
1789616107.9353757,16.7969,-13.0127,-26.6357,34.07237481288911,0.8349609375000001,-2.5762939453124996,RIGHT_SIDE,LEVEL,True,OK
1789616107.9733894,16.7725,-12.9395,-26.5625,33.9751942268179,0.8404541015624998,-2.5708007812499996,RIGHT_SIDE,LEVEL,True,OK
1789616108.0133772,16.784699999999997,-12.9883,-26.3672,33.847471498178415,0.8404541015624998,-2.5762939453125004,RIGHT_SIDE,LEVEL,True,OK
1789616108.053323,16.8213,-12.963899999999999,-26.586899999999996,34.0276665157927,0.8404541015624998,-2.5762939453125004,RIGHT_SIDE,LEVEL,True,OK
1789616108.0932546,16.748,-12.8784,-26.977499999999996,34.26564163721438,0.8404541015624998,-2.5762939453125,RIGHT_SIDE,LEVEL,True,OK
1789616108.1363878,16.784699999999997,-13.0127,-26.586899999999996,34.02822015607046,0.8404541015624998,-2.5762939453125,RIGHT_SIDE,LEVEL,True,OK
1789616108.1754441,16.7603,-13.1836,-26.0986,33.70240179883327,0.8404541015624998,-2.5762939453125,RIGHT_SIDE,LEVEL,True,OK
1789616108.215449,16.7969,-12.9883,-26.440399999999997,33.91056676996125,0.8294677734375001,-2.5762939453125,RIGHT_SIDE,LEVEL,True,OK
1789616108.2555802,16.8091,-12.9883,-27.001999999999995,34.356218995983824,0.81298828125,-2.5762939453125004,RIGHT_SIDE,LEVEL,True,OK
1789616108.295404,16.8213,-13.3301,-26.6846,34.24493505410691,0.8184814453125002,-2.5762939453125,RIGHT_SIDE,LEVEL,True,OK
1789616108.335356,16.7969,-13.635299999999999,-26.416,34.14472597195649,0.8294677734374999,-2.581787109375,RIGHT_SIDE,LEVEL,True,OK
1789616108.3755052,16.7603,-12.976099999999999,-26.464799999999997,33.906820351368836,0.8184814453125006,-2.5762939453125,RIGHT_SIDE,LEVEL,True,OK
1789616108.415378,16.748,-12.841799999999997,-26.5625,33.9260038538287,0.8129882812500004,-2.5708007812500004,RIGHT_SIDE,LEVEL,True,OK
1789616108.4555886,16.7603,-13.0493,-26.586899999999996,34.0302091999153,0.8074951171875001,-2.5762939453125,RIGHT_SIDE,LEVEL,True,OK
1789616108.4954994,16.7236,-13.281199999999998,-26.6357,34.139853322619885,0.8020019531250001,-2.5762939453125,RIGHT_SIDE,LEVEL,True,OK
1789616108.535326,16.7725,-13.0005,-26.5381,33.979413004200055,0.8020019531250001,-2.5762939453125,RIGHT_SIDE,LEVEL,True,OK
1789616108.5753984,16.7725,-12.829599999999997,-26.3916,33.799880812955536,0.8074951171875001,-2.5762939453125,RIGHT_SIDE,LEVEL,True,OK
1789616108.615489,16.7114,-12.915,-26.342799999999997,33.76405228641846,0.8020019531250001,-2.5762939453125,RIGHT_SIDE,LEVEL,True,OK
1789616108.6553674,16.7236,-13.159199999999998,-26.9287,34.321978749629224,0.8074951171875,-2.5817871093749996,RIGHT_SIDE,LEVEL,True,OK
1789616108.695416,16.7603,-13.159199999999998,-26.5625,34.05346688635388,0.8129882812499998,-2.5872802734374996,RIGHT_SIDE,LEVEL,True,OK
1789616108.7356331,16.7725,-13.159199999999998,-26.5381,34.04044730170272,0.7965087890625002,-2.5817871093749996,RIGHT_SIDE,LEVEL,True,OK
1789616108.7753975,16.748,-12.976099999999999,-26.2451,33.72951154730824,0.7855224609375001,-2.5762939453125,RIGHT_SIDE,LEVEL,True,OK
1789616108.8154542,16.7358,-12.9272,-26.3916,33.81887124136463,0.7855224609375001,-2.581787109375,RIGHT_SIDE,LEVEL,True,OK
1789616108.8553524,16.784699999999997,-13.098099999999999,-26.5137,34.003862506927064,0.7800292968750003,-2.5817871093750004,RIGHT_SIDE,LEVEL,True,OK
1789616108.8955119,16.7236,-13.0493,-26.5137,33.95496009628049,0.7525634765625,-2.5762939453125,RIGHT_SIDE,LEVEL,True,OK
1789616108.9354887,16.7236,-13.1348,-26.9531,34.33178363572158,0.7086181640625002,-2.5762939453125,RIGHT_SIDE,LEVEL,True,OK
1789616108.9755764,16.7114,-12.976099999999999,-26.1475,33.635425037005255,0.6921386718749999,-2.5762939453124996,RIGHT_SIDE,LEVEL,True,OK
1789616109.0170705,16.748,-12.756299999999998,-26.2207,33.626534198159646,0.6866455078124999,-2.5598144531249996,RIGHT_SIDE,LEVEL,True,OK
1789616109.0557213,16.748,-13.159199999999998,-26.464799999999997,33.97124795588175,0.6536865234375001,-2.5433349609374996,RIGHT_SIDE,LEVEL,True,OK
1789616109.095408,16.7114,-13.0615,-26.9043,34.25952467125018,0.6317138671875,-2.5378417968749996,RIGHT_SIDE,LEVEL,True,OK
1789616109.136141,16.748,-13.2568,-26.5137,34.04723979899105,0.6262207031249999,-2.537841796875,RIGHT_SIDE,LEVEL,True,OK
1789616109.1757329,16.7236,-13.3423,-26.074199999999998,33.72772853143241,0.6262207031250001,-2.5323486328125004,RIGHT_SIDE,LEVEL,True,OK
1789616109.2156057,16.7236,-13.3423,-26.464799999999997,34.03059513570105,0.6152343750000002,-2.537841796875,RIGHT_SIDE,LEVEL,True,OK
1789616109.255606,16.7114,-13.305699999999998,-26.9287,34.37248065153285,0.615234375,-2.5378417968749996,RIGHT_SIDE,LEVEL,True,OK
1789616109.296223,16.7236,-13.281199999999998,-26.489299999999997,34.025756198650456,0.6097412109375001,-2.537841796875,RIGHT_SIDE,LEVEL,True,OK
1789616109.3362093,16.7236,-13.3423,-26.489299999999997,34.04965169777805,0.5932617187499998,-2.5323486328124996,RIGHT_SIDE,LEVEL,True,OK
1789616109.3761206,16.7114,-13.281199999999998,-26.342799999999997,33.90581477033106,0.5822753906250002,-2.5323486328124996,RIGHT_SIDE,LEVEL,True,OK
1789616109.41769,16.748,-13.281199999999998,-26.5625,34.09475302286262,0.582275390625,-2.5378417968749996,RIGHT_SIDE,LEVEL,True,OK
1789616109.456274,16.748,-13.4033,-26.586899999999996,34.16148718220563,0.5767822265624999,-2.5378417968749996,RIGHT_SIDE,LEVEL,True,OK
1789616109.4956543,16.7236,-13.305699999999998,-26.5381,34.07332095731204,0.5767822265624998,-2.537841796874999,RIGHT_SIDE,LEVEL,True,OK
1789616109.5363681,16.7358,-13.3423,-26.6357,34.16964274644966,0.5657958984374998,-2.537841796874999,RIGHT_SIDE,LEVEL,True,OK
1789616109.575534,16.7114,-13.4399,-26.3916,34.006151686569886,0.5548095703125001,-2.543334960937499,RIGHT_SIDE,LEVEL,True,OK
1789616109.6164792,16.6992,-13.3789,-26.5381,34.09001316309514,0.5548095703125003,-2.5433349609374996,RIGHT_SIDE,LEVEL,True,OK
1789616109.6554155,16.7236,-13.4399,-26.5137,34.106978709056015,0.5548095703124999,-2.5433349609374996,RIGHT_SIDE,LEVEL,True,OK
1789616109.695785,16.6992,-13.232399999999998,-26.9287,34.33823778370113,0.5438232421874998,-2.5433349609374996,RIGHT_SIDE,LEVEL,True,OK
1789616109.735677,16.7114,-13.4644,-26.489299999999997,34.091699456172606,0.5328369140625,-2.5433349609375,RIGHT_SIDE,LEVEL,True,OK
1789616109.7753801,16.6748,-13.5864,-26.123,33.8385925978017,0.5218505859374998,-2.5433349609374996,RIGHT_SIDE,LEVEL,True,OK
1789616109.815819,16.6626,-13.5376,-26.5381,34.13472724557793,0.5108642578125006,-2.5378417968749996,RIGHT_SIDE,LEVEL,True,OK
1789616109.8556197,16.748,-13.232399999999998,-26.7822,34.24730866214161,0.4998779296875001,-2.537841796875,RIGHT_SIDE,LEVEL,True,OK
1789616109.8955822,16.687,-13.4033,-26.5137,34.07463437191954,0.5053710937500001,-2.5433349609375,RIGHT_SIDE,LEVEL,True,OK
1789616109.935687,16.638199999999998,-13.7817,-26.440399999999997,34.14468781948372,0.49987792968749967,-2.543334960937499,RIGHT_SIDE,LEVEL,True,OK
1789616109.976172,16.6748,-13.269,-26.2451,33.807108572754345,0.4888916015625002,-2.5323486328124996,RIGHT_SIDE,LEVEL,True,OK
1789616110.016158,16.687,-13.037099999999999,-26.6602,34.04685315047486,0.47790527343750017,-2.5213623046875,RIGHT_SIDE,LEVEL,True,OK
1789616110.057198,16.7114,-13.3911,-26.416,34.00584516182475,0.45593261718750033,-2.5048828125,RIGHT_SIDE,LEVEL,True,OK
1789616110.0971506,16.687,-13.427699999999998,-26.440399999999997,34.02725155592205,0.43395996093749994,-2.48291015625,RIGHT_SIDE,LEVEL,True,OK
1789616110.1371806,16.687,-13.635299999999999,-26.3672,34.05299709173922,0.41748046874999994,-2.4609375000000004,RIGHT_SIDE,LEVEL,True,OK
1789616110.1782284,16.6748,-13.3423,-26.2695,33.85487490126053,0.3900146484375002,-2.4334716796875004,RIGHT_SIDE,LEVEL,True,OK
1789616110.2175891,16.638199999999998,-13.4521,-26.2451,33.86139346896403,0.35156249999999994,-2.422485351562501,RIGHT_SIDE,LEVEL,True,OK
1789616110.2581773,16.650399999999998,-13.635299999999999,-26.2939,33.97832255218024,0.33508300781249983,-2.4169921875000004,RIGHT_SIDE,LEVEL,True,OK
1789616110.2982345,16.650399999999998,-13.7207,-26.416,34.10716177945623,0.3295898437500002,-2.3950195312499996,RIGHT_SIDE,LEVEL,True,OK
1789616110.3381772,16.6626,-13.8794,-26.3916,34.15840355871451,0.30761718749999983,-2.3840332031250004,RIGHT_SIDE,LEVEL,True,OK
1789616110.378148,16.650399999999998,-13.5254,-26.196299999999997,33.85880090921709,0.2856445312500001,-2.3510742187500004,RIGHT_SIDE,LEVEL,True,OK
1789616110.4194992,16.650399999999998,-13.500999999999998,-26.2207,33.867948412178734,0.24719238281250006,-2.3236083984374996,RIGHT_SIDE,LEVEL,True,OK
1789616110.4582973,16.7236,-13.4521,-26.3672,33.9980444615569,0.23071289062500025,-2.30712890625,RIGHT_SIDE,LEVEL,True,OK
1789616110.4992197,16.626,-13.8062,-26.464799999999997,34.16753829997121,0.2526855468750002,-2.340087890625,RIGHT_SIDE,LEVEL,True,OK
1789616110.5381937,16.5894,-14.0503,-26.1475,34.004571438264,0.2801513671875001,-2.3840332031250004,RIGHT_SIDE,LEVEL,True,OK
1789616110.5792274,16.5649,-13.5498,-26.2207,33.845503402076915,0.31311035156249983,-2.471923828124999,RIGHT_SIDE,LEVEL,True,OK
1789616110.6182947,16.5527,-13.4521,-26.0986,33.70590146636046,0.4339599609374998,-2.63671875,RIGHT_SIDE,LEVEL,True,OK
1789616110.6592004,16.4673,-13.6719,-26.5137,34.07446414237501,0.5987548828125,-2.8179931640625004,RIGHT_SIDE,LEVEL,True,OK
1789616110.6981387,16.394,-13.7695,-27.0508,34.497944096569,0.7031249999999999,-2.9882812499999996,RIGHT_SIDE,LEVEL,True,OK
1789616110.7393327,16.3574,-13.842799999999999,-26.8066,34.31882064057563,0.7690429687499999,-3.0871582031250004,RIGHT_SIDE,LEVEL,True,OK
1789616110.779371,16.247599999999995,-13.4888,-27.0752,34.33655029614943,1.021728515625,-3.361816406249999,RIGHT_SIDE,LEVEL,True,OK
1789616110.8203442,16.04,-13.635299999999999,-27.4658,34.60597023246133,1.6369628906250002,-4.136352539062501,RIGHT_SIDE,LEVEL,True,OK
1789616110.8593554,15.808099999999998,-13.4033,-27.9785,34.81868663160631,2.0269775390625013,-4.460449218750001,RIGHT_SIDE,LEVEL,True,OK
1789616110.9002306,15.417499999999999,-12.9883,-28.7598,35.12152244963193,4.0155029296875,-5.932617187500001,RIGHT_SIDE,LEVEL,True,OK
1789616110.9392288,15.1245,-12.298599999999999,-29.492199999999997,35.35245285761654,5.191040039062502,-6.267700195312501,RIGHT_SIDE,LEVEL,True,OK
1789616110.979205,15.0513,-12.3291,-29.492199999999997,35.33182983288581,5.108642578125001,-6.5753173828125,RIGHT_SIDE,LEVEL,True,OK
1789616111.0194354,14.917,-12.4817,-29.6143,35.43044578297033,4.603271484375001,-6.8994140625,RIGHT_SIDE,LEVEL,True,OK
1789616111.0593004,14.7705,-12.7197,-29.7363,35.555674315501314,4.603271484375001,-7.2454833984375,RIGHT_SIDE,LEVEL,True,OK
1789616111.0992532,14.428699999999997,-12.707499999999998,-30.127,35.739390998448755,4.394531249999998,-7.987060546874999,RIGHT_SIDE,LEVEL,True,OK
1789616111.1402104,13.977099999999998,-12.976099999999999,-30.419899999999995,35.904161480669615,4.031982421875002,-8.997802734375,RIGHT_SIDE,LEVEL,True,OK
1789616111.1813328,13.366699999999998,-13.2935,-30.859399999999997,36.161974220166684,3.499145507812501,-10.382080078125002,RIGHT_SIDE,LEVEL,True,OK
1789616111.221537,12.7197,-13.5254,-31.0303,36.16084527966679,2.8234863281250013,-12.1124267578125,RIGHT_SIDE,LEVEL,True,OK
1789616111.2613895,12.0544,-13.891599999999999,-31.8604,36.78818014090939,2.521362304687501,-13.546142578125002,RIGHT_SIDE,LEVEL,True,OK
1789616111.3012033,11.3525,-14.086899999999998,-32.5928,37.27748140231579,2.1972656250000004,-14.886474609375,RIGHT_SIDE,LEVEL,True,OK
1789616111.3412375,10.6689,-14.27,-32.88569999999999,37.40224046364067,1.8402099609375007,-16.0235595703125,RIGHT_SIDE,LEVEL,True,OK
1789616111.3822904,10.2356,-14.221199999999998,-32.9346,37.30546761481486,1.7852783203125,-16.7431640625,RIGHT_SIDE,LEVEL,True,OK
1789616111.4222782,9.979249999999999,-14.3433,-33.3984,37.693087005610195,1.8402099609375016,-17.3199462890625,RIGHT_SIDE,LEVEL,True,OK
1789616111.4623156,9.552,-14.5386,-33.7646,37.98236178965179,1.735839843749998,-18.12744140625,RIGHT_SIDE,LEVEL,True,OK
1789616111.5022182,8.93555,-14.6362,-34.0088,38.087542342378825,1.4392089843749987,-19.171142578124993,RIGHT_SIDE,LEVEL,True,OK
1789616111.5422845,8.36182,-15.0513,-33.93549999999999,38.05364405221134,0.9942626953125002,-20.3082275390625,RIGHT_SIDE,LEVEL,True,OK
1789616111.5822787,7.8002899999999995,-15.0513,-34.35059999999999,38.30600313441875,0.5657958984374986,-21.357421875,RIGHT_SIDE,LEVEL,True,OK
1789616111.6239293,7.232669999999999,-15.271,-34.5459,38.45691307345014,0.41748046875000194,-22.247314453125004,RIGHT_SIDE,LEVEL,True,OK
1789616111.6625123,6.70776,-15.417499999999999,-34.9854,38.815867420780386,0.499877929687501,-23.060302734374996,RIGHT_SIDE,LEVEL,True,OK
1789616111.703208,6.10657,-15.710399999999998,-35.2051,39.03211410281155,0.37902832031249883,-23.983154296875,RIGHT_SIDE,LEVEL,True,OK
1789616111.7423294,5.709839999999999,-15.8813,-35.498,39.30554625642035,0.4119873046875004,-24.77416992187499,RIGHT_SIDE,LEVEL,True,OK
1789616111.7832146,5.20325,-15.9302,-35.4736,39.23291194344998,0.3240966796875016,-25.543212890625004,RIGHT_SIDE,LEVEL,True,OK
1789616111.8248303,4.82178,-16.0156,-35.2051,38.97625009846894,0.3515624999999964,-26.180419921875004,RIGHT_SIDE,LEVEL,True,OK
1789616111.863234,4.41284,-16.0522,-35.9863,39.65047376003974,0.3350830078125022,-26.724243164062504,RIGHT_SIDE,LEVEL,True,OK
1789616111.9032536,4.26331,-16.4673,-36.2305,40.02495361266644,0.30761718749999867,-27.196655273437493,RIGHT_SIDE,LEVEL,True,OK
1789616111.9433196,3.8757299999999995,-16.4795,-36.2549,40.012660212648946,0.32958984375000094,-27.7130126953125,RIGHT_SIDE,LEVEL,True,OK
1789616111.9833794,3.7170399999999995,-16.5405,-35.71779999999999,39.536891170798945,0.3021240234375014,-28.240356445312507,RIGHT_SIDE,LEVEL,True,OK
1789616112.0245302,3.14331,-16.369599999999995,-36.377,40.0141266419261,0.27465820312499944,-28.78417968750001,RIGHT_SIDE,LEVEL,True,OK
1789616112.0633852,2.76489,-16.6626,-36.7188,40.417287500673524,0.28564453125000144,-29.42138671875001,RIGHT_SIDE,LEVEL,True,OK
1789616112.104295,2.36053,-16.8579,-36.6943,40.45037140473372,0.2691650390624996,-30.102539062499996,RIGHT_SIDE,LEVEL,True,OK
1789616112.1432264,2.00958,-17.040999999999997,-36.4258,40.2650344395283,0.2471923828124988,-30.805664062500004,RIGHT_SIDE,LEVEL,True,OK
1789616112.1842139,1.60065,-16.9678,-36.792,40.54774446578379,0.2581787109375016,-31.431884765624996,RIGHT_SIDE,LEVEL,True,OK
1789616112.22419,1.18256,-16.894499999999997,-36.767599999999995,40.48060014579329,0.24719238281249992,-32.08007812500001,RIGHT_SIDE,LEVEL,True,OK
1789616112.2632658,0.800323,-16.9556,-37.0361,40.74071172027225,0.24719238281250325,-32.66784667968749,RIGHT_SIDE,LEVEL,True,OK
1789616112.303237,0.502396,-17.1997,-37.1338,40.92677832753045,0.2526855468750012,-33.10729980468749,RIGHT_SIDE,LEVEL,True,OK
1789616112.3442605,0.391006,-17.2607,-37.2314,41.0397587242181,0.2636718750000008,-33.34899902343749,RIGHT_SIDE,LEVEL,True,OK
1789616112.3843858,0.404358,-17.1997,-37.2314,41.01426985138421,0.2801513671874974,-33.36547851562501,RIGHT_SIDE,LEVEL,True,OK
1789616112.4260695,0.483322,-17.2363,-37.085,40.89768774448849,0.29113769531250155,-33.1951904296875,RIGHT_SIDE,LEVEL,True,OK
1789616112.465281,0.769043,-17.187499999999996,-37.1094,40.90365694832003,0.3076171875000001,-32.86560058593751,RIGHT_SIDE,LEVEL,True,OK
1789616112.5052865,1.00861,-17.1143,-37.0361,40.81163145271333,0.32409667968750006,-32.354736328125,RIGHT_SIDE,LEVEL,True,OK
1789616112.5454764,1.44882,-17.1265,-36.9385,40.74148823855604,0.3405761718749985,-31.657104492187493,RIGHT_SIDE,LEVEL,True,OK
1789616112.5852828,2.02179,-17.2607,-36.3037,40.24895070662215,0.3570556640625014,-30.827636718750004,RIGHT_SIDE,LEVEL,True,OK
1789616112.6259117,2.4337799999999996,-16.9434,-36.5234,40.33560258888418,0.379028320312499,-29.877319335937496,RIGHT_SIDE,LEVEL,True,OK
1789616112.6653197,3.10211,-16.906699999999997,-36.5723,40.4103046094941,0.401000976562501,-28.800659179687496,RIGHT_SIDE,LEVEL,True,OK
1789616112.706298,3.8147,-16.8701,-35.8398,39.7950182075596,0.42846679687500105,-27.641601562500004,RIGHT_SIDE,LEVEL,True,OK
1789616112.7458541,4.56543,-16.9434,-35.2295,39.357840704171004,0.4669189453125013,-26.4715576171875,RIGHT_SIDE,LEVEL,True,OK
1789616112.7862756,5.06592,-16.6748,-35.3516,39.41380624916096,0.47241210937500155,-25.3729248046875,RIGHT_SIDE,LEVEL,True,OK
1789616112.8267972,5.57251,-16.4917,-35.2051,39.27375844759577,0.4724121093749978,-24.395141601562507,RIGHT_SIDE,LEVEL,True,OK
1789616112.8661816,6.2408399999999995,-16.516099999999998,-34.668,38.90501082271537,0.5053710937500021,-23.53271484374999,RIGHT_SIDE,LEVEL,True,OK
1789616112.9061596,6.7749,-16.638199999999998,-34.1309,38.5700311648824,0.7635498046875011,-22.285766601562507,RIGHT_SIDE,LEVEL,True,OK
1789616112.9471617,7.12891,-16.333,-34.35059999999999,38.69821658872795,0.9448242187500016,-21.439819335937496,RIGHT_SIDE,LEVEL,True,OK
1789616112.9873204,7.586669999999999,-15.991199999999997,-34.22849999999999,38.533962310913466,1.1041259765624991,-20.6378173828125,RIGHT_SIDE,LEVEL,True,OK
1789616113.0286257,8.06274,-16.0767,-33.8135,38.299097136193694,1.4227294921874991,-19.786376953125004,RIGHT_SIDE,LEVEL,True,OK
1789616113.0682173,8.5144,-15.9302,-33.5938,38.14196740914134,1.6809082031249991,-18.967895507812504,RIGHT_SIDE,LEVEL,True,OK
1789616113.1092188,8.83179,-15.7593,-33.374,37.94970259559487,1.8457031250000009,-18.231811523437504,RIGHT_SIDE,LEVEL,True,OK
1789616113.1481354,9.167479999999998,-15.7471,-33.1299,37.810106082506564,2.0050048828125004,-17.528686523437496,RIGHT_SIDE,LEVEL,True,OK
1789616113.189175,9.5459,-15.710399999999998,-32.5439,37.377082579837605,2.1643066406249996,-16.820068359375,RIGHT_SIDE,LEVEL,True,OK
1789616113.2285461,9.8877,-15.5151,-32.3242,37.19326343492864,2.3400878906249987,-16.0345458984375,RIGHT_SIDE,LEVEL,True,OK
1789616113.2691677,10.180699999999998,-15.3809,-32.104499999999994,37.02590522256005,2.5543212890624996,-15.172119140624998,RIGHT_SIDE,LEVEL,True,OK
1789616113.3081462,10.614,-15.4907,-31.933599999999995,37.04556102220615,2.724609375,-14.315185546874998,RIGHT_SIDE,LEVEL,True,OK
1789616113.3492498,10.967999999999998,-15.7959,-31.713899999999995,37.08879795868288,2.839965820312499,-13.623046875,RIGHT_SIDE,LEVEL,True,OK
1789616113.3881953,11.3342,-15.3809,-31.2256,36.60702486968861,3.0377197265625,-12.859497070312502,RIGHT_SIDE,LEVEL,True,OK
1789616113.430412,11.5967,-15.0513,-31.3232,36.63561028316575,3.1860351562500013,-12.299194335937498,RIGHT_SIDE,LEVEL,True,OK
1789616113.4681118,11.8164,-15.2588,-30.810499999999998,36.355813794357566,3.2958984375000004,-11.876220703125,RIGHT_SIDE,LEVEL,True,OK
1789616113.508247,11.9873,-15.6128,-30.615199999999998,36.397051476321536,3.4002685546875004,-11.546630859375,RIGHT_SIDE,LEVEL,True,OK
1789616113.548184,12.1216,-15.3809,-30.7861,36.486836319143926,3.4606933593750013,-11.277465820312504,RIGHT_SIDE,LEVEL,True,OK
1789616113.5882287,12.170399999999999,-15.1733,-30.6885,36.3336166834517,3.4881591796875018,-11.041259765625,RIGHT_SIDE,LEVEL,True,OK
1789616113.6333992,12.2864,-15.21,-30.3711,36.12067884425762,3.521118164062499,-10.8050537109375,RIGHT_SIDE,LEVEL,True,OK
1789616113.6691813,12.2925,-15.319799999999999,-30.2734,36.08712479333869,3.5211181640625,-10.673217773437502,RIGHT_SIDE,LEVEL,True,OK
1789616113.7093391,12.3352,-15.283199999999999,-30.3711,36.16817767720679,3.5101318359375,-10.640258789062502,RIGHT_SIDE,LEVEL,True,OK
1789616113.7494383,12.359599999999999,-15.429699999999999,-30.3711,36.23864055755955,3.526611328125001,-10.574340820312498,RIGHT_SIDE,LEVEL,True,OK
1789616113.789178,12.384,-15.271,-30.2246,36.056807154267,3.5705566406250004,-10.37109375,RIGHT_SIDE,LEVEL,True,OK
1789616113.8324122,12.438999999999998,-15.319799999999999,-29.9561,35.87189596675927,3.559570312499999,-10.1788330078125,RIGHT_SIDE,LEVEL,True,OK
1789616113.8691368,12.4817,-15.3564,-29.907199999999996,35.86157369232421,3.49365234375,-10.0689697265625,RIGHT_SIDE,LEVEL,True,OK
1789616113.9092312,12.5122,-15.5396,-29.9805,36.012007681466464,3.4661865234374996,-9.992065429687502,RIGHT_SIDE,LEVEL,True,OK
1789616113.9495013,12.5366,-15.918,-30.1514,36.32706959720258,3.5211181640625,-9.7998046875,RIGHT_SIDE,LEVEL,True,OK
1789616113.9892044,12.634299999999998,-15.588399999999998,-29.834,35.9540165635218,3.5540771484375013,-9.656982421875,RIGHT_SIDE,LEVEL,True,OK
1789616114.0304978,12.6709,-15.3442,-30.2246,36.18732686466355,3.570556640625,-9.6185302734375,RIGHT_SIDE,LEVEL,True,OK
1789616114.0692556,12.6831,-15.6128,-30.0049,36.12360133569187,3.559570312499999,-9.613037109374998,RIGHT_SIDE,LEVEL,True,OK
1789616114.109206,12.646499999999998,-15.551799999999998,-30.322299999999995,36.348787088154666,3.5870361328125013,-9.645996093750002,RIGHT_SIDE,LEVEL,True,OK
1789616114.1510088,12.646499999999998,-15.576199999999998,-29.8828,35.99352309138409,3.5540771484375004,-9.783325195312502,RIGHT_SIDE,LEVEL,True,OK
1789616114.189216,12.6587,-15.332,-29.9805,35.974203117511856,3.5650634765625004,-9.7064208984375,RIGHT_SIDE,LEVEL,True,OK
1789616114.2307112,12.6709,-15.5151,-29.9805,36.05690523422663,3.5760498046875004,-9.613037109375004,RIGHT_SIDE,LEVEL,True,OK
1789616114.269161,12.634299999999998,-15.600599999999998,-30.175799999999995,36.24338784509527,3.5595703125000004,-9.6624755859375,RIGHT_SIDE,LEVEL,True,OK
1789616114.3092299,12.634299999999998,-15.466300000000002,-29.9316,35.98239362160333,3.554077148437499,-9.656982421875002,RIGHT_SIDE,LEVEL,True,OK
1789616114.3493726,12.6221,-15.4907,-29.9316,35.98860755100147,3.5266113281250013,-9.766845703125,RIGHT_SIDE,LEVEL,True,OK
1789616114.389337,12.5244,-15.551799999999998,-30.0781,36.10278629427374,3.3508300781249996,-9.986572265625,RIGHT_SIDE,LEVEL,True,OK
1789616114.4344563,12.371799999999999,-15.734899999999998,-30.2246,36.25155111729703,3.1970214843750018,-10.294189453125,RIGHT_SIDE,LEVEL,True,OK
1789616114.4702861,12.2864,-15.7715,-30.2734,36.27912050711814,3.09814453125,-10.475463867187498,RIGHT_SIDE,LEVEL,True,OK
1789616114.5102577,12.2131,-15.7593,-30.322299999999995,36.289905282185565,3.0706787109375013,-10.5908203125,RIGHT_SIDE,LEVEL,True,OK
1789616114.55107,12.1216,-15.856899999999998,-30.297899999999995,36.281361724444686,2.9882812499999996,-10.8050537109375,RIGHT_SIDE,LEVEL,True,OK
1789616114.5912106,11.981199999999998,-15.832499999999998,-30.4932,36.38753159984887,2.9498291015625,-10.92041015625,RIGHT_SIDE,LEVEL,True,OK
1789616114.6332994,11.853,-16.0278,-30.542,36.471876094327804,2.8619384765625004,-11.074218750000004,RIGHT_SIDE,LEVEL,True,OK
1789616114.6722522,11.6638,-16.3574,-30.4932,36.51635265795312,2.8564453125000004,-11.063232421875002,RIGHT_SIDE,LEVEL,True,OK
1789616114.7122252,11.3281,-16.6748,-30.7373,36.75807960081702,2.807006835937499,-11.359863281250002,RIGHT_SIDE,LEVEL,True,OK
1789616114.7525609,10.9985,-16.906699999999997,-30.7617,36.78431315153241,2.6971435546875,-11.821289062500004,RIGHT_SIDE,LEVEL,True,OK
1789616114.792275,10.9375,-16.8457,-30.542,36.55434691989449,2.702636718750001,-11.925659179687498,RIGHT_SIDE,LEVEL,True,OK
1789616114.835583,10.913099999999998,-16.7969,-30.615199999999998,36.58581791158973,2.8619384765624996,-11.920166015624996,RIGHT_SIDE,LEVEL,True,OK
1789616114.8742561,10.8643,-16.5527,-31.103499999999997,36.87075540357154,3.1475830078125004,-12.1234130859375,RIGHT_SIDE,LEVEL,True,OK
1789616114.914264,10.8826,-16.687,-30.932600000000004,36.792834825819014,3.5101318359375018,-12.414550781250002,RIGHT_SIDE,LEVEL,True,OK
1789616114.9537332,10.8093,-16.4429,-31.0547,36.764171675559346,3.7463378906250004,-12.65625,RIGHT_SIDE,LEVEL,True,OK
1789616114.994246,10.5896,-16.0889,-31.8115,37.18822210888818,4.180297851562503,-13.721923828125,RIGHT_SIDE,LEVEL,True,OK
1789616115.0355694,10.3394,-15.698199999999998,-32.3486,37.41348149477672,3.9880371093750004,-14.2437744140625,RIGHT_SIDE,LEVEL,True,OK
1789616115.07436,10.3638,-16.0156,-31.884799999999995,37.15572990589742,3.4332275390625004,-14.320678710937502,RIGHT_SIDE,LEVEL,True,OK
1789616115.114259,10.3943,-16.4795,-31.420899999999996,36.97145317065586,2.7575683593749996,-14.243774414062496,RIGHT_SIDE,LEVEL,True,OK
1789616115.154762,10.192899999999998,-16.8457,-31.7627,37.370334895341784,2.026977539062501,-14.3975830078125,RIGHT_SIDE,LEVEL,True,OK
1789616115.195453,9.96704,-17.1265,-31.957999999999995,37.60282772095204,1.2304687500000002,-14.589843750000002,RIGHT_SIDE,LEVEL,True,OK
1789616115.2349837,9.826659999999999,-17.712399999999995,-31.176799999999997,37.17909652957693,0.5163574218749993,-14.501953125000002,RIGHT_SIDE,LEVEL,True,OK
1789616115.2742712,9.747309999999999,-18.225099999999998,-30.6885,36.99930208120283,0.06591796875000047,-14.342651367187498,RIGHT_SIDE,LEVEL,True,OK
1789616115.3142672,9.661869999999999,-18.6523,-30.859399999999997,37.330451317214205,-0.0823974609375019,-14.139404296874998,RIGHT_SIDE,LEVEL,True,OK
1789616115.3546405,9.68628,-19.042999999999996,-30.7617,37.45319820961088,8.184807913224215e-16,-13.716430664062502,RIGHT_SIDE,LEVEL,True,OK
1789616115.394248,9.747309999999999,-19.189499999999995,-30.566399999999998,37.38384372220304,0.24169921874999908,-13.134155273437502,RIGHT_SIDE,LEVEL,True,OK
1789616115.4342563,9.80835,-19.2505,-30.249,37.17240214154178,0.5163574218750004,-12.5518798828125,RIGHT_SIDE,LEVEL,True,OK
1789616115.474245,9.96094,-19.2139,-30.2246,37.17419432958299,0.6591796874999996,-11.958618164062505,RIGHT_SIDE,LEVEL,True,OK
1789616115.5155776,10.1685,-19.5923,-29.8828,37.15155915140036,0.5438232421875,-11.398315429687498,RIGHT_SIDE,LEVEL,True,OK
1789616115.55545,10.3455,-19.873,-29.6875,37.192918082613524,0.17028808593750105,-10.898437500000002,RIGHT_SIDE,LEVEL,True,OK
1789616115.5953908,10.4858,-20.0317,-29.272499999999997,36.98783939053483,-0.3515624999999997,-10.447998046875002,RIGHT_SIDE,LEVEL,True,OK
1789616115.6362908,10.6262,-20.1294,-29.0527,36.907563562093884,-0.9283447265624998,-10.096435546874998,RIGHT_SIDE,LEVEL,True,OK
1789616115.6756833,10.772699999999999,-20.507799999999996,-28.613299999999995,36.814967920942145,-1.4117431640624998,-9.673461914062498,RIGHT_SIDE,LEVEL,True,OK
1789616115.7155063,10.9375,-20.813,-27.7588,36.37802705878921,-1.7523193359375002,-9.261474609375,RIGHT_SIDE,LEVEL,True,OK
1789616115.7554848,11.1328,-20.7886,-27.8564,36.497727967094065,-2.0214843749999996,-8.843994140625,RIGHT_SIDE,LEVEL,True,OK
1789616115.7955134,11.248799999999997,-20.7031,-27.8564,36.484693667481984,-2.3016357421875004,-8.5968017578125,RIGHT_SIDE,LEVEL,True,OK
1789616115.835327,11.303699999999997,-21.0938,-27.392599999999998,36.37411946549359,-2.658691406249999,-8.448486328124998,RIGHT_SIDE,LEVEL,True,OK
1789616115.875412,11.5112,-21.2402,-26.8311,36.10487153681619,-3.0926513671875004,-7.921142578124998,RIGHT_SIDE,LEVEL,True,OK
1789616115.9153333,12.0911,-21.154799999999998,-26.416,35.93779790485221,-3.4716796875,-6.784057617187499,RIGHT_SIDE,LEVEL,True,OK
1789616115.9555397,12.963899999999999,-20.8252,-25.5859,35.44559122175845,-3.6859130859375013,-4.921874999999999,RIGHT_SIDE,LEVEL,True,OK
1789616115.99547,13.7329,-20.6055,-24.877899999999997,35.10112649289193,-3.6914062499999987,-2.779541015625,RIGHT_SIDE,LEVEL,True,OK
1789616116.0354388,14.6484,-20.239299999999997,-24.072299999999995,34.69409912852616,-3.526611328124999,-0.6701660156249997,RIGHT_SIDE,LEVEL,True,OK
1789616116.0756493,15.429699999999999,-19.836399999999998,-23.23,34.22267241245195,-3.2958984375000004,1.3128662109375002,RIGHT_SIDE,LEVEL,True,OK
1789616116.1154425,16.247599999999995,-19.4214,-22.363299999999995,33.783020448296206,-3.0871582031249996,3.09814453125,RIGHT_SIDE,LEVEL,True,OK
1789616116.1553767,16.5649,-19.311499999999995,-21.826199999999996,33.52182797372482,-2.7960205078125004,4.614257812499999,RIGHT_SIDE,LEVEL,True,OK
1789616116.1963348,16.8701,-19.2017,-21.2524,33.24108997400657,-2.1807861328125004,6.053466796875,RIGHT_SIDE,LEVEL,True,OK
1789616116.236239,17.1509,-19.1406,-20.7886,33.055738217894934,-1.3458251953124996,7.630004882812497,RIGHT_SIDE,LEVEL,True,OK
1789616116.2763376,17.1021,-19.458,-20.166,32.82930313622268,-0.39550781249999944,9.2724609375,RIGHT_SIDE,LEVEL,True,OK
1789616116.3162856,16.906699999999997,-19.9829,-19.555699999999998,32.67381520101379,0.7635498046874989,11.074218749999998,RIGHT_SIDE,LEVEL,True,OK
1789616116.356442,17.0044,-20.239299999999997,-19.445799999999995,32.816429139837865,1.7468261718749993,12.793579101562502,RIGHT_SIDE,LEVEL,True,OK
1789616116.3963628,16.894499999999997,-20.7031,-18.75,32.64360549724861,2.3181152343750004,14.188842773437496,RIGHT_SIDE,LEVEL,True,OK
1789616116.436275,16.259799999999995,-21.5332,-18.6768,32.81589030515552,2.312622070312501,15.18310546875,RIGHT_SIDE,LEVEL,True,OK
1789616116.4784307,15.3442,-22.509799999999995,-18.5425,32.95390532137276,1.9171142578125004,15.8807373046875,RIGHT_SIDE,LEVEL,True,OK
1789616116.517398,14.623999999999999,-23.5962,-18.249499999999998,33.22177419539781,1.3513183593749987,16.248779296874993,RIGHT_SIDE,LEVEL,True,OK
1789616116.557384,13.9893,-24.5361,-18.1763,33.587179092475154,0.9448242187499986,16.452026367187493,RIGHT_SIDE,LEVEL,True,OK
1789616116.5972714,12.854,-25.3174,-18.6157,33.95203006080785,1.0656738281249996,16.605834960937507,RIGHT_SIDE,LEVEL,True,OK
1789616116.637371,11.676,-25.927699999999998,-19.164999999999996,34.290987566560396,1.8402099609374991,16.721191406250004,RIGHT_SIDE,LEVEL,True,OK
1789616116.6780744,10.9985,-26.0254,-19.836399999999998,34.52203951637272,3.3123779296875004,17.0123291015625,RIGHT_SIDE,LEVEL,True,OK
1789616116.7173033,10.583499999999999,-26.074199999999998,-20.104999999999997,34.584467653702575,5.191040039062501,17.836303710937504,RIGHT_SIDE,LEVEL,True,OK
1789616116.757424,10.382099999999998,-26.0986,-21.2036,35.19257841264263,7.283935546874999,19.1876220703125,RIGHT_SIDE,LEVEL,True,OK
1789616116.7973154,10.4736,-25.708,-21.6553,35.20723759470487,9.459228515625,20.709228515625,RIGHT_SIDE,LEVEL,True,OK
1789616116.837267,10.711699999999999,-25.244099999999996,-21.9971,35.15504956773635,11.5850830078125,22.269287109375,RIGHT_SIDE,LEVEL,True,OK
1789616116.878146,11.242699999999997,-24.719199999999997,-21.7651,34.80167711389783,13.348388671874998,24.021606445312504,RIGHT_SIDE,LEVEL,True,OK
1789616116.918352,11.554,-24.621599999999997,-21.557599999999997,34.70516129223433,14.490966796875,25.8453369140625,RIGHT_SIDE,LEVEL,True,OK
1789616116.9583445,11.975099999999998,-24.731399999999997,-21.3379,34.79010121255757,15.194091796875007,27.399902343750007,RIGHT_SIDE,LEVEL,True,OK
1789616116.998346,12.249799999999999,-24.6826,-20.642099999999996,34.429415260936395,15.435791015625004,28.773193359375004,RIGHT_SIDE,LEVEL,True,OK
1789616117.0413208,12.4817,-24.585,-20.6543,34.45018386569221,15.353393554687496,29.179687500000004,RIGHT_SIDE,LEVEL,True,OK
1789616117.0803022,12.176499999999999,-24.462899999999998,-20.459,34.13607050701647,15.556640625000002,29.317016601562496,RIGHT_SIDE,LEVEL,True,OK
1789616117.1203287,12.5366,-24.340799999999998,-20.4712,34.186414167619276,15.963134765624996,29.179687500000004,RIGHT_SIDE,LEVEL,True,OK
1789616117.1602259,12.4023,-24.4507,-20.6665,34.33304527754566,16.660766601562504,28.839111328125,RIGHT_SIDE,LEVEL,True,OK
1789616117.2003722,12.756299999999998,-23.7793,-21.5088,34.50806826844992,17.413330078125007,28.179931640625007,RIGHT_SIDE,LEVEL,True,OK
1789616117.2402213,12.6099,-23.4863,-22.3877,34.811276577999834,17.962646484375,27.246093750000007,RIGHT_SIDE,LEVEL,True,OK
1789616117.280257,12.756299999999998,-23.0591,-22.3877,34.57823583975909,18.0010986328125,25.960693359375004,RIGHT_SIDE,LEVEL,True,OK
1789616117.3213315,12.841799999999997,-22.9492,-22.4365,34.568397997737755,18.143920898437496,24.889526367187496,RIGHT_SIDE,LEVEL,True,OK
1789616117.3613338,13.147,-22.351099999999995,-23.2056,34.798206154484454,18.632812499999993,23.83483886718749,RIGHT_SIDE,LEVEL,True,OK
1789616117.401241,12.890599999999997,-21.960399999999996,-23.999,34.99112369616043,19.061279296875004,22.609863281250004,RIGHT_SIDE,LEVEL,True,OK
1789616117.4412327,13.232399999999998,-21.5698,-24.218799999999998,35.02717452550234,19.390869140625,21.2640380859375,RIGHT_SIDE,LEVEL,True,OK
1789616117.4812722,13.3423,-20.9595,-24.6338,34.9877365941268,19.835815429687496,19.940185546874993,RIGHT_SIDE,LEVEL,True,OK
1789616117.5212955,13.4644,-20.507799999999996,-25.1221,35.11381261854086,20.473022460937504,18.687744140625004,RIGHT_SIDE,LEVEL,True,OK
1789616117.56119,13.7207,-19.7388,-25.537099999999995,35.07165964621577,21.1871337890625,17.528686523437496,RIGHT_SIDE,LEVEL,True,OK
1789616117.6013606,13.8184,-18.9209,-26.196299999999997,35.14533779977083,22.324218749999996,16.495971679687504,RIGHT_SIDE,LEVEL,True,OK
1789616117.6412249,13.9893,-17.980999999999998,-26.879899999999996,35.23557718414727,24.060058593749996,15.490722656249991,RIGHT_SIDE,LEVEL,True,OK
1789616117.681633,14.1235,-16.906699999999997,-27.4658,35.20908869567629,26.185913085937504,14.617309570312498,RIGHT_SIDE,LEVEL,True,OK
1789616117.7223103,14.27,-15.7593,-28.198199999999996,35.31468419411392,28.44360351562499,14.024047851562496,RIGHT_SIDE,LEVEL,True,OK
1789616117.762373,14.3188,-14.6729,-28.735399999999995,35.2993660142785,30.745239257812504,13.551635742187498,RIGHT_SIDE,LEVEL,True,OK
1789616117.8022969,14.428699999999997,-13.2446,-29.516599999999997,35.423671300558325,33.11828613281251,13.2000732421875,RIGHT_SIDE,LEVEL,True,OK
1789616117.8415308,14.5996,-12.029999999999998,-30.297899999999995,35.718790077072875,35.46386718749999,12.881469726562498,RIGHT_SIDE,TRANSITION,True,OK
1789616117.8825073,14.7095,-11.0779,-30.3467,35.496640116354676,37.6666259765625,12.469482421875002,RIGHT_SIDE,TRANSITION,True,OK
1789616117.9222577,14.746099999999998,-10.3577,-30.4932,35.41983428447965,39.63867187500001,12.052001953124998,RIGHT_SIDE,TRANSITION,True,OK
1789616117.9626286,15.0757,-8.88062,-30.932600000000004,35.53825945139126,41.33056640625,11.6015625,RIGHT_SIDE,TRANSITION,True,OK
1789616118.0022917,15.283199999999999,-7.543949999999999,-31.2988,35.638494150040906,42.5994873046875,11.0906982421875,RIGHT_SIDE,TRANSITION,True,OK
1789616118.043384,15.2588,-7.18384,-31.201199999999996,35.467638997057584,43.59924316406251,10.4150390625,RIGHT_SIDE,TRANSITION,True,OK
1789616118.0837247,15.1123,-6.604,-31.0303,35.14077326098559,44.31884765625,9.591064453124998,RIGHT_SIDE,TRANSITION,True,OK
1789616118.123252,15.3931,-5.48401,-31.25,35.264491961321376,44.64294433593751,8.558349609375002,RIGHT_SIDE,TRANSITION,True,OK
1789616118.1634104,15.4785,-4.60815,-31.616199999999996,35.50215642904667,44.84069824218751,7.4542236328125,RIGHT_SIDE,TRANSITION,True,OK
1789616118.203269,15.429699999999999,-3.97339,-31.616199999999996,35.40406152720475,45.3076171875,6.443481445312496,RIGHT_SIDE,TRANSITION,True,OK
1789616118.2432563,15.5273,-3.09296,-31.5918,35.33702412614282,46.0382080078125,5.592041015624999,RIGHT_SIDE,TRANSITION,True,OK
1789616118.2826304,15.563999999999998,-2.1377599999999997,-31.5186,35.216903040693396,46.878662109375,4.883422851562498,RIGHT_SIDE,TRANSITION,True,OK
1789616118.3233705,15.576199999999998,-1.60065,-31.616199999999996,35.281215813836404,47.48291015625,4.482421875000001,RIGHT_SIDE,TRANSITION,True,OK
1789616118.3632607,15.576199999999998,-1.3496399999999997,-31.7627,35.402099455535115,48.47167968750001,4.130859374999999,RIGHT_SIDE,TRANSITION,True,OK
1789616118.403235,15.625,-0.42648299999999995,-31.8604,35.488133240694545,49.71862792968749,3.856201171874999,RIGHT_SIDE,TRANSITION,True,OK
1789616118.443417,15.6494,0.18663399999999997,-31.8359,35.47482320491472,51.19628906249999,3.6474609374999996,RIGHT_SIDE,TRANSITION,True,OK
1789616118.48442,15.6494,1.12457,-31.5918,35.273363963264124,52.706909179687514,3.471679687499997,RIGHT_SIDE,TRANSITION,True,OK
1789616118.5242877,15.5396,1.38702,-31.640599999999996,35.27790471386304,54.09667968750001,3.378295898437498,RIGHT_SIDE,TRANSITION,True,OK
1789616118.5643902,15.820299999999998,2.2171,-31.5674,35.37934662002677,55.387573242187486,3.312377929687503,RIGHT_SIDE,LEFT_SIDE,True,OK
1789616118.604455,15.9302,3.32031,-31.5186,35.471366995029946,56.5631103515625,3.1530761718749982,RIGHT_SIDE,LEFT_SIDE,True,OK
1789616118.6442688,15.844699999999998,3.3691399999999994,-31.372099999999996,35.30742529326656,57.67272949218749,2.9443359375,RIGHT_SIDE,LEFT_SIDE,True,OK
1789616118.6843092,15.6494,3.7994399999999997,-31.103499999999997,35.02523628647778,58.9471435546875,2.7136230468749987,RIGHT_SIDE,LEFT_SIDE,True,OK
1789616118.7243433,15.8936,4.84314,-30.883799999999997,35.06952563778985,60.303955078125,2.4829101562499982,RIGHT_SIDE,LEFT_SIDE,True,OK
1789616118.7653658,15.966799999999997,6.23474,-30.908199999999997,35.34299806676847,61.68823242187501,2.092895507812499,RIGHT_SIDE,LEFT_SIDE,True,OK
1789616118.8053637,15.856899999999998,6.50024,-30.7861,35.23461864243176,63.13842773437502,1.5380859374999996,RIGHT_SIDE,LEFT_SIDE,True,OK
1789616118.845314,15.698199999999998,7.09839,-30.7617,35.25766314891133,64.4842529296875,0.8624267578124994,RIGHT_SIDE,LEFT_SIDE,True,OK
1789616118.8854325,15.7471,8.17261,-30.4932,35.278859942777345,65.59387207031251,0.1812744140624988,RIGHT_SIDE,LEFT_SIDE,True,OK
1789616118.9263341,15.7837,9.00269,-30.249,35.2870459790289,66.38488769531251,-0.4284667968750005,RIGHT_SIDE,LEFT_SIDE,True,OK
1789616118.9664366,15.6494,9.46045,-30.0781,35.200794510529164,66.68701171875,-0.7031250000000028,RIGHT_SIDE,LEFT_SIDE,True,OK
1789616119.0054376,15.685999999999998,9.881589999999997,-29.8828,35.166435030695105,67.21984863281251,-1.389770507812498,RIGHT_SIDE,LEFT_SIDE,True,OK
1789616119.0453277,15.844699999999998,9.924319999999998,-29.760699999999996,35.146065356486204,67.67578124999999,-0.9613037109374979,RIGHT_SIDE,LEFT_SIDE,True,OK
1789616119.0864623,16.0278,10.0342,-29.394499999999997,34.95156895949022,68.291015625,-0.6976318359374999,RIGHT_SIDE,LEFT_SIDE,True,OK
1789616119.128305,16.1499,10.0952,-29.1748,34.84108620709176,69.005126953125,-0.6372070312499999,RIGHT_SIDE,LEFT_SIDE,True,OK
1789616119.1672556,16.3086,10.4736,-28.8818,34.78254019130863,69.4171142578125,-0.48889160156249695,RIGHT_SIDE,LEFT_SIDE,True,OK
1789616119.207301,16.3452,10.632299999999999,-28.7842,34.766960407404035,69.84008789062499,-0.46142578124999994,RIGHT_SIDE,LEFT_SIDE,True,OK
1789616119.2473917,16.381799999999995,10.772699999999999,-28.6865,34.746650468498395,70.20263671875,-0.5163574218749974,RIGHT_SIDE,LEFT_SIDE,True,OK
1789616119.2873654,16.369599999999995,10.9314,-28.588899999999995,34.710005954047304,70.521240234375,-0.5218505859374978,RIGHT_SIDE,LEFT_SIDE,True,OK
1789616119.333424,16.4673,11.114499999999998,-28.4912,34.73402592530846,71.1968994140625,-0.5218505859374978,RIGHT_SIDE,LEFT_SIDE,True,OK
1789616119.3682823,16.6016,11.5356,-28.2471,34.73588703819149,71.45507812500001,-0.5273437500000029,RIGHT_SIDE,LEFT_SIDE,True,OK
1789616119.4073255,16.5649,11.5601,-28.173799999999996,34.66691261794162,71.98791503906249,-0.5822753906249993,RIGHT_SIDE,LEFT_SIDE,True,OK
1789616119.4473157,16.503899999999998,11.700399999999998,-28.1494,34.66506592709727,72.59765625,-0.6262207031249979,RIGHT_SIDE,LEFT_SIDE,True,OK
1789616119.4874628,16.6138,11.975099999999998,-27.905299999999997,34.61397316893858,73.28430175781251,-0.6097412109375051,RIGHT_SIDE,LEFT_SIDE,True,OK
1789616119.5283248,16.6748,11.840799999999998,-27.7344,34.459402824773385,74.06433105468749,-0.543823242187496,RIGHT_SIDE,LEFT_SIDE,True,OK
1789616119.56828,16.7358,12.4084,-27.392599999999998,34.41525718282518,74.9212646484375,-0.44494628906249645,RIGHT_SIDE,LEFT_SIDE,True,OK
1789616119.6072967,16.8213,12.963899999999999,-27.0508,34.391345096404706,75.7781982421875,-0.30761718749999634,RIGHT_SIDE,LEFT_SIDE,True,OK
1789616119.6472664,16.9189,12.8052,-26.9287,34.28377470378663,76.60217285156249,-0.1867675781249996,RIGHT_SIDE,LEFT_SIDE,True,OK
1789616119.6873682,16.9434,13.281199999999998,-26.416,34.07747251484476,77.3712158203125,-0.15380859375000064,RIGHT_SIDE,LEFT_SIDE,True,OK
1789616119.7274125,16.9189,13.5254,-26.342799999999997,34.10467320192352,77.99194335937501,-0.17028808593749528,RIGHT_SIDE,LEFT_SIDE,True,OK
1789616119.767309,16.9189,13.6597,-26.342799999999997,34.15815705128132,78.50280761718751,-0.20874023437500386,RIGHT_SIDE,LEFT_SIDE,True,OK
1789616119.807448,16.9189,13.7207,-26.318399999999997,34.163796104355846,79.01367187499999,-0.24169921875000167,RIGHT_SIDE,LEFT_SIDE,True,OK
1789616119.847292,16.9556,13.8184,-26.2939,34.202481300776995,79.47509765625001,-0.24169921875000486,RIGHT_SIDE,LEFT_SIDE,True,OK
1789616119.8882616,16.894499999999997,14.282199999999998,-25.9521,34.10156684816696,79.859619140625,-0.23071289062499678,RIGHT_SIDE,LEFT_SIDE,True,OK
1789616119.9358044,16.9434,14.2578,-25.9033,34.07850664700553,80.47485351562499,-0.16479492187500117,RIGHT_SIDE,LEFT_SIDE,True,OK
1789616119.9693003,17.0044,14.27,-25.927699999999998,34.13250864864755,80.68359375000001,-0.14282226562499944,RIGHT_SIDE,LEFT_SIDE,True,OK
1789616120.0094204,17.040999999999997,14.27,-25.8545,34.09521595840097,81.05712890625001,-0.12634277343749933,RIGHT_SIDE,LEFT_SIDE,True,OK
1789616120.0493007,17.1021,14.7095,-25.708,34.20164438532159,81.37023925781251,-0.12634277343749933,RIGHT_SIDE,LEFT_SIDE,True,OK
1789616120.0892808,16.931199999999997,14.5996,-25.414999999999996,33.848723441217096,81.67785644531251,-0.1263427734375057,RIGHT_SIDE,LEFT_SIDE,True,OK
1789616120.1384072,17.053199999999997,14.550799999999999,-25.3662,33.85234871201701,82.15576171874996,-0.10437011718750165,RIGHT_SIDE,LEFT_SIDE,True,OK
1789616120.1693387,17.0288,14.7827,-25.268599999999996,33.86754190504531,82.2930908203125,-0.09338378906249833,RIGHT_SIDE,LEFT_SIDE,True,OK
1789616120.2093205,17.0166,15.21,-25.146499999999996,33.959611861886756,82.52929687499999,-0.08789062500000262,RIGHT_SIDE,LEFT_SIDE,True,OK
1789616120.2492664,17.0776,14.6851,-25.3662,33.92256898010526,82.7490234375,-0.08239746093750154,RIGHT_SIDE,LEFT_SIDE,True,OK
1789616120.2892864,17.040999999999997,14.8315,-25.1709,33.82223056009169,82.96875000000001,-0.07690429687499131,RIGHT_SIDE,LEFT_SIDE,True,OK
1789616120.3302844,17.053199999999997,15.0024,-25.1221,33.86744077148434,83.29833984375,-0.06591796874999495,RIGHT_SIDE,LEFT_SIDE,True,OK
1789616120.369283,17.1631,15.466300000000002,-25.0244,34.05875853080966,83.39721679687499,-0.06042480468750116,RIGHT_SIDE,LEFT_SIDE,True,OK
1789616120.4093566,17.0898,14.9292,-25.2197,33.92603048943392,83.572998046875,-0.04943847656249689,RIGHT_SIDE,LEFT_SIDE,True,OK
1789616120.4494786,17.1143,14.904799999999998,-25.268599999999996,33.96401733437904,83.726806640625,-0.043945312499997814,RIGHT_SIDE,LEFT_SIDE,True,OK
1789616120.4892693,17.053199999999997,14.8315,-25.244099999999996,33.882880740869716,83.86413574218749,-0.03845214843749777,RIGHT_SIDE,LEFT_SIDE,True,OK
1789616120.5355947,17.1021,14.978,-25.1953,33.93560741315823,84.0179443359375,-0.03845214843750095,RIGHT_SIDE,LEFT_SIDE,True,OK
1789616120.5694594,17.0654,15.0024,-25.1709,33.909793419158426,84.078369140625,-0.03845214843749777,RIGHT_SIDE,LEFT_SIDE,True,OK
1789616120.6092846,17.0776,15.014599999999998,-25.0977,33.867051542908186,84.2266845703125,-0.03845214843750413,RIGHT_SIDE,LEFT_SIDE,True,OK
1789616120.6494606,17.187499999999996,15.4785,-24.9146,33.99604994201532,84.40795898437501,-0.027465820312501662,RIGHT_SIDE,LEFT_SIDE,True,OK
1789616120.6895118,17.053199999999997,15.039099999999998,-24.999999999999996,33.79328570959029,84.6002197265625,-0.0054931640625001605,RIGHT_SIDE,LEFT_SIDE,True,OK
1789616120.7354407,17.053199999999997,14.697299999999998,-25.1221,33.7333983752008,84.92431640624999,0.02746582031249848,RIGHT_SIDE,LEFT_SIDE,True,OK
1789616120.7693207,17.0898,15.1978,-24.939,33.83767293830946,85.03417968749999,0.03845214843750095,RIGHT_SIDE,LEFT_SIDE,True,OK
1789616120.8092992,17.1631,15.6494,-24.8047,33.981595961049265,85.27587890624999,0.06042480468749798,RIGHT_SIDE,LEFT_SIDE,True,OK
1789616120.8492992,17.0044,15.3564,-24.8901,33.830248570325345,85.52307128906247,0.07690429687500086,RIGHT_SIDE,LEFT_SIDE,True,OK
1789616120.8892748,16.9556,15.026899999999998,-25.0244,33.756787322403774,85.76477050781249,0.09338378906249833,RIGHT_SIDE,LEFT_SIDE,True,OK
1789616120.9334233,17.0898,15.4907,-24.8047,33.871760990831284,86.121826171875,0.12084960937499757,RIGHT_SIDE,LEFT_SIDE,True,OK
1789616120.9692283,17.2485,15.991199999999997,-24.5239,33.98015451554039,86.34155273437497,0.1373291015625029,RIGHT_SIDE,LEFT_SIDE,True,OK
1789616121.0093255,17.1021,15.576199999999998,-24.646,33.80125954531872,86.55029296875,0.14831542968750594,RIGHT_SIDE,LEFT_SIDE,True,OK
1789616121.0502412,17.0898,15.307599999999999,-24.755899999999997,33.75260681206712,86.76452636718751,0.14831542968749958,RIGHT_SIDE,LEFT_SIDE,True,OK
1789616121.0903199,17.1143,15.698199999999998,-24.5117,33.766198847664214,86.9732666015625,0.15380859374999747,RIGHT_SIDE,LEFT_SIDE,True,OK
1789616121.1323948,17.1387,15.673799999999998,-24.4141,33.696458611254684,87.1710205078125,0.17578125000000175,RIGHT_SIDE,LEFT_SIDE,True,OK
1789616121.1712837,17.1509,15.685999999999998,-24.340799999999998,33.65528950180045,87.33032226562499,0.1812744140624988,RIGHT_SIDE,LEFT_SIDE,True,OK
1789616121.2124627,17.0776,15.6616,-24.2798,33.562461536067346,87.4676513671875,0.1647949218749948,RIGHT_SIDE,LEFT_SIDE,True,OK
1789616121.2513049,17.1631,15.808099999999998,-24.206499999999995,33.621758869369096,87.572021484375,0.15930175781249994,RIGHT_SIDE,LEFT_SIDE,True,OK
1789616121.2912357,17.1021,16.113299999999995,-23.950199999999995,33.55193498652499,87.68188476562499,0.164794921874998,RIGHT_SIDE,LEFT_SIDE,True,OK
1789616121.3334136,17.0898,16.0645,-24.072299999999995,33.60959761109912,87.7752685546875,0.17578124999999536,RIGHT_SIDE,LEFT_SIDE,True,OK
1789616121.3722801,17.0898,16.1011,-24.096699999999995,33.644578109109936,87.86865234374999,0.17578125000000175,RIGHT_SIDE,LEFT_SIDE,True,OK
1789616121.4117491,17.187499999999996,16.1621,-24.1699,33.77584489942479,87.95654296875001,0.181274414062502,RIGHT_SIDE,LEFT_SIDE,True,OK
1789616121.4524183,17.1021,16.04,-24.206499999999995,33.700416416715086,88.033447265625,0.1867675781249996,RIGHT_SIDE,LEFT_SIDE,True,OK
1789616121.4923034,17.0044,15.7959,-24.1821,33.51766752893166,88.0938720703125,0.21423339843749753,RIGHT_SIDE,LEFT_SIDE,True,OK
1789616121.5332983,17.1265,16.1499,-24.072299999999995,33.66915353183088,88.154296875,0.23620605468750358,RIGHT_SIDE,LEFT_SIDE,True,OK
1789616121.5734477,17.2241,16.503899999999998,-23.9014,33.76870234373835,88.22570800781251,0.2636718750000034,RIGHT_SIDE,LEFT_SIDE,True,OK
1789616121.6143837,17.1387,16.113299999999995,-24.1455,33.71021573395815,88.3135986328125,0.2966308593749992,RIGHT_SIDE,LEFT_SIDE,True,OK
1789616121.6532686,17.0166,15.7593,-24.230999999999998,33.54193752677385,88.43444824218749,0.31860351562500216,RIGHT_SIDE,LEFT_SIDE,True,OK
1789616121.6943104,17.1143,16.1621,-23.9136,33.555521242561554,88.5662841796875,0.35705566406250144,RIGHT_SIDE,LEFT_SIDE,True,OK
1789616121.7334878,17.2485,16.1865,-23.8525,33.59248860608574,88.70361328125,0.39550781250000183,RIGHT_SIDE,LEFT_SIDE,True,OK
1789616121.774298,17.187499999999996,16.394,-23.7183,33.56681616030927,88.84643554687499,0.4119873046874983,RIGHT_SIDE,LEFT_SIDE,True,OK
1789616121.8153274,17.0654,15.7837,-24.0479,33.44629362515374,88.98376464843747,0.4119873046874983,RIGHT_SIDE,LEFT_SIDE,True,OK
1789616121.8545125,17.187499999999996,16.125499999999995,-23.8525,33.53183059050012,89.13757324218751,0.41748046874999956,RIGHT_SIDE,LEFT_SIDE,True,OK
1789616121.8942757,17.187499999999996,16.394,-23.669399999999996,33.532281291465985,89.285888671875,0.4229736328124963,RIGHT_SIDE,LEFT_SIDE,True,OK
1789616121.9343448,17.1997,16.394,-23.6328,33.5127162720362,89.39575195312503,0.42297363281249944,RIGHT_SIDE,LEFT_SIDE,True,OK
1789616121.9744077,17.2363,16.5527,-23.5962,33.58366521718557,89.46716308593749,0.4284667968749941,RIGHT_SIDE,LEFT_SIDE,True,OK
1789616122.0154703,17.2485,16.247599999999995,-23.8403,33.613318225072625,89.50561523437501,0.43945312499999656,RIGHT_SIDE,LEFT_SIDE,True,OK
1789616122.0544267,17.2729,16.0522,-23.962399999999995,33.61878660823439,89.50012207031249,0.4559326171874959,RIGHT_SIDE,LEFT_SIDE,True,OK
1789616122.0953984,17.2607,16.1377,-23.9014,33.610028975590005,89.45068359374999,0.45593261718749906,RIGHT_SIDE,LEFT_SIDE,True,OK
1789616122.1365244,17.2119,16.0767,-23.9868,33.616608376515316,89.39025878906249,0.4559326171875022,RIGHT_SIDE,LEFT_SIDE,True,OK
1789616122.1742597,17.2607,15.978999999999997,-23.937999999999995,33.56021527776602,89.31335449218751,0.46691894531250566,RIGHT_SIDE,LEFT_SIDE,True,OK
1789616122.215609,17.2607,15.966799999999997,-23.950199999999995,33.56311288855668,89.22546386718749,0.4833984374999978,RIGHT_SIDE,LEFT_SIDE,True,OK
1789616122.25546,17.1387,15.942399999999997,-24.0112,33.53256448424427,89.12658691406249,0.49987792968750566,RIGHT_SIDE,LEFT_SIDE,True,OK
1789616122.294288,17.2363,15.942399999999997,-23.950199999999995,33.53896592755954,89.02770996093753,0.5108642578124967,RIGHT_SIDE,LEFT_SIDE,True,OK
1789616122.3364654,17.321799999999996,15.710399999999998,-24.072299999999995,33.56094531877789,88.934326171875,0.5218505859374978,RIGHT_SIDE,LEFT_SIDE,True,OK
1789616122.375422,17.2729,16.0645,-23.999,33.65075386466104,88.83544921875001,0.5163574218749911,RIGHT_SIDE,LEFT_SIDE,True,OK
1789616122.4166908,17.1143,15.6372,-24.2554,33.552134320934044,88.73107910156251,0.5218505859374978,RIGHT_SIDE,LEFT_SIDE,True,OK
1789616122.455402,17.2363,15.808099999999998,-24.230999999999998,33.67680840430102,88.62670898437503,0.5328369140624983,RIGHT_SIDE,LEFT_SIDE,True,OK
1789616122.4954085,17.2485,15.832499999999998,-24.230999999999998,33.69451245381063,88.5333251953125,0.5493164062499982,RIGHT_SIDE,LEFT_SIDE,True,OK
1789616122.53728,17.2363,15.7471,-24.3164,33.70976868891271,88.428955078125,0.5712890625000075,RIGHT_SIDE,LEFT_SIDE,True,OK
1789616122.5754883,17.2485,15.832499999999998,-24.2676,33.720842490364916,88.29162597656247,0.5932617187500028,RIGHT_SIDE,LEFT_SIDE,True,OK
1789616122.6155663,17.2485,15.6128,-24.4141,33.72415387967503,88.12133789062499,0.5877685546875041,RIGHT_SIDE,LEFT_SIDE,True,OK
1789616122.6553593,17.2363,15.600599999999998,-24.4263,33.72110451542179,87.8851318359375,0.576782226562503,RIGHT_SIDE,LEFT_SIDE,True,OK
1789616122.695482,17.187499999999996,15.563999999999998,-24.462899999999998,33.70581149683241,87.5994873046875,0.5438232421874991,RIGHT_SIDE,LEFT_SIDE,True,OK
1789616122.7353756,17.1997,15.4053,-24.609399999999997,33.74574812535647,87.28088378906249,0.4998779296875025,RIGHT_SIDE,LEFT_SIDE,True,OK
1789616122.7755454,17.1631,15.295399999999999,-24.7803,33.802137962856726,86.94580078125001,0.46691894531250566,RIGHT_SIDE,LEFT_SIDE,True,OK
1789616122.8157268,17.040999999999997,15.1978,-24.9512,33.82205178991955,86.6107177734375,0.4449462890624996,RIGHT_SIDE,LEFT_SIDE,True,OK
1789616122.8556175,16.894499999999997,15.2588,-25.1709,33.938610968924465,86.297607421875,0.4339599609375051,RIGHT_SIDE,LEFT_SIDE,True,OK
1789616122.8956347,16.8457,15.148899999999998,-25.292999999999996,33.95589240028893,86.13830566406251,0.4339599609375019,RIGHT_SIDE,LEFT_SIDE,True,OK
1789616122.9355364,16.7603,14.904799999999998,-25.6104,34.04340328595248,85.69335937499999,0.4669189453125025,RIGHT_SIDE,LEFT_SIDE,True,OK
1789616122.9754844,16.626,15.234399999999999,-25.708,34.196667723039916,85.440673828125,0.4724121093749995,RIGHT_SIDE,LEFT_SIDE,True,OK
1789616123.016159,16.503899999999998,15.161099999999998,-26.123,34.418727423017835,85.2154541015625,0.48889160156250333,RIGHT_SIDE,LEFT_SIDE,True,OK
1789616123.0555353,16.4551,14.623999999999999,-26.464799999999997,34.42408068561889,85.00122070312499,0.4943847656249957,RIGHT_SIDE,LEFT_SIDE,True,OK
1789616123.0955124,16.3452,14.233399999999998,-26.586899999999996,34.30187298399316,84.81994628906253,0.5053710937499968,RIGHT_SIDE,LEFT_SIDE,True,OK
1789616123.1364987,16.381799999999995,14.7339,-26.318399999999997,34.32359769910491,84.67712402343753,0.4998779296874961,RIGHT_SIDE,LEFT_SIDE,True,OK
1789616123.1763701,16.381799999999995,14.9658,-26.1719,34.311905958282175,84.5947265625,0.48339843749999456,RIGHT_SIDE,LEFT_SIDE,True,OK
1789616123.218112,16.4429,14.489699999999997,-26.416,34.323831698981394,84.57275390624996,0.48339843750000094,RIGHT_SIDE,LEFT_SIDE,True,OK
1789616123.257377,16.4551,14.5142,-26.3672,34.30250068857954,84.6002197265625,0.5108642578124999,RIGHT_SIDE,LEFT_SIDE,True,OK
1789616123.2974396,16.4429,14.6484,-26.2451,34.26003293898008,84.63867187500001,0.5328369140624983,RIGHT_SIDE,LEFT_SIDE,True,OK
1789616123.3374069,16.4917,14.9414,-26.049799999999998,34.260964418562416,84.63317871093751,0.5548095703124974,RIGHT_SIDE,LEFT_SIDE,True,OK
1789616123.377326,16.4551,14.6729,-26.1719,34.220354469671996,84.5233154296875,0.5877685546874977,RIGHT_SIDE,LEFT_SIDE,True,OK
1789616123.4173515,16.4795,14.4043,-26.489299999999997,34.361909045191304,84.276123046875,0.5712890624999981,RIGHT_SIDE,LEFT_SIDE,True,OK
1789616123.4575753,16.4673,14.3311,-26.611299999999996,34.41967001861,83.89709472656253,0.5438232421875023,RIGHT_SIDE,LEFT_SIDE,True,OK
1789616123.4973116,16.4185,14.282199999999998,-26.6846,34.43277880523151,83.3917236328125,0.5328369140624983,RIGHT_SIDE,LEFT_SIDE,True,OK
1789616123.5373182,16.394,13.855,-26.855499999999996,34.37938541117336,82.7545166015625,0.5328369140624983,RIGHT_SIDE,LEFT_SIDE,True,OK
1789616123.577405,16.4429,13.7939,-26.9531,34.45446614344793,81.97448730468749,0.5328369140625048,RIGHT_SIDE,LEFT_SIDE,True,OK
1789616123.6184773,16.5649,13.7817,-27.123999999999995,34.64163019980439,81.05712890625001,0.521850585937501,RIGHT_SIDE,LEFT_SIDE,True,OK
1789616123.6583948,16.5649,12.902799999999997,-27.4658,34.57236366651838,80.02441406249997,0.5053710937500063,RIGHT_SIDE,LEFT_SIDE,True,OK
1789616123.6984234,16.4673,12.310799999999999,-27.661099999999998,34.46540612179116,78.88183593750001,0.4943847656249989,RIGHT_SIDE,LEFT_SIDE,True,OK
1789616123.7392914,16.6626,11.968999999999998,-27.783199999999997,34.537014954972584,77.65136718749999,0.49438476562500844,RIGHT_SIDE,LEFT_SIDE,True,OK
1789616123.7782955,16.748,12.0728,-27.8809,34.69283194912171,76.34948730468753,0.48339843750000094,RIGHT_SIDE,LEFT_SIDE,True,OK
1789616123.818439,16.5771,11.047399999999998,-28.3691,34.664839909914484,74.99267578125,0.4284667968750005,RIGHT_SIDE,LEFT_SIDE,True,OK
1789616123.8583863,16.1743,10.2356,-28.979499999999998,34.73020167088006,73.59741210937501,0.1922607421874982,RIGHT_SIDE,LEFT_SIDE,True,OK
1789616123.898399,16.0034,10.2295,-29.4434,35.03805481715559,71.97692871093749,-0.07141113281249675,RIGHT_SIDE,LEFT_SIDE,True,OK
1789616123.93928,15.7593,9.65576,-30.053699999999996,35.281923436196045,70.38940429687499,-0.24719238281249445,RIGHT_SIDE,LEFT_SIDE,True,OK
1789616123.9793003,15.6128,8.99048,-30.322299999999995,35.270811328354775,69.17541503906253,-0.35156249999999756,RIGHT_SIDE,LEFT_SIDE,True,OK
1789616124.0205908,15.710399999999998,8.55713,-30.3955,35.26935727011339,67.92297363281251,-0.25268554687500117,RIGHT_SIDE,LEFT_SIDE,True,OK
1789616124.059395,15.9302,8.306879999999998,-30.322299999999995,35.24510469078507,67.642822265625,-0.14831542968749958,RIGHT_SIDE,LEFT_SIDE,True,OK
1789616124.1005034,16.1865,8.19702,-30.0049,35.06405485879236,66.6815185546875,0.10437011718749847,RIGHT_SIDE,LEFT_SIDE,True,OK
1789616124.139321,16.125499999999995,7.684329999999999,-30.2246,35.10850499464339,66.29150390625,0.06042480468750116,RIGHT_SIDE,LEFT_SIDE,True,OK
1789616124.180376,15.954599999999997,7.44629,-30.444299999999995,35.168905277447855,64.9896240234375,-0.22521972656250003,RIGHT_SIDE,LEFT_SIDE,True,OK
1789616124.2206216,15.844699999999998,7.159419999999999,-30.664099999999998,35.250515480435176,64.19860839843749,-0.4394531249999997,RIGHT_SIDE,LEFT_SIDE,True,OK
1789616124.2606218,15.685999999999998,6.890869999999999,-30.810499999999998,35.25367492343032,63.40209960937498,-0.7031249999999932,RIGHT_SIDE,LEFT_SIDE,True,OK
1789616124.30042,15.4907,6.58569,-31.0059,35.2802910146175,62.457275390625,-1.038208007812503,RIGHT_SIDE,LEFT_SIDE,True,OK
1789616124.3412118,15.1978,6.15234,-31.4697,35.48473517451694,61.28173828125002,-1.3568115234374998,RIGHT_SIDE,LEFT_SIDE,True,OK
1789616124.3822424,14.9902,5.773929999999999,-31.7871,35.615503507530256,59.84802246093751,-1.7523193359374987,RIGHT_SIDE,LEFT_SIDE,True,OK
1789616124.4223492,14.6606,5.16052,-32.2754,35.822696774397095,58.17260742187501,-2.2357177734374996,RIGHT_SIDE,LEFT_SIDE,True,OK
1789616124.4623861,14.2578,4.44946,-32.8125,36.051944626907435,56.22802734374999,-2.796020507812499,RIGHT_SIDE,LEFT_SIDE,True,OK
1789616124.50224,13.8672,3.60413,-33.17869999999999,36.14021475568317,54.107666015625,-3.3837890624999982,RIGHT_SIDE,TRANSITION,True,OK
1789616124.5422506,13.635299999999999,2.79083,-33.300799999999995,36.0922902961131,51.67968749999999,-3.9440917968749964,RIGHT_SIDE,TRANSITION,True,OK
1789616124.583247,13.1958,1.6540499999999998,-33.7402,36.26659778753034,49.13085937499999,-4.465942382812501,RIGHT_SIDE,TRANSITION,True,OK
1789616124.6244214,12.854,0.353241,-34.35059999999999,36.67851981152021,46.6314697265625,-4.795532226562498,RIGHT_SIDE,TRANSITION,True,OK
1789616124.6643684,12.6221,-1.34659,-34.5215,36.781308776171905,44.302368164062514,-4.779052734375001,RIGHT_SIDE,TRANSITION,True,OK
1789616124.7043266,12.5366,-2.7419999999999995,-34.1797,36.50940694738823,42.2808837890625,-4.432983398437502,RIGHT_SIDE,TRANSITION,True,OK
1789616124.7443836,12.438999999999998,-3.56445,-34.2529,36.615504683296386,40.638427734375,-3.817749023437499,RIGHT_SIDE,TRANSITION,True,OK
1789616124.7853494,12.4634,-4.0802,-34.3262,36.746052550444105,39.468383789062514,-3.1036376953125,RIGHT_SIDE,TRANSITION,True,OK
1789616124.8256662,12.3779,-5.77087,-34.20409999999999,36.829822233848745,38.45764160156252,-2.389526367187503,RIGHT_SIDE,TRANSITION,True,OK
1789616124.8654008,12.2009,-7.1655299999999995,-33.8379,36.6771080839384,37.9632568359375,-2.0544433593749973,RIGHT_SIDE,TRANSITION,True,OK
1789616124.904309,12.029999999999998,-7.672119999999999,-33.9111,36.790556240758306,36.47460937499999,-1.0546874999999991,RIGHT_SIDE,TRANSITION,True,OK
1789616124.9444044,11.9263,-8.23975,-33.8623,36.83456899493328,35.299072265625,-0.3955078125000002,RIGHT_SIDE,TRANSITION,True,OK
1789616124.9853108,11.6516,-9.60083,-33.4717,36.719074336629184,33.88732910156249,0.2197265625000004,RIGHT_SIDE,LEVEL,True,OK
1789616125.0256383,11.322,-11.4319,-33.2275,36.918054903529246,32.14599609375,0.774536132812501,RIGHT_SIDE,LEVEL,True,OK
1789616125.0653512,11.0352,-12.7441,-33.0811,37.128788036508816,30.14648437499999,1.230468749999999,RIGHT_SIDE,LEVEL,True,OK
1789616125.1053936,10.5591,-14.160199999999998,-32.6416,37.11441643633912,28.004150390625004,1.5325927734374987,RIGHT_SIDE,LEVEL,True,OK
1789616125.1456096,10.0769,-15.3809,-32.22659999999999,37.103500454539315,25.867309570312504,1.7028808593750007,RIGHT_SIDE,LEVEL,True,OK
1789616125.1865456,9.46045,-16.650399999999998,-31.8115,37.130950251946146,23.818359374999996,1.7687988281250004,RIGHT_SIDE,LEVEL,True,OK
1789616125.2260277,8.81958,-18.0786,-31.5918,37.45213740998503,22.011108398437504,1.8072509765625004,RIGHT_SIDE,LEVEL,True,OK
1789616125.2664802,8.28247,-19.1772,-31.2744,37.60920637956749,21.187133789062504,1.8072509765625004,RIGHT_SIDE,LEVEL,True,OK
1789616125.3063347,7.77588,-20.0195,-31.0059,37.71750952587406,18.819580078124996,1.6259765624999998,RIGHT_SIDE,LEVEL,True,OK
1789616125.346386,7.220459999999999,-20.9351,-30.7373,37.883968455160556,17.281494140625,1.4172363281249998,RIGHT_SIDE,LEVEL,True,OK
1789616125.3862777,6.75049,-21.5942,-30.444299999999995,37.93064712564366,15.688476562500002,1.0272216796875,RIGHT_SIDE,LEVEL,True,OK
1789616125.427545,6.12793,-22.6807,-29.9805,38.08931685951981,13.985595703125,0.4833984374999997,RIGHT_SIDE,LEVEL,True,OK
1789616125.4673069,5.56946,-23.5107,-29.3213,37.99355909718909,12.101440429687498,-0.2911376953124997,RIGHT_SIDE,LEVEL,True,OK
1789616125.5084624,5.285639999999999,-24.1211,-29.101599999999998,38.1663278031775,9.8822021484375,-1.2634277343749998,RIGHT_SIDE,LEVEL,True,OK
1789616125.548303,4.99878,-25.0732,-28.173799999999996,38.04492300121528,7.344360351562498,-2.3016357421875,RIGHT_SIDE,LEVEL,True,OK
1789616125.5894258,4.45557,-26.001,-27.783199999999997,38.31201257131893,4.960327148437499,-3.054199218749999,RIGHT_SIDE,LEVEL,True,OK
1789616125.6356695,4.12903,-26.9043,-26.9531,38.30613327968381,2.4444580078125,-3.504638671874999,RIGHT_SIDE,LEVEL,True,OK
1789616125.6704223,4.12903,-27.246099999999995,-26.416,38.173340303815436,1.9335937499999998,-3.4606933593749996,RIGHT_SIDE,LEVEL,True,OK
1789616125.7105584,4.16565,-27.3438,-25.9766,37.94495731875976,1.7303466796874998,-3.2025146484374996,RIGHT_SIDE,LEVEL,True,OK
1789616125.7504535,4.06189,-27.2217,-26.6846,38.335202861366206,2.6531982421874996,-2.7740478515625,RIGHT_SIDE,LEVEL,True,OK
1789616125.7903295,3.9611799999999997,-26.8066,-27.0264,38.271543573684085,4.290161132812499,-2.2741699218750004,RIGHT_SIDE,LEVEL,True,OK
1789616125.8373897,4.16565,-26.2939,-27.6855,38.40844604227696,6.135864257812498,-1.8182373046875,RIGHT_SIDE,LEVEL,True,OK
1789616125.8703437,4.39148,-25.9766,-27.392599999999998,38.005570366860695,6.432495117187501,-1.4666748046875007,RIGHT_SIDE,LEVEL,True,OK
1789616125.9104605,4.35181,-26.0254,-27.7344,38.28128313936329,6.707153320312501,-0.35156250000000006,RIGHT_SIDE,LEVEL,True,OK
1789616125.9503248,4.44946,-26.2939,-27.514599999999998,38.317360095152694,6.5643310546875,0.8624267578125,RIGHT_SIDE,LEVEL,True,OK
1789616125.990424,4.62646,-26.489299999999997,-26.9043,38.038513445080895,6.185302734374998,1.8402099609374996,RIGHT_SIDE,LEVEL,True,OK
1789616126.0337448,4.65698,-26.9287,-26.2695,37.90684603947419,5.8392333984375,2.52685546875,RIGHT_SIDE,LEVEL,True,OK
1789616126.0714743,4.49829,-27.1484,-26.5137,38.21317211609237,5.256958007812501,2.9718017578125,RIGHT_SIDE,LEVEL,True,OK
1789616126.1113625,3.90625,-27.9541,-26.0986,38.44252096094245,4.0484619140625,3.493652343749999,RIGHT_SIDE,LEVEL,True,OK
1789616126.1514513,3.1463599999999996,-29.0283,-24.609399999999997,38.18591822255424,1.9720458984375002,4.163818359375001,RIGHT_SIDE,LEVEL,True,OK
1789616126.191339,2.5115999999999996,-30.0781,-23.0713,37.990592491562964,-0.802001953125,5.03173828125,RIGHT_SIDE,LEVEL,True,OK
1789616126.2344441,2.0401,-31.152299999999997,-21.826199999999996,38.092135799138376,-3.9605712890625004,5.817260742187499,RIGHT_SIDE,LEVEL,True,OK
1789616126.272413,1.53809,-32.2021,-20.2637,38.078320642435116,-7.097167968750001,6.1138916015625,RIGHT_SIDE,LEVEL,True,OK
1789616126.312354,0.9597779999999999,-32.88569999999999,-18.5791,37.783242252475944,-9.7393798828125,5.707397460937501,RIGHT_SIDE,LEVEL,True,OK
1789616126.352407,0.613403,-33.374,-17.8711,37.862598358411816,-11.5301513671875,5.075683593749998,RIGHT_SIDE,LEVEL,True,OK
1789616126.3923843,-0.12445399999999998,-33.667,-17.0776,37.75085164016987,-12.689208984374995,4.432983398437498,RIGHT_SIDE,LEVEL,True,OK
1789616126.4368458,-0.879669,-34.1797,-17.0288,38.196933634515226,-12.952880859375002,3.36181640625,RIGHT_SIDE,LEVEL,True,OK
1789616126.4744828,-1.8493699999999997,-34.4482,-17.053199999999997,38.482597143084035,-12.815551757812496,3.0432128906249996,RIGHT_SIDE,LEVEL,True,OK
1789616126.5143197,-2.28729,-34.6924,-17.0044,38.703280644721836,-13.046264648437502,2.8289794921875,RIGHT_SIDE,LEVEL,True,OK
1789616126.5545595,-2.63062,-34.8633,-16.6138,38.70901960673249,-14.062499999999996,3.1970214843749996,RIGHT_SIDE,LEVEL,True,OK
1789616126.5946064,-2.76031,-35.083,-15.1855,38.32800034630166,-15.562133789062498,3.900146484374999,RIGHT_SIDE,LEVEL,True,OK
1789616126.6362016,-2.9907199999999996,-35.4492,-13.5742,38.076883963874984,-19.072265625000004,5.300903320312501,RIGHT_SIDE,LEVEL,True,OK
1789616126.6745603,-2.99377,-35.9375,-11.8591,37.961886384542325,-20.582885742187504,5.679931640625001,RIGHT_SIDE,LEVEL,True,OK
1789616126.7155344,-3.4301799999999996,-36.4014,-10.1257,37.93887000534413,-25.609130859374993,6.004028320312499,RIGHT_SIDE,LEVEL,True,OK
1789616126.7544377,-3.8970899999999995,-36.2305,-7.550049999999999,37.213434344610015,-27.268066406249993,6.009521484375,RIGHT_SIDE,LEVEL,True,OK
1789616126.7943804,-4.66614,-36.1084,-5.54199,36.82802012353773,-30.585937499999996,5.877685546875001,RIGHT_SIDE,LEVEL,True,OK
1789616126.8352764,-4.751589999999999,-36.2793,-4.058839999999999,36.81357627511486,-33.6456298828125,5.509643554687501,RIGHT_SIDE,LEVEL,True,OK
1789616126.8743253,-4.952999999999999,-36.2549,-2.3773199999999997,36.668810089671574,-37.49084472656249,4.757080078125,RIGHT_SIDE,TRANSITION,True,OK
1789616126.9143846,-4.97742,-35.9619,-1.31531,36.328542523235086,-38.91357421874999,4.004516601562501,RIGHT_SIDE,TRANSITION,True,OK
1789616126.95456,-4.72412,-35.7666,-0.622177,36.08260092556701,-40.127563476562514,3.4716796875000004,RIGHT_SIDE,TRANSITION,True,OK
1789616126.9943678,-4.49829,-35.6445,-0.191116,35.92772631964839,-41.01745605468749,3.202514648437499,RIGHT_SIDE,TRANSITION,True,OK
1789616127.0342832,-4.45251,-35.546899999999994,0.333405,35.82622089760689,-41.94580078125,3.0981445312500004,RIGHT_SIDE,TRANSITION,True,OK
1789616127.0742562,-4.71191,-35.253899999999994,1.16348,35.58641941483436,-43.247680664062486,3.1091308593749996,RIGHT_SIDE,TRANSITION,True,OK
1789616127.1154613,-4.852289999999999,-35.0342,2.1286,35.4326237504944,-44.84069824218752,3.1915283203125004,RIGHT_SIDE,TRANSITION,True,OK
1789616127.155545,-5.06592,-34.7656,3.05328,35.26518123538854,-46.70837402343751,3.3453369140625004,RIGHT_SIDE,TRANSITION,True,OK
1789616127.1963882,-5.4657,-34.3262,4.23584,35.015771067271956,-48.5101318359375,3.4002685546875004,RIGHT_SIDE,TRANSITION,True,OK
1789616127.2373056,-6.18591,-33.93549999999999,5.24597,34.89131473617753,-50.1251220703125,3.1585693359375004,RIGHT_SIDE,TRANSITION,True,OK
1789616127.2775066,-6.842039999999999,-33.6182,6.2561,34.8731367934059,-51.602783203124986,2.669677734374999,RIGHT_SIDE,TRANSITION,True,OK
1789616127.3163116,-7.15332,-33.5693,6.97632,35.02480449987979,-53.096923828125,1.9940185546874998,RIGHT_SIDE,TRANSITION,True,OK
1789616127.3565016,-7.873539999999999,-33.0566,7.757569999999999,34.855578147500296,-54.453735351562514,1.2579345703125002,RIGHT_SIDE,TRANSITION,True,OK
1789616127.396375,-8.58154,-32.6416,8.40454,34.78150617703609,-55.82153320312501,0.5218505859375002,RIGHT_SIDE,RIGHT_SIDE,True,OK
1789616127.4363673,-8.905029999999998,-32.5195,9.07593,34.916900562847786,-57.0574951171875,-0.0054931640625001605,RIGHT_SIDE,RIGHT_SIDE,True,OK
1789616127.477428,-9.58252,-31.8604,10.0342,34.75046686521492,-58.06823730468751,-0.3845214843750001,RIGHT_SIDE,RIGHT_SIDE,True,OK
1789616127.5173028,-10.5591,-31.8115,10.3943,35.09284254018189,-59.00756835937499,-0.5438232421874991,RIGHT_SIDE,RIGHT_SIDE,True,OK
1789616127.5564606,-11.322,-31.713899999999995,10.6201,35.30928576479563,-59.8590087890625,-0.5218505859375002,RIGHT_SIDE,RIGHT_SIDE,True,OK
1789616127.5973663,-11.8103,-31.25,11.2244,35.24248631197862,-60.62255859375,-0.4064941406249994,RIGHT_SIDE,RIGHT_SIDE,True,OK
1789616127.6365569,-12.4268,-30.908199999999997,11.7615,35.32810591766844,-61.56738281250002,-0.21423339843750072,RIGHT_SIDE,RIGHT_SIDE,True,OK
1789616127.6774716,-13.0005,-30.468799999999998,12.2742,35.32728066707088,-62.715454101562486,0.06591796874999971,RIGHT_SIDE,RIGHT_SIDE,True,OK
1789616127.7163496,-13.4399,-30.175799999999995,12.7197,35.39774831454678,-63.68774414062497,0.24169921875000247,RIGHT_SIDE,RIGHT_SIDE,True,OK
1789616127.7573016,-13.7695,-29.785199999999996,13.2568,35.39067695778084,-64.70947265625,0.31860351562500056,RIGHT_SIDE,RIGHT_SIDE,True,OK
1789616127.796343,-14.233399999999998,-29.3457,13.7817,35.40755624072354,-65.6488037109375,0.35156249999999917,RIGHT_SIDE,RIGHT_SIDE,True,OK
1789616127.8373249,-14.6606,-28.979499999999998,14.172399999999998,35.43446816829624,-66.47277832031253,0.38452148437499695,RIGHT_SIDE,RIGHT_SIDE,True,OK
1789616127.877465,-14.978,-28.857399999999995,14.3921,35.55590754248863,-67.32971191406249,0.39001464843750105,RIGHT_SIDE,RIGHT_SIDE,True,OK
1789616127.918304,-15.161099999999998,-28.588899999999995,14.697299999999998,35.54145162637564,-68.15368652343751,0.3515625000000007,RIGHT_SIDE,RIGHT_SIDE,True,OK
1789616127.9575024,-15.441899999999999,-28.1494,15.1733,35.511547824052954,-68.9996337890625,0.45043945312499917,RIGHT_SIDE,RIGHT_SIDE,True,OK
1789616127.998433,-15.625,-28.2471,15.429699999999999,35.77869373663606,-69.80712890625,0.5657958984375022,RIGHT_SIDE,RIGHT_SIDE,True,OK
1789616128.0384822,-15.8936,-27.392599999999998,15.856899999999998,35.417542734215765,-70.50476074218753,0.6591796874999992,RIGHT_SIDE,RIGHT_SIDE,True,OK
1789616128.0783713,-15.966799999999997,-27.1484,16.04,35.344814680515725,-71.07055664062501,0.7635498046875012,RIGHT_SIDE,RIGHT_SIDE,True,OK
1789616128.1173143,-16.369599999999995,-27.2217,15.991199999999997,35.56266627363589,-71.44958496093749,0.9338378906250012,RIGHT_SIDE,RIGHT_SIDE,True,OK
1789616128.1584663,-16.4429,-27.539099999999998,16.04,35.86157538675622,-71.65283203125,1.0546874999999991,RIGHT_SIDE,RIGHT_SIDE,True,OK
1789616128.197341,-16.748,-26.9531,16.2231,35.63922105237431,-71.78466796874999,1.109619140624998,RIGHT_SIDE,RIGHT_SIDE,True,OK
1789616128.2383163,-16.906699999999997,-26.586899999999996,16.247599999999995,35.44974276719084,-71.91101074218747,1.1535644531249973,RIGHT_SIDE,RIGHT_SIDE,True,OK
1789616128.2793996,-16.7725,-27.1484,16.0522,35.72149917976568,-72.04833984375001,1.263427734374998,RIGHT_SIDE,RIGHT_SIDE,True,OK
1789616128.3183165,-16.6748,-27.636699999999998,16.0034,36.027003115579845,-72.26257324218751,1.5106201171874987,RIGHT_SIDE,RIGHT_SIDE,True,OK
1789616128.3586526,-16.7969,-27.0508,16.3208,35.7805833223831,-72.608642578125,1.8621826171875027,RIGHT_SIDE,RIGHT_SIDE,True,OK
1789616128.398312,-16.748,-26.7578,16.6016,35.66634951042789,-73.048095703125,2.125854492187499,RIGHT_SIDE,RIGHT_SIDE,True,OK
1789616128.4394445,-16.8579,-26.5381,16.7725,35.63392064129346,-73.575439453125,2.4499511718749982,RIGHT_SIDE,RIGHT_SIDE,True,OK
1789616128.4793885,-16.7236,-27.001999999999995,16.7969,35.92941205433231,-74.15222167968751,2.7685546875000004,RIGHT_SIDE,RIGHT_SIDE,True,OK
1789616128.5183675,-17.0654,-26.416,16.9678,35.734285637186034,-74.6356201171875,2.861938476562501,RIGHT_SIDE,RIGHT_SIDE,True,OK
1789616128.5584657,-17.1509,-26.2695,17.1143,35.737085297349026,-74.94873046875,2.845458984375001,RIGHT_SIDE,RIGHT_SIDE,True,OK
1789616128.5984142,-17.187499999999996,-26.196299999999997,17.1509,35.718477861605464,-75.16845703124999,2.8125,RIGHT_SIDE,RIGHT_SIDE,True,OK
1789616128.6391902,-17.3584,-26.0254,17.2485,35.72318921890933,-75.3936767578125,2.8070068359375,RIGHT_SIDE,RIGHT_SIDE,True,OK
1789616128.6793196,-17.3706,-26.0254,17.2485,35.72911896156971,-75.49255371093751,2.8070068359375,RIGHT_SIDE,RIGHT_SIDE,True,OK
1789616128.7183442,-17.3462,-26.074199999999998,17.2485,35.75283642356226,-75.62988281249999,2.8125,RIGHT_SIDE,RIGHT_SIDE,True,OK
1789616128.7584965,-17.1143,-26.489299999999997,17.1631,35.90479467411003,-75.662841796875,2.8125,RIGHT_SIDE,RIGHT_SIDE,True,OK
1789616128.79836,-17.3462,-26.123,17.2119,35.77081610824668,-75.70129394531251,2.8179931640624996,RIGHT_SIDE,RIGHT_SIDE,True,OK
1789616128.8383627,-17.565899999999996,-25.8545,17.2363,35.69462215446467,-75.71777343750001,2.8124999999999982,RIGHT_SIDE,RIGHT_SIDE,True,OK
1789616128.8804016,-17.4072,-26.2207,17.1631,35.84839915449503,-75.67382812500001,2.845458984375002,RIGHT_SIDE,RIGHT_SIDE,True,OK
1789616128.9194643,-17.1997,-26.3672,17.1265,35.83819077715838,-75.5804443359375,2.8070068359375013,RIGHT_SIDE,RIGHT_SIDE,True,OK
1789616128.9604766,-17.4927,-26.342799999999997,17.053199999999997,35.926999531967596,-75.4156494140625,2.752075195312498,RIGHT_SIDE,RIGHT_SIDE,True,OK
1789616128.9994133,-17.7856,-26.2207,16.9556,35.93528971929961,-75.22338867187499,2.7301025390624982,RIGHT_SIDE,RIGHT_SIDE,True,OK
1789616129.04035,-17.7368,-26.6602,16.6992,36.114036314430436,-74.99267578124999,2.7191162109374987,RIGHT_SIDE,RIGHT_SIDE,True,OK
1789616129.079429,-17.7734,-26.9043,16.6138,36.2733160393422,-74.72900390625,2.6916503906250018,RIGHT_SIDE,RIGHT_SIDE,True,OK
1789616129.119383,-18.2983,-26.7822,16.4307,36.36044447225584,-74.43786621093751,2.6971435546875,RIGHT_SIDE,RIGHT_SIDE,True,OK
1789616129.1604202,-18.6157,-26.879899999999996,16.259799999999995,36.51649499253727,-74.124755859375,2.697143554687497,RIGHT_SIDE,RIGHT_SIDE,True,OK
1789616129.2003782,-19.0186,-26.9287,16.0767,36.67863564174654,-73.85559082031249,2.6422119140625,RIGHT_SIDE,RIGHT_SIDE,True,OK
1789616129.2403824,-19.0674,-27.0508,15.978999999999997,36.75105392230269,-73.81164550781249,2.5872802734375018,RIGHT_SIDE,RIGHT_SIDE,True,OK
1789616129.2803643,-19.519,-27.0508,16.0156,37.003196956479314,-73.916015625,2.614746093749997,RIGHT_SIDE,RIGHT_SIDE,True,OK
1789616129.3217347,-19.7754,-26.9287,16.04,37.060800434556185,-74.21264648437501,2.614746093749997,RIGHT_SIDE,RIGHT_SIDE,True,OK
1789616129.36273,-20.2881,-26.611299999999996,16.2964,37.22016848779704,-74.73449707031249,2.510375976562495,RIGHT_SIDE,RIGHT_SIDE,True,OK
1789616129.4013648,-20.8496,-26.342799999999997,16.4062,37.38732847423041,-74.89929199218753,2.0599365234374973,RIGHT_SIDE,RIGHT_SIDE,True,OK
1789616129.4423366,-21.228,-26.464799999999997,16.1499,37.57436483894305,-74.35546874999999,1.3732910156249998,RIGHT_SIDE,RIGHT_SIDE,True,OK
1789616129.4813375,-21.521,-26.7822,15.710399999999998,37.7790463881766,-73.66882324218753,0.8404541015625001,RIGHT_SIDE,RIGHT_SIDE,True,OK
1789616129.5223742,-21.3745,-26.8311,15.6494,37.70518396480781,-73.3282470703125,0.6152343750000016,RIGHT_SIDE,RIGHT_SIDE,True,OK
1789616129.562777,-21.545399999999997,-27.0508,15.551799999999998,37.918445709707036,-73.245849609375,0.5877685546874993,RIGHT_SIDE,RIGHT_SIDE,True,OK
1789616129.602456,-21.5942,-26.8066,15.6616,37.817839596677125,-73.25683593750001,0.6646728515625001,RIGHT_SIDE,RIGHT_SIDE,True,OK
1789616129.642374,-21.7651,-26.8066,15.6372,37.90561179311053,-73.36669921875,0.6262207031250027,RIGHT_SIDE,RIGHT_SIDE,True,OK
1789616129.6823645,-21.960399999999996,-26.342799999999997,15.6616,37.70262583110094,-73.63037109375001,0.4998779296874961,RIGHT_SIDE,RIGHT_SIDE,True,OK
1789616129.722358,-22.351099999999995,-26.464799999999997,15.7837,38.06681620440564,-74.256591796875,0.4064941406250058,RIGHT_SIDE,RIGHT_SIDE,True,OK
1789616129.7626486,-22.753899999999998,-26.5625,15.856899999999998,38.402443269536896,-74.60815429687497,0.36804199218749817,RIGHT_SIDE,RIGHT_SIDE,True,OK
1789616129.8024397,-22.9126,-26.074199999999998,16.0522,38.24296365659963,-74.5806884765625,0.20324707031249994,RIGHT_SIDE,RIGHT_SIDE,True,OK
1789616129.8425398,-22.997999999999998,-25.8789,16.0278,38.151223336218195,-74.53674316406249,0.005493164062503341,RIGHT_SIDE,RIGHT_SIDE,True,OK
1789616129.8833365,-23.1934,-26.123,15.8813,38.37395760473501,-74.63012695312497,0.12634277343749933,RIGHT_SIDE,RIGHT_SIDE,True,OK
1789616129.9244003,-23.290999999999997,-26.123,15.844699999999998,38.417916758850936,-74.85534667968751,0.4339599609375019,RIGHT_SIDE,RIGHT_SIDE,True,OK
1789616129.963363,-23.4375,-26.001,16.0278,38.500114026973996,-75.3057861328125,0.7635498046875028,RIGHT_SIDE,RIGHT_SIDE,True,OK
1789616130.0033765,-23.657199999999996,-25.146499999999996,16.2964,38.17829523498921,-75.38818359374997,0.6976318359374999,RIGHT_SIDE,RIGHT_SIDE,True,OK
1789616130.044369,-23.9014,-25.659199999999995,16.1743,38.61708750138985,-75.67382812500001,0.7141113281250021,RIGHT_SIDE,RIGHT_SIDE,True,OK
1789616130.084396,-23.9746,-25.537099999999995,16.2354,38.607164292783786,-76.00341796875,0.7415771484375029,RIGHT_SIDE,RIGHT_SIDE,True,OK
1789616130.1303082,-23.9746,-25.708,16.259799999999995,38.730657174904735,-76.60766601562501,0.7525634765624981,RIGHT_SIDE,RIGHT_SIDE,True,OK
1789616130.1673434,-24.1577,-25.268599999999996,16.4673,38.64283354698514,-77.0526123046875,0.7965087890625032,RIGHT_SIDE,RIGHT_SIDE,True,OK
1789616130.2072456,-24.230999999999998,-25.1221,16.626,38.661158097113436,-77.45910644531249,0.747070312499999,RIGHT_SIDE,RIGHT_SIDE,True,OK
1789616130.2473395,-24.230999999999998,-25.0488,16.7358,38.66097184603615,-77.82714843749999,0.7580566406250028,RIGHT_SIDE,RIGHT_SIDE,True,OK
1789616130.2872467,-24.3774,-24.340799999999998,16.8701,38.357951579952754,-78.08532714843749,0.7580566406250028,RIGHT_SIDE,RIGHT_SIDE,True,OK
1789616130.3354776,-24.218799999999998,-25.0488,16.9434,38.7436634617843,-78.2391357421875,0.7086181640624971,RIGHT_SIDE,RIGHT_SIDE,True,OK
1789616130.369338,-24.230999999999998,-24.8047,16.98,38.610036300034736,-78.37646484375001,0.7086181640625002,RIGHT_SIDE,RIGHT_SIDE,True,OK
1789616130.4093041,-24.2676,-24.7681,17.0654,38.647161144513575,-78.52478027343751,0.7196044921874988,RIGHT_SIDE,RIGHT_SIDE,True,OK
1789616130.4492986,-24.3774,-24.2798,17.0898,38.41650143935546,-78.68408203125001,0.7031249999999996,RIGHT_SIDE,RIGHT_SIDE,True,OK
1789616130.489293,-24.206499999999995,-24.621599999999997,17.175299999999996,38.56382707797554,-78.79943847656249,0.6976318359374936,RIGHT_SIDE,RIGHT_SIDE,True,OK
1789616130.5375519,-24.1699,-25.146499999999996,16.9922,38.79774979428575,-78.2830810546875,0.6427001953125029,RIGHT_SIDE,RIGHT_SIDE,True,OK
1789616130.5724597,-24.5361,-24.8169,16.8335,38.74616692100007,-78.10180664062503,0.664672851562497,RIGHT_SIDE,RIGHT_SIDE,True,OK
1789616130.6123445,-24.6582,-24.352999999999998,16.748,38.49143983069482,-77.86560058593749,0.6591796875000024,RIGHT_SIDE,RIGHT_SIDE,True,OK
1789616130.6523397,-24.6582,-25.0244,16.516099999999998,38.82047116934569,-77.662353515625,0.653686523437494,RIGHT_SIDE,RIGHT_SIDE,True,OK
1789616130.6923213,-24.462899999999998,-25.0977,16.4917,38.73376034662785,-77.50305175781249,0.6427001953124997,RIGHT_SIDE,RIGHT_SIDE,True,OK
1789616130.7333415,-24.6704,-25.414999999999996,16.3086,38.99386227497861,-77.288818359375,0.6481933593750028,RIGHT_SIDE,RIGHT_SIDE,True,OK
1789616130.772458,-24.939,-24.7925,16.247599999999995,38.73765975133242,-77.03063964843751,0.6536865234374972,RIGHT_SIDE,RIGHT_SIDE,True,OK
1789616130.8124235,-24.8169,-25.3662,16.1377,38.98394527674181,-76.84387207031249,0.5877685546874977,RIGHT_SIDE,RIGHT_SIDE,True,OK
1789616130.8524559,-24.9146,-25.4395,16.0767,39.068730927686914,-76.86584472656249,0.5822753906249993,RIGHT_SIDE,RIGHT_SIDE,True,OK
1789616130.8924232,-24.999999999999996,-25.292999999999996,16.1011,39.03820270209682,-76.93176269531247,0.5822753906249993,RIGHT_SIDE,RIGHT_SIDE,True,OK
1789616130.9324143,-24.853499999999997,-25.4639,16.125499999999995,39.06582157986697,-77.01416015625,0.5603027343750014,RIGHT_SIDE,RIGHT_SIDE,True,OK
1789616130.9723601,-24.9023,-25.3174,16.1377,39.00667442041169,-76.98669433593747,0.5712890625000044,RIGHT_SIDE,RIGHT_SIDE,True,OK
1789616131.0123599,-24.9634,-25.1709,16.2354,38.99145751994916,-76.82739257812501,0.5767822265624998,RIGHT_SIDE,RIGHT_SIDE,True,OK
1789616131.0525084,-25.2197,-24.999999999999996,16.04,38.96556002536086,-76.541748046875,0.5657958984375022,RIGHT_SIDE,RIGHT_SIDE,True,OK
1789616131.0924125,-25.1953,-25.3662,15.856899999999998,39.11123268499728,-76.50329589843751,0.5767822265624967,RIGHT_SIDE,RIGHT_SIDE,True,OK
1789616131.1335528,-25.3174,-25.5127,15.625,39.1919536263504,-76.453857421875,0.6536865234374972,RIGHT_SIDE,RIGHT_SIDE,True,OK
1789616131.172375,-25.927699999999998,-25.3662,15.3809,39.398753971921494,-76.57470703124999,0.8898925781250004,RIGHT_SIDE,RIGHT_SIDE,True,OK
1789616131.2124147,-26.8066,-24.743699999999997,15.466300000000002,39.623868172352886,-77.3272705078125,1.2469482421875,RIGHT_SIDE,RIGHT_SIDE,True,OK
1789616131.2524774,-27.417,-24.4141,15.4785,39.84123655284811,-78.81591796875,1.7083740234375004,RIGHT_SIDE,RIGHT_SIDE,True,OK
1789616131.2923763,-28.4912,-23.5718,15.563999999999998,40.120024036383626,-80.94177246093751,2.043457031249996,RIGHT_SIDE,RIGHT_SIDE,True,OK
1789616131.3324761,-29.9316,-22.3999,15.4907,40.46749294260765,-83.045654296875,2.208251953125,RIGHT_SIDE,RIGHT_SIDE,True,OK
1789616131.3724327,-30.883799999999997,-21.3379,15.5273,40.62280300693196,-84.28161621093751,2.307128906250003,RIGHT_SIDE,RIGHT_SIDE,True,OK
1789616131.4124427,-31.079099999999997,-21.301299999999998,15.5151,40.74768909410692,-84.1937255859375,2.3785400390625027,RIGHT_SIDE,RIGHT_SIDE,True,OK
1789616131.4524171,-31.152299999999997,-21.679699999999997,14.978,40.80215277874441,-83.06762695312501,2.433471679687497,RIGHT_SIDE,RIGHT_SIDE,True,OK
1789616131.4923804,-31.0547,-22.3145,14.3188,40.83331159457924,-81.529541015625,2.3291015625000018,RIGHT_SIDE,RIGHT_SIDE,True,OK
1789616131.5345328,-31.4941,-22.8271,13.4399,41.153198432564146,-80.3759765625,1.9665527343749998,RIGHT_SIDE,RIGHT_SIDE,True,OK
1789616131.5724807,-31.7871,-22.741699999999998,12.915,41.163112981163124,-79.771728515625,1.6369628906250029,RIGHT_SIDE,RIGHT_SIDE,True,OK
1789616131.612451,-32.7148,-22.3389,12.432899999999998,41.51941226294033,-79.86511230468749,1.4117431640624993,RIGHT_SIDE,RIGHT_SIDE,True,OK
1789616131.6528215,-33.6914,-21.948199999999996,11.7493,41.891287491434305,-80.5242919921875,1.373291015624995,RIGHT_SIDE,RIGHT_SIDE,True,OK
1789616131.6927285,-35.302699999999994,-21.154799999999998,10.5591,42.48883127528927,-81.60644531250001,1.4282226562500024,RIGHT_SIDE,RIGHT_SIDE,True,OK
1789616131.7345524,-36.8652,-20.8618,9.08203,43.321368159384114,-82.62817382812501,1.5765380859374953,RIGHT_SIDE,RIGHT_SIDE,True,OK
1789616131.7723851,-38.3301,-20.3857,7.55615,44.066639687211236,-83.51806640624999,1.7907714843750058,RIGHT_SIDE,RIGHT_SIDE,True,OK
1789616131.8124232,-39.4287,-20.1172,6.22253,44.69948544592991,-84.42443847656246,2.1423339843750067,RIGHT_SIDE,RIGHT_SIDE,True,OK
1789616131.8526633,-40.1367,-20.0195,4.849239999999999,45.113747302985146,-85.06713867187499,2.455444335937497,RIGHT_SIDE,RIGHT_SIDE,True,OK
1789616131.8924613,-40.820299999999996,-19.811999999999998,3.16772,45.48457635384108,-85.31433105468751,2.735595703124996,RIGHT_SIDE,RIGHT_SIDE,True,OK
1789616131.9357104,-41.4551,-19.836399999999998,1.3687099999999999,45.97696649447525,-85.3802490234375,2.9663085937500058,RIGHT_SIDE,RIGHT_SIDE,True,OK
1789616131.973462,-41.894499999999994,-20.1416,0.08444789999999999,46.48483959591357,-85.4681396484375,3.2244873046875093,RIGHT_SIDE,RIGHT_SIDE,True,OK
1789616132.0134425,-42.06539999999999,-19.9097,-1.11084,46.55242202888695,-85.9625244140625,3.5705566406250013,RIGHT_SIDE,RIGHT_SIDE,True,OK
1789616132.0533571,-42.18749999999999,-19.7876,-2.30408,46.654507334837426,-86.62719726562499,3.9056396484374987,RIGHT_SIDE,RIGHT_SIDE,True,OK
1789616132.0936031,-42.333999999999996,-19.9463,-3.06702,46.89807087045692,-87.26989746093747,4.158325195312499,RIGHT_SIDE,RIGHT_SIDE,True,OK
1789616132.1355727,-42.5049,-20.3247,-3.7994399999999997,47.267279363356636,-87.7093505859375,4.202270507812506,RIGHT_SIDE,RIGHT_SIDE,True,OK
1789616132.17437,-42.627,-19.9341,-4.6814,47.290009280713825,-88.00048828124999,4.158325195312505,RIGHT_SIDE,RIGHT_SIDE,True,OK
1789616132.2144222,-42.7734,-19.6533,-5.65186,47.410541759292315,-88.26965332031249,3.977050781250003,RIGHT_SIDE,RIGHT_SIDE,True,OK
1789616132.2545137,-42.94429999999999,-19.519,-6.365969999999999,47.59968316628694,-88.51135253906249,3.729858398437494,RIGHT_SIDE,RIGHT_SIDE,True,OK
1789616132.2943964,-43.0664,-19.689899999999998,-6.738279999999999,47.831071369230266,-88.80249023437501,3.4442138671875,RIGHT_SIDE,RIGHT_SIDE,True,OK
1789616132.334356,-43.1885,-19.0918,-7.586669999999999,47.825734925653784,-89.00024414062499,3.0596923828124942,RIGHT_SIDE,RIGHT_SIDE,True,OK
1789616132.3743522,-43.3105,-18.8354,-8.01392,47.904014624834936,-89.09362792968749,2.6531982421874996,RIGHT_SIDE,RIGHT_SIDE,True,OK
1789616132.4144764,-43.4326,-18.4082,-8.57544,47.94570618098768,-88.857421875,2.241210937500002,RIGHT_SIDE,RIGHT_SIDE,True,OK
1789616132.4545746,-43.5547,-18.237299999999998,-9.03931,48.07619087090927,-88.39050292968749,1.8511962890624976,RIGHT_SIDE,RIGHT_SIDE,True,OK
1789616132.4944634,-43.6523,-17.9199,-9.539789999999998,48.14201599999838,-87.8466796875,1.3073730468749907,RIGHT_SIDE,RIGHT_SIDE,True,OK
1789616132.5344033,-43.7988,-17.565899999999996,-10.0647,48.25136174596526,-87.44567871093751,0.6481933593750028,RIGHT_SIDE,RIGHT_SIDE,True,OK
1789616132.5744095,-43.9209,-17.2485,-10.4736,48.334796017155185,-87.1820068359375,0.09338378906250153,RIGHT_SIDE,RIGHT_SIDE,True,OK
1789616132.6144826,-44.0186,-16.650399999999998,-10.8765,48.302911075524214,-87.05566406250001,-0.3021240234375014,RIGHT_SIDE,RIGHT_SIDE,True,OK
1789616132.6545062,-43.994099999999996,-16.5527,-11.2976,48.343649819392,-87.03369140624997,-0.516357421875007,RIGHT_SIDE,RIGHT_SIDE,True,OK
1789616132.694464,-43.9453,-16.5894,-11.7126,48.41056272354206,-87.13256835937501,-0.49987792968750566,RIGHT_SIDE,RIGHT_SIDE,True,OK
1789616132.7343774,-43.8721,-17.3828,-11.9019,48.66804000429851,-87.4676513671875,-0.35705566406250466,RIGHT_SIDE,RIGHT_SIDE,True,OK
1789616132.775723,-43.6523,-17.175299999999996,-12.1277,48.45198997636732,-88.06640624999999,-0.03845214843750095,RIGHT_SIDE,RIGHT_SIDE,True,OK
1789616132.8154166,-43.50589999999999,-16.98,-12.0728,48.23729091325506,-88.79150390625001,0.37902832031250755,RIGHT_SIDE,RIGHT_SIDE,True,OK
1789616132.855715,-43.335,-17.7856,-11.834699999999998,48.314696692103944,-89.48364257812501,0.8898925781250068,RIGHT_SIDE,RIGHT_SIDE,True,OK
1789616132.8960586,-43.1396,-18.6035,-11.5295,48.374008213709146,-90.29113769531251,1.8621826171875042,RIGHT_SIDE,RIGHT_SIDE,True,OK
1789616132.9356573,-42.8955,-18.762199999999996,-11.779799999999998,48.278439878790614,-90.648193359375,2.4279785156249902,RIGHT_SIDE,RIGHT_SIDE,True,OK
1789616132.9764292,-42.7246,-18.8721,-11.5662,48.11781983849642,-90.8843994140625,2.8674316406249987,RIGHT_SIDE,RIGHT_SIDE,True,OK
1789616133.0174408,-42.6514,-19.2261,-11.0779,48.07811052422922,-90.9942626953125,3.076171874999997,RIGHT_SIDE,RIGHT_SIDE,True,OK
1789616133.0563705,-42.627,-19.5923,-10.913099999999998,48.16653506221928,-91.0107421875,3.1091308593750036,RIGHT_SIDE,RIGHT_SIDE,True,OK
1789616133.0975776,-42.6758,-19.0186,-10.9497,47.9877795036403,-90.93383789062499,3.0322265624999942,RIGHT_SIDE,RIGHT_SIDE,True,OK
1789616133.1372795,-42.6758,-19.1284,-10.967999999999998,48.03557656778984,-90.81298828124999,2.8784179687500018,RIGHT_SIDE,RIGHT_SIDE,True,OK
1789616133.1762798,-42.7979,-19.042999999999996,-10.717799999999999,48.0537962106013,-90.670166015625,2.6751708984375058,RIGHT_SIDE,RIGHT_SIDE,True,OK
1789616133.216327,-42.94429999999999,-18.8232,-10.4004,48.02805514373864,-90.50537109374996,2.4664306640624947,RIGHT_SIDE,RIGHT_SIDE,True,OK
1789616133.2565355,-43.0176,-18.6768,-10.2783,48.01020952766193,-90.4010009765625,2.2357177734375058,RIGHT_SIDE,RIGHT_SIDE,True,OK
1789616133.2975376,-43.1396,-18.5425,-10.083,48.02620413284814,-90.3350830078125,2.0489501953125013,RIGHT_SIDE,RIGHT_SIDE,True,OK
1789616133.3362308,-43.1641,-18.6768,-10.113499999999998,48.10660317773434,-90.4010009765625,1.9116210937499996,RIGHT_SIDE,RIGHT_SIDE,True,OK
1789616133.376284,-43.2129,-18.6035,-9.83887,48.065042406481865,-90.5767822265625,1.906127929687495,RIGHT_SIDE,RIGHT_SIDE,True,OK
1789616133.4162252,-43.1641,-18.7256,-9.771729999999998,48.05490954484151,-90.78552246093749,2.098388671874997,RIGHT_SIDE,RIGHT_SIDE,True,OK
1789616133.4563673,-43.0664,-18.9331,-9.63745,48.02142779085707,-91.07666015624999,2.39501953125,RIGHT_SIDE,RIGHT_SIDE,True,OK
1789616133.4972746,-42.9932,-19.0796,-9.59473,48.00526248415793,-91.43920898437499,2.6971435546874987,RIGHT_SIDE,RIGHT_SIDE,True,OK
1789616133.5362375,-42.94429999999999,-19.152799999999996,-9.454349999999998,47.962770815002955,-91.82373046874999,2.5872802734374987,RIGHT_SIDE,RIGHT_SIDE,True,OK
1789616133.577337,-42.9688,-18.9209,-9.112549999999999,47.82631909056456,-92.08740234375003,2.554321289062501,RIGHT_SIDE,RIGHT_SIDE,True,OK
1789616133.6163528,-42.9932,-19.1772,-8.81958,47.895357159712255,-92.25769042968749,2.625732421875004,RIGHT_SIDE,RIGHT_SIDE,True,OK
1789616133.6573286,-43.0176,-19.3237,-8.435059999999998,47.90688393804798,-92.427978515625,2.620239257812491,RIGHT_SIDE,RIGHT_SIDE,True,OK
1789616133.6962829,-43.042,-18.9941,-8.10547,47.73979726319437,-92.60925292968747,2.5653076171875058,RIGHT_SIDE,RIGHT_SIDE,True,OK
1789616133.7361891,-43.1396,-19.397,-7.366939999999999,47.87003762400443,-92.75756835937499,2.4829101562500013,RIGHT_SIDE,RIGHT_SIDE,True,OK
1789616133.7773335,-43.2129,-18.8232,-6.951899999999999,47.64448024965746,-92.79052734374999,2.4444580078124996,RIGHT_SIDE,RIGHT_SIDE,True,OK
1789616133.8173542,-43.23729999999999,-18.7256,-6.353759999999999,47.54453147090209,-92.65869140625,2.4060058593749947,RIGHT_SIDE,RIGHT_SIDE,True,OK
1789616133.8573878,-43.26169999999999,-18.8232,-5.74646,47.52798488955322,-92.35107421875,2.3895263671875018,RIGHT_SIDE,RIGHT_SIDE,True,OK
1789616133.8972774,-43.26169999999999,-18.8232,-5.04456,47.44823632890478,-91.90612792968751,2.3345947265625,RIGHT_SIDE,RIGHT_SIDE,True,OK
1789616133.9372973,-43.26169999999999,-18.8477,-4.30298,47.38487225961889,-91.29638671875003,2.2576904296875004,RIGHT_SIDE,RIGHT_SIDE,True,OK
1789616133.9773655,-43.1885,-18.762199999999996,-3.479,47.21620613825299,-90.318603515625,2.0709228515624956,RIGHT_SIDE,RIGHT_SIDE,True,OK
1789616134.0173502,-43.115199999999994,-18.7256,-2.98157,47.100513012757084,-88.9617919921875,1.7742919921874993,RIGHT_SIDE,RIGHT_SIDE,True,OK
1789616134.057337,-43.0176,-18.7866,-2.42615,47.003579152469875,-87.33581542968751,1.5161132812500009,RIGHT_SIDE,RIGHT_SIDE,True,OK
1789616134.0972784,-42.8467,-18.627899999999997,-1.86157,46.757927693225454,-85.58898925781251,1.389770507812498,RIGHT_SIDE,RIGHT_SIDE,True,OK
1789616134.1372566,-42.6025,-19.3359,-1.13983,46.79903041184614,-83.7872314453125,1.296386718750004,RIGHT_SIDE,RIGHT_SIDE,True,OK
1789616134.1773384,-42.4072,-19.3481,-0.844574,46.62009106266821,-81.97448730468751,1.0766601562499958,RIGHT_SIDE,RIGHT_SIDE,True,OK
1789616134.217805,-42.309599999999996,-19.445799999999995,-0.622177,46.56853545065948,-80.277099609375,0.736083984374997,RIGHT_SIDE,RIGHT_SIDE,True,OK
1789616134.2574248,-42.309599999999996,-19.0796,-0.751114,46.41871993669144,-78.870849609375,0.43395996093749234,RIGHT_SIDE,RIGHT_SIDE,True,OK
1789616134.2972908,-42.4072,-19.3604,-1.0711699999999997,46.62985208178233,-77.8765869140625,0.09887695312499888,RIGHT_SIDE,RIGHT_SIDE,True,OK
1789616134.3374493,-42.6025,-19.958499999999997,-1.7105099999999998,47.07696435583012,-77.5689697265625,-0.3955078124999923,RIGHT_SIDE,RIGHT_SIDE,True,OK
1789616134.377419,-43.0664,-18.7988,-2.51617,47.057845274395,-77.9754638671875,-1.0437011718749991,RIGHT_SIDE,RIGHT_SIDE,True,OK
1789616134.4173322,-43.6279,-17.4927,-3.46985,47.13202807775727,-78.81591796875,-1.9116210937500027,RIGHT_SIDE,RIGHT_SIDE,True,OK
1789616134.457371,-44.1895,-16.9922,-4.49219,47.55656150402487,-79.8211669921875,-2.6312255859374982,RIGHT_SIDE,RIGHT_SIDE,True,OK
1789616134.497282,-44.604499999999994,-16.6748,-5.94177,47.988696648511926,-80.61218261718751,-2.83447265625,RIGHT_SIDE,RIGHT_SIDE,True,OK
1789616134.5373144,-44.7021,-16.333,-7.922359999999999,48.247366989086565,-81.1669921875,-2.5543212890624973,RIGHT_SIDE,RIGHT_SIDE,True,OK
1789616134.5783713,-44.580099999999995,-15.576199999999998,-9.747309999999999,48.21839249379949,-81.3482666015625,-2.010498046874997,RIGHT_SIDE,RIGHT_SIDE,True,OK
1789616134.6174197,-44.4824,-16.2842,-10.6628,48.554653569354194,-81.177978515625,-1.5655517578124976,RIGHT_SIDE,RIGHT_SIDE,True,OK
1789616134.6573188,-44.3359,-16.0767,-11.4319,48.52649430270025,-80.50781250000001,-1.2139892578124993,RIGHT_SIDE,RIGHT_SIDE,True,OK
1789616134.6974256,-44.2383,-16.0522,-11.9629,48.5572990202297,-79.3267822265625,-0.8404541015624938,RIGHT_SIDE,RIGHT_SIDE,True,OK
1789616134.7373714,-44.2139,-16.7114,-11.9263,48.74809201250856,-77.7886962890625,-0.7690429687499977,RIGHT_SIDE,RIGHT_SIDE,True,OK
1789616134.7774127,-44.287099999999995,-16.5771,-11.322,48.62442960919953,-75.7672119140625,-0.8569335937499987,RIGHT_SIDE,RIGHT_SIDE,True,OK
1789616134.8191996,-44.40919999999999,-16.6138,-10.241699999999998,48.5086364884646,-74.65209960937499,-1.0327148437500042,RIGHT_SIDE,RIGHT_SIDE,True,OK
1789616134.8584535,-44.555699999999995,-16.4429,-9.13086,48.36271257114927,-71.070556640625,-2.3455810546875,RIGHT_SIDE,RIGHT_SIDE,True,OK
1789616134.898389,-44.7021,-16.1865,-8.00781,48.212089227247766,-68.47778320312501,-3.636474609375003,RIGHT_SIDE,RIGHT_SIDE,True,OK
1789616134.938396,-44.873,-16.1743,-7.31812,48.2571133598395,-66.63208007812501,-5.339355468749993,RIGHT_SIDE,RIGHT_SIDE,True,OK
1789616134.9784555,-45.2881,-14.978,-6.85425,48.190592740414594,-65.65979003906251,-7.229003906249998,RIGHT_SIDE,RIGHT_SIDE,True,OK
1789616135.0189886,-45.60549999999999,-13.6108,-6.82373,48.079920944224725,-65.26428222656251,-8.745117187500007,RIGHT_SIDE,RIGHT_SIDE,True,OK
1789616135.0586092,-45.9473,-13.232399999999998,-6.9397,48.31573473662591,-65.29174804687501,-9.854736328124998,RIGHT_SIDE,RIGHT_SIDE,True,OK
1789616135.0984082,-46.3135,-12.6221,-7.2998,48.5545545824488,-65.3411865234375,-10.464477539062505,RIGHT_SIDE,RIGHT_SIDE,True,OK
1789616135.138355,-46.5088,-11.7249,-8.30078,48.676942242281406,-65.313720703125,-10.651245117187498,RIGHT_SIDE,RIGHT_SIDE,True,OK
1789616135.1794066,-46.557599999999994,-10.308799999999998,-9.552,48.632521826448595,-64.9566650390625,-10.563354492187502,RIGHT_SIDE,RIGHT_SIDE,True,OK
1789616135.2195687,-46.67969999999999,-10.449199999999998,-10.8643,49.05316694383757,-63.99536132812502,-10.283203124999996,RIGHT_SIDE,RIGHT_SIDE,True,OK
1789616135.2594295,-46.6064,-10.192899999999998,-11.9446,49.1805368060374,-62.45727539062501,-9.8382568359375,RIGHT_SIDE,RIGHT_SIDE,True,OK
1789616135.2993722,-46.533199999999994,-10.083,-12.915,49.333587100878844,-60.2655029296875,-9.5855712890625,RIGHT_SIDE,RIGHT_SIDE,True,OK
1789616135.3393564,-46.43549999999999,-9.07593,-13.5498,49.21610758334002,-57.172851562499986,-9.794311523437498,RIGHT_SIDE,RIGHT_SIDE,True,OK
1789616135.3794668,-46.6064,-8.89282,-13.855,49.42873449232137,-52.987060546875,-10.316162109375007,RIGHT_SIDE,TRANSITION,True,OK
1789616135.4205706,-46.6309,-8.02002,-14.489699999999997,49.48447192504331,-47.449951171875,-10.766601562499998,RIGHT_SIDE,TRANSITION,True,OK
1789616135.4594967,-46.6553,-7.08618,-14.9658,49.50662717982714,-41.061401367187514,-11.233520507812505,RIGHT_SIDE,TRANSITION,True,OK
1789616135.500373,-46.7529,-5.715939999999999,-15.417499999999999,49.56011435361706,-34.508056640625,-11.854248046875004,RIGHT_SIDE,LEVEL,True,OK
1789616135.5393958,-46.7773,-4.52881,-15.7837,49.57571079668046,-28.7457275390625,-12.606811523437504,RIGHT_SIDE,LEVEL,True,OK
1789616135.5804777,-46.82619999999999,-3.45459,-15.954599999999997,49.590084287769656,-24.180908203125,-12.854003906249996,RIGHT_SIDE,LEVEL,True,OK
1789616135.619583,-46.6553,-2.55127,-16.516099999999998,49.55812300635386,-20.76416015625,-12.28271484375,RIGHT_SIDE,LEVEL,True,OK
1789616135.660397,-46.5088,-2.26288,-17.4683,49.7325910065462,-18.489990234375004,-10.8819580078125,RIGHT_SIDE,LEVEL,True,OK
1789616135.6994138,-46.1426,-1.7669699999999997,-18.627899999999997,49.7921718360517,-17.325439453124996,-9.052734375,RIGHT_SIDE,LEVEL,True,OK
1789616135.739399,-45.5322,-1.7822299999999998,-20.3369,49.89936955736916,-16.875,-6.78955078125,RIGHT_SIDE,LEVEL,True,OK
1789616135.779358,-44.9951,-1.6983,-21.9116,50.07555752520385,-16.858520507812496,-4.482421875000001,RIGHT_SIDE,LEVEL,True,OK
1789616135.8204505,-44.43359999999999,-2.1286,-22.8027,49.98838739357371,-16.9354248046875,-2.658691406249998,RIGHT_SIDE,LEVEL,True,OK
1789616135.8604958,-43.994099999999996,-1.9149799999999997,-22.997999999999998,49.67953288035627,-16.94091796875,-1.4117431640625027,RIGHT_SIDE,LEVEL,True,OK
1789616135.9013984,-43.7012,-1.89667,-23.962399999999995,49.87573410275682,-16.7596435546875,-0.7635498046874996,RIGHT_SIDE,LEVEL,True,OK
1789616135.9413884,-43.457,-1.76849,-24.939,50.13573702340577,-16.3751220703125,-0.29663085937500083,RIGHT_SIDE,LEVEL,True,OK
1789616135.9824448,-43.2129,-1.04446,-24.939,49.90390109101291,-15.968627929687504,0.1373291015624981,RIGHT_SIDE,LEVEL,True,OK
1789616136.0224261,-42.9932,-0.200081,-24.9634,49.71545653221502,-15.606079101562496,0.6207275390625004,RIGHT_SIDE,LEVEL,True,OK
1789616136.0626066,-42.627,0.10337799999999998,-25.6348,49.741479542238025,-15.205078125,1.4007568359375007,RIGHT_SIDE,LEVEL,True,OK
1789616136.1025684,-42.06539999999999,0.946808,-26.977499999999996,49.981794973758824,-14.331665039062496,2.515869140625,RIGHT_SIDE,LEVEL,True,OK
1789616136.1423943,-41.5527,1.7776499999999997,-27.392599999999998,49.80101857966863,-12.9034423828125,3.6199951171875013,RIGHT_SIDE,LEVEL,True,OK
1789616136.1824183,-41.0889,2.76947,-27.8564,49.71867544747044,-11.074218750000002,4.356079101562499,RIGHT_SIDE,LEVEL,True,OK
1789616136.223481,-40.7227,3.91235,-28.1494,49.6591733536967,-8.926391601562498,4.916381835937501,RIGHT_SIDE,LEVEL,True,OK
1789616136.2644324,-40.2588,5.32532,-28.3691,49.53721677034753,-6.976318359374999,5.5535888671875,RIGHT_SIDE,LEVEL,True,OK
1789616136.303396,-39.941399999999994,6.353759999999999,-28.320299999999996,49.373323689899586,-5.449218749999999,6.108398437499999,RIGHT_SIDE,LEVEL,True,OK
1789616136.3435287,-39.7217,6.48804,-28.6377,49.39661906670941,-4.5098876953125,6.509399414062501,RIGHT_SIDE,LEVEL,True,OK
1789616136.3844037,-39.6729,6.20422,-28.857399999999995,49.44877020693639,-4.257202148437498,6.619262695312502,RIGHT_SIDE,LEVEL,True,OK
1789616136.426642,-39.8438,5.94482,-28.442399999999996,49.313683709822364,-4.273681640625001,6.317138671875,RIGHT_SIDE,LEVEL,True,OK
1789616136.4654543,-40.209999999999994,5.79529,-28.1006,49.3970971469387,-4.361572265624999,5.635986328125,RIGHT_SIDE,LEVEL,True,OK
1789616136.5054667,-40.5273,5.86243,-27.6855,49.429920504132916,-4.229736328125,4.921874999999999,RIGHT_SIDE,LEVEL,True,OK
1789616136.545677,-40.6738,5.7678199999999995,-27.832,49.621023548415444,-3.828735351562501,4.246215820312501,RIGHT_SIDE,LEVEL,True,OK
1789616136.5854192,-40.844699999999996,6.365969999999999,-27.1729,49.46899621521443,-3.3728027343750004,3.729858398437501,RIGHT_SIDE,LEVEL,True,OK
1789616136.6266198,-40.820299999999996,7.06787,-26.879899999999996,49.38401261984388,-2.9058837890625004,3.4881591796875004,RIGHT_SIDE,LEVEL,True,OK
1789616136.6664038,-40.625,7.757569999999999,-27.001999999999995,49.393101960748524,-2.5927734374999996,3.5595703125,RIGHT_SIDE,LEVEL,True,OK
1789616136.7065902,-40.3564,7.97119,-27.4902,49.47615574209561,-2.6806640624999987,3.8397216796875,RIGHT_SIDE,LEVEL,True,OK
1789616136.7473614,-40.0146,8.306879999999998,-27.514599999999998,49.26688219944916,-3.136596679687501,4.251708984375001,RIGHT_SIDE,LEVEL,True,OK
1789616136.7864332,-39.6973,8.75854,-27.8809,49.294342829898845,-3.7298583984374987,4.8724365234375,RIGHT_SIDE,LEVEL,True,OK
1789616136.8273463,-39.1846,8.58154,-28.3936,49.14541918522621,-4.031982421874999,5.844726562499999,RIGHT_SIDE,LEVEL,True,OK
1789616136.866277,-38.5498,8.57544,-29.370099999999997,49.21613582193953,-3.367309570312501,7.141113281250001,RIGHT_SIDE,LEVEL,True,OK
1789616136.9063482,-38.4277,9.021,-29.101599999999998,49.04049032024456,-2.5543212890625,7.1575927734375,RIGHT_SIDE,LEVEL,True,OK
1789616136.9463909,-38.5498,9.12476,-28.832999999999995,48.996838817393105,-1.6809082031249998,6.564331054687499,RIGHT_SIDE,LEVEL,True,OK
1789616136.9873593,-38.8428,9.41772,-28.2959,48.970547461187316,-0.6427001953124993,6.185302734374997,RIGHT_SIDE,LEVEL,True,OK
1789616137.0263863,-38.9404,9.16138,-28.320299999999996,49.013518826487044,0.4614257812499996,6.190795898437501,RIGHT_SIDE,LEVEL,True,OK
1789616137.0672247,-38.9648,9.63745,-28.1006,48.99775302911859,1.4611816406249993,6.3116455078125,RIGHT_SIDE,LEVEL,True,OK
1789616137.1062725,-38.9648,9.96704,-28.0029,49.00775381316307,2.2576904296874996,6.278686523437499,RIGHT_SIDE,LEVEL,True,OK
1789616137.1473374,-38.916,10.180699999999998,-27.8809,48.94329671466768,2.774047851562499,6.448974609374999,RIGHT_SIDE,LEVEL,True,OK
1789616137.1863215,-38.745099999999994,10.553,-28.0029,48.95621504385321,3.0926513671874996,7.36083984375,RIGHT_SIDE,LEVEL,True,OK
1789616137.2338064,-38.3057,10.5957,-28.613299999999995,48.97260915930455,3.2244873046874987,8.525390625000002,RIGHT_SIDE,LEVEL,True,OK
1789616137.26736,-37.8418,10.4187,-29.125999999999998,48.87611904529655,3.4167480468749987,9.239501953124996,RIGHT_SIDE,LEVEL,True,OK
1789616137.3073142,-37.5977,10.3577,-29.3213,48.79147085577561,3.5321044921874996,9.651489257812498,RIGHT_SIDE,LEVEL,True,OK
1789616137.3472915,-37.3047,10.6018,-29.5654,48.76629658370625,3.680419921875,10.612792968749996,RIGHT_SIDE,LEVEL,True,OK
1789616137.387364,-36.8408,10.7361,-30.0781,48.756543022039615,3.6474609374999996,11.40380859375,RIGHT_SIDE,LEVEL,True,OK
1789616137.4335716,-36.498999999999995,10.4858,-30.322299999999995,48.595996542204986,3.33984375,11.821289062499996,RIGHT_SIDE,LEVEL,True,OK
1789616137.4672582,-36.3037,10.4675,-30.053699999999996,48.27786318417583,2.894897460937499,12.205810546875,RIGHT_SIDE,LEVEL,True,OK
1789616137.5074127,-36.2305,10.4309,-30.468799999999998,48.474741654804106,2.5762939453125018,12.4420166015625,RIGHT_SIDE,LEVEL,True,OK
1789616137.5473104,-36.181599999999996,10.2112,-31.0059,48.73133097720603,2.252197265625,12.480468749999998,RIGHT_SIDE,LEVEL,True,OK
1789616137.5873704,-36.1572,10.0403,-30.7861,48.53797162160776,2.0324707031249996,12.568359375,RIGHT_SIDE,LEVEL,True,OK
1789616137.62729,-36.0107,9.68018,-30.957,48.46454630265716,1.895141601562499,12.661743164062498,RIGHT_SIDE,LEVEL,True,OK
1789616137.66731,-36.1084,9.979249999999999,-30.834999999999997,48.52009074726159,1.636962890625,12.700195312499998,RIGHT_SIDE,LEVEL,True,OK
1789616137.7074845,-36.0352,9.881589999999997,-30.9814,48.53893906883524,1.1315917968749998,12.848510742187498,RIGHT_SIDE,LEVEL,True,OK
1789616137.7473295,-35.8643,9.63135,-31.2988,48.56568540391971,0.6372070312500004,13.348388671875002,RIGHT_SIDE,LEVEL,True,OK
1789616137.7872477,-35.546899999999994,9.24072,-31.713899999999995,48.525709257448256,-0.2197265625000002,13.7823486328125,RIGHT_SIDE,LEVEL,True,OK
1789616137.8272755,-35.3516,8.92944,-31.884799999999995,48.4366699135438,-0.6976318359374993,14.177856445312496,RIGHT_SIDE,LEVEL,True,OK
1789616137.8672936,-35.253899999999994,8.88672,-31.933599999999995,48.389731002852244,-0.8624267578124999,14.067993164062502,RIGHT_SIDE,LEVEL,True,OK
1789616137.9072561,-35.3516,8.953859999999999,-31.7871,48.37692588279665,-0.5987548828125004,13.694458007812504,RIGHT_SIDE,LEVEL,True,OK
1789616137.9473057,-35.546899999999994,8.99658,-31.640599999999996,48.43189155573422,-0.38452148437499895,13.353881835937502,RIGHT_SIDE,LEVEL,True,OK
1789616137.9872413,-35.571299999999994,8.88062,-32.104499999999994,48.7327581358207,-0.45593261718749956,13.249511718750002,RIGHT_SIDE,LEVEL,True,OK
1789616138.027399,-35.6201,9.0332,-31.616199999999996,48.47653379409464,-0.9228515624999997,13.348388671875002,RIGHT_SIDE,LEVEL,True,OK
1789616138.0673838,-35.498,9.021,-31.3232,48.19366455500142,-1.4886474609375009,13.2330322265625,RIGHT_SIDE,LEVEL,True,OK
1789616138.1073487,-35.571299999999994,9.375,-31.543,48.4579081027029,-1.3842773437499991,12.826538085937496,RIGHT_SIDE,LEVEL,True,OK
1789616138.1472993,-35.571299999999994,9.454349999999998,-31.664999999999996,48.55279953424415,-0.9008789062499998,12.469482421875002,RIGHT_SIDE,LEVEL,True,OK
1789616138.187276,-35.71779999999999,10.1624,-31.25,48.53450433042455,-0.6756591796874996,12.227783203124998,RIGHT_SIDE,LEVEL,True,OK
1789616138.2382262,-35.7666,10.5347,-30.7617,48.337477866971916,-0.9667968749999997,11.843261718749998,RIGHT_SIDE,LEVEL,True,OK
1789616138.2684178,-35.8398,10.4736,-30.9814,48.51839555220267,-1.3183593750000004,11.266479492187498,RIGHT_SIDE,LEVEL,True,OK
1789616138.3083854,-35.9619,10.583499999999999,-31.0303,48.66362339520147,-0.9008789062499999,10.601806640625002,RIGHT_SIDE,LEVEL,True,OK
1789616138.34832,-36.1572,10.980199999999998,-30.322299999999995,48.44945594297216,-0.9063720703124993,10.1019287109375,RIGHT_SIDE,LEVEL,True,OK
1789616138.3883047,-36.2305,11.2976,-30.0781,48.424962525746984,-1.373291015625,9.613037109375,RIGHT_SIDE,LEVEL,True,OK
1789616138.4335418,-36.377,11.5417,-29.6875,48.35126290119008,-1.3677978515625,8.915405273437498,RIGHT_SIDE,LEVEL,True,OK
1789616138.4682786,-36.5234,11.7126,-29.516599999999997,48.39807250170197,-1.3513183593749998,8.206787109375002,RIGHT_SIDE,LEVEL,True,OK
1789616138.5084257,-36.6699,12.146,-29.0527,48.33493828795067,-1.7468261718749998,7.657470703124999,RIGHT_SIDE,LEVEL,True,OK
1789616138.5482876,-36.8164,12.170399999999999,-28.9551,48.39384011555603,-1.9610595703125007,7.2894287109375,RIGHT_SIDE,LEVEL,True,OK
1789616138.5883665,-37.0117,12.2681,-28.710899999999995,48.42197841177082,-2.2027587890625,6.8994140625,RIGHT_SIDE,LEVEL,True,OK
1789616138.6283212,-37.1826,12.0483,-28.6621,48.46878636875489,-2.356567382812501,6.520385742187501,RIGHT_SIDE,LEVEL,True,OK
1789616138.6683264,-37.4268,12.0178,-28.442399999999996,48.51971756760338,-2.6257324218750004,5.921630859375002,RIGHT_SIDE,LEVEL,True,OK
1789616138.7084055,-37.695299999999996,11.8774,-28.1494,48.522128902285395,-3.0322265625000004,5.169067382812499,RIGHT_SIDE,LEVEL,True,OK
1789616138.7483687,-37.963899999999995,11.4075,-28.076199999999996,48.5763498618412,-3.4167480468750004,4.548339843749999,RIGHT_SIDE,LEVEL,True,OK
1789616138.7883286,-38.1348,11.645499999999998,-27.783199999999997,48.59821852218453,-3.4277343749999996,4.460449218750001,RIGHT_SIDE,LEVEL,True,OK
1789616138.8325927,-38.0371,11.7126,-27.929699999999997,48.621745312771324,-3.372802734374999,4.50439453125,RIGHT_SIDE,LEVEL,True,OK
1789616138.8685246,-38.0127,11.7615,-27.832,48.558402646092055,-3.295898437500001,4.5263671875,RIGHT_SIDE,LEVEL,True,OK
1789616138.9085124,-38.0615,11.6577,-27.5879,48.432137862683696,-3.2849121093750004,4.5098876953125,RIGHT_SIDE,LEVEL,True,OK
1789616138.9490337,-38.0127,11.7615,-27.7588,48.51648401296203,-3.3453369140625004,4.421997070312499,RIGHT_SIDE,LEVEL,True,OK
1789616138.988426,-38.0859,11.9263,-27.6855,48.57220728719254,-3.658447265625001,3.9605712890625004,RIGHT_SIDE,LEVEL,True,OK
1789616139.028468,-38.4033,11.572299999999998,-27.392599999999998,48.5704242614783,-4.180297851562499,3.218994140624999,RIGHT_SIDE,LEVEL,True,OK
1789616139.0685055,-38.745099999999994,11.2793,-26.9531,48.52705412561121,-4.432983398437499,2.7960205078125,RIGHT_SIDE,LEVEL,True,OK
1789616139.1084821,-38.745099999999994,11.5967,-27.0264,48.642497076733214,-4.460449218750002,2.7960205078125004,RIGHT_SIDE,LEVEL,True,OK
1789616139.1488643,-38.501,11.633299999999998,-27.636699999999998,48.800080499728686,-3.955078124999999,3.2849121093750004,RIGHT_SIDE,LEVEL,True,OK
1789616139.1883335,-38.2812,11.8774,-27.4414,48.57523379418775,-3.6254882812500004,3.69140625,RIGHT_SIDE,LEVEL,True,OK
1789616139.2294538,-38.1592,12.0117,-27.4902,48.53984525696389,-3.482666015624999,3.8067626953124987,RIGHT_SIDE,LEVEL,True,OK
1789616139.268424,-38.0859,12.0667,-27.5635,48.53748613133977,-3.5101318359375004,3.80126953125,RIGHT_SIDE,LEVEL,True,OK
1789616139.308433,-38.11039999999999,12.176499999999999,-27.392599999999998,48.4873620149622,-3.4881591796875004,3.8067626953124987,RIGHT_SIDE,LEVEL,True,OK
1789616139.3484056,-38.11039999999999,12.1216,-27.417,48.48739695756001,-3.4936523437499996,3.7518310546875,RIGHT_SIDE,LEVEL,True,OK
1789616139.388303,-37.9883,12.146,-27.783199999999997,48.60599196734904,-3.1860351562499996,4.108886718749999,RIGHT_SIDE,LEVEL,True,OK
1789616139.4283464,-37.670899999999996,12.2009,-27.8809,48.42833109276015,-2.5872802734375,4.76806640625,RIGHT_SIDE,LEVEL,True,OK
1789616139.4694142,-37.4268,12.6099,-27.929699999999997,48.37192448456025,-2.1697998046874996,5.185546875000001,RIGHT_SIDE,LEVEL,True,OK
1789616139.5084996,-37.40229999999999,12.915,-27.807599999999997,48.36312529241673,-2.0050048828125013,5.196533203125001,RIGHT_SIDE,LEVEL,True,OK
1789616139.5495415,-37.4512,12.8662,-27.783199999999997,48.37393602054726,-1.9281005859375,5.031738281250001,RIGHT_SIDE,LEVEL,True,OK
1789616139.5883772,-37.4756,12.793,-28.1006,48.55641218953476,-1.9171142578124996,4.960327148437501,RIGHT_SIDE,LEVEL,True,OK
1789616139.6295297,-37.4756,12.8052,-27.9541,48.474998186797286,-1.9061279296875,4.9163818359375,RIGHT_SIDE,LEVEL,True,OK
1789616139.6684263,-37.54879999999999,13.147,-27.2949,48.24694349334473,-1.8457031249999998,4.7186279296875,RIGHT_SIDE,LEVEL,True,OK
1789616139.7084525,-37.5977,13.147,-27.4902,48.39567904606774,-1.6314697265624998,4.5208740234375,RIGHT_SIDE,LEVEL,True,OK
1789616139.748536,-37.670899999999996,12.9883,-27.783199999999997,48.57673152796511,-1.318359375,4.3011474609375,RIGHT_SIDE,LEVEL,True,OK
1789616139.7884297,-37.81739999999999,13.232399999999998,-27.3438,48.50706702079605,-1.0107421875,3.9880371093750004,RIGHT_SIDE,LEVEL,True,OK
1789616139.8293748,-38.0371,13.2935,-26.6846,48.32810772024909,-0.7910156250000001,3.488159179687501,RIGHT_SIDE,LEVEL,True,OK
1789616139.869479,-38.2568,13.208,-26.6357,48.450949678308675,-0.5548095703124997,2.7740478515624996,RIGHT_SIDE,LEVEL,True,OK
1789616139.9103835,-38.62299999999999,13.171399999999998,-26.342799999999997,48.571236537687604,-0.2966308593750001,1.8676757812500004,RIGHT_SIDE,LEVEL,True,OK
1789616139.950491,-38.89159999999999,13.4888,-25.7324,48.54544969160342,0.18676757812499997,1.1590576171875,RIGHT_SIDE,LEVEL,True,OK
1789616139.9904287,-39.1113,14.099099999999998,-24.7681,48.39356554450188,0.8789062499999997,0.7745361328125,RIGHT_SIDE,LEVEL,True,OK
1789616140.0304897,-39.1846,13.9893,-25.0244,48.55258991042599,1.3568115234375002,0.6152343749999998,RIGHT_SIDE,LEVEL,True,OK
1789616140.0715084,-39.2334,13.830599999999999,-24.8169,48.43989778612255,1.417236328125,0.6866455078125,RIGHT_SIDE,LEVEL,True,OK
1789616140.1114511,-39.1357,13.842799999999999,-25.3418,48.63571685058214,1.1480712890624998,0.933837890625,RIGHT_SIDE,LEVEL,True,OK
1789616140.1514294,-38.98929999999999,13.952599999999999,-25.3174,48.53670058842071,0.7965087890625,1.2689208984375002,RIGHT_SIDE,LEVEL,True,OK
1789616140.192391,-38.9404,13.5376,-25.683599999999995,48.57230357806802,0.6207275390625,1.5325927734375,RIGHT_SIDE,LEVEL,True,OK
1789616140.2336245,-38.916,13.4888,-25.683599999999995,48.539160380047775,0.7086181640625001,1.6040039062499998,RIGHT_SIDE,LEVEL,True,OK
1789616140.2724774,-38.9648,13.4888,-25.5615,48.51385005057834,0.9063720703125001,1.4831542968750004,RIGHT_SIDE,LEVEL,True,OK
1789616140.312406,-39.0381,13.5132,-25.5127,48.55386377148579,1.0546874999999996,1.3458251953124998,RIGHT_SIDE,LEVEL,True,OK
1789616140.352549,-39.0381,13.500999999999998,-25.4639,48.524843697017715,1.0931396484375004,1.3787841796875,RIGHT_SIDE,LEVEL,True,OK
1789616140.3923886,-39.01369999999999,13.4888,-25.4883,48.5146364514875,0.999755859375,1.4996337890625002,RIGHT_SIDE,LEVEL,True,OK
1789616140.437042,-38.9404,13.622999999999998,-25.4883,48.49323992114777,0.8184814453125002,1.5875244140625004,RIGHT_SIDE,LEVEL,True,OK
1789616140.472594,-38.9648,13.3423,-25.7324,48.56365943882318,0.7305908203125001,1.7742919921875004,RIGHT_SIDE,LEVEL,True,OK
1789616140.5134084,-38.9648,13.232399999999998,-25.708,48.52064831388797,0.7086181640625002,1.9226074218749993,RIGHT_SIDE,LEVEL,True,OK
1789616140.5533948,-38.89159999999999,13.208,-25.9033,48.55912648977532,0.7305908203125002,1.9940185546874998,RIGHT_SIDE,LEVEL,True,OK
1789616140.594584,-38.916,13.3911,-26.074199999999998,48.720021765697105,0.8020019531249998,2.0269775390625,RIGHT_SIDE,LEVEL,True,OK
1789616140.63663,-38.98929999999999,13.0737,-25.9521,48.62713893074524,0.8404541015624998,2.0159912109374996,RIGHT_SIDE,LEVEL,True,OK
1789616140.675634,-39.01369999999999,13.0005,-25.805699999999998,48.54910854413291,0.8843994140625001,2.04345703125,RIGHT_SIDE,LEVEL,True,OK
1789616140.715469,-39.01369999999999,13.147,-25.7568,48.56258995286392,0.9283447265624998,2.109375,RIGHT_SIDE,LEVEL,True,OK
1789616140.7555587,-38.9404,13.305699999999998,-25.781199999999995,48.55992872822199,0.9338378906249996,2.142333984375,RIGHT_SIDE,LEVEL,True,OK
1789616140.7958465,-38.9404,13.0005,-25.927699999999998,48.55526109187345,0.9777832031249999,2.1533203125000004,RIGHT_SIDE,LEVEL,True,OK
1789616140.8368526,-38.9648,13.037099999999999,-25.5615,48.39020456352711,1.0711669921875,2.1917724609375,RIGHT_SIDE,LEVEL,True,OK
1789616140.8758717,-38.9648,12.9272,-25.8545,48.516216970514094,1.1206054687500002,2.186279296875,RIGHT_SIDE,LEVEL,True,OK
1789616140.915664,-38.89159999999999,13.366699999999998,-26.074199999999998,48.69383046228751,1.1700439453125,2.2467041015625004,RIGHT_SIDE,LEVEL,True,OK
1789616140.956538,-38.916,13.1836,-25.781199999999995,48.507036998769564,1.2139892578125002,2.274169921875,RIGHT_SIDE,LEVEL,True,OK
1789616140.995775,-38.9404,13.1226,-25.8789,48.56207211528355,1.219482421875,2.2741699218750004,RIGHT_SIDE,LEVEL,True,OK
1789616141.0381598,-38.89159999999999,12.976099999999999,-26.0254,48.56189006752105,1.2524414062500002,2.3071289062500004,RIGHT_SIDE,LEVEL,True,OK
1789616141.0762477,-38.9404,13.085899999999999,-25.8545,48.53916667208039,1.2799072265625,2.2851562500000004,RIGHT_SIDE,LEVEL,True,OK
1789616141.1162863,-38.9404,13.2446,-25.805699999999998,48.55623887627623,1.29638671875,2.2906494140625004,RIGHT_SIDE,LEVEL,True,OK
1789616141.1564913,-38.9404,13.2568,-25.805699999999998,48.559568067374734,1.2634277343750002,2.3016357421875004,RIGHT_SIDE,LEVEL,True,OK
1789616141.1963902,-38.916,13.110399999999998,-26.001,48.604420016702186,1.2689208984375002,2.3840332031250004,RIGHT_SIDE,LEVEL,True,OK
1789616141.236392,-38.8428,12.963899999999999,-26.0986,48.558858481331704,1.2689208984375,2.4609375,RIGHT_SIDE,LEVEL,True,OK
1789616141.2759829,-38.8428,13.085899999999999,-25.8545,48.46090239461085,1.2524414062500002,2.5103759765625004,RIGHT_SIDE,LEVEL,True,OK
1789616141.3163724,-38.8184,13.159199999999998,-25.9033,48.48725269686869,1.2689208984374998,2.537841796875,RIGHT_SIDE,LEVEL,True,OK
1789616141.3575509,-38.7939,13.098099999999999,-26.416,48.727117263593584,1.3018798828125002,2.5323486328125,RIGHT_SIDE,LEVEL,True,OK
1789616141.3973649,-38.8428,13.1348,-25.9766,48.53936372100483,1.2854003906249998,2.5048828125,RIGHT_SIDE,LEVEL,True,OK
1789616141.4379542,-38.8184,13.0737,-25.708,48.36001524245003,1.307373046875,2.5323486328125,RIGHT_SIDE,LEVEL,True,OK
1789616141.4782748,-38.7939,13.1348,-26.049799999999998,48.53948627962599,1.3952636718749996,2.5048828125000004,RIGHT_SIDE,LEVEL,True,OK
1789616141.5173306,-38.7695,13.110399999999998,-26.489299999999997,48.750792125872174,1.4337158203124996,2.499389648437499,RIGHT_SIDE,LEVEL,True,OK
1789616141.5573976,-38.7939,13.1226,-26.074199999999998,48.54928643770163,1.4282226562500002,2.5433349609374996,RIGHT_SIDE,LEVEL,True,OK
1789616141.5974162,-38.7695,13.415499999999998,-25.8789,48.50533203380841,1.47216796875,2.554321289062501,RIGHT_SIDE,LEVEL,True,OK
1789616141.6378963,-38.8184,13.1226,-25.9521,48.503425690666425,1.5270996093750002,2.4774169921875,RIGHT_SIDE,LEVEL,True,OK
1789616141.678845,-38.7939,13.0615,-26.464799999999997,48.743769842924536,1.5655517578124998,2.4719238281249996,RIGHT_SIDE,LEVEL,True,OK
1789616141.7184253,-38.8184,13.1226,-26.049799999999998,48.55577091716287,1.60400390625,2.5323486328125,RIGHT_SIDE,LEVEL,True,OK
1789616141.7584686,-38.7939,13.147,-26.049799999999998,48.54278902422068,1.5655517578124996,2.4829101562499996,RIGHT_SIDE,LEVEL,True,OK
1789616141.798389,-38.7939,13.1348,-26.0254,48.52639584195389,1.5380859375000002,2.5048828125,RIGHT_SIDE,LEVEL,True,OK
1789616141.8389168,-38.8184,13.110399999999998,-25.8545,48.447971443291614,1.5325927734374996,2.488403320312499,RIGHT_SIDE,LEVEL,True,OK
1789616141.879877,-38.8428,13.1226,-25.9766,48.53606380991355,1.56005859375,2.4389648437499996,RIGHT_SIDE,LEVEL,True,OK
1789616141.919506,-38.8428,13.098099999999999,-25.927699999999998,48.503288164205934,1.5545654296875,2.4334716796875,RIGHT_SIDE,LEVEL,True,OK
1789616141.9605286,-38.8184,13.0615,-26.0254,48.52620329234505,1.51611328125,2.4993896484374996,RIGHT_SIDE,LEVEL,True,OK
1789616142.000483,-38.8428,13.208,-25.9766,48.55922284592289,1.4886474609374998,2.5433349609374996,RIGHT_SIDE,LEVEL,True,OK
1789616142.0426662,-38.8184,13.0005,-26.1475,48.57543551075996,1.4886474609374998,2.5543212890625,RIGHT_SIDE,LEVEL,True,OK
1789616142.081457,-38.7939,13.0737,-26.123,48.56232529337943,1.51611328125,2.57080078125,RIGHT_SIDE,LEVEL,True,OK
1789616142.121357,-38.86719999999999,12.793,-26.318399999999997,48.65160083080514,1.5435791015625002,2.5653076171875,RIGHT_SIDE,LEVEL,True,OK
1789616142.1614609,-38.8184,13.0493,-26.123,48.57533878471667,1.6259765624999998,2.5927734374999996,RIGHT_SIDE,LEVEL,True,OK
1789616142.201507,-38.7695,13.3789,-25.8545,48.48220566053075,1.7028808593750004,2.5653076171875004,RIGHT_SIDE,LEVEL,True,OK
1789616142.2415373,-38.7939,13.085899999999999,-26.074199999999998,48.539379493973755,1.6809082031249998,2.4938964843749996,RIGHT_SIDE,LEVEL,True,OK
1789616142.281628,-38.7939,13.0005,-26.416,48.700972613080324,1.6259765624999996,2.5543212890625,RIGHT_SIDE,LEVEL,True,OK
1789616142.3213396,-38.7695,13.1958,-25.927699999999998,48.4711140286666,1.5325927734374998,2.5653076171875,RIGHT_SIDE,LEVEL,True,OK
1789616142.361399,-38.7695,13.220199999999998,-26.074199999999998,48.55627378547493,1.3952636718749998,2.5543212890625,RIGHT_SIDE,LEVEL,True,OK
1789616142.4013524,-38.7939,13.232399999999998,-25.8789,48.47453508987992,1.25244140625,2.642211914062499,RIGHT_SIDE,LEVEL,True,OK
1789616142.4414802,-38.7695,12.695299999999998,-26.2939,48.53466750220918,1.0711669921875002,2.7410888671875,RIGHT_SIDE,LEVEL,True,OK
1789616142.481462,-38.745099999999994,12.9517,-26.2695,48.569701843330265,0.9503173828125,2.861938476562501,RIGHT_SIDE,LEVEL,True,OK
1789616142.5214221,-38.720699999999994,12.963899999999999,-26.2207,48.52711015700398,0.8953857421874999,2.9827880859374996,RIGHT_SIDE,LEVEL,True,OK
1789616142.5615027,-38.720699999999994,12.890599999999997,-26.2451,48.52077339511397,0.8734130859375001,3.0816650390625,RIGHT_SIDE,LEVEL,True,OK
1789616142.6013887,-38.720699999999994,12.915,-26.3916,48.60664958675921,0.8898925781250002,3.1256103515625013,RIGHT_SIDE,LEVEL,True,OK
1789616142.6426039,-38.6963,12.646499999999998,-26.5625,48.60971098648911,0.9063720703124997,3.0871582031250004,RIGHT_SIDE,LEVEL,True,OK
1789616142.6815343,-38.745099999999994,12.6587,-26.5137,48.62511436891434,0.9393310546875002,3.0322265625000004,RIGHT_SIDE,LEVEL,True,OK
1789616142.7215576,-38.745099999999994,12.7441,-26.318399999999997,48.54125088396465,0.9558105468750001,3.0267333984375004,RIGHT_SIDE,LEVEL,True,OK
1789616142.7615786,-38.745099999999994,12.793,-26.2207,48.50122402063683,0.9942626953125,3.0212402343749987,RIGHT_SIDE,LEVEL,True,OK
1789616142.8014412,-38.720699999999994,12.793,-26.440399999999997,48.60090749821447,1.0107421875,3.0322265625000004,RIGHT_SIDE,LEVEL,True,OK
1789616142.84271,-38.720699999999994,12.5488,-26.464799999999997,48.5504956614245,0.9997558593749998,2.999267578124999,RIGHT_SIDE,LEVEL,True,OK
1789616142.8825617,-38.7695,12.634299999999998,-26.0986,48.413186103581324,0.9997558593750002,2.9827880859374996,RIGHT_SIDE,LEVEL,True,OK
1789616142.9224308,-38.745099999999994,12.756299999999998,-26.2695,48.5179615601274,0.98876953125,2.9827880859374996,RIGHT_SIDE,LEVEL,True,OK
1789616142.9625561,-38.720699999999994,12.902799999999997,-26.611299999999996,48.72305556941189,1.0162353515625,2.9937744140624996,RIGHT_SIDE,LEVEL,True,OK
1789616143.00246,-38.7695,12.9395,-26.1719,48.53321687370414,1.0711669921875002,2.9443359375,RIGHT_SIDE,LEVEL,True,OK
1789616143.0433946,-38.8184,12.6831,-25.9766,48.399513961712465,1.1480712890624998,2.9168701171875,RIGHT_SIDE,LEVEL,True,OK
1789616143.082453,-38.7939,12.7319,-26.318399999999997,48.577012396605866,1.2194824218750002,2.8729248046875,RIGHT_SIDE,LEVEL,True,OK
1789616143.1224658,-38.7939,12.634299999999998,-26.8066,48.81788624326129,1.29638671875,2.7905273437500004,RIGHT_SIDE,LEVEL,True,OK
1789616143.162566,-38.86719999999999,12.756299999999998,-26.2207,48.58917095423629,1.3952636718749996,2.779541015625,RIGHT_SIDE,LEVEL,True,OK
1789616143.202646,-38.86719999999999,12.902799999999997,-26.001,48.509725671044556,1.4117431640625002,2.7630615234374996,RIGHT_SIDE,LEVEL,True,OK
1789616143.2428267,-38.8428,12.7441,-26.2207,48.566452466079916,1.3787841796875,2.7410888671875,RIGHT_SIDE,LEVEL,True,OK
1789616143.2826242,-38.8428,12.8052,-26.196299999999997,48.56935651797335,1.3787841796874998,2.7795410156250004,RIGHT_SIDE,LEVEL,True,OK
1789616143.322461,-38.7939,12.8052,-26.196299999999997,48.53025816889912,1.4062499999999998,2.796020507812499,RIGHT_SIDE,LEVEL,True,OK
1789616143.362528,-38.7939,12.8052,-26.342799999999997,48.609494299879316,1.4337158203124996,2.8015136718749996,RIGHT_SIDE,LEVEL,True,OK
1789616143.4024372,-38.8184,12.902799999999997,-26.1719,48.56252439906722,1.4996337890624998,2.8015136718750004,RIGHT_SIDE,LEVEL,True,OK
1789616143.4427378,-38.8184,12.829599999999997,-26.196299999999997,48.55628639434857,1.5051269531250002,2.8179931640625004,RIGHT_SIDE,LEVEL,True,OK
1789616143.482398,-38.7939,12.963899999999999,-26.196299999999997,48.572373980586946,1.5106201171874993,2.9058837890625,RIGHT_SIDE,LEVEL,True,OK
1789616143.5224226,-38.7939,12.915,-26.2207,48.57251291316931,1.549072265625,2.9223632812500013,RIGHT_SIDE,LEVEL,True,OK
1789616143.5626814,-38.7695,12.841799999999997,-26.464799999999997,48.66591822343435,1.5930175781249998,2.9388427734375,RIGHT_SIDE,LEVEL,True,OK
1789616143.603667,-38.7939,12.902799999999997,-26.2939,48.6088274108726,1.5930175781250002,2.9827880859374996,RIGHT_SIDE,LEVEL,True,OK
1789616143.6436,-38.7939,12.902799999999997,-25.9521,48.4247913723952,1.5710449218749998,3.0267333984375,RIGHT_SIDE,LEVEL,True,OK
1789616143.6835017,-38.7695,12.890599999999997,-26.2939,48.586118139032266,1.5930175781249998,3.0432128906249996,RIGHT_SIDE,LEVEL,True,OK
1789616143.7236536,-38.720699999999994,12.6831,-26.709,48.71882916388693,1.5820312499999998,3.0487060546875,RIGHT_SIDE,LEVEL,True,OK
1789616143.7634492,-38.720699999999994,12.8174,-26.464799999999997,48.62061281277725,1.5325927734375,3.0926513671874996,RIGHT_SIDE,LEVEL,True,OK
1789616143.8035002,-38.745099999999994,12.841799999999997,-25.8789,48.330239668969156,1.4996337890625,3.1585693359375004,RIGHT_SIDE,LEVEL,True,OK
1789616143.843582,-38.6719,12.7197,-26.416,48.52949282343676,1.5051269531250004,3.1915283203125004,RIGHT_SIDE,LEVEL,True,OK
1789616143.8834395,-38.6719,12.8174,-26.3672,48.528659864146256,1.5106201171875,3.2080078125,RIGHT_SIDE,LEVEL,True,OK
1789616143.9245286,-38.6719,12.890599999999997,-26.318399999999997,48.521558059588315,1.5106201171874996,3.262939453125,RIGHT_SIDE,LEVEL,True,OK
1789616143.9634104,-38.6719,13.098099999999999,-26.0986,48.45836352148099,1.5051269531250004,3.301391601562501,RIGHT_SIDE,LEVEL,True,OK
1789616144.0044785,-38.6719,13.037099999999999,-26.2695,48.534198832060675,1.4831542968749998,3.3123779296874996,RIGHT_SIDE,LEVEL,True,OK
1789616144.0434005,-38.62299999999999,12.7319,-26.5625,48.57369465935239,1.4666748046875007,3.3673095703125004,RIGHT_SIDE,LEVEL,True,OK
1789616144.0844557,-38.62299999999999,12.793,-26.5625,48.58974566973981,1.4556884765625004,3.40576171875,RIGHT_SIDE,LEVEL,True,OK
1789616144.1244364,-38.62299999999999,12.780799999999997,-26.5625,48.58653500600757,1.4447021484375,3.427734375,RIGHT_SIDE,LEVEL,True,OK
1789616144.1645422,-38.62299999999999,12.829599999999997,-26.5625,48.59939476382395,1.4501953124999998,3.44970703125,RIGHT_SIDE,LEVEL,True,OK
1789616144.2034857,-38.62299999999999,12.915,-26.416,48.54213025815822,1.4556884765624998,3.466186523437499,RIGHT_SIDE,LEVEL,True,OK
1789616144.244507,-38.59859999999999,12.756299999999998,-26.2451,48.38781236695868,1.4501953125,3.49365234375,RIGHT_SIDE,LEVEL,True,OK
1789616144.2834213,-38.57419999999999,12.6831,-26.611299999999996,48.548853940541164,1.439208984375,3.510131835937499,RIGHT_SIDE,LEVEL,True,OK
1789616144.3256745,-38.5498,12.5854,-26.9043,48.6653956286189,1.439208984375,3.5321044921874996,RIGHT_SIDE,LEVEL,True,OK
1789616144.3644478,-38.57419999999999,12.8662,-26.3916,48.47705187653225,1.4447021484375,3.5595703124999996,RIGHT_SIDE,LEVEL,True,OK
1789616144.4045272,-38.5498,13.085899999999999,-26.2207,48.42368188541635,1.4282226562500002,3.5705566406250004,RIGHT_SIDE,LEVEL,True,OK
1789616144.44457,-38.5498,12.707499999999998,-26.709,48.589487724095214,1.4062500000000002,3.6090087890624996,RIGHT_SIDE,LEVEL,True,OK
1789616144.4844272,-38.5254,12.499999999999998,-26.709,48.51625630816953,1.38427734375,3.6419677734374996,RIGHT_SIDE,LEVEL,True,OK
1789616144.5245545,-38.4766,12.7197,-26.855499999999996,48.61540286678698,1.3293457031249998,3.669433593750001,RIGHT_SIDE,LEVEL,True,OK
1789616144.5644956,-38.501,13.1226,-26.2695,48.42123771662595,1.2689208984374996,3.7298583984374987,RIGHT_SIDE,LEVEL,True,OK
1789616144.6056004,-38.501,12.829599999999997,-26.6602,48.55606966384326,1.2304687499999993,3.7902832031249996,RIGHT_SIDE,LEVEL,True,OK
1789616144.6463642,-38.452099999999994,12.560999999999998,-26.9043,48.58172571965717,1.2194824218750002,3.8232421875000004,RIGHT_SIDE,LEVEL,True,OK
1789616144.686305,-38.452099999999994,12.5244,-26.8311,48.5317681213038,1.2194824218750007,3.828735351562501,RIGHT_SIDE,LEVEL,True,OK
1789616144.7285419,-38.4277,12.3962,-27.001999999999995,48.574292642610864,1.2030029296874998,3.8452148437500004,RIGHT_SIDE,LEVEL,True,OK
1789616144.768339,-38.4277,12.4817,-26.9043,48.541964532453775,1.1755371093749998,3.8726806640625,RIGHT_SIDE,LEVEL,True,OK
1789616144.8083572,-38.4277,12.4756,-26.9043,48.540396384248865,1.1480712890624998,3.9111328125000018,RIGHT_SIDE,LEVEL,True,OK
1789616144.8484647,-38.4277,12.432899999999998,-26.977499999999996,48.570059048244936,1.1206054687500002,3.933105468750001,RIGHT_SIDE,LEVEL,True,OK
1789616144.888334,-38.3789,12.4146,-26.9287,48.49966125716756,1.0986328124999998,3.97705078125,RIGHT_SIDE,LEVEL,True,OK
1789616144.928589,-38.3789,12.4512,-26.977499999999996,48.536149959591974,1.0656738281249998,3.9990234375,RIGHT_SIDE,LEVEL,True,OK
1789616144.9683204,-38.3789,12.4817,-26.9531,48.53042756570356,1.0546875,4.031982421874999,RIGHT_SIDE,LEVEL,True,OK
1789616145.008478,-38.3057,12.780799999999997,-27.0264,48.59116996008637,1.0491943359374996,4.06494140625,RIGHT_SIDE,LEVEL,True,OK
1789616145.0484052,-38.3057,12.4512,-27.0996,48.54634233482477,1.043701171875,4.097900390625,RIGHT_SIDE,LEVEL,True,OK
1789616145.0883908,-38.3301,12.3474,-27.1729,48.58005091784075,1.0437011718749996,4.141845703125002,RIGHT_SIDE,LEVEL,True,OK
1789616145.131553,-38.2812,12.4756,-27.0752,48.51965914801958,1.043701171875,4.163818359375,RIGHT_SIDE,LEVEL,True,OK
1789616145.1683245,-38.3301,12.7441,-26.9287,48.546508983757015,1.0437011718750002,4.1748046875,RIGHT_SIDE,LEVEL,True,OK
1789616145.2091334,-38.3301,12.493899999999998,-27.0996,48.576562490361546,1.0766601562499996,4.174804687499997,RIGHT_SIDE,LEVEL,True,OK
1789616145.2483516,-38.3545,12.4207,-26.733399999999996,48.373713257305354,1.0986328125000002,4.174804687499999,RIGHT_SIDE,LEVEL,True,OK
1789616145.288332,-38.3057,12.384,-27.123999999999995,48.54277994192339,1.0766601562499996,4.174804687499997,RIGHT_SIDE,LEVEL,True,OK
1789616145.3285377,-38.2568,12.4634,-27.2217,48.57921403944283,1.0601806640624996,4.185791015625,RIGHT_SIDE,LEVEL,True,OK
1789616145.3694108,-38.3057,12.4512,-27.0508,48.51911803165841,1.0821533203125,4.174804687499997,RIGHT_SIDE,LEVEL,True,OK
1789616145.4102204,-38.3057,12.4695,-27.001999999999995,48.496629643099936,1.0656738281250002,4.163818359375,RIGHT_SIDE,LEVEL,True,OK
1789616145.4493706,-38.3057,12.3413,-27.0264,48.4774239738458,1.0162353515625002,4.191284179687499,RIGHT_SIDE,LEVEL,True,OK
1789616145.4893873,-38.3545,12.3535,-27.0752,48.546298391741466,0.9118652343750003,4.207763671875001,RIGHT_SIDE,LEVEL,True,OK
1789616145.5304773,-38.3789,12.2864,-27.0996,48.562165420520536,0.8349609375,4.2626953125,RIGHT_SIDE,LEVEL,True,OK
1789616145.5703769,-38.4277,12.3901,-26.9287,48.53202642575312,0.8404541015624996,4.251708984374999,RIGHT_SIDE,LEVEL,True,OK
1789616145.6130307,-38.4033,12.432899999999998,-26.9531,48.537202771791456,0.8898925781250001,4.251708984375,RIGHT_SIDE,LEVEL,True,OK
1789616145.650558,-38.4277,12.2131,-26.9531,48.500696268301134,0.9063720703124996,4.262695312500001,RIGHT_SIDE,LEVEL,True,OK
1789616145.691525,-38.4033,12.176499999999999,-27.1484,48.58102742532315,0.867919921875,4.3121337890625,RIGHT_SIDE,LEVEL,True,OK
1789616145.736411,-38.4277,12.0544,-27.1729,48.583569044070856,0.7965087890624999,4.4384765625,RIGHT_SIDE,LEVEL,True,OK
1789616145.771433,-38.3545,12.029999999999998,-27.4414,48.670514731303186,0.6921386718749999,4.5867919921875,RIGHT_SIDE,LEVEL,True,OK
1789616145.8120165,-38.3545,12.0728,-27.1973,48.54393162260346,0.5548095703125,4.7021484375,RIGHT_SIDE,LEVEL,True,OK
1789616145.851591,-38.3301,11.767599999999998,-27.1484,48.42219117646371,0.45043945312499994,4.822998046875,RIGHT_SIDE,LEVEL,True,OK
1789616145.8915288,-38.2324,11.731,-27.4658,48.51497645469902,0.38452148437499983,4.910888671874999,RIGHT_SIDE,LEVEL,True,OK
1789616145.9345608,-38.1836,11.7493,-27.8809,48.71732694083287,0.3350830078124997,4.938354492187501,RIGHT_SIDE,LEVEL,True,OK
1789616145.9734797,-38.2568,11.828599999999998,-27.417,48.530304070755626,0.27465820312499994,4.965820312499999,RIGHT_SIDE,LEVEL,True,OK
1789616146.0138793,-38.2324,12.0483,-27.001999999999995,48.332038511219444,0.2307128906250003,5.031738281250001,RIGHT_SIDE,LEVEL,True,OK
1789616146.0534408,-38.1592,11.6699,-27.6123,48.52576863832246,0.24169921874999997,5.103149414062501,RIGHT_SIDE,LEVEL,True,OK
1789616146.0944326,-38.11039999999999,11.6821,-28.1494,48.798184074102586,0.2911376953124998,5.1141357421875,RIGHT_SIDE,LEVEL,True,OK
1789616146.1344018,-38.1592,11.731,-27.71,48.596141880194565,0.28015136718749983,5.103149414062501,RIGHT_SIDE,LEVEL,True,OK
1789616146.1745,-38.1836,11.8774,-27.270499999999995,48.40186060442304,0.14282226562500014,5.1251220703125,RIGHT_SIDE,LEVEL,True,OK
1789616146.2145445,-38.1836,11.779799999999998,-27.661099999999998,48.59925359725188,-0.0604248046875004,5.1690673828125,RIGHT_SIDE,LEVEL,True,OK
1789616146.2545292,-38.0859,11.6028,-27.783199999999997,48.5496338697832,-0.3021240234375005,5.2020263671875,RIGHT_SIDE,LEVEL,True,OK
1789616146.2944279,-38.0615,11.4746,-27.8564,48.54197408810235,-0.5548095703125006,5.229492187500001,RIGHT_SIDE,LEVEL,True,OK
1789616146.3365839,-38.0371,11.2915,-27.929699999999997,48.522026861519294,-0.7965087890624998,5.3009033203125,RIGHT_SIDE,LEVEL,True,OK
1789616146.375478,-37.9883,11.315899999999997,-28.198199999999996,48.64461956825235,-1.0107421874999993,5.372314453125,RIGHT_SIDE,LEVEL,True,OK
1789616146.416802,-37.9883,11.248799999999997,-28.125,48.586644907114135,-1.197509765625,5.399780273437501,RIGHT_SIDE,LEVEL,True,OK
1789616146.4567993,-37.939499999999995,11.2183,-28.1006,48.52730814191119,-1.2744140625000004,5.438232421874998,RIGHT_SIDE,LEVEL,True,OK
1789616146.4964283,-37.939499999999995,11.303699999999997,-28.076199999999996,48.533002177693476,-1.2414550781249998,5.443725585937499,RIGHT_SIDE,LEVEL,True,OK
1789616146.538662,-37.939499999999995,11.0596,-28.466799999999996,48.70399485309187,-1.2304687499999993,5.432739257812499,RIGHT_SIDE,LEVEL,True,OK
1789616146.5774915,-37.963899999999995,11.4258,-28.051799999999997,48.56655322431271,-1.3293457031249998,5.421752929687501,RIGHT_SIDE,LEVEL,True,OK
1789616146.6176722,-38.0371,11.370799999999997,-27.661099999999998,48.386491113326244,-1.2963867187499998,5.427246093750001,RIGHT_SIDE,LEVEL,True,OK
1789616146.6574857,-37.939499999999995,11.2732,-28.1494,48.568296437593936,-1.285400390625,5.443725585937499,RIGHT_SIDE,LEVEL,True,OK
1789616146.6974177,-37.915,11.145,-28.6377,48.80446814882834,-1.3018798828124998,5.4437255859375,RIGHT_SIDE,LEVEL,True,OK
1789616146.7374377,-37.939499999999995,11.1877,-28.1494,48.548522242185705,-1.3073730468749998,5.443725585937498,RIGHT_SIDE,LEVEL,True,OK
1789616146.777471,-37.9883,11.370799999999997,-27.929699999999997,48.502310992570244,-1.307373046874999,5.454711914062499,RIGHT_SIDE,LEVEL,True,OK
1789616146.8176615,-37.939499999999995,11.1938,-28.1494,48.54992831148157,-1.3293457031250002,5.432739257812499,RIGHT_SIDE,LEVEL,True,OK
1789616146.8575373,-37.963899999999995,10.8826,-28.3447,48.61183707760898,-1.4062499999999996,5.361328124999998,RIGHT_SIDE,LEVEL,True,OK
1789616146.8974197,-37.9883,11.2122,-28.0029,48.5075950150077,-1.4501953124999998,5.3118896484375,RIGHT_SIDE,LEVEL,True,OK
1789616146.9375973,-37.9883,11.145,-28.027299999999997,48.50620070856921,-1.4611816406249998,5.300903320312499,RIGHT_SIDE,LEVEL,True,OK
1789616146.9775288,-38.0615,11.2854,-27.905299999999997,48.525702503930845,-1.5490722656250004,5.191040039062501,RIGHT_SIDE,LEVEL,True,OK
1789616147.01754,-38.0615,11.1938,-28.0029,48.56069757633224,-1.6040039062499998,5.108642578125001,RIGHT_SIDE,LEVEL,True,OK
1789616147.057469,-38.0859,11.102299999999998,-28.0029,48.558822602180136,-1.5930175781250004,5.1141357421875,RIGHT_SIDE,LEVEL,True,OK
1789616147.0974114,-38.0859,11.254899999999997,-27.9785,48.57988282272818,-1.614990234375,5.0811767578125,RIGHT_SIDE,LEVEL,True,OK
1789616147.1374886,-38.0859,10.9619,-28.2471,48.668241069818826,-1.658935546875,5.020751953125,RIGHT_SIDE,LEVEL,True,OK
1789616147.1774983,-38.1592,11.3342,-27.807599999999997,48.557710531284314,-1.7083740234375,4.954833984375,RIGHT_SIDE,LEVEL,True,OK
1789616147.2175,-38.2568,11.5173,-27.3438,48.41398913506302,-1.7468261718749998,4.894409179687499,RIGHT_SIDE,LEVEL,True,OK
1789616147.258467,-38.2324,11.0291,-27.832,48.55901235167371,-1.8237304687500007,4.7900390625,RIGHT_SIDE,LEVEL,True,OK
1789616147.2974768,-38.2812,10.5042,-27.905299999999997,48.52313117648118,-1.9830322265624993,4.586791992187499,RIGHT_SIDE,LEVEL,True,OK
1789616147.338458,-38.4033,10.6689,-27.9541,48.68337072255782,-2.2247314453125,4.246215820312502,RIGHT_SIDE,LEVEL,True,OK
1789616147.377512,-38.6475,11.2244,-27.001999999999995,48.46364013990282,-2.5323486328125,3.8452148437499996,RIGHT_SIDE,LEVEL,True,OK
1789616147.4175973,-38.720699999999994,10.980199999999998,-27.1973,48.57520486647482,-2.691650390625,3.6254882812499996,RIGHT_SIDE,LEVEL,True,OK
1789616147.4574983,-38.720699999999994,10.7971,-27.417,48.65759823398602,-2.6477050781249996,3.6694335937500004,RIGHT_SIDE,LEVEL,True,OK
1789616147.497468,-38.6719,10.9619,-27.392599999999998,48.64189178043962,-2.642211914062499,3.6749267578125,RIGHT_SIDE,LEVEL,True,OK
1789616147.538474,-38.6475,10.906999999999998,-27.636699999999998,48.748118857449256,-2.6751708984375004,3.6419677734374996,RIGHT_SIDE,LEVEL,True,OK
1789616147.5784757,-38.6963,11.145,-27.270499999999995,48.63429683813677,-2.642211914062499,3.6859130859375004,RIGHT_SIDE,LEVEL,True,OK
1789616147.6186311,-38.6963,10.967999999999998,-27.0508,48.47108868521523,-2.6037597656249996,3.7298583984374987,RIGHT_SIDE,LEVEL,True,OK
1789616147.6586251,-38.6963,10.9924,-27.3682,48.65444340129687,-2.5982666015625004,3.7463378906249996,RIGHT_SIDE,LEVEL,True,OK
1789616147.6985137,-38.6475,10.913099999999998,-27.4658,48.652802360192986,-2.5982666015625004,3.7463378906249996,RIGHT_SIDE,LEVEL,True,OK
1789616147.7384653,-38.6475,10.8643,-27.5879,48.710927902781734,-2.592773437499999,3.75732421875,RIGHT_SIDE,LEVEL,True,OK
1789616147.7784376,-38.6719,11.0168,-27.246099999999995,48.57196410543844,-2.5872802734374996,3.7628173828124996,RIGHT_SIDE,LEVEL,True,OK
1789616147.8187363,-38.6719,11.0168,-27.2949,48.59935491197388,-2.5762939453124996,3.7847900390624987,RIGHT_SIDE,LEVEL,True,OK
1789616147.8588567,-38.6475,10.9436,-27.3682,48.60462949606755,-2.5762939453124996,3.7847900390624987,RIGHT_SIDE,LEVEL,True,OK
1789616147.89851,-38.6963,10.778799999999999,-27.2217,48.524294059986076,-2.6147460937499996,3.7463378906249996,RIGHT_SIDE,LEVEL,True,OK
1789616147.9384985,-38.59859999999999,10.833699999999999,-27.6123,48.679154562707836,-2.5982666015624996,3.7628173828124996,RIGHT_SIDE,LEVEL,True,OK
1789616147.978532,-38.59859999999999,10.9314,-27.4658,48.61807891679801,-2.5213623046874996,3.8507080078125004,RIGHT_SIDE,LEVEL,True,OK
1789616148.018678,-38.5498,11.0229,-27.539099999999998,48.64147852666487,-2.4334716796875,3.9605712890625,RIGHT_SIDE,LEVEL,True,OK
1789616148.0586982,-38.5498,11.0657,-27.123999999999995,48.4174366579851,-2.3675537109374996,4.037475585937499,RIGHT_SIDE,LEVEL,True,OK
1789616148.0985305,-38.501,11.175499999999998,-27.514599999999998,48.62378033853394,-2.3016357421875004,4.1143798828125,RIGHT_SIDE,LEVEL,True,OK
1789616148.13845,-38.452099999999994,11.0413,-27.929699999999997,48.790802844286134,-2.2686767578125,4.158325195312501,RIGHT_SIDE,LEVEL,True,OK
1789616148.1786082,-38.501,11.0718,-27.5635,48.62775224591406,-2.274169921875,4.1473388671875,RIGHT_SIDE,LEVEL,True,OK
1789616148.2195532,-38.5254,11.0291,-27.2949,48.48565827108053,-2.2576904296875004,4.169311523437501,RIGHT_SIDE,LEVEL,True,OK
1789616148.2594714,-38.4766,11.0291,-27.6123,48.62642188831089,-2.2302246093750004,4.202270507812499,RIGHT_SIDE,LEVEL,True,OK
1789616148.2994974,-38.4766,11.053499999999998,-27.5879,48.61811222394387,-2.2302246093750013,4.207763671875,RIGHT_SIDE,LEVEL,True,OK
1789616148.3394766,-38.4277,11.0229,-27.71,48.64192175171536,-2.2247314453125,4.218750000000001,RIGHT_SIDE,LEVEL,True,OK
1789616148.3796241,-38.501,11.1511,-27.123999999999995,48.39819633219816,-2.2137451171875004,4.235229492187499,RIGHT_SIDE,LEVEL,True,OK
1789616148.419549,-38.4277,11.0291,-27.5879,48.57387569990684,-2.2137451171875004,4.24072265625,RIGHT_SIDE,LEVEL,True,OK
1789616148.4594846,-38.4277,11.0962,-27.5635,48.575305598421096,-2.2137451171875004,4.235229492187499,RIGHT_SIDE,LEVEL,True,OK
1789616148.499488,-38.452099999999994,11.1816,-27.514599999999998,48.58647328351791,-2.21923828125,4.235229492187499,RIGHT_SIDE,LEVEL,True,OK
1789616148.5395086,-38.4277,11.0779,-27.7344,48.66831555601652,-2.224731445312499,4.229736328125,RIGHT_SIDE,LEVEL,True,OK
1789616148.5804691,-38.4277,11.1816,-27.5635,48.594884896457984,-2.2247314453125,4.235229492187501,RIGHT_SIDE,LEVEL,True,OK
1789616148.6204023,-38.452099999999994,11.145,-27.5879,48.61961791108605,-2.2357177734375,4.2242431640625,RIGHT_SIDE,LEVEL,True,OK
1789616148.6606338,-38.501,11.254899999999997,-27.1484,48.4358895610476,-2.241210937500001,4.224243164062501,RIGHT_SIDE,LEVEL,True,OK
1789616148.700399,-38.4766,11.1267,-27.5879,48.63480674229106,-2.241210937500001,4.224243164062501,RIGHT_SIDE,LEVEL,True,OK
1789616148.740375,-38.4277,10.9314,-28.027299999999997,48.80279888018719,-2.241210937500001,4.224243164062501,RIGHT_SIDE,LEVEL,True,OK
1789616148.7805407,-38.4766,11.175499999999998,-27.4902,48.59065387345595,-2.2412109375,4.229736328125,RIGHT_SIDE,LEVEL,True,OK
1789616148.820442,-38.5498,11.2366,-27.001999999999995,48.38859642105771,-2.2412109375,4.229736328125,RIGHT_SIDE,LEVEL,True,OK
1789616148.8604171,-38.4766,11.1572,-27.4414,48.55885391316397,-2.2412109374999996,4.235229492187499,RIGHT_SIDE,LEVEL,True,OK
1789616148.9004402,-38.4277,10.833699999999999,-27.8564,48.68301761333206,-2.2357177734375004,4.24072265625,RIGHT_SIDE,LEVEL,True,OK
1789616148.9404633,-38.4033,10.9863,-27.7588,48.64219583879824,-2.2357177734375004,4.24072265625,RIGHT_SIDE,LEVEL,True,OK
1789616148.980558,-38.4766,11.4075,-27.0264,48.38394465904986,-2.235717773437501,4.246215820312501,RIGHT_SIDE,LEVEL,True,OK
1789616149.0204,-38.452099999999994,11.261,-27.417,48.54962414282936,-2.235717773437501,4.246215820312501,RIGHT_SIDE,LEVEL,True,OK
1789616149.0605428,-38.4277,11.242699999999997,-27.4414,48.53984821298888,-2.2357177734375,4.251708984374999,RIGHT_SIDE,LEVEL,True,OK
1789616149.1005416,-38.4277,11.1206,-27.7588,48.69195877236815,-2.2357177734375,4.251708984374999,RIGHT_SIDE,LEVEL,True,OK
1789616149.1404939,-38.4277,11.0901,-27.6123,48.60162092554116,-2.2357177734375,4.251708984374999,RIGHT_SIDE,LEVEL,True,OK
1789616149.180594,-38.4766,11.2183,-27.514599999999998,48.61432109584582,-2.230224609375,4.262695312500001,RIGHT_SIDE,LEVEL,True,OK
1789616149.2204583,-38.4766,11.2122,-27.4414,48.57152056874481,-2.230224609375,4.262695312500001,RIGHT_SIDE,LEVEL,True,OK
1789616149.2604823,-38.501,11.437999999999999,-27.0752,48.43780858007513,-2.230224609375,4.262695312500001,RIGHT_SIDE,LEVEL,True,OK
1789616149.3003755,-38.4766,10.974099999999998,-27.6855,48.65559092868978,-2.2412109374999996,4.268188476562499,RIGHT_SIDE,LEVEL,True,OK
1789616149.3407354,-38.452099999999994,10.9619,-27.661099999999998,48.61958143824358,-2.2247314453125,4.273681640624999,RIGHT_SIDE,LEVEL,True,OK
1789616149.3805013,-38.452099999999994,11.145,-27.4658,48.550439638071246,-2.2137451171875004,4.273681640625001,RIGHT_SIDE,LEVEL,True,OK
1789616149.4206421,-38.452099999999994,11.437999999999999,-27.1484,48.43993663259686,-2.2247314453125,4.2791748046875,RIGHT_SIDE,LEVEL,True,OK
1789616149.460437,-38.452099999999994,11.2061,-27.417,48.53691956253507,-2.21923828125,4.273681640624999,RIGHT_SIDE,LEVEL,True,OK
1789616149.5004036,-38.4033,10.919199999999998,-27.8564,48.68286557393679,-2.2357177734374996,4.2791748046875,RIGHT_SIDE,LEVEL,True,OK
1789616149.5414789,-38.4277,11.0779,-27.5879,48.58497938776963,-2.219238281249999,4.290161132812498,RIGHT_SIDE,LEVEL,True,OK
1789616149.5804536,-38.452099999999994,11.4075,-27.1973,48.46017104746949,-2.2137451171874996,4.290161132812499,RIGHT_SIDE,LEVEL,True,OK
1789616149.6213663,-38.4277,11.114499999999998,-27.636699999999998,48.62105947457336,-2.21923828125,4.295654296875,RIGHT_SIDE,LEVEL,True,OK
1789616149.6623206,-38.4033,11.1267,-27.636699999999998,48.60456861931808,-2.208251953125001,4.3011474609375,RIGHT_SIDE,LEVEL,True,OK
1789616149.701446,-38.4277,11.047399999999998,-27.7588,48.675293029318276,-2.2082519531250013,4.306640625,RIGHT_SIDE,LEVEL,True,OK
1789616149.7414782,-38.452099999999994,11.303699999999997,-27.514599999999998,48.614718360389574,-2.2027587890624996,4.312133789062499,RIGHT_SIDE,LEVEL,True,OK
1789616149.7824569,-38.452099999999994,11.0901,-27.636699999999998,48.63477664500989,-2.1917724609374996,4.3231201171875,RIGHT_SIDE,LEVEL,True,OK
1789616149.8224642,-38.4277,11.0657,-27.636699999999998,48.60992728517498,-2.191772460937499,4.32861328125,RIGHT_SIDE,LEVEL,True,OK
1789616149.8655677,-38.4277,10.9375,-27.6855,48.60868177383542,-2.191772460937499,4.32861328125,RIGHT_SIDE,LEVEL,True,OK
1789616149.9024897,-38.4277,11.084,-27.5635,48.57252016871268,-2.1917724609375004,4.334106445312499,RIGHT_SIDE,LEVEL,True,OK
1789616149.9424603,-38.4033,11.0107,-27.636699999999998,48.57814480061996,-2.1972656250000004,4.328613281250001,RIGHT_SIDE,LEVEL,True,OK
1789616149.9824915,-38.4277,11.108399999999998,-27.539099999999998,48.56425338312121,-2.2027587890625004,4.323120117187501,RIGHT_SIDE,LEVEL,True,OK
1789616150.0226548,-38.4033,11.3403,-27.4902,48.57084466035154,-2.2082519531250004,4.312133789062499,RIGHT_SIDE,LEVEL,True,OK
1789616150.0628343,-38.4277,11.0657,-27.636699999999998,48.60992728517498,-2.2082519531250004,4.312133789062499,RIGHT_SIDE,LEVEL,True,OK
1789616150.1024585,-38.4277,10.9558,-27.7588,48.65458517313656,-2.2137451171875004,4.3011474609375,RIGHT_SIDE,LEVEL,True,OK
1789616150.1425078,-38.4277,11.0962,-27.636699999999998,48.61687946197288,-2.2082519531250004,4.3011474609375,RIGHT_SIDE,LEVEL,True,OK
1789616150.1825228,-38.4033,11.2976,-27.783199999999997,48.72735801261956,-2.2192382812500004,4.306640625,RIGHT_SIDE,LEVEL,True,OK
1789616150.222439,-38.4277,11.108399999999998,-27.661099999999998,48.63353915828047,-2.2137451171875013,4.3011474609375,RIGHT_SIDE,LEVEL,True,OK
1789616150.2627747,-38.4766,11.0107,-27.3438,48.470276051307984,-2.2137451171875013,4.3011474609375,RIGHT_SIDE,LEVEL,True,OK
1789616150.3025925,-38.4277,11.0291,-27.7344,48.65723088565563,-2.2192382812499996,4.3011474609375,RIGHT_SIDE,LEVEL,True,OK
1789616150.3426225,-38.4277,11.2183,-27.636699999999998,48.644892528095895,-2.2192382812499996,4.3011474609375,RIGHT_SIDE,LEVEL,True,OK
1789616150.382414,-38.4277,11.0962,-27.539099999999998,48.56146425448887,-2.213745117187502,4.306640625000001,RIGHT_SIDE,LEVEL,True,OK
1789616150.4225247,-38.452099999999994,11.2122,-27.417,48.53832828033944,-2.213745117187501,4.312133789062499,RIGHT_SIDE,LEVEL,True,OK
1789616150.4626467,-38.452099999999994,11.114499999999998,-27.417,48.51585301383456,-2.2027587890624996,4.312133789062499,RIGHT_SIDE,LEVEL,True,OK
1789616150.502453,-38.4277,11.108399999999998,-27.539099999999998,48.56425338312121,-2.2082519531250004,4.3011474609375,RIGHT_SIDE,LEVEL,True,OK
1789616150.5426373,-38.4277,11.0596,-27.5635,48.56695802394875,-2.2247314453125,4.2681884765625,RIGHT_SIDE,LEVEL,True,OK
1789616150.5825243,-38.4033,11.254899999999997,-27.4902,48.55097651891258,-2.1533203124999996,4.32861328125,RIGHT_SIDE,LEVEL,True,OK
1789616150.622485,-38.4277,11.315899999999997,-27.4414,48.55685486169795,-2.0764160156250004,4.378051757812502,RIGHT_SIDE,LEVEL,True,OK
1789616150.6627963,-38.452099999999994,11.2915,-27.417,48.55670762788597,-1.9500732421875,4.317626953125001,RIGHT_SIDE,LEVEL,True,OK
1789616150.7025847,-38.5498,11.370799999999997,-27.1729,48.51544771606256,-1.5380859374999993,4.0484619140625,RIGHT_SIDE,LEVEL,True,OK
1789616150.7427154,-38.720699999999994,11.383099999999999,-27.0996,48.613330417283684,-0.9448242187499993,3.592529296875,RIGHT_SIDE,LEVEL,True,OK
1789616150.782604,-38.916,11.700399999999998,-27.001999999999995,48.78998278499388,-0.1812744140625002,2.960815429687501,RIGHT_SIDE,LEVEL,True,OK
1789616150.8225818,-39.3066,12.0117,-25.9766,48.62173884190075,0.6591796875,2.1258544921874996,RIGHT_SIDE,LEVEL,True,OK
1789616150.8630908,-39.79489999999999,12.2803,-24.8901,48.517593840894456,1.614990234375,1.1315917968749998,RIGHT_SIDE,LEVEL,True,OK
1789616150.9025497,-40.1855,12.6587,-24.328599999999998,48.6518023705186,2.603759765625001,-0.0439453125,RIGHT_SIDE,LEVEL,True,OK
1789616150.9427145,-40.4785,12.9883,-23.8403,48.739766138441816,3.488159179687501,-1.1700439453125,RIGHT_SIDE,LEVEL,True,OK
1789616150.9826212,-40.8936,13.147,-22.937,48.695339602060486,4.158325195312501,-2.2192382812499996,RIGHT_SIDE,LEVEL,True,OK
1789616151.0226018,-41.137699999999995,13.622999999999998,-21.7285,48.47704820366025,4.702148437499999,-2.9827880859375,RIGHT_SIDE,LEVEL,True,OK
1789616151.0627756,-41.28419999999999,13.5864,-21.9116,48.67333612112487,5.053710937499999,-3.3453369140625004,RIGHT_SIDE,LEVEL,True,OK
1789616151.102476,-41.3086,13.622999999999998,-22.0581,48.77034281784371,5.289916992187498,-3.3508300781249987,RIGHT_SIDE,LEVEL,True,OK
1789616151.14247,-41.25979999999999,13.622999999999998,-21.960399999999996,48.68486821590461,5.438232421874999,-3.2189941406250004,RIGHT_SIDE,LEVEL,True,OK
1789616151.1825595,-41.25979999999999,13.6719,-21.9849,48.70962711477064,5.5096435546875,-3.1201171875,RIGHT_SIDE,LEVEL,True,OK
1789616151.2227836,-41.23539999999999,13.622999999999998,-22.094699999999996,48.724943409407864,5.625000000000001,-3.1091308593750004,RIGHT_SIDE,LEVEL,True,OK
1789616151.2627468,-41.333,13.6719,-21.7529,48.66750863789927,5.861206054687502,-3.2574462890625004,RIGHT_SIDE,LEVEL,True,OK
1789616151.30268,-41.4062,13.7207,-21.6675,48.70535456374381,6.075439453124998,-3.543090820312499,RIGHT_SIDE,LEVEL,True,OK
1789616151.3426433,-41.5527,13.635299999999999,-21.423299999999998,48.69811152673171,6.26220703125,-3.938598632812501,RIGHT_SIDE,LEVEL,True,OK
1789616151.3825314,-41.6504,13.7207,-21.557599999999997,48.86454283434973,6.459960937499999,-4.471435546875,RIGHT_SIDE,LEVEL,True,OK
1789616151.4224937,-41.8701,13.696299999999999,-20.7153,48.68077199254342,6.663208007812499,-5.174560546875001,RIGHT_SIDE,LEVEL,True,OK
1789616151.4631882,-42.1143,13.7695,-19.9219,48.580814056065385,6.860961914062499,-6.053466796874999,RIGHT_SIDE,LEVEL,True,OK
1789616151.5048518,-42.4072,13.7695,-19.445799999999995,48.642665220257,7.069702148437502,-6.948852539062499,RIGHT_SIDE,LEVEL,True,OK
1789616151.542534,-42.627,13.6597,-19.4702,48.813289390595266,7.300415039062498,-7.822265624999999,RIGHT_SIDE,LEVEL,True,OK
1789616151.5824633,-42.8223,13.916,-18.481399999999997,48.67203076973468,7.399291992187502,-8.6846923828125,RIGHT_SIDE,LEVEL,True,OK
1789616151.622479,-42.8955,14.0015,-17.7368,48.483605442871095,7.476196289062497,-9.277954101562498,RIGHT_SIDE,LEVEL,True,OK
1789616151.6626415,-43.1396,13.7207,-17.7612,48.62862245725248,7.443237304687502,-9.717407226562502,RIGHT_SIDE,LEVEL,True,OK
1789616151.7035418,-43.2129,13.7451,-18.1763,48.85345824104983,7.404785156250001,-9.95361328125,RIGHT_SIDE,LEVEL,True,OK
1789616151.743487,-43.23729999999999,13.622999999999998,-17.7612,48.687888285794436,7.338867187500001,-9.964599609374998,RIGHT_SIDE,LEVEL,True,OK
1789616151.783575,-43.26169999999999,13.5986,-17.8223,48.72505501423266,7.3663330078125,-9.7723388671875,RIGHT_SIDE,LEVEL,True,OK
1789616151.8236203,-43.1885,13.5986,-17.980999999999998,48.718423775918694,7.344360351562501,-9.5526123046875,RIGHT_SIDE,LEVEL,True,OK
1789616151.8637714,-43.115199999999994,13.5254,-18.3228,48.760454428153146,7.2290039062500036,-9.217529296875002,RIGHT_SIDE,LEVEL,True,OK
1789616151.9034894,-42.9688,13.622999999999998,-18.4448,48.70435862918226,7.229003906250002,-8.679199218749998,RIGHT_SIDE,LEVEL,True,OK
1789616151.943477,-42.8467,13.561999999999998,-18.7134,48.682223495337595,7.124633789062501,-8.338623046875002,RIGHT_SIDE,LEVEL,True,OK
1789616151.983649,-42.7734,13.6597,-18.8721,48.70633747326933,6.998291015625001,-7.998046875000002,RIGHT_SIDE,LEVEL,True,OK
1789616152.0256467,-42.6514,13.8062,-18.8354,48.62638556956501,6.8115234375,-7.723388671875001,RIGHT_SIDE,LEVEL,True,OK
1789616152.067212,-42.5781,13.830599999999999,-19.2383,48.72671015839259,6.751098632812501,-7.289428710937502,RIGHT_SIDE,LEVEL,True,OK
1789616152.105617,-42.4072,13.7939,-19.7388,48.767432929056255,6.635742187500001,-6.745605468749999,RIGHT_SIDE,LEVEL,True,OK
1789616152.146663,-42.285199999999996,13.4888,-20.629899999999996,48.94464872169377,6.355590820312501,-6.1138916015625,RIGHT_SIDE,LEVEL,True,OK
1789616152.1865654,-42.0166,13.7207,-20.6909,48.80333622673761,6.080932617187499,-5.3118896484375,RIGHT_SIDE,LEVEL,True,OK
1789616152.227484,-41.7725,13.8062,-21.0571,48.774525882882756,5.784301757812501,-4.603271484374999,RIGHT_SIDE,LEVEL,True,OK
1789616152.2676036,-41.4795,13.7695,-21.691899999999997,48.79227988227236,5.427246093750002,-3.7518310546875,RIGHT_SIDE,LEVEL,True,OK
1789616152.3075142,-41.25979999999999,13.4644,-22.4365,48.8575244527391,4.998779296875,-2.9168701171874996,RIGHT_SIDE,LEVEL,True,OK
1789616152.347548,-40.9424,13.3789,-22.8516,48.75931403875571,4.691162109375,-2.318115234375,RIGHT_SIDE,LEVEL,True,OK
1789616152.3875763,-40.7227,13.5254,-22.9248,48.649986592906686,4.449462890624999,-1.8951416015624993,RIGHT_SIDE,LEVEL,True,OK
1789616152.4275558,-40.6738,13.427699999999998,-23.2056,48.71510038058015,4.0374755859375,-1.6864013671875002,RIGHT_SIDE,LEVEL,True,OK
1789616152.4696193,-40.6006,13.232399999999998,-23.6938,48.83545114524898,3.043212890625,-1.1260986328125,RIGHT_SIDE,LEVEL,True,OK
1789616152.5073903,-40.3564,13.208,-23.9014,48.72747897152078,1.7028808593750002,-0.5438232421875001,RIGHT_SIDE,LEVEL,True,OK
1789616152.547417,-40.03909999999999,12.695299999999998,-24.8169,48.787075096894256,-0.4229736328125,0.28015136718750006,RIGHT_SIDE,LEVEL,True,OK
1789616152.5875676,-39.7217,12.243699999999999,-25.5859,48.80942449353403,-2.9772949218750004,0.9338378906250002,RIGHT_SIDE,LEVEL,True,OK
1789616152.6376314,-39.5264,11.437999999999999,-26.2695,48.81854945827457,-5.267944335937499,0.9997558593749993,RIGHT_SIDE,LEVEL,True,OK
1789616152.6689384,-39.4531,11.4563,-26.416,48.84259376097875,-6.5203857421875,0.3570556640624999,RIGHT_SIDE,LEVEL,True,OK
1789616152.7084632,-39.7217,11.3953,-26.123,48.888418280611205,-6.674194335937499,-0.8294677734374999,RIGHT_SIDE,LEVEL,True,OK
1789616152.7484255,-40.08789999999999,11.3525,-25.683599999999995,48.944522590582075,-6.317138671874999,-2.0324707031249996,RIGHT_SIDE,LEVEL,True,OK
1789616152.7884405,-40.3809,11.5906,-25.0488,48.9121812497664,-6.328124999999998,-2.7575683593749996,RIGHT_SIDE,LEVEL,True,OK
1789616152.8284254,-40.4053,11.6699,-25.0732,48.96366195802761,-7.064208984375001,-2.6861572265625004,RIGHT_SIDE,LEVEL,True,OK
1789616152.8716981,-40.1855,11.383099999999999,-25.6104,48.99328488701283,-8.426513671875,-1.77978515625,RIGHT_SIDE,LEVEL,True,OK
1789616152.9074275,-39.79489999999999,10.7483,-26.416,48.95880998247404,-10.101928710937498,-0.34606933593749944,RIGHT_SIDE,LEVEL,True,OK
1789616152.9484208,-39.209,10.192899999999998,-27.539099999999998,48.98615028985234,-11.557617187500002,1.1535644531250004,RIGHT_SIDE,LEVEL,True,OK
1789616152.9884396,-38.6475,9.59473,-28.5645,49.006313473601544,-12.387084960937504,2.2741699218750004,RIGHT_SIDE,LEVEL,True,OK
1789616153.028503,-38.6475,9.34448,-28.5156,48.92941861580209,-11.618041992187496,1.9281005859374996,RIGHT_SIDE,LEVEL,True,OK
1789616153.0686042,-38.916,9.33838,-28.0029,48.84488515120493,-11.063232421874998,1.9061279296874998,RIGHT_SIDE,LEVEL,True,OK
1789616153.1084468,-38.8428,9.28345,-28.3691,48.987257430402245,-11.255493164062502,2.4224853515624996,RIGHT_SIDE,LEVEL,True,OK
1789616153.1484942,-38.62299999999999,8.86841,-29.1504,49.19482335661039,-11.733398437500004,2.7630615234375004,RIGHT_SIDE,LEVEL,True,OK
1789616153.1884167,-38.745099999999994,8.911129999999998,-28.6621,49.01129449725746,-12.161865234375002,2.6971435546875,RIGHT_SIDE,LEVEL,True,OK
1789616153.23344,-38.745099999999994,8.587649999999998,-28.710899999999995,48.98210168359969,-12.859497070312502,2.7081298828125004,RIGHT_SIDE,LEVEL,True,OK
1789616153.2684789,-38.8184,8.22754,-28.9307,49.107494290602936,-13.9801025390625,2.609252929687499,RIGHT_SIDE,LEVEL,True,OK
1789616153.3084455,-38.98929999999999,7.69043,-28.8818,49.1270454975149,-15.353393554687496,2.087402343750001,RIGHT_SIDE,LEVEL,True,OK
1789616153.3485763,-39.2334,7.13501,-28.832999999999995,49.20883998084186,-17.0343017578125,1.5600585937499996,RIGHT_SIDE,LEVEL,True,OK
1789616153.3883936,-39.5996,6.49414,-28.5156,49.228463492776214,-18.841552734374993,1.0656738281250004,RIGHT_SIDE,LEVEL,True,OK
1789616153.4285057,-39.8682,5.49011,-28.613299999999995,49.379506031774966,-20.709228515625004,0.5383300781249987,RIGHT_SIDE,LEVEL,True,OK
1789616153.471206,-40.1855,4.73328,-28.3936,49.43151697822352,-22.576904296875,0.01647949218750161,RIGHT_SIDE,LEVEL,True,OK
1789616153.5083811,-40.4297,4.22668,-28.198199999999996,49.47286073346072,-23.928222656250007,-0.2362060546874988,RIGHT_SIDE,LEVEL,True,OK
1789616153.5494316,-40.5273,3.59192,-28.2471,49.53042088440598,-25.0982666015625,-0.1867675781250012,RIGHT_SIDE,LEVEL,True,OK
1789616153.5894332,-40.625,3.09296,-28.3936,49.66038207184476,-25.850830078125004,-0.1922607421874998,RIGHT_SIDE,LEVEL,True,OK
1789616153.6336417,-40.7227,2.89764,-28.1006,49.56186369800474,-26.213378906249993,-0.24169921875000167,RIGHT_SIDE,LEVEL,True,OK
1789616153.6716564,-40.7715,3.08838,-27.71,49.39329310012039,-26.3671875,0.0054931640625001605,RIGHT_SIDE,LEVEL,True,OK
1789616153.7101405,-40.6738,2.96478,-28.125,49.53951505503864,-26.312255859374993,0.16479492187499958,RIGHT_SIDE,LEVEL,True,OK
1789616153.7496793,-40.5518,2.46735,-28.7598,49.77612274276191,-26.224365234374996,0.40100097656250044,RIGHT_SIDE,LEVEL,True,OK
1789616153.7886505,-40.4297,2.8839099999999998,-28.54,49.57226219346964,-26.136474609374996,0.6646728515625001,RIGHT_SIDE,LEVEL,True,OK
1789616153.833671,-40.3564,3.1768799999999997,-28.2959,49.3901765972182,-26.2078857421875,0.8679199218749983,RIGHT_SIDE,LEVEL,True,OK
1789616153.870009,-40.332,2.84424,-28.5156,49.47625055051767,-26.466064453125004,0.9283447265624992,RIGHT_SIDE,LEVEL,True,OK
1789616153.909457,-40.332,2.3727399999999994,-28.7842,49.6067564828381,-26.88903808593749,0.8734130859374999,RIGHT_SIDE,LEVEL,True,OK
1789616153.9494445,-40.3076,2.45819,-28.7598,49.57692418732832,-27.405395507812493,0.7305908203125012,RIGHT_SIDE,LEVEL,True,OK
1789616153.9894454,-40.3564,2.50702,-28.5645,49.50610902192173,-27.9766845703125,0.576782226562503,RIGHT_SIDE,LEVEL,True,OK
1789616154.0304496,-40.4297,2.15607,-28.5156,49.52119468767792,-28.6248779296875,0.379028320312498,RIGHT_SIDE,LEVEL,True,OK
1789616154.0708334,-40.5273,1.9958499999999997,-28.3936,49.52415555537014,-29.267578124999993,0.22521972656249845,RIGHT_SIDE,LEVEL,True,OK
1789616154.1106355,-40.5762,1.87531,-28.320299999999996,49.51751393321458,-29.888305664062504,0.18127441406250042,RIGHT_SIDE,LEVEL,True,OK
1789616154.1505516,-40.6006,1.3031,-28.613299999999995,49.687299452274516,-30.5145263671875,0.08789062500000103,RIGHT_SIDE,LEVEL,True,OK
1789616154.1904578,-40.6494,1.26648,-28.466799999999996,49.6420828953661,-31.080322265625,0.03845214843749777,RIGHT_SIDE,LEVEL,True,OK
1789616154.2366037,-40.6738,1.1512799999999999,-28.3691,49.60331931321129,-31.558227539062496,0.08239746093750154,RIGHT_SIDE,LEVEL,True,OK
1789616154.2707553,-40.69819999999999,1.1558499999999998,-28.2715,49.56770304051318,-31.970214843749996,0.05493164062500203,RIGHT_SIDE,LEVEL,True,OK
1789616154.3104215,-40.69819999999999,0.9551999999999999,-28.2715,49.56343009245828,-32.32177734374999,0.06042480468749957,RIGHT_SIDE,LEVEL,True,OK
1789616154.3504856,-40.69819999999999,0.36335,-28.588899999999995,49.737317073526384,-32.62390136718751,0.049438476562501665,RIGHT_SIDE,LEVEL,True,OK
1789616154.391605,-40.69819999999999,0.47988899999999995,-28.4912,49.68221265334627,-32.7557373046875,0.07141113281249833,RIGHT_SIDE,LEVEL,True,OK
1789616154.4366622,-40.6494,0.795746,-28.3447,49.56237433927592,-33.14575195312499,0.08239746093749996,RIGHT_SIDE,LEVEL,True,OK
1789616154.4749632,-40.6738,0.311089,-28.54,49.688895970889924,-33.453369140625,0.09887695312500365,RIGHT_SIDE,LEVEL,True,OK
1789616154.5162795,-40.69819999999999,-0.183296,-28.710899999999995,49.8065543826675,-33.7884521484375,0.07690429687499768,RIGHT_SIDE,LEVEL,True,OK
1789616154.5555687,-40.6738,0.0133276,-28.54,49.68792392588889,-34.16748046875,0.07141113281249833,RIGHT_SIDE,LEVEL,True,OK
1789616154.5955598,-40.69819999999999,0.35553,-28.2471,49.54158397983354,-34.58496093750001,0.04943847656249849,RIGHT_SIDE,LEVEL,True,OK
1789616154.6354456,-40.69819999999999,-0.24452199999999996,-28.5156,49.69449383592193,-35.00793457031251,0.021972656250001076,RIGHT_SIDE,TRANSITION,True,OK
1789616154.6763244,-40.7959,-0.559998,-28.3936,49.70729901664347,-35.408935546875,0.0,RIGHT_SIDE,TRANSITION,True,OK
1789616154.7159257,-40.7471,-0.5332949999999999,-28.613299999999995,49.79288602659044,-35.7330322265625,0.0,RIGHT_SIDE,TRANSITION,True,OK
1789616154.755578,-40.6738,-0.0177741,-28.3447,49.576005692760596,-35.980224609375,0.0,RIGHT_SIDE,TRANSITION,True,OK
1789616154.7956185,-40.7471,-0.573349,-28.5156,49.73725294832638,-36.199951171875,-1.5902773407317584e-15,RIGHT_SIDE,TRANSITION,True,OK
1789616154.834537,-40.7471,-0.733185,-28.4912,49.725367732116624,-36.41967773437499,0.0,RIGHT_SIDE,TRANSITION,True,OK
1789616154.8748496,-40.7227,-0.74234,-28.5156,49.71950127792515,-36.64489746093749,0.021972656250001076,RIGHT_SIDE,TRANSITION,True,OK
1789616154.9157803,-40.7227,-0.866699,-28.54,49.735511080581055,-36.9525146484375,0.016479492187500017,RIGHT_SIDE,TRANSITION,True,OK
1789616154.9556403,-40.7715,-1.29013,-28.5645,49.798697853627665,-37.32604980468751,0.027465820312500073,RIGHT_SIDE,TRANSITION,True,OK
1789616154.994537,-40.7471,-1.21765,-28.5156,49.74885197964372,-37.781982421875,0.027465820312500073,RIGHT_SIDE,TRANSITION,True,OK
1789616155.0356975,-40.7227,-1.41296,-28.588899999999995,49.77609822456557,-38.27087402343749,0.021972656249997894,RIGHT_SIDE,TRANSITION,True,OK
1789616155.0746865,-40.7227,-1.55563,-28.54,49.752285173516405,-38.79272460937499,0.0,RIGHT_SIDE,TRANSITION,True,OK
1789616155.1156418,-40.7959,-1.8173199999999998,-28.442399999999996,49.7652311011654,-39.298095703125014,-0.04394531250000418,RIGHT_SIDE,TRANSITION,True,OK
1789616155.1555743,-40.7715,-1.8585199999999997,-28.442399999999996,49.746752925195025,-39.765014648437486,-0.049438476562500076,RIGHT_SIDE,TRANSITION,True,OK
1789616155.1956787,-40.7227,-1.72424,-28.4912,49.729868050373916,-40.18249511718749,-0.0933837890625047,RIGHT_SIDE,TRANSITION,True,OK
1789616155.2356153,-40.844699999999996,-2.1118199999999994,-28.3691,49.77504532004365,-40.512084960937486,-0.10986328125000092,RIGHT_SIDE,TRANSITION,True,OK
1789616155.2760615,-40.869099999999996,-1.63574,-27.929699999999997,49.528043795890014,-40.7373046875,-0.08239746093749836,RIGHT_SIDE,TRANSITION,True,OK
1789616155.3147123,-40.869099999999996,-2.2995,-28.2471,49.73398931786992,-40.89660644531251,-0.032958984375002456,RIGHT_SIDE,TRANSITION,True,OK
1789616155.3556616,-40.7471,-2.42157,-28.588899999999995,49.83488098596103,-41.06689453124999,-0.03845214843749777,RIGHT_SIDE,TRANSITION,True,OK
1789616155.3957498,-40.820299999999996,-2.44904,-28.3691,49.770478436735964,-41.2481689453125,-0.049438476562503254,RIGHT_SIDE,TRANSITION,True,OK
1789616155.4355564,-40.820299999999996,-2.39105,-28.2227,49.68435173656289,-41.4349365234375,-0.03295898437499927,RIGHT_SIDE,TRANSITION,True,OK
1789616155.4747624,-40.844699999999996,-2.39563,-28.173799999999996,49.67687155635809,-41.62170410156251,-0.0659179687500013,RIGHT_SIDE,TRANSITION,True,OK
1789616155.5155416,-40.844699999999996,-2.43073,-28.198199999999996,49.69241843242186,-41.808471679687514,-0.07690429687500086,RIGHT_SIDE,TRANSITION,True,OK
1789616155.5556948,-40.820299999999996,-2.6992799999999995,-28.3691,49.783419322284395,-41.94030761718749,-0.0933837890625047,RIGHT_SIDE,TRANSITION,True,OK
1789616155.595754,-40.7959,-2.20032,-28.198199999999996,49.641568751928055,-42.00073242187501,-0.09338378906250153,RIGHT_SIDE,TRANSITION,True,OK
1789616155.6356978,-40.820299999999996,-2.6886,-28.418,49.81072360496281,-41.97326660156249,-0.08789062500000262,RIGHT_SIDE,TRANSITION,True,OK
1789616155.6745806,-40.820299999999996,-2.3513799999999994,-28.1494,49.640856160569996,-41.885375976562514,-0.08239746093749836,RIGHT_SIDE,TRANSITION,True,OK
1789616155.7156212,-40.844699999999996,-2.41699,-28.2471,49.71951344452297,-41.73156738281249,-0.07690429687500086,RIGHT_SIDE,TRANSITION,True,OK
1789616155.7556107,-40.7959,-2.28882,-28.320299999999996,49.71502334196777,-41.52832031249999,-0.03845214843749777,RIGHT_SIDE,TRANSITION,True,OK
1789616155.7956958,-40.7715,-2.26288,-28.3936,49.73562464777536,-41.33056640624999,-0.02746582031249848,RIGHT_SIDE,TRANSITION,True,OK
1789616155.8373735,-40.7715,-2.27966,-28.442399999999996,49.76426609250457,-41.14379882812499,-0.03845214843750095,RIGHT_SIDE,TRANSITION,True,OK
1789616155.8756816,-40.7471,-1.53351,-28.051799999999997,49.49324493878028,-40.9625244140625,-0.016479492187493658,RIGHT_SIDE,TRANSITION,True,OK
1789616155.9159057,-40.820299999999996,-2.1026599999999998,-28.2715,49.69905213799957,-40.814208984375,-0.05493164062500203,RIGHT_SIDE,TRANSITION,True,OK
1789616155.954695,-40.7227,-2.18658,-28.613299999999995,49.81807266721987,-40.63842773437499,-0.05493164062499885,RIGHT_SIDE,TRANSITION,True,OK
1789616155.9944978,-40.7715,-1.9607499999999998,-28.442399999999996,49.750677086573404,-40.40222167968749,-0.08239746093749518,RIGHT_SIDE,TRANSITION,True,OK
1789616156.0365834,-40.7715,-1.54648,-28.2471,49.624645802770225,-40.034179687500014,-0.13183593749999667,RIGHT_SIDE,TRANSITION,True,OK
1789616156.0757418,-40.7715,-1.69678,-28.442399999999996,49.74097297378088,-39.47387695312499,-0.1098632812500041,RIGHT_SIDE,TRANSITION,True,OK
1789616156.1157963,-40.7715,-1.6128499999999997,-28.6377,49.85011894331347,-38.660888671875,-0.20324707031249994,RIGHT_SIDE,TRANSITION,True,OK
1789616156.1555867,-40.69819999999999,-0.7465359999999999,-28.5645,49.72757242706802,-37.55126953125,-0.08239746093750314,RIGHT_SIDE,TRANSITION,True,OK
1789616156.195756,-40.6006,0.248909,-28.418,49.558585533187696,-36.199951171875,-1.5902773407317584e-15,RIGHT_SIDE,TRANSITION,True,OK
1789616156.2365472,-40.5273,0.320053,-28.735399999999995,49.68186482382489,-34.6014404296875,0.1812744140624988,RIGHT_SIDE,LEVEL,True,OK
1789616156.2759616,-40.3809,0.9864810000000002,-28.9062,49.67050058146546,-32.958984375,0.37353515625000144,RIGHT_SIDE,LEVEL,True,OK
1789616156.3167112,-40.2344,1.76849,-28.9551,49.60173702855678,-31.343994140625007,0.5603027343749999,RIGHT_SIDE,LEVEL,True,OK
1789616156.3565118,-39.916999999999994,2.3773199999999997,-29.223599999999998,49.528146910038934,-29.553222656249996,1.2139892578125009,RIGHT_SIDE,LEVEL,True,OK
1789616156.3970397,-39.648399999999995,2.83966,-29.492199999999997,49.49595086788008,-27.180175781249996,2.0819091796875004,RIGHT_SIDE,LEVEL,True,OK
1789616156.4374444,-39.4287,3.19519,-29.7363,49.48817192538132,-25.894775390624996,2.5213623046875004,RIGHT_SIDE,LEVEL,True,OK
1789616156.4777405,-39.2822,3.7689199999999996,-29.6875,49.382624991553456,-24.993896484375007,2.6641845703125004,RIGHT_SIDE,LEVEL,True,OK
1789616156.5165484,-39.209,4.01917,-29.7119,49.35885341150967,-24.356689453125004,2.7246093749999996,RIGHT_SIDE,LEVEL,True,OK
1789616156.5564644,-39.160199999999996,4.16565,-29.760699999999996,49.361656864944266,-23.8897705078125,2.850952148437499,RIGHT_SIDE,LEVEL,True,OK
1789616156.597452,-39.1357,4.422,-29.760699999999996,49.36452534948553,-23.543701171874996,2.9443359374999982,RIGHT_SIDE,LEVEL,True,OK
1789616156.6374753,-39.0381,4.72412,-29.760699999999996,49.315208869824325,-23.208618164062496,3.059692382812499,RIGHT_SIDE,LEVEL,True,OK
1789616156.6774967,-38.98929999999999,4.73633,-29.834,49.32206293697476,-22.933959960937504,3.1256103515625044,RIGHT_SIDE,LEVEL,True,OK
1789616156.7189713,-39.0381,4.40063,-30.053699999999996,49.46275042592051,-22.730712890625004,3.0377197265625013,RIGHT_SIDE,LEVEL,True,OK
1789616156.7574704,-39.0869,4.78516,-29.760699999999996,49.359728244041214,-22.4835205078125,2.98828125,RIGHT_SIDE,LEVEL,True,OK
1789616156.7985597,-39.0625,5.18188,-29.5654,49.26300502146007,-22.109985351562496,3.0816650390624982,RIGHT_SIDE,LEVEL,True,OK
1789616156.8394039,-39.0625,4.956049999999999,-29.663099999999996,49.29848719243319,-21.5771484375,3.3068847656249982,RIGHT_SIDE,LEVEL,True,OK
1789616156.8788252,-39.0381,5.007929999999999,-29.663099999999996,49.2844003322035,-20.890502929687496,3.565063476562499,RIGHT_SIDE,LEVEL,True,OK
1789616156.9196222,-38.89159999999999,5.493159999999999,-29.7119,49.24965338919249,-20.044555664062493,3.8891601562500004,RIGHT_SIDE,LEVEL,True,OK
1789616156.9586368,-38.6963,5.978389999999999,-29.907199999999996,49.27053269980039,-19.588623046875,4.059448242187499,RIGHT_SIDE,LEVEL,True,OK
1789616156.999509,-38.5498,5.89905,-30.053699999999996,49.235259262367045,-18.204345703124996,4.5758056640625,RIGHT_SIDE,LEVEL,True,OK
1789616157.039697,-38.3545,6.12793,-30.175799999999995,49.18534438198944,-17.292480468750007,4.916381835937503,RIGHT_SIDE,LEVEL,True,OK
1789616157.0794709,-38.1836,6.93359,-29.9805,49.03970186999611,-16.473999023437504,5.245971679687502,RIGHT_SIDE,LEVEL,True,OK
1789616157.1189098,-38.0127,7.24487,-30.0781,49.011688424465646,-15.715942382812498,5.581054687499999,RIGHT_SIDE,LEVEL,True,OK
1789616157.1596317,-37.8662,7.40967,-30.2246,49.01304680499775,-15.095214843749996,5.828247070312501,RIGHT_SIDE,LEVEL,True,OK
1789616157.1984236,-37.7686,7.586669999999999,-30.3467,49.040258039073365,-14.622802734375002,5.965576171875001,RIGHT_SIDE,LEVEL,True,OK
1789616157.239572,-37.670899999999996,7.843019999999999,-30.3711,49.02054043704944,-14.2108154296875,6.108398437499998,RIGHT_SIDE,LEVEL,True,OK
1789616157.2784653,-37.646499999999996,8.13599,-30.2246,48.95895975906861,-13.881225585937504,6.223754882812502,RIGHT_SIDE,LEVEL,True,OK
1789616157.3196027,-37.5977,8.1665,-30.249,48.941605700467164,-13.6065673828125,6.300659179687501,RIGHT_SIDE,LEVEL,True,OK
1789616157.3594623,-37.54879999999999,8.1543,-30.322299999999995,48.947388768145736,-13.359375,6.383056640625,RIGHT_SIDE,LEVEL,True,OK
1789616157.3990192,-37.4756,8.1665,-30.7617,49.1670062592792,-13.139648437500002,6.454467773437501,RIGHT_SIDE,LEVEL,True,OK
1789616157.4394197,-37.4756,8.22754,-30.322299999999995,48.90352632583462,-12.8594970703125,6.536865234375001,RIGHT_SIDE,LEVEL,True,OK
1789616157.479573,-37.4512,8.24585,-30.2246,48.82737827103253,-12.5299072265625,6.6412353515625,RIGHT_SIDE,LEVEL,True,OK
1789616157.5197823,-37.3535,8.55713,-30.249,48.82120888596369,-12.128906250000002,6.789550781249999,RIGHT_SIDE,LEVEL,True,OK
1789616157.5584264,-37.2559,8.905029999999998,-30.444299999999995,48.93012412206717,-11.590576171875,7.009277343749998,RIGHT_SIDE,LEVEL,True,OK
1789616157.5996227,-37.1582,8.81348,-30.5176,48.88489712283744,-10.9808349609375,7.250976562499999,RIGHT_SIDE,LEVEL,True,OK
1789616157.638436,-36.9873,8.97827,-30.4932,48.76991838954521,-10.34912109375,7.481689453125,RIGHT_SIDE,LEVEL,True,OK
1789616157.6784441,-36.8896,9.43604,-30.4932,48.782339891415624,-9.684448242187502,7.706909179687501,RIGHT_SIDE,LEVEL,True,OK
1789616157.7202628,-36.767599999999995,9.716799999999997,-30.5176,48.760604198061365,-9.096679687500002,7.921142578125003,RIGHT_SIDE,LEVEL,True,OK
1789616157.7595632,-36.6943,9.83276,-30.5176,48.72862332826159,-8.6627197265625,8.020019531249998,RIGHT_SIDE,LEVEL,True,OK
1789616157.7985783,-36.6699,10.0342,-30.4932,48.736043970453736,-8.3935546875,8.0255126953125,RIGHT_SIDE,LEVEL,True,OK
1789616157.8394673,-36.6699,10.0159,-30.3711,48.655971206317524,-8.239746093749998,8.02001953125,RIGHT_SIDE,LEVEL,True,OK
1789616157.8794816,-36.6943,10.0891,-30.468799999999998,48.750480661630405,-8.179321289062498,8.003540039062502,RIGHT_SIDE,LEVEL,True,OK
1789616157.9204395,-36.7188,10.0037,-30.419899999999995,48.720782045652754,-8.031005859375002,8.0419921875,RIGHT_SIDE,LEVEL,True,OK
1789616157.9605622,-36.7188,9.97314,-30.3711,48.68405806945021,-7.71240234375,8.118896484375,RIGHT_SIDE,LEVEL,True,OK
1789616158.001043,-36.767599999999995,10.0647,-30.419899999999995,48.770123147886345,-7.1685791015625,8.1683349609375,RIGHT_SIDE,LEVEL,True,OK
1789616158.041681,-36.792,10.052499999999998,-30.2734,48.694791998837,-6.448974609374999,8.173828125,RIGHT_SIDE,LEVEL,True,OK
1789616158.08145,-36.8652,10.26,-29.809599999999996,48.50693582571465,-5.531616210937501,8.031005859374998,RIGHT_SIDE,LEVEL,True,OK
1789616158.121927,-36.9629,10.6567,-29.7363,48.62169031399464,-4.674682617187501,7.794799804687503,RIGHT_SIDE,LEVEL,True,OK
1789616158.1604462,-37.0117,11.1511,-29.760699999999996,48.78434413405596,-4.0155029296875,7.613525390624999,RIGHT_SIDE,LEVEL,True,OK
1789616158.201907,-37.1582,11.3342,-29.1748,48.58358644562997,-3.9715576171875004,7.344360351562499,RIGHT_SIDE,LEVEL,True,OK
1789616158.2417395,-37.2803,11.108399999999998,-29.1748,48.62495525643185,-3.9001464843749982,7.020263671874998,RIGHT_SIDE,LEVEL,True,OK
1789616158.2825325,-37.3779,11.572299999999998,-28.9551,48.676722894110284,-3.548583984374999,6.778564453125,RIGHT_SIDE,LEVEL,True,OK
1789616158.3225372,-37.4756,11.7493,-29.1504,48.91024908963356,-3.2409667968749996,6.624755859374999,RIGHT_SIDE,LEVEL,True,OK
1789616158.3627388,-37.79299999999999,11.9446,-28.3447,48.72788048181451,-2.4169921874999996,5.806274414062499,RIGHT_SIDE,LEVEL,True,OK
1789616158.4027455,-38.0615,12.0239,-27.71,48.59111084817881,-1.9445800781250004,5.3668212890625,RIGHT_SIDE,LEVEL,True,OK
1789616158.443612,-38.1592,12.103299999999999,-27.8564,48.770825669553716,-1.6754150390624998,5.141601562499999,RIGHT_SIDE,LEVEL,True,OK
1789616158.483499,-38.2324,12.371799999999999,-27.539099999999998,48.71529404417056,-1.4721679687499996,4.965820312500001,RIGHT_SIDE,LEVEL,True,OK
1789616158.5245636,-38.3301,12.432899999999998,-27.3438,48.69760740385507,-1.2799072265624996,4.7515869140625,RIGHT_SIDE,LEVEL,True,OK
1789616158.5646179,-38.4033,12.4146,-27.392599999999998,48.77796919522173,-1.1151123046875,4.581298828125001,RIGHT_SIDE,LEVEL,True,OK
1789616158.6036575,-38.4766,12.3535,-27.246099999999995,48.73815420202123,-0.9063720703125003,4.383544921875,RIGHT_SIDE,LEVEL,True,OK
1789616158.6445453,-38.57419999999999,12.4146,-27.0752,48.73558919147278,-0.6372070312500006,4.152832031250001,RIGHT_SIDE,LEVEL,True,OK
1789616158.6845326,-38.6719,12.6099,-26.440399999999997,48.51412350831457,-0.3240966796874996,3.9660644531249987,RIGHT_SIDE,LEVEL,True,OK
1789616158.7250803,-38.7939,12.8784,-26.464799999999997,48.6950254421332,0.0549316406250002,3.630981445312501,RIGHT_SIDE,LEVEL,True,OK
1789616158.7636445,-38.9404,13.0127,-26.464799999999997,48.84742319191463,0.49987792968749967,3.18603515625,RIGHT_SIDE,LEVEL,True,OK
1789616158.803755,-39.1357,13.037099999999999,-26.049799999999998,48.786894458860566,0.9558105468749999,2.8179931640625004,RIGHT_SIDE,LEVEL,True,OK
1789616158.8434985,-39.2822,13.110399999999998,-25.4395,48.601872240171986,1.4172363281249996,2.5433349609374987,RIGHT_SIDE,LEVEL,True,OK
1789616158.8846068,-39.3555,13.3911,-25.4639,48.75025274467816,1.8951416015625002,2.3126220703125004,RIGHT_SIDE,LEVEL,True,OK
1789616158.9245071,-39.4775,13.4399,-25.7324,49.002656336366094,2.3840332031250004,2.1972656250000004,RIGHT_SIDE,LEVEL,True,OK
1789616158.9645672,-39.5264,13.5742,-25.1709,48.78697991687947,2.8948974609375,2.1148681640625,RIGHT_SIDE,LEVEL,True,OK
1789616159.003638,-39.7217,13.3789,-24.6338,48.6172039358497,3.4606933593750004,1.9335937499999998,RIGHT_SIDE,LEVEL,True,OK
1789616159.044608,-39.77049999999999,13.3179,-24.8901,48.770649049095084,4.037475585937499,1.6918945312499998,RIGHT_SIDE,LEVEL,True,OK
1789616159.0835037,-39.916999999999994,13.4521,-24.5239,48.74164086917878,4.669189453124999,1.5490722656249996,RIGHT_SIDE,LEVEL,True,OK
1789616159.123583,-39.9658,13.6475,-24.2676,48.70765684828208,5.5975341796875,1.5325927734375004,RIGHT_SIDE,LEVEL,True,OK
1789616159.1634982,-40.03909999999999,14.025899999999998,-23.7549,48.62253257112385,7.2894287109375,1.6918945312499993,RIGHT_SIDE,LEVEL,True,OK
1789616159.2047124,-39.8682,13.830599999999999,-24.3774,48.73414099335291,7.470703125,2.323608398437499,RIGHT_SIDE,LEVEL,True,OK
1789616159.2436302,-39.79489999999999,13.5986,-24.719199999999997,48.781090973962435,7.366333007812502,2.6751708984375,RIGHT_SIDE,LEVEL,True,OK
1789616159.2845924,-39.916999999999994,13.6475,-24.462899999999998,48.76530141053164,7.794799804687499,2.4279785156250004,RIGHT_SIDE,LEVEL,True,OK
1789616159.3245609,-39.941399999999994,13.5254,-24.487299999999998,48.763508286525074,7.6849365234375,2.477416992187499,RIGHT_SIDE,LEVEL,True,OK
1789616159.3646686,-39.916999999999994,13.696299999999999,-24.719199999999997,48.908019499157795,8.261718750000002,2.724609375,RIGHT_SIDE,LEVEL,True,OK
1789616159.403626,-39.916999999999994,13.7207,-24.4995,48.804200615725684,8.6517333984375,2.8564453125000004,RIGHT_SIDE,LEVEL,True,OK
1789616159.444492,-40.1367,13.6841,-23.7549,48.60560208155023,9.38232421875,2.4279785156249996,RIGHT_SIDE,LEVEL,True,OK
1789616159.4850821,-40.3564,13.8184,-23.6328,48.76573013254288,10.409545898437498,1.6314697265625024,RIGHT_SIDE,LEVEL,True,OK
1789616159.5256884,-40.7715,14.0747,-23.156699999999997,48.95554255883597,12.266235351562504,0.7360839843750018,RIGHT_SIDE,LEVEL,True,OK
1789616159.5665653,-41.113299999999995,14.367699999999997,-21.826199999999996,48.714651252164366,14.23828125,0.03845214843750015,RIGHT_SIDE,LEVEL,True,OK
1789616159.606759,-41.3818,14.562999999999999,-20.813,48.55631070458298,15.682983398437498,-0.6372070312499999,RIGHT_SIDE,LEVEL,True,OK
1789616159.6476076,-41.5771,14.4653,-20.8008,48.68853488389232,16.4300537109375,-1.1315917968750016,RIGHT_SIDE,LEVEL,True,OK
1789616159.6876216,-41.6992,14.5874,-20.8374,48.84478230230942,16.528930664062504,-1.4392089843750007,RIGHT_SIDE,LEVEL,True,OK
1789616159.7334647,-41.6992,14.6851,-20.3247,48.65767023543153,15.875244140625,-1.7962646484375,RIGHT_SIDE,LEVEL,True,OK
1789616159.7675636,-41.6504,14.856,-19.7632,48.43594357912313,15.567626953125002,-1.9335937499999998,RIGHT_SIDE,LEVEL,True,OK
1789616159.8087535,-41.7236,14.917,-20.1172,48.66289573997832,14.9688720703125,-2.4114990234375013,RIGHT_SIDE,LEVEL,True,OK
1789616159.8476822,-41.8457,14.8804,-19.9097,48.671193397532384,14.381103515625002,-3.065185546875001,RIGHT_SIDE,LEVEL,True,OK
1789616159.8884866,-42.0166,14.8804,-19.7998,48.77348726265121,13.782348632812502,-3.7518310546875,RIGHT_SIDE,LEVEL,True,OK
1789616159.9336216,-42.2607,14.7095,-19.189499999999995,48.68853114430543,13.216552734375002,-5.20751953125,RIGHT_SIDE,LEVEL,True,OK
1789616159.9675298,-42.5537,14.6606,-18.5425,48.67827936872872,13.183593750000002,-5.932617187500001,RIGHT_SIDE,LEVEL,True,OK
1789616160.0086577,-42.9199,14.4653,-17.7856,48.658917861580115,13.024291992187502,-7.349853515624998,RIGHT_SIDE,LEVEL,True,OK
1789616160.0475373,-43.2129,14.147899999999998,-17.2119,48.618590090931264,12.870483398437495,-8.7451171875,RIGHT_SIDE,LEVEL,True,OK
1789616160.088536,-43.7012,13.830599999999999,-16.3208,48.65643729703193,12.5628662109375,-10.123901367187502,RIGHT_SIDE,LEVEL,True,OK
1789616160.1391554,-44.0918,13.415499999999998,-15.417499999999999,48.59796059239523,11.931152343750002,-12.425537109375002,RIGHT_SIDE,LEVEL,True,OK
1789616160.169015,-44.4824,13.0737,-14.5142,48.58258477160308,11.6839599609375,-13.2220458984375,RIGHT_SIDE,LEVEL,True,OK
1789616160.2088149,-44.6533,12.756299999999998,-13.7329,48.427605071797636,11.1016845703125,-14.8260498046875,RIGHT_SIDE,LEVEL,True,OK
1789616160.2484753,-45.1172,11.8958,-13.1958,48.48918365078958,10.360107421875002,-16.446533203125004,RIGHT_SIDE,LEVEL,True,OK
1789616160.2884438,-45.5566,11.645499999999998,-12.8174,48.7371235976232,9.294433593749996,-17.84729003906249,RIGHT_SIDE,LEVEL,True,OK
1789616160.3315744,-45.5566,11.5417,-12.243699999999999,48.564625316582024,8.5308837890625,-18.286743164062504,RIGHT_SIDE,LEVEL,True,OK
1789616160.3704262,-45.4346,11.5967,-11.6821,48.3245050513712,7.8167724609375,-18.880004882812496,RIGHT_SIDE,LEVEL,True,OK
1789616160.4095001,-45.7031,11.309799999999997,-11.9568,48.57622867092504,7.3663330078125,-19.4732666015625,RIGHT_SIDE,LEVEL,True,OK
1789616160.4494596,-45.6787,11.145,-11.8835,48.497136316900196,7.185058593749996,-19.687499999999996,RIGHT_SIDE,LEVEL,True,OK
1789616160.4895248,-45.7275,11.2671,-11.9446,48.58626624695501,7.130126953125,-19.599609375,RIGHT_SIDE,LEVEL,True,OK
1789616160.534726,-45.4102,11.615,-11.718799999999998,48.314850330721306,7.163085937499998,-19.412841796874993,RIGHT_SIDE,LEVEL,True,OK
1789616160.5694764,-45.5811,11.572299999999998,-11.8958,48.50839991321091,7.2894287109375,-19.259033203125004,RIGHT_SIDE,LEVEL,True,OK
1789616160.6096544,-45.458999999999996,11.6577,-12.0972,48.464057796783784,7.4157714843750036,-19.0557861328125,RIGHT_SIDE,LEVEL,True,OK
1789616160.649582,-45.38569999999999,11.615,-12.323,48.44198920864005,7.234497070312501,-18.83056640625,RIGHT_SIDE,LEVEL,True,OK
1789616160.6894844,-45.4346,11.731,-12.4573,48.55001093151267,6.981811523437502,-18.6492919921875,RIGHT_SIDE,LEVEL,True,OK
1789616160.7334883,-45.4102,11.694299999999998,-12.5366,48.538739745588785,6.729125976562497,-18.446044921875004,RIGHT_SIDE,LEVEL,True,OK
1789616160.76944,-45.483399999999996,11.437999999999999,-12.634299999999998,48.571525156721194,6.421508789062501,-18.215332031249996,RIGHT_SIDE,LEVEL,True,OK
1789616160.8094692,-45.36129999999999,11.370799999999997,-12.9883,48.534921110680706,6.0589599609375,-18.182373046875,RIGHT_SIDE,LEVEL,True,OK
1789616160.8494735,-45.60549999999999,10.7483,-13.085899999999999,48.648004706770855,5.718383789062499,-18.3197021484375,RIGHT_SIDE,LEVEL,True,OK
1789616160.8895006,-45.8984,10.376,-13.1958,48.87180819450003,5.427246093749997,-18.440551757812504,RIGHT_SIDE,LEVEL,True,OK
1789616160.9330297,-45.8252,10.052499999999998,-13.3545,48.77852377368549,4.432983398437499,-17.99560546875,RIGHT_SIDE,LEVEL,True,OK
1789616160.970442,-45.5811,10.0769,-14.27,48.814070623335645,2.6971435546875004,-17.232055664062496,RIGHT_SIDE,LEVEL,True,OK
1789616161.0106027,-45.60549999999999,9.95483,-14.550799999999999,48.8946423569996,2.021484375000001,-17.111206054687493,RIGHT_SIDE,LEVEL,True,OK
1789616161.0504937,-45.776399999999995,9.558109999999997,-14.2578,48.88886503665328,1.8896484375000007,-17.715454101562496,RIGHT_SIDE,LEVEL,True,OK
1789616161.0904872,-45.8252,9.85107,-13.4888,48.77438119161431,3.1915283203125,-18.786621093750004,RIGHT_SIDE,LEVEL,True,OK
1789616161.1335464,-45.776399999999995,10.083,-12.768599999999998,48.581712937277125,4.740600585937502,-19.841308593749996,RIGHT_SIDE,LEVEL,True,OK
1789616161.1715114,-46.0205,10.0647,-11.9385,48.59745249074276,5.355834960937501,-20.621337890625,RIGHT_SIDE,LEVEL,True,OK
1789616161.211584,-46.0205,10.199,-11.6028,48.54411384596489,4.680175781249998,-21.1212158203125,RIGHT_SIDE,LEVEL,True,OK
1789616161.2515008,-46.1914,9.91211,-11.3403,48.58495407739005,3.6474609375000004,-21.890258789062496,RIGHT_SIDE,LEVEL,True,OK
1789616161.2916274,-46.264599999999994,9.85718,-10.376,48.42766344469243,3.306884765625002,-23.554687500000004,RIGHT_SIDE,LEVEL,True,OK
1789616161.3315449,-46.43549999999999,9.509279999999999,-9.52148,48.346051004800785,2.554321289062498,-25.383911132812493,RIGHT_SIDE,LEVEL,True,OK
1789616161.37167,-46.6064,9.29565,-8.25806,48.23651298390152,1.6864013671874996,-27.619628906250004,RIGHT_SIDE,LEVEL,True,OK
1789616161.4115815,-46.6553,8.96606,-7.18994,48.049999866984386,0.6646728515625002,-29.932250976562496,RIGHT_SIDE,LEVEL,True,OK
1789616161.4516664,-46.70409999999999,8.77686,-5.70374,47.86270863895189,-0.3680419921874987,-31.931762695312496,RIGHT_SIDE,LEVEL,True,OK
1789616161.4916112,-46.581999999999994,8.80737,-4.745479999999999,47.644223896998255,-1.3513183593749996,-33.65661621093749,RIGHT_SIDE,LEVEL,True,OK
1789616161.5358508,-46.4844,8.83789,-3.8787799999999995,47.475811497019194,-2.0269775390625036,-35.200195312500014,RIGHT_SIDE,TRANSITION,True,OK
1789616161.5745623,-46.264599999999994,8.88672,-3.32336,47.227446757240635,-2.3236083984375013,-36.743774414062514,RIGHT_SIDE,TRANSITION,True,OK
1789616161.6146045,-46.2158,8.84399,-2.13013,47.10258785435255,-2.2851562499999956,-37.86987304687501,RIGHT_SIDE,TRANSITION,True,OK
1789616161.65484,-46.43549999999999,8.54492,-1.4755199999999997,47.2382099293231,-2.08740234375,-38.968505859374986,RIGHT_SIDE,TRANSITION,True,OK
1789616161.694532,-45.9717,8.83179,-0.7911679999999999,46.81905234301869,-1.516113281249996,-40.056152343750014,RIGHT_SIDE,TRANSITION,True,OK
1789616161.737566,-45.62989999999999,9.12476,-0.11110299999999998,46.5334434890027,-0.7031250000000019,-41.12731933593749,RIGHT_SIDE,TRANSITION,True,OK
1789616161.7756505,-45.7275,9.063719999999998,0.8270259999999999,46.62444904224688,0.016479492187500826,-42.40722656250001,RIGHT_SIDE,TRANSITION,True,OK
1789616161.815675,-45.4346,9.118649999999999,1.8997199999999999,46.3795384955575,0.6976318359374994,-43.7091064453125,RIGHT_SIDE,TRANSITION,True,OK
1789616161.8558612,-45.0928,9.05151,2.46735,46.05842226067454,1.3238525390624987,-45.13732910156251,RIGHT_SIDE,TRANSITION,True,OK
1789616161.8956933,-44.7998,9.069819999999998,3.0487099999999994,45.81024282337412,1.7797851562499907,-46.49414062500001,RIGHT_SIDE,TRANSITION,True,OK
1789616161.9357264,-44.580099999999995,9.29565,4.058839999999999,45.71945545474158,2.0269775390625018,-47.61474609375001,RIGHT_SIDE,TRANSITION,True,OK
1789616161.9759734,-44.3359,9.21021,4.73328,45.529154797914934,1.9610595703124987,-48.587036132812486,RIGHT_SIDE,TRANSITION,True,OK
1789616162.0157263,-44.0918,9.222409999999998,5.18799,45.34374172571337,1.538085937499995,-49.65820312500001,RIGHT_SIDE,TRANSITION,True,OK
1789616162.055684,-43.67679999999999,9.05151,5.8075,44.98132665640376,0.8843994140624989,-51.08093261718749,RIGHT_SIDE,TRANSITION,True,OK
1789616162.0958495,-43.383799999999994,9.18579,6.53076,44.82391846482968,-0.0054931640625030505,-52.64648437500003,RIGHT_SIDE,TRANSITION,True,OK
1789616162.135641,-43.042,9.43604,7.34863,44.67275431130814,-1.1425781249999987,-53.98681640625,RIGHT_SIDE,TRANSITION,True,OK
1789616162.175591,-42.7734,9.375,7.8002899999999995,44.478072087761404,-2.384033203124996,-54.9481201171875,RIGHT_SIDE,TRANSITION,True,OK
1789616162.2156925,-42.627,8.98438,8.23975,44.33591876849853,-2.982788085937487,-55.393066406249986,RIGHT_SIDE,NOSE_DOWN,True,OK
1789616162.2557995,-42.4316,8.73413,8.62427,44.171299940683205,-4.5153808593749964,-56.9366455078125,RIGHT_SIDE,NOSE_DOWN,True,OK
1789616162.2967288,-42.16309999999999,8.63647,9.277339999999999,44.02708999180504,-5.273437500000003,-58.0902099609375,RIGHT_SIDE,NOSE_DOWN,True,OK
1789616162.3358436,-42.21189999999999,8.44727,9.73511,44.13584981367187,-5.734863281249992,-59.062499999999964,RIGHT_SIDE,NOSE_DOWN,True,OK
1789616162.3766243,-41.5527,8.483889999999999,10.4187,43.670958044358265,-5.789794921874994,-59.765625,RIGHT_SIDE,NOSE_DOWN,True,OK
1789616162.4166622,-41.626,8.17261,10.6689,43.74175187874967,-5.306396484375,-59.968872070312514,RIGHT_SIDE,NOSE_DOWN,True,OK
1789616162.4576077,-41.5771,8.00171,10.3333,43.58279128536974,-4.702148437500001,-59.952392578124986,RIGHT_SIDE,NOSE_DOWN,True,OK
1789616162.4972703,-41.7236,7.89795,10.1318,43.65649759660639,-4.487915039062499,-59.93591308593749,RIGHT_SIDE,NOSE_DOWN,True,OK
1789616162.5364985,-41.6016,8.03223,10.2112,43.583006398972756,-4.251708984374996,-59.765625000000014,RIGHT_SIDE,NOSE_DOWN,True,OK
1789616162.577577,-41.6016,8.3313,10.1562,43.62627741040942,-4.004516601562504,-59.67773437499999,RIGHT_SIDE,NOSE_DOWN,True,OK
1789616162.6165855,-41.5039,8.56323,10.0342,43.54983114643385,-3.570556640624993,-59.782104492187514,RIGHT_SIDE,NOSE_DOWN,True,OK
1789616162.6575785,-41.8457,8.58154,9.8877,43.84600379226823,-3.1530761718749973,-59.81506347656252,RIGHT_SIDE,NOSE_DOWN,True,OK
1789616162.6977122,-41.4551,8.88672,10.022,43.56534852802626,-3.147583007812504,-59.88647460937499,RIGHT_SIDE,NOSE_DOWN,True,OK
1789616162.7375488,-41.28419999999999,8.88672,10.1257,43.426820773439076,-3.5870361328125004,-60.045776367187486,RIGHT_SIDE,NOSE_DOWN,True,OK
1789616162.778548,-41.5039,8.6792,10.144,43.598199089526624,-4.69116210937499,-60.24353027343751,RIGHT_SIDE,NOSE_DOWN,True,OK
1789616162.8186002,-41.5527,8.410639999999999,10.2295,43.61202142471271,-6.322631835937499,-60.45776367187498,RIGHT_SIDE,NOSE_DOWN,True,OK
1789616162.8596618,-41.5039,8.24585,10.3516,43.56286698545563,-8.01452636718749,-60.8258056640625,RIGHT_SIDE,NOSE_DOWN,True,OK
1789616162.8986886,-41.4062,8.1665,10.5896,43.51212186104005,-9.514160156249995,-61.380615234375014,RIGHT_SIDE,NOSE_DOWN,True,OK
1789616162.9395425,-41.28419999999999,7.9589799999999995,10.9314,43.44221493248703,-10.678710937499993,-62.276000976562486,RIGHT_SIDE,NOSE_DOWN,True,OK
1789616162.9796014,-40.869099999999996,8.03223,11.389199999999999,43.18001771911285,-10.964355468749996,-62.95166015624999,RIGHT_SIDE,NOSE_DOWN,True,OK
1789616163.018574,-40.5273,8.10547,11.767599999999998,42.972515623022346,-11.129150390625002,-63.51196289062498,RIGHT_SIDE,NOSE_DOWN,True,OK
1789616163.0597384,-40.4541,8.06885,11.731,42.88655859511812,-11.030273437499996,-63.945922851562486,RIGHT_SIDE,NOSE_DOWN,True,OK
1789616163.1003835,-40.4053,8.06274,11.7615,42.84774120823173,-11.107177734374996,-64.2425537109375,RIGHT_SIDE,NOSE_DOWN,True,OK
1789616163.140566,-40.3076,7.989499999999999,12.0544,42.8233964950236,-11.854248046874995,-64.82482910156251,RIGHT_SIDE,NOSE_DOWN,True,OK
1789616163.180727,-39.8438,8.13599,12.384,42.509836364306324,-12.579345703124993,-65.21484374999996,RIGHT_SIDE,NOSE_DOWN,True,OK
1789616163.2213752,-40.1123,7.592769999999999,12.5122,42.69896856368898,-13.156127929687484,-65.72570800781249,RIGHT_SIDE,NOSE_DOWN,True,OK
1789616163.2624946,-40.2588,7.18384,12.768599999999998,42.84175160454577,-13.52966308593749,-66.19812011718747,RIGHT_SIDE,NOSE_DOWN,True,OK
1789616163.3024251,-39.8682,7.34863,13.1348,42.614536312822885,-13.787841796875009,-66.61010742187496,RIGHT_SIDE,NOSE_DOWN,True,OK
1789616163.3434386,-39.502,7.62939,13.6597,42.487680565807544,-14.337158203125023,-67.247314453125,RIGHT_SIDE,NOSE_DOWN,True,OK
1789616163.3835258,-39.4287,7.61719,13.916,42.500576739452605,-15.078735351562502,-68.13720703125003,RIGHT_SIDE,NOSE_DOWN,True,OK
1789616163.4236016,-39.0381,7.65381,14.27,42.26330511361008,-15.946655273437491,-69.158935546875,RIGHT_SIDE,NOSE_DOWN,True,OK
1789616163.463649,-38.6475,7.61719,14.5752,42.00103921078739,-17.30346679687502,-70.10375976562506,RIGHT_SIDE,NOSE_DOWN,True,OK
1789616163.502634,-38.1348,7.85522,15.014599999999998,41.730152952612094,-19.138183593749996,-70.81237792968747,RIGHT_SIDE,NOSE_DOWN,True,OK
1789616163.5435328,-37.8418,7.97729,15.3564,41.61079191681048,-21.36291503906249,-71.51000976562499,RIGHT_SIDE,NOSE_DOWN,True,OK
1789616163.5844638,-37.54879999999999,8.24585,15.734899999999998,41.539059951718926,-22.593383789062532,-72.18017578125,RIGHT_SIDE,NOSE_DOWN,True,OK
1789616163.6245046,-36.8652,8.593749999999998,16.1011,41.13564064546096,-23.554687500000014,-73.4271240234375,RIGHT_SIDE,NOSE_DOWN,True,OK
1789616163.664633,-36.4258,8.55103,16.4673,40.87946903998265,-23.521728515624996,-75.11901855468753,RIGHT_SIDE,NOSE_DOWN,True,OK
1789616163.7034726,-35.4736,9.29565,16.9556,40.40145761284486,-22.280273437500014,-76.56921386718747,RIGHT_SIDE,NOSE_DOWN,True,OK
1789616163.7436092,-35.0342,9.81445,17.2363,40.259267704871384,-21.50024414062498,-77.080078125,RIGHT_SIDE,NOSE_DOWN,True,OK
1789616163.7846467,-34.4482,10.3577,17.3706,39.946191018543935,-22.84057617187501,-77.4151611328125,RIGHT_SIDE,NOSE_DOWN,True,OK
1789616163.8237276,-34.6924,10.2722,17.443799999999996,40.16673834206606,-23.801879882812493,-77.79968261718747,RIGHT_SIDE,NOSE_DOWN,True,OK
1789616163.8645737,-34.8633,10.113499999999998,17.3828,40.247910566636875,-24.27978515625,-78.33251953125,RIGHT_SIDE,NOSE_DOWN,True,OK
1789616163.9034388,-34.1309,10.4736,17.6392,39.821552059280656,-25.471801757812504,-79.04663085937503,RIGHT_SIDE,NOSE_DOWN,True,OK
1789616163.9453387,-33.2275,10.906999999999998,18.090799999999998,39.37393109520562,-27.163696289062454,-80.48034667968733,RIGHT_SIDE,NOSE_DOWN,True,OK
1789616163.9834144,-32.88569999999999,11.084,18.627899999999997,39.38683763517959,-27.971191406250046,-81.94152832031257,RIGHT_SIDE,NOSE_DOWN,True,OK
1789616164.0244877,-32.22659999999999,11.322,18.8843,39.030221854993336,-29.59167480468751,-82.93579101562507,RIGHT_SIDE,NOSE_DOWN,True,OK
1789616164.0635676,-31.8604,11.2244,18.896499999999996,38.70594212482109,-33.48632812499998,-83.60595703124996,RIGHT_SIDE,NOSE_DOWN,True,OK
1789616164.1044924,-31.25,11.6089,19.042999999999996,38.39225062704712,-39.02343750000006,-84.19921875,RIGHT_SIDE,NOSE_DOWN,True,OK
1789616164.1436558,-30.908199999999997,11.834699999999998,19.152799999999996,38.238811424650734,-41.781005859374815,-84.52880859374982,RIGHT_SIDE,NOSE_DOWN,True,OK
1789616164.1846178,-30.297899999999995,12.1887,19.4214,37.996288372155504,-56.07421874999994,-85.91857910156233,RIGHT_SIDE,TRANSITION,True,OK
1789616164.2257717,-29.7119,12.359599999999999,19.6533,37.70688152923813,-74.10278320312527,-86.83044433593786,RIGHT_SIDE,TRANSITION,True,OK
1789616164.2645752,-28.613299999999995,12.890599999999997,20.0317,37.23113629933956,-101.47521972656214,-87.24243164062469,RIGHT_SIDE,TRANSITION,True,OK
1789616164.3056479,-28.1006,13.0615,20.2637,37.02518116498554,-125.24963378906239,-86.80847167968736,RIGHT_SIDE,TRANSITION,True,OK
1789616164.3455737,-27.5635,13.208,20.3247,36.705465891880465,-136.75781250000017,-86.22070312500011,RIGHT_SIDE,TRANSITION,True,OK
1789616164.3855145,-26.8311,13.6719,20.3247,36.33073364122998,-140.43823242187509,-85.9899902343751,RIGHT_SIDE,TRANSITION,True,OK
1789616164.4256728,-27.514599999999998,13.3423,20.3369,36.724102222654814,-138.900146484375,-86.03393554687509,RIGHT_SIDE,TRANSITION,True,OK
1789616164.4656012,-27.832,13.159199999999998,20.5444,37.011581160496235,-137.3950195312501,-86.19873046875013,RIGHT_SIDE,TRANSITION,True,OK
1789616164.50561,-27.661099999999998,13.110399999999998,20.3979,36.78441743157012,-133.79699707031276,-86.53381347656259,RIGHT_SIDE,TRANSITION,True,OK
1789616164.5467293,-27.4902,12.841799999999997,20.2759,36.492945127654465,-124.56298828125021,-86.85791015625014,RIGHT_SIDE,TRANSITION,True,OK
1789616164.5865579,-28.3447,12.262,20.459,37.04523374322262,-110.06103515624989,-87.0501708984375,RIGHT_SIDE,TRANSITION,True,OK
1789616164.6275377,-29.247999999999998,11.5479,20.3979,37.48164647957717,-92.65869140625031,-87.08312988281274,RIGHT_SIDE,TRANSITION,True,OK
1789616164.6676173,-29.370099999999997,11.248799999999997,20.2881,37.426531726303466,-77.56347656249993,-86.86889648437489,RIGHT_SIDE,TRANSITION,True,OK
1789616164.7075984,-29.272499999999997,11.1267,20.1782,37.25375772160441,-67.01110839843777,-86.59973144531273,RIGHT_SIDE,TRANSITION,True,OK
1789616164.747668,-30.053699999999996,10.638399999999999,20.104999999999997,37.69099976453264,-60.32043457031258,-86.32507324218747,RIGHT_SIDE,TRANSITION,True,OK
1789616164.7885265,-30.542,10.4675,20.0684,38.01477342836598,-56.19506835937496,-86.07788085937494,RIGHT_SIDE,TRANSITION,True,OK
1789616164.827537,-30.419899999999995,10.4553,19.958499999999997,37.85532111011607,-54.080200195312536,-85.95703125000009,RIGHT_SIDE,NOSE_DOWN,True,OK
1789616164.8686066,-30.4932,10.577399999999999,19.9829,37.960939522224685,-52.37182617187518,-85.98999023437518,RIGHT_SIDE,NOSE_DOWN,True,OK
1789616164.9086373,-30.4932,10.6201,19.970699999999997,37.966440822652835,-51.91040039062502,-86.09985351562507,RIGHT_SIDE,NOSE_DOWN,True,OK
1789616164.947722,-30.468799999999998,10.6506,20.0684,38.006890590523184,-52.218017578125114,-86.17126464843757,RIGHT_SIDE,NOSE_DOWN,True,OK
1789616164.9886405,-30.2734,11.0107,20.1416,37.992082235776444,-51.822509765625135,-86.20422363281267,RIGHT_SIDE,NOSE_DOWN,True,OK
1789616165.0276217,-30.4932,10.9009,20.0806,38.103744742610274,-50.811767578125,-86.19873046875003,RIGHT_SIDE,NOSE_DOWN,True,OK
1789616165.068559,-30.9814,10.497999999999998,19.8975,38.28793094710133,-49.619750976562564,-86.09436035156237,RIGHT_SIDE,NOSE_DOWN,True,OK
1789616165.107538,-30.639599999999998,10.5957,19.7754,37.975260259937656,-48.60900878906264,-85.95153808593754,RIGHT_SIDE,NOSE_DOWN,True,OK
1789616165.1486557,-30.2246,10.8154,19.811999999999998,37.72286662383971,-48.09814453124997,-85.80322265624997,RIGHT_SIDE,NOSE_DOWN,True,OK
1789616165.18853,-30.834999999999997,10.6689,19.9341,38.23599083350659,-47.691650390624815,-85.67138671874984,RIGHT_SIDE,NOSE_DOWN,True,OK
1789616165.2318661,-31.372099999999996,10.2783,19.9219,38.55819250055686,-47.31811523437493,-85.58349609375007,RIGHT_SIDE,NOSE_DOWN,True,OK
1789616165.268648,-30.908199999999997,10.314899999999998,19.7754,38.11535693667317,-46.80725097656231,-85.53405761718736,RIGHT_SIDE,NOSE_DOWN,True,OK
1789616165.3075278,-30.542,10.376,19.689899999999998,37.79110083088345,-46.47216796875008,-85.51208496093763,RIGHT_SIDE,NOSE_DOWN,True,OK
1789616165.3487043,-31.0059,10.083,19.7632,38.12632683658367,-46.307373046875185,-85.51208496093763,RIGHT_SIDE,NOSE_DOWN,True,OK
1789616165.3876805,-31.2744,10.1746,19.9951,38.48914917908682,-46.224975585937564,-85.51757812499994,RIGHT_SIDE,NOSE_DOWN,True,OK
1789616165.4295652,-31.0303,10.2112,19.9219,38.26264788458844,-46.15905761718751,-85.51757812500011,RIGHT_SIDE,NOSE_DOWN,True,OK
1789616165.4692001,-31.0303,10.046399999999998,19.811999999999998,38.16182667339183,-46.082153320312514,-85.52856445312499,RIGHT_SIDE,NOSE_DOWN,True,OK
1789616165.5085704,-31.0547,10.1624,19.7632,38.1870768728113,-45.900878906250206,-85.5505371093751,RIGHT_SIDE,NOSE_DOWN,True,OK
1789616165.548656,-31.079099999999997,10.1624,19.7998,38.225867035425104,-45.856933593750014,-85.56152343749994,RIGHT_SIDE,NOSE_DOWN,True,OK
1789616165.5885127,-30.859399999999997,10.5103,19.9219,38.205380171645984,-45.911865234375284,-85.56152343750018,RIGHT_SIDE,NOSE_DOWN,True,OK
1789616165.6347058,-31.0547,10.3333,19.8853,38.29617000523682,-45.70312499999999,-85.5505371093751,RIGHT_SIDE,NOSE_DOWN,True,OK
1789616165.6686544,-31.5674,10.0098,19.7754,38.5715346331981,-45.505371093750185,-85.51208496093763,RIGHT_SIDE,NOSE_DOWN,True,OK
1789616165.708648,-31.103499999999997,10.199,19.689899999999998,38.19868420849074,-45.24169921875006,-85.40771484374999,RIGHT_SIDE,NOSE_DOWN,True,OK
1789616165.7501755,-31.0303,10.2234,19.567899999999998,38.08280630494554,-44.35180664062497,-85.28137207031254,RIGHT_SIDE,NOSE_DOWN,True,OK
1789616165.7886007,-31.25,10.247799999999998,19.5068,38.23735282521529,-42.52258300781238,-85.13854980468744,RIGHT_SIDE,NOSE_DOWN,True,OK
1789616165.829513,-31.8604,10.0342,19.4214,38.63885396540637,-40.76477050781225,-85.0122070312498,RIGHT_SIDE,NOSE_DOWN,True,OK
1789616165.8685875,-31.4941,10.180699999999998,19.397,38.36363638004093,-39.276123046875064,-84.91882324218754,RIGHT_SIDE,NOSE_DOWN,True,OK
1789616165.9095528,-31.2744,10.3577,19.3726,38.21868228249111,-37.61169433593751,-84.78698730468753,RIGHT_SIDE,NOSE_DOWN,True,OK
1789616165.9485624,-31.7627,10.192899999999998,19.2139,38.49595140933654,-35.83740234374996,-84.61120605468754,RIGHT_SIDE,NOSE_DOWN,True,OK
1789616165.9895623,-32.0557,10.2356,19.1772,38.73112972390555,-34.057617187500064,-84.4134521484375,RIGHT_SIDE,NOSE_DOWN,True,OK
1789616166.0286589,-32.0068,10.3577,19.0186,38.64484883512937,-32.28881835937499,-84.19921875,RIGHT_SIDE,NOSE_DOWN,True,OK
1789616166.0695627,-32.1533,10.3638,18.9453,38.731995087007846,-30.767211914062514,-83.99047851562504,RIGHT_SIDE,NOSE_DOWN,True,OK
1789616166.109577,-32.2754,10.4614,18.8843,38.82987408697072,-29.39392089843749,-83.79821777343753,RIGHT_SIDE,NOSE_DOWN,True,OK
1789616166.1485586,-32.3486,10.4187,18.7866,38.83191433872402,-28.756713867187468,-83.71582031249999,RIGHT_SIDE,NOSE_DOWN,True,OK
1789616166.189587,-32.4219,10.4919,18.75,38.89501337215351,-27.465820312499925,-83.56750488281247,RIGHT_SIDE,NOSE_DOWN,True,OK
1789616166.2317712,-32.3242,10.4675,18.7866,38.82471894875737,-27.174682617187443,-83.67736816406246,RIGHT_SIDE,NOSE_DOWN,True,OK
1789616166.26957,-32.2998,10.4858,18.7866,38.80934708597917,-26.98242187500005,-83.74328613281247,RIGHT_SIDE,NOSE_DOWN,True,OK
1789616166.309771,-32.22659999999999,10.5469,18.8354,38.78869861609177,-26.301269531249968,-83.89709472656254,RIGHT_SIDE,NOSE_DOWN,True,OK
1789616166.3509207,-32.0312,10.571299999999999,18.811,38.621287888028796,-24.95544433593749,-84.06188964843743,RIGHT_SIDE,NOSE_DOWN,True,OK
1789616166.3905375,-32.1777,10.5896,18.8599,38.77163697163173,-23.834838867187337,-83.98498535156237,RIGHT_SIDE,NOSE_DOWN,True,OK
1789616166.4334977,-32.25099999999999,10.5896,18.7378,38.77333849438296,-22.62634277343749,-83.84765625000004,RIGHT_SIDE,NOSE_DOWN,True,OK
1789616166.471554,-32.3242,10.6934,18.7378,38.8626795015475,-21.192626953124932,-83.67736816406234,RIGHT_SIDE,NOSE_DOWN,True,OK
1789616166.5114462,-32.8613,10.6506,18.6035,39.23506760921918,-19.275512695312397,-83.38623046874996,RIGHT_SIDE,NOSE_DOWN,True,OK
1789616166.551469,-32.4219,10.8826,18.481399999999997,38.87380516916243,-17.45727539062502,-83.05114746093747,RIGHT_SIDE,NOSE_DOWN,True,OK
1789616166.5914187,-32.7881,11.0901,18.5547,39.27246760403528,-16.473999023437543,-82.7105712890624,RIGHT_SIDE,NOSE_DOWN,True,OK
1789616166.6316347,-32.9346,11.1267,18.4448,39.353551009915236,-15.89721679687504,-82.47985839843759,RIGHT_SIDE,NOSE_DOWN,True,OK
1789616166.6714234,-33.4961,10.8459,18.2861,39.67371567209202,-15.386352539062553,-82.33703613281257,RIGHT_SIDE,NOSE_DOWN,True,OK
1789616166.71148,-33.0566,10.9558,18.1274,39.2602978587784,-15.188598632812507,-82.26013183593753,RIGHT_SIDE,NOSE_DOWN,True,OK
1789616166.7519138,-32.6172,11.084,18.090799999999998,38.91033071666187,-15.177612304687509,-82.27661132812506,RIGHT_SIDE,NOSE_DOWN,True,OK
1789616166.7914734,-33.0811,10.974099999999998,18.249499999999998,39.342525316379984,-15.012817382812447,-82.2821044921875,RIGHT_SIDE,NOSE_DOWN,True,OK
1789616166.8385646,-33.5449,10.5957,18.3105,39.65858778058039,-15.199584960937482,-82.36999511718749,RIGHT_SIDE,NOSE_DOWN,True,OK
1789616166.872569,-33.007799999999996,10.858199999999998,18.2007,39.226022594318685,-15.693969726562536,-82.60620117187509,RIGHT_SIDE,NOSE_DOWN,True,OK
1789616166.913638,-32.6904,10.9253,18.1885,38.97237437596021,-16.029052734375046,-82.7874755859375,RIGHT_SIDE,NOSE_DOWN,True,OK
1789616166.9526343,-32.7881,10.8276,18.4082,39.130017257982395,-16.463012695312486,-83.00720214843746,RIGHT_SIDE,NOSE_DOWN,True,OK
1789616166.9935765,-33.15429999999999,10.7849,18.689,39.55755803256818,-17.243041992187536,-83.3367919921876,RIGHT_SIDE,NOSE_DOWN,True,OK
1789616167.0356283,-32.4951,10.9619,18.689,39.056030220953076,-18.050537109374947,-83.69384765624991,RIGHT_SIDE,NOSE_DOWN,True,OK
1789616167.074543,-32.25099999999999,10.8459,18.7256,38.83823686999707,-19.506225585937475,-84.15527343750001,RIGHT_SIDE,NOSE_DOWN,True,OK
1789616167.113538,-31.7871,10.8459,18.811,38.49554512174103,-20.950927734375007,-84.56176757812507,RIGHT_SIDE,NOSE_DOWN,True,OK
1789616167.1547728,-31.7627,10.7666,19.0674,38.57919814628085,-22.57141113281245,-84.95178222656244,RIGHT_SIDE,NOSE_DOWN,True,OK
1789616167.1936111,-31.5186,10.839799999999999,19.4092,38.56994237278557,-25.411376953124993,-85.46813964843746,RIGHT_SIDE,NOSE_DOWN,True,OK
1789616167.2345796,-31.25,10.7971,19.4946,38.382017893409405,-28.460083007812244,-85.93505859375001,RIGHT_SIDE,NOSE_DOWN,True,OK
1789616167.2735088,-31.4697,10.5347,19.689899999999998,38.587745259214095,-31.563720703124986,-86.31958007812477,RIGHT_SIDE,NOSE_DOWN,True,OK
1789616167.314575,-30.6885,10.6506,19.6411,37.960402023951225,-36.161499023437564,-86.73156738281261,RIGHT_SIDE,NOSE_DOWN,True,OK
1789616167.3539762,-30.1025,10.7361,19.7388,37.56387326807501,-40.06713867187513,-87.00622558593768,RIGHT_SIDE,NOSE_DOWN,True,OK
1789616167.394501,-30.468799999999998,10.6201,19.8853,37.90197163130171,-43.43444824218751,-87.19848632812487,RIGHT_SIDE,NOSE_DOWN,True,OK
1789616167.433492,-30.615199999999998,10.4736,19.9097,37.991879686190835,-46.86767578124995,-87.35229492187513,RIGHT_SIDE,NOSE_DOWN,True,OK
1789616167.4745994,-30.2734,10.6506,19.970699999999997,37.79871540687593,-48.7298583984374,-87.42919921874966,RIGHT_SIDE,NOSE_DOWN,True,OK
1789616167.5145342,-30.0049,10.73,20.0439,37.64551568540402,-48.71337890625004,-87.41271972656261,RIGHT_SIDE,NOSE_DOWN,True,OK
1789616167.553551,-30.322299999999995,10.6506,19.9829,37.84433180887198,-48.61450195312521,-87.40722656250016,RIGHT_SIDE,NOSE_DOWN,True,OK
1789616167.5945003,-30.6885,10.5652,19.958499999999997,38.101826800561675,-48.85070800781282,-87.42919921875037,RIGHT_SIDE,NOSE_DOWN,True,OK
1789616167.6335511,-30.200199999999995,10.6262,19.958499999999997,37.7267799941898,-48.999023437499986,-87.4401855468751,RIGHT_SIDE,NOSE_DOWN,True,OK
1789616167.6745818,-30.2246,10.675,19.9951,37.7794400986833,-48.99353027343754,-87.46215820312496,RIGHT_SIDE,NOSE_DOWN,True,OK
1789616167.7146118,-30.029299999999996,10.6995,19.9829,37.62385481513025,-50.38330078124981,-87.52807617187497,RIGHT_SIDE,NOSE_DOWN,True,OK
1789616167.7556314,-30.1514,10.553,20.092799999999997,37.73848622825245,-52.43774414062507,-87.61047363281264,RIGHT_SIDE,NOSE_DOWN,True,OK
1789616167.7946208,-30.0781,10.583499999999999,20.092799999999997,37.68850200923353,-53.62976074218757,-87.6599121093751,RIGHT_SIDE,NOSE_DOWN,True,OK
1789616167.8355942,-30.0781,10.5591,20.0806,37.67515346723886,-53.47045898437483,-87.66540527343727,RIGHT_SIDE,NOSE_DOWN,True,OK
1789616167.8745282,-30.0781,10.5347,20.0806,37.66832223579914,-52.56408691406262,-87.64343261718744,RIGHT_SIDE,NOSE_DOWN,True,OK
1789616167.9156454,-30.249,10.6201,19.9463,37.75769337102043,-50.570068359375135,-87.57202148437506,RIGHT_SIDE,NOSE_DOWN,True,OK
1789616167.9555225,-30.322299999999995,10.6201,19.970699999999997,37.8293174639723,-48.015747070312706,-87.47314453125036,RIGHT_SIDE,NOSE_DOWN,True,OK
1789616167.9957018,-30.419899999999995,10.6873,19.958499999999997,37.92005300035853,-45.175781249999815,-87.35229492187513,RIGHT_SIDE,NOSE_DOWN,True,OK
1789616168.0346117,-30.542,10.6567,19.824199999999998,37.93913447259966,-43.11035156250001,-87.2534179687501,RIGHT_SIDE,NOSE_DOWN,True,OK
1789616168.0757935,-30.664099999999998,10.6812,19.824199999999998,38.04436841228935,-41.149291992187685,-87.14904785156266,RIGHT_SIDE,NOSE_DOWN,True,OK
1789616168.115707,-30.200199999999995,10.772699999999999,19.7632,37.6654645473808,-40.352783203124915,-87.10510253906241,RIGHT_SIDE,NOSE_DOWN,True,OK
1789616168.1571338,-30.566399999999998,10.6201,19.7998,37.935780116006576,-40.27587890625001,-87.10510253906254,RIGHT_SIDE,NOSE_DOWN,True,OK
1789616168.1966205,-30.810499999999998,10.772699999999999,20.0073,38.28354775657554,-40.81970214843749,-87.14355468749991,RIGHT_SIDE,NOSE_DOWN,True,OK
1789616168.237543,-30.7373,10.772699999999999,20.0806,38.26307845613053,-40.79223632812484,-87.14355468750004,RIGHT_SIDE,NOSE_DOWN,True,OK
1789616168.2766843,-30.0781,10.967999999999998,19.9097,37.701263608796985,-40.77575683593769,-87.14904785156253,RIGHT_SIDE,NOSE_DOWN,True,OK
1789616168.317561,-30.590799999999998,10.638399999999999,19.811999999999998,37.96693223319471,-39.52331542968763,-87.07214355468767,RIGHT_SIDE,NOSE_DOWN,True,OK
1789616168.356656,-30.615199999999998,10.7361,19.751,37.98231582262988,-37.44689941406247,-86.92932128906254,RIGHT_SIDE,NOSE_DOWN,True,OK
1789616168.3967173,-30.810499999999998,10.8826,19.836399999999998,38.22565444789664,-35.084838867187386,-86.73706054687487,RIGHT_SIDE,NOSE_DOWN,True,OK
1789616168.4375544,-30.9814,10.913099999999998,19.7876,38.346994814848266,-32.448120117187685,-86.49536132812506,RIGHT_SIDE,NOSE_DOWN,True,OK
1789616168.4795043,-31.201199999999996,10.9375,19.6045,38.43800473411699,-29.580688476562447,-86.17675781249999,RIGHT_SIDE,NOSE_DOWN,True,OK
1789616168.5186667,-31.372099999999996,10.833699999999999,19.3726,38.43013589437331,-27.438354492187504,-85.90209960937501,RIGHT_SIDE,NOSE_DOWN,True,OK
1789616168.559726,-31.420899999999996,10.858199999999998,19.2749,38.42779246925328,-26.29028320312501,-85.73181152343743,RIGHT_SIDE,NOSE_DOWN,True,OK
1789616168.5995862,-31.5918,11.053499999999998,19.445799999999995,38.70866604689446,-25.74096679687523,-85.64941406250031,RIGHT_SIDE,NOSE_DOWN,True,OK
1789616168.6406145,-31.4697,11.0352,19.445799999999995,38.60384430040614,-25.949707031249925,-85.69335937499979,RIGHT_SIDE,NOSE_DOWN,True,OK
1789616168.679566,-31.372099999999996,11.0779,19.4702,38.54889382148338,-26.718750000000025,-85.81420898437503,RIGHT_SIDE,NOSE_DOWN,True,OK
1789616168.7207117,-31.0059,10.9314,19.3726,38.15965109287557,-27.76794433593759,-85.9680175781252,RIGHT_SIDE,NOSE_DOWN,True,OK
1789616168.7596018,-31.176799999999997,10.7849,19.4214,38.2818194997312,-29.344482421874968,-86.17126464843747,RIGHT_SIDE,NOSE_DOWN,True,OK
1789616168.8005872,-30.9814,10.9619,19.6655,38.298071594011105,-31.530761718750192,-86.41296386718778,RIGHT_SIDE,NOSE_DOWN,True,OK
1789616168.839586,-30.883799999999997,10.8643,19.7876,38.25429689185255,-33.82141113281257,-86.63818359375013,RIGHT_SIDE,NOSE_DOWN,True,OK
1789616168.8806612,-30.834999999999997,10.7483,19.8486,38.21374229056872,-36.298828125000085,-86.84143066406234,RIGHT_SIDE,NOSE_DOWN,True,OK
1789616168.920598,-30.6885,10.571299999999999,19.714399999999998,37.976229187479895,-38.759765625,-87.01721191406254,RIGHT_SIDE,NOSE_DOWN,True,OK
1789616168.9606209,-30.3467,10.7239,19.7266,37.75000635311205,-41.0723876953127,-87.16003417968763,RIGHT_SIDE,NOSE_DOWN,True,OK
1789616169.0006237,-30.6885,10.6506,19.811999999999998,38.04910848640215,-42.85217285156269,-87.25891113281253,RIGHT_SIDE,NOSE_DOWN,True,OK
1789616169.0405626,-30.3711,10.6079,19.873,37.813587328102045,-44.04418945312489,-87.3193359374999,RIGHT_SIDE,NOSE_DOWN,True,OK
1789616169.0817163,-30.468799999999998,10.73,19.811999999999998,37.894538095087,-45.16479492187488,-87.37426757812491,RIGHT_SIDE,NOSE_DOWN,True,OK
1789616169.1215842,-30.419899999999995,10.6873,19.836399999999998,37.8559303446633,-46.02722167968774,-87.41271972656276,RIGHT_SIDE,NOSE_DOWN,True,OK
1789616169.1615853,-30.419899999999995,10.6934,19.836399999999998,37.85765291892776,-45.340576171875206,-87.37976074218773,RIGHT_SIDE,NOSE_DOWN,True,OK
1789616169.2016027,-30.664099999999998,10.5957,19.873,38.04591983774344,-44.121093749999915,-87.31384277343759,RIGHT_SIDE,NOSE_DOWN,True,OK
1789616169.2415586,-30.444299999999995,10.6201,19.7754,37.8247058370584,-43.15429687500007,-87.26440429687504,RIGHT_SIDE,NOSE_DOWN,True,OK
1789616169.2827845,-30.4932,10.6506,19.7876,37.87901319147583,-42.44567871093763,-87.2204589843748,RIGHT_SIDE,NOSE_DOWN,True,OK
1789616169.3214924,-30.5176,10.5896,19.7632,37.86882110866405,-42.06115722656264,-87.19848632812514,RIGHT_SIDE,NOSE_DOWN,True,OK
1789616169.3616288,-30.566399999999998,10.5591,19.751,37.893289679968404,-41.36352539062495,-87.16552734375024,RIGHT_SIDE,NOSE_DOWN,True,OK
1789616169.401618,-30.444299999999995,10.6079,19.751,37.808530067962174,-40.92956542968749,-87.14355468749991,RIGHT_SIDE,NOSE_DOWN,True,OK
1789616169.441658,-30.590799999999998,10.571299999999999,19.7388,37.91002049287233,-40.92407226562499,-87.13806152343746,RIGHT_SIDE,NOSE_DOWN,True,OK
1789616169.481678,-30.883799999999997,10.516399999999999,19.7998,38.16327883502674,-40.85266113281275,-87.13256835937545,RIGHT_SIDE,NOSE_DOWN,True,OK
1789616169.52173,-30.639599999999998,10.675,19.7754,37.99746252475288,-40.87463378906275,-87.13806152343759,RIGHT_SIDE,NOSE_DOWN,True,OK
1789616169.5616076,-30.2734,10.9375,19.689899999999998,37.7332719999207,-40.687866210937685,-87.13256835937533,RIGHT_SIDE,NOSE_DOWN,True,OK
1789616169.6016085,-30.7373,10.717799999999999,19.7632,38.081976345378926,-40.57250976562508,-87.12158203124997,RIGHT_SIDE,NOSE_DOWN,True,OK
1789616169.6415644,-31.103499999999997,10.516399999999999,19.7388,38.30982389218202,-40.32531738281241,-87.11059570312516,RIGHT_SIDE,NOSE_DOWN,True,OK
1789616169.6817043,-30.615199999999998,10.7361,19.7388,37.97597318950496,-40.03417968750011,-87.0886230468753,RIGHT_SIDE,NOSE_DOWN,True,OK
1789616169.7214901,-30.127,10.8643,19.714399999999998,37.60753529347542,-39.490356445312564,-87.05566406250001,RIGHT_SIDE,NOSE_DOWN,True,OK
1789616169.7615943,-30.664099999999998,10.6506,19.689899999999998,37.96596464176829,-38.86413574218749,-87.01721191406243,RIGHT_SIDE,NOSE_DOWN,True,OK
1789616169.8015935,-30.908199999999997,10.6812,19.836399999999998,38.24771399234208,-38.58947753906247,-87.00073242187491,RIGHT_SIDE,NOSE_DOWN,True,OK
1789616169.841718,-30.6885,10.7483,19.8608,38.10198632328766,-38.78173828124997,-87.01171875000006,RIGHT_SIDE,NOSE_DOWN,True,OK
1789616169.8816216,-30.664099999999998,10.8154,19.9097,38.126841726794,-38.94104003906255,-87.02270507812509,RIGHT_SIDE,NOSE_DOWN,True,OK
1789616169.9215212,-30.6885,10.5957,19.7388,37.99569865366342,-39.7265624999999,-87.07763671874972,RIGHT_SIDE,NOSE_DOWN,True,OK
1789616169.9627435,-30.4932,10.7361,19.7266,37.87133265426502,-40.4022216796874,-87.12158203124984,RIGHT_SIDE,NOSE_DOWN,True,OK
1789616170.0015903,-30.664099999999998,10.7971,19.9341,38.13440362756444,-40.698852539062635,-87.13806152343746,RIGHT_SIDE,NOSE_DOWN,True,OK
1789616170.0435433,-30.664099999999998,10.791,19.9097,38.11992738581751,-40.7427978515626,-87.13806152343771,RIGHT_SIDE,NOSE_DOWN,True,OK
1789616170.0827703,-30.6885,10.8643,19.9219,38.166728263632976,-40.77575683593756,-87.14355468750004,RIGHT_SIDE,NOSE_DOWN,True,OK
1789616170.1227462,-30.639599999999998,10.7361,19.702099999999998,37.976593788542964,-40.9075927734377,-87.15454101562534,RIGHT_SIDE,NOSE_DOWN,True,OK
1789616170.162569,-30.2246,10.8887,19.689899999999998,37.67999993179405,-41.297607421875014,-87.17651367187493,RIGHT_SIDE,NOSE_DOWN,True,OK
1789616170.2024453,-30.664099999999998,10.8276,19.8608,38.10479401873208,-41.88537597656247,-87.2094726562504,RIGHT_SIDE,NOSE_DOWN,True,OK
1789616170.2424524,-31.079099999999997,10.5408,19.9951,38.42945413950086,-42.09411621093749,-87.22045898437506,RIGHT_SIDE,NOSE_DOWN,True,OK
1789616170.2825441,-30.566399999999998,10.8826,19.970699999999997,38.09940485375066,-42.05017089843738,-87.22045898437493,RIGHT_SIDE,NOSE_DOWN,True,OK
1789616170.3225298,-30.0781,10.8704,19.7266,37.576541130471284,-42.039184570312486,-87.22045898437506,RIGHT_SIDE,NOSE_DOWN,True,OK
1789616170.3626122,-30.444299999999995,10.644499999999999,19.7388,37.81244514944782,-41.90734863281252,-87.21496582031244,RIGHT_SIDE,NOSE_DOWN,True,OK
1789616170.4024715,-31.0547,10.5957,19.958499999999997,38.40579348002069,-41.51733398437512,-87.19299316406267,RIGHT_SIDE,NOSE_DOWN,True,OK
1789616170.4434645,-30.615199999999998,10.7666,19.9219,38.080076762133764,-41.09985351562466,-87.17102050781216,RIGHT_SIDE,NOSE_DOWN,True,OK
1789616170.4837453,-30.3711,10.913099999999998,19.9951,37.96450303678424,-40.98449707031262,-87.16552734375024,RIGHT_SIDE,NOSE_DOWN,True,OK
1789616170.523616,-30.639599999999998,10.6567,19.7876,37.99867704026023,-41.53381347656252,-87.19848632812514,RIGHT_SIDE,NOSE_DOWN,True,OK
1789616170.5634992,-30.7617,10.6262,19.7876,38.088678463422696,-42.43469238281267,-87.24792480468774,RIGHT_SIDE,NOSE_DOWN,True,OK
1789616170.6046066,-30.542,10.7483,19.8486,37.97771239621997,-43.21472167968749,-87.28637695312487,RIGHT_SIDE,NOSE_DOWN,True,OK
1789616170.6435251,-30.4932,10.717799999999999,19.811999999999998,37.91070860693585,-44.06066894531253,-87.33032226562507,RIGHT_SIDE,NOSE_DOWN,True,OK
1789616170.6845229,-30.4932,10.7605,19.8608,37.948319898646375,-44.9670410156249,-87.37426757812479,RIGHT_SIDE,NOSE_DOWN,True,OK
1789616170.723608,-30.444299999999995,10.6873,19.824199999999998,37.869152214170306,-45.44494628906235,-87.39624023437457,RIGHT_SIDE,NOSE_DOWN,True,OK
1789616170.764628,-30.2246,10.7605,19.7876,37.69434863703046,-45.071411132812365,-87.37976074218732,RIGHT_SIDE,NOSE_DOWN,True,OK
1789616170.8035042,-30.419899999999995,10.6689,19.824199999999998,37.84434764743607,-44.5220947265623,-87.35229492187499,RIGHT_SIDE,NOSE_DOWN,True,OK
1789616170.8445892,-30.932600000000004,10.4065,19.7632,38.15370308698751,-44.219970703124766,-87.34130859374974,RIGHT_SIDE,NOSE_DOWN,True,OK
1789616170.8834624,-30.468799999999998,10.5896,19.836399999999998,37.86779854388158,-44.110107421875036,-87.33581542968751,RIGHT_SIDE,NOSE_DOWN,True,OK
1789616170.9245057,-30.0781,10.7422,19.7876,37.571745690212474,-44.25842285156268,-87.34130859375016,RIGHT_SIDE,NOSE_DOWN,True,OK
1789616170.9635353,-30.3467,10.6201,19.7876,37.752587178364344,-44.571533203124936,-87.35778808593743,RIGHT_SIDE,NOSE_DOWN,True,OK
1789616171.004596,-30.7861,10.5347,19.7998,38.08931526478259,-44.93408203125024,-87.37426757812534,RIGHT_SIDE,NOSE_DOWN,True,OK
1789616171.0455978,-30.444299999999995,10.5347,19.7632,37.794435844711316,-45.307617187499794,-87.39074707031249,RIGHT_SIDE,NOSE_DOWN,True,OK
1789616171.084468,-30.322299999999995,10.6689,19.8853,37.7980483701209,-45.60424804687458,-87.40722656249989,RIGHT_SIDE,NOSE_DOWN,True,OK
1789616171.123526,-30.4932,10.5347,19.8853,37.89776123229445,-45.834960937500085,-87.41821289062526,RIGHT_SIDE,NOSE_DOWN,True,OK
1789616171.164666,-30.566399999999998,10.632299999999999,19.836399999999998,37.958311042642556,-45.91735839843783,-87.42370605468778,RIGHT_SIDE,NOSE_DOWN,True,OK
1789616171.2035275,-30.419899999999995,10.717799999999999,19.873,37.883739016232276,-45.878906250000064,-87.41821289062526,RIGHT_SIDE,NOSE_DOWN,True,OK
1789616171.2445102,-30.419899999999995,10.6079,19.836399999999998,37.833591203849515,-45.70312499999958,-87.41271972656247,RIGHT_SIDE,NOSE_DOWN,True,OK
1789616171.2835891,-30.419899999999995,10.638399999999999,19.8608,37.85495010180306,-45.56030273437502,-87.40722656250016,RIGHT_SIDE,NOSE_DOWN,True,OK
1789616171.3245494,-30.419899999999995,10.6506,19.811999999999998,37.83280243875676,-45.450439453124766,-87.40173339843722,RIGHT_SIDE,NOSE_DOWN,True,OK
1789616171.3636618,-30.2734,10.6506,19.811999999999998,37.71510800620886,-45.64270019531255,-87.41271972656219,RIGHT_SIDE,NOSE_DOWN,True,OK
1789616171.4047043,-30.3955,10.675,19.9097,37.87133743796223,-46.005249023437514,-87.42919921875009,RIGHT_SIDE,NOSE_DOWN,True,OK
1789616171.443476,-30.834999999999997,10.577399999999999,19.9951,38.2424193765248,-46.38977050781219,-87.44567871093719,RIGHT_SIDE,NOSE_DOWN,True,OK
1789616171.4834852,-30.419899999999995,10.7666,20.0806,38.0068479083704,-46.95556640625004,-87.47314453125007,RIGHT_SIDE,NOSE_DOWN,True,OK
1789616171.5246913,-30.3955,10.632299999999999,19.9463,37.87858375427994,-47.40051269531236,-87.48962402343734,RIGHT_SIDE,NOSE_DOWN,True,OK
1789616171.5656853,-30.419899999999995,10.6201,19.9097,37.87549331837144,-47.99377441406242,-87.51159667968739,RIGHT_SIDE,NOSE_DOWN,True,OK
1789616171.605651,-30.566399999999998,10.5896,19.970699999999997,38.016750197906184,-48.75732421875015,-87.54455566406277,RIGHT_SIDE,NOSE_DOWN,True,OK
1789616171.6445363,-30.3711,10.7971,20.092799999999997,37.98291320396581,-48.977050781250355,-87.55004882812509,RIGHT_SIDE,NOSE_DOWN,True,OK
1789616171.6855237,-30.419899999999995,10.913099999999998,20.1416,38.080836626576364,-48.85070800781296,-87.55004882812523,RIGHT_SIDE,NOSE_DOWN,True,OK
1789616171.7256496,-30.200199999999995,10.8154,19.9463,37.77406307097503,-48.52111816406266,-87.53356933593754,RIGHT_SIDE,NOSE_DOWN,True,OK
1789616171.7656734,-30.6885,10.6506,19.8975,38.09369788902096,-48.1256103515625,-87.5225830078126,RIGHT_SIDE,NOSE_DOWN,True,OK
1789616171.805717,-30.3467,10.7666,19.970699999999997,37.89024590762113,-47.977294921875036,-87.51708984374986,RIGHT_SIDE,NOSE_DOWN,True,OK
1789616171.845564,-30.3711,10.7971,20.0439,37.95706799569745,-47.81799316406247,-87.5061035156249,RIGHT_SIDE,NOSE_DOWN,True,OK
1789616171.8855746,-30.3955,10.8276,20.1172,38.02400659912104,-47.56530761718766,-87.50061035156251,RIGHT_SIDE,NOSE_DOWN,True,OK
1789616171.9257503,-30.2734,10.6995,19.8853,37.767488715825415,-47.42797851562517,-87.49511718749983,RIGHT_SIDE,NOSE_DOWN,True,OK
1789616171.9657173,-30.3711,10.6812,19.9341,37.86634510300671,-47.41699218750005,-87.49511718749983,RIGHT_SIDE,NOSE_DOWN,True,OK
1789616172.0063455,-30.419899999999995,10.6689,20.0439,37.959895553465365,-47.5598144531252,-87.50061035156251,RIGHT_SIDE,NOSE_DOWN,True,OK
1789616172.045827,-30.419899999999995,10.7666,20.0806,38.0068479083704,-47.99926757812513,-87.51708984375,RIGHT_SIDE,NOSE_DOWN,True,OK
1789616172.085453,-30.419899999999995,10.8887,20.1416,38.07385131898269,-48.36730957031233,-87.53356933593768,RIGHT_SIDE,NOSE_DOWN,True,OK
1789616172.1258335,-30.468799999999998,10.772699999999999,20.0317,38.021938977648155,-48.55407714843759,-87.53906250000027,RIGHT_SIDE,NOSE_DOWN,True,OK
1789616172.1656044,-30.419899999999995,10.7361,19.9463,37.92741808916077,-48.61999511718733,-87.54455566406261,RIGHT_SIDE,NOSE_DOWN,True,OK
1789616172.20584,-30.419899999999995,10.8032,19.8975,37.92083797201744,-48.47167968750026,-87.53906250000013,RIGHT_SIDE,NOSE_DOWN,True,OK
1789616172.2457285,-30.3711,10.73,19.9097,37.867304753573364,-48.306884765624815,-87.53356933593754,RIGHT_SIDE,NOSE_DOWN,True,OK
1789616172.28564,-30.542,10.73,20.0317,38.06856536422144,-48.15307617187491,-87.52807617187513,RIGHT_SIDE,NOSE_DOWN,True,OK
1789616172.3257234,-30.200199999999995,10.791,19.9341,37.76064225950083,-47.87292480468721,-87.51708984374986,RIGHT_SIDE,NOSE_DOWN,True,OK
1789616172.3656003,-30.566399999999998,10.7361,19.958499999999997,38.05141750868159,-47.79052734374995,-87.51159667968739,RIGHT_SIDE,NOSE_DOWN,True,OK
1789616172.4067059,-30.3467,10.7666,19.958499999999997,37.883817108364354,-47.70263671874995,-87.51159667968754,RIGHT_SIDE,NOSE_DOWN,True,OK
1789616172.4456294,-30.7617,10.4919,19.9463,38.13419772579463,-47.49938964843783,-87.5006103515628,RIGHT_SIDE,NOSE_DOWN,True,OK
1789616172.486597,-30.3711,10.6995,19.9341,37.87151116961139,-47.065429687499986,-87.48413085937476,RIGHT_SIDE,NOSE_DOWN,True,OK
1789616172.52668,-30.2734,10.7361,19.8853,37.777873773678685,-46.65893554687486,-87.46765136718749,RIGHT_SIDE,NOSE_DOWN,True,OK
1789616172.5656314,-30.468799999999998,10.7056,19.9463,37.95803641509924,-45.9777832031249,-87.4401855468751,RIGHT_SIDE,NOSE_DOWN,True,OK
1789616172.6068504,-30.5176,10.7483,19.8975,37.983685562356904,-45.2416992187502,-87.40722656250016,RIGHT_SIDE,NOSE_DOWN,True,OK
1789616172.6456726,-30.468799999999998,10.7239,19.836399999999998,37.90557438702123,-45.08789062499963,-87.40173339843722,RIGHT_SIDE,NOSE_DOWN,True,OK
1789616172.686692,-30.468799999999998,10.7849,19.8975,37.954872515923434,-45.411987304687486,-87.41821289062497,RIGHT_SIDE,NOSE_DOWN,True,OK
1789616172.7285905,-30.590799999999998,10.675,19.873,38.009062059461556,-45.59326171875014,-87.42370605468764,RIGHT_SIDE,NOSE_DOWN,True,OK
1789616172.7676203,-30.4932,10.7849,19.9219,37.98725330765571,-45.873413085937415,-87.44018554687482,RIGHT_SIDE,NOSE_DOWN,True,OK
1789616172.8076417,-30.322299999999995,10.8704,19.8608,37.842553429836094,-46.3403320312501,-87.46215820312524,RIGHT_SIDE,NOSE_DOWN,True,OK
1789616172.847688,-30.3955,10.7361,19.8608,37.86293227022968,-46.560058593750036,-87.46765136718734,RIGHT_SIDE,NOSE_DOWN,True,OK
1789616172.8876321,-30.664099999999998,10.644499999999999,19.970699999999997,38.11064506866814,-46.532592773437344,-87.46765136718749,RIGHT_SIDE,NOSE_DOWN,True,OK
1789616172.9356601,-30.2734,10.7544,19.8853,37.78307852743077,-45.450439453125085,-87.42370605468764,RIGHT_SIDE,NOSE_DOWN,True,OK
1789616172.968719,-30.0781,10.913099999999998,19.8486,37.65308451083391,-44.9066162109373,-87.40173339843707,RIGHT_SIDE,NOSE_DOWN,True,OK
1789616173.0087676,-30.468799999999998,10.7422,19.8608,37.923528460838135,-44.24194335937492,-87.36877441406259,RIGHT_SIDE,NOSE_DOWN,True,OK
1789616173.0487154,-31.0059,10.5408,20.0562,38.40215433917738,-43.88488769531254,-87.35229492187526,RIGHT_SIDE,NOSE_DOWN,True,OK
1789616173.0885592,-30.542,10.8948,20.092799999999997,38.14749064984485,-43.59924316406212,-87.3358154296871,RIGHT_SIDE,NOSE_DOWN,True,OK
1789616173.1305897,-30.322299999999995,10.8276,19.7998,37.798292012867456,-43.61022949218731,-87.34130859375001,RIGHT_SIDE,NOSE_DOWN,True,OK
1789616173.1706905,-30.566399999999998,10.6689,19.8608,37.98133242541657,-44.060668945312784,-87.36328125000017,RIGHT_SIDE,NOSE_DOWN,True,OK
1789616173.2108724,-30.542,10.7483,19.8853,37.99690609747062,-44.840698242187436,-87.40173339843734,RIGHT_SIDE,NOSE_DOWN,True,OK
1789616173.2507174,-30.4932,10.8643,19.9951,38.04828885429672,-45.730590820312436,-87.4401855468751,RIGHT_SIDE,NOSE_DOWN,True,OK
1789616173.2907486,-30.590799999999998,10.9619,20.1172,38.21860845308212,-46.735839843750306,-87.48413085937504,RIGHT_SIDE,NOSE_DOWN,True,OK
1789616173.3345907,-30.468799999999998,10.8215,20.0073,38.0229495039509,-47.00500488281265,-87.49511718749997,RIGHT_SIDE,NOSE_DOWN,True,OK
1789616173.3726792,-30.444299999999995,10.7544,19.9219,37.93935452086659,-46.77978515624957,-87.4896240234372,RIGHT_SIDE,NOSE_DOWN,True,OK
1789616173.4126635,-30.127,10.8826,19.8486,37.68333894070429,-46.79077148437521,-87.48962402343764,RIGHT_SIDE,NOSE_DOWN,True,OK
1789616173.4537745,-30.566399999999998,10.6201,20.0317,38.05732962071827,-46.97753906249976,-87.49511718749997,RIGHT_SIDE,NOSE_DOWN,True,OK
1789616173.4925787,-30.444299999999995,10.7483,20.0806,38.02120266035781,-47.21923828124983,-87.5061035156249,RIGHT_SIDE,NOSE_DOWN,True,OK
1789616173.5375612,-30.419899999999995,10.6079,19.9951,37.91703947343463,-47.39501953125028,-87.51708984375014,RIGHT_SIDE,NOSE_DOWN,True,OK
1789616173.5726502,-29.9316,10.8459,19.824199999999998,37.50377489013606,-47.77404785156246,-87.52807617187483,RIGHT_SIDE,NOSE_DOWN,True,OK
1789616173.6126978,-30.3711,10.6262,19.8975,37.83160514569796,-48.75732421874966,-87.56652832031222,RIGHT_SIDE,NOSE_DOWN,True,OK
1789616173.652946,-30.7617,10.5591,20.0806,38.22312488612097,-49.63623046875001,-87.59948730468773,RIGHT_SIDE,NOSE_DOWN,True,OK
1789616173.6926126,-30.419899999999995,10.8154,20.1538,38.059412076515315,-50.548095703124844,-87.63244628906243,RIGHT_SIDE,NOSE_DOWN,True,OK
1789616173.7366073,-29.9805,10.9497,20.0562,37.69585479571991,-51.47094726562482,-87.66540527343743,RIGHT_SIDE,NOSE_DOWN,True,OK
1789616173.7746048,-30.322299999999995,10.711699999999999,19.9829,37.86157269039414,-51.69616699218735,-87.67089843749982,RIGHT_SIDE,NOSE_DOWN,True,OK
1789616173.8146577,-30.444299999999995,10.614,20.0073,37.94475526050998,-52.03674316406264,-87.68188476562521,RIGHT_SIDE,NOSE_DOWN,True,OK
1789616173.8556843,-30.2734,10.644499999999999,19.970699999999997,37.79699705399887,-52.3168945312499,-87.69287109374977,RIGHT_SIDE,NOSE_DOWN,True,OK
1789616173.8947432,-30.249,10.6873,19.9829,37.79598754762203,-52.4432373046874,-87.69287109374993,RIGHT_SIDE,NOSE_DOWN,True,OK
1789616173.9349172,-30.249,10.6018,19.9341,37.74610585278963,-52.37731933593783,-87.69287109375026,RIGHT_SIDE,NOSE_DOWN,True,OK
1789616173.974603,-30.249,10.5957,19.9829,37.77018866646022,-52.586059570312415,-87.69836425781241,RIGHT_SIDE,NOSE_DOWN,True,OK
1789616174.0146396,-30.419899999999995,10.4736,19.9951,37.879686336874535,-52.92663574218708,-87.70935058593713,RIGHT_SIDE,NOSE_DOWN,True,OK
1789616174.0553691,-30.200199999999995,10.5042,19.970699999999997,37.69906041494933,-53.173828125000156,-87.71484374999999,RIGHT_SIDE,NOSE_DOWN,True,OK
1789616174.0946763,-30.2734,10.5469,20.0317,37.80191598398155,-53.20678710937476,-87.72033691406247,RIGHT_SIDE,NOSE_DOWN,True,OK
1789616174.1346254,-30.2734,10.5286,19.958499999999997,37.758070498504026,-53.28369140624964,-87.7203369140623,RIGHT_SIDE,NOSE_DOWN,True,OK
1789616174.1746404,-30.0781,10.6628,19.9829,37.65240624262943,-53.14086914062461,-87.71484374999983,RIGHT_SIDE,NOSE_DOWN,True,OK
1789616174.2156248,-30.249,10.6689,19.958499999999997,37.77789235068574,-52.63000488281223,-87.69836425781241,RIGHT_SIDE,NOSE_DOWN,True,OK
1789616174.2551377,-30.6885,10.4309,20.0195,38.09682516050386,-52.55310058593737,-87.6983642578121,RIGHT_SIDE,NOSE_DOWN,True,OK
1789616174.2957585,-30.322299999999995,10.7056,20.0195,37.879178038864566,-52.569580078125185,-87.69836425781241,RIGHT_SIDE,NOSE_DOWN,True,OK
1789616174.3346684,-29.834,10.913099999999998,19.873,37.47131485029582,-52.65197753906225,-87.70385742187469,RIGHT_SIDE,NOSE_DOWN,True,OK
1789616174.3759289,-30.322299999999995,10.6506,19.9829,37.84433180887198,-52.88818359375025,-87.70935058593791,RIGHT_SIDE,NOSE_DOWN,True,OK
1789616174.4156656,-30.7129,10.4553,20.0317,38.1295755207162,-54.113159179687635,-87.74780273437544,RIGHT_SIDE,NOSE_DOWN,True,OK
1789616174.456474,-30.1514,10.614,19.9951,37.70368605282513,-55.74462890625019,-87.79174804687497,RIGHT_SIDE,TRANSITION,True,OK
1789616174.4957128,-29.663099999999996,10.8154,19.9829,37.36560813341595,-56.62902832031255,-87.81372070312509,RIGHT_SIDE,TRANSITION,True,OK
1789616174.535661,-30.1514,10.522499999999999,19.9951,37.678030100046364,-56.54113769531285,-87.81372070312524,RIGHT_SIDE,TRANSITION,True,OK
1789616174.5757794,-30.3711,10.5042,20.0806,37.89422685858625,-56.942138671874886,-87.81921386718737,RIGHT_SIDE,TRANSITION,True,OK
1789616174.6156182,-30.1025,10.522499999999999,20.0562,37.67140388862619,-57.941894531249964,-87.84667968750026,RIGHT_SIDE,TRANSITION,True,OK
1789616174.6565526,-30.127,10.6812,20.1904,37.80709476540085,-59.4580078125002,-87.8796386718753,RIGHT_SIDE,TRANSITION,True,OK
1789616174.6957266,-30.1514,10.791,20.2881,37.90988795248543,-61.19384765625028,-87.9180908203126,RIGHT_SIDE,TRANSITION,True,OK
1789616174.7367034,-30.1514,10.7361,20.2637,37.88123945781078,-62.41333007812469,-87.94006347656213,RIGHT_SIDE,TRANSITION,True,OK
1789616174.7757413,-29.834,10.7483,20.1172,37.5538978633377,-63.52844238281256,-87.96203613281224,RIGHT_SIDE,TRANSITION,True,OK
1789616174.8158042,-29.9805,10.632299999999999,20.1172,37.63745367821792,-64.24255371093695,-87.97302246093734,RIGHT_SIDE,TRANSITION,True,OK
1789616174.856869,-30.468799999999998,10.522499999999999,20.2759,38.08126705481318,-64.02832031250009,-87.96752929687509,RIGHT_SIDE,TRANSITION,True,OK
1789616174.8956752,-30.053699999999996,10.8215,20.3125,37.85402755573044,-63.407592773438004,-87.9565429687503,RIGHT_SIDE,TRANSITION,True,OK
1789616174.936758,-29.541,10.9314,20.2759,37.46035648215324,-63.02856445312499,-87.9510498046875,RIGHT_SIDE,TRANSITION,True,OK
1789616174.9756794,-30.0049,10.6812,20.104999999999997,37.66421487898028,-63.12194824218719,-87.95104980468696,RIGHT_SIDE,TRANSITION,True,OK
1789616175.0156333,-30.468799999999998,10.321,20.1294,37.94816937350206,-63.52844238281211,-87.95654296874994,RIGHT_SIDE,TRANSITION,True,OK
1789616175.056263,-29.9805,10.571299999999999,20.214799999999997,37.67254840039362,-63.84704589843735,-87.9620361328126,RIGHT_SIDE,TRANSITION,True,OK
1789616175.0956829,-29.5898,10.9375,20.2759,37.50063054269888,-63.84704589843757,-87.96203613281278,RIGHT_SIDE,TRANSITION,True,OK
1789616175.1357572,-30.0049,10.5896,20.2881,37.73646318588958,-64.23156738281217,-87.96752929687473,RIGHT_SIDE,TRANSITION,True,OK
1789616175.1756537,-30.249,10.4919,20.1904,37.8514757806086,-64.77539062499967,-87.97851562499977,RIGHT_SIDE,TRANSITION,True,OK
1789616175.2157242,-29.9805,10.5347,20.1172,37.60999893884604,-65.08300781250004,-87.98400878906243,RIGHT_SIDE,TRANSITION,True,OK
1789616175.2573788,-30.0049,10.6201,20.239299999999997,37.71882570428194,-65.26428222656227,-87.9895019531249,RIGHT_SIDE,TRANSITION,True,OK
1789616175.295659,-30.053699999999996,10.8032,20.349099999999996,37.868455008621616,-65.42358398437501,-87.9895019531249,RIGHT_SIDE,TRANSITION,True,OK
1789616175.3368263,-30.053699999999996,10.7666,20.3369,37.85147369469252,-65.37414550781195,-87.98950195312435,RIGHT_SIDE,TRANSITION,True,OK
1789616175.3758154,-29.785199999999996,10.791,20.1782,37.560132791032565,-65.154418945313,-87.98400878906278,RIGHT_SIDE,TRANSITION,True,OK
1789616175.416624,-29.9561,10.6201,20.1294,37.621100403629875,-64.85229492187493,-87.97851562499977,RIGHT_SIDE,TRANSITION,True,OK
1789616175.4561546,-30.4932,10.3333,20.1782,37.997001070742414,-64.25903320312506,-87.96752929687509,RIGHT_SIDE,TRANSITION,True,OK
1789616175.4957995,-29.9561,10.614,20.1416,37.625908278339274,-64.00085449218706,-87.96203613281224,RIGHT_SIDE,TRANSITION,True,OK
1789616175.5360203,-29.785199999999996,10.6812,20.0684,37.4698125300888,-64.13269042968778,-87.96752929687527,RIGHT_SIDE,TRANSITION,True,OK
1789616175.576773,-29.9316,10.583499999999999,20.1294,37.59127418923173,-63.632812499999595,-87.95654296874976,RIGHT_SIDE,TRANSITION,True,OK
1789616175.6165898,-30.419899999999995,10.376,20.092799999999997,37.90451561291873,-62.825317382812074,-87.94006347656213,RIGHT_SIDE,TRANSITION,True,OK
1789616175.658735,-30.0049,10.5042,20.0684,37.59485230999053,-62.39135742187527,-87.93457031250026,RIGHT_SIDE,TRANSITION,True,OK
1789616175.697582,-29.7363,10.6018,20.1538,37.45425683910976,-61.96838378906217,-87.92907714843714,RIGHT_SIDE,TRANSITION,True,OK
1789616175.7386906,-29.907199999999996,10.6201,20.092799999999997,37.56258441175207,-62.06726074218723,-87.92907714843733,RIGHT_SIDE,TRANSITION,True,OK
1789616175.7776916,-30.590799999999998,10.388199999999998,20.166,38.08384565508058,-62.698974609375085,-87.94006347656213,RIGHT_SIDE,TRANSITION,True,OK
1789616175.818615,-30.053699999999996,10.6018,20.1294,37.69371023513074,-62.86376953124994,-87.94555664062466,RIGHT_SIDE,TRANSITION,True,OK
1789616175.8583329,-30.053699999999996,10.6201,20.1172,37.69234860737653,-63.171386718749886,-87.95104980468732,RIGHT_SIDE,TRANSITION,True,OK
1789616175.8986752,-30.0781,10.6812,20.104999999999997,37.72255503077701,-63.934936523437514,-87.96203613281243,RIGHT_SIDE,TRANSITION,True,OK
1789616175.9377685,-29.834,10.711699999999999,20.1294,37.54997759320237,-64.47326660156246,-87.97302246093717,RIGHT_SIDE,TRANSITION,True,OK
1789616175.9777021,-29.9561,10.675,20.1416,37.643161434316326,-65.03906249999997,-87.98400878906226,RIGHT_SIDE,TRANSITION,True,OK
1789616176.0186362,-29.9316,10.6018,20.1416,37.60296387733286,-66.08825683593739,-88.00048828124973,RIGHT_SIDE,TRANSITION,True,OK
1789616176.0591698,-29.8828,10.5042,20.1294,37.53015717846117,-68.34594726562536,-88.03344726562513,RIGHT_SIDE,TRANSITION,True,OK
1789616176.0986269,-29.8584,10.5408,20.227099999999997,37.57350249324649,-70.65307617187513,-88.0609130859376,RIGHT_SIDE,TRANSITION,True,OK
1789616176.1416054,-29.7119,10.516399999999999,20.1782,37.423941879631016,-72.04284667968771,-88.07739257812517,RIGHT_SIDE,TRANSITION,True,OK
1789616176.1795816,-29.809599999999996,10.516399999999999,20.251499999999997,37.54104651404912,-72.8778076171874,-88.08288574218734,RIGHT_SIDE,TRANSITION,True,OK
1789616176.2197442,-30.127,10.3638,20.2881,37.771040243154545,-76.35498046874982,-88.11584472656263,RIGHT_SIDE,TRANSITION,True,OK
1789616176.260102,-29.7363,10.5896,20.2759,37.51665345763132,-78.14575195312497,-88.13232421875013,RIGHT_SIDE,TRANSITION,True,OK
1789616176.2996902,-30.1514,10.675,20.5322,38.008338345684095,-78.82690429687511,-88.13232421874993,RIGHT_SIDE,TRANSITION,True,OK
1789616176.3397105,-29.5898,10.8459,20.4712,37.580045772856636,-78.33801269531301,-88.13232421875051,RIGHT_SIDE,TRANSITION,True,OK
1789616176.3806446,-29.760699999999996,10.8459,20.2637,37.602531151373306,-77.32177734375031,-88.12133789062518,RIGHT_SIDE,TRANSITION,True,OK
1789616176.419754,-29.760699999999996,10.6506,20.251499999999997,37.54008253986663,-76.0308837890628,-88.11035156250034,RIGHT_SIDE,TRANSITION,True,OK
1789616176.4600549,-29.9805,10.4614,20.3247,37.7009907071419,-74.81689453124955,-88.09936523437467,RIGHT_SIDE,TRANSITION,True,OK
1789616176.4997523,-29.834,10.8215,20.4712,37.76562521248655,-73.83361816406259,-88.09387207031261,RIGHT_SIDE,TRANSITION,True,OK
1789616176.539713,-29.809599999999996,10.772699999999999,20.3857,37.686072784783505,-72.06481933593719,-88.07189941406244,RIGHT_SIDE,TRANSITION,True,OK
1789616176.5797186,-29.834,10.6506,20.3125,37.631110701253554,-70.71899414062453,-88.06091308593722,RIGHT_SIDE,TRANSITION,True,OK
1789616176.6196551,-29.8828,10.5469,20.1904,37.57487308840843,-70.14221191406297,-88.04992675781271,RIGHT_SIDE,TRANSITION,True,OK
1789616176.6618857,-29.8828,10.522499999999999,20.1782,37.5614762400255,-69.5050048828123,-88.04443359374967,RIGHT_SIDE,TRANSITION,True,OK
1789616176.6996732,-29.9316,10.778799999999999,20.3857,37.78438794647864,-69.50500488281229,-88.04443359374987,RIGHT_SIDE,TRANSITION,True,OK
1789616176.7396343,-29.785199999999996,10.852099999999998,20.361299999999996,37.67636860340974,-70.1202392578123,-88.04992675781234,RIGHT_SIDE,TRANSITION,True,OK
1789616176.7796156,-29.9561,10.7605,20.3125,37.759157084209384,-70.67504882812511,-88.0609130859374,RIGHT_SIDE,TRANSITION,True,OK
1789616176.819638,-29.8828,10.644499999999999,20.227099999999997,37.62210374899309,-71.04309082031267,-88.06640624999994,RIGHT_SIDE,TRANSITION,True,OK
1789616176.8600535,-29.8828,10.717799999999999,20.239299999999997,37.64946529726551,-71.69677734374957,-88.07189941406244,RIGHT_SIDE,TRANSITION,True,OK
1789616176.8996482,-30.3711,10.711699999999999,20.495599999999996,38.173470518935,-72.33398437499999,-88.07739257812517,RIGHT_SIDE,TRANSITION,True,OK
1789616176.939774,-29.7119,10.906999999999998,20.4346,37.67402988492206,-72.07580566406273,-88.07739257812537,RIGHT_SIDE,TRANSITION,True,OK
1789616176.979665,-29.7363,10.9863,20.3003,37.643704725624445,-70.38391113281243,-88.05541992187518,RIGHT_SIDE,TRANSITION,True,OK
1789616177.0197105,-29.9316,10.6873,20.1782,37.64676367352179,-66.40686035156261,-88.0004882812499,RIGHT_SIDE,TRANSITION,True,OK
1789616177.0608153,-30.3467,10.388199999999998,20.1172,37.862100258305794,-60.303955078125036,-87.87963867187514,RIGHT_SIDE,TRANSITION,True,OK
1789616177.0996313,-30.175799999999995,10.644499999999999,20.0195,37.744730309541225,-53.8659667968747,-87.69836425781226,RIGHT_SIDE,NOSE_DOWN,True,OK
1789616177.1397321,-30.297899999999995,10.6995,19.7876,37.73580737734387,-46.675415039062706,-87.4401855468751,RIGHT_SIDE,NOSE_DOWN,True,OK
1789616177.1796124,-30.7129,10.7849,19.6655,38.03062167083257,-39.385986328124886,-86.99523925781227,RIGHT_SIDE,NOSE_DOWN,True,OK
1789616177.2196016,-31.445299999999996,10.7239,19.519,38.53310634117109,-35.919799804687734,-86.62719726562524,RIGHT_SIDE,NOSE_DOWN,True,OK
1789616177.2623463,-31.201199999999996,11.0413,19.2749,38.300743558578596,-33.01391601562508,-86.14379882812501,RIGHT_SIDE,NOSE_DOWN,True,OK
1789616177.2996356,-31.5186,11.4624,18.811,38.45338061497324,-30.289306640625043,-85.17700195312507,RIGHT_SIDE,NOSE_DOWN,True,OK
1789616177.3408055,-32.3486,11.578399999999998,18.2617,38.90990819071667,-31.250610351562514,-84.06188964843761,RIGHT_SIDE,NOSE_DOWN,True,OK
1789616177.380811,-32.9834,11.9446,17.7368,39.308678672272876,-33.07983398437499,-82.88635253906249,RIGHT_SIDE,NOSE_DOWN,True,OK
1789616177.4206579,-33.4961,12.231399999999999,17.1387,39.564262900501504,-33.93127441406253,-81.46362304687499,RIGHT_SIDE,NOSE_DOWN,True,OK
1789616177.4631987,-34.20409999999999,12.5366,16.4307,39.963166777171196,-33.651123046874986,-80.01342773437496,RIGHT_SIDE,NOSE_DOWN,True,OK
1789616177.5007155,-35.0342,12.7319,15.7471,40.46563487281523,-32.66235351562495,-78.87634277343744,RIGHT_SIDE,NOSE_DOWN,True,OK
1789616177.5406213,-35.376,12.9272,15.1367,40.5917918147253,-31.283569335937518,-77.99194335937497,RIGHT_SIDE,NOSE_DOWN,True,OK
1789616177.58065,-35.571299999999994,13.159199999999998,14.611799999999999,40.64463836190451,-28.646850585937518,-76.75048828125003,RIGHT_SIDE,NOSE_DOWN,True,OK
1789616177.6207023,-36.6943,12.768599999999998,13.8062,41.23251092148039,-24.993896484374996,-74.70153808593747,RIGHT_SIDE,NOSE_DOWN,True,OK
1789616177.6613803,-38.1592,12.2559,12.8052,42.074989916695166,-21.511230468749993,-72.11425781250001,RIGHT_SIDE,NOSE_DOWN,True,OK
1789616177.701637,-38.98929999999999,11.9995,11.4929,42.38207480940497,-18.391113281249996,-69.05456542968749,RIGHT_SIDE,NOSE_DOWN,True,OK
1789616177.7416506,-40.03909999999999,11.633299999999998,9.881589999999997,42.84984269082092,-15.166625976562502,-65.423583984375,RIGHT_SIDE,NOSE_DOWN,True,OK
1789616177.7817826,-41.7725,11.0229,8.23975,43.98112732437062,-12.546386718749995,-61.57836914062497,RIGHT_SIDE,NOSE_DOWN,True,OK
1789616177.8226829,-43.335,10.314899999999998,6.40259,45.00347259621306,-10.343627929687505,-57.61779785156252,RIGHT_SIDE,NOSE_DOWN,True,OK
1789616177.8633866,-43.994099999999996,10.302699999999998,4.20227,45.379351419482624,-7.756347656250002,-53.596801757812514,RIGHT_SIDE,TRANSITION,True,OK
1789616177.9037993,-44.45799999999999,10.6201,2.72369,45.78994185654857,-5.174560546875,-50.026245117187486,RIGHT_SIDE,TRANSITION,True,OK
1789616177.9427593,-45.2393,10.2295,0.991058,46.39201580767281,-2.9278564453125,-46.92260742187499,RIGHT_SIDE,TRANSITION,True,OK
1789616177.9837906,-45.62989999999999,10.2112,-0.537872,46.7615834391692,-0.9832763671875002,-44.033203125,RIGHT_SIDE,TRANSITION,True,OK
1789616178.0227187,-45.8008,9.930419999999998,-1.84021,46.90109694730497,0.5328369140624999,-41.36352539062501,RIGHT_SIDE,TRANSITION,True,OK
1789616178.0661745,-46.0938,9.86938,-3.03955,47.23644698987107,1.12060546875,-39.841918945312486,RIGHT_SIDE,TRANSITION,True,OK
1789616178.1046615,-46.0449,10.241699999999998,-3.25012,47.28201047876877,1.6314697265624998,-38.76525878906249,RIGHT_SIDE,TRANSITION,True,OK
1789616178.1435266,-46.0449,10.382099999999998,-3.71094,47.34650876362057,1.7248535156250004,-38.078613281250014,RIGHT_SIDE,TRANSITION,True,OK
1789616178.184574,-45.8496,10.5896,-4.09241,47.23423830155516,1.1590576171875,-36.40869140624999,RIGHT_SIDE,TRANSITION,True,OK
1789616178.2246323,-46.2891,10.113499999999998,-5.398559999999999,47.68760961857493,0.560302734375,-35.32653808593751,RIGHT_SIDE,TRANSITION,True,OK
1789616178.2649386,-46.2402,10.0952,-6.00891,47.7092879685717,0.04394531250000003,-34.365234375000014,RIGHT_SIDE,LEVEL,True,OK
1789616178.3055756,-46.3379,10.253899999999998,-6.38428,47.88634954492146,-0.1318359375,-33.38195800781251,RIGHT_SIDE,LEVEL,True,OK
1789616178.3445456,-46.0693,10.3577,-7.04346,47.7417289229412,0.04394531250000002,-31.948242187500007,RIGHT_SIDE,LEVEL,True,OK
1789616178.3856404,-46.3379,10.26,-7.983399999999999,48.12694933163747,0.43395996093750006,-30.520019531250018,RIGHT_SIDE,LEVEL,True,OK
1789616178.4246106,-46.5088,9.83887,-9.30176,48.439597225973095,0.8953857421875001,-28.839111328125004,RIGHT_SIDE,LEVEL,True,OK
1789616178.4669988,-46.2158,10.113499999999998,-10.1379,48.38346895686584,1.51611328125,-27.119750976562496,RIGHT_SIDE,LEVEL,True,OK
1789616178.5056295,-45.92289999999999,10.5591,-10.497999999999998,48.276447065002614,2.0928955078125,-25.664062499999993,RIGHT_SIDE,LEVEL,True,OK
1789616178.5455675,-46.0205,10.4858,-11.3586,48.54746353672867,2.4389648437499996,-24.9224853515625,RIGHT_SIDE,LEVEL,True,OK
1789616178.5855706,-45.9717,10.6934,-11.6516,48.6159005574308,2.4554443359375,-24.46105957031249,RIGHT_SIDE,LEVEL,True,OK
1789616178.6257858,-45.8008,10.644499999999999,-12.365699999999999,48.620255011466156,2.0654296875000004,-23.7249755859375,RIGHT_SIDE,LEVEL,True,OK
1789616178.6674795,-45.5322,10.8948,-13.0005,48.58899982640104,1.395263671875,-22.620849609375004,RIGHT_SIDE,LEVEL,True,OK
1789616178.7066083,-45.4102,10.8826,-13.6841,48.65975585234682,0.736083984375,-21.610107421875004,RIGHT_SIDE,LEVEL,True,OK
1789616178.7466543,-45.2637,10.8093,-14.3188,48.68954238458193,0.1263427734374998,-20.906982421875,RIGHT_SIDE,LEVEL,True,OK
1789616178.7865336,-45.166,10.8704,-14.623999999999999,48.70312647212702,-0.4724121093749998,-20.473022460937504,RIGHT_SIDE,LEVEL,True,OK
1789616178.826622,-45.1904,10.6201,-14.978,48.77806125882823,-1.1865234374999993,-20.2587890625,RIGHT_SIDE,LEVEL,True,OK
1789616178.8675478,-45.1172,10.4553,-15.3931,48.80391953050492,-2.1478271484375,-19.698486328124996,RIGHT_SIDE,LEVEL,True,OK
1789616178.9066556,-45.0439,10.1624,-15.978999999999997,48.8626211123595,-3.2739257812499996,-18.923950195312504,RIGHT_SIDE,LEVEL,True,OK
1789616178.946629,-44.8486,9.936519999999998,-16.5771,48.835761446714436,-4.323120117187502,-18.237304687500004,RIGHT_SIDE,LEVEL,True,OK
1789616178.9865532,-44.9463,9.51538,-17.1387,49.03516470783391,-5.202026367187501,-17.413330078124996,RIGHT_SIDE,LEVEL,True,OK
1789616179.0267456,-44.8975,9.021,-18.0054,49.207300031702616,-5.762329101562501,-16.3751220703125,RIGHT_SIDE,LEVEL,True,OK
1789616179.0681753,-44.5068,9.16138,-18.75,49.15636916763076,-5.817260742187499,-15.205078125,RIGHT_SIDE,LEVEL,True,OK
1789616179.1066055,-44.043,9.53369,-19.397,49.06037813772026,-5.4766845703125,-13.754882812500002,RIGHT_SIDE,LEVEL,True,OK
1789616179.1477327,-43.7988,9.429929999999999,-20.361299999999996,49.21220376019448,-4.910888671874998,-12.178344726562498,RIGHT_SIDE,LEVEL,True,OK
1789616179.1866598,-43.408199999999994,9.77783,-20.6665,49.06100293511028,-4.394531249999999,-10.7501220703125,RIGHT_SIDE,LEVEL,True,OK
1789616179.227576,-42.94429999999999,9.77783,-21.8506,49.165715517613485,-4.235229492187499,-9.525146484374998,RIGHT_SIDE,LEVEL,True,OK
1789616179.2672443,-42.48049999999999,10.0708,-22.4609,49.0969033819853,-4.553833007812498,-8.761596679687498,RIGHT_SIDE,LEVEL,True,OK
1789616179.3076465,-42.4072,9.747309999999999,-22.7051,49.08056876286277,-5.240478515624999,-8.190307617187502,RIGHT_SIDE,LEVEL,True,OK
1789616179.346707,-42.285199999999996,9.41162,-23.0835,49.08629851918353,-5.982055664062501,-7.734375000000001,RIGHT_SIDE,LEVEL,True,OK
1789616179.3876576,-42.21189999999999,9.24072,-23.3887,49.13518795546018,-6.465454101562497,-7.2564697265625,RIGHT_SIDE,LEVEL,True,OK
1789616179.4265692,-41.9678,9.271239999999999,-23.7305,49.095710181517894,-6.542358398437499,-6.926879882812497,RIGHT_SIDE,LEVEL,True,OK
1789616179.4677134,-41.8457,9.42383,-23.877,49.091570654837476,-6.361083984374998,-6.569824218749998,RIGHT_SIDE,LEVEL,True,OK
1789616179.5076087,-41.7236,9.68628,-23.8525,49.02677404692664,-6.196289062499999,-6.3995361328125,RIGHT_SIDE,LEVEL,True,OK
1789616179.5487273,-41.5771,9.99756,-24.0356,49.0542201826061,-5.800781250000002,-6.26220703125,RIGHT_SIDE,LEVEL,True,OK
1789616179.5876632,-41.626,10.0342,-23.7671,48.972278771259965,-5.4052734375,-6.047973632812499,RIGHT_SIDE,LEVEL,True,OK
1789616179.628628,-41.4795,9.8877,-24.2432,49.051485989519215,-5.1141357421875,-5.64697265625,RIGHT_SIDE,LEVEL,True,OK
1789616179.6681468,-41.3086,10.0342,-24.4385,49.03392586617963,-4.9713134765625,-5.075683593749999,RIGHT_SIDE,LEVEL,True,OK
1789616179.7078016,-41.04,10.1318,-25.0732,49.14875715091888,-5.020751953125,-4.39453125,RIGHT_SIDE,LEVEL,True,OK
1789616179.7476768,-40.844699999999996,10.113499999999998,-24.987799999999996,48.938354581861454,-5.223999023437501,-3.6199951171875,RIGHT_SIDE,LEVEL,True,OK
1789616179.7885985,-40.5518,10.0586,-25.1221,48.75185971437397,-5.614013671875001,-2.8125000000000004,RIGHT_SIDE,LEVEL,True,OK
1789616179.8285928,-40.1611,9.71069,-26.123,48.88376604237955,-5.9600830078125,-2.0544433593750004,RIGHT_SIDE,LEVEL,True,OK
1789616179.8697436,-39.916999999999994,9.85107,-26.611299999999996,48.97521574056514,-6.036987304687499,-1.505126953125,RIGHT_SIDE,LEVEL,True,OK
1789616179.9099102,-39.81929999999999,9.84497,-26.440399999999997,48.80158643887408,-5.855712890625,-1.16455078125,RIGHT_SIDE,LEVEL,True,OK
1789616179.9496818,-39.79489999999999,10.2905,-25.927699999999998,48.5980872416806,-5.5316162109375,-1.1755371093749998,RIGHT_SIDE,LEVEL,True,OK
1789616179.989653,-39.81929999999999,10.3943,-26.074199999999998,48.71839519750213,-5.136108398437498,-1.1590576171874998,RIGHT_SIDE,LEVEL,True,OK
1789616180.0296369,-39.5508,10.3577,-27.0264,49.009938042095094,-4.921875,-0.9832763671875002,RIGHT_SIDE,LEVEL,True,OK
1789616180.069757,-39.2822,10.553,-26.9287,48.78126617391148,-4.608764648437498,0.13183593749999986,RIGHT_SIDE,LEVEL,True,OK
1789616180.1097465,-39.01369999999999,10.436999999999998,-27.2217,48.70339523667728,-4.998779296874999,0.7525634765624998,RIGHT_SIDE,LEVEL,True,OK
1789616180.1496792,-39.0381,10.376,-27.2217,48.70991252814975,-5.1690673828125,0.7086181640625001,RIGHT_SIDE,LEVEL,True,OK
1789616180.1896303,-39.0869,10.3577,-27.0264,48.63634441300045,-5.026245117187499,0.9173583984374999,RIGHT_SIDE,LEVEL,True,OK
1789616180.2296157,-39.01369999999999,9.96704,-27.417,48.71450054194951,-4.9163818359375,1.109619140625,RIGHT_SIDE,LEVEL,True,OK
1789616180.269798,-39.01369999999999,9.96094,-27.4414,48.72698992687317,-4.768066406250001,1.318359375,RIGHT_SIDE,LEVEL,True,OK
1789616180.3096921,-38.89159999999999,9.86938,-27.929699999999997,48.88792646691409,-4.509887695312501,1.6424560546874996,RIGHT_SIDE,LEVEL,True,OK
1789616180.3497286,-38.89159999999999,9.875489999999997,-27.5879,48.69470278901083,-4.339599609375001,1.8621826171875002,RIGHT_SIDE,LEVEL,True,OK
1789616180.3896217,-38.86719999999999,10.0769,-27.392599999999998,48.6061486255597,-4.345092773437498,1.9116210937499998,RIGHT_SIDE,LEVEL,True,OK
1789616180.4358423,-38.916,9.881589999999997,-27.5635,48.70161608384367,-4.427490234375001,1.8566894531249996,RIGHT_SIDE,LEVEL,True,OK
1789616180.4698055,-38.9404,9.73511,-27.832,48.84411267360786,-4.471435546874999,1.7907714843749998,RIGHT_SIDE,LEVEL,True,OK
1789616180.5096803,-39.0625,9.881589999999997,-27.3682,48.70875792317128,-4.691162109375001,1.5051269531250007,RIGHT_SIDE,LEVEL,True,OK
1789616180.549761,-39.2334,9.96094,-26.977499999999996,48.64427517697843,-4.998779296875,1.0986328125000004,RIGHT_SIDE,LEVEL,True,OK
1789616180.589796,-39.4287,9.69849,-26.879899999999996,48.69509334604565,-5.29541015625,0.6866455078125001,RIGHT_SIDE,LEVEL,True,OK
1789616180.6295965,-39.5996,9.3689,-27.2949,48.99914461886044,-5.515136718749999,0.3515624999999997,RIGHT_SIDE,LEVEL,True,OK
1789616180.6697516,-39.6729,9.49097,-26.7822,48.79860390206773,-5.619506835937499,0.2471923828125,RIGHT_SIDE,LEVEL,True,OK
1789616180.7096949,-39.6729,9.47876,-26.7822,48.796230616591686,-5.586547851562499,0.32409667968750006,RIGHT_SIDE,LEVEL,True,OK
1789616180.749587,-39.6729,9.381099999999998,-26.879899999999996,48.83106650105033,-5.586547851562501,0.33508300781249994,RIGHT_SIDE,LEVEL,True,OK
1789616180.7897928,-39.6973,9.32007,-26.8311,48.812367892829165,-5.592041015625001,0.3131103515624997,RIGHT_SIDE,LEVEL,True,OK
1789616180.8348942,-39.6729,9.405519999999997,-26.7578,48.76866475228125,-5.575561523437501,0.3460693359375,RIGHT_SIDE,LEVEL,True,OK
1789616180.8707907,-39.6729,9.49097,-26.733399999999996,48.77183799602902,-5.570068359375,0.3295898437500001,RIGHT_SIDE,LEVEL,True,OK
1789616180.910637,-39.7217,9.52148,-26.709,48.80412598623604,-5.5645751953125,0.41748046875000017,RIGHT_SIDE,LEVEL,True,OK
1789616180.9506586,-39.6973,9.613039999999998,-26.611299999999996,48.74882001671014,-5.55908203125,0.32409667968749983,RIGHT_SIDE,LEVEL,True,OK
1789616180.990631,-39.7217,9.60083,-26.709,48.81966887002512,-5.564575195312499,0.3845214843750001,RIGHT_SIDE,LEVEL,True,OK
1789616181.030721,-39.6973,9.539789999999998,-26.7578,48.8145785741729,-5.542602539062499,0.3845214843750001,RIGHT_SIDE,LEVEL,True,OK
1789616181.070821,-39.7461,9.30176,-27.0752,48.98307523367229,-5.5535888671875,0.43945312499999994,RIGHT_SIDE,LEVEL,True,OK
1789616181.1106877,-39.7217,9.52759,-26.733399999999996,48.81867570569791,-5.542602539062502,0.43945312499999994,RIGHT_SIDE,LEVEL,True,OK
1789616181.1517143,-39.7461,9.8938,-26.2939,48.6724657363894,-5.5426025390625,0.4888916015624997,RIGHT_SIDE,LEVEL,True,OK
1789616181.1917212,-39.7461,9.69238,-26.5381,48.76438707586101,-5.537109375000001,0.4998779296875001,RIGHT_SIDE,LEVEL,True,OK
1789616181.2327302,-39.7217,9.28955,-27.123999999999995,48.98796348178295,-5.537109375,0.5383300781249994,RIGHT_SIDE,LEVEL,True,OK
1789616181.2727473,-39.7217,9.49097,-26.709,48.79818278820329,-5.531616210937499,0.5493164062499998,RIGHT_SIDE,LEVEL,True,OK
1789616181.31276,-39.6973,9.69849,-26.586899999999996,48.75243160274264,-5.531616210937499,0.5767822265625,RIGHT_SIDE,LEVEL,True,OK
1789616181.352768,-39.7217,9.63135,-26.5625,48.745694783872956,-5.526123046875,0.5987548828125,RIGHT_SIDE,LEVEL,True,OK
1789616181.392621,-39.77049999999999,9.454349999999998,-26.709,48.83081081829892,-5.520629882812498,0.6207275390625001,RIGHT_SIDE,LEVEL,True,OK
1789616181.4326527,-39.6973,9.539789999999998,-26.6357,48.747756205020345,-5.51513671875,0.6481933593750002,RIGHT_SIDE,LEVEL,True,OK
1789616181.4738228,-39.7217,9.588619999999999,-26.6602,48.790586678522324,-5.5206298828125,0.6646728515625001,RIGHT_SIDE,LEVEL,True,OK
1789616181.5136468,-39.6973,9.716799999999997,-26.586899999999996,48.756077376466614,-5.515136718749998,0.6866455078125001,RIGHT_SIDE,LEVEL,True,OK
1789616181.5548015,-39.7217,9.76562,-26.5381,48.75911747031933,-5.515136718749997,0.7086181640624999,RIGHT_SIDE,LEVEL,True,OK
1789616181.5936997,-39.7217,9.83276,-26.5381,48.7726088262418,-5.51513671875,0.7305908203124996,RIGHT_SIDE,LEVEL,True,OK
1789616181.634655,-39.7217,9.63135,-26.709,48.82568007424474,-5.509643554687502,0.7470703125000002,RIGHT_SIDE,LEVEL,True,OK
1789616181.6750445,-39.7217,9.43604,-26.9043,48.89472016753547,-5.509643554687501,0.7635498046875,RIGHT_SIDE,LEVEL,True,OK
1789616181.715868,-39.7217,9.564209999999997,-26.709,48.812480420627054,-5.509643554687502,0.7965087890625001,RIGHT_SIDE,LEVEL,True,OK
1789616181.7550173,-39.7461,9.64966,-26.586899999999996,48.782493324302315,-5.509643554687499,0.8020019531250006,RIGHT_SIDE,LEVEL,True,OK
1789616181.7960663,-39.7461,9.70459,-26.5381,48.766815396210774,-5.504150390624998,0.8349609374999997,RIGHT_SIDE,LEVEL,True,OK
1789616181.8346148,-39.77049999999999,9.405519999999997,-26.5137,48.71481052421737,-5.504150390624999,0.8404541015624998,RIGHT_SIDE,LEVEL,True,OK
1789616181.8769152,-39.6973,9.52148,-26.855499999999996,48.864630244486655,-5.504150390625,0.8679199218750001,RIGHT_SIDE,LEVEL,True,OK
1789616181.9158921,-39.6729,9.81445,-26.5137,48.715897927704255,-5.498657226562499,0.8843994140624999,RIGHT_SIDE,LEVEL,True,OK
1789616181.956226,-39.6973,9.53369,-26.709,48.786653434172955,-5.498657226562502,0.8953857421875001,RIGHT_SIDE,LEVEL,True,OK
1789616181.9968185,-39.7217,9.34448,-26.733399999999996,48.78327001053127,-5.4986572265625,0.9008789062500001,RIGHT_SIDE,LEVEL,True,OK
1789616182.040846,-39.6729,9.46045,-26.9043,48.85980420655101,-5.4931640625,0.9228515624999999,RIGHT_SIDE,LEVEL,True,OK
1789616182.0779006,-39.7217,9.924319999999998,-26.3916,48.71162211333554,-5.4931640625,0.94482421875,RIGHT_SIDE,LEVEL,True,OK
1789616182.1176555,-39.6729,9.57642,-26.733399999999996,48.788538510457556,-5.498657226562502,0.9558105468750003,RIGHT_SIDE,LEVEL,True,OK
1789616182.1576774,-39.77049999999999,9.47266,-26.5137,48.727817983320364,-5.4931640625,0.9667968750000003,RIGHT_SIDE,LEVEL,True,OK
1789616182.198755,-39.6973,9.59473,-26.7822,48.838721399140866,-5.487670898437502,0.9887695312500002,RIGHT_SIDE,LEVEL,True,OK
1789616182.2386293,-39.6973,9.588619999999999,-26.855499999999996,48.87775711961832,-5.487670898437501,0.9997558593750003,RIGHT_SIDE,LEVEL,True,OK
1789616182.2777781,-39.7217,9.52148,-26.7578,48.83084980952512,-5.487670898437501,1.0107421874999998,RIGHT_SIDE,LEVEL,True,OK
1789616182.3187096,-39.7217,9.49707,-26.7578,48.826095997068,-5.4876708984375,1.0217285156249996,RIGHT_SIDE,LEVEL,True,OK
1789616182.3596694,-39.7217,9.44824,-26.7578,48.816621665449155,-5.482177734375001,1.0382080078125,RIGHT_SIDE,LEVEL,True,OK
1789616182.39961,-39.7217,9.47266,-26.709,48.79462490239678,-5.487670898437499,1.0491943359375,RIGHT_SIDE,LEVEL,True,OK
1789616182.4416866,-39.6973,9.49097,-26.709,48.778323257681784,-5.482177734375,1.0601806640625004,RIGHT_SIDE,LEVEL,True,OK
1789616182.4807982,-39.6973,9.58252,-26.6602,48.76952512461445,-5.482177734375,1.0711669921875002,RIGHT_SIDE,LEVEL,True,OK
1789616182.5206974,-39.648399999999995,9.83887,-26.6846,48.794127337179624,-5.482177734375,1.0876464843750004,RIGHT_SIDE,LEVEL,True,OK
1789616182.5606892,-39.6973,9.588619999999999,-26.709,48.797417368077994,-5.4766845703125,1.0986328125,RIGHT_SIDE,LEVEL,True,OK
1789616182.6007214,-39.7217,9.60083,-26.5625,48.739673714838304,-5.476684570312502,1.109619140625,RIGHT_SIDE,LEVEL,True,OK
1789616182.6406763,-39.6729,9.539789999999998,-26.709,48.76799430624659,-5.4766845703125,1.12060546875,RIGHT_SIDE,LEVEL,True,OK
1789616182.6807678,-39.6729,9.771729999999998,-26.9531,48.94788352128108,-5.4766845703125,1.1315917968750002,RIGHT_SIDE,LEVEL,True,OK
1789616182.7207036,-39.6973,9.558109999999997,-26.7578,48.81816214179001,-5.471191406250001,1.1370849609375002,RIGHT_SIDE,LEVEL,True,OK
1789616182.7607424,-39.7461,9.667969999999999,-26.2451,48.60069323724611,-5.471191406250001,1.1480712890624998,RIGHT_SIDE,LEVEL,True,OK
1789616182.800651,-39.7217,9.60083,-26.6357,48.77960539066404,-5.471191406249999,1.1590576171875004,RIGHT_SIDE,LEVEL,True,OK
1789616182.8406596,-39.648399999999995,9.69849,-26.7578,48.80610813904444,-5.471191406249999,1.1700439453125004,RIGHT_SIDE,LEVEL,True,OK
1789616182.8808217,-39.6973,9.509279999999999,-26.6846,48.76853402111242,-5.47119140625,1.175537109375,RIGHT_SIDE,LEVEL,True,OK
1789616182.921633,-39.6729,9.50317,-26.709,48.76084408066476,-5.47119140625,1.1865234374999998,RIGHT_SIDE,LEVEL,True,OK
1789616182.9618394,-39.6973,9.63745,-26.611299999999996,48.75363942807244,-5.4656982421875,1.197509765625,RIGHT_SIDE,LEVEL,True,OK
1789616183.0016315,-39.7217,9.68628,-26.440399999999997,48.69016557055849,-5.4656982421875,1.2084960937500004,RIGHT_SIDE,LEVEL,True,OK
1789616183.0418103,-39.6729,9.613039999999998,-26.6602,48.75567450555473,-5.465698242187499,1.2139892578124998,RIGHT_SIDE,LEVEL,True,OK
1789616183.0828853,-39.6973,9.59473,-26.709,48.79861834174098,-5.465698242187498,1.2249755859374996,RIGHT_SIDE,LEVEL,True,OK
1789616183.122703,-39.6729,9.558109999999997,-26.7822,48.81170656740143,-5.465698242187499,1.2304687499999996,RIGHT_SIDE,LEVEL,True,OK
1789616183.1627827,-39.7217,9.661869999999999,-26.611299999999996,48.77834017755114,-5.465698242187499,1.2414550781249998,RIGHT_SIDE,LEVEL,True,OK
1789616183.2027307,-39.7461,9.75342,-26.3916,48.69700419395838,-5.465698242187499,1.2469482421874998,RIGHT_SIDE,LEVEL,True,OK
1789616183.2427664,-39.7217,9.63745,-26.611299999999996,48.77350900932287,-5.460205078125001,1.2579345703125,RIGHT_SIDE,LEVEL,True,OK
1789616183.2826834,-39.6729,9.61914,-27.0752,48.98503142583048,-5.460205078125,1.263427734375,RIGHT_SIDE,LEVEL,True,OK
1789616183.32282,-39.6973,9.47876,-26.7822,48.81607066599687,-5.460205078125001,1.2744140624999996,RIGHT_SIDE,LEVEL,True,OK
1789616183.36273,-39.77049999999999,9.59473,-26.318399999999997,48.64575718994308,-5.460205078125001,1.2799072265625002,RIGHT_SIDE,LEVEL,True,OK
1789616183.402662,-39.7217,9.729,-26.5137,48.73851843849995,-5.460205078124998,1.2908935546875,RIGHT_SIDE,LEVEL,True,OK
1789616183.4427197,-39.6729,9.68628,-26.879899999999996,48.89061299123176,-5.4547119140625,1.2963867187499998,RIGHT_SIDE,LEVEL,True,OK
1789616183.4826624,-39.6729,9.539789999999998,-26.709,48.76799430624659,-5.454711914062499,1.3073730468749996,RIGHT_SIDE,LEVEL,True,OK
1789616183.5227034,-39.7217,9.75342,-26.318399999999997,48.63744268715615,-5.454711914062499,1.3128662109374996,RIGHT_SIDE,LEVEL,True,OK
1789616183.5628288,-39.6973,9.52759,-26.6357,48.745370169772016,-5.449218750000001,1.3183593750000002,RIGHT_SIDE,LEVEL,True,OK
1789616183.603756,-39.6729,9.62524,-27.0996,48.99971999539997,-5.44921875,1.3293457031249996,RIGHT_SIDE,LEVEL,True,OK
1789616183.6436713,-39.6973,9.558109999999997,-26.7578,48.81816214179001,-5.44921875,1.3348388671875002,RIGHT_SIDE,LEVEL,True,OK
1789616183.6836333,-39.6973,9.57031,-26.7578,48.82055224622208,-5.44921875,1.3403320312500004,RIGHT_SIDE,LEVEL,True,OK
1789616183.723694,-39.6973,9.57031,-26.8066,48.847315835633175,-5.449218749999998,1.3458251953125,RIGHT_SIDE,LEVEL,True,OK
1789616183.7638068,-39.7217,9.60083,-26.586899999999996,48.75297569573471,-5.449218749999999,1.3513183593749998,RIGHT_SIDE,LEVEL,True,OK
1789616183.8036554,-39.6973,9.564209999999997,-26.709,48.79262670951523,-5.449218749999999,1.3568115234375002,RIGHT_SIDE,LEVEL,True,OK
1789616183.8436131,-39.7217,9.47266,-26.7578,48.82135392638758,-5.449218750000001,1.3623046875,RIGHT_SIDE,LEVEL,True,OK
1789616183.8836548,-39.6729,9.47876,-27.123999999999995,48.98466353408585,-5.4437255859375,1.3677978515624996,RIGHT_SIDE,LEVEL,True,OK
1789616183.9237523,-39.7217,9.47266,-26.709,48.79462490239678,-5.443725585937499,1.3787841796875,RIGHT_SIDE,LEVEL,True,OK
1789616183.9636877,-39.6729,9.62524,-26.5137,48.678131919349575,-5.4437255859375,1.3732910156250002,RIGHT_SIDE,LEVEL,True,OK
1789616184.0036767,-39.6973,9.60693,-26.6357,48.7609397551452,-5.438232421874998,1.3842773437500004,RIGHT_SIDE,LEVEL,True,OK
1789616184.0436516,-39.648399999999995,9.26514,-27.1484,48.937450529626076,-5.438232421874999,1.3897705078125002,RIGHT_SIDE,LEVEL,True,OK
1789616184.0836675,-39.6729,9.62524,-26.6602,48.75808141741838,-5.438232421874999,1.3952636718749998,RIGHT_SIDE,LEVEL,True,OK
1789616184.1236846,-39.6973,9.81445,-26.3672,48.65622562357771,-5.438232421874999,1.4007568359375002,RIGHT_SIDE,LEVEL,True,OK
1789616184.163774,-39.6973,9.613039999999998,-26.586899999999996,48.73550468540979,-5.438232421875,1.4007568359375002,RIGHT_SIDE,LEVEL,True,OK
1789616184.2036965,-39.6729,9.509279999999999,-27.123999999999995,48.99057844655847,-5.432739257812497,1.4117431640624998,RIGHT_SIDE,LEVEL,True,OK
1789616184.2446475,-39.6973,9.552,-26.733399999999996,48.80359624914951,-5.432739257812499,1.4117431640625,RIGHT_SIDE,LEVEL,True,OK
1789616184.2847624,-39.6973,9.58252,-26.6846,48.78286783288166,-5.4327392578125,1.4172363281250004,RIGHT_SIDE,LEVEL,True,OK
1789616184.3246903,-39.7217,9.51538,-26.7578,48.829660742978746,-5.4327392578125,1.4227294921875002,RIGHT_SIDE,LEVEL,True,OK
1789616184.3647947,-39.7217,9.564209999999997,-26.6357,48.77241103640561,-5.432739257812499,1.4282226562500002,RIGHT_SIDE,LEVEL,True,OK
1789616184.404929,-39.7217,9.75342,-26.464799999999997,48.71681733884511,-5.42724609375,1.4282226562500002,RIGHT_SIDE,LEVEL,True,OK
1789616184.4446607,-39.7217,9.65576,-26.5625,48.750523672239666,-5.42724609375,1.4337158203125,RIGHT_SIDE,LEVEL,True,OK
1789616184.4846485,-39.6973,9.558109999999997,-26.6602,48.76473477936797,-5.4327392578125,1.4392089843750002,RIGHT_SIDE,LEVEL,True,OK
1789616184.5246477,-39.6729,9.60693,-26.709,48.78117238684306,-5.42724609375,1.4392089843750004,RIGHT_SIDE,LEVEL,True,OK
1789616184.5648584,-39.6973,9.820559999999999,-26.440399999999997,48.69716396427619,-5.42724609375,1.4447021484375007,RIGHT_SIDE,LEVEL,True,OK
1789616184.6051333,-39.7217,9.84497,-26.489299999999997,48.748537410684435,-5.42724609375,1.4501953125,RIGHT_SIDE,LEVEL,True,OK
1789616184.6446676,-39.7217,9.52759,-26.879899999999996,48.89905363202952,-5.427246093750001,1.4501953125000002,RIGHT_SIDE,LEVEL,True,OK
1789616184.6847076,-39.6973,9.65576,-26.6846,48.797307360423076,-5.421752929687499,1.4611816406249991,RIGHT_SIDE,LEVEL,True,OK
1789616184.7259533,-39.6729,9.8938,-26.5625,48.75851391398224,-5.421752929687498,1.461181640625,RIGHT_SIDE,LEVEL,True,OK
1789616184.7650406,-39.7461,9.68628,-26.489299999999997,48.73663406451455,-5.421752929687499,1.4666748046875007,RIGHT_SIDE,LEVEL,True,OK
1789616184.8054256,-39.7461,9.52148,-26.611299999999996,48.77060932867663,-5.421752929687499,1.4666748046874996,RIGHT_SIDE,LEVEL,True,OK
1789616184.8447037,-39.7217,9.67407,-26.5381,48.740864096411954,-5.421752929687501,1.4721679687500004,RIGHT_SIDE,LEVEL,True,OK
1789616184.8862839,-39.648399999999995,9.747309999999999,-26.7822,48.82921166306189,-5.4217529296875,1.4721679687499998,RIGHT_SIDE,LEVEL,True,OK
1789616184.9257889,-39.6973,9.552,-26.5625,48.710191310854036,-5.416259765625,1.4776611328124998,RIGHT_SIDE,LEVEL,True,OK
1789616184.9658556,-39.7217,9.381099999999998,-26.8066,48.83044431151533,-5.421752929687499,1.4776611328125002,RIGHT_SIDE,LEVEL,True,OK
1789616185.0061674,-39.7217,9.79614,-26.489299999999997,48.738699452074016,-5.416259765625,1.4831542968750002,RIGHT_SIDE,LEVEL,True,OK
1789616185.0466893,-39.7217,9.661869999999999,-26.5625,48.75173421568611,-5.416259765624999,1.4886474609374996,RIGHT_SIDE,LEVEL,True,OK
1789616185.0865986,-39.6729,9.57642,-26.709,48.7751729410199,-5.4107666015625,1.4886474609375,RIGHT_SIDE,LEVEL,True,OK
1789616185.1307878,-39.6729,9.70459,-26.6846,48.787149318627954,-5.416259765625,1.4886474609375002,RIGHT_SIDE,LEVEL,True,OK
1789616185.1675715,-39.6729,9.60693,-26.7578,48.80790877793168,-5.416259765625,1.4941406249999996,RIGHT_SIDE,LEVEL,True,OK
1789616185.2080941,-39.6973,9.65576,-26.709,48.810654671573495,-5.416259765625,1.494140625,RIGHT_SIDE,LEVEL,True,OK
1789616185.2476792,-39.6729,9.539789999999998,-26.7822,48.80812252580609,-5.416259765625,1.4996337890624998,RIGHT_SIDE,LEVEL,True,OK
1789616185.2876182,-39.7217,9.60693,-26.733399999999996,48.834221919417324,-5.4052734375,1.4996337890624998,RIGHT_SIDE,LEVEL,True,OK
1789616185.327559,-39.6973,9.60083,-26.8311,48.866752410907154,-5.405273437499998,1.5106201171874993,RIGHT_SIDE,LEVEL,True,OK
1789616185.367601,-39.7217,9.564209999999997,-26.7578,48.839199672538655,-5.410766601562501,1.505126953125,RIGHT_SIDE,LEVEL,True,OK
1789616185.4076474,-39.7461,9.33228,-26.6357,48.74735305325203,-5.416259765624998,1.5106201171874996,RIGHT_SIDE,LEVEL,True,OK
1789616185.4475663,-39.7217,9.44214,-26.7578,48.815441404432676,-5.416259765624999,1.5106201171874993,RIGHT_SIDE,LEVEL,True,OK
1789616185.4876747,-39.6973,9.75952,-26.709,48.831286476196794,-5.383300781249998,1.5270996093750002,RIGHT_SIDE,LEVEL,True,OK
1789616185.5275624,-39.6729,9.49707,-26.7578,48.78640378050938,-5.377807617187498,1.5380859375,RIGHT_SIDE,LEVEL,True,OK
1789616185.5685604,-39.7217,9.381099999999998,-26.7578,48.803671469880214,-5.410766601562501,1.5216064453125004,RIGHT_SIDE,LEVEL,True,OK
1789616185.608761,-39.7217,9.63745,-26.709,48.8268837260018,-5.416259765625,1.5051269531250004,RIGHT_SIDE,LEVEL,True,OK
1789616185.6487257,-39.6729,9.558109999999997,-27.1484,49.01359080644979,-5.394287109375,1.5325927734374998,RIGHT_SIDE,LEVEL,True,OK
1789616185.688623,-39.6973,9.74121,-26.6846,48.8142876288705,-5.372314453125,1.5380859374999991,RIGHT_SIDE,LEVEL,True,OK
1789616185.728532,-39.79489999999999,9.46045,-26.5625,48.77192416198585,-5.3997802734375,1.5380859374999998,RIGHT_SIDE,LEVEL,True,OK
1789616185.7685213,-39.77049999999999,9.61914,-26.733399999999996,48.87632555900248,-5.394287109375,1.5270996093749993,RIGHT_SIDE,LEVEL,True,OK
1789616185.8088005,-39.7461,9.60693,-26.733399999999996,48.85407091322994,-5.3887939453125,1.5325927734375002,RIGHT_SIDE,LEVEL,True,OK
1789616185.8489149,-39.7217,9.53369,-26.733399999999996,48.81986656542703,-5.3887939453125,1.5435791015625002,RIGHT_SIDE,LEVEL,True,OK
1789616185.8896346,-39.7461,9.588619999999999,-26.8066,48.89057068877801,-5.372314453125,1.5380859374999998,RIGHT_SIDE,LEVEL,True,OK
1789616185.9287565,-39.7217,9.47266,-26.7578,48.82135392638758,-5.372314453125,1.5435791015625,RIGHT_SIDE,LEVEL,True,OK
1789616185.9696786,-39.7461,9.60083,-26.611299999999996,48.78616289060761,-5.38330078125,1.5380859374999993,RIGHT_SIDE,LEVEL,True,OK
1789616186.009811,-39.81929999999999,9.63745,-26.2695,48.66768666417688,-5.38330078125,1.5545654296875004,RIGHT_SIDE,LEVEL,True,OK
1789616186.0497851,-39.7461,9.68018,-26.5381,48.76196367715722,-5.372314453125001,1.5545654296875004,RIGHT_SIDE,LEVEL,True,OK
1789616186.0896578,-39.7217,9.63135,-26.8311,48.8925789964336,-5.372314453125,1.5545654296875004,RIGHT_SIDE,LEVEL,True,OK
1789616186.1296241,-39.7461,9.588619999999999,-26.7578,48.86383079082523,-5.377807617187499,1.5655517578124998,RIGHT_SIDE,LEVEL,True,OK
1789616186.1697068,-39.77049999999999,9.771729999999998,-26.2451,48.64138825581461,-5.372314453125,1.5545654296875002,RIGHT_SIDE,LEVEL,True,OK
1789616186.2099075,-39.77049999999999,9.8938,-26.489299999999997,48.798186064443,-5.377807617187497,1.5600585937499998,RIGHT_SIDE,LEVEL,True,OK
1789616186.249623,-39.7461,9.68018,-26.9531,48.98905948936354,-5.372314453125,1.5600585937500004,RIGHT_SIDE,LEVEL,True,OK
1789616186.289692,-39.7217,9.75952,-26.709,48.85112447549595,-5.366821289062499,1.5655517578124998,RIGHT_SIDE,LEVEL,True,OK
1789616186.3310106,-39.79489999999999,9.49097,-26.464799999999997,48.72471874306612,-5.3668212890625,1.5710449218749993,NOSE_UP,LEVEL,True,OK
1789616186.3696861,-39.77049999999999,9.613039999999998,-26.6846,48.84845018474587,-5.372314453124999,1.5655517578125,NOSE_UP,LEVEL,True,OK
1789616186.4097545,-39.77049999999999,9.75952,-26.5381,48.79766031778982,-5.3668212890625,1.5655517578124996,NOSE_UP,LEVEL,True,OK
1789616186.4498482,-39.77049999999999,9.68628,-26.5381,48.78306511586167,-5.366821289062501,1.571044921875,NOSE_UP,LEVEL,True,OK
1789616186.4897177,-39.7461,9.71069,-26.440399999999997,48.7149332099111,-5.3668212890625,1.5710449218750004,NOSE_UP,LEVEL,True,OK
1789616186.5298183,-39.7217,9.52759,-26.733399999999996,48.81867570569791,-5.361328124999999,1.5765380859374998,NOSE_UP,LEVEL,True,OK
1789616186.5696585,-39.7217,9.69238,-26.611299999999996,48.784392674752034,-5.361328124999999,1.5765380859375002,NOSE_UP,LEVEL,True,OK
1789616186.6097603,-39.7461,9.90601,-26.464799999999997,48.767480336491644,-5.361328124999999,1.5765380859375002,NOSE_UP,LEVEL,True,OK
1789616186.649669,-39.77049999999999,9.80225,-26.464799999999997,48.76640661718371,-5.361328124999999,1.5820312500000004,NOSE_UP,LEVEL,True,OK
1789616186.6897862,-39.7217,9.75952,-26.7822,48.89118446469056,-5.3558349609375,1.5820312499999998,NOSE_UP,LEVEL,True,OK
1789616186.7397048,-39.7217,9.62524,-26.7822,48.86455702027391,-5.3558349609375,1.5820312499999998,NOSE_UP,LEVEL,True,OK
1789616186.7726912,-39.7217,9.65576,-26.733399999999996,48.84385148232682,-5.355834960937499,1.58203125,NOSE_UP,LEVEL,True,OK
1789616186.8137167,-39.7461,9.62524,-26.709,48.84432813815336,-5.355834960937499,1.58203125,NOSE_UP,LEVEL,True,OK
1789616186.852728,-39.7217,9.405519999999997,-26.879899999999996,48.875415920178106,-5.355834960937499,1.5875244140624998,NOSE_UP,LEVEL,True,OK
1789616186.8926165,-39.77049999999999,9.57031,-26.733399999999996,48.86673898784427,-5.355834960937499,1.58203125,NOSE_UP,LEVEL,True,OK
1789616186.9360096,-39.7461,9.74121,-26.489299999999997,48.74758098576892,-5.350341796875,1.5820312499999998,NOSE_UP,LEVEL,True,OK
1789616186.974737,-39.7217,9.558109999999997,-26.7578,48.8380054721945,-5.350341796875001,1.5875244140625004,NOSE_UP,LEVEL,True,OK
1789616187.0148895,-39.7461,9.34448,-26.9043,48.89696442694986,-5.350341796875001,1.5875244140625004,NOSE_UP,LEVEL,True,OK
1789616187.0548036,-39.6973,9.49707,-26.9287,48.90015183580619,-5.350341796875001,1.5930175781250004,NOSE_UP,LEVEL,True,OK
1789616187.0946882,-39.7217,9.820559999999999,-26.2939,48.6377017015977,-5.344848632812502,1.5875244140625,NOSE_UP,LEVEL,True,OK
1789616187.1358666,-39.6973,9.58252,-26.7822,48.83632412129725,-5.344848632812501,1.5930175781249998,NOSE_UP,LEVEL,True,OK
1789616187.1759248,-39.7217,9.69238,-26.709,48.83775549668923,-5.344848632812501,1.5930175781249998,NOSE_UP,LEVEL,True,OK
1789616187.215888,-39.7217,9.59473,-26.879899999999996,48.91217965571458,-5.344848632812501,1.5930175781249998,NOSE_UP,LEVEL,True,OK
1789616187.2560585,-39.7217,9.930419999999998,-26.5381,48.7923912498291,-5.33935546875,1.5930175781250004,NOSE_UP,LEVEL,True,OK
1789616187.295754,-39.7217,9.65576,-26.7822,48.87057794734578,-5.339355468749999,1.5985107421874998,NOSE_UP,LEVEL,True,OK
1789616187.3359256,-39.7217,9.58252,-26.8066,48.86954004285696,-5.339355468749999,1.5985107421874998,NOSE_UP,LEVEL,True,OK
1789616187.3757749,-39.7217,9.57031,-26.7822,48.85376670458584,-5.339355468750001,1.5985107421875004,NOSE_UP,LEVEL,True,OK
1789616187.4158897,-39.7461,9.454349999999998,-26.8311,48.8778592651366,-5.339355468750002,1.5930175781250004,NOSE_UP,LEVEL,True,OK
1789616187.4560626,-39.6973,9.47266,-26.7578,48.801503825247025,-5.3338623046875,1.5985107421875002,NOSE_UP,LEVEL,True,OK
1789616187.4957395,-39.6973,9.57642,-26.709,48.795021552473976,-5.3338623046875,1.5985107421875002,NOSE_UP,LEVEL,True,OK
1789616187.5356867,-39.6973,9.79004,-26.586899999999996,48.770726487326385,-5.3338623046875,1.6040039062499998,NOSE_UP,LEVEL,True,OK
1789616187.5757892,-39.7217,9.60693,-26.733399999999996,48.834221919417324,-5.3338623046875,1.6040039062499991,NOSE_UP,LEVEL,True,OK
1789616187.6157808,-39.7461,9.747309999999999,-26.440399999999997,48.72224614697171,-5.3338623046875,1.5985107421875002,NOSE_UP,LEVEL,True,OK
1789616187.6565707,-39.7461,9.83276,-26.5381,48.79248288453458,-5.3338623046875,1.6094970703125,NOSE_UP,LEVEL,True,OK
1789616187.6957798,-39.6973,9.94873,-26.733399999999996,48.88279381810025,-5.3338623046875,1.60400390625,NOSE_UP,LEVEL,True,OK
1789616187.7358053,-39.7217,9.60693,-26.7822,48.86095365171355,-5.328369140625,1.60400390625,NOSE_UP,LEVEL,True,OK
1789616187.7759106,-39.77049999999999,9.57031,-26.5137,48.7468951979108,-5.328369140624999,1.6094970703125,NOSE_UP,LEVEL,True,OK
1789616187.8157892,-39.7217,9.70459,-26.6602,48.8135102404867,-5.333862304687499,1.6094970703124996,NOSE_UP,LEVEL,True,OK
1789616187.8571818,-39.7217,10.0342,-26.489299999999997,48.787105212545654,-5.328369140624999,1.614990234375,NOSE_UP,LEVEL,True,OK
1789616187.8961103,-39.7461,9.71069,-26.6846,48.84790520223052,-5.328369140625,1.6149902343750004,NOSE_UP,LEVEL,True,OK
1789616187.9358206,-39.7217,9.539789999999998,-26.7578,48.83442336072066,-5.328369140625,1.6149902343750004,NOSE_UP,LEVEL,True,OK
1789616187.9758306,-39.7217,9.558109999999997,-26.733399999999996,48.82464125031642,-5.328369140625,1.6149902343750004,NOSE_UP,LEVEL,True,OK
1789616188.0159862,-39.7217,9.73511,-26.6846,48.83291609930846,-5.3228759765625,1.6149902343750004,NOSE_UP,LEVEL,True,OK
1789616188.0582697,-39.7461,9.69238,-26.5381,48.76438707586101,-5.3228759765625,1.6149902343750004,NOSE_UP,LEVEL,True,OK
1789616188.095864,-39.7217,9.74121,-26.611299999999996,48.79411758443941,-5.3228759765625,1.6149902343750004,NOSE_UP,LEVEL,True,OK
1789616188.1357963,-39.6973,9.59473,-26.733399999999996,48.811977491420066,-5.322875976562501,1.6149902343750009,NOSE_UP,LEVEL,True,OK
1789616188.1760225,-39.7217,9.661869999999999,-26.5625,48.75173421568611,-5.317382812500002,1.6149902343750002,NOSE_UP,LEVEL,True,OK
1789616188.2157674,-39.7461,9.77783,-26.5625,48.79472134328569,-5.317382812500002,1.6149902343750002,NOSE_UP,LEVEL,True,OK
1789616188.2558873,-39.7217,9.78394,-26.5381,48.76278995733939,-5.317382812500002,1.6149902343750002,NOSE_UP,LEVEL,True,OK
1789616188.2958696,-39.7217,9.84497,-26.9531,49.002106942466256,-5.317382812499999,1.6204833984375004,NOSE_UP,LEVEL,True,OK
1789616188.335953,-39.6973,9.53369,-26.7578,48.81338682314617,-5.317382812499999,1.6204833984375004,NOSE_UP,LEVEL,True,OK
1789616188.375995,-39.77049999999999,9.44824,-26.611299999999996,48.776256488558026,-5.311889648437499,1.6204833984375002,NOSE_UP,LEVEL,True,OK
1789616188.4158564,-39.7217,9.47266,-26.7822,48.8347312392072,-5.311889648437499,1.6204833984375002,NOSE_UP,LEVEL,True,OK
1789616188.4590676,-39.6973,9.52759,-27.123999999999995,49.01389572864107,-5.311889648437499,1.6204833984374996,NOSE_UP,LEVEL,True,OK
1789616188.4966404,-39.7217,9.588619999999999,-26.6846,48.80392362868378,-5.311889648437499,1.6204833984374996,NOSE_UP,LEVEL,True,OK
1789616188.537786,-39.7217,9.60083,-26.3916,48.64674642911795,-5.311889648437499,1.6204833984374996,NOSE_UP,LEVEL,True,OK
1789616188.5777001,-39.7461,9.67407,-26.6602,48.82731161568185,-5.311889648437499,1.6204833984374996,NOSE_UP,LEVEL,True,OK
1789616188.6176789,-39.6729,9.71069,-27.001999999999995,48.96268475774281,-5.311889648437499,1.6204833984374996,NOSE_UP,LEVEL,True,OK
1789616188.6582162,-39.7217,9.69849,-26.6602,48.81229786857099,-5.306396484375,1.6204833984374998,NOSE_UP,LEVEL,True,OK
1789616188.6975975,-39.7217,9.771729999999998,-26.6602,48.826902647238434,-5.306396484375,1.6204833984374998,NOSE_UP,LEVEL,True,OK
1789616188.7376554,-39.6973,9.67407,-26.733399999999996,48.82763493366128,-5.306396484375,1.6204833984374998,NOSE_UP,LEVEL,True,OK
1789616188.7777505,-39.7461,9.73511,-26.5381,48.7728980431971,-5.306396484375,1.6204833984374998,NOSE_UP,LEVEL,True,OK
1789616188.8176875,-39.7217,9.67407,-26.7578,48.860832392570835,-5.306396484374999,1.6259765625000002,NOSE_UP,LEVEL,True,OK
1789616188.8595262,-39.7461,9.643549999999998,-26.709,48.84793959638932,-5.306396484375,1.6259765625000004,NOSE_UP,LEVEL,True,OK
1789616188.8986459,-39.6729,9.67407,-27.0752,48.995847577268215,-5.306396484374999,1.6204833984374996,NOSE_UP,LEVEL,True,OK
1789616188.9397385,-39.7461,9.65576,-26.5625,48.77040673028676,-5.306396484374999,1.6204833984374996,NOSE_UP,LEVEL,True,OK
1789616188.9797192,-39.7217,9.63745,-26.6846,48.81354085243663,-5.300903320312501,1.6204833984374998,NOSE_UP,LEVEL,True,OK
1789616189.0196376,-39.7217,9.588619999999999,-26.709,48.817269130855735,-5.300903320312501,1.6204833984374998,NOSE_UP,LEVEL,True,OK
1789616189.059221,-39.6973,9.375,-27.1729,49.011557276830125,-5.300903320312501,1.6204833984374998,NOSE_UP,LEVEL,True,OK
1789616189.0995646,-39.7217,9.47266,-26.7822,48.8347312392072,-5.3009033203125,1.6204833984374996,NOSE_UP,LEVEL,True,OK
1789616189.139796,-39.7217,9.49097,-26.440399999999997,48.651687684919004,-5.295410156249999,1.6204833984375002,NOSE_UP,LEVEL,True,OK
1789616189.1796622,-39.6973,9.61914,-26.733399999999996,48.81678151199237,-5.295410156249999,1.6204833984375002,NOSE_UP,LEVEL,True,OK
1789616189.2197075,-39.6729,9.588619999999999,-27.001999999999995,48.93862106674441,-5.295410156249999,1.6204833984375002,NOSE_UP,LEVEL,True,OK
1789616189.261102,-39.7217,9.771729999999998,-26.586899999999996,48.786918427923894,-5.295410156249999,1.6204833984375002,NOSE_UP,LEVEL,True,OK
1789616189.300616,-39.7461,9.747309999999999,-26.5381,48.775334638073986,-5.295410156249999,1.6204833984375002,NOSE_UP,LEVEL,True,OK
1789616189.341479,-39.7217,9.5459,-26.9043,48.91604047947871,-5.295410156249999,1.6204833984375002,NOSE_UP,LEVEL,True,OK
1789616189.380707,-39.6973,9.28345,-27.1973,49.00766469117356,-5.289916992187499,1.6204833984375,NOSE_UP,LEVEL,True,OK
1789616189.420612,-39.7461,9.588619999999999,-26.709,48.83712501483272,-5.2899169921875,1.6204833984374996,NOSE_UP,LEVEL,True,OK
1789616189.4611735,-39.77049999999999,9.643549999999998,-26.6357,48.82777121006548,-5.2899169921875,1.6204833984374996,NOSE_UP,LEVEL,True,OK
1789616189.500678,-39.7461,9.71069,-26.489299999999997,48.74149135978607,-5.2899169921875,1.6204833984374996,NOSE_UP,LEVEL,True,OK
1789616189.5407765,-39.6973,9.44214,-26.855499999999996,48.849232494683065,-5.2899169921875,1.6204833984374996,NOSE_UP,LEVEL,True,OK
1789616189.5817077,-39.6973,9.50317,-26.7578,48.80743517312603,-5.2899169921875,1.6204833984374996,NOSE_UP,LEVEL,True,OK
1789616189.6216667,-39.7217,9.643549999999998,-26.6846,48.81474556578677,-5.284423828124999,1.6204833984375004,NOSE_UP,LEVEL,True,OK
1789616189.6638172,-39.7217,9.5459,-27.001999999999995,48.96984441163765,-5.284423828124999,1.6204833984375004,NOSE_UP,LEVEL,True,OK
1789616189.7016754,-39.6973,9.820559999999999,-26.5381,48.750279769593114,-5.284423828124999,1.6204833984375004,NOSE_UP,LEVEL,True,OK
1789616189.740927,-39.6973,9.64966,-26.8066,48.862924277672946,-5.284423828124999,1.6204833984375004,NOSE_UP,LEVEL,True,OK
1789616189.7817225,-39.7217,9.667969999999999,-26.7822,48.87299184264147,-5.284423828124999,1.6204833984374998,NOSE_UP,LEVEL,True,OK
1789616189.8217094,-39.6973,9.35669,-26.8311,48.81937322678467,-5.284423828124999,1.6259765625,NOSE_UP,LEVEL,True,OK
1789616189.8619204,-39.77049999999999,9.79614,-26.586899999999996,48.83155005485285,-5.284423828124999,1.6204833984374998,NOSE_UP,LEVEL,True,OK
1789616189.9018238,-39.7461,9.85718,-26.3916,48.71789212725033,-5.278930664062498,1.6204833984375,NOSE_UP,LEVEL,True,OK
1789616189.9418852,-39.6973,9.44214,-26.855499999999996,48.849232494683065,-5.278930664062498,1.6204833984375,NOSE_UP,LEVEL,True,OK
1789616189.9818053,-39.7217,9.29565,-27.1484,49.002634443185805,-5.278930664062498,1.6204833984375,NOSE_UP,LEVEL,True,OK
1789616190.0216591,-39.6729,9.46045,-26.7822,48.792677170375676,-5.278930664062499,1.6259765625000002,NOSE_UP,LEVEL,True,OK
1789616190.0641272,-39.6729,9.44824,-26.8066,48.80370925521543,-5.278930664062499,1.6259765625000002,NOSE_UP,LEVEL,True,OK
1789616190.1017644,-39.6973,9.588619999999999,-26.6357,48.757335604854376,-5.2734375,1.6259765625000004,NOSE_UP,LEVEL,True,OK
1789616190.143144,-39.6729,9.588619999999999,-26.8066,48.83108058884628,-5.2734375,1.6259765625000004,NOSE_UP,LEVEL,True,OK
1789616190.1837356,-39.6973,9.661869999999999,-26.7578,48.83858331306202,-5.2734375,1.6259765625000004,NOSE_UP,LEVEL,True,OK
1789616190.2237701,-39.6729,9.588619999999999,-26.7822,48.8176900800765,-5.2734375,1.6259765624999996,NOSE_UP,LEVEL,True,OK
1789616190.2651412,-39.6729,9.69238,-26.709,48.79807276393608,-5.2734375,1.6259765624999996,NOSE_UP,LEVEL,True,OK
1789616190.3037155,-39.6729,9.588619999999999,-26.7822,48.8176900800765,-5.2734375,1.6259765624999996,NOSE_UP,LEVEL,True,OK
1789616190.344836,-39.6729,9.539789999999998,-26.8311,48.8349722521074,-5.2734375,1.6259765624999996,NOSE_UP,LEVEL,True,OK
1789616190.384698,-39.6729,9.588619999999999,-26.7822,48.8176900800765,-5.2679443359375,1.6259765624999998,NOSE_UP,LEVEL,True,OK
1789616190.4257805,-39.6973,9.42383,-27.001999999999995,48.926395771187764,-5.2679443359375,1.6259765624999998,NOSE_UP,LEVEL,True,OK
1789616190.467017,-39.6729,9.57031,-26.8066,48.827488482064076,-5.2679443359375,1.6259765624999998,NOSE_UP,LEVEL,True,OK
1789616190.505753,-39.6729,9.73511,-26.464799999999997,48.673370544498965,-5.2679443359375,1.6259765624999998,NOSE_UP,LEVEL,True,OK
1789616190.545888,-39.6729,9.509279999999999,-26.855499999999996,48.84243319879139,-5.2679443359375,1.6259765624999998,NOSE_UP,LEVEL,True,OK
1789616190.5859773,-39.6973,9.539789999999998,-26.440399999999997,48.64131960272151,-5.2679443359375,1.6259765624999998,NOSE_UP,LEVEL,True,OK
1789616190.625764,-39.648399999999995,9.552,-26.9287,48.871169519973634,-5.262451171874999,1.6259765625000002,NOSE_UP,LEVEL,True,OK
1789616190.6672108,-39.6729,9.613039999999998,-26.7822,48.822492452675945,-5.262451171874999,1.6259765625000002,NOSE_UP,LEVEL,True,OK
1789616190.7060716,-39.6729,9.667969999999999,-26.7822,48.833337743501616,-5.262451171874999,1.6259765625000002,NOSE_UP,LEVEL,True,OK
1789616190.7462792,-39.6973,9.643549999999998,-26.3916,48.635277674261296,-5.262451171874999,1.6259765625000002,NOSE_UP,LEVEL,True,OK
1789616190.7857985,-39.6729,9.62524,-26.7578,48.8115160623761,-5.262451171874999,1.6259765625000002,NOSE_UP,LEVEL,True,OK
1789616190.82673,-39.648399999999995,9.57642,-27.123999999999995,48.98382200866322,-5.262451171874999,1.6259765625000002,NOSE_UP,LEVEL,True,OK
1789616190.866944,-39.7217,9.75342,-26.6846,48.83656959437671,-5.2569580078125,1.6259765625,NOSE_UP,LEVEL,True,OK
1789616190.906743,-39.7461,9.68018,-26.2451,48.60312360386315,-5.2569580078125,1.6259765625,NOSE_UP,LEVEL,True,OK
1789616190.9470906,-39.648399999999995,9.484859999999998,-26.8311,48.804365777967035,-5.2569580078125,1.6259765625,NOSE_UP,LEVEL,True,OK
1789616190.9867256,-39.6973,9.49707,-26.7822,48.81962927670487,-5.2569580078125,1.6259765625,NOSE_UP,LEVEL,True,OK
1789616191.026751,-39.648399999999995,9.558109999999997,-26.8311,48.81865439094056,-5.2569580078125,1.6259765625,NOSE_UP,LEVEL,True,OK
1789616191.0677679,-39.7217,9.875489999999997,-26.2207,48.60929810355319,-5.2569580078125,1.6259765625,NOSE_UP,LEVEL,True,OK
1789616191.1069133,-39.6729,9.78394,-26.5625,48.73634047180399,-5.2569580078125,1.6259765625,NOSE_UP,LEVEL,True,OK
1789616191.1468105,-39.648399999999995,9.539789999999998,-26.855499999999996,48.82848652225562,-5.2569580078125,1.6259765625,NOSE_UP,LEVEL,True,OK
1789616191.1866684,-39.6729,9.63135,-26.8066,48.83948915368075,-5.2569580078125,1.6259765625,NOSE_UP,LEVEL,True,OK
1789616191.2266629,-39.6729,9.65576,-26.9043,48.897996421914875,-5.251464843750001,1.6259765625,NOSE_UP,LEVEL,True,OK
1789616191.2684073,-39.6973,9.771729999999998,-26.6357,48.793676321557285,-5.251464843750001,1.6259765625,NOSE_UP,LEVEL,True,OK
1789616191.3067026,-39.7217,9.81445,-26.6357,48.82209944464187,-5.251464843750001,1.6259765625,NOSE_UP,LEVEL,True,OK
1789616191.346813,-39.6729,9.74121,-26.464799999999997,48.67459096606873,-5.251464843750001,1.6259765625,NOSE_UP,LEVEL,True,OK
1789616191.386753,-39.6729,9.59473,-26.8066,48.83228073460116,-5.251464843750001,1.6259765625,NOSE_UP,LEVEL,True,OK
1789616191.4266772,-39.648399999999995,9.36279,-27.1484,48.956032127860404,-5.251464843750001,1.6259765625,NOSE_UP,LEVEL,True,OK
1789616191.4668124,-39.6973,9.661869999999999,-26.611299999999996,48.758472565051704,-5.251464843750001,1.6259765625,NOSE_UP,LEVEL,True,OK
1789616191.506749,-39.7217,9.85718,-26.196299999999997,48.59242309385692,-5.251464843750001,1.6259765625,NOSE_UP,LEVEL,True,OK
1789616191.5469341,-39.6729,9.552,-26.8066,48.82390297763996,-5.251464843750001,1.6259765625,NOSE_UP,LEVEL,True,OK
1789616191.5868664,-39.6729,9.277339999999999,-26.9043,48.82468013592715,-5.251464843750001,1.6259765625,NOSE_UP,LEVEL,True,OK
1789616191.6277478,-39.623999999999995,9.51538,-26.9531,48.85768549731352,-5.2459716796875,1.6259765625000002,NOSE_UP,LEVEL,True,OK
1789616191.667823,-39.6729,9.936519999999998,-26.416,48.68755980864516,-5.2459716796875,1.6259765625000002,NOSE_UP,LEVEL,True,OK
1789616191.7077394,-39.648399999999995,9.661869999999999,-26.7822,48.812227887045886,-5.2459716796875,1.6259765625000002,NOSE_UP,LEVEL,True,OK
1789616191.7476661,-39.648399999999995,9.61914,-26.8066,48.81718222572458,-5.2459716796875,1.6259765625000002,NOSE_UP,LEVEL,True,OK
1789616191.7877626,-39.6729,9.63745,-26.7578,48.81392524426303,-5.2459716796875,1.6259765625000002,NOSE_UP,LEVEL,True,OK
1789616191.8295767,-39.6729,9.51538,-26.9531,48.89735218357329,-5.2459716796875,1.6259765625000002,NOSE_UP,LEVEL,True,OK
1789616191.8692997,-39.6973,9.558109999999997,-26.8311,48.85837718623184,-5.2459716796875,1.6259765625000002,NOSE_UP,LEVEL,True,OK
1789616191.9087334,-39.6973,9.558109999999997,-26.8066,48.84492704081049,-5.2459716796875,1.6259765625000002,NOSE_UP,LEVEL,True,OK
1789616191.9487057,-39.6973,9.539789999999998,-26.8311,48.854796568444534,-5.2459716796875,1.6259765625000002,NOSE_UP,LEVEL,True,OK
1789616191.9887931,-39.6973,9.47876,-26.7822,48.81607066599687,-5.2459716796875,1.6259765625000002,NOSE_UP,LEVEL,True,OK
1789616192.0286722,-39.6973,9.47266,-26.8066,48.82827785541489,-5.2459716796875,1.6259765625000002,NOSE_UP,LEVEL,True,OK
1789616192.069742,-39.6729,9.49707,-26.7578,48.78640378050938,-5.245971679687499,1.6314697265625002,NOSE_UP,LEVEL,True,OK
1789616192.1086154,-39.6729,9.75342,-26.709,48.8102333236218,-5.245971679687499,1.6314697265625002,NOSE_UP,LEVEL,True,OK
1789616192.1496475,-39.6729,9.52148,-26.8066,48.817941162654535,-5.240478515624998,1.6259765624999998,NOSE_UP,LEVEL,True,OK
1789616192.189641,-39.7461,9.63135,-26.6846,48.83219476116653,-5.240478515624998,1.6314697265624998,NOSE_UP,LEVEL,True,OK
1789616192.2320824,-39.7217,9.58252,-26.7578,48.84278863128517,-5.240478515624998,1.6314697265624998,NOSE_UP,LEVEL,True,OK
1789616192.27109,-39.6973,9.80225,-27.001999999999995,49.00069118239558,-5.240478515624998,1.6314697265624998,NOSE_UP,LEVEL,True,OK
1789616192.3107297,-39.7461,9.60083,-26.7822,48.879593275096916,-5.240478515624998,1.6314697265624998,NOSE_UP,LEVEL,True,OK
1789616192.350704,-39.7461,9.405519999999997,-26.6846,48.7881558253681,-5.240478515624998,1.6314697265624998,NOSE_UP,LEVEL,True,OK
1789616192.3907888,-39.77049999999999,9.60693,-26.709,48.86058181473998,-5.240478515624998,1.6314697265624998,NOSE_UP,LEVEL,True,OK
1789616192.4318159,-39.6973,9.63135,-26.9043,48.91298282258504,-5.240478515624998,1.6314697265624998,NOSE_UP,LEVEL,True,OK
1789616192.4717512,-39.77049999999999,9.63745,-26.586899999999996,48.799962749601555,-5.240478515624998,1.6314697265624998,NOSE_UP,LEVEL,True,OK
1789616192.511683,-39.77049999999999,9.69238,-26.586899999999996,48.81084051647133,-5.240478515624998,1.6314697265624998,NOSE_UP,LEVEL,True,OK
1789616192.5517137,-39.7461,9.5459,-26.733399999999996,48.84210629753799,-5.234985351562498,1.6314697265625002,NOSE_UP,LEVEL,True,OK
1789616192.5917883,-39.6973,9.62524,-27.001999999999995,48.96558869601794,-5.234985351562498,1.6314697265625002,NOSE_UP,LEVEL,True,OK
1789616192.6336782,-39.7461,9.52148,-26.8066,48.87744725494981,-5.234985351562498,1.6314697265625002,NOSE_UP,LEVEL,True,OK
1789616192.6729898,-39.77049999999999,9.83887,-26.5625,48.82686186288137,-5.234985351562498,1.6314697265625002,NOSE_UP,LEVEL,True,OK
1789616192.712749,-39.77049999999999,9.85107,-26.586899999999996,48.842599255208555,-5.234985351562498,1.6314697265625002,NOSE_UP,LEVEL,True,OK
1789616192.752776,-39.77049999999999,9.63745,-26.5625,48.78667358001055,-5.234985351562498,1.6314697265625002,NOSE_UP,LEVEL,True,OK
1789616192.7927084,-39.7217,9.60693,-26.7822,48.86095365171355,-5.234985351562498,1.6314697265625002,NOSE_UP,LEVEL,True,OK
1789616192.8337822,-39.7217,9.53369,-26.855499999999996,48.886834384689905,-5.229492187499998,1.6314697265624996,NOSE_UP,LEVEL,True,OK
1789616192.873117,-39.7217,9.826659999999999,-26.977499999999996,49.01185778865763,-5.229492187499998,1.6314697265624996,NOSE_UP,LEVEL,True,OK
1789616192.9127598,-39.77049999999999,9.68018,-26.611299999999996,48.82171486923006,-5.2294921875,1.6369628906249996,NOSE_UP,LEVEL,True,OK
1789616192.9528093,-39.79489999999999,9.43604,-26.464799999999997,48.71404885586497,-5.2294921875,1.6369628906249996,NOSE_UP,LEVEL,True,OK
1789616192.992704,-39.7217,9.52759,-26.7822,48.84541594600357,-5.2294921875,1.6369628906249996,NOSE_UP,LEVEL,True,OK
1789616193.0347779,-39.6973,9.60083,-27.0752,49.00120426090465,-5.2294921875,1.6369628906249996,NOSE_UP,LEVEL,True,OK
1789616193.0750945,-39.7217,9.60693,-26.586899999999996,48.75417732384477,-5.2294921875,1.6369628906249996,NOSE_UP,LEVEL,True,OK
1789616193.1147377,-39.77049999999999,9.81445,-26.2207,48.636829743955346,-5.2294921875,1.6369628906249996,NOSE_UP,LEVEL,True,OK
1789616193.1550128,-39.7217,9.73511,-26.6357,48.8062120235949,-5.2294921875,1.6369628906249996,NOSE_UP,LEVEL,True,OK
1789616193.1946983,-39.6729,9.70459,-27.0996,49.015368830991164,-5.2294921875,1.6369628906249996,NOSE_UP,LEVEL,True,OK
1789616193.2362757,-39.7217,9.65576,-26.7578,48.857210449508884,-5.223999023437499,1.6369628906250004,NOSE_UP,LEVEL,True,OK
1789616193.2749574,-39.7217,9.63135,-26.733399999999996,48.839031821612714,-5.2294921875,1.6369628906249996,NOSE_UP,LEVEL,True,OK
1789616193.3158379,-39.7461,9.60693,-26.855499999999996,48.92099191027201,-5.2294921875,1.6369628906249996,NOSE_UP,LEVEL,True,OK
1789616193.3557963,-39.7461,9.558109999999997,-26.6846,48.81780217443325,-5.223999023437499,1.6369628906250004,NOSE_UP,LEVEL,True,OK
1789616193.3959365,-39.7461,9.552,-26.8066,48.88340181257847,-5.223999023437499,1.6369628906250004,NOSE_UP,LEVEL,True,OK
1789616193.4369068,-39.7217,9.484859999999998,-26.8066,48.850484374974215,-5.223999023437499,1.6369628906250004,NOSE_UP,LEVEL,True,OK
1789616193.475806,-39.6973,9.38721,-27.1973,49.0274256530373,-5.223999023437499,1.6369628906250004,NOSE_UP,LEVEL,True,OK
1789616193.516022,-39.7217,9.558109999999997,-26.6602,48.78459984156988,-5.223999023437499,1.6369628906250004,NOSE_UP,LEVEL,True,OK
1789616193.554882,-39.7217,9.454349999999998,-26.8311,48.85801993554896,-5.223999023437499,1.6369628906250004,NOSE_UP,LEVEL,True,OK
1789616193.5958538,-39.6973,9.539789999999998,-26.7822,48.82795774322432,-5.218505859374997,1.6369628906250004,NOSE_UP,LEVEL,True,OK
1789616193.6359673,-39.6973,9.33228,-27.246099999999995,49.044031670514194,-5.218505859374997,1.6369628906250004,NOSE_UP,LEVEL,True,OK
1789616193.6748476,-39.6973,9.61914,-26.7578,48.83014788498597,-5.218505859374997,1.6369628906250004,NOSE_UP,LEVEL,True,OK
1789616193.7158978,-39.7461,9.80225,-26.416,48.720033110338704,-5.218505859374997,1.6369628906250004,NOSE_UP,LEVEL,True,OK
1789616193.7548308,-39.7217,9.643549999999998,-26.8066,48.88154366478722,-5.218505859374997,1.6369628906250004,NOSE_UP,LEVEL,True,OK
1789616193.7959769,-39.6729,9.454349999999998,-27.1729,49.00704258310738,-5.218505859374997,1.6369628906250004,NOSE_UP,LEVEL,True,OK
1789616193.8369079,-39.7217,9.52759,-26.855499999999996,48.885645156304314,-5.218505859374997,1.6369628906250004,NOSE_UP,LEVEL,True,OK
1789616193.8748858,-39.7461,9.539789999999998,-26.8066,48.881017399539665,-5.218505859374997,1.6369628906250004,NOSE_UP,LEVEL,True,OK
1789616193.915845,-39.7461,9.564209999999997,-26.6357,48.79228517526208,-5.218505859374997,1.6369628906250004,NOSE_UP,LEVEL,True,OK
1789616193.9548132,-39.7217,9.277339999999999,-27.246099999999995,49.05336332582711,-5.218505859374997,1.6369628906250004,NOSE_UP,LEVEL,True,OK
1789616193.994775,-39.7217,9.52148,-26.7578,48.83084980952512,-5.218505859374997,1.6369628906250004,NOSE_UP,LEVEL,True,OK
1789616194.0358584,-39.7217,9.47266,-26.8066,48.848117076562936,-5.218505859374997,1.6369628906250004,NOSE_UP,LEVEL,True,OK
1789616194.0747874,-39.7461,9.667969999999999,-26.6846,48.839430650765166,-5.218505859374997,1.6369628906250004,NOSE_UP,LEVEL,True,OK
1789616194.1158483,-39.7461,9.820559999999999,-26.440399999999997,48.73695329094341,-5.213012695312499,1.6369628906249998,NOSE_UP,LEVEL,True,OK
1789616194.1548274,-39.7217,9.71069,-26.6357,48.801346965592046,-5.213012695312499,1.6369628906249998,NOSE_UP,LEVEL,True,OK
1789616194.1947088,-39.7217,9.613039999999998,-26.7578,48.84878555063165,-5.213012695312499,1.6369628906249998,NOSE_UP,LEVEL,True,OK
1789616194.2357564,-39.6973,9.28955,-27.123999999999995,48.9681809187609,-5.213012695312499,1.6369628906249998,NOSE_UP,LEVEL,True,OK
1789616194.276366,-39.77049999999999,9.83276,-26.6846,48.892164163878036,-5.213012695312499,1.6369628906249998,NOSE_UP,LEVEL,True,OK
1789616194.314749,-39.7461,9.979249999999999,-26.2695,48.67673495647073,-5.213012695312499,1.6369628906249998,NOSE_UP,LEVEL,True,OK
1789616194.3547876,-39.7461,9.722899999999997,-26.709,48.863666774199416,-5.213012695312499,1.6369628906249998,NOSE_UP,LEVEL,True,OK
1789616194.395766,-39.77049999999999,9.28955,-26.879899999999996,48.89291802973616,-5.213012695312499,1.6369628906249998,NOSE_UP,LEVEL,True,OK
1789616194.4359848,-39.7461,9.52148,-26.8066,48.87744725494981,-5.213012695312498,1.6424560546874998,NOSE_UP,LEVEL,True,OK
1789616194.478468,-39.7461,9.90601,-26.489299999999997,48.78078016821892,-5.213012695312499,1.6369628906249998,NOSE_UP,LEVEL,True,OK
1789616194.5158515,-39.77049999999999,9.68628,-26.611299999999996,48.822924719627345,-5.213012695312499,1.6369628906249998,NOSE_UP,LEVEL,True,OK
1789616194.5558953,-39.77049999999999,9.46045,-26.855499999999996,48.91227519449999,-5.213012695312499,1.6369628906249998,NOSE_UP,LEVEL,True,OK
1789616194.5968728,-39.6973,9.57031,-26.7822,48.8339297786498,-5.213012695312498,1.6424560546874998,NOSE_UP,LEVEL,True,OK
1789616194.6360207,-39.6973,9.59473,-26.7578,48.825345179557104,-5.213012695312498,1.6424560546874998,NOSE_UP,LEVEL,True,OK
1789616194.6770813,-39.7217,9.79614,-26.5381,48.76523927347839,-5.213012695312498,1.6424560546874998,NOSE_UP,LEVEL,True,OK
1789616194.7160535,-39.7461,9.826659999999999,-26.586899999999996,48.817813998330564,-5.213012695312498,1.6424560546874998,NOSE_UP,LEVEL,True,OK
1789616194.756992,-39.7217,9.77783,-26.6357,48.81475109932345,-5.213012695312498,1.6424560546874998,NOSE_UP,LEVEL,True,OK
1789616194.7977314,-39.7217,9.65576,-26.8066,48.8839539688393,-5.20751953125,1.6424560546874998,NOSE_UP,LEVEL,True,OK
1789616194.8377576,-39.7217,9.47266,-27.0264,48.969082443166116,-5.20751953125,1.6424560546874998,NOSE_UP,LEVEL,True,OK
1789616194.8797913,-39.7217,9.57642,-26.855499999999996,48.89518535762391,-5.20751953125,1.6424560546874998,NOSE_UP,LEVEL,True,OK
1789616194.917707,-39.7217,9.509279999999999,-26.8311,48.86867896944217,-5.20751953125,1.6424560546874998,NOSE_UP,LEVEL,True,OK
1789616194.958771,-39.7217,9.50317,-26.855499999999996,48.88089167751443,-5.20751953125,1.6424560546874998,NOSE_UP,LEVEL,True,OK
1789616194.9997163,-39.7217,9.39941,-26.9287,48.90109654116255,-5.20751953125,1.6424560546874998,NOSE_UP,LEVEL,True,OK
1789616195.040859,-39.6973,9.3689,-26.9043,48.86198187742695,-5.20751953125,1.6424560546874998,NOSE_UP,LEVEL,True,OK
1789616195.0823555,-39.6729,9.79004,-26.586899999999996,48.750867984289265,-5.20751953125,1.6424560546874998,NOSE_UP,LEVEL,True,OK
1789616195.1216433,-39.6973,9.47876,-26.8066,48.82946161885875,-5.20751953125,1.6424560546874998,NOSE_UP,LEVEL,True,OK
1789616195.1616898,-39.6973,9.29565,-26.879899999999996,48.83455498130908,-5.20751953125,1.6424560546874998,NOSE_UP,LEVEL,True,OK
1789616195.2011905,-39.6973,9.52759,-26.9531,48.919527778874766,-5.20751953125,1.6424560546874998,NOSE_UP,LEVEL,True,OK
1789616195.241639,-39.7217,9.83276,-26.5137,48.75933662179583,-5.20751953125,1.6424560546874998,NOSE_UP,LEVEL,True,OK
1789616195.2817142,-39.6973,9.68628,-26.7822,48.8567895421752,-5.20751953125,1.6424560546874998,NOSE_UP,LEVEL,True,OK
1789616195.3215854,-39.77049999999999,9.41162,-26.709,48.822555671271445,-5.20751953125,1.6424560546874998,NOSE_UP,LEVEL,True,OK
1789616195.3615968,-39.7217,9.5459,-26.855499999999996,48.889216990559376,-5.20751953125,1.6424560546874998,NOSE_UP,LEVEL,True,OK
1789616195.4016273,-39.6973,9.643549999999998,-26.879899999999996,48.90197038875325,-5.20751953125,1.6424560546874998,NOSE_UP,LEVEL,True,OK
1789616195.4408634,-39.7217,9.47266,-26.9043,48.90180054819659,-5.20751953125,1.6424560546874998,NOSE_UP,LEVEL,True,OK
1789616195.4828455,-39.7217,9.49707,-26.8066,48.85285654938614,-5.20751953125,1.6424560546874998,NOSE_UP,LEVEL,True,OK
1789616195.5216222,-39.6973,9.46655,-26.8311,48.84054794330731,-5.20751953125,1.6424560546874998,NOSE_UP,LEVEL,True,OK
1789616195.5628638,-39.7217,9.38721,-26.8311,48.84507231731876,-5.2020263671875,1.6424560546874998,NOSE_UP,LEVEL,True,OK
1789616195.6018407,-39.7217,9.57642,-26.7578,48.841592231891866,-5.2020263671875,1.6424560546874998,NOSE_UP,LEVEL,True,OK
1789616195.6428106,-39.6973,9.52148,-26.8066,48.837772392282595,-5.202026367187501,1.6424560546875004,NOSE_UP,LEVEL,True,OK
1789616195.6828039,-39.6973,9.91821,-26.6846,48.849917032213064,-5.202026367187501,1.6424560546875004,NOSE_UP,LEVEL,True,OK
1789616195.7237263,-39.7217,9.75952,-26.611299999999996,48.79777627321146,-5.202026367187501,1.6424560546875004,NOSE_UP,LEVEL,True,OK
1789616195.7628984,-39.7461,9.76562,-26.489299999999997,48.75246469343268,-5.202026367187501,1.6424560546875004,NOSE_UP,LEVEL,True,OK
1789616195.8037393,-39.7217,9.643549999999998,-26.7578,48.85479882603652,-5.202026367187501,1.6424560546875004,NOSE_UP,LEVEL,True,OK
1789616195.8426988,-39.6973,9.62524,-27.001999999999995,48.96558869601794,-5.202026367187501,1.6424560546875004,NOSE_UP,LEVEL,True,OK
1789616195.883756,-39.7217,9.68628,-26.7578,48.86325134462913,-5.202026367187501,1.6424560546875004,NOSE_UP,LEVEL,True,OK
1789616195.922693,-39.77049999999999,9.68018,-26.3672,48.68909314130219,-5.202026367187501,1.6424560546875004,NOSE_UP,LEVEL,True,OK
1789616195.963848,-39.7461,9.57031,-26.709,48.83353335266761,-5.202026367187501,1.6424560546875004,NOSE_UP,LEVEL,True,OK
1789616196.0028517,-39.6973,9.78394,-26.879899999999996,48.9298491028084,-5.202026367187499,1.6479492187499998,NOSE_UP,LEVEL,True,OK
1789616196.0450866,-39.7217,9.38721,-26.855499999999996,48.85847974225252,-5.202026367187499,1.6479492187499998,NOSE_UP,LEVEL,True,OK
1789616196.082753,-39.7461,9.59473,-26.2451,48.586176871543415,-5.202026367187501,1.6424560546875004,NOSE_UP,LEVEL,True,OK
1789616196.12386,-39.7217,9.63135,-26.611299999999996,48.77230404033112,-5.202026367187499,1.6479492187499998,NOSE_UP,LEVEL,True,OK
1789616196.16297,-39.6973,9.75342,-26.7822,48.870144933552226,-5.202026367187499,1.6479492187499998,NOSE_UP,LEVEL,True,OK
1789616196.2036972,-39.7217,9.63745,-26.7578,48.85359510038642,-5.202026367187499,1.6479492187499998,NOSE_UP,LEVEL,True,OK
1789616196.2437744,-39.7217,9.59473,-26.7822,48.8585563796445,-5.202026367187499,1.6479492187499998,NOSE_UP,LEVEL,True,OK
1789616196.2838275,-39.7217,9.74121,-26.733399999999996,48.860815575613344,-5.202026367187499,1.6479492187499998,NOSE_UP,LEVEL,True,OK
1789616196.3238428,-39.7461,9.79004,-26.611299999999996,48.82375073774648,-5.196533203124999,1.6479492187499993,NOSE_UP,LEVEL,True,OK
1789616196.3638117,-39.77049999999999,9.79614,-26.489299999999997,48.778479308395816,-5.196533203124999,1.6479492187499993,NOSE_UP,LEVEL,True,OK
1789616196.4027438,-39.7461,9.59473,-26.7822,48.87839549149399,-5.196533203124999,1.6479492187499993,NOSE_UP,LEVEL,True,OK
1789616196.4436762,-39.648399999999995,9.49097,-27.1729,48.99429179517651,-5.196533203124999,1.6479492187499993,NOSE_UP,LEVEL,True,OK
1789616196.4826922,-39.7217,9.552,-26.8066,48.863564733347076,-5.196533203124999,1.6479492187499993,NOSE_UP,LEVEL,True,OK
1789616196.5237668,-39.7217,9.80835,-26.464799999999997,48.72784439776194,-5.196533203124999,1.6479492187499993,NOSE_UP,LEVEL,True,OK
1789616196.5630472,-39.7217,9.405519999999997,-26.8311,48.84859449943672,-5.196533203124999,1.6479492187499993,NOSE_UP,LEVEL,True,OK
1789616196.603777,-39.6973,9.375,-27.123999999999995,48.984463131588974,-5.196533203124999,1.6479492187499993,NOSE_UP,LEVEL,True,OK
1789616196.6426725,-39.6973,9.53369,-26.7822,48.826766318752874,-5.196533203124999,1.6479492187499993,NOSE_UP,LEVEL,True,OK
1789616196.6837766,-39.6973,9.79614,-26.318399999999997,48.62610579462024,-5.196533203124999,1.6479492187499993,NOSE_UP,LEVEL,True,OK
1789616196.7237122,-39.6973,9.564209999999997,-26.8066,48.84612107193467,-5.196533203124999,1.6479492187499993,NOSE_UP,LEVEL,True,OK
1789616196.7648313,-39.6973,9.49707,-27.001999999999995,48.94055547166276,-5.196533203124999,1.6479492187499993,NOSE_UP,LEVEL,True,OK
1789616196.8036835,-39.7217,9.65576,-26.7822,48.87057794734578,-5.196533203124999,1.6479492187499993,NOSE_UP,LEVEL,True,OK
1789616196.8447037,-39.6973,9.5459,-26.8311,48.855990024867985,-5.196533203124999,1.6479492187499993,NOSE_UP,LEVEL,True,OK
1789616196.8846638,-39.6973,9.67407,-26.7822,48.8543702701703,-5.196533203124999,1.6479492187499993,NOSE_UP,LEVEL,True,OK
1789616196.9267485,-39.7217,9.46045,-26.9531,48.92630340320532,-5.1910400390625,1.6479492187499996,NOSE_UP,LEVEL,True,OK
1789616196.9667497,-39.7217,9.57031,-26.7822,48.85376670458584,-5.1910400390625,1.6479492187499996,NOSE_UP,LEVEL,True,OK
1789616197.0058417,-39.7217,9.57642,-26.7578,48.841592231891866,-5.1910400390625,1.6479492187499996,NOSE_UP,LEVEL,True,OK
1789616197.046771,-39.7217,9.39331,-26.855499999999996,48.859652105762066,-5.1910400390625,1.6479492187499996,NOSE_UP,LEVEL,True,OK
1789616197.0868375,-39.6973,9.60693,-26.733399999999996,48.81437705097648,-5.1910400390625,1.6479492187499996,NOSE_UP,LEVEL,True,OK
1789616197.130825,-39.6973,9.65576,-26.586899999999996,48.74394916374339,-5.1910400390625,1.6479492187499996,NOSE_UP,LEVEL,True,OK
1789616197.1698542,-39.6729,9.62524,-26.733399999999996,48.798144585912276,-5.1910400390625,1.6479492187499996,NOSE_UP,LEVEL,True,OK
1789616197.2097523,-39.6729,9.46655,-27.0996,48.968794997145885,-5.1910400390625,1.6479492187499996,NOSE_UP,LEVEL,True,OK
1789616197.2497718,-39.7217,9.64966,-26.733399999999996,48.842645961962376,-5.1910400390625,1.6479492187499996,NOSE_UP,LEVEL,True,OK
1789616197.289699,-39.7217,9.881589999999997,-26.709,48.87565808066526,-5.1910400390625,1.6479492187499996,NOSE_UP,LEVEL,True,OK
1789616197.3362496,-39.7461,9.826659999999999,-26.586899999999996,48.817813998330564,-5.1910400390625,1.6479492187499996,NOSE_UP,LEVEL,True,OK
1789616197.3708026,-39.77049999999999,9.60693,-26.6357,48.82055190967119,-5.1910400390625,1.6479492187499996,NOSE_UP,LEVEL,True,OK
1789616197.4115593,-39.7461,9.70459,-26.6602,48.83336765284675,-5.1910400390625,1.6479492187499996,NOSE_UP,LEVEL,True,OK
1789616197.4507282,-39.6729,9.49707,-27.1973,49.028832948428416,-5.1910400390625,1.6479492187499996,NOSE_UP,LEVEL,True,OK
1789616197.490713,-39.7217,9.68628,-26.5137,48.73000881200823,-5.1910400390625,1.6479492187499996,NOSE_UP,LEVEL,True,OK
1789616197.536031,-39.77049999999999,9.613039999999998,-26.3672,48.675789096136896,-5.1910400390625,1.6479492187499996,NOSE_UP,LEVEL,True,OK
1789616197.5707812,-39.7217,9.80225,-26.5137,48.75319316355083,-5.1910400390625,1.6479492187499996,NOSE_UP,LEVEL,True,OK
1789616197.610977,-39.648399999999995,9.747309999999999,-26.9287,48.90971844619533,-5.1910400390625,1.6479492187499996,NOSE_UP,LEVEL,True,OK
1789616197.6508958,-39.6973,9.62524,-26.7578,48.83134990134514,-5.1910400390625,1.6479492187499996,NOSE_UP,LEVEL,True,OK
1789616197.6907322,-39.7217,9.70459,-26.5381,48.746930873318576,-5.1910400390625,1.6479492187499996,NOSE_UP,LEVEL,True,OK
1789616197.7361841,-39.7217,9.881589999999997,-26.5381,48.782476602035075,-5.1910400390625,1.6479492187499996,NOSE_UP,LEVEL,True,OK
1789616197.7737348,-39.7461,9.94873,-26.5137,48.802725144328775,-5.1910400390625,1.6479492187499996,NOSE_UP,LEVEL,True,OK
1789616197.8137684,-39.7217,9.820559999999999,-26.611299999999996,48.81002086962881,-5.1910400390625,1.6479492187499996,NOSE_UP,LEVEL,True,OK
1789616197.8537045,-39.7217,9.62524,-26.7578,48.851187874887955,-5.1910400390625,1.6479492187499996,NOSE_UP,LEVEL,True,OK
1789616197.8937216,-39.7217,9.80225,-26.7578,48.886372505970414,-5.185546874999999,1.6479492187499998,NOSE_UP,LEVEL,True,OK
1789616197.9337347,-39.7461,9.771729999999998,-26.586899999999996,48.80678665936633,-5.1910400390625,1.6479492187499996,NOSE_UP,LEVEL,True,OK
1789616197.9737773,-39.77049999999999,9.77783,-26.5381,48.80132561077516,-5.1910400390625,1.6479492187499996,NOSE_UP,LEVEL,True,OK
1789616198.0138307,-39.7461,9.643549999999998,-26.6357,48.80789932277868,-5.1910400390625,1.6479492187499996,NOSE_UP,LEVEL,True,OK
1789616198.0537808,-39.6973,9.36279,-27.2217,49.036296911207515,-5.1910400390625,1.6479492187499996,NOSE_UP,LEVEL,True,OK
1789616198.0936968,-39.7217,9.729,-26.5381,48.75179631049506,-5.185546874999999,1.6479492187499998,NOSE_UP,LEVEL,True,OK
1789616198.136845,-39.7461,9.484859999999998,-26.440399999999997,48.67042003711905,-5.185546874999999,1.6479492187499998,NOSE_UP,LEVEL,True,OK
1789616198.1757944,-39.6973,9.68018,-26.6846,48.80214533483543,-5.185546874999999,1.6479492187499998,NOSE_UP,LEVEL,True,OK
1789616198.2158475,-39.6729,9.67407,-27.0996,49.0093352835447,-5.185546875,1.6534423828125004,NOSE_UP,LEVEL,True,OK
1789616198.2558744,-39.6973,9.81445,-26.6602,48.81562577835605,-5.185546874999999,1.6479492187499998,NOSE_UP,LEVEL,True,OK
1789616198.2958176,-39.7461,9.62524,-26.5381,48.751086776374535,-5.185546874999999,1.6479492187499998,NOSE_UP,LEVEL,True,OK
1789616198.3359218,-39.7217,9.67407,-26.7578,48.860832392570835,-5.1910400390625,1.6479492187499996,NOSE_UP,LEVEL,True,OK
1789616198.3758101,-39.7217,9.52759,-27.123999999999995,49.033659848089044,-5.1910400390625,1.6479492187499996,NOSE_UP,LEVEL,True,OK
1789616198.4158294,-39.7217,9.70459,-26.6846,48.82684092912524,-5.185546875,1.6534423828125004,NOSE_UP,LEVEL,True,OK
1789616198.4557507,-39.7461,9.71069,-26.5381,48.76802966181943,-5.191040039062501,1.6424560546874998,NOSE_UP,LEVEL,True,OK
1789616198.4957767,-39.7217,9.63135,-26.709,48.82568007424474,-5.196533203125001,1.6424560546875002,NOSE_UP,LEVEL,True,OK
1789616198.5357385,-39.7461,9.62524,-26.709,48.84432813815336,-5.196533203125,1.6369628906250004,NOSE_UP,LEVEL,True,OK
1789616198.5758333,-39.6973,9.68628,-26.6357,48.776635411008,-5.196533203124999,1.6424560546874996,NOSE_UP,LEVEL,True,OK
1789616198.615924,-39.6973,9.69849,-26.6357,48.77906159470577,-5.196533203124999,1.6424560546874996,NOSE_UP,LEVEL,True,OK
1789616198.655995,-39.6729,9.60693,-26.879899999999996,48.874953938033535,-5.196533203125,1.6369628906250004,NOSE_UP,LEVEL,True,OK
1789616198.695882,-39.6973,9.75342,-26.6846,48.81672568030756,-5.196533203125,1.6369628906250004,NOSE_UP,LEVEL,True,OK
1789616198.7367313,-39.6973,9.729,-26.709,48.82519584487091,-5.202026367187499,1.6369628906249993,NOSE_UP,LEVEL,True,OK
1789616198.7759132,-39.6973,9.75952,-26.6846,48.81794480598707,-5.196533203125,1.636962890625,NOSE_UP,LEVEL,True,OK
1789616198.8178499,-39.6973,9.588619999999999,-26.9043,48.90458689411863,-5.196533203125,1.636962890625,NOSE_UP,LEVEL,True,OK
1789616198.855946,-39.7461,9.63135,-26.7578,48.872233720922765,-5.196533203124999,1.6369628906250002,NOSE_UP,LEVEL,True,OK
1789616198.895911,-39.7217,9.881589999999997,-26.342799999999997,48.67650751294817,-5.202026367187499,1.6369628906249993,NOSE_UP,LEVEL,True,OK
1789616198.9358335,-39.77049999999999,9.771729999999998,-26.5625,48.81337709780895,-5.202026367187499,1.6369628906249996,NOSE_UP,LEVEL,True,OK
1789616198.9758692,-39.7461,9.57031,-26.855499999999996,48.913813784616096,-5.196533203124998,1.6314697265624998,NOSE_UP,LEVEL,True,OK
1789616199.0164306,-39.6973,9.69849,-26.7578,48.84584113729745,-5.196533203125,1.636962890625,NOSE_UP,LEVEL,True,OK
1789616199.056003,-39.6729,9.771729999999998,-26.586899999999996,48.747194311189844,-5.196533203125,1.636962890625,NOSE_UP,LEVEL,True,OK
1789616199.0958545,-39.6973,9.539789999999998,-26.7578,48.8145785741729,-5.196533203124998,1.6314697265624998,NOSE_UP,LEVEL,True,OK
1789616199.1398587,-39.7461,9.49097,-26.6846,48.804701145595594,-5.2020263671875,1.6314697265624998,NOSE_UP,LEVEL,True,OK
1789616199.1778374,-39.6973,9.73511,-26.709,48.82641370203324,-5.196533203124998,1.6314697265624998,NOSE_UP,LEVEL,True,OK
1789616199.2178092,-39.7217,9.85107,-26.3672,48.683531783087595,-5.196533203124998,1.6314697265624998,NOSE_UP,LEVEL,True,OK
1789616199.2578714,-39.6729,9.63745,-26.8311,48.854143776372744,-5.196533203124998,1.6314697265624998,NOSE_UP,LEVEL,True,OK
1789616199.2976897,-39.7217,9.49097,-26.8066,48.85167106651419,-5.196533203124998,1.6314697265624998,NOSE_UP,LEVEL,True,OK
1789616199.3377457,-39.7217,9.62524,-26.733399999999996,48.837827260307144,-5.196533203124998,1.6314697265624998,NOSE_UP,LEVEL,True,OK
1789616199.3797135,-39.7461,9.564209999999997,-26.6846,48.81899686898636,-5.202026367187499,1.5985107421874998,NOSE_UP,LEVEL,True,OK
1789616199.4190016,-39.7217,9.58252,-26.709,48.81607134377366,-5.196533203125001,1.6424560546875007,NOSE_UP,LEVEL,True,OK
1789616199.458776,-39.648399999999995,9.57031,-26.8311,48.82104447127386,-5.180053710937501,1.6644287109374996,NOSE_UP,LEVEL,True,OK
1789616199.4987164,-39.6729,9.74121,-26.489299999999997,48.68791617192196,-5.180053710937501,1.669921875,NOSE_UP,LEVEL,True,OK
1789616199.5387232,-39.6729,9.62524,-26.733399999999996,48.798144585912276,-5.185546874999999,1.6369628906250007,NOSE_UP,LEVEL,True,OK
1789616199.5787528,-39.7461,9.74121,-26.611299999999996,48.81398288568655,-5.185546875,1.6369628906250002,NOSE_UP,LEVEL,True,OK
1789616199.6188722,-39.6973,9.69849,-26.6357,48.77906159470577,-5.185546875000002,1.6424560546875004,NOSE_UP,LEVEL,True,OK
1789616199.6588233,-39.5752,9.771729999999998,-26.733399999999996,48.747900855246066,-5.141601562499998,1.7633056640624996,NOSE_UP,LEVEL,True,OK
1789616199.6988924,-39.5752,9.71069,-26.977499999999996,48.87002620795389,-4.839477539062499,2.13134765625,NOSE_UP,LEVEL,True,OK
1789616199.7387898,-39.3311,9.62524,-27.1729,48.7641996415157,-4.224243164062502,2.98828125,NOSE_UP,LEVEL,True,OK
1789616199.7787127,-38.8428,10.0037,-27.8809,48.84855893821229,-3.180541992187501,4.3670654296875,NOSE_UP,LEVEL,True,OK
1789616199.8188047,-38.0859,10.73,-28.2715,48.63071448231046,-1.6369628906250004,6.295166015625,NOSE_UP,LEVEL,True,OK
1789616199.8588827,-37.54879999999999,10.833699999999999,-28.8818,48.59464793956223,-0.032958984374999674,7.580566406250001,NOSE_UP,LEVEL,True,OK
1789616199.898778,-37.40229999999999,11.108399999999998,-28.5645,48.35555041667915,0.8789062499999996,7.866210937500002,NOSE_UP,LEVEL,True,OK
1789616199.9386778,-37.2314,10.967999999999998,-29.1992,48.57023214480244,0.22521972656250017,8.536376953125,NOSE_UP,LEVEL,True,OK
1789616199.9787433,-36.9385,10.522499999999999,-29.834,48.633767533474106,-0.8074951171875001,9.228515625,NOSE_UP,LEVEL,True,OK
1789616200.018852,-36.6943,10.553,-29.834,48.455185661495506,-0.18127441406249978,9.580078125,NOSE_UP,LEVEL,True,OK
1789616200.058886,-36.6943,10.7666,-29.7119,48.427144554061826,0.3350830078124999,9.481201171875002,NOSE_UP,LEVEL,True,OK
1789616200.0987535,-36.7188,10.8765,-29.6143,48.41048739870319,0.30761718749999994,9.343872070312502,NOSE_UP,LEVEL,True,OK
1789616200.1409767,-36.8896,10.614,-29.541,48.43728176890193,-0.21972656249999997,8.9593505859375,NOSE_UP,LEVEL,True,OK
1789616200.1787524,-37.1338,10.247799999999998,-29.1748,48.32292895013712,-0.6481933593750003,8.3660888671875,NOSE_UP,LEVEL,True,OK
1789616200.218778,-37.3291,10.443099999999998,-29.1748,48.51483277782167,-0.30212402343749967,8.129882812499998,NOSE_UP,LEVEL,True,OK
1789616200.2590964,-37.3535,10.553,-29.1992,48.572039816029964,0.038452148437500146,8.2177734375,NOSE_UP,LEVEL,True,OK
1789616200.298731,-37.2803,10.4797,-29.223599999999998,48.51457180208849,-0.06042480468749974,8.3660888671875,NOSE_UP,LEVEL,True,OK
1789616200.338835,-37.3535,10.2905,-29.0283,48.413020494387666,-0.34057617187500044,8.206787109374998,NOSE_UP,LEVEL,True,OK
1789616200.3787658,-37.5,10.180699999999998,-29.0283,48.50297777848284,-0.47241210937500017,7.888183593749999,NOSE_UP,LEVEL,True,OK
1789616200.4188168,-37.5977,9.96704,-29.0039,48.51963671403157,-0.7745361328124996,7.6354980468749964,NOSE_UP,LEVEL,True,OK
1789616200.4590938,-37.670899999999996,9.95483,-28.979499999999998,48.559311850446356,-0.9228515625000002,7.481689453125,NOSE_UP,LEVEL,True,OK
1789616200.4987292,-37.7441,10.2051,-28.5645,48.4220178335228,-0.8734130859375,7.410278320312498,NOSE_UP,LEVEL,True,OK
1789616200.5387633,-37.8418,9.90601,-28.54,48.42171477095891,-1.1425781250000004,7.1026611328125,NOSE_UP,LEVEL,True,OK
1789616200.5788624,-38.1348,9.747309999999999,-28.6377,48.67638939533313,-1.6424560546875,6.394042968750001,NOSE_UP,LEVEL,True,OK
1789616200.618916,-38.501,9.62524,-27.9541,48.5428053666823,-2.2302246093749996,5.603027343749999,NOSE_UP,LEVEL,True,OK
1789616200.660004,-38.8184,9.539789999999998,-27.4414,48.48614447204582,-2.6916503906250004,4.8504638671875,NOSE_UP,LEVEL,True,OK
1789616200.6987693,-39.01369999999999,9.277339999999999,-27.6123,48.68857090175886,-3.0157470703125004,4.284667968750002,NOSE_UP,LEVEL,True,OK
1789616200.7397974,-39.0625,9.23462,-27.661099999999998,48.74724162457195,-2.9553222656250004,4.317626953125001,NOSE_UP,LEVEL,True,OK
1789616200.778784,-39.0869,9.509279999999999,-27.417,48.68166027086997,-2.8509521484375,4.421997070312501,NOSE_UP,LEVEL,True,OK
1789616200.8197293,-38.9648,9.50317,-27.5635,48.665310143251936,-2.6422119140625,4.702148437500001,NOSE_UP,LEVEL,True,OK
1789616200.8591273,-38.6963,9.41162,-27.9541,48.65607805325456,-2.164306640625,5.289916992187499,NOSE_UP,LEVEL,True,OK
1789616200.8997526,-38.62299999999999,9.52148,-28.0029,48.64727247030813,-1.99951171875,5.405273437500002,NOSE_UP,LEVEL,True,OK
1789616200.9397326,-38.57419999999999,9.39331,-28.027299999999997,48.597661710066866,-1.9390869140625004,5.5535888671875,NOSE_UP,LEVEL,True,OK
1789616200.9808207,-38.501,9.75952,-27.8564,48.51344403967214,-1.7633056640624996,5.734863281249997,NOSE_UP,LEVEL,True,OK
1789616201.0208292,-38.3545,9.820559999999999,-28.0029,48.49405610354325,-1.5051269531250004,6.036987304687501,NOSE_UP,LEVEL,True,OK
1789616201.0609987,-38.2324,9.80225,-28.2959,48.563962684613166,-0.9997558593749996,6.333618164062499,NOSE_UP,LEVEL,True,OK
1789616201.1007195,-38.1592,10.2295,-28.076199999999996,48.466898202071896,-0.4724121093749999,6.35009765625,NOSE_UP,LEVEL,True,OK
1789616201.1408257,-38.0371,10.4797,-28.198199999999996,48.495191222841875,0.13732910156249983,6.712646484375001,NOSE_UP,LEVEL,True,OK
1789616201.1808097,-37.939499999999995,10.5591,-28.54,48.635705536776165,0.8239746093749994,7.036743164062499,NOSE_UP,LEVEL,True,OK
1789616201.219838,-37.81739999999999,10.7544,-28.320299999999996,48.45464120401676,0.8129882812500002,7.327880859374997,NOSE_UP,LEVEL,True,OK
1789616201.2610095,-37.79299999999999,10.571299999999999,-28.466799999999996,48.481150305350624,0.25268554687500006,7.558593749999998,NOSE_UP,LEVEL,True,OK
1789616201.299752,-37.8906,10.0037,-28.588899999999995,48.50872895943574,-0.15380859375000003,7.470703125,NOSE_UP,LEVEL,True,OK
1789616201.340706,-37.8906,9.588619999999999,-28.8818,48.59832891267353,-0.05493164062500003,7.448730468750003,NOSE_UP,LEVEL,True,OK
1789616201.3808868,-38.0127,9.91211,-28.588899999999995,48.585393784059214,0.15930175781249992,7.2564697265625,NOSE_UP,LEVEL,True,OK
1789616201.4208302,-38.0371,10.083,-28.6377,48.66832364793347,0.49987792968750017,7.344360351562499,NOSE_UP,LEVEL,True,OK
1789616201.4610336,-37.939499999999995,9.85107,-28.6621,48.5588840152335,0.6756591796875004,7.520141601562501,NOSE_UP,LEVEL,True,OK
1789616201.500763,-37.8418,9.70459,-28.8086,48.5398426889509,0.4833984374999997,7.734375000000001,NOSE_UP,LEVEL,True,OK
1789616201.5413544,-37.7197,9.558109999999997,-29.0771,48.57582710847135,0.21972656249999994,8.2232666015625,NOSE_UP,LEVEL,True,OK
1789616201.5816617,-37.4512,9.49097,-29.4434,48.57555657468991,0.14831542968750028,9.376831054687502,NOSE_UP,LEVEL,True,OK
1789616201.621037,-37.1582,9.44214,-29.809599999999996,48.564370552696346,0.3570556640625001,10.266723632812496,NOSE_UP,LEVEL,True,OK
1789616201.661158,-36.767599999999995,9.39331,-30.2734,48.54450978304446,0.5767822265624996,11.348876953125,NOSE_UP,LEVEL,True,OK
1789616201.7008512,-36.35249999999999,9.47876,-30.7129,48.52456464305063,0.6701660156250001,12.601318359375,NOSE_UP,LEVEL,True,OK
1789616201.741586,-35.8398,9.069819999999998,-31.396499999999996,48.50250623547612,0.5163574218750004,13.650512695312502,NOSE_UP,LEVEL,True,OK
1789616201.781668,-35.5225,8.911129999999998,-31.8115,48.51007912152793,0.29663085937500056,14.650268554687495,NOSE_UP,LEVEL,True,OK
1789616201.8216248,-35.13179999999999,8.60596,-32.2754,48.47687452715572,0.1318359375000006,15.5126953125,NOSE_UP,LEVEL,True,OK
1789616201.8634155,-34.79,8.5144,-32.7148,48.50873371260066,0.23071289062500025,16.127929687499993,NOSE_UP,LEVEL,True,OK
1789616201.9026456,-34.4482,8.428959999999998,-32.9346,48.39848889254292,0.30761718749999944,16.655273437499996,NOSE_UP,LEVEL,True,OK
1789616201.9420118,-34.1309,8.02002,-33.15429999999999,48.253980810917554,0.21423339843749994,17.193603515625004,NOSE_UP,LEVEL,True,OK
1789616201.9829836,-34.0088,8.21533,-33.3252,48.318309981712936,0.19226074218750042,17.677001953125004,NOSE_UP,LEVEL,True,OK
1789616202.0217843,-33.8623,8.27026,-33.7402,48.512407256263835,0.32958984374999994,18.067016601562496,NOSE_UP,LEVEL,True,OK
1789616202.0636733,-33.6426,8.1543,-33.5938,48.2375428653865,0.324096679687499,18.5009765625,NOSE_UP,LEVEL,True,OK
1789616202.10162,-33.3496,7.922359999999999,-33.6182,48.0119045588654,0.21423339843750033,18.951416015625,NOSE_UP,LEVEL,True,OK
1789616202.1428037,-33.2031,7.9589799999999995,-34.0576,48.225629389468835,0.23071289062499917,19.346923828125004,NOSE_UP,LEVEL,True,OK
1789616202.1816475,-33.0811,8.08716,-34.4238,48.422715129529855,0.28015136718750056,19.7149658203125,NOSE_UP,LEVEL,True,OK
1789616202.222736,-32.9102,7.92847,-34.20409999999999,48.123407582910204,0.17578125000000042,20.115966796874996,NOSE_UP,LEVEL,True,OK
1789616202.2636545,-32.7637,7.678219999999999,-34.5215,48.20942918463565,0.17028808593750006,20.440063476562504,NOSE_UP,LEVEL,True,OK
1789616202.302773,-32.666,7.56836,-34.5459,48.1431909609199,0.2636718749999997,20.731201171875,NOSE_UP,LEVEL,True,OK
1789616202.3430536,-32.4951,7.41577,-34.8633,48.232508286350814,0.19775390625000017,21.10473632812501,NOSE_UP,LEVEL,True,OK
1789616202.3827407,-32.3486,7.41577,-34.79,48.080865909974,0.15380859375000006,21.439819335937496,NOSE_UP,LEVEL,True,OK
1789616202.4227746,-32.25099999999999,7.31812,-34.9365,48.106557906218974,0.25817871093749956,21.714477539062493,NOSE_UP,LEVEL,True,OK
1789616202.463093,-32.104499999999994,7.214359999999999,-35.302699999999994,48.2599889945035,0.2307128906250003,22.049560546874996,NOSE_UP,LEVEL,True,OK
1789616202.5026526,-31.8359,7.03735,-35.42479999999999,48.14525188294791,0.18676757812500072,22.35168457031249,NOSE_UP,LEVEL,True,OK
1789616202.5427933,-31.640599999999996,6.83594,-35.253899999999994,47.86120672584008,0.2581787109374994,22.549438476562504,NOSE_UP,LEVEL,True,OK
1789616202.5826733,-31.689499999999995,7.220459999999999,-35.278299999999994,47.967884086663645,0.22521972656250053,22.692260742187496,NOSE_UP,LEVEL,True,OK
1789616202.6226377,-31.4941,7.0068399999999995,-35.7422,48.15058672992054,0.20324707031250003,22.708740234375,NOSE_UP,LEVEL,True,OK
1789616202.6637268,-31.738300000000002,7.2998,-35.3516,48.06602115309733,0.2691650390625003,22.527465820312504,NOSE_UP,LEVEL,True,OK
1789616202.7026424,-31.8604,7.31201,-34.9365,47.84464035448589,0.26916503906250056,22.219848632812507,NOSE_UP,LEVEL,True,OK
1789616202.743823,-32.0068,7.24487,-35.2295,48.14603885894353,0.24169921875000042,21.851806640624996,NOSE_UP,LEVEL,True,OK
1789616202.7837088,-32.1533,7.495119999999999,-35.302699999999994,48.33520613377375,0.28564453124999956,21.412353515625004,NOSE_UP,LEVEL,True,OK
1789616202.8248305,-32.397499999999994,7.727049999999999,-34.6924,48.092285511425835,0.3021240234374998,20.994873046875,NOSE_UP,LEVEL,True,OK
1789616202.86421,-32.6416,7.78809,-34.4482,48.09165083097169,0.2636718750000005,20.643310546875004,NOSE_UP,LEVEL,True,OK
1789616202.9049633,-32.7393,7.78809,-34.5459,48.227951616755405,0.26916503906250044,20.275268554687504,NOSE_UP,LEVEL,True,OK
1789616202.9438078,-32.7637,7.6355,-34.7412,48.36023030735069,0.26916503906250006,19.879760742187496,NOSE_UP,LEVEL,True,OK
1789616202.9848614,-33.0811,7.922359999999999,-34.1553,48.20484916758478,0.22521972656250078,19.478759765625,NOSE_UP,LEVEL,True,OK
1789616203.0238614,-33.300799999999995,7.96509,-33.9844,48.24236087411249,0.21423339843749942,19.055786132812504,NOSE_UP,LEVEL,True,OK
1789616203.0656583,-33.5449,8.044429999999998,-33.6914,48.21912073021345,0.20874023437499994,18.627319335937507,NOSE_UP,LEVEL,True,OK
1789616203.1037002,-33.7402,8.03833,-33.6182,48.303200892579575,0.15930175781249928,18.215332031250004,NOSE_UP,LEVEL,True,OK
1789616203.1447368,-33.93549999999999,8.00171,-33.44729999999999,48.315291580038085,0.17028808593749992,17.7703857421875,NOSE_UP,LEVEL,True,OK
1789616203.1837265,-34.20409999999999,8.10547,-33.17869999999999,48.33678965778446,0.20324707031250036,17.248535156249996,NOSE_UP,LEVEL,True,OK
1789616203.2247214,-34.3262,7.89795,-33.276399999999995,48.456004969482365,0.21972656250000047,16.693725585937496,NOSE_UP,LEVEL,True,OK
1789616203.2638748,-34.8389,8.17261,-32.666,48.45212135110391,0.24169921874999992,16.1334228515625,NOSE_UP,LEVEL,True,OK
1789616203.3047073,-35.15619999999999,8.251949999999999,-31.982399999999995,48.23823159074656,0.23620605468750014,15.5072021484375,NOSE_UP,LEVEL,True,OK
1789616203.3437526,-35.3271,8.05054,-32.2021,48.474637008559434,0.21972656249999997,14.935913085937504,NOSE_UP,LEVEL,True,OK
1789616203.3847654,-35.4736,8.02002,-32.3486,48.673698644343844,0.15930175781250003,14.408569335937502,NOSE_UP,LEVEL,True,OK
1789616203.4247308,-35.7666,8.23364,-31.8115,48.56968226640565,0.1318359374999999,13.969116210937504,NOSE_UP,LEVEL,True,OK
1789616203.4664805,-36.0596,8.47168,-31.152299999999997,48.399689146443905,0.1428222656250005,13.485717773437502,NOSE_UP,LEVEL,True,OK
1789616203.504882,-36.1572,8.3313,-31.25,48.510990213868034,0.14831542968750017,13.238525390625,NOSE_UP,LEVEL,True,OK
1789616203.5457926,-36.2305,8.06885,-31.25,48.52131460062165,0.09338378906250001,12.458496093750004,NOSE_UP,LEVEL,True,OK
1789616203.5851703,-36.498999999999995,8.47778,-30.7617,48.480222169647696,0.12084960937500011,11.936645507812502,NOSE_UP,LEVEL,True,OK
1789616203.6258113,-36.767599999999995,8.59985,-30.444299999999995,48.5043217896354,0.12084960937500008,11.453247070312498,NOSE_UP,LEVEL,True,OK
1789616203.6649225,-36.9629,8.60596,-30.322299999999995,48.577365111969584,0.06591796874999971,11.024780273437496,NOSE_UP,LEVEL,True,OK
1789616203.70594,-37.1094,8.62427,-30.127,48.570790917926175,0.049438476562499785,10.618286132812498,NOSE_UP,LEVEL,True,OK
1789616203.7447276,-37.2559,8.61206,-30.029299999999996,48.62024805308586,-0.010986328125000323,10.3436279296875,NOSE_UP,LEVEL,True,OK
1789616203.78601,-37.40229999999999,8.83789,-29.6875,48.563237136666444,-0.005493164062500594,10.2117919921875,NOSE_UP,LEVEL,True,OK
1789616203.8267539,-37.3779,8.6731,-29.8584,48.619482952618895,-0.01647949218750028,10.162353515624996,NOSE_UP,LEVEL,True,OK
1789616203.867196,-37.4756,8.64868,-29.760699999999996,48.63043826239282,-0.04943847656249961,10.0579833984375,NOSE_UP,LEVEL,True,OK
1789616203.9058723,-37.52439999999999,8.49609,-29.760699999999996,48.64116985782825,-0.04943847656250014,9.860229492187498,NOSE_UP,LEVEL,True,OK
1789616203.9468715,-37.646499999999996,8.39844,-29.6143,48.629204406134384,-0.0988769531249999,9.602050781249998,NOSE_UP,LEVEL,True,OK
1789616203.9857411,-37.7197,8.39844,-29.1992,48.43452119267414,-0.21423339843749986,9.393310546875002,NOSE_UP,LEVEL,True,OK
1789616204.0268502,-37.81739999999999,8.41675,-29.4434,48.661188095673324,-0.4888916015624996,9.310913085937498,NOSE_UP,LEVEL,True,OK
1789616204.067301,-37.8906,8.49609,-29.1504,48.55540066571483,-0.4998779296875004,9.244995117187504,NOSE_UP,LEVEL,True,OK
1789616204.1077147,-37.79299999999999,8.24585,-29.492199999999997,48.64252000115228,-0.4669189453125002,9.206542968750002,NOSE_UP,LEVEL,True,OK
1789616204.1469173,-37.7441,8.02002,-29.492199999999997,48.56673415467011,-0.5438232421875003,9.1461181640625,NOSE_UP,LEVEL,True,OK
1789616204.1879413,-37.8662,8.34961,-29.370099999999997,48.64327151417861,-0.5932617187499999,9.008789062499998,NOSE_UP,LEVEL,True,OK
1789616204.2277799,-38.0615,8.58154,-28.8086,48.5000623193579,-0.8074951171874998,8.811035156249996,NOSE_UP,LEVEL,True,OK
1789616204.268363,-38.11039999999999,8.22754,-29.101599999999998,48.651804952864794,-1.1480712890624996,8.492431640625002,NOSE_UP,LEVEL,True,OK
1789616204.3077626,-38.2568,7.95288,-29.0771,48.7063526754406,-1.5216064453125,8.074951171875002,NOSE_UP,LEVEL,True,OK
1789616204.3487468,-38.452099999999994,7.79419,-28.979499999999998,48.77627304762122,-1.7852783203124998,7.695922851562498,NOSE_UP,LEVEL,True,OK
1789616204.3888218,-38.59859999999999,7.94067,-28.735399999999995,48.7711941125999,-1.9610595703124996,7.4542236328125,NOSE_UP,LEVEL,True,OK
1789616204.4309745,-38.6963,7.8186,-28.54,48.714122589347745,-2.081909179687501,7.27294921875,NOSE_UP,LEVEL,True,OK
1789616204.4713569,-38.7695,7.757569999999999,-28.4912,48.733997373444545,-2.208251953125001,7.091674804687501,NOSE_UP,LEVEL,True,OK
1789616204.5098186,-38.7939,7.586669999999999,-28.54,48.75505962358061,-2.406005859375,6.806030273437499,NOSE_UP,LEVEL,True,OK
1789616204.5497963,-38.9404,7.47681,-28.3936,48.76939574052666,-2.6751708984375004,6.432495117187501,NOSE_UP,LEVEL,True,OK
1789616204.589766,-39.1113,7.36084,-28.125,48.73285727510341,-2.9827880859375,6.009521484375002,NOSE_UP,LEVEL,True,OK
1789616204.636164,-39.3066,7.2876,-27.9785,48.79461424757859,-3.4222412109375,5.3997802734375,NOSE_UP,LEVEL,True,OK
1789616204.6725836,-39.4775,7.525629999999999,-27.783199999999997,48.85708050412857,-3.570556640625,5.196533203125,NOSE_UP,LEVEL,True,OK
1789616204.7097776,-39.623999999999995,7.208249999999999,-27.636699999999998,48.84472777027731,-3.8616943359375,4.7845458984375,NOSE_UP,LEVEL,True,OK
1789616204.749784,-39.79489999999999,6.86646,-27.392599999999998,48.79689409892395,-4.1912841796875,4.317626953125,NOSE_UP,LEVEL,True,OK
1789616204.7897844,-40.0146,6.87866,-27.417,48.99159178426029,-4.5703125,3.7847900390624987,NOSE_UP,LEVEL,True,OK
1789616204.8360822,-40.2344,6.86035,-27.3193,49.114310521196366,-5.037231445312502,3.1365966796875,NOSE_UP,LEVEL,True,OK
1789616204.8770862,-40.3564,6.738279999999999,-26.879899999999996,48.95480019700213,-5.207519531249999,2.8894042968750004,NOSE_UP,LEVEL,True,OK
1789616204.9138567,-40.4785,6.68945,-26.416,48.796134678399476,-5.284423828124999,2.790527343749999,NOSE_UP,LEVEL,True,OK
1789616204.9538267,-40.5029,6.48804,-26.7578,48.975089916115515,-5.394287109375,2.63671875,NOSE_UP,LEVEL,True,OK
1789616204.9937835,-40.5518,6.7627,-26.709,49.026046909066615,-5.487670898437502,2.4993896484375,NOSE_UP,LEVEL,True,OK
1789616205.0359302,-40.5762,6.50024,-26.5625,48.931048759939735,-5.657958984375,2.2576904296875,NOSE_UP,LEVEL,True,OK
1789616205.074051,-40.625,6.50635,-26.489299999999997,48.93267037279388,-5.7183837890625,2.1697998046874996,NOSE_UP,LEVEL,True,OK
1789616205.1138394,-40.69819999999999,6.54907,-26.416,48.959563489729966,-5.850219726562498,1.9830322265624998,NOSE_UP,LEVEL,True,OK
1789616205.1537833,-40.7715,6.48193,-26.2207,48.906602184826745,-5.99853515625,1.7687988281250004,NOSE_UP,LEVEL,True,OK
1789616205.1937718,-40.918,6.524659999999999,-26.1719,49.008389707534775,-6.168823242187502,1.5216064453125002,NOSE_UP,LEVEL,True,OK
1789616205.233876,-40.9424,6.49414,-26.0986,48.985619257692356,-6.322631835937501,1.3183593750000004,NOSE_UP,LEVEL,True,OK
1789616205.273981,-41.01559999999999,6.44531,-26.0254,49.00145823866979,-6.443481445312499,1.131591796875,NOSE_UP,LEVEL,True,OK
1789616205.3138645,-41.137699999999995,6.365969999999999,-25.9033,49.02873531125293,-6.597290039062501,0.8294677734374999,NOSE_UP,LEVEL,True,OK
1789616205.3538241,-41.1621,6.32935,-25.708,48.941602056251696,-6.597290039062501,0.8129882812499998,NOSE_UP,LEVEL,True,OK
1789616205.3937907,-41.1621,6.48193,-25.7324,48.97438414819425,-6.5863037109375,0.8404541015625001,NOSE_UP,LEVEL,True,OK
1789616205.4338346,-41.1621,6.44531,-26.0986,49.162967967425445,-6.591796875,0.8020019531249998,NOSE_UP,LEVEL,True,OK
1789616205.4739614,-41.1621,6.49414,-25.659199999999995,48.937581421537374,-6.5972900390625,0.8020019531249998,NOSE_UP,LEVEL,True,OK
1789616205.5137622,-41.1621,6.262209999999999,-25.5859,48.86892703246205,-6.602783203125001,0.7690429687500001,NOSE_UP,LEVEL,True,OK
1789616205.553722,-41.113299999999995,6.304929999999999,-25.8545,48.97459289718394,-6.608276367187499,0.7635498046874998,NOSE_UP,LEVEL,True,OK
1789616205.5947752,-41.113299999999995,6.54907,-25.9766,49.07114735070803,-6.61376953125,0.7470703124999999,NOSE_UP,LEVEL,True,OK
1789616205.6346896,-41.1621,6.50024,-25.659199999999995,48.9383912803394,-6.6192626953125,0.7415771484374999,NOSE_UP,LEVEL,True,OK
1789616205.6760666,-41.1865,6.726069999999999,-25.3418,48.82391450032351,-6.624755859375001,0.7305908203125002,NOSE_UP,LEVEL,True,OK
1789616205.715876,-41.137699999999995,6.45142,-25.8301,49.00127801717421,-6.630249023437498,0.7196044921875001,NOSE_UP,LEVEL,True,OK
1789616205.7569227,-41.1621,6.10962,-26.001,49.06829866578217,-6.6357421875,0.7086181640624997,NOSE_UP,LEVEL,True,OK
1789616205.7960792,-41.1865,6.49414,-25.708,48.98370035623687,-6.635742187499998,0.7031250000000002,NOSE_UP,LEVEL,True,OK
1789616205.836749,-41.1621,6.66504,-25.7568,49.01177390027421,-6.641235351562498,0.6866455078125001,NOSE_UP,LEVEL,True,OK
1789616205.876147,-41.1865,6.54297,-25.537099999999995,48.900733277537874,-6.646728515625,0.6811523437499999,NOSE_UP,LEVEL,True,OK
1789616205.9169486,-41.1621,6.09741,-26.074199999999998,49.10560854686662,-6.6522216796875,0.6701660156250003,NOSE_UP,LEVEL,True,OK
1789616205.9558413,-41.137699999999995,6.353759999999999,-25.805699999999998,48.97565497180818,-6.6522216796875,0.6591796875000002,NOSE_UP,LEVEL,True,OK
1789616205.996785,-41.137699999999995,6.573489999999999,-25.9766,49.09485593858179,-6.657714843749999,0.6536865234375,NOSE_UP,LEVEL,True,OK
1789616206.0359166,-41.1621,6.518549999999999,-25.659199999999995,48.94082667009722,-6.6632080078125,0.6427001953124999,NOSE_UP,LEVEL,True,OK
1789616206.0769725,-41.1621,6.54907,-25.5615,48.89375293966398,-6.6632080078125,0.6372070312500001,NOSE_UP,LEVEL,True,OK
1789616206.1168463,-41.137699999999995,6.40259,-25.8545,49.00774112574563,-6.668701171875,0.6262207031249999,NOSE_UP,LEVEL,True,OK
1789616206.1568906,-41.137699999999995,6.359859999999999,-25.927699999999998,49.04083816371412,-6.674194335937498,0.6207275390625001,NOSE_UP,LEVEL,True,OK
1789616206.1968005,-41.1865,6.408689999999999,-25.8789,49.06237412698351,-6.674194335937498,0.6097412109374997,NOSE_UP,LEVEL,True,OK
1789616206.2367618,-41.1621,6.37817,-25.8789,49.03791384397281,-6.679687500000001,0.6042480468749999,NOSE_UP,LEVEL,True,OK
1789616206.2771358,-41.1621,6.463619999999999,-25.9521,49.087761757126394,-6.679687500000001,0.5987548828125003,NOSE_UP,LEVEL,True,OK
1789616206.3167675,-41.1621,6.33545,-25.9033,49.0452582213867,-6.685180664062499,0.5932617187499998,NOSE_UP,LEVEL,True,OK
1789616206.3569582,-41.1865,6.12488,-25.781199999999995,48.97460781572835,-6.685180664062499,0.5877685546875001,NOSE_UP,LEVEL,True,OK
1789616206.3967755,-41.1621,6.38428,-25.805699999999998,49.00011897963514,-6.690673828125001,0.5767822265624998,NOSE_UP,LEVEL,True,OK
1789616206.436771,-41.113299999999995,6.17676,-26.2939,49.191716560795065,-6.6961669921875,0.5712890624999997,NOSE_UP,LEVEL,True,OK
1789616206.4768343,-41.137699999999995,6.47583,-25.683599999999995,48.927436520207145,-6.6961669921875,0.5603027343750001,NOSE_UP,LEVEL,True,OK
1789616206.516767,-41.1865,6.353759999999999,-25.537099999999995,48.87577646234993,-6.70166015625,0.5548095703125002,NOSE_UP,LEVEL,True,OK
1789616206.5568657,-41.113299999999995,6.43311,-25.8545,48.991259540984444,-6.701660156249999,0.5493164062500002,NOSE_UP,LEVEL,True,OK
1789616206.5968225,-41.137699999999995,6.38428,-26.2451,49.212545823381255,-6.701660156249999,0.5438232421874999,NOSE_UP,LEVEL,True,OK
1789616206.6367943,-41.137699999999995,6.38428,-25.8545,49.005352387860654,-6.707153320312499,0.5383300781250001,NOSE_UP,LEVEL,True,OK
1789616206.676889,-41.1621,6.463619999999999,-25.683599999999995,48.94633968821775,-6.7071533203125,0.5328369140624998,NOSE_UP,LEVEL,True,OK
1789616206.7168684,-41.1621,6.37207,-25.9033,49.05000207324053,-6.707153320312499,0.5273437500000001,NOSE_UP,LEVEL,True,OK
1789616206.7578878,-41.1621,6.088259999999999,-26.2695,49.20845472566275,-6.712646484374999,0.5218505859375002,NOSE_UP,LEVEL,True,OK
1789616206.7968104,-41.137699999999995,6.33545,-25.8545,48.99901487012264,-6.712646484374999,0.516357421875,NOSE_UP,LEVEL,True,OK
1789616206.8377807,-41.1621,6.34766,-25.708,48.94397335613038,-6.7181396484375,0.5108642578125,NOSE_UP,LEVEL,True,OK
1789616206.8771148,-41.137699999999995,6.304929999999999,-25.8545,48.99507805734061,-6.718139648437499,0.5053710937500002,NOSE_UP,LEVEL,True,OK
1789616206.9177902,-41.1621,6.33545,-25.9033,49.0452582213867,-6.723632812499999,0.4998779296875001,NOSE_UP,LEVEL,True,OK
1789616206.956958,-41.113299999999995,6.353759999999999,-25.8301,48.96802802888431,-6.7236328125,0.4943847656249999,NOSE_UP,LEVEL,True,OK
1789616206.9979203,-41.137699999999995,6.463619999999999,-25.7568,48.96428791511625,-6.729125976562499,0.48889160156249956,NOSE_UP,LEVEL,True,OK
1789616207.0367794,-41.1865,6.512449999999999,-25.683599999999995,48.97333045865371,-6.729125976562499,0.4779052734374999,NOSE_UP,LEVEL,True,OK
1789616207.0779676,-41.1621,6.65283,-25.659199999999995,48.95889263513728,-6.734619140625001,0.4779052734374999,NOSE_UP,LEVEL,True,OK
1789616207.116811,-41.137699999999995,6.43311,-25.8545,49.01173773507831,-6.734619140625001,0.4724121093750003,NOSE_UP,LEVEL,True,OK
1789616207.1578221,-41.137699999999995,6.359859999999999,-25.9033,49.02794235331114,-6.734619140625001,0.4724121093750003,NOSE_UP,LEVEL,True,OK
1789616207.1977878,-41.1621,6.12793,-26.049799999999998,49.09645692445535,-6.734619140625,0.46142578124999994,NOSE_UP,LEVEL,True,OK
1789616207.2388315,-41.1865,6.56128,-25.781199999999995,49.03109677468371,-6.7401123046875,0.45593261718749983,NOSE_UP,LEVEL,True,OK
1789616207.279068,-41.1865,6.7749,-25.3662,48.843332755863415,-6.740112304687503,0.45043945312499994,NOSE_UP,LEVEL,True,OK
1789616207.31887,-41.1865,6.34155,-25.8301,49.02792168410262,-6.740112304687503,0.45043945312499994,NOSE_UP,LEVEL,True,OK
1789616207.3578665,-41.137699999999995,6.039429999999999,-26.1475,49.11697091907134,-6.74560546875,0.4449462890625002,NOSE_UP,LEVEL,True,OK
1789616207.3987663,-41.137699999999995,6.365969999999999,-25.805699999999998,48.9772405084331,-6.745605468750002,0.43945312499999994,NOSE_UP,LEVEL,True,OK
1789616207.4378736,-41.1621,6.65283,-25.7324,48.997296182329286,-6.74560546875,0.43395996093749994,NOSE_UP,LEVEL,True,OK
1789616207.4788225,-41.1621,6.567379999999999,-25.683599999999995,48.96014976932158,-6.74560546875,0.43395996093749994,NOSE_UP,LEVEL,True,OK
1789616207.5188465,-41.1621,6.23474,-25.805699999999998,48.98085964708664,-6.751098632812502,0.42297363281249983,NOSE_UP,LEVEL,True,OK
1789616207.558739,-41.113299999999995,6.41479,-25.8789,49.00173907979287,-6.751098632812502,0.42297363281249983,NOSE_UP,LEVEL,True,OK
1789616207.5998516,-41.1621,6.47583,-25.8545,49.037842742609506,-6.7510986328125,0.41748046875000017,NOSE_UP,LEVEL,True,OK
1789616207.638767,-41.1621,6.65283,-25.7324,48.997296182329286,-6.751098632812499,0.4119873046875001,NOSE_UP,LEVEL,True,OK
1789616207.6797922,-41.1865,6.54907,-25.708,48.99101309541272,-6.7510986328125,0.40649414062499983,NOSE_UP,LEVEL,True,OK
1789616207.7209527,-41.1621,6.365969999999999,-25.8545,49.02345582168703,-6.756591796875001,0.406494140625,NOSE_UP,LEVEL,True,OK
1789616207.7607818,-41.1621,6.33545,-25.8789,49.03237571566873,-6.756591796875,0.40100097656250006,NOSE_UP,LEVEL,True,OK
1789616207.7998157,-41.1621,6.38428,-25.9766,49.090337695807314,-6.756591796875001,0.39550781249999967,NOSE_UP,LEVEL,True,OK
1789616207.8407483,-41.1621,6.27441,-25.8545,49.011650324265766,-6.756591796875001,0.39550781249999967,NOSE_UP,LEVEL,True,OK
1789616207.880804,-41.137699999999995,6.365969999999999,-25.8545,49.00297037507931,-6.762084960937501,0.3900146484374999,NOSE_UP,LEVEL,True,OK
1789616207.9208322,-41.137699999999995,6.359859999999999,-25.8545,49.002177000206835,-6.762084960937501,0.3900146484374999,NOSE_UP,LEVEL,True,OK
1789616207.9608934,-41.1621,6.33545,-25.5127,48.84008870182875,-6.762084960937501,0.3900146484374999,NOSE_UP,LEVEL,True,OK
1789616208.0009093,-41.137699999999995,6.40259,-26.001,49.085186370208476,-6.762084960937499,0.3845214843749997,NOSE_UP,LEVEL,True,OK
1789616208.040913,-41.137699999999995,6.48804,-26.0254,49.10933179642745,-6.7620849609375,0.3790283203125,NOSE_UP,LEVEL,True,OK
1789616208.081901,-41.1621,6.41479,-25.8789,49.04269030512193,-6.7620849609375,0.3790283203125,NOSE_UP,LEVEL,True,OK
1789616208.121779,-41.1621,6.48804,-25.4883,48.84738044503103,-6.767578124999998,0.3790283203125,NOSE_UP,LEVEL,True,OK
1789616208.1617928,-41.1621,6.37207,-25.9033,49.05000207324053,-6.767578125000001,0.3735351562499999,NOSE_UP,LEVEL,True,OK
1789616208.2017672,-41.1621,6.292719999999999,-26.196299999999997,49.195151540557326,-6.767578125000001,0.3735351562499999,NOSE_UP,LEVEL,True,OK
1789616208.241867,-41.1621,6.21338,-25.9521,49.055438657139746,-6.767578125,0.3680419921874997,NOSE_UP,LEVEL,True,OK
1789616208.2827988,-41.1621,6.5979,-25.6104,48.92589650665586,-6.767578125,0.3680419921874997,NOSE_UP,LEVEL,True,OK
1789616208.3218207,-41.137699999999995,6.353759999999999,-25.8789,49.01426417521332,-6.767578125000001,0.3625488281250002,NOSE_UP,LEVEL,True,OK
1789616208.361754,-41.1621,6.11877,-25.9521,49.043545111797336,-6.767578125000001,0.3625488281250002,NOSE_UP,LEVEL,True,OK
1789616208.4028609,-41.137699999999995,6.38428,-25.9766,49.06988017071572,-6.773071289062502,0.3625488281250002,NOSE_UP,LEVEL,True,OK
1789616208.4418979,-41.137699999999995,6.5979,-25.537099999999995,48.86702489521947,-6.7730712890625,0.3570556640624999,NOSE_UP,LEVEL,True,OK
1789616208.4828062,-41.113299999999995,6.45752,-25.8545,48.99447082774137,-6.7730712890625,0.3570556640624999,NOSE_UP,LEVEL,True,OK
1789616208.5228033,-41.1621,6.408689999999999,-25.927699999999998,49.06766156254137,-6.773071289062502,0.35156250000000033,NOSE_UP,LEVEL,True,OK
1789616208.5629754,-41.1621,6.28052,-26.0254,49.102798831027954,-6.773071289062502,0.3460693359375,NOSE_UP,LEVEL,True,OK
1789616208.6027918,-41.137699999999995,6.65283,-25.781199999999995,49.00245689492415,-6.773071289062502,0.3460693359375,NOSE_UP,LEVEL,True,OK
1789616208.6428885,-41.1865,6.48193,-25.7324,48.99489369857741,-6.778564453125001,0.3460693359375,NOSE_UP,LEVEL,True,OK
1789616208.6827605,-41.1865,6.50635,-25.659199999999995,48.9597275034543,-6.778564453125001,0.3460693359375,NOSE_UP,LEVEL,True,OK
1789616208.72277,-41.1621,6.408689999999999,-25.7568,48.97757170548679,-6.778564453125,0.3405761718749999,NOSE_UP,LEVEL,True,OK
1789616208.76291,-41.137699999999995,6.27441,-25.8789,49.004041132830054,-6.778564453125,0.3405761718749999,NOSE_UP,LEVEL,True,OK
1789616208.8037224,-41.1621,6.23474,-25.8545,49.0065876135811,-6.778564453125,0.3405761718749999,NOSE_UP,LEVEL,True,OK
1789616208.8429115,-41.1621,6.518549999999999,-25.659199999999995,48.94082667009722,-6.7840576171875,0.33508300781249994,NOSE_UP,LEVEL,True,OK
1789616208.8827834,-41.1621,6.829829999999999,-25.6104,48.9577127978718,-6.7840576171875,0.33508300781249994,NOSE_UP,LEVEL,True,OK
1789616208.9228466,-41.137699999999995,6.512449999999999,-25.7568,48.97075772879668,-6.7840576171875,0.33508300781249994,NOSE_UP,LEVEL,True,OK
1789616208.9628196,-41.1621,6.39038,-25.7568,48.97517921554142,-6.7840576171875,0.33508300781249994,NOSE_UP,LEVEL,True,OK
1789616209.0043366,-41.1621,6.427,-25.8301,49.01855639877617,-6.7840576171875,0.32958984374999994,NOSE_UP,LEVEL,True,OK
1789616209.042899,-41.1621,6.55518,-26.001,49.125765767491096,-6.7840576171875,0.32958984374999994,NOSE_UP,LEVEL,True,OK
1789616209.0838108,-41.1865,6.53076,-25.708,48.98856879341955,-6.7840576171875,0.32958984374999994,NOSE_UP,LEVEL,True,OK
1789616209.1238856,-41.2109,6.37817,-25.5127,48.88677932374867,-6.7840576171875,0.32958984374999994,NOSE_UP,LEVEL,True,OK
1789616209.1638026,-41.1865,6.1615,-26.001,49.09525298335879,-6.7840576171875,0.32958984374999994,NOSE_UP,LEVEL,True,OK
1789616209.205765,-41.113299999999995,6.49414,-25.9766,49.06384655517339,-6.7840576171875,0.32958984374999994,NOSE_UP,LEVEL,True,OK
1789616209.2448235,-41.137699999999995,6.41479,-25.708,48.93220980125565,-6.7840576171875,0.32958984374999994,NOSE_UP,LEVEL,True,OK
1789616209.2849455,-41.1865,6.67725,-25.2197,48.75394053717607,-6.7840576171875,0.32958984374999994,NOSE_UP,LEVEL,True,OK
1789616209.3247838,-41.1621,6.45752,-25.7568,48.98398500735113,-6.784057617187498,0.32409667968750006,NOSE_UP,LEVEL,True,OK
1789616209.3648572,-41.113299999999995,6.34766,-26.049799999999998,49.08348301012877,-6.784057617187498,0.32409667968750006,NOSE_UP,LEVEL,True,OK
1789616209.4059434,-41.137699999999995,6.427,-25.8545,49.01093613205118,-6.784057617187498,0.32409667968750006,NOSE_UP,LEVEL,True,OK
1789616209.4447644,-41.1621,6.39038,-25.8545,49.02663157105942,-6.7840576171875,0.31860351562500017,NOSE_UP,LEVEL,True,OK
1789616209.4857903,-41.1621,6.43921,-25.9033,49.05876937637246,-6.7840576171875,0.31860351562500017,NOSE_UP,LEVEL,True,OK
1789616209.525964,-41.1621,6.39038,-25.7568,48.97517921554142,-6.7840576171875,0.31860351562500017,NOSE_UP,LEVEL,True,OK
1789616209.565837,-41.1865,6.359859999999999,-25.8545,49.043152138903146,-6.789550781250001,0.31311035156249994,NOSE_UP,LEVEL,True,OK
1789616209.6059065,-41.1621,6.38428,-25.8789,49.038708922017925,-6.789550781250001,0.31311035156249994,NOSE_UP,LEVEL,True,OK
1789616209.645899,-41.137699999999995,6.2561,-26.2939,49.22213247828663,-6.789550781250001,0.31311035156249994,NOSE_UP,LEVEL,True,OK
1789616209.6858053,-41.137699999999995,6.31714,-25.9033,49.02241905454687,-6.789550781250001,0.31311035156249994,NOSE_UP,LEVEL,True,OK
1789616209.725865,-41.1621,6.353759999999999,-25.708,48.94476485332829,-6.789550781250001,0.31860351562500017,NOSE_UP,LEVEL,True,OK
1789616209.76585,-41.137699999999995,6.37817,-25.8301,48.99168786487051,-6.789550781250001,0.31860351562500017,NOSE_UP,LEVEL,True,OK
1789616209.8058548,-41.113299999999995,6.19202,-26.2451,49.16756880892525,-6.789550781250001,0.31860351562500017,NOSE_UP,LEVEL,True,OK
1789616209.8457654,-41.137699999999995,6.353759999999999,-25.8545,49.001385670995056,-6.789550781250001,0.31860351562500017,NOSE_UP,LEVEL,True,OK
1789616209.885774,-41.137699999999995,6.70166,-25.4639,48.84294023966616,-6.789550781250001,0.31860351562500017,NOSE_UP,LEVEL,True,OK
1789616209.925945,-41.137699999999995,6.37207,-25.7324,48.939452869182134,-6.789550781250001,0.31860351562500017,NOSE_UP,LEVEL,True,OK
1789616209.9657526,-41.137699999999995,6.40259,-26.2695,49.22794074758866,-6.789550781250001,0.31860351562500017,NOSE_UP,LEVEL,True,OK
1789616210.0058923,-41.1621,6.45752,-25.8301,49.022567323329774,-6.789550781250001,0.31860351562500017,NOSE_UP,LEVEL,True,OK
1789616210.0458767,-41.137699999999995,6.26831,-25.9521,49.04195719948481,-6.789550781249998,0.32409667968749983,NOSE_UP,LEVEL,True,OK
1789616210.0857534,-41.1621,6.304929999999999,-25.9033,49.041325120809084,-6.789550781249998,0.32409667968749983,NOSE_UP,LEVEL,True,OK
1789616210.1278024,-41.1621,6.16455,-26.0254,49.08810037343572,-6.789550781249998,0.32409667968749983,NOSE_UP,LEVEL,True,OK
1789616210.166803,-41.1621,6.28662,-25.8301,49.00034829921518,-6.789550781249998,0.32409667968749983,NOSE_UP,LEVEL,True,OK
1789616210.20682,-41.1621,6.353759999999999,-25.805699999999998,48.99615183907406,-6.789550781249998,0.32409667968749983,NOSE_UP,LEVEL,True,OK
1789616210.2468448,-41.137699999999995,6.38428,-25.7568,48.95387766713072,-6.789550781249998,0.32409667968749983,NOSE_UP,LEVEL,True,OK
1789616210.2867122,-41.1865,6.56128,-25.6104,48.941503508253604,-6.789550781249998,0.32409667968749983,NOSE_UP,LEVEL,True,OK
1789616210.3268497,-41.137699999999995,6.622309999999999,-25.5127,48.85758090937475,-6.78955078125,0.3295898437500001,NOSE_UP,LEVEL,True,OK
1789616210.3668349,-41.137699999999995,6.44531,-25.805699999999998,48.98761613689831,-6.78955078125,0.3295898437500001,NOSE_UP,LEVEL,True,OK
1789616210.4068885,-41.137699999999995,6.23169,-26.1719,49.15396902749664,-6.78955078125,0.3295898437500001,NOSE_UP,LEVEL,True,OK
1789616210.4469054,-41.1621,6.518549999999999,-25.708,48.96642966883026,-6.78955078125,0.3295898437500001,NOSE_UP,LEVEL,True,OK
1789616210.4867642,-41.1621,6.829829999999999,-25.781199999999995,49.04727645526202,-6.78955078125,0.3295898437500001,NOSE_UP,LEVEL,True,OK
1789616210.5267828,-41.1865,6.54297,-25.5859,48.92623547219733,-6.78955078125,0.3295898437500001,NOSE_UP,LEVEL,True,OK
1789616210.5669851,-41.1865,6.18286,-25.9766,49.08502101038157,-6.7950439453125,0.32958984374999994,NOSE_UP,LEVEL,True,OK
1789616210.6073222,-41.1621,6.39648,-25.8301,49.01456414995853,-6.7950439453125,0.32958984374999994,NOSE_UP,LEVEL,True,OK
1789616210.646949,-41.1621,6.63452,-25.781199999999995,49.0204610900428,-6.7950439453125,0.32958984374999994,NOSE_UP,LEVEL,True,OK
1789616210.6867692,-41.1865,6.50024,-25.659199999999995,48.958915908622814,-6.7950439453125,0.32958984374999994,NOSE_UP,LEVEL,True,OK
1789616210.726793,-41.1621,6.38428,-25.708,48.94873615864255,-6.7950439453125,0.32958984374999994,NOSE_UP,LEVEL,True,OK
1789616210.766857,-41.137699999999995,6.32324,-25.8545,48.99743764359112,-6.7950439453125,0.32958984374999994,NOSE_UP,LEVEL,True,OK
1789616210.80696,-41.137699999999995,6.43311,-25.781199999999995,48.97311036683396,-6.7950439453125,0.32958984374999994,NOSE_UP,LEVEL,True,OK
1789616210.8467653,-41.137699999999995,6.39648,-25.781199999999995,48.9683121122262,-6.7950439453125,0.32958984374999994,NOSE_UP,LEVEL,True,OK
1789616210.8868258,-41.1621,6.604,-25.6104,48.92671949528192,-6.7950439453125,0.32958984374999994,NOSE_UP,LEVEL,True,OK
1789616210.9329429,-41.1865,6.56128,-25.537099999999995,48.903186541353314,-6.7950439453125,0.32958984374999994,NOSE_UP,LEVEL,True,OK
1789616210.9668174,-41.113299999999995,6.463619999999999,-25.8545,48.9952751869443,-6.789550781249998,0.32409667968749983,NOSE_UP,LEVEL,True,OK
1789616211.0067487,-41.1621,6.48193,-25.8301,49.02578871313444,-6.7950439453125,0.32958984374999994,NOSE_UP,LEVEL,True,OK
1789616211.0468178,-41.1621,6.31714,-25.9033,49.04289637735113,-6.7950439453125,0.32958984374999994,NOSE_UP,LEVEL,True,OK
1789616211.0867848,-41.113299999999995,6.427,-26.196299999999997,49.17169815635819,-6.7950439453125,0.32958984374999994,NOSE_UP,LEVEL,True,OK
1789616211.1287694,-41.1621,6.32935,-25.7568,48.967253282908366,-6.7950439453125,0.32958984374999994,NOSE_UP,LEVEL,True,OK
1789616211.1668413,-41.1621,6.12793,-25.8301,48.98024161337815,-6.7950439453125,0.32958984374999994,NOSE_UP,LEVEL,True,OK
1789616211.2069378,-41.1621,6.353759999999999,-25.8301,49.00900742269323,-6.7950439453125,0.32958984374999994,NOSE_UP,LEVEL,True,OK
1789616211.2470534,-41.113299999999995,6.420899999999999,-26.074199999999998,49.105959916694424,-6.7950439453125,0.32958984374999994,NOSE_UP,LEVEL,True,OK
1789616211.2867577,-41.1621,6.353759999999999,-25.8301,49.00900742269323,-6.7950439453125,0.32958984374999994,NOSE_UP,LEVEL,True,OK
1789616211.3269112,-41.1621,6.43311,-25.4883,48.8401148398742,-6.7950439453125,0.32958984374999994,NOSE_UP,LEVEL,True,OK
1789616211.3668544,-41.137699999999995,6.43311,-25.8301,48.998870717314496,-6.7950439453125,0.3350830078124998,NOSE_UP,LEVEL,True,OK
1789616211.4071932,-41.113299999999995,6.38428,-26.2207,49.17913761442345,-6.7950439453125,0.3350830078124998,NOSE_DOWN,LEVEL,True,OK
1789616211.4469385,-41.137699999999995,6.365969999999999,-25.9033,49.02873531125293,-6.7950439453125,0.3350830078124998,NOSE_DOWN,LEVEL,True,OK
1789616211.4868076,-41.1621,6.43311,-25.8301,49.01935787719072,-6.7950439453125,0.3350830078124998,NOSE_DOWN,LEVEL,True,OK
1789616211.5282748,-41.1621,6.34766,-25.781199999999995,48.98246152783259,-6.7950439453125,0.3350830078124998,NOSE_DOWN,LEVEL,True,OK
1789616211.5679286,-41.1621,6.39038,-25.9033,49.05238407910874,-6.7950439453125,0.3350830078124998,NOSE_DOWN,LEVEL,True,OK
1789616211.607781,-41.1621,6.353759999999999,-25.8789,49.03474490356405,-6.7950439453125,0.3350830078124998,NOSE_DOWN,LEVEL,True,OK
1789616211.6478026,-41.137699999999995,6.26831,-25.9033,49.01615062850305,-6.7950439453125,0.3350830078124998,NOSE_DOWN,LEVEL,True,OK
1789616211.6878765,-41.1621,6.292719999999999,-25.8789,49.02687290270919,-6.7950439453125,0.3350830078124998,NOSE_DOWN,LEVEL,True,OK
1789616211.7377295,-41.1621,6.38428,-25.7324,48.9615555031537,-6.7950439453125,0.3350830078124998,NOSE_DOWN,LEVEL,True,OK
1789616211.7699447,-41.137699999999995,6.33545,-25.8301,48.98614451048888,-6.7950439453125,0.3350830078124998,NOSE_DOWN,LEVEL,True,OK
1789616211.809871,-41.137699999999995,6.44531,-25.805699999999998,48.98761613689831,-6.7950439453125,0.33508300781249994,NOSE_DOWN,LEVEL,True,OK
1789616211.8498096,-41.137699999999995,6.088259999999999,-26.2451,49.17501952340843,-6.7950439453125,0.33508300781249994,NOSE_DOWN,LEVEL,True,OK
1789616211.889804,-41.1865,6.74438,-25.5615,48.940828825065886,-6.7950439453125,0.33508300781249994,NOSE_DOWN,LEVEL,True,OK
1789616211.9338412,-41.1865,6.64062,-25.292999999999996,48.786898499847275,-6.7950439453125,0.33508300781249994,NOSE_DOWN,LEVEL,True,OK
1789616211.9730222,-41.1621,6.518549999999999,-25.7568,48.992067896267656,-6.7950439453125,0.33508300781249994,NOSE_DOWN,LEVEL,True,OK
1789616212.0119205,-41.137699999999995,6.34155,-26.2451,49.20702075621425,-6.7950439453125,0.33508300781249994,NOSE_DOWN,LEVEL,True,OK
1789616212.051973,-41.137699999999995,6.304929999999999,-25.927699999999998,49.033744818083186,-6.7950439453125,0.33508300781249994,NOSE_DOWN,LEVEL,True,OK
1789616212.0919242,-41.1865,6.61621,-25.4883,48.88512507812678,-6.7950439453125,0.33508300781249994,NOSE_DOWN,LEVEL,True,OK
1789616212.1322484,-41.1621,6.463619999999999,-25.708,48.95914749987381,-6.7950439453125,0.33508300781249994,NOSE_DOWN,LEVEL,True,OK
1789616212.1718588,-41.1865,6.12488,-26.1719,49.181401839256274,-6.7950439453125,0.33508300781249994,NOSE_DOWN,LEVEL,True,OK
1789616212.211936,-41.137699999999995,6.353759999999999,-25.8545,49.001385670995056,-6.7950439453125,0.33508300781249994,NOSE_DOWN,LEVEL,True,OK
1789616212.2518864,-41.137699999999995,6.26831,-25.8545,48.99037907381509,-6.7950439453125,0.33508300781249994,NOSE_DOWN,LEVEL,True,OK
1789616212.2919085,-41.1865,6.524659999999999,-25.6348,48.94938142005065,-6.7950439453125,0.34057617187499967,NOSE_DOWN,LEVEL,True,OK
1789616212.3331206,-41.1621,6.683349999999999,-25.5127,48.8864347741017,-6.7950439453125,0.34057617187499967,NOSE_DOWN,LEVEL,True,OK
1789616212.3718946,-41.137699999999995,6.45752,-25.7324,48.950652044690884,-6.7950439453125,0.34057617187499967,NOSE_DOWN,LEVEL,True,OK
1789616212.4120128,-41.137699999999995,6.463619999999999,-25.805699999999998,48.99002854953648,-6.7950439453125,0.34057617187499967,NOSE_DOWN,LEVEL,True,OK
1789616212.4519129,-41.137699999999995,6.094359999999999,-26.1719,49.136747294765044,-6.7950439453125,0.34057617187499967,NOSE_DOWN,LEVEL,True,OK
1789616212.4918733,-41.1621,6.738279999999999,-25.6348,48.95779677240797,-6.7950439453125,0.34057617187499967,NOSE_DOWN,LEVEL,True,OK
1789616212.532962,-41.1865,6.70166,-25.3174,48.807896612798224,-6.789550781249999,0.3405761718749999,NOSE_DOWN,LEVEL,True,OK
1789616212.5718615,-41.1621,6.45142,-25.805699999999998,49.008911933610605,-6.789550781249999,0.3405761718749999,NOSE_DOWN,LEVEL,True,OK
1789616212.6120405,-41.1865,6.12793,-25.927699999999998,49.05226738515662,-6.789550781249999,0.3405761718749999,NOSE_DOWN,LEVEL,True,OK
1789616212.6519496,-41.1621,6.28052,-25.9033,49.03819285791841,-6.789550781249999,0.3405761718749999,NOSE_DOWN,LEVEL,True,OK
1789616212.6920328,-41.137699999999995,6.518549999999999,-25.7568,48.97156931968282,-6.789550781249999,0.3405761718749999,NOSE_DOWN,LEVEL,True,OK
1789616212.7339804,-41.1621,6.249999999999999,-25.8789,49.021407993039126,-6.789550781249999,0.3405761718749999,NOSE_DOWN,LEVEL,True,OK
1789616212.7720275,-41.137699999999995,6.103519999999999,-26.049799999999998,49.0729599445601,-6.789550781249999,0.3405761718749999,NOSE_DOWN,LEVEL,True,OK
1789616212.8139205,-41.137699999999995,6.40259,-25.805699999999998,48.982013765137296,-6.7950439453125,0.34057617187499967,NOSE_DOWN,LEVEL,True,OK
1789616212.8518884,-41.137699999999995,6.353759999999999,-25.8545,49.001385670995056,-6.7950439453125,0.34057617187499967,NOSE_DOWN,LEVEL,True,OK
1789616212.8919418,-41.137699999999995,6.41479,-25.805699999999998,48.9836099580676,-6.7950439453125,0.34057617187499967,NOSE_DOWN,LEVEL,True,OK
1789616212.9372802,-41.1621,6.34155,-25.7568,48.96883171010413,-6.7950439453125,0.34057617187499967,NOSE_DOWN,LEVEL,True,OK
1789616212.9748704,-41.137699999999995,6.463619999999999,-25.8789,49.0286264339967,-6.7950439453125,0.34057617187499967,NOSE_DOWN,LEVEL,True,OK
1789616213.0148196,-41.1865,6.45142,-25.8789,49.06797394916974,-6.7950439453125,0.34057617187499967,NOSE_DOWN,LEVEL,True,OK
1789616213.0550525,-41.1621,6.28662,-25.9521,49.06476904912934,-6.7950439453125,0.34057617187499967,NOSE_DOWN,LEVEL,True,OK
1789616213.0948205,-41.1865,6.408689999999999,-25.927699999999998,49.08813214063151,-6.7950439453125,0.34057617187499967,NOSE_DOWN,LEVEL,True,OK
1789616213.1350534,-41.1621,6.2408399999999995,-25.9766,49.0718891818483,-6.7950439453125,0.34057617187499967,NOSE_DOWN,LEVEL,True,OK
1789616213.1748824,-41.1621,6.31714,-25.8789,49.03001325106491,-6.7950439453125,0.34057617187499967,NOSE_DOWN,LEVEL,True,OK
1789616213.2149653,-41.1621,6.11877,-25.7568,48.940479860366096,-6.7950439453125,0.34057617187499967,NOSE_DOWN,LEVEL,True,OK
1789616213.2547853,-41.1621,6.304929999999999,-25.8789,49.02844158164626,-6.789550781249999,0.3405761718749999,NOSE_DOWN,LEVEL,True,OK
1789616213.2947805,-41.137699999999995,6.567379999999999,-25.8545,49.029542233274015,-6.789550781249999,0.3405761718749999,NOSE_DOWN,LEVEL,True,OK
1789616213.3348696,-41.137699999999995,6.311039999999999,-25.8789,49.00874465216998,-6.7950439453125,0.34057617187499967,NOSE_DOWN,LEVEL,True,OK
1789616213.37485,-41.1621,6.155399999999999,-25.8545,48.9965569792409,-6.789550781249999,0.3405761718749999,NOSE_DOWN,LEVEL,True,OK
1789616213.4148698,-41.137699999999995,6.408689999999999,-25.8545,49.00853843011542,-6.789550781249999,0.3405761718749999,NOSE_DOWN,LEVEL,True,OK
1789616213.4548533,-41.113299999999995,6.32935,-26.318399999999997,49.22420427871333,-6.789550781249999,0.3405761718749999,NOSE_DOWN,LEVEL,True,OK
1789616213.4947677,-41.1621,6.65283,-25.708,48.98448619123099,-6.789550781249999,0.3405761718749999,NOSE_DOWN,LEVEL,True,OK
1789616213.5348601,-41.2109,6.41479,-25.4883,48.878842523571485,-6.789550781249999,0.3405761718749999,NOSE_DOWN,LEVEL,True,OK
1789616213.5748212,-41.1865,6.49414,-25.7568,49.00932954886855,-6.789550781249999,0.3405761718749999,NOSE_DOWN,LEVEL,True,OK
1789616213.614777,-41.1621,6.353759999999999,-25.927699999999998,49.060517423255945,-6.789550781249999,0.3405761718749999,NOSE_DOWN,LEVEL,True,OK
1789616213.6547918,-41.137699999999995,6.28662,-25.9033,49.01849552163346,-6.789550781249999,0.3405761718749999,NOSE_DOWN,LEVEL,True,OK
1789616213.6947625,-41.1621,6.463619999999999,-25.8545,49.03623181041137,-6.789550781249999,0.3405761718749999,NOSE_DOWN,LEVEL,True,OK
1789616213.7348537,-41.1621,6.463619999999999,-25.708,48.95914749987381,-6.789550781249999,0.3405761718749999,NOSE_DOWN,LEVEL,True,OK
1789616213.774863,-41.1621,6.48804,-25.708,48.96237742850729,-6.789550781249999,0.3405761718749999,NOSE_DOWN,LEVEL,True,OK
1789616213.814799,-41.137699999999995,6.39038,-25.781199999999995,48.967515673907734,-6.789550781249999,0.3405761718749999,NOSE_DOWN,LEVEL,True,OK
1789616213.8549607,-41.113299999999995,6.311039999999999,-26.0254,49.0658140453371,-6.789550781250002,0.33508300781249994,NOSE_DOWN,LEVEL,True,OK
1789616213.894964,-41.1621,6.55518,-25.708,48.971319414963695,-6.795043945312501,0.3460693359375002,NOSE_DOWN,LEVEL,True,OK
1789616213.935002,-41.1621,6.5979,-25.708,48.97705610609932,-6.7950439453125,0.33508300781249994,NOSE_DOWN,LEVEL,True,OK
1789616213.974841,-41.1865,6.74438,-25.244099999999996,48.775803721152556,-6.7950439453125,0.34057617187499967,NOSE_DOWN,LEVEL,True,OK
1789616214.014758,-41.1621,6.45142,-25.8545,49.03462518135935,-6.7950439453125,0.34057617187499967,NOSE_DOWN,LEVEL,True,OK
1789616214.0547876,-41.113299999999995,6.2408399999999995,-26.2695,49.186768048384714,-6.789550781249999,0.3405761718749999,NOSE_DOWN,LEVEL,True,OK
1789616214.0948687,-41.1865,6.47583,-25.7324,48.99408705342819,-6.789550781249999,0.3405761718749999,NOSE_DOWN,LEVEL,True,OK
1789616214.1348546,-41.2109,6.43921,-25.3662,48.81849861142905,-6.789550781249999,0.3405761718749999,NOSE_DOWN,LEVEL,True,OK
1789616214.1747906,-41.1621,6.53076,-25.683599999999995,48.955251113109405,-6.7950439453125,0.34057617187499967,NOSE_DOWN,LEVEL,True,OK
1789616214.2149673,-41.137699999999995,6.11572,-26.2207,49.16540959758598,-6.789550781249999,0.3405761718749999,NOSE_DOWN,LEVEL,True,OK
1789616214.2548344,-41.113299999999995,6.31714,-25.8301,48.963289929084624,-6.789550781249999,0.3405761718749999,INVERTED,LEVEL,True,OK
1789616214.2949247,-41.113299999999995,6.54297,-25.414999999999996,48.77536384601246,-6.789550781249999,0.3405761718749999,INVERTED,LEVEL,True,OK
1789616214.3347769,-41.137699999999995,6.31714,-25.8789,49.00953054539087,-6.789550781249999,0.3405761718749999,INVERTED,LEVEL,True,OK
1789616214.3748345,-41.113299999999995,6.427,-25.8545,48.990457602884256,-6.789550781249999,0.3405761718749999,INVERTED,LEVEL,True,OK
1789616214.4148693,-41.137699999999995,6.37207,-26.001,49.081214719838584,-6.789550781249999,0.3405761718749999,INVERTED,LEVEL,True,OK
1789616214.4548786,-41.137699999999995,6.44531,-25.8545,49.01334055679229,-6.789550781249999,0.3405761718749999,INVERTED,LEVEL,True,OK
1789616214.494853,-41.1621,6.45142,-25.8789,49.04749495781003,-6.789550781249999,0.3405761718749999,INVERTED,LEVEL,True,OK
1789616214.535815,-41.137699999999995,6.37207,-25.927699999999998,49.042423111678524,-6.789550781249999,0.3405761718749999,INVERTED,LEVEL,True,OK
1789616214.5747728,-41.1865,6.292719999999999,-25.9766,49.09898018094062,-6.789550781249999,0.3405761718749999,INVERTED,LEVEL,True,OK
1789616214.6158493,-41.137699999999995,6.33545,-25.8545,48.99901487012264,-6.789550781249999,0.3405761718749999,INVERTED,LEVEL,True,OK
1789616214.6559234,-41.1621,6.304929999999999,-25.8789,49.02844158164626,-6.789550781249999,0.3405761718749999,INVERTED,LEVEL,True,OK
1789616214.6969316,-41.1621,6.33545,-25.8545,49.0195019697518,-6.789550781249999,0.3405761718749999,INVERTED,LEVEL,True,OK
1789616214.7360184,-41.113299999999995,6.56128,-25.6104,48.87991837440401,-6.789550781249999,0.3405761718749999,INVERTED,LEVEL,True,OK
1789616214.7769206,-41.137699999999995,6.28052,-25.8545,48.991942837678934,-6.789550781249999,0.3405761718749999,INVERTED,LEVEL,True,OK
1789616214.8167942,-41.113299999999995,6.155399999999999,-26.2939,49.18903905607427,-6.789550781249999,0.3405761718749999,INVERTED,LEVEL,True,OK
1789616214.8573015,-41.137699999999995,6.37207,-25.8545,49.00376319860445,-6.789550781249999,0.3405761718749999,INVERTED,LEVEL,True,OK
1789616214.896817,-41.137699999999995,6.65894,-25.5127,48.862559332310866,-6.789550781249999,0.3405761718749999,INVERTED,LEVEL,True,OK
1789616214.9368176,-41.137699999999995,6.359859999999999,-25.927699999999998,49.04083816371412,-6.789550781249999,0.3405761718749999,INVERTED,LEVEL,True,OK
1789616214.9768739,-41.1621,6.210329999999999,-25.9521,49.055052436307726,-6.789550781249999,0.3405761718749999,INVERTED,LEVEL,True,OK
1789616215.0168295,-41.1621,6.359859999999999,-25.8789,49.035535694428795,-6.789550781249999,0.3405761718749999,INVERTED,LEVEL,True,OK
1789616215.0569627,-41.137699999999995,6.567379999999999,-25.8301,49.01667988924178,-6.789550781249999,0.3405761718749999,INVERTED,LEVEL,True,OK
1789616215.0968456,-41.1865,6.37817,-25.805699999999998,49.01982239144589,-6.789550781249999,0.3405761718749999,INVERTED,LEVEL,True,OK
1789616215.1367881,-41.1621,6.463619999999999,-25.7324,48.97196411901814,-6.789550781249999,0.3405761718749999,INVERTED,LEVEL,True,OK
1789616215.176889,-41.1865,6.365969999999999,-25.781199999999995,49.0053428692311,-6.789550781249999,0.3405761718749999,INVERTED,LEVEL,True,OK
1789616215.2167747,-41.1621,6.32935,-25.8545,49.018713957860015,-6.789550781249999,0.3405761718749999,INVERTED,LEVEL,True,OK
1789616215.258065,-41.113299999999995,6.27441,-25.8789,48.98355972107478,-6.7950439453125,0.34057617187499967,INVERTED,LEVEL,True,OK
1789616215.298067,-41.1621,6.420899999999999,-25.708,48.95352589160458,-6.7950439453125,0.34057617187499967,INVERTED,LEVEL,True,OK
1789616215.3378053,-41.1621,6.65283,-25.5615,48.90775915607768,-6.7950439453125,0.34057617187499967,INVERTED,LEVEL,True,OK
1789616215.3778453,-41.1621,6.64062,-25.659199999999995,48.95723496108006,-6.7950439453125,0.34057617187499967,INVERTED,LEVEL,True,OK
1789616215.4178247,-41.113299999999995,6.427,-25.8545,48.990457602884256,-6.789550781249999,0.3405761718749999,INVERTED,LEVEL,True,OK
1789616215.4581091,-41.137699999999995,6.39038,-25.9033,49.03191071867789,-6.789550781249999,0.3405761718749999,INVERTED,LEVEL,True,OK
1789616215.4978745,-41.113299999999995,6.53076,-26.0986,49.13340192809368,-6.789550781249999,0.3405761718749999,INVERTED,LEVEL,True,OK
1789616215.537855,-41.1865,6.48804,-25.7568,49.008521621567,-6.789550781249999,0.3405761718749999,INVERTED,LEVEL,True,OK
1789616215.577877,-41.2109,6.43921,-25.5615,48.92026151283434,-6.789550781249999,0.3405761718749999,INVERTED,LEVEL,True,OK
1789616215.6178632,-41.1865,6.32324,-25.8789,49.05128552400641,-6.789550781249999,0.3405761718749999,INVERTED,LEVEL,True,OK
1789616215.658018,-41.137699999999995,6.47583,-25.9521,49.06891307018019,-6.789550781249999,0.3405761718749999,INVERTED,LEVEL,True,OK
1789616215.6978633,-41.1621,6.365969999999999,-25.781199999999995,48.98483769383032,-6.789550781249999,0.3405761718749999,INVERTED,LEVEL,True,OK
1789616215.7388983,-41.1621,6.48193,-25.3662,48.78296829196538,-6.789550781249999,0.3405761718749999,INVERTED,LEVEL,True,OK
1789616215.7788656,-41.1621,6.58569,-25.6348,48.9370285185574,-6.789550781249999,0.3405761718749999,INVERTED,LEVEL,True,OK
1789616215.8189287,-41.0889,6.43921,-26.1719,49.13989701092281,-6.789550781250002,0.3460693359375,INVERTED,LEVEL,True,OK
1789616215.859149,-41.113299999999995,6.38428,-25.8301,48.97199744770882,-6.789550781250002,0.3460693359375,INVERTED,LEVEL,True,OK
1789616215.8989425,-41.1621,6.45142,-25.8545,49.03462518135935,-6.789550781250002,0.3460693359375,INVERTED,LEVEL,True,OK
1789616215.9388092,-41.137699999999995,6.37817,-25.7568,48.953081211287405,-6.789550781250002,0.3460693359375,INVERTED,LEVEL,True,OK
1789616215.9788606,-41.1621,6.463619999999999,-25.8789,49.04910116530577,-6.789550781250002,0.3460693359375,INVERTED,LEVEL,True,OK
1789616216.0188782,-41.1621,6.365969999999999,-25.9033,49.0492099971131,-6.789550781250002,0.3460693359375,INVERTED,LEVEL,True,OK
1789616216.0590072,-41.1621,6.26831,-25.9033,49.03663056895427,-6.789550781250002,0.3460693359375,INVERTED,LEVEL,True,OK
1789616216.0988994,-41.1621,6.34766,-25.9033,49.04683694975243,-6.789550781249999,0.3405761718749999,INVERTED,LEVEL,True,OK
1789616216.1399002,-41.137699999999995,6.32935,-25.7324,48.933908922877805,-6.789550781249999,0.3405761718749999,INVERTED,LEVEL,True,OK
1789616216.180843,-41.1621,6.292719999999999,-25.8301,49.001131287128466,-6.789550781249999,0.3405761718749999,INVERTED,LEVEL,True,OK
1789616216.2198665,-41.137699999999995,6.34155,-25.8545,48.99980395820477,-6.789550781249999,0.3405761718749999,INVERTED,LEVEL,True,OK
1789616216.2599933,-41.113299999999995,6.1676,-26.2695,49.17752898326633,-6.789550781249999,0.3405761718749999,INVERTED,LEVEL,True,OK
1789616216.2998216,-41.1621,6.365969999999999,-25.805699999999998,48.99773671243295,-6.789550781249999,0.3405761718749999,INVERTED,LEVEL,True,OK
1789616216.3398213,-41.1621,6.50024,-25.4883,48.84900237832498,-6.789550781249999,0.3405761718749999,INVERTED,LEVEL,True,OK
1789616216.3808625,-41.137699999999995,6.48193,-25.8301,49.005304241733874,-6.789550781249999,0.3405761718749999,INVERTED,LEVEL,True,OK
1789616216.4209669,-41.1621,6.201169999999999,-26.123,49.14452273426714,-6.789550781249999,0.3405761718749999,INVERTED,LEVEL,True,OK
1789616216.4612212,-41.1621,6.41479,-25.8545,49.02981926750394,-6.789550781249999,0.3405761718749999,INVERTED,LEVEL,True,OK
1789616216.5008678,-41.1621,6.66504,-25.5615,48.909421555172784,-6.789550781249999,0.3405761718749999,INVERTED,LEVEL,True,OK
1789616216.5408769,-41.1865,6.33545,-25.8789,49.05286101913425,-6.789550781249999,0.3405761718749999,INVERTED,LEVEL,True,OK
1789616216.5808954,-41.1621,6.137079999999999,-26.2207,49.18848783837942,-6.789550781249999,0.3405761718749999,INVERTED,LEVEL,True,OK
1789616216.6219006,-41.1621,6.32324,-25.8301,49.00506000932557,-6.784057617187499,0.3460693359375002,INVERTED,LEVEL,True,OK
1789616216.6621609,-41.1621,6.31714,-25.8301,49.00427328508811,-6.784057617187498,0.3405761718750001,INVERTED,LEVEL,True,OK
1789616216.7028418,-41.137699999999995,6.524659999999999,-25.659199999999995,48.92112114460992,-6.789550781250002,0.3460693359375,INVERTED,LEVEL,True,OK
1789616216.7429385,-41.2109,6.23474,-25.8301,49.03472573276617,-6.789550781249999,0.3405761718749999,INVERTED,LEVEL,True,OK
1789616216.782899,-41.1621,6.579589999999999,-25.6348,48.93620798568377,-6.789550781249999,0.3405761718749999,INVERTED,LEVEL,True,OK
1789616216.8228695,-41.137699999999995,6.469729999999999,-25.805699999999998,48.990835061804155,-6.789550781250002,0.3460693359375,INVERTED,LEVEL,True,OK
1789616216.8630168,-41.137699999999995,6.50635,-25.8301,49.00854025190405,-6.784057617187499,0.3460693359375002,INVERTED,LEVEL,True,OK
1789616216.9028814,-41.1621,6.50635,-25.805699999999998,49.01617303729964,-6.789550781250002,0.3460693359375,INVERTED,LEVEL,True,OK
1789616216.942814,-41.1865,6.579589999999999,-25.7324,49.00790953079002,-6.789550781250002,0.3460693359375,INVERTED,LEVEL,True,OK
1789616216.9829226,-41.1865,6.61621,-25.683599999999995,48.9872363577912,-6.789550781250002,0.3460693359375,INVERTED,LEVEL,True,OK
1789616217.0228302,-41.1865,6.155399999999999,-25.927699999999998,49.055706688417,-6.789550781250002,0.3460693359375,INVERTED,LEVEL,True,OK
1789616217.062976,-41.1621,6.29883,-25.9033,49.04054125587217,-6.789550781250002,0.3460693359375,INVERTED,LEVEL,True,OK
1789616217.1029415,-41.1621,6.353759999999999,-25.9521,49.07341680541106,-6.789550781250002,0.3460693359375,INVERTED,LEVEL,True,OK
1789616217.1428723,-41.1621,6.45142,-25.7324,48.9703553814591,-6.789550781250002,0.3460693359375,INVERTED,LEVEL,True,OK
1789616217.1828594,-41.1865,6.427,-25.5127,48.87260963505018,-6.789550781250002,0.3460693359375,INVERTED,LEVEL,True,OK
1789616217.222958,-41.137699999999995,6.41479,-25.805699999999998,48.9836099580676,-6.789550781250002,0.3460693359375,INVERTED,LEVEL,True,OK
1789616217.263065,-41.0889,6.53076,-25.9521,49.03529365464839,-6.789550781250002,0.3460693359375,INVERTED,LEVEL,True,OK
1789616217.3029065,-41.113299999999995,6.47583,-25.8301,48.984016547123815,-6.789550781250002,0.3460693359375,INVERTED,LEVEL,True,OK
1789616217.3428164,-41.1865,6.359859999999999,-25.659199999999995,48.94047554028874,-6.789550781250002,0.3460693359375,INVERTED,LEVEL,True,OK
1789616217.3829842,-41.1621,6.628419999999999,-25.683599999999995,48.96837486650338,-6.789550781250002,0.3460693359375,INVERTED,LEVEL,True,OK
1789616217.422744,-41.1621,6.32324,-26.2451,49.225065916843626,-6.789550781250002,0.3460693359375,INVERTED,LEVEL,True,OK
1789616217.4630895,-41.137699999999995,6.469729999999999,-25.9033,49.04231559024206,-6.789550781250002,0.3460693359375,INVERTED,LEVEL,True,OK
1789616217.5027387,-41.1865,6.31714,-25.6348,48.9221525596493,-6.789550781250002,0.3460693359375,INVERTED,LEVEL,True,OK
1789616217.5437725,-41.137699999999995,6.20422,-26.001,49.05970554435075,-6.789550781250002,0.3460693359375,INVERTED,LEVEL,True,OK
1789616217.5837357,-41.137699999999995,6.2561,-25.9033,49.01459067859284,-6.789550781250002,0.3460693359375,INVERTED,LEVEL,True,OK
1789616217.6239152,-41.113299999999995,6.210329999999999,-25.9033,48.98829029971244,-6.784057617187499,0.3460693359375002,INVERTED,LEVEL,True,OK
1789616217.6638482,-41.113299999999995,6.27441,-26.049799999999998,49.07406379930339,-6.784057617187499,0.3460693359375002,INVERTED,LEVEL,True,OK
1789616217.7038355,-41.137699999999995,6.2561,-25.9033,49.01459067859284,-6.784057617187499,0.3460693359375002,INVERTED,LEVEL,True,OK
1789616217.7438133,-41.113299999999995,6.21338,-25.9766,49.02747470015562,-6.784057617187499,0.3460693359375002,INVERTED,LEVEL,True,OK
1789616217.783808,-41.1621,6.311039999999999,-25.537099999999995,48.84967941247517,-6.784057617187499,0.3460693359375002,INVERTED,LEVEL,True,OK
1789616217.8238397,-41.137699999999995,6.44531,-25.9033,49.039100044516516,-6.784057617187499,0.3460693359375002,INVERTED,LEVEL,True,OK
1789616217.863967,-41.113299999999995,6.26831,-26.123,49.11218052729994,-6.784057617187499,0.3460693359375002,INVERTED,LEVEL,True,OK
1789616217.9037662,-41.137699999999995,6.21338,-25.9033,49.00915632006329,-6.784057617187499,0.3460693359375002,INVERTED,LEVEL,True,OK
1789616217.9448273,-41.1865,6.41479,-25.5859,48.90925875337,-6.784057617187499,0.3460693359375002,INVERTED,LEVEL,True,OK
1789616217.984781,-41.1621,6.365969999999999,-25.9521,49.07499918350382,-6.784057617187499,0.3460693359375002,INVERTED,LEVEL,True,OK
1789616218.0259778,-41.137699999999995,6.094359999999999,-26.318399999999997,49.21493435594118,-6.784057617187499,0.3460693359375002,INVERTED,LEVEL,True,OK
1789616218.066223,-41.1621,6.11572,-25.9521,49.04316468110923,-6.784057617187499,0.3460693359375002,INVERTED,LEVEL,True,OK
1789616218.1069012,-41.1865,6.22559,-25.5615,48.872037356223444,-6.784057617187499,0.3460693359375002,INVERTED,LEVEL,True,OK
1789616218.1469386,-41.113299999999995,6.262209999999999,-25.9766,49.03368697675201,-6.784057617187499,0.3460693359375002,INVERTED,LEVEL,True,OK
1789616218.1867983,-41.1621,5.99976,-26.0254,49.06767817644931,-6.784057617187499,0.3460693359375002,INVERTED,LEVEL,True,OK
1789616218.2279236,-41.113299999999995,6.2561,-26.074199999999998,49.08468324986929,-6.784057617187499,0.3460693359375002,INVERTED,LEVEL,True,OK
1789616218.2668731,-41.137699999999995,6.579589999999999,-25.5127,48.85180884213091,-6.784057617187499,0.3460693359375002,INVERTED,LEVEL,True,OK
1789616218.3068583,-41.137699999999995,6.365969999999999,-25.9033,49.02873531125293,-6.784057617187499,0.3460693359375002,INVERTED,LEVEL,True,OK
1789616218.3478248,-41.137699999999995,6.49414,-25.7568,48.96832610851222,-6.784057617187499,0.3460693359375002,INVERTED,LEVEL,True,OK
1789616218.387964,-41.1865,6.5979,-25.708,48.99756453804618,-6.784057617187499,0.3460693359375002,INVERTED,LEVEL,True,OK
1789616218.427831,-41.1621,6.28662,-25.9766,49.07773237420817,-6.784057617187499,0.3460693359375002,INVERTED,LEVEL,True,OK
1789616218.4681525,-41.137699999999995,6.32935,-25.9521,49.04979640245717,-6.784057617187499,0.3460693359375002,INVERTED,LEVEL,True,OK
1789616218.5078819,-41.1621,6.28052,-25.927699999999998,49.051085973405314,-6.784057617187499,0.3460693359375002,INVERTED,LEVEL,True,OK
1789616218.5477815,-41.1621,6.33545,-25.8545,49.0195019697518,-6.784057617187499,0.3460693359375002,INVERTED,LEVEL,True,OK
1789616218.588848,-41.1865,6.32935,-25.7324,48.9749411784486,-6.784057617187499,0.3460693359375002,INVERTED,LEVEL,True,OK
1789616218.6288738,-41.1621,6.31714,-25.8301,49.00427328508811,-6.784057617187499,0.3460693359375002,INVERTED,LEVEL,True,OK
1789616218.6692123,-41.137699999999995,6.292719999999999,-25.8789,49.00638888449546,-6.784057617187499,0.3460693359375002,INVERTED,LEVEL,True,OK
1789616218.7089705,-41.113299999999995,6.512449999999999,-25.708,48.924602255843624,-6.784057617187499,0.3460693359375002,INVERTED,LEVEL,True,OK
1789616218.7488225,-41.113299999999995,6.40259,-25.805699999999998,48.96152313897209,-6.784057617187499,0.3460693359375002,INVERTED,LEVEL,True,OK
1789616218.7888577,-41.1865,6.27441,-25.9033,49.05789390086065,-6.784057617187499,0.3460693359375002,INVERTED,LEVEL,True,OK
1789616218.8299186,-41.137699999999995,6.45142,-25.805699999999998,48.98842040519779,-6.778564453125,0.34606933593749983,INVERTED,LEVEL,True,OK
1789616218.870159,-41.1621,6.66504,-25.683599999999995,48.973345235664674,-6.778564453125,0.34606933593749983,INVERTED,LEVEL,True,OK
1789616218.9110258,-41.137699999999995,6.353759999999999,-25.9766,49.06591867057622,-6.784057617187499,0.3460693359375002,INVERTED,LEVEL,True,OK
1789616218.950922,-41.1621,6.198119999999999,-25.7568,48.95046388119728,-6.784057617187499,0.3460693359375002,INVERTED,LEVEL,True,OK
1789616218.9918845,-41.1865,6.48193,-25.7324,48.99489369857741,-6.784057617187499,0.3460693359375002,INVERTED,LEVEL,True,OK
1789616219.0318656,-41.1865,6.518549999999999,-25.8301,49.05112987855122,-6.784057617187499,0.3460693359375002,INVERTED,LEVEL,True,OK
1789616219.0732894,-41.1621,6.201169999999999,-26.0254,49.09271260522176,-6.784057617187498,0.3405761718750001,INVERTED,LEVEL,True,OK
1789616219.1119428,-41.137699999999995,6.210329999999999,-25.927699999999998,49.021670588515235,-6.784057617187499,0.3460693359375002,INVERTED,LEVEL,True,OK
1789616219.1519098,-41.137699999999995,6.0821499999999995,-25.9521,49.01851083338313,-6.784057617187499,0.3460693359375002,INVERTED,LEVEL,True,OK
1789616219.1919026,-41.113299999999995,6.2561,-25.8789,48.981217719754575,-6.784057617187499,0.3460693359375002,INVERTED,LEVEL,True,OK
1789616219.235949,-41.137699999999995,6.16455,-25.927699999999998,49.01589196661119,-6.784057617187499,0.3460693359375002,INVERTED,LEVEL,True,OK
1789616219.27397,-41.113299999999995,6.304929999999999,-25.927699999999998,49.013275818750365,-6.784057617187499,0.3460693359375002,INVERTED,LEVEL,True,OK
1789616219.3118908,-41.113299999999995,6.32324,-25.9521,49.02854571979063,-6.784057617187499,0.3460693359375002,INVERTED,LEVEL,True,OK
1789616219.3519235,-41.137699999999995,6.2561,-25.8301,48.97594526407836,-6.784057617187499,0.3460693359375002,INVERTED,LEVEL,True,OK
1789616219.3930197,-41.137699999999995,6.31714,-25.8789,49.00953054539087,-6.784057617187499,0.3460693359375002,INVERTED,LEVEL,True,OK
1789616219.4358997,-41.137699999999995,6.23169,-25.9521,49.037290055182496,-6.784057617187498,0.3405761718750001,INVERTED,LEVEL,True,OK
1789616219.4749153,-41.137699999999995,6.2408399999999995,-26.2207,49.18113005702085,-6.784057617187498,0.3405761718750001,INVERTED,LEVEL,True,OK
1789616219.514904,-41.1621,6.304929999999999,-25.805699999999998,48.989843551545455,-6.78955078125,0.3405761718750003,INVERTED,LEVEL,True,OK
1789616219.5549304,-41.137699999999995,6.1615,-25.927699999999998,49.01550847262527,-6.789550781250002,0.3460693359375,INVERTED,LEVEL,True,OK
1789616219.5950384,-41.137699999999995,6.26831,-25.8789,49.00326047066766,-6.784057617187499,0.3460693359375002,INVERTED,LEVEL,True,OK
1789616219.6359556,-41.0889,5.990599999999999,-26.342799999999997,49.17446596974898,-6.789550781250002,0.3460693359375,INVERTED,LEVEL,True,OK
1789616219.6780534,-41.0889,6.359859999999999,-25.781199999999995,48.92254895106755,-6.789550781250002,0.3460693359375,INVERTED,LEVEL,True,OK
1789616219.716083,-41.137699999999995,6.22559,-25.6348,48.86932885950143,-6.789550781250002,0.3460693359375,INVERTED,LEVEL,True,OK
1789616219.756026,-41.0889,6.26831,-25.8301,48.936525004091784,-6.789550781249999,0.3405761718749999,INVERTED,LEVEL,True,OK
1789616219.79699,-41.0889,6.292719999999999,-26.2939,49.18602652602058,-6.789550781250002,0.3460693359375,INVERTED,LEVEL,True,OK
1789616219.8360312,-41.113299999999995,6.31714,-25.9033,49.001945324237894,-6.789550781250002,0.3460693359375,INVERTED,LEVEL,True,OK
1789616219.8774257,-41.137699999999995,6.34766,-25.7324,48.93628059554179,-6.789550781250002,0.3460693359375,INVERTED,LEVEL,True,OK
1789616219.9160016,-41.113299999999995,6.32935,-25.927699999999998,49.0164231212611,-6.789550781249999,0.3405761718749999,INVERTED,LEVEL,True,OK
1789616219.9568772,-41.137699999999995,6.195069999999999,-26.2207,49.17534302966172,-6.789550781250002,0.3460693359375,INVERTED,LEVEL,True,OK
1789616219.9967978,-41.1621,6.47583,-25.683599999999995,48.94795357886681,-6.789550781249999,0.3405761718749999,INVERTED,LEVEL,True,OK
1789616220.0366707,-41.113299999999995,6.43311,-25.7568,48.93976999743766,-6.789550781250002,0.3460693359375,INVERTED,LEVEL,True,OK
1789616220.0783901,-41.113299999999995,6.249999999999999,-25.7568,48.91603707507385,-6.789550781250002,0.3460693359375,INVERTED,LEVEL,True,OK
1789616220.1178818,-41.0645,6.21338,-25.9033,48.94772928506899,-6.789550781250002,0.3460693359375,INVERTED,LEVEL,True,OK
1789616220.1570196,-41.113299999999995,6.48804,-25.781199999999995,48.959864923951734,-6.789550781250002,0.3460693359375,INVERTED,LEVEL,True,OK
1789616220.1970327,-41.113299999999995,6.50024,-25.659199999999995,48.89735270531114,-6.789550781250002,0.3460693359375,INVERTED,LEVEL,True,OK
1789616220.23921,-41.113299999999995,6.31714,-26.0986,49.10546422374601,-6.789550781250002,0.3460693359375,INVERTED,LEVEL,True,OK
1789616220.276828,-41.0889,6.408689999999999,-25.805699999999998,48.94183448968888,-6.789550781250002,0.3460693359375,INVERTED,LEVEL,True,OK
1789616220.317076,-41.0889,6.365969999999999,-25.8789,48.974899106183976,-6.789550781250002,0.3460693359375,INVERTED,LEVEL,True,OK
1789616220.3568575,-41.113299999999995,6.45142,-25.7568,48.94218020426143,-6.789550781250002,0.3460693359375,INVERTED,LEVEL,True,OK
1789616220.3967335,-41.137699999999995,6.353759999999999,-25.9521,49.05295222346562,-6.789550781250002,0.3460693359375,INVERTED,LEVEL,True,OK
1789616220.4367733,-41.113299999999995,6.48193,-25.683599999999995,48.907731110478835,-6.789550781250002,0.3460693359375,INVERTED,LEVEL,True,OK
1789616220.476901,-41.113299999999995,6.5918,-25.7324,48.94805076701216,-6.789550781250002,0.3460693359375,INVERTED,LEVEL,True,OK
1789616220.5167713,-41.113299999999995,6.23474,-25.9033,48.991390780907615,-6.789550781250002,0.3460693359375,INVERTED,LEVEL,True,OK
1789616220.556848,-41.113299999999995,6.15234,-26.123,49.09751371877806,-6.789550781250002,0.3460693359375,INVERTED,LEVEL,True,OK
1789616220.597276,-41.113299999999995,6.48804,-25.659199999999995,48.89573237585873,-6.789550781250002,0.3460693359375,INVERTED,LEVEL,True,OK
1789616220.6366553,-41.113299999999995,6.45142,-25.683599999999995,48.903696852757456,-6.78955078125,0.35156249999999994,INVERTED,LEVEL,True,OK
1789616220.6788104,-41.0889,6.39038,-25.659199999999995,48.86234955867759,-6.789550781250002,0.3460693359375,INVERTED,LEVEL,True,OK
1789616220.7177875,-41.113299999999995,6.1615,-25.9766,49.020926824163574,-6.784057617187499,0.3460693359375002,INVERTED,LEVEL,True,OK
1789616220.758861,-41.0889,6.304929999999999,-25.9033,48.97990196401888,-6.789550781250002,0.3460693359375,INVERTED,LEVEL,True,OK
1789616220.7987452,-41.0889,6.353759999999999,-25.805699999999998,48.93467198048435,-6.789550781250002,0.3460693359375,INVERTED,LEVEL,True,OK
1789616220.838856,-41.0889,6.44531,-25.8789,48.98527523058435,-6.789550781250002,0.3460693359375,INVERTED,LEVEL,True,OK
1789616220.8798084,-41.113299999999995,6.37817,-25.927699999999998,49.022751011432426,-6.789550781250002,0.3460693359375,INVERTED,LEVEL,True,OK
1789616220.9198322,-41.113299999999995,6.31714,-25.9521,49.02775937241676,-6.789550781250002,0.3460693359375,INVERTED,LEVEL,True,OK
1789616220.959843,-41.113299999999995,6.28662,-25.927699999999998,49.01092383545121,-6.789550781250002,0.3460693359375,INVERTED,LEVEL,True,OK
1789616220.9999554,-41.137699999999995,6.143189999999999,-25.9521,49.02612200731463,-6.789550781250002,0.3460693359375,INVERTED,LEVEL,True,OK
1789616221.0398164,-41.113299999999995,6.20422,-26.049799999999998,49.06513897604285,-6.789550781250002,0.3460693359375,INVERTED,LEVEL,True,OK
1789616221.0809565,-41.0889,6.47583,-25.6104,48.84799551218965,-6.789550781250002,0.3460693359375,INVERTED,LEVEL,True,OK
1789616221.1209261,-41.0889,6.20422,-25.9521,48.992872373728,-6.784057617187499,0.3460693359375002,INVERTED,LEVEL,True,OK
1789616221.1609068,-41.113299999999995,6.12793,-25.5859,48.81079021881227,-6.789550781250002,0.3460693359375,INVERTED,LEVEL,True,OK
1789616221.2010417,-41.0645,6.33545,-25.8301,48.92468858319386,-6.789550781250002,0.3460693359375,INVERTED,LEVEL,True,OK
1789616221.240833,-41.04,6.463619999999999,-26.001,49.011345467191575,-6.784057617187499,0.3460693359375002,INVERTED,LEVEL,True,OK
1789616221.2809227,-41.0889,6.408689999999999,-25.9033,48.993366506253686,-6.784057617187499,0.3460693359375002,INVERTED,LEVEL,True,OK
1789616221.3209343,-41.137699999999995,6.17371,-25.805699999999998,48.95262208446142,-6.784057617187499,0.3460693359375002,INVERTED,LEVEL,True,OK
1789616221.360895,-41.0889,6.408689999999999,-25.8789,48.98047035233635,-6.784057617187499,0.3460693359375002,INVERTED,LEVEL,True,OK
1789616221.4018557,-41.113299999999995,6.469729999999999,-25.8545,48.996081612848386,-6.784057617187499,0.3460693359375002,INVERTED,LEVEL,True,OK
1789616221.4418688,-41.0889,6.427,-25.927699999999998,49.00866922800496,-6.784057617187499,0.3460693359375002,INVERTED,LEVEL,True,OK
1789616221.4808762,-41.137699999999995,6.365969999999999,-25.5615,48.8490144995874,-6.784057617187499,0.3460693359375002,INVERTED,LEVEL,True,OK
1789616221.5210145,-41.113299999999995,6.34155,-25.9033,49.0050981448104,-6.784057617187499,0.3460693359375002,INVERTED,LEVEL,True,OK
1789616221.560875,-41.137699999999995,6.365969999999999,-25.805699999999998,48.9772405084331,-6.784057617187499,0.3460693359375002,INVERTED,LEVEL,True,OK
1789616221.6010907,-41.0889,6.5918,-25.805699999999998,48.96614833678467,-6.784057617187499,0.3460693359375002,INVERTED,LEVEL,True,OK
1789616221.641842,-41.113299999999995,6.48193,-25.659199999999995,48.89492200683931,-6.784057617187499,0.3460693359375002,INVERTED,LEVEL,True,OK
1789616221.6818962,-41.0889,6.463619999999999,-25.8545,48.97480226569986,-6.784057617187499,0.3460693359375002,INVERTED,LEVEL,True,OK
1789616221.7219698,-41.0645,6.262209999999999,-25.8545,48.928147365132276,-6.784057617187499,0.3460693359375002,INVERTED,LEVEL,True,OK
1789616221.761954,-41.113299999999995,6.37207,-25.5127,48.8037352491067,-6.784057617187499,0.3460693359375002,INVERTED,LEVEL,True,OK
1789616221.8019755,-41.0889,6.5979,-25.8301,48.97983313191257,-6.784057617187499,0.3460693359375002,INVERTED,LEVEL,True,OK
1789616221.8418996,-41.0889,6.61621,-25.8301,48.982302967338114,-6.784057617187499,0.3460693359375002,INVERTED,LEVEL,True,OK
1789616221.8819504,-41.0889,6.38428,-25.8789,48.97728248421303,-6.784057617187499,0.3460693359375002,INVERTED,LEVEL,True,OK
1789616221.9219437,-41.0889,6.579589999999999,-25.537099999999995,48.823479845132916,-6.784057617187499,0.3460693359375002,INVERTED,LEVEL,True,OK
1789616221.9619017,-41.113299999999995,6.33545,-25.8545,48.978531356529054,-6.784057617187499,0.3460693359375002,INVERTED,LEVEL,True,OK
1789616222.0020006,-41.137699999999995,6.34155,-26.049799999999998,49.10313327815751,-6.784057617187499,0.3460693359375002,INVERTED,LEVEL,True,OK
1789616222.041994,-41.113299999999995,6.304929999999999,-25.7324,48.91024421279145,-6.784057617187499,0.3460693359375002,INVERTED,LEVEL,True,OK
1789616222.0818338,-41.113299999999995,6.50024,-25.4883,48.80788864351335,-6.784057617187499,0.3460693359375002,INVERTED,LEVEL,True,OK
1789616222.1218846,-41.0889,6.2439,-25.927699999999998,48.9849938012653,-6.784057617187499,0.3460693359375002,INVERTED,LEVEL,True,OK
1789616222.1618066,-41.04,6.33545,-25.8301,48.90412654073785,-6.784057617187499,0.3460693359375002,INVERTED,LEVEL,True,OK
1789616222.2022653,-41.0889,6.47583,-25.781199999999995,48.93775996956644,-6.784057617187499,0.3460693359375002,INVERTED,LEVEL,True,OK
1789616222.241839,-41.113299999999995,6.787109999999999,-25.390599999999996,48.796012822792186,-6.784057617187499,0.3460693359375002,INVERTED,LEVEL,True,OK
1789616222.282933,-41.0889,6.463619999999999,-25.805699999999998,48.94905759260744,-6.784057617187499,0.3460693359375002,INVERTED,LEVEL,True,OK
1789616222.3240023,-41.0889,6.292719999999999,-25.9033,48.97833173045403,-6.784057617187499,0.35156249999999994,INVERTED,LEVEL,True,OK
1789616222.3639905,-41.0889,6.28662,-26.074199999999998,49.06814852706795,-6.784057617187499,0.35156249999999994,INVERTED,LEVEL,True,OK
1789616222.4039385,-41.0889,6.353759999999999,-25.8545,48.9604242179089,-6.784057617187499,0.35156249999999994,INVERTED,LEVEL,True,OK
1789616222.4448047,-41.0889,6.28662,-25.9766,49.016354839934806,-6.784057617187499,0.35156249999999994,INVERTED,LEVEL,True,OK
1789616222.4850361,-41.113299999999995,6.32324,-25.8789,48.98983839734114,-6.778564453125,0.3515624999999997,INVERTED,LEVEL,True,OK
1789616222.5260355,-41.0889,6.573489999999999,-25.6104,48.861038283586446,-6.778564453125,0.3515624999999997,INVERTED,LEVEL,True,OK
1789616222.5650673,-41.113299999999995,6.188959999999999,-25.927699999999998,48.998492732548414,-6.778564453125,0.3515624999999997,INVERTED,LEVEL,True,OK
1789616222.6050172,-41.0889,6.32324,-25.8545,48.95647288722504,-6.784057617187499,0.35156249999999994,INVERTED,LEVEL,True,OK
1789616222.6448586,-41.0645,6.22559,-25.8545,48.92347392968022,-6.778564453125,0.3515624999999997,INVERTED,LEVEL,True,OK
1789616222.6848993,-41.04,6.671139999999999,-25.781199999999995,48.92295966455423,-6.778564453125,0.3515624999999997,INVERTED,LEVEL,True,OK
1789616222.72604,-41.0889,6.311039999999999,-25.8545,48.95489862456668,-6.778564453125,0.3515624999999997,INVERTED,LEVEL,True,OK
1789616222.7660518,-41.0645,6.12488,-26.196299999999997,49.09229520968031,-6.778564453125,0.3515624999999997,INVERTED,LEVEL,True,OK
1789616222.8058913,-41.0645,6.39038,-25.8545,48.94471664076114,-6.778564453125,0.3515624999999997,INVERTED,LEVEL,True,OK
1789616222.8460083,-41.0645,6.61621,-25.7324,48.91036500348469,-6.778564453125,0.3515624999999997,INVERTED,LEVEL,True,OK
1789616222.885877,-41.0889,6.37817,-25.927699999999998,49.002289569456856,-6.778564453125,0.3515624999999997,INVERTED,LEVEL,True,OK
1789616222.9261088,-41.0889,6.1676,-26.074199999999998,49.05304168560804,-6.778564453125,0.3515624999999997,INVERTED,LEVEL,True,OK
1789616222.9659348,-41.0889,6.304929999999999,-25.8789,48.96700226402368,-6.778564453125,0.3515624999999997,INVERTED,LEVEL,True,OK
1789616223.0059912,-41.0645,6.573489999999999,-25.9766,49.033536264378284,-6.778564453125,0.3515624999999997,INVERTED,LEVEL,True,OK
1789616223.0459948,-41.0889,6.134029999999999,-26.001,49.009958459999744,-6.778564453125,0.34606933593749983,INVERTED,LEVEL,True,OK
1789616223.0860324,-41.0889,6.26831,-25.9033,48.97520152440519,-6.784057617187499,0.3460693359375002,INVERTED,LEVEL,True,OK
1789616223.126029,-41.0645,6.103519999999999,-25.9033,48.93390509177048,-6.784057617187499,0.35156249999999994,INVERTED,LEVEL,True,OK
1789616223.1659043,-41.0645,6.43311,-25.781199999999995,48.91163806255214,-6.778564453125,0.34606933593749983,INVERTED,LEVEL,True,OK
1789616223.2059722,-41.0889,6.56128,-25.659199999999995,48.88499404815756,-6.778564453125,0.3515624999999997,INVERTED,LEVEL,True,OK
1789616223.2459188,-41.113299999999995,6.50024,-25.683599999999995,48.91016117237398,-6.778564453125,0.3515624999999997,INVERTED,LEVEL,True,OK
1789616223.286295,-41.0645,6.7749,-25.8545,48.99640395488224,-6.778564453125,0.34606933593749983,INVERTED,LEVEL,True,OK
1789616223.3260596,-41.0889,6.34766,-25.7568,48.90811013447156,-6.784057617187499,0.35156249999999994,INVERTED,LEVEL,True,OK
1789616223.3660104,-41.0645,6.12488,-26.074199999999998,49.02724977912182,-6.784057617187499,0.35156249999999994,INVERTED,LEVEL,True,OK
1789616223.4059453,-41.137699999999995,6.55518,-25.708,48.95081214977336,-6.784057617187499,0.35156249999999994,INVERTED,LEVEL,True,OK
1789616223.446039,-41.0889,6.54297,-26.074199999999998,49.10165033143897,-6.784057617187499,0.3460693359375002,INVERTED,LEVEL,True,OK
1789616223.4858677,-41.0889,6.43921,-25.781199999999995,48.93292758536015,-6.784057617187499,0.35156249999999994,INVERTED,LEVEL,True,OK
1789616223.5259228,-41.113299999999995,6.17676,-25.683599999999995,48.868221882401244,-6.784057617187499,0.3460693359375002,INVERTED,LEVEL,True,OK
1789616223.5658429,-41.0645,6.304929999999999,-25.8545,48.93363334972072,-6.784057617187499,0.3460693359375002,INVERTED,LEVEL,True,OK
1789616223.6060438,-41.0645,6.683349999999999,-25.9033,49.00960394006975,-6.784057617187499,0.3460693359375002,INVERTED,LEVEL,True,OK
1789616223.6459296,-41.0889,6.41479,-25.7324,48.90402482121589,-6.784057617187499,0.3460693359375002,INVERTED,LEVEL,True,OK
1789616223.685949,-41.0645,6.45752,-25.7324,48.88915150174321,-6.784057617187499,0.3460693359375,INVERTED,LEVEL,True,OK
1789616223.7268875,-41.0645,6.21643,-25.805699999999998,48.896536837335425,-6.784057617187499,0.3460693359375002,INVERTED,LEVEL,True,OK
1789616223.766091,-41.04,6.463619999999999,-26.2939,49.16735869166047,-6.778564453125001,0.3460693359375,INVERTED,LEVEL,True,OK
1789616223.8059742,-41.137699999999995,6.61621,-25.659199999999995,48.93341537941225,-6.784057617187499,0.3460693359375,INVERTED,LEVEL,True,OK
1789616223.8460882,-41.0889,6.53076,-25.659199999999995,48.88090704996788,-6.784057617187499,0.3460693359375002,INVERTED,LEVEL,True,OK
1789616223.886146,-41.113299999999995,6.469729999999999,-25.7568,48.944597142104456,-6.784057617187499,0.3460693359375002,INVERTED,LEVEL,True,OK
1789616223.926654,-41.0889,6.359859999999999,-25.7568,48.909695037585344,-6.784057617187499,0.3460693359375,INVERTED,LEVEL,True,OK
1789616223.9667492,-41.113299999999995,6.311039999999999,-25.8789,48.98826520690031,-6.784057617187499,0.3460693359375,INVERTED,LEVEL,True,OK
1789616224.0068722,-41.113299999999995,6.29883,-25.805699999999998,48.94806276809022,-6.778564453125001,0.3460693359375,INVERTED,LEVEL,True,OK
1789616224.0468273,-41.04,6.11877,-26.3916,49.17557825661941,-6.784057617187499,0.3460693359375,INVERTED,LEVEL,True,OK
1789616224.0869534,-41.113299999999995,6.32324,-25.8789,48.98983839734114,-6.784057617187499,0.3460693359375,INVERTED,LEVEL,True,OK
1789616224.1267447,-41.0889,6.311039999999999,-25.7324,48.890524018991655,-6.778564453125001,0.3460693359375,INVERTED,LEVEL,True,OK
1789616224.1668062,-41.0889,6.28662,-25.781199999999995,48.91308176423154,-6.778564453125001,0.3460693359375,INVERTED,LEVEL,True,OK
1789616224.2073827,-41.0645,6.18591,-26.2207,49.1129692776572,-6.778564453125001,0.3460693359375,INVERTED,LEVEL,True,OK
1789616224.2468154,-41.0889,6.34766,-25.8545,48.959632973865325,-6.778564453125001,0.3460693359375,INVERTED,LEVEL,True,OK
1789616224.286828,-41.0645,6.65894,-25.5127,48.80094777218574,-6.778564453125001,0.3460693359375,INVERTED,LEVEL,True,OK
1789616224.3269825,-41.113299999999995,6.34155,-25.7568,48.92781866722141,-6.778564453125001,0.3460693359375,INVERTED,LEVEL,True,OK
1789616224.3677702,-41.0889,6.1676,-26.2695,49.15713196698929,-6.778564453125001,0.3460693359375,INVERTED,LEVEL,True,OK
1789616224.408072,-41.113299999999995,6.38428,-25.8789,48.997754369138185,-6.778564453125001,0.3460693359375,INVERTED,LEVEL,True,OK
1789616224.44781,-41.137699999999995,6.304929999999999,-25.927699999999998,49.033744818083186,-6.778564453125001,0.3460693359375,INVERTED,LEVEL,True,OK
1789616224.4880323,-41.113299999999995,6.28662,-25.9033,48.998020151883686,-6.778564453125001,0.3460693359375,INVERTED,LEVEL,True,OK
1789616224.5321116,-41.137699999999995,6.38428,-25.781199999999995,48.96671998253915,-6.778564453125001,0.3460693359375,INVERTED,LEVEL,True,OK
1789616224.5677466,-41.113299999999995,6.31714,-25.8545,48.97616629463356,-6.778564453125001,0.3460693359375,INVERTED,LEVEL,True,OK
1789616224.608525,-41.113299999999995,6.34155,-25.8301,48.966445238576384,-6.778564453125,0.35156249999999994,INVERTED,LEVEL,True,OK
1789616224.6488988,-41.113299999999995,6.249999999999999,-25.9033,48.993335136322365,-6.778564453125,0.35156249999999994,INVERTED,LEVEL,True,OK
1789616224.688851,-41.0889,6.49414,-25.7324,48.91449649449128,-6.778564453125,0.35156249999999994,INVERTED,LEVEL,True,OK
1789616224.7311187,-41.0645,6.292719999999999,-25.8789,48.94495837630675,-6.778564453125,0.35156249999999994,INVERTED,LEVEL,True,OK
1789616224.769865,-41.0889,6.365969999999999,-25.8301,48.9491301583685,-6.778564453125,0.35156249999999994,INVERTED,LEVEL,True,OK
1789616224.8101113,-41.113299999999995,6.292719999999999,-26.0986,49.1023287008712,-6.778564453125,0.35156249999999994,INVERTED,LEVEL,True,OK
1789616224.8498101,-41.113299999999995,6.48804,-25.7324,48.93418549124527,-6.778564453125,0.35156249999999994,INVERTED,LEVEL,True,OK
1789616224.8898616,-41.113299999999995,6.7627,-25.414999999999996,48.805325254320344,-6.778564453125,0.35156249999999994,INVERTED,LEVEL,True,OK
1789616224.9351273,-41.137699999999995,6.2439,-25.9521,49.038843205259234,-6.778564453125,0.35156249999999994,INVERTED,LEVEL,True,OK
1789616224.9707804,-41.113299999999995,6.10962,-26.2695,49.17029106772096,-6.778564453125,0.35156249999999994,INVERTED,LEVEL,True,OK
1789616225.0123,-41.137699999999995,6.420899999999999,-25.7568,48.95866689708779,-6.778564453125,0.35156249999999994,INVERTED,LEVEL,True,OK
1789616225.0508416,-41.0889,6.50024,-25.805699999999998,48.95390664449162,-6.778564453125,0.35156249999999994,INVERTED,LEVEL,True,OK
1789616225.0908222,-41.137699999999995,6.43921,-25.5859,48.87138288941801,-6.778564453125,0.35156249999999994,INVERTED,LEVEL,True,OK
1789616225.1327076,-41.113299999999995,5.9234599999999995,-26.2207,49.1214405708098,-6.778564453125,0.35156249999999994,INVERTED,LEVEL,True,OK
1789616225.1708097,-41.0889,6.34766,-25.8545,48.959632973865325,-6.778564453125,0.35156249999999994,INVERTED,LEVEL,True,OK
1789616225.2109628,-41.0889,6.50024,-25.7324,48.915306735495385,-6.778564453125,0.35156249999999994,INVERTED,LEVEL,True,OK
1789616225.250885,-41.113299999999995,6.463619999999999,-25.708,48.91812633773292,-6.778564453125,0.35156249999999994,INVERTED,LEVEL,True,OK
1789616225.2908525,-41.137699999999995,6.65283,-25.659199999999995,48.938380162597326,-6.778564453125,0.35156249999999994,INVERTED,LEVEL,True,OK
1789616225.334706,-41.0889,6.34155,-25.927699999999998,48.99753653912103,-6.778564453125,0.35156249999999994,INVERTED,LEVEL,True,OK
1789616225.372972,-41.0889,6.38428,-25.927699999999998,49.003085225507995,-6.778564453125,0.35156249999999994,INVERTED,LEVEL,True,OK
1789616225.413057,-41.137699999999995,6.07605,-25.9766,49.03073008280113,-6.778564453125,0.35156249999999994,INVERTED,LEVEL,True,OK
1789616225.4529552,-41.1621,6.45142,-25.683599999999995,48.94473010842332,-6.778564453125,0.35156249999999994,INVERTED,LEVEL,True,OK
1789616225.492898,-41.1621,6.69556,-25.4883,48.875376592038656,-6.778564453125,0.35156249999999994,INVERTED,LEVEL,True,OK
1789616225.5332692,-41.113299999999995,6.262209999999999,-25.927699999999998,49.00779874942456,-6.773071289062502,0.35156250000000033,INVERTED,LEVEL,True,OK
1789616225.5729396,-41.1621,6.103519999999999,-25.8301,48.97719366001282,-6.773071289062502,0.35156250000000033,INVERTED,LEVEL,True,OK
1789616225.6129043,-41.113299999999995,6.29883,-25.8789,48.98669371848747,-6.773071289062502,0.35156250000000033,INVERTED,LEVEL,True,OK
1789616225.6529198,-41.0645,6.40259,-26.196299999999997,49.12771572796867,-6.773071289062502,0.35156250000000033,INVERTED,LEVEL,True,OK
1789616225.6928487,-41.0889,6.427,-25.7324,48.905627917142624,-6.773071289062502,0.35156250000000033,INVERTED,LEVEL,True,OK
1789616225.7344074,-41.113299999999995,6.00586,-25.927699999999998,48.97570232798709,-6.773071289062502,0.35156250000000033,INVERTED,LEVEL,True,OK
1789616225.7729352,-41.113299999999995,6.469729999999999,-25.805699999999998,48.970348126727664,-6.773071289062502,0.35156250000000033,INVERTED,LEVEL,True,OK
1789616225.8129086,-41.113299999999995,6.53076,-25.781199999999995,48.965544380794945,-6.773071289062502,0.35156250000000033,INVERTED,LEVEL,True,OK
1789616225.8528864,-41.137699999999995,6.567379999999999,-25.805699999999998,49.003826318404975,-6.773071289062502,0.35156250000000033,INVERTED,LEVEL,True,OK
1789616225.8928564,-41.113299999999995,6.469729999999999,-25.805699999999998,48.970348126727664,-6.7730712890625,0.3570556640624999,INVERTED,LEVEL,True,OK
1789616225.9329257,-41.137699999999995,6.39038,-25.8789,49.019024705152994,-6.7730712890625,0.3570556640624999,INVERTED,LEVEL,True,OK
1789616225.9729152,-41.137699999999995,6.48193,-25.805699999999998,48.99244768640264,-6.7730712890625,0.3570556640624999,INVERTED,LEVEL,True,OK
1789616226.0133605,-41.137699999999995,6.469729999999999,-25.781199999999995,48.9779342255561,-6.7730712890625,0.3570556640624999,INVERTED,LEVEL,True,OK
1789616226.0529103,-41.113299999999995,6.28052,-25.9766,49.03602875356445,-6.7730712890625,0.3570556640624999,INVERTED,LEVEL,True,OK
1789616226.0928483,-41.0889,6.26831,-25.927699999999998,48.98811121849974,-6.778564453125,0.35156249999999994,INVERTED,LEVEL,True,OK
1789616226.1362236,-41.113299999999995,6.1676,-25.9033,48.982891682096515,-6.773071289062502,0.362548828125,INVERTED,LEVEL,True,OK
1789616226.174984,-41.137699999999995,6.23474,-25.683599999999995,48.89611081791271,-6.773071289062502,0.35156250000000033,INVERTED,LEVEL,True,OK
1789616226.214914,-41.113299999999995,6.353759999999999,-25.8545,48.98090314885588,-6.7730712890625,0.3570556640624999,INVERTED,LEVEL,True,OK
1789616226.2547474,-41.0645,6.47583,-26.049799999999998,49.059368264164384,-6.7730712890625,0.3570556640624999,INVERTED,LEVEL,True,OK
1789616226.2948751,-41.113299999999995,6.41479,-25.9033,49.01462963773265,-6.773071289062502,0.35156250000000033,INVERTED,LEVEL,True,OK
1789616226.336354,-41.1621,6.463619999999999,-25.5615,48.882380692478556,-6.778564453125,0.35156249999999994,INVERTED,LEVEL,True,OK
1789616226.3749075,-41.137699999999995,6.353759999999999,-25.8545,49.001385670995056,-6.778564453125,0.35705566406249967,INVERTED,LEVEL,True,OK
1789616226.4149532,-41.113299999999995,6.16455,-26.196299999999997,49.13808347180931,-6.778564453125,0.35156249999999994,INVERTED,LEVEL,True,OK
1789616226.4548666,-41.137699999999995,6.524659999999999,-25.781199999999995,48.98522045316933,-6.778564453125,0.35156249999999994,INVERTED,LEVEL,True,OK
1789616226.4948878,-41.1621,6.726069999999999,-25.3662,48.81600758455058,-6.778564453125,0.35705566406249967,INVERTED,LEVEL,True,OK
1789616226.5349948,-41.137699999999995,6.26831,-25.9033,49.01615062850305,-6.778564453125,0.35705566406249967,INVERTED,LEVEL,True,OK
1789616226.5750482,-41.113299999999995,6.04858,-26.123,49.084619647160345,-6.778564453125,0.35705566406249967,INVERTED,LEVEL,True,OK
1789616226.6150296,-41.113299999999995,6.31714,-25.7568,48.92466086657729,-6.778564453125,0.35705566406249967,INVERTED,LEVEL,True,OK
1789616226.654972,-41.137699999999995,6.5979,-25.537099999999995,48.86702489521947,-6.778564453125,0.35705566406249967,INVERTED,LEVEL,True,OK
1789616226.694942,-41.137699999999995,6.53076,-25.659199999999995,48.92193508138859,-6.778564453124998,0.3570556640625003,INVERTED,LEVEL,True,OK
1789616226.734875,-41.113299999999995,6.39648,-25.8789,48.999345490428745,-6.778564453125,0.35705566406249967,INVERTED,LEVEL,True,OK
1789616226.7749104,-41.0889,6.48193,-25.8301,48.96434606675454,-6.778564453125,0.35705566406249967,INVERTED,LEVEL,True,OK
1789616226.8149006,-41.113299999999995,6.48193,-25.805699999999998,48.97196142595168,-6.778564453125,0.35705566406249967,INVERTED,LEVEL,True,OK
1789616226.8552606,-41.137699999999995,6.48804,-25.8789,49.03185178576881,-6.778564453125,0.35705566406249967,INVERTED,LEVEL,True,OK
1789616226.8949437,-41.1621,6.579589999999999,-25.683599999999995,48.96178908024195,-6.778564453125,0.35705566406249967,INVERTED,LEVEL,True,OK
1789616226.9348118,-41.137699999999995,6.573489999999999,-25.537099999999995,48.863735105700826,-6.778564453125,0.35705566406249967,INVERTED,LEVEL,True,OK
1789616226.9750087,-41.137699999999995,6.40259,-25.8301,48.994873058393566,-6.778564453125,0.35705566406249967,INVERTED,LEVEL,True,OK
1789616227.014932,-41.137699999999995,6.27441,-25.9033,49.016931085371915,-6.778564453125,0.35705566406249967,INVERTED,LEVEL,True,OK
1789616227.0549002,-41.1621,6.43311,-25.708,48.9551288904656,-6.778564453125,0.35705566406249967,INVERTED,LEVEL,True,OK
1789616227.0949326,-41.113299999999995,6.78101,-25.390599999999996,48.7951647386306,-6.778564453125,0.35705566406249967,INVERTED,LEVEL,True,OK
1789616227.1359189,-41.113299999999995,6.37207,-25.805699999999998,48.95754145649983,-6.778564453125,0.35705566406249967,INVERTED,LEVEL,True,OK
1789616227.1749382,-41.113299999999995,6.12488,-26.001,49.029272816394084,-6.778564453125,0.35705566406249967,INVERTED,LEVEL,True,OK
1789616227.2148635,-41.113299999999995,6.37207,-26.001,49.060765525773235,-6.778564453125,0.35705566406249967,INVERTED,LEVEL,True,OK
1789616227.2548146,-41.113299999999995,6.683349999999999,-25.4639,48.819881271081556,-6.778564453124998,0.3570556640625003,INVERTED,LEVEL,True,OK
1789616227.294909,-41.0889,6.44531,-25.8545,48.97238910300477,-6.778564453125,0.35705566406249967,INVERTED,LEVEL,True,OK
1789616227.3360124,-41.113299999999995,6.43921,-25.9033,49.01783158406846,-6.778564453125,0.35705566406249967,INVERTED,LEVEL,True,OK
1789616227.3761263,-41.113299999999995,6.34766,-25.9766,49.044673226820464,-6.778564453125,0.35705566406249967,INVERTED,LEVEL,True,OK
1789616227.4167216,-41.113299999999995,6.37207,-25.8789,48.996164933440454,-6.778564453125,0.35705566406249967,INVERTED,LEVEL,True,OK
1789616227.4572568,-41.137699999999995,6.33545,-25.9033,49.02478188510888,-6.778564453125,0.35705566406249967,INVERTED,LEVEL,True,OK
1789616227.4968367,-41.137699999999995,6.40259,-25.8545,49.00774112574563,-6.778564453125,0.35705566406249967,INVERTED,LEVEL,True,OK
1789616227.537815,-41.113299999999995,6.18286,-25.927699999999998,48.997722620134084,-6.778564453125,0.35705566406249967,INVERTED,LEVEL,True,OK
1789616227.577929,-41.113299999999995,6.365969999999999,-25.805699999999998,48.956747884442855,-6.778564453124998,0.3570556640625003,INVERTED,LEVEL,True,OK
1789616227.617899,-41.137699999999995,6.311039999999999,-25.8545,48.99586469715174,-6.778564453124998,0.3570556640625003,INVERTED,LEVEL,True,OK
1789616227.6578321,-41.0889,6.353759999999999,-25.8301,48.947543711177175,-6.778564453125,0.35705566406249967,INVERTED,LEVEL,True,OK
1789616227.6978538,-41.0645,6.67725,-25.659199999999995,48.88019407134652,-6.778564453124998,0.3570556640625003,INVERTED,LEVEL,True,OK
1789616227.7377763,-41.113299999999995,6.39038,-25.8545,48.98566692089023,-6.778564453125,0.35705566406249967,INVERTED,LEVEL,True,OK
1789616227.7778795,-41.113299999999995,6.22559,-25.9766,49.02902360131292,-6.778564453125,0.35705566406249967,INVERTED,LEVEL,True,OK
1789616227.8178127,-41.113299999999995,6.469729999999999,-25.805699999999998,48.970348126727664,-6.778564453124998,0.3570556640625003,INVERTED,LEVEL,True,OK
1789616227.857862,-41.113299999999995,6.74438,-25.5615,48.87924284115292,-6.778564453124998,0.3570556640625003,INVERTED,LEVEL,True,OK
1789616227.897919,-41.137699999999995,6.469729999999999,-25.8301,49.00369204022182,-6.778564453124998,0.3570556640625003,INVERTED,LEVEL,True,OK
1789616227.9379385,-41.113299999999995,6.38428,-25.9033,49.01064597511851,-6.778564453124998,0.3570556640625003,INVERTED,LEVEL,True,OK
1789616227.9788353,-41.137699999999995,6.365969999999999,-25.927699999999998,49.041630913142555,-6.778564453124998,0.3570556640625003,INVERTED,LEVEL,True,OK
1789616228.0188613,-41.113299999999995,6.622309999999999,-25.8301,49.00359673162879,-6.778564453124998,0.3570556640625003,INVERTED,LEVEL,True,OK
1789616228.0591733,-41.1621,6.48193,-25.7324,48.97438414819425,-6.778564453124998,0.3570556640625003,INVERTED,LEVEL,True,OK
1789616228.098789,-41.1865,6.53076,-25.6348,48.950194886921544,-6.778564453124998,0.3570556640625003,INVERTED,LEVEL,True,OK
1789616228.1388464,-41.137699999999995,6.31714,-25.781199999999995,48.958011525281535,-6.778564453124998,0.3570556640625003,INVERTED,LEVEL,True,OK
1789616228.1789575,-41.113299999999995,6.41479,-25.7568,48.93736521181029,-6.778564453124998,0.3570556640625003,INVERTED,LEVEL,True,OK
1789616228.2188468,-41.0889,6.38428,-25.8301,48.95151479105014,-6.778564453124998,0.3570556640625003,INVERTED,LEVEL,True,OK
1789616228.258335,-41.137699999999995,6.604,-25.5859,48.893368222080994,-6.778564453125,0.362548828125,INVERTED,LEVEL,True,OK
1789616228.2989135,-41.137699999999995,6.86035,-25.6104,48.94146862909305,-6.778564453125,0.362548828125,INVERTED,LEVEL,True,OK
1789616228.3388374,-41.137699999999995,6.55518,-25.708,48.95081214977336,-6.778564453124998,0.3570556640625003,INVERTED,LEVEL,True,OK
1789616228.379155,-41.137699999999995,6.304929999999999,-25.8789,49.007958219098455,-6.778564453124998,0.3570556640625003,INVERTED,LEVEL,True,OK
1789616228.4188592,-41.137699999999995,6.45142,-25.8301,49.00127801717421,-6.778564453124998,0.3570556640625003,INVERTED,LEVEL,True,OK
1789616228.459088,-41.1621,6.87256,-25.4883,48.89993859151154,-6.778564453124998,0.3570556640625003,INVERTED,LEVEL,True,OK
1789616228.4989014,-41.1621,6.628419999999999,-25.659199999999995,48.95558163015122,-6.778564453124998,0.3570556640625003,INVERTED,LEVEL,True,OK
1789616228.5388565,-41.1621,6.359859999999999,-25.6104,48.89436454019625,-6.778564453124998,0.3570556640625003,INVERTED,LEVEL,True,OK
1789616228.5789337,-41.137699999999995,6.39038,-25.781199999999995,48.967515673907734,-6.778564453124998,0.3570556640625003,INVERTED,LEVEL,True,OK
1789616228.6188962,-41.0889,6.50024,-25.9766,49.04421037010995,-6.778564453124998,0.3570556640625003,INVERTED,LEVEL,True,OK
1789616228.6592712,-41.1621,6.47583,-25.6348,48.92236524984151,-6.778564453124998,0.3570556640625003,INVERTED,LEVEL,True,OK
1789616228.6988065,-41.137699999999995,6.567379999999999,-25.6104,48.90126204418859,-6.778564453124998,0.3570556640625003,INVERTED,LEVEL,True,OK
1789616228.7388854,-41.113299999999995,6.50024,-25.7324,48.935804547464016,-6.778564453124998,0.3570556640625003,INVERTED,LEVEL,True,OK
1789616228.779885,-41.113299999999995,6.39038,-25.7324,48.9213328027191,-6.778564453124998,0.3570556640625003,INVERTED,LEVEL,True,OK
1789616228.8200023,-41.0889,6.41479,-25.8301,48.955503265354146,-6.784057617187499,0.3625488281250004,INVERTED,LEVEL,True,OK
1789616228.8600023,-41.113299999999995,6.43921,-25.8301,48.9791887266837,-6.778564453125,0.35156249999999994,INVERTED,LEVEL,True,OK
1789616228.89988,-41.113299999999995,6.604,-26.0254,49.1043551841382,-6.778564453124998,0.3570556640625003,INVERTED,LEVEL,True,OK
1789616228.9398139,-41.1621,6.45142,-25.708,48.95753834116254,-6.778564453124998,0.3570556640625003,INVERTED,LEVEL,True,OK
1789616228.9803302,-41.113299999999995,6.427,-25.805699999999998,48.96472116105635,-6.778564453124998,0.3570556640625003,INVERTED,LEVEL,True,OK
1789616229.0198593,-41.137699999999995,6.34766,-25.8545,49.00059508838234,-6.778564453124998,0.3570556640625003,INVERTED,LEVEL,True,OK
1789616229.0599449,-41.113299999999995,6.1676,-25.9033,48.982891682096515,-6.778564453124998,0.3570556640625003,INVERTED,LEVEL,True,OK
1789616229.099869,-41.0889,6.39038,-25.805699999999998,48.93944025266738,-6.778564453124998,0.3570556640625003,INVERTED,LEVEL,True,OK
1789616229.1399305,-41.0889,6.262209999999999,-25.805699999999998,48.922869190022986,-6.778564453124998,0.3570556640625003,INVERTED,LEVEL,True,OK
1789616229.1798584,-41.113299999999995,6.48193,-25.8301,48.98482335810654,-6.778564453124998,0.3570556640625003,INVERTED,LEVEL,True,OK
1789616229.2199147,-41.0889,6.427,-25.805699999999998,48.944235459347,-6.778564453125,0.35156249999999994,INVERTED,LEVEL,True,OK
1789616229.258965,-41.113299999999995,6.40259,-25.8301,48.97438781248929,-6.784057617187498,0.35705566406250006,INVERTED,LEVEL,True,OK
1789616229.2999833,-41.113299999999995,6.53687,-26.074199999999998,49.12125824861268,-6.778564453125,0.35156249999999994,INVERTED,LEVEL,True,OK
1789616229.3389444,-41.137699999999995,6.40259,-25.708,48.93061193157204,-6.784057617187498,0.35156250000000017,INVERTED,LEVEL,True,OK
1789616229.379987,-41.1621,6.38428,-25.8301,49.0129735227154,-6.784057617187498,0.35705566406250006,INVERTED,LEVEL,True,OK
1789616229.4213665,-41.113299999999995,6.34766,-25.8545,48.98011223563702,-6.778564453124998,0.3570556640625003,INVERTED,LEVEL,True,OK
1789616229.4599473,-41.113299999999995,6.26831,-26.2451,49.17723478558041,-6.778564453125,0.35156249999999994,INVERTED,LEVEL,True,OK
1789616229.4999063,-41.137699999999995,6.32935,-25.8301,48.98535596198623,-6.784057617187499,0.3625488281250004,INVERTED,LEVEL,True,OK
1789616229.5400038,-41.137699999999995,6.304929999999999,-25.537099999999995,48.82833173481252,-6.784057617187498,0.35156250000000017,INVERTED,LEVEL,True,OK
1789616229.5799882,-41.0889,6.40259,-25.781199999999995,48.92812213194065,-6.784057617187498,0.35705566406250006,INVERTED,LEVEL,True,OK
1789616229.6199934,-41.04,6.44531,-26.1475,49.08681469851248,-6.784057617187498,0.35705566406250006,INVERTED,LEVEL,True,OK
1789616229.6599631,-41.137699999999995,6.518549999999999,-25.683599999999995,48.933109081198786,-6.784057617187498,0.35705566406250006,INVERTED,LEVEL,True,OK
1789616229.6999068,-41.137699999999995,6.61011,-25.6104,48.907018961107205,-6.784057617187498,0.35705566406250006,INVERTED,LEVEL,True,OK
1789616229.7398818,-41.137699999999995,6.54297,-25.5859,48.88516233501633,-6.784057617187498,0.35705566406250006,INVERTED,LEVEL,True,OK
1789616229.7799795,-41.113299999999995,6.353759999999999,-26.2695,49.20122288396499,-6.784057617187498,0.35156250000000017,INVERTED,LEVEL,True,OK
1789616229.819954,-41.137699999999995,6.40259,-25.8545,49.00774112574563,-6.784057617187498,0.35705566406250006,INVERTED,LEVEL,True,OK
1789616229.8599749,-41.1621,6.48193,-25.708,48.96156816253846,-6.784057617187498,0.35705566406250006,INVERTED,LEVEL,True,OK
1789616229.8999574,-41.1621,6.56128,-25.659199999999995,48.946536305323995,-6.784057617187498,0.35705566406250006,INVERTED,LEVEL,True,OK
1789616229.9399848,-41.1621,6.56128,-25.5127,48.86989597838735,-6.784057617187498,0.35705566406250006,INVERTED,LEVEL,True,OK
1789616229.98195,-41.137699999999995,6.353759999999999,-25.805699999999998,48.97565497180818,-6.784057617187498,0.35705566406250006,INVERTED,LEVEL,True,OK
1789616230.0209894,-41.113299999999995,6.34155,-25.805699999999998,48.953578477803845,-6.784057617187498,0.35705566406250006,INVERTED,LEVEL,True,OK
1789616230.0610442,-41.113299999999995,6.15234,-26.2207,49.14956594778432,-6.784057617187498,0.35705566406250006,INVERTED,LEVEL,True,OK
1789616230.1009214,-41.1621,6.58569,-25.6104,48.92425142346176,-6.784057617187498,0.35705566406250006,INVERTED,LEVEL,True,OK
1789616230.140901,-41.1621,6.65894,-25.292999999999996,48.76879952729614,-6.784057617187498,0.35156250000000017,INVERTED,LEVEL,True,OK
1789616230.1809409,-41.113299999999995,6.512449999999999,-25.805699999999998,48.97601039674934,-6.784057617187498,0.35705566406250006,INVERTED,LEVEL,True,OK
1789616230.2199824,-41.113299999999995,6.249999999999999,-26.0986,49.09687219008966,-6.784057617187498,0.35705566406250006,INVERTED,LEVEL,True,OK
1789616230.2609255,-41.137699999999995,6.53076,-25.7568,48.97319607405259,-6.784057617187498,0.35705566406250006,INVERTED,LEVEL,True,OK
1789616230.29991,-41.137699999999995,6.890869999999999,-25.4395,48.856551361070295,-6.778564453125,0.35705566406249967,INVERTED,LEVEL,True,OK
1789616230.3408897,-41.1865,6.5979,-25.5127,48.895377367906676,-6.778564453125,0.35705566406249967,INVERTED,LEVEL,True,OK
1789616230.3810425,-41.137699999999995,6.2439,-26.2207,49.181518449413495,-6.784057617187498,0.35705566406250006,INVERTED,LEVEL,True,OK
1789616230.4210312,-41.137699999999995,6.38428,-25.8301,48.99248369309725,-6.784057617187498,0.35705566406250006,INVERTED,LEVEL,True,OK
1789616230.460991,-41.113299999999995,6.38428,-25.8301,48.97199744770882,-6.784057617187498,0.35705566406250006,INVERTED,LEVEL,True,OK
1789616230.5009146,-41.113299999999995,6.359859999999999,-25.8301,48.96881989715087,-6.778564453125,0.35705566406249967,INVERTED,LEVEL,True,OK
1789616230.5412388,-41.113299999999995,6.45142,-25.683599999999995,48.903696852757456,-6.784057617187498,0.35705566406250006,INVERTED,LEVEL,True,OK
1789616230.5810852,-41.113299999999995,6.39648,-25.781199999999995,48.94781575024977,-6.784057617187498,0.35156250000000017,INVERTED,LEVEL,True,OK
1789616230.6210878,-41.113299999999995,6.45752,-25.805699999999998,48.968736495139424,-6.784057617187498,0.35705566406250006,INVERTED,LEVEL,True,OK
1789616230.660909,-41.0889,6.408689999999999,-25.8301,48.95470433713292,-6.778564453124998,0.3570556640625003,INVERTED,LEVEL,True,OK
1789616230.7010753,-41.113299999999995,6.49414,-25.805699999999998,48.97357903726865,-6.784057617187498,0.35705566406250006,INVERTED,LEVEL,True,OK
1789616230.740906,-41.0889,6.54907,-25.805699999999998,48.96041435246336,-6.784057617187498,0.35705566406250006,INVERTED,LEVEL,True,OK
1789616230.7819464,-41.113299999999995,6.48193,-25.8545,48.997694064771046,-6.784057617187498,0.35705566406250006,INVERTED,LEVEL,True,OK
1789616230.8210514,-41.137699999999995,6.155399999999999,-26.0254,49.066493206769934,-6.784057617187498,0.35705566406250006,INVERTED,LEVEL,True,OK
1789616230.8609579,-41.137699999999995,6.37207,-25.8545,49.00376319860445,-6.784057617187498,0.35705566406250006,INVERTED,LEVEL,True,OK
1789616230.9009273,-41.113299999999995,6.573489999999999,-25.8301,48.99702311039008,-6.784057617187498,0.35705566406250006,INVERTED,LEVEL,True,OK
1789616230.9409533,-41.137699999999995,6.37817,-25.708,48.92742255462574,-6.784057617187498,0.35705566406250006,INVERTED,LEVEL,True,OK
1789616230.9810195,-41.113299999999995,6.12793,-26.123,49.09446090930116,-6.784057617187498,0.35705566406250006,INVERTED,LEVEL,True,OK
1789616231.0210025,-41.0889,6.32935,-25.805699999999998,48.93150853103244,-6.784057617187498,0.35705566406250006,INVERTED,LEVEL,True,OK
1789616231.0609617,-41.0645,6.34155,-26.123,49.080745161952265,-6.784057617187498,0.35705566406250006,INVERTED,LEVEL,True,OK
1789616231.1009567,-41.0889,6.37207,-25.805699999999998,48.93705274927067,-6.784057617187498,0.35705566406250006,INVERTED,LEVEL,True,OK
1789616231.140952,-41.113299999999995,6.28662,-25.7568,48.92072949327718,-6.784057617187498,0.35705566406250006,INVERTED,LEVEL,True,OK
1789616231.1802237,-41.0889,6.45752,-25.805699999999998,48.948252473917805,-6.784057617187499,0.3625488281250004,INVERTED,LEVEL,True,OK
1789616231.2210824,-41.113299999999995,6.47583,-25.8301,48.984016547123815,-6.784057617187498,0.35705566406250006,INVERTED,LEVEL,True,OK
1789616231.260927,-41.113299999999995,6.427,-25.805699999999998,48.96472116105635,-6.784057617187498,0.35705566406250006,INVERTED,LEVEL,True,OK
1789616231.3010712,-41.113299999999995,6.67725,-25.683599999999995,48.93400058663198,-6.778564453125,0.362548828125,INVERTED,LEVEL,True,OK
1789616231.3408954,-41.1865,6.50635,-25.7324,48.99813039629676,-6.778564453125,0.3515624999999997,INVERTED,LEVEL,True,OK
1789616231.3809657,-41.137699999999995,6.420899999999999,-25.8789,49.02301279307505,-6.778564453124998,0.3570556640625003,INVERTED,LEVEL,True,OK
1789616231.4210765,-41.137699999999995,6.33545,-25.8301,48.98614451048888,-6.784057617187499,0.3625488281250004,INVERTED,LEVEL,True,OK
1789616231.4608903,-41.113299999999995,6.32935,-25.781199999999995,48.939088485100534,-6.784057617187498,0.35705566406250006,INVERTED,LEVEL,True,OK
1789616231.501938,-41.1621,6.54907,-25.781199999999995,49.00896925782973,-6.784057617187499,0.3625488281250004,INVERTED,LEVEL,True,OK
1789616231.5419188,-41.113299999999995,6.48804,-25.659199999999995,48.89573237585873,-6.778564453124998,0.3570556640625003,INVERTED,LEVEL,True,OK
1789616231.583002,-41.1621,6.463619999999999,-25.537099999999995,48.86962590735067,-6.778564453124998,0.3570556640625003,INVERTED,LEVEL,True,OK
1789616231.6230137,-41.113299999999995,6.427,-25.805699999999998,48.96472116105635,-6.784057617187498,0.35705566406250006,INVERTED,LEVEL,True,OK
1789616231.6629615,-41.0889,6.61621,-25.9766,49.059715506045286,-6.784057617187499,0.3625488281250004,INVERTED,LEVEL,True,OK
1789616231.702914,-41.137699999999995,6.64062,-25.6348,48.92393244940966,-6.784057617187499,0.3625488281250004,INVERTED,LEVEL,True,OK
1789616231.742976,-41.1621,6.45142,-25.537099999999995,48.86801380081249,-6.784057617187499,0.3625488281250004,INVERTED,LEVEL,True,OK
1789616231.7833169,-41.1621,6.53687,-25.7568,48.994508794832306,-6.784057617187498,0.35705566406250006,INVERTED,LEVEL,True,OK
1789616231.8229337,-41.137699999999995,6.249999999999999,-26.2939,49.22135754426121,-6.778564453124998,0.3570556640625003,INVERTED,LEVEL,True,OK
1789616231.8630588,-41.137699999999995,6.524659999999999,-25.8789,49.03671088700383,-6.784057617187499,0.3625488281250004,INVERTED,LEVEL,True,OK
1789616231.9038804,-41.2109,6.5918,-25.268599999999996,48.78823886973171,-6.778564453125,0.362548828125,INVERTED,LEVEL,True,OK
1789616231.9439266,-41.1621,6.47583,-25.683599999999995,48.94795357886681,-6.778564453124998,0.3570556640625003,INVERTED,LEVEL,True,OK
1789616231.9850755,-41.137699999999995,6.40259,-25.781199999999995,48.96911060493237,-6.778564453124998,0.3570556640625003,INVERTED,LEVEL,True,OK
1789616232.0251594,-41.113299999999995,6.304929999999999,-25.9766,49.03916115468228,-6.778564453124998,0.3570556640625003,INVERTED,LEVEL,True,OK
1789616232.0658872,-41.113299999999995,6.32935,-25.805699999999998,48.95199955877696,-6.778564453124998,0.3570556640625003,INVERTED,LEVEL,True,OK
1789616232.105157,-41.113299999999995,6.365969999999999,-25.8545,48.982488515600146,-6.778564453124998,0.3570556640625003,INVERTED,LEVEL,True,OK
1789616232.1459672,-41.113299999999995,6.38428,-25.8789,48.997754369138185,-6.778564453124998,0.3570556640625003,INVERTED,LEVEL,True,OK
1789616232.187076,-41.113299999999995,6.48193,-25.4883,48.80545348938887,-6.778564453124998,0.3570556640625003,INVERTED,LEVEL,True,OK
1789616232.2277837,-41.113299999999995,6.39648,-26.001,49.06394189504549,-6.778564453124998,0.3570556640625003,INVERTED,LEVEL,True,OK
1789616232.2668874,-41.113299999999995,6.45752,-25.8301,48.981599274119255,-6.778564453125,0.362548828125,INVERTED,LEVEL,True,OK
1789616232.3070738,-41.137699999999995,6.45752,-25.8789,49.027822621960276,-6.778564453124998,0.3570556640625003,INVERTED,LEVEL,True,OK
1789616232.3468988,-41.137699999999995,6.567379999999999,-25.4639,48.82469707601266,-6.778564453125,0.362548828125,INVERTED,LEVEL,True,OK
1789616232.387181,-41.137699999999995,6.45752,-25.8301,49.002081505283016,-6.778564453124998,0.3570556640625003,INVERTED,LEVEL,True,OK
1789616232.4268804,-41.113299999999995,6.22559,-26.2451,49.171807794183245,-6.778564453124998,0.3570556640625003,INVERTED,LEVEL,True,OK
1789616232.466874,-41.137699999999995,6.353759999999999,-25.805699999999998,48.97565497180818,-6.778564453125,0.362548828125,INVERTED,LEVEL,True,OK
1789616232.506936,-41.113299999999995,6.47583,-25.414999999999996,48.766402738759595,-6.778564453124998,0.3570556640625003,INVERTED,LEVEL,True,OK
1789616232.5469103,-41.113299999999995,6.311039999999999,-25.8545,48.97537986602656,-6.778564453124998,0.3570556640625003,INVERTED,LEVEL,True,OK
1789616232.588552,-41.113299999999995,6.39648,-25.9521,49.03804530862134,-6.778564453124998,0.3570556640625003,INVERTED,LEVEL,True,OK
1789616232.6278865,-41.0889,6.365969999999999,-25.805699999999998,48.93625884495974,-6.778564453124998,0.3570556640625003,INVERTED,LEVEL,True,OK
1789616232.667877,-41.113299999999995,6.48193,-25.781199999999995,48.95905561645261,-6.778564453124998,0.3570556640625003,INVERTED,LEVEL,True,OK
1789616232.707857,-41.0889,6.50024,-25.8301,48.966773319033386,-6.778564453124998,0.3570556640625003,INVERTED,LEVEL,True,OK
1789616232.7478225,-41.113299999999995,6.45752,-25.8789,49.00735114909191,-6.778564453124998,0.3570556640625003,INVERTED,LEVEL,True,OK
1789616232.7869089,-41.113299999999995,6.48193,-25.8301,48.98482335810654,-6.778564453124998,0.3570556640625003,INVERTED,LEVEL,True,OK
1789616232.8278391,-41.137699999999995,6.304929999999999,-26.001,49.07254328639285,-6.778564453125,0.362548828125,INVERTED,LEVEL,True,OK
1789616232.8678465,-41.113299999999995,6.37207,-25.9033,49.009056957514495,-6.778564453125,0.362548828125,INVERTED,LEVEL,True,OK
1789616232.908923,-41.137699999999995,6.518549999999999,-25.659199999999995,48.920306622429294,-6.778564453124998,0.3570556640625003,INVERTED,LEVEL,True,OK
1789616232.9498868,-41.137699999999995,6.66504,-25.390599999999996,48.79975089948308,-6.778564453125,0.362548828125,INVERTED,LEVEL,True,OK
1789616232.9900246,-41.137699999999995,6.353759999999999,-25.805699999999998,48.97565497180818,-6.778564453124998,0.3570556640625003,INVERTED,LEVEL,True,OK
1789616233.0298357,-41.0889,6.1676,-26.2939,49.170175616729296,-6.778564453124998,0.3570556640625003,INVERTED,LEVEL,True,OK
1789616233.069908,-41.113299999999995,6.29883,-25.8545,48.97380796414446,-6.778564453125,0.362548828125,INVERTED,LEVEL,True,OK
1789616233.1098676,-41.137699999999995,6.79321,-25.5127,48.881038498420835,-6.778564453124998,0.3570556640625003,INVERTED,LEVEL,True,OK
1789616233.1509252,-41.113299999999995,6.50024,-25.5859,48.858927902253434,-6.778564453124998,0.3570556640625003,INVERTED,LEVEL,True,OK
1789616233.1910071,-41.137699999999995,6.32935,-26.074199999999998,49.11450843032535,-6.7730712890625,0.35705566406250006,INVERTED,LEVEL,True,OK
1789616233.2339847,-41.113299999999995,6.37207,-25.8545,48.98328167063636,-6.778564453124998,0.3570556640625003,INVERTED,LEVEL,True,OK
1789616233.2719703,-41.0889,6.69556,-25.6104,48.87761057052196,-6.7730712890625,0.35705566406250006,INVERTED,LEVEL,True,OK
1789616233.3130035,-41.1621,6.63452,-25.683599999999995,48.96920094304582,-6.7730712890625,0.35705566406250006,INVERTED,LEVEL,True,OK
1789616233.352938,-41.1621,6.463619999999999,-25.781199999999995,48.99762375212088,-6.7730712890625,0.35705566406250006,INVERTED,LEVEL,True,OK
1789616233.3933184,-41.1621,6.47583,-25.7568,48.98640216262979,-6.778564453125,0.362548828125,INVERTED,LEVEL,True,OK
1789616233.434209,-41.137699999999995,6.33545,-25.8545,48.99901487012264,-6.778564453124998,0.3570556640625003,INVERTED,LEVEL,True,OK
1789616233.471947,-41.113299999999995,6.304929999999999,-25.8789,48.98747844505675,-6.7730712890625,0.35705566406250006,INVERTED,LEVEL,True,OK
1789616233.5130816,-41.1621,6.50024,-25.659199999999995,48.9383912803394,-6.773071289062502,0.362548828125,INVERTED,LEVEL,True,OK
1789616233.552933,-41.137699999999995,6.604,-25.5127,48.855102482545256,-6.7730712890625,0.35705566406250006,INVERTED,LEVEL,True,OK
1789616233.592105,-41.113299999999995,6.469729999999999,-25.7568,48.944597142104456,-6.778564453124998,0.3570556640625003,INVERTED,LEVEL,True,OK
1789616233.633213,-41.0889,6.34155,-25.8545,48.95884118177738,-6.778564453125,0.362548828125,INVERTED,LEVEL,True,OK
1789616233.6729898,-41.0889,6.43311,-25.805699999999998,48.945038154772135,-6.778564453125,0.362548828125,INVERTED,LEVEL,True,OK
1789616233.7139828,-41.0889,6.56128,-25.781199999999995,48.9491406654744,-6.778564453125,0.362548828125,INVERTED,LEVEL,True,OK
1789616233.7539365,-41.113299999999995,6.45142,-25.8545,48.99366721481869,-6.778564453125,0.362548828125,INVERTED,LEVEL,True,OK
1789616233.7939718,-41.137699999999995,6.23169,-26.049799999999998,49.089066008492146,-6.778564453125,0.362548828125,INVERTED,LEVEL,True,OK
1789616233.8339927,-41.113299999999995,6.43921,-25.8301,48.9791887266837,-6.778564453125,0.362548828125,INVERTED,LEVEL,True,OK
1789616233.8740249,-41.113299999999995,6.68945,-25.7324,48.96129683691497,-6.778564453125,0.362548828125,INVERTED,LEVEL,True,OK
1789616233.9130385,-41.137699999999995,6.43311,-25.683599999999995,48.921800605886325,-6.773071289062502,0.362548828125,INVERTED,LEVEL,True,OK
1789616233.9538932,-41.137699999999995,6.1615,-26.1719,49.14511972871772,-6.773071289062502,0.362548828125,INVERTED,LEVEL,True,OK
1789616233.9939759,-41.137699999999995,6.40259,-25.8301,48.994873058393566,-6.773071289062502,0.362548828125,INVERTED,LEVEL,True,OK
1789616234.033931,-41.113299999999995,6.43311,-26.0254,49.0816644616103,-6.773071289062502,0.362548828125,INVERTED,LEVEL,True,OK
1789616234.0740497,-41.0889,6.33545,-25.8545,48.95805143347211,-6.773071289062502,0.362548828125,INVERTED,LEVEL,True,OK
1789616234.113975,-41.113299999999995,6.304929999999999,-25.781199999999995,48.935936208832246,-6.773071289062502,0.362548828125,INVERTED,LEVEL,True,OK
1789616234.15392,-41.0889,6.408689999999999,-25.805699999999998,48.94183448968888,-6.773071289062502,0.362548828125,INVERTED,LEVEL,True,OK
1789616234.193965,-41.113299999999995,6.50024,-25.805699999999998,48.97438830080065,-6.773071289062502,0.362548828125,INVERTED,LEVEL,True,OK
1789616234.2361848,-41.113299999999995,6.41479,-25.8545,48.988857282897506,-6.773071289062502,0.362548828125,INVERTED,LEVEL,True,OK
1789616234.275166,-41.137699999999995,6.50024,-25.805699999999998,48.994873546500756,-6.773071289062502,0.362548828125,INVERTED,LEVEL,True,OK
1789616234.3150473,-41.113299999999995,6.567379999999999,-25.8301,48.996203760744564,-6.773071289062502,0.362548828125,INVERTED,LEVEL,True,OK
1789616234.355039,-41.113299999999995,6.463619999999999,-25.8545,48.9952751869443,-6.773071289062502,0.362548828125,INVERTED,LEVEL,True,OK
1789616234.394961,-41.1621,6.195069999999999,-25.9521,49.05312286822217,-6.773071289062502,0.362548828125,INVERTED,LEVEL,True,OK
1789616234.4363675,-41.113299999999995,6.33545,-25.8545,48.978531356529054,-6.773071289062502,0.362548828125,INVERTED,LEVEL,True,OK
1789616234.4749608,-41.113299999999995,6.604,-25.8789,49.02686730865026,-6.773071289062502,0.36804199218750017,INVERTED,LEVEL,True,OK
1789616234.514984,-41.137699999999995,6.56128,-25.537099999999995,48.86209402940484,-6.773071289062502,0.362548828125,INVERTED,LEVEL,True,OK
1789616234.5561326,-41.137699999999995,6.37817,-25.4883,48.81234322104297,-6.7730712890625,0.35156250000000017,INVERTED,LEVEL,True,OK
1789616234.5949323,-41.137699999999995,6.524659999999999,-25.659199999999995,48.92112114460992,-6.773071289062502,0.36804199218750017,INVERTED,LEVEL,True,OK
1789616234.6362877,-41.0645,6.40259,-26.123,49.08866924207765,-6.773071289062502,0.362548828125,INVERTED,LEVEL,True,OK
1789616234.674961,-41.113299999999995,6.40259,-25.8301,48.97438781248929,-6.773071289062502,0.362548828125,INVERTED,LEVEL,True,OK
1789616234.7149236,-41.137699999999995,6.54297,-25.5615,48.8723960939189,-6.773071289062502,0.36804199218750017,INVERTED,LEVEL,True,OK
1789616234.7549388,-41.137699999999995,6.63452,-25.6348,48.923104847918225,-6.773071289062502,0.362548828125,INVERTED,LEVEL,True,OK
1789616234.794862,-41.137699999999995,6.58569,-25.708,48.95490719086392,-6.773071289062502,0.36804199218750017,INVERTED,LEVEL,True,OK
1789616234.835043,-41.113299999999995,6.38428,-25.8545,48.98487152436352,-6.767578125000001,0.36254882812499983,INVERTED,LEVEL,True,OK
1789616234.8760684,-41.113299999999995,6.518549999999999,-25.8789,49.015430184815266,-6.773071289062502,0.36804199218750017,INVERTED,LEVEL,True,OK
1789616234.916049,-41.137699999999995,6.48193,-25.7568,48.966708323665166,-6.778564453125,0.36804199218749994,INVERTED,LEVEL,True,OK
1789616234.9561148,-41.137699999999995,6.518549999999999,-25.708,48.94592035494377,-6.773071289062502,0.36804199218750017,INVERTED,LEVEL,True,OK
1789616234.9960647,-41.1621,6.56128,-25.6348,48.93374952615424,-6.773071289062502,0.36804199218750017,INVERTED,LEVEL,True,OK
1789616235.0361142,-41.113299999999995,6.26831,-25.8789,48.98277873249025,-6.773071289062502,0.362548828125,INVERTED,LEVEL,True,OK
1789616235.0760148,-41.0889,6.262209999999999,-26.0254,49.03911115073458,-6.773071289062502,0.362548828125,INVERTED,LEVEL,True,OK
1789616235.1161435,-41.113299999999995,6.41479,-25.7568,48.93736521181029,-6.773071289062502,0.36804199218750017,INVERTED,LEVEL,True,OK
1789616235.1578543,-41.1621,6.43921,-25.3662,48.77731034276183,-6.778564453125,0.36804199218749994,INVERTED,LEVEL,True,OK
1789616235.1979594,-41.113299999999995,6.5979,-25.5859,48.872016534106706,-6.767578125000001,0.36254882812499983,INVERTED,LEVEL,True,OK
1789616235.2378967,-41.0645,6.39038,-26.2451,49.15216567766267,-6.773071289062502,0.362548828125,INVERTED,LEVEL,True,OK
1789616235.2779107,-41.113299999999995,6.54907,-25.7568,48.95514784979103,-6.778564453125,0.3735351562499999,INVERTED,LEVEL,True,OK
1789616235.316784,-41.113299999999995,6.304929999999999,-25.7324,48.91024421279145,-6.7730712890625,0.35705566406250006,INVERTED,LEVEL,True,OK
1789616235.3579369,-41.113299999999995,6.45142,-25.8545,48.99366721481869,-6.773071289062502,0.36804199218750017,INVERTED,LEVEL,True,OK
1789616235.3979497,-41.113299999999995,6.44531,-25.8789,49.00574377658296,-6.773071289062502,0.36804199218750017,INVERTED,LEVEL,True,OK
1789616235.4389284,-41.113299999999995,6.427,-25.927699999999998,49.02912800754261,-6.773071289062502,0.36804199218750017,INVERTED,LEVEL,True,OK
1789616235.479915,-41.113299999999995,6.359859999999999,-25.8789,48.994578489049175,-6.773071289062502,0.36804199218750017,INVERTED,LEVEL,True,OK
1789616235.5200138,-41.113299999999995,6.353759999999999,-25.9033,49.00667968672842,-6.778564453125,0.36804199218749994,INVERTED,LEVEL,True,OK
1789616235.5599678,-41.137699999999995,6.32935,-25.8789,49.011105863084744,-6.778564453125,0.36804199218749994,INVERTED,LEVEL,True,OK
1789616235.5998528,-41.113299999999995,6.37817,-25.8301,48.97120128656127,-6.773071289062502,0.36804199218750017,INVERTED,LEVEL,True,OK
1789616235.6400108,-41.113299999999995,6.32935,-25.9766,49.042306795995025,-6.773071289062502,0.362548828125,INVERTED,LEVEL,True,OK
1789616235.6799498,-41.113299999999995,6.39038,-25.8789,48.99854955653687,-6.778564453125,0.36804199218749994,INVERTED,LEVEL,True,OK
1789616235.7188134,-41.0889,6.38428,-25.8545,48.96439425315502,-6.773071289062502,0.362548828125,INVERTED,LEVEL,True,OK
1789616235.7598956,-41.113299999999995,6.408689999999999,-25.5127,48.80853005055673,-6.773071289062502,0.36804199218750017,INVERTED,LEVEL,True,OK
1789616235.799952,-41.113299999999995,6.47583,-25.805699999999998,48.97115440306568,-6.773071289062502,0.36804199218750017,INVERTED,LEVEL,True,OK
1789616235.8398476,-41.0889,6.48804,-26.0986,49.107324180936594,-6.773071289062502,0.36804199218750017,INVERTED,LEVEL,True,OK
1789616235.87989,-41.137699999999995,6.45142,-25.8545,49.01414440298229,-6.773071289062502,0.36804199218750017,INVERTED,LEVEL,True,OK
1789616235.919925,-41.1621,6.34155,-25.6104,48.89198626536357,-6.773071289062502,0.36804199218750017,INVERTED,LEVEL,True,OK
1789616235.959968,-41.113299999999995,6.38428,-25.8789,48.997754369138185,-6.773071289062502,0.36804199218750017,INVERTED,LEVEL,True,OK
1789616235.999861,-41.113299999999995,6.41479,-25.8545,48.988857282897506,-6.773071289062502,0.36804199218750017,INVERTED,LEVEL,True,OK
1789616236.0398736,-41.113299999999995,6.31714,-25.9766,49.04073248055742,-6.773071289062502,0.36804199218750017,INVERTED,LEVEL,True,OK
1789616236.0799506,-41.137699999999995,6.45142,-25.4395,48.79650952226399,-6.773071289062502,0.36804199218750017,INVERTED,LEVEL,True,OK
1789616236.119964,-41.113299999999995,6.39038,-25.781199999999995,48.947018978426044,-6.773071289062502,0.36804199218750017,INVERTED,LEVEL,True,OK
1789616236.159928,-41.113299999999995,6.53076,-25.683599999999995,48.91422668332394,-6.773071289062502,0.36804199218750017,INVERTED,LEVEL,True,OK
1789616236.199968,-41.137699999999995,6.61011,-25.6104,48.907018961107205,-6.773071289062502,0.36804199218750017,INVERTED,LEVEL,True,OK
1789616236.239866,-41.0889,6.45752,-25.927699999999998,49.0126809616695,-6.773071289062502,0.36804199218750017,INVERTED,LEVEL,True,OK
1789616236.280946,-41.0889,6.48193,-25.805699999999998,48.951478754220496,-6.7730712890625,0.3790283203125,INVERTED,LEVEL,True,OK
1789616236.3210466,-41.137699999999995,6.53076,-25.7568,48.97319607405259,-6.767578125000001,0.36254882812499983,INVERTED,LEVEL,True,OK
1789616236.3609152,-41.1621,6.75049,-25.2197,48.743418630006865,-6.773071289062502,0.36804199218750017,INVERTED,LEVEL,True,OK
1789616236.4019492,-41.137699999999995,6.58569,-25.781199999999995,48.99338677317684,-6.773071289062502,0.36804199218750017,INVERTED,LEVEL,True,OK
1789616236.4430058,-41.0889,6.39648,-26.1719,49.13431600429989,-6.773071289062502,0.36804199218750017,INVERTED,LEVEL,True,OK
1789616236.4828985,-41.113299999999995,6.420899999999999,-25.8789,49.002539310835715,-6.773071289062502,0.36804199218750017,INVERTED,LEVEL,True,OK
1789616236.522952,-41.137699999999995,6.65894,-25.4395,48.82437919178901,-6.773071289062502,0.36804199218750017,INVERTED,LEVEL,True,OK
1789616236.5633993,-41.137699999999995,6.408689999999999,-25.708,48.9314104927101,-6.773071289062502,0.36804199218750017,INVERTED,LEVEL,True,OK
1789616236.6028965,-41.113299999999995,6.43311,-26.0254,49.0816644616103,-6.773071289062502,0.36804199218750017,INVERTED,LEVEL,True,OK
1789616236.643974,-41.113299999999995,6.311039999999999,-25.8301,48.96250329365932,-6.773071289062502,0.36804199218750017,INVERTED,LEVEL,True,OK
1789616236.683905,-41.113299999999995,6.567379999999999,-25.414999999999996,48.778644322637746,-6.7730712890625,0.37353515625000006,INVERTED,LEVEL,True,OK
1789616236.7230453,-41.113299999999995,6.48193,-25.7568,48.94621129009782,-6.7730712890625,0.37353515625000006,INVERTED,LEVEL,True,OK
1789616236.763027,-41.137699999999995,6.64673,-25.6348,48.92476215601768,-6.773071289062502,0.36804199218750017,INVERTED,LEVEL,True,OK
1789616236.802949,-41.137699999999995,6.61011,-25.781199999999995,48.996675284575176,-6.773071289062502,0.36804199218750017,INVERTED,LEVEL,True,OK
1789616236.8439012,-41.113299999999995,6.44531,-25.8545,48.99286303265099,-6.773071289062502,0.36804199218750017,INVERTED,LEVEL,True,OK
1789616236.8829043,-41.113299999999995,6.45752,-25.8545,48.99447082774137,-6.773071289062502,0.36804199218750017,INVERTED,LEVEL,True,OK
1789616236.922954,-41.113299999999995,6.41479,-25.9033,49.01462963773265,-6.7730712890625,0.37353515625000006,INVERTED,LEVEL,True,OK
1789616236.9632225,-41.137699999999995,6.28662,-26.0254,49.083127421491795,-6.7730712890625,0.37353515625000006,INVERTED,LEVEL,True,OK
1789616237.003016,-41.113299999999995,6.37817,-25.8545,48.98407557246436,-6.773071289062502,0.36804199218750017,INVERTED,LEVEL,True,OK
1789616237.0429847,-41.113299999999995,6.21643,-25.9521,49.01488481313508,-6.7730712890625,0.37353515625000006,INVERTED,LEVEL,True,OK
1789616237.0839458,-41.137699999999995,6.29883,-25.8789,49.007173820461226,-6.7730712890625,0.37353515625000006,INVERTED,LEVEL,True,OK
1789616237.122939,-41.137699999999995,6.579589999999999,-25.5859,48.89007715956377,-6.7730712890625,0.37353515625000006,INVERTED,LEVEL,True,OK
1789616237.163102,-41.0889,6.304929999999999,-25.8545,48.95411132647492,-6.7730712890625,0.37353515625000006,INVERTED,LEVEL,True,OK
1789616237.2029343,-41.0889,6.155399999999999,-26.0986,49.06448383841412,-6.7730712890625,0.37353515625000006,INVERTED,LEVEL,True,OK
1789616237.2429483,-41.113299999999995,6.292719999999999,-25.8789,48.9859084543545,-6.7730712890625,0.37353515625000006,INVERTED,LEVEL,True,OK
1789616237.2830093,-41.0645,6.39038,-25.6104,48.8162135458538,-6.7730712890625,0.37353515625000006,INVERTED,LEVEL,True,OK
1789616237.3230677,-41.0645,6.11877,-26.074199999999998,49.026486843367636,-6.7730712890625,0.37353515625000006,INVERTED,LEVEL,True,OK
1789616237.3635995,-41.0889,6.21643,-26.074199999999998,49.0592051586132,-6.7730712890625,0.37353515625000006,INVERTED,LEVEL,True,OK
1789616237.4039373,-41.113299999999995,6.45752,-25.8301,48.981599274119255,-6.7730712890625,0.37353515625000006,INVERTED,LEVEL,True,OK
1789616237.443923,-41.0889,6.61621,-25.683599999999995,48.905206746665534,-6.7730712890625,0.37353515625000006,INVERTED,LEVEL,True,OK
1789616237.4839797,-41.137699999999995,6.40259,-25.8789,49.020617960283815,-6.773071289062502,0.36804199218750017,INVERTED,LEVEL,True,OK
1789616237.5240672,-41.137699999999995,6.31714,-25.8789,49.00953054539087,-6.7730712890625,0.37353515625000006,INVERTED,LEVEL,True,OK
1789616237.5638936,-41.137699999999995,6.22253,-25.9766,49.04909773330086,-6.7730712890625,0.3790283203125,INVERTED,LEVEL,True,OK
1789616237.6039355,-41.137699999999995,6.37207,-25.805699999999998,48.97803374845605,-6.773071289062502,0.36804199218750017,INVERTED,LEVEL,True,OK
1789616237.6440027,-41.113299999999995,6.2561,-25.9033,48.994113676951024,-6.7730712890625,0.3790283203125,INVERTED,LEVEL,True,OK
1789616237.6839087,-41.113299999999995,6.353759999999999,-25.8545,48.98090314885588,-6.7730712890625,0.37353515625000006,INVERTED,LEVEL,True,OK
1789616237.724962,-41.0889,6.64062,-25.683599999999995,48.90851506797564,-6.7730712890625,0.37353515625000006,INVERTED,LEVEL,True,OK
1789616237.7650568,-41.137699999999995,6.512449999999999,-25.6104,48.89391531113559,-6.7730712890625,0.3790283203125,INVERTED,LEVEL,True,OK
1789616237.8049247,-41.137699999999995,6.43921,-25.9766,49.0770571069018,-6.7730712890625,0.3790283203125,INVERTED,LEVEL,True,OK
1789616237.8449607,-41.113299999999995,6.45142,-25.781199999999995,48.955025588251914,-6.7730712890625,0.3790283203125,INVERTED,LEVEL,True,OK
