wall_time_s,x_ut,y_ut,z_ut,norm_ut,roll_deg,pitch_deg,target_face,observed_face,accepted_for_fit,fit_reason
1789620111.3871338,-18.5303,-24.7925,-32.25099999999999,44.70086213195445,-0.4229736328124999,2.1038818359375,LEVEL,LEVEL,True,OK
1789620111.4253545,-18.371599999999997,-24.9512,-32.080099999999995,44.60057044489453,-0.4229736328124999,2.1038818359375,LEVEL,LEVEL,True,OK
1789620111.4652839,-18.4692,-24.999999999999996,-32.4219,44.914262191980846,-0.4229736328124999,2.1038818359375,LEVEL,LEVEL,True,OK
1789620111.5051312,-18.6523,-24.9268,-32.6904,45.1432819552367,-0.4229736328124999,2.1038818359375,LEVEL,LEVEL,True,OK
1789620111.545155,-18.4937,-24.865699999999997,-32.2754,44.7439540199567,-0.4229736328124999,2.1038818359375,LEVEL,LEVEL,True,OK
1789620111.5862129,-18.8232,-24.7925,-31.982399999999995,44.63020080898135,-0.4229736328124999,2.1038818359375,LEVEL,LEVEL,True,OK
1789620111.6253378,-18.481399999999997,-25.0488,-32.2998,44.85846193796662,-0.4229736328124999,2.1038818359375,LEVEL,LEVEL,True,OK
1789620111.6662405,-18.5547,-25.0488,-32.9346,45.34762563453571,-0.4229736328124999,2.1038818359375,LEVEL,LEVEL,True,OK
1789620111.7061188,-18.627899999999997,-24.9146,-32.373,44.897072071238675,-0.4229736328124999,2.1038818359375,LEVEL,LEVEL,True,OK
1789620111.746241,-18.6523,-24.865699999999997,-32.3486,44.86249272766728,-0.4229736328124999,2.1038818359375,LEVEL,LEVEL,True,OK
1789620111.7862206,-18.640099999999997,-24.8169,-32.3486,44.83038897422149,-0.4229736328124999,2.1038818359375,LEVEL,LEVEL,True,OK
1789620111.826301,-18.4082,-24.987799999999996,-32.4951,44.93532574812382,-0.4229736328124999,2.1038818359375,LEVEL,LEVEL,True,OK
1789620111.8662171,-18.5303,-24.9756,-32.4463,44.94346445413393,-0.4229736328124999,2.1038818359375,LEVEL,LEVEL,True,OK
1789620111.9086945,-18.505899999999997,-24.939,-32.4219,44.89545250267559,-0.4229736328124999,2.1038818359375,LEVEL,LEVEL,True,OK
1789620111.9471722,-18.457,-25.0244,-32.4707,44.958067160966785,-0.4229736328124999,2.1038818359375,LEVEL,LEVEL,True,OK
1789620111.9872591,-18.4448,-24.9756,-32.397499999999994,44.87303476086724,-0.4229736328124999,2.1038818359375,LEVEL,LEVEL,True,OK
1789620112.0273387,-18.6035,-24.9512,-32.3486,44.889692755130326,-0.4229736328124999,2.1038818359375,LEVEL,LEVEL,True,OK
1789620112.067188,-18.5303,-25.0732,-32.4463,44.997775056329175,-0.4229736328124999,2.1038818359375,LEVEL,LEVEL,True,OK
1789620112.1072347,-18.5303,-24.987799999999996,-32.4463,44.95024527875237,-0.4229736328124999,2.1038818359375,LEVEL,LEVEL,True,OK
1789620112.1472158,-18.5669,-25.0244,-32.4707,45.00329687322919,-0.4229736328124999,2.1038818359375,LEVEL,LEVEL,True,OK
1789620112.1871922,-18.774399999999996,-24.939,-32.5195,45.07715271187833,-0.4229736328124999,2.1038818359375,LEVEL,LEVEL,True,OK
1789620112.2273908,-18.6523,-24.999999999999996,-32.5195,45.060250504629906,-0.4229736328124999,2.1038818359375,LEVEL,LEVEL,True,OK
1789620112.2671962,-18.2617,-25.0977,-32.4951,44.93679735127994,-0.4229736328124999,2.1038818359375,LEVEL,LEVEL,True,OK
1789620112.3071823,-18.6035,-24.939,-32.4219,44.93577119467296,-0.4229736328124999,2.1038818359375,LEVEL,LEVEL,True,OK
1789620112.347171,-18.908699999999996,-24.939,-32.6172,45.20369888106503,-0.4229736328124999,2.1038818359375,LEVEL,LEVEL,True,OK
1789620112.3872569,-18.6035,-24.8901,-32.2754,44.802999178849625,-0.4229736328124999,2.1038818359375,LEVEL,LEVEL,True,OK
1789620112.4282632,-18.1885,-25.0732,-32.1533,44.64663023543883,-0.4229736328124999,2.1038818359375,LEVEL,LEVEL,True,OK
1789620112.4672248,-18.4937,-24.9512,-32.4463,44.91482722687465,-0.4229736328124999,2.1038818359375,LEVEL,LEVEL,True,OK
1789620112.5071917,-18.6768,-24.9146,-32.8369,45.252869003080896,-0.4229736328124999,2.1038818359375,LEVEL,LEVEL,True,OK
1789620112.547187,-18.457,-25.0244,-32.4463,44.94044757287137,-0.4229736328124999,2.1038818359375,LEVEL,LEVEL,True,OK
1789620112.5872881,-18.396,-24.9634,-32.22659999999999,44.72290132717241,-0.4229736328124999,2.1038818359375,LEVEL,LEVEL,True,OK
1789620112.628198,-18.5425,-24.999999999999996,-32.4463,44.96205833744714,-0.4229736328124999,2.1038818359375,LEVEL,LEVEL,True,OK
1789620112.6683526,-18.5669,-25.0244,-32.9346,45.3391469717947,-0.4229736328124999,2.1038818359375,LEVEL,LEVEL,True,OK
1789620112.7081938,-18.6035,-24.987799999999996,-32.4219,44.96287313662239,-0.4229736328124999,2.1038818359375,LEVEL,LEVEL,True,OK
1789620112.7481363,-18.640099999999997,-24.8169,-32.2998,44.79518873338966,-0.4229736328124999,2.1038818359375,LEVEL,LEVEL,True,OK
1789620112.788301,-18.6523,-24.743699999999997,-32.080099999999995,44.60147756509866,-0.4229736328124999,2.1038818359375,LEVEL,LEVEL,True,OK
1789620112.8281627,-18.6035,-24.9023,-32.4463,44.93302951315435,-0.4229736328124999,2.1038818359375,LEVEL,LEVEL,True,OK
1789620112.8681922,-18.5669,-24.939,-32.4463,44.93824518492016,-0.4229736328124999,2.1038818359375,LEVEL,LEVEL,True,OK
1789620112.9081287,-18.5425,-24.9268,-32.4219,44.90377783772764,-0.4229736328124999,2.1038818359375,LEVEL,LEVEL,True,OK
1789620112.948211,-18.481399999999997,-24.8291,-32.25099999999999,44.7009323590683,-0.4229736328124999,2.1038818359375,LEVEL,LEVEL,True,OK
1789620112.9882674,-18.5913,-24.719199999999997,-32.104499999999994,44.57997537661949,-0.4229736328124999,2.1038818359375,LEVEL,LEVEL,True,OK
1789620113.0282037,-18.4937,-24.939,-32.3486,44.83751311848149,-0.4229736328124999,2.1038818359375,LEVEL,LEVEL,True,OK
1789620113.068213,-18.505899999999997,-24.999999999999996,-32.4219,44.92936605851455,-0.4229736328124999,2.1038818359375,LEVEL,LEVEL,True,OK
1789620113.108158,-18.2129,-25.0488,-32.7637,45.084500058667615,-0.4229736328124999,2.1038818359375,LEVEL,LEVEL,True,OK
1789620113.1481884,-18.5547,-24.8413,-32.2754,44.7556535304759,-0.4229736328124999,2.1038818359375,LEVEL,LEVEL,True,OK
1789620113.1882422,-18.7866,-24.8047,-32.2754,44.83203014374879,-0.4229736328124999,2.1038818359375,LEVEL,LEVEL,True,OK
1789620113.229513,-18.6646,-24.939,-32.4463,44.978699379261734,-0.4229736328124999,2.1038818359375,LEVEL,LEVEL,True,OK
1789620113.268217,-18.2617,-25.0244,-32.4951,44.89589965976849,-0.41748046874999994,2.1038818359375,LEVEL,LEVEL,True,OK
1789620113.3094296,-18.6035,-24.9634,-32.4463,44.96692045826576,-0.41748046874999994,2.1038818359375,LEVEL,LEVEL,True,OK
1789620113.3504968,-18.908699999999996,-24.755899999999997,-32.22659999999999,44.82128141920977,-0.41748046874999994,2.1038818359375,LEVEL,LEVEL,True,OK
1789620113.3902419,-18.5547,-24.755899999999997,-32.2998,44.72592712219613,-0.41748046874999994,2.1038818359375,LEVEL,LEVEL,True,OK
1789620113.431291,-18.2007,-24.9146,-32.080099999999995,44.50994933337938,-0.41748046874999994,2.1038818359375,LEVEL,LEVEL,True,OK
1789620113.4703581,-18.457,-24.9634,-32.4707,44.924142140390394,-0.41748046874999994,2.1038818359375,LEVEL,LEVEL,True,OK
1789620113.5103264,-18.6768,-24.8901,-32.7881,45.20397590765662,-0.41748046874999994,2.1038818359375,LEVEL,LEVEL,True,OK
1789620113.550202,-18.6035,-24.987799999999996,-32.3486,44.910046571452135,-0.41748046874999994,2.1038818359375,LEVEL,LEVEL,True,OK
1789620113.5902238,-18.1519,-25.0977,-32.3486,44.78635887030782,-0.41748046874999994,2.1038818359375,LEVEL,LEVEL,True,OK
1789620113.6312957,-18.5547,-25.0244,-32.4707,44.99826492143892,-0.41748046874999994,2.1038818359375,LEVEL,LEVEL,True,OK
1789620113.6713095,-18.5913,-25.0244,-32.4951,45.03097328572857,-0.4229736328124999,2.1038818359375,LEVEL,LEVEL,True,OK
1789620113.7112465,-18.6157,-24.999999999999996,-32.4707,45.00989496744021,-0.4229736328124999,2.1038818359375,LEVEL,LEVEL,True,OK
1789620113.7513173,-18.5913,-25.0488,-32.3242,44.921406064035885,-0.4229736328124999,2.1038818359375,LEVEL,LEVEL,True,OK
1789620113.7914271,-18.6523,-24.987799999999996,-32.4951,45.03587423532488,-0.4229736328124999,2.1038818359375,LEVEL,LEVEL,True,OK
1789620113.8312705,-18.6035,-24.999999999999996,-32.5195,45.04007207476471,-0.4229736328124999,2.1038818359375,LEVEL,LEVEL,True,OK
1789620113.8713021,-18.5791,-24.9756,-32.4707,44.981217309672715,-0.4229736328124999,2.1038818359375,LEVEL,LEVEL,True,OK
1789620113.9113224,-18.5425,-24.9512,-32.4463,44.9349426546869,-0.4229736328124999,2.1038818359375,LEVEL,LEVEL,True,OK
1789620113.9512868,-18.5791,-24.999999999999996,-32.6904,45.153573601321966,-0.4229736328124999,2.1038818359375,LEVEL,LEVEL,True,OK
1789620113.9912243,-18.4937,-24.9268,-32.4707,44.918912012870486,-0.4229736328124999,2.1038818359375,LEVEL,LEVEL,True,OK
1789620114.0312326,-18.457,-25.0732,-32.4951,45.00286358944284,-0.4229736328124999,2.1038818359375,LEVEL,LEVEL,True,OK
1789620114.0713,-18.505899999999997,-25.0732,-32.4463,44.98773251387538,-0.4229736328124999,2.1038818359375,LEVEL,LEVEL,True,OK
1789620114.1113276,-18.225099999999998,-25.0732,-32.8125,45.13845128601556,-0.4229736328124999,2.1038818359375,LEVEL,LEVEL,True,OK
1789620114.1514966,-18.689,-24.9756,-32.4707,45.026721786623554,-0.4229736328124999,2.1038818359375,LEVEL,LEVEL,True,OK
1789620114.1912432,-18.6035,-25.0244,-32.0557,44.72000346712867,-0.4229736328124999,2.1038818359375,LEVEL,LEVEL,True,OK
1789620114.2312417,-18.6157,-24.999999999999996,-32.5195,45.045112573285905,-0.4229736328124999,2.1038818359375,LEVEL,LEVEL,True,OK
1789620114.2713244,-18.2983,-25.0977,-32.5439,44.98697317435349,-0.4229736328124999,2.1038818359375,LEVEL,LEVEL,True,OK
1789620114.3112643,-18.640099999999997,-24.939,-32.4463,44.96853825398375,-0.4229736328124999,2.1038818359375,LEVEL,LEVEL,True,OK
1789620114.3513181,-18.9331,-24.755899999999997,-32.2021,44.81397220544057,-0.4229736328124999,2.1038818359375,LEVEL,LEVEL,True,OK
1789620114.3912437,-18.6035,-24.719199999999997,-32.2754,44.708282298138,-0.4229736328124999,2.1038818359375,LEVEL,LEVEL,True,OK
1789620114.432314,-18.225099999999998,-24.9023,-32.5439,44.84845864140706,-0.4229736328124999,2.1038818359375,LEVEL,LEVEL,True,OK
1789620114.4723592,-18.505899999999997,-24.9146,-32.4219,44.881903118963216,-0.4229736328124999,2.1038818359375,LEVEL,LEVEL,True,OK
1789620114.5123088,-18.7134,-24.8413,-32.7148,45.13911457140026,-0.4229736328124999,2.1038818359375,LEVEL,LEVEL,True,OK
1789620114.5523005,-18.5913,-24.8413,-32.2021,44.71802618396747,-0.4229736328124999,2.1038818359375,LEVEL,LEVEL,True,OK
1789620114.5922463,-18.1641,-24.853499999999997,-32.1777,44.531285276196556,-0.4229736328124999,2.1038818359375,LEVEL,LEVEL,True,OK
1789620114.632308,-18.5425,-24.7925,-32.2998,44.74113814533555,-0.4229736328124999,2.1038818359375,LEVEL,LEVEL,True,OK
1789620114.6722667,-18.5791,-24.939,-32.4463,44.94328716838589,-0.4229736328124999,2.1038818359375,LEVEL,LEVEL,True,OK
1789620114.7123258,-18.7378,-24.9146,-32.4707,45.01320695629228,-0.4229736328124999,2.1038818359375,LEVEL,LEVEL,True,OK
1789620114.752288,-18.6157,-24.8901,-32.3486,44.86082128606207,-0.4229736328124999,2.1038818359375,LEVEL,LEVEL,True,OK
1789620114.7926536,-18.6523,-24.7803,-32.2998,44.78000271795436,-0.4229736328124999,2.1038818359375,LEVEL,LEVEL,True,OK
1789620114.8325288,-18.6523,-24.8047,-32.3486,44.82871132812095,-0.4229736328124999,2.1038818359375,LEVEL,LEVEL,True,OK
1789620114.8722873,-18.6157,-24.9512,-32.4463,44.96519822729574,-0.4229736328124999,2.1038818359375,LEVEL,LEVEL,True,OK
1789620114.9123166,-18.6523,-24.9146,-32.6172,45.08355935693188,-0.4229736328124999,2.1038818359375,LEVEL,LEVEL,True,OK
1789620114.953301,-18.5303,-24.8413,-32.373,44.815994162575485,-0.4229736328124999,2.1038818359375,LEVEL,LEVEL,True,OK
1789620114.9932826,-18.518099999999997,-24.755899999999997,-32.2754,44.693132107517364,-0.4229736328124999,2.1038818359375,LEVEL,LEVEL,True,OK
1789620115.0333998,-18.249499999999998,-24.939,-31.957999999999995,44.45572781149803,-0.4229736328124999,2.1038818359375,LEVEL,LEVEL,True,OK
1789620115.0732868,-18.457,-25.146499999999996,-32.4951,45.04374357510707,-0.4229736328124999,2.1038818359375,LEVEL,LEVEL,True,OK
1789620115.114348,-18.4326,-25.0488,-32.7148,45.138246124988065,-0.4229736328124999,2.1038818359375,LEVEL,LEVEL,True,OK
1789620115.1534033,-18.505899999999997,-25.0732,-32.5195,45.040554762347234,-0.4229736328124999,2.1038818359375,LEVEL,LEVEL,True,OK
1789620115.193312,-18.457,-25.0977,-32.0312,44.6828061756421,-0.4229736328124999,2.1038818359375,LEVEL,LEVEL,True,OK
1789620115.233327,-18.5913,-24.999999999999996,-32.4707,44.99980882381613,-0.4229736328124999,2.1038818359375,LEVEL,LEVEL,True,OK
1789620115.2732618,-18.5547,-25.0732,-32.88569999999999,45.325616540980434,-0.4229736328124999,2.1038818359375,LEVEL,LEVEL,True,OK
1789620115.3132794,-18.762199999999996,-24.939,-32.5439,45.089680604878986,-0.4229736328124999,2.1038818359375,LEVEL,LEVEL,True,OK
1789620115.3533378,-18.4448,-25.0732,-32.1289,44.734128140492466,-0.4229736328124999,2.1038818359375,LEVEL,LEVEL,True,OK
1789620115.3932462,-18.627899999999997,-24.9756,-32.4951,45.01900462893421,-0.4229736328124999,2.1038818359375,LEVEL,LEVEL,True,OK
1789620115.4332993,-18.2617,-25.0488,-32.8613,45.17518241269204,-0.4229736328124999,2.1038818359375,LEVEL,LEVEL,True,OK
1789620115.47329,-18.5425,-24.9634,-32.4219,44.924105393652525,-0.4229736328124999,2.1038818359375,LEVEL,LEVEL,True,OK
1789620115.5133424,-18.5913,-24.9023,-32.25099999999999,44.787140810504965,-0.4229736328124999,2.1038818359375,LEVEL,LEVEL,True,OK
1789620115.5539527,-18.457,-25.0244,-32.4707,44.958067160966785,-0.4229736328124999,2.1038818359375,LEVEL,LEVEL,True,OK
1789620115.5934641,-18.457,-24.9512,-32.4463,44.89972844160641,-0.4229736328124999,2.1038818359375,LEVEL,LEVEL,True,OK
1789620115.6333249,-18.481399999999997,-24.9756,-32.4219,44.90570499312977,-0.4229736328124999,2.1038818359375,LEVEL,LEVEL,True,OK
1789620115.6732988,-18.505899999999997,-24.987799999999996,-32.4463,44.94019211507668,-0.4229736328124999,2.1038818359375,LEVEL,LEVEL,True,OK
1789620115.7132955,-18.7012,-24.9023,-32.4463,44.97356790849487,-0.4229736328124999,2.1038818359375,LEVEL,LEVEL,True,OK
1789620115.7552617,-18.5547,-25.0488,-32.5195,45.04705488464257,-0.4229736328124999,2.1038818359375,LEVEL,LEVEL,True,OK
1789620115.7947338,-18.6523,-24.987799999999996,-32.4951,45.03587423532488,-0.4229736328124999,2.1038818359375,LEVEL,LEVEL,True,OK
1789620115.8343124,-18.6523,-24.987799999999996,-32.5439,45.0710979602228,-0.4229736328124999,2.1038818359375,LEVEL,LEVEL,True,OK
1789620115.8742533,-18.237299999999998,-25.0732,-32.4707,44.895554657671845,-0.4229736328124999,2.1038818359375,LEVEL,LEVEL,True,OK
1789620115.9145951,-18.7012,-24.9268,-32.6172,45.11055281771661,-0.4229736328124999,2.1038818359375,LEVEL,LEVEL,True,OK
1789620115.954263,-18.5669,-24.9023,-32.4707,44.93551690355859,-0.4229736328125001,2.109375,LEVEL,LEVEL,True,OK
1789620115.995196,-18.5547,-24.7681,-32.2754,44.71506585995373,-0.4229736328125001,2.109375,LEVEL,LEVEL,True,OK
1789620116.035235,-18.2129,-24.8901,-31.957999999999995,44.41329269959614,-0.4229736328125001,2.109375,LEVEL,LEVEL,True,OK
1789620116.0751588,-18.4692,-24.999999999999996,-32.5684,45.020129133533146,-0.4229736328125001,2.109375,LEVEL,LEVEL,True,OK
1789620116.1152108,-18.7988,-24.8901,-32.4951,45.04268512711026,-0.4229736328124999,2.1038818359375,LEVEL,LEVEL,True,OK
1789620116.155271,-18.505899999999997,-24.939,-32.4463,44.913076486698166,-0.4229736328124999,2.1038818359375,LEVEL,LEVEL,True,OK
1789620116.196234,-18.505899999999997,-24.8901,-31.8359,44.446709007866936,-0.4229736328124999,2.1038818359375,LEVEL,LEVEL,True,OK
1789620116.2393982,-18.6157,-24.8291,-32.2998,44.79180252389939,-0.4229736328124999,2.1038818359375,LEVEL,LEVEL,True,OK
1789620116.2761884,-18.7378,-24.9268,-32.8125,45.26710354473765,-0.4229736328124999,2.1038818359375,LEVEL,LEVEL,True,OK
1789620116.31629,-18.627899999999997,-24.987799999999996,-32.4707,45.00816776697314,-0.4229736328124999,2.1038818359375,LEVEL,LEVEL,True,OK
1789620116.3561842,-18.457,-24.999999999999996,-32.0312,44.628002671416965,-0.4229736328124999,2.1038818359375,LEVEL,LEVEL,True,OK
1789620116.396331,-18.640099999999997,-24.755899999999997,-32.2998,44.76142304328583,-0.4229736328124999,2.1038818359375,LEVEL,LEVEL,True,OK
1789620116.4392877,-18.3228,-24.8413,-32.5928,44.88992979912087,-0.4229736328124999,2.1038818359375,LEVEL,LEVEL,True,OK
1789620116.4761908,-18.6035,-24.8169,-32.5439,44.95635844983444,-0.4229736328124999,2.1038818359375,LEVEL,LEVEL,True,OK
1789620116.5162306,-18.5669,-24.8901,-31.957999999999995,44.55962990892092,-0.4229736328124999,2.1038818359375,LEVEL,LEVEL,True,OK
1789620116.556211,-18.481399999999997,-24.9512,-32.4463,44.9097640952388,-0.4229736328124999,2.1038818359375,LEVEL,LEVEL,True,OK
1789620116.5962098,-18.481399999999997,-24.7681,-32.25099999999999,44.66707875572343,-0.4229736328124999,2.1038818359375,LEVEL,LEVEL,True,OK
1789620116.6384575,-18.5303,-24.8047,-32.25099999999999,44.70762978709562,-0.4229736328124999,2.1038818359375,LEVEL,LEVEL,True,OK
1789620116.6772203,-18.7134,-24.853499999999997,-32.3486,44.88117337782068,-0.4229736328124999,2.1038818359375,LEVEL,LEVEL,True,OK
1789620116.7172341,-18.5425,-24.987799999999996,-32.4463,44.95527598380417,-0.4229736328124999,2.1038818359375,LEVEL,LEVEL,True,OK
1789620116.7572355,-18.5913,-24.999999999999996,-32.5195,45.03503431707363,-0.4229736328124999,2.1038818359375,LEVEL,LEVEL,True,OK
1789620116.7993975,-18.640099999999997,-24.9512,-32.4951,45.01052358571271,-0.4229736328124999,2.1038818359375,LEVEL,LEVEL,True,OK
1789620116.840287,-18.6646,-24.987799999999996,-32.5439,45.076189603936136,-0.4229736328124999,2.1038818359375,LEVEL,LEVEL,True,OK
1789620116.877295,-18.457,-24.987799999999996,-32.5684,45.00835118508564,-0.4229736328124999,2.1038818359375,LEVEL,LEVEL,True,OK
1789620116.917209,-18.5791,-24.9512,-32.4707,44.96767390848675,-0.4229736328124999,2.1038818359375,LEVEL,LEVEL,True,OK
1789620116.9572265,-18.5425,-24.9756,-32.5195,45.00136422220998,-0.4229736328124999,2.1038818359375,LEVEL,LEVEL,True,OK
1789620116.9971504,-18.518099999999997,-24.865699999999997,-32.4463,44.877449212159995,-0.4229736328124999,2.1038818359375,LEVEL,LEVEL,True,OK
1789620117.0372505,-18.1885,-25.0244,-32.1777,44.63682901931991,-0.4229736328124999,2.1038818359375,LEVEL,LEVEL,True,OK
1789620117.0773256,-18.481399999999997,-25.0244,-32.6416,45.09164880418545,-0.4229736328124999,2.1038818359375,LEVEL,LEVEL,True,OK
1789620117.118232,-18.7988,-24.8901,-32.4219,44.989905079473104,-0.4229736328124999,2.1038818359375,LEVEL,LEVEL,True,OK
1789620117.1582952,-18.4692,-25.0244,-32.4951,44.98070106178871,-0.4229736328124999,2.1038818359375,LEVEL,LEVEL,True,OK
1789620117.1982033,-18.4326,-25.0732,-32.0068,44.641475639140786,-0.4229736328124999,2.1038818359375,LEVEL,LEVEL,True,OK
1789620117.2387567,-18.505899999999997,-25.0488,-32.6416,45.11523874269092,-0.4229736328124999,2.1038818359375,LEVEL,LEVEL,True,OK
1789620117.2782648,-18.896499999999996,-24.9023,-32.7393,45.26658836305206,-0.4229736328124999,2.1038818359375,LEVEL,LEVEL,True,OK
1789620117.3182456,-18.5913,-24.9756,-32.4951,45.003872667360525,-0.4229736328124999,2.1038818359375,LEVEL,LEVEL,True,OK
1789620117.3582137,-18.4082,-25.0244,-32.1533,44.70925098332559,-0.4229736328124999,2.1038818359375,LEVEL,LEVEL,True,OK
1789620117.398213,-18.627899999999997,-24.939,-32.4707,44.98109311588592,-0.4229736328124999,2.1038818359375,LEVEL,LEVEL,True,OK
1789620117.4383469,-18.7012,-24.9512,-32.666,45.159327041930105,-0.4229736328124999,2.1038818359375,LEVEL,LEVEL,True,OK
1789620117.4782577,-18.518099999999997,-24.9512,-32.4463,44.924879440461496,-0.4229736328124999,2.1038818359375,LEVEL,LEVEL,True,OK
1789620117.5182517,-18.518099999999997,-24.9146,-31.982399999999995,44.57051974713779,-0.4229736328124999,2.1038818359375,LEVEL,LEVEL,True,OK
1789620117.5582907,-18.4692,-24.999999999999996,-32.4707,44.94950174506943,-0.4229736328124999,2.1038818359375,LEVEL,LEVEL,True,OK
1789620117.5982068,-18.4937,-24.755899999999997,-32.25099999999999,44.66540636219489,-0.4229736328124999,2.1038818359375,LEVEL,LEVEL,True,OK
1789620117.638418,-18.481399999999997,-24.865699999999997,-32.4463,44.86231788639548,-0.4229736328124999,2.1038818359375,LEVEL,LEVEL,True,OK
1789620117.6785502,-18.481399999999997,-24.9268,-32.3486,44.825655892133916,-0.4229736328124999,2.1038818359375,LEVEL,LEVEL,True,OK
1789620117.7182033,-18.5303,-24.987799999999996,-32.4707,44.96786102784965,-0.4229736328124999,2.1038818359375,LEVEL,LEVEL,True,OK
1789620117.758279,-18.5669,-25.0488,-32.4951,45.034472141460704,-0.4229736328124999,2.1038818359375,LEVEL,LEVEL,True,OK
1789620117.8000321,-18.640099999999997,-24.853499999999997,-32.3486,44.850660109077545,-0.4229736328124999,2.1038818359375,LEVEL,LEVEL,True,OK
1789620117.83926,-18.5425,-24.853499999999997,-32.4463,44.88076594923486,-0.4229736328124999,2.1038818359375,LEVEL,LEVEL,True,OK
1789620117.87929,-18.640099999999997,-24.8413,-32.3486,44.84390076320302,-0.4229736328124999,2.1038818359375,LEVEL,LEVEL,True,OK
1789620117.9193664,-18.6157,-24.9512,-32.4951,45.000424352888054,-0.4229736328124999,2.1038818359375,LEVEL,LEVEL,True,OK
1789620117.9592822,-18.8477,-24.9023,-32.1533,44.82404534923192,-0.4229736328124999,2.1038818359375,LEVEL,LEVEL,True,OK
1789620117.9991918,-18.5791,-24.8291,-32.3242,44.794207987863786,-0.4229736328124999,2.1038818359375,LEVEL,LEVEL,True,OK
1789620118.0392692,-18.3472,-24.865699999999997,-32.2754,44.683601348705096,-0.4229736328124999,2.1038818359375,LEVEL,LEVEL,True,OK
1789620118.0792131,-18.4692,-24.9146,-32.3242,44.79623363007207,-0.4229736328124999,2.1038818359375,LEVEL,LEVEL,True,OK
1789620118.1193295,-18.811,-24.8901,-32.3486,44.94221535449716,-0.4229736328124999,2.1038818359375,LEVEL,LEVEL,True,OK
1789620118.1592207,-18.4448,-24.999999999999996,-32.4463,44.9218547115989,-0.4229736328124999,2.1038818359375,LEVEL,LEVEL,True,OK
1789620118.1991887,-18.1396,-25.0244,-32.25099999999999,44.66981849660909,-0.4229736328124999,2.1038818359375,LEVEL,LEVEL,True,OK
1789620118.2394097,-18.481399999999997,-24.865699999999997,-32.4463,44.86231788639548,-0.4229736328124999,2.1038818359375,LEVEL,LEVEL,True,OK
1789620118.2793422,-18.896499999999996,-24.755899999999997,-32.080099999999995,44.71090597460534,-0.4229736328124999,2.1038818359375,LEVEL,LEVEL,True,OK
1789620118.3193767,-18.5791,-24.9512,-32.4951,44.985296067270696,-0.4229736328124999,2.1038818359375,LEVEL,LEVEL,True,OK
1789620118.359195,-18.3472,-25.0977,-32.1533,44.72526125155671,-0.4229736328124999,2.1038818359375,LEVEL,LEVEL,True,OK
1789620118.3992925,-18.5303,-24.9512,-32.5684,45.01816386848757,-0.4229736328124999,2.1038818359375,LEVEL,LEVEL,True,OK
1789620118.4402556,-18.9697,-24.853499999999997,-32.5439,45.12927439644914,-0.4229736328124999,2.1038818359375,LEVEL,LEVEL,True,OK
1789620118.4802792,-18.5669,-24.9268,-32.4463,44.93147579971083,-0.4229736328124999,2.1038818359375,LEVEL,LEVEL,True,OK
1789620118.520267,-18.5425,-24.9268,-32.4463,44.92139855547688,-0.4229736328124999,2.1038818359375,LEVEL,LEVEL,True,OK
1789620118.5603075,-18.5303,-24.9512,-32.4707,44.94753339194488,-0.4229736328124999,2.1038818359375,LEVEL,LEVEL,True,OK
1789620118.600334,-18.5425,-24.8901,-32.6416,45.04237376981813,-0.4229736328124999,2.1038818359375,LEVEL,LEVEL,True,OK
1789620118.6403024,-18.4448,-24.9634,-32.4219,44.8838677723968,-0.4229736328124999,2.1038818359375,LEVEL,LEVEL,True,OK
1789620118.6802955,-18.4448,-24.9512,-32.397499999999994,44.8594586985844,-0.4229736328124999,2.1038818359375,LEVEL,LEVEL,True,OK
1789620118.720306,-18.481399999999997,-24.939,-32.4463,44.90298710163946,-0.4229736328124999,2.1038818359375,LEVEL,LEVEL,True,OK
1789620118.7602632,-18.4937,-24.999999999999996,-32.4707,44.9595740435783,-0.4229736328124999,2.1038818359375,LEVEL,LEVEL,True,OK
1789620118.800519,-18.4448,-24.987799999999996,-32.25099999999999,44.7741867249423,-0.4229736328124999,2.1038818359375,LEVEL,LEVEL,True,OK
1789620118.8403113,-18.5791,-25.0244,-32.4707,45.00833156938835,-0.4229736328124999,2.1038818359375,LEVEL,LEVEL,True,OK
1789620118.8802788,-18.8721,-24.8901,-32.7637,45.267353292521975,-0.4229736328124999,2.1038818359375,LEVEL,LEVEL,True,OK
1789620118.9202807,-18.6035,-24.9512,-32.5195,45.01300338724356,-0.4229736328124999,2.1038818359375,LEVEL,LEVEL,True,OK
1789620118.960349,-18.8232,-24.9268,-32.104499999999994,44.792378109785595,-0.4229736328124999,2.1038818359375,LEVEL,LEVEL,True,OK
1789620119.0002978,-18.4448,-24.9634,-32.5195,44.95441988114183,-0.4229736328124999,2.1038818359375,LEVEL,LEVEL,True,OK
1789620119.0413637,-18.5913,-25.0244,-32.959,45.36686799912465,-0.4229736328124999,2.1038818359375,LEVEL,LEVEL,True,OK
1789620119.0813298,-18.505899999999997,-24.9756,-32.4463,44.93340977335239,-0.4229736328124999,2.1038818359375,LEVEL,LEVEL,True,OK
1789620119.1214426,-18.5303,-24.939,-31.982399999999995,44.589232431720546,-0.4229736328124999,2.1038818359375,LEVEL,LEVEL,True,OK
1789620119.1612911,-18.4692,-24.9756,-32.4707,44.93593553593827,-0.4229736328124999,2.1038818359375,LEVEL,LEVEL,True,OK
1789620119.20132,-18.1885,-24.9756,-32.5195,44.85666068556597,-0.4229736328124999,2.1038818359375,LEVEL,LEVEL,True,OK
1789620119.24151,-18.481399999999997,-24.8169,-32.2021,44.658883953587555,-0.4229736328124999,2.1038818359375,LEVEL,LEVEL,True,OK
1789620119.28132,-18.811,-24.6948,-31.884799999999995,44.500868969942594,-0.4229736328124999,2.1038818359375,LEVEL,LEVEL,True,OK
1789620119.321383,-18.5303,-24.987799999999996,-32.4951,44.98548311333335,-0.4229736328124999,2.1038818359375,LEVEL,LEVEL,True,OK
1789620119.3613088,-18.5791,-25.0244,-32.4951,45.02593781566354,-0.4229736328124999,2.1038818359375,LEVEL,LEVEL,True,OK
1789620119.4013507,-18.518099999999997,-24.9023,-32.4951,44.93301789230276,-0.4229736328124999,2.1038818359375,LEVEL,LEVEL,True,OK
1789620119.4413416,-18.6523,-24.7925,-32.2998,44.78675509098644,-0.4229736328124999,2.1038818359375,LEVEL,LEVEL,True,OK
1789620119.4813263,-18.640099999999997,-24.7803,-32.2754,44.75732388403042,-0.4229736328124999,2.1038818359375,LEVEL,LEVEL,True,OK
1789620119.5213513,-18.5913,-24.9512,-32.5195,45.0079625997445,-0.4229736328124999,2.1038818359375,LEVEL,LEVEL,True,OK
1789620119.5613053,-18.5791,-24.9756,-32.4951,44.99883416467586,-0.4229736328124999,2.1038818359375,LEVEL,LEVEL,True,OK
1789620119.601283,-18.383799999999997,-24.865699999999997,-32.397499999999994,44.78688586160015,-0.4229736328124999,2.1038818359375,LEVEL,LEVEL,True,OK
1789620119.6416187,-18.505899999999997,-24.8291,-32.25099999999999,44.71106733930649,-0.4229736328124999,2.1038818359375,LEVEL,LEVEL,True,OK
1789620119.6823032,-18.4448,-24.8047,-32.25099999999999,44.67225973834321,-0.4229736328124999,2.1038818359375,LEVEL,LEVEL,True,OK
1789620119.722216,-18.8232,-24.8413,-32.397499999999994,44.9555452661849,-0.4229736328124999,2.1038818359375,LEVEL,LEVEL,True,OK
1789620119.7623158,-18.4937,-24.999999999999996,-32.4707,44.9595740435783,-0.41748046874999994,2.1038818359375,LEVEL,LEVEL,True,OK
1789620119.802302,-18.371599999999997,-24.9512,-32.2021,44.68840243743336,-0.41748046874999994,2.1038818359375,LEVEL,LEVEL,True,OK
1789620119.8422945,-18.5425,-24.8413,-32.25099999999999,44.73300227952512,-0.41748046874999994,2.1038818359375,LEVEL,LEVEL,True,OK
1789620119.8823378,-18.908699999999996,-24.731399999999997,-32.4951,45.00125115660674,-0.41748046874999994,2.1038818359375,LEVEL,LEVEL,True,OK
1789620119.9223385,-18.6157,-24.9268,-32.4951,44.986899968101824,-0.4229736328124999,2.1038818359375,LEVEL,LEVEL,True,OK
1789620119.962339,-18.3105,-25.0488,-32.3486,44.82352857205689,-0.4229736328124999,2.1038818359375,LEVEL,LEVEL,True,OK
1789620120.0032563,-18.640099999999997,-24.939,-32.4707,44.986146839888384,-0.4229736328124999,2.1038818359375,LEVEL,LEVEL,True,OK
1789620120.0467308,-18.7012,-25.0488,-32.959,45.425465808068495,-0.4229736328124999,2.1038818359375,LEVEL,LEVEL,True,OK
1789620120.0832398,-18.5425,-25.0244,-32.4951,45.01084786604225,-0.4229736328124999,2.1038818359375,LEVEL,LEVEL,True,OK
1789620120.1223907,-18.505899999999997,-25.0244,-32.0312,44.661915583749874,-0.4229736328124999,2.1038818359375,LEVEL,LEVEL,True,OK
1789620120.162371,-18.4937,-25.0244,-32.4951,44.990766375557556,-0.41748046874999994,2.1038818359375,LEVEL,LEVEL,True,OK
1789620120.2022817,-18.481399999999997,-25.0244,-32.6904,45.12698741861681,-0.41748046874999994,2.1038818359375,LEVEL,LEVEL,True,OK
1789620120.2422194,-18.4326,-25.0244,-32.4707,44.94805553758694,-0.41748046874999994,2.1038818359375,LEVEL,LEVEL,True,OK
1789620120.282292,-18.689,-24.9023,-32.0557,44.687483356975925,-0.41748046874999994,2.1038818359375,LEVEL,LEVEL,True,OK
1789620120.3225148,-18.505899999999997,-24.987799999999996,-32.4463,44.94019211507668,-0.41748046874999994,2.1038818359375,LEVEL,LEVEL,True,OK
1789620120.3623004,-18.457,-24.999999999999996,-32.6416,45.068114000477095,-0.4229736328124999,2.1038818359375,LEVEL,LEVEL,True,OK
1789620120.4023066,-18.5547,-24.9268,-32.397499999999994,44.89120466839801,-0.4229736328124999,2.1038818359375,LEVEL,LEVEL,True,OK
1789620120.4423463,-18.6157,-24.9634,-32.4463,44.9719691556863,-0.4229736328124999,2.1038818359375,LEVEL,LEVEL,True,OK
1789620120.482185,-18.6035,-24.939,-32.4707,44.97099389317519,-0.4229736328124999,2.1038818359375,LEVEL,LEVEL,True,OK
1789620120.5221727,-18.627899999999997,-24.939,-32.5195,45.01633325427561,-0.4229736328124999,2.1038818359375,LEVEL,LEVEL,True,OK
1789620120.562029,-18.627899999999997,-24.939,-32.25099999999999,44.82275516308652,-0.4229736328124999,2.1038818359375,LEVEL,LEVEL,True,OK
1789620120.6031196,-18.5791,-24.9023,-32.4463,44.92293273807934,-0.4229736328124999,2.1038818359375,LEVEL,LEVEL,True,OK
1789620120.6424692,-18.505899999999997,-24.9756,-32.4707,44.951032120074835,-0.4229736328124999,2.1038818359375,LEVEL,LEVEL,True,OK
1789620120.6838925,-18.481399999999997,-24.939,-32.397499999999994,44.86773755394849,-0.4229736328124999,2.1038818359375,LEVEL,LEVEL,True,OK
1789620120.7231817,-18.8232,-24.8169,-32.2754,44.85412833853758,-0.4229736328124999,2.1038818359375,LEVEL,LEVEL,True,OK
1789620120.7631917,-18.335,-25.0244,-32.3486,44.81991457287709,-0.4229736328124999,2.1038818359375,LEVEL,LEVEL,True,OK
1789620120.8021905,-18.249499999999998,-24.999999999999996,-32.7393,45.054478298388936,-0.41748046874999994,2.1038818359375,LEVEL,LEVEL,True,OK
1789620120.8430898,-18.505899999999997,-24.8169,-32.25099999999999,44.70429354569871,-0.41748046874999994,2.1038818359375,LEVEL,LEVEL,True,OK
1789620120.8831367,-18.896499999999996,-24.6704,-32.397499999999994,44.89214134634256,-0.41748046874999994,2.1038818359375,LEVEL,LEVEL,True,OK
1789620120.923129,-18.5913,-24.877899999999997,-32.4219,44.89683667821153,-0.41748046874999994,2.1038818359375,LEVEL,LEVEL,True,OK
1789620120.9631498,-18.2617,-25.0732,-32.397499999999994,44.85257017585503,-0.41748046874999994,2.1038818359375,LEVEL,LEVEL,True,OK
1789620121.0031102,-18.640099999999997,-24.877899999999997,-32.373,44.881782110562405,-0.41748046874999994,2.1038818359375,LEVEL,LEVEL,True,OK
1789620121.0462322,-19.0186,-24.7681,-32.3242,44.944630705013026,-0.41748046874999994,2.1038818359375,LEVEL,LEVEL,True,OK
1789620121.0852246,-18.640099999999997,-24.8169,-32.3242,44.81278566726242,-0.41748046874999994,2.1038818359375,LEVEL,LEVEL,True,OK
1789620121.1267068,-18.4937,-24.9023,-31.957999999999995,44.535999472112444,-0.41748046874999994,2.1038818359375,LEVEL,LEVEL,True,OK
1789620121.1653717,-18.383799999999997,-25.0488,-32.4951,44.959292786808824,-0.41748046874999994,2.1038818359375,LEVEL,LEVEL,True,OK
1789620121.2053173,-18.7866,-24.865699999999997,-32.6904,45.16527015539705,-0.41748046874999994,2.1038818359375,LEVEL,LEVEL,True,OK
1789620121.2451892,-18.457,-24.8169,-32.22659999999999,44.66646529746897,-0.41748046874999994,2.1038818359375,LEVEL,LEVEL,True,OK
1789620121.285206,-18.457,-24.7681,-32.2021,44.62168610686961,-0.41748046874999994,2.1038818359375,LEVEL,LEVEL,True,OK
1789620121.3252873,-18.481399999999997,-24.8413,-32.3242,44.7605433086999,-0.41748046874999994,2.1038818359375,LEVEL,LEVEL,True,OK
1789620121.365134,-18.371599999999997,-25.0488,-32.3242,44.83092653113473,-0.41748046874999994,2.1038818359375,LEVEL,LEVEL,True,OK
1789620121.4052672,-18.505899999999997,-24.9634,-32.397499999999994,44.8913987376201,-0.41748046874999994,2.1038818359375,LEVEL,LEVEL,True,OK
1789620121.4451878,-18.5547,-24.865699999999997,-32.2754,44.76920117379804,-0.41748046874999994,2.1038818359375,LEVEL,LEVEL,True,OK
1789620121.4853337,-18.6035,-24.8047,-32.2998,44.77321112428725,-0.41748046874999994,2.1038818359375,LEVEL,LEVEL,True,OK
1789620121.5256467,-18.5913,-24.9146,-32.22659999999999,44.776416520418415,-0.41748046874999994,2.1038818359375,LEVEL,LEVEL,True,OK
1789620121.5651438,-18.627899999999997,-25.0244,-32.4951,45.04609614361715,-0.41748046874999994,2.1038818359375,LEVEL,LEVEL,True,OK
1789620121.6062872,-18.6035,-24.9512,-32.4463,44.96014876954924,-0.41748046874999994,2.1038818359375,LEVEL,LEVEL,True,OK
1789620121.646245,-18.6646,-25.0244,-32.959,45.39695550937309,-0.41748046874999994,2.1038818359375,LEVEL,LEVEL,True,OK
1789620121.6863093,-18.4937,-24.9756,-32.4707,44.946010874603765,-0.41748046874999994,2.1038818359375,LEVEL,LEVEL,True,OK
1789620121.726217,-18.5791,-24.987799999999996,-32.2998,44.86479895965209,-0.41748046874999994,2.1038818359375,LEVEL,LEVEL,True,OK
1789620121.7664392,-18.4937,-24.987799999999996,-32.4463,44.93516965829772,-0.41748046874999994,2.1038818359375,LEVEL,LEVEL,True,OK
1789620121.8061888,-18.3105,-25.0732,-32.8369,45.190726594070156,-0.41748046874999994,2.1038818359375,LEVEL,LEVEL,True,OK
1789620121.8462064,-18.4326,-25.0488,-32.4463,44.94402638716296,-0.41748046874999994,2.1038818359375,LEVEL,LEVEL,True,OK
1789620121.8863673,-18.7134,-24.865699999999997,-32.080099999999995,44.69482287759959,-0.41748046874999994,2.1038818359375,LEVEL,LEVEL,True,OK
1789620121.9261944,-18.4448,-24.987799999999996,-32.2754,44.791765326229324,-0.41748046874999994,2.1038818359375,LEVEL,LEVEL,True,OK
1789620121.9662879,-18.225099999999998,-25.0732,-32.7148,45.06748015243364,-0.41748046874999994,2.1038818359375,LEVEL,LEVEL,True,OK
1789620122.0061114,-18.5791,-25.0244,-32.4219,44.97313811354507,-0.41748046874999994,2.1038818359375,LEVEL,LEVEL,True,OK
1789620122.1535378,-18.4448,-25.0488,-32.5928,45.0548958529481,-0.41748046874999994,2.1038818359375,LEVEL,LEVEL,True,OK
1789620122.1896424,-18.5913,-24.9512,-32.4707,44.97271590220008,-0.41748046874999994,2.1038818359375,LEVEL,LEVEL,True,OK
1789620122.2292697,-18.5547,-24.9634,-32.397499999999994,44.91153791510595,-0.41748046874999994,2.1038818359375,LEVEL,LEVEL,True,OK
1789620122.2700353,-18.4937,-24.987799999999996,-32.4951,44.9704193058059,-0.41748046874999994,2.1038818359375,LEVEL,LEVEL,True,OK
1789620122.309587,-18.457,-24.9268,-32.4219,44.86853916554449,-0.41748046874999994,2.1038818359375,LEVEL,LEVEL,True,OK
1789620122.349651,-18.3228,-24.999999999999996,-32.3486,44.801304911799164,-0.41748046874999994,2.1038818359375,LEVEL,LEVEL,True,OK
1789620122.389733,-18.481399999999997,-24.939,-32.397499999999994,44.86773755394849,-0.41748046874999994,2.1038818359375,LEVEL,LEVEL,True,OK
1789620122.4296956,-18.457,-24.9756,-32.373,44.86036751253828,-0.41748046874999994,2.1038818359375,LEVEL,LEVEL,True,OK
1789620122.4694512,-18.505899999999997,-24.9268,-32.3242,44.818161482706984,-0.41748046874999994,2.1038818359375,LEVEL,LEVEL,True,OK
1789620122.5093765,-18.908699999999996,-24.6826,-32.4463,44.93920406660536,-0.41748046874999994,2.1038818359375,LEVEL,LEVEL,True,OK
1789620122.5495696,-18.5303,-24.865699999999997,-32.1533,44.67112888063161,-0.41748046874999994,2.1038818359375,LEVEL,LEVEL,True,OK
1789620122.5896242,-18.6035,-24.9634,-32.4463,44.96692045826576,-0.41748046874999994,2.1038818359375,LEVEL,LEVEL,True,OK
1789620122.6290362,-18.627899999999997,-24.9634,-32.4463,44.97702059563306,-0.41748046874999994,2.1038818359375,LEVEL,LEVEL,True,OK
1789620122.6702118,-18.7988,-24.865699999999997,-32.7881,45.24110320869729,-0.41748046874999994,2.1038818359375,LEVEL,LEVEL,True,OK
1789620122.709552,-18.6035,-24.731399999999997,-32.2754,44.71502883114356,-0.41748046874999994,2.1038818359375,LEVEL,LEVEL,True,OK
1789620122.7493422,-18.396,-24.9023,-32.0312,44.54812156230608,-0.41748046874999994,2.1038818359375,LEVEL,LEVEL,True,OK
1789620122.7897158,-18.518099999999997,-24.939,-32.397499999999994,44.88286705258477,-0.41748046874999994,2.1038818359375,LEVEL,LEVEL,True,OK
1789620122.8298204,-18.7866,-24.877899999999997,-32.666,45.15433316936482,-0.41748046874999994,2.1038818359375,LEVEL,LEVEL,True,OK
1789620122.8698816,-18.457,-24.853499999999997,-32.2998,44.73962886848749,-0.41748046874999994,2.1038818359375,LEVEL,LEVEL,True,OK
1789620122.9096503,-18.6523,-24.6704,-31.7871,44.35038509257839,-0.41748046874999994,2.1038818359375,LEVEL,LEVEL,True,OK
1789620122.9496622,-18.383799999999997,-24.877899999999997,-32.1777,44.63494581759902,-0.41748046874999994,2.1038818359375,LEVEL,LEVEL,True,OK
1789620122.9896848,-18.5791,-24.9634,-32.8613,45.257257252953366,-0.41748046874999994,2.1038818359375,LEVEL,LEVEL,True,OK
1789620123.0297523,-18.5425,-24.9512,-32.373,44.88204336580499,-0.4229736328124999,2.1038818359375,LEVEL,LEVEL,True,OK
1789620123.0695527,-18.5913,-24.939,-32.373,44.895448384997785,-0.41748046874999994,2.1038818359375,LEVEL,LEVEL,True,OK
1789620123.109513,-18.5791,-24.8047,-32.080099999999995,44.60480820393693,-0.41748046874999994,2.1038818359375,LEVEL,LEVEL,True,OK
1789620123.1497433,-18.5303,-24.865699999999997,-32.7637,45.112471582368435,-0.41748046874999994,2.1038818359375,LEVEL,LEVEL,True,OK
1789620123.1896763,-18.6157,-24.9634,-32.4463,44.9719691556863,-0.41748046874999994,2.1038818359375,LEVEL,LEVEL,True,OK
1789620123.2300124,-18.6157,-24.9268,-32.4219,44.93405439463481,-0.41748046874999994,2.1038818359375,LEVEL,LEVEL,True,OK
1789620123.2699537,-18.5547,-24.9634,-32.4951,44.9819936825837,-0.41748046874999994,2.1038818359375,LEVEL,LEVEL,True,OK
1789620123.3097034,-18.6035,-24.865699999999997,-32.2021,44.73665715216102,-0.41748046874999994,2.1038818359375,LEVEL,LEVEL,True,OK
1789620123.3496222,-18.518099999999997,-24.9512,-32.397499999999994,44.88964708370962,-0.41748046874999994,2.1038818359375,LEVEL,LEVEL,True,OK
1789620123.3893821,-18.4937,-24.9146,-32.397499999999994,44.85924920348088,-0.41748046874999994,2.1038818359375,LEVEL,LEVEL,True,OK
1789620123.4293401,-18.3105,-25.0244,-32.8125,45.1459318417507,-0.41748046874999994,2.1038818359375,LEVEL,LEVEL,True,OK
1789620123.470068,-18.4448,-24.9756,-32.4219,44.890654283603396,-0.41748046874999994,2.1038818359375,LEVEL,LEVEL,True,OK
1789620123.5096102,-18.6646,-24.9023,-32.2998,44.85274705622834,-0.41748046874999994,2.1038818359375,LEVEL,LEVEL,True,OK
1789620123.5492864,-18.5425,-24.999999999999996,-32.4463,44.96205833744714,-0.41748046874999994,2.1038818359375,LEVEL,LEVEL,True,OK
1789620123.5894718,-18.237299999999998,-25.0244,-32.666,45.00985739424198,-0.41748046874999994,2.1038818359375,LEVEL,LEVEL,True,OK
1789620123.6294966,-18.5913,-24.9146,-32.397499999999994,44.89957388550586,-0.41748046874999994,2.1038818359375,LEVEL,LEVEL,True,OK
1789620123.6696243,-18.9697,-24.877899999999997,-32.373,45.01966854053903,-0.41748046874999994,2.1038818359375,LEVEL,LEVEL,True,OK
1789620123.7095845,-18.640099999999997,-24.9023,-32.2754,44.82498542621068,-0.41748046874999994,2.1038818359375,LEVEL,LEVEL,True,OK
1789620123.7496052,-18.2617,-25.0244,-32.4219,44.84294684629903,-0.41748046874999994,2.1038818359375,LEVEL,LEVEL,True,OK
1789620123.7898874,-18.627899999999997,-24.939,-32.4219,44.94587833183372,-0.41748046874999994,2.1038818359375,LEVEL,LEVEL,True,OK
1789620123.8296976,-18.8843,-24.8291,-32.6172,45.13294505281036,-0.41748046874999994,2.1038818359375,LEVEL,LEVEL,True,OK
1789620123.870085,-18.505899999999997,-24.939,-32.4463,44.913076486698166,-0.41748046874999994,2.1038818359375,LEVEL,LEVEL,True,OK
1789620123.9117484,-18.335,-24.9634,-32.3486,44.78588490272354,-0.41748046874999994,2.1038818359375,LEVEL,LEVEL,True,OK
1789620123.9494312,-18.481399999999997,-24.9512,-32.397499999999994,44.87451987096909,-0.41748046874999994,2.1038818359375,LEVEL,LEVEL,True,OK
1789620123.98972,-18.4937,-24.9268,-32.373,44.848338062073154,-0.4229736328124999,2.1038818359375,LEVEL,LEVEL,True,OK
1789620124.029526,-18.4937,-24.9268,-32.373,44.848338062073154,-0.4229736328124999,2.1038818359375,LEVEL,LEVEL,True,OK
1789620124.0694556,-18.5425,-24.9756,-32.397499999999994,44.91328208737366,-0.4229736328124999,2.1038818359375,LEVEL,LEVEL,True,OK
1789620124.1095965,-18.481399999999997,-24.9146,-32.1289,44.66056038978911,-0.4229736328124999,2.1038818359375,LEVEL,LEVEL,True,OK
1789620124.1498802,-18.6523,-24.9268,-32.373,44.91397090583285,-0.4229736328124999,2.1038818359375,LEVEL,LEVEL,True,OK
1789620124.1896029,-18.6157,-25.0244,-32.4951,45.04105245062553,-0.4229736328124999,2.1038818359375,LEVEL,LEVEL,True,OK
1789620124.2297866,-18.627899999999997,-25.0488,-32.4951,45.05965561186636,-0.4229736328124999,2.1038818359375,LEVEL,LEVEL,True,OK
1789620124.269551,-18.762199999999996,-25.1221,-32.88569999999999,45.43797224502871,-0.4229736328124999,2.1038818359375,LEVEL,LEVEL,True,OK
1789620124.309443,-18.6523,-24.8169,-32.104499999999994,44.65966570799652,-0.4229736328124999,2.1038818359375,LEVEL,LEVEL,True,OK
1789620124.3496964,-18.5791,-24.8169,-32.2998,44.76983987529998,-0.4229736328124999,2.1038818359375,LEVEL,LEVEL,True,OK
1789620124.389724,-18.5303,-24.865699999999997,-32.397499999999994,44.84721909806671,-0.4229736328124999,2.1038818359375,LEVEL,LEVEL,True,OK
1789620124.4297101,-18.4082,-25.0244,-32.8369,45.20336739901133,-0.4229736328124999,2.1038818359375,LEVEL,LEVEL,True,OK
1789620124.4696257,-18.5913,-24.8901,-32.2021,44.745153459453014,-0.4229736328124999,2.1038818359375,LEVEL,LEVEL,True,OK
1789620124.509639,-18.3105,-24.8413,-31.7871,44.30332179814511,-0.4229736328124999,2.1038818359375,LEVEL,LEVEL,True,OK
1789620124.5495913,-18.5303,-24.8047,-32.25099999999999,44.70762978709562,-0.4229736328124999,2.1038818359375,LEVEL,LEVEL,True,OK
1789620124.5897067,-18.225099999999998,-25.0732,-32.6904,45.04977114714347,-0.4229736328124999,2.1038818359375,LEVEL,LEVEL,True,OK
1789620124.6297445,-18.5425,-24.9512,-32.397499999999994,44.89971819443859,-0.4229736328124999,2.1038818359375,LEVEL,LEVEL,True,OK
1789620124.6697707,-18.7988,-24.9146,-32.1289,44.79283859960206,-0.4229736328124999,2.1038818359375,LEVEL,LEVEL,True,OK
1789620124.709464,-18.640099999999997,-24.7925,-32.25099999999999,44.74649020046153,-0.4229736328124999,2.1038818359375,LEVEL,LEVEL,True,OK
1789620124.7500458,-18.481399999999997,-24.9023,-32.7637,45.112600556163905,-0.4229736328124999,2.1038818359375,LEVEL,LEVEL,True,OK
1789620124.7903423,-18.6157,-24.865699999999997,-32.3486,44.84728804442917,-0.4229736328124999,2.1038818359375,LEVEL,LEVEL,True,OK
1789620124.829884,-18.9209,-24.8169,-32.5684,45.10631508979646,-0.4229736328124999,2.1038818359375,LEVEL,LEVEL,True,OK
1789620124.8693483,-18.5791,-24.939,-32.2754,44.820063843885805,-0.4229736328124999,2.1038818359375,LEVEL,LEVEL,True,OK
1789620124.909637,-18.1641,-25.0244,-32.6172,44.944820168847045,-0.4229736328124999,2.1038818359375,LEVEL,LEVEL,True,OK
1789620124.949932,-18.481399999999997,-24.987799999999996,-32.397499999999994,44.89488056616254,-0.4229736328124999,2.1038818359375,LEVEL,LEVEL,True,OK
1789620124.988669,-18.457,-24.939,-32.373,44.840001103925054,-0.4229736328124999,2.1038818359375,LEVEL,LEVEL,True,OK
1789620125.0297282,-18.4082,-24.9634,-32.373,44.83351754881608,-0.4229736328124999,2.1038818359375,LEVEL,LEVEL,True,OK
1789620125.0695696,-18.6157,-25.0244,-32.373,44.95304228692425,-0.4229736328124999,2.1038818359375,LEVEL,LEVEL,True,OK
1789620125.109396,-18.518099999999997,-25.0244,-32.397499999999994,44.93037535142567,-0.4229736328124999,2.1038818359375,LEVEL,LEVEL,True,OK
1789620125.1496642,-18.5669,-24.987799999999996,-32.4707,44.98295547137826,-0.4229736328124999,2.1038818359375,LEVEL,LEVEL,True,OK
1789620125.1893525,-18.5791,-25.0244,-32.4219,44.97313811354507,-0.4229736328124999,2.1038818359375,LEVEL,LEVEL,True,OK
1789620125.2296338,-18.5791,-24.9634,-32.397499999999994,44.921623998025716,-0.4229736328124999,2.1038818359375,LEVEL,LEVEL,True,OK
1789620125.2697058,-18.774399999999996,-24.9756,-32.5684,45.13268626261902,-0.4229736328124999,2.1038818359375,LEVEL,LEVEL,True,OK
1789620125.3096473,-18.6157,-24.9268,-32.4463,44.95166324420043,-0.4229736328124999,2.1038818359375,LEVEL,LEVEL,True,OK
1789620125.3504217,-18.225099999999998,-25.0732,-32.3486,44.80236098923805,-0.4229736328124999,2.1038818359375,LEVEL,LEVEL,True,OK
1789620125.38969,-18.5425,-24.987799999999996,-32.4463,44.95527598380417,-0.4229736328124999,2.1038818359375,LEVEL,LEVEL,True,OK
1789620125.429494,-18.4937,-24.987799999999996,-32.9346,45.28901594967592,-0.4229736328124999,2.1038818359375,LEVEL,LEVEL,True,OK
1789620125.4694996,-18.5791,-24.9756,-32.2998,44.858005218801246,-0.4229736328124999,2.1038818359375,LEVEL,LEVEL,True,OK
1789620125.5093064,-18.249499999999998,-24.999999999999996,-32.0557,44.56020817657835,-0.4229736328124999,2.1038818359375,LEVEL,LEVEL,True,OK
1789620125.5496128,-18.457,-25.0244,-32.4219,44.922834326987875,-0.4229736328124999,2.1038818359375,LEVEL,LEVEL,True,OK
1789620125.5896077,-18.5791,-24.987799999999996,-32.8613,45.27072059665055,-0.4229736328124999,2.1038818359375,LEVEL,LEVEL,True,OK
1789620125.6296966,-18.505899999999997,-24.999999999999996,-32.4219,44.92936605851455,-0.4229736328124999,2.1038818359375,LEVEL,LEVEL,True,OK
1789620125.669507,-18.7134,-24.9756,-32.1289,44.79104988867754,-0.4229736328124999,2.1038818359375,LEVEL,LEVEL,True,OK
1789620125.7095025,-18.6523,-24.7925,-32.25099999999999,44.75157374372436,-0.4229736328124999,2.1038818359375,LEVEL,LEVEL,True,OK
1789620125.7497973,-18.5547,-24.9023,-32.7637,45.14267908609324,-0.4229736328124999,2.1038818359375,LEVEL,LEVEL,True,OK
1789620125.789689,-18.6646,-24.8413,-32.2998,44.81890849730725,-0.4229736328124999,2.1038818359375,LEVEL,LEVEL,True,OK
1789620125.8298242,-18.640099999999997,-24.9146,-32.22659999999999,44.79670042235253,-0.4229736328124999,2.1038818359375,LEVEL,LEVEL,True,OK
1789620125.868309,-18.5913,-24.999999999999996,-32.5195,45.03503431707363,-0.4229736328124999,2.1038818359375,LEVEL,LEVEL,True,OK
1789620125.909357,-18.2983,-24.865699999999997,-32.5439,44.85795633541502,-0.4229736328124999,2.1038818359375,LEVEL,LEVEL,True,OK
1789620125.949345,-18.5425,-24.8047,-32.25099999999999,44.71268778926178,-0.4229736328124999,2.1038818359375,LEVEL,LEVEL,True,OK
1789620125.9894311,-18.518099999999997,-24.865699999999997,-32.2754,44.754044613420135,-0.4229736328124999,2.1038818359375,LEVEL,LEVEL,True,OK
1789620126.0295854,-18.5913,-24.9268,-32.2998,44.835910540213185,-0.4229736328124999,2.1038818359375,LEVEL,LEVEL,True,OK
1789620126.0695286,-18.457,-25.0732,-32.4951,45.00286358944284,-0.4229736328124999,2.1038818359375,LEVEL,LEVEL,True,OK
1789620126.109471,-18.505899999999997,-24.853499999999997,-32.22659999999999,44.707030147617715,-0.4229736328124999,2.1038818359375,LEVEL,LEVEL,True,OK
1789620126.1495967,-18.5791,-24.9146,-32.2998,44.82407087726415,-0.4229736328124999,2.1038818359375,LEVEL,LEVEL,True,OK
1789620126.189515,-18.2617,-25.0244,-32.6416,45.0020480957256,-0.4229736328124999,2.1038818359375,LEVEL,LEVEL,True,OK
1789620126.2295516,-18.762199999999996,-24.9756,-32.4707,45.057153734895415,-0.4229736328124999,2.1038818359375,LEVEL,LEVEL,True,OK
1789620126.2709165,-18.640099999999997,-25.0244,-32.5195,45.06874530780727,-0.4229736328124999,2.1038818359375,LEVEL,LEVEL,True,OK
1789620126.309577,-18.689,-24.743699999999997,-32.2998,44.77506550224131,-0.4229736328124999,2.1038818359375,LEVEL,LEVEL,True,OK
1789620126.3494442,-18.2861,-24.939,-32.2754,44.69940289724237,-0.4229736328124999,2.1038818359375,LEVEL,LEVEL,True,OK
1789620126.389424,-18.6035,-24.877899999999997,-32.3486,44.848991545184155,-0.4229736328124999,2.1038818359375,LEVEL,LEVEL,True,OK
1789620126.4295208,-18.8843,-24.8169,-32.373,44.950043838688295,-0.4229736328124999,2.1038818359375,LEVEL,LEVEL,True,OK
1789620126.469391,-18.505899999999997,-25.0244,-32.4951,44.99578262659735,-0.4229736328124999,2.1038818359375,LEVEL,LEVEL,True,OK
1789620126.5093946,-18.2007,-25.0244,-32.1289,44.60663954009537,-0.4229736328124999,2.1038818359375,LEVEL,LEVEL,True,OK
1789620126.5494177,-18.4692,-24.987799999999996,-32.397499999999994,44.88985969826593,-0.41748046874999994,2.1038818359375,LEVEL,LEVEL,True,OK
1789620126.5896084,-18.640099999999997,-24.9512,-32.7881,45.22250779269102,-0.41748046874999994,2.1038818359375,LEVEL,LEVEL,True,OK
1789620126.6299834,-18.627899999999997,-24.9512,-32.3486,44.89981026474388,-0.41748046874999994,2.1038818359375,LEVEL,LEVEL,True,OK
1789620126.6693435,-18.1763,-25.146499999999996,-32.2998,44.788407249867674,-0.41748046874999994,2.1038818359375,LEVEL,LEVEL,True,OK
1789620126.70969,-18.5913,-24.9756,-32.4219,44.951047047427046,-0.41748046874999994,2.1038818359375,LEVEL,LEVEL,True,OK
1789620126.7497382,-18.5547,-25.0732,-32.959,45.37882690561756,-0.41748046874999994,2.1038818359375,LEVEL,LEVEL,True,OK
1789620126.7898183,-18.6035,-24.9756,-32.397499999999994,44.93850035170288,-0.41748046874999994,2.1038818359375,LEVEL,LEVEL,True,OK
1789620126.8299499,-18.627899999999997,-24.9756,-32.25099999999999,44.843129404291126,-0.41748046874999994,2.1038818359375,LEVEL,LEVEL,True,OK
1789620126.86947,-18.6035,-25.0244,-32.4951,45.036011497689266,-0.41748046874999994,2.1038818359375,LEVEL,LEVEL,True,OK
1789620126.9104087,-18.6035,-24.939,-32.4707,44.97099389317519,-0.41748046874999994,2.1038818359375,LEVEL,LEVEL,True,OK
1789620126.949533,-18.5547,-24.999999999999996,-32.4463,44.96709103088613,-0.41748046874999994,2.1038818359375,LEVEL,LEVEL,True,OK
1789620126.989425,-18.5303,-24.9268,-32.4219,44.8987413625371,-0.41748046874999994,2.1038818359375,LEVEL,LEVEL,True,OK
1789620127.029727,-18.5547,-24.939,-32.5928,45.03910772795127,-0.41748046874999994,2.1038818359375,LEVEL,LEVEL,True,OK
1789620127.0693548,-18.457,-25.0977,-32.4951,45.01651828273706,-0.41748046874999994,2.1038818359375,LEVEL,LEVEL,True,OK
1789620127.1083834,-18.481399999999997,-24.999999999999996,-32.397499999999994,44.901672042475205,-0.41748046874999994,2.1038818359375,LEVEL,LEVEL,True,OK
1789620127.1497984,-18.481399999999997,-25.0244,-32.4219,44.93286481997336,-0.41748046874999994,2.1038818359375,LEVEL,LEVEL,True,OK
1789620127.1895907,-18.249499999999998,-25.0732,-32.7637,45.11285455588019,-0.4229736328124999,2.1038818359375,LEVEL,LEVEL,True,OK
1789620127.2296226,-18.6768,-24.939,-32.397499999999994,44.948577124198266,-0.4229736328124999,2.1038818359375,LEVEL,LEVEL,True,OK
1789620127.269527,-18.5791,-25.0244,-32.0068,44.67481167738707,-0.4229736328124999,2.1038818359375,LEVEL,LEVEL,True,OK
1789620127.3098044,-18.640099999999997,-24.8047,-32.2998,44.78843098546766,-0.41748046874999994,2.1038818359375,LEVEL,LEVEL,True,OK
1789620127.3492367,-18.2983,-24.9512,-32.397499999999994,44.799421542917266,-0.41748046874999994,2.1038818359375,LEVEL,LEVEL,True,OK
1789620127.3894181,-18.6523,-24.8169,-32.2754,44.782678192131385,-0.41748046874999994,2.1038818359375,LEVEL,LEVEL,True,OK
1789620127.4292932,-18.908699999999996,-24.877899999999997,-32.2998,44.94136095113275,-0.41748046874999994,2.1038818359375,LEVEL,LEVEL,True,OK
1789620127.4696336,-18.5791,-24.999999999999996,-32.5195,45.02999930113257,-0.41748046874999994,2.1038818359375,LEVEL,LEVEL,True,OK
1789620127.509573,-18.249499999999998,-24.939,-32.5928,44.91423586225196,-0.41748046874999994,2.1038818359375,LEVEL,LEVEL,True,OK
1789620127.5509996,-18.5303,-24.853499999999997,-32.25099999999999,44.7347234409692,-0.41748046874999994,2.1038818359375,LEVEL,LEVEL,True,OK
1789620127.588366,-18.505899999999997,-24.8291,-32.2021,44.67580761474828,-0.41748046874999994,2.1038818359375,LEVEL,LEVEL,True,OK
1789620127.6306708,-18.5913,-24.939,-32.2754,44.82512244099284,-0.41748046874999994,2.1038818359375,LEVEL,LEVEL,True,OK
1789620127.6695309,-18.090799999999998,-25.1221,-32.4463,44.84595117443714,-0.41748046874999994,2.1038818359375,LEVEL,LEVEL,True,OK
1789620127.7096434,-18.5303,-24.865699999999997,-32.25099999999999,44.74150260753431,-0.41748046874999994,2.1038818359375,LEVEL,LEVEL,True,OK
1789620127.7494044,-18.5913,-24.8047,-32.2754,44.75054215247006,-0.41748046874999994,2.1038818359375,LEVEL,LEVEL,True,OK
1789620127.7897687,-18.5791,-24.8047,-32.22659999999999,44.710287926382215,-0.41748046874999994,2.1038818359375,LEVEL,LEVEL,True,OK
1789620127.8296351,-18.75,-24.9756,-32.4951,45.06966406985967,-0.41748046874999994,2.1038818359375,LEVEL,LEVEL,True,OK
1789620127.8694963,-18.627899999999997,-25.0244,-32.4951,45.04609614361715,-0.41748046874999994,2.1038818359375,LEVEL,LEVEL,True,OK
1789620127.9095795,-18.6646,-24.8413,-32.3486,44.85409012353277,-0.41748046874999994,2.1038818359375,LEVEL,LEVEL,True,OK
1789620127.9492905,-18.627899999999997,-24.8291,-32.2754,44.779284388877855,-0.41748046874999994,2.1038818359375,LEVEL,LEVEL,True,OK
1789620127.989445,-18.7134,-24.8169,-32.4463,44.931417169504016,-0.41748046874999994,2.1038818359375,LEVEL,LEVEL,True,OK
1789620128.0295289,-18.5669,-24.9756,-32.4707,44.97617957830567,-0.41748046874999994,2.1038818359375,LEVEL,LEVEL,True,OK
1789620128.0695758,-18.505899999999997,-25.1221,-32.5439,45.08540418394849,-0.41748046874999994,2.1038818359375,LEVEL,LEVEL,True,OK
1789620128.1095617,-18.2129,-25.0488,-32.1289,44.62531034132984,-0.41748046874999994,2.1038818359375,LEVEL,LEVEL,True,OK
1789620128.1496556,-18.457,-25.0488,-32.4707,44.97165317096982,-0.41748046874999994,2.1038818359375,LEVEL,LEVEL,True,OK
1789620128.1894372,-18.7378,-24.987799999999996,-32.666,45.194721524532035,-0.41748046874999994,2.1038818359375,LEVEL,LEVEL,True,OK
1789620128.2295327,-18.4937,-24.987799999999996,-32.4463,44.93516965829772,-0.41748046874999994,2.1038818359375,LEVEL,LEVEL,True,OK
1789620128.2694108,-18.457,-25.0244,-32.0068,44.62417159567222,-0.41748046874999994,2.1038818359375,LEVEL,LEVEL,True,OK
1789620128.3096118,-18.5913,-24.987799999999996,-32.4463,44.9754262705758,-0.41748046874999994,2.1038818359375,LEVEL,LEVEL,True,OK
1789620128.349424,-18.5669,-25.0488,-32.959,45.37034095144096,-0.41748046874999994,2.1038818359375,LEVEL,LEVEL,True,OK
1789620128.3893337,-18.762199999999996,-24.939,-32.5195,45.072072839952675,-0.41748046874999994,2.1038818359375,LEVEL,LEVEL,True,OK
1789620128.4293263,-18.457,-24.9756,-32.104499999999994,44.6669941300061,-0.41748046874999994,2.1038818359375,LEVEL,LEVEL,True,OK
1789620128.468152,-18.640099999999997,-24.999999999999996,-32.5195,45.055201789138614,-0.41748046874999994,2.1038818359375,LEVEL,LEVEL,True,OK
1789620128.5094533,-18.335,-25.0244,-32.7881,45.13814708170906,-0.41748046874999994,2.1038818359375,LEVEL,LEVEL,True,OK
1789620128.5492065,-18.5791,-24.987799999999996,-32.4463,44.970384580743804,-0.41748046874999994,2.1038818359375,LEVEL,LEVEL,True,OK
1789620128.5895488,-18.6157,-24.9268,-32.2754,44.82846294364776,-0.41748046874999994,2.1038818359375,LEVEL,LEVEL,True,OK
1789620128.6300902,-18.4937,-24.9634,-32.4463,44.921605747568734,-0.41748046874999994,2.1038818359375,LEVEL,LEVEL,True,OK
1789620128.669253,-18.457,-25.0244,-32.4707,44.958067160966785,-0.41748046874999994,2.1038818359375,LEVEL,LEVEL,True,OK
1789620128.709593,-18.481399999999997,-24.9634,-32.373,44.863622396324615,-0.41748046874999994,2.1038818359375,LEVEL,LEVEL,True,OK
1789620128.749395,-18.481399999999997,-24.999999999999996,-32.4463,44.9368949711704,-0.41748046874999994,2.1038818359375,LEVEL,LEVEL,True,OK
1789620128.7882326,-18.457,-24.999999999999996,-32.6172,45.050444890589034,-0.41748046874999994,2.1038818359375,LEVEL,LEVEL,True,OK
1789620128.8294673,-18.5425,-25.0244,-32.4707,44.99323571493831,-0.41748046874999994,2.1038818359375,LEVEL,LEVEL,True,OK
1789620128.8681762,-18.5791,-24.999999999999996,-32.0068,44.66114869828137,-0.41748046874999994,2.1038818359375,LEVEL,LEVEL,True,OK
1789620128.9096186,-18.627899999999997,-24.9023,-32.373,44.89024763464777,-0.41748046874999994,2.1038818359375,LEVEL,LEVEL,True,OK
1789620128.9496348,-18.2861,-24.9268,-32.397499999999994,44.78085324890538,-0.41748046874999994,2.1038818359375,LEVEL,LEVEL,True,OK
1789620128.9881272,-18.774399999999996,-24.755899999999997,-32.3486,44.85269893919428,-0.41748046874999994,2.1038818359375,LEVEL,LEVEL,True,OK
1789620129.029301,-18.8354,-24.877899999999997,-32.080099999999995,44.75282133653698,-0.41748046874999994,2.1038818359375,LEVEL,LEVEL,True,OK
1789620129.069549,-18.5791,-25.0732,-32.5439,45.088288304835885,-0.41748046874999994,2.1038818359375,LEVEL,LEVEL,True,OK
1789620129.108106,-18.225099999999998,-25.0977,-32.7148,45.08111527391486,-0.41748046874999994,2.1038818359375,LEVEL,LEVEL,True,OK
1789620129.1499078,-18.5303,-24.8047,-32.25099999999999,44.70762978709562,-0.41748046874999994,2.1038818359375,LEVEL,LEVEL,True,OK
1789620129.1881285,-18.8232,-24.707,-32.2998,44.81100073955055,-0.41748046874999994,2.1038818359375,LEVEL,LEVEL,True,OK
1789620129.2293952,-18.481399999999997,-24.8901,-32.3486,44.80525801655426,-0.41748046874999994,2.1038818359375,LEVEL,LEVEL,True,OK
1789620129.2684622,-18.090799999999998,-25.146499999999996,-32.4463,44.85962428041501,-0.41748046874999994,2.1038818359375,LEVEL,LEVEL,True,OK
1789620129.3081608,-18.4937,-24.999999999999996,-32.397499999999994,44.906736086471476,-0.41748046874999994,2.1038818359375,LEVEL,LEVEL,True,OK
1789620129.3492427,-18.7378,-24.8413,-32.25099999999999,44.81430949518244,-0.41748046874999994,2.1038818359375,LEVEL,LEVEL,True,OK
1789620129.3893971,-18.6157,-24.8413,-32.2754,44.78097718161139,-0.41748046874999994,2.1038818359375,LEVEL,LEVEL,True,OK
1789620129.4296377,-18.3228,-25.0244,-32.1533,44.67415691526814,-0.41748046874999994,2.1038818359375,LEVEL,LEVEL,True,OK
1789620129.4681401,-18.640099999999997,-25.0732,-32.5439,45.113458229889666,-0.41748046874999994,2.1038818359375,LEVEL,LEVEL,True,OK
1789620129.5082974,-18.627899999999997,-24.999999999999996,-32.4463,44.99734483388992,-0.41748046874999994,2.1038818359375,LEVEL,LEVEL,True,OK
1789620129.5495038,-18.762199999999996,-24.8169,-32.4463,44.95176368219605,-0.41748046874999994,2.1038818359375,LEVEL,LEVEL,True,OK
1789620129.5896332,-18.5791,-24.7925,-32.2998,44.756319029830856,-0.41748046874999994,2.1038818359375,LEVEL,LEVEL,True,OK
1789620129.62957,-18.5791,-24.9512,-32.4219,44.932448607437365,-0.41748046874999994,2.1038818359375,LEVEL,LEVEL,True,OK
1789620129.66828,-18.505899999999997,-25.0732,-32.4951,45.022941008556955,-0.41748046874999994,2.1038818359375,LEVEL,LEVEL,True,OK
1789620129.708212,-18.481399999999997,-24.9756,-32.4219,44.90570499312977,-0.41748046874999994,2.1038818359375,LEVEL,LEVEL,True,OK
1789620129.749583,-18.481399999999997,-25.0488,-32.6416,45.10519457845182,-0.41748046874999994,2.1038818359375,LEVEL,LEVEL,True,OK
1789620129.7901235,-18.4448,-25.0244,-32.4707,44.953059972486855,-0.41748046874999994,2.1038818359375,LEVEL,LEVEL,True,OK
1789620129.828283,-18.4937,-25.0244,-32.4951,44.990766375557556,-0.41748046874999994,2.1038818359375,LEVEL,LEVEL,True,OK
1789620129.8682463,-18.457,-25.0488,-32.0557,44.67293512777059,-0.41748046874999994,2.1038818359375,LEVEL,LEVEL,True,OK
1789620129.9095793,-18.5913,-25.0244,-32.4463,44.99577107618004,-0.41748046874999994,2.1038818359375,LEVEL,LEVEL,True,OK
1789620129.9493663,-18.7134,-25.0488,-32.9346,45.41279112937235,-0.41748046874999994,2.1038818359375,LEVEL,LEVEL,True,OK
1789620129.9883554,-18.627899999999997,-24.987799999999996,-32.5195,45.043386723247174,-0.41748046874999994,2.1038818359375,LEVEL,LEVEL,True,OK
1789620130.0283096,-18.8232,-24.939,-32.080099999999995,44.78168593577066,-0.41748046874999994,2.1038818359375,LEVEL,LEVEL,True,OK
1789620130.0693376,-18.6035,-25.1221,-32.5684,45.143225396730344,-0.41748046874999994,2.1038818359375,LEVEL,LEVEL,True,OK
1789620130.1094568,-18.2983,-25.1221,-32.8125,45.195219299722396,-0.41748046874999994,2.1038818359375,LEVEL,LEVEL,True,OK
1789620130.1496744,-18.6157,-25.0244,-32.666,45.164504180274136,-0.41748046874999994,2.1038818359375,LEVEL,LEVEL,True,OK
1789620130.1882699,-18.5303,-25.0244,-32.0068,44.65453907152105,-0.41748046874999994,2.1038818359375,LEVEL,LEVEL,True,OK
1789620130.2282987,-18.4692,-24.999999999999996,-32.4707,44.94950174506943,-0.41748046874999994,2.1038818359375,LEVEL,LEVEL,True,OK
1789620130.268241,-18.090799999999998,-25.146499999999996,-32.5195,44.91259719878154,-0.41748046874999994,2.1038818359375,LEVEL,LEVEL,True,OK
1789620130.3081598,-18.4937,-25.0244,-32.4219,44.93792534886318,-0.41748046874999994,2.1038818359375,LEVEL,LEVEL,True,OK
1789620130.3496258,-18.6523,-24.9634,-32.397499999999994,44.95194813464706,-0.41748046874999994,2.1038818359375,LEVEL,LEVEL,True,OK
1789620130.388332,-18.5425,-24.9756,-32.4219,44.9308858272347,-0.41748046874999994,2.1038818359375,LEVEL,LEVEL,True,OK
1789620130.4283247,-18.5669,-24.987799999999996,-32.4951,45.00057164592467,-0.41748046874999994,2.1038818359375,LEVEL,LEVEL,True,OK
1789620130.4682658,-18.627899999999997,-24.999999999999996,-32.4707,45.01494215146788,-0.41748046874999994,2.1038818359375,LEVEL,LEVEL,True,OK
1789620130.5082047,-18.640099999999997,-24.939,-32.4463,44.96853825398375,-0.41748046874999994,2.1038818359375,LEVEL,LEVEL,True,OK
1789620130.5498078,-18.774399999999996,-24.8169,-32.4219,44.93925033397865,-0.41748046874999994,2.1038818359375,LEVEL,LEVEL,True,OK
1789620130.5882576,-18.6035,-24.7681,-32.25099999999999,44.71773687095535,-0.41748046874999994,2.1038818359375,LEVEL,LEVEL,True,OK
1789620130.6282907,-18.6035,-24.8413,-32.3486,44.82869973465659,-0.41748046874999994,2.1038818359375,LEVEL,LEVEL,True,OK
1789620130.6682842,-18.5303,-24.987799999999996,-32.4707,44.96786102784965,-0.41748046874999994,2.1038818359375,LEVEL,LEVEL,True,OK
1789620130.7083266,-18.2007,-25.0244,-32.1533,44.624217379579896,-0.41748046874999994,2.1038818359375,LEVEL,LEVEL,True,OK
1789620130.7493289,-18.518099999999997,-24.8413,-32.4707,44.88158388236761,-0.4284667968750001,2.098388671875001,LEVEL,LEVEL,True,OK
1789620130.7883346,-18.8599,-24.6948,-32.104499999999994,44.67916623326805,-0.4229736328124999,2.1038818359375,LEVEL,LEVEL,True,OK
1789620130.8283126,-18.4937,-24.8291,-32.2998,44.74123630991884,-0.4229736328125001,2.1038818359375,LEVEL,LEVEL,True,OK
1789620130.8683527,-18.371599999999997,-25.0244,-32.0312,44.606435133957966,-0.4229736328124998,2.0928955078125004,LEVEL,LEVEL,True,OK
1789620130.9082057,-18.5303,-24.987799999999996,-32.5439,45.02074626369492,-0.4339599609375001,2.0050048828125004,LEVEL,LEVEL,True,OK
1789620130.9493473,-19.0674,-24.877899999999997,-32.3486,45.04339655410102,-0.4394531249999999,1.8621826171875007,LEVEL,LEVEL,True,OK
1789620130.9882517,-18.908699999999996,-24.853499999999997,-32.080099999999995,44.7701710288223,-0.34606933593750017,1.494140625,LEVEL,LEVEL,True,OK
1789620131.0282633,-19.0186,-24.939,-31.7627,44.63776403730366,-0.3131103515625,0.8734130859375,LEVEL,LEVEL,True,OK
1789620131.0682244,-19.714399999999998,-25.3174,-31.909199999999995,45.25290437927713,-0.6042480468750001,-0.12084960937500001,LEVEL,LEVEL,True,OK
1789620131.1081836,-20.7275,-25.3174,-31.933599999999995,45.72039816066784,-0.48889160156249994,-1.8017578125000002,LEVEL,LEVEL,True,OK
1789620131.149402,-21.691899999999997,-25.268599999999996,-30.859399999999997,45.402018016052985,-0.33508300781249983,-3.1146240234375,LEVEL,LEVEL,True,OK
1789620131.188269,-21.9238,-25.292999999999996,-30.1025,45.01721183825138,-0.42846679687500044,-3.301391601562501,LEVEL,LEVEL,True,OK
1789620131.2282822,-21.9849,-25.4395,-30.566399999999998,45.440167222623636,-0.32409667968750033,-3.4661865234374996,LEVEL,LEVEL,True,OK
1789620131.2682443,-22.0459,-25.6104,-30.664099999999998,45.63114423044857,-0.35705566406250006,-3.7023925781249996,LEVEL,LEVEL,True,OK
1789620131.3082833,-22.1924,-25.5615,-30.7617,45.74030046796807,-0.34606933593749994,-3.817749023437501,LEVEL,LEVEL,True,OK
1789620131.3493292,-22.5342,-25.683599999999995,-30.468799999999998,45.7797471819144,-0.3295898437500001,-4.515380859374999,LEVEL,LEVEL,True,OK
1789620131.3882854,-23.0469,-25.6104,-30.249,45.84816450818941,-0.32958984374999956,-5.548095703125,LEVEL,LEVEL,True,OK
1789620131.428247,-23.547399999999996,-25.6104,-30.029299999999996,45.95793177907378,-0.3240966796874992,-6.3336181640625,LEVEL,LEVEL,True,OK
1789620131.4682295,-23.8281,-25.781199999999995,-29.834,46.07077358857782,-0.5273437499999996,-6.822509765624999,LEVEL,LEVEL,True,OK
1789620131.5082207,-23.877,-25.9766,-29.7363,46.142631202067356,-0.9338378906249998,-6.910400390624999,LEVEL,LEVEL,True,OK
1789620131.5494616,-23.999,-26.1475,-29.492199999999997,46.14578656919828,-1.4227294921874993,-6.707153320312499,LEVEL,LEVEL,True,OK
1789620131.5882611,-23.962399999999995,-26.2695,-29.4189,46.149267829728345,-1.9226074218749987,-6.207275390624999,LEVEL,LEVEL,True,OK
1789620131.6282854,-23.9746,-26.342799999999997,-28.9551,45.903402629979404,-2.301635742187501,-5.328369140625001,LEVEL,LEVEL,True,OK
1789620131.6683166,-23.4375,-26.586899999999996,-29.6875,46.233400416906385,-2.548828125,-3.8836669921874996,LEVEL,LEVEL,True,OK
1789620131.708238,-22.7051,-26.586899999999996,-30.0781,46.12024411503044,-2.449951171875,-2.4334716796874996,LEVEL,LEVEL,True,OK
1789620131.7496893,-22.4609,-26.5137,-30.590799999999998,46.295414040053686,-2.2686767578125,-1.8511962890624998,LEVEL,LEVEL,True,OK
1789620131.7885633,-22.6929,-26.1719,-30.810499999999998,46.35971279322166,-1.3952636718749998,-0.6976318359374999,LEVEL,LEVEL,True,OK
1789620131.828349,-22.522,-26.074199999999998,-31.2988,46.54803187117582,-0.5328369140625,-0.6536865234375001,LEVEL,LEVEL,True,OK
1789620131.868283,-22.583,-25.9766,-31.616199999999996,46.73713447570358,0.1043701171875,-0.7470703124999999,LEVEL,LEVEL,True,OK
1789620131.9082928,-23.4375,-25.390599999999996,-31.7871,46.951237481242174,0.6097412109375,-0.9008789062500001,LEVEL,LEVEL,True,OK
1789620131.949687,-24.3652,-25.1221,-31.8359,47.31075362177187,0.7910156249999999,-0.9997558593749998,LEVEL,LEVEL,True,OK
1789620131.9883022,-24.5605,-24.9756,-31.616199999999996,47.186680939116705,0.8404541015624998,-0.9887695312499998,LEVEL,LEVEL,True,OK
1789620132.0283563,-24.7803,-24.939,-31.201199999999996,47.00565785658148,0.8404541015625,-0.9063720703125001,LEVEL,LEVEL,True,OK
1789620132.0682502,-25.4395,-24.755899999999997,-31.616199999999996,47.5353221036736,0.9338378906250002,-0.780029296875,LEVEL,LEVEL,True,OK
1789620132.1082218,-26.0254,-24.487299999999998,-31.713899999999995,47.77782707135183,0.9503173828125,-0.5657958984375001,LEVEL,LEVEL,True,OK
1789620132.149558,-26.2451,-24.1821,-31.5674,47.645356302372214,0.9942626953125002,-0.2032470703125001,LEVEL,LEVEL,True,OK
1789620132.188314,-26.5137,-23.803699999999996,-31.0303,47.24904167779491,1.153564453125,0.20324707031250006,LEVEL,LEVEL,True,OK
1789620132.228318,-26.879899999999996,-23.4863,-31.664999999999996,47.715904441810586,1.2469482421875,0.6317138671875002,LEVEL,LEVEL,True,OK
1789620132.2686489,-27.270499999999995,-23.3643,-31.909199999999995,48.039231148926596,1.197509765625,1.0656738281249998,LEVEL,LEVEL,True,OK
1789620132.3083282,-27.832,-22.8638,-32.0557,48.21764694517973,1.1151123046875002,1.4117431640625002,LEVEL,LEVEL,True,OK
1789620132.3494937,-28.5645,-22.168,-31.7627,48.1271232834459,1.1315917968749996,1.5161132812499996,LEVEL,LEVEL,True,OK
1789620132.3883307,-29.370099999999997,-21.582,-31.5918,48.23305220748527,1.043701171875,1.4227294921874998,LEVEL,LEVEL,True,OK
1789620132.4283042,-30.3955,-20.8008,-31.543,48.492479312672806,0.8789062500000003,1.1645507812500002,LEVEL,LEVEL,True,OK
1789620132.4683087,-31.3232,-20.2881,-30.957,48.48799551280709,0.5273437500000001,0.8843994140625001,LEVEL,LEVEL,True,OK
1789620132.508305,-32.397499999999994,-19.519,-31.396499999999996,49.156175395366134,0.39550781250000006,0.6262207031250001,LEVEL,LEVEL,True,OK
1789620132.5493324,-33.44729999999999,-18.5303,-30.9814,49.21322018868507,0.406494140625,0.19775390624999997,LEVEL,LEVEL,True,OK
1789620132.5884008,-34.5459,-17.309599999999996,-30.639599999999998,49.31355338170227,0.34606933593750006,-0.18127441406250006,LEVEL,LEVEL,True,OK
1789620132.6283746,-35.5957,-16.1621,-30.029299999999996,49.29529585457419,0.2801513671875,-0.3076171875,LEVEL,LEVEL,True,OK
1789620132.6682925,-36.2549,-15.1733,-30.615199999999998,49.81904533348666,0.34606933593749994,-0.23071289062499997,LEVEL,LEVEL,True,OK
1789620132.7094085,-36.9629,-13.830599999999999,-30.908199999999997,50.12841808804662,0.5877685546875001,-0.19775390624999994,LEVEL,LEVEL,True,OK
1789620132.749713,-37.8418,-11.9568,-30.322299999999995,49.944056410848326,0.9393310546875002,-0.35156250000000006,LEVEL,LEVEL,True,OK
1789620132.7885895,-38.6719,-9.94873,-29.8584,49.85997521843447,1.3238525390625002,-0.6262207031250001,LEVEL,LEVEL,True,OK
1789620132.828383,-39.1357,-8.691409999999998,-29.8584,49.98667495281217,1.8511962890624998,-0.9448242187499996,LEVEL,LEVEL,True,OK
1789620132.8683136,-39.5508,-7.1655299999999995,-30.127,50.23192938580898,2.1697998046875004,-0.9997558593750003,LEVEL,LEVEL,True,OK
1789620132.910552,-39.9902,-5.343629999999999,-29.8584,50.1925744326479,2.164306640625,-0.8679199218749998,LEVEL,LEVEL,True,OK
1789620132.949403,-40.209999999999994,-3.8207999999999998,-29.6143,50.084422499715416,2.1258544921874996,-0.7250976562500003,LEVEL,LEVEL,True,OK
1789620132.9883828,-40.209999999999994,-2.72827,-29.9805,50.23064739223355,2.2357177734375004,-0.5328369140625,LEVEL,LEVEL,True,OK
1789620133.0283775,-40.209999999999994,-1.2710599999999999,-29.760699999999996,50.041572297576735,2.537841796874999,-0.35705566406250017,LEVEL,LEVEL,True,OK
1789620133.0682602,-40.1855,0.476837,-30.175799999999995,50.256150762016865,3.114624023437501,-0.362548828125,LEVEL,LEVEL,True,OK
1789620133.1082585,-40.1123,3.11127,-29.785199999999996,50.05831350877594,3.6529541015625,-0.2581787109375003,LEVEL,LEVEL,True,OK
1789620133.1497226,-39.8438,4.50134,-29.834,49.97857557229498,4.136352539062501,-0.08789062500000024,LEVEL,LEVEL,True,OK
1789620133.1883926,-39.4531,6.43311,-29.6875,49.79236548038364,4.394531249999998,0.07690429687499986,LEVEL,LEVEL,True,OK
1789620133.2283218,-39.0625,7.995609999999999,-29.541,49.62337520284266,4.46044921875,0.1812744140624998,LEVEL,LEVEL,True,OK
1789620133.26827,-38.452099999999994,9.67407,-29.394499999999997,49.35775779981197,4.235229492187501,0.27465820312499983,LEVEL,LEVEL,True,OK
1789620133.3082802,-37.8662,11.1877,-29.3213,49.180813000803475,3.6199951171875,0.2581787109374999,LEVEL,LEVEL,True,OK
1789620133.3493762,-37.2314,12.2864,-29.394499999999997,49.00172855287862,2.6971435546875,0.07690429687499996,LEVEL,LEVEL,True,OK
1789620133.3883133,-36.767599999999995,13.0615,-29.394499999999997,48.85177399296774,1.417236328125,-0.4669189453124998,LEVEL,LEVEL,True,OK
1789620133.4283516,-36.4014,13.842799999999999,-29.3213,48.74857605602445,0.06591796874999994,-1.3128662109375,LEVEL,LEVEL,True,OK
1789620133.4683344,-36.084,14.5386,-29.125999999999998,48.59783762638005,-0.8624267578125,-1.9500732421875,LEVEL,LEVEL,True,OK
1789620133.5083165,-35.40039999999999,15.5396,-29.1992,48.448537325289806,-1.2139892578124998,-2.2576904296874996,LEVEL,LEVEL,True,OK
1789620133.5494637,-34.497099999999996,16.4429,-29.492199999999997,48.27223559832297,-1.2963867187499998,-2.3236083984375,LEVEL,LEVEL,True,OK
1789620133.5883074,-33.8379,17.4683,-29.101599999999998,47.927529707465624,-1.3458251953125,-2.4609375,LEVEL,LEVEL,True,OK
1789620133.6296976,-32.9102,18.7988,-28.54,47.44478628342634,-1.4172363281250004,-2.6806640624999996,LEVEL,LEVEL,True,OK
1789620133.6683424,-31.8115,19.6533,-28.8818,47.248091013076916,-1.494140625,-2.9333496093749996,LEVEL,LEVEL,True,OK
1789620133.7083092,-30.3711,20.898399999999995,-29.0771,46.95342992987839,-1.4776611328125004,-3.0267333984375004,LEVEL,LEVEL,True,OK
1789620133.7495213,-29.394499999999997,21.8628,-28.54,46.43867196733774,-1.4776611328125002,-3.0816650390625,LEVEL,LEVEL,True,OK
1789620133.7883577,-28.7842,22.7661,-27.8809,46.08871948383899,-1.2744140624999998,-3.361816406249999,LEVEL,LEVEL,True,OK
1789620133.8283203,-28.4912,23.0835,-28.1494,46.227536923894185,-0.6701660156249999,-3.6309814453125,LEVEL,LEVEL,True,OK
1789620133.8683193,-28.2959,23.2422,-28.3936,46.33631770663266,-0.15380859374999997,-3.6090087890624996,LEVEL,LEVEL,True,OK
1789620133.9083064,-28.051799999999997,23.522899999999996,-28.3936,46.3295459573046,0.23071289062499997,-3.1036376953125004,LEVEL,LEVEL,True,OK
1789620133.9497273,-27.4658,23.8647,-28.3936,46.15290453145934,0.43945312500000006,-2.6586914062500004,LEVEL,LEVEL,True,OK
1789620133.9883192,-27.1973,24.0479,-28.9307,46.42176239857768,0.8349609375,-1.20849609375,LEVEL,LEVEL,True,OK
1789620134.0283456,-26.611299999999996,24.1455,-29.3213,46.377851304582876,0.7745361328125,-0.5657958984375,LEVEL,LEVEL,True,OK
1789620134.0682921,-26.1475,24.072299999999995,-29.834,46.40296261597959,0.5877685546874999,-0.42297363281249994,LEVEL,LEVEL,True,OK
1789620134.1083412,-25.708,24.462899999999998,-29.7363,46.29883668192971,0.48339843750000017,-0.7360839843749998,LEVEL,LEVEL,True,OK
1789620134.1497364,-25.4883,24.6704,-29.663099999999996,46.24047550209664,0.5218505859375001,-1.2963867187500002,LEVEL,LEVEL,True,OK
1789620134.188315,-25.3174,25.244099999999996,-29.223599999999998,46.1763372792819,0.7196044921874999,-1.7962646484375,LEVEL,LEVEL,True,OK
1789620134.2295756,-25.0977,25.5615,-29.0771,46.13851506008836,0.9118652343750003,-2.1203613281250004,LEVEL,LEVEL,True,OK
1789620134.2683253,-24.9146,25.7324,-29.1992,46.21132960173295,0.999755859375,-2.1478271484375004,LEVEL,LEVEL,True,OK
1789620134.3083568,-24.4141,25.9033,-29.4434,46.19462125897343,0.9613037109374999,-1.8292236328125004,LEVEL,LEVEL,True,OK
1789620134.349622,-23.706099999999996,26.1475,-29.7363,46.15103976239322,1.021728515625,-0.9832763671875,LEVEL,LEVEL,True,OK
1789620134.3883007,-22.509799999999995,26.8066,-29.663099999999996,45.88228853501098,1.2194824218750002,0.20874023437500003,LEVEL,LEVEL,True,OK
1789620134.4283538,-21.7651,26.9531,-30.0781,45.87898513731532,0.7910156249999999,0.7580566406250002,LEVEL,LEVEL,True,OK
1789620134.4683304,-20.9961,26.9531,-30.249,45.63231109444271,0.2362060546875,0.7525634765625,LEVEL,LEVEL,True,OK
1789620134.5082943,-19.9097,27.1729,-30.444299999999995,45.405044334192645,-0.12084960937500004,0.5548095703125001,LEVEL,LEVEL,True,OK
1789620134.5484097,-18.7134,27.3682,-30.542,45.077971059043904,-0.25268554687499994,0.32409667968749994,LEVEL,LEVEL,True,OK
1789620134.5883124,-17.9077,27.661099999999998,-30.1025,44.63163316247793,-0.30761718750000006,0.17028808593750006,LEVEL,LEVEL,True,OK
1789620134.629524,-16.4917,28.051799999999997,-29.4189,43.867429025872944,0.05493164062500002,0.5108642578125,LEVEL,LEVEL,True,OK
1789620134.6683342,-13.8184,28.588899999999995,-29.101599999999998,43.07175994001174,0.8953857421874999,1.3897705078125,LEVEL,LEVEL,True,OK
1789620134.7083473,-10.7483,28.979499999999998,-28.442399999999996,42.00366044644204,1.1096191406249998,1.9830322265624998,LEVEL,LEVEL,True,OK
1789620134.7486367,-9.46045,28.6377,-28.5156,41.50611302992006,0.41748046875000006,1.856689453125,LEVEL,LEVEL,True,OK
1789620134.7883766,-8.01392,28.3447,-28.173799999999996,40.760372156009566,-0.24169921875000003,1.7523193359374998,LEVEL,LEVEL,True,OK
1789620134.8284442,-6.61621,27.8564,-28.8818,40.66831232008651,-1.153564453125,1.4996337890624998,LEVEL,LEVEL,True,OK
1789620134.868338,-4.83093,27.0752,-29.4678,40.30825692764325,-2.0928955078125004,1.4117431640625007,LEVEL,LEVEL,True,OK
1789620134.9082716,-3.23486,26.3672,-29.516599999999997,39.7104927017986,-2.9443359375,1.6204833984374998,LEVEL,LEVEL,True,OK
1789620134.9488013,-1.87531,25.8301,-29.6143,39.34104241242344,-3.2684326171874996,1.9116210937500002,LEVEL,LEVEL,True,OK
1789620134.9883387,-0.973511,25.5615,-29.516599999999997,39.05851611975448,-3.1695556640624996,1.9940185546874993,LEVEL,LEVEL,True,OK
1789620135.028359,-0.200081,25.3662,-29.5898,38.97486881166582,-2.7740478515625,1.3183593750000002,LEVEL,LEVEL,True,OK
1789620135.0683262,0.377846,25.390599999999996,-29.0771,38.60444379044615,-1.8676757812500004,0.31311035156250006,LEVEL,LEVEL,True,OK
1789620135.108385,0.835419,25.4883,-28.7842,38.45622877292521,-1.1975097656249998,-0.5657958984375,LEVEL,LEVEL,True,OK
1789620135.149677,1.23978,25.2197,-28.9551,38.418330762129685,-1.0546875000000002,-1.680908203125,LEVEL,LEVEL,True,OK
1789620135.188319,1.73798,24.7681,-29.223599999999998,38.347074843466224,-1.1645507812499998,-3.114624023437501,LEVEL,LEVEL,True,OK
1789620135.2284324,2.27661,24.096699999999995,-29.4434,38.11492762084299,-1.3623046875,-4.5703125,LEVEL,LEVEL,True,OK
1789620135.2687228,3.08838,23.266599999999997,-30.053699999999996,38.1326323543812,-1.4062500000000004,-5.8392333984375,LEVEL,LEVEL,True,OK
1789620135.3083153,3.8757299999999995,22.5708,-30.249,37.94027275432927,-1.0217285156250007,-6.806030273437499,LEVEL,LEVEL,True,OK
1789620135.348335,5.178829999999999,21.4966,-30.3711,37.56764308469324,-0.5108642578125002,-7.03125,LEVEL,LEVEL,True,OK
1789620135.3883207,6.79321,20.3857,-30.053699999999996,36.94522093971154,-0.20874023437500097,-6.7071533203125,LEVEL,LEVEL,True,OK
1789620135.4283075,7.93457,19.164999999999996,-30.2246,36.65761955235091,-0.2471923828125001,-6.047973632812502,LEVEL,LEVEL,True,OK
1789620135.4683104,9.326169999999998,17.8833,-30.639599999999998,36.68207946557692,-0.45593261718750033,-5.180053710937499,LEVEL,LEVEL,True,OK
1789620135.5083215,10.571299999999999,16.333,-30.444299999999995,36.12996921089194,-0.59326171875,-4.5977783203125,LEVEL,LEVEL,True,OK
1789620135.548403,11.731,15.087899999999998,-30.615199999999998,36.09087915872928,-0.5987548828125,-4.048461914062501,LEVEL,LEVEL,True,OK
1789620135.5883148,12.2742,14.5264,-30.175799999999995,35.668630310680555,-0.3790283203125001,-3.71337890625,LEVEL,LEVEL,True,OK
1789620135.628395,12.8662,13.855,-29.907199999999996,35.38277461251449,0.03295898437499992,-3.4332275390625004,LEVEL,LEVEL,True,OK
1789620135.6683352,13.855,12.634299999999998,-29.760699999999996,35.17507392998627,0.4888916015625001,-3.0487060546875004,LEVEL,LEVEL,True,OK
1789620135.7083068,14.746099999999998,11.389199999999999,-29.6875,35.050092697452314,0.6427001953124999,-2.4224853515625,LEVEL,LEVEL,True,OK
1789620135.7483218,15.222199999999999,10.6873,-29.3457,34.7434002742967,0.7141113281250001,-1.5216064453125004,LEVEL,LEVEL,True,OK
1789620135.7884097,15.808099999999998,9.820559999999999,-28.3691,33.92853163833649,0.8734130859375001,-0.6976318359374999,LEVEL,LEVEL,True,OK
1789620135.828384,16.3574,8.92944,-28.442399999999996,34.00396375767978,0.9173583984375002,-0.15380859374999994,LEVEL,LEVEL,True,OK
1789620135.8684082,16.9678,7.4829099999999995,-28.6377,34.11770860122496,1.021728515625,-0.02197265625000008,LEVEL,LEVEL,True,OK
1789620135.9085577,16.9922,6.44531,-28.710899999999995,33.97929753020359,1.1700439453124998,-0.5493164062499998,LEVEL,LEVEL,True,OK
1789620135.9483044,16.906699999999997,5.13916,-29.1992,34.1297634189808,1.2249755859375,-1.5930175781250002,LEVEL,LEVEL,True,OK
1789620135.9883142,16.784699999999997,4.07104,-29.516599999999997,34.198380024960244,1.0986328125,-2.6037597656250004,LEVEL,LEVEL,True,OK
1789620136.028354,16.6016,2.46735,-30.1025,34.465365874055365,0.6427001953124996,-3.4057617187499996,LEVEL,LEVEL,True,OK
1789620136.0683444,16.6138,0.537872,-30.200199999999995,34.47259399535207,-0.0329589843750003,-3.795776367187501,LEVEL,LEVEL,True,OK
1789620136.1082947,16.687,-1.1512799999999999,-30.249,34.5656392337593,-0.4284667968750002,-3.8012695312500004,LEVEL,LEVEL,True,OK
1789620136.148513,16.7969,-2.5238,-30.175799999999995,34.62779695114894,-0.6536865234375001,-3.0377197265625004,LEVEL,LEVEL,True,OK
1789620136.1883185,16.650399999999998,-4.01001,-30.127,34.654756229991,-0.5767822265624999,-3.0541992187499996,LEVEL,LEVEL,True,OK
1789620136.2282314,16.333,-5.776979999999999,-29.9561,34.60503307512362,-0.5987548828124997,-3.1695556640625,LEVEL,LEVEL,True,OK
1789620136.2682276,15.7593,-7.586669999999999,-30.249,34.94159554426357,-0.9777832031249997,-3.570556640625,LEVEL,LEVEL,True,OK
1789620136.30822,15.319799999999999,-9.04541,-30.566399999999998,35.3669411042021,-1.6479492187499998,-3.4057617187500004,LEVEL,LEVEL,True,OK
1789620136.3481877,14.953599999999998,-10.9314,-29.785199999999996,35.075116506720256,-2.3840332031250004,-3.0596923828124996,LEVEL,LEVEL,True,OK
1789620136.3882098,14.5264,-12.8052,-29.1748,35.016544647352056,-3.065185546875,-2.6367187499999996,LEVEL,LEVEL,True,OK
1789620136.4282262,14.038099999999998,-14.4409,-28.710899999999995,35.07026693981669,-3.6474609374999996,-2.0874023437499996,LEVEL,LEVEL,True,OK
1789620136.4682257,13.3911,-16.0767,-28.54,35.38804094747264,-4.119873046875001,-1.5270996093749996,LEVEL,LEVEL,True,OK
1789620136.5082266,12.634299999999998,-17.968799999999998,-27.636699999999998,35.302839784074024,-4.5098876953125,-1.1645507812500007,LEVEL,LEVEL,True,OK
1789620136.54821,11.6821,-19.824199999999998,-27.0508,35.51360509283731,-4.685668945312499,-0.8569335937499999,LEVEL,LEVEL,True,OK
1789620136.5882,10.8948,-20.764199999999995,-27.0508,35.7993638116657,-4.8779296875,-0.5108642578125002,LEVEL,LEVEL,True,OK
1789620136.62829,9.75952,-22.2778,-26.709,36.123666542453854,-5.663452148437499,-0.9063720703124999,LEVEL,LEVEL,True,OK
1789620136.668227,7.873539999999999,-24.1699,-26.464799999999997,36.69553565737391,-6.372070312499998,-1.7248535156250002,LEVEL,LEVEL,True,OK
1789620136.7093625,5.831909999999999,-25.781199999999995,-26.3672,37.33511327862954,-6.7181396484375,-2.8619384765624996,LEVEL,LEVEL,True,OK
1789620136.7483342,4.06799,-26.8311,-26.5381,37.9569126966367,-6.624755859375,-3.9495849609375004,LEVEL,LEVEL,True,OK
1789620136.7885618,1.98212,-27.8809,-26.0986,38.24147364399547,-6.091918945312501,-4.773559570312499,LEVEL,LEVEL,True,OK
1789620136.8282,-0.346756,-28.6377,-26.9287,39.31148667633337,-5.136108398437498,-5.1251220703125,LEVEL,LEVEL,True,OK
1789620136.8682196,-2.98615,-29.223599999999998,-27.5879,40.29923219110384,-4.103393554687498,-5.213012695312498,LEVEL,LEVEL,True,OK
1789620136.908135,-4.41895,-29.4189,-27.6123,40.58864259374167,-3.224487304687501,-5.130615234375001,LEVEL,LEVEL,True,OK
1789620136.9482765,-6.1615,-29.638699999999996,-27.929699999999997,41.18840567477697,-2.6092529296874987,-4.976806640625,LEVEL,LEVEL,True,OK
1789620136.9881835,-7.61108,-29.638699999999996,-28.1006,41.54545458671021,-1.9940185546875002,-4.9383544921875,LEVEL,LEVEL,True,OK
1789620137.028181,-9.47266,-29.516599999999997,-28.1494,41.873018560829834,-1.5270996093749996,-4.943847656249999,LEVEL,LEVEL,True,OK
1789620137.0682018,-11.1572,-29.492199999999997,-28.466799999999996,42.48095661493512,-1.1865234375,-4.94384765625,LEVEL,LEVEL,True,OK
1789620137.1081614,-12.5488,-29.4678,-28.8086,43.07852193657531,-1.0876464843750004,-4.9163818359375,LEVEL,LEVEL,True,OK
1789620137.1483245,-13.5376,-29.516599999999997,-28.9307,43.49116797477391,-1.12060546875,-4.822998046875001,LEVEL,LEVEL,True,OK
1789620137.188201,-14.8315,-29.2969,-28.7842,43.66705750906512,-1.2854003906249993,-4.8614501953125,LEVEL,LEVEL,True,OK
1789620137.2281792,-16.4795,-29.0527,-28.2471,43.74393621920643,-1.285400390625,-5.0262451171875,LEVEL,LEVEL,True,OK
1789620137.268165,-18.2007,-28.735399999999995,-28.418,44.32348607284855,-1.2469482421875002,-5.119628906249999,LEVEL,LEVEL,True,OK
1789620137.3082092,-19.6289,-28.6377,-28.979499999999998,45.224141746969615,-1.4062500000000002,-5.289916992187501,LEVEL,LEVEL,True,OK
1789620137.3482656,-20.9717,-28.442399999999996,-28.320299999999996,45.28599905864946,-1.5216064453125004,-5.4327392578125,LEVEL,LEVEL,True,OK
1789620137.3881872,-22.644,-27.8809,-27.8809,45.469109355913275,-1.6973876953124996,-5.520629882812498,LEVEL,LEVEL,True,OK
1789620137.4283338,-24.1699,-27.3438,-27.71,45.82260975162807,-1.966552734374999,-5.597534179687499,LEVEL,LEVEL,True,OK
1789620137.468226,-25.1709,-26.9531,-28.076199999999996,46.349938650013335,-2.0928955078125,-5.421752929687499,LEVEL,LEVEL,True,OK
1789620137.5082374,-26.318399999999997,-26.416,-27.832,46.53045732162967,-2.1093750000000004,-4.98779296875,LEVEL,LEVEL,True,OK
1789620137.5481527,-27.3193,-25.8789,-27.807599999999997,46.79021516791732,-2.015991210937499,-4.394531249999999,LEVEL,LEVEL,True,OK
1789620137.5882182,-27.783199999999997,-25.268599999999996,-28.2227,46.977964446003824,-1.8237304687500007,-3.7298583984374987,LEVEL,LEVEL,True,OK
1789620137.628808,-28.466799999999996,-24.609399999999997,-29.1748,47.614600971130685,-1.6973876953124998,-3.1475830078125004,LEVEL,LEVEL,True,OK
1789620137.6682513,-28.9307,-24.0356,-28.832999999999995,47.392376590017086,-1.6754150390624998,-2.763061523437499,LEVEL,LEVEL,True,OK
1789620137.7082112,-29.5898,-23.6206,-29.0771,47.738524828591004,-1.7633056640624998,-2.5048828124999996,LEVEL,LEVEL,True,OK
1789620137.7481585,-29.5898,-23.645,-29.370099999999997,47.929584423923394,-1.8182373046875009,-2.3455810546875,LEVEL,LEVEL,True,OK
1789620137.7881763,-29.760699999999996,-23.3032,-29.516599999999997,47.95798234173326,-1.7468261718749996,-2.142333984375,LEVEL,LEVEL,True,OK
1789620137.8282206,-30.0781,-22.9614,-29.6143,48.051272137790484,-1.746826171875,-1.9665527343749998,LEVEL,LEVEL,True,OK
1789620137.8682265,-30.200199999999995,-22.729499999999998,-29.7119,48.07784574936776,-1.69189453125,-1.7907714843750002,LEVEL,LEVEL,True,OK
1789620137.9081616,-30.2246,-22.5586,-29.8584,48.10343989446077,-1.5875244140625004,-1.5545654296875004,LEVEL,LEVEL,True,OK
1789620137.9482348,-30.200199999999995,-22.4487,-30.0781,48.17352292847181,-1.4062500000000004,-1.3073730468749998,LEVEL,LEVEL,True,OK
1789620137.988174,-29.9561,-22.363299999999995,-30.175799999999995,48.042314887398994,-1.1755371093750002,-1.0821533203124998,LEVEL,LEVEL,True,OK
1789620138.0282001,-29.7363,-22.3755,-30.542,48.14274921460136,-0.9338378906250002,-0.9448242187499998,LEVEL,LEVEL,True,OK
1789620138.0681462,-29.3457,-22.6562,-30.664099999999998,48.111958344469826,-0.8679199218749998,-0.999755859375,LEVEL,LEVEL,True,OK
1789620138.108229,-28.857399999999995,-23.0835,-30.542,47.94174872707502,-1.0382080078125002,-1.2469482421875002,LEVEL,LEVEL,True,OK
1789620138.1483254,-28.54,-23.681599999999996,-30.7373,48.16774221250151,-1.2963867187500002,-1.6094970703125,LEVEL,LEVEL,True,OK
1789620138.188201,-27.3438,-24.5483,-29.9805,47.4250230530255,-1.5545654296875,-1.8896484375000004,LEVEL,LEVEL,True,OK
1789620138.229345,-25.9521,-25.537099999999995,-30.053699999999996,47.21101412287179,-1.7083740234374998,-2.021484375,LEVEL,LEVEL,True,OK
1789620138.2710164,-25.0244,-26.0254,-29.9561,46.913856883974056,-1.7083740234374998,-1.9281005859375004,LEVEL,LEVEL,True,OK
1789620138.3096914,-23.815899999999996,-26.586899999999996,-30.444299999999995,46.913918477462516,-1.5985107421875,-1.6754150390625,LEVEL,LEVEL,True,OK
1789620138.350287,-22.094699999999996,-27.270499999999995,-29.785199999999996,46.03275005232687,-1.6259765624999998,-1.494140625,LEVEL,LEVEL,True,OK
1789620138.3903568,-20.1294,-27.929699999999997,-29.516599999999997,45.34854531305277,-1.7523193359374998,-1.4941406250000002,LEVEL,LEVEL,True,OK
1789620138.431383,-19.0186,-28.442399999999996,-29.638699999999996,45.26731493484012,-1.8292236328125,-1.5710449218749998,LEVEL,LEVEL,True,OK
1789620138.4713929,-17.7856,-28.832999999999995,-29.760699999999996,45.09288991459739,-2.3400878906250004,-1.9610595703125002,LEVEL,LEVEL,True,OK
1789620138.511427,-16.272,-29.2969,-29.101599999999998,44.384563264382805,-2.7136230468749996,-2.2302246093749996,LEVEL,LEVEL,True,OK
1789620138.5513978,-14.5996,-29.760699999999996,-28.54,43.742189984613255,-3.004760742187501,-2.2741699218750004,LEVEL,LEVEL,True,OK
1789620138.591379,-12.6831,-29.8584,-28.8086,43.385717812777976,-3.131103515624999,-2.0654296874999996,LEVEL,LEVEL,True,OK
1789620138.6313584,-10.9436,-29.638699999999996,-29.1748,43.00446341590603,-3.0322265625,-1.680908203125,LEVEL,LEVEL,True,OK
1789620138.6713727,-9.14917,-29.492199999999997,-28.6621,42.130904914787905,-2.9168701171875,-1.20849609375,LEVEL,LEVEL,True,OK
1789620138.7114038,-7.061769999999999,-29.247999999999998,-28.710899999999995,41.58881915061907,-2.867431640624999,-0.8349609375,LEVEL,LEVEL,True,OK
1789620138.751529,-4.913329999999999,-29.0283,-28.6865,41.10593989715963,-2.9168701171874996,-0.692138671875,LEVEL,LEVEL,True,OK
1789620138.7916124,-2.4536099999999994,-28.173799999999996,-29.0771,40.56181643962829,-3.0981445312499996,-0.7305908203125001,LEVEL,LEVEL,True,OK
1789620138.8323715,-0.8270259999999999,-27.539099999999998,-28.4912,39.63375427908232,-3.2299804687500004,-0.7690429687500001,LEVEL,LEVEL,True,OK
1789620138.8724194,1.0711699999999997,-26.6846,-28.442399999999996,39.015194477138,-3.2464599609375004,-0.8679199218749999,LEVEL,LEVEL,True,OK
1789620138.912399,2.58636,-25.9766,-28.466799999999996,38.62423731091139,-3.3837890625000004,-1.0162353515625002,LEVEL,LEVEL,True,OK
1789620138.9523625,4.422,-25.0732,-28.4912,38.20952655660627,-3.5815429687499996,-1.1920166015624998,LEVEL,LEVEL,True,OK
1789620138.992407,5.89294,-23.9014,-28.5645,37.708544443582014,-3.6639404296874996,-1.4392089843749998,LEVEL,LEVEL,True,OK
1789620139.0324156,7.07397,-22.644,-28.5645,37.1311519860467,-3.7408447265625004,-1.86767578125,LEVEL,LEVEL,True,OK
1789620139.0724123,7.94067,-21.7773,-28.6377,36.8432204975203,-3.9935302734375,-2.427978515625,LEVEL,LEVEL,True,OK
1789620139.1123927,8.78906,-20.813,-28.832999999999995,36.63018473450004,-4.306640625,-2.9223632812500013,LEVEL,LEVEL,True,OK
1789620139.154478,9.57642,-20.1172,-29.125999999999998,36.67060719236048,-4.5098876953125,-3.147583007812499,LEVEL,LEVEL,True,OK
1789620139.1933322,10.4248,-19.0186,-29.101599999999998,36.29444480302736,-4.7076416015625,-3.2189941406250004,LEVEL,LEVEL,True,OK
1789620139.233393,11.0962,-17.8833,-28.9307,35.776018166084384,-5.020751953124999,-3.18603515625,LEVEL,LEVEL,True,OK
1789620139.2733629,11.5967,-17.431599999999996,-28.7598,35.57344832160638,-5.361328124999998,-2.993774414062499,LEVEL,LEVEL,True,OK
1789620139.3134205,12.2009,-16.9434,-28.6377,35.440917393035974,-5.718383789062501,-2.8070068359375,LEVEL,LEVEL,True,OK
1789620139.3553457,12.9517,-16.0767,-28.8818,35.50162231532525,-5.9820556640625,-2.6531982421875,LEVEL,LEVEL,True,OK
1789620139.394377,13.5742,-15.1245,-28.4912,34.99654101950648,-6.13037109375,-2.3455810546875,LEVEL,LEVEL,True,OK
1789620139.4344494,14.099099999999998,-14.367699999999997,-28.6621,35.024725559381615,-6.0150146484375,-1.8731689453125009,LEVEL,LEVEL,True,OK
1789620139.474376,14.5874,-13.500999999999998,-28.9551,35.12074964703914,-5.7843017578125,-1.4282226562499998,LEVEL,LEVEL,True,OK
1789620139.5144424,15.100099999999998,-12.7319,-28.418,34.60775955793729,-5.9271240234375,-1.3568115234375,LEVEL,LEVEL,True,OK
1789620139.5564072,15.5396,-11.4746,-28.5156,34.44248911852917,-6.366577148437499,-1.5655517578125,LEVEL,LEVEL,True,OK
1789620139.595325,16.0034,-10.3577,-28.4912,34.280303941038795,-5.998535156250002,-0.9887695312500004,LEVEL,LEVEL,True,OK
1789620139.6385064,16.7114,-8.57544,-28.857399999999995,34.431941506595294,-5.350341796875001,-0.027465820312500073,LEVEL,LEVEL,True,OK
1789620139.67748,17.2974,-7.20215,-28.027299999999997,33.71350703609015,-5.2679443359375,0.7031249999999998,LEVEL,LEVEL,True,OK
1789620139.717391,17.8345,-5.6488,-27.5879,33.33272503261622,-5.9710693359375,1.197509765625,LEVEL,LEVEL,True,OK
1789620139.757385,18.2983,-4.43115,-27.514599999999998,33.33940740883827,-6.718139648437499,2.021484375,LEVEL,LEVEL,True,OK
1789620139.797812,18.518099999999997,-3.3904999999999994,-27.3193,33.17769838837528,-8.096923828125002,2.3565673828125004,LEVEL,LEVEL,True,OK
1789620139.838648,18.640099999999997,-2.58179,-27.246099999999995,33.11297227408164,-9.217529296874998,2.8015136718749996,LEVEL,LEVEL,True,OK
1789620139.8774161,18.7256,-1.35117,-27.1729,33.02787080843844,-9.508666992187498,3.2684326171875,LEVEL,LEVEL,True,OK
1789620139.917398,18.5913,0.259972,-27.5879,33.26854742156297,-8.9703369140625,3.367309570312501,LEVEL,LEVEL,True,OK
1789620139.9574316,18.1274,2.27966,-27.807599999999997,33.272542707698186,-7.8002929687499964,3.004760742187499,LEVEL,LEVEL,True,OK
1789620139.9974086,17.6392,3.80859,-28.1006,33.39596464826402,-6.3885498046875,2.252197265625,LEVEL,LEVEL,True,OK
1789620140.0374014,16.9434,5.670169999999999,-28.588899999999995,33.712828932008954,-4.9163818359375,1.3787841796875,LEVEL,LEVEL,True,OK
1789620140.077457,16.0889,7.65381,-29.247999999999998,34.2473212781102,-3.7023925781250004,0.48339843750000033,LEVEL,LEVEL,True,OK
1789620140.1173701,15.454099999999999,9.5459,-28.9551,34.18115313487829,-2.9937744140624996,0.5548095703124998,LEVEL,LEVEL,True,OK
1789620140.1574912,15.4053,10.8459,-27.807599999999997,33.58897784482284,-2.9223632812500004,2.5762939453125,LEVEL,LEVEL,True,OK
1789620140.1974328,15.234399999999999,12.5977,-27.661099999999998,33.9989035390849,-3.4661865234375,4.833984375000001,LEVEL,LEVEL,True,OK
1789620140.2384317,14.355499999999997,14.4531,-28.1006,34.7075813075472,-4.432983398437499,5.383300781249999,LEVEL,LEVEL,True,OK
1789620140.2774158,12.976099999999999,15.8813,-28.2471,34.906926523399335,-5.4986572265625,4.361572265625,LEVEL,LEVEL,True,OK
1789620140.3173654,11.0901,17.5537,-28.979499999999998,35.650163000328625,-6.383056640625002,3.49365234375,LEVEL,LEVEL,True,OK
1789620140.3574593,9.05151,19.1162,-29.7363,36.491183502458505,-7.218017578125001,3.9221191406250004,LEVEL,LEVEL,True,OK
1789620140.3973858,7.30591,20.1172,-30.5176,37.274682648254704,-7.75634765625,4.476928710937501,LEVEL,LEVEL,True,OK
1789620140.4386928,6.890869999999999,19.8853,-30.810499999999998,37.312144882020654,-9.2559814453125,2.9113769531250018,LEVEL,LEVEL,True,OK
1789620140.477437,7.35474,18.5303,-31.543,37.3152122807522,-10.398559570312502,2.0379638671875013,LEVEL,LEVEL,True,OK
1789620140.5173917,8.24585,17.4927,-31.957999999999995,37.35374625807296,-10.772094726562502,2.3565673828125013,LEVEL,LEVEL,True,OK
1789620140.557405,9.19189,16.8335,-31.7627,37.104267615896966,-10.61279296875,3.9440917968750004,LEVEL,LEVEL,True,OK
1789620140.5974123,10.436999999999998,16.7969,-31.103499999999997,36.8577607955231,-9.937133789062498,5.954589843749999,LEVEL,LEVEL,True,OK
1789620140.639296,10.852099999999998,17.2241,-30.590799999999998,36.74554040778282,-8.953857421874998,7.003784179687499,LEVEL,LEVEL,True,OK
1789620140.6772203,10.553,17.9077,-30.419899999999995,36.843206216343326,-8.140869140624998,6.207275390624997,LEVEL,LEVEL,True,OK
1789620140.7171638,9.729,18.8843,-30.590799999999998,37.24335205281608,-7.327880859374997,5.592041015624998,LEVEL,LEVEL,True,OK
1789620140.7581394,8.77075,19.824199999999998,-30.5176,37.433258887819264,-6.476440429687502,5.668945312500002,LEVEL,LEVEL,True,OK
1789620140.798184,7.69653,21.228,-30.053699999999996,37.591081944138026,-5.2459716796875,6.004028320312501,LEVEL,LEVEL,True,OK
1789620140.8387873,6.524659999999999,22.4609,-29.541,37.679356389482024,-3.8287353515624996,6.020507812499999,LEVEL,LEVEL,True,OK
1789620140.8772576,4.37927,24.462899999999998,-29.0039,38.1947338955634,-2.3895263671875004,5.152587890625,LEVEL,LEVEL,True,OK
1789620140.9172575,1.98212,25.9766,-28.5156,38.6244998752657,-1.1810302734375,4.185791015625001,LEVEL,LEVEL,True,OK
1789620140.957137,-0.32444,27.0508,-28.2959,39.1472731970389,-0.08239746093750046,3.878173828125,LEVEL,LEVEL,True,OK
1789620140.9971416,-2.49329,28.125,-27.4414,39.37337366779865,0.9722900390624999,3.630981445312501,LEVEL,LEVEL,True,OK
1789620141.03741,-4.33655,28.857399999999995,-27.417,40.04056804869906,1.7468261718749998,3.3508300781249996,LEVEL,LEVEL,True,OK
1789620141.0772684,-6.53076,29.394499999999997,-27.392599999999998,40.70678065368962,2.1807861328125,2.98828125,LEVEL,LEVEL,True,OK
1789620141.1172392,-8.77075,29.8828,-27.0508,41.25110388877491,2.6422119140625004,2.1697998046875,LEVEL,LEVEL,True,OK
1789620141.1572287,-10.522499999999999,30.1025,-26.342799999999997,41.36213998743295,3.0377197265625,1.5270996093749998,LEVEL,LEVEL,True,OK
1789620141.1972055,-12.109399999999999,30.1514,-26.7822,42.107371411191174,2.768554687500001,2.010498046875001,LEVEL,LEVEL,True,OK
1789620141.2393188,-13.6719,29.809599999999996,-27.5635,42.8401637954385,2.2961425781249996,2.3126220703125004,LEVEL,LEVEL,True,OK
1789620141.2772179,-15.0757,29.492199999999997,-27.539099999999998,43.07515084291638,1.6314697265625004,2.1313476562499996,LEVEL,LEVEL,True,OK
1789620141.3172505,-16.503899999999998,29.272499999999997,-27.270499999999995,43.277455351603095,1.4501953125000002,1.0491943359375,LEVEL,LEVEL,True,OK
1789620141.3571868,-18.1763,28.857399999999995,-27.514599999999998,43.819865695937494,1.6040039062500002,0.8898925781250002,LEVEL,LEVEL,True,OK
1789620141.3972366,-19.7632,28.5156,-27.6855,44.38705247986174,1.8511962890624996,1.2359619140625002,LEVEL,LEVEL,True,OK
1789620141.4377525,-20.7153,28.2959,-27.5635,44.60412697441796,2.186279296875,1.5161132812500002,LEVEL,LEVEL,True,OK
1789620141.477258,-22.094699999999996,27.9541,-27.3193,44.89934996623002,2.4884033203125,1.5051269531249998,LEVEL,LEVEL,True,OK
1789620141.5172248,-23.4619,27.514599999999998,-27.4658,45.40797434823535,2.548828125,1.4666748046875007,LEVEL,LEVEL,True,OK
1789620141.5572162,-24.755899999999997,26.8311,-27.4902,45.69982065675969,2.3675537109375,1.2139892578125,LEVEL,LEVEL,True,OK
1789620141.5972118,-25.781199999999995,26.342799999999997,-27.6123,46.05488569706801,1.9555664062500002,0.3131103515625,LEVEL,LEVEL,True,OK
1789620141.6384363,-27.123999999999995,25.537099999999995,-27.661099999999998,46.400337343816794,1.7193603515625,0.12084960937500001,LEVEL,LEVEL,True,OK
1789620141.6771815,-27.7344,24.987799999999996,-27.7344,46.5057419633318,1.5655517578124998,0.714111328125,LEVEL,LEVEL,True,OK
1789620141.7172153,-28.54,23.9868,-28.125,46.70025480915495,1.23046875,1.1920166015625002,LEVEL,LEVEL,True,OK
1789620141.7571232,-29.3213,23.0713,-28.442399999999996,46.9147485886901,0.3570556640625,0.7196044921874999,LEVEL,LEVEL,True,OK
1789620141.7976213,-30.3711,22.0581,-28.54,47.15395095662716,-0.13732910156249997,0.38452148437500006,LEVEL,LEVEL,True,OK
1789620141.8394141,-31.3477,21.0571,-28.4912,47.305689225927146,-0.42846679687500006,0.2581787109375001,LEVEL,LEVEL,True,OK
1789620141.8772588,-31.957999999999995,20.3857,-28.6377,47.50798237959595,-0.6207275390625001,0.12634277343750003,LEVEL,LEVEL,True,OK
1789620141.9182317,-32.8613,19.4214,-28.613299999999995,47.70510195503201,-0.7360839843749999,0.09887695312499997,LEVEL,LEVEL,True,OK
1789620141.9582343,-33.6182,18.1152,-28.979499999999998,47.939078657500296,-0.7690429687500001,0.032958984375,LEVEL,LEVEL,True,OK
1789620141.9982233,-34.64359999999999,16.9556,-28.6865,48.06856222698989,-0.6042480468750001,-0.36804199218749994,LEVEL,LEVEL,True,OK
1789620142.0393968,-35.71779999999999,15.5396,-29.0771,48.60779926524137,-0.1812744140625,-0.8239746093750001,LEVEL,LEVEL,True,OK
1789620142.0793035,-36.6455,14.611799999999999,-28.6621,48.763852861520284,0.35156249999999994,-1.1041259765624998,LEVEL,LEVEL,True,OK
1789620142.120346,-37.670899999999996,13.1348,-28.588899999999995,49.0810032605284,1.0931396484375002,-1.2744140625000002,LEVEL,LEVEL,True,OK
1789620142.1602755,-38.4033,11.9934,-28.2471,49.158455558123464,1.9995117187500004,-1.23046875,LEVEL,LEVEL,True,OK
1789620142.200182,-38.9648,9.96704,-29.1992,49.70101413494095,2.894897460937501,-0.8789062500000002,LEVEL,LEVEL,True,OK
1789620142.240323,-39.2822,8.57544,-29.834,50.06692485097921,3.779296874999999,-0.47790527343749994,LEVEL,LEVEL,True,OK
1789620142.2803178,-39.623999999999995,7.44629,-29.5898,50.010647614324085,4.614257812499999,-0.24169921874999986,LEVEL,LEVEL,True,OK
1789620142.3203025,-40.06349999999999,6.573489999999999,-28.8818,49.82422276634227,4.965820312500001,-1.131591796875,LEVEL,LEVEL,True,OK
1789620142.3603745,-40.6006,5.96313,-28.8818,50.18093274339268,5.976562499999999,-2.0654296875,LEVEL,LEVEL,True,OK
1789620142.4002767,-40.844699999999996,5.65186,-29.0283,50.426929714584055,7.6959228515625,-1.9171142578125,LEVEL,LEVEL,True,OK
1789620142.4414692,-40.844699999999996,5.59998,-28.710899999999995,50.23907914064906,8.898925781249998,-1.6040039062500004,LEVEL,LEVEL,True,OK
1789620142.48127,-40.869099999999996,5.551149999999999,-28.3691,50.05900953816905,9.662475585937498,-1.3842773437499996,LEVEL,LEVEL,True,OK
1789620142.5213995,-40.918,4.95911,-28.9307,50.35733212236427,10.250244140625004,-1.5930175781249996,LEVEL,LEVEL,True,OK
1789620142.5612805,-41.2109,4.19617,-28.8818,50.49855931330022,10.382080078125002,-2.3071289062500018,LEVEL,LEVEL,True,OK
1789620142.6013024,-41.6748,3.27454,-28.710899999999995,50.71318710218871,10.17333984375,-3.3563232421875004,LEVEL,LEVEL,True,OK
1789620142.6413229,-42.333999999999996,2.0004299999999997,-28.051799999999997,50.82393884209389,9.700927734375,-4.482421875000001,LEVEL,LEVEL,True,OK
1789620142.6813512,-42.6025,1.2885999999999997,-27.807599999999997,50.89102193874672,9.6240234375,-5.015258789062501,LEVEL,LEVEL,True,OK
1789620142.7213306,-42.6025,0.41351299999999996,-28.051799999999997,51.01026840246157,10.0634765625,-4.8175048828125,LEVEL,LEVEL,True,OK
1789620142.7612476,-42.4072,-0.35553,-28.466799999999996,51.076958755009095,10.343627929687496,-4.471435546874999,LEVEL,LEVEL,True,OK
1789620142.8015127,-42.21189999999999,-1.5235899999999998,-28.832999999999995,51.14203473756299,10.222778320312502,-4.4329833984375,LEVEL,LEVEL,True,OK
1789620142.8413634,-41.8701,-2.6535,-29.2969,51.17083823692944,9.997558593749998,-3.878173828124999,LEVEL,LEVEL,True,OK
1789620142.8813834,-41.2109,-3.6926299999999994,-30.0781,51.153356632159536,9.783325195312502,-2.960815429687501,LEVEL,LEVEL,True,OK
1789620142.921411,-40.6006,-4.52576,-30.566399999999998,51.02152519180115,9.327392578124998,-1.8292236328125007,LEVEL,LEVEL,True,OK
1789620142.9614143,-39.7217,-5.86243,-31.5918,51.09034511172243,9.0142822265625,-1.0986328124999996,LEVEL,LEVEL,True,OK
1789620143.0018404,-39.160199999999996,-6.628419999999999,-31.884799999999995,50.93228530879406,9.179077148437498,-0.8843994140624983,LEVEL,LEVEL,True,OK
1789620143.042365,-38.9648,-7.366939999999999,-32.080099999999995,51.00647272664126,9.42626953125,-1.3128662109374996,LEVEL,LEVEL,True,OK
1789620143.081373,-39.209,-7.922359999999999,-31.8604,51.13897297687547,9.656982421875002,-2.5927734374999987,LEVEL,LEVEL,True,OK
1789620143.121491,-39.4043,-9.277339999999999,-31.0059,50.99150645720913,9.64599609375,-4.960327148437499,LEVEL,LEVEL,True,OK
1789620143.1623719,-39.502,-11.1572,-29.8828,50.77275698324841,8.7835693359375,-6.976318359375001,LEVEL,LEVEL,True,OK
1789620143.202401,-39.0869,-13.3423,-29.834,50.949683776251256,7.553100585937499,-7.772827148437498,LEVEL,LEVEL,True,OK
1789620143.2424014,-37.915,-15.5273,-30.2246,50.91336480188674,6.223754882812502,-7.163085937500001,LEVEL,LEVEL,True,OK
1789620143.2823565,-36.450199999999995,-17.2607,-30.029299999999996,50.28228020903586,5.394287109375,-6.784057617187499,LEVEL,LEVEL,True,OK
1789620143.3224418,-34.9609,-18.8232,-29.834,49.66532938630328,4.768066406250001,-6.141357421874999,LEVEL,LEVEL,True,OK
1789620143.3624184,-33.300799999999995,-20.251499999999997,-30.639599999999998,49.576724589770954,4.3011474609375,-5.597534179687501,LEVEL,LEVEL,True,OK
1789620143.402393,-31.8359,-21.289099999999998,-30.957,49.24516378914786,3.7683105468749987,-4.888916015624998,LEVEL,LEVEL,True,OK
1789620143.4423902,-30.297899999999995,-22.497599999999995,-30.664099999999998,48.6250118661168,2.9443359374999996,-4.762573242187501,LEVEL,LEVEL,True,OK
1789620143.4823513,-29.1748,-23.3398,-30.1025,47.979951285198275,1.9830322265624998,-4.812011718749999,LEVEL,LEVEL,True,OK
1789620143.5224214,-28.125,-24.1455,-29.9805,47.67442894781227,0.7525634765624998,-4.2462158203125,LEVEL,LEVEL,True,OK
1789620143.5623667,-26.5625,-25.0732,-30.3955,47.51966103351327,-0.09887695312499999,-2.999267578125,LEVEL,LEVEL,True,OK
1789620143.6024473,-25.292999999999996,-25.3174,-30.7373,47.17508031842659,-0.26367187499999994,-1.4007568359375004,LEVEL,LEVEL,True,OK
1789620143.6423635,-24.6582,-25.3174,-31.152299999999997,47.1111808946666,-0.060424804687500146,-1.1096191406250002,LEVEL,LEVEL,True,OK
1789620143.6828585,-24.5605,-25.146499999999996,-30.883799999999997,46.79074400925892,0.2746582031249997,-2.0928955078125,LEVEL,LEVEL,True,OK
1789620143.7223947,-24.352999999999998,-25.244099999999996,-30.6885,46.60597843689155,0.4394531249999998,-3.0157470703125,LEVEL,LEVEL,True,OK
1789620143.762344,-23.877,-25.7324,-30.0781,46.22726077078329,-0.027465820312499844,-3.878173828125001,LEVEL,LEVEL,True,OK
1789620143.803407,-23.4619,-26.2207,-29.9316,46.19400977031546,-0.5987548828124997,-4.3560791015625,LEVEL,LEVEL,True,OK
1789620143.8423908,-22.9248,-26.5625,-29.809599999999996,46.04047255893449,-1.1041259765624998,-4.273681640624999,LEVEL,LEVEL,True,OK
1789620143.8824043,-22.3022,-26.586899999999996,-29.4678,45.52584555271873,-1.4776611328125,-3.8507080078125004,LEVEL,LEVEL,True,OK
1789620143.922365,-21.972699999999996,-26.489299999999997,-29.3213,45.21306441140658,-1.4886474609375002,-3.0157470703125004,LEVEL,LEVEL,True,OK
1789620143.9623654,-21.2036,-26.3916,-30.0781,45.285773738890676,-1.3073730468750002,-2.1533203125000004,LEVEL,LEVEL,True,OK
1789620144.0023825,-20.5566,-26.464799999999997,-30.7861,45.50542160896875,-1.1480712890624998,-1.4447021484375002,LEVEL,LEVEL,True,OK
1789620144.042402,-20.5322,-26.2207,-30.834999999999997,45.3860503935956,-1.0546875000000002,-0.933837890625,LEVEL,LEVEL,True,OK
1789620144.0824208,-20.752,-25.8789,-30.908199999999997,45.33960516424906,-1.1096191406250004,-0.46142578125,LEVEL,LEVEL,True,OK
1789620144.122549,-20.2026,-25.8545,-30.9814,45.12701367218975,-1.3018798828125,0.22521972656249994,LEVEL,LEVEL,True,OK
1789620144.1623206,-19.4702,-26.074199999999998,-31.0547,44.98162942546657,-1.6204833984375,0.9667968750000003,LEVEL,LEVEL,True,OK
1789620144.2033617,-19.5068,-26.2207,-31.201199999999996,45.18357263619157,-1.9610595703124996,1.2689208984374993,LEVEL,LEVEL,True,OK
1789620144.243336,-19.8608,-26.2939,-31.4941,45.581782420831246,-1.9775390625000004,0.6152343749999999,LEVEL,LEVEL,True,OK
1789620144.2824385,-19.8608,-26.2207,-31.079099999999997,45.25358485181036,-1.8511962890624998,0.2636718750000001,LEVEL,LEVEL,True,OK
1789620144.3224154,-19.811999999999998,-26.1719,-30.664099999999998,44.91960287469158,-1.8841552734374998,0.35705566406250006,LEVEL,LEVEL,True,OK
1789620144.3623352,-19.689899999999998,-26.1719,-31.2744,45.2851919172261,-1.9500732421875,0.9008789062499999,LEVEL,LEVEL,True,OK
1789620144.4023798,-19.5312,-26.001,-31.664999999999996,45.38933794890601,-1.8621826171875007,1.0656738281249998,LEVEL,LEVEL,True,OK
1789620144.4423373,-19.3848,-26.049799999999998,-31.5918,45.30346982649342,-1.6973876953125002,0.9777832031250004,LEVEL,LEVEL,True,OK
1789620144.482386,-19.5312,-25.8301,-31.2744,45.01943952127792,-1.5765380859375,0.9777832031249999,LEVEL,LEVEL,True,OK
1789620144.5223618,-19.445799999999995,-25.927699999999998,-31.640599999999996,45.293623538970685,-1.5435791015625002,1.0107421875,LEVEL,LEVEL,True,OK
1789620144.5624561,-19.433599999999995,-25.9033,-31.7627,45.35983764455071,-1.4556884765625,1.1865234374999998,LEVEL,LEVEL,True,OK
1789620144.602349,-19.311499999999995,-25.781199999999995,-31.957999999999995,45.37530241981864,-1.3183593750000002,1.2194824218750004,LEVEL,LEVEL,True,OK
1789620144.642422,-19.3237,-25.781199999999995,-31.8359,45.29459331907065,-1.2963867187500002,1.2799072265625,LEVEL,LEVEL,True,OK
1789620144.682409,-19.311499999999995,-25.7324,-31.8359,45.26162801778124,-1.3128662109375002,1.2030029296875,LEVEL,LEVEL,True,OK
1789620144.722361,-19.287099999999995,-25.781199999999995,-31.8115,45.26183858505971,-1.3238525390624998,1.2249755859375,LEVEL,LEVEL,True,OK
1789620144.7623694,-19.104,-25.781199999999995,-31.957999999999995,45.28738073061854,-1.2139892578124998,1.2908935546874998,LEVEL,LEVEL,True,OK
1789620144.802451,-19.2139,-25.6104,-31.884799999999995,45.18525215609624,-1.03271484375,1.2084960937499998,LEVEL,LEVEL,True,OK
1789620144.8423762,-19.1772,-25.6104,-32.0312,45.27311963450277,-0.9008789062500001,1.1865234375,LEVEL,LEVEL,True,OK
1789620144.8823807,-19.164999999999996,-25.4395,-32.0312,45.171486124434736,-0.85693359375,1.219482421875,LEVEL,LEVEL,True,OK
1789620144.9223533,-19.4946,-25.390599999999996,-31.8604,45.16422351463601,-0.8679199218749999,1.1700439453125002,LEVEL,LEVEL,True,OK
1789620144.9624217,-18.9941,-25.5859,-32.0557,45.19935858073652,-0.9393310546874998,1.12060546875,LEVEL,LEVEL,True,OK
1789620145.002445,-19.1162,-25.5615,-32.0557,45.23701235912911,-0.9503173828125,1.1041259765625002,LEVEL,LEVEL,True,OK
1789620145.0433812,-19.1772,-25.6104,-32.1289,45.34229596315123,-0.8679199218749999,0.9613037109374999,LEVEL,LEVEL,True,OK
1789620145.0833814,-19.567899999999998,-25.390599999999996,-32.25099999999999,45.47210441325538,-0.7965087890625,0.933837890625,LEVEL,LEVEL,True,OK
1789620145.1231298,-19.2749,-25.3418,-32.0312,45.1633299335866,-0.7305908203125001,0.9558105468749999,LEVEL,LEVEL,True,OK
1789620145.1624482,-19.0186,-25.3662,-31.713899999999995,44.8433127858547,-0.7415771484375001,0.9613037109375001,LEVEL,LEVEL,True,OK
1789620145.202398,-19.2261,-25.414999999999996,-32.2998,45.374466677306515,-0.7031250000000001,0.9887695312500002,LEVEL,LEVEL,True,OK
1789620145.2424126,-19.4214,-25.3662,-32.7393,45.74381537311902,-0.538330078125,1.0711669921875002,LEVEL,LEVEL,True,OK
1789620145.2823613,-19.164999999999996,-25.1953,-32.3242,45.2432787575127,-0.384521484375,1.1041259765625,LEVEL,LEVEL,True,OK
1789620145.3223782,-18.9819,-25.0244,-31.7627,44.66992538901313,-0.25268554687499994,1.2030029296874998,LEVEL,LEVEL,True,OK
1789620145.3623846,-18.7988,-25.1221,-32.2754,45.013511693823666,-0.21423339843750006,1.20849609375,LEVEL,LEVEL,True,OK
1789620145.4054165,-19.1284,-25.0977,-32.666,45.418694255229305,-0.14282226562500008,1.3623046875,LEVEL,LEVEL,True,OK
1789620145.4443855,-18.7988,-25.244099999999996,-32.4219,45.18671337749627,-0.17578124999999994,1.4227294921874998,LEVEL,LEVEL,True,OK
1789620145.4844565,-19.0796,-25.0732,-31.909199999999995,44.842987623930675,-0.2362060546875,1.16455078125,LEVEL,LEVEL,True,OK
1789620145.524349,-19.0063,-25.0244,-32.2021,44.99372488981103,-0.25817871093750017,1.1700439453125002,LEVEL,LEVEL,True,OK
1789620145.5646226,-19.055199999999996,-25.0244,-32.4219,45.171903236525246,-0.164794921875,1.0546875000000002,LEVEL,LEVEL,True,OK
1789620145.60439,-19.164999999999996,-25.1221,-32.373,45.237465251824176,-0.18676757812499997,1.1260986328124998,LEVEL,LEVEL,True,OK
1789620145.644361,-19.2139,-25.1709,-32.4463,45.33773862589532,-0.20874023437499997,1.109619140625,LEVEL,LEVEL,True,OK
1789620145.68449,-19.2139,-25.0244,-32.397499999999994,45.221593899596236,-0.23620605468750006,1.1590576171875,LEVEL,LEVEL,True,OK
1789620145.7243989,-19.2505,-24.9268,-32.2754,45.09577090648302,-0.24169921874999992,1.1260986328125002,LEVEL,LEVEL,True,OK
1789620145.7647872,-19.2505,-24.9268,-32.0557,44.938791828218974,-0.24169921874999997,1.142578125,LEVEL,LEVEL,True,OK
1789620145.8043923,-19.189499999999995,-25.0977,-32.397499999999994,45.251844844050275,-0.25268554687499994,1.1480712890624998,LEVEL,LEVEL,True,OK
1789620145.8443947,-19.1284,-25.146499999999996,-32.4463,45.288017537754946,-0.2581787109375001,1.1480712890625,LEVEL,LEVEL,True,OK
1789620145.8844728,-19.104,-25.0977,-32.3486,45.1806295136533,-0.26367187499999983,1.1700439453125,LEVEL,LEVEL,True,OK
1789620145.9243479,-19.433599999999995,-24.999999999999996,-32.2021,45.16237431059177,-0.263671875,1.1535644531250004,LEVEL,LEVEL,True,OK
1789620145.9643908,-18.9209,-25.146499999999996,-32.3486,45.130686245834994,-0.26367187500000006,1.1700439453125002,LEVEL,LEVEL,True,OK
1789620146.0043952,-18.8721,-25.1709,-32.7393,45.40475888835883,-0.26916503906250006,1.1700439453125,LEVEL,LEVEL,True,OK
1789620146.0468001,-19.0674,-25.1953,-32.4219,45.271939261091966,-0.26916503906250006,1.1755371093750002,LEVEL,LEVEL,True,OK
1789620146.085509,-19.458,-25.0488,-32.5195,45.42657840614897,-0.27465820312500006,1.1865234374999998,LEVEL,LEVEL,True,OK
1789620146.1256437,-19.164999999999996,-25.1221,-32.4463,45.28994940491764,-0.27465820312500006,1.1810302734375,LEVEL,LEVEL,True,OK
1789620146.1655612,-18.8721,-25.1709,-32.373,45.1413501594713,-0.28015136718750006,1.1920166015625002,LEVEL,LEVEL,True,OK
1789620146.205368,-19.2139,-25.0732,-32.373,45.231078258759204,-0.28015136718750006,1.1865234374999998,LEVEL,LEVEL,True,OK
1789620146.245436,-19.555699999999998,-25.0244,-32.4707,45.42017565289681,-0.28015136718749983,1.1920166015625,LEVEL,LEVEL,True,OK
1789620146.28544,-19.164999999999996,-25.0488,-32.397499999999994,45.214351844187696,-0.28564453125000006,1.197509765625,LEVEL,LEVEL,True,OK
1789620146.3267624,-18.9575,-25.146499999999996,-32.080099999999995,44.954044139654435,-0.2911376953125,1.197509765625,LEVEL,LEVEL,True,OK
1789620146.3667417,-19.1284,-24.999999999999996,-32.3242,45.11928182274181,-0.2911376953124999,1.2030029296874998,LEVEL,LEVEL,True,OK
1789620146.4076374,-19.3726,-24.9268,-32.6172,45.393003038353825,-0.29663085937500006,1.20849609375,LEVEL,LEVEL,True,OK
1789620146.446765,-19.042999999999996,-25.0977,-32.373,45.172353528347394,-0.29663085937500006,1.20849609375,LEVEL,LEVEL,True,OK
1789620146.4867537,-19.030799999999996,-25.0488,-32.3242,45.10507328139485,-0.30212402343750006,1.2139892578125,LEVEL,LEVEL,True,OK
1789620146.527939,-18.9697,-25.1221,-32.22659999999999,45.05022945624139,-0.30212402343750006,1.2139892578125,LEVEL,LEVEL,True,OK
1789620146.566635,-19.189499999999995,-25.0732,-32.8125,45.53638572328726,-0.30212402343749994,1.2194824218750002,LEVEL,LEVEL,True,OK
1789620146.6066465,-19.1406,-25.0488,-32.2998,45.13404513047772,-0.3076171875,1.2249755859375,LEVEL,LEVEL,True,OK
1789620146.6470115,-19.2017,-25.0977,-32.397499999999994,45.25701972545253,-0.3076171875000001,1.2249755859375004,LEVEL,LEVEL,True,OK
1789620146.6867304,-19.2017,-25.0488,-32.397499999999994,45.22992008151241,-0.3076171875000001,1.23046875,LEVEL,LEVEL,True,OK
1789620146.7267394,-19.2505,-24.877899999999997,-32.0312,44.89420265579955,-0.3131103515625,1.2304687500000002,LEVEL,LEVEL,True,OK
1789620146.7681031,-19.2383,-24.8413,-32.1777,44.973400470389166,-0.3131103515625,1.2304687500000002,LEVEL,LEVEL,True,OK
1789620146.8069794,-19.1772,-24.9512,-32.2754,45.07803041881932,-0.318603515625,1.2359619140625002,LEVEL,LEVEL,True,OK
1789620146.8465886,-19.104,-25.1221,-32.373,45.21165616751945,-0.318603515625,1.2359619140625002,LEVEL,LEVEL,True,OK
1789620146.8869045,-19.0674,-25.0488,-32.3242,45.12052780985612,-0.3186035156249999,1.241455078125,LEVEL,LEVEL,True,OK
1789620146.9267614,-19.2261,-24.865699999999997,-31.982399999999995,44.84216617715963,-0.32409667968750017,1.241455078125,LEVEL,LEVEL,True,OK
1789620146.966603,-19.1162,-24.877899999999997,-32.104499999999994,44.889173874109105,-0.32409667968750017,1.241455078125,LEVEL,LEVEL,True,OK
1789620147.0067468,-18.8843,-24.999999999999996,-32.6416,45.24478795452576,-0.32409667968749994,1.2469482421875002,LEVEL,LEVEL,True,OK
1789620147.046584,-19.0796,-25.146499999999996,-32.373,45.214917089496026,-0.32958984375,1.2469482421875002,LEVEL,LEVEL,True,OK
1789620147.0868096,-19.4702,-25.0488,-32.5439,45.44927388517885,-0.32958984375,1.2469482421875002,LEVEL,LEVEL,True,OK
1789620147.126795,-19.1284,-25.0488,-32.0312,44.93702083405174,-0.32958984375000006,1.25244140625,LEVEL,LEVEL,True,OK
1789620147.166869,-18.9209,-25.0244,-32.373,45.0802859481836,-0.33508300781249994,1.25244140625,LEVEL,LEVEL,True,OK
1789620147.2068968,-19.2627,-24.9634,-32.2998,45.138675555337244,-0.3350830078125,1.2579345703125004,LEVEL,LEVEL,True,OK
1789620147.2471063,-19.567899999999998,-25.0244,-32.4707,45.42542970913979,-0.3350830078125,1.2579345703125004,LEVEL,LEVEL,True,OK
1789620147.286428,-19.1772,-25.0732,-32.4219,45.25052439132612,-0.3350830078125,1.2579345703125004,LEVEL,LEVEL,True,OK
1789620147.327446,-19.0186,-24.9756,-32.25099999999999,45.0068299519084,-0.340576171875,1.2634277343749998,LEVEL,LEVEL,True,OK
1789620147.3662796,-19.1406,-24.939,-32.1777,44.98578293916868,-0.340576171875,1.2634277343749998,LEVEL,LEVEL,True,OK
1789620147.4073765,-19.397,-24.939,-32.6172,45.41012074240719,-0.340576171875,1.2634277343749998,LEVEL,LEVEL,True,OK
1789620147.446416,-19.042999999999996,-25.146499999999996,-32.397499999999994,45.21703570005445,-0.34057617187500006,1.2689208984374998,LEVEL,LEVEL,True,OK
1789620147.4884057,-19.042999999999996,-25.1221,-32.3486,45.16843676030862,-0.34057617187500006,1.2689208984374998,LEVEL,LEVEL,True,OK
1789620147.5263782,-18.9575,-25.1709,-32.2754,45.10723288143488,-0.3460693359375001,1.2689208984375,LEVEL,LEVEL,True,OK
1789620147.5663197,-19.1406,-25.146499999999996,-32.397499999999994,45.25822617889481,-0.34606933593749994,1.2744140625000002,LEVEL,LEVEL,True,OK
1789620147.6083894,-19.1406,-25.1221,-32.397499999999994,45.24467353203026,-0.3460693359375,1.2744140625000002,LEVEL,LEVEL,True,OK
1789620147.6473446,-19.2017,-25.1709,-32.4219,45.315108841422855,-0.3460693359375,1.2744140625000002,LEVEL,LEVEL,True,OK
1789620147.6873715,-19.2139,-25.1221,-32.4463,45.31066370414364,-0.3515625,1.2744140625,LEVEL,LEVEL,True,OK
1789620147.727364,-19.2261,-25.1221,-32.2754,45.193630909454484,-0.35156249999999994,1.2799072265625002,LEVEL,LEVEL,True,OK
1789620147.7674348,-19.2261,-25.0977,-32.4219,45.284843668825886,-0.35156250000000006,1.2799072265625,LEVEL,LEVEL,True,OK
1789620147.8082902,-19.2017,-25.0732,-32.397499999999994,45.243437616741716,-0.35156250000000006,1.2799072265625,LEVEL,LEVEL,True,OK
1789620147.847386,-19.1772,-25.146499999999996,-32.9102,45.64200615803385,-0.3515625,1.2854003906249998,LEVEL,LEVEL,True,OK
1789620147.8873618,-19.1162,-25.0488,-32.373,45.17612879475177,-0.3570556640625,1.2854003906249996,LEVEL,LEVEL,True,OK
1789620147.9273345,-19.164999999999996,-25.0977,-32.22659999999999,45.11923667184541,-0.35705566406250017,1.2854003906249998,LEVEL,LEVEL,True,OK
1789620147.9674323,-19.0674,-25.0977,-32.397499999999994,45.20020237012219,-0.35705566406250017,1.2854003906249998,LEVEL,LEVEL,True,OK
1789620148.0074115,-18.8599,-25.1709,-32.7881,45.43489337975825,-0.35705566406250017,1.2854003906249998,LEVEL,LEVEL,True,OK
1789620148.047384,-19.0796,-25.2197,-32.4219,45.29066133166969,-0.36254882812499994,1.2908935546875004,LEVEL,LEVEL,True,OK
1789620148.0873892,-19.4092,-25.0977,-32.1289,45.153934547722415,-0.3625488281249999,1.2908935546874998,LEVEL,LEVEL,True,OK
1789620148.127741,-19.0918,-25.1709,-32.2998,45.181280571603985,-0.3625488281249999,1.2908935546874998,LEVEL,LEVEL,True,OK
1789620148.167404,-19.1284,-25.244099999999996,-32.9102,45.675393106244854,-0.3625488281249999,1.2908935546874998,LEVEL,LEVEL,True,OK
1789620148.2073393,-19.2261,-25.0488,-32.4219,45.25776068543383,-0.3625488281249999,1.2908935546874998,LEVEL,LEVEL,True,OK
1789620148.2473624,-19.580099999999998,-25.0732,-32.4951,45.47501729807258,-0.3680419921874999,1.2908935546874998,LEVEL,LEVEL,True,OK
1789620148.2874222,-19.2139,-25.0488,-32.22659999999999,45.112859388537984,-0.3680419921875,1.2963867187500004,LEVEL,LEVEL,True,OK
1789620148.3283923,-18.8843,-25.0244,-32.5439,45.18786130212405,-0.3680419921875,1.2963867187500004,LEVEL,LEVEL,True,OK
1789620148.3673368,-19.152799999999996,-24.9023,-32.1533,44.95318669482732,-0.3680419921875,1.2963867187500004,LEVEL,LEVEL,True,OK
1789620148.407351,-19.1406,-24.939,-32.22659999999999,45.02077339317928,-0.3680419921875,1.2963867187500004,LEVEL,LEVEL,True,OK
1789620148.4478593,-19.030799999999996,-25.1221,-32.373,45.1807745180403,-0.37353515625,1.2963867187500004,LEVEL,LEVEL,True,OK
1789620148.4883468,-18.9209,-25.1221,-32.25099999999999,45.047168237526314,-0.37353515625000006,1.3018798828125004,LEVEL,LEVEL,True,OK
1789620148.5285783,-19.0918,-24.987799999999996,-32.25099999999999,45.04457766568579,-0.37353515625,1.3018798828125004,LEVEL,LEVEL,True,OK
1789620148.568406,-19.152799999999996,-24.9268,-32.1777,44.98421371292378,-0.37353515625,1.3018798828125004,LEVEL,LEVEL,True,OK
1789620148.6082907,-19.152799999999996,-24.9146,-32.1777,44.97745455547702,-0.37353515625,1.3018798828125004,LEVEL,LEVEL,True,OK
1789620148.6483805,-19.164999999999996,-25.146499999999996,-32.397499999999994,45.26855082173494,-0.37353515625,1.3018798828125004,LEVEL,LEVEL,True,OK
1789620148.6883385,-19.3726,-25.0488,-32.4219,45.32018989159246,-0.37902832031250017,1.3018798828125,LEVEL,LEVEL,True,OK
1789620148.7284672,-19.2627,-24.987799999999996,-32.3242,45.169632119046526,-0.37902832031250017,1.3018798828125,LEVEL,LEVEL,True,OK
1789620148.7689972,-18.908699999999996,-24.9634,-32.1777,44.901165380644635,-0.3790283203125001,1.307373046875,LEVEL,LEVEL,True,OK
1789620148.808467,-19.2505,-24.8413,-32.1777,44.9786206239142,-0.3790283203125,1.307373046875,LEVEL,LEVEL,True,OK
1789620148.8483644,-19.2139,-25.146499999999996,-32.9102,45.657438380837796,-0.3790283203125,1.307373046875,LEVEL,LEVEL,True,OK
1789620148.8886814,-19.189499999999995,-25.0244,-32.22659999999999,45.08892605917776,-0.3790283203125,1.307373046875,LEVEL,LEVEL,True,OK
1789620148.9297137,-18.8232,-25.0244,-31.957999999999995,44.74200730409846,-0.3845214843750001,1.3073730468750002,LEVEL,LEVEL,True,OK
1789620148.9696002,-19.0918,-24.9146,-32.1533,44.93404968718043,-0.3845214843750001,1.3073730468750002,LEVEL,LEVEL,True,OK
1789620149.0154588,-19.287099999999995,-24.877899999999997,-32.5439,45.277009199261386,-0.3845214843750001,1.3073730468750002,LEVEL,LEVEL,True,OK
1789620149.0661397,-19.2017,-25.146499999999996,-32.2998,45.21425466796948,-0.3845214843750001,1.3073730468750002,LEVEL,LEVEL,True,OK
1789620149.0999534,-19.0674,-25.146499999999996,-31.933599999999995,44.896180393993426,-0.38452148437499994,1.3128662109375002,LEVEL,LEVEL,True,OK
1789620149.1325412,-19.1772,-25.146499999999996,-32.4219,45.29118083799538,-0.3845214843749999,1.3128662109375,LEVEL,LEVEL,True,OK
1789620149.171994,-19.1284,-25.1221,-32.8369,45.55521481213759,-0.3845214843749999,1.3128662109375,LEVEL,LEVEL,True,OK
1789620149.210582,-19.2261,-25.0488,-32.3486,45.20527872505599,-0.3845214843749999,1.3128662109375,LEVEL,LEVEL,True,OK
1789620149.2504644,-19.2261,-25.0732,-32.2021,45.1141166804804,-0.3845214843749999,1.3128662109375,LEVEL,LEVEL,True,OK
1789620149.2900283,-19.2261,-24.999999999999996,-32.373,45.19573044226633,-0.3845214843749999,1.3128662109375,LEVEL,LEVEL,True,OK
1789620149.3304043,-18.896499999999996,-25.1709,-32.7148,45.39724725244913,-0.3900146484375001,1.3128662109375002,LEVEL,LEVEL,True,OK
1789620149.3703964,-19.152799999999996,-25.0732,-32.3486,45.18768668608739,-0.3900146484375001,1.3128662109375002,LEVEL,LEVEL,True,OK
1789620149.4114726,-19.1162,-25.0244,-32.373,45.16260429603235,-0.3900146484375001,1.3128662109375002,LEVEL,LEVEL,True,OK
1789620149.4503899,-19.1772,-25.0732,-32.25099999999999,45.12823239481023,-0.3900146484375001,1.3128662109375002,LEVEL,LEVEL,True,OK
1789620149.490436,-19.0796,-25.0732,-32.397499999999994,45.19175257334019,-0.3900146484375001,1.3128662109375002,LEVEL,LEVEL,True,OK
1789620149.5303714,-19.0796,-25.0977,-32.3486,45.17031772536031,-0.3900146484375001,1.3183593750000002,LEVEL,LEVEL,True,OK
1789620149.570388,-19.1284,-25.0977,-32.373,45.20842134879297,-0.3900146484375001,1.3183593750000002,LEVEL,LEVEL,True,OK
1789620149.610358,-18.8477,-25.1709,-32.6904,45.35936787765014,-0.3900146484375001,1.3183593750000002,LEVEL,LEVEL,True,OK
1789620149.6515381,-19.3481,-25.0732,-32.4219,45.32321625237997,-0.3900146484375001,1.3183593750000002,LEVEL,LEVEL,True,OK
1789620149.691429,-19.2383,-25.0732,-32.4219,45.276452431037484,-0.3900146484375001,1.3183593750000002,LEVEL,LEVEL,True,OK
1789620149.732437,-19.2627,-25.0977,-32.4463,45.317861161687674,-0.3900146484375001,1.3183593750000002,LEVEL,LEVEL,True,OK
1789620149.7725506,-18.8843,-25.1709,-32.397499999999994,45.164023287900285,-0.39550781250000006,1.318359375,LEVEL,LEVEL,True,OK
1789620149.8124826,-19.2139,-24.999999999999996,-32.373,45.19054195525873,-0.39550781250000006,1.318359375,LEVEL,LEVEL,True,OK
1789620149.85249,-19.4824,-24.999999999999996,-32.3486,45.28792147714443,-0.39550781250000006,1.318359375,LEVEL,LEVEL,True,OK
1789620149.8924615,-19.1284,-25.0244,-32.397499999999994,45.1853326663642,-0.39550781250000006,1.318359375,LEVEL,LEVEL,True,OK
1789620149.9326077,-18.8232,-25.0977,-32.0312,44.835311719335685,-0.39550781250000006,1.318359375,LEFT_SIDE,LEVEL,True,OK
1789620149.9724894,-19.1162,-24.8901,-32.1533,44.930845544458656,-0.39550781250000006,1.318359375,LEFT_SIDE,LEVEL,True,OK
1789620150.014384,-19.3604,-24.8047,-32.3486,45.12793095423277,-0.39550781250000006,1.318359375,LEFT_SIDE,LEVEL,True,OK
1789620150.055962,-19.0674,-25.2197,-32.4463,45.30299542568901,-0.39550781249999983,1.3183593750000004,LEFT_SIDE,LEVEL,True,OK
1789620150.093432,-18.7988,-25.2197,-32.2754,45.068055146522575,-0.39550781249999983,1.3183593750000004,LEFT_SIDE,LEVEL,True,OK
1789620150.1335173,-19.1772,-25.0977,-32.373,45.229091015960066,-0.39550781250000006,1.3238525390624998,LEFT_SIDE,LEVEL,True,OK
1789620150.1734614,-19.2017,-24.987799999999996,-32.6904,45.40658194458155,-0.39550781250000006,1.3238525390624998,LEFT_SIDE,LEVEL,True,OK
1789620150.2134156,-19.3848,-24.865699999999997,-32.2754,45.119562860138615,-0.39550781250000006,1.3238525390624998,LEFT_SIDE,LEVEL,True,OK
1789620150.2544224,-19.042999999999996,-25.146499999999996,-32.104499999999994,45.007568602402856,-0.39550781250000006,1.3238525390624998,LEFT_SIDE,LEVEL,True,OK
1789620150.2944224,-19.2505,-25.0977,-32.4219,45.29520830231383,-0.39550781250000006,1.3238525390624998,LEFT_SIDE,LEVEL,True,OK
1789620150.3344362,-19.2139,-25.0488,-32.4219,45.25257931057632,-0.40100097656250006,1.3238525390624998,LEFT_SIDE,LEVEL,True,OK
1789620150.3744202,-19.1772,-24.877899999999997,-32.1777,44.96753590691845,-0.40100097656250006,1.3238525390624998,LEFT_SIDE,LEVEL,True,OK
1789620150.414565,-19.2139,-24.8413,-32.0068,44.8408227527105,-0.40100097656250006,1.3238525390624998,LEFT_SIDE,LEVEL,True,OK
1789620150.4565275,-19.0796,-25.1221,-32.4219,45.236386285599785,-0.40100097656250006,1.3238525390624998,LEFT_SIDE,LEVEL,True,OK
1789620150.495407,-19.0674,-25.0977,-32.397499999999994,45.20020237012219,-0.40100097656250006,1.3238525390624998,LEFT_SIDE,LEVEL,True,OK
1789620150.5354266,-19.0918,-25.0488,-32.3242,45.13084437854005,-0.40100097656250006,1.3238525390624998,LEFT_SIDE,LEVEL,True,OK
1789620150.5754194,-19.1406,-24.9268,-32.1777,44.97902070843695,-0.40100097656250006,1.3238525390624998,LEFT_SIDE,LEVEL,True,OK
1789620150.615392,-19.1284,-24.9512,-32.373,45.127255589056155,-0.40100097656250006,1.3238525390624998,LEFT_SIDE,LEVEL,True,OK
1789620150.6568987,-19.1772,-25.146499999999996,-32.4219,45.29118083799538,-0.40100097656250006,1.3238525390624998,LEFT_SIDE,LEVEL,True,OK
1789620150.6956189,-19.287099999999995,-25.0732,-31.957999999999995,44.96633572629639,-0.40100097656250006,1.3238525390624998,LEFT_SIDE,LEVEL,True,OK
1789620150.7354786,-19.2627,-25.0977,-32.4707,45.33533406814159,-0.40100097656250006,1.3238525390624998,LEFT_SIDE,LEVEL,True,OK
1789620150.77543,-18.8843,-25.146499999999996,-32.397499999999994,45.15042917835886,-0.40100097656250006,1.3238525390624998,LEFT_SIDE,LEVEL,True,OK
1789620150.8154366,-19.299299999999995,-25.0244,-32.5439,45.36285929105439,-0.4010009765625,1.3238525390624998,LEFT_SIDE,LEVEL,True,OK
1789620150.8553953,-19.433599999999995,-25.0732,-32.1289,45.1508181809588,-0.4010009765625,1.3238525390624998,LEFT_SIDE,LEVEL,True,OK
1789620150.8954294,-19.1284,-25.0488,-32.397499999999994,45.19885036425152,-0.4010009765625,1.3238525390624998,LEFT_SIDE,LEVEL,True,OK
1789620150.9354508,-18.762199999999996,-25.2197,-32.5928,45.280724693516106,-0.40100097656249994,1.329345703125,LEFT_SIDE,LEVEL,True,OK
1789620150.9754102,-19.0796,-25.0977,-32.5684,45.32798649851987,-0.40100097656249994,1.329345703125,LEFT_SIDE,LEVEL,True,OK
1789620151.0154839,-19.4214,-24.987799999999996,-32.3486,45.254975955799594,-0.40100097656249994,1.329345703125,LEFT_SIDE,LEVEL,True,OK
1789620151.0554135,-19.0796,-25.2197,-32.4463,45.30813158738727,-0.40100097656249994,1.329345703125,LEFT_SIDE,LEVEL,True,OK
1789620151.0954037,-18.7988,-25.268599999999996,-32.22659999999999,45.06052346522396,-0.40100097656249994,1.329345703125,LEFT_SIDE,LEVEL,True,OK
1789620151.1393259,-19.1772,-25.1221,-32.4463,45.29511333400105,-0.40100097656249994,1.329345703125,LEFT_SIDE,LEVEL,True,OK
1789620151.1754365,-19.2139,-25.1221,-32.4463,45.31066370414364,-0.40100097656249994,1.329345703125,LEFT_SIDE,LEVEL,True,OK
1789620151.2154913,-19.3604,-25.0732,-32.4707,45.36338617089778,-0.40100097656249994,1.329345703125,LEFT_SIDE,LEVEL,True,OK
1789620151.2554977,-19.0186,-25.146499999999996,-32.0557,44.96244555960007,-0.40100097656249994,1.329345703125,LEFT_SIDE,LEVEL,True,OK
1789620151.2954283,-19.2383,-25.0732,-32.4219,45.276452431037484,-0.40100097656249994,1.329345703125,LEFT_SIDE,LEVEL,True,OK
1789620151.3354254,-19.2017,-25.1221,-32.4707,45.32296933994947,-0.40100097656249994,1.329345703125,LEFT_SIDE,LEVEL,True,OK
1789620151.3754246,-19.152799999999996,-25.1221,-32.397499999999994,45.24983604942673,-0.4064941406249999,1.329345703125,LEFT_SIDE,LEVEL,True,OK
1789620151.4154322,-19.1772,-25.0977,-32.5928,45.386673781739056,-0.4064941406249999,1.329345703125,LEFT_SIDE,LEVEL,True,OK
1789620151.455387,-19.0918,-25.1221,-32.4463,45.25902251860948,-0.4064941406249999,1.329345703125,LEFT_SIDE,LEVEL,True,OK
1789620151.4954565,-19.0796,-25.0732,-32.397499999999994,45.19175257334019,-0.4064941406249999,1.329345703125,LEFT_SIDE,LEVEL,True,OK
1789620151.5354722,-18.9209,-25.1709,-31.982399999999995,44.88260880764397,-0.4064941406249999,1.329345703125,LEFT_SIDE,LEVEL,True,OK
1789620151.5754175,-19.1406,-24.9634,-32.2021,45.01676523618728,-0.4064941406249999,1.329345703125,LEFT_SIDE,LEVEL,True,OK
1789620151.615506,-19.104,-24.9634,-32.4219,45.15876166559486,-0.4064941406249999,1.329345703125,LEFT_SIDE,LEVEL,True,OK
1789620151.6555574,-19.2017,-25.0977,-32.4219,45.27448981258651,-0.4064941406249999,1.329345703125,LEFT_SIDE,LEVEL,True,OK
1789620151.6952987,-19.2627,-25.1221,-31.982399999999995,45.000504768946755,-0.4064941406249999,1.329345703125,LEFT_SIDE,LEVEL,True,OK
1789620151.7386246,-19.2627,-25.0732,-32.4951,45.3392599580099,-0.4064941406249999,1.329345703125,LEFT_SIDE,LEVEL,True,OK
1789620151.7774117,-19.0796,-24.9268,-32.6416,45.28631741442441,-0.4064941406249999,1.329345703125,LEFT_SIDE,LEVEL,True,OK
1789620151.8174286,-19.3359,-24.8413,-32.3486,45.137557936379324,-0.4064941406249999,1.329345703125,LEFT_SIDE,LEVEL,True,OK
1789620151.8573413,-19.458,-24.9268,-32.0068,44.99327025767298,-0.4064941406249999,1.329345703125,LEFT_SIDE,LEVEL,True,OK
1789620151.8973913,-19.1406,-25.0488,-32.4219,45.221505386375625,-0.4064941406249999,1.329345703125,LEFT_SIDE,LEVEL,True,OK
1789620151.9373958,-18.762199999999996,-25.3418,-32.666,45.40148160666125,-0.4064941406249999,1.329345703125,LEFT_SIDE,LEVEL,True,OK
1789620151.9783475,-19.104,-25.0488,-32.4707,45.24103840463877,-0.4064941406249999,1.329345703125,LEFT_SIDE,LEVEL,True,OK
1789620152.0173945,-19.287099999999995,-24.9634,-31.8604,44.835796570708986,-0.4064941406249999,1.329345703125,LEFT_SIDE,LEVEL,True,OK
1789620152.0573552,-19.0796,-25.2197,-32.397499999999994,45.27319748482539,-0.4064941406249999,1.329345703125,LEFT_SIDE,LEVEL,True,OK
1789620152.0974138,-18.774399999999996,-25.3662,-32.2998,45.157494149255,-0.4064941406249999,1.329345703125,LEFT_SIDE,LEVEL,True,OK
1789620152.1374288,-19.152799999999996,-25.292999999999996,-32.4951,45.41472361305306,-0.4064941406249999,1.329345703125,LEFT_SIDE,LEVEL,True,OK
1789620152.1773803,-19.3604,-25.0488,-32.3486,45.262560594380865,-0.4064941406249999,1.329345703125,LEFT_SIDE,LEVEL,True,OK
1789620152.2174342,-19.2139,-24.987799999999996,-32.3242,45.1488428167323,-0.4064941406249999,1.329345703125,LEFT_SIDE,LEVEL,True,OK
1789620152.257434,-19.2261,-25.0977,-32.397499999999994,45.267377577566826,-0.4064941406249999,1.329345703125,LEFT_SIDE,LEVEL,True,OK
1789620152.2974133,-19.2261,-25.146499999999996,-32.4707,45.34683827953168,-0.4064941406249999,1.329345703125,LEFT_SIDE,LEVEL,True,OK
1789620152.3373888,-19.2139,-25.292999999999996,-32.5684,45.49297177334098,-0.4064941406249999,1.329345703125,LEFT_SIDE,LEVEL,True,OK
1789620152.3773727,-18.9819,-25.2197,-32.4951,45.30206749928749,-0.4064941406249999,1.329345703125,LEFT_SIDE,LEVEL,True,OK
1789620152.417395,-19.0918,-25.1953,-32.4463,45.299694844667556,-0.4064941406249999,1.329345703125,LEFT_SIDE,LEVEL,True,OK
1789620152.4574244,-19.055199999999996,-25.2197,-32.4951,45.33282959555911,-0.4064941406249999,1.329345703125,LEFT_SIDE,LEVEL,True,OK
1789620152.4974566,-19.055199999999996,-25.1221,-32.4463,45.24359555937171,-0.4064941406249999,1.329345703125,LEFT_SIDE,LEVEL,True,OK
1789620152.5373604,-18.9209,-25.2197,-32.080099999999995,44.97962361903443,-0.4064941406249999,1.329345703125,LEFT_SIDE,LEVEL,True,OK
1789620152.5773897,-19.042999999999996,-25.1953,-32.6172,45.401770085867796,-0.4064941406249999,1.329345703125,LEFT_SIDE,LEVEL,True,OK
1789620152.6174483,-19.433599999999995,-25.0732,-32.5928,45.48209294920364,-0.4064941406249999,1.329345703125,LEFT_SIDE,LEVEL,True,OK
1789620152.657519,-19.152799999999996,-25.2197,-32.5195,45.391418750464275,-0.4064941406249999,1.329345703125,LEFT_SIDE,LEVEL,True,OK
1789620152.6974008,-19.2749,-25.2197,-31.982399999999995,45.060281266987225,-0.4064941406249999,1.329345703125,LEFT_SIDE,LEVEL,True,OK
1789620152.7404177,-19.2261,-25.1953,-32.4951,45.39138230226085,-0.4064941406249999,1.329345703125,LEFT_SIDE,LEVEL,True,OK
1789620152.7784243,-19.2261,-25.146499999999996,-32.9102,45.66257381598195,-0.4064941406249999,1.329345703125,LEFT_SIDE,LEVEL,True,OK
1789620152.818392,-19.1772,-25.146499999999996,-32.4951,45.34361020143852,-0.4064941406249999,1.329345703125,LEFT_SIDE,LEVEL,True,OK
1789620152.8584666,-19.0918,-25.1709,-32.080099999999995,45.024480564022056,-0.4064941406249999,1.329345703125,LEFT_SIDE,LEVEL,True,OK
1789620152.898353,-19.1162,-25.1221,-32.4463,45.269320676811574,-0.4064941406249999,1.329345703125,LEFT_SIDE,LEVEL,True,OK
1789620152.9415452,-18.774399999999996,-25.3418,-32.6416,45.38897413645741,-0.4064941406249999,1.329345703125,LEFT_SIDE,LEVEL,True,OK
1789620152.9804003,-19.104,-25.146499999999996,-32.6172,45.40034156358297,-0.4064941406249999,1.329345703125,LEFT_SIDE,LEVEL,True,OK
1789620153.020499,-19.2261,-25.1709,-32.0068,45.029461181097865,-0.4064941406249999,1.329345703125,LEFT_SIDE,LEVEL,True,OK
1789620153.0604005,-19.055199999999996,-25.292999999999996,-32.5195,45.39112662503542,-0.4064941406249999,1.329345703125,LEFT_SIDE,LEVEL,True,OK
1789620153.100402,-19.0796,-25.2197,-32.4463,45.30813158738727,-0.4064941406249999,1.329345703125,LEFT_SIDE,LEVEL,True,OK
1789620153.1404343,-19.1406,-25.1709,-32.397499999999994,45.27178791940958,-0.4064941406249999,1.329345703125,LEFT_SIDE,LEVEL,True,OK
1789620153.1803877,-19.104,-25.0732,-32.4707,45.254552618824995,-0.4064941406249999,1.329345703125,LEFT_SIDE,LEVEL,True,OK
1789620153.2205894,-19.2505,-24.9023,-32.25099999999999,45.064767796361714,-0.4064941406249999,1.329345703125,LEFT_SIDE,LEVEL,True,OK
1789620153.2604136,-19.2261,-24.9146,-32.2998,45.09608956894156,-0.4064941406249999,1.329345703125,LEFT_SIDE,LEVEL,True,OK
1789620153.3003068,-19.2505,-25.0977,-32.397499999999994,45.27774620925825,-0.4064941406249999,1.329345703125,LEFT_SIDE,LEVEL,True,OK
1789620153.3403945,-19.055199999999996,-25.1221,-32.5195,45.29611943312583,-0.4064941406249999,1.329345703125,LEFT_SIDE,LEVEL,True,OK
1789620153.3804567,-19.152799999999996,-24.9512,-32.2754,45.06765552411174,-0.4064941406249999,1.329345703125,LEFT_SIDE,LEVEL,True,OK
1789620153.4204736,-19.1284,-24.9146,-32.22659999999999,45.002074699729114,-0.4064941406249999,1.329345703125,LEFT_SIDE,LEVEL,True,OK
1789620153.4603462,-19.445799999999995,-24.8413,-32.0557,44.97551807172431,-0.4064941406249999,1.329345703125,LEFT_SIDE,LEVEL,True,OK
1789620153.5003314,-19.0674,-25.0488,-32.397499999999994,45.1730686410609,-0.4064941406249999,1.329345703125,LEFT_SIDE,LEVEL,True,OK
1789620153.5404086,-18.9453,-25.1709,-32.2998,45.11957090819902,-0.4064941406249999,1.329345703125,LEFT_SIDE,LEVEL,True,OK
1789620153.580427,-19.104,-24.9634,-32.2021,45.00121553880517,-0.4119873046875,1.329345703125,LEFT_SIDE,LEVEL,True,OK
1789620153.620472,-19.4946,-24.853499999999997,-32.3486,45.21247409034369,-0.4119873046875,1.329345703125,LEFT_SIDE,LEVEL,True,OK
1789620153.6603785,-19.2017,-24.9512,-32.2754,45.088458717170624,-0.4119873046875,1.329345703125,LEFT_SIDE,LEVEL,True,OK
1789620153.702052,-18.896499999999996,-25.1709,-32.1289,44.976862210140894,-0.4064941406249999,1.329345703125,LEFT_SIDE,LEVEL,True,OK
1789620153.7403996,-19.1284,-25.146499999999996,-32.5684,45.375575229081115,-0.4064941406249999,1.329345703125,LEFT_SIDE,LEVEL,True,OK
1789620153.78041,-19.458,-24.999999999999996,-32.7148,45.539783739495284,-0.4064941406249999,1.329345703125,LEFT_SIDE,LEVEL,True,OK
1789620153.8204598,-19.2261,-24.9512,-32.25099999999999,45.081396425243966,-0.4119873046875,1.329345703125,LEFT_SIDE,LEVEL,True,OK
1789620153.8603754,-19.1284,-24.9634,-31.8115,44.73296947856245,-0.4119873046875,1.329345703125,LEFT_SIDE,LEVEL,True,OK
1789620153.9004316,-19.189499999999995,-24.987799999999996,-32.4219,45.208479942373636,-0.41748046875,1.3183593750000002,LEFT_SIDE,LEVEL,True,OK
1789620153.9404821,-19.2017,-25.0977,-32.6172,45.414552337549246,-0.41748046875000006,1.3293457031250002,LEFT_SIDE,LEVEL,True,OK
1789620153.9804928,-19.042999999999996,-25.0732,-32.3486,45.14125750574522,-0.4119873046875,1.3348388671874998,LEFT_SIDE,LEVEL,True,OK
1789620154.0205746,-19.0063,-25.1221,-32.4219,45.20551899613586,-0.41748046875,1.3677978515625,LEFT_SIDE,LEVEL,True,OK
1789620154.060389,-19.0186,-25.2197,-32.4951,45.31745732121342,-0.4449462890625001,1.4556884765625002,LEFT_SIDE,LEVEL,True,OK
1789620154.100388,-19.042999999999996,-25.1221,-32.4219,45.22096147827907,-0.4504394531250003,1.4447021484375002,LEFT_SIDE,LEVEL,True,OK
1789620154.1414723,-19.0186,-25.1953,-32.6172,45.39154132533945,-0.4559326171875002,1.439208984375,LEFT_SIDE,LEVEL,True,OK
1789620154.1804614,-19.0674,-25.146499999999996,-32.397499999999994,45.227317091112084,-0.5218505859374998,1.5106201171874996,LEFT_SIDE,LEVEL,True,OK
1789620154.2204294,-19.164999999999996,-25.292999999999996,-32.2754,45.26294863528004,-0.8624267578125001,1.3568115234375004,LEFT_SIDE,LEVEL,True,OK
1789620154.2604375,-19.287099999999995,-25.683599999999995,-31.933599999999995,45.2923210305014,-1.6479492187500002,1.461181640625,LEFT_SIDE,LEVEL,True,OK
1789620154.3014421,-19.5312,-26.1719,-31.0303,45.047926047044605,-2.6751708984375,1.4666748046875,LEFT_SIDE,LEVEL,True,OK
1789620154.341379,-19.6533,-26.586899999999996,-30.7373,45.14307326478781,-3.021240234375,1.3348388671875004,LEFT_SIDE,LEVEL,True,OK
1789620154.3815103,-19.6533,-26.7578,-30.834999999999997,45.31036621712519,-3.328857421875,1.285400390625,LEFT_SIDE,LEVEL,True,OK
1789620154.4214723,-19.519,-27.0508,-30.1025,44.932144928658815,-3.7738037109375,1.318359375,LEFT_SIDE,LEVEL,True,OK
1789620154.461495,-19.8486,-27.2217,-29.492199999999997,44.77474437325131,-4.312133789062499,1.2744140624999998,LEFT_SIDE,LEVEL,True,OK
1789620154.501441,-19.458,-27.661099999999998,-29.1992,44.68045991090512,-4.6197509765625,0.9118652343749999,LEFT_SIDE,LEVEL,True,OK
1789620154.5414073,-20.1538,-28.198199999999996,-29.0527,45.225805852079624,-5.031738281250001,-0.6097412109375006,LEFT_SIDE,LEVEL,True,OK
1789620154.5815856,-21.301299999999998,-28.320299999999996,-27.832,45.060015510205936,-5.328369140625,-2.8399658203125,LEFT_SIDE,LEVEL,True,OK
1789620154.6218212,-22.631799999999995,-28.442399999999996,-26.733399999999996,45.12031875507972,-5.548095703125001,-5.0262451171875,LEFT_SIDE,LEVEL,True,OK
1789620154.6625843,-23.400899999999996,-28.832999999999995,-26.464799999999997,45.59966720108821,-6.119384765625001,-6.5533447265625,LEFT_SIDE,LEVEL,True,OK
1789620154.7024128,-23.9014,-29.4434,-25.4639,45.679327148393945,-7.338867187499997,-6.9927978515625,LEFT_SIDE,LEVEL,True,OK
1789620154.7424073,-24.462899999999998,-30.029299999999996,-24.4507,45.80424724182245,-9.025268554687498,-6.4105224609375,LEFT_SIDE,LEVEL,True,OK
1789620154.7824914,-24.8291,-30.3711,-23.3765,45.66561807607557,-10.870971679687495,-5.515136718749998,LEFT_SIDE,LEVEL,True,OK
1789620154.822433,-24.6338,-31.0059,-22.3267,45.4606584877518,-12.991333007812498,-4.6746826171875,LEFT_SIDE,LEVEL,True,OK
1789620154.862426,-24.609399999999997,-31.7627,-21.0938,45.381054175613855,-15.375366210937495,-3.592529296875,LEFT_SIDE,LEVEL,True,OK
1789620154.9023886,-24.340799999999998,-32.5439,-19.8853,45.24384077352408,-17.984619140624996,-2.2027587890625013,LEFT_SIDE,LEVEL,True,OK
1789620154.9424775,-24.1089,-33.3496,-18.2861,45.031281711494735,-21.0113525390625,-0.1867675781249996,LEFT_SIDE,LEVEL,True,OK
1789620154.9825392,-23.7793,-33.8623,-16.8579,44.67996488572926,-24.576416015624993,2.2357177734375027,LEFT_SIDE,LEVEL,True,OK
1789620155.0223625,-23.4985,-34.37499999999999,-15.0635,44.280121493735756,-28.32275390625,4.575805664062501,LEFT_SIDE,LEVEL,True,OK
1789620155.0623827,-23.278799999999997,-34.8389,-13.3179,43.96609993005975,-31.827392578125,6.185302734374996,LEFT_SIDE,LEVEL,True,OK
1789620155.1034055,-23.6084,-35.0586,-11.370799999999997,43.76936231155304,-34.95849609375001,6.630249023437501,LEFT_SIDE,LEVEL,True,OK
1789620155.143521,-23.8403,-35.1807,-9.771729999999998,43.606516299435114,-37.716064453125,6.300659179687501,LEFT_SIDE,TRANSITION,True,OK
1789620155.1834736,-24.1333,-35.0098,-7.745359999999999,43.221439893409375,-40.20996093750001,5.471191406250001,LEFT_SIDE,TRANSITION,True,OK
1789620155.223371,-24.707,-34.5459,-6.143189999999999,42.9137954413974,-42.473144531249986,4.4769287109375,LEFT_SIDE,TRANSITION,True,OK
1789620155.2634566,-24.5239,-34.3262,-3.8299599999999994,42.3601023517602,-44.72534179687501,3.5266113281249987,LEFT_SIDE,TRANSITION,True,OK
1789620155.303447,-24.6582,-34.1309,-2.25372,42.1666268023469,-46.950073242187486,2.609252929687499,LEFT_SIDE,TRANSITION,True,OK
1789620155.3434713,-24.707,-33.8623,-0.591278,41.921841800704364,-49.22424316406249,1.7358398437500047,LEFT_SIDE,TRANSITION,True,OK
1789620155.383428,-24.9146,-33.5205,0.666809,41.770873197151154,-51.64672851562499,1.1260986328124998,LEFT_SIDE,TRANSITION,True,OK
1789620155.423442,-24.9634,-32.5684,2.68402,41.12269423907436,-54.272460937499986,0.7360839843750002,LEFT_SIDE,TRANSITION,True,OK
1789620155.4634256,-25.0244,-31.713899999999995,4.52271,40.650300789958486,-56.997070312499986,0.5053710937500031,LEFT_SIDE,RIGHT_SIDE,True,OK
1789620155.5034232,-25.414999999999996,-30.9814,5.94788,40.51106820924869,-59.875488281249986,0.4724121093749995,LEFT_SIDE,RIGHT_SIDE,True,OK
1789620155.5434296,-25.9521,-30.3467,6.98853,40.53730685258827,-62.759399414062514,0.5328369140624952,LEFT_SIDE,RIGHT_SIDE,True,OK
1789620155.5834603,-26.001,-29.3213,8.380129999999998,40.075144584978105,-65.58837890625,0.6097412109375082,LEFT_SIDE,RIGHT_SIDE,True,OK
1789620155.6237483,-26.464799999999997,-27.9541,9.60083,39.67358419072948,-68.28002929687499,0.5493164062499982,LEFT_SIDE,RIGHT_SIDE,True,OK
1789620155.6634111,-26.342799999999997,-27.3682,10.858199999999998,39.507745953420326,-70.68603515625,0.2581787109374999,LEFT_SIDE,RIGHT_SIDE,True,OK
1789620155.7034385,-26.5137,-26.6357,12.0911,39.47950736002161,-72.87231445312501,-0.13732910156250608,LEFT_SIDE,RIGHT_SIDE,True,OK
1789620155.7444432,-26.2695,-25.537099999999995,13.0615,38.89515251172053,-74.8553466796875,-0.5767822265624998,LEFT_SIDE,RIGHT_SIDE,True,OK
1789620155.7844884,-26.123,-24.6704,14.025899999999998,38.57156512212073,-76.57470703124997,-0.9942626953124998,LEFT_SIDE,RIGHT_SIDE,True,OK
1789620155.8244529,-25.9033,-24.1455,14.6362,38.317156360826154,-78.057861328125,-1.170043945312506,LEFT_SIDE,RIGHT_SIDE,True,OK
1789620155.8635242,-25.5859,-23.815899999999996,15.234399999999999,38.13033326604948,-79.31030273437499,-1.148071289062494,LEFT_SIDE,RIGHT_SIDE,True,OK
1789620155.903435,-25.5615,-23.1689,15.576199999999998,37.852426816519966,-80.33203124999999,-1.027221679687498,LEFT_SIDE,RIGHT_SIDE,True,OK
1789620155.9434452,-25.4639,-22.9126,15.808099999999998,37.72656183089045,-81.2054443359375,-0.8020019531250053,LEFT_SIDE,RIGHT_SIDE,True,OK
1789620155.9845107,-25.2197,-22.729499999999998,16.0522,37.55444798129776,-81.99096679687499,-0.5273437499999966,LEFT_SIDE,RIGHT_SIDE,True,OK
1789620156.024421,-24.999999999999996,-22.3267,16.3086,37.27535334306034,-82.760009765625,-0.2911376953124961,LEFT_SIDE,RIGHT_SIDE,True,OK
1789620156.065641,-24.719199999999997,-22.3267,16.516099999999998,37.17932141311888,-83.51806640625,-0.09338378906249516,LEFT_SIDE,RIGHT_SIDE,True,OK
1789620156.1052413,-24.609399999999997,-22.070299999999996,16.8213,37.090117877138105,-84.33105468749999,0.05493164062500203,LEFT_SIDE,RIGHT_SIDE,True,OK
1789620156.1453347,-24.3652,-22.3145,17.0654,37.18639211391715,-85.5889892578125,0.15380859375000064,LEFT_SIDE,RIGHT_SIDE,True,OK
1789620156.1864724,-24.5117,-21.46,17.2974,36.88570297079887,-86.47338867187499,0.14831542968750594,LEFT_SIDE,RIGHT_SIDE,True,OK
1789620156.2263808,-24.585,-20.873999999999995,17.5903,36.73642273126222,-87.36877441406251,0.05493164062499885,LEFT_SIDE,RIGHT_SIDE,True,OK
1789620156.266744,-24.340799999999998,-20.5688,17.9443,36.57250306678502,-88.21472167968751,-0.09887695312500207,LEFT_SIDE,RIGHT_SIDE,True,OK
1789620156.3073735,-23.7427,-20.5688,18.4326,36.421862658161785,-89.000244140625,-0.3021240234374982,LEFT_SIDE,RIGHT_SIDE,True,OK
1789620156.3473694,-23.6084,-19.958499999999997,18.7134,36.13709468634688,-89.65393066406251,-0.44494628906249645,LEFT_SIDE,RIGHT_SIDE,True,OK
1789620156.387411,-23.1934,-19.3237,19.1284,35.73842290602651,-90.1043701171875,-0.5548095703124974,LEFT_SIDE,RIGHT_SIDE,True,OK
1789620156.4283812,-22.3267,-19.3359,19.6655,35.48366457892984,-90.43395996093751,-0.6207275390625004,LEFT_SIDE,RIGHT_SIDE,True,OK
1789620156.468429,-21.4844,-19.702099999999998,19.9463,35.321481727979645,-90.68115234375,-0.6427001953125061,LEFT_SIDE,RIGHT_SIDE,True,OK
1789620156.508324,-21.154799999999998,-19.1162,20.0439,34.852727191569954,-90.86791992187501,-0.6591796875000057,LEFT_SIDE,RIGHT_SIDE,True,OK
1789620156.548453,-20.6665,-19.3726,20.104999999999997,34.73633368693363,-90.98876953125,-0.5548095703125006,LEFT_SIDE,RIGHT_SIDE,True,OK
1789620156.5884368,-19.6289,-19.2261,20.3003,34.161949834721085,-91.06567382812499,-0.46691894531249933,LEFT_SIDE,RIGHT_SIDE,True,OK
1789620156.62836,-18.5303,-19.152799999999996,20.617699999999996,33.69408433568124,-91.09863281250001,-0.4064941406249962,LEFT_SIDE,RIGHT_SIDE,True,OK
1789620156.6683962,-17.8833,-19.0186,20.752,33.34913895215287,-91.0601806640625,-0.3900146484374979,LEFT_SIDE,RIGHT_SIDE,True,OK
1789620156.7083352,-17.395,-19.1406,20.739699999999996,33.15243202918905,-91.0052490234375,-0.4284667968750005,LEFT_SIDE,RIGHT_SIDE,True,OK
1789620156.748423,-16.931199999999997,-19.3481,20.6055,32.94846183511454,-91.03820800781253,-0.4394531249999997,LEFT_SIDE,RIGHT_SIDE,True,OK
1789620156.7884696,-16.4062,-19.2627,20.6543,32.66213584902249,-91.0382080078125,-0.29663085937499606,LEFT_SIDE,RIGHT_SIDE,True,OK
1789620156.8283393,-15.5151,-19.3237,20.8496,32.38563770963913,-90.97229003906249,-0.1373291015624997,LEFT_SIDE,RIGHT_SIDE,True,OK
1789620156.8683352,-14.550799999999999,-19.4214,20.873999999999995,32.01000522649129,-90.8843994140625,-0.0054931640625001605,LEFT_SIDE,RIGHT_SIDE,True,OK
1789620156.9106534,-13.622999999999998,-19.5923,20.8008,31.656241547758,-90.7965087890625,0.10986328125000092,LEFT_SIDE,RIGHT_SIDE,True,OK
1789620156.9483023,-12.4512,-19.8608,20.5688,31.185882888255705,-90.70312499999997,0.18676757812499645,LEFT_SIDE,RIGHT_SIDE,True,OK
1789620156.988384,-11.6821,-19.9951,20.5811,30.981561639626882,-90.6866455078125,0.21423339843749753,LEFT_SIDE,RIGHT_SIDE,True,OK
1789620157.0284424,-11.0107,-19.811999999999998,20.752,30.731032564656854,-90.74707031249999,0.23071289062499997,LEFT_SIDE,RIGHT_SIDE,True,OK
1789620157.0684106,-10.5347,-19.7998,20.8252,30.605570394455974,-90.8404541015625,0.25268554687500117,LEFT_SIDE,RIGHT_SIDE,True,OK
1789620157.108424,-10.638399999999999,-19.7998,20.752,30.591716829887137,-90.845947265625,0.274658203125,LEFT_SIDE,RIGHT_SIDE,True,OK
1789620157.148501,-10.308799999999998,-20.459,20.483399999999996,30.73128233575683,-90.7525634765625,0.27465820312499684,LEFT_SIDE,RIGHT_SIDE,True,OK
1789620157.1884232,-10.083,-19.9341,20.52,30.333243015048687,-90.63171386718751,0.22521972656250003,LEFT_SIDE,RIGHT_SIDE,True,OK
1789620157.228329,-9.509279999999999,-19.6655,20.4712,29.937072766194092,-90.48889160156247,0.13183593750000144,LEFT_SIDE,RIGHT_SIDE,True,OK
1789620157.268372,-8.47168,-20.2637,20.1416,29.800519295347858,-90.19226074218749,0.01647949218750161,LEFT_SIDE,RIGHT_SIDE,True,OK
1789620157.3083658,-7.58057,-20.886199999999995,19.7632,29.736887298520333,-89.8736572265625,-0.1373291015624997,LEFT_SIDE,RIGHT_SIDE,True,OK
1789620157.348308,-6.90918,-20.6543,19.6655,29.3439732656026,-89.63195800781249,-0.3021240234375014,LEFT_SIDE,RIGHT_SIDE,True,OK
1789620157.3883767,-6.34155,-20.3735,19.4824,28.893920959476926,-89.45068359374999,-0.42297363281249944,LEFT_SIDE,RIGHT_SIDE,True,OK
1789620157.4283278,-5.27039,-20.9961,19.152799999999996,28.904030407576375,-89.3023681640625,-0.43945312500000133,LEFT_SIDE,RIGHT_SIDE,True,OK
1789620157.4685452,-4.217529999999999,-21.557599999999997,18.7378,28.872527182442827,-89.11010742187501,-0.5273437499999997,LEFT_SIDE,RIGHT_SIDE,True,OK
1789620157.5098703,-3.50647,-21.228,18.5425,28.403303014102075,-88.87939453125001,-0.7196044921875003,LEFT_SIDE,RIGHT_SIDE,True,OK
1789620157.5497184,-2.3818999999999995,-21.4844,18.090799999999998,28.187407394260294,-88.72558593749999,-0.8843994140625007,LEFT_SIDE,RIGHT_SIDE,True,OK
1789620157.589447,-1.15967,-21.3623,17.6514,27.735620017567662,-88.7255859375,-1.0162353515624998,LEFT_SIDE,RIGHT_SIDE,True,OK
1789620157.630413,0.755692,-22.070299999999996,16.6748,27.671613027231786,-88.681640625,-1.0931396484374998,LEFT_SIDE,RIGHT_SIDE,True,OK
1789620157.6704283,1.98212,-21.7773,15.991199999999997,27.090553195245015,-88.63769531249999,-1.0766601562500002,LEFT_SIDE,RIGHT_SIDE,True,OK
1789620157.710568,3.61328,-21.875,14.9414,26.73605900873201,-88.4893798828125,-1.0766601562499998,LEFT_SIDE,RIGHT_SIDE,True,OK
1789620157.7504463,4.84619,-21.8872,14.038099999999998,26.45001574604635,-88.30261230468751,-0.9887695312499998,LEFT_SIDE,RIGHT_SIDE,True,OK
1789620157.7906477,5.64575,-22.0459,13.500999999999998,26.46078609702478,-88.20922851562501,-1.0382080078125002,LEFT_SIDE,RIGHT_SIDE,True,OK
1789620157.8314433,5.41382,-22.094699999999996,13.6475,26.528088346739192,-88.17626953125001,-1.1480712890624998,LEFT_SIDE,RIGHT_SIDE,True,OK
1789620157.8725028,4.3335,-22.0337,14.428699999999997,26.69176917384833,-88.26416015624997,-1.3458251953124998,LEFT_SIDE,RIGHT_SIDE,True,OK
1789620157.9134622,2.4826,-22.082499999999996,15.734899999999998,27.228426084149625,-88.63769531249997,-1.4117431640624998,LEFT_SIDE,RIGHT_SIDE,True,OK
1789620157.953423,-0.23117099999999996,-21.557599999999997,17.4072,27.70909904040983,-89.09362792968749,-1.3293457031250016,LEFT_SIDE,RIGHT_SIDE,True,OK
1789620157.993419,-2.36053,-21.2158,18.4692,28.22753301584997,-89.57153320312501,-1.2249755859374991,LEFT_SIDE,RIGHT_SIDE,True,OK
1789620158.0334704,-4.852289999999999,-20.873999999999995,19.4702,28.95440005049491,-89.85168457031251,-1.312866210937501,LEFT_SIDE,RIGHT_SIDE,True,OK
1789620158.0735059,-6.579589999999999,-20.7275,20.1294,29.6329715887236,-89.90112304687501,-1.4447021484375018,LEFT_SIDE,RIGHT_SIDE,True,OK
1789620158.1134124,-8.953859999999999,-20.813,20.3979,30.4865036091317,-89.8297119140625,-1.3842773437500018,LEFT_SIDE,RIGHT_SIDE,True,OK
1789620158.1545322,-10.717799999999999,-20.507799999999996,20.361299999999996,30.822453428791157,-89.65942382812501,-1.2579345703124982,LEFT_SIDE,RIGHT_SIDE,True,OK
1789620158.1939216,-11.6211,-20.9106,20.361299999999996,31.414736912156368,-89.43420410156249,-1.2139892578124993,LEFT_SIDE,RIGHT_SIDE,True,OK
1789620158.2334747,-12.8174,-20.4346,20.5566,31.692781882946154,-89.35729980468751,-1.2963867187500007,LEFT_SIDE,RIGHT_SIDE,True,OK
1789620158.2734563,-14.9414,-20.4102,20.5566,32.59440905370122,-89.52209472656251,-1.6589355468750038,LEFT_SIDE,RIGHT_SIDE,True,OK
1789620158.3134494,-18.0054,-20.3857,20.3125,33.946558734281155,-89.56054687499999,-1.9061279296874918,LEFT_SIDE,RIGHT_SIDE,True,OK
1789620158.3544483,-21.2402,-20.239299999999997,19.519,35.23871055430377,-89.45617675781249,-2.4114990234374982,LEFT_SIDE,RIGHT_SIDE,True,OK
1789620158.3934803,-24.084499999999995,-19.824199999999998,18.762199999999996,36.40167846034025,-89.395751953125,-2.9718017578125,LEFT_SIDE,RIGHT_SIDE,True,OK
1789620158.4345317,-27.0508,-19.689899999999998,17.846699999999995,37.920214181093435,-89.43969726562499,-3.1860351562499982,LEFT_SIDE,RIGHT_SIDE,True,OK
1789620158.474461,-29.516599999999997,-19.445799999999995,16.7358,39.108257629815206,-89.53308105468751,-3.218994140624999,LEFT_SIDE,RIGHT_SIDE,True,OK
1789620158.5145895,-31.4697,-19.445799999999995,15.563999999999998,40.13376697657472,-89.55505371093749,-3.1311035156249987,LEFT_SIDE,RIGHT_SIDE,True,OK
1789620158.55554,-33.007799999999996,-19.299299999999995,13.8794,40.676966279333065,-89.25292968749999,-3.0651855468749973,LEFT_SIDE,RIGHT_SIDE,True,OK
1789620158.5954392,-34.1553,-19.7998,12.963899999999999,41.553330809214316,-88.9398193359375,-2.8839111328125044,LEFT_SIDE,RIGHT_SIDE,True,OK
1789620158.6375608,-35.278299999999994,-19.8853,11.8774,42.20256198076131,-88.61572265625,-2.438964843749999,LEFT_SIDE,RIGHT_SIDE,True,OK
1789620158.6770177,-36.1084,-19.958499999999997,10.8459,42.65901803393979,-87.97851562499999,-2.1478271484374982,LEFT_SIDE,RIGHT_SIDE,True,OK
1789620158.7167358,-37.2314,-20.5444,9.2041,43.50821731730685,-87.51159667968749,-1.8841552734374982,LEFT_SIDE,RIGHT_SIDE,True,OK
1789620158.7567308,-38.2324,-20.7886,7.41577,44.146075073701624,-87.39624023437504,-1.5875244140624951,LEFT_SIDE,RIGHT_SIDE,True,OK
1789620158.7972903,-39.2822,-20.8496,5.73425,44.84059187903858,-87.60498046875001,-1.3183593749999993,LEFT_SIDE,RIGHT_SIDE,True,OK
1789620158.8372924,-40.1855,-20.9106,4.12292,45.48764746539877,-88.35205078124999,-1.0437011718750022,LEFT_SIDE,RIGHT_SIDE,True,OK
1789620158.8767443,-41.137699999999995,-20.8496,2.1636999999999995,46.170312746829,-89.1925048828125,-1.1700439453124996,LEFT_SIDE,RIGHT_SIDE,True,OK
1789620158.9167652,-42.04099999999999,-20.9229,0.09331699999999998,46.959792732426834,-89.8406982421875,-1.5545654296875018,LEFT_SIDE,RIGHT_SIDE,True,OK
1789620158.9572988,-42.8711,-20.6055,-2.67181,47.64091113881115,-90.24169921875003,-1.8951416015625009,LEFT_SIDE,RIGHT_SIDE,True,OK
1789620158.9973123,-43.2861,-20.0073,-4.97742,47.94531485303231,-90.36254882812499,-2.153320312500005,LEFT_SIDE,RIGHT_SIDE,True,OK
1789620159.0373468,-43.4326,-20.5688,-6.5979,48.50771650583029,-90.29113769531251,-2.5158691406250036,LEFT_SIDE,RIGHT_SIDE,True,OK
1789620159.0773563,-43.5791,-20.483399999999996,-8.3313,48.86837619626827,-90.06591796875,-3.0651855468749973,LEFT_SIDE,RIGHT_SIDE,True,OK
1789620159.117225,-43.67679999999999,-20.239299999999997,-10.0159,49.169201493821305,-89.69787597656249,-3.680419921874999,LEFT_SIDE,RIGHT_SIDE,True,OK
1789620159.1574001,-43.7256,-19.4824,-11.914099999999998,49.329887329386835,-89.25292968749999,-4.317626953125003,LEFT_SIDE,RIGHT_SIDE,True,OK
1789620159.1973495,-43.7988,-19.4702,-13.159199999999998,49.70501095583824,-88.7310791015625,-4.839477539062502,LEFT_SIDE,RIGHT_SIDE,True,OK
1789620159.2404194,-43.8477,-19.3848,-14.611799999999999,50.1188184773943,-88.13781738281253,-5.273437499999999,LEFT_SIDE,RIGHT_SIDE,True,OK
1789620159.2793689,-43.4814,-19.0674,-16.3452,50.21318006021925,-87.56652832031249,-5.570068359375002,LEFT_SIDE,RIGHT_SIDE,True,OK
1789620159.3193955,-42.8467,-18.640099999999997,-18.4937,50.2524623137016,-86.95129394531253,-5.822753906249997,LEFT_SIDE,RIGHT_SIDE,True,OK
1789620159.359381,-42.333999999999996,-18.5791,-20.4224,50.541319082212325,-86.39648437500001,-5.850219726562497,LEFT_SIDE,RIGHT_SIDE,True,OK
1789620159.3993182,-41.626,-18.3594,-22.3022,50.6673422354084,-85.92407226562501,-5.7568359375,LEFT_SIDE,RIGHT_SIDE,True,OK
1789620159.4393487,-40.625,-18.505899999999997,-23.7427,50.562582638745816,-85.63293457031247,-5.619506835937503,LEFT_SIDE,RIGHT_SIDE,True,OK
1789620159.479373,-39.4531,-18.627899999999997,-25.3662,50.46771106816714,-85.51208496093753,-5.361328124999999,LEFT_SIDE,RIGHT_SIDE,True,OK
1789620159.5194066,-38.5254,-18.8477,-26.733399999999996,50.538271794848704,-85.6439208984375,-5.081176757812501,LEFT_SIDE,RIGHT_SIDE,True,OK
1789620159.5593255,-37.52439999999999,-18.7134,-28.1006,50.476882384711516,-85.9130859375,-4.8175048828125036,LEFT_SIDE,RIGHT_SIDE,True,OK
1789620159.599318,-36.377,-19.3359,-28.857399999999995,50.29823746981597,-86.165771484375,-4.5703125,LEFT_SIDE,RIGHT_SIDE,True,OK
1789620159.6394105,-35.0098,-19.580099999999998,-30.1025,50.1520380273823,-86.38000488281249,-4.339599609375001,LEFT_SIDE,RIGHT_SIDE,True,OK
1789620159.679438,-33.374,-19.7876,-31.103499999999997,49.72726316629541,-86.54479980468749,-4.207763671875,LEFT_SIDE,RIGHT_SIDE,True,OK
1789620159.719424,-31.103499999999997,-19.836399999999998,-32.666,49.27451707739001,-86.85791015624999,-4.15283203125,LEFT_SIDE,RIGHT_SIDE,True,OK
1789620159.7593572,-28.979499999999998,-20.1782,-33.93549999999999,48.97539520759377,-86.92932128906251,-4.213256835937503,LEFT_SIDE,RIGHT_SIDE,True,OK
1789620159.7995555,-26.1475,-20.1416,-35.278299999999994,48.3108089116711,-86.9622802734375,-4.553833007812499,LEFT_SIDE,RIGHT_SIDE,True,OK
1789620159.8393528,-23.6206,-20.2637,-36.1572,47.70632446426784,-87.22045898437501,-4.899902343750002,LEFT_SIDE,RIGHT_SIDE,True,OK
1789620159.8793325,-20.9595,-20.483399999999996,-36.59669999999999,46.884845810773434,-87.67639160156251,-5.295410156250001,LEFT_SIDE,RIGHT_SIDE,True,OK
1789620159.9193974,-19.1772,-20.7153,-36.743199999999995,46.335206918389815,-88.15979003906251,-5.542602539062499,LEFT_SIDE,RIGHT_SIDE,True,OK
1789620159.9593701,-17.968799999999998,-21.106,-37.0117,46.24074984610436,-88.5443115234375,-5.614013671874997,LEFT_SIDE,RIGHT_SIDE,True,OK
1789620159.9994,-16.8213,-20.7886,-37.085,45.721102880945466,-88.87939453125,-5.6689453125000036,LEFT_SIDE,RIGHT_SIDE,True,OK
1789620160.0393476,-15.7715,-21.4966,-37.085,45.6742952743663,-89.27490234374999,-5.256958007812499,LEFT_SIDE,RIGHT_SIDE,True,OK
1789620160.0794876,-13.159199999999998,-22.351099999999995,-36.6455,44.89575576933748,-90.0,-4.801025390625003,LEFT_SIDE,RIGHT_SIDE,True,OK
1789620160.1193976,-9.69849,-22.729499999999998,-36.0352,43.69469667557037,-90.67016601562501,-5.3778076171875036,LEFT_SIDE,RIGHT_SIDE,True,OK
1789620160.1593812,-6.738279999999999,-23.2056,-35.3516,42.82102183832609,-91.37878417968747,-6.047973632812496,LEFT_SIDE,RIGHT_SIDE,True,OK
1789620160.1994169,-5.279539999999999,-23.937999999999995,-34.7168,42.49891279611279,-91.25244140625,-6.520385742187507,LEFT_SIDE,RIGHT_SIDE,True,OK
1789620160.2393918,-3.8757299999999995,-24.3042,-34.2773,42.19773354059315,-90.86791992187503,-6.833496093750007,LEFT_SIDE,RIGHT_SIDE,True,OK
1789620160.279441,-1.2603799999999998,-24.194299999999995,-33.1055,41.0234913249031,-90.33508300781249,-6.987304687499994,LEFT_SIDE,RIGHT_SIDE,True,OK
1789620160.3194265,1.9516,-23.7549,-31.5674,39.555085126061854,-89.7747802734375,-6.998291015625001,LEFT_SIDE,RIGHT_SIDE,True,OK
1789620160.359359,3.8970899999999995,-24.3896,-30.5176,39.26020642314683,-89.11560058593751,-6.800537109375001,LEFT_SIDE,RIGHT_SIDE,True,OK
1789620160.3994462,5.80139,-24.084499999999995,-29.2969,38.367012077983084,-87.9840087890625,-6.5533447265624964,LEFT_SIDE,RIGHT_SIDE,True,OK
1789620160.4393773,7.51953,-23.9014,-28.54,37.97830766873242,-87.1160888671875,-6.146850585937501,LEFT_SIDE,RIGHT_SIDE,True,OK
1789620160.4793673,9.063719999999998,-23.6206,-27.4414,37.32444505358921,-86.62719726562501,-5.701904296874999,LEFT_SIDE,RIGHT_SIDE,True,OK
1789620160.519438,10.192899999999998,-23.3521,-26.318399999999997,36.63159788188334,-86.3800048828125,-5.438232421874997,LEFT_SIDE,RIGHT_SIDE,True,OK
1789620160.5594616,11.5356,-23.5107,-24.5361,35.886533477893906,-86.98425292968749,-4.7955322265625,LEFT_SIDE,RIGHT_SIDE,True,OK
1789620160.5994318,12.493899999999998,-23.803699999999996,-22.583,35.10990686259364,-87.978515625,-5.125122070312502,LEFT_SIDE,RIGHT_SIDE,True,OK
1789620160.639704,13.2446,-24.3652,-20.3247,34.38278392291701,-88.84643554687499,-5.806274414062491,LEFT_SIDE,RIGHT_SIDE,True,OK
1789620160.6794667,13.8062,-25.0977,-17.5415,33.588836329649766,-90.11535644531251,-6.866455078124995,LEFT_SIDE,RIGHT_SIDE,True,OK
1789620160.719554,14.0747,-25.8301,-13.8672,32.52061626015104,-91.01074218750001,-8.239746093749998,LEFT_SIDE,RIGHT_SIDE,True,OK
1789620160.759413,14.025899999999998,-26.318399999999997,-11.6516,32.01786738572699,-91.109619140625,-9.3878173828125,LEFT_SIDE,RIGHT_SIDE,True,OK
1789620160.8002338,13.9404,-26.5137,-9.52148,31.431984048742454,-90.4339599609375,-9.832763671875,LEFT_SIDE,RIGHT_SIDE,True,OK
1789620160.8394027,14.0015,-26.416,-7.85522,30.91199669219703,-89.47814941406247,-9.376831054687502,LEFT_SIDE,RIGHT_SIDE,True,OK
1789620160.879457,14.416499999999997,-26.001,-6.48193,30.42865244756823,-88.74755859375001,-8.245239257812498,LEFT_SIDE,RIGHT_SIDE,True,OK
1789620160.9194493,14.550799999999999,-25.781199999999995,-4.98657,30.021024873326688,-89.02770996093749,-7.300415039062498,LEFT_SIDE,RIGHT_SIDE,True,OK
1789620160.959459,14.501999999999999,-25.414999999999996,-2.92053,29.406797249630905,-89.38476562500003,-6.591796875,LEFT_SIDE,RIGHT_SIDE,True,OK
1789620160.9993787,14.294399999999998,-24.475099999999998,-0.302315,28.34522509575863,-90.01647949218747,-5.855712890625004,LEFT_SIDE,RIGHT_SIDE,True,OK
1789620161.0425744,13.3911,-24.5483,2.5360099999999997,28.077961799605397,-90.60974121093753,-5.427246093750001,LEFT_SIDE,RIGHT_SIDE,True,OK
1789620161.0794597,12.0056,-24.194299999999995,5.57251,27.578097315625307,-91.19750976562499,-5.4437255859375,LEFT_SIDE,RIGHT_SIDE,True,OK
1789620161.1195042,10.3577,-23.3887,8.66089,27.0060040097031,-91.6644287109375,-5.712890625000003,LEFT_SIDE,RIGHT_SIDE,True,OK
1789620161.1594603,8.21533,-22.509799999999995,11.554,26.60221154432277,-91.88415527343751,-6.097412109375003,LEFT_SIDE,RIGHT_SIDE,True,OK
1789620161.1994221,5.96924,-22.5952,13.3545,26.916863849037092,-91.80175781249999,-6.630249023437498,LEFT_SIDE,RIGHT_SIDE,True,OK
1789620161.2409806,3.1494099999999996,-22.7173,15.332,27.587401592721633,-91.34033203125001,-6.959838867187501,LEFT_SIDE,RIGHT_SIDE,True,OK
1789620161.2794316,0.11110299999999998,-21.8506,17.2729,27.85344033771428,-90.8514404296875,-7.157592773437499,LEFT_SIDE,RIGHT_SIDE,True,OK
1789620161.319635,-2.58636,-21.2524,18.4082,28.235006482195114,-90.2197265625,-7.157592773437501,LEFT_SIDE,RIGHT_SIDE,True,OK
1789620161.3594515,-4.910279999999999,-21.6187,19.042999999999996,29.225244025814394,-89.7088623046875,-6.8829345703125,LEFT_SIDE,RIGHT_SIDE,True,OK
1789620161.3994553,-7.672119999999999,-21.4966,19.6045,30.088231205978197,-89.36828613281251,-6.575317382812501,LEFT_SIDE,RIGHT_SIDE,True,OK
1789620161.4394224,-10.3638,-21.411099999999998,20.0684,31.12208592318323,-89.197998046875,-6.212768554687499,LEFT_SIDE,RIGHT_SIDE,True,OK
1789620161.4794447,-13.6475,-20.4712,20.617699999999996,32.10005979714056,-89.0716552734375,-5.894165039062501,LEFT_SIDE,RIGHT_SIDE,True,OK
1789620161.5194716,-15.5151,-20.5811,20.5688,32.9753777637194,-88.83544921875,-5.592041015625001,LEFT_SIDE,RIGHT_SIDE,True,OK
1789620161.5594242,-17.7612,-20.6055,20.3247,33.957919338204455,-88.5443115234375,-5.125122070312498,LEFT_SIDE,RIGHT_SIDE,True,OK
1789620161.5994294,-19.5068,-20.642099999999996,19.8486,34.6493645051392,-88.165283203125,-4.537353515625002,LEFT_SIDE,RIGHT_SIDE,True,OK
1789620161.6394732,-21.521,-20.6909,19.2139,35.50268633526201,-87.747802734375,-3.894653320312493,LEFT_SIDE,RIGHT_SIDE,True,OK
1789620161.679442,-23.425299999999996,-20.7275,18.6157,36.399426133251055,-87.29187011718749,-3.350830078124999,LEFT_SIDE,RIGHT_SIDE,True,OK
1789620161.7195008,-25.5615,-20.7031,17.688,37.34801167210913,-86.93481445312501,-2.9937744140625027,LEFT_SIDE,RIGHT_SIDE,True,OK
1789620161.7594087,-27.246099999999995,-20.5933,16.8213,38.07085635745537,-86.737060546875,-2.7355957031250053,LEFT_SIDE,RIGHT_SIDE,True,OK
1789620161.8007243,-28.1006,-21.0083,16.0889,38.598511531664016,-86.7041015625,-2.6477050781250036,LEFT_SIDE,RIGHT_SIDE,True,OK
1789620161.8413503,-28.9551,-20.8618,15.563999999999998,38.933926224438245,-86.934814453125,-2.691650390624995,LEFT_SIDE,RIGHT_SIDE,True,OK
1789620161.8794935,-29.5898,-20.617699999999996,15.6494,39.31347781219565,-87.4456787109375,-2.850952148437502,LEFT_SIDE,RIGHT_SIDE,True,OK
1789620161.9195015,-29.907199999999996,-20.507799999999996,15.8813,39.58820736494644,-88.22021484374997,-3.092651367187501,LEFT_SIDE,RIGHT_SIDE,True,OK
1789620161.95952,-29.4434,-20.1294,16.1865,39.167707747199096,-89.14306640625003,-3.2299804687500036,LEFT_SIDE,RIGHT_SIDE,True,OK
1789620161.9994652,-28.735399999999995,-19.751,16.5894,38.61390172619182,-90.04943847656251,-3.153076171874995,LEFT_SIDE,RIGHT_SIDE,True,OK
1789620162.0396035,-27.6855,-20.0439,17.3462,38.329303305695504,-90.71411132812501,-2.834472656249997,LEFT_SIDE,RIGHT_SIDE,True,OK
1789620162.0794322,-26.489299999999997,-20.227099999999997,18.1641,37.95725382202985,-91.14257812499999,-2.3455810546875036,LEFT_SIDE,RIGHT_SIDE,True,OK
1789620162.1194944,-24.9023,-19.8608,18.6646,36.918060825157106,-91.29089355468749,-1.7962646484375,LEFT_SIDE,RIGHT_SIDE,True,OK
1789620162.159413,-23.2422,-19.5435,19.1772,35.9153623527593,-91.29638671875001,-1.263427734374998,LEFT_SIDE,RIGHT_SIDE,True,OK
1789620162.1994185,-21.3867,-20.0806,19.714399999999998,35.345141117415274,-91.1810302734375,-0.7141113281249958,LEFT_SIDE,RIGHT_SIDE,True,OK
1789620162.2394109,-18.7012,-20.5933,20.0806,34.30815329757636,-90.86242675781249,-0.1263427734375057,LEFT_SIDE,RIGHT_SIDE,True,OK
1789620162.279516,-15.942399999999997,-20.5444,20.3369,33.012452055701644,-90.582275390625,0.39550781250000183,LEFT_SIDE,RIGHT_SIDE,True,OK
1789620162.3195052,-13.5864,-20.3735,20.3369,31.83173367600326,-90.252685546875,0.8184814453125006,LEFT_SIDE,RIGHT_SIDE,True,OK
1789620162.3594155,-10.8093,-21.0083,20.092799999999997,31.014677931908302,-90.10437011718751,1.1096191406249964,LEFT_SIDE,RIGHT_SIDE,True,OK
1789620162.3994062,-7.97119,-21.0938,19.714399999999998,29.952392822879776,-89.89013671875,1.2579345703125016,LEFT_SIDE,RIGHT_SIDE,True,OK
1789620162.4394116,-4.95911,-21.4478,18.9453,29.04350682892994,-89.75830078125,1.3842773437500002,LEFT_SIDE,RIGHT_SIDE,True,OK
1789620162.4795089,-1.62659,-21.264599999999998,17.980999999999998,27.8952571091951,-89.91210937499999,1.4337158203124991,LEFT_SIDE,RIGHT_SIDE,True,OK
1789620162.5195136,0.8399959999999999,-21.3501,16.9556,27.27681679833657,-90.03845214843749,1.4117431640624993,LEFT_SIDE,RIGHT_SIDE,True,OK
1789620162.5595834,3.7475599999999996,-21.3989,15.4053,26.632318623311793,-90.10986328125003,1.5985107421875002,LEFT_SIDE,RIGHT_SIDE,True,OK
1789620162.5994864,6.17371,-21.3867,13.8672,26.226034162528272,-90.12634277343749,1.8786621093749996,LEFT_SIDE,RIGHT_SIDE,True,OK
1789620162.6394846,9.35669,-21.4478,11.2305,25.955344398526098,-90.03845214843751,2.1533203125000004,LEFT_SIDE,RIGHT_SIDE,True,OK
1789620162.6794736,11.6882,-21.264599999999998,8.77686,25.803691671146588,-89.9505615234375,2.5488281250000018,LEFT_SIDE,RIGHT_SIDE,True,OK
1789620162.7195413,13.8184,-21.2036,5.95703,26.00051995520282,-89.91210937499999,2.752075195312499,LEFT_SIDE,RIGHT_SIDE,True,OK
1789620162.7594945,15.332,-20.9839,3.3386199999999997,26.201921050075697,-89.51660156249999,3.3233642578125018,LEFT_SIDE,RIGHT_SIDE,True,OK
1789620162.7998319,16.7725,-21.020499999999995,0.528717,26.89716933370664,-89.384765625,3.559570312499998,LEFT_SIDE,RIGHT_SIDE,True,OK
1789620162.8404868,17.846699999999995,-20.8618,-2.4704,27.564873957448086,-89.21997070312499,3.6749267578125,LEFT_SIDE,RIGHT_SIDE,True,OK
1789620162.8804982,18.5303,-20.8008,-5.75562,28.445956835979345,-89.04418945312501,3.6090087890625036,LEFT_SIDE,RIGHT_SIDE,True,OK
1789620162.9204595,18.7134,-20.9717,-8.5083,29.366557669226403,-88.87939453125003,3.229980468750007,LEFT_SIDE,RIGHT_SIDE,True,OK
1789620162.96047,18.4937,-21.166999999999998,-11.1206,30.227910497584844,-88.802490234375,2.471923828124999,LEFT_SIDE,RIGHT_SIDE,True,OK
1789620163.0005033,17.7979,-21.6309,-14.1235,31.37091537507313,-89.000244140625,1.6259765625000078,LEFT_SIDE,RIGHT_SIDE,True,OK
1789620163.0434647,16.8457,-22.1558,-17.1631,32.69906854544943,-89.0826416015625,0.6811523437499969,LEFT_SIDE,RIGHT_SIDE,True,OK
1789620163.0815053,15.8813,-22.2656,-19.2749,33.45884640958202,-89.42871093749997,-0.060424804687504344,LEFT_SIDE,RIGHT_SIDE,True,OK
1789620163.1219995,14.5264,-22.497599999999995,-21.2036,34.15773639572739,-89.65942382812499,-0.6152343750000095,LEFT_SIDE,RIGHT_SIDE,True,OK
1789620163.1615446,13.3545,-22.1313,-22.9614,34.5740220382298,-89.85168457031249,-0.9832763671875004,LEFT_SIDE,RIGHT_SIDE,True,OK
1789620163.2014954,11.767599999999998,-22.644,-25.244099999999996,35.89556700443663,-90.07141113281251,-0.9283447265624929,LEFT_SIDE,RIGHT_SIDE,True,OK
1789620163.241509,10.314899999999998,-22.9858,-27.4414,37.25284683900011,-90.252685546875,-0.9118652343750054,LEFT_SIDE,RIGHT_SIDE,True,OK
1789620163.281592,8.83179,-22.485399999999995,-28.613299999999995,37.44749210099522,-90.24169921875003,-0.7415771484374964,LEFT_SIDE,RIGHT_SIDE,True,OK
1789620163.3215683,7.275389999999999,-22.228999999999996,-29.9561,38.0056267921225,-90.1922607421875,-0.3845214843750049,LEFT_SIDE,RIGHT_SIDE,True,OK
1789620163.3614748,5.93872,-22.1069,-31.152299999999997,38.65810675832949,-90.01647949218749,-0.14831542968749958,LEFT_SIDE,RIGHT_SIDE,True,OK
1789620163.4015124,3.7963899999999997,-22.204599999999996,-32.7148,39.72046043580184,-89.85168457031249,0.0164794921875032,LEFT_SIDE,RIGHT_SIDE,True,OK
1789620163.4415348,1.86157,-22.0337,-33.8135,40.401759377592704,-89.8516845703125,0.10986328124999456,LEFT_SIDE,RIGHT_SIDE,True,OK
1789620163.4815016,-0.27103399999999994,-21.9238,-34.5703,40.936928413831396,-89.89562988281249,0.1812744140624988,LEFT_SIDE,RIGHT_SIDE,True,OK
1789620163.5217133,-2.1118199999999994,-21.8872,-35.0098,41.34241651853941,-89.9725341796875,0.35705566406250144,LEFT_SIDE,RIGHT_SIDE,True,OK
1789620163.5615263,-4.2053199999999995,-21.935999999999996,-35.5957,42.022930297545884,-89.9835205078125,0.6042480468749958,LEFT_SIDE,RIGHT_SIDE,True,OK
1789620163.6015446,-6.03333,-21.7773,-36.084,42.57589602320661,-89.96704101562497,0.7910156250000039,LEFT_SIDE,RIGHT_SIDE,True,OK
1789620163.6414855,-7.983399999999999,-22.1802,-36.35249999999999,43.3266685062445,-90.15380859375001,0.8843994140624999,LEFT_SIDE,RIGHT_SIDE,True,OK
1789620163.681547,-9.46655,-22.2656,-36.35249999999999,43.667800133651106,-90.362548828125,1.0656738281249973,LEFT_SIDE,RIGHT_SIDE,True,OK
1789620163.7214909,-11.4136,-22.351099999999995,-36.377,44.1942085025855,-90.41748046874999,1.4172363281250018,LEFT_SIDE,RIGHT_SIDE,True,OK
1789620163.761426,-12.8174,-22.216799999999996,-36.32809999999999,44.47024617213176,-90.142822265625,1.8731689453125009,LEFT_SIDE,RIGHT_SIDE,True,OK
1789620163.8016496,-15.271,-21.960399999999996,-36.35249999999999,45.13276930800944,-89.46166992187501,2.2961425781250018,LEFT_SIDE,RIGHT_SIDE,True,OK
1789620163.8424423,-17.053199999999997,-21.7896,-36.3037,45.645995794702515,-88.67065429687499,2.3510742187499987,LEFT_SIDE,RIGHT_SIDE,True,OK
1789620163.8815262,-19.0186,-21.4844,-36.1084,46.12052839983515,-88.06091308593751,2.0654296874999996,LEFT_SIDE,RIGHT_SIDE,True,OK
1789620163.92153,-20.5933,-21.411099999999998,-35.69339999999999,46.438540154272715,-87.7093505859375,1.6314697265625,LEFT_SIDE,RIGHT_SIDE,True,OK
1789620163.962514,-22.3389,-21.2524,-35.4492,46.98230240856657,-87.64343261718749,0.9997558593750003,LEFT_SIDE,RIGHT_SIDE,True,OK
1789620164.0024996,-24.585,-20.886199999999995,-34.8877,47.51638861203574,-87.39074707031251,0.2471923828125008,LEFT_SIDE,RIGHT_SIDE,True,OK
1789620164.042434,-27.514599999999998,-20.629899999999996,-33.5938,48.07483110329146,-87.4017333984375,-0.7470703124999999,LEFT_SIDE,RIGHT_SIDE,True,OK
1789620164.08252,-30.0049,-20.507799999999996,-31.957999999999995,48.39604993023707,-87.85217285156249,-1.6809082031249996,LEFT_SIDE,RIGHT_SIDE,True,OK
1789620164.1226208,-32.4219,-20.483399999999996,-30.468799999999998,48.98057827966101,-88.39599609374999,-2.0928955078125,LEFT_SIDE,RIGHT_SIDE,True,OK
1789620164.1625152,-34.20409999999999,-20.1294,-29.0527,49.185084918702735,-88.81347656250001,-2.2357177734375,LEFT_SIDE,RIGHT_SIDE,True,OK
1789620164.2027926,-36.0596,-20.483399999999996,-27.1729,49.58054983690681,-88.8739013671875,-2.30712890625,LEFT_SIDE,RIGHT_SIDE,True,OK
1789620164.2424653,-37.670899999999996,-20.7031,-24.853499999999997,49.65291047531856,-88.857421875,-2.4060058593749987,LEFT_SIDE,RIGHT_SIDE,True,OK
1789620164.2825165,-39.2334,-20.3247,-22.9126,49.77288764387696,-89.0606689453125,-2.48291015625,LEFT_SIDE,RIGHT_SIDE,True,OK
1789620164.322478,-40.69819999999999,-20.227099999999997,-20.5933,49.895521467763004,-89.04418945312499,-2.691650390625,LEFT_SIDE,RIGHT_SIDE,True,OK
1789620164.3624592,-41.7236,-20.0073,-18.762199999999996,49.93166329184318,-88.95080566406251,-3.1365966796875004,LEFT_SIDE,RIGHT_SIDE,True,OK
1789620164.4025002,-42.9688,-19.824199999999998,-15.991199999999997,49.95032689102244,-89.10461425781251,-3.598022460937497,LEFT_SIDE,RIGHT_SIDE,True,OK
1789620164.4426582,-43.75,-19.3726,-13.696299999999999,49.7689538211323,-89.28588867187499,-3.993530273437498,LEFT_SIDE,RIGHT_SIDE,True,OK
1789620164.4825392,-44.2383,-19.2505,-11.4197,49.57840744951375,-89.15954589843751,-4.064941406249997,LEFT_SIDE,RIGHT_SIDE,True,OK
1789620164.522521,-44.3848,-19.2017,-9.44824,49.27458770022941,-88.81896972656253,-3.7518310546875018,LEFT_SIDE,RIGHT_SIDE,True,OK
1789620164.562408,-44.2627,-19.5435,-7.60498,48.97928872840438,-88.17077636718751,-3.2684326171875067,LEFT_SIDE,RIGHT_SIDE,True,OK
1789620164.6025374,-43.9453,-19.9463,-5.825809999999999,48.61053731379751,-87.47863769531249,-2.7246093749999996,LEFT_SIDE,RIGHT_SIDE,True,OK
1789620164.6425116,-43.383799999999994,-20.3857,-3.67126,48.075035277341186,-87.1875,-2.2027587890625,LEFT_SIDE,RIGHT_SIDE,True,OK
1789620164.68259,-42.9199,-20.617699999999996,-1.84021,47.650747550737336,-87.1270751953125,-1.8786621093749976,LEFT_SIDE,RIGHT_SIDE,True,OK
1789620164.722509,-42.333999999999996,-20.5322,0.164413,47.050672943907706,-87.099609375,-1.8237304687499998,LEFT_SIDE,RIGHT_SIDE,True,OK
1789620164.7624373,-41.74799999999999,-20.7275,1.64032,46.639204645366746,-86.8194580078125,-1.6479492187499922,LEFT_SIDE,RIGHT_SIDE,True,OK
1789620164.8025076,-40.844699999999996,-21.4844,2.92511,46.24311008098503,-86.21520996093749,-1.1206054687499996,LEFT_SIDE,RIGHT_SIDE,True,OK
1789620164.8435214,-39.9658,-22.228999999999996,4.36096,45.93921617487177,-86.57226562500001,-0.7525634765624886,LEFT_SIDE,RIGHT_SIDE,True,OK
1789620164.8834672,-39.3555,-21.8018,5.59082,45.336862835471976,-87.25891113281251,-0.5987548828124996,LEFT_SIDE,RIGHT_SIDE,True,OK
1789620164.9233735,-38.9404,-21.8994,6.67725,45.17216111813226,-87.28637695312501,-0.5273437499999933,LEFT_SIDE,RIGHT_SIDE,True,OK
1789620164.9633193,-38.11039999999999,-21.8018,7.3303199999999995,44.513533478060346,-86.5557861328125,-0.34606933593749467,LEFT_SIDE,RIGHT_SIDE,True,OK
1789620165.0033493,-37.207,-22.4365,8.02002,44.18232793833299,-86.02294921875,-0.4119873046874951,LEFT_SIDE,RIGHT_SIDE,True,OK
1789620165.044618,-36.5723,-22.4487,8.86841,43.81924183401739,-86.17675781250001,-0.747070312499999,LEFT_SIDE,RIGHT_SIDE,True,OK
1789620165.083349,-35.71779999999999,-22.473099999999995,10.0647,43.38317238907269,-85.90209960937501,-0.8624267578124962,LEFT_SIDE,RIGHT_SIDE,True,OK
1789620165.1233428,-34.472699999999996,-22.4243,11.248799999999997,42.635100295648414,-85.7373046875,-0.9393310546874994,LEFT_SIDE,RIGHT_SIDE,True,OK
1789620165.163646,-33.0566,-22.0337,12.298599999999999,41.58699678036393,-85.528564453125,-0.9722900390625074,LEFT_SIDE,RIGHT_SIDE,True,OK
1789620165.2033193,-31.7627,-22.5464,13.269,41.149430436520014,-85.38574218749999,-1.120605468750006,LEFT_SIDE,RIGHT_SIDE,True,OK
1789620165.2433174,-30.859399999999997,-23.1201,13.830599999999999,40.96494951455451,-85.23193359375,-1.307373046874997,LEFT_SIDE,RIGHT_SIDE,True,OK
1789620165.2833796,-30.029299999999996,-22.7051,14.355499999999997,40.29095189679688,-85.2923583984375,-1.4831542968750027,LEFT_SIDE,RIGHT_SIDE,True,OK
1789620165.324359,-29.101599999999998,-22.729499999999998,15.0024,39.85731173285524,-85.6768798828125,-1.5710449218749947,LEFT_SIDE,RIGHT_SIDE,True,OK
1789620165.3644629,-27.9785,-22.485399999999995,15.7593,39.20134196555011,-86.451416015625,-1.6369628906249996,LEFT_SIDE,RIGHT_SIDE,True,OK
1789620165.4043713,-26.7822,-22.7905,16.7603,38.95639592133749,-87.4127197265625,-1.6699218750000044,LEFT_SIDE,RIGHT_SIDE,True,OK
1789620165.444363,-26.1719,-21.9849,17.2119,38.26948757469846,-88.15429687500001,-1.7797851562500007,LEFT_SIDE,RIGHT_SIDE,True,OK
1789620165.4848213,-25.8789,-21.7285,17.578099999999996,38.08982511209523,-88.33007812500001,-2.0159912109375013,LEFT_SIDE,RIGHT_SIDE,True,OK
1789620165.5243716,-25.7324,-21.875,17.5537,38.06316353707348,-87.418212890625,-2.384033203125001,LEFT_SIDE,RIGHT_SIDE,True,OK
1789620165.564482,-25.708,-22.3022,17.0044,38.04522319818876,-85.58349609375,-2.850952148437496,LEFT_SIDE,RIGHT_SIDE,True,OK
1789620165.604288,-25.4639,-23.3765,16.381799999999995,38.25224603471017,-82.97424316406249,-3.4826660156250004,LEFT_SIDE,RIGHT_SIDE,True,OK
1789620165.6443512,-25.146499999999996,-24.462899999999998,15.551799999999998,38.374971295103265,-80.00793457031251,-4.625244140624995,LEFT_SIDE,RIGHT_SIDE,True,OK
1789620165.684401,-24.9146,-25.9033,14.697299999999998,38.82948456186355,-77.04162597656249,-6.042480468749996,LEFT_SIDE,RIGHT_SIDE,True,OK
1789620165.7244453,-25.414999999999996,-26.049799999999998,13.7695,38.911610546082514,-74.46533203125001,-7.459716796874999,LEFT_SIDE,RIGHT_SIDE,True,OK
1789620165.7646358,-26.416,-26.5381,12.6099,39.51057308645371,-71.839599609375,-8.327636718749996,LEFT_SIDE,RIGHT_SIDE,True,OK
1789620165.8043575,-27.4902,-27.2217,11.1511,40.26262631945413,-69.422607421875,-8.503417968750002,LEFT_SIDE,RIGHT_SIDE,True,OK
1789620165.8453457,-28.2715,-28.2471,9.881589999999997,41.16821822216866,-67.33520507812501,-8.146362304687504,LEFT_SIDE,RIGHT_SIDE,True,OK
1789620165.885424,-29.3213,-28.027299999999997,8.76465,41.49803933443724,-65.78613281249999,-7.514648437500006,LEFT_SIDE,RIGHT_SIDE,True,OK
1789620165.9254766,-30.1514,-27.9785,7.861329999999999,41.877247922695446,-65.115966796875,-6.893920898437499,LEFT_SIDE,RIGHT_SIDE,True,OK
1789620165.9656901,-30.249,-28.1494,7.65381,42.0234640275656,-65.37414550781251,-6.476440429687504,LEFT_SIDE,RIGHT_SIDE,True,OK
1789620166.0053458,-29.9805,-28.320299999999996,8.093259999999999,42.02821230753933,-66.38488769531251,-6.289672851562504,LEFT_SIDE,RIGHT_SIDE,True,OK
1789620166.04433,-29.785199999999996,-28.027299999999997,8.593749999999998,41.791628628141545,-67.752685546875,-6.102905273437494,LEFT_SIDE,RIGHT_SIDE,True,OK
1789620166.0844543,-29.394499999999997,-27.832,9.375,41.55174459935467,-69.1204833984375,-5.756835937499999,LEFT_SIDE,RIGHT_SIDE,True,OK
1789620166.1266038,-28.4912,-27.71,10.26,41.04704834016692,-70.08728027343751,-5.136108398437499,LEFT_SIDE,RIGHT_SIDE,True,OK
1789620166.16444,-27.539099999999998,-27.71,10.772699999999999,40.525266120039234,-70.52673339843749,-4.284667968749998,LEFT_SIDE,RIGHT_SIDE,True,OK
1789620166.205317,-27.0264,-27.8564,10.7422,40.27158028635082,-70.58715820312499,-3.367309570312497,LEFT_SIDE,RIGHT_SIDE,True,OK
1789620166.245356,-26.5625,-28.710899999999995,10.3394,40.457204270933005,-70.27404785156251,-2.6037597656249964,LEFT_SIDE,RIGHT_SIDE,True,OK
1789620166.2854,-26.001,-28.735399999999995,10.2783,40.09262606826846,-69.46655273437501,-1.9555664062499982,LEFT_SIDE,RIGHT_SIDE,True,OK
1789620166.3257418,-25.3174,-29.3213,9.79614,39.95840005993233,-68.0108642578125,-1.263427734375001,LEFT_SIDE,RIGHT_SIDE,True,OK
1789620166.3644137,-24.999999999999996,-30.053699999999996,8.78296,40.06700974681789,-65.99487304687501,-0.50537109375,LEFT_SIDE,RIGHT_SIDE,True,OK
1789620166.4052987,-24.6582,-30.883799999999997,7.39746,40.206446549422886,-63.27575683593751,0.08239746093750473,LEFT_SIDE,RIGHT_SIDE,True,OK
1789620166.4454298,-24.328599999999998,-31.884799999999995,5.86243,40.532571279218146,-59.946899414062486,0.10437011718750484,LEFT_SIDE,RIGHT_SIDE,True,OK
1789620166.4854512,-24.0601,-32.5928,4.12292,40.72072559737117,-56.61254882812501,-0.33508300781250216,LEFT_SIDE,RIGHT_SIDE,True,OK
1789620166.5244215,-23.877,-33.5449,2.30255,41.23921897311466,-53.26171875,-0.9448242187500003,LEFT_SIDE,TRANSITION,True,OK
1789620166.5654404,-23.4985,-33.667,0.9597779999999999,41.06784100801117,-50.487670898437486,-1.8127441406250007,LEFT_SIDE,TRANSITION,True,OK
1789620166.6053956,-23.1934,-34.081999999999994,-0.37326799999999993,41.2268826927264,-48.059692382812486,-2.7191162109374987,LEFT_SIDE,TRANSITION,True,OK
1789620166.6454268,-22.9736,-34.5215,-1.62659,41.498988592953694,-46.25793457031249,-3.6419677734374973,LEFT_SIDE,TRANSITION,True,OK
1789620166.6844885,-22.8149,-35.0098,-2.62604,41.87005904141526,-44.6759033203125,-4.454956054687503,LEFT_SIDE,TRANSITION,True,OK
1789620166.7254963,-22.9858,-34.6191,-3.19519,41.67779175515541,-42.8521728515625,-5.377807617187498,LEFT_SIDE,TRANSITION,True,OK
1789620166.7643673,-23.1201,-34.37499999999999,-4.0863,41.62784520846593,-40.528564453125,-6.295166015624999,LEFT_SIDE,TRANSITION,True,OK
1789620166.8043818,-23.1689,-34.7168,-6.23474,42.20102027578954,-37.67211914062499,-7.267456054687497,LEFT_SIDE,TRANSITION,True,OK
1789620166.8453972,-23.010299999999997,-35.253899999999994,-8.410639999999999,42.93076095889286,-34.51354980468749,-8.096923828125,LEFT_SIDE,LEVEL,True,OK
1789620166.8856173,-23.4497,-34.7412,-10.1318,43.121836449413884,-31.36596679687501,-8.816528320312502,LEFT_SIDE,LEVEL,True,OK
1789620166.9256039,-24.0234,-34.22849999999999,-11.9995,43.50519463305502,-28.4326171875,-9.2230224609375,LEFT_SIDE,LEVEL,True,OK
1789620166.964367,-24.1699,-33.8867,-13.830599999999999,43.86089373530822,-25.729980468749996,-9.107666015624998,LEFT_SIDE,LEVEL,True,OK
1789620167.0042984,-24.2676,-33.5449,-16.369599999999995,44.52123684187132,-23.411865234375004,-8.382568359375,LEFT_SIDE,LEVEL,True,OK
1789620167.0464315,-24.475099999999998,-32.959,-17.4805,44.61943613785365,-21.659545898437496,-7.14111328125,LEFT_SIDE,LEVEL,True,OK
1789620167.0855203,-24.5728,-32.4219,-19.1162,44.949206910578525,-20.928955078124996,-6.3665771484375,LEFT_SIDE,LEVEL,True,OK
1789620167.1244526,-24.0356,-32.0312,-19.9463,44.73882792932778,-19.1876220703125,-3.894653320312499,LEFT_SIDE,LEVEL,True,OK
1789620167.1655867,-23.5107,-31.616199999999996,-21.3867,44.82999056234565,-17.946166992187496,-2.5872802734375018,LEFT_SIDE,LEVEL,True,OK
1789620167.2042978,-23.266599999999997,-31.0059,-22.7783,44.96166657565086,-16.594848632812504,-1.7303466796874996,LEFT_SIDE,LEVEL,True,OK
1789620167.244541,-23.034699999999997,-30.542,-24.0356,45.17876974254611,-15.166625976562502,-1.444702148437501,LEFT_SIDE,LEVEL,True,OK
1789620167.2855036,-22.9248,-30.029299999999996,-24.8901,45.241821266832304,-13.771362304687502,-1.6424560546874993,LEFT_SIDE,LEVEL,True,OK
1789620167.325582,-23.0469,-29.492199999999997,-25.7568,45.43525290663627,-12.453002929687502,-1.994018554687499,LEFT_SIDE,LEVEL,True,OK
1789620167.3654943,-23.0713,-29.101599999999998,-26.2207,45.46111651444562,-11.716918945312504,-2.070922851562501,LEFT_SIDE,LEVEL,True,OK
1789620167.4054728,-23.034699999999997,-29.0039,-26.5625,45.578394284463336,-11.865234375000002,-1.5710449218749993,LEFT_SIDE,LEVEL,True,OK
1789620167.4455423,-22.753899999999998,-29.3213,-26.2451,45.456395291641854,-12.881469726562502,-0.6811523437500001,LEFT_SIDE,LEVEL,True,OK
1789620167.4855285,-22.4243,-29.834,-25.4639,45.18104679730207,-14.381103515625002,0.2197265624999996,LEFT_SIDE,LEVEL,True,OK
1789620167.525616,-22.216799999999996,-30.542,-24.7925,45.17818082315843,-15.891723632812498,0.8239746093750004,LEFT_SIDE,LEVEL,True,OK
1789620167.5655215,-21.935999999999996,-31.127899999999997,-23.7305,44.86948723419959,-17.061767578125004,1.0437011718749998,LEFT_SIDE,LEVEL,True,OK
1789620167.6065023,-21.6553,-31.5186,-22.7783,44.51095499919093,-18.023071289062496,0.8843994140625014,LEFT_SIDE,LEVEL,True,OK
1789620167.6464834,-22.0459,-31.957999999999995,-22.2656,44.755920437077364,-19.248046875,0.4943847656249989,LEFT_SIDE,LEVEL,True,OK
1789620167.6855369,-22.1802,-32.5439,-21.3867,44.81581903904022,-21.24755859375,0.0,LEFT_SIDE,LEVEL,True,OK
1789620167.7266216,-22.888199999999998,-32.9102,-18.774399999999996,44.26543864732394,-23.8677978515625,-0.2746582031250016,LEFT_SIDE,LEVEL,True,OK
1789620167.7656407,-22.8638,-33.44729999999999,-15.966799999999997,43.547834963061014,-26.9329833984375,-0.15930175781249994,LEFT_SIDE,LEVEL,True,OK
1789620167.806506,-22.875999999999998,-34.106399999999994,-14.3188,43.492366346291156,-30.157470703124996,0.2197265625000004,LEFT_SIDE,LEVEL,True,OK
1789620167.846494,-22.6562,-35.0586,-12.829599999999997,43.66929663459213,-33.37646484375,0.7141113281250006,LEFT_SIDE,LEVEL,True,OK
1789620167.8864486,-22.5952,-35.1074,-10.6873,43.09629890245797,-36.18347167968751,1.1096191406249964,LEFT_SIDE,TRANSITION,True,OK
1789620167.9267313,-22.7173,-34.9854,-8.905029999999998,42.65388014883171,-38.0841064453125,1.2139892578125024,LEFT_SIDE,TRANSITION,True,OK
1789620167.9665952,-22.363299999999995,-35.278299999999994,-7.989499999999999,42.526553446405686,-39.0234375,1.0711669921874944,LEFT_SIDE,TRANSITION,True,OK
1789620168.006387,-21.960399999999996,-35.6689,-8.00171,42.644541951979036,-38.85864257812499,0.6976318359374999,LEFT_SIDE,TRANSITION,True,OK
1789620168.046661,-22.1436,-35.5225,-8.38623,42.69093441028083,-37.59521484375,0.13183593749999667,LEFT_SIDE,TRANSITION,True,OK
1789620168.086552,-22.1436,-35.571299999999994,-9.509279999999999,42.96606580510251,-35.47485351562501,-0.5603027343749999,LEFT_SIDE,TRANSITION,True,OK
1789620168.1265402,-22.29,-35.2295,-10.9497,43.10287345804222,-32.6568603515625,-1.3073730468750018,LEFT_SIDE,LEVEL,True,OK
1789620168.1664968,-22.094699999999996,-35.0098,-13.147,43.43622305323058,-29.28955078125,-1.944580078124999,LEFT_SIDE,LEVEL,True,OK
1789620168.2064543,-22.583,-34.2773,-15.21,43.77521312672275,-25.581665039062507,-2.30712890625,LEFT_SIDE,LEVEL,True,OK
1789620168.246495,-22.7783,-33.6914,-17.8223,44.40265489967914,-21.994628906250004,-2.384033203125001,LEFT_SIDE,LEVEL,True,OK
1789620168.286543,-22.8394,-32.959,-19.7754,44.710181374268664,-18.753662109375,-2.0764160156249996,LEFT_SIDE,LEVEL,True,OK
1789620168.326494,-22.9126,-31.7627,-22.1802,45.009083773056304,-16.067504882812496,-1.4337158203125,LEFT_SIDE,LEVEL,True,OK
1789620168.3665051,-22.485399999999995,-30.810499999999998,-23.803699999999996,44.96105266894892,-13.837280273437498,-0.44494628906250044,LEFT_SIDE,LEVEL,True,OK
1789620168.406419,-21.935999999999996,-29.9561,-25.268599999999996,44.91167074569816,-12.024536132812502,0.6372070312499999,LEFT_SIDE,LEVEL,True,OK
1789620168.4475257,-20.9229,-29.663099999999996,-26.464799999999997,44.922743516619725,-10.733642578125,1.5930175781249991,LEFT_SIDE,LEVEL,True,OK
1789620168.4875412,-20.6665,-29.0527,-27.392599999999998,44.96129595885777,-9.6734619140625,2.329101562500001,LEFT_SIDE,LEVEL,True,OK
1789620168.5275471,-20.4468,-28.442399999999996,-28.418,45.10681181373828,-8.5308837890625,2.3455810546875004,LEFT_SIDE,LEVEL,True,OK
1789620168.5675118,-20.507799999999996,-27.832,-28.9307,45.07965713412204,-7.4871826171875,1.6040039062499998,LEFT_SIDE,LEVEL,True,OK
1789620168.6084516,-20.629899999999996,-27.4902,-28.9062,44.90960107248783,-6.696166992187501,0.5383300781250002,LEFT_SIDE,LEVEL,True,OK
1789620168.6485307,-21.3501,-27.1484,-29.4678,45.400590628426855,-5.993041992187499,-0.5438232421874999,LEFT_SIDE,LEVEL,True,OK
1789620168.6884797,-21.972699999999996,-26.586899999999996,-30.0781,45.76412237233442,-5.2020263671875,-1.142578125,LEFT_SIDE,LEVEL,True,OK
1789620168.7307305,-21.813999999999997,-26.2695,-30.3955,45.71458898973062,-4.515380859374998,-1.1260986328124993,LEFT_SIDE,LEVEL,True,OK
1789620168.7699692,-21.6675,-25.9521,-30.322299999999995,45.41402787630712,-3.8616943359375,-0.8129882812499999,LEFT_SIDE,LEVEL,True,OK
1789620168.8097255,-21.4722,-25.6104,-31.201199999999996,45.72157961444464,-3.334350585937501,-0.3460693359375,LEFT_SIDE,LEVEL,True,OK
1789620168.849637,-21.032699999999995,-25.4639,-32.1533,46.09359362633814,-2.9113769531250004,0.3460693359375002,LEFT_SIDE,LEVEL,True,OK
1789620168.888532,-20.7153,-25.0488,-32.2021,45.7552322684521,-2.4664306640625004,1.175537109375,LEFT_SIDE,LEVEL,True,OK
1789620168.9298494,-19.8608,-24.853499999999997,-32.25099999999999,45.3020401294467,-2.0050048828125004,1.9116210937500002,LEFT_SIDE,LEVEL,True,OK
1789620168.9684691,-19.873,-24.6704,-32.7148,45.53924575791742,-1.77978515625,1.9116210937500002,LEFT_SIDE,LEVEL,True,OK
1789620169.0084484,-20.0562,-24.597199999999997,-32.6416,45.52743630866996,-1.6314697265624996,1.2908935546874998,LEFT_SIDE,LEVEL,True,OK
1789620169.0496962,-19.9341,-24.719199999999997,-32.5928,45.50492064920012,-1.6040039062500002,1.4282226562500002,LEFT_SIDE,LEVEL,True,OK
1789620169.0895667,-19.958499999999997,-24.6582,-32.4951,45.412554139797074,-1.5600585937499998,1.3677978515625002,LEFT_SIDE,LEVEL,True,OK
1789620169.1298034,-19.836399999999998,-24.6948,-32.6416,45.48395280271933,-1.494140625,1.2304687499999996,LEFT_SIDE,LEVEL,True,OK
1789620169.1696935,-20.166,-24.585,-32.5684,45.5169249791767,-1.3128662109375007,0.4339599609375001,LEFT_SIDE,LEVEL,True,OK
1789620169.2104883,-20.1416,-24.609399999999997,-32.4707,45.44945519376442,-1.4447021484374998,0.6701660156249999,LEFT_SIDE,LEVEL,True,OK
1789620169.2504878,-19.9829,-24.7681,-32.6416,45.587817677313744,-1.6094970703125,0.582275390625,LEFT_SIDE,LEVEL,True,OK
1789620169.2905426,-19.9463,-24.7803,-32.397499999999994,45.40392227583427,-1.6973876953125002,0.6481933593750002,LEFT_SIDE,LEVEL,True,OK
1789620169.3317702,-19.9463,-24.853499999999997,-32.4707,45.49612845539717,-1.6864013671875002,0.8898925781249999,LEFT_SIDE,LEVEL,True,OK
1789620169.3719432,-19.9829,-24.6582,-32.25099999999999,45.24897922218798,-1.669921875,0.9228515625,LEFT_SIDE,LEVEL,True,OK
1789620169.412394,-19.9829,-24.621599999999997,-32.22659999999999,45.211649234793455,-1.636962890625,0.933837890625,LEFT_SIDE,LEVEL,True,OK
1789620169.4526467,-19.7632,-24.865699999999997,-32.4463,45.405390587682426,-1.6149902343750004,0.9722900390625002,LEFT_SIDE,LEVEL,True,OK
1789620169.4923644,-19.8486,-24.8413,-32.373,45.376957110961065,-1.5820312499999998,0.9613037109374999,LEFT_SIDE,LEVEL,True,OK
1789620169.5323813,-20.0806,-24.8047,-32.1533,45.302740969393895,-1.5710449218749998,1.0327148437499998,LEFT_SIDE,LEVEL,True,OK
1789620169.5724115,-19.7632,-24.6948,-32.25099999999999,45.172383402694166,-1.5325927734375002,1.0052490234374998,LEFT_SIDE,LEVEL,True,OK
1789620169.6123483,-19.519,-24.731399999999997,-31.8359,44.79015556760213,-1.5106201171874993,1.0327148437499998,LEFT_SIDE,LEVEL,True,OK
1789620169.6524498,-19.751,-24.8047,-32.4707,45.38415474127507,-1.4666748046875004,1.0052490234374998,LEFT_SIDE,LEVEL,True,OK
1789620169.6922796,-20.0806,-24.7925,-32.397499999999994,45.469732337677115,-1.4447021484375,1.0382080078125,LEFT_SIDE,LEVEL,True,OK
1789620169.7323182,-19.7632,-24.9268,-32.4463,45.43888000567355,-1.4172363281250002,1.021728515625,LEFT_SIDE,LEVEL,True,OK
1789620169.7732208,-19.5068,-24.7681,-32.0068,44.926709985152485,-1.3897705078125002,1.0382080078125002,LEFT_SIDE,LEVEL,True,OK
1789620169.8123975,-19.8853,-24.6948,-32.2021,45.1910781851905,-1.3623046875000002,1.0382080078125002,LEFT_SIDE,LEVEL,True,OK
1789620169.8523972,-20.0684,-24.755899999999997,-32.4219,45.46179564183535,-1.3348388671874998,1.0327148437499998,LEFT_SIDE,LEVEL,True,OK
1789620169.892316,-19.8486,-24.8169,-32.4219,45.39851371113376,-1.3128662109375002,1.0491943359375,LEFT_SIDE,LEVEL,True,OK
1789620169.9324014,-19.714399999999998,-24.9268,-32.0312,45.12206443681406,-1.285400390625,1.0437011718749998,LEFT_SIDE,LEVEL,True,OK
1789620169.972406,-19.8975,-24.731399999999997,-32.3242,45.30349388126704,-1.263427734375,1.0491943359374996,LEFT_SIDE,LEVEL,True,OK
1789620170.0124886,-19.9219,-24.6582,-32.373,45.309160838068934,-1.241455078125,1.0546874999999998,LEFT_SIDE,LEVEL,True,OK
1789620170.053431,-19.7632,-24.9023,-32.3486,45.355711233426824,-1.219482421875,1.0546875000000004,LEFT_SIDE,LEVEL,True,OK
1789620170.0933495,-19.702099999999998,-24.8901,-32.373,45.33983845824773,-1.197509765625,1.0601806640625002,LEFT_SIDE,LEVEL,True,OK
1789620170.1334558,-19.702099999999998,-24.9512,-32.4463,45.4257362025097,-1.175537109375,1.0656738281250002,LEFT_SIDE,LEVEL,True,OK
1789620170.173375,-19.7266,-24.9023,-32.397499999999994,45.37467684843606,-1.1535644531250002,1.0656738281249998,LEFT_SIDE,LEVEL,True,OK
1789620170.2133596,-19.6167,-24.9268,-32.25099999999999,45.23590695597911,-1.1370849609375002,1.0711669921875004,LEFT_SIDE,LEVEL,True,OK
1789620170.25345,-19.7754,-24.9512,-32.373,45.405285546949266,-1.1151123046875002,1.0711669921875004,LEFT_SIDE,LEVEL,True,OK
1789620170.293321,-19.836399999999998,-24.939,-32.4219,45.460049335322985,-1.0986328125000002,1.07666015625,LEFT_SIDE,LEVEL,True,OK
1789620170.3344903,-19.8486,-24.9146,-32.4707,45.48681758059141,-1.0766601562500002,1.0766601562500002,LEFT_SIDE,LEVEL,True,OK
1789620170.374424,-19.9829,-24.7925,-31.957999999999995,45.11427836794023,-1.0601806640625,1.0766601562500002,LEFT_SIDE,LEVEL,True,OK
1789620170.4146554,-19.751,-24.877899999999997,-32.5439,45.47655809997058,-1.0382080078125,1.0821533203124998,LEFT_SIDE,LEVEL,True,OK
1789620170.4544542,-19.970699999999997,-24.853499999999997,-32.88569999999999,45.80387085421929,-1.021728515625,1.0821533203124998,LEFT_SIDE,LEVEL,True,OK
1789620170.4944348,-19.824199999999998,-24.8413,-32.397499999999994,45.38377570872657,-1.0052490234375,1.0821533203125,LEFT_SIDE,LEVEL,True,OK
1789620170.5344687,-20.092799999999997,-24.7925,-32.1533,45.30147203987968,-0.98876953125,1.0876464843750002,LEFT_SIDE,LEVEL,True,OK
1789620170.574393,-19.751,-24.8901,-32.397499999999994,45.378597215647815,-0.9722900390625002,1.0876464843750004,LEFT_SIDE,LEVEL,True,OK
1789620170.6145852,-19.519,-24.939,-32.666,45.49739155160436,-0.9558105468749999,1.0931396484375,LEFT_SIDE,LEVEL,True,OK
1789620170.6545591,-19.689899999999998,-24.9146,-32.373,45.34799426843485,-0.9393310546875002,1.0931396484375002,LEFT_SIDE,LEVEL,True,OK
1789620170.6943674,-19.9341,-24.8169,-31.957999999999995,45.10610415919335,-0.9228515625,1.0931396484375002,LEFT_SIDE,LEVEL,True,OK
1789620170.7344685,-19.751,-24.9023,-32.4219,45.40271077700097,-0.9063720703125003,1.0931396484375002,LEFT_SIDE,LEVEL,True,OK
1789620170.7744062,-19.4702,-25.0244,-32.2021,45.19164223404589,-0.8953857421874999,1.0986328124999998,LEFT_SIDE,LEVEL,True,OK
1789620170.8145905,-19.751,-24.9268,-32.5684,45.52085277979752,-0.87890625,1.0986328124999998,LEFT_SIDE,LEVEL,True,OK
1789620170.855443,-20.1904,-24.755899999999997,-32.2754,45.41154348984407,-0.8679199218749999,1.1041259765625002,LEFT_SIDE,LEVEL,True,OK
1789620170.8953907,-19.873,-24.865699999999997,-32.4219,45.435875309055064,-0.8569335937499998,1.1041259765624996,LEFT_SIDE,LEVEL,True,OK
1789620170.9386446,-19.8608,-24.9146,-32.4951,45.50956156468661,-0.8404541015624998,1.1041259765625,LEFT_SIDE,LEVEL,True,OK
1789620170.9764311,-19.714399999999998,-24.8169,-32.373,45.30504631903602,-0.8294677734375001,1.1041259765625,LEFT_SIDE,LEVEL,True,OK
1789620171.0164714,-19.824199999999998,-24.6948,-32.1777,45.14683189294682,-0.8184814453125003,1.1096191406250004,LEFT_SIDE,LEVEL,True,OK
1789620171.0576127,-19.7754,-24.7925,-32.22659999999999,45.21380595537163,-0.8074951171875001,1.109619140625,LEFT_SIDE,LEVEL,True,OK
1789620171.0964699,-19.677699999999998,-24.865699999999997,-32.3242,45.2809984366511,-0.791015625,1.1096191406250002,LEFT_SIDE,LEVEL,True,OK
1789620171.1387649,-19.702099999999998,-24.939,-32.4219,45.40160861709638,-0.7800292968749999,1.1151123046875,LEFT_SIDE,LEVEL,True,OK
1789620171.1763928,-19.6411,-24.853499999999997,-32.2021,45.1712797679012,-0.7690429687500001,1.1151123046875,LEFT_SIDE,LEVEL,True,OK
1789620171.2164683,-19.7632,-24.6704,-32.1533,45.089327021923935,-0.758056640625,1.1151123046875,LEFT_SIDE,LEVEL,True,OK
1789620171.2565656,-19.836399999999998,-24.743699999999997,-32.1777,45.17895341793565,-0.7470703124999999,1.1206054687500002,LEFT_SIDE,LEVEL,True,OK
1789620171.2975898,-20.1416,-24.7803,-32.6172,45.64678580677943,-0.7360839843750001,1.1206054687500004,LEFT_SIDE,LEVEL,True,OK
1789620171.3375802,-19.824199999999998,-24.9146,-32.22659999999999,45.30220685971048,-0.7250976562500001,1.12060546875,LEFT_SIDE,LEVEL,True,OK
1789620171.3775592,-19.8853,-24.719199999999997,-32.2754,45.256661939321155,-0.7196044921874999,1.1206054687499998,LEFT_SIDE,LEVEL,True,OK
1789620171.4175296,-19.9219,-24.6582,-32.25099999999999,45.22207345810229,-0.7141113281250002,1.1260986328125004,LEFT_SIDE,LEVEL,True,OK
1789620171.4585836,-20.0073,-24.6826,-32.6904,45.58711493624048,-0.6976318359375,1.1260986328125002,LEFT_SIDE,LEVEL,True,OK
1789620171.4984963,-19.811999999999998,-24.853499999999997,-32.4219,45.402548451160754,-0.6921386718750001,1.1260986328125002,LEFT_SIDE,LEVEL,True,OK
1789620171.5387657,-19.6045,-24.9634,-32.104499999999994,45.1465024122578,-0.6811523437499999,1.1260986328125,LEFT_SIDE,LEVEL,True,OK
1789620171.5787594,-19.7632,-24.707,-32.22659999999999,45.16163937236999,-0.6701660156249998,1.131591796875,LEFT_SIDE,LEVEL,True,OK
1789620171.6185539,-19.9829,-24.6338,-32.4951,45.41004204864823,-0.6646728515624999,1.1315917968749998,LEFT_SIDE,LEVEL,True,OK
1789620171.6585562,-19.7388,-24.755899999999997,-32.22659999999999,45.17774405401402,-0.6536865234375001,1.1315917968750002,LEFT_SIDE,LEVEL,True,OK
1789620171.70058,-19.958499999999997,-24.865699999999997,-32.0312,45.19560301821406,-0.6481933593750001,1.1315917968750002,LEFT_SIDE,LEVEL,True,OK
1789620171.7386067,-19.677699999999998,-24.9634,-32.2754,45.29994108174976,-0.63720703125,1.1370849609375002,LEFT_SIDE,LEVEL,True,OK
1789620171.7795637,-19.8608,-24.877899999999997,-32.8613,45.75179037742676,-0.6317138671875,1.1370849609375002,LEFT_SIDE,LEVEL,True,OK
1789620171.8196137,-19.8486,-24.9023,-32.397499999999994,45.42784909612164,-0.6207275390625001,1.1370849609375002,LEFT_SIDE,LEVEL,True,OK
1789620171.8605087,-19.8608,-24.9023,-32.4463,45.467992100157666,-0.6152343749999998,1.1370849609375,LEFT_SIDE,LEVEL,True,OK
1789620171.900513,-19.8486,-24.8291,-32.4219,45.4051839372995,-0.6097412109374999,1.1370849609375,LEFT_SIDE,LEVEL,True,OK
1789620171.9404912,-19.702099999999998,-24.9268,-32.5439,45.48212318988637,-0.5987548828125,1.1425781250000002,LEFT_SIDE,LEVEL,True,OK
1789620171.980545,-19.836399999999998,-24.865699999999997,-32.397499999999994,45.402464775604415,-0.59326171875,1.142578125,LEFT_SIDE,LEVEL,True,OK
1789620172.0205557,-19.811999999999998,-24.8901,-32.397499999999994,45.40518063239039,-0.5877685546875,1.142578125,LEFT_SIDE,LEVEL,True,OK
1789620172.0605688,-19.7266,-24.987799999999996,-32.4707,45.47389641200762,-0.582275390625,1.142578125,LEFT_SIDE,LEVEL,True,OK
1789620172.1005263,-19.811999999999998,-24.877899999999997,-32.25099999999999,45.2940642182836,-0.5767822265625,1.142578125,LEFT_SIDE,LEVEL,True,OK
1789620172.1415014,-19.702099999999998,-24.9756,-32.397499999999994,45.40430977363272,-0.5712890625000001,1.1480712890624998,LEFT_SIDE,LEVEL,True,OK
1789620172.180606,-19.7388,-24.865699999999997,-32.373,45.34241271624173,-0.5657958984375001,1.1480712890624998,LEFT_SIDE,LEVEL,True,OK
1789620172.2205322,-19.7388,-24.9146,-32.373,45.36924781831852,-0.560302734375,1.1480712890624998,LEFT_SIDE,LEVEL,True,OK
1789620172.2605104,-19.7632,-24.9634,-32.397499999999994,45.42415018522636,-0.5548095703125001,1.1480712890625,LEFT_SIDE,LEVEL,True,OK
1789620172.300577,-20.0073,-24.853499999999997,-32.4219,45.488109601850894,-0.54931640625,1.1480712890624998,LEFT_SIDE,LEVEL,True,OK
1789620172.3422687,-19.9097,-24.9023,-32.4463,45.48937329827704,-0.5438232421875001,1.1480712890625,LEFT_SIDE,LEVEL,True,OK
1789620172.3806036,-19.555699999999998,-24.9268,-32.4219,45.33156031221515,-0.538330078125,1.1535644531249998,LEFT_SIDE,LEVEL,True,OK
1789620172.4205277,-19.873,-24.8047,-32.397499999999994,45.38509972821476,-0.5328369140625,1.1535644531250002,LEFT_SIDE,LEVEL,True,OK
1789620172.4605837,-20.1904,-24.8047,-32.5195,45.61187646326338,-0.5273437499999999,1.153564453125,LEFT_SIDE,LEVEL,True,OK
1789620172.5005803,-19.8608,-24.8047,-32.22659999999999,45.2579083287109,-0.5218505859374998,1.153564453125,LEFT_SIDE,LEVEL,True,OK
1789620172.541497,-19.445799999999995,-24.987799999999996,-32.1533,45.12608987459471,-0.5163574218750001,1.1535644531250002,LEFT_SIDE,LEVEL,True,OK
1789620172.5805519,-19.7388,-24.8047,-32.2998,45.25671715414188,-0.5163574218750001,1.1535644531250002,LEFT_SIDE,LEVEL,True,OK
1789620172.6215851,-19.9463,-24.6582,-32.5195,45.42465840465947,-0.5108642578125001,1.153564453125,LEFT_SIDE,LEVEL,True,OK
1789620172.6615782,-19.714399999999998,-24.743699999999997,-32.2021,45.142923049576666,-0.50537109375,1.1590576171874998,LEFT_SIDE,LEVEL,True,OK
1789620172.7015827,-19.6289,-24.8291,-32.1533,45.11776393960587,-0.4998779296874998,1.1590576171875,LEFT_SIDE,LEVEL,True,OK
1789620172.7415729,-19.7998,-24.9146,-32.397499999999994,45.41329518378951,-0.4943847656250001,1.1590576171875,LEFT_SIDE,LEVEL,True,OK
1789620172.7815979,-19.824199999999998,-24.8901,-32.8125,45.707506384619144,-0.4943847656250001,1.1590576171875,LEFT_SIDE,LEVEL,True,OK
1789620172.8219185,-19.8853,-24.6948,-32.1533,45.15631743200502,-0.48889160156249994,1.1590576171874998,LEFT_SIDE,LEVEL,True,OK
1789620172.8617024,-19.8975,-24.707,-32.2021,45.20311493315477,-0.48339843750000006,1.1590576171875002,RIGHT_SIDE,LEVEL,True,OK
1789620172.9015687,-19.8975,-24.731399999999997,-32.1777,45.19908217541591,-0.48339843750000006,1.1590576171875002,RIGHT_SIDE,LEVEL,True,OK
1789620172.9415271,-19.8486,-24.877899999999997,-32.4463,45.44930377970602,-0.47790527343749994,1.1645507812500002,RIGHT_SIDE,LEVEL,True,OK
1789620172.9815688,-19.824199999999998,-24.8169,-32.2754,45.28331786000226,-0.4724121093750001,1.16455078125,RIGHT_SIDE,LEVEL,True,OK
1789620173.0215695,-19.7998,-24.6704,-32.1777,45.12277798950326,-0.4724121093750001,1.16455078125,RIGHT_SIDE,LEVEL,True,OK
1789620173.0625596,-19.7266,-24.8047,-32.22659999999999,45.199177395280095,-0.4669189453125,1.16455078125,RIGHT_SIDE,LEVEL,True,OK
1789620173.1025038,-19.836399999999998,-24.743699999999997,-32.2021,45.19633501800782,-0.46142578124999994,1.16455078125,RIGHT_SIDE,LEVEL,True,OK
1789620173.1425266,-19.714399999999998,-24.9146,-32.3486,45.34122608046677,-0.46142578124999994,1.16455078125,RIGHT_SIDE,LEVEL,True,OK
1789620173.1825902,-19.751,-24.8291,-32.2998,45.2754159323799,-0.45593261718750017,1.1645507812500002,RIGHT_SIDE,LEVEL,True,OK
1789620173.2225273,-19.5312,-24.719199999999997,-32.5195,45.27719627284799,-0.45593261718750017,1.16455078125,RIGHT_SIDE,LEVEL,True,OK
1789620173.2625723,-19.824199999999998,-24.743699999999997,-32.1533,45.15622101349935,-0.45043945312500017,1.1700439453125004,RIGHT_SIDE,LEVEL,True,OK
1789620173.302536,-20.0684,-24.719199999999997,-32.0068,45.14659204679795,-0.45043945312500017,1.1700439453125004,RIGHT_SIDE,LEVEL,True,OK
1789620173.3425248,-19.9097,-24.8413,-32.4219,45.438595262067686,-0.44494628906250006,1.1700439453125002,RIGHT_SIDE,LEVEL,True,OK
1789620173.3825743,-19.5435,-24.9023,-32.4219,45.312829719076255,-0.44494628906250006,1.1700439453125002,RIGHT_SIDE,LEVEL,True,OK
1789620173.4225276,-19.8486,-24.8047,-32.397499999999994,45.37442088115285,-0.43945312499999994,1.1700439453125002,RIGHT_SIDE,LEVEL,True,OK
1789620173.4625468,-20.166,-24.8047,-32.5439,45.61848446956562,-0.43945312499999994,1.1700439453125002,RIGHT_SIDE,LEVEL,True,OK
1789620173.5025299,-19.8486,-24.8047,-32.2021,45.23511145625707,-0.43395996093749994,1.1700439453125,RIGHT_SIDE,LEVEL,True,OK
1789620173.5424638,-19.4214,-25.0244,-32.6172,45.46749508341096,-0.43395996093749994,1.1700439453125,RIGHT_SIDE,LEVEL,True,OK
1789620173.5824118,-19.714399999999998,-24.8413,-32.3486,45.300989779584285,-0.4284667968750001,1.1700439453125002,RIGHT_SIDE,LEVEL,True,OK
1789620173.6227443,-19.8975,-24.7925,-32.7148,45.61618902911553,-0.4284667968750001,1.1700439453125002,RIGHT_SIDE,LEVEL,True,OK
1789620173.6624148,-19.873,-24.8413,-32.3242,45.35284136997372,-0.42297363281250006,1.1700439453125,RIGHT_SIDE,LEVEL,True,OK
1789620173.7023745,-19.445799999999995,-24.9268,-32.22659999999999,45.144636928875606,-0.42297363281250006,1.1700439453125,RIGHT_SIDE,LEVEL,True,OK
1789620173.743346,-19.811999999999998,-24.9146,-32.4463,45.45343794313033,-0.42297363281250006,1.1700439453125,RIGHT_SIDE,LEVEL,True,OK
1789620173.7834177,-19.8608,-24.8169,-32.397499999999994,45.3864286819309,-0.41748046875000006,1.1755371093749998,RIGHT_SIDE,LEVEL,True,OK
1789620173.8233538,-19.836399999999998,-24.8413,-32.373,45.371621964064715,-0.41748046875000006,1.1755371093749998,RIGHT_SIDE,LEVEL,True,OK
1789620173.8623884,-19.8853,-24.877899999999997,-32.4219,45.44793355159286,-0.41748046875000006,1.1755371093749998,RIGHT_SIDE,LEVEL,True,OK
1789620173.9024057,-19.8608,-24.8291,-32.2021,45.25384876295054,-0.4119873046874999,1.175537109375,RIGHT_SIDE,LEVEL,True,OK
1789620173.9424183,-19.836399999999998,-24.853499999999997,-32.4463,45.4306241526572,-0.4119873046874999,1.175537109375,RIGHT_SIDE,LEVEL,True,OK
1789620173.9825866,-19.7754,-24.8169,-32.373,45.331623617183624,-0.40649414062500006,1.175537109375,RIGHT_SIDE,LEVEL,True,OK
1789620174.0225098,-19.7632,-24.8413,-32.373,45.339666837439374,-0.40649414062500006,1.175537109375,RIGHT_SIDE,LEVEL,True,OK
1789620174.062433,-19.6411,-25.0244,-32.9102,45.7719856310604,-0.40649414062500006,1.175537109375,RIGHT_SIDE,LEVEL,True,OK
1789620174.10239,-19.824199999999998,-24.853499999999997,-32.2754,45.30338633093557,-0.40100097656250006,1.1755371093749998,RIGHT_SIDE,LEVEL,True,OK
1789620174.1423988,-19.555699999999998,-25.0488,-32.0068,45.10324855451101,-0.40100097656250006,1.1755371093749998,RIGHT_SIDE,LEVEL,True,OK
1789620174.1824176,-19.7632,-24.9023,-32.4219,45.408019326326055,-0.40100097656250006,1.1755371093749998,RIGHT_SIDE,LEVEL,True,OK
1789620174.2223186,-19.519,-24.8047,-32.4951,45.301170261925904,-0.40100097656250006,1.1755371093749998,RIGHT_SIDE,LEVEL,True,OK
1789620174.2633474,-19.9951,-24.731399999999997,-32.25099999999999,45.294295126097275,-0.3955078124999997,1.175537109375,RIGHT_SIDE,LEVEL,True,OK
1789620174.3054392,-19.9341,-24.8291,-31.909199999999995,45.07826077235012,-0.3955078124999997,1.175537109375,RIGHT_SIDE,LEVEL,True,OK
1789620174.3444152,-19.8853,-24.9634,-32.4951,45.54698694381441,-0.3955078124999997,1.175537109375,RIGHT_SIDE,LEVEL,True,OK
1789620174.3845916,-19.689899999999998,-24.9268,-32.8125,45.669439196250266,-0.39001464843749994,1.175537109375,RIGHT_SIDE,LEVEL,True,OK
1789620174.4243972,-19.8608,-24.7681,-32.2998,45.29003460243765,-0.39001464843749994,1.175537109375,RIGHT_SIDE,LEVEL,True,OK
1789620174.4643986,-20.1416,-24.609399999999997,-32.1289,45.20589379859666,-0.39001464843750006,1.1810302734375002,RIGHT_SIDE,LEVEL,True,OK
1789620174.504401,-19.7754,-24.731399999999997,-32.2754,45.21515272870368,-0.39001464843750006,1.1810302734375002,RIGHT_SIDE,LEVEL,True,OK
1789620174.54445,-19.397,-24.987799999999996,-32.5928,45.41942722756419,-0.3845214843750001,1.1810302734375002,RIGHT_SIDE,LEVEL,True,OK
1789620174.584515,-19.714399999999998,-24.865699999999997,-32.3486,45.31437438396342,-0.3845214843750001,1.1810302734375002,RIGHT_SIDE,LEVEL,True,OK
1789620174.6244383,-19.7388,-24.7925,-32.25099999999999,45.21521074472616,-0.3845214843750001,1.1810302734375002,RIGHT_SIDE,LEVEL,True,OK
1789620174.6644218,-19.873,-24.6826,-32.104499999999994,45.109486718538484,-0.3845214843750001,1.1810302734375002,RIGHT_SIDE,LEVEL,True,OK
1789620174.7043948,-19.7632,-24.755899999999997,-32.2754,45.22322527429905,-0.3845214843750001,1.1810302734375002,RIGHT_SIDE,LEVEL,True,OK
1789620174.7444036,-19.836399999999998,-24.939,-32.4219,45.460049335322985,-0.3790283203125,1.1810302734375002,RIGHT_SIDE,LEVEL,True,OK
1789620174.784467,-19.8486,-24.853499999999997,-32.373,45.38363706458529,-0.3790283203125,1.1810302734375002,RIGHT_SIDE,LEVEL,True,OK
1789620174.8244076,-19.873,-24.743699999999997,-32.25099999999999,45.2472520678328,-0.3790283203125,1.1810302734375002,RIGHT_SIDE,LEVEL,True,OK
1789620174.8644567,-20.0195,-24.6704,-32.3242,45.323977341469046,-0.3790283203125,1.1810302734375002,RIGHT_SIDE,LEVEL,True,OK
1789620174.9043949,-19.9097,-24.7925,-32.2754,45.30745695247086,-0.3790283203125,1.1810302734375002,RIGHT_SIDE,LEVEL,True,OK
1789620174.9444542,-19.824199999999998,-24.877899999999997,-32.4707,45.456079599323125,-0.37353515625,1.1810302734375002,RIGHT_SIDE,LEVEL,True,OK
1789620174.9844728,-19.445799999999995,-24.9756,-32.2021,45.154124699854385,-0.37353515625,1.1810302734375002,RIGHT_SIDE,LEVEL,True,OK
1789620175.0254583,-19.811999999999998,-24.877899999999997,-32.5684,45.52060995823759,-0.37353515625,1.1810302734375002,RIGHT_SIDE,LEVEL,True,OK
1789620175.0655913,-20.0439,-24.877899999999997,-32.2998,45.430660524143825,-0.37353515625,1.1810302734375002,RIGHT_SIDE,LEVEL,True,OK
1789620175.1054842,-19.689899999999998,-24.8901,-32.373,45.33453836778312,-0.37353515625,1.1810302734375002,RIGHT_SIDE,LEVEL,True,OK
1789620175.1466963,-19.5435,-25.0244,-32.0068,45.084412315677355,-0.37353515625,1.1810302734375002,RIGHT_SIDE,LEVEL,True,OK
1789620175.1864889,-19.7754,-24.853499999999997,-32.3486,45.33425668707936,-0.37353515625000006,1.1865234375,RIGHT_SIDE,LEVEL,True,OK
1789620175.2264907,-19.9829,-24.8901,-32.7148,45.70658059251425,-0.37353515625,1.1810302734375002,RIGHT_SIDE,LEVEL,True,OK
1789620175.2664862,-19.824199999999998,-24.853499999999997,-32.4219,45.40787340869422,-0.37353515625,1.1865234375,RIGHT_SIDE,LEVEL,True,OK
1789620175.3064077,-19.6167,-24.9146,-32.104499999999994,45.12483941578075,-0.37353515625,1.1865234375,RIGHT_SIDE,LEVEL,True,OK
1789620175.3455784,-19.9097,-24.9023,-32.4707,45.5067803505148,-0.3680419921875001,1.1810302734375,RIGHT_SIDE,LEVEL,True,OK
1789620175.3854725,-19.689899999999998,-24.9146,-32.8125,45.662781468281146,-0.3680419921875,1.1865234374999998,RIGHT_SIDE,LEVEL,True,OK
1789620175.425482,-19.9341,-24.9023,-32.5928,45.60464340327638,-0.3680419921875,1.1865234374999998,RIGHT_SIDE,LEVEL,True,OK
1789620175.4657977,-19.751,-24.8413,-31.982399999999995,45.056254798307414,-0.3680419921875,1.1865234374999998,RIGHT_SIDE,LEVEL,True,OK
1789620175.5054471,-19.751,-24.865699999999997,-32.397499999999994,45.365218435933926,-0.37353515625,1.1865234375,RIGHT_SIDE,LEVEL,True,OK
1789620175.5454865,-19.7266,-24.8901,-32.4707,45.4202838394918,-0.3680419921875,1.1865234374999998,RIGHT_SIDE,LEVEL,True,OK
1789620175.585542,-19.702099999999998,-24.8413,-32.3486,45.29563833372922,-0.37353515625,1.1865234375,RIGHT_SIDE,LEVEL,True,OK
1789620175.6255527,-19.8608,-24.853499999999997,-32.2998,45.33679431686806,-0.3680419921875,1.1865234374999998,RIGHT_SIDE,LEVEL,True,OK
1789620175.6655147,-19.7388,-24.8901,-32.397499999999994,45.373288504361234,-0.3680419921875,1.1865234374999998,RIGHT_SIDE,LEVEL,True,OK
1789620175.7056465,-19.7876,-24.853499999999997,-32.4219,45.39190649906655,-0.37353515625,1.1865234375,RIGHT_SIDE,LEVEL,True,OK
1789620175.746624,-19.8486,-24.865699999999997,-32.4463,45.442626928248764,-0.3680419921875001,1.1810302734375,RIGHT_SIDE,LEVEL,True,OK
1789620175.785571,-19.873,-24.877899999999997,-32.4463,45.4599650362822,-0.3680419921875001,1.1810302734375,RIGHT_SIDE,LEVEL,True,OK
1789620175.8265705,-19.7388,-24.865699999999997,-32.5195,45.447124685506786,-0.3680419921875001,1.1810302734375,RIGHT_SIDE,LEVEL,True,OK
1789620175.866535,-19.8608,-24.743699999999997,-32.2754,45.2592919905957,-0.3680419921875001,1.1810302734375,RIGHT_SIDE,LEVEL,True,OK
1789620175.9085677,-19.8853,-24.7803,-32.22659999999999,45.255299929842465,-0.3680419921875001,1.1810302734375,RIGHT_SIDE,LEVEL,True,OK
1789620175.9478319,-19.811999999999998,-24.8901,-32.4707,45.45743922066002,-0.3680419921875001,1.1810302734375,RIGHT_SIDE,LEVEL,True,OK
1789620175.987569,-19.445799999999995,-24.9756,-32.2021,45.154124699854385,-0.3625488281250001,1.1645507812500004,RIGHT_SIDE,LEVEL,True,OK
1789620176.0277226,-19.7876,-24.7925,-32.5195,45.42835073233454,-0.3680419921875001,1.1810302734375,RIGHT_SIDE,LEVEL,True,OK
1789620176.0675564,-20.0562,-24.6826,-32.1777,45.24252732208934,-0.3680419921875001,1.1810302734375,RIGHT_SIDE,LEVEL,True,OK
1789620176.1075053,-19.7388,-24.731399999999997,-32.2021,45.14684502609236,-0.3680419921875001,1.1810302734375,RIGHT_SIDE,LEVEL,True,OK
1789620176.1476552,-19.6045,-24.9756,-32.0068,45.08383592652692,-0.3680419921875,1.1865234374999998,RIGHT_SIDE,LEVEL,True,OK
1789620176.1875434,-19.714399999999998,-24.9146,-32.5684,45.498302595591404,-0.3680419921875001,1.1810302734375,RIGHT_SIDE,LEVEL,True,OK
1789620176.228528,-20.1294,-24.719199999999997,-32.5439,45.55586702292033,-0.3680419921875001,1.1810302734375,RIGHT_SIDE,LEVEL,True,OK
1789620176.268536,-19.8608,-24.707,-32.25099999999999,45.22183351700813,-0.3680419921875001,1.1810302734375,RIGHT_SIDE,LEVEL,True,OK
1789620176.3087537,-19.689899999999998,-24.8169,-31.8604,44.92945332162411,-0.3680419921875,1.1865234374999998,RIGHT_SIDE,LEVEL,True,OK
1789620176.3497033,-19.9097,-24.9756,-32.5439,45.599146665919086,-0.3680419921875001,1.1810302734375,RIGHT_SIDE,LEVEL,True,OK
1789620176.3885233,-19.7632,-24.999999999999996,-32.8369,45.758562869150516,-0.3680419921875,1.1865234374999998,RIGHT_SIDE,LEVEL,True,OK
1789620176.4301755,-19.7754,-24.8291,-32.3242,45.30347180526013,-0.3680419921875001,1.1810302734375,RIGHT_SIDE,LEVEL,True,OK
1789620176.4699037,-19.7998,-24.743699999999997,-31.8115,44.90272042961317,-0.3680419921875,1.1865234374999998,RIGHT_SIDE,LEVEL,True,OK
1789620176.5085301,-19.7632,-24.743699999999997,-32.2998,45.2339678114799,-0.3680419921875001,1.1810302734375,RIGHT_SIDE,LEVEL,True,OK
1789620176.5496607,-19.714399999999998,-25.0244,-32.4951,45.50614998799613,-0.3680419921875,1.1865234374999998,RIGHT_SIDE,LEVEL,True,OK
1789620176.5897772,-19.689899999999998,-24.9512,-32.5684,45.50774903255488,-0.3680419921875001,1.1810302734375,RIGHT_SIDE,LEVEL,True,OK
1789620176.6297421,-19.702099999999998,-24.987799999999996,-32.4463,45.44584994188138,-0.3680419921875001,1.1810302734375,RIGHT_SIDE,LEVEL,True,OK
1789620176.6695817,-19.7632,-24.9756,-32.4951,45.5005076192563,-0.3680419921875001,1.1810302734375,RIGHT_SIDE,LEVEL,True,OK
1789620176.7095723,-19.7998,-24.939,-32.4463,45.461502226939224,-0.3680419921875001,1.1810302734375,RIGHT_SIDE,LEVEL,True,OK
1789620176.7497017,-19.836399999999998,-24.9512,-32.4707,45.501554972220454,-0.3680419921875001,1.1810302734375,RIGHT_SIDE,LEVEL,True,OK
1789620176.7900012,-19.751,-24.9268,-32.5684,45.52085277979752,-0.3680419921875001,1.1810302734375,RIGHT_SIDE,LEVEL,True,OK
1789620176.829627,-19.836399999999998,-24.9634,-32.5195,45.543078340951,-0.3680419921875001,1.1810302734375,RIGHT_SIDE,LEVEL,True,OK
1789620176.8698816,-19.824199999999998,-24.999999999999996,-32.4951,45.54042632266413,-0.3680419921875001,1.1810302734375,RIGHT_SIDE,LEVEL,True,OK
1789620176.910315,-20.0806,-24.8169,-32.080099999999995,45.25750587449556,-0.36254882812499994,1.1810302734375,RIGHT_SIDE,LEVEL,True,OK
1789620176.9496539,-19.7876,-24.987799999999996,-32.5195,45.535229689219754,-0.36254882812499994,1.1810302734375,RIGHT_SIDE,LEVEL,True,OK
1789620176.9896486,-19.567899999999998,-24.9268,-32.3486,45.284434308159355,-0.36254882812499994,1.1810302734375,RIGHT_SIDE,LEVEL,True,OK
1789620177.0298567,-19.6655,-24.939,-32.397499999999994,45.36831071904705,-0.36254882812499994,1.1810302734375,RIGHT_SIDE,LEVEL,True,OK
1789620177.0705936,-20.0195,-24.877899999999997,-32.4219,45.5068114491666,-0.36254882812499994,1.1810302734375,RIGHT_SIDE,LEVEL,True,OK
1789620177.109629,-19.714399999999998,-24.9756,-32.373,45.392172141460684,-0.36254882812499994,1.1810302734375,RIGHT_SIDE,LEVEL,True,OK
1789620177.150623,-19.4214,-25.0732,-32.3242,45.2847661122369,-0.36254882812499994,1.1810302734375,RIGHT_SIDE,LEVEL,True,OK
1789620177.1905704,-19.751,-24.865699999999997,-32.5928,45.50489698186339,-0.36254882812499994,1.1810302734375,RIGHT_SIDE,LEVEL,True,OK
1789620177.229716,-20.1416,-24.853499999999997,-32.7148,45.75629630826778,-0.36254882812499994,1.1810302734375,RIGHT_SIDE,LEVEL,True,OK
1789620177.2722242,-19.8486,-24.853499999999997,-32.4219,45.41853128206591,-0.36254882812499994,1.1810302734375,RIGHT_SIDE,LEVEL,True,OK
1789620177.3107438,-19.689899999999998,-24.9756,-32.0557,45.155737839836036,-0.36254882812499994,1.1810302734375,RIGHT_SIDE,LEVEL,True,OK
1789620177.349731,-19.8608,-24.865699999999997,-32.4951,45.48280924855016,-0.36254882812499994,1.1810302734375,RIGHT_SIDE,LEVEL,True,OK
1789620177.3896878,-19.9219,-24.8291,-32.5684,45.54192557391485,-0.362548828125,1.1865234375000002,RIGHT_SIDE,LEVEL,True,OK
1789620177.4305716,-19.7632,-24.853499999999997,-32.3486,45.3289362157331,-0.36254882812499994,1.1810302734375,RIGHT_SIDE,LEVEL,True,OK
1789620177.4698942,-19.7876,-24.6582,-31.738300000000002,44.79838867515215,-0.36254882812499994,1.1810302734375,RIGHT_SIDE,LEVEL,True,OK
1789620177.5097704,-19.7388,-24.646,-32.2021,45.10011957689248,-0.36254882812499994,1.1810302734375,RIGHT_SIDE,LEVEL,True,OK
1789620177.5496511,-19.714399999999998,-24.8291,-32.373,45.3117303043042,-0.3570556640625001,1.1810302734375004,RIGHT_SIDE,LEVEL,True,OK
1789620177.5896995,-19.702099999999998,-24.853499999999997,-32.5439,45.441991966352,-0.3570556640625001,1.1810302734375004,RIGHT_SIDE,LEVEL,True,OK
1789620177.63056,-19.7388,-24.877899999999997,-32.3486,45.33168931123127,-0.3570556640625001,1.1810302734375004,RIGHT_SIDE,LEVEL,True,OK
1789620177.6698124,-19.811999999999998,-24.719199999999997,-32.25099999999999,45.20709229357711,-0.3570556640625001,1.1810302734375004,RIGHT_SIDE,LEVEL,True,OK
1789620177.709662,-19.8486,-24.6826,-32.25099999999999,45.203148847397784,-0.35705566406250006,1.1865234374999998,RIGHT_SIDE,LEVEL,True,OK
1789620177.749722,-19.958499999999997,-24.755899999999997,-31.909199999999995,45.048788570837274,-0.35705566406250006,1.1865234374999998,RIGHT_SIDE,LEVEL,True,OK
1789620177.7901227,-19.751,-24.9023,-32.5439,45.48991067808333,-0.35705566406250006,1.1865234374999998,RIGHT_SIDE,LEVEL,True,OK
1789620177.8318894,-19.836399999999998,-24.9146,-32.4707,45.48149532073457,-0.3570556640625001,1.1810302734375004,RIGHT_SIDE,LEVEL,True,OK
1789620177.8718684,-19.824199999999998,-24.6826,-32.25099999999999,45.192440179746875,-0.35156250000000006,1.1810302734375,RIGHT_SIDE,LEVEL,True,OK
1789620177.911666,-20.1172,-24.609399999999997,-31.909199999999995,45.03910910353356,-0.35156250000000006,1.1810302734375,RIGHT_SIDE,LEVEL,True,OK
1789620177.9519181,-19.6045,-24.853499999999997,-32.2754,45.20767996325403,-0.3515625000000001,1.1865234374999998,RIGHT_SIDE,LEVEL,True,OK
1789620177.9918246,-19.6167,-24.9512,-32.8125,45.651259090850935,-0.3515625000000001,1.1865234374999998,RIGHT_SIDE,LEVEL,True,OK
1789620178.031794,-19.689899999999998,-24.9268,-32.397499999999994,45.372188910168305,-0.3515625000000001,1.1865234374999998,RIGHT_SIDE,LEVEL,True,OK
1789620178.072629,-20.0684,-24.707,-32.2754,45.33076188108909,-0.3515625000000001,1.1865234374999998,RIGHT_SIDE,LEVEL,True,OK
1789620178.1118639,-19.7754,-24.719199999999997,-32.22659999999999,45.17365428388542,-0.3515625000000001,1.1865234374999998,RIGHT_SIDE,LEVEL,True,OK
1789620178.1535454,-19.4702,-24.9512,-32.397499999999994,45.29071732408308,-0.3515625000000001,1.1865234374999998,RIGHT_SIDE,LEVEL,True,OK
1789620178.1917484,-19.811999999999998,-24.865699999999997,-32.397499999999994,45.3918096878721,-0.3515625000000001,1.1865234374999998,RIGHT_SIDE,LEVEL,True,OK
1789620178.2318475,-20.1782,-24.8047,-32.3486,45.48477568692628,-0.3515625000000001,1.1865234374999998,RIGHT_SIDE,LEVEL,True,OK
1789620178.2721233,-19.8486,-24.8901,-32.4707,45.47340275875558,-0.34606933593749994,1.1865234375,RIGHT_SIDE,LEVEL,True,OK
1789620178.3119233,-19.7266,-24.877899999999997,-32.0312,45.10040387191671,-0.34606933593749994,1.1865234375,RIGHT_SIDE,LEVEL,True,OK
1789620178.3524022,-19.677699999999998,-24.9512,-32.4951,45.45003611373703,-0.34606933593749994,1.1865234375,RIGHT_SIDE,LEVEL,True,OK
1789620178.3923612,-20.1172,-24.7681,-32.5684,45.59453028609901,-0.34606933593749994,1.1865234375,RIGHT_SIDE,LEVEL,True,OK
1789620178.4323986,-19.7266,-24.877899999999997,-32.397499999999994,45.36129035003303,-0.34606933593749994,1.1865234375,RIGHT_SIDE,LEVEL,True,OK
1789620178.4724298,-19.702099999999998,-24.877899999999997,-32.3486,45.31572105550126,-0.34606933593749994,1.1865234375,RIGHT_SIDE,LEVEL,True,OK
1789620178.5124443,-19.689899999999998,-24.853499999999997,-32.373,45.31445413176683,-0.34606933593749994,1.1865234375,RIGHT_SIDE,LEVEL,True,OK
1789620178.5530722,-19.702099999999998,-24.9146,-32.6172,45.52792300786408,-0.34606933593749994,1.1865234375,RIGHT_SIDE,LEVEL,True,OK
1789620178.59236,-19.7266,-24.865699999999997,-32.3242,45.302270248741394,-0.34606933593749994,1.1865234375,RIGHT_SIDE,LEVEL,True,OK
1789620178.6324549,-19.751,-24.9268,-32.397499999999994,45.398737487842105,-0.34606933593749994,1.1865234375,RIGHT_SIDE,LEVEL,True,OK
1789620178.6725295,-19.7998,-24.8901,-32.4219,45.41727378057825,-0.34606933593749994,1.1865234375,RIGHT_SIDE,LEVEL,True,OK
1789620178.7134342,-19.7998,-24.853499999999997,-32.4219,45.39722614764034,-0.34606933593749994,1.1865234375,RIGHT_SIDE,LEVEL,True,OK
1789620178.752429,-19.824199999999998,-24.9268,-32.22659999999999,45.30891757082704,-0.34606933593749994,1.1865234375,RIGHT_SIDE,LEVEL,True,OK
1789620178.7924898,-19.873,-24.865699999999997,-32.397499999999994,45.4184672984459,-0.34606933593749994,1.1865234375,RIGHT_SIDE,LEVEL,True,OK
1789620178.8334348,-19.9829,-24.853499999999997,-32.8613,45.7916781997559,-0.3405761718749999,1.1865234374999998,RIGHT_SIDE,LEVEL,True,OK
1789620178.8725657,-19.7998,-24.865699999999997,-32.4219,45.40390639735749,-0.3405761718749999,1.1865234374999998,RIGHT_SIDE,LEVEL,True,OK
1789620178.9134526,-19.836399999999998,-24.7925,-32.1777,45.20569873920765,-0.3405761718749999,1.1865234374999998,RIGHT_SIDE,LEVEL,True,OK
1789620178.9535568,-19.7388,-24.8901,-32.373,45.35579822304972,-0.3405761718749999,1.1865234374999998,RIGHT_SIDE,LEVEL,True,OK
1789620178.9934921,-19.5923,-24.9146,-32.7881,45.603234688561294,-0.3405761718749999,1.1865234374999998,RIGHT_SIDE,LEVEL,True,OK
1789620179.0335124,-19.689899999999998,-24.877899999999997,-32.3486,45.310418143954486,-0.3405761718749999,1.1865234374999998,RIGHT_SIDE,LEVEL,True,OK
1789620179.0734596,-19.9219,-24.755899999999997,-31.8604,44.99801965175801,-0.3405761718749999,1.1865234374999998,RIGHT_SIDE,LEVEL,True,OK
1789620179.1133378,-19.677699999999998,-24.719199999999997,-32.0557,45.009094952242705,-0.3405761718749999,1.1865234374999998,RIGHT_SIDE,LEVEL,True,OK
1789620179.153524,-19.4946,-24.9023,-32.5684,45.39674716331556,-0.3405761718749999,1.1865234374999998,RIGHT_SIDE,LEVEL,True,OK
1789620179.1950989,-19.824199999999998,-24.8413,-32.3486,45.34888105885304,-0.3405761718749999,1.1865234374999998,RIGHT_SIDE,LEVEL,True,OK
1789620179.2335052,-20.214799999999997,-24.8169,-32.3242,45.490334910725814,-0.3405761718749999,1.1865234374999998,RIGHT_SIDE,LEVEL,True,OK
1789620179.2735074,-19.873,-24.743699999999997,-32.2998,45.28204830537152,-0.3405761718749999,1.1865234374999998,RIGHT_SIDE,LEVEL,True,OK
1789620179.3134475,-19.7266,-24.6948,-32.3242,45.20869164485962,-0.3405761718749999,1.1865234374999998,RIGHT_SIDE,LEVEL,True,OK
1789620179.3545284,-19.8608,-24.755899999999997,-32.2998,45.283363849100255,-0.3405761718749999,1.1865234374999998,RIGHT_SIDE,LEVEL,True,OK
1789620179.3933957,-20.092799999999997,-24.8169,-32.5928,45.62773004752702,-0.3405761718749999,1.1865234374999998,RIGHT_SIDE,LEVEL,True,OK
1789620179.43455,-19.714399999999998,-24.877899999999997,-32.4463,45.39085656230778,-0.3405761718749999,1.1865234374999998,RIGHT_SIDE,LEVEL,True,OK
1789620179.4745805,-19.714399999999998,-24.743699999999997,-32.25099999999999,45.177818208164936,-0.33508300781249983,1.1865234375,RIGHT_SIDE,LEVEL,True,OK
1789620179.5145853,-19.6045,-24.743699999999997,-32.104499999999994,45.02539317085415,-0.33508300781249983,1.1865234375,RIGHT_SIDE,LEVEL,True,OK
1789620179.5544634,-19.7388,-24.7803,-32.25099999999999,45.20852236614242,-0.3405761718749999,1.1865234374999998,RIGHT_SIDE,LEVEL,True,OK
1789620179.5944636,-19.714399999999998,-24.877899999999997,-32.3486,45.32107013001789,-0.3405761718749999,1.1865234374999998,RIGHT_SIDE,LEVEL,True,OK
1789620179.6386707,-19.7632,-24.9146,-32.397499999999994,45.39734985271717,-0.34606933593749994,1.197509765625,RIGHT_SIDE,LEVEL,True,OK
1789620179.6746154,-20.1172,-24.755899999999997,-32.4951,45.53556680947323,-0.3625488281249999,1.2414550781249998,RIGHT_SIDE,LEVEL,True,OK
1789620179.7145915,-19.824199999999998,-24.6948,-32.0557,45.05995955579632,-0.35705566406250006,1.2194824218750002,RIGHT_SIDE,LEVEL,True,OK
1789620179.7545063,-19.9219,-24.731399999999997,-32.25099999999999,45.2620287500461,-0.3186035156249999,1.1151123046875,RIGHT_SIDE,LEVEL,True,OK
1789620179.7950392,-19.8853,-24.8413,-32.397499999999994,45.41049821384918,-0.3240966796875,1.142578125,RIGHT_SIDE,LEVEL,True,OK
1789620179.8344824,-19.9829,-24.8169,-32.88569999999999,45.789344639446405,-0.2746582031249999,1.03271484375,RIGHT_SIDE,LEVEL,True,OK
1789620179.8745139,-20.0806,-24.7803,-32.397499999999994,45.46308140348606,-0.23620605468749994,0.34057617187499994,RIGHT_SIDE,LEVEL,True,OK
1789620179.914685,-20.642099999999996,-24.877899999999997,-31.738300000000002,45.30260354229103,-0.24719238281249994,-1.1480712890624998,RIGHT_SIDE,LEVEL,True,OK
1789620179.9544818,-22.168,-25.0488,-31.3232,45.825816563155755,-0.1757812499999997,-3.922119140624999,RIGHT_SIDE,LEVEL,True,OK
1789620179.9944773,-24.1211,-25.1709,-30.5176,46.33277006374646,-0.22521972656249983,-7.498168945312502,RIGHT_SIDE,LEVEL,True,OK
1789620180.0358782,-25.268599999999996,-25.5127,-29.223599999999998,46.29707122713055,-0.15380859374999883,-8.915405273437496,RIGHT_SIDE,LEVEL,True,OK
1789620180.075573,-26.318399999999997,-25.5615,-28.2959,46.33256325328871,1.109619140625,-12.19482421875,RIGHT_SIDE,LEVEL,True,OK
1789620180.1147735,-26.977499999999996,-25.390599999999996,-28.2471,46.587194946895,2.1148681640624996,-13.656005859375004,RIGHT_SIDE,LEVEL,True,OK
1789620180.1556494,-27.8809,-24.9634,-29.0039,47.34703939614388,3.5375976562499987,-14.3426513671875,RIGHT_SIDE,LEVEL,True,OK
1789620180.1946201,-28.051799999999997,-24.3896,-28.8818,47.07350042900995,5.191040039062501,-13.914184570312502,RIGHT_SIDE,LEVEL,True,OK
1789620180.2386184,-27.9785,-23.7793,-29.9316,47.372484094672515,7.223510742187501,-12.469482421875004,RIGHT_SIDE,LEVEL,True,OK
1789620180.2746072,-27.661099999999998,-22.7905,-31.103499999999997,47.454937105742744,9.8602294921875,-10.360107421875,RIGHT_SIDE,LEVEL,True,OK
1789620180.3148363,-26.9043,-21.166999999999998,-32.9834,47.537226707602535,12.892456054687498,-8.140869140624998,RIGHT_SIDE,LEVEL,True,OK
1789620180.3545737,-26.3672,-19.4702,-34.5215,47.603065932038454,16.336669921875,-6.311645507812501,RIGHT_SIDE,LEVEL,True,OK
1789620180.3946126,-26.049799999999998,-17.3584,-35.8643,47.60413999947904,20.198364257812496,-5.256958007812503,RIGHT_SIDE,LEVEL,True,OK
1789620180.4388087,-26.0986,-15.4785,-36.8164,47.709204491062316,24.389648437500004,-4.943847656249997,RIGHT_SIDE,LEVEL,True,OK
1789620180.474608,-26.5381,-12.9883,-37.5977,47.817922725584815,28.8226318359375,-5.223999023437502,RIGHT_SIDE,LEVEL,True,OK
1789620180.5147042,-27.514599999999998,-10.253899999999998,-37.963899999999995,47.99430572036645,33.50280761718749,-5.850219726562497,RIGHT_SIDE,LEVEL,True,OK
1789620180.5555797,-28.4912,-7.1228,-38.4033,48.34559140366369,37.919311523437486,-6.350097656250002,RIGHT_SIDE,TRANSITION,True,OK
1789620180.5956147,-28.857399999999995,-4.43115,-38.89159999999999,48.63066085961098,42.02819824218749,-6.1138916015625,RIGHT_SIDE,TRANSITION,True,OK
1789620180.6377132,-29.0283,-2.1286,-38.8184,48.51846367528552,45.83496093750001,-5.086669921874995,RIGHT_SIDE,TRANSITION,True,OK
1789620180.6768546,-28.6865,0.5866999999999999,-39.01369999999999,48.428589560609744,49.427490234375,-3.8177490234375053,RIGHT_SIDE,TRANSITION,True,OK
1789620180.7165806,-27.807599999999997,3.72925,-39.209,48.213230594127374,53.190307617187514,-2.4609375000000018,RIGHT_SIDE,TRANSITION,True,OK
1789620180.7565746,-26.8066,6.353759999999999,-39.3311,48.01978234964836,57.11791992187499,-1.4337158203125,RIGHT_SIDE,LEFT_SIDE,True,OK
1789620180.7970946,-26.440399999999997,8.44727,-39.1357,47.979726313338844,60.8477783203125,-0.6591796875000024,RIGHT_SIDE,LEFT_SIDE,True,OK
1789620180.8395827,-26.049799999999998,10.5286,-38.8428,47.93961420203546,64.3634033203125,-0.06042480468749798,RIGHT_SIDE,LEFT_SIDE,True,OK
1789620180.8776171,-24.8413,12.915,-38.2812,47.42718296641706,67.54943847656251,0.4339599609375019,RIGHT_SIDE,LEFT_SIDE,True,OK
1789620180.9175985,-23.3154,15.0757,-37.9883,47.053114079091515,70.4058837890625,0.7690429687500009,RIGHT_SIDE,LEFT_SIDE,True,OK
1789620180.9575555,-22.5342,16.3208,-37.81739999999999,46.95012699705933,72.94372558593751,0.8898925781250004,RIGHT_SIDE,LEFT_SIDE,True,OK
1789620180.9976182,-21.6553,17.627,-37.7197,46.930149319813594,75.43762207031249,0.939331054687493,RIGHT_SIDE,LEFT_SIDE,True,OK
1789620181.037616,-20.483399999999996,18.75,-37.2803,46.48605106534647,78.04687499999999,0.9118652343749991,RIGHT_SIDE,LEFT_SIDE,True,OK
1789620181.0776424,-19.6045,20.3003,-36.5234,46.15622761773324,80.518798828125,0.6756591796874969,RIGHT_SIDE,LEFT_SIDE,True,OK
1789620181.1176085,-19.3604,21.557599999999997,-35.7422,46.01152102202229,82.584228515625,0.3625488281249996,RIGHT_SIDE,LEFT_SIDE,True,OK
1789620181.1587145,-19.2627,22.497599999999995,-35.13179999999999,45.95037527909864,84.385986328125,0.03295898437499927,RIGHT_SIDE,LEFT_SIDE,True,OK
1789620181.1976018,-19.2627,22.9736,-34.8877,45.99988608181547,85.46264648437501,-0.31860351562500216,RIGHT_SIDE,LEFT_SIDE,True,OK
1789620181.238794,-19.3848,23.1079,-34.7412,46.0075699302843,86.17126464843747,-0.5383300781250019,RIGHT_SIDE,LEFT_SIDE,True,OK
1789620181.2776444,-19.519,23.3398,-34.4482,45.96102814646339,86.73706054687499,-0.5877685546874977,RIGHT_SIDE,LEFT_SIDE,True,OK
1789620181.317596,-19.9219,23.7915,-34.0576,46.0742627680574,87.099609375,-0.5932617187500028,RIGHT_SIDE,LEFT_SIDE,True,OK
1789620181.3586094,-20.1294,23.877,-33.93549999999999,46.11856495609983,87.440185546875,-0.6152343750000032,RIGHT_SIDE,LEFT_SIDE,True,OK
1789620181.398589,-20.4102,23.9868,-33.8135,46.20925903463504,87.80822753906247,-0.6427001953125029,RIGHT_SIDE,LEFT_SIDE,True,OK
1789620181.4387476,-20.6787,24.4507,-33.7158,46.4994681025493,88.21472167968753,-0.7196044921874988,RIGHT_SIDE,LEFT_SIDE,True,OK
1789620181.4785967,-21.264599999999998,24.1455,-33.300799999999995,46.304769344528644,88.59375,-0.7965087890624969,RIGHT_SIDE,LEFT_SIDE,True,OK
1789620181.5185974,-21.679699999999997,24.3774,-33.1055,46.47839447635858,88.73107910156251,-0.8459472656249989,RIGHT_SIDE,LEFT_SIDE,True,OK
1789620181.558632,-22.1924,24.328599999999998,-32.9834,46.607811268927875,88.63769531249999,-0.7800292968750011,RIGHT_SIDE,LEFT_SIDE,True,OK
1789620181.5985603,-22.5342,24.7925,-32.8369,46.911834620914156,88.49487304687497,-0.7196044921875051,RIGHT_SIDE,LEFT_SIDE,True,OK
1789620181.6386743,-24.194299999999995,24.0601,-32.2998,46.98435531684988,88.40698242187499,-0.7855224609375018,RIGHT_SIDE,LEFT_SIDE,True,OK
1789620181.6785893,-25.5615,23.7671,-31.543,47.04493781120345,88.39599609374999,-0.7580566406250028,RIGHT_SIDE,LEFT_SIDE,True,OK
1789620181.7185767,-27.0996,24.1455,-30.7861,47.59388031690629,88.4344482421875,-0.6207275390625037,RIGHT_SIDE,LEFT_SIDE,True,OK
1789620181.7585936,-28.5645,24.609399999999997,-29.8828,48.10961405426154,88.44543457031251,-0.4174804687500028,RIGHT_SIDE,LEFT_SIDE,True,OK
1789620181.7990649,-30.053699999999996,24.0479,-28.710899999999995,48.01918530035677,88.121337890625,-0.11535644531250679,RIGHT_SIDE,LEFT_SIDE,True,OK
1789620181.838735,-31.4941,23.4863,-27.7344,48.090347949042744,87.5390625,0.25817871093749667,RIGHT_SIDE,LEFT_SIDE,True,OK
1789620181.8786361,-32.080099999999995,23.706099999999996,-27.1484,48.250882020746516,86.868896484375,0.6921386718750013,RIGHT_SIDE,LEFT_SIDE,True,OK
1789620181.9186654,-32.4707,23.950199999999995,-26.733399999999996,48.400755304953655,86.28112792968751,1.0052490234375018,RIGHT_SIDE,LEFT_SIDE,True,OK
1789620181.9586873,-33.4961,23.2178,-25.781199999999995,48.225773456627934,85.76477050781251,0.9997558593749972,RIGHT_SIDE,LEFT_SIDE,True,OK
1789620181.9996583,-34.5703,22.9736,-24.6338,48.26713210343039,85.58349609375,0.900878906249995,RIGHT_SIDE,LEFT_SIDE,True,OK
1789620182.0396035,-35.71779999999999,22.522,-23.3154,48.23494167095052,85.4681396484375,0.3680419921875077,RIGHT_SIDE,LEFT_SIDE,True,OK
1789620182.0796103,-36.450199999999995,22.741699999999998,-21.960399999999996,48.24998618745916,85.6494140625,0.10437011718750484,RIGHT_SIDE,LEFT_SIDE,True,OK
1789620182.1196644,-37.3779,22.4487,-20.7153,48.27188823932621,85.86914062500001,-0.06591796874999813,RIGHT_SIDE,LEFT_SIDE,True,OK
1789620182.1597266,-38.0859,22.2778,-19.4824,48.23276958054555,86.15478515625,-0.35156249999999756,RIGHT_SIDE,LEFT_SIDE,True,OK
1789620182.1996038,-38.6719,22.168,-18.3594,48.20792094635486,86.2591552734375,-0.5328369140625048,RIGHT_SIDE,LEFT_SIDE,True,OK
1789620182.2396371,-39.5264,21.9116,-16.650399999999998,48.16316363861494,86.3690185546875,-0.8843994140624967,RIGHT_SIDE,LEFT_SIDE,True,OK
1789620182.2795796,-40.1367,21.7163,-14.953599999999998,48.022521024411034,86.3470458984375,-1.2359619140625018,RIGHT_SIDE,LEFT_SIDE,True,OK
1789620182.3197985,-40.820299999999996,21.4844,-12.9517,47.91265874839341,86.28662109374999,-1.8347167968749953,RIGHT_SIDE,LEFT_SIDE,True,OK
1789620182.360778,-41.28419999999999,21.154799999999998,-11.2671,47.73738864967374,86.47338867187499,-2.406005859375004,RIGHT_SIDE,LEFT_SIDE,True,OK
1789620182.4006202,-41.6748,20.813,-9.28345,47.49897228301366,86.68212890625,-2.9827880859374902,RIGHT_SIDE,LEFT_SIDE,True,OK
1789620182.4405918,-41.918899999999994,20.4224,-7.55615,47.23731577675111,86.868896484375,-3.603515624999999,RIGHT_SIDE,LEFT_SIDE,True,OK
1789620182.480585,-42.0898,19.9829,-5.5481,46.92173238553752,86.95678710937497,-4.152832031250004,RIGHT_SIDE,LEFT_SIDE,True,OK
1789620182.5205932,-42.21189999999999,19.714399999999998,-3.81775,46.74481023635136,86.9952392578125,-4.636230468750005,RIGHT_SIDE,LEFT_SIDE,True,OK
1789620182.560592,-42.06539999999999,19.5068,-2.57263,46.43954724711363,86.97326660156251,-4.998779296875001,RIGHT_SIDE,LEFT_SIDE,True,OK
1789620182.6006362,-41.8701,19.458,-1.10321,46.18372126966492,86.78100585937499,-5.317382812499997,RIGHT_SIDE,LEFT_SIDE,True,OK
1789620182.6395683,-41.3818,18.9819,0.9292599999999999,45.53712137363976,86.37451171875,-5.652465820312503,RIGHT_SIDE,LEFT_SIDE,True,OK
1789620182.6797884,-40.869099999999996,18.4448,3.07617,44.94392955359933,86.1383056640625,-5.982055664062497,RIGHT_SIDE,LEFT_SIDE,True,OK
1789620182.7196677,-39.9902,18.908699999999996,5.02319,44.51951784898507,86.1383056640625,-6.262207031250001,RIGHT_SIDE,LEFT_SIDE,True,OK
1789620182.759612,-38.98929999999999,19.3359,6.683349999999999,44.03078139804584,86.044921875,-6.476440429687503,RIGHT_SIDE,LEFT_SIDE,True,OK
1789620182.7997751,-37.79299999999999,18.8843,8.71582,43.13807081641922,86.1712646484375,-6.465454101562502,RIGHT_SIDE,LEFT_SIDE,True,OK
1789620182.8401258,-36.1328,18.4448,10.5347,41.91383765500363,86.28662109375,-6.333618164062501,RIGHT_SIDE,LEFT_SIDE,True,OK
1789620182.8796217,-34.7168,19.030799999999996,11.9995,41.369258527679705,86.19323730468747,-6.229248046874999,RIGHT_SIDE,LEFT_SIDE,True,OK
1789620182.9200282,-33.5449,19.7632,13.208,41.113205351200726,86.121826171875,-6.015014648437501,RIGHT_SIDE,LEFT_SIDE,True,OK
1789620182.9596045,-32.0068,19.458,14.367699999999997,40.118322665959,85.9625244140625,-5.734863281249998,RIGHT_SIDE,LEFT_SIDE,True,OK
1789620182.999609,-30.3711,19.6167,15.3687,39.28632807720772,86.00097656249999,-5.416259765625,RIGHT_SIDE,LEFT_SIDE,True,OK
1789620183.0406113,-28.4912,19.433599999999995,16.2354,38.1182567749366,85.9405517578125,-5.289916992187499,RIGHT_SIDE,LEFT_SIDE,True,OK
1789620183.080635,-26.6846,19.836399999999998,17.2607,37.46308058088656,86.0504150390625,-5.163574218750003,RIGHT_SIDE,LEFT_SIDE,True,OK
1789620183.120589,-24.5728,19.714399999999998,18.0176,36.29206493105621,86.27014160156249,-4.9053955078124964,RIGHT_SIDE,LEFT_SIDE,True,OK
1789620183.160676,-22.5952,19.702099999999998,18.6157,35.2882429987666,86.51184082031249,-4.400024414062501,RIGHT_SIDE,LEFT_SIDE,True,OK
1789620183.2019162,-20.764199999999995,19.7876,19.0796,34.44898041393968,86.78649902343749,-3.3453369140625027,RIGHT_SIDE,LEFT_SIDE,True,OK
1789620183.2419977,-19.2383,19.8486,19.458,33.803740515658916,87.07763671874997,-2.4938964843750027,RIGHT_SIDE,LEFT_SIDE,True,OK
1789620183.2818751,-18.225099999999998,19.824199999999998,19.702099999999998,33.36653892839351,87.42919921875003,-1.8511962890625007,RIGHT_SIDE,LEFT_SIDE,True,OK
1789620183.3218195,-17.1509,19.6289,20.0317,32.8742466211775,87.901611328125,-1.6864013671875022,RIGHT_SIDE,LEFT_SIDE,True,OK
1789620183.361873,-16.1865,19.3237,20.3369,32.388233442872426,88.45642089843747,-1.9226074218749993,RIGHT_SIDE,LEFT_SIDE,True,OK
1789620183.4018867,-14.501999999999999,19.042999999999996,20.776399999999995,31.69546734093062,89.02221679687499,-2.3455810546874956,RIGHT_SIDE,LEFT_SIDE,True,OK
1789620183.4419677,-13.0005,18.5547,21.0571,30.930427619902055,89.5001220703125,-2.889404296874995,RIGHT_SIDE,LEFT_SIDE,True,OK
1789620183.4828007,-11.383099999999999,18.335,21.1914,30.2460348569858,89.82421874999999,-3.4167480468750027,RIGHT_SIDE,LEFT_SIDE,True,OK
1789620183.5219607,-10.0769,17.968799999999998,21.2402,29.58999464498093,90.04943847656251,-3.8452148437500036,RIGHT_SIDE,LEFT_SIDE,True,OK
1789620183.5623975,-8.410639999999999,17.9321,21.0571,28.9084855367693,90.1593017578125,-4.020996093750006,RIGHT_SIDE,LEFT_SIDE,True,OK
1789620183.602488,-6.92749,18.1641,20.9106,28.551319389304936,90.08239746093751,-3.8616943359375004,RIGHT_SIDE,LEFT_SIDE,True,OK
1789620183.642455,-5.236819999999999,17.9321,20.507799999999996,27.740842722642725,89.9945068359375,-3.8232421875000044,RIGHT_SIDE,LEFT_SIDE,True,OK
1789620183.6824985,-3.90625,17.5415,20.1904,27.02989573550923,90.14831542968753,-3.878173828124996,RIGHT_SIDE,LEFT_SIDE,True,OK
1789620183.722399,-2.6138299999999997,17.846699999999995,19.8853,26.847010340983964,90.21423339843751,-3.850708007812505,RIGHT_SIDE,LEFT_SIDE,True,OK
1789620183.7624524,-1.39999,18.335,19.4092,26.736664744131794,89.69238281249997,-3.718872070312499,RIGHT_SIDE,LEFT_SIDE,True,OK
1789620183.8026302,0.82016,18.335,18.2861,25.90803621727436,88.72009277343749,-3.4771728515624973,RIGHT_SIDE,LEFT_SIDE,True,OK
1789620183.8424704,3.15857,18.225099999999998,16.6992,24.91975351192102,87.89611816406251,-3.515624999999994,RIGHT_SIDE,LEFT_SIDE,True,OK
1789620183.8825386,4.80957,19.0674,15.5396,25.063456954396774,87.52807617187499,-3.6694335937500018,RIGHT_SIDE,LEFT_SIDE,True,OK
1789620183.922594,6.49414,19.6167,14.27,25.112181769603374,87.4896240234375,-3.7463378906250044,RIGHT_SIDE,LEFT_SIDE,True,OK
1789620183.962364,9.2041,19.3481,12.1887,24.65012856173371,87.94555664062497,-3.8397216796875013,RIGHT_SIDE,LEFT_SIDE,True,OK
1789620184.0024326,11.779799999999998,18.4937,9.52759,23.907229010031674,88.7200927734375,-3.944091796875003,RIGHT_SIDE,LEFT_SIDE,True,OK
1789620184.042391,13.4521,18.6035,7.434079999999999,24.13119872916387,89.4561767578125,-3.9715576171875115,RIGHT_SIDE,LEFT_SIDE,True,OK
1789620184.0825295,14.9414,18.5913,5.09644,24.389661135891167,90.06591796875,-3.867187499999998,RIGHT_SIDE,LEFT_SIDE,True,OK
1789620184.1243126,16.503899999999998,18.481399999999997,2.7511599999999996,24.930097122065124,90.5218505859375,-3.757324218749995,RIGHT_SIDE,LEFT_SIDE,True,OK
1789620184.1634748,17.7612,18.5547,-0.40321399999999996,25.688512978757565,90.81848144531249,-3.8671874999999947,RIGHT_SIDE,LEFT_SIDE,True,OK
1789620184.2033682,18.2617,18.9209,-3.0441299999999996,26.47181276673171,90.98327636718749,-4.108886718749995,RIGHT_SIDE,LEFT_SIDE,True,OK
1789620184.2433932,18.4937,19.0674,-5.54199,27.134780920621047,90.98876953125,-4.312133789062498,RIGHT_SIDE,LEFT_SIDE,True,OK
1789620184.2834442,18.5669,19.2627,-7.30591,27.733692646816795,90.86791992187501,-4.141845703124995,RIGHT_SIDE,LEFT_SIDE,True,OK
1789620184.3234248,18.5913,19.3359,-9.33228,28.400790737203074,90.52185058593749,-3.5760498046874987,RIGHT_SIDE,LEFT_SIDE,True,OK
1789620184.3636248,18.627899999999997,19.2139,-11.1938,29.008167299227985,90.32958984375001,-3.1915283203125013,RIGHT_SIDE,LEFT_SIDE,True,OK
1789620184.4034762,18.5425,18.8477,-13.415499999999998,29.648536924947916,90.10986328125,-2.3675537109374973,RIGHT_SIDE,LEFT_SIDE,True,OK
1789620184.443516,18.4448,18.4692,-14.9902,30.100300525410045,90.11535644531249,-1.4062499999999971,RIGHT_SIDE,LEFT_SIDE,True,OK
1789620184.4835346,18.042,18.5425,-16.7236,30.80611736668547,90.12634277343749,-1.1535644531250053,RIGHT_SIDE,LEFT_SIDE,True,OK
1789620184.5236204,17.5415,18.4326,-18.4937,31.456031292901528,90.16479492187499,-1.2304687499999956,RIGHT_SIDE,LEFT_SIDE,True,OK
1789620184.563523,16.5771,19.164999999999996,-19.9219,32.233205999714016,90.07690429687497,-1.4776611328124984,RIGHT_SIDE,LEFT_SIDE,True,OK
1789620184.6055224,15.563999999999998,19.104,-21.679699999999997,32.82088213454964,89.637451171875,-1.7138671875000004,RIGHT_SIDE,LEFT_SIDE,True,OK
1789620184.6445894,15.039099999999998,18.9331,-23.1812,33.49634066372027,88.85192871093749,-1.933593749999999,RIGHT_SIDE,LEFT_SIDE,True,OK
1789620184.684627,14.550799999999999,18.335,-24.4019,33.81346964228901,87.94006347656247,-2.1588134765625018,RIGHT_SIDE,LEFT_SIDE,True,OK
1789620184.7245798,14.025899999999998,18.9453,-24.8047,34.21875808661091,88.3905029296875,-2.5927734375000004,RIGHT_SIDE,LEFT_SIDE,True,OK
1789620184.7646701,12.915,19.7388,-25.6104,34.818242899376756,88.9398193359375,-3.131103515625,RIGHT_SIDE,LEFT_SIDE,True,OK
1789620184.8055847,11.7249,19.9219,-26.8066,35.39702223605822,89.615478515625,-3.658447265625002,RIGHT_SIDE,LEFT_SIDE,True,OK
1789620184.8445473,10.6018,19.9951,-27.9785,35.98608966670316,90.51086425781249,-4.224243164062499,RIGHT_SIDE,LEFT_SIDE,True,OK
1789620184.88468,9.277339999999999,20.9839,-28.320299999999996,36.447667809828374,91.527099609375,-4.740600585937501,RIGHT_SIDE,LEFT_SIDE,True,OK
1789620184.9246578,7.916259999999999,21.8628,-29.101599999999998,37.24986333918019,92.38952636718749,-5.042724609375,RIGHT_SIDE,LEFT_SIDE,True,OK
1789620184.9645705,5.831909999999999,21.972699999999996,-30.2734,37.85880963657072,92.98278808593751,-4.833984375,RIGHT_SIDE,LEFT_SIDE,True,OK
1789620185.0045788,4.11987,21.5332,-31.5186,38.39367365878004,93.24096679687499,-4.317626953125001,RIGHT_SIDE,LEFT_SIDE,True,OK
1789620185.044669,3.3966099999999995,21.8994,-31.7871,38.7497149184623,93.1640625,-3.856201171875001,RIGHT_SIDE,LEFT_SIDE,True,OK
1789620185.0846038,2.73743,21.8994,-32.1533,38.998871063851325,92.95532226562499,-3.0706787109375004,RIGHT_SIDE,LEFT_SIDE,True,OK
1789620185.1245983,1.55563,21.545399999999997,-33.007799999999996,39.447929054601836,92.14782714843751,-2.2137451171875004,RIGHT_SIDE,LEFT_SIDE,True,OK
1789620185.1645494,-0.606537,21.0693,-34.1797,40.15638407168117,91.29638671875003,-1.4392089843749998,RIGHT_SIDE,LEFT_SIDE,True,OK
1789620185.2045448,-2.14233,20.9106,-35.083,40.89816205147732,90.41198730468749,-0.9448242187499988,RIGHT_SIDE,LEFT_SIDE,True,OK
1789620185.2446444,-4.17786,20.5811,-35.9131,41.60272759086356,89.43969726562499,-1.0546875000000007,RIGHT_SIDE,LEFT_SIDE,True,OK
1789620185.2846467,-6.292719999999999,20.3857,-36.450199999999995,42.23496382771506,88.65417480468747,-1.7413330078125036,RIGHT_SIDE,LEFT_SIDE,True,OK
1789620185.3246117,-9.08813,20.214799999999997,-36.9873,43.119515387199094,88.24218749999999,-2.504882812499999,RIGHT_SIDE,LEFT_SIDE,True,OK
1789620185.3645415,-11.615,20.349099999999996,-37.085,43.86674504462349,88.40148925781249,-3.0432128906249987,RIGHT_SIDE,LEFT_SIDE,True,OK
1789620185.404528,-14.3066,20.4712,-36.7188,44.407421749522904,88.91235351562499,-3.2684326171874964,RIGHT_SIDE,LEFT_SIDE,True,OK
1789620185.4445257,-15.8691,20.776399999999995,-36.32809999999999,44.757323215089606,89.703369140625,-3.1475830078124964,RIGHT_SIDE,LEFT_SIDE,True,OK
1789620185.4846373,-17.4927,21.2402,-35.69339999999999,45.06838640211117,90.43945312500001,-2.801513671875002,RIGHT_SIDE,LEFT_SIDE,True,OK
1789620185.524594,-18.5791,21.3989,-35.1074,45.11790567812296,91.17004394531254,-2.307128906249997,RIGHT_SIDE,LEFT_SIDE,True,OK
1789620185.564542,-19.7998,22.3999,-34.3262,45.52005718900186,91.57653808593751,-1.884155273437495,RIGHT_SIDE,LEFT_SIDE,True,OK
1789620185.6045449,-21.0815,22.4243,-33.7891,45.705384273080995,91.69738769531249,-1.7248535156249982,RIGHT_SIDE,LEFT_SIDE,True,OK
1789620185.644568,-21.6187,22.3267,-33.7891,45.90809298359059,91.505126953125,-1.889648437500002,RIGHT_SIDE,LEFT_SIDE,True,OK
1789620185.6848676,-22.583,21.6675,-33.5938,45.913133673165895,91.13159179687501,-2.241210937500002,RIGHT_SIDE,LEFT_SIDE,True,OK
1789620185.7246206,-23.23,21.960399999999996,-33.5693,46.35504255903558,90.81298828125,-2.6751708984375027,RIGHT_SIDE,LEFT_SIDE,True,OK
1789620185.7645764,-23.5962,22.3022,-33.4961,46.64930325835532,90.5328369140625,-2.999267578125002,RIGHT_SIDE,LEFT_SIDE,True,OK
1789620185.8045897,-23.425299999999996,21.948199999999996,-33.6426,46.500459116980764,90.3900146484375,-3.092651367187504,RIGHT_SIDE,LEFT_SIDE,True,OK
1789620185.8456435,-22.7173,21.423299999999998,-34.1309,46.25961345482688,90.3900146484375,-3.0212402343750004,RIGHT_SIDE,LEFT_SIDE,True,OK
1789620185.8856497,-21.7285,21.8994,-34.4482,46.24272824834192,90.49987792968754,-2.856445312500001,RIGHT_SIDE,LEFT_SIDE,True,OK
1789620185.925855,-20.1904,22.0215,-34.79,45.85785444621237,90.791015625,-2.6641845703125018,RIGHT_SIDE,LEFT_SIDE,True,OK
1789620185.965662,-18.3472,22.497599999999995,-35.0342,45.49897716696497,91.03271484374999,-2.6641845703125018,RIGHT_SIDE,LEFT_SIDE,True,OK
1789620186.0055287,-16.3208,21.948199999999996,-35.40039999999999,44.73567162835492,91.14257812499999,-2.9278564453125027,RIGHT_SIDE,LEFT_SIDE,True,OK
1789620186.0455883,-14.086899999999998,22.070299999999996,-35.9619,44.48367279474571,90.933837890625,-3.680419921874996,RIGHT_SIDE,LEFT_SIDE,True,OK
1789620186.085769,-11.505099999999999,21.9116,-36.1084,43.77558784448246,90.8074951171875,-4.257202148437499,RIGHT_SIDE,LEFT_SIDE,True,OK
1789620186.1258197,-8.93555,21.960399999999996,-35.9863,43.094280474936575,90.6976318359375,-4.564819335937502,RIGHT_SIDE,LEFT_SIDE,True,OK
1789620186.1657734,-6.353759999999999,21.8018,-35.6201,42.243109182298596,90.53833007812501,-4.817504882812498,RIGHT_SIDE,LEFT_SIDE,True,OK
1789620186.2065308,-4.73633,21.7407,-35.376,41.791772328520594,90.318603515625,-5.075683593749998,RIGHT_SIDE,LEFT_SIDE,True,OK
1789620186.2456226,-3.3386199999999997,21.3989,-35.376,41.47915959508341,89.98901367187497,-5.328369140625003,RIGHT_SIDE,LEFT_SIDE,True,OK
1789620186.2857516,-2.59094,21.154799999999998,-35.42479999999999,41.34192772674732,89.57702636718749,-5.603027343750001,RIGHT_SIDE,LEFT_SIDE,True,OK
1789620186.3266208,-1.46332,20.9717,-35.3516,41.13014866095672,89.0716552734375,-6.0809326171875,RIGHT_SIDE,LEFT_SIDE,True,OK
1789620186.366529,-0.457764,20.7153,-35.083,40.74493945227672,88.65417480468751,-6.707153320312498,RIGHT_SIDE,LEFT_SIDE,True,OK
1789620186.4076483,0.920105,20.6787,-34.5215,40.25157374750738,88.2861328125,-7.2894287109375036,RIGHT_SIDE,LEFT_SIDE,True,OK
1789620186.4476533,2.1026599999999998,20.251499999999997,-33.96,39.59578299927405,88.03344726562499,-7.690429687499999,RIGHT_SIDE,LEFT_SIDE,True,OK
1789620186.487214,3.8299599999999994,20.7031,-33.007799999999996,39.15101281003596,87.80822753906249,-7.877197265625,RIGHT_SIDE,LEFT_SIDE,True,OK
1789620186.5266085,5.57861,20.5811,-32.0312,38.47986928488843,87.681884765625,-7.5750732421875,RIGHT_SIDE,LEFT_SIDE,True,OK
1789620186.5665987,7.38525,20.2759,-30.834999999999997,37.63577106121914,87.70385742187499,-6.492919921874998,RIGHT_SIDE,LEFT_SIDE,True,OK
1789620186.6065881,8.78906,19.9463,-29.7119,36.84968739329548,87.78076171875001,-5.7403564453124964,RIGHT_SIDE,LEFT_SIDE,True,OK
1789620186.6476238,10.8154,19.555699999999998,-28.3936,36.13301538219582,88.25317382812499,-3.5760498046874996,RIGHT_SIDE,LEFT_SIDE,True,OK
1789620186.6877007,12.4878,19.2139,-27.0996,35.48953961676595,88.64318847656251,-2.6641845703124996,RIGHT_SIDE,LEFT_SIDE,True,OK
1789620186.727604,13.366699999999998,19.4214,-25.805699999999998,34.95416426321762,88.9508056640625,-2.4993896484374987,RIGHT_SIDE,LEFT_SIDE,True,OK
1789620186.7678654,13.6719,19.714399999999998,-24.9023,34.57893813089118,89.066162109375,-3.0157470703125013,RIGHT_SIDE,LEFT_SIDE,True,OK
1789620186.8076658,13.977099999999998,19.751,-24.462899999999998,34.40777240421123,89.40673828124999,-3.6254882812499996,RIGHT_SIDE,LEFT_SIDE,True,OK
1789620186.8476496,14.4653,19.580099999999998,-23.6938,33.97089016408019,90.2581787109375,-3.7463378906250013,RIGHT_SIDE,LEFT_SIDE,True,OK
1789620186.8886006,15.161099999999998,20.2026,-21.7651,33.3425190707001,91.0162353515625,-3.718872070312504,RIGHT_SIDE,LEFT_SIDE,True,OK
1789620186.9286003,15.6494,20.3247,-20.1416,32.61412578944896,91.6754150390625,-3.867187499999998,RIGHT_SIDE,LEFT_SIDE,True,OK
1789620186.9698627,16.04,20.3369,-19.311499999999995,32.30797322426772,91.92810058593751,-4.180297851562502,RIGHT_SIDE,LEFT_SIDE,True,OK
1789620187.0096273,16.2231,20.3979,-18.627899999999997,32.035323573049794,91.76330566406249,-4.454956054687499,RIGHT_SIDE,LEFT_SIDE,True,OK
1789620187.0497787,16.4429,20.3125,-18.1396,31.81213140957393,91.4447021484375,-4.564819335937502,RIGHT_SIDE,LEFT_SIDE,True,OK
1789620187.0897415,16.7603,20.4224,-17.1021,31.47163647254461,91.08215332031249,-4.515380859374998,RIGHT_SIDE,LEFT_SIDE,True,OK
1789620187.1306052,17.1631,20.0073,-16.4185,31.055292578721588,90.71960449218751,-4.493408203125002,RIGHT_SIDE,LEFT_SIDE,True,OK
1789620187.1707518,17.4927,20.166,-15.0757,30.658422004075813,90.34057617187501,-4.515380859375004,RIGHT_SIDE,LEFT_SIDE,True,OK
1789620187.2120197,17.8711,20.104999999999997,-13.8184,30.241286658639375,89.61547851562499,-4.218750000000002,RIGHT_SIDE,LEFT_SIDE,True,OK
1789620187.2519193,18.383799999999997,19.5923,-12.146,29.484701757521645,89.2034912109375,-4.092407226562503,RIGHT_SIDE,LEFT_SIDE,True,OK
1789620187.2919247,18.5913,19.6167,-10.2173,28.89367705692718,88.91784667968751,-3.9880371093749942,RIGHT_SIDE,LEFT_SIDE,True,OK
1789620187.3324535,18.6768,19.4702,-8.28247,28.222523905223287,88.5223388671875,-3.795776367187499,RIGHT_SIDE,LEFT_SIDE,True,OK
1789620187.37254,18.6157,19.6411,-6.365969999999999,27.800048016881195,88.05541992187499,-3.570556640624992,RIGHT_SIDE,LEFT_SIDE,True,OK
1789620187.4125478,18.4204,19.4946,-4.32434,27.167084528075513,87.69287109375,-3.323364257812505,RIGHT_SIDE,LEFT_SIDE,True,OK
1789620187.4525094,18.0664,19.0063,-2.2705099999999994,26.32089406365407,87.59948730468751,-3.1365966796875004,RIGHT_SIDE,LEFT_SIDE,True,OK
1789620187.4924588,17.3706,19.042999999999996,0.359917,25.77795829011461,87.5390625,-2.9278564453124996,RIGHT_SIDE,LEFT_SIDE,True,OK
1789620187.53355,16.4673,19.4946,2.76489,25.66819072630753,87.66540527343747,-2.8839111328125013,RIGHT_SIDE,LEFT_SIDE,True,OK
1789620187.5734937,15.454099999999999,19.164999999999996,5.00488,25.123201540098343,87.93457031250001,-2.9827880859374996,RIGHT_SIDE,LEFT_SIDE,True,OK
1789620187.612495,14.489699999999997,19.1284,7.14722,25.038567179022046,88.09387207031251,-3.1201171874999942,RIGHT_SIDE,LEFT_SIDE,True,OK
1789620187.6524901,12.4573,18.9575,9.41772,24.56144498066838,88.31359863281251,-3.3892822265624987,RIGHT_SIDE,LEFT_SIDE,True,OK
1789620187.6924047,10.2783,19.3726,11.7249,24.867938428024143,88.58276367187501,-3.6914062500000036,RIGHT_SIDE,LEFT_SIDE,True,OK
1789620187.7335732,8.65479,18.9575,13.3301,24.73830556453089,88.758544921875,-3.9550781250000018,RIGHT_SIDE,LEFT_SIDE,True,OK
1789620187.7726676,6.98853,18.9941,15.026899999999998,25.207600242405064,88.80798339843747,-4.163818359374995,RIGHT_SIDE,LEFT_SIDE,True,OK
1789620187.8134367,4.489139999999999,19.030799999999996,16.4551,25.555704697573884,88.79150390624999,-4.268188476562506,RIGHT_SIDE,LEFT_SIDE,True,OK
1789620187.8525207,1.9958499999999997,19.164999999999996,17.6147,26.106671528796998,88.7640380859375,-4.421997070312496,RIGHT_SIDE,LEFT_SIDE,True,OK
1789620187.893583,0.871277,19.0796,18.090799999999998,26.307172109725684,88.50585937500001,-4.394531250000003,RIGHT_SIDE,LEFT_SIDE,True,OK
1789620187.933566,0.4890439999999999,19.2505,18.1763,26.480158533776493,88.06640625,-4.114379882812502,RIGHT_SIDE,LEFT_SIDE,True,OK
1789620187.9735296,0.12445399999999998,19.3481,18.1519,26.530283376136712,87.5445556640625,-3.735351562500005,RIGHT_SIDE,LEFT_SIDE,True,OK
1789620188.0134661,-0.383377,19.519,18.225099999999998,26.707538428955388,86.99523925781251,-3.5211181640625013,RIGHT_SIDE,LEFT_SIDE,True,OK
1789620188.0534716,-0.915527,19.689899999999998,18.237299999999998,26.853853782794918,86.5283203125,-3.5321044921875058,RIGHT_SIDE,LEFT_SIDE,True,OK
1789620188.0934963,-1.90735,19.9341,18.5303,27.28329791140543,86.341552734375,-3.5705566406250013,RIGHT_SIDE,LEFT_SIDE,True,OK
1789620188.1335728,-2.93274,19.9463,18.8477,27.598761618732098,86.40747070312499,-3.438720703125004,RIGHT_SIDE,LEFT_SIDE,True,OK
1789620188.1736646,-4.266359999999999,19.811999999999998,19.3604,28.02752682292178,86.8084716796875,-3.158569335937497,RIGHT_SIDE,LEFT_SIDE,True,OK
1789620188.2134676,-5.6060799999999995,19.555699999999998,19.824199999999998,28.405148144243146,87.0556640625,-3.0432128906249925,RIGHT_SIDE,LEFT_SIDE,True,OK
1789620188.2535493,-7.01904,19.6045,20.1172,28.953498555642632,87.11608886718751,-2.9827880859374964,RIGHT_SIDE,LEFT_SIDE,True,OK
1789620188.2935321,-7.94678,19.6533,20.3003,29.351417228958468,87.1435546875,-3.0596923828125036,RIGHT_SIDE,LEFT_SIDE,True,OK
1789620188.334568,-9.24072,19.5923,20.4346,29.779556789321095,87.28088378906249,-3.0871582031249982,RIGHT_SIDE,LEFT_SIDE,True,OK
1789620188.3745778,-10.553,19.9097,20.6055,30.534383788444135,87.24792480468749,-3.180541992187503,RIGHT_SIDE,LEFT_SIDE,True,OK
1789620188.4134796,-12.5488,19.4702,20.6543,31.034838133458983,86.94030761718751,-3.4002685546874973,RIGHT_SIDE,LEFT_SIDE,True,OK
1789620188.4545133,-14.746099999999998,19.6655,20.507799999999996,32.0117043641853,86.90185546874999,-3.7353515624999982,RIGHT_SIDE,LEFT_SIDE,True,OK
1789620188.4945416,-17.2729,19.6533,20.3735,33.161495405816666,87.08312988281251,-4.031982421874998,RIGHT_SIDE,LEFT_SIDE,True,OK
1789620188.5386739,-19.811999999999998,19.9463,19.873,34.42827844505153,87.16552734375,-4.24072265625,RIGHT_SIDE,LEFT_SIDE,True,OK
1789620188.5744915,-21.8994,19.3726,19.433599999999995,35.10763677720276,86.9622802734375,-4.927368164062502,RIGHT_SIDE,LEFT_SIDE,True,OK
1789620188.6146805,-24.1089,18.896499999999996,18.8721,35.97878444125092,86.7315673828125,-6.009521484375001,RIGHT_SIDE,LEFT_SIDE,True,OK
1789620188.6546237,-26.6602,18.9331,17.7612,37.211406384198916,86.36901855468749,-7.223510742187499,RIGHT_SIDE,LEFT_SIDE,True,OK
1789620188.6946132,-28.979499999999998,19.1284,16.7725,38.56194838257009,86.18225097656249,-7.723388671875001,RIGHT_SIDE,LEFT_SIDE,True,OK
1789620188.7388933,-30.7373,18.5791,15.6616,39.182270003918866,85.66589355468753,-8.184814453125002,RIGHT_SIDE,LEFT_SIDE,True,OK
1789620188.7746542,-32.6172,18.6768,14.1357,40.156227519153234,85.3802490234375,-7.998046875000002,RIGHT_SIDE,LEFT_SIDE,True,OK
1789620188.8148777,-35.278299999999994,19.152799999999996,11.7371,41.822813333634066,84.58923339843749,-7.267456054687499,RIGHT_SIDE,LEFT_SIDE,True,OK
1789620188.8546464,-37.5977,19.9341,8.64868,43.42528127534006,83.60595703125,-6.465454101562501,RIGHT_SIDE,LEFT_SIDE,True,OK
1789620188.8946416,-38.8428,19.3359,6.69556,43.90296874202928,83.111572265625,-6.597290039062501,RIGHT_SIDE,LEFT_SIDE,True,OK
1789620188.938827,-40.2832,18.9331,4.46777,44.73432067912622,83.0291748046875,-7.0312499999999964,RIGHT_SIDE,LEFT_SIDE,True,OK
1789620188.9746256,-41.3574,18.7378,2.8930699999999994,45.49625850138558,83.4246826171875,-7.4981689453124964,RIGHT_SIDE,LEFT_SIDE,True,OK
1789620189.014903,-42.5293,18.2617,0.946808,46.29392498772235,84.3255615234375,-7.7838134765625,RIGHT_SIDE,LEFT_SIDE,True,OK
1789620189.056558,-43.23729999999999,17.858899999999995,-1.14212,46.79432506826441,85.34179687500001,-7.7838134765624964,RIGHT_SIDE,LEFT_SIDE,True,OK
1789620189.09465,-43.6523,17.7612,-3.15857,47.23304018560418,86.29211425781251,-7.520141601562501,RIGHT_SIDE,LEFT_SIDE,True,OK
1789620189.1377778,-43.7988,17.9077,-4.742429999999999,47.55534925783744,87.03369140625,-7.042236328125003,RIGHT_SIDE,LEFT_SIDE,True,OK
1789620189.1766806,-43.8477,18.3594,-6.365969999999999,47.96054563587555,87.37976074218749,-6.4929199218750036,RIGHT_SIDE,LEFT_SIDE,True,OK
1789620189.2166414,-43.7256,18.7866,-7.8064,48.22659345091669,87.6214599609375,-5.982055664062501,RIGHT_SIDE,LEFT_SIDE,True,OK
1789620189.2566462,-43.4814,19.0796,-9.91211,48.50683670135685,87.02270507812499,-5.603027343749998,RIGHT_SIDE,LEFT_SIDE,True,OK
1789620189.2966194,-43.1396,19.1406,-11.5234,48.58164678229836,86.55029296875,-4.971313476562498,RIGHT_SIDE,LEFT_SIDE,True,OK
1789620189.339612,-42.627,19.458,-13.098099999999999,48.65424047922236,86.143798828125,-4.169311523437503,RIGHT_SIDE,LEFT_SIDE,True,OK
1789620189.3777177,-42.0898,19.958499999999997,-14.5142,48.79093141076525,85.67138671874999,-3.5650634765625018,RIGHT_SIDE,LEFT_SIDE,True,OK
1789620189.4176245,-41.5039,20.0684,-16.04,48.81184276146517,85.330810546875,-3.246459960937499,RIGHT_SIDE,LEFT_SIDE,True,OK
1789620189.457651,-40.844699999999996,19.7998,-17.6636,48.70651253261724,85.045166015625,-3.306884765624996,RIGHT_SIDE,LEFT_SIDE,True,OK
1789620189.4976661,-40.2832,19.519,-19.824199999999998,48.956373118114044,84.66064453125,-3.7078857421875018,RIGHT_SIDE,LEFT_SIDE,True,OK
1789620189.5386853,-39.5508,19.5435,-21.9116,49.257815496122035,84.23217773437499,-4.328613281249995,RIGHT_SIDE,LEFT_SIDE,True,OK
1789620189.5777946,-38.9648,18.4082,-23.681599999999996,49.172509035435645,83.88610839843749,-5.092163085937499,RIGHT_SIDE,LEFT_SIDE,True,OK
1789620189.617694,-38.0127,17.6147,-25.4639,49.0270662041897,83.66088867187501,-5.822753906250005,RIGHT_SIDE,LEFT_SIDE,True,OK
1789620189.6576743,-37.0605,17.627,-27.270499999999995,49.273440710995615,83.48510742187501,-6.355590820312501,RIGHT_SIDE,LEFT_SIDE,True,OK
1789620189.697642,-36.084,17.846699999999995,-28.735399999999995,49.45991275821258,83.41918945312501,-6.685180664062497,RIGHT_SIDE,LEFT_SIDE,True,OK
1789620189.7379146,-35.376,17.309599999999996,-29.3457,49.114699802095906,83.671875,-6.888427734374996,RIGHT_SIDE,LEFT_SIDE,True,OK
1789620189.7776766,-34.3262,17.2852,-30.175799999999995,48.86353498387115,84.09484863281251,-6.932373046874999,RIGHT_SIDE,LEFT_SIDE,True,OK
1789620189.8177383,-33.032199999999996,17.846699999999995,-31.103499999999997,48.75508845218107,84.759521484375,-6.718139648437494,RIGHT_SIDE,LEFT_SIDE,True,OK
1789620189.8576667,-31.396499999999996,18.7988,-31.982399999999995,48.60050414810529,85.58898925781253,-6.201782226562496,RIGHT_SIDE,LEFT_SIDE,True,OK
1789620189.8976176,-30.3955,18.908699999999996,-32.1533,48.11714930074308,86.4459228515625,-5.657958984374999,RIGHT_SIDE,LEFT_SIDE,True,OK
1789620189.9377713,-29.516599999999997,19.458,-32.2754,47.870083399969126,87.19848632812501,-5.0097656250000036,RIGHT_SIDE,LEFT_SIDE,True,OK
1789620189.977706,-29.272499999999997,19.836399999999998,-31.957999999999995,47.66210009231653,87.82470703125,-4.460449218750003,RIGHT_SIDE,LEFT_SIDE,True,OK
1789620190.0176756,-29.0283,20.483399999999996,-31.713899999999995,47.62334857672232,88.297119140625,-4.130859375000001,RIGHT_SIDE,LEFT_SIDE,True,OK
1789620190.0575995,-29.0283,20.52,-31.616199999999996,47.57411799844533,88.5992431640625,-3.889160156249998,RIGHT_SIDE,LEFT_SIDE,True,OK
1789620190.097899,-28.8818,20.898399999999995,-31.4697,47.55253423204698,88.86840820312497,-3.6694335937499987,RIGHT_SIDE,LEFT_SIDE,True,OK
1789620190.1392403,-28.54,21.032699999999995,-31.5186,47.43762446887491,89.0167236328125,-3.4771728515624973,RIGHT_SIDE,LEFT_SIDE,True,OK
1789620190.1776657,-28.320299999999996,21.0693,-31.713899999999995,47.45235766313408,88.71459960937497,-3.2574462890625027,RIGHT_SIDE,LEFT_SIDE,True,OK
1789620190.217659,-28.125,20.8374,-32.080099999999995,47.479950292412894,87.8466796875,-3.180541992187503,RIGHT_SIDE,LEFT_SIDE,True,OK
1789620190.2576494,-28.198199999999996,20.2026,-32.5684,47.581343072258896,86.6656494140625,-3.3508300781249925,RIGHT_SIDE,LEFT_SIDE,True,OK
1789620190.2976782,-27.7588,19.8608,-33.2031,47.61772993003761,85.28137207031251,-3.674926757812497,RIGHT_SIDE,LEFT_SIDE,True,OK
1789620190.3408582,-27.5879,18.774399999999996,-33.96,47.61146838493852,83.770751953125,-3.9715576171875018,RIGHT_SIDE,LEFT_SIDE,True,OK
1789620190.3777258,-27.1484,17.688,-34.7412,47.506335830076395,82.28759765624999,-4.059448242187496,RIGHT_SIDE,LEFT_SIDE,True,OK
1789620190.4176347,-26.2695,17.2119,-35.546899999999994,47.43330297870895,80.93078613281247,-4.1253662109374964,RIGHT_SIDE,LEFT_SIDE,True,OK
1789620190.457642,-25.659199999999995,16.4917,-35.9863,47.17398118899867,80.0299072265625,-4.158325195312499,RIGHT_SIDE,LEFT_SIDE,True,OK
1789620190.4977412,-25.7324,16.0278,-36.4014,47.37202449294309,79.3597412109375,-4.202270507812503,RIGHT_SIDE,LEFT_SIDE,True,OK
1789620190.5396671,-25.9033,15.7593,-36.8408,47.71353091126248,78.81591796874999,-4.284667968749995,RIGHT_SIDE,LEFT_SIDE,True,OK
1789620190.578731,-25.9033,15.234399999999999,-36.6455,47.39156638580328,78.53027343750001,-4.2956542968749964,RIGHT_SIDE,LEFT_SIDE,True,OK
1789620190.618637,-25.4395,15.6128,-36.6943,47.30115576368087,78.56323242187499,-4.262695312500001,RIGHT_SIDE,LEFT_SIDE,True,OK
1789620190.6586738,-25.683599999999995,15.551799999999998,-36.6455,47.37508271707818,78.89282226562499,-4.235229492187503,RIGHT_SIDE,LEFT_SIDE,True,OK
1789620190.6986234,-25.5615,16.2231,-36.792,47.646936101495555,79.4915771484375,-4.125366210937494,RIGHT_SIDE,LEFT_SIDE,True,OK
1789620190.7391598,-25.6348,16.125499999999995,-36.498999999999995,47.427330963169325,80.17822265625001,-4.015502929687499,RIGHT_SIDE,LEFT_SIDE,True,OK
1789620190.7787232,-25.781199999999995,16.5894,-36.0107,47.293223407693404,80.9967041015625,-3.9331054687500036,RIGHT_SIDE,LEFT_SIDE,True,OK
1789620190.8186126,-25.927699999999998,17.5171,-35.5225,47.338593409077966,81.826171875,-3.7518310546874956,RIGHT_SIDE,LEFT_SIDE,True,OK
1789620190.8586578,-25.9766,18.0054,-35.2051,47.311491656150515,82.52929687499999,-3.449707031250004,RIGHT_SIDE,LEFT_SIDE,True,OK
1789620190.8986275,-25.927699999999998,18.3105,-35.083,47.31106558237723,83.03466796875001,-3.0871582031249982,RIGHT_SIDE,LEFT_SIDE,True,OK
1789620190.9386885,-25.7568,18.7866,-35.0342,47.368177666446066,83.34228515624996,-2.609252929687499,RIGHT_SIDE,LEFT_SIDE,True,OK
1789620190.9790878,-25.4395,19.0796,-34.8877,47.20541184758375,83.44116210937497,-2.142333984374997,RIGHT_SIDE,LEFT_SIDE,True,OK
1789620191.0186431,-25.2197,19.3359,-34.8389,47.15569159825778,83.4466552734375,-1.9445800781249973,RIGHT_SIDE,LEFT_SIDE,True,OK
1789620191.059638,-25.0244,19.2261,-34.9121,47.060793055153674,83.35327148437501,-1.5545654296874987,RIGHT_SIDE,LEFT_SIDE,True,OK
1789620191.098734,-24.939,19.1162,-35.15619999999999,47.15231936904058,83.16101074218747,-1.4117431640624993,RIGHT_SIDE,LEFT_SIDE,True,OK
1789620191.1396089,-24.7925,19.2749,-35.40039999999999,47.322068281299785,82.9193115234375,-1.3403320312499996,RIGHT_SIDE,LEFT_SIDE,True,OK
1789620191.1797183,-24.743699999999997,18.9819,-35.571299999999994,47.30624272746674,82.68859863281249,-1.2963867187500007,RIGHT_SIDE,LEFT_SIDE,True,OK
1789620191.2198672,-24.6704,18.457,-35.571299999999994,47.05960973966953,82.452392578125,-1.2799072265625022,RIGHT_SIDE,LEFT_SIDE,True,OK
1789620191.2596393,-24.4507,18.8354,-35.8643,47.31656198563036,82.33703613281253,-1.3513183593749978,RIGHT_SIDE,LEFT_SIDE,True,OK
1789620191.3006463,-23.9746,18.9453,-36.0352,47.246602801577176,82.3480224609375,-1.4831542968750027,RIGHT_SIDE,LEFT_SIDE,True,OK
1789620191.3407624,-24.1455,18.8599,-36.1084,47.355227259722874,82.5347900390625,-1.7633056640624993,RIGHT_SIDE,LEFT_SIDE,True,OK
1789620191.3806667,-24.1577,18.4448,-36.084,47.179022587692515,82.70507812500001,-2.092895507812493,RIGHT_SIDE,LEFT_SIDE,True,OK
1789620191.4206355,-23.7305,18.811,-36.2549,47.2377828148189,82.85339355468749,-2.433471679687494,RIGHT_SIDE,LEFT_SIDE,True,OK
1789620191.4606524,-23.3032,19.1406,-36.474599999999995,47.326505721001624,83.04016113281249,-2.7301025390624996,RIGHT_SIDE,LEFT_SIDE,True,OK
1789620191.5006976,-23.4741,18.9575,-36.450199999999995,47.31846634349004,83.24890136718749,-2.911376953125001,RIGHT_SIDE,LEFT_SIDE,True,OK
1789620191.5406735,-23.4619,18.1885,-36.35249999999999,46.93385281553177,83.38073730468749,-2.9827880859375027,RIGHT_SIDE,LEFT_SIDE,True,OK
1789620191.5807033,-23.144499999999997,18.8843,-36.498999999999995,47.164199004541565,83.551025390625,-2.9992675781249956,RIGHT_SIDE,LEFT_SIDE,True,OK
1789620191.6206648,-22.631799999999995,18.9941,-36.5234,46.97800499819038,83.82568359375001,-2.9498291015624973,RIGHT_SIDE,LEFT_SIDE,True,OK
1789620191.660669,-22.8027,18.9575,-36.5234,47.045814703329356,84.078369140625,-2.839965820312507,RIGHT_SIDE,LEFT_SIDE,True,OK
1789620191.700644,-22.8271,19.0674,-36.377,46.98859825713042,84.27062988281251,-2.686157226562504,RIGHT_SIDE,LEFT_SIDE,True,OK
1789620191.7422223,-22.5342,19.3359,-36.450199999999995,47.01366055190767,84.5452880859375,-2.4554443359375,RIGHT_SIDE,LEFT_SIDE,True,OK
1789620191.7806704,-22.3999,19.5435,-36.4258,47.01641009158398,84.61120605468747,-2.3510742187499956,RIGHT_SIDE,LEFT_SIDE,True,OK
1789620191.820662,-22.29,19.5923,-36.4014,46.96556441958299,84.69360351562501,-2.1313476562499987,RIGHT_SIDE,LEFT_SIDE,True,OK
1789620191.8619657,-22.1069,19.702099999999998,-36.4258,46.94386730617749,84.73754882812501,-1.702880859374997,RIGHT_SIDE,LEFT_SIDE,True,OK
1789620191.9022975,-21.8994,19.9219,-36.450199999999995,46.95831023375948,84.67163085937501,-1.3732910156250013,RIGHT_SIDE,LEFT_SIDE,True,OK
1789620191.9418125,-21.4355,19.811999999999998,-36.5479,46.77333640718823,84.583740234375,-1.060180664062497,RIGHT_SIDE,LEFT_SIDE,True,OK
1789620191.9825337,-21.166999999999998,19.8975,-36.59669999999999,46.72548390482435,84.45190429687496,-0.7745361328125058,RIGHT_SIDE,LEFT_SIDE,True,OK
1789620192.022485,-20.9106,20.0806,-36.5234,46.630917171764914,84.3585205078125,-0.5438232421874991,RIGHT_SIDE,LEFT_SIDE,True,OK
1789620192.062405,-20.5444,19.7266,-36.6699,46.43159145377208,84.35852050781251,-0.3735351562499999,RIGHT_SIDE,LEFT_SIDE,True,OK
1789620192.1024253,-20.52,20.1416,-36.7188,46.637160333793915,84.429931640625,-0.30212402343749506,RIGHT_SIDE,LEFT_SIDE,True,OK
1789620192.1445096,-20.507799999999996,19.9341,-36.792,46.60031617542954,84.6112060546875,-0.2801513671874934,RIGHT_SIDE,LEFT_SIDE,True,OK
1789620192.1834977,-20.507799999999996,20.092799999999997,-36.6699,46.572223896760605,84.8309326171875,-0.2801513671874997,RIGHT_SIDE,LEFT_SIDE,True,OK
1789620192.2235222,-20.642099999999996,20.0439,-36.3037,46.322919309020236,85.177001953125,-0.3021240234375046,RIGHT_SIDE,LEFT_SIDE,True,OK
1789620192.2635071,-20.5322,20.8618,-36.2793,46.61516431988629,85.5615234375,-0.30761718749999634,NOSE_UP,LEFT_SIDE,True,OK
1789620192.3034568,-20.9106,21.0938,-36.1328,46.77371940139035,85.90209960937503,-0.30212402343749506,NOSE_UP,LEFT_SIDE,True,OK
1789620192.3434196,-20.752,20.9106,-36.1084,46.60166570971471,86.143798828125,-0.3405761718749961,NOSE_UP,LEFT_SIDE,True,OK
1789620192.384554,-20.764199999999995,20.8008,-35.9375,46.42552302914852,86.23718261718749,-0.3845214843750049,NOSE_UP,LEFT_SIDE,True,OK
1789620192.4245732,-20.8618,21.228,-35.8398,46.586843070549435,86.12182617187501,-0.4064941406249962,NOSE_UP,LEFT_SIDE,True,OK
1789620192.4645016,-20.5811,21.5332,-35.9619,46.696023717871306,85.89111328125001,-0.379028320312498,NOSE_UP,LEFT_SIDE,True,OK
1789620192.5045612,-20.6055,20.9595,-36.1328,46.577532205345534,85.6658935546875,-0.2801513671874934,NOSE_UP,LEFT_SIDE,True,OK
1789620192.544448,-20.6055,20.1416,-36.2305,46.291681877633266,85.51208496093751,-0.14831542968749958,NOSE_UP,LEFT_SIDE,True,OK
1789620192.5846345,-20.4102,20.764199999999995,-36.377,46.594145497905636,85.4296875,-0.005493164062503341,NOSE_UP,LEFT_SIDE,True,OK
1789620192.6245492,-20.4346,20.8496,-36.2793,46.56679402546411,85.39672851562499,0.15380859374999747,NOSE_UP,LEFT_SIDE,True,OK
1789620192.664517,-20.4224,21.0571,-36.2305,46.61678895440998,85.41870117187501,0.33508300781249895,NOSE_UP,LEFT_SIDE,True,OK
1789620192.7045214,-20.886199999999995,20.5688,-36.1084,46.50941232094854,85.4736328125,0.5108642578124967,NOSE_UP,LEFT_SIDE,True,OK
1789620192.744496,-20.495599999999996,20.9473,-36.2549,46.61841664685749,85.54504394531249,0.6756591796875032,NOSE_UP,LEFT_SIDE,True,OK
1789620192.7845953,-20.4224,21.1182,-36.2305,46.6444200655341,85.59997558593751,0.8569335937500082,NOSE_UP,LEFT_SIDE,True,OK
1789620192.8245435,-20.3857,21.154799999999998,-36.2061,46.62600138056018,85.61096191406251,1.0546875000000038,NOSE_UP,LEFT_SIDE,True,OK
1789620192.8655484,-20.104999999999997,21.3623,-36.32809999999999,46.693572747220784,85.6219482421875,1.241455078125011,NOSE_UP,LEFT_SIDE,True,OK
1789620192.9057598,-20.092799999999997,21.3623,-36.2305,46.612418982284105,85.62744140625001,1.384277343750005,NOSE_UP,LEFT_SIDE,True,OK
1789620192.9456043,-19.9951,21.3379,-36.3037,46.61618425085863,85.59997558593749,1.4886474609375004,NOSE_UP,LEFT_SIDE,True,OK
1789620192.9855533,-20.3125,21.0571,-36.2061,46.54976685086618,85.58898925781251,1.5490722656249944,NOSE_UP,LEFT_SIDE,True,OK
1789620193.0255628,-19.824199999999998,21.3623,-36.32809999999999,46.573357368134836,85.58349609375001,1.5545654296874987,NOSE_UP,LEFT_SIDE,True,OK
1789620193.065543,-19.958499999999997,21.264599999999998,-36.377,46.62414679551787,85.53955078125,1.5270996093749978,NOSE_UP,LEFT_SIDE,True,OK
1789620193.105463,-20.0317,21.1914,-36.3037,46.56504131362926,85.50659179687499,1.4666748046875036,NOSE_UP,LEFT_SIDE,True,OK
1789620193.145686,-20.4712,20.9961,-36.2793,46.64862112796047,85.49011230468751,1.4337158203124967,NOSE_UP,LEFT_SIDE,True,OK
1789620193.1856472,-20.214799999999997,21.289099999999998,-36.35249999999999,46.72652538013071,85.47912597656249,1.3842773437500018,NOSE_UP,LEFT_SIDE,True,OK
1789620193.2257257,-19.970699999999997,21.46,-36.4258,46.75681088493953,85.53955078125001,1.3732910156250075,NOSE_UP,LEFT_SIDE,True,OK
1789620193.2656288,-20.349099999999996,21.3257,-36.3037,46.76355402436816,85.64392089843753,1.3787841796874951,NOSE_UP,LEFT_SIDE,True,OK
1789620193.3056421,-20.5322,21.557599999999997,-36.2305,46.892968394525845,85.76477050781251,1.4062500000000036,NOSE_UP,LEFT_SIDE,True,OK
1789620193.3456697,-20.3735,21.46,-36.2305,46.778843855956936,85.87463378906249,1.4501953125000047,NOSE_UP,LEFT_SIDE,True,OK
1789620193.385631,-20.3247,21.3257,-36.1328,46.620361929311535,85.97900390625,1.4996337890624885,NOSE_UP,LEFT_SIDE,True,OK
1789620193.4257188,-20.1538,21.7407,-36.2061,46.79439462307425,86.03393554687503,1.5710449218749947,NOSE_UP,LEFT_SIDE,True,OK
1789620193.4666972,-20.495599999999996,21.7896,-36.084,46.871220845205215,86.02294921874999,1.6809082031250016,NOSE_UP,LEFT_SIDE,True,OK
1789620193.5077083,-20.0684,21.7773,-36.1328,46.71799128483587,85.9954833984375,1.7797851562499976,NOSE_UP,LEFT_SIDE,True,OK
1789620193.5466745,-20.1172,21.2524,-36.1572,46.515689325645816,85.9405517578125,1.8841552734375013,NOSE_UP,LEFT_SIDE,True,OK
1789620193.586637,-19.8975,21.7651,-36.181599999999996,46.676956443410056,85.90759277343751,1.9940185546874973,NOSE_UP,LEFT_SIDE,True,OK
1789620193.626712,-19.7876,22.0459,-36.1328,46.724191340353876,85.90759277343751,2.1093750000000013,NOSE_UP,LEFT_SIDE,True,OK
1789620193.6669052,-19.836399999999998,21.8506,-36.0352,46.57753883965962,85.9185791015625,2.2027587890625,NOSE_UP,LEFT_SIDE,True,OK
1789620193.7068145,-19.811999999999998,21.9116,-36.0352,46.59580665253044,85.989990234375,2.2741699218749982,NOSE_UP,LEFT_SIDE,True,OK
1789620193.746684,-19.751,21.838399999999996,-36.2061,46.667969666249675,86.0888671875,2.3455810546875,NOSE_UP,LEFT_SIDE,True,OK
1789620193.786679,-19.7388,21.9849,-36.1084,46.65589570472311,86.18774414062501,2.3620605468749996,NOSE_UP,LEFT_SIDE,True,OK
1789620193.8267627,-19.6411,22.228999999999996,-36.0596,46.69256902730883,86.23168945312501,2.3675537109375004,NOSE_UP,LEFT_SIDE,True,OK
1789620193.8667705,-19.751,22.216799999999996,-35.8643,46.58257418531097,86.22070312500001,2.384033203124998,NOSE_UP,LEFT_SIDE,True,OK
1789620193.9066038,-19.6655,22.3267,-35.8398,46.58008895633412,86.2646484375,2.3565673828124964,NOSE_UP,LEFT_SIDE,True,OK
1789620193.94662,-19.689899999999998,22.070299999999996,-36.1084,46.67554878798963,86.209716796875,2.3291015624999987,NOSE_UP,LEFT_SIDE,True,OK
1789620193.9865677,-20.1416,21.691899999999997,-35.9375,46.55884966813506,86.1822509765625,2.296142578124997,NOSE_UP,LEFT_SIDE,True,OK
1789620194.0266755,-19.7754,22.1191,-36.0107,46.65931358753577,86.143798828125,2.235717773437496,NOSE_UP,LEFT_SIDE,True,OK
1789620194.0666256,-19.811999999999998,22.473099999999995,-36.0352,46.862471196576905,86.12182617187501,2.1752929687500018,NOSE_UP,LEFT_SIDE,True,OK
1789620194.1064827,-20.0439,22.082499999999996,-35.9131,46.68131837330647,86.09436035156249,2.1148681640625044,NOSE_UP,LEFT_SIDE,True,OK
1789620194.1466708,-20.4468,21.6187,-36.084,46.77066255602971,86.0284423828125,2.0489501953124982,NOSE_UP,LEFT_SIDE,True,OK
1789620194.186739,-20.1538,21.7285,-36.1572,46.7508981574686,85.97351074218749,1.9940185546874973,NOSE_UP,LEFT_SIDE,True,OK
1789620194.2267046,-19.9097,21.935999999999996,-36.1572,46.74320658587727,85.96801757812499,1.9940185546874973,NOSE_UP,LEFT_SIDE,True,OK
1789620194.2666886,-20.3125,21.9238,-35.9619,46.760120982520995,85.99548339843749,2.076416015624995,NOSE_UP,LEFT_SIDE,True,OK
1789620194.3066566,-20.7153,21.7285,-35.8643,46.77071071546807,86.0614013671875,2.235717773437509,NOSE_UP,LEFT_SIDE,True,OK
1789620194.3466847,-20.2759,21.8872,-36.1328,46.85873323607884,86.22619628906249,2.3785400390625027,NOSE_UP,LEFT_SIDE,True,OK
1789620194.3866465,-20.1904,21.7651,-35.8887,46.57650285133052,86.40197753906247,2.4884033203125018,NOSE_UP,LEFT_SIDE,True,OK
1789620194.4266636,-20.0806,22.228999999999996,-35.9863,46.82277997994138,86.4898681640625,2.537841796875001,NOSE_UP,LEFT_SIDE,True,OK
1789620194.466668,-20.6055,22.1558,-35.9131,46.9597365356749,86.55578613281251,2.466430664062504,NOSE_UP,LEFT_SIDE,True,OK
1789620194.5076613,-20.3125,22.1191,-35.9619,46.85200628222873,86.5777587890625,2.3620605468749933,NOSE_UP,LEFT_SIDE,True,OK
1789620194.5476444,-20.2637,21.875,-35.9863,46.73485797967081,86.561279296875,2.28515625,NOSE_UP,LEFT_SIDE,True,OK
1789620194.5876524,-20.2637,21.948199999999996,-35.9863,46.76916514777658,86.47888183593751,2.2192382812500018,NOSE_UP,LEFT_SIDE,True,OK
1789620194.6276844,-20.1294,21.9849,-36.1328,46.841304510122264,86.40747070312501,2.1588134765625018,NOSE_UP,LEFT_SIDE,True,OK
1789620194.667704,-20.1782,21.7163,-36.1084,46.71802640833622,86.3250732421875,2.131347656250005,NOSE_UP,LEFT_SIDE,True,OK
1789620194.7078316,-20.214799999999997,21.6675,-36.1572,46.74892305850478,86.23718261718749,2.1368408203125018,NOSE_UP,LEFT_SIDE,True,OK
1789620194.7476583,-20.2637,21.679699999999997,-36.2061,46.8135515314743,86.19323730468746,2.1643066406249982,NOSE_UP,LEFT_SIDE,True,OK
1789620194.7876759,-20.3125,21.679699999999997,-36.2061,46.83469574524852,86.06689453125,2.2412109375000053,NOSE_UP,LEFT_SIDE,True,OK
1789620194.8277254,-20.3369,21.4478,-36.2549,46.77622687284642,85.91857910156251,2.3455810546875,NOSE_UP,LEFT_SIDE,True,OK
1789620194.8676474,-20.227099999999997,21.5088,-36.35249999999999,46.832342543374864,85.7208251953125,2.4444580078124996,NOSE_UP,LEFT_SIDE,True,OK
1789620194.9075875,-20.092799999999997,21.545399999999997,-36.498999999999995,46.90524356615153,85.55603027343749,2.4829101562500013,NOSE_UP,LEFT_SIDE,True,OK
1789620194.947674,-19.9951,21.3989,-36.6699,46.929718848827555,85.33630371093749,2.5103759765624982,NOSE_UP,LEFT_SIDE,True,OK
1789620194.9877274,-20.3003,20.9961,-36.59669999999999,46.82154254389745,85.18798828125,2.554321289062504,NOSE_UP,LEFT_SIDE,True,OK
1789620195.0277073,-19.7754,21.289099999999998,-36.743199999999995,46.843942726995124,85.1715087890625,2.6422119140624982,NOSE_UP,LEFT_SIDE,True,OK
1789620195.0676777,-19.7876,21.6309,-36.8164,47.062641846054504,85.2264404296875,2.7136230468749987,NOSE_UP,LEFT_SIDE,True,OK
1789620195.107611,-20.1538,21.3501,-36.59669999999999,46.91823606381637,85.4022216796875,2.757568359375,NOSE_UP,LEFT_SIDE,True,OK
1789620195.147678,-20.6543,20.9595,-36.35249999999999,46.76970178427482,85.58349609375,2.7795410156249973,NOSE_UP,LEFT_SIDE,True,OK
1789620195.1877725,-20.507799999999996,21.6553,-36.35249999999999,47.0215496892648,85.7537841796875,2.7685546874999973,NOSE_UP,LEFT_SIDE,True,OK
1789620195.2277613,-20.3735,21.9116,-36.3037,47.04419571530583,85.858154296875,2.6861572265625004,NOSE_UP,LEFT_SIDE,True,OK
1789620195.2685375,-20.8008,21.838399999999996,-36.0596,47.00940062753406,85.88562011718751,2.6312255859374982,NOSE_UP,LEFT_SIDE,True,OK
1789620195.3076289,-21.1792,21.4478,-36.0352,46.97980711454657,85.85815429687499,2.504882812500002,NOSE_UP,LEFT_SIDE,True,OK
1789620195.3476737,-20.776399999999995,21.4844,-36.4014,47.09883398004668,85.63842773437499,2.3400878906249982,NOSE_UP,LEFT_SIDE,True,OK
1789620195.3877378,-20.7031,21.3257,-36.5479,47.10788495050483,85.40771484375001,2.274169921875008,NOSE_UP,LEFT_SIDE,True,OK
1789620195.4277246,-20.4346,21.2402,-36.767599999999995,47.12298147358675,85.17700195312499,2.2576904296874973,NOSE_UP,LEFT_SIDE,True,OK
1789620195.467779,-20.7153,21.0938,-36.6455,47.084654854633904,84.979248046875,2.2302246093750004,NOSE_UP,LEFT_SIDE,True,OK
1789620195.5076692,-20.3369,20.9106,-36.8164,46.971161396435576,84.76501464843749,2.208251953125003,NOSE_UP,LEFT_SIDE,True,OK
1789620195.547673,-20.3247,20.6055,-37.0605,47.02298077100175,84.5782470703125,2.1972656249999987,NOSE_UP,LEFT_SIDE,True,OK
1789620195.5877652,-20.349099999999996,20.507799999999996,-37.1338,47.048643275763006,84.40795898437501,2.1972656249999987,NOSE_UP,LEFT_SIDE,True,OK
1789620195.6276913,-20.251499999999997,20.3247,-37.2314,47.00418947604564,84.19921875,2.252197265624992,NOSE_UP,LEFT_SIDE,True,OK
1789620195.6677506,-20.3247,20.4102,-37.1094,46.976347904982994,83.99597167968749,2.3950195312500036,NOSE_UP,LEFT_SIDE,True,OK
1789620195.7076957,-20.1904,20.4346,-37.1582,46.96761604084244,83.96850585937499,2.5817871093749916,NOSE_UP,LEFT_SIDE,True,OK
1789620195.7477484,-20.0439,20.4224,-37.2559,46.97695641247951,83.9849853515625,2.796020507812496,NOSE_UP,LEFT_SIDE,True,OK
1789620195.7876759,-20.0073,20.3369,-37.3535,47.00176078776198,83.90808105468749,3.010253906249998,NOSE_UP,LEFT_SIDE,True,OK
1789620195.8286514,-20.092799999999997,20.092799999999997,-37.2314,46.83607978514,83.85314941406251,3.1585693359375,NOSE_UP,LEFT_SIDE,True,OK
1789620195.8687067,-20.2759,20.495599999999996,-37.1094,46.992438844243864,83.759765625,3.251953125,NOSE_UP,LEFT_SIDE,True,OK
1789620195.9101667,-20.3735,20.752,-37.207,47.2237848467274,83.67736816406249,3.323364257812495,NOSE_UP,LEFT_SIDE,True,OK
1789620195.9486334,-20.214799999999997,20.4468,-37.2559,47.06072517598937,83.6773681640625,3.3728027343749982,NOSE_UP,LEFT_SIDE,True,OK
1789620195.9886417,-19.9341,20.239299999999997,-37.3291,46.909053647563596,83.7158203125,3.422241210937498,NOSE_UP,LEFT_SIDE,True,OK
1789620196.0286808,-19.9219,20.3125,-37.4268,47.01324402867771,83.7322998046875,3.488159179687494,NOSE_UP,LEFT_SIDE,True,OK
1789620196.0688233,-19.677699999999998,20.8252,-37.6221,47.28977945328145,83.73229980468753,3.548583984375,NOSE_UP,LEFT_SIDE,True,OK
1789620196.108613,-19.8975,20.4712,-37.3535,47.013450181198145,83.6773681640625,3.5870361328124996,NOSE_UP,LEFT_SIDE,True,OK
1789620196.1486893,-20.3247,20.0684,-37.2314,46.92559274649602,83.66638183593749,3.5815429687500013,NOSE_UP,LEFT_SIDE,True,OK
1789620196.1886587,-20.2759,20.5322,-37.1582,47.046946605385564,83.82568359374999,3.4991455078124982,NOSE_UP,LEFT_SIDE,True,OK
1789620196.2298968,-20.6665,21.0938,-37.1338,47.44440665800343,84.05090332031251,3.422241210937501,NOSE_UP,LEFT_SIDE,True,OK
1789620196.2687466,-20.8618,20.8618,-36.8896,47.23634179993197,84.1497802734375,3.422241210937504,NOSE_UP,LEFT_SIDE,True,OK
1789620196.3096912,-21.423299999999998,20.5933,-36.743199999999995,47.2557354616347,84.08935546875,3.4826660156250036,NOSE_UP,LEFT_SIDE,True,OK
1789620196.349983,-21.142599999999998,20.8496,-36.8896,47.35565376045399,83.9794921875,3.5375976562500036,NOSE_UP,LEFT_SIDE,True,OK
1789620196.3899312,-21.0938,20.9595,-36.9385,47.42047891934454,83.8531494140625,3.5760498046875053,NOSE_UP,LEFT_SIDE,True,OK
1789620196.4319804,-21.301299999999998,20.6665,-36.9385,47.38462183229913,83.63342285156251,3.5650634765624982,NOSE_UP,LEFT_SIDE,True,OK
1789620196.4707358,-21.3379,20.5811,-36.9629,47.382946616161384,83.56750488281251,3.5266113281250115,NOSE_UP,LEFT_SIDE,True,OK
1789620196.5119846,-21.3257,20.483399999999996,-37.0117,47.373210709640524,83.31481933593751,3.471679687499997,NOSE_UP,LEFT_SIDE,True,OK
1789620196.551956,-21.4355,20.0562,-37.0605,47.27803378885378,83.08410644531247,3.4881591796875004,NOSE_UP,LEFT_SIDE,True,OK
1789620196.5919337,-21.3745,20.092799999999997,-37.1582,47.342599097747055,82.94677734374999,3.5266113281249956,NOSE_UP,LEFT_SIDE,True,OK
1789620196.6320512,-21.3745,19.958499999999997,-37.207,47.32411458759688,82.93579101562499,3.5101318359374973,NOSE_UP,LEFT_SIDE,True,OK
1789620196.6720114,-21.3989,19.9463,-37.207,47.329997400168956,82.81494140625001,3.444213867187503,NOSE_UP,LEFT_SIDE,True,OK
1789620196.7120779,-21.3867,19.7388,-37.3291,47.33363359324952,82.49084472656249,3.4112548828124964,NOSE_UP,LEFT_SIDE,True,OK
1789620196.7528512,-21.4966,19.299299999999995,-37.5,47.33726641928112,82.06237792968749,3.4387207031249973,NOSE_UP,LEFT_SIDE,True,OK
1789620196.7921393,-21.1792,19.104,-37.7441,47.308967579624905,81.59545898437497,3.504638671875005,NOSE_UP,LEFT_SIDE,True,OK
1789620196.8321486,-20.5933,19.0186,-38.0615,47.27016959034524,81.0791015625,3.603515624999999,NOSE_UP,LEFT_SIDE,True,OK
1789620196.871962,-20.752,18.5913,-37.9883,47.11043277852582,80.54077148437501,3.713378906250003,NOSE_UP,LEFT_SIDE,True,OK
1789620196.911929,-20.5811,18.689,-38.3545,47.370117885223806,79.99694824218747,3.7792968750000013,NOSE_UP,LEFT_SIDE,True,OK
1789620196.951969,-20.483399999999996,17.749,-38.501,47.08421898640775,79.398193359375,3.7518310546874987,NOSE_UP,LEFT_SIDE,True,OK
1789620196.9919412,-20.0806,17.334,-38.89159999999999,47.077113366475636,78.73901367187501,3.636474609374997,NOSE_UP,LEFT_SIDE,True,OK
1789620197.032709,-20.3857,16.906699999999997,-39.0869,47.21439421394709,78.10729980468751,3.455200195312506,NOSE_UP,LEFT_SIDE,True,OK
1789620197.0725803,-20.7031,16.748,-39.1357,47.33621096053211,77.420654296875,3.257446289062493,NOSE_UP,LEFT_SIDE,True,OK
1789620197.1120474,-20.6543,16.2109,-39.2578,47.228892090964834,76.69006347656247,3.0487060546875,NOSE_UP,LEFT_SIDE,True,OK
1789620197.1526222,-21.0571,15.1855,-39.3066,47.10636553821575,75.9375,2.8674316406249987,NOSE_UP,LEFT_SIDE,True,OK
1789620197.1943069,-21.2402,14.904799999999998,-39.7217,47.445891391879236,75.17395019531249,2.7191162109375018,NOSE_UP,LEFT_SIDE,True,OK
1789620197.2324116,-21.4478,14.758299999999998,-40.08789999999999,47.80015972923103,74.41589355468751,2.6312255859375013,NOSE_UP,LEFT_SIDE,True,OK
1789620197.2725604,-21.704099999999997,14.1846,-39.8438,47.537345660122845,73.66882324218751,2.6037597656249996,NOSE_UP,LEFT_SIDE,True,OK
1789620197.3125277,-21.875,13.830599999999999,-39.8926,47.552293910178506,72.8997802734375,2.5927734375000018,NOSE_UP,LEFT_SIDE,True,OK
1789620197.3525345,-21.960399999999996,13.1348,-40.08789999999999,47.558615051428895,72.1417236328125,2.5872802734375018,NOSE_UP,LEFT_SIDE,True,OK
1789620197.3937082,-21.6675,13.1348,-40.69819999999999,47.94107852906523,71.5155029296875,2.5982666015625013,NOSE_UP,LEFT_SIDE,True,OK
1789620197.4337103,-21.9849,12.371799999999999,-40.5762,47.77892076732165,71.26281738281249,2.614746093749997,NOSE_UP,LEFT_SIDE,True,OK
1789620197.4736888,-22.1069,12.4207,-40.4785,47.765026728245424,70.91674804687503,2.658691406250002,NOSE_UP,LEFT_SIDE,True,OK
1789620197.5136387,-22.3145,12.445099999999998,-40.2344,47.66156069223919,71.0980224609375,2.6971435546875018,NOSE_UP,LEFT_SIDE,True,OK
1789620197.5536659,-22.2656,12.8174,-40.332,47.819587096920856,71.52099609374999,2.735595703124999,NOSE_UP,LEFT_SIDE,True,OK
1789620197.5936792,-22.2656,13.024899999999999,-40.2832,47.834518557313814,72.1142578125,2.8179931640625058,NOSE_UP,LEFT_SIDE,True,OK
1789620197.6337025,-22.1436,13.4399,-40.2344,47.851613100605086,72.861328125,2.9333496093750004,NOSE_UP,LEFT_SIDE,True,OK
1789620197.673701,-21.5698,14.3921,-40.3076,47.92798172477118,73.6688232421875,3.142089843749996,NOSE_UP,LEFT_SIDE,True,OK
1789620197.715667,-21.4844,14.5142,-40.0146,47.68028584394184,74.58068847656253,3.422241210937504,NOSE_UP,LEFT_SIDE,True,OK
1789620197.7536948,-20.764199999999995,15.1367,-40.03909999999999,47.57521641926602,75.47607421875,3.696899414062504,NOSE_UP,LEFT_SIDE,True,OK
1789620197.7940452,-20.227099999999997,15.7593,-39.916999999999994,47.443208153538684,76.26159667968753,3.922119140625007,NOSE_UP,LEFT_SIDE,True,OK
1789620197.837389,-19.458,16.381799999999995,-39.941399999999994,47.35285175361669,76.92626953125001,4.048461914062505,NOSE_UP,LEFT_SIDE,True,OK
1789620197.8756561,-19.567899999999998,16.503899999999998,-39.7461,47.27614505043743,77.4810791015625,4.0979003906250036,NOSE_UP,LEFT_SIDE,True,OK
1789620197.9157794,-19.811999999999998,16.6626,-39.4775,47.20837414071787,77.94799804687499,4.059448242187503,NOSE_UP,LEFT_SIDE,True,OK
1789620197.9556694,-19.580099999999998,17.187499999999996,-39.4531,47.279356720137386,78.37646484375001,3.955078125000008,NOSE_UP,LEFT_SIDE,True,OK
1789620197.995714,-19.4702,17.4805,-39.2334,47.15841646885527,78.79943847656251,3.856201171874999,NOSE_UP,LEFT_SIDE,True,OK
1789620198.0359426,-19.9829,17.700199999999995,-39.0625,47.31270737021926,79.189453125,3.7518310546874987,NOSE_UP,LEFT_SIDE,True,OK
1789620198.0756528,-20.3247,18.042,-38.98929999999999,47.52654740857997,79.51904296875,3.669433593750005,NOSE_UP,LEFT_SIDE,True,OK
1789620198.1149244,-20.3369,18.0054,-38.745099999999994,47.317720832474585,79.80468750000001,3.6694335937500018,NOSE_UP,LEFT_SIDE,True,OK
1789620198.1568043,-19.873,18.4448,-38.7695,47.30983942363364,80.04089355468751,3.7133789062499907,NOSE_UP,LEFT_SIDE,True,OK
1789620198.1956851,-20.1904,18.4326,-38.6719,47.35956972492466,80.23864746093749,3.7847900390624956,NOSE_UP,LEFT_SIDE,True,OK
1789620198.2389753,-20.0439,18.8721,-38.8184,47.589728557536446,80.39794921875001,3.8836669921874956,NOSE_UP,LEFT_SIDE,True,OK
1789620198.2756772,-19.9341,18.6646,-38.6719,47.341857648174305,80.54077148437499,3.9715576171874987,NOSE_UP,LEFT_SIDE,True,OK
1789620198.3156824,-19.7998,18.6523,-38.59859999999999,47.220676586533564,80.63415527343751,4.010009765624998,NOSE_UP,LEFT_SIDE,True,OK
1789620198.3556762,-19.7388,18.774399999999996,-38.720699999999994,47.34333035697847,80.67260742187499,3.993530273437498,NOSE_UP,LEFT_SIDE,True,OK
1789620198.395678,-19.689899999999998,18.8232,-38.6963,47.322390619452015,80.6561279296875,3.933105468749997,NOSE_UP,LEFT_SIDE,True,OK
1789620198.4387496,-19.7266,18.762199999999996,-38.720699999999994,47.33340791544593,80.606689453125,3.817749023437502,NOSE_UP,LEFT_SIDE,True,OK
1789620198.4767516,-19.873,18.6646,-38.5498,47.21642195465471,80.56823730468751,3.7078857421874956,NOSE_UP,LEFT_SIDE,True,OK
1789620198.516708,-19.836399999999998,18.9453,-38.5498,47.31272806645163,80.5462646484375,3.619995117187503,NOSE_UP,LEFT_SIDE,True,OK
1789620198.556688,-19.8608,18.8232,-38.57419999999999,47.29411316982272,80.50781250000001,3.5705566406250013,NOSE_UP,LEFT_SIDE,True,OK
1789620198.5968869,-19.873,18.6646,-38.720699999999994,47.356055902598136,80.452880859375,3.598022460937503,NOSE_UP,LEFT_SIDE,True,OK
1789620198.6396482,-19.8486,18.5547,-38.8184,47.38261276681563,80.37048339843751,3.7078857421875018,NOSE_UP,LEFT_SIDE,True,OK
1789620198.6787245,-19.6411,18.7988,-38.8428,47.41234862870642,80.23315429687499,3.9056396484374956,NOSE_UP,LEFT_SIDE,True,OK
1789620198.7186964,-19.4946,18.5669,-38.8428,47.26026149536204,80.04089355468751,4.147338867187497,NOSE_UP,LEFT_SIDE,True,OK
1789620198.7586954,-19.3481,18.0176,-38.8428,46.986657629693134,79.716796875,4.432983398437498,NOSE_UP,LEFT_SIDE,True,OK
1789620198.800603,-18.9697,18.0176,-39.3555,47.25821418653058,79.21142578124999,4.713134765625,NOSE_UP,LEFT_SIDE,True,OK
1789620198.838715,-18.1396,17.7856,-39.81929999999999,47.23292610044395,78.48083496093749,4.982299804687501,NOSE_UP,LEFT_SIDE,True,OK
1789620198.878681,-18.0054,16.9189,-40.1123,47.110935223788545,77.354736328125,5.311889648437503,NOSE_UP,LEFT_SIDE,True,OK
1789620198.918699,-17.431599999999996,15.5273,-40.4785,46.72757950183168,75.75073242187501,5.767822265625,NOSE_UP,LEFT_SIDE,True,OK
1789620198.9586878,-16.4062,14.5386,-41.3086,46.764673872058594,73.77868652343751,6.372070312499998,NOSE_UP,LEFT_SIDE,True,OK
1789620198.9987411,-15.332,13.1348,-42.2607,46.835456222076026,71.4715576171875,6.9982910156250036,NOSE_UP,LEFT_SIDE,True,OK
1789620199.0387475,-15.1245,11.1328,-42.7002,46.64758103192491,68.89526367187499,7.624511718749999,NOSE_UP,LEFT_SIDE,True,OK
1789620199.0787036,-14.6851,8.75854,-43.1396,46.404625557174796,66.170654296875,8.3001708984375,NOSE_UP,LEFT_SIDE,True,OK
1789620199.1187193,-14.147899999999998,6.92749,-43.5791,46.338872978527434,63.32519531249999,8.997802734375002,NOSE_UP,LEFT_SIDE,True,OK
1789620199.158698,-13.4888,4.91638,-43.8965,46.18464279383787,60.37536621093751,9.651489257812504,NOSE_UP,LEFT_SIDE,True,OK
1789620199.1986687,-13.830599999999999,2.79999,-44.14059999999999,46.34132074855117,57.42553710937499,10.266723632812496,NOSE_UP,LEFT_SIDE,True,OK
1789620199.2418358,-13.903799999999999,0.671005,-44.2383,46.37664378801063,54.56909179687499,10.816040039062496,NOSE_UP,TRANSITION,True,OK
1789620199.2786818,-14.147899999999998,-1.18332,-44.1895,46.414170582726136,51.89941406249999,11.304931640625,NOSE_UP,TRANSITION,True,OK
1789620199.3187592,-14.025899999999998,-3.21655,-44.1162,46.403783974504705,49.35058593750002,11.892700195312504,NOSE_UP,TRANSITION,True,OK
1789620199.3587177,-14.0503,-4.635619999999999,-44.0186,46.43852978760633,46.8896484375,12.568359375,NOSE_UP,TRANSITION,True,OK
1789620199.3986893,-14.0015,-6.143189999999999,-43.75,46.34483019308734,44.483642578125,13.2275390625,NOSE_UP,TRANSITION,True,OK
1789620199.4388585,-13.8794,-7.51343,-43.53029999999999,46.303092691686366,42.1051025390625,13.903198242187496,NOSE_UP,TRANSITION,True,OK
1789620199.4788733,-13.696299999999999,-9.198,-43.26169999999999,46.300826391977054,39.75952148437499,14.683227539062498,NOSE_UP,TRANSITION,True,OK
1789620199.5186977,-13.2446,-10.717799999999999,-42.8223,46.0873089178572,37.4359130859375,15.573120117187504,NOSE_UP,TRANSITION,True,OK
1789620199.5587971,-12.756299999999998,-12.2559,-42.4316,45.9714145209825,35.18371582031249,16.550903320312496,NOSE_UP,TRANSITION,True,OK
1789620199.5987177,-12.4207,-13.4033,-41.9922,45.79592886076228,34.090576171875,17.056274414062493,NOSE_UP,LEVEL,True,OK
1789620199.639014,-12.042199999999998,-14.746099999999998,-41.5527,45.706552302049644,30.8935546875,18.533935546875,NOSE_UP,LEVEL,True,OK
1789620199.6787374,-11.554,-15.9302,-41.113299999999995,45.580364466840315,28.872070312500004,19.4622802734375,NOSE_UP,LEVEL,True,OK
1789620199.7186775,-11.303699999999997,-17.2852,-40.4541,45.42120627570342,26.911010742187507,20.313720703125,NOSE_UP,LEVEL,True,OK
1789620199.7587824,-11.175499999999998,-18.3594,-39.648399999999995,45.09939014188551,25.070800781250004,21.280517578125004,NOSE_UP,LEVEL,True,OK
1789620199.8004224,-10.7605,-19.0186,-39.4287,45.07901828900004,23.3294677734375,22.417602539062496,NOSE_UP,LEVEL,True,OK
1789620199.8397243,-10.1013,-20.0317,-38.9648,44.961771602329016,21.555175781250007,23.59313964843751,NOSE_UP,LEVEL,True,OK
1789620199.8787365,-9.826659999999999,-20.9961,-38.2568,44.732339623650354,19.747924804687504,24.91699218750001,NOSE_UP,LEVEL,True,OK
1789620199.9187052,-9.826659999999999,-21.838399999999996,-37.5,44.494145247612074,17.775878906249996,26.378173828125004,NOSE_UP,LEVEL,True,OK
1789620199.9587538,-8.953859999999999,-22.7783,-37.0605,44.412872233617136,15.688476562500002,27.894287109375007,NOSE_UP,LEVEL,True,OK
1789620199.9986763,-8.00171,-23.7305,-36.377,44.16390066755992,13.5186767578125,29.437866210937496,NOSE_UP,LEVEL,True,OK
1789620200.0388029,-7.922359999999999,-24.743699999999997,-35.571299999999994,44.04919819190356,11.40380859375,31.107788085937504,NOSE_UP,LEVEL,True,OK
1789620200.082164,-7.51343,-25.7568,-34.2529,43.51006245703285,8.316650390624998,33.82690429687499,NOSE_UP,LEVEL,True,OK
1789620200.1197667,-6.628419999999999,-26.2695,-33.6426,43.19545250030841,7.448730468749997,34.68933105468751,NOSE_UP,LEVEL,True,OK
1789620200.1603713,-5.657959999999999,-26.8066,-33.032199999999996,42.9154115879319,6.190795898437499,36.09008789062499,NOSE_UP,TRANSITION,True,OK
1789620200.1997461,-5.871579999999999,-27.0752,-32.88569999999999,43.000129897785186,5.278930664062498,37.04040527343749,NOSE_UP,TRANSITION,True,OK
1789620200.239691,-5.819699999999999,-27.4414,-32.6172,43.02070522306671,4.427490234375003,37.979736328125,NOSE_UP,TRANSITION,True,OK
1789620200.2797208,-5.14221,-27.5635,-32.1533,42.66173410474661,3.8946533203125,39.1387939453125,NOSE_UP,TRANSITION,True,OK
1789620200.3200207,-4.88892,-27.5635,-31.8359,42.39307254524494,3.532104492187499,39.979248046874986,NOSE_UP,TRANSITION,True,OK
1789620200.3599684,-4.87976,-27.661099999999998,-31.7871,42.41896082269814,3.1311035156249973,40.36376953124999,NOSE_UP,TRANSITION,True,OK
1789620200.3997161,-4.9469,-27.71,-31.7871,42.45863452844427,2.7850341796874987,40.5340576171875,NOSE_UP,TRANSITION,True,OK
1789620200.4397,-5.126949999999999,-28.0029,-31.7627,42.65345397505928,2.103881835937499,40.808715820312486,NOSE_UP,TRANSITION,True,OK
1789620200.4797378,-4.965209999999999,-28.076199999999996,-31.396499999999996,42.41068885356732,1.4282226562499996,41.3690185546875,NOSE_UP,TRANSITION,True,OK
1789620200.5198004,-4.87976,-28.076199999999996,-31.103499999999997,42.184271670227986,0.7305908203124947,42.1490478515625,NOSE_UP,TRANSITION,True,OK
1789620200.559811,-4.50745,-28.2715,-30.932600000000004,42.14760444571554,0.19226074218749722,43.22021484375,NOSE_UP,TRANSITION,True,OK
1789620200.5996919,-3.5675,-28.418,-30.468799999999998,41.81695294602417,-0.16479492187499714,45.13183593750001,NOSE_UP,TRANSITION,True,OK
1789620200.6396692,-2.3467999999999996,-28.735399999999995,-30.127,41.69972197029615,-1.0876464843750042,48.03771972656251,NOSE_UP,TRANSITION,True,OK
1789620200.67976,-1.1512799999999999,-28.6865,-29.3213,41.036317592815266,-1.9830322265625033,51.59179687499998,NOSE_UP,TRANSITION,True,OK
1789620200.7199886,1.21307,-28.6621,-28.1006,40.15758005152825,-2.807006835937494,55.6072998046875,NOSE_UP,NOSE_UP,True,OK
1789620200.7597342,2.83051,-28.6621,-27.0996,39.54637889150029,-3.751831054687496,59.67773437499999,NOSE_UP,NOSE_UP,True,OK
1789620200.8009605,4.54712,-28.6865,-25.9521,38.9500074063459,-4.7790527343749964,63.29223632812497,NOSE_UP,NOSE_UP,True,OK
1789620200.8413756,6.143189999999999,-28.979499999999998,-24.7925,38.62924099534056,-5.8447265624999885,66.29699707031247,NOSE_UP,NOSE_UP,True,OK
1789620200.8807187,7.18994,-28.9307,-23.681599999999996,38.0722841218333,-7.124633789062494,68.75244140624996,NOSE_UP,NOSE_UP,True,OK
1789620200.9206803,7.89795,-28.857399999999995,-23.1079,37.80346798076203,-8.074951171874993,70.6146240234375,NOSE_UP,NOSE_UP,True,OK
1789620200.9606953,8.34961,-28.9062,-22.619599999999995,37.64213981367291,-8.55285644531249,71.98791503906249,NOSE_UP,NOSE_UP,True,OK
1789620201.0007172,8.84399,-28.735399999999995,-22.2656,37.41251549468573,-8.640747070312523,73.1744384765625,NOSE_UP,NOSE_UP,True,OK
1789620201.0407355,9.375,-28.6377,-21.9116,37.25757239609151,-8.49243164062501,74.41589355468756,NOSE_UP,NOSE_UP,True,OK
1789620201.080741,9.75342,-28.3447,-21.6309,36.96548463900345,-8.333129882812495,75.88256835937504,NOSE_UP,NOSE_UP,True,OK
1789620201.1207302,10.571299999999999,-28.2715,-20.886199999999995,36.70508747271963,-8.646240234375004,77.50305175781249,NOSE_UP,NOSE_UP,True,OK
1789620201.1607316,10.9863,-28.2227,-20.3247,36.473456280835244,-9.569091796874975,78.94226074218746,NOSE_UP,NOSE_UP,True,OK
1789620201.20071,11.3342,-28.173799999999996,-19.8853,36.29948005371427,-10.640258789062532,79.8486328125001,NOSE_UP,NOSE_UP,True,OK
1789620201.240713,11.303699999999997,-28.173799999999996,-19.8608,36.2765491298442,-11.711425781250034,80.24414062500009,NOSE_UP,NOSE_UP,True,OK
1789620201.2806983,11.261,-28.173799999999996,-19.9463,36.31016401959649,-13.172607421874947,80.27709960937491,NOSE_UP,NOSE_UP,True,OK
1789620201.3220813,11.248799999999997,-28.125,-20.2759,36.45083328608552,-14.08447265625004,79.99145507812496,NOSE_UP,NOSE_UP,True,OK
1789620201.3625784,11.2244,-28.125,-20.459,36.545498510213264,-14.732666015624934,80.23864746093746,NOSE_UP,NOSE_UP,True,OK
1789620201.4021044,11.6028,-28.051799999999997,-20.214799999999997,36.47144897203838,-16.243286132812514,80.95275878906251,NOSE_UP,NOSE_UP,True,OK
1789620201.4425294,11.6638,-28.051799999999997,-20.0684,36.41000401318297,-18.16589355468747,81.82067871093753,NOSE_UP,NOSE_UP,True,OK
1789620201.4829948,11.8713,-27.8564,-19.811999999999998,36.18593827234552,-19.835815429687553,82.67211914062503,NOSE_UP,NOSE_UP,True,OK
1789620201.5225303,11.5662,-27.5635,-19.8853,35.90193129596234,-21.461791992187415,83.50708007812494,NOSE_UP,NOSE_UP,True,OK
1789620201.5628572,12.1887,-27.71,-19.567899999999998,36.04595980272963,-23.170166015624954,84.10034179687494,NOSE_UP,NOSE_UP,True,OK
1789620201.60252,12.756299999999998,-27.539099999999998,-19.458,36.0518929114686,-24.180908203125004,84.44091796875011,NOSE_UP,NOSE_UP,True,OK
1789620201.6425285,12.5122,-27.246099999999995,-19.9463,36.010553977132865,-26.05407714843762,84.7540283203126,NOSE_UP,NOSE_UP,True,OK
1789620201.6825738,12.103299999999999,-26.855499999999996,-20.1416,35.68461575665345,-29.558715820312557,85.0726318359376,NOSE_UP,NOSE_UP,True,OK
1789620201.7234156,12.5366,-26.6357,-20.239299999999997,35.72472699041939,-33.10729980468753,85.3912353515626,NOSE_UP,NOSE_UP,True,OK
1789620201.7639644,13.0127,-26.416,-20.617699999999996,35.947530799486074,-34.19494628906261,85.53405761718778,NOSE_UP,NOSE_UP,True,OK
1789620201.8056934,12.634299999999998,-25.805699999999998,-21.6553,35.97932332701659,-32.1240234374999,85.66589355468753,NOSE_UP,NOSE_UP,True,OK
1789620201.845694,12.249799999999999,-25.1953,-22.9492,36.21500411114156,-27.119750976562614,85.49560546875007,NOSE_UP,NOSE_UP,True,OK
1789620201.8857095,12.793,-24.6338,-24.0356,36.71777524306177,-16.41906738281243,84.75402832031239,NOSE_UP,NOSE_UP,True,OK
1789620201.9257314,12.915,-23.3276,-25.7568,37.072724380600896,-2.570800781249948,83.30383300781244,NOSE_UP,NOSE_UP,True,OK
1789620201.9656987,12.902799999999997,-21.972699999999996,-27.8809,37.770707935382944,2.7575683593749964,81.32080078124991,NOSE_UP,NOSE_UP,True,OK
1789620202.0057025,11.8774,-20.0195,-30.542,38.40139027444189,4.899902343749986,79.57397460937494,NOSE_UP,NOSE_UP,True,OK
1789620202.0457208,11.8225,-19.299299999999995,-32.1533,39.32008631259601,4.993286132812501,78.8104248046875,NOSE_UP,NOSE_UP,True,OK
1789620202.085705,11.505099999999999,-18.0298,-33.276399999999995,39.55704502373755,4.976806640625018,78.75,NOSE_UP,NOSE_UP,True,OK
1789620202.1280205,11.4075,-17.0288,-33.7646,39.498851867491034,4.82299804687501,78.95324707031251,NOSE_UP,NOSE_UP,True,OK
1789620202.1656828,11.4075,-16.1011,-34.3994,39.657221256916124,3.466186523437491,78.86535644531246,NOSE_UP,NOSE_UP,True,OK
1789620202.2056296,11.2244,-14.917,-35.13179999999999,39.783758188486914,3.8891601562499702,78.87634277343747,NOSE_UP,NOSE_UP,True,OK
1789620202.2457001,11.163299999999998,-13.7451,-36.0107,40.12876219608574,6.405029296874965,78.6676025390624,NOSE_UP,NOSE_UP,True,OK
1789620202.2856908,11.2,-12.4084,-36.450199999999995,40.100192899785405,9.909667968749982,78.62365722656249,NOSE_UP,NOSE_UP,True,OK
1789620202.3257887,11.4563,-10.711699999999999,-36.767599999999995,39.973037617123865,14.122924804687532,79.05761718750006,NOSE_UP,NOSE_UP,True,OK
1789620202.3656478,11.9629,-9.05762,-36.8164,39.75674490491394,18.00109863281252,79.99694824218753,NOSE_UP,NOSE_UP,True,OK
1789620202.4056706,12.5366,-7.6415999999999995,-37.0361,39.84009404268519,20.895996093749993,80.0244140625,NOSE_UP,NOSE_UP,True,OK
1789620202.445695,12.499999999999998,-6.518549999999999,-37.915,40.45106573506438,21.324462890625025,78.65112304687501,NOSE_UP,NOSE_UP,True,OK
1789620202.4857187,12.207,-4.82788,-38.745099999999994,40.90845937339122,22.357177734374993,77.92602539062503,NOSE_UP,NOSE_UP,True,OK
1789620202.525779,11.9385,-2.96936,-38.89159999999999,40.790947912736705,25.867309570312496,78.26660156250001,NOSE_UP,NOSE_UP,True,OK
1789620202.5657084,12.915,-1.5602099999999999,-38.98929999999999,41.10227481215729,29.558715820312557,78.60717773437504,NOSE_UP,NOSE_UP,True,OK
1789620202.6056166,13.147,0.248909,-39.0381,41.19318895521784,32.915039062499964,78.83239746093744,NOSE_UP,NOSE_UP,True,OK
1789620202.6457024,12.6587,2.15149,-39.0381,41.095557503458934,35.01342773437501,78.71704101562503,NOSE_UP,NOSE_UP,True,OK
1789620202.6857822,11.4868,3.84827,-39.2578,41.08443278265991,32.40966796875003,77.62939453125,NOSE_UP,NOSE_UP,True,OK
1789620202.7261243,10.577399999999999,5.1330599999999995,-40.03909999999999,41.729596505760746,29.932250976562447,76.23413085937494,NOSE_UP,NOSE_UP,True,OK
1789620202.7664135,10.2661,6.15234,-40.2588,42.00017945349281,30.1519775390625,76.17370605468747,NOSE_UP,NOSE_UP,True,OK
1789620202.8056893,10.0403,7.17163,-39.648399999999995,41.523915079227535,32.88208007812503,77.17346191406251,NOSE_UP,NOSE_UP,True,OK
1789620202.8457375,10.186799999999998,7.757569999999999,-39.01369999999999,41.06116869056334,36.441650390625036,78.33251953125006,NOSE_UP,NOSE_UP,True,OK
1789620202.8857865,11.2854,7.77588,-38.452099999999994,40.82142277462165,39.797973632812564,79.66735839843751,NOSE_UP,NOSE_UP,True,OK
1789620202.926805,12.1948,7.592769999999999,-37.8906,40.5223502733109,42.231445312500014,80.936279296875,NOSE_UP,NOSE_UP,True,OK
1789620202.966747,12.3474,7.672119999999999,-37.40229999999999,40.12794235123948,42.791748046874936,81.8865966796874,NOSE_UP,NOSE_UP,True,OK
1789620203.0066059,12.1948,7.904049999999999,-37.0361,39.78517131611349,43.170776367187514,82.46337890625003,NOSE_UP,NOSE_UP,True,OK
1789620203.0466616,12.646499999999998,7.77588,-36.9385,39.81018782013468,43.48937988281253,82.80395507812506,NOSE_UP,NOSE_UP,True,OK
1789620203.0867188,12.7197,7.78809,-36.8408,39.745309894100714,43.37951660156252,82.97973632812496,NOSE_UP,NOSE_UP,True,OK
1789620203.1267169,12.841799999999997,7.672119999999999,-36.8896,39.807233522243166,42.35778808593739,82.92480468749989,NOSE_UP,NOSE_UP,True,OK
1789620203.1667569,12.5244,8.00171,-36.9629,39.83897507082856,42.99499511718755,82.69409179687504,NOSE_UP,NOSE_UP,True,OK
1789620203.207659,12.445099999999998,8.47168,-36.8652,39.82075899668915,45.03845214843748,82.29309082031243,NOSE_UP,NOSE_UP,True,OK
1789620203.2477248,12.4207,8.83789,-36.792,39.82503423905747,46.76879882812491,82.29309082031243,NOSE_UP,NOSE_UP,True,OK
1789620203.2878456,11.9934,9.375,-36.5723,39.61395455959932,46.87316894531252,82.53479003906253,NOSE_UP,NOSE_UP,True,OK
1789620203.3277192,12.304699999999999,9.81445,-36.2549,39.52400340176207,46.735839843750156,82.89184570312511,NOSE_UP,NOSE_UP,True,OK
1789620203.3677008,12.1399,10.113499999999998,-36.1328,39.43652228708815,44.49462890625,82.92480468749994,NOSE_UP,NOSE_UP,True,OK
1789620203.4081218,11.975099999999998,10.26,-36.181599999999996,39.46870657330944,40.336303710937415,82.90283203124991,NOSE_UP,NOSE_UP,True,OK
1789620203.4477751,11.7859,9.80225,-36.6943,39.76761491920907,30.377197265625007,82.95776367187497,NOSE_UP,NOSE_UP,True,OK
1789620203.4877028,11.700399999999998,9.84497,-36.5479,39.61782160683371,15.820312499999996,83.28186035156256,NOSE_UP,NOSE_UP,True,OK
1789620203.5277705,11.8225,10.0403,-36.1328,39.321220303800345,0.4998779296874825,83.3477783203125,NOSE_UP,NOSE_UP,True,OK
1789620203.5677133,11.6821,10.6262,-35.8887,39.20951892767877,-6.300659179687498,82.95776367187497,NOSE_UP,NOSE_UP,True,OK
1789620203.6076565,11.4807,11.4929,-35.69339999999999,39.216221470967845,-6.328124999999991,82.69958496093749,NOSE_UP,NOSE_UP,True,OK
1789620203.6477768,11.731,12.4207,-35.3271,39.241484985917644,-5.482177734374984,82.80944824218737,NOSE_UP,NOSE_UP,True,OK
1789620203.687774,11.4685,14.0747,-34.3018,38.81027126393218,-5.663452148437499,83.02917480468757,NOSE_UP,NOSE_UP,True,OK
1789620203.7287352,12.0117,15.234399999999999,-33.3984,38.624098731362004,-7.630004882812474,83.22143554687494,NOSE_UP,NOSE_UP,True,OK
1789620203.7687879,12.560999999999998,16.6992,-31.933599999999995,38.162767334143886,-13.826293945312484,84.05090332031244,NOSE_UP,NOSE_UP,True,OK
1789620203.808706,13.159199999999998,18.0786,-29.9316,37.36175853944779,-27.125244140625075,85.02319335937513,NOSE_UP,NOSE_UP,True,OK
1789620203.848688,14.025899999999998,18.7988,-28.1494,36.64027118635996,-45.3680419921875,85.52307128906249,NOSE_UP,NOSE_UP,True,OK
1789620203.8886855,14.7339,19.3726,-26.489299999999997,35.97316297547381,-65.01159667968747,85.49011230468744,NOSE_UP,TRANSITION,True,OK
1789620203.9287019,15.466300000000002,20.0317,-24.096699999999995,34.94461892008553,-74.08630371093741,85.25939941406239,NOSE_UP,TRANSITION,True,OK
1789620203.9686925,16.1499,20.251499999999997,-22.4121,34.25266046119629,-87.26989746093744,84.36950683593733,NOSE_UP,TRANSITION,True,OK
1789620204.0086854,16.6626,20.251499999999997,-21.0938,33.65581509115475,-94.96032714843764,82.6116943359376,NOSE_UP,TRANSITION,True,OK
1789620204.0487015,17.1143,19.9097,-20.3857,33.23961767334276,-96.27319335937494,81.44714355468754,NOSE_UP,TRANSITION,True,OK
1789620204.087936,17.2607,19.9463,-19.189499999999995,32.61937397360654,-95.94360351562494,80.51330566406249,NOSE_UP,TRANSITION,True,OK
1789620204.129796,17.5049,20.0073,-18.4692,32.37012397165015,-95.67443847656259,79.9969482421876,NOSE_UP,TRANSITION,True,OK
1789620204.170098,17.4683,20.3735,-17.6514,32.12153372894887,-94.62524414062503,79.881591796875,NOSE_UP,TRANSITION,True,OK
1789620204.2097292,17.6392,20.5444,-17.3462,32.15749372137076,-92.90588378906251,80.11779785156249,NOSE_UP,TRANSITION,True,OK
1789620204.2497344,16.98,21.3745,-16.503899999999998,31.899347414328084,-90.74707031250003,80.78796386718756,NOSE_UP,TRANSITION,True,OK
1789620204.2887213,16.1621,22.3022,-15.9058,31.805598169033072,-86.76452636718744,81.92504882812493,NOSE_UP,TRANSITION,True,OK
1789620204.3297908,15.441899999999999,23.266599999999997,-15.734899999999998,32.05267585054327,-78.3929443359375,83.43017578125001,NOSE_UP,TRANSITION,True,OK
1789620204.3687363,15.087899999999998,24.1333,-15.3564,32.34006673246052,-64.09973144531247,85.04516601562489,NOSE_UP,TRANSITION,True,OK
1789620204.408621,13.952599999999999,25.292999999999996,-13.635299999999999,31.94264080895629,-50.059204101562464,86.4239501953125,NOSE_UP,NOSE_UP,True,OK
1789620204.4486697,13.110399999999998,25.9033,-11.8042,31.340112901679216,-44.27490234374972,87.38525390624967,NOSE_UP,NOSE_UP,True,OK
1789620204.4889202,13.208,26.1719,-9.722899999999997,30.886152204831212,-43.599243164062536,87.77526855468729,NOSE_UP,NOSE_UP,True,OK
1789620204.5306935,13.696299999999999,25.927699999999998,-8.18481,30.44380685321893,-47.103881835937415,87.8741455078125,NOSE_UP,NOSE_UP,True,OK
1789620204.5707643,13.232399999999998,25.927699999999998,-6.030269999999999,29.72719619006979,-49.84497070312519,87.8741455078125,NOSE_UP,NOSE_UP,True,OK
1789620204.6106484,12.902799999999997,25.659199999999995,-4.19006,29.024703190275687,-48.746337890624666,88.00048828124973,NOSE_UP,NOSE_UP,True,OK
1789620204.6507816,12.768599999999998,25.1221,-1.5670799999999998,28.22432982546087,-52.15759277343775,88.37402343750026,NOSE_UP,NOSE_UP,True,OK
1789620204.690734,13.024899999999999,24.3774,1.22223,27.66585435049675,-77.99194335937523,88.87390136718784,NOSE_UP,TRANSITION,True,OK
1789620204.7307236,12.219199999999999,23.23,3.84521,26.527860610763547,-119.08630371093662,88.78051757812426,NOSE_UP,TRANSITION,True,OK
1789620204.77088,11.8774,21.691899999999997,6.47583,25.564575696829,-136.22497558593795,88.29711914062523,NOSE_UP,TRANSITION,True,OK
1789620204.8108108,11.7126,20.349099999999996,8.35571,24.92165241660552,-136.9775390625,87.74230957031227,NOSE_UP,TRANSITION,True,OK
1789620204.852219,11.5234,18.1396,10.4675,23.90402459775341,-127.00744628906249,87.13806152343759,NOSE_UP,TRANSITION,True,OK
1789620204.8920588,11.4136,16.272,11.8469,23.138653560006468,-119.10278320312483,86.88537597656237,NOSE_UP,TRANSITION,True,OK
1789620204.9319706,11.3342,14.477499999999997,13.1836,22.624531041548682,-116.28479003906213,86.66564941406217,NOSE_UP,TRANSITION,True,OK
1789620204.972001,11.1572,13.1836,14.3066,22.426975372528503,-117.6635742187502,86.54479980468767,NOSE_UP,TRANSITION,True,OK
1789620205.0123563,10.906999999999998,11.6516,15.319799999999999,22.122809577447434,-119.60266113281274,86.67663574218771,NOSE_UP,TRANSITION,True,OK
1789620205.0519965,10.717799999999999,10.022,15.9058,21.64038341804507,-121.87683105468761,86.91833496093756,NOSE_UP,TRANSITION,True,OK
1789620205.0921202,10.5957,8.593749999999998,16.5283,21.43142782090125,-124.09057617187489,87.03369140624982,NOSE_UP,TRANSITION,True,OK
1789620205.1319747,10.436999999999998,7.373049999999999,16.9922,21.26094297397225,-128.682861328125,86.96777343749994,NOSE_UP,TRANSITION,True,OK
1789620205.1720743,10.083,6.2561,17.749,21.350238340824205,-136.25244140625009,86.65466308593766,NOSE_UP,TRANSITION,True,OK
1789620205.2119966,9.820559999999999,4.91638,18.249499999999998,21.299259171811585,-139.669189453125,86.20971679687504,NOSE_UP,TRANSITION,True,OK
1789620205.252339,9.24072,2.61688,18.6646,20.990623149701868,-139.13635253906264,85.67687988281264,NOSE_UP,TRANSITION,True,OK
1789620205.2919977,9.13086,0.706482,18.8843,20.987818077301984,-134.8022460937502,85.10559082031277,NOSE_UP,TRANSITION,True,OK
1789620205.332576,8.92334,-1.28479,18.9575,20.99198628881269,-128.79272460937509,84.62768554687507,NOSE_UP,TRANSITION,True,OK
1789620205.3725758,9.29565,-2.4353,19.1772,21.450053492998567,-122.244873046875,84.27612304687497,NOSE_UP,TRANSITION,True,OK
1789620205.4125557,8.71582,-4.57764,19.042999999999996,21.437260908101106,-116.01013183593757,83.96301269531263,NOSE_UP,TRANSITION,True,OK
1789620205.4526753,8.1665,-7.23877,18.5547,21.525993715805548,-110.78063964843749,83.66088867187494,NOSE_UP,TRANSITION,True,OK
1789620205.4925597,8.5022,-9.46655,18.0054,22.047616717062642,-106.9024658203124,83.4576416015624,NOSE_UP,TRANSITION,True,OK
1789620205.53256,8.642579999999999,-11.3953,17.578099999999996,22.66134706402953,-105.5895996093751,83.10058593750011,NOSE_UP,TRANSITION,True,OK
1789620205.5726645,7.96509,-13.4521,17.1631,23.21580613995775,-105.35339355468756,82.50183105468744,NOSE_UP,TRANSITION,True,OK
1789620205.6126814,7.41577,-15.5029,16.5283,23.84362082387866,-105.87524414062517,81.95251464843761,NOSE_UP,TRANSITION,True,OK
1789620205.652704,7.055659999999999,-17.8345,15.454099999999999,24.630893915885387,-105.73242187499999,81.72180175781254,NOSE_UP,TRANSITION,True,OK
1789620205.69259,7.4890099999999995,-19.5435,14.4043,25.407036850449522,-105.0787353515626,81.6064453125001,NOSE_UP,TRANSITION,True,OK
1789620205.7326057,6.83594,-21.3257,13.2568,26.024186873245437,-103.99108886718737,81.34277343749999,NOSE_UP,TRANSITION,True,OK
1789620205.7729573,6.82373,-23.034699999999997,12.0117,26.859665524590955,-101.22802734375,81.09558105468746,NOSE_UP,TRANSITION,True,OK
1789620205.8126087,6.5979,-24.755899999999997,10.1746,27.56645342404423,-96.40502929687501,81.40319824218749,NOSE_UP,TRANSITION,True,OK
1789620205.853916,6.85425,-26.318399999999997,7.885739999999999,28.316493726626888,-88.46191406250001,82.12829589843751,NOSE_UP,TRANSITION,True,OK
1789620205.8925304,7.41577,-27.3438,5.72815,28.904822185154504,-77.05261230468764,82.72705078125004,NOSE_UP,TRANSITION,True,OK
1789620205.9336324,8.02002,-28.2715,3.3142099999999997,29.573339699372813,-64.06127929687504,83.04016113281241,NOSE_UP,TRANSITION,True,OK
1789620205.9725986,8.5144,-28.832999999999995,1.3603199999999998,30.09464016834891,-50.416259765625064,83.1829833984375,NOSE_UP,NOSE_UP,True,OK
1789620206.0136056,9.198,-29.370099999999997,-1.5670799999999998,30.81658186328263,-36.67785644531252,83.04016113281253,NOSE_UP,NOSE_UP,True,OK
1789620206.053607,9.79004,-29.834,-4.17786,31.675968073307562,-26.246337890625053,82.74902343749999,NOSE_UP,NOSE_UP,True,OK
1789620206.0935977,10.113499999999998,-30.053699999999996,-6.579589999999999,32.38516281429043,-18.83056640625,82.27661132812501,NOSE_UP,NOSE_UP,True,OK
1789620206.133684,10.26,-30.127,-8.45947,32.93123686837316,-12.875976562500007,81.87011718750003,NOSE_UP,NOSE_UP,True,OK
1789620206.1737332,10.497999999999998,-30.0781,-10.522499999999999,33.550307150009814,-10.332641601562466,81.57897949218744,NOSE_UP,NOSE_UP,True,OK
1789620206.2137287,10.8215,-29.809599999999996,-12.5488,34.10556400134734,-5.262451171874954,80.760498046875,NOSE_UP,NOSE_UP,True,OK
1789620206.2546926,10.913099999999998,-29.4434,-14.4653,34.572452317705206,0.6372070312499909,80.66162109374999,NOSE_UP,NOSE_UP,True,OK
1789620206.2928002,10.8093,-29.223599999999998,-15.808099999999998,34.93931580698168,2.757568359374951,81.26037597656243,NOSE_UP,NOSE_UP,True,OK
1789620206.3337538,11.0779,-28.832999999999995,-16.650399999999998,35.089850064797936,2.993774414062488,81.66137695312503,NOSE_UP,NOSE_UP,True,OK
1789620206.3737314,11.554,-28.710899999999995,-17.443799999999996,35.52600249465171,3.0706787109374356,81.26586914062497,NOSE_UP,NOSE_UP,True,OK
1789620206.413652,10.8643,-28.418,-18.6523,35.686468496896694,3.037719726562511,80.76049804687504,NOSE_UP,NOSE_UP,True,OK
1789620206.4558327,10.4004,-28.2227,-19.9829,36.11101504887394,3.504638671875008,80.49682617187499,NOSE_UP,NOSE_UP,True,OK
1789620206.4957118,10.9863,-27.8564,-20.4224,36.24572016680038,4.822998046875037,80.59020996093751,NOSE_UP,NOSE_UP,True,OK
1789620206.5347848,11.7126,-27.661099999999998,-20.764199999999995,36.51675579251256,7.0751953125000115,80.88684082031249,NOSE_UP,NOSE_UP,True,OK
1789620206.5747564,11.4014,-27.0508,-21.1914,36.205153453065215,9.635009765624977,81.27685546874996,NOSE_UP,NOSE_UP,True,OK
1789620206.6149285,11.4746,-26.489299999999997,-21.582,36.04347629807646,11.678466796875012,81.44714355468759,NOSE_UP,NOSE_UP,True,OK
1789620206.6549418,11.8774,-26.3916,-21.935999999999996,36.31497318352307,13.43078613281249,81.31530761718753,NOSE_UP,NOSE_UP,True,OK
1789620206.6947944,12.5244,-26.2695,-22.082499999999996,36.53195904766127,15.864257812499922,81.27685546874996,NOSE_UP,NOSE_UP,True,OK
1789620206.7357101,12.371799999999999,-26.001,-22.0581,36.27220991130814,19.401855468749982,81.53503417968743,NOSE_UP,NOSE_UP,True,OK
1789620206.7746994,12.707499999999998,-25.7568,-21.4355,35.838163495636884,21.50024414062501,81.78771972656253,NOSE_UP,NOSE_UP,True,OK
1789620206.8149672,12.707499999999998,-25.8545,-20.6543,35.44764921669701,20.500488281250007,81.98547363281246,NOSE_UP,NOSE_UP,True,OK
1789620206.8547673,12.854,-26.7822,-19.3726,35.46560564265046,16.08947753906246,82.28759765625006,NOSE_UP,NOSE_UP,True,OK
1789620206.8948407,12.560999999999998,-27.636699999999998,-18.225099999999998,35.407911233225825,6.465454101562536,82.50732421875007,NOSE_UP,NOSE_UP,True,OK
1789620206.9357038,12.0667,-28.8086,-16.4185,35.28608543179592,-5.202026367187452,82.40844726562494,NOSE_UP,NOSE_UP,True,OK
1789620206.9747632,11.505099999999999,-29.6875,-14.5142,34.99109863808223,-17.45178222656251,81.68884277343744,NOSE_UP,NOSE_UP,True,OK
1789620207.0150256,10.4858,-30.7861,-11.5601,34.5162551105997,-27.42736816406252,80.55175781249997,NOSE_UP,NOSE_UP,True,OK
1789620207.0567474,9.875489999999997,-31.543,-9.22852,34.31693070672987,-32.53051757812499,79.31030273437489,NOSE_UP,NOSE_UP,True,OK
1789620207.0947108,9.57031,-31.640599999999996,-6.87866,33.764394933890046,-34.66186523437497,78.71704101562496,NOSE_UP,NOSE_UP,True,OK
1789620207.134812,9.70459,-31.4697,-5.1330599999999995,33.329707321272714,-34.62890625000001,79.11254882812497,NOSE_UP,NOSE_UP,True,OK
1789620207.1747632,10.0159,-30.566399999999998,-3.27454,32.33180591896468,-31.915283203124964,80.0244140625,NOSE_UP,NOSE_UP,True,OK
1789620207.214976,10.644499999999999,-29.663099999999996,-1.66626,31.559171475937067,-28.580932617187507,80.23864746093746,NOSE_UP,NOSE_UP,True,OK
1789620207.2547367,10.8276,-28.857399999999995,-0.5779269999999999,30.827268061528397,-25.54870605468753,79.82116699218747,NOSE_UP,NOSE_UP,True,OK
1789620207.294754,10.7971,-28.466799999999996,-0.0133276,30.44562773658841,-21.670532226562496,78.93127441406249,NOSE_UP,NOSE_UP,True,OK
1789620207.3357737,11.303699999999997,-27.514599999999998,1.13754,29.767781981558514,-20.011596679687482,78.29956054687497,NOSE_UP,NOSE_UP,True,OK
1789620207.3747566,11.8164,-26.2939,2.76489,28.959300800987926,-21.46728515625001,78.36547851562501,NOSE_UP,NOSE_UP,True,OK
1789620207.4149597,11.1511,-25.3174,4.61121,28.046051979451583,-25.620117187499982,79.37072753906249,NOSE_UP,NOSE_UP,True,OK
1789620207.4557338,10.4675,-24.206499999999995,6.622309999999999,27.191509488001945,-31.365966796875036,80.72753906249999,NOSE_UP,NOSE_UP,True,OK
1789620207.494738,10.553,-22.619599999999995,8.905029999999998,26.501163605790968,-41.80847167968738,82.23815917968749,NOSE_UP,NOSE_UP,True,OK
1789620207.5357516,10.614,-20.9961,11.0107,25.97554091255849,-56.07971191406251,83.47412109374999,NOSE_UP,TRANSITION,True,OK
1789620207.5757155,9.73511,-19.458,12.6221,25.15359892981718,-66.42333984374983,84.07287597656237,NOSE_UP,TRANSITION,True,OK
1789620207.615819,9.44214,-17.4194,14.1357,24.33942313674669,-67.71972656249999,83.99047851562497,NOSE_UP,TRANSITION,True,OK
1789620207.6568432,9.881589999999997,-15.417499999999999,15.0513,23.704150667511797,-65.24780273437504,83.19946289062509,NOSE_UP,TRANSITION,True,OK
1789620207.695776,10.571299999999999,-13.3545,15.6494,23.13004051660956,-61.07849121093752,81.93603515625001,NOSE_UP,TRANSITION,True,OK
1789620207.7397232,10.7239,-11.5356,15.942399999999997,22.41053806426789,-57.084960937500064,80.54626464843754,NOSE_UP,TRANSITION,True,OK
1789620207.7777634,11.444099999999999,-8.483889999999999,16.0767,21.480318834507553,-55.75561523437498,78.91479492187503,NOSE_UP,TRANSITION,True,OK
1789620207.8177533,12.499999999999998,-5.15442,16.1011,21.025305390086487,-58.60656738281257,77.42065429687504,NOSE_UP,TRANSITION,True,OK
1789620207.857736,13.147,-1.73798,15.7715,20.605931081375576,-64.37438964843751,76.39343261718751,NOSE_UP,TRANSITION,True,OK
1789620207.8977127,13.3789,1.52893,15.466300000000002,20.507048247978062,-73.67431640625003,75.904541015625,NOSE_UP,TRANSITION,True,OK
1789620207.941736,13.6841,5.10559,14.6851,20.711682791798932,-82.13378906249999,75.85510253906247,NOSE_UP,TRANSITION,True,OK
1789620207.979755,13.977099999999998,8.86841,13.1958,21.169250293246098,-90.55480957031247,76.05285644531249,NOSE_UP,TRANSITION,True,OK
1789620208.0199296,14.4043,12.9517,10.7849,22.17080195640203,-97.50366210937501,76.3275146484375,NOSE_UP,TRANSITION,True,OK
1789620208.059766,14.953599999999998,15.2588,8.26416,22.907148903903337,-99.1845703125,76.60766601562503,NOSE_UP,TRANSITION,True,OK
1789620208.0998082,15.673799999999998,17.858899999999995,4.52881,24.189221477056673,-98.44848632812497,76.87683105468747,NOSE_UP,TRANSITION,True,OK
1789620208.1397078,16.272,19.519,1.19553,25.440098997073495,-93.5321044921875,77.28332519531246,NOSE_UP,TRANSITION,True,OK
1789620208.1800396,16.784699999999997,20.776399999999995,-3.46985,26.933711405458023,-88.23669433593759,77.59643554687504,NOSE_UP,TRANSITION,True,OK
1789620208.2200856,16.626,21.7163,-6.79321,28.181008920798064,-81.80419921874999,77.99194335937497,NOSE_UP,TRANSITION,True,OK
1789620208.2597418,16.3086,22.2412,-9.42383,29.145325238687935,-79.189453125,78.73352050781247,NOSE_UP,TRANSITION,True,OK
1789620208.2998197,15.7715,22.4365,-8.850099999999998,28.81772049468868,-93.53210449218741,79.53552246093739,NOSE_UP,TRANSITION,True,OK
1789620208.3417962,16.0278,22.3999,-7.1655299999999995,28.460335785631553,-113.9776611328125,79.03015136718753,NOSE_UP,TRANSITION,True,OK
1789620208.3798864,15.7593,22.473099999999995,-6.70166,28.254344919951688,-122.26135253906244,78.31054687499997,NOSE_UP,TRANSITION,True,OK
1789620208.4198618,15.954599999999997,22.644,-8.26416,28.906683269887605,-118.20739746093753,78.80493164062499,NOSE_UP,TRANSITION,True,OK
1789620208.4597778,15.6616,22.607399999999995,-11.0168,29.626848154334606,-112.36267089843763,79.17846679687507,NOSE_UP,TRANSITION,True,OK
1789620208.4997745,16.0889,21.7896,-14.7339,30.8338641850158,-91.988525390625,79.50805664062496,NOSE_UP,TRANSITION,True,OK
1789620208.5435836,15.991199999999997,20.873999999999995,-18.7012,32.26727808291241,-79.66186523437494,80.03540039062499,NOSE_UP,TRANSITION,True,OK
1789620208.5827498,14.7949,20.898399999999995,-21.032699999999995,33.13618351379651,-75.25634765625007,81.10656738281253,NOSE_UP,TRANSITION,True,OK
1789620208.6227717,13.7695,21.106,-22.363299999999995,33.692425753275764,-72.14172363281253,82.19970703124996,NOSE_UP,TRANSITION,True,OK
1789620208.6620588,13.6597,20.3979,-23.9746,34.31389184659764,-71.48803710937494,83.07861328124996,NOSE_UP,TRANSITION,True,OK
1789620208.7021244,13.6719,19.7388,-25.1221,34.751416999310976,-73.48754882812514,83.35327148437513,NOSE_UP,TRANSITION,True,OK
1789620208.742582,13.5986,18.5913,-26.3672,35.011249527687525,-78.74450683593732,83.23242187499984,NOSE_UP,TRANSITION,True,OK
1789620208.782239,13.3301,17.6514,-27.0752,34.961835521179374,-85.11108398437504,82.9962158203125,NOSE_UP,TRANSITION,True,OK
1789620208.8221047,14.0015,16.3452,-27.8809,35.22147285534778,-90.35156250000007,82.75451660156257,NOSE_UP,TRANSITION,True,OK
1789620208.8619745,14.221199999999998,14.904799999999998,-28.7598,35.37685243941298,-93.64196777343737,82.71606445312494,NOSE_UP,TRANSITION,True,OK
1789620208.901885,14.2578,13.7207,-29.5898,35.59633033572422,-94.6197509765625,82.75451660156251,NOSE_UP,TRANSITION,True,OK
1789620208.9436643,14.233399999999998,12.4207,-30.566399999999998,35.932830016713126,-93.94958496093766,82.75451660156261,NOSE_UP,TRANSITION,True,OK
1789620208.9822972,14.172399999999998,11.322,-31.420899999999996,36.28109097822169,-92.40600585937497,82.65563964843759,NOSE_UP,TRANSITION,True,OK
1789620209.022259,14.0015,9.979249999999999,-32.2754,36.5695074887877,-91.42822265625006,82.53479003906263,NOSE_UP,TRANSITION,True,OK
1789620209.0620787,13.9648,9.014889999999998,-32.8613,36.82592725841537,-90.52185058593743,82.22167968749991,NOSE_UP,TRANSITION,True,OK
1789620209.102447,13.8062,7.97119,-33.374,36.98614476335835,-88.03894042968741,81.38671874999996,NOSE_UP,TRANSITION,True,OK
1789620209.1428726,13.3911,6.573489999999999,-34.0332,37.15899665262909,-83.88061523437507,80.30456542968753,NOSE_UP,TRANSITION,True,OK
1789620209.1822467,12.902799999999997,3.8147,-35.42479999999999,37.89393934351507,-78.5083007812501,79.34326171875004,NOSE_UP,TRANSITION,True,OK
1789620209.2221315,11.7981,1.4625499999999998,-36.498999999999995,38.38634154373792,-75.53100585937504,78.12927246093751,NOSE_UP,TRANSITION,True,OK
1789620209.2620049,11.0901,-1.10703,-37.085,38.723546563181685,-79.56298828124997,77.29980468749997,NOSE_UP,TRANSITION,True,OK
1789620209.302065,10.919199999999998,-2.62146,-36.792,38.46754794851889,-87.69287109374993,76.90979003906247,NOSE_UP,TRANSITION,True,OK
1789620209.3421867,11.9019,-5.505369999999999,-36.2061,38.5077394773687,-95.97106933593747,76.16271972656246,NOSE_UP,TRANSITION,True,OK
1789620209.3819017,12.1582,-8.380129999999998,-35.40039999999999,38.35670379760101,-101.48620605468754,75.06408691406253,NOSE_UP,TRANSITION,True,OK
1789620209.4221916,11.8164,-10.8154,-34.8145,38.32296434737271,-104.77661132812504,73.90502929687503,NOSE_UP,TRANSITION,True,OK
1789620209.4620368,10.9497,-13.3179,-34.20409999999999,38.30382288114333,-106.12792968750004,72.85034179687503,NOSE_UP,TRANSITION,True,OK
1789620209.5020483,10.4736,-16.7236,-33.17869999999999,38.603124583510066,-106.66076660156256,72.23510742187503,NOSE_UP,TRANSITION,True,OK
1789620209.542156,9.83276,-20.1538,-32.0068,39.08060989669429,-106.22680664062501,72.27905273437503,NOSE_UP,TRANSITION,True,OK
1789620209.582134,8.642579999999999,-22.3022,-30.7617,38.96619689918943,-104.27124023437513,73.21838378906256,NOSE_UP,TRANSITION,True,OK
1789620209.6225924,7.708739999999999,-23.5962,-30.029299999999996,38.96105985875641,-99.31640624999989,75.13549804687496,NOSE_UP,TRANSITION,True,OK
1789620209.6622498,7.745359999999999,-25.0732,-29.3213,39.34964540449634,-89.48913574218743,77.607421875,NOSE_UP,TRANSITION,True,OK
1789620209.7020695,7.598879999999999,-25.805699999999998,-29.0527,39.59465250553918,-71.81762695312496,79.65087890625003,NOSE_UP,TRANSITION,True,OK
1789620209.7421505,7.336429999999999,-26.3916,-28.832999999999995,39.77036138514333,-46.126098632812536,80.20568847656256,NOSE_UP,NOSE_UP,True,OK
1789620209.7823937,6.48804,-26.001,-29.1748,39.614588462857974,-23.703002929687536,79.22790527343753,NOSE_UP,NOSE_UP,True,OK
1789620209.8221781,6.85425,-26.1475,-28.7598,39.46895736338243,-10.651245117187484,77.86560058593751,NOSE_UP,NOSE_UP,True,OK
1789620209.8621914,6.96411,-26.416,-28.320299999999996,39.34899333124165,-5.2349853515624885,77.18994140625001,NOSE_UP,NOSE_UP,True,OK
1789620209.9021778,7.08618,-26.8066,-27.6123,39.13114950831882,-5.234985351562528,77.32727050781253,NOSE_UP,NOSE_UP,True,OK
1789620209.9420626,7.23877,-27.807599999999997,-26.464799999999997,39.06466495329122,-9.722900390624996,77.78320312500001,NOSE_UP,NOSE_UP,True,OK
1789620209.9821498,7.03125,-28.735399999999995,-25.1221,38.81084382144376,-17.012329101562475,78.12377929687499,NOSE_UP,NOSE_UP,True,OK
1789620210.0220573,6.726069999999999,-29.541,-23.5107,38.34923354038383,-25.334472656250032,78.46435546874999,NOSE_UP,NOSE_UP,True,OK
1789620210.0620148,6.50024,-30.2246,-22.4121,38.184837195248065,-32.96997070312496,78.83239746093744,NOSE_UP,NOSE_UP,True,OK
1789620210.102366,6.408689999999999,-30.7373,-21.3257,37.9557426392384,-39.13879394531252,79.32128906250004,NOSE_UP,NOSE_UP,True,OK
1789620210.1423647,6.58569,-31.127899999999997,-20.617699999999996,37.91315107553182,-43.61022949218748,80.29907226562501,NOSE_UP,NOSE_UP,True,OK
1789620210.182363,7.18384,-30.7617,-19.8486,37.30759528561979,-48.087158203124986,81.86462402343749,NOSE_UP,NOSE_UP,True,OK
1789620210.2219455,7.843019999999999,-30.2246,-19.2505,36.68270925286735,-51.55334472656246,83.51806640625001,NOSE_UP,NOSE_UP,True,OK
1789620210.2620754,8.73413,-29.7119,-18.8232,36.240790370891474,-51.08642578124995,85.19348144531251,NOSE_UP,NOSE_UP,True,OK
1789620210.3021274,9.00269,-28.9551,-18.8721,35.715576457004026,-42.80273437499999,86.33605957031247,NOSE_UP,NOSE_UP,True,OK
1789620210.342121,10.4126,-28.710899999999995,-18.762199999999996,35.84352335373853,-24.70275878906244,86.59973144531251,NOSE_UP,NOSE_UP,True,OK
1789620210.382129,10.8643,-27.9785,-19.0186,35.53219135797847,-8.865966796875092,86.01745605468736,NOSE_UP,NOSE_UP,True,OK
1789620210.4220712,10.9009,-27.2949,-19.8975,35.49298089862276,-1.2139892578126144,85.07812499999993,NOSE_UP,NOSE_UP,True,OK
1789620210.4624894,10.4675,-26.7822,-20.8252,35.50413705654596,1.3787841796874525,84.08386230468749,NOSE_UP,NOSE_UP,True,OK
1789620210.502175,10.9436,-26.5625,-21.3623,35.80051184689962,1.5930175781249827,83.45764160156251,NOSE_UP,NOSE_UP,True,OK
1789620210.5425217,11.4319,-26.6602,-21.838399999999996,36.30936953748991,0.41198730468757455,83.3038330078125,NOSE_UP,NOSE_UP,True,OK
1789620210.5823536,11.0168,-26.416,-21.9971,36.09774711322024,-1.0601806640624205,83.63342285156251,NOSE_UP,NOSE_UP,True,OK
1789620210.6219385,10.6201,-26.3916,-21.960399999999996,35.93831162881751,-1.9226074218749856,83.94653320312493,NOSE_UP,NOSE_UP,True,OK
1789620210.6616755,11.2671,-26.6602,-21.3135,35.94411062608171,-4.185791015625049,84.68261718749996,NOSE_UP,NOSE_UP,True,OK
1789620210.702188,11.505099999999999,-26.7578,-21.0571,35.9409049310114,-8.61877441406248,85.3417968750001,NOSE_UP,NOSE_UP,True,OK
1789620210.741697,11.554,-26.9287,-20.886199999999995,35.9844848529196,-10.645751953125027,85.36926269531254,NOSE_UP,NOSE_UP,True,OK
1789620210.7817543,10.9375,-26.879899999999996,-20.8496,35.733230338439874,-12.156372070312486,85.26489257812496,NOSE_UP,NOSE_UP,True,OK
1789620210.82178,11.370799999999997,-27.0996,-20.9106,36.06849879271384,-12.51892089843742,84.91333007812491,NOSE_UP,NOSE_UP,True,OK
1789620210.8616674,11.2793,-27.2217,-21.0938,36.23799053231291,-13.255004882812537,84.61120605468741,NOSE_UP,NOSE_UP,True,OK
1789620210.9017575,11.2061,-27.246099999999995,-21.1914,36.290523231003434,-13.672485351562493,84.39147949218759,NOSE_UP,NOSE_UP,True,OK
1789620210.9417148,11.2793,-27.3438,-21.1914,36.3865557711911,-13.716430664062546,84.32556152343749,NOSE_UP,NOSE_UP,True,OK
1789620210.9820232,11.322,-27.270499999999995,-21.1914,36.34478350754066,-12.826538085937523,84.44641113281247,NOSE_UP,NOSE_UP,True,OK
1789620211.0218482,11.4685,-27.246099999999995,-21.0571,36.29432349376414,-9.673461914062472,84.66613769531257,NOSE_UP,NOSE_UP,True,OK
1789620211.061653,11.6882,-27.1973,-20.9229,36.250170909114345,-5.273437499999963,85.03417968750007,NOSE_UP,NOSE_UP,True,OK
1789620211.1016476,11.9385,-26.9043,-20.6543,35.95788160097866,-0.307617187500052,85.4241943359375,NOSE_UP,NOSE_UP,True,OK
1789620211.1420681,12.1338,-26.8066,-20.3735,35.78969695666618,4.147338867187589,85.7647705078124,NOSE_UP,NOSE_UP,True,OK
1789620211.1817186,12.2559,-26.709,-20.1172,35.61291200744471,6.762084960937488,86.0339355468749,NOSE_UP,NOSE_UP,True,OK
1789620211.2218165,12.371799999999999,-26.6602,-19.970699999999997,35.533879013836916,7.772827148437481,86.17675781249999,NOSE_UP,NOSE_UP,True,OK
1789620211.2617934,12.4023,-26.6846,-19.9341,35.5422743400025,8.618774414062537,86.16027832031263,NOSE_UP,NOSE_UP,True,OK
1789620211.30171,12.2864,-26.6357,-19.9829,35.49270955928837,8.701171875000005,86.09985351562487,NOSE_UP,NOSE_UP,True,OK
1789620211.3421845,12.384,-26.733399999999996,-19.970699999999997,35.5930750294211,7.860717773437478,85.94604492187501,NOSE_UP,NOSE_UP,True,OK
1789620211.3816714,12.6099,-26.7822,-19.751,35.586483611759114,6.487426757812521,85.72631835937526,NOSE_UP,NOSE_UP,True,OK
1789620211.421738,12.323,-26.709,-20.0073,35.57413475110815,5.169067382812481,85.49560546875007,NOSE_UP,NOSE_UP,True,OK
1789620211.461741,11.8774,-26.6357,-20.2881,35.526611812273906,3.9715576171874174,85.26489257812496,NOSE_UP,NOSE_UP,True,OK
1789620211.5017712,12.231399999999999,-26.7822,-20.239299999999997,35.728457107605415,2.7026367187500133,85.01770019531239,NOSE_UP,NOSE_UP,True,OK
1789620211.5417488,12.5366,-27.1973,-20.3003,36.179574996674575,1.7138671875000548,84.7705078124999,NOSE_UP,NOSE_UP,True,OK
1789620211.5816896,11.975099999999998,-26.9531,-20.629899999999996,35.992574145648426,1.1480712890625187,84.54528808593754,NOSE_UP,NOSE_UP,True,OK
1789620211.6218824,11.4197,-26.6602,-20.8252,35.70524845411386,1.1096191406250162,84.37500000000003,NOSE_UP,NOSE_UP,True,OK
1789620211.661712,11.914099999999998,-26.8066,-20.7031,35.904845522296846,1.2359619140625235,84.29809570312503,NOSE_UP,NOSE_UP,True,OK
1789620211.701647,12.1216,-26.733399999999996,-20.7275,35.933787976916655,1.5380859375000586,84.3585205078125,NOSE_UP,NOSE_UP,True,OK
1789620211.741763,11.975099999999998,-26.8311,-21.142599999999998,36.19834916097694,2.323608398437497,84.50134277343757,NOSE_UP,NOSE_UP,True,OK
1789620211.7818222,11.7249,-26.5381,-21.2402,35.956781386269824,3.817749023437491,84.64965820312497,NOSE_UP,NOSE_UP,True,OK
1789620211.8216639,12.207,-26.5137,-21.142599999999998,36.041596405403574,5.498657226562462,84.80895996093741,NOSE_UP,NOSE_UP,True,OK
1789620211.8616922,12.3169,-26.342799999999997,-21.106,35.93205217420792,7.536621093749977,84.85290527343747,NOSE_UP,NOSE_UP,True,OK
1789620211.9016583,12.5366,-26.2939,-21.0693,35.950673418727504,8.876953124999975,84.86389160156257,NOSE_UP,NOSE_UP,True,OK
1789620211.9416597,12.4207,-26.5137,-21.2402,36.17175931883878,9.113159179687543,84.8089599609375,NOSE_UP,NOSE_UP,True,OK
1789620211.981957,12.438999999999998,-26.5137,-21.0083,36.04238723475458,8.025512695312544,84.81445312500014,NOSE_UP,NOSE_UP,True,OK
1789620212.021925,12.4084,-26.6602,-20.617699999999996,35.914122680221496,6.388549804687509,84.92431640624994,NOSE_UP,NOSE_UP,True,OK
1789620212.061678,12.384,-26.7822,-20.214799999999997,35.767133403167776,5.454711914062542,85.06164550781261,NOSE_UP,NOSE_UP,True,OK
1789620212.101708,12.371799999999999,-26.879899999999996,-19.8608,35.63764632926815,4.592285156250008,85.35827636718737,NOSE_UP,NOSE_UP,True,OK
1789620212.1416993,12.3352,-27.1973,-19.5923,35.71706182792756,3.5705566406249485,85.67138671875009,NOSE_UP,NOSE_UP,True,OK
1789620212.1818013,12.3291,-27.1484,-19.311499999999995,35.52430663109415,3.6914062499999716,85.95153808593763,NOSE_UP,NOSE_UP,True,OK
1789620212.2217724,12.304699999999999,-27.1484,-18.9941,35.34426543953064,4.696655273437491,86.07788085937513,NOSE_UP,NOSE_UP,True,OK
1789620212.261666,12.438999999999998,-27.1973,-19.189499999999995,35.53390998103079,6.608276367187534,86.02844238281257,NOSE_UP,NOSE_UP,True,OK
1789620212.3016655,12.262,-27.001999999999995,-19.4824,35.482792417733975,8.794555664062546,85.81970214843757,NOSE_UP,NOSE_UP,True,OK
1789620212.341994,12.4512,-26.9287,-19.6411,35.58033269012531,10.349121093749906,85.53405761718761,NOSE_UP,NOSE_UP,True,OK
1789620212.3817701,12.7319,-26.855499999999996,-19.567899999999998,35.58401141341431,11.255493164062498,85.20996093749987,NOSE_UP,NOSE_UP,True,OK
1789620212.4218476,12.4756,-26.709,-20.0562,35.65476735024364,11.678466796875043,84.94079589843753,NOSE_UP,NOSE_UP,True,OK
1789620212.4626563,12.0911,-26.611299999999996,-20.4468,35.671103391120376,11.953124999999975,84.74853515625001,NOSE_UP,NOSE_UP,True,OK
1789620212.5016954,12.5122,-26.5625,-20.3125,35.703210098533155,11.9696044921875,84.63317871093761,NOSE_UP,NOSE_UP,True,OK
1789620212.542735,12.499999999999998,-26.611299999999996,-20.1538,35.645293407825946,11.585083007812516,84.59472656250004,NOSE_UP,NOSE_UP,True,OK
1789620212.5827465,12.3474,-26.5381,-20.3857,35.669395885829076,11.05773925781253,84.60021972656241,NOSE_UP,NOSE_UP,True,OK
1789620212.6227245,11.828599999999998,-26.416,-20.5688,35.50769448161905,10.371093749999988,84.66064453124991,NOSE_UP,NOSE_UP,True,OK
1789620212.662774,12.3291,-26.611299999999996,-20.361299999999996,35.70364872376491,9.618530273437512,84.72106933593741,NOSE_UP,NOSE_UP,True,OK
1789620212.7026608,12.499999999999998,-26.611299999999996,-20.2759,35.71447057566442,9.11865234375008,84.79797363281264,NOSE_UP,NOSE_UP,True,OK
1789620212.7427316,12.2681,-26.6357,-20.4102,35.72874271703386,9.107666015625028,84.89135742187496,NOSE_UP,NOSE_UP,True,OK
1789620212.782764,12.304699999999999,-26.5625,-20.4346,35.70076925641799,9.299926757812466,84.957275390625,NOSE_UP,NOSE_UP,True,OK
1789620212.8228679,12.365699999999999,-26.5137,-20.495599999999996,35.72053252038664,10.03601074218746,84.95727539062479,NOSE_UP,NOSE_UP,True,OK
1789620212.8617158,12.4207,-26.5381,-20.5566,35.792713555415155,10.772094726562559,84.95727539062507,NOSE_UP,NOSE_UP,True,OK
1789620212.9016805,12.6099,-26.464799999999997,-20.5811,35.81866684090853,11.705932617187454,84.95727539062493,NOSE_UP,NOSE_UP,True,OK
1789620212.9420455,12.432899999999998,-26.416,-20.6787,35.7769575579031,12.27722167968743,84.95727539062486,NOSE_UP,NOSE_UP,True,OK
1789620212.981758,12.5122,-26.342799999999997,-20.629899999999996,35.72241641728621,13.320922851562537,84.95727539062493,NOSE_UP,NOSE_UP,True,OK
1789620213.0219054,12.4756,-26.318399999999997,-20.5444,35.642266275869716,13.628540039062527,84.96276855468764,NOSE_UP,NOSE_UP,True,OK
1789620213.0617821,12.109399999999999,-26.123,-20.4468,35.3145908598698,14.018554687499972,84.96276855468764,NOSE_UP,NOSE_UP,True,OK
1789620213.10197,12.4573,-26.123,-20.483399999999996,35.45652447505254,14.419555664062452,84.97375488281239,NOSE_UP,NOSE_UP,True,OK
1789620213.1427293,12.4756,-26.2695,-20.52,35.592100606876244,14.891967773437463,85.01770019531239,NOSE_UP,NOSE_UP,True,OK
1789620213.1827943,12.4756,-26.2207,-20.5688,35.5842835714027,15.358886718749968,85.05615234375001,NOSE_UP,NOSE_UP,True,OK
1789620213.2227874,12.4695,-26.196299999999997,-20.3857,35.45858610308651,15.567626953125126,85.10559082031277,NOSE_UP,NOSE_UP,True,OK
1789620213.2627523,12.5122,-26.123,-20.3857,35.41952910937694,15.485229492187491,85.14953613281261,NOSE_UP,NOSE_UP,True,OK
1789620213.3027174,12.5977,-26.074199999999998,-20.483399999999996,35.47020759017347,15.880737304687386,85.17700195312477,NOSE_UP,NOSE_UP,True,OK
1789620213.342783,12.5366,-26.196299999999997,-20.5566,35.58070090386079,16.77062988281247,85.18249511718754,NOSE_UP,NOSE_UP,True,OK
1789620213.3828034,12.890599999999997,-26.2695,-20.349099999999996,35.641830332069084,17.578125000000053,85.1385498046876,NOSE_UP,NOSE_UP,True,OK
1789620213.422889,12.6709,-26.1475,-20.6665,35.65596282965866,17.748413085937482,85.06164550781247,NOSE_DOWN,NOSE_UP,True,OK
1789620213.462771,12.207,-25.927699999999998,-20.752,35.38222689840197,17.391357421874975,84.86389160156243,NOSE_DOWN,NOSE_UP,True,OK
1789620213.502961,12.5854,-25.9766,-20.6543,35.4933254177458,16.39160156250001,84.58374023437496,NOSE_DOWN,NOSE_UP,True,OK
1789620213.542832,12.4817,-26.2451,-20.7886,35.73183452972993,14.567871093749973,84.11132812499997,NOSE_DOWN,NOSE_UP,True,OK
1789620213.582816,12.207,-26.2207,-21.3501,35.94944683162733,12.551879882812528,83.41369628906254,NOSE_DOWN,NOSE_UP,True,OK
1789620213.6227503,11.9446,-26.2939,-21.7529,36.155653842518184,10.420532226562496,82.56774902343747,NOSE_DOWN,NOSE_UP,True,OK
1789620213.6628442,11.7249,-26.1719,-21.9116,36.09099394835227,8.72863769531252,81.67236328125007,NOSE_DOWN,NOSE_UP,True,OK
1789620213.7048259,11.615,-26.196299999999997,-22.3267,36.326793026360036,7.443237304687499,80.85937500000006,NOSE_DOWN,NOSE_UP,True,OK
1789620213.7437704,11.175499999999998,-26.3672,-22.9614,36.70622462267129,6.421508789062536,80.244140625,NOSE_DOWN,NOSE_UP,True,OK
1789620213.783748,11.053499999999998,-26.342799999999997,-23.2422,36.828288514808825,6.289672851562496,79.92553710937503,NOSE_DOWN,NOSE_UP,True,OK
1789620213.822828,11.0718,-26.318399999999997,-23.3276,36.87031130272702,6.970825195312453,79.859619140625,NOSE_DOWN,NOSE_UP,True,OK
1789620213.863721,10.9009,-26.2939,-23.4375,36.871604308329196,7.767333984375025,79.94750976562504,NOSE_DOWN,NOSE_UP,True,OK
1789620213.9038577,11.1267,-26.2451,-23.266599999999997,36.79596992144656,8.300170898437518,80.06835937500001,NOSE_DOWN,NOSE_UP,True,OK
1789620213.9437053,11.145,-26.2695,-23.2422,36.80349869360249,8.942871093750016,80.14526367187493,NOSE_DOWN,NOSE_UP,True,OK
1789620213.983714,11.1816,-26.1719,-23.156699999999997,36.69099730260817,9.563598632812502,80.10681152343741,NOSE_DOWN,NOSE_UP,True,OK
1789620214.0237944,11.1816,-26.1719,-23.156699999999997,36.69099730260817,9.964599609375002,79.98046875,NOSE_DOWN,NOSE_UP,True,OK
1789620214.0638082,10.8948,-26.1719,-23.3154,36.705216166234464,9.964599609375002,79.79919433593747,NOSE_DOWN,NOSE_UP,True,OK
1789620214.1038823,11.0352,-26.0986,-23.2178,36.633028783326125,9.832763671874952,79.63439941406246,NOSE_DOWN,NOSE_UP,True,OK
1789620214.1437778,11.5173,-26.2939,-23.2056,36.912291284340505,9.816284179687518,79.48059082031249,NOSE_DOWN,NOSE_UP,True,OK
1789620214.1837366,10.9375,-26.049799999999998,-23.3887,36.67768086970603,9.722900390625014,79.288330078125,NOSE_DOWN,NOSE_UP,True,OK
1789620214.2238245,10.8887,-26.0254,-23.3276,36.60685939287882,9.503173828125014,79.0191650390626,NOSE_DOWN,NOSE_UP,True,OK
1789620214.263785,10.6934,-26.074199999999998,-23.803699999999996,36.889413696750445,9.069213867187495,78.59619140625001,NOSE_DOWN,NOSE_UP,True,OK
1789620214.306122,11.0291,-26.1719,-23.9868,37.17493739954379,8.849487304687536,77.96447753906259,NOSE_DOWN,NOSE_UP,True,OK
1789620214.3447967,10.4248,-26.074199999999998,-24.5117,37.274170648989625,9.107666015624982,77.01416015624994,NOSE_DOWN,NOSE_UP,True,OK
1789620214.3848162,9.8938,-25.9521,-24.9146,37.31133964373298,8.267211914062516,75.98693847656256,NOSE_DOWN,NOSE_UP,True,OK
1789620214.4247956,9.820559999999999,-26.1719,-25.244099999999996,37.66532003227372,7.553100585937497,74.88281250000001,NOSE_DOWN,NOSE_UP,True,OK
1789620214.4647841,9.08813,-26.0986,-26.001,37.94447298167284,7.245483398437486,73.45458984375003,NOSE_DOWN,NOSE_UP,True,OK
1789620214.5047903,8.56323,-26.0986,-26.5381,38.193410185566044,6.553344726562495,72.03735351562506,NOSE_DOWN,NOSE_UP,True,OK
1789620214.544725,7.861329999999999,-26.1719,-27.4414,38.72724225837543,5.614013671874987,70.39489746093749,NOSE_DOWN,NOSE_UP,True,OK
1789620214.5848367,6.70776,-25.927699999999998,-28.5156,39.12006026155379,4.76806640625001,68.40637207031246,NOSE_DOWN,NOSE_UP,True,OK
1789620214.624801,5.36499,-25.927699999999998,-29.6143,39.724495081499775,3.7902832031249987,66.16516113281249,NOSE_DOWN,NOSE_UP,True,OK
1789620214.6648548,3.84216,-25.8301,-30.468799999999998,40.12859370717593,2.598266601562488,63.79211425781247,NOSE_DOWN,NOSE_UP,True,OK
1789620214.7049692,2.00958,-25.781199999999995,-31.4941,40.75030085810901,1.5216064453124947,61.35314941406252,NOSE_DOWN,NOSE_UP,True,OK
1789620214.7447846,0.751114,-25.7324,-32.397499999999994,41.38017143815375,1.153564453124994,58.870239257812486,NOSE_DOWN,NOSE_UP,True,OK
1789620214.7850034,-0.6443019999999999,-25.292999999999996,-33.6426,42.094839456009375,2.3565673828124862,56.354370117187486,NOSE_DOWN,NOSE_UP,True,OK
1789620214.8255336,-1.7334,-24.597199999999997,-34.7412,42.60255744482953,4.323120117187502,53.657226562499986,NOSE_DOWN,TRANSITION,True,OK
1789620214.8668315,-3.5797099999999995,-23.0469,-36.1572,43.026933833752324,6.778564453124997,50.70739746093749,NOSE_DOWN,TRANSITION,True,OK
1789620214.9061005,-4.9743699999999995,-22.0459,-37.0605,43.40791084533901,8.393554687499993,47.6971435546875,NOSE_DOWN,TRANSITION,True,OK
1789620214.9458365,-6.311039999999999,-21.704099999999997,-37.646499999999996,43.91077481600159,9.563598632812496,44.84619140625001,NOSE_DOWN,TRANSITION,True,OK
1789620214.9858499,-6.87256,-21.3745,-38.2324,44.337543244564195,10.475463867187504,42.659912109375,NOSE_DOWN,TRANSITION,True,OK
1789620215.0259192,-8.23364,-20.9106,-38.4277,44.516672689000465,11.107177734375,41.00097656249999,NOSE_DOWN,TRANSITION,True,OK
1789620215.0657823,-9.14307,-20.752,-38.4277,44.61983146892086,11.332397460937495,39.82543945312501,NOSE_DOWN,TRANSITION,True,OK
1789620215.1049354,-9.57031,-21.0083,-38.0615,44.51536009779209,10.706176757812507,38.81469726562501,NOSE_DOWN,TRANSITION,True,OK
1789620215.1448996,-9.67407,-21.5088,-37.9883,44.713835047945736,10.096435546874996,37.59521484374999,NOSE_DOWN,TRANSITION,True,OK
1789620215.1849,-11.5112,-21.679699999999997,-37.9883,45.22861985977463,9.261474609374998,35.53527832031251,NOSE_DOWN,TRANSITION,True,OK
1789620215.2259104,-13.952599999999999,-21.4966,-37.915,45.76380757017493,8.629760742187504,32.18444824218751,NOSE_DOWN,LEVEL,True,OK
1789620215.2658057,-16.650399999999998,-21.5698,-37.1826,46.09813266239751,8.371582031250002,29.959716796875007,NOSE_DOWN,LEVEL,True,OK
1789620215.3057833,-19.5068,-21.6431,-36.0596,46.35982933542789,7.454223632812498,22.060546874999996,NOSE_DOWN,LEVEL,True,OK
1789620215.34582,-22.4487,-22.082499999999996,-34.9609,47.05151928205932,6.361083984375001,17.193603515625,NOSE_DOWN,LEVEL,True,OK
1789620215.3859084,-24.9756,-22.6929,-33.8867,47.82318206330482,5.355834960937499,12.315673828125002,NOSE_DOWN,LEVEL,True,OK
1789620215.4260314,-27.1973,-23.266599999999997,-31.7627,47.85286735546784,4.768066406249999,7.382812499999997,NOSE_DOWN,LEVEL,True,OK
1789620215.4658325,-28.735399999999995,-23.950199999999995,-29.9561,47.92393160426218,4.180297851562499,2.9937744140624996,NOSE_DOWN,LEVEL,True,OK
1789620215.5077002,-30.0781,-24.2554,-28.710899999999995,48.13867787528029,3.169555664062499,-1.9995117187499996,NOSE_DOWN,LEVEL,True,OK
1789620215.547009,-31.0547,-24.7925,-28.0029,48.6130111878497,2.691650390625,-5.267944335937501,NOSE_DOWN,LEVEL,True,OK
1789620215.5871925,-31.884799999999995,-25.0732,-26.196299999999997,48.28614669830261,2.0764160156249996,-8.453979492187502,NOSE_DOWN,LEVEL,True,OK
1789620215.6285772,-32.7393,-25.659199999999995,-24.3164,48.18239946380836,1.3677978515625,-11.876220703124998,NOSE_DOWN,LEVEL,True,OK
1789620215.6670463,-33.5205,-26.074199999999998,-22.7905,48.19641808412737,0.6317138671875002,-15.836791992187498,NOSE_DOWN,LEVEL,True,OK
1789620215.7086425,-34.20409999999999,-26.5625,-20.9351,48.10161405888579,-0.13183593749999778,-19.682006835937496,NOSE_DOWN,LEVEL,True,OK
1789620215.7476866,-34.497099999999996,-26.977499999999996,-19.5068,47.94111660047145,-0.8404541015624956,-22.862548828125,NOSE_DOWN,LEVEL,True,OK
1789620215.787742,-34.7656,-27.2949,-18.102999999999998,47.763763653736504,-1.3348388671875013,-25.532226562500014,NOSE_DOWN,LEVEL,True,OK
1789620215.8276792,-34.9854,-27.4902,-16.748,47.54140104372188,-1.8017578124999998,-27.92175292968751,NOSE_DOWN,LEVEL,True,OK
1789620215.8676853,-35.376,-27.6855,-15.5396,47.53343512108082,-2.1533203124999996,-30.454101562500004,NOSE_DOWN,LEVEL,True,OK
1789620215.9077492,-35.71779999999999,-27.5635,-14.5386,47.401251661216705,-2.3016357421875004,-32.80517578125,NOSE_DOWN,LEVEL,True,OK
1789620215.9476395,-36.0352,-27.636699999999998,-13.5742,47.398119494026346,-2.4774169921874902,-35.051879882812514,NOSE_DOWN,TRANSITION,True,OK
1789620215.9876652,-36.377,-27.661099999999998,-13.037099999999999,47.5225058116678,-2.746582031249999,-37.891845703125,NOSE_DOWN,TRANSITION,True,OK
1789620216.0276988,-36.32809999999999,-27.7344,-11.2183,47.061428451121195,-3.2794189453125013,-40.89111328125,NOSE_DOWN,TRANSITION,True,OK
1789620216.0675976,-36.181599999999996,-28.1006,-10.052499999999998,46.90207516912231,-4.290161132812499,-43.74755859375,NOSE_DOWN,TRANSITION,True,OK
1789620216.1077108,-35.6689,-28.466799999999996,-8.77686,46.472168024631685,-5.7843017578125036,-46.768798828124986,NOSE_DOWN,TRANSITION,True,OK
1789620216.147701,-35.2295,-29.1992,-7.77588,46.41309363384863,-7.756347656249998,-49.619750976562514,NOSE_DOWN,TRANSITION,True,OK
1789620216.1876926,-34.5215,-29.2969,-6.37207,45.723578030868275,-9.7723388671875,-51.690673828125,NOSE_DOWN,TRANSITION,True,OK
1789620216.2286646,-34.0332,-29.2969,-4.89197,45.171876453507,-11.101684570312498,-53.93188476562499,NOSE_DOWN,TRANSITION,True,OK
1789620216.268494,-34.0576,-29.223599999999998,-3.7475599999999996,45.03313358710006,-12.095947265624998,-56.722412109375014,NOSE_DOWN,NOSE_DOWN,True,OK
1789620216.308656,-34.0576,-29.247999999999998,-2.46277,44.96032537507819,-13.244018554687502,-59.47448730468751,NOSE_DOWN,NOSE_DOWN,True,OK
1789620216.349774,-33.6182,-29.247999999999998,-1.59607,44.588970774003066,-14.96337890625,-62.43530273437501,NOSE_DOWN,NOSE_DOWN,True,OK
1789620216.3886425,-32.9346,-29.394499999999997,-0.656509,44.14924134656315,-17.111206054687507,-65.62683105468751,NOSE_DOWN,NOSE_DOWN,True,OK
1789620216.4307394,-32.5439,-29.541,0.497818,43.954794175051305,-19.4622802734375,-68.9776611328125,NOSE_DOWN,NOSE_DOWN,True,OK
1789620216.4701555,-32.4219,-29.4678,1.59607,43.841513156994246,-22.214355468750007,-72.37792968749997,NOSE_DOWN,NOSE_DOWN,True,OK
1789620216.5099459,-31.738300000000002,-29.247999999999998,2.45819,43.22971072036106,-25.2850341796875,-75.56396484375001,NOSE_DOWN,NOSE_DOWN,True,OK
1789620216.550827,-31.616199999999996,-29.223599999999998,2.86713,43.148850898220914,-27.592163085937493,-78.2940673828125,NOSE_DOWN,NOSE_DOWN,True,OK
1789620216.5907576,-31.2256,-28.9551,3.72314,42.74690261094481,-27.548217773437546,-80.54626464843759,NOSE_DOWN,NOSE_DOWN,True,OK
1789620216.6308572,-31.738300000000002,-28.7598,4.23584,43.039378752900234,-24.197387695312525,-82.42492675781259,NOSE_DOWN,NOSE_DOWN,True,OK
1789620216.6707895,-31.909199999999995,-28.198199999999996,4.45251,42.81542214179488,-17.193603515625043,-84.06738281250013,NOSE_DOWN,NOSE_DOWN,True,OK
1789620216.7118177,-32.2754,-27.71,4.89807,42.81981591372036,-7.89367675781246,-85.63842773437479,NOSE_DOWN,NOSE_DOWN,True,OK
1789620216.7517874,-32.5195,-27.417,5.072019999999999,42.83614310521432,7.531127929687452,-86.80847167968736,NOSE_DOWN,NOSE_DOWN,True,OK
1789620216.7920737,-32.6416,-27.4658,5.22156,42.978004944780764,27.597656250000036,-87.39074707031249,NOSE_DOWN,NOSE_DOWN,True,OK
1789620216.8330634,-32.9834,-27.3438,5.01404,43.13616430701274,50.685424804687344,-87.5225830078123,NOSE_DOWN,NOSE_DOWN,True,OK
1789620216.8728592,-33.2031,-27.0264,5.230709999999999,43.130412398609174,65.67077636718757,-87.16552734375,NOSE_DOWN,TRANSITION,True,OK
1789620216.9137802,-33.252,-26.733399999999996,5.57251,43.02816574361612,65.73120117187503,-87.20947265625013,NOSE_DOWN,TRANSITION,True,OK
1789620216.9537494,-32.9834,-26.5381,6.39648,42.81460479276202,54.42077636718766,-87.31384277343773,NOSE_DOWN,NOSE_DOWN,True,OK
1789620216.9948413,-32.7637,-26.2207,6.890869999999999,42.52610063874773,39.49584960937516,-87.16003417968776,NOSE_DOWN,NOSE_DOWN,True,OK
1789620217.034819,-32.666,-25.7324,7.873539999999999,42.32276689787188,28.39416503906262,-86.63818359375001,NOSE_DOWN,NOSE_DOWN,True,OK
1789620217.0748105,-32.4219,-24.8291,9.173579999999998,41.854729439292754,21.89575195312509,-85.8636474609376,NOSE_DOWN,NOSE_DOWN,True,OK
1789620217.1148646,-33.1299,-23.3643,10.4309,41.860296980671315,26.861572265625025,-85.12756347656264,NOSE_DOWN,NOSE_DOWN,True,OK
1789620217.1558664,-33.17869999999999,-21.826199999999996,11.7615,41.41910214357621,25.18066406249997,-84.36950683593751,NOSE_DOWN,NOSE_DOWN,True,OK
1789620217.1958046,-32.9834,-20.3857,13.2935,40.99022544826998,24.977416992187532,-84.71008300781256,NOSE_DOWN,NOSE_DOWN,True,OK
1789620217.2389288,-32.1777,-18.811,14.9292,40.15145216464779,26.79016113281244,-85.0506591796875,NOSE_DOWN,NOSE_DOWN,True,OK
1789620217.2778375,-32.5439,-17.4683,15.856899999999998,40.195624260732664,28.273315429687543,-85.16052246093743,NOSE_DOWN,NOSE_DOWN,True,OK
1789620217.3178084,-32.6904,-15.8691,16.9556,40.09966282065224,31.673583984374915,-85.46813964843737,NOSE_DOWN,NOSE_DOWN,True,OK
1789620217.3577588,-32.1777,-14.2578,17.9443,39.50553303804418,28.657836914062386,-85.61645507812486,NOSE_DOWN,NOSE_DOWN,True,OK
1789620217.397788,-31.5918,-13.110399999999998,18.505899999999997,38.8894940852925,21.56616210937502,-85.82519531250031,NOSE_DOWN,NOSE_DOWN,True,OK
1789620217.4378061,-31.664999999999996,-12.499999999999998,18.9697,38.971422133276064,19.11621093750001,-86.26464843749997,NOSE_DOWN,NOSE_DOWN,True,OK
1789620217.4778278,-31.543,-11.968999999999998,19.4946,38.96482053288581,3.1256103515624387,-87.5885009765627,NOSE_DOWN,NOSE_DOWN,True,OK
1789620217.517818,-31.0059,-11.3525,19.824199999999998,38.51290688457572,-9.788818359375018,-87.89611816406251,NOSE_DOWN,NOSE_DOWN,True,OK
1789620217.5578082,-29.9561,-10.1624,20.4102,37.64596346236871,-14.287719726562875,-88.70910644531257,NOSE_DOWN,NOSE_DOWN,True,OK
1789620217.5978398,-30.419899999999995,-9.68628,20.642099999999996,38.01697816316283,7.338867187499878,-89.0606689453121,NOSE_DOWN,NOSE_DOWN,True,OK
1789620217.6379714,-30.664099999999998,-8.99658,20.7886,38.12337039751863,42.583007812499666,-88.91235351562426,NOSE_DOWN,NOSE_DOWN,True,OK
1789620217.6778674,-30.3711,-7.885739999999999,21.106,37.816026318977514,71.8945312500001,-88.72558593750011,NOSE_DOWN,TRANSITION,True,OK
1789620217.7187912,-30.297899999999995,-6.53687,21.4355,37.685197014967294,68.52172851562457,-88.69812011718679,NOSE_DOWN,TRANSITION,True,OK
1789620217.7577617,-30.468799999999998,-5.36804,21.6064,37.73592648712365,58.98559570312503,-88.87390136718719,NOSE_DOWN,TRANSITION,True,OK
1789620217.7982676,-30.859399999999997,-4.16565,21.6064,37.90107820685976,20.32470703124998,-88.52233886718751,NOSE_DOWN,NOSE_DOWN,True,OK
1789620217.8379605,-31.0059,-3.40881,21.545399999999997,37.91028991693548,-0.8569335937498572,-88.39599609374966,NOSE_DOWN,NOSE_DOWN,True,OK
1789620217.8778205,-30.834999999999997,-2.4032599999999995,21.826199999999996,37.85440383981235,-31.470336914061907,-88.97277832031301,NOSE_DOWN,NOSE_DOWN,True,OK
1789620217.917813,-30.3711,-1.51138,22.29,37.703210535899984,-97.58056640625063,-89.10461425781236,NOSE_DOWN,TRANSITION,True,OK
1789620217.9577873,-29.9316,-1.01776,22.497599999999995,37.45768972771278,-142.7288818359378,-88.5058593750002,NOSE_DOWN,TRANSITION,True,OK
1789620217.9978676,-29.7363,-0.653458,22.4365,37.256825915498545,-152.05078125000006,-88.18176269531234,NOSE_DOWN,INVERTED,True,OK
1789620218.0378366,-29.834,-0.142193,22.2412,37.21234677212993,-143.33862304687491,-88.31909179687501,NOSE_DOWN,TRANSITION,True,OK
1789620218.0778797,-30.127,0.596619,22.1191,37.379762814137294,-121.98120117187548,-88.28063964843783,NOSE_DOWN,TRANSITION,True,OK
1789620218.1178498,-30.3955,1.53351,22.070299999999996,37.59436414225009,-101.94763183593726,-87.95104980468714,NOSE_DOWN,TRANSITION,True,OK
1789620218.1578927,-30.664099999999998,2.07062,21.8628,37.716793604897006,-88.90686035156278,-87.57202148437506,NOSE_DOWN,TRANSITION,True,OK
1789620218.1978178,-30.859399999999997,2.6184099999999995,21.6064,37.76235109534495,-83.18847656250014,-87.24243164062509,NOSE_DOWN,TRANSITION,True,OK
1789620218.2380164,-30.542,3.20435,21.3989,37.42986166328297,-83.0895996093751,-86.79199218749987,NOSE_DOWN,TRANSITION,True,OK
1789620218.2778506,-31.5186,3.90625,21.1914,38.180575807372264,-81.61193847656263,-86.21520996093764,NOSE_DOWN,TRANSITION,True,OK
1789620218.3178284,-32.080099999999995,5.8075,20.739699999999996,38.639293838656,-76.86035156250003,-85.64941406249999,NOSE_DOWN,TRANSITION,True,OK
1789620218.357764,-32.397499999999994,8.03223,19.8608,38.840263923702935,-72.59216308593743,-84.979248046875,NOSE_DOWN,TRANSITION,True,OK
1789620218.397836,-32.2754,10.2295,18.9331,38.79183407651667,-73.53149414062493,-84.44091796874999,NOSE_DOWN,TRANSITION,True,OK
1789620218.4378424,-32.7881,11.5662,18.1152,39.20455273421698,-78.00292968749999,-84.38049316406254,NOSE_DOWN,TRANSITION,True,OK
1789620218.4779377,-33.0566,13.147,17.5049,39.64850484658911,-84.3365478515625,-84.51232910156239,NOSE_DOWN,TRANSITION,True,OK
1789620218.5178542,-32.4951,15.0635,16.9678,39.63264807075096,-90.06591796875006,-84.66064453125006,NOSE_DOWN,TRANSITION,True,OK
1789620218.557801,-31.8604,16.394,16.2109,39.327364556629014,-95.03173828124997,-84.64965820312491,NOSE_DOWN,TRANSITION,True,OK
1789620218.5977988,-32.22659999999999,17.0288,15.7715,39.71490890396199,-99.60205078124996,-84.73754882812491,NOSE_DOWN,TRANSITION,True,OK
1789620218.637974,-31.982399999999995,17.956499999999995,14.9658,39.61420164095194,-106.13342285156234,-84.87487792968749,NOSE_DOWN,TRANSITION,True,OK
1789620218.6778169,-31.957999999999995,19.2017,14.160199999999998,39.88145321988655,-110.92895507812506,-85.18249511718754,NOSE_DOWN,TRANSITION,True,OK
1789620218.7178364,-31.25,21.0938,12.6221,39.759631623670764,-113.92272949218754,-85.48461914062491,NOSE_DOWN,TRANSITION,True,OK
1789620218.757789,-31.713899999999995,22.363299999999995,11.047399999999998,40.347660240217145,-112.71972656250006,-85.9185791015625,NOSE_DOWN,TRANSITION,True,OK
1789620218.7982326,-31.7871,24.1333,8.91724,40.894413610144845,-108.21533203125011,-86.36901855468753,NOSE_DOWN,TRANSITION,True,OK
1789620218.838388,-32.104499999999994,25.5615,6.44531,41.54071765745146,-99.87670898437483,-86.59973144531251,NOSE_DOWN,TRANSITION,True,OK
1789620218.8788707,-32.1533,27.123999999999995,3.3996599999999995,42.20312506208041,-91.14807128906253,-86.62170410156254,NOSE_DOWN,TRANSITION,True,OK
1789620218.9178305,-32.397499999999994,27.905299999999997,1.11542,42.773215171604754,-82.21069335937494,-86.38549804687501,NOSE_DOWN,TRANSITION,True,OK
1789620218.9588099,-32.5684,28.54,-1.59607,43.333355720563574,-74.4488525390626,-86.14379882812501,NOSE_DOWN,TRANSITION,True,OK
1789620218.9988148,-32.7148,28.9062,-3.8299599999999994,43.82345412084264,-72.0263671874999,-85.77575683593747,NOSE_DOWN,TRANSITION,True,OK
1789620219.0390046,-32.88569999999999,29.0283,-6.97632,44.41599380991491,-72.0977783203124,-85.56152343749994,NOSE_DOWN,TRANSITION,True,OK
1789620219.078942,-32.959,28.9062,-9.33838,44.82264405927433,-77.70080566406257,-85.46813964843754,NOSE_DOWN,TRANSITION,True,OK
1789620219.1187892,-33.0811,28.6377,-11.6272,45.27326825335233,-86.209716796875,-85.51757812499994,NOSE_DOWN,TRANSITION,True,OK
1789620219.1588209,-33.032199999999996,28.198199999999996,-13.3911,45.448721426350374,-97.18505859375011,-85.77026367187503,NOSE_DOWN,TRANSITION,True,OK
1789620219.1989522,-33.1055,27.8564,-15.5029,45.95968950743684,-109.42932128906257,-86.05590820312517,NOSE_DOWN,TRANSITION,True,OK
1789620219.238993,-32.8613,27.1973,-17.9321,46.2722203421232,-124.05761718749997,-86.34155273437489,NOSE_DOWN,TRANSITION,True,OK
1789620219.2789483,-32.88569999999999,26.2695,-20.3003,46.72962737739302,-138.98254394531227,-86.61621093749982,NOSE_DOWN,TRANSITION,True,OK
1789620219.3188746,-33.007799999999996,25.3418,-22.0581,47.098635475881885,-154.00085449218747,-86.99523925781251,NOSE_DOWN,INVERTED,True,OK
1789620219.358832,-32.4951,24.0234,-24.6704,47.34642444504125,-171.6119384765623,-87.52807617187469,NOSE_DOWN,INVERTED,True,OK
1789620219.3988469,-31.738300000000002,22.4487,-27.0996,47.38831225882602,162.08129882812506,-88.11584472656281,NOSE_DOWN,INVERTED,True,OK
1789620219.4389887,-31.713899999999995,20.9106,-28.857399999999995,47.705074995538986,124.88159179687491,-88.39599609374989,NOSE_DOWN,TRANSITION,True,OK
1789620219.4788527,-31.5674,18.9209,-31.0059,48.12345617658815,89.64843750000021,-88.04992675781271,NOSE_DOWN,TRANSITION,True,OK
1789620219.5188339,-30.810499999999998,16.381799999999995,-32.8369,47.91567888593461,71.01013183593753,-87.54455566406261,NOSE_DOWN,TRANSITION,True,OK
1789620219.5587986,-30.127,13.7207,-34.35059999999999,47.70594782466856,57.024536132812486,-87.23693847656261,NOSE_DOWN,TRANSITION,True,OK
1789620219.5986984,-30.5176,11.7554,-35.302699999999994,48.122696996427784,46.54357910156271,-87.03918457031274,NOSE_DOWN,NOSE_DOWN,True,OK
1789620219.6388626,-30.834999999999997,8.801269999999999,-36.32809999999999,48.45606699086193,45.703124999999936,-87.49511718749997,NOSE_DOWN,NOSE_DOWN,True,OK
1789620219.6787012,-31.152299999999997,6.06995,-36.6699,48.49733656916119,52.81127929687527,-88.43444824218764,NOSE_DOWN,NOSE_DOWN,True,OK
1789620219.718602,-31.4697,3.18298,-36.498999999999995,48.29751940597363,23.345947265627185,-89.82421875000244,NOSE_DOWN,NOSE_DOWN,True,OK
1789620219.7585833,-32.3242,0.346756,-36.498999999999995,48.75603702479864,-102.84851074218797,-89.03320312500048,NOSE_DOWN,TRANSITION,True,OK
1789620219.7994092,-32.4951,-3.21655,-36.3037,48.828642737664744,-98.3605957031248,-88.36303710937496,NOSE_DOWN,TRANSITION,True,OK
1789620219.838862,-32.4951,-6.98853,-35.9131,48.9338515465613,-94.49890136718739,-87.77526855468712,NOSE_DOWN,TRANSITION,True,OK
1789620219.8787844,-32.1289,-11.163299999999998,-34.7412,48.619301306579885,-92.63122558593737,-87.30285644531232,NOSE_DOWN,TRANSITION,True,OK
1789620219.9186587,-32.0557,-13.6841,-33.7158,48.49306821536456,-91.07116699218739,-86.72058105468741,NOSE_DOWN,TRANSITION,True,OK
1789620219.9585915,-31.8115,-16.247599999999995,-32.5684,48.33897719821965,-90.56579589843737,-86.33056640624996,NOSE_DOWN,TRANSITION,True,OK
1789620219.9987516,-31.5918,-17.9321,-31.5674,48.125905502234446,-84.73205566406229,-85.9625244140623,NOSE_DOWN,TRANSITION,True,OK
1789620220.0386965,-30.908199999999997,-20.8618,-30.322299999999995,48.062182677964174,-75.72875976562487,-85.28137207031232,NOSE_DOWN,TRANSITION,True,OK
1789620220.0807269,-30.297899999999995,-23.0713,-28.7842,47.73654572484272,-68.9886474609376,-84.92431640625003,NOSE_DOWN,TRANSITION,True,OK
1789620220.1199224,-29.9805,-24.7681,-26.9287,47.301628318166806,-65.10498046874999,-84.68811035156259,NOSE_DOWN,TRANSITION,True,OK
1789620220.1597197,-29.6143,-26.2451,-25.3174,46.97640664482544,-62.58361816406266,-84.24316406250016,NOSE_DOWN,TRANSITION,True,OK
1789620220.1996455,-29.4434,-27.661099999999998,-23.23,46.60132140583569,-62.29797363281248,-84.22119140624996,NOSE_DOWN,TRANSITION,True,OK
1789620220.239768,-29.638699999999996,-29.370099999999997,-20.6909,46.57433471892003,-62.85278320312516,-84.62219238281263,NOSE_DOWN,TRANSITION,True,OK
1789620220.279698,-29.907199999999996,-30.2734,-17.8833,46.159850284527565,-59.55139160156241,-85.59448242187489,NOSE_DOWN,TRANSITION,True,OK
1789620220.3199527,-30.7617,-30.468799999999998,-16.0767,46.18538993253169,-47.37304687499986,-86.69860839843747,NOSE_DOWN,NOSE_DOWN,True,OK
1789620220.3597057,-31.2744,-30.7861,-13.8672,46.02359486622053,-21.85729980468769,-87.4237060546875,NOSE_DOWN,NOSE_DOWN,True,OK
1789620220.3998318,-31.616199999999996,-30.7617,-11.676,45.63107784536762,5.67993164062499,-87.28088378906257,NOSE_DOWN,NOSE_DOWN,True,OK
1789620220.439713,-32.5928,-30.590799999999998,-9.96094,45.796375207690836,17.583618164062557,-86.51733398437516,NOSE_DOWN,NOSE_DOWN,True,OK
1789620220.4797394,-32.8613,-30.3467,-8.044429999999998,45.44777324143505,18.863525390624936,-85.75378417968736,NOSE_DOWN,NOSE_DOWN,True,OK
1789620220.5198574,-32.959,-30.2734,-6.11877,45.16872562816999,16.776123046874986,-85.30883789062503,NOSE_DOWN,NOSE_DOWN,True,OK
1789620220.5606656,-32.4951,-30.200199999999995,-4.16565,44.55711215925579,14.227294921874996,-85.2154541015624,NOSE_DOWN,NOSE_DOWN,True,OK
1789620220.6006656,-33.0566,-29.809599999999996,-2.83508,44.60256421245756,14.589843750000005,-85.37475585937497,NOSE_DOWN,NOSE_DOWN,True,OK
1789620220.640849,-33.300799999999995,-29.394499999999997,-1.23367,44.43536713653776,15.078735351562527,-85.68237304687509,NOSE_DOWN,NOSE_DOWN,True,OK
1789620220.6807673,-33.0811,-28.9307,0.497818,43.9498851245498,15.968627929687472,-86.07788085937484,NOSE_DOWN,NOSE_DOWN,True,OK
1789620220.720781,-33.0566,-28.5156,1.93329,43.69915167533691,18.407592773437454,-86.55578613281241,NOSE_DOWN,NOSE_DOWN,True,OK
1789620220.7606957,-33.0566,-28.1006,3.18298,43.50303306207971,20.489501953124893,-87.12158203124984,NOSE_DOWN,NOSE_DOWN,True,OK
1789620220.8009536,-32.9102,-27.3193,4.99573,43.06254445295703,22.77465820312496,-87.73681640624999,NOSE_DOWN,NOSE_DOWN,True,OK
1789620220.839676,-32.4951,-26.586899999999996,6.92749,42.55331824100325,29.40490722656289,-88.4069824218754,NOSE_DOWN,NOSE_DOWN,True,OK
1789620220.87971,-32.397499999999994,-25.7568,8.380129999999998,42.2283948464407,38.765258789062415,-88.9617919921869,NOSE_DOWN,NOSE_DOWN,True,OK
1789620220.919863,-32.25099999999999,-25.3174,9.173579999999998,42.01490585228532,33.21716308593793,-89.35180664062632,NOSE_DOWN,NOSE_DOWN,True,OK
1789620220.9597251,-32.0312,-24.8901,9.99756,41.77877520229141,-5.229492187499948,-89.53308105468726,NOSE_DOWN,NOSE_DOWN,True,OK
1789620220.9997282,-31.445299999999996,-24.3164,10.7666,41.182689040542265,-45.48339843750092,-89.48913574218975,NOSE_DOWN,NOSE_DOWN,True,OK
1789620221.0438054,-31.640599999999996,-23.8403,11.584499999999998,41.27575696095711,-69.34570312500038,-89.35729980468766,NOSE_DOWN,TRANSITION,True,OK
1789620221.07975,-31.884799999999995,-23.1689,12.371799999999999,41.30980311608855,-84.90234374999982,-89.18701171875009,NOSE_DOWN,TRANSITION,True,OK
1789620221.119993,-31.201199999999996,-22.0581,13.6597,40.57908403525146,-98.80004882812491,-89.00024414062457,NOSE_DOWN,TRANSITION,True,OK
1789620221.159717,-30.883799999999997,-20.8008,14.7705,40.058083495469425,-111.74194335937462,-88.85742187499976,NOSE_DOWN,TRANSITION,True,OK
1789620221.1997373,-30.859399999999997,-19.3237,16.2354,39.86597751479323,-132.62145996093727,-88.7420654296874,NOSE_DOWN,TRANSITION,True,OK
1789620221.2407396,-30.810499999999998,-17.5171,17.688,39.6106178525405,-149.8864746093749,-88.76953125000018,NOSE_DOWN,INVERTED,True,OK
1789620221.2808638,-30.615199999999998,-15.21,18.8477,39.03678222305214,-168.40942382812491,-89.01672363281199,NOSE_DOWN,INVERTED,True,OK
1789620221.3197896,-30.566399999999998,-13.5376,19.458,38.68055308187824,149.65026855468687,-89.48913574218761,NOSE_DOWN,INVERTED,True,OK
1789620221.3596942,-31.25,-12.695299999999998,19.714399999999998,39.06905053171884,77.3602294921877,-89.27490234374966,NOSE_DOWN,TRANSITION,True,OK
1789620221.3997881,-31.2988,-11.8469,19.958499999999997,38.96544165411191,50.652465820312585,-88.80798339843795,NOSE_DOWN,NOSE_DOWN,True,OK
1789620221.4407053,-32.080099999999995,-11.5295,19.677699999999998,39.36081888820404,34.38171386718744,-88.37402343749982,NOSE_DOWN,NOSE_DOWN,True,OK
1789620221.4806936,-32.2754,-10.9924,19.458,39.257458742511595,27.833862304687297,-87.98400878906226,NOSE_DOWN,NOSE_DOWN,True,OK
1789620221.5198207,-32.3486,-10.4065,19.7754,39.3165818627459,22.922973632812447,-88.16528320312464,NOSE_DOWN,NOSE_DOWN,True,OK
1789620221.5606837,-32.104499999999994,-9.326169999999998,20.361299999999996,39.144078796273895,13.881225585937687,-88.77502441406297,NOSE_DOWN,NOSE_DOWN,True,OK
1789620221.6006699,-31.7871,-8.276369999999998,20.886199999999995,38.924945436402346,-24.66430664062492,-89.50012207031172,NOSE_DOWN,NOSE_DOWN,True,OK
1789620221.6407058,-31.079099999999997,-6.97632,21.411099999999998,38.379873641824304,-118.24035644531267,-88.93981933593754,NOSE_DOWN,TRANSITION,True,OK
1789620221.680748,-30.419899999999995,-5.75562,21.9971,37.97854507487615,-130.4351806640627,-87.588500976563,NOSE_DOWN,TRANSITION,True,OK
1789620221.7208772,-29.8828,-4.312129999999999,22.509799999999995,37.65988976373802,-133.21472167968759,-87.01721191406243,NOSE_DOWN,TRANSITION,True,OK
1789620221.760802,-29.6143,-2.8533899999999996,22.9004,37.54433271669774,-135.97229003906259,-86.24267578125017,NOSE_DOWN,TRANSITION,True,OK
1789620221.8008876,-29.370099999999997,-0.44670099999999996,23.0469,37.33579938080074,-134.4561767578123,-86.08886718749996,NOSE_DOWN,TRANSITION,True,OK
1789620221.840717,-29.6143,1.15967,22.741699999999998,37.35688046249178,-133.44543457031256,-86.58874511718757,NOSE_DOWN,TRANSITION,True,OK
1789620221.8798552,-29.9805,2.36053,22.4121,37.50606229052711,-128.88061523437523,-87.59399414062524,NOSE_DOWN,TRANSITION,True,OK
1789620221.9198472,-30.7861,2.32391,22.1924,38.02219258088755,-107.96813964843832,-88.58276367187581,NOSE_DOWN,TRANSITION,True,OK
1789620221.9598854,-31.0059,1.80054,21.875,37.988464092426796,-58.353881835937095,-88.6761474609369,NOSE_DOWN,TRANSITION,True,OK
1789620221.999819,-31.201199999999996,0.46234099999999995,21.6553,37.98263627936166,-27.83935546874984,-87.79174804687447,NOSE_DOWN,NOSE_DOWN,True,OK
1789620222.0407724,-32.4951,-3.2104499999999994,21.020499999999995,38.83426236537138,-19.132690429687493,-86.72058105468753,NOSE_DOWN,NOSE_DOWN,True,OK
1789620222.0807717,-33.6182,-7.391359999999999,19.8975,39.75834604381324,-14.029541015624984,-85.7098388671874,NOSE_DOWN,NOSE_DOWN,True,OK
1789620222.1207762,-33.7402,-10.9314,18.4448,39.97633361177586,-8.190307617187518,-84.9133300781252,NOSE_DOWN,NOSE_DOWN,True,OK
1789620222.1608624,-33.6914,-14.550799999999999,16.503899999999998,40.23946980030925,-2.6092529296874885,-84.44091796874999,NOSE_DOWN,NOSE_DOWN,True,OK
1789620222.200746,-34.472699999999996,-18.7012,13.5498,41.49336099630879,3.3728027343750178,-84.11132812500004,NOSE_DOWN,NOSE_DOWN,True,OK
1789620222.2408218,-35.2295,-22.6562,9.29565,42.90489689548852,8.761596679687518,-83.95202636718751,NOSE_DOWN,NOSE_DOWN,True,OK
1789620222.2808678,-35.0098,-24.865699999999997,6.249999999999999,43.39414283667785,11.629028320312518,-83.80920410156259,NOSE_DOWN,NOSE_DOWN,True,OK
1789620222.320806,-34.668,-26.855499999999996,2.50702,43.92463151274465,13.150634765625018,-84.02343750000011,NOSE_DOWN,NOSE_DOWN,True,OK
1789620222.3608754,-34.8389,-28.2959,-0.995636,44.89318657730253,15.303955078124984,-84.90783691406244,NOSE_DOWN,NOSE_DOWN,True,OK
1789620222.4008303,-34.5215,-29.4434,-5.36194,45.68805277502643,11.304931640625044,-85.89111328125017,NOSE_DOWN,NOSE_DOWN,True,OK
1789620222.4408026,-33.8135,-30.053699999999996,-9.12476,46.15017780028155,0.5108642578124545,-86.92382812500013,NOSE_DOWN,NOSE_DOWN,True,OK
1789620222.4808238,-33.300799999999995,-30.053699999999996,-12.0544,46.44864609103262,-20.917968749999854,-87.43469238281234,NOSE_DOWN,NOSE_DOWN,True,OK
1789620222.520827,-32.9346,-30.053699999999996,-13.6719,46.63511134821059,-51.141357421874844,-87.60498046874984,NOSE_DOWN,NOSE_DOWN,True,OK
1789620222.5618036,-32.6904,-30.0781,-14.9658,46.875681556751786,-74.4653320312503,-87.36877441406273,NOSE_DOWN,TRANSITION,True,OK
1789620222.6018534,-32.6172,-29.394499999999997,-16.906699999999997,47.05055654272327,-68.41186523437557,-87.39074707031288,NOSE_DOWN,TRANSITION,True,OK
1789620222.641872,-32.8613,-27.7588,-20.459,47.63388180833051,-54.17907714843818,-87.93457031250043,NOSE_DOWN,NOSE_DOWN,True,OK
1789620222.6817927,-33.1055,-26.0986,-22.631799999999995,47.84672845085649,-38.36425781250011,-88.39050292968795,NOSE_DOWN,NOSE_DOWN,True,OK
1789620222.7221541,-33.44729999999999,-24.292,-24.707,48.1586855124805,-11.282958984375057,-88.79699707031179,NOSE_DOWN,NOSE_DOWN,True,OK
1789620222.7618356,-33.6182,-22.729499999999998,-26.049799999999998,48.22245972086036,7.910156250000145,-88.68164062500075,NOSE_DOWN,NOSE_DOWN,True,OK
1789620222.8019001,-33.6426,-21.0938,-27.3438,48.21261589708653,27.279052734374968,-88.41247558593714,NOSE_DOWN,NOSE_DOWN,True,OK
1789620222.8408403,-34.0332,-19.164999999999996,-29.394499999999997,48.88345893541086,31.9702148437501,-87.91259765625009,NOSE_DOWN,NOSE_DOWN,True,OK
1789620222.8807979,-33.300799999999995,-17.309599999999996,-31.2256,48.82216328840826,24.466552734375156,-86.98974609375037,NOSE_DOWN,NOSE_DOWN,True,OK
1789620222.9208283,-32.9346,-14.6729,-33.3496,49.11392563957803,17.869262695312628,-85.75378417968744,NOSE_DOWN,NOSE_DOWN,True,OK
1789620222.9607546,-31.8359,-11.8591,-35.0342,48.80120850204429,13.897705078124993,-84.8254394531251,NOSE_DOWN,NOSE_DOWN,True,OK
1789620223.0007496,-30.810499999999998,-7.708739999999999,-36.6943,48.53023011616162,13.540649414062516,-84.25964355468761,NOSE_DOWN,NOSE_DOWN,True,OK
1789620223.0438197,-30.3711,-3.46985,-37.915,48.70308818989305,11.074218749999922,-84.1717529296874,NOSE_DOWN,NOSE_DOWN,True,OK
1789620223.0828087,-30.249,0.0222206,-38.1348,48.67510108664454,6.185302734375019,-84.33654785156263,NOSE_DOWN,NOSE_DOWN,True,OK
1789620223.1236346,-29.834,3.02734,-38.0859,48.47440687915222,3.8067626953124907,-84.30908203124996,NOSE_DOWN,NOSE_DOWN,True,OK
1789620223.1628406,-29.1504,6.34155,-37.4512,47.88061672537751,1.807250976562521,-84.24865722656267,NOSE_DOWN,NOSE_DOWN,True,OK
1789620223.2027142,-29.492199999999997,10.8093,-36.181599999999996,47.913870704525635,-2.8399658203125315,-84.34753417968759,NOSE_DOWN,NOSE_DOWN,True,OK
1789620223.242802,-30.053699999999996,15.551799999999998,-34.0332,47.99314606451634,-4.086914062500002,-84.60021972656241,NOSE_DOWN,NOSE_DOWN,True,OK
1789620223.2829676,-29.9316,18.7988,-31.713899999999995,47.487545874787,-7.1795654296874725,-85.23193359374991,NOSE_DOWN,NOSE_DOWN,True,OK
1789620223.3228126,-30.297899999999995,22.485399999999995,-28.198199999999996,47.10301944472349,-11.310424804687479,-85.68786621093749,NOSE_DOWN,NOSE_DOWN,True,OK
1789620223.362875,-30.7129,25.3174,-24.3774,46.67451767217311,-16.452026367187504,-86.38000488281254,NOSE_DOWN,NOSE_DOWN,True,OK
1789620223.4027865,-31.2744,28.3936,-18.383799999999997,46.06787078604784,-21.439819335937553,-87.2808837890627,NOSE_DOWN,NOSE_DOWN,True,OK
1789620223.4428256,-31.079099999999997,30.0049,-12.5122,44.975100107281584,-29.723510742188015,-88.70361328125028,NOSE_DOWN,NOSE_DOWN,True,OK
1789620223.4827929,-30.7373,30.590799999999998,-7.01904,43.93000772196153,-142.79479980469057,-89.82971191406845,NOSE_DOWN,TRANSITION,True,OK
1789620223.522891,-30.297899999999995,30.444299999999995,-2.87628,43.047545034977304,156.26953124999991,-88.84643554687516,NOSE_DOWN,INVERTED,True,OK
1789620223.562801,-29.809599999999996,29.7119,1.19553,42.1050893093804,152.45178222656264,-88.22021484374994,NOSE_DOWN,INVERTED,True,OK
1789620223.6027446,-29.223599999999998,28.735399999999995,4.385379999999999,41.21860705875927,146.51367187499986,-88.09387207031241,NOSE_DOWN,INVERTED,True,OK
1789620223.6427767,-29.370099999999997,27.3438,7.0068399999999995,40.735512507339344,140.95458984375023,-88.31359863281283,NOSE_DOWN,TRANSITION,True,OK
1789620223.6828496,-29.4434,26.318399999999997,8.60596,40.41824500942118,132.1160888671868,-88.6322021484371,NOSE_DOWN,TRANSITION,True,OK
1789620223.7228718,-29.760699999999996,24.719199999999997,10.4248,40.06762493797205,149.01306152343804,-89.24743652343821,NOSE_DOWN,INVERTED,True,OK
1789620223.7638462,-30.249,22.4609,12.5488,39.71103639103366,-115.4992675781252,-89.13208007812551,NOSE_DOWN,TRANSITION,True,OK
1789620223.803863,-31.3232,19.152799999999996,14.904799999999998,39.6248112818219,-88.03344726562463,-87.58300781249986,NOSE_DOWN,TRANSITION,True,OK
1789620223.8438048,-32.397499999999994,15.918,16.4673,39.675593247486546,-82.94677734375023,-86.72607421875014,NOSE_DOWN,TRANSITION,True,OK
1789620223.883841,-32.6904,12.915,17.9199,39.453546015155595,-75.23986816406263,-85.18249511718761,NOSE_DOWN,TRANSITION,True,OK
1789620223.9238276,-33.3984,9.57031,19.0674,39.630918470508604,-65.26977539062518,-83.79272460937509,NOSE_DOWN,TRANSITION,True,OK
1789620223.9637985,-33.0811,5.86548,20.0562,39.12817643694119,-60.622558593749936,-83.64990234375,NOSE_DOWN,TRANSITION,True,OK
1789620224.003872,-33.1299,1.72424,20.8496,39.18251010014034,-60.77636718749996,-83.73779296874994,NOSE_DOWN,TRANSITION,True,OK
1789620224.0442908,-32.7637,-1.8493699999999997,20.9961,38.95788010527395,-63.880004882812514,-83.69384765624997,NOSE_DOWN,TRANSITION,True,OK
1789620224.0838346,-32.8613,-4.92859,20.7275,39.163570998162314,-63.45703124999999,-83.18847656250011,NOSE_DOWN,TRANSITION,True,OK
1789620224.1239686,-32.8125,-7.000729999999999,20.349099999999996,39.23972792455243,-62.336425781250014,-82.29858398437494,NOSE_DOWN,TRANSITION,True,OK
1789620224.1638305,-32.4463,-9.73511,19.970699999999997,39.323830038439795,-65.73120117187491,-81.96899414062494,NOSE_DOWN,TRANSITION,True,OK
1789620224.203854,-31.884799999999995,-12.2681,19.445799999999995,39.31012447563604,-70.31799316406254,-81.89758300781257,NOSE_DOWN,TRANSITION,True,OK
1789620224.2438266,-31.8115,-14.6851,18.6523,39.69297153842226,-74.01489257812503,-82.09533691406251,NOSE_DOWN,TRANSITION,True,OK
1789620224.2839303,-31.176799999999997,-16.1987,18.1519,39.5459506592015,-77.18994140624997,-82.83691406250006,NOSE_DOWN,TRANSITION,True,OK
1789620224.3248456,-31.0547,-18.2983,16.9556,39.83358565758298,-78.11828613281247,-83.8916015625,NOSE_DOWN,TRANSITION,True,OK
1789620224.3648765,-31.127899999999997,-20.239299999999997,15.588399999999998,40.268767518512405,-77.51953125000003,-85.16052246093751,NOSE_DOWN,TRANSITION,True,OK
1789620224.4048274,-32.0312,-22.3267,13.622999999999998,41.35293744499899,-79.12902832031251,-86.39648437499994,NOSE_DOWN,TRANSITION,True,OK
1789620224.4448285,-31.689499999999995,-23.144499999999997,12.707499999999998,41.247701108667854,-89.1156005859376,-87.39624023437499,NOSE_DOWN,TRANSITION,True,OK
1789620224.484909,-31.8359,-24.0479,11.5906,41.54717838289382,-109.20959472656239,-88.2476806640626,NOSE_DOWN,TRANSITION,True,OK
1789620224.5248435,-32.1533,-24.5361,10.7239,41.84324240913938,-133.37951660156332,-88.89587402343757,NOSE_DOWN,TRANSITION,True,OK
1789620224.5648549,-32.2754,-25.292999999999996,9.39941,42.06882696852979,-150.05126953125014,-89.30786132812534,NOSE_DOWN,INVERTED,True,OK
1789620224.6048841,-32.7148,-26.001,7.873539999999999,42.524143403149225,-172.78747558593778,-89.72534179687581,NOSE_DOWN,INVERTED,True,OK
1789620224.6449404,-33.15429999999999,-26.8311,5.871579999999999,43.053350478173,38.5565185546868,-89.37377929687506,NOSE_DOWN,NOSE_DOWN,True,OK
1789620224.6849804,-33.96,-27.636699999999998,3.71094,43.941322949742876,23.31298828124991,-88.29162597656226,NOSE_DOWN,NOSE_DOWN,True,OK
1789620224.7259116,-33.7646,-28.027299999999997,2.32849,43.943140808664324,17.012329101562443,-87.22045898437467,NOSE_DOWN,NOSE_DOWN,True,OK
1789620224.7649043,-33.667,-28.320299999999996,1.3297999999999999,44.014482265840634,9.283447265624991,-86.43493652343749,NOSE_DOWN,NOSE_DOWN,True,OK
1789620224.8071055,-33.5938,-28.5156,0.933075,44.074408342660995,-4.3560791015625195,-85.81420898437518,NOSE_DOWN,NOSE_DOWN,True,OK
1789620224.8459415,-33.6426,-28.9307,0.715637,44.377044443786126,-8.849487304687532,-85.69885253906263,NOSE_DOWN,NOSE_DOWN,True,OK
1789620224.885888,-33.032199999999996,-29.1992,0.4890439999999999,44.09034680646021,-16.55639648437496,-85.40222167968744,NOSE_DOWN,NOSE_DOWN,True,OK
1789620224.9259865,-32.5928,-29.3457,0.253296,43.85800815351303,-21.676025390624993,-85.11108398437487,NOSE_DOWN,NOSE_DOWN,True,OK
1789620224.9658616,-32.5684,-29.492199999999997,0.303268,43.938394495928314,-23.131713867187564,-84.91882324218754,NOSE_DOWN,NOSE_DOWN,True,OK
1789620225.0058534,-32.8613,-29.4434,0.2977369999999999,44.12332136831008,-21.978149414062447,-84.73205566406227,NOSE_DOWN,NOSE_DOWN,True,OK
1789620225.0459044,-32.8125,-29.492199999999997,-0.11558499999999998,44.11874178829474,-21.648559570312532,-84.56726074218754,NOSE_DOWN,NOSE_DOWN,True,OK
1789620225.085962,-32.959,-29.5898,-0.662231,44.29774819262669,-21.83532714843744,-84.56176757812493,NOSE_DOWN,NOSE_DOWN,True,OK
1789620225.1259477,-32.8613,-29.663099999999996,-0.511169,44.27217899591752,-22.593383789062422,-84.74853515624989,NOSE_DOWN,NOSE_DOWN,True,OK
1789620225.1660264,-32.8125,-29.663099999999996,-0.406647,44.2348846459738,-24.104003906249982,-85.02868652343744,NOSE_DOWN,NOSE_DOWN,True,OK
1789620225.205822,-32.8125,-29.541,-0.333405,44.15248573006989,-25.537719726562464,-85.39123535156253,NOSE_DOWN,NOSE_DOWN,True,OK
1789620225.245974,-33.2275,-29.516599999999997,-0.46234099999999995,44.446711813252065,-25.62561035156253,-85.72082519531256,NOSE_DOWN,NOSE_DOWN,True,OK
1789620225.2858975,-32.9346,-29.272499999999997,0.22659299999999996,44.06380008348859,-23.724975585937546,-85.92956542968767,NOSE_DOWN,NOSE_DOWN,True,OK
1789620225.3259428,-33.0811,-29.1748,0.511169,44.111103205389924,-19.857788085937532,-86.09985351562516,NOSE_DOWN,NOSE_DOWN,True,OK
1789620225.3658526,-33.15429999999999,-28.9307,1.0498,44.01471448299988,-14.194335937500052,-86.3635253906251,NOSE_DOWN,NOSE_DOWN,True,OK
1789620225.4058359,-33.5938,-28.6377,1.12,44.15784935580536,-6.278686523437514,-86.63269042968764,NOSE_DOWN,NOSE_DOWN,True,OK
1789620225.4458814,-33.6914,-28.588899999999995,1.20926,44.20291785524571,1.4062499999999256,-86.99523925781276,NOSE_DOWN,NOSE_DOWN,True,OK
1789620225.4864874,-33.7646,-28.466799999999996,1.39999,44.185595926728205,7.1026611328124964,-87.34680175781237,NOSE_DOWN,NOSE_DOWN,True,OK
1789620225.5260162,-33.5938,-28.4912,1.50681,44.07450909829967,9.821777343749952,-87.64892578124953,NOSE_DOWN,NOSE_DOWN,True,OK
1789620225.565857,-33.7646,-28.5156,1.33362,44.21499970399638,12.886962890624975,-87.90161132812493,NOSE_DOWN,NOSE_DOWN,True,OK
1789620225.6058404,-33.6914,-28.54,1.36414,44.17581818030765,15.040283203124975,-88.04992675781234,NOSE_DOWN,NOSE_DOWN,True,OK
1789620225.6457944,-33.6426,-28.5645,1.29318,44.152321677601506,16.14990234374988,-88.08837890624949,NOSE_DOWN,NOSE_DOWN,True,OK
1789620225.6859593,-34.1553,-28.54,1.13297,44.52414782015373,18.841552734375135,-88.03894042968749,NOSE_DOWN,NOSE_DOWN,True,OK
1789620225.7271152,-33.6182,-28.3936,1.44348,44.02798572170206,25.592651367187482,-87.9455566406252,NOSE_DOWN,NOSE_DOWN,True,OK
1789620225.7674792,-33.7646,-28.2227,1.7776499999999997,44.042355159238475,32.36022949218788,-87.91259765625009,NOSE_DOWN,NOSE_DOWN,True,OK
1789620225.8070722,-33.9111,-28.027299999999997,2.15607,44.047030391899284,40.88562011718762,-87.72033691406261,NOSE_DOWN,NOSE_DOWN,True,OK
1789620225.8470206,-34.4482,-28.076199999999996,2.04468,44.48743874378924,38.512573242187365,-87.24792480468722,NOSE_DOWN,NOSE_DOWN,True,OK
1789620225.887194,-34.2529,-28.0029,1.4625499999999998,44.26694725551447,31.02539062500004,-86.6107177734375,NOSE_DOWN,NOSE_DOWN,True,OK
1789620225.9271958,-34.0332,-28.1494,0.923157,44.175781163966406,27.454833984375007,-86.15478515624977,NOSE_DOWN,NOSE_DOWN,True,OK
1789620225.9671857,-34.5215,-28.1006,0.6443019999999999,44.51733154263859,28.89953613281244,-85.94604492187501,NOSE_DOWN,NOSE_DOWN,True,OK
1789620226.006723,-35.0586,-27.9541,0.6443019999999999,44.84364242383979,31.3165283203125,-85.92956542968757,NOSE_DOWN,NOSE_DOWN,True,OK
1789620226.0467334,-34.6924,-27.905299999999997,0.8758539999999999,44.531286822629724,40.00122070312504,-86.18774414062501,NOSE_DOWN,NOSE_DOWN,True,OK
1789620226.086797,-34.7412,-27.929699999999997,0.5332949999999999,44.57918262022112,39.56176757812529,-86.46240234375027,NOSE_DOWN,NOSE_DOWN,True,OK
1789620226.1278343,-34.35059999999999,-28.198199999999996,0.5866999999999999,44.44599442570724,36.485595703125064,-86.63269042968776,NOSE_DOWN,NOSE_DOWN,True,OK
1789620226.166893,-34.7168,-28.3447,0.208855,44.818766613339825,32.360229492187464,-86.47888183593747,NOSE_DOWN,NOSE_DOWN,True,OK
1789620226.2067966,-34.5703,-28.173799999999996,-0.22659299999999996,44.59730925647475,28.85009765625,-85.9625244140623,NOSE_DOWN,NOSE_DOWN,True,OK
1789620226.2477868,-34.6924,-28.3447,-0.973511,44.80995826283618,27.05383300781263,-85.53405761718768,NOSE_DOWN,NOSE_DOWN,True,OK
1789620226.2868025,-34.7656,-28.418,-1.5777599999999998,44.93015684345649,29.240112304687532,-85.47912597656253,NOSE_DOWN,NOSE_DOWN,True,OK
1789620226.3267972,-34.7656,-28.710899999999995,-2.2659299999999996,45.1452894656231,31.0583496093751,-85.10009765625013,NOSE_DOWN,NOSE_DOWN,True,OK
1789620226.3667345,-35.083,-28.6621,-2.94647,45.398398109084205,32.37670898437501,-84.9627685546875,NOSE_DOWN,NOSE_DOWN,True,OK
1789620226.4087603,-35.1074,-28.5156,-3.09296,45.33470392184777,34.974975585937585,-85.16601562500023,NOSE_DOWN,NOSE_DOWN,True,OK
1789620226.447834,-35.1074,-28.613299999999995,-3.2073999999999994,45.40416155387081,38.57299804687494,-85.51757812499994,NOSE_DOWN,NOSE_DOWN,True,OK
1789620226.4878597,-35.0342,-28.6621,-3.2836899999999996,45.38384917639864,41.52282714843738,-85.86364746093741,NOSE_DOWN,NOSE_DOWN,True,OK
1789620226.527921,-35.0098,-28.832999999999995,-3.50037,45.48934573256577,42.08312988281249,-86.14379882812501,NOSE_DOWN,NOSE_DOWN,True,OK
1789620226.567804,-34.7412,-29.0527,-3.09296,45.39357615667221,40.92407226562486,-86.51733398437504,NOSE_DOWN,NOSE_DOWN,True,OK
1789620226.6077933,-34.497099999999996,-28.9062,-2.66266,45.08556382175563,37.304077148437386,-86.89636230468739,NOSE_DOWN,NOSE_DOWN,True,OK
1789620226.6478393,-34.20409999999999,-29.101599999999998,-2.31171,44.96851768175263,29.85534667968741,-87.20397949218747,NOSE_DOWN,NOSE_DOWN,True,OK
1789620226.6879106,-34.3994,-29.247999999999998,-2.08893,45.2009718137221,18.451538085937536,-87.28637695312487,NOSE_DOWN,NOSE_DOWN,True,OK
1789620226.7278247,-33.4961,-29.4434,-1.55334,44.62415695478851,7.2235107421874885,-87.07214355468729,NOSE_DOWN,NOSE_DOWN,True,OK
1789620226.7682858,-33.3984,-29.4189,-0.91095,44.51690274123415,-0.8514404296875495,-86.82495117187473,NOSE_DOWN,NOSE_DOWN,True,OK
1789620226.8078256,-33.2275,-29.3457,-0.26664699999999997,44.33179406884645,-4.8284912109374325,-86.55578613281222,NOSE_DOWN,NOSE_DOWN,True,OK
1789620226.8478456,-33.5205,-29.3457,0.22659299999999996,44.55160348548242,-5.355834960937454,-86.38000488281223,NOSE_DOWN,NOSE_DOWN,True,OK
1789620226.8878243,-33.2275,-28.979499999999998,0.8575439999999999,44.09777271259781,-3.3123779296875786,-86.24267578125017,NOSE_DOWN,NOSE_DOWN,True,OK
1789620226.9278224,-33.0566,-28.6865,1.45645,43.792411813149776,0.20874023437498126,-86.20422363281257,NOSE_DOWN,NOSE_DOWN,True,OK
1789620226.967842,-33.5449,-28.3936,1.9103999999999999,43.98984502280043,4.163818359375018,-86.2316894531251,NOSE_DOWN,NOSE_DOWN,True,OK
1789620227.007753,-33.6914,-28.2227,2.53296,44.02325653119724,7.816772460937565,-86.25915527343737,NOSE_DOWN,NOSE_DOWN,True,OK
1789620227.0478184,-33.7158,-28.027299999999997,2.52075,43.916271420653416,11.266479492187594,-86.3635253906252,NOSE_DOWN,NOSE_DOWN,True,OK
1789620227.0880387,-33.9111,-27.8564,2.5238,43.958062862346424,14.062500000000004,-86.47888183593767,NOSE_DOWN,NOSE_DOWN,True,OK
1789620227.1278489,-33.6426,-27.807599999999997,2.9663099999999996,43.74798449684396,15.567626953125005,-86.58874511718778,NOSE_DOWN,NOSE_DOWN,True,OK
1789620227.1680603,-34.0332,-27.7344,3.1463599999999996,44.01539761094519,16.34216308593752,-86.72607421875003,NOSE_DOWN,NOSE_DOWN,True,OK
1789620227.207792,-33.7891,-27.6123,3.22571,43.75554359283061,16.924438476562674,-86.90734863281239,NOSE_DOWN,NOSE_DOWN,True,OK
1789620227.2478354,-33.7402,-27.71,3.27148,43.782962181999515,18.088989257812525,-87.13806152343746,NOSE_DOWN,NOSE_DOWN,True,OK
1789620227.2879224,-33.7158,-27.5879,3.40576,43.697214982508896,20.039062500000043,-87.42370605468736,NOSE_DOWN,NOSE_DOWN,True,OK
1789620227.3277788,-33.4961,-27.7344,3.57666,43.63459814557251,21.148681640625092,-87.7423095703126,NOSE_DOWN,NOSE_DOWN,True,OK
1789620227.3677967,-33.5938,-27.7344,3.48511,43.7022463211229,22.0495605468749,-87.98400878906261,NOSE_DOWN,NOSE_DOWN,True,OK
1789620227.4099417,-33.5205,-27.807599999999997,3.43628,43.68860902167062,22.186889648437788,-88.22021484375014,NOSE_DOWN,NOSE_DOWN,True,OK
1789620227.448734,-33.374,-28.051799999999997,3.302,43.72219760304827,19.36889648437517,-88.48388671875024,NOSE_DOWN,NOSE_DOWN,True,OK
1789620227.4888847,-33.3984,-28.173799999999996,2.9968299999999997,43.79722729864186,15.397338867187456,-88.64318847656273,NOSE_DOWN,NOSE_DOWN,True,OK
1789620227.5308208,-33.276399999999995,-28.320299999999996,2.8533899999999996,43.78926836043392,11.87622070312474,-88.79150390624967,NOSE_DOWN,NOSE_DOWN,True,OK
1789620227.5699399,-33.17869999999999,-28.466799999999996,2.76489,43.804445580809485,7.300415039062161,-88.928833007811,NOSE_DOWN,NOSE_DOWN,True,OK
1789620227.6097968,-33.1055,-28.3447,2.91138,43.679197358060506,7.783813476562684,-89.07714843749962,NOSE_DOWN,NOSE_DOWN,True,OK
1789620227.6503158,-33.032199999999996,-28.2715,2.92816,43.57726551856598,11.304931640624686,-89.26391601562554,NOSE_DOWN,NOSE_DOWN,True,OK
1789620227.6901996,-33.2031,-28.320299999999996,2.79388,43.729749680902586,15.814819335938221,-89.45617675781376,NOSE_DOWN,NOSE_DOWN,True,OK
1789620227.7300417,-32.959,-28.54,2.86713,43.6926505883644,20.79162597656187,-89.56604003906362,NOSE_DOWN,NOSE_DOWN,True,OK
1789620227.7699564,-32.5195,-28.3691,3.27454,43.278705240240264,15.314941406250265,-89.642944335938,NOSE_DOWN,NOSE_DOWN,True,OK
1789620227.8099413,-32.8369,-28.3691,3.2073999999999994,43.51270218200658,-2.7081298828124876,-89.82971191406416,INVERTED,NOSE_DOWN,True,OK
1789620227.850415,-33.1055,-28.418,3.38745,43.76107484686019,-175.51757812499991,-89.54406738281108,INVERTED,INVERTED,True,OK
1789620227.8901372,-32.5928,-28.3936,3.54309,43.37096516735706,-179.3957519531248,-88.90136718749949,INVERTED,INVERTED,True,OK
1789620227.9298596,-32.0068,-28.6865,3.74146,43.14335466119435,178.85192871093747,-88.26965332031264,INVERTED,INVERTED,True,OK
1789620227.9701176,-32.397499999999994,-28.6865,3.5552999999999995,43.41835379871051,179.0386962890624,-87.59399414062524,INVERTED,INVERTED,True,OK
1789620228.009905,-32.7393,-28.7842,3.62244,43.74373104438624,-178.81896972656247,-86.94030761718768,INVERTED,INVERTED,True,OK
1789620228.049881,-32.0557,-28.832999999999995,3.80554,43.28269776921952,-176.06689453125,-86.33605957031247,INVERTED,INVERTED,True,OK
1789620228.0899208,-31.689499999999995,-28.9551,3.6499,43.08066847519894,-172.63916015625,-85.98449707031244,INVERTED,INVERTED,True,OK
1789620228.1301558,-31.640599999999996,-29.2969,3.38745,43.25402565626117,-169.19494628906244,-85.90759277343743,INVERTED,INVERTED,True,OK
1789620228.1701493,-31.8115,-29.492199999999997,3.35999,43.50920507076749,-167.61291503906259,-85.95703125000009,INVERTED,INVERTED,True,OK
1789620228.209833,-31.445299999999996,-29.272499999999997,3.32947,43.09027174224943,-163.92700195312486,-86.09436035156237,INVERTED,INVERTED,True,OK
1789620228.2497957,-31.3477,-29.3213,3.32336,43.05184840015119,-157.19787597656253,-86.31958007812496,INVERTED,INVERTED,True,OK
1789620228.289952,-31.201199999999996,-29.272499999999997,3.4210199999999995,42.91966350672381,-153.15490722656253,-86.48986816406224,INVERTED,INVERTED,True,OK
1789620228.330854,-31.2256,-29.4678,3.7689199999999996,43.09981543076954,-150.23254394531264,-86.8249511718752,INVERTED,INVERTED,True,OK
1789620228.3708818,-31.4697,-29.125999999999998,3.84827,43.05200432131935,-150.65002441406253,-87.26989746093763,INVERTED,INVERTED,True,OK
1789620228.4109204,-31.713899999999995,-28.832999999999995,4.05273,43.05273467113209,-154.3688964843752,-87.86865234375023,INVERTED,INVERTED,True,OK
1789620228.4508631,-32.080099999999995,-28.5156,4.12292,43.119261690066075,-167.95349121093741,-88.36853027343776,INVERTED,INVERTED,True,OK
1789620228.4908686,-32.4707,-28.2471,4.27856,43.24986812203709,172.5842285156249,-88.48388671874999,INVERTED,INVERTED,True,OK
1789620228.530852,-32.6416,-28.1494,4.156489999999999,43.302877272071655,157.31872558593764,-88.48388671874999,INVERTED,INVERTED,True,OK
1789620228.5708246,-32.8613,-28.0029,3.95203,43.354884237198696,146.43127441406313,-88.51684570312601,INVERTED,INVERTED,True,OK
1789620228.610879,-32.9102,-27.9785,3.7963899999999997,43.36231432156384,143.5913085937502,-88.6651611328128,INVERTED,TRANSITION,True,OK
1789620228.6508896,-32.9834,-28.1494,3.5369899999999994,43.50636383542182,155.62133789062466,-88.87390136718687,INVERTED,INVERTED,True,OK
1789620228.6908865,-32.6416,-28.2227,3.6407499999999997,43.304155763765905,177.96752929687486,-88.84643554687516,INVERTED,INVERTED,True,OK
1789620228.7320204,-32.397499999999994,-28.3936,3.7475599999999996,43.24163194380618,-166.1791992187498,-88.46191406249983,INVERTED,INVERTED,True,OK
1789620228.7720044,-31.738300000000002,-28.418,4.30603,42.818737782084376,-159.7796630859375,-87.91259765625043,INVERTED,INVERTED,True,OK
1789620228.811889,-31.909199999999995,-28.418,4.32739,42.94771324357212,-158.6700439453125,-87.40722656250016,INVERTED,INVERTED,True,OK
1789620228.8528466,-32.0312,-28.588899999999995,4.46472,43.16545727000236,-161.21337890625003,-86.98974609375,INVERTED,INVERTED,True,OK
1789620228.892911,-31.7871,-28.3936,4.745479999999999,42.88514693691045,-164.14672851562509,-86.6766357421876,INVERTED,INVERTED,True,OK
1789620228.9328454,-31.2744,-28.3691,4.98352,42.517401164233924,-167.5579833984375,-86.48437499999987,INVERTED,INVERTED,True,OK
1789620228.9729016,-31.884799999999995,-28.3936,4.67224,42.94958461519273,-172.00744628906253,-86.40747070312486,INVERTED,INVERTED,True,OK
1789620229.0128486,-32.5195,-28.466799999999996,4.2572,43.42810535045248,-177.85217285156247,-86.47338867187501,INVERTED,INVERTED,True,OK
1789620229.0529597,-32.4219,-28.5645,3.56445,43.35683987172612,177.2204589843749,-86.75903320312509,INVERTED,INVERTED,True,OK
1789620229.0929306,-32.2021,-28.710899999999995,2.7419999999999995,43.22973036256414,176.45141601562491,-87.29736328125036,INVERTED,INVERTED,True,OK
1789620229.1329417,-32.7148,-29.1748,1.38702,43.85602488325179,-178.18725585937514,-88.05541992187482,INVERTED,INVERTED,True,OK
1789620229.1729505,-33.007799999999996,-29.541,0.11110299999999998,44.296702876361,-160.08728027343793,-88.77502441406327,INVERTED,INVERTED,True,OK
1789620229.212886,-32.7881,-29.7119,-1.29318,44.26656546121915,-122.5909423828129,-89.1265869140624,INVERTED,TRANSITION,True,OK
1789620229.2529657,-32.7637,-30.0049,-2.95258,44.52495693828799,-81.68334960937497,-89.0332031250001,INVERTED,TRANSITION,True,OK
1789620229.2929196,-33.032199999999996,-30.1025,-4.35181,44.90239407165391,-61.66076660156199,-88.81896972656261,INVERTED,TRANSITION,True,OK
1789620229.3339038,-33.0566,-30.3955,-5.42603,45.233472400103224,-54.86572265625051,-89.00024414062494,INVERTED,NOSE_DOWN,True,OK
1789620229.3738604,-33.3984,-30.175799999999995,-6.353759999999999,45.457697855672365,-77.40417480468905,-89.6209716796883,INVERTED,TRANSITION,True,OK
1789620229.4138572,-33.8623,-29.809599999999996,-6.842039999999999,45.62982713983913,163.1195068359368,-89.21997070312467,INVERTED,INVERTED,True,OK
1789620229.4538467,-34.37499999999999,-29.516599999999997,-7.25098,45.885150228809316,147.39257812499983,-88.20922851562453,INVERTED,INVERTED,True,OK
1789620229.4938667,-34.8877,-29.101599999999998,-8.05664,46.14069984232576,136.0601806640626,-87.4511718750002,INVERTED,TRANSITION,True,OK
1789620229.5338867,-35.2295,-29.0527,-9.326169999999998,46.60637825887032,120.77819824218768,-87.06115722656266,INVERTED,TRANSITION,True,OK
1789620229.5738463,-35.5957,-28.588899999999995,-11.0596,46.97545969822967,98.48144531250016,-86.81396484375016,INVERTED,TRANSITION,True,OK
1789620229.613833,-35.8887,-27.8564,-13.427699999999998,47.37384231767569,75.76721191406257,-86.28112792968751,INVERTED,TRANSITION,True,OK
1789620229.6549726,-35.7666,-26.9531,-16.5405,47.74209270046716,59.4195556640624,-85.37475585937497,INVERTED,TRANSITION,True,OK
1789620229.693883,-35.5957,-26.074199999999998,-19.0186,48.04815199453565,49.081420898437415,-84.3475341796874,INVERTED,NOSE_DOWN,True,OK
1789620229.7339025,-35.1807,-25.0488,-22.1436,48.53311297341229,43.450927734374964,-83.49060058593744,INVERTED,NOSE_DOWN,True,OK
1789620229.7740722,-34.37499999999999,-24.096699999999995,-24.096699999999995,48.40395156162355,39.89685058593747,-82.89733886718751,INVERTED,NOSE_DOWN,True,OK
1789620229.813878,-34.4482,-22.094699999999996,-26.733399999999996,48.88280809129115,38.60595703125007,-82.66662597656251,INVERTED,NOSE_DOWN,True,OK
1789620229.8558998,-34.0576,-20.52,-28.4912,48.91563139937989,39.4354248046875,-82.67761230468764,INVERTED,NOSE_DOWN,True,OK
1789620229.8948743,-33.8623,-18.6157,-30.1514,49.013330530989215,42.78625488281241,-82.69958496093749,INVERTED,NOSE_DOWN,True,OK
1789620229.9376745,-33.276399999999995,-17.8101,-31.2988,49.031962436863566,46.29638671875002,-82.90283203124997,INVERTED,NOSE_DOWN,True,OK
1789620229.9785237,-33.44729999999999,-16.4307,-32.373,49.362950770593116,44.32983398437499,-82.9302978515625,INVERTED,NOSE_DOWN,True,OK
1789620230.0172117,-33.2275,-15.1733,-33.5449,49.593911976673105,38.139038085937564,-82.65014648437509,INVERTED,NOSE_DOWN,True,OK
1789620230.057132,-31.8115,-14.611799999999999,-34.7168,49.30245869862881,30.547485351562464,-81.6558837890624,INVERTED,NOSE_DOWN,True,OK
1789620230.0971181,-30.444299999999995,-13.830599999999999,-35.7422,48.94533440165671,24.521484375000025,-80.04638671875003,INVERTED,NOSE_DOWN,True,OK
1789620230.1376817,-29.370099999999997,-12.6099,-37.1094,48.97672835520968,21.08276367187499,-77.81616210937496,INVERTED,NOSE_DOWN,True,OK
1789620230.1772926,-27.905299999999997,-11.0596,-38.3301,48.68487533372146,20.44555664062499,-75.32775878906251,INVERTED,NOSE_DOWN,True,OK
1789620230.2173772,-26.342799999999997,-8.801269999999999,-39.6973,48.4487470709295,21.54968261718747,-73.80615234374997,INVERTED,NOSE_DOWN,True,OK
1789620230.2571497,-25.0244,-7.495119999999999,-40.3076,48.032281196445375,22.97241210937499,-73.63586425781253,INVERTED,NOSE_DOWN,True,OK
1789620230.2972684,-25.4883,-5.86243,-40.5029,48.21313545917647,26.09802246093753,-74.85534667968753,INVERTED,NOSE_DOWN,True,OK
1789620230.3391066,-26.0254,-4.745479999999999,-40.4053,48.295230547957836,28.25134277343749,-75.66284179687499,INVERTED,NOSE_DOWN,True,OK
1789620230.3770256,-26.9287,-3.0304,-40.2588,48.52946718530917,36.485595703124964,-77.89306640624997,INVERTED,NOSE_DOWN,True,OK
1789620230.4167962,-27.832,-1.4236499999999999,-39.941399999999994,48.70279701703486,41.49536132812498,-78.9862060546875,INVERTED,NOSE_DOWN,True,OK
1789620230.456828,-28.198199999999996,-0.257683,-39.81929999999999,48.79325297885444,44.04418945312495,-79.04113769531249,INVERTED,NOSE_DOWN,True,OK
1789620230.4967535,-27.8564,1.2001,-39.8926,48.67071805233615,45.94482421874996,-78.1951904296875,INVERTED,NOSE_DOWN,True,OK
1789620230.5398362,-27.392599999999998,2.47498,-40.08789999999999,48.61604454468092,47.59277343749996,-76.7449951171875,INVERTED,NOSE_DOWN,True,OK
1789620230.5789018,-26.3672,4.48303,-40.3564,48.414520701757446,48.224487304687514,-74.63562011718753,INVERTED,NOSE_DOWN,True,OK
1789620230.61883,-24.8901,5.97229,-40.6006,47.99577112844527,49.28466796874997,-72.50976562499997,INVERTED,NOSE_DOWN,True,OK
1789620230.6588624,-23.7305,7.51953,-40.7471,47.74940963070539,51.06994628906251,-70.609130859375,INVERTED,NOSE_DOWN,True,OK
1789620230.6987846,-23.034699999999997,8.91724,-40.625,47.544770462245374,53.909912109375014,-69.16992187500001,INVERTED,NOSE_DOWN,True,OK
1789620230.7389734,-22.5586,10.4919,-40.4053,47.45059185784725,57.63977050781247,-68.46130371093749,INVERTED,TRANSITION,True,OK
1789620230.7789133,-22.363299999999995,11.981199999999998,-39.8438,47.235524118718104,61.787109374999986,-68.54919433593747,INVERTED,TRANSITION,True,OK
1789620230.8188598,-22.9492,13.903799999999999,-38.98929999999999,47.33019067751576,66.49475097656251,-69.202880859375,INVERTED,TRANSITION,True,OK
1789620230.8588295,-23.681599999999996,15.454099999999999,-37.939499999999995,47.31863317573744,74.04785156249993,-70.25207519531244,INVERTED,TRANSITION,True,OK
1789620230.8987763,-25.268599999999996,17.2607,-36.377,47.536512697609616,85.68237304687503,-71.26831054687501,INVERTED,TRANSITION,True,OK
1789620230.9389625,-26.5137,18.2983,-34.8389,47.45053238679204,98.6572265625,-71.444091796875,INVERTED,TRANSITION,True,OK
1789620230.9788568,-28.6377,20.5566,-32.6172,48.0267987762041,109.64355468749999,-70.79589843750001,INVERTED,TRANSITION,True,OK
1789620231.0188296,-30.127,22.4365,-30.175799999999995,48.18310457919871,118.04260253906244,-69.55444335937501,INVERTED,TRANSITION,True,OK
1789620231.0588677,-30.6885,23.23,-28.588899999999995,47.94519929523706,124.552001953125,-67.9669189453125,INVERTED,TRANSITION,True,OK
1789620231.098799,-31.2988,24.1211,-26.6602,47.667689378550754,130.68786621093753,-65.93994140625001,INVERTED,TRANSITION,True,OK
1789620231.1389177,-32.397499999999994,25.244099999999996,-24.8169,47.98688484023525,136.77429199218747,-63.28674316406251,INVERTED,TRANSITION,True,OK
1789620231.178931,-33.5938,26.440399999999997,-22.2534,48.19597454310889,141.866455078125,-60.43029785156247,INVERTED,TRANSITION,True,OK
1789620231.2188275,-34.2529,27.2217,-19.555699999999998,47.92397637707038,145.82702636718753,-57.84301757812499,INVERTED,INVERTED,True,OK
1789620231.258829,-34.6924,27.8564,-17.1265,47.67450724412367,148.96362304687497,-55.04699707031249,INVERTED,INVERTED,True,OK
1789620231.2988296,-35.2295,28.832999999999995,-15.21,47.99795474028034,150.8477783203125,-52.39929199218751,INVERTED,INVERTED,True,OK
1789620231.3398557,-35.4492,29.0771,-14.025899999999998,47.94631785507621,152.2100830078125,-49.99328613281251,INVERTED,INVERTED,True,OK
1789620231.3789032,-36.1572,29.7363,-10.967999999999998,48.08209306519424,155.2862548828125,-47.158813476562486,INVERTED,INVERTED,True,OK
1789620231.4188306,-37.1582,29.663099999999996,-6.55518,47.995851004877494,159.8895263671875,-42.885131835937514,INVERTED,INVERTED,True,OK
1789620231.4588933,-38.0127,29.638699999999996,-2.83966,48.285417756250176,164.3170166015625,-38.49609375,INVERTED,INVERTED,True,OK
1789620231.4987292,-38.7939,29.0527,1.4976499999999997,48.48988564662223,168.42041015625,-35.084838867187514,INVERTED,INVERTED,True,OK
1789620231.5389113,-39.4043,28.027299999999997,5.334469999999999,48.64858655666062,171.98547363281253,-32.04711914062499,INVERTED,INVERTED,True,OK
1789620231.5789843,-39.5996,27.001999999999995,10.3516,49.034599485669304,174.53979492187497,-28.927001953125,INVERTED,INVERTED,True,OK
1789620231.61879,-39.2334,26.416,12.890599999999997,49.022773278548826,176.099853515625,-26.537475585937496,INVERTED,INVERTED,True,OK
1789620231.6589673,-38.62299999999999,25.9766,15.808099999999998,49.15705343254414,176.92382812499997,-24.6807861328125,INVERTED,INVERTED,True,OK
1789620231.6995368,-37.8418,25.659199999999995,18.2007,49.210383582837466,177.34680175781247,-22.813110351562496,INVERTED,INVERTED,True,OK
1789620231.7389853,-36.4014,25.1221,21.1304,49.01709532938483,177.4566650390625,-20.7421875,INVERTED,INVERTED,True,OK
1789620231.7790992,-34.9365,24.5361,23.9014,48.92704934307811,177.3248291015625,-18.682250976562496,INVERTED,INVERTED,True,OK
1789620231.8187978,-33.6914,23.6206,25.8545,48.59525026759303,177.154541015625,-16.962890625,INVERTED,INVERTED,True,OK
1789620231.8588002,-33.032199999999996,22.7661,26.855499999999996,48.276696513949666,177.00073242187497,-15.75439453125,INVERTED,INVERTED,True,OK
1789620231.8988688,-32.7881,21.9116,27.3682,48.00204253372976,176.91284179687497,-14.930419921874998,INVERTED,INVERTED,True,OK
1789620231.9390006,-33.032199999999996,21.0449,27.1729,47.66949283619451,176.98974609375,-14.161376953125,INVERTED,INVERTED,True,OK
1789620231.9789214,-32.9102,20.617699999999996,27.0264,47.31381525823087,177.1435546875,-13.189086914062502,INVERTED,INVERTED,True,OK
1789620232.018821,-33.007799999999996,20.2881,27.2949,47.39339013470127,177.2589111328125,-11.920166015624996,INVERTED,INVERTED,True,OK
1789620232.0588348,-33.15429999999999,20.1904,26.611299999999996,47.064011179881376,177.29187011718753,-10.579833984375002,INVERTED,INVERTED,True,OK
1789620232.0987828,-33.5938,20.2881,26.5625,47.38899456941453,177.26440429687497,-9.321899414062498,INVERTED,INVERTED,True,OK
1789620232.1389832,-33.7158,20.483399999999996,25.805699999999998,47.140842140229104,177.242431640625,-8.750610351562502,INVERTED,INVERTED,True,OK
1789620232.179002,-34.0332,20.2637,25.659199999999995,47.19396979032385,177.4896240234375,-7.470703125,INVERTED,INVERTED,True,OK
1789620232.2188067,-34.8389,19.7266,24.9634,47.1811301298517,177.879638671875,-7.102661132812499,INVERTED,INVERTED,True,OK
1789620232.259872,-35.791,18.9209,24.3652,47.25102230481368,178.1982421875,-7.190551757812501,INVERTED,INVERTED,True,OK
1789620232.299886,-36.2793,18.1274,24.0479,47.149673738637894,178.4783935546875,-7.344360351562498,INVERTED,INVERTED,True,OK
1789620232.340132,-37.0361,16.7969,23.535199999999996,46.98631919889022,178.5662841796875,-7.1685791015625,INVERTED,INVERTED,True,OK
1789620232.3798978,-37.8662,15.222199999999999,24.1089,47.40045922235353,178.3740234375,-6.74560546875,INVERTED,INVERTED,True,OK
1789620232.4199412,-38.2568,13.5986,24.9634,47.6621024269807,178.0938720703125,-6.317138671875,INVERTED,INVERTED,True,OK
1789620232.4598718,-38.0859,12.207,25.7568,47.57057256382353,177.967529296875,-6.168823242187503,INVERTED,INVERTED,True,OK
1789620232.5008638,-37.939499999999995,10.6079,27.2949,47.926451659495925,177.5665283203125,-6.553344726562499,INVERTED,INVERTED,True,OK
1789620232.5398579,-37.5,8.94775,29.125999999999998,48.31807225109979,177.528076171875,-7.009277343749997,INVERTED,INVERTED,True,OK
1789620232.5809853,-36.9873,6.90918,32.6172,49.796374018621066,177.8466796875,-7.130126953125002,INVERTED,INVERTED,True,OK
1789620232.6208792,-36.4014,5.43518,35.4492,51.10038047052487,178.4893798828125,-7.157592773437501,INVERTED,INVERTED,True,OK
1789620232.6608608,-36.181599999999996,4.31519,40.1855,54.24576899211679,179.395751953125,-7.3828125,INVERTED,INVERTED,True,OK
1789620232.700829,-36.6943,4.34265,45.5811,58.67680068581193,-179.505615234375,-7.657470703124997,INVERTED,INVERTED,True,OK
1789620232.7418644,-38.0371,5.18188,53.46679999999999,65.82075325445919,-178.27514648437503,-7.520141601562501,INVERTED,INVERTED,True,OK
1789620232.7818837,-39.8438,7.757569999999999,59.375,71.9242581869629,-177.132568359375,-7.333374023437502,INVERTED,INVERTED,True,OK
1789620232.8219948,-43.1885,14.099099999999998,65.0879,79.37547404248997,-176.209716796875,-7.327880859374999,INVERTED,INVERTED,True,OK
1789620232.8618999,-46.0693,21.106,67.5781,84.466817378779,-175.46813964843753,-7.305908203124998,INVERTED,INVERTED,True,OK
1789620232.9019256,-49.218799999999995,30.5176,64.4043,86.61251665717838,-174.78149414062503,-7.6025390625,INVERTED,INVERTED,True,OK
1789620232.9428725,-50.1953,35.7422,57.519499999999994,84.29451870187052,-174.14978027343747,-7.948608398437498,INVERTED,INVERTED,True,OK
1789620232.9829392,-49.7803,36.498999999999995,48.950199999999995,78.78056453929483,-173.47412109375,-8.041992187499998,INVERTED,INVERTED,True,OK
1789620233.0228505,-49.12109999999999,34.497099999999996,42.1387,73.338955619166,-172.7984619140625,-7.970581054687498,INVERTED,INVERTED,True,OK
1789620233.0628822,-48.877,29.9561,35.0342,67.18425578846579,-172.232666015625,-7.9046630859375,INVERTED,INVERTED,True,OK
1789620233.1028636,-48.82809999999999,24.9756,29.394499999999997,62.22540136648376,-171.8426513671875,-7.789306640625,INVERTED,INVERTED,True,OK
1789620233.1429887,-48.974599999999995,19.9463,24.707,58.3678179980201,-171.68884277343747,-7.80029296875,INVERTED,INVERTED,True,OK
1789620233.182928,-49.09669999999999,16.6992,21.972699999999996,56.32183215077435,-171.7822265625,-7.783813476562498,INVERTED,INVERTED,True,OK
1789620233.2229621,-49.12109999999999,13.3911,19.5923,54.55329727624169,-172.06787109375003,-7.432250976562499,INVERTED,INVERTED,True,OK
1789620233.2629006,-49.09669999999999,10.9497,18.0786,53.452948084647296,-172.55126953125,-7.404785156249999,INVERTED,INVERTED,True,OK
1789620233.3029096,-49.5117,9.44824,16.2354,52.955319743606495,-172.979736328125,-8.140869140624998,INVERTED,INVERTED,True,OK
1789620233.3429286,-49.9512,7.598879999999999,14.758299999999998,52.63718056264412,-172.93579101562503,-9.052734374999998,INVERTED,INVERTED,True,OK
1789620233.3829203,-50.1953,5.71899,13.208,52.218064428989514,-172.4798583984375,-9.695434570312498,INVERTED,INVERTED,True,OK
1789620233.4228606,-50.3906,4.110719999999999,12.1887,52.00648993124223,-171.97448730468753,-10.530395507812502,INVERTED,INVERTED,True,OK
1789620233.4628985,-50.6836,2.92053,10.6873,51.88039307610246,-171.7108154296875,-11.4532470703125,INVERTED,INVERTED,True,OK
1789620233.5029018,-50.9766,1.53351,9.014889999999998,51.79028521057014,-171.4910888671875,-12.667236328124998,INVERTED,INVERTED,True,OK
1789620233.5430272,-51.0254,0.142193,7.745359999999999,51.61009848410337,-171.485595703125,-13.771362304687502,INVERTED,INVERTED,True,OK
1789620233.58292,-50.927699999999994,-1.02692,7.1228,51.433641440368575,-171.8096923828125,-14.100952148437502,INVERTED,INVERTED,True,OK
1789620233.6228654,-50.6348,-2.0752,6.98853,51.15690547365917,-172.496337890625,-13.666992187500002,INVERTED,INVERTED,True,OK
1789620233.6628494,-49.99999999999999,-3.4942599999999997,7.25098,50.643721860740044,-173.34228515625,-12.584838867187498,INVERTED,INVERTED,True,OK
1789620233.7038388,-49.243199999999995,-4.647829999999999,8.09937,50.12080271050933,-174.2376708984375,-11.255493164062498,INVERTED,INVERTED,True,OK
1789620233.7438946,-48.681599999999996,-5.95703,8.35571,49.751404749866104,-174.2926025390625,-10.3546142578125,INVERTED,INVERTED,True,OK
1789620233.7838783,-48.4619,-6.945799999999999,8.08716,49.620580872412205,-173.44116210937503,-10.3216552734375,INVERTED,INVERTED,True,OK
1789620233.8238747,-48.4619,-8.1543,6.97632,49.635847941204744,-172.89184570312503,-11.568603515625002,INVERTED,INVERTED,True,OK
1789620233.8638527,-48.4375,-9.509279999999999,5.66711,49.68635575407498,-172.562255859375,-13.3758544921875,INVERTED,INVERTED,True,OK
1789620233.9038632,-48.4131,-11.0962,4.03137,49.831775506466755,-171.97998046875,-14.9468994140625,INVERTED,INVERTED,True,OK
1789620233.943874,-48.2422,-12.4695,3.00903,49.918459037022565,-171.16149902343753,-16.1224365234375,INVERTED,INVERTED,True,OK
1789620233.9838767,-47.8271,-13.952599999999999,2.2934,49.87350223044297,-170.6890869140625,-16.622314453125,INVERTED,INVERTED,True,OK
1789620234.023865,-47.5586,-14.282199999999998,2.89764,49.741310682063855,-171.68884277343747,-16.622314453125,INVERTED,INVERTED,True,OK
1789620234.0638323,-46.72849999999999,-15.295399999999999,3.0304,49.26139764125658,-172.5457763671875,-15.8477783203125,INVERTED,INVERTED,True,OK
1789620234.1048357,-46.1914,-15.942399999999997,3.6010699999999995,48.99768623991239,-172.51281738281247,-14.4195556640625,INVERTED,INVERTED,True,OK
1789620234.1449265,-45.4102,-16.6992,4.647829999999999,48.60608879954136,-172.3809814453125,-12.930908203125002,INVERTED,INVERTED,True,OK
1789620234.1849828,-44.9463,-17.309599999999996,5.2886999999999995,48.45371485799618,-172.68310546874997,-11.821289062499998,INVERTED,INVERTED,True,OK
1789620234.226063,-43.994099999999996,-18.1641,5.75867,47.943483851185654,-173.287353515625,-10.8599853515625,INVERTED,INVERTED,True,OK
1789620234.2648923,-42.94429999999999,-18.9941,6.37207,47.387677864450154,-174.09484863281253,-9.992065429687504,INVERTED,INVERTED,True,OK
1789620234.3074393,-42.3584,-19.189499999999995,7.434079999999999,47.09284984216182,-175.242919921875,-9.0582275390625,INVERTED,INVERTED,True,OK
1789620234.3473346,-41.8701,-19.5312,8.13599,46.91233719108546,-175.8746337890625,-8.580322265624998,INVERTED,INVERTED,True,OK
1789620234.3870423,-41.01559999999999,-20.3369,8.07495,46.48735056413195,-176.33056640625,-8.223266601562504,INVERTED,INVERTED,True,OK
1789620234.4274404,-40.08789999999999,-21.1304,8.52661,46.11113323983807,-176.561279296875,-7.8332519531249964,INVERTED,INVERTED,True,OK
1789620234.4672132,-39.3311,-21.960399999999996,8.53271,45.84759247020611,-176.90185546875003,-7.404785156249998,INVERTED,INVERTED,True,OK
1789620234.507121,-38.62299999999999,-22.3145,9.277339999999999,45.560312517865796,-177.418212890625,-6.987304687500001,INVERTED,INVERTED,True,OK
1789620234.5470443,-37.52439999999999,-23.144499999999997,9.47266,45.09412115881182,-177.813720703125,-6.5423583984375,INVERTED,INVERTED,True,OK
1789620234.587138,-36.6699,-23.681599999999996,9.63745,44.70324582256304,-178.187255859375,-6.0699462890625,INVERTED,INVERTED,True,OK
1789620234.627258,-35.71779999999999,-24.2798,9.94873,44.319827994847856,-179.11010742187497,-5.745849609375,INVERTED,INVERTED,True,OK
1789620234.6669002,-34.9121,-24.4507,10.497999999999998,43.896462965710576,-179.560546875,-5.592041015625,INVERTED,INVERTED,True,OK
1789620234.7067487,-33.7891,-24.9512,10.980199999999998,43.4146340798814,-179.3792724609375,-4.685668945312499,INVERTED,INVERTED,True,OK
1789620234.7467937,-32.6904,-25.9033,10.8032,43.08540742861787,-178.3905029296875,-3.872680664062501,INVERTED,INVERTED,True,OK
1789620234.7868192,-31.8604,-26.6357,10.571299999999999,42.85204763298949,-177.6214599609375,-3.2135009765624996,INVERTED,INVERTED,True,OK
1789620234.8278532,-30.5176,-27.6123,10.4797,42.46866059978817,-177.1929931640625,-2.8125,INVERTED,INVERTED,True,OK
1789620234.8678672,-29.516599999999997,-28.1494,10.3516,42.08056580513147,-177.2479248046875,-2.834472656249999,INVERTED,INVERTED,True,OK
1789620234.9091103,-28.418,-28.613299999999995,10.5042,41.67303538896584,-178.0279541015625,-3.44970703125,INVERTED,INVERTED,True,OK
1789620234.947809,-27.5879,-28.832999999999995,10.711699999999999,41.31796984727105,-179.3133544921875,-4.614257812499998,INVERTED,INVERTED,True,OK
1789620234.987881,-26.855499999999996,-28.8086,11.0352,40.90145417035927,179.38476562499997,-6.075439453124999,INVERTED,INVERTED,True,OK
1789620235.0278347,-26.049799999999998,-28.8818,11.5356,40.568713544306526,178.53881835937503,-7.2015380859375,INVERTED,INVERTED,True,OK
1789620235.0679724,-24.9268,-29.272499999999997,11.437999999999999,40.11299612955881,178.472900390625,-7.6080322265625,INVERTED,INVERTED,True,OK
1789620235.107864,-23.8525,-29.663099999999996,11.315899999999997,39.71008499953129,179.219970703125,-7.185058593749998,INVERTED,INVERTED,True,OK
1789620235.1478407,-22.2412,-30.249,11.0413,39.135447922950874,179.9615478515625,-6.152343750000002,INVERTED,INVERTED,True,OK
1789620235.1878476,-21.0449,-30.4932,11.2061,38.70787696916482,-179.571533203125,-5.015258789062501,INVERTED,INVERTED,True,OK
1789620235.2278192,-18.762199999999996,-30.7861,11.1328,37.7325236088179,-179.71435546874997,-4.757080078125001,INVERTED,INVERTED,True,OK
1789620235.2679596,-17.4683,-30.664099999999998,11.0901,36.99214581110428,179.4451904296875,-5.5975341796875,INVERTED,INVERTED,True,OK
1789620235.3087575,-16.9922,-30.249,11.8713,36.66966901309582,178.45642089843753,-7.042236328125,INVERTED,INVERTED,True,OK
1789620235.3478029,-16.9434,-29.907199999999996,12.109399999999999,36.44388815370829,177.3138427734375,-8.135375976562498,INVERTED,INVERTED,True,OK
1789620235.387853,-16.2109,-29.3457,12.890599999999997,35.91839299940909,176.1053466796875,-8.294677734374998,INVERTED,INVERTED,True,OK
1789620235.4278905,-15.0513,-28.832999999999995,13.6597,35.27705946900903,174.97375488281247,-7.8277587890624964,INVERTED,INVERTED,True,OK
1789620235.467945,-14.3921,-28.2959,14.209,34.7805431271566,174.342041015625,-7.630004882812501,INVERTED,INVERTED,True,OK
1789620235.5077994,-13.7085,-27.9785,14.5752,34.39703315025876,174.01245117187503,-6.937866210937501,INVERTED,INVERTED,True,OK
1789620235.5478935,-12.371799999999999,-27.9541,14.623999999999999,33.8873799230628,174.14978027343747,-6.300659179687499,INVERTED,INVERTED,True,OK
1789620235.5878901,-11.4929,-27.9541,14.978,33.732164787039686,174.65515136718753,-6.004028320312498,INVERTED,INVERTED,True,OK
1789620235.628826,-10.4614,-28.1494,14.27,33.24849636179056,175.25390625,-5.712890625,INVERTED,INVERTED,True,OK
1789620235.6689222,-9.8938,-28.1006,14.025899999999998,32.928055964632954,175.3692626953125,-5.355834960937499,INVERTED,INVERTED,True,OK
1789620235.7088094,-9.014889999999998,-27.71,14.5142,32.55417551332087,175.34179687500003,-5.44921875,INVERTED,INVERTED,True,OK
1789620235.7500944,-8.306879999999998,-27.661099999999998,14.4531,32.29601845668286,175.70983886718747,-5.218505859374997,INVERTED,INVERTED,True,OK
1789620235.788894,-7.50122,-27.807599999999997,14.27,32.14286575973586,176.28662109375,-4.921875000000001,INVERTED,INVERTED,True,OK
1789620235.8308768,-7.208249999999999,-28.125,13.3423,31.952957020477776,176.87438964843747,-4.98779296875,INVERTED,INVERTED,True,OK
1789620235.8712091,-6.799319999999999,-28.2715,13.5376,32.0745238230032,177.58850097656253,-5.152587890625,INVERTED,INVERTED,True,OK
1789620235.9108725,-6.34155,-28.2471,13.3301,31.871703450278588,178.41796875,-5.251464843750001,INVERTED,INVERTED,True,OK
1789620235.9508164,-5.551149999999999,-28.3936,12.976099999999999,31.707900568982804,179.15405273437497,-5.191040039062501,INVERTED,INVERTED,True,OK
1789620235.990893,-4.40063,-28.442399999999996,12.170399999999999,31.24826872511339,179.747314453125,-4.998779296874999,INVERTED,INVERTED,True,OK
1789620236.0318658,-3.17383,-28.3447,11.718799999999998,30.83545829720875,-179.6209716796875,-4.4439697265625,INVERTED,INVERTED,True,OK
1789620236.0720417,-1.40457,-28.027299999999997,11.145,30.19459201868606,-178.98376464843747,-3.5430908203124996,INVERTED,INVERTED,True,OK
1789620236.112942,0.0355482,-27.3682,10.8948,29.45702466228596,-178.5003662109375,-2.7795410156250004,INVERTED,INVERTED,True,OK
1789620236.152968,1.75934,-26.6357,10.7361,28.771854909539634,-178.27514648437503,-2.675170898437501,INVERTED,INVERTED,True,OK
1789620236.1937864,3.2318099999999994,-25.708,10.497999999999998,27.956284872566666,-178.319091796875,-3.1146240234375,INVERTED,INVERTED,True,OK
1789620236.2371352,4.7699,-24.609399999999997,10.4797,27.16981093898152,-178.5223388671875,-3.3068847656250004,INVERTED,INVERTED,True,OK
1789620236.2738554,6.408689999999999,-23.022499999999997,10.192899999999998,25.98080106879116,-178.98376464843747,-3.092651367187499,INVERTED,INVERTED,True,OK
1789620236.313833,8.117679999999998,-21.0083,10.8765,25.010870631035615,-179.6759033203125,-2.8509521484375,INVERTED,INVERTED,True,OK
1789620236.3560534,10.0769,-18.689,10.7849,23.81463211179211,179.49462890625,-2.2796630859375004,INVERTED,INVERTED,True,OK
1789620236.3948932,11.920199999999998,-16.1743,10.4736,22.658231296595062,178.648681640625,-1.4831542968750002,INVERTED,INVERTED,True,OK
1789620236.4371195,13.561999999999998,-13.635299999999999,9.86938,21.616056802164447,178.1378173828125,-0.9118652343749999,INVERTED,INVERTED,True,OK
1789620236.4758651,14.501999999999999,-11.4075,9.979249999999999,20.976760732117338,178.03344726562497,-0.8734130859374999,INVERTED,INVERTED,True,OK
1789620236.515893,15.1733,-9.13696,10.3271,20.502733118821013,178.34106445312497,-1.3348388671875,INVERTED,INVERTED,True,OK
1789620236.555942,15.6494,-6.97021,10.2295,19.95320069698343,178.8299560546875,-1.9116210937500002,INVERTED,INVERTED,True,OK
1789620236.5959325,15.8936,-5.3833,10.144,19.608344546391468,179.3463134765625,-2.252197265625,INVERTED,INVERTED,True,OK
1789620236.6372857,15.820299999999998,-4.76074,10.5652,19.61045610070301,179.14306640625,-2.2686767578125,INVERTED,INVERTED,True,OK
1789620236.6758935,15.832499999999998,-3.88489,10.2844,19.2750955878849,178.76953125,-1.7248535156250002,INVERTED,INVERTED,True,OK
1789620236.7159178,16.1621,-2.4826,10.2844,19.316978607691215,178.428955078125,-1.1260986328125002,INVERTED,INVERTED,True,OK
1789620236.7558806,16.4185,-0.351143,9.747309999999999,19.0971331851812,177.9840087890625,-0.6976318359374998,INVERTED,INVERTED,True,OK
1789620236.796487,16.3208,0.8399959999999999,9.64966,18.978673400309514,177.5445556640625,-0.38452148437500006,INVERTED,INVERTED,True,OK
1789620236.837259,16.3086,2.4704,9.15527,18.86510744450982,177.2149658203125,0.25817871093749994,INVERTED,INVERTED,True,OK
1789620236.8759365,16.2354,4.0802,8.74023,18.884593340945944,177.088623046875,0.59326171875,INVERTED,INVERTED,True,OK
1789620236.9159904,15.8691,6.2561,8.42285,19.02397235444007,176.8634033203125,1.5051269531249998,INVERTED,INVERTED,True,OK
1789620236.9558768,15.332,8.1604,7.95288,19.102634699286902,176.30310058593753,1.3677978515624996,INVERTED,INVERTED,True,OK
1789620236.9958725,14.6606,9.91211,7.867429999999999,19.366971157540355,176.04492187500003,1.1810302734374998,INVERTED,INVERTED,True,OK
1789620237.0358987,14.086899999999998,11.0962,7.85522,19.57730541464785,176.275634765625,1.1260986328124998,INVERTED,INVERTED,True,OK
1789620237.07586,13.3423,12.4023,7.8125,19.820927597617626,176.1932373046875,0.9777832031250001,INVERTED,INVERTED,True,OK
1789620237.1158752,12.438999999999998,13.9282,7.592769999999999,20.15871108262877,175.66040039062497,0.6591796875000002,INVERTED,INVERTED,True,OK
1789620237.1559052,11.2244,15.6372,7.427979999999999,20.632112496794893,175.2099609375,0.5822753906249997,INVERTED,INVERTED,True,OK
1789620237.1958988,10.2722,16.8091,7.28149,21.00200067303351,175.01220703124997,0.8679199218749999,INVERTED,INVERTED,True,OK
1789620237.2376437,8.99048,18.0664,7.0068399999999995,21.361632577497442,175.04516601562503,1.5655517578125,INVERTED,INVERTED,True,OK
1789620237.2759042,7.6355,19.458,6.50024,21.889900509312504,175.04516601562503,1.6149902343750009,INVERTED,INVERTED,True,OK
1789620237.3159134,5.70374,20.507799999999996,7.214359999999999,22.475531162515377,175.1605224609375,1.4721679687500009,INVERTED,INVERTED,True,OK
1789620237.3558662,3.51257,21.5332,8.02612,23.24726763512865,175.57250976562497,1.241455078125,INVERTED,INVERTED,True,OK
1789620237.395888,1.63116,22.204599999999996,8.12988,23.702318302647104,176.187744140625,0.615234375,INVERTED,INVERTED,True,OK
1789620237.4376502,-0.39558399999999994,22.729499999999998,8.36182,24.22202903687996,177.1051025390625,-0.5218505859374998,INVERTED,INVERTED,True,OK
1789620237.477347,-2.46277,22.875999999999998,9.49097,24.888855409877728,177.63244628906253,-1.23046875,INVERTED,INVERTED,True,OK
1789620237.517193,-4.7821,23.266599999999997,11.0168,26.183449700335515,177.97851562500003,-1.8237304687499998,INVERTED,INVERTED,True,OK
1789620237.557404,-6.726069999999999,23.4497,11.3464,26.904818168776014,178.41796875,-2.0050048828125,INVERTED,INVERTED,True,OK
1789620237.5973737,-8.72803,23.4741,12.243699999999999,27.87687335733511,178.8848876953125,-1.9061279296875,INVERTED,INVERTED,True,OK
1789620237.6377807,-10.0647,23.0713,12.9395,28.302185958508577,179.3023681640625,-1.7138671874999998,INVERTED,INVERTED,True,OK
1789620237.6771917,-11.584499999999998,22.753899999999998,14.099099999999998,29.167194350331332,179.9066162109375,-1.2634277343750002,INVERTED,INVERTED,True,OK
1789620237.7172203,-13.5864,22.5708,15.4053,30.518101934589577,-179.48913574218753,-0.933837890625,INVERTED,INVERTED,True,OK
1789620237.757288,-15.319799999999999,22.1069,16.2842,31.441794943832324,-178.8739013671875,-0.5767822265624999,INVERTED,INVERTED,True,OK
1789620237.7981164,-16.1743,21.6309,17.2852,32.06683573943647,-178.4014892578125,-0.1812744140625,INVERTED,INVERTED,True,OK
1789620237.8374352,-17.1021,21.0083,17.4927,32.24631834163398,-178.22021484375,0.15380859374999994,INVERTED,INVERTED,True,OK
1789620237.8773468,-18.090799999999998,20.6543,18.774399999999996,33.261918893683806,-178.121337890625,0.6866455078125,INVERTED,INVERTED,True,OK
1789620237.9173338,-19.1406,20.3857,19.811999999999998,34.27031772321347,-178.17077636718747,1.3238525390624998,INVERTED,INVERTED,True,OK
1789620237.9571543,-18.9209,20.1782,19.970699999999997,34.11728404401499,-178.2586669921875,1.9445800781250002,INVERTED,INVERTED,True,OK
1789620237.9973266,-18.8354,20.0439,20.2881,34.17802249955372,-178.28613281250003,2.4774169921874996,INVERTED,INVERTED,True,OK
1789620238.0371168,-18.5669,19.677699999999998,20.3369,33.84569624797221,-178.24218750000003,3.1091308593749996,INVERTED,INVERTED,True,OK
1789620238.0773695,-17.8833,19.5435,20.629899999999996,33.57608650736413,-178.143310546875,3.7463378906249996,INVERTED,INVERTED,True,OK
1789620238.1172056,-17.053199999999997,19.4092,20.507799999999996,32.986338622526745,-177.87414550781247,4.421997070312501,INVERTED,INVERTED,True,OK
1789620238.1572108,-16.2109,19.2627,20.52,32.47945951058915,-177.572021484375,4.938354492187499,INVERTED,INVERTED,True,OK
1789620238.1980703,-15.685999999999998,19.287099999999995,20.5933,32.281989209155,-177.4017333984375,5.103149414062502,INVERTED,INVERTED,True,OK
1789620238.2377644,-15.1245,19.2017,20.4224,31.851690769879077,-177.330322265625,5.004272460937502,INVERTED,INVERTED,True,OK
1789620238.277752,-14.5386,19.458,20.1782,31.577593467520604,-177.4346923828125,4.801025390625002,INVERTED,INVERTED,True,OK
1789620238.3178058,-13.7939,19.689899999999998,20.0073,31.277082544732334,-177.68737792968747,4.487915039062501,INVERTED,INVERTED,True,OK
1789620238.3577857,-13.208,19.811999999999998,20.0684,31.140123419151696,-178.154296875,3.9660644531249987,INVERTED,INVERTED,True,OK
1789620238.3977349,-12.365699999999999,20.4346,18.908699999999996,30.463459247761076,-178.85742187499997,3.109130859375,INVERTED,INVERTED,True,OK
1789620238.4377778,-12.0056,20.8374,17.712399999999995,29.86738662621823,-179.483642578125,2.252197265625,INVERTED,INVERTED,True,OK
1789620238.4787583,-10.4553,21.4844,16.4795,29.025276255360602,-179.9176025390625,1.6259765625,INVERTED,INVERTED,True,OK
1789620238.5187423,-9.14307,21.9116,15.3687,28.282695827570965,179.9945068359375,1.0107421875,INVERTED,INVERTED,True,OK
1789620238.5586665,-7.714839999999999,22.094699999999996,13.7451,27.14078661950681,-179.8297119140625,0.41748046875,INVERTED,INVERTED,True,OK
1789620238.5986931,-6.61011,22.5708,12.8784,26.81394699428079,-179.571533203125,-0.34057617187499994,INVERTED,INVERTED,True,OK
1789620238.6397624,-4.44031,22.485399999999995,11.853,25.803162113510425,-179.4232177734375,-1.2194824218750002,INVERTED,INVERTED,True,OK
1789620238.6798651,-2.73285,22.3267,11.7126,25.360106481884102,-179.483642578125,-2.2357177734375004,INVERTED,INVERTED,True,OK
1789620238.7198958,-1.51138,22.3145,11.1938,25.010444582102092,-179.82421875,-3.378295898437501,INVERTED,INVERTED,True,OK
1789620238.7597718,-0.311089,22.29,10.6567,24.70842227370904,179.483642578125,-4.323120117187501,INVERTED,INVERTED,True,OK
1789620238.8015656,1.2710599999999999,21.7651,10.5347,24.213943826308014,178.61572265625,-5.0152587890625,INVERTED,INVERTED,True,OK
1789620238.8397987,3.1494099999999996,21.0571,9.77783,23.429174190888588,177.637939453125,-5.3118896484375,INVERTED,INVERTED,True,OK
1789620238.8798218,4.79126,20.361299999999996,9.70459,23.059006421476617,176.78100585937497,-5.421752929687501,INVERTED,INVERTED,True,OK
1789620238.9202268,6.22253,19.751,9.722899999999997,22.87698985904614,176.01745605468747,-5.306396484374999,INVERTED,INVERTED,True,OK
1789620238.9586804,7.8064,18.5547,9.43604,22.23186055937739,175.2593994140625,-5.295410156249999,INVERTED,INVERTED,True,OK
1789620238.9998682,9.30176,17.4194,9.381099999999998,21.862371158399082,174.84741210937497,-5.361328124999998,INVERTED,INVERTED,True,OK
1789620239.0398457,10.7483,15.5273,9.13696,20.978728184082087,173.902587890625,-5.438232421874999,INVERTED,INVERTED,True,OK
1789620239.079832,11.981199999999998,13.977099999999998,9.80225,20.85647580279324,173.28186035156253,-5.5755615234375,INVERTED,INVERTED,True,OK
1789620239.1203456,12.902799999999997,12.3962,9.75342,20.378351846417804,172.6995849609375,-5.641479492187499,INVERTED,INVERTED,True,OK
1789620239.1598492,13.7329,10.7849,9.930419999999998,20.087803558288797,172.232666015625,-5.361328124999998,INVERTED,INVERTED,True,OK
1789620239.199847,14.3433,9.36279,10.1501,19.910213998952898,171.87011718749997,-5.119628906249999,INVERTED,INVERTED,True,OK
1789620239.2398584,14.9658,7.275389999999999,9.96704,19.397122354970595,171.56249999999997,-5.0537109375,INVERTED,INVERTED,True,OK
1789620239.279874,15.222199999999999,5.59998,10.5042,19.323906605042367,171.45263671875,-5.377807617187498,INVERTED,INVERTED,True,OK
1789620239.320045,15.1855,4.14734,11.2061,19.322953100796987,171.5570068359375,-6.135864257812499,INVERTED,INVERTED,True,OK
1789620239.3598237,15.039099999999998,2.96478,11.8774,19.391675534063577,171.71630859375,-7.152099609374999,INVERTED,INVERTED,True,OK
1789620239.399762,14.6484,1.8219,12.6221,19.421955374781398,171.87011718749997,-8.3770751953125,INVERTED,INVERTED,True,OK
1789620239.439907,14.172399999999998,0.590134,13.0127,19.249299758379678,171.80419921875003,-9.700927734375,INVERTED,INVERTED,True,OK
1789620239.4799628,13.5498,-0.8758539999999999,13.9282,19.451451244298354,171.77673339843747,-10.469970703125,INVERTED,INVERTED,True,OK
1789620239.5198312,13.1348,-2.1636999999999995,14.7095,19.838698520316296,172.06787109375003,-10.557861328124998,INVERTED,INVERTED,True,OK
1789620239.5598876,13.0005,-3.2012899999999997,14.562999999999999,19.7823716200586,172.41943359375,-10.568847656249998,INVERTED,INVERTED,True,OK
1789620239.599807,12.829599999999997,-4.003909999999999,14.9902,20.132958736561793,172.5677490234375,-11.271972656250002,INVERTED,INVERTED,True,OK
1789620239.6398556,11.7249,-5.84717,15.319799999999999,20.15834688308791,172.738037109375,-12.4530029296875,INVERTED,INVERTED,True,OK
1789620239.679865,10.436999999999998,-7.586669999999999,16.4673,20.92033699486937,172.7874755859375,-14.013061523437502,INVERTED,INVERTED,True,OK
1789620239.7201407,9.52148,-8.70972,16.8579,21.22985153689964,172.9248046875,-15.5401611328125,INVERTED,INVERTED,True,OK
1789620239.7598782,8.81958,-9.69849,17.2485,21.664635974474624,173.24340820312497,-16.545410156250007,INVERTED,INVERTED,True,OK
1789620239.8012192,7.73926,-10.852099999999998,17.5415,22.031079002345752,173.51806640625,-17.056274414062496,INVERTED,INVERTED,True,OK
1789620239.841226,7.14722,-11.920199999999998,17.2119,22.122916249409794,174.19372558593747,-17.0947265625,INVERTED,INVERTED,True,OK
1789620239.8809621,7.38525,-12.4756,17.0898,22.41079599127394,174.638671875,-16.441040039062496,INVERTED,INVERTED,True,OK
1789620239.9208872,7.65381,-12.8784,16.98,22.64408077348471,174.40246582031253,-15.732421875000007,INVERTED,INVERTED,True,OK
1789620239.9609046,7.56226,-13.2446,16.4795,22.45397794863084,173.6883544921875,-14.4195556640625,INVERTED,INVERTED,True,OK
1789620240.0009103,7.96509,-13.1958,16.0767,22.271777639831537,172.77648925781247,-13.024291992187498,INVERTED,INVERTED,True,OK
1789620240.0409863,8.31299,-13.1348,15.685999999999998,22.08346371790666,171.6229248046875,-11.612548828124998,INVERTED,INVERTED,True,OK
1789620240.080891,9.15527,-12.6587,15.722699999999998,22.164497507340425,170.4693603515625,-10.206298828125,INVERTED,INVERTED,True,OK
1789620240.1208732,9.564209999999997,-12.115499999999999,15.2466,21.696042605371606,168.717041015625,-9.217529296875002,INVERTED,INVERTED,True,OK
1789620240.1609113,10.2966,-11.3586,15.0513,21.484398925964857,167.15148925781253,-8.124389648437498,INVERTED,INVERTED,True,OK
1789620240.2009065,10.0952,-11.303699999999997,15.234399999999999,21.488919007013823,166.0968017578125,-7.723388671875001,INVERTED,INVERTED,True,OK
1789620240.240941,9.13086,-11.7493,15.6494,21.594498725129046,165.47058105468753,-8.849487304687498,INVERTED,INVERTED,True,OK
1789620240.2808907,7.4829099999999995,-12.3901,17.0776,22.386445493603937,165.34423828124997,-11.002807617187502,INVERTED,INVERTED,True,OK
1789620240.320194,5.618289999999999,-13.3301,18.4448,23.440720884266764,165.6243896484375,-14.166870117187502,INVERTED,INVERTED,True,OK
1789620240.3608809,2.86713,-14.5996,19.1772,24.272077670378774,166.365966796875,-17.852783203124993,INVERTED,INVERTED,True,OK
1789620240.4008777,0.14667499999999997,-15.9302,19.8853,25.47975552641008,167.67883300781247,-21.505737304687507,INVERTED,INVERTED,True,OK
1789620240.440911,-2.3773199999999997,-17.5049,20.0684,26.736002935225752,169.6014404296875,-24.977416992187504,INVERTED,INVERTED,True,OK
1789620240.480934,-4.52576,-19.2139,20.227099999999997,28.262909107124834,172.0733642578125,-28.33923339843749,INVERTED,INVERTED,True,OK
1789620240.5209064,-6.40259,-20.752,19.4946,29.18352432226272,174.649658203125,-31.62414550781249,INVERTED,INVERTED,True,OK
1789620240.5609424,-8.21533,-22.216799999999996,19.0186,30.377376371386976,177.1875,-34.749755859375,INVERTED,INVERTED,True,OK
1789620240.6008928,-9.8877,-23.4985,18.2739,31.36688595876231,179.47265625,-37.825927734375014,INVERTED,INVERTED,True,OK
1789620240.6408908,-11.8103,-25.1709,17.175299999999996,32.681008598113976,-178.4454345703125,-41.127319335937514,INVERTED,INVERTED,True,OK
1789620240.6817265,-13.305699999999998,-26.0986,16.3574,33.552095451849205,-176.42944335937503,-44.46166992187499,INVERTED,INVERTED,True,OK
1789620240.7209122,-14.9902,-27.0508,15.563999999999998,34.62210237232858,-174.4793701171875,-47.91137695312499,INVERTED,INVERTED,True,OK
1789620240.7611427,-16.6138,-27.6855,14.7949,35.51611362043995,-172.33154296875003,-51.871948242187486,INVERTED,INVERTED,True,OK
1789620240.800858,-18.627899999999997,-28.3691,13.5742,36.552201012524534,-169.87060546875003,-56.22253417968749,INVERTED,INVERTED,True,OK
1789620240.8408885,-20.4346,-29.1504,12.164299999999999,37.62032551440777,-167.178955078125,-60.693969726562514,INVERTED,INVERTED,True,OK
1789620240.8808577,-22.9126,-29.6875,10.5103,38.946133326685974,-164.26757812499997,-65.70373535156246,INVERTED,INVERTED,True,OK
1789620240.9209442,-25.146499999999996,-29.9805,9.00269,40.15252507297766,-160.455322265625,-71.05407714843751,INVERTED,INVERTED,True,OK
1789620240.9610205,-26.855499999999996,-29.834,7.727049999999999,40.877778045687606,-155.18188476562503,-76.45935058593747,INVERTED,INVERTED,True,OK
1789620241.0009022,-28.198199999999996,-29.6143,6.21643,41.361688186955085,-141.35009765624994,-82.1118164062499,INVERTED,TRANSITION,True,OK
1789620241.0409205,-30.615199999999998,-29.8828,3.62854,42.93528280344267,-95.47119140625003,-85.51757812500011,INVERTED,TRANSITION,True,OK
1789620241.0808773,-32.22659999999999,-29.9316,1.23138,43.99966730356491,-43.500366210937464,-83.83666992187503,INVERTED,NOSE_DOWN,True,OK
1789620241.1208951,-32.6172,-29.834,-0.26664699999999997,44.20430287271375,-23.67553710937501,-80.04089355468749,INVERTED,NOSE_DOWN,True,OK
1789620241.1616375,-32.8613,-29.541,-1.3778699999999997,44.20898375247841,-16.452026367187507,-76.73400878906246,INVERTED,NOSE_DOWN,True,OK
1789620241.2009509,-33.5205,-29.638699999999996,-3.1463599999999996,44.85505589328364,-15.139160156249998,-74.89929199218751,INVERTED,NOSE_DOWN,True,OK
1789620241.2409348,-33.93549999999999,-30.0781,-6.31714,45.78445716222482,-11.854248046875007,-67.50549316406251,INVERTED,NOSE_DOWN,True,OK
1789620241.2809505,-33.4961,-30.175799999999995,-7.57446,45.715862292442864,-11.112670898437498,-62.968139648437464,INVERTED,NOSE_DOWN,True,OK
1789620241.3209028,-33.2031,-30.175799999999995,-9.558109999999997,45.8735459935473,-9.82177734375,-58.650512695312486,INVERTED,NOSE_DOWN,True,OK
1789620241.3609185,-32.9834,-30.2734,-11.3525,46.18725667724811,-8.5528564453125,-54.12414550781248,INVERTED,TRANSITION,True,OK
1789620241.4009593,-32.5439,-30.200199999999995,-13.4766,46.398019944928684,-7.201538085937499,-50.24597167968748,INVERTED,TRANSITION,True,OK
1789620241.4409983,-31.982399999999995,-30.0781,-15.295399999999999,46.49209901187512,-6.229248046875003,-46.466674804687486,INVERTED,TRANSITION,True,OK
1789620241.4809608,-31.2744,-30.0049,-16.7969,46.48137227944115,-5.751342773437497,-43.027954101562514,INVERTED,TRANSITION,True,OK
1789620241.5209467,-30.590799999999998,-30.0049,-18.0298,46.4883292525124,-5.38330078125,-39.75402832031249,INVERTED,TRANSITION,True,OK
1789620241.561137,-29.7363,-30.0049,-19.3359,46.45878378207936,-5.284423828124998,-36.562500000000014,INVERTED,TRANSITION,True,OK
1789620241.6009703,-28.9062,-29.9805,-20.1416,46.26102927140726,-5.3668212890625,-33.72802734375001,INVERTED,LEVEL,True,OK
1789620241.641954,-28.1494,-29.8584,-21.521,46.336445827447754,-5.388793945312499,-30.487060546875,INVERTED,LEVEL,True,OK
1789620241.6819644,-27.6855,-29.3457,-22.5464,46.21684943502748,-4.5977783203125,-26.889038085937496,INVERTED,LEVEL,True,OK
1789620241.7221596,-27.4902,-28.735399999999995,-23.877,46.38475437253064,-3.7518310546874996,-23.741455078124996,INVERTED,LEVEL,True,OK
1789620241.7618852,-27.636699999999998,-28.076199999999996,-25.414999999999996,46.88264517206766,-2.9278564453125004,-21.412353515625007,INVERTED,LEVEL,True,OK
1789620241.8016195,-27.5635,-27.1484,-25.927699999999998,46.57282235488848,-2.186279296875001,-19.231567382812507,INVERTED,LEVEL,True,OK
1789620241.8419414,-27.270499999999995,-26.6846,-27.1484,46.82716807548797,-1.8951416015625002,-16.858520507812496,INVERTED,LEVEL,True,OK
1789620241.8819873,-26.8311,-26.464799999999997,-27.6855,46.76302467227713,-2.1917724609374996,-15.210571289062496,INVERTED,LEVEL,True,OK
1789620241.922023,-26.2207,-26.416,-28.735399999999995,47.021839369063386,-2.2961425781249987,-13.568115234374996,INVERTED,LEVEL,True,OK
1789620241.9619415,-25.4883,-26.3916,-28.8086,46.648745121492816,-2.4993896484375,-12.073974609374998,INVERTED,LEVEL,True,OK
1789620242.0019786,-24.5728,-26.342799999999997,-28.9307,46.20336583161448,-2.7301025390624996,-10.469970703124998,INVERTED,LEVEL,True,OK
1789620242.045052,-23.4741,-26.3672,-30.175799999999995,46.441807806006,-2.7026367187500004,-8.723144531249998,INVERTED,LEVEL,True,OK
1789620242.0839458,-22.5708,-26.123,-31.25,46.566239290284116,-2.4499511718750004,-7.042236328125,INVERTED,LEVEL,True,OK
1789620242.1239173,-21.7407,-26.001,-31.2256,46.084141880369216,-2.2741699218750004,-5.73486328125,INVERTED,LEVEL,True,OK
1789620242.1639483,-21.5332,-25.683599999999995,-31.176799999999997,45.77465313292936,-2.0379638671875004,-5.1361083984375,INVERTED,LEVEL,True,OK
1789620242.2040236,-20.9839,-25.6348,-31.103499999999997,45.44111291000694,-1.8237304687500002,-5.158081054687501,INVERTED,LEVEL,True,OK
1789620242.243921,-20.7275,-25.7568,-31.8359,45.89734775888472,-1.549072265625,-5.421752929687501,INVERTED,LEVEL,True,OK
1789620242.2839286,-20.7153,-25.5615,-31.543,45.579324099200946,-1.175537109375,-5.38330078125,INVERTED,LEVEL,True,OK
1789620242.323932,-20.361299999999996,-25.4639,-31.8115,45.551775740908276,-0.7250976562500001,-5.031738281250001,INVERTED,LEVEL,True,OK
1789620242.3639872,-20.0562,-25.1221,-31.933599999999995,45.31143206531879,-0.41748046874999994,-4.427490234375001,INVERTED,LEVEL,True,OK
1789620242.4059157,-19.433599999999995,-24.9512,-32.0312,45.01360865160668,-0.34057617187499994,-3.658447265625,INVERTED,LEVEL,True,OK
1789620242.446,-19.397,-24.9146,-32.2754,45.15177014603082,-0.28015136718750017,-3.1970214843750004,INVERTED,LEVEL,True,OK
1789620242.4860017,-19.3726,-24.877899999999997,-32.4219,45.22595647169886,-0.16479492187500003,-2.982788085937499,INVERTED,LEVEL,True,OK
1789620242.5260448,-19.2749,-24.7925,-32.5684,45.2425740295576,0.02746582031249998,-2.5927734375,INVERTED,LEVEL,True,OK
1789620242.5649602,-19.0674,-24.5605,-32.6904,45.11591908816665,0.23620605468749994,-1.9665527343749993,INVERTED,LEVEL,True,OK
1789620242.605914,-18.8354,-24.2554,-32.8125,44.94170533669144,0.4339599609375,-1.0766601562500002,INVERTED,LEVEL,True,OK
1789620242.6459134,-18.0542,-24.2798,-33.2275,44.93917647142636,0.5218505859374999,0.0,INVERTED,LEVEL,True,OK
1789620242.6850214,-17.578099999999996,-24.292,-33.42289999999999,44.901905394092125,0.5548095703124999,0.7855224609375,INVERTED,LEVEL,True,OK
1789620242.7260575,-17.5537,-24.3164,-33.42289999999999,44.905566882737375,0.5328369140624999,0.8624267578125003,INVERTED,LEVEL,True,OK
1789620242.7660778,-17.968799999999998,-24.1333,-33.4961,45.025355718084,0.6921386718749999,0.7031249999999999,INVERTED,LEVEL,True,OK
1789620242.8050032,-18.3594,-24.0356,-33.17869999999999,44.89547604614523,0.8404541015624998,0.11535644531250003,INVERTED,LEVEL,True,OK
1789620242.84599,-18.518099999999997,-24.328599999999998,-32.8613,44.885029166304435,0.8294677734374997,-0.7525634765624999,INVERTED,LEVEL,True,OK
1789620242.8850012,-19.2017,-24.462899999999998,-32.8613,45.24382606488978,0.7305908203125001,-1.3403320312499996,INVERTED,LEVEL,True,OK
1789620242.9263754,-19.6167,-24.462899999999998,-33.0811,45.5807807360734,0.6866455078125001,-1.4831542968750002,INVERTED,LEVEL,True,OK
1789620242.9659522,-19.042999999999996,-24.5239,-32.88569999999999,45.22750031452102,0.6646728515624999,-0.8624267578125001,INVERTED,LEVEL,True,OK
1789620243.0059304,-18.0786,-24.5605,-32.8613,44.83211991307125,0.538330078125,0.2526855468749999,INVERTED,LEVEL,True,OK
1789620243.0450509,-17.8101,-24.6582,-33.42289999999999,45.19199855793058,0.34606933593749994,1.219482421875,INVERTED,LEVEL,True,OK
1789620243.0850499,-17.9199,-24.585,-33.7891,45.46700253832442,0.2801513671875,1.2908935546875002,INVERTED,LEVEL,True,OK
1789620243.1249654,-17.980999999999998,-24.5605,-33.374,45.17032651254583,0.4174804687499998,1.153564453125,INVERTED,LEVEL,True,OK
1789620243.1659927,-18.0054,-24.5483,-33.300799999999995,45.11936106251949,0.4229736328125,1.3403320312499998,INVERTED,LEVEL,True,OK
1789620243.2049766,-18.042,-24.5361,-33.5449,45.30777287861323,0.3790283203125001,1.549072265625,INVERTED,LEVEL,True,OK
1789620243.2449465,-17.7856,-24.719199999999997,-33.96,45.61412079608682,0.32958984375,1.7523193359374998,INVERTED,LEVEL,True,OK
1789620243.286095,-17.8345,-24.6704,-33.3984,45.19016650743832,0.19775390624999997,1.9116210937499998,INVERTED,LEVEL,True,OK
1789620243.3252575,-17.8223,-24.743699999999997,-33.3496,45.18938909899093,0.23620605468750014,1.8017578125000007,INVERTED,LEVEL,True,OK
1789620243.3659308,-18.0786,-24.646,-33.15429999999999,45.0939985192043,0.44494628906249994,1.3568115234375004,INVERTED,LEVEL,True,OK
1789620243.4056983,-18.0786,-24.621599999999997,-33.252,45.15256879204106,0.5273437499999999,1.142578125,INVERTED,LEVEL,True,OK
1789620243.4458582,-17.968799999999998,-24.743699999999997,-33.2275,45.15744921250535,0.46142578124999983,1.4392089843749998,INVERTED,LEVEL,True,OK
1789620243.4856894,-18.090799999999998,-24.707,-33.17869999999999,45.150183026539324,0.703125,0.8734130859374998,INVERTED,LEVEL,True,OK
1789620243.5249577,-18.3594,-24.6582,-33.15429999999999,45.21395806706154,0.9448242187499998,0.1153564453125,INVERTED,LEVEL,True,OK
1789620243.5647993,-18.6157,-24.731399999999997,-33.007799999999996,45.25153360152559,0.5108642578125,0.7086181640624999,INVERTED,LEVEL,True,OK
1789620243.6048105,-18.0664,-25.0244,-32.88569999999999,45.10082780626094,0.15380859375000008,0.9558105468749999,INVERTED,LEVEL,True,OK
1789620243.6447945,-18.3472,-24.987799999999996,-32.9834,45.26493755921906,0.263671875,0.5657958984375001,INVERTED,LEVEL,True,OK
1789620243.684931,-18.0664,-25.0977,-33.0566,45.26619221681895,0.20874023437500003,0.7360839843750002,INVERTED,LEVEL,True,OK
1789620243.7249274,-18.5303,-24.9634,-32.8613,45.237245664828,0.26367187499999994,0.6262207031250001,INVERTED,LEVEL,True,OK
1789620243.7649124,-18.7866,-24.8413,-32.9346,45.32895765854318,0.274658203125,0.6866455078125001,INVERTED,LEVEL,True,OK
1789620243.8048139,-18.640099999999997,-24.731399999999997,-32.7637,45.0838719683658,0.20324707031250006,0.9008789062499999,INVERTED,LEVEL,True,OK
1789620243.8458307,-18.2617,-24.877899999999997,-32.6904,44.95622145443275,0.2032470703125,0.9722900390624999,INVERTED,LEVEL,True,OK
1789620243.8858523,-18.6768,-24.8169,-32.7393,45.12829653709522,0.30761718749999983,0.7525634765624999,INVERTED,LEVEL,True,OK
1789620243.9258783,-19.0796,-24.731399999999997,-32.88569999999999,45.35573333780416,0.47790527343749994,0.5273437500000001,INVERTED,LEVEL,True,OK
1789620243.9658122,-18.811,-24.621599999999997,-32.5439,44.93531278148623,1.1041259765624998,0.802001953125,INVERTED,LEVEL,True,OK
1789620244.0067878,-18.2617,-24.5605,-32.1289,44.37312319805763,1.2744140624999998,0.4779052734374999,INVERTED,LEVEL,True,OK
1789620244.0461936,-18.640099999999997,-24.4263,-32.7148,44.881573042174,1.6589355468749998,-0.20324707031249994,INVERTED,LEVEL,True,OK
1789620244.0859692,-19.0796,-24.352999999999998,-33.3984,45.52529920516723,1.7962646484375,-0.3790283203125,INVERTED,LEVEL,True,OK
1789620244.1265483,-18.8721,-24.3896,-32.88569999999999,45.08301244437864,1.56005859375,-0.08239746093749996,INVERTED,LEVEL,True,OK
1789620244.1659584,-18.7988,-24.487299999999998,-32.5439,44.85675166505038,1.3073730468749998,-0.10986328124999993,INVERTED,LEVEL,True,OK
1789620244.2068782,-18.8599,-24.4507,-32.5928,44.89791944333278,0.999755859375,0.08789062500000004,INVERTED,LEVEL,True,OK
1789620244.2458706,-18.7866,-24.5728,-32.5439,44.89837710441214,0.7855224609374998,0.13183593750000008,INVERTED,LEVEL,True,OK
1789620244.2861116,-18.7866,-24.609399999999997,-32.5928,44.95385989834465,0.7196044921874999,0.13732910156249997,INVERTED,LEVEL,True,OK
1789620244.3259902,-18.7866,-24.731399999999997,-32.666,45.073784415333925,0.6811523437499998,0.186767578125,INVERTED,LEVEL,True,OK
1789620244.3668396,-18.811,-24.6704,-32.4219,44.87384490736224,0.4779052734374999,0.11535644531249999,INVERTED,LEVEL,True,OK
1789620244.4058368,-18.774399999999996,-24.5728,-32.3486,44.75189959275472,0.26916503906249994,0.17578125,INVERTED,LEVEL,True,OK
1789620244.4458826,-18.7378,-24.621599999999997,-32.3486,44.763380763298024,0.20324707031249997,0.2471923828125,INVERTED,LEVEL,True,OK
1789620244.486014,-18.4937,-24.8413,-32.2998,44.74800783744456,-0.07690429687499996,0.7415771484375001,INVERTED,LEVEL,True,OK
1789620244.525929,-18.237299999999998,-25.0488,-32.7637,45.09436251262457,-0.10437011718749994,0.7745361328124999,INVERTED,LEVEL,True,OK
1789620244.5658152,-18.505899999999997,-24.999999999999996,-32.2998,44.84133600652415,-0.12084960937500004,0.8129882812499999,INVERTED,LEVEL,True,OK
1789620244.6058414,-18.396,-25.0244,-32.3242,44.82730548449237,-0.15380859375000008,0.8624267578125,INVERTED,LEVEL,True,OK
1789620244.645935,-18.457,-25.0244,-32.397499999999994,44.90522743077914,-0.14831542968749997,0.8789062500000001,INVERTED,LEVEL,True,OK
1789620244.6870804,-18.2129,-25.0732,-32.5928,44.97405581543652,-0.10986328124999996,0.85693359375,INVERTED,LEVEL,True,OK
1789620244.7279167,-18.7866,-24.9512,-32.4951,45.07139053779016,-0.12634277343750003,0.9008789062500001,INVERTED,LEVEL,True,OK
1789620244.7669992,-18.7988,-24.8901,-32.0312,44.70916833145076,-0.12634277343749997,0.933837890625,INVERTED,LEVEL,True,OK
1789620244.8068655,-18.6523,-24.939,-32.4463,44.9735966982851,-0.13183593749999997,0.9667968749999999,INVERTED,LEVEL,True,OK
1789620244.847918,-18.2739,-25.0732,-32.397499999999994,44.85753878335279,-0.1318359375000001,0.999755859375,INVERTED,LEVEL,True,OK
1789620244.8880286,-18.6035,-24.8901,-32.373,44.87335979464876,-0.12634277343750003,1.0382080078125002,INVERTED,LEVEL,True,OK
1789620244.9279177,-18.8354,-24.865699999999997,-32.4219,44.99172067458634,-0.1263427734374999,1.07666015625,INVERTED,LEVEL,True,OK
1789620244.9679656,-18.505899999999997,-24.9634,-32.4463,44.92662972069016,-0.13183593750000003,1.1041259765624996,INVERTED,LEVEL,True,OK
1789620245.0079157,-18.102999999999998,-25.0488,-32.4707,44.82752891840013,-0.13732910156249994,1.1151123046874998,INVERTED,LEVEL,True,OK
1789620245.0479228,-18.4937,-25.0244,-32.397499999999994,44.92032436770687,-0.15380859375000006,1.1315917968749998,INVERTED,LEVEL,True,OK
1789620245.087922,-18.5303,-24.9634,-32.373,44.88378868422317,-0.14831542968749997,1.1590576171875002,INVERTED,LEVEL,True,OK
1789620245.1269035,-18.689,-24.9756,-32.3486,44.938749852660564,-0.1593017578125,1.1865234375,INVERTED,LEVEL,True,OK
1789620245.166891,-18.249499999999998,-25.0732,-32.22659999999999,44.72430386322407,-0.1702880859375,1.20849609375,INVERTED,LEVEL,True,OK
1789620245.2069924,-18.640099999999997,-24.9634,-32.397499999999994,44.94688725395786,-0.17578125,1.219482421875,INVERTED,LEVEL,True,OK
1789620245.2468765,-18.640099999999997,-24.999999999999996,-32.4707,45.01999207574342,-0.16479492187500008,1.25244140625,INVERTED,LEVEL,True,OK
1789620245.286911,-18.640099999999997,-24.9634,-32.4219,44.9644778372884,-0.17028808593750003,1.2689208984375002,INVERTED,LEVEL,True,OK
1789620245.327966,-18.774399999999996,-24.9512,-32.5684,45.119188327805716,-0.17028808593749986,1.285400390625,INVERTED,LEVEL,True,OK
1789620245.3679082,-18.640099999999997,-24.9512,-32.4463,44.97530537016953,-0.20324707031250008,1.3018798828125,INVERTED,LEVEL,True,OK
1789620245.4091985,-18.6523,-24.743699999999997,-32.1777,44.671728892779605,-0.21972656250000003,1.3238525390625,INVERTED,LEVEL,True,OK
1789620245.4478834,-18.6035,-24.8291,-32.2021,44.716324351068934,-0.2416992187500001,1.3513183593749996,INVERTED,LEVEL,True,OK
1789620245.487984,-18.5791,-24.8291,-32.22659999999999,44.723829343874385,-0.2471923828125,1.3732910156250002,INVERTED,LEVEL,True,OK
1789620245.5279324,-18.5425,-24.999999999999996,-32.5928,45.067892319144455,-0.25817871093749994,1.3897705078124998,INVERTED,LEVEL,True,OK
1789620245.5679467,-18.505899999999997,-25.0244,-32.397499999999994,44.925348484124186,-0.27465820312499994,1.4227294921875,INVERTED,LEVEL,True,OK
1789620245.6089525,-18.396,-24.9023,-31.7627,44.35545595053668,-0.2801513671874999,1.4337158203125,INVERTED,LEVEL,True,OK
1789620245.6480477,-18.5791,-24.865699999999997,-32.25099999999999,44.761735827601676,-0.29113769531250006,1.461181640625,INVERTED,LEVEL,True,OK
1789620245.6879914,-18.640099999999997,-24.9146,-32.7881,45.20232430727429,-0.2801513671875,1.4886474609375,INVERTED,LEVEL,True,OK
1789620245.7289324,-18.762199999999996,-24.987799999999996,-32.4707,45.06391745254733,-0.27465820312499994,1.5106201171874998,INVERTED,LEVEL,True,OK
1789620245.7692847,-18.7378,-24.939,-31.982399999999995,44.67586350144784,-0.2801513671874998,1.5270996093749996,INVERTED,LEVEL,True,OK
1789620245.8089406,-18.689,-24.7803,-32.25099999999999,44.76012723496214,-0.28564453125000006,1.5490722656250002,INVERTED,LEVEL,True,OK
1789620245.8500335,-18.481399999999997,-24.939,-32.6416,45.04431060100709,-0.28564453125000017,1.56005859375,INVERTED,LEVEL,True,OK
1789620245.89016,-18.7256,-24.853499999999997,-32.4707,44.974336194100744,-0.28015136718749983,1.571044921875,INVERTED,LEVEL,True,OK
1789620245.931285,-18.5303,-24.999999999999996,-32.0557,44.6759434212642,-0.2691650390624998,1.58203125,INVERTED,LEVEL,True,OK
1789620245.9709363,-18.518099999999997,-24.9756,-32.4707,44.95605611550017,-0.2581787109375001,1.5930175781250004,INVERTED,LEVEL,True,OK
1789620246.0109046,-18.1641,-24.865699999999997,-32.397499999999994,44.69715395357964,-0.26916503906250017,1.6040039062500004,INVERTED,LEVEL,True,OK
1789620246.0509307,-18.505899999999997,-24.865699999999997,-32.22659999999999,44.71381351282844,-0.29113769531249994,1.6094970703124998,INVERTED,LEVEL,True,OK
1789620246.0909455,-18.6157,-24.939,-32.2021,44.78251055825254,-0.30212402343750017,1.6259765625000004,INVERTED,LEVEL,True,OK
1789620246.1310244,-18.505899999999997,-25.0488,-32.4463,44.974138123370416,-0.3076171875,1.6314697265625,INVERTED,LEVEL,True,OK
1789620246.1709366,-18.518099999999997,-24.987799999999996,-32.4463,44.94521732220237,-0.30212402343750006,1.6424560546875002,INVERTED,LEVEL,True,OK
1789620246.2109454,-18.6035,-24.987799999999996,-32.397499999999994,44.94528192524772,-0.296630859375,1.6534423828124996,INVERTED,LEVEL,True,OK
1789620246.2509682,-18.774399999999996,-24.9634,-32.5439,45.10825713913141,-0.29663085937500006,1.6644287109374996,INVERTED,LEVEL,True,OK
1789620246.2919905,-18.627899999999997,-24.939,-32.4463,44.96348255084341,-0.30761718750000017,1.6809082031250002,INVERTED,LEVEL,True,OK
1789620246.3320057,-18.6523,-25.0244,-32.4951,45.05619174608525,-0.31860351562500006,1.69189453125,INVERTED,LEVEL,True,OK
1789620246.372002,-18.640099999999997,-24.9756,-32.4463,44.9888464739873,-0.31860351562500017,1.7028808593749998,INVERTED,LEVEL,True,OK
1789620246.411999,-18.6035,-24.9512,-32.4707,44.97776063989847,-0.3186035156250001,1.7083740234375004,INVERTED,LEVEL,True,OK
1789620246.4530337,-18.383799999999997,-25.0732,-32.4951,44.972891664757334,-0.31860351562499994,1.7193603515625,INVERTED,LEVEL,True,OK
1789620246.492981,-18.505899999999997,-24.9634,-32.397499999999994,44.8913987376201,-0.3240966796875001,1.7303466796875002,INVERTED,LEVEL,True,OK
1789620246.5329788,-18.505899999999997,-24.999999999999996,-32.4463,44.946976744826785,-0.3295898437499999,1.7413330078124996,INVERTED,LEVEL,True,OK
1789620246.5730035,-18.4937,-24.9512,-32.373,44.861904218724376,-0.33508300781249983,1.7468261718750002,INVERTED,LEVEL,True,OK
1789620246.6130998,-18.3105,-24.987799999999996,-31.982399999999995,44.525705708612854,-0.33508300781249994,1.7578125000000002,INVERTED,LEVEL,True,OK
1789620246.6530774,-18.4692,-24.987799999999996,-32.5928,45.03101275032574,-0.33508300781250006,1.7687988281250002,INVERTED,LEVEL,True,OK
1789620246.6929913,-18.8843,-24.8901,-32.5439,45.1136264526584,-0.33508300781249983,1.7742919921874998,INVERTED,LEVEL,True,OK
1789620246.7330127,-18.5547,-24.9512,-32.4707,44.95759815670762,-0.3405761718750001,1.7852783203125,INVERTED,LEVEL,True,OK
1789620246.7731478,-18.3228,-25.0244,-32.1533,44.67415691526814,-0.3460693359374998,1.7907714843749998,INVERTED,LEVEL,True,OK
1789620246.8130064,-18.6646,-24.9146,-32.4219,44.94757152427704,-0.34606933593749994,1.7962646484375,INVERTED,LEVEL,True,OK
1789620246.8530786,-18.6646,-24.9756,-32.8613,45.29914928792813,-0.34606933593749994,1.8072509765625004,INVERTED,LEVEL,True,OK
1789620246.8939774,-18.6157,-24.939,-32.4463,44.95842958978883,-0.35156250000000006,1.8127441406249998,INVERTED,LEVEL,True,OK
1789620246.9339805,-18.4937,-25.0244,-32.0312,44.656861829846484,-0.3515625000000001,1.8182373046875004,INVERTED,LEVEL,True,OK
1789620246.9739745,-18.5791,-24.9023,-32.4463,44.92293273807934,-0.35705566406250017,1.8292236328125,INVERTED,LEVEL,True,OK
1789620247.013959,-18.6035,-24.7803,-32.4219,44.8478882440411,-0.35705566406250006,1.8347167968750002,INVERTED,LEVEL,True,OK
1789620247.0539675,-18.481399999999997,-24.9146,-32.25099999999999,44.74847975205414,-0.3625488281250001,1.8402099609374996,INVERTED,LEVEL,True,OK
1789620247.0940027,-18.6157,-24.7803,-31.8359,44.431206188781324,-0.362548828125,1.8457031249999998,INVERTED,LEVEL,True,OK
1789620247.1350482,-18.457,-25.0488,-32.4463,44.954038907866774,-0.3625488281249999,1.856689453125,INVERTED,LEVEL,True,OK
1789620247.1749969,-18.518099999999997,-25.0244,-32.4463,44.96557579593527,-0.36804199218749967,1.8621826171875007,INVERTED,LEVEL,True,OK
1789620247.2153563,-18.505899999999997,-24.877899999999997,-32.4463,44.879178099760246,-0.36804199218749994,1.8676757812500004,INVERTED,LEVEL,True,OK
1789620247.254975,-18.5913,-24.8413,-32.25099999999999,44.75325264581335,-0.37353515625000006,1.8731689453125007,INVERTED,LEVEL,True,OK
1789620247.2950397,-18.640099999999997,-24.8047,-32.2998,44.78843098546766,-0.37353515625,1.878662109375,INVERTED,LEVEL,True,OK
1789620247.3381183,-18.6035,-25.0244,-32.4951,45.036011497689266,-0.3790283203125003,1.8896484375,INVERTED,LEVEL,True,OK
1789620247.3760347,-18.811,-24.9146,-32.0557,44.74549046160965,-0.3790283203125002,1.8896484375000004,INVERTED,LEVEL,True,OK
1789620247.415988,-18.505899999999997,-24.877899999999997,-32.3486,44.808594769084195,-0.3790283203125,1.8951416015625002,INVERTED,LEVEL,True,OK
1789620247.455981,-18.6035,-24.8413,-32.2998,44.793498166363385,-0.3790283203124998,1.9006347656250002,INVERTED,LEVEL,True,OK
1789620247.4959962,-18.5425,-24.8291,-32.2754,44.74382592291365,-0.38452148437500006,1.9061279296874998,INVERTED,LEVEL,True,OK
1789620247.5399103,-18.8232,-24.9512,-32.22659999999999,44.89352945848655,-0.3845214843750001,1.9171142578125004,INVERTED,LEVEL,True,OK
1789620247.576011,-18.335,-25.0244,-32.373,44.83752835917698,-0.3845214843749998,1.9171142578125004,INVERTED,LEVEL,True,OK
1789620247.6173022,-18.3228,-24.877899999999997,-32.5928,44.910193944025664,-0.39001464843749994,1.9281005859375,INVERTED,LEVEL,True,OK
1789620247.6575215,-18.481399999999997,-24.8901,-32.22659999999999,44.717255858672715,-0.39001464843750006,1.9281005859375004,INVERTED,LEVEL,True,OK
1789620247.697404,-18.8843,-24.755899999999997,-32.3242,44.88123524302779,-0.39001464843750033,1.9335937500000002,INVERTED,LEVEL,True,OK
1789620247.7399588,-18.5425,-25.0244,-32.4951,45.01084786604225,-0.3900146484375001,1.9335937500000002,INVERTED,LEVEL,True,OK
1789620247.7779603,-18.2617,-25.0732,-32.4707,44.90547186724576,-0.3955078125000002,1.9390869140625004,INVERTED,LEVEL,True,OK
1789620247.8179228,-18.6035,-24.987799999999996,-32.4463,44.980470704295655,-0.39550781250000006,1.9445800781250002,INVERTED,LEVEL,True,OK
1789620247.8579147,-19.0063,-24.9023,-32.397499999999994,45.06619565960721,-0.39550781249999983,1.9445800781249998,INVERTED,LEVEL,True,OK
1789620247.897896,-18.6523,-24.987799999999996,-32.4951,45.03587423532488,-0.40100097656250006,1.9500732421874996,INVERTED,LEVEL,True,OK
1789620247.9391046,-18.457,-25.0977,-32.104499999999994,44.7353810148075,-0.4010009765625002,1.9555664062500004,INVERTED,LEVEL,True,OK
1789620247.9783075,-18.4204,-25.0244,-32.5195,44.97832379902568,-0.40100097656249994,1.9555664062500002,INVERTED,LEVEL,True,OK
1789620248.018008,-18.8721,-24.865699999999997,-32.6172,45.147989221448164,-0.40100097656250017,1.9610595703125,INVERTED,LEVEL,True,OK
1789620248.059013,-18.4937,-25.1221,-32.4951,45.04518145273698,-0.40100097656250006,1.9610595703125002,INVERTED,LEVEL,True,OK
1789620248.0989578,-18.4448,-25.0244,-32.4219,44.917823210948235,-0.40649414062499994,1.9665527343749998,INVERTED,LEVEL,True,OK
1789620248.1403263,-18.3228,-25.0732,-32.3486,44.84219307794836,-0.4064941406249999,1.966552734375,INVERTED,LEVEL,True,OK
1789620248.1789305,-18.481399999999997,-25.0732,-32.4219,44.96006120780976,-0.4064941406249999,1.9720458984374998,INVERTED,LEVEL,True,OK
1789620248.2181702,-18.4937,-25.0732,-32.397499999999994,44.947528343391696,-0.4064941406250001,1.9720458984375007,INVERTED,LEVEL,True,OK
1789620248.2589207,-18.5547,-25.0732,-32.4463,45.00782858592491,-0.41198730468749983,1.9775390624999993,INVERTED,LEVEL,True,OK
1789620248.2978704,-18.5669,-24.9756,-32.4707,44.97617957830567,-0.41198730468749994,1.9775390624999996,INVERTED,LEVEL,True,OK
1789620248.3390853,-18.5669,-25.0732,-32.3242,44.924926705449394,-0.4119873046874997,1.9830322265624991,INVERTED,LEVEL,True,OK
1789620248.3789604,-18.640099999999997,-24.987799999999996,-32.4463,44.99562045955139,-0.41198730468750006,1.9830322265624993,INVERTED,LEVEL,True,OK
1789620248.4189408,-18.6523,-25.0244,-32.4463,45.021009255013375,-0.4119873046875,1.988525390625,INVERTED,LEVEL,True,OK
1789620248.458936,-18.7378,-24.999999999999996,-32.8613,45.34280743987959,-0.4119873046875,1.988525390625,INVERTED,LEVEL,True,OK
1789620248.4988742,-18.5791,-24.9634,-32.4219,44.93922447016637,-0.4174804687500004,1.9885253906250004,INVERTED,LEVEL,True,OK
1789620248.5392196,-18.3594,-25.0732,-32.1289,44.698983677596075,-0.41748046875,1.9940185546874998,INVERTED,LEVEL,True,OK
1789620248.579123,-18.5425,-24.939,-32.397499999999994,44.89293968432007,-0.41748046874999983,1.9940185546874998,INVERTED,LEVEL,True,OK
1789620248.61897,-18.396,-24.9268,-32.7637,45.09122100730917,-0.41748046874999994,1.99951171875,INVERTED,LEVEL,True,OK
1789620248.6589367,-18.481399999999997,-24.865699999999997,-32.22659999999999,44.703679155188105,-0.41748046875,1.9995117187499996,INVERTED,LEVEL,True,OK
1789620248.6988933,-18.7256,-24.707,-31.7627,44.3841532041561,-0.41748046874999994,1.9995117187499996,INVERTED,LEVEL,True,OK
1789620248.7390878,-18.4326,-24.9512,-32.25099999999999,44.74874439802752,-0.4229736328125004,2.0050048828125004,INVERTED,LEVEL,True,OK
1789620248.7790947,-18.6035,-24.9146,-32.8369,45.22266585485646,-0.4229736328124999,2.0050048828125,INVERTED,LEVEL,True,OK
1789620248.8189611,-18.6157,-24.865699999999997,-32.3242,44.829691373240564,-0.4229736328125003,2.0050048828125004,INVERTED,LEVEL,True,OK
1789620248.85792,-19.0063,-24.6826,-32.104499999999994,44.734428605940636,-0.4229736328125002,2.010498046875,INVERTED,LEVEL,True,OK
1789620248.8978434,-18.6523,-24.731399999999997,-32.25099999999999,44.717753099300495,-0.4229736328125001,2.010498046875,INVERTED,LEVEL,True,OK
1789620248.9381344,-18.6523,-24.939,-32.4463,44.9735966982851,-0.4229736328125002,2.0159912109374996,INVERTED,LEVEL,True,OK
1789620248.9780247,-18.4692,-24.987799999999996,-32.4707,44.94271749649769,-0.4284667968750001,2.0159912109375,INVERTED,LEVEL,True,OK
1789620249.0178823,-18.5791,-24.9023,-32.3242,44.83482360554126,-0.4284667968749997,2.0159912109374996,INVERTED,LEVEL,True,OK
1789620249.05891,-18.5303,-24.865699999999997,-32.2754,44.75909404512115,-0.428466796875,2.021484375,INVERTED,LEVEL,True,OK
1789620249.0988858,-18.505899999999997,-24.8047,-32.2021,44.662251637260745,-0.4284667968750001,2.021484375,INVERTED,LEVEL,True,OK
1789620249.1399965,-18.3472,-25.0244,-32.2998,44.789702200840765,-0.42846679687499967,2.021484375,INVERTED,LEVEL,True,OK
1789620249.1788957,-18.4937,-24.987799999999996,-32.373,44.88227063696755,-0.42846679687500006,2.0269775390625004,INVERTED,LEVEL,True,OK
1789620249.2189095,-18.4937,-24.939,-32.2998,44.802318474940556,-0.42846679687499983,2.0269775390625004,INVERTED,LEVEL,True,OK
1789620249.2589052,-18.5303,-24.8169,-32.1777,44.6615597688885,-0.4339599609374999,2.0269775390625,INVERTED,LEVEL,True,OK
1789620249.2989192,-18.9331,-24.719199999999997,-32.4219,44.95198242413787,-0.43395996093750006,2.0269775390625004,INVERTED,LEVEL,True,OK
1789620249.339096,-18.5547,-24.939,-32.25099999999999,44.79238343837041,-0.43395996093749994,2.0324707031250004,INVERTED,LEVEL,True,OK
1789620249.379144,-18.627899999999997,-24.9512,-32.4219,44.952648859216296,-0.43395996093750006,2.032470703125,INVERTED,LEVEL,True,OK
1789620249.4189184,-18.640099999999997,-24.9634,-32.397499999999994,44.94688725395786,-0.4339599609374998,2.032470703125,INVERTED,LEVEL,True,OK
1789620249.458948,-18.762199999999996,-24.939,-32.88569999999999,45.336995206233055,-0.43395996093750006,2.032470703125,INVERTED,LEVEL,True,OK
1789620249.4988294,-18.5669,-24.9634,-32.4219,44.93418203083261,-0.43395996093750006,2.0379638671875004,INVERTED,LEVEL,True,OK
1789620249.539068,-18.3594,-25.0488,-32.1289,44.685301442532534,-0.4339599609374999,2.0379638671875004,INVERTED,LEVEL,True,OK
1789620249.5799906,-18.5303,-24.939,-32.373,44.87022250992299,-0.4339599609374999,2.0379638671875004,INVERTED,LEVEL,True,OK
1789620249.619988,-18.4326,-24.987799999999996,-32.8125,45.17533672093656,-0.43395996093749994,2.0379638671875,INVERTED,LEVEL,True,OK
1789620249.6599603,-18.4204,-24.999999999999996,-32.4219,44.8942171751552,-0.4339599609375001,2.0434570312500004,INVERTED,LEVEL,True,OK
1789620249.7004669,-18.640099999999997,-24.9146,-31.982399999999995,44.62134613534199,-0.43395996093749994,2.0434570312500004,INVERTED,LEVEL,True,OK
1789620249.7399235,-18.396,-24.999999999999996,-32.2754,44.778502221043524,-0.4339599609375,2.04345703125,INVERTED,LEVEL,True,OK
1789620249.7799823,-18.640099999999997,-24.9634,-32.8369,45.26462933881156,-0.43945312499999994,2.04345703125,INVERTED,LEVEL,True,OK
1789620249.8199582,-18.5791,-24.9634,-32.397499999999994,44.921623998025716,-0.43945312500000017,2.0434570312500004,INVERTED,LEVEL,True,OK
1789620249.8602364,-18.6035,-24.999999999999996,-32.4219,44.96965434445766,-0.4394531250000002,2.0434570312500004,INVERTED,LEVEL,True,OK
1789620249.8998606,-18.640099999999997,-24.9512,-32.4463,44.97530537016953,-0.4394531250000001,2.0489501953125004,INVERTED,LEVEL,True,OK
1789620249.9399614,-18.481399999999997,-25.0244,-32.5928,45.05633532767617,-0.439453125,2.0489501953125004,INVERTED,LEVEL,True,OK
1789620249.9800942,-18.627899999999997,-24.9268,-32.397499999999994,44.92150957948764,-0.4394531250000002,2.0489501953125004,INVERTED,LEVEL,True,OK
1789620250.0199559,-18.5913,-24.999999999999996,-32.4219,44.96460869728546,-0.4394531250000001,2.0489501953125004,INVERTED,LEVEL,True,OK
1789620250.059978,-18.5303,-25.0488,-32.4951,45.01939497083452,-0.4394531249999998,2.0489501953125,INVERTED,LEVEL,True,OK
1789620250.100909,-18.481399999999997,-24.999999999999996,-32.4219,44.91928033228048,-0.4394531250000002,2.054443359375001,INVERTED,LEVEL,True,OK
1789620250.1409447,-18.5791,-24.999999999999996,-32.2998,44.87159498892367,-0.4394531249999999,2.0544433593750004,INVERTED,LEVEL,True,OK
1789620250.1810207,-18.4937,-24.987799999999996,-32.397499999999994,44.89994537613603,-0.4394531250000001,2.054443359375,INVERTED,LEVEL,True,OK
1789620250.2210371,-18.457,-24.987799999999996,-32.373,44.86716089569296,-0.4394531250000003,2.0544433593750004,INVERTED,LEVEL,True,OK
1789620250.2610216,-18.518099999999997,-24.877899999999997,-32.2021,44.70799906537979,-0.439453125,2.0544433593750004,INVERTED,LEVEL,True,OK
1789620250.3022318,-18.7378,-24.755899999999997,-32.1777,44.71424952898125,-0.4394531249999998,2.054443359375,INVERTED,LEVEL,True,OK
1789620250.342939,-18.640099999999997,-24.987799999999996,-32.397499999999994,44.96044353762537,-0.44494628906250006,2.054443359375,INVERTED,LEVEL,True,OK
1789620250.3830733,-18.2617,-25.1221,-32.6172,45.038775861917024,-0.44494628906249994,2.0599365234374996,INVERTED,LEVEL,True,OK
1789620250.4229712,-18.6523,-24.987799999999996,-32.4707,45.01827187509534,-0.4449462890625002,2.0599365234375004,INVERTED,LEVEL,True,OK
1789620250.462966,-18.8599,-24.8169,-32.6904,45.16897835661108,-0.44494628906249983,2.0599365234374996,INVERTED,LEVEL,True,OK
1789620250.5029671,-18.6768,-24.743699999999997,-32.0557,44.594186284985625,-0.44494628906250006,2.0599365234375,INVERTED,LEVEL,True,OK
1789620250.5429988,-18.249499999999998,-25.0244,-32.25099999999999,44.714559671431395,-0.44494628906249983,2.0599365234375,INVERTED,LEVEL,True,OK
1789620250.5830152,-18.5303,-24.939,-32.397499999999994,44.887901993076035,-0.4449462890624997,2.0599365234375,INVERTED,LEVEL,True,OK
1789620250.6230369,-18.8232,-24.9023,-32.6172,45.14774788812837,-0.4449462890625001,2.0599365234375004,INVERTED,LEVEL,True,OK
1789620250.6630557,-18.4692,-24.8413,-32.22659999999999,44.685067773138705,-0.44494628906249994,2.0599365234375,INVERTED,LEVEL,True,OK
1789620250.7030513,-18.3472,-24.7925,-32.0557,44.48433102318164,-0.44494628906249994,2.0599365234375,INVERTED,LEVEL,True,OK
1789620250.7429807,-18.5303,-24.9512,-32.3242,44.84181424931422,-0.44494628906249994,2.0599365234375,INVERTED,LEVEL,True,OK
1789620250.7830193,-18.5913,-24.9634,-32.8125,45.22684967472309,-0.44494628906250017,2.0654296875,INVERTED,LEVEL,True,OK
1789620250.823119,-18.5303,-24.987799999999996,-32.397499999999994,44.91503281953604,-0.4449462890624999,2.0654296875,INVERTED,LEVEL,True,OK
1789620250.863978,-18.6035,-24.853499999999997,-32.22659999999999,44.74751861343821,-0.4449462890625003,2.0654296875,INVERTED,LEVEL,True,OK
1789620250.9039934,-18.6035,-24.755899999999997,-32.0557,44.57031186283085,-0.4449462890624999,2.0654296874999996,INVERTED,LEVEL,True,OK
1789620250.9440186,-18.689,-24.9634,-32.4463,45.00236042975968,-0.45043945312500006,2.0654296875000004,INVERTED,LEVEL,True,OK
1789620250.9839659,-18.6523,-24.9512,-32.4219,44.96276544364237,-0.45043945312500017,2.0654296875,INVERTED,LEVEL,True,OK
1789620251.0239544,-18.6157,-24.9634,-32.4219,44.95436826004788,-0.45043945312500033,2.0654296875,INVERTED,LEVEL,True,OK
1789620251.063961,-18.627899999999997,-25.0732,-32.2998,44.932628419557204,-0.45043945312499994,2.0654296874999996,INVERTED,LEVEL,True,OK
1789620251.103955,-18.5303,-24.999999999999996,-32.4463,44.95702839134277,-0.45043945312500044,2.0654296875,INVERTED,LEVEL,True,OK
1789620251.1439912,-18.505899999999997,-24.939,-32.397499999999994,44.87783486377211,-0.4504394531249999,2.0654296874999996,INVERTED,LEVEL,True,OK
1789620251.1839848,-18.4937,-24.9512,-32.3486,44.844300006689814,-0.45043945312500006,2.0654296875,INVERTED,LEVEL,True,OK
1789620251.2239687,-18.3228,-24.9634,-32.7393,45.06393351550661,-0.4504394531249999,2.0709228515625,INVERTED,LEVEL,True,OK
1789620251.2639954,-18.627899999999997,-24.939,-32.2754,44.84031472425232,-0.45043945312499994,2.0709228515624996,INVERTED,LEVEL,True,OK
1789620251.3029964,-18.4326,-24.9756,-31.909199999999995,44.51672026059422,-0.45043945312499994,2.0709228515624996,INVERTED,LEVEL,True,OK
