source_mode,sample_seq,wall_utc_ns,utc_iso8601,ros_now_ns,monotonic_ns,measurement_stamp_ns,measurement_stamp_sec,measurement_stamp_nanosec,f411_mcu_ms,dronecan_network_us,dronecan_gnss_us,dronecan_time_standard,timestamp_source_code,x_m,y_m,xy_source,gnss_east_m,gnss_north_m,longitude_deg,latitude_deg,altitude_m,hacc_m,vacc_m,fix_type,fix_valid,satellites,satellites_visible,gnss_ground_speed_mps,gnss_course_deg,gnss_vel_n_mps,gnss_vel_e_mps,gnss_vel_d_mps,gnss_sacc_mps,gnss_course_acc_deg,gnss_pdop,gnss_rate_hz,yaw_neo3_deg,yaw_neo3_source,yaw_neo3_valid,neo3_mag_x_ut,neo3_mag_y_ut,neo3_mag_z_ut,neo3_mag_norm_ut,neo3_node_id,yaw_yahboom_deg,yaw_yahboom_source,yaw_yahboom_valid,yah_mag_raw_x_lsb,yah_mag_raw_y_lsb,yah_mag_raw_z_lsb,yah_mag_corrected_x,yah_mag_corrected_y,yahboom_corrected_norm,yaw_inertial_deg,yaw_inertial_source,yaw_inertial_valid,gyro_integrated_yaw_deg,yaw_gnss_heading_deg,yaw_imu_orientation_deg,map_yaw_from_enu_deg,imu_acc_raw_x,imu_acc_raw_y,imu_acc_raw_z,imu_acc_x_mps2,imu_acc_y_mps2,imu_acc_z_mps2,imu_acc_norm_mps2,imu_gyro_raw_x,imu_gyro_raw_y,imu_gyro_raw_z,imu_gyro_x_dps,imu_gyro_y_dps,imu_gyro_z_dps,imu_gyro_x_rps,imu_gyro_y_rps,imu_gyro_z_rps,gyro_z_rps,imu_angle_raw_roll,imu_angle_raw_pitch,imu_angle_raw_yaw,imu_roll_deg,imu_pitch_deg,imu_accgyro_yaw_deg,baro_pressure_pa,baro_temperature_k,neo3_crc_ok,yahboom_checksum_ok,bad_neo3_crc,bad_yahboom_checksum,f4_line_count,gnss_count,neo3_mag_count,imu_acc_count,imu_gyro_count,imu_angle_count,imu_mag_count,raw_message_count,raw_reference
ROS_TOPICS,1,1789500413533004922,2026-09-15T19:26:53.533005+00:00,1789500413533015322,6916782722856,1789500413533015322,1789500413,533015322,-1,-1,-1,-1,-1,nan,nan,gnss_local_enu_ros,nan,nan,nan,nan,nan,nan,nan,-1,0,-1,-1,nan,nan,nan,nan,nan,nan,nan,nan,nan,nan,neo3_calibrated_ros,0,nan,nan,nan,nan,-1,nan,yahboom_calibrated_ros,0,nan,nan,nan,nan,nan,nan,nan,logger_gyro_integral:none,0,nan,nan,nan,0.0,,,,nan,nan,nan,nan,,,,nan,nan,nan,nan,nan,nan,nan,,,,0.0,0.0,nan,nan,nan,,,,,,0,0,0,0,0,0,0,ROS topics=0 messages=0
ROS_TOPICS,2,1789500413632959972,2026-09-15T19:26:53.632960+00:00,1789500413632966554,6916882677974,1789500413632966554,1789500413,632966554,-1,-1,-1,-1,-1,nan,nan,gnss_local_enu_ros,nan,nan,nan,nan,nan,nan,nan,-1,0,-1,-1,nan,nan,nan,nan,nan,nan,nan,nan,nan,nan,neo3_calibrated_ros,0,nan,nan,nan,nan,-1,nan,yahboom_calibrated_ros,0,nan,nan,nan,nan,nan,nan,nan,logger_gyro_integral:none,0,nan,nan,nan,0.0,,,,nan,nan,nan,nan,,,,nan,nan,nan,nan,nan,nan,nan,,,,0.0,0.0,nan,nan,nan,,,,,,0,0,0,0,0,0,0,ROS topics=0 messages=0
ROS_TOPICS,3,1789500413733003801,2026-09-15T19:26:53.733004+00:00,1789500413733011707,6916982722146,1789500413733011707,1789500413,733011707,-1,-1,-1,-1,-1,nan,nan,gnss_local_enu_ros,nan,nan,nan,nan,nan,nan,nan,-1,0,-1,-1,nan,nan,nan,nan,nan,nan,nan,nan,nan,nan,neo3_calibrated_ros,0,nan,nan,nan,nan,-1,nan,yahboom_calibrated_ros,0,nan,nan,nan,nan,nan,nan,nan,logger_gyro_integral:none,0,nan,nan,nan,0.0,,,,nan,nan,nan,nan,,,,nan,nan,nan,nan,nan,nan,nan,,,,0.0,0.0,nan,nan,nan,,,,,,0,0,0,0,0,0,0,ROS topics=0 messages=0
ROS_TOPICS,4,1789500413832985992,2026-09-15T19:26:53.832986+00:00,1789500413832992894,6917082703840,1789500413832992894,1789500413,832992894,-1,-1,-1,-1,-1,nan,nan,gnss_local_enu_ros,nan,nan,nan,nan,nan,nan,nan,-1,0,-1,-1,nan,nan,nan,nan,nan,nan,nan,nan,nan,nan,neo3_calibrated_ros,0,nan,nan,nan,nan,-1,nan,yahboom_calibrated_ros,0,nan,nan,nan,nan,nan,nan,nan,logger_gyro_integral:none,0,nan,nan,nan,0.0,,,,nan,nan,nan,nan,,,,nan,nan,nan,nan,nan,nan,nan,,,,0.0,0.0,nan,nan,nan,,,,,,0,0,0,0,0,0,0,ROS topics=0 messages=0
ROS_TOPICS,5,1789500414113991976,2026-09-15T19:26:54.113992+00:00,1789500414114000800,6917363710297,1789500414114000800,1789500414,114000800,-1,-1,-1,-1,-1,nan,nan,gnss_local_enu_ros,nan,nan,nan,nan,nan,nan,nan,-1,0,-1,-1,nan,nan,nan,nan,nan,nan,nan,nan,nan,nan,neo3_calibrated_ros,0,nan,nan,nan,nan,-1,nan,yahboom_calibrated_ros,0,nan,nan,nan,nan,nan,nan,nan,logger_gyro_integral:none,0,nan,nan,nan,0.0,,,,nan,nan,nan,nan,,,,nan,nan,nan,nan,nan,nan,nan,,,,0.0,0.0,nan,nan,nan,,,,,,0,0,0,0,0,0,0,ROS topics=74 messages=0
ROS_TOPICS,6,1789500414133799992,2026-09-15T19:26:54.133800+00:00,1789500414133807538,6917383518467,1789500414133807538,1789500414,133807538,-1,-1,-1,-1,-1,nan,nan,gnss_local_enu_ros,nan,nan,nan,nan,nan,nan,nan,-1,0,-1,-1,nan,nan,nan,nan,nan,nan,nan,nan,nan,nan,neo3_calibrated_ros,0,nan,nan,nan,nan,-1,nan,yahboom_calibrated_ros,0,nan,nan,nan,nan,nan,nan,nan,logger_gyro_integral:none,0,nan,nan,nan,0.0,,,,nan,nan,nan,nan,,,,nan,nan,nan,nan,nan,nan,nan,,,,0.0,0.0,nan,nan,nan,,,,,,0,0,0,0,0,0,0,ROS topics=74 messages=0
ROS_TOPICS,7,1789500414239454639,2026-09-15T19:26:54.239455+00:00,1789500414239460012,6917489172115,1789500414200000000,1789500414,200000000,10252006,1789500414207529,1789500414200000,2,-1,175.12370802559343,104.49520243399694,nav2_filtered_map,-0.0,0.0,110.4351428,-7.0508665,249.54,nan,nan,-1,0,-1,0,nan,nan,nan,nan,nan,nan,nan,-1.0,5.01,-10.801800241307404,neo3_calibrated_ros,1,-17.5171,-33.2031,-25.3662,45.307159969038004,1,nan,yahboom_calibrated_ros,0,nan,nan,nan,nan,nan,nan,-10.801800241307404,logger_gyro_integral:neo3_calibrated_ros,1,-10.801800241307404,nan,62.39135742187503,0.0,,,,-0.20700041915601933,0.12049732854307105,9.817196166821269,9.820117583693538,,,,-0.0,-0.0,0.0,-0.0,-0.0,0.0,0.0,,,,0.6866455078125,1.175537109375,62.39135742187503,nan,nan,,,,,,1,1,0,0,0,0,26,ROS topics=74 messages=26
ROS_TOPICS,8,1789500414333343559,2026-09-15T19:26:54.333344+00:00,1789500414333351261,6917583062013,1789500414200000000,1789500414,200000000,10252006,1789500414207529,1789500414200000,2,4,175.26383362508426,104.68724269368336,nav2_filtered_map,-0.0,0.0,110.4351428,-7.0508665,249.54,16.613,17.507,3,1,9,0,0.7601,89.322,0.009,0.76,-0.083,2.0243,152.59699999999998,-1.0,5.01,-10.656825669585853,neo3_calibrated_ros,1,-17.4927,-33.4961,-25.5371,45.60840651579487,1,nan,yahboom_calibrated_ros,0,nan,nan,nan,nan,nan,nan,-10.801800241307404,logger_gyro_integral:neo3_calibrated_ros,1,-10.801800241307404,nan,62.39135742187503,0.0,,,,-0.20221201583570683,0.12528573186338354,9.788465746899394,9.791355773955903,,,,-0.0,-0.0,0.0,-0.0,-0.0,0.0,0.0,,,,0.6866455078125,1.175537109375,62.39135742187503,98632.508,nan,,,,,,1,4,0,0,0,0,71,ROS topics=74 messages=71
ROS_TOPICS,9,1789500414436729948,2026-09-15T19:26:54.436730+00:00,1789500414436740225,6917686447961,1789500414400000000,1789500414,400000000,10252205,1789500414406588,1789500414400000,2,4,175.27588053538926,104.74048327428868,nav2_filtered_map,0.3314626147387563,0.33178608445049174,110.4351458,-7.0508635,249.45000000000002,16.613,17.529,3,1,9,0,1.1957,60.047,0.597,1.036,0.846,4.1269,180.0,-1.0,5.012,-10.83221141637907,neo3_calibrated_ros,1,-17.5293,-33.1787,-25.3662,45.29400175100451,1,nan,yahboom_calibrated_ros,0,nan,nan,nan,nan,nan,nan,-10.801800241307404,logger_gyro_integral:neo3_calibrated_ros,1,-10.801800241307404,nan,62.39135742187503,0.0,,,,-0.1926352091950818,0.10613211858213355,9.802830956860332,9.805297910782498,,,,-0.0,-0.0,0.0,-0.0,-0.0,0.0,0.0,,,,0.6866455078125,1.175537109375,62.39135742187503,98622.742,nan,,,,,,2,6,0,0,0,0,117,ROS topics=74 messages=117
ROS_TOPICS,10,1789500414533393821,2026-09-15T19:26:54.533394+00:00,1789500414533400848,6917783111877,1789500414400000000,1789500414,400000000,10252205,1789500414406588,1789500414400000,2,4,175.4349294870109,104.93562820871885,nav2_filtered_map,0.3314626147387563,0.33178608445049174,110.4351458,-7.0508635,249.45000000000002,16.613,17.529,3,1,9,0,1.1957,60.047,0.597,1.036,0.846,4.1269,180.0,-1.0,5.012,-10.66023324119376,neo3_calibrated_ros,1,-17.4805,-33.4229,-25.5859,45.57736722837334,1,nan,yahboom_calibrated_ros,0,nan,nan,nan,nan,nan,nan,-10.801800241307404,logger_gyro_integral:neo3_calibrated_ros,1,-10.801800241307404,nan,62.39135742187503,0.0,,,,-0.20221201583570683,0.11092052190244604,9.812407763500957,9.815117889192228,,,,-0.0,-0.0,0.0,-0.0,-0.0,0.0,0.0,,,,0.6866455078125,1.175537109375,62.39135742187503,98630.375,nan,,,,,,2,9,0,0,0,0,157,ROS topics=74 messages=157
ROS_TOPICS,11,1789500414635566930,2026-09-15T19:26:54.635567+00:00,1789500414635569909,6917885284282,1789500414600000000,1789500414,600000000,10252406,1789500414607536,1789500414600000,2,4,175.4508444403929,104.99276855892258,nav2_filtered_map,0.46404768250647993,0.5640363665253532,110.435147,-7.0508614,249.71,16.621,17.543,3,1,9,0,0.8472,27.562999999999995,0.751,0.392,0.156,3.0784,180.0,-1.0,5.006,-10.779944659718852,neo3_calibrated_ros,1,-17.5049,-33.2031,-25.3662,45.302444482168944,1,nan,yahboom_calibrated_ros,0,nan,nan,nan,nan,nan,nan,-10.801800241307404,logger_gyro_integral:neo3_calibrated_ros,1,-10.801800241307404,nan,62.39135742187503,0.0,,,,-0.20221201583570683,0.11570892522275855,9.788465746899394,9.79123791626714,,,,-0.0,-0.0,0.0,-0.0,-0.0,0.0,0.0,,,,0.6866455078125,1.175537109375,62.39135742187503,98628.844,nan,,,,,,3,11,0,0,0,0,207,ROS topics=74 messages=207
ROS_TOPICS,12,1789500414733303844,2026-09-15T19:26:54.733304+00:00,1789500414733310608,6917983022391,1789500414600000000,1789500414,600000000,10252406,1789500414607536,1789500414600000,2,4,175.60963731398334,105.18974594199149,nav2_filtered_map,0.46404768250647993,0.5640363665253532,110.435147,-7.0508614,249.71,16.621,17.543,3,1,9,0,0.8472,27.562999999999995,0.751,0.392,0.156,3.0784,180.0,-1.0,5.006,-10.70723449200852,neo3_calibrated_ros,1,-17.4927,-33.3496,-25.5615,45.51462024119283,1,nan,yahboom_calibrated_ros,0,nan,nan,nan,nan,nan,nan,-10.801800241307404,logger_gyro_integral:neo3_calibrated_ros,1,-10.801800241307404,nan,62.39135742187503,0.0,,,,-0.1926352091950818,0.10134371526182105,9.807619360180645,9.810034474283711,,,,-0.0,-0.0,0.0,-0.0,-0.0,0.0,0.0,,,,0.6866455078125,1.175537109375,62.39135742187503,98623.961,36.35000000000002,,,,,,3,14,0,0,0,0,245,ROS topics=74 messages=245
ROS_TOPICS,13,1789500414834862064,2026-09-15T19:26:54.834862+00:00,1789500414834867422,6918084580043,1789500414800000000,1789500414,800000000,10252606,1789500414807686,1789500414800000,2,4,175.62941655880056,105.25080926801826,nav2_filtered_map,0.5303402133211689,0.5197982250738247,110.4351476,-7.0508618,249.781,16.636,17.571,3,1,9,0,0.923,74.865,0.241,0.891,-0.187,1.9531,121.23499999999999,-1.0,5.005,-10.827468347049189,neo3_calibrated_ros,1,-17.5171,-33.1299,-25.3418,45.23987061939943,1,nan,yahboom_calibrated_ros,0,nan,nan,nan,nan,nan,nan,-10.801800241307404,logger_gyro_integral:neo3_calibrated_ros,1,-10.801800241307404,nan,62.39135742187503,0.0,,,,-0.20221201583570683,0.11570892522275855,9.79804255354002,9.800812014098913,,,,-0.0,-0.0,0.0,-0.0,-0.0,0.0,0.0,,,,0.6866455078125,1.175537109375,62.39135742187503,98622.438,36.35000000000002,,,,,,4,16,0,0,0,0,295,ROS topics=74 messages=295
ROS_TOPICS,14,1789500414934935841,2026-09-15T19:26:54.934936+00:00,1789500414934942270,6918184653422,1789500414800000000,1789500414,800000000,10252606,1789500414807686,1789500414800000,2,4,175.78134046627247,105.42253373248558,nav2_filtered_map,0.5303402133211689,0.5197982250738247,110.4351476,-7.0508618,249.781,16.636,17.571,3,1,9,0,0.923,74.865,0.241,0.891,-0.187,1.9531,121.23499999999999,-1.0,5.005,-10.729001598536867,neo3_calibrated_ros,1,-17.5049,-33.3496,-25.4639,45.464574642022114,1,nan,yahboom_calibrated_ros,0,nan,nan,nan,nan,nan,nan,-10.801800241307404,logger_gyro_integral:neo3_calibrated_ros,1,-10.801800241307404,nan,62.39135742187503,0.0,,,,-0.1974236125153943,0.12049732854307105,9.778888940258769,9.781623821987836,,,,-0.0,-0.0,0.0,-0.0,-0.0,0.0,0.0,,,,0.6866455078125,1.175537109375,62.39135742187503,98629.758,36.35000000000002,,,,,,4,19,0,0,0,0,333,ROS topics=74 messages=333
ROS_TOPICS,15,1789500415033519105,2026-09-15T19:26:55.033519+00:00,1789500415033521302,6918283236382,1789500414800000000,1789500414,800000000,10252606,1789500414807686,1789500414800000,2,4,175.8047792398057,105.48688617715739,nav2_filtered_map,0.5303402133211689,0.5197982250738247,110.4351476,-7.0508618,249.781,16.636,17.571,3,1,9,0,0.923,74.865,0.241,0.891,-0.187,1.9531,121.23499999999999,-1.0,5.005,-10.715673060236215,neo3_calibrated_ros,1,-17.4927,-33.3252,-25.5371,45.483040627688915,1,nan,yahboom_calibrated_ros,0,nan,nan,nan,nan,nan,nan,-10.801800241307404,logger_gyro_integral:neo3_calibrated_ros,1,-10.801800241307404,nan,62.39135742187503,0.0,,,,-0.18784680587476932,0.10613211858213355,9.79804255354002,9.8004177630371,,,,-0.0,-0.0,0.0,-0.0,-0.0,0.0,0.0,,,,0.6866455078125,1.175537109375,62.39135742187503,98624.266,36.35000000000002,,,,,,4,21,0,0,0,0,360,ROS topics=74 messages=360
ROS_TOPICS,16,1789500415133766043,2026-09-15T19:26:55.133766+00:00,1789500415133773744,6918383484083,1789500415000000000,1789500415,0,10252814,1789500415015494,1789500415000000,2,4,175.94887503762928,105.64560276687908,nav2_filtered_map,0.5855840176136192,0.5861554745761088,110.4351481,-7.0508612,250.1,16.651,17.593,3,1,9,0,0.3149,51.964999999999996,0.194,0.248,-0.624,2.9594,180.0,-1.0,4.976,-10.702323117158809,neo3_calibrated_ros,1,-17.4805,-33.3008,-25.6104,45.50168951863216,1,nan,yahboom_calibrated_ros,0,nan,nan,nan,nan,nan,nan,-10.801800241307404,logger_gyro_integral:neo3_calibrated_ros,1,-10.801800241307404,nan,62.39135742187503,0.0,,,,-0.1974236125153943,0.12528573186338354,9.79804255354002,9.80083213193493,,,,-0.0,-0.0,0.0,-0.0,-0.0,0.0,0.0,,,,0.6866455078125,1.175537109375,62.39135742187503,98625.18,36.35000000000002,,,,,,5,24,0,0,0,0,417,ROS topics=74 messages=417
ROS_TOPICS,17,1789500415233191313,2026-09-15T19:26:55.233191+00:00,1789500415233193973,6918482908675,1789500415200000000,1789500415,200000000,10253006,1789500415207826,1789500415200000,2,4,175.97576523564913,105.71292466742219,nav2_filtered_map,0.6629254033779912,0.8958226531315917,110.4351488,-7.0508584,251.05100000000002,16.643,17.614,3,1,9,0,0.5045,213.84800000000004,-0.419,-0.281,-1.597,4.4686,180.0,-1.0,5.011,-10.702323117158809,neo3_calibrated_ros,1,-17.4805,-33.3008,-25.5615,45.47418435926036,1,-10.339841140317672,yahboom_calibrated_ros+neo3_cross_align,1,-4509.0,7977.0,3931.0,-0.17580920010642564,0.8323497052269466,0.8507143507861179,-10.801800241307404,logger_gyro_integral:neo3_calibrated_ros,1,-10.801800241307404,nan,62.39135742187503,0.0,,,,0.19632453613281248,-0.12449848632812499,9.782707983398437,9.7912580537748,,,,-0.0,-0.0,0.0,0.0,0.0,0.0,0.0,,,,0.6866455078125,1.175537109375,62.39135742187503,98621.523,36.35000000000002,,,,,,6,26,4,4,0,5,492,ROS topics=74 messages=492
ROS_TOPICS,18,1789500415333333355,2026-09-15T19:26:55.333333+00:00,1789500415333340276,6918583051405,1789500415200000000,1789500415,200000000,10253006,1789500415207826,1789500415200000,2,4,176.1146228538805,105.88272286864078,nav2_filtered_map,0.6629254033779912,0.8958226531315917,110.4351488,-7.0508584,251.05100000000002,16.643,17.614,3,1,9,0,0.5045,213.84800000000004,-0.419,-0.281,-1.597,4.4686,180.0,-1.0,5.011,-10.690394153264505,neo3_calibrated_ros,1,-17.4927,-33.3984,-25.5127,45.523022056317835,1,-10.363508683426454,yahboom_calibrated_ros+neo3_cross_align,1,-4511.0,7993.0,3925.0,-0.17606820713856064,0.834566698589477,0.8529370363394511,-10.801800241307404,logger_gyro_integral:neo3_calibrated_ros,1,-10.801800241307404,nan,62.39135742187503,0.0,,,,0.1867477294921875,-0.1005564697265625,9.782707983398437,9.790792544494197,,,,-0.0,-0.0,0.0,0.0,0.0,0.0,0.0,,,,0.6866455078125,1.175537109375,62.39135742187503,98629.453,36.35000000000002,,,,,,6,29,9,9,0,10,585,ROS topics=74 messages=585
ROS_TOPICS,19,1789500415436595403,2026-09-15T19:26:55.436595+00:00,1789500415436601027,6918686312859,1789500415400000000,1789500415,400000000,10253205,1789500415407063,1789500415400000,2,4,176.1448383669938,105.95325867857125,nav2_filtered_map,0.6518767415930874,1.0064181873700637,110.4351487,-7.0508574,251.96,16.643,17.635,3,1,9,0,0.8377,211.926,-0.711,-0.443,-2.461,4.3301,180.0,-1.0,5.013,-10.732587127016485,neo3_calibrated_ros,1,-17.4927,-33.2764,-25.5615,45.46101222476244,1,-10.364658837313353,yahboom_calibrated_ros+neo3_cross_align,1,-4503.0,7977.0,3931.0,-0.17494749557431563,0.8323602906564097,0.8505470472991767,-10.801800241307404,logger_gyro_integral:neo3_calibrated_ros,1,-10.801800241307404,nan,62.39135742187503,0.0,,,,0.2059013427734375,-0.1149216796875,9.80665,9.815272988874066,,,,-0.0,-0.0,0.0,0.0,0.0,0.0,0.0,,,,0.6866455078125,1.175537109375,62.39135742187503,98632.812,36.35000000000002,,,,,,7,31,14,14,0,15,675,ROS topics=74 messages=675
ROS_TOPICS,20,1789500415533269182,2026-09-15T19:26:55.533269+00:00,1789500415533274953,6918782987150,1789500415400000000,1789500415,400000000,10253205,1789500415407063,1789500415400000,2,4,176.2700324108899,106.11398320571868,nav2_filtered_map,0.6518767415930874,1.0064181873700637,110.4351487,-7.0508574,251.96,16.643,17.635,3,1,9,0,0.8377,211.926,-0.711,-0.443,-2.461,4.3301,180.0,-1.0,5.013,-10.776209587809312,neo3_calibrated_ros,1,-17.5171,-33.2764,-25.4883,45.429297003805814,1,-10.3485721443648,yahboom_calibrated_ros+neo3_cross_align,1,-4497.0,7983.0,3868.0,-0.1740752056127425,0.8332035717755046,0.8511934969374337,-10.801800241307404,logger_gyro_integral:neo3_calibrated_ros,1,-10.801800241307404,nan,62.39135742187503,0.0,,,,0.19153613281249998,-0.1484405029296875,9.801861596679688,9.810645990908231,,,,-0.0,-0.0,0.0,0.0,0.0,0.0,0.0,,,,0.6866455078125,1.175537109375,62.39135742187503,98629.148,36.35000000000002,,,,,,7,34,19,19,0,20,759,ROS topics=74 messages=759
ROS_TOPICS,21,1789500415635489367,2026-09-15T19:26:55.635489+00:00,1789500415635493648,6918885206980,1789500415600000000,1789500415,600000000,10253405,1789500415607219,1789500415600000,2,4,176.30321742007436,106.18750410394162,nav2_filtered_map,0.7844618405123001,0.9621800235051182,110.4351499,-7.0508578,251.961,16.643,17.656,3,1,9,0,1.0183,134.204,-0.71,0.73,-1.015,3.3657,180.0,-1.0,5.011,-10.715673060236215,neo3_calibrated_ros,1,-17.4927,-33.3252,-25.4883,45.455659111050196,1,-10.456863604730744,yahboom_calibrated_ros+neo3_cross_align,1,-4513.0,8015.0,3875.0,-0.17631662874123252,0.8376163876416389,0.8559724098453769,-10.801800241307404,logger_gyro_integral:neo3_calibrated_ros,1,-10.801800241307404,nan,62.39135742187503,0.0,,,,0.19632453613281248,-0.1292868896484375,9.821015209960937,9.8296165965608,,,,-0.0,-0.0,0.0,0.0,0.0,0.0,0.0,,,,0.6866455078125,1.175537109375,62.39135742187503,98636.781,36.35000000000002,,,,,,8,36,24,24,0,25,851,ROS topics=74 messages=851
ROS_TOPICS,22,1789500415733312337,2026-09-15T19:26:55.733312+00:00,1789500415733319523,6918983030382,1789500415600000000,1789500415,600000000,10253405,1789500415607219,1789500415600000,2,4,176.4290764995178,106.32477818363373,nav2_filtered_map,0.7844618405123001,0.9621800235051182,110.4351499,-7.0508578,251.961,16.643,17.656,3,1,9,0,1.0183,134.204,-0.71,0.73,-1.015,3.3657,180.0,-1.0,5.011,-10.71923129482579,neo3_calibrated_ros,1,-17.4805,-33.252,-25.5615,45.438460212687666,1,-10.35033131293018,yahboom_calibrated_ros+neo3_cross_align,1,-4489.0,7982.0,3816.0,-0.17292803047483968,0.8330789030665169,0.8508375652605015,-10.801800241307404,logger_gyro_integral:neo3_calibrated_ros,1,-10.801800241307404,nan,62.39135742187503,0.0,,,,0.19153613281249998,-0.1005564697265625,9.82580361328125,9.83397061099332,,,,-0.0,-0.0,0.0,0.0,0.0,0.0,0.0,,,,0.6866455078125,1.175537109375,62.39135742187503,98622.133,36.60000000000002,,,,,,8,39,29,29,0,30,934,ROS topics=74 messages=934
ROS_TOPICS,23,1789500415835362410,2026-09-15T19:26:55.835362+00:00,1789500415835367125,6919085080031,1789500415800000000,1789500415,800000000,10253605,1789500415807325,1789500415800000,2,4,176.465210512562,106.40068782937391,nav2_filtered_map,1.0717295718455397,1.2276090015032735,110.4351525,-7.0508554,252.011,16.636,17.671,3,1,9,0,0.8768,82.859,0.109,0.87,0.019,2.2387,146.29,-1.0,5.009,-10.866572370780686,neo3_calibrated_ros,1,-17.5293,-33.0811,-25.3662,45.2225567404144,1,-10.533817537002616,yahboom_calibrated_ros+neo3_cross_align,1,-4506.0,7983.0,3839.0,-0.17536776241090754,0.83318769363131,0.8514432364589375,-10.801800241307404,logger_gyro_integral:neo3_calibrated_ros,1,-10.801800241307404,nan,62.39135742187503,0.0,,,,0.2059013427734375,-0.1197100830078125,9.801861596679688,9.81054362886721,,,,-0.0,-0.0,0.0,0.0,0.0,0.0,0.0,,,,0.6866455078125,1.175537109375,62.39135742187503,98635.562,36.60000000000002,,,,,,9,41,34,34,0,35,1027,ROS topics=74 messages=1027
ROS_TOPICS,24,1789500415934954217,2026-09-15T19:26:55.934954+00:00,1789500415934964249,6919184672165,1789500415800000000,1789500415,800000000,10253605,1789500415807325,1789500415800000,2,4,176.60615471370713,106.54533861887879,nav2_filtered_map,1.0717295718455397,1.2276090015032735,110.4351525,-7.0508554,252.011,16.636,17.671,3,1,9,0,0.8768,82.859,0.109,0.87,0.019,2.2387,146.29,-1.0,5.009,-10.741062678841205,neo3_calibrated_ros,1,-17.4927,-33.252,-25.4639,45.38832735957561,1,-10.545519267366094,yahboom_calibrated_ros+neo3_cross_align,1,-4507.0,7993.0,3835.0,-0.1754937374504873,0.8345737555424524,0.8528255421389381,-10.801800241307404,logger_gyro_integral:neo3_calibrated_ros,1,-10.801800241307404,nan,62.39135742187503,0.0,,,,0.1867477294921875,-0.105344873046875,9.801861596679688,9.809992250927738,,,,-0.0,-0.0,0.0,0.0,0.0,0.0,0.0,,,,0.6866455078125,1.175537109375,62.39135742187503,98624.875,36.60000000000002,,,,,,9,44,39,39,0,40,1110,ROS topics=74 messages=1110
ROS_TOPICS,25,1789500416033693385,2026-09-15T19:26:56.033694+00:00,1789500416033695511,6919283410673,1789500415800000000,1789500415,800000000,10253605,1789500415807325,1789500415800000,2,4,176.64361969104937,106.61984321331613,nav2_filtered_map,1.0717295718455397,1.2276090015032735,110.4351525,-7.0508554,252.011,16.636,17.671,3,1,9,0,0.8768,82.859,0.109,0.87,0.019,2.2387,146.29,-1.0,5.009,-10.849366736433367,neo3_calibrated_ros,1,-17.5293,-33.1299,-25.3418,45.244595917523675,1,-10.602793082002895,yahboom_calibrated_ros+neo3_cross_align,1,-4510.0,7991.0,3823.0,-0.17592811819303003,0.8342908975978435,0.8526382612723616,-10.801800241307404,logger_gyro_integral:neo3_calibrated_ros,1,-10.801800241307404,nan,62.39135742187503,0.0,,,,0.201112939453125,-0.11013327636718749,9.830592016601562,9.839053311068618,,,,-0.0,-0.0,0.0,0.0,0.0,0.0,0.0,,,,0.6866455078125,1.175537109375,62.39135742187503,98627.016,36.60000000000002,,,,,,9,46,44,44,0,45,1180,ROS topics=74 messages=1180
ROS_TOPICS,26,1789500416135778944,2026-09-15T19:26:56.135779+00:00,1789500416135783673,6919385497134,1789500416000000000,1789500416,0,10253812,1789500416013025,1789500416000000,2,4,176.78553858944676,106.75837279546407,nav2_filtered_map,1.226412254635912,1.3603235545886325,110.4351539,-7.0508542,252.33100000000002,16.628,17.678,3,1,9,0,0.8012,85.706,0.06,0.799,-0.409,1.7539,125.41800000000002,-1.0,4.983,-10.688951718960858,neo3_calibrated_ros,1,-17.4683,-33.2764,-25.5371,45.437911244466335,1,-10.655275761941382,yahboom_calibrated_ros+neo3_cross_align,1,-4513.0,7979.0,3824.0,-0.17638014131801127,0.8326202135038484,0.8510971590755991,-10.801800241307404,logger_gyro_integral:neo3_calibrated_ros,1,-10.801800241307404,nan,62.391357421875,0.0,,,,0.22026655273437498,-0.1005564697265625,9.792284790039062,9.801066838429296,,,,-0.0,-0.0,0.0,0.0,0.0,0.0,0.0,,,,0.68115234375,1.1755371093750002,62.391357421875,98628.234,36.60000000000002,,,,,,10,49,49,49,0,50,1282,ROS topics=74 messages=1282
ROS_TOPICS,27,1789500416234199443,2026-09-15T19:26:56.234200+00:00,1789500416234201549,6919483916773,1789500416200000000,1789500416,200000000,10254006,1789500416207632,1789500416200000,2,4,176.8282866863969,106.83913853815426,nav2_filtered_map,1.281656079359842,1.4930380783896287,110.4351544,-7.050853,252.461,16.613,17.692,3,1,9,0,0.626,31.27799999999999,0.535,0.325,-0.3,1.16,106.179,-1.0,5.008,-10.883863951423656,neo3_calibrated_ros,1,-17.5293,-33.0322,-25.3174,45.15942136575712,1,-10.570446249597746,yahboom_calibrated_ros+neo3_cross_align,1,-4507.0,8015.0,3834.0,-0.1754549242091225,0.8376269730711021,0.8558056884862859,-10.801800241307404,logger_gyro_integral:neo3_calibrated_ros,1,-10.801800241307404,nan,62.391357421875,0.0,,,,0.2059013427734375,-0.1149216796875,9.782707983398437,9.791337978393438,,,,-0.0,-0.0,0.0,0.0,0.0,0.0,0.0,,,,0.68115234375,1.1755371093750002,62.391357421875,98629.453,36.35000000000002,,,,,,11,51,54,54,0,55,1357,ROS topics=74 messages=1357
ROS_TOPICS,28,1789500416333996995,2026-09-15T19:26:56.333997+00:00,1789500416333999158,6919583714382,1789500416200000000,1789500416,200000000,10254006,1789500416207632,1789500416200000,2,4,176.96145863498103,106.9719186439006,nav2_filtered_map,1.281656079359842,1.4930380783896287,110.4351544,-7.050853,252.461,16.613,17.692,3,1,9,0,0.626,31.27799999999999,0.535,0.325,-0.3,1.16,106.179,-1.0,5.008,-10.715673060236215,neo3_calibrated_ros,1,-17.4927,-33.3252,-25.5371,45.483040627688915,1,-10.68480543035934,yahboom_calibrated_ros+neo3_cross_align,1,-4512.0,7979.0,3837.0,-0.17623652389599298,0.8326219777420922,0.8510691336043718,-10.801800241307404,logger_gyro_integral:neo3_calibrated_ros,1,-10.801800241307404,nan,62.391357421875,0.0,,,,0.22026655273437498,-0.1005564697265625,9.830592016601562,9.839362290661947,,,,-0.0,-0.0,0.0,0.0,0.0,0.0,0.0,,,,0.68115234375,1.1755371093750002,62.391357421875,98627.625,36.35000000000002,,,,,,11,54,59,59,0,60,1454,ROS topics=74 messages=1454
ROS_TOPICS,29,1789500416437797802,2026-09-15T19:26:56.437798+00:00,1789500416437801914,6919687515252,1789500416400000000,1789500416,400000000,10254205,1789500416406722,1789500416400000,2,4,177.00728085482237,107.05486779816735,nav2_filtered_map,1.1380223031957335,1.2386687401518697,110.4351531,-7.0508553,253.031,16.606,17.706,3,1,9,0,0.4691,164.92699999999996,-0.453,0.122,-1.88,4.0659,180.0,-1.0,5.011,-10.822710650817543,neo3_calibrated_ros,1,-17.5049,-33.0811,-25.3662,45.21310433557952,1,-10.661629430270102,yahboom_calibrated_ros+neo3_cross_align,1,-4506.0,7973.0,3938.0,-0.17538540479334608,0.8317998674819237,0.8500888540367246,-10.801800241307404,logger_gyro_integral:neo3_calibrated_ros,1,-10.801800241307404,nan,62.391357421875,0.0,,,,0.2059013427734375,-0.1005564697265625,9.797073193359374,9.805539989767677,,,,-0.0,-0.0,0.0,0.0,0.0,0.0,0.0,,,,0.68115234375,1.1755371093750002,62.391357421875,98628.234,36.35000000000002,,,,,,12,56,64,64,0,65,1544,ROS topics=74 messages=1544
ROS_TOPICS,30,1789500416534265508,2026-09-15T19:26:56.534266+00:00,1789500416534267433,6919783982717,1789500416400000000,1789500416,400000000,10254205,1789500416406722,1789500416400000,2,4,177.11310256633212,107.14522356394453,nav2_filtered_map,1.1380223031957335,1.2386687401518697,110.4351531,-7.0508553,253.031,16.606,17.706,3,1,9,0,0.4691,164.92699999999996,-0.453,0.122,-1.88,4.0659,180.0,-1.0,5.011,-10.741062678841205,neo3_calibrated_ros,1,-17.4927,-33.252,-25.5127,45.41572325285595,1,-10.686370799104036,yahboom_calibrated_ros+neo3_cross_align,1,-4509.0,7977.0,3928.0,-0.17580920010642564,0.8323497052269466,0.8507143507861179,-10.801800241307404,logger_gyro_integral:neo3_calibrated_ros,1,-10.801800241307404,nan,62.391357421875,0.0,,,,0.19153613281249998,-0.1149216796875,9.792284790039062,9.800619100861887,,,,-0.0,-0.0,0.0,0.0,0.0,0.0,0.0,,,,0.68115234375,1.1755371093750002,62.391357421875,98626.711,36.35000000000002,,,,,,12,59,69,69,0,70,1628,ROS topics=74 messages=1628
ROS_TOPICS,31,1789500416633960623,2026-09-15T19:26:56.633961+00:00,1789500416633963383,6919883678029,1789500416600000000,1789500416,600000000,10254405,1789500416607090,1789500416600000,2,4,177.16129604108534,107.22933541829565,nav2_filtered_map,0.8507545294319747,0.9511206363833604,110.4351505,-7.0508579,252.991,16.606,17.72,3,1,9,0,0.5866,292.981,0.229,-0.54,-1.417,3.7437,180.0,-1.0,5.009,-10.702323117158809,neo3_calibrated_ros,1,-17.4805,-33.3008,-25.5615,45.47418435926036,1,-10.784525111766923,yahboom_calibrated_ros+neo3_cross_align,1,-4525.0,7994.0,3899.0,-0.17807708680857348,0.8346807818690015,0.8534655566967397,-10.801800241307404,logger_gyro_integral:neo3_calibrated_ros,1,-10.801800241307404,nan,62.391357421875,0.0,,,,0.21068974609375,-0.105344873046875,9.821015209960937,9.829627948395695,,,,-0.0,-0.0,0.0,0.0,0.0,0.0,0.0,,,,0.68115234375,1.1755371093750002,62.391357421875,98627.93,36.35000000000002,,,,,,13,61,74,74,0,75,1704,ROS topics=74 messages=1704
ROS_TOPICS,32,1789500416733932880,2026-09-15T19:26:56.733933+00:00,1789500416733935166,6919983650277,1789500416600000000,1789500416,600000000,10254405,1789500416607090,1789500416600000,2,4,177.227600489602,107.27712004463234,nav2_filtered_map,0.8507545294319747,0.9511206363833604,110.4351505,-7.0508579,252.991,16.606,17.72,3,1,9,0,0.5866,292.981,0.229,-0.54,-1.417,3.7437,180.0,-1.0,5.009,-10.702323117158809,neo3_calibrated_ros,1,-17.4805,-33.3008,-25.5615,45.47418435926036,1,-10.67743055923676,yahboom_calibrated_ros+neo3_cross_align,1,-4510.0,7983.0,3949.0,-0.17594223209898088,0.8331806366783345,0.8515548381470723,-10.801800241307404,logger_gyro_integral:neo3_calibrated_ros,1,-10.801800241307404,nan,62.39135742187503,0.0,,,,0.181959326171875,-0.1197100830078125,9.792284790039062,9.8004932460521,,,,-0.0,-0.0,0.0,0.0,0.0,0.0,0.0,,,,0.6866455078125,1.175537109375,62.39135742187503,98632.508,36.35000000000002,,,,,,13,64,79,79,0,80,1803,ROS topics=74 messages=1803
ROS_TOPICS,33,1789500416835163341,2026-09-15T19:26:56.835163+00:00,1789500416835166248,6920084881098,1789500416800000000,1789500416,800000000,10254604,1789500416805904,1789500416800000,2,4,177.27715329164175,107.3613803784302,nav2_filtered_map,0.5413892725686644,1.072775657224998,110.4351477,-7.0508568,253.29,16.613,17.741,3,1,9,0,1.6221,292.739,0.627,-1.496,-1.26,3.1647,111.786,-1.0,5.012,-10.736223715363197,neo3_calibrated_ros,1,-17.4805,-33.2031,-25.5127,45.37523103136776,1,-10.558438183372344,yahboom_calibrated_ros+neo3_cross_align,1,-4499.0,8006.0,3898.0,-0.1743218629771705,0.8363920434426052,0.8543651223253019,-10.801800241307404,logger_gyro_integral:neo3_calibrated_ros,1,-10.801800241307404,nan,62.39135742187503,0.0,,,,0.19153613281249998,-0.11013327636718749,9.787496386718749,9.795776566296121,,,,-0.0,-0.0,0.0,0.0,0.0,0.0,0.0,,,,0.6866455078125,1.175537109375,62.39135742187503,98630.68,36.35000000000002,,,,,,14,66,84,84,0,85,1896,ROS topics=74 messages=1896
ROS_TOPICS,34,1789500416937038850,2026-09-15T19:26:56.937039+00:00,1789500416937041963,6920186756195,1789500416800000000,1789500416,800000000,10254604,1789500416805904,1789500416800000,2,4,177.30376396352995,107.40903400992998,nav2_filtered_map,0.5413892725686644,1.072775657224998,110.4351477,-7.0508568,253.29,16.613,17.741,3,1,9,0,1.6221,292.739,0.627,-1.496,-1.26,3.1647,111.786,-1.0,5.012,-10.741062678841205,neo3_calibrated_ros,1,-17.4927,-33.252,-25.4883,45.40202081603858,1,-10.593322212581885,yahboom_calibrated_ros+neo3_cross_align,1,-4496.0,7982.0,3874.0,-0.17393335242896804,0.8330665533988099,0.8510303716548263,-10.801800241307404,logger_gyro_integral:neo3_calibrated_ros,1,-10.801800241307404,nan,62.39135742187503,0.0,,,,0.1867477294921875,-0.1149216796875,9.792284790039062,9.800526152142782,,,,-0.0,-0.0,0.0,0.0,0.0,0.0,0.0,,,,0.6866455078125,1.175537109375,62.39135742187503,98632.203,36.35000000000002,,,,,,14,69,89,89,0,90,1979,ROS topics=74 messages=1979
ROS_TOPICS,35,1789500417034815686,2026-09-15T19:26:57.034816+00:00,1789500417034818428,6920284533204,1789500416800000000,1789500416,800000000,10254604,1789500416805904,1789500416800000,2,4,177.35365324556392,107.49349766982667,nav2_filtered_map,0.5413892725686644,1.072775657224998,110.4351477,-7.0508568,253.29,16.613,17.741,3,1,9,0,1.6221,292.739,0.627,-1.496,-1.26,3.1647,111.786,-1.0,5.012,-10.745921512184276,neo3_calibrated_ros,1,-17.5049,-33.3008,-25.5127,45.45616202386647,1,-10.640018796768873,yahboom_calibrated_ros+neo3_cross_align,1,-4503.0,7996.0,3923.0,-0.1749139750476824,0.8349971603402435,0.8531208334364199,-10.801800241307404,logger_gyro_integral:neo3_calibrated_ros,1,-10.801800241307404,nan,62.39135742187503,0.0,,,,0.19632453613281248,-0.13407529296874998,9.744400756835937,9.75308951864836,,,,-0.0,-0.0,0.0,0.0,0.0,0.0,0.0,,,,0.6866455078125,1.175537109375,62.39135742187503,98628.844,36.35000000000002,,,,,,14,71,94,94,0,95,2049,ROS topics=74 messages=2049
ROS_TOPICS,36,1789500417134847509,2026-09-15T19:26:57.134847+00:00,1789500417134850166,6920384564811,1789500417000000000,1789500417,0,10254812,1789500417014130,1789500417000000,2,4,177.36214922620064,107.55786999323446,nav2_filtered_map,0.4309016828149894,1.3713833617349032,110.4351467,-7.0508541,253.501,16.613,17.762,3,1,9,0,0.7466,319.89,0.571,-0.481,-0.68,2.6413,180.0,-1.0,4.981,-10.732587127016485,neo3_calibrated_ros,1,-17.4927,-33.2764,-25.5127,45.43359122433532,1,-10.689547879558381,yahboom_calibrated_ros+neo3_cross_align,1,-4509.0,8000.0,3855.0,-0.175768622626817,0.835541705370535,0.8538293448421823,-10.801800241307404,logger_gyro_integral:neo3_calibrated_ros,1,-10.801800241307404,nan,62.39135742187503,0.0,,,,0.2059013427734375,-0.11013327636718749,9.787496386718749,9.796069588692466,,,,-0.0,-0.0,0.0,0.0,0.0,0.0,0.0,,,,0.6866455078125,1.175537109375,62.39135742187503,98629.758,36.35000000000002,,,,,,15,74,99,99,0,100,2150,ROS topics=74 messages=2150
ROS_TOPICS,37,1789500417233791101,2026-09-15T19:26:57.233791+00:00,1789500417233793965,6920483508485,1789500417200000000,1789500417,200000000,10255005,1789500417206492,1789500417200000,2,4,177.4118906146697,107.64296612864815,nav2_filtered_map,0.39775541864324926,1.459859779530392,110.4351464,-7.0508533,253.811,16.606,17.769,3,1,9,0,0.1669,134.029,-0.116,0.12,-0.762,3.8821,180.0,-1.0,5.011,-10.702323117158809,neo3_calibrated_ros,1,-17.4805,-33.3008,-25.5127,45.44677130644156,1,-10.758994122300102,yahboom_calibrated_ros+neo3_cross_align,1,-4511.0,7969.0,3899.0,-0.17611054885641317,0.8312359158309499,0.8496870442614888,-10.801800241307404,logger_gyro_integral:neo3_calibrated_ros,1,-10.801800241307404,nan,62.39135742187503,0.0,,,,0.2059013427734375,-0.143652099609375,9.792284790039062,9.801293270734103,,,,-0.0,-0.0,0.0,0.0,0.0,0.0,0.0,,,,0.6866455078125,1.175537109375,62.39135742187503,98624.875,36.35000000000002,,,,,,16,76,103,103,0,104,2228,ROS topics=74 messages=2228
ROS_TOPICS,38,1789500417333808817,2026-09-15T19:26:57.333809+00:00,1789500417333811227,6920583526267,1789500417200000000,1789500417,200000000,10255005,1789500417206492,1789500417200000,2,4,177.4113864218461,107.70240271959712,nav2_filtered_map,0.39775541864324926,1.459859779530392,110.4351464,-7.0508533,253.811,16.606,17.769,3,1,9,0,0.1669,134.029,-0.116,0.12,-0.762,3.8821,180.0,-1.0,5.011,-10.741062678841205,neo3_calibrated_ros,1,-17.4927,-33.252,-25.5371,45.42943466190175,1,-10.84224497131655,yahboom_calibrated_ros+neo3_cross_align,1,-4524.0,7979.0,3901.0,-0.177959932960213,0.8326008068831661,0.8514069775152789,-10.801800241307404,logger_gyro_integral:neo3_calibrated_ros,1,-10.801800241307404,nan,62.39135742187503,0.0,,,,0.19153613281249998,-0.105344873046875,9.7683427734375,9.776574740500735,,,,-0.0,-0.0,0.0,0.0,0.0,0.0,0.0,,,,0.6866455078125,1.175537109375,62.39135742187503,98627.625,36.35000000000002,,,,,,16,79,109,109,0,110,2322,ROS topics=74 messages=2322
ROS_TOPICS,39,1789500417439624518,2026-09-15T19:26:57.439625+00:00,1789500417439631353,6920689342087,1789500417400000000,1789500417,400000000,10255205,1789500417406732,1789500417400000,2,4,177.46074987455046,107.788012141414,nav2_filtered_map,0.46404799197339863,1.7252888327360298,110.435147,-7.0508509,253.821,16.591,17.776,3,1,9,0,0.7594,19.461,0.716,0.253,0.093,2.5769,180.0,-1.0,5.009,-10.870535446875135,neo3_calibrated_ros,1,-17.5171,-33.0078,-25.293,45.12315926716568,1,-10.750681334824272,yahboom_calibrated_ros+neo3_cross_align,1,-4507.0,7956.0,3951.0,-0.17555901426550993,0.8294387987897233,0.8478146545251601,-10.801800241307404,logger_gyro_integral:neo3_calibrated_ros,1,-10.801800241307404,nan,62.39135742187503,0.0,,,,0.19632453613281248,-0.1149216796875,9.792284790039062,9.800714388203335,,,,-0.0,-0.0,0.0,0.0,0.0,0.0,0.0,,,,0.6866455078125,1.175537109375,62.39135742187503,98638.305,36.35000000000002,,,,,,17,81,114,114,0,115,2412,ROS topics=74 messages=2412
ROS_TOPICS,40,1789500417533772762,2026-09-15T19:26:57.533773+00:00,1789500417533774809,6920783490041,1789500417400000000,1789500417,400000000,10255205,1789500417406732,1789500417400000,2,4,177.46113068553336,107.85970466976137,nav2_filtered_map,0.46404799197339863,1.7252888327360298,110.435147,-7.0508509,253.821,16.591,17.776,3,1,9,0,0.7594,19.461,0.716,0.253,0.093,2.5769,180.0,-1.0,5.009,-10.724123929706144,neo3_calibrated_ros,1,-17.4927,-33.3008,-25.4883,45.437773612051025,1,-10.63039123269358,yahboom_calibrated_ros+neo3_cross_align,1,-4497.0,7979.0,3938.0,-0.1740822625657179,0.8326484413157501,0.8506515508511977,-10.801800241307404,logger_gyro_integral:neo3_calibrated_ros,1,-10.801800241307404,nan,62.39135742187503,0.0,,,,0.1867477294921875,-0.1197100830078125,9.758765966796874,9.767073753597485,,,,-0.0,-0.0,0.0,0.0,0.0,0.0,0.0,,,,0.6866455078125,1.175537109375,62.39135742187503,98629.453,36.35000000000002,,,,,,17,84,119,119,0,120,2500,ROS topics=74 messages=2500
ROS_TOPICS,41,1789500417635659257,2026-09-15T19:26:57.635659+00:00,1789500417635661461,6920885376531,1789500417600000000,1789500417,600000000,10255405,1789500417606366,1789500417600000,2,4,177.51008850951428,107.94605491212262,nav2_filtered_map,0.5966331430746055,1.979658367165888,110.4351482,-7.0508486,253.911,16.583,17.79,3,1,9,0,0.8202,63.185,0.37,0.732,0.418,3.4004,180.0,-1.0,5.008,-10.793269194971568,neo3_calibrated_ros,1,-17.5171,-33.2275,-25.3418,45.31139344469556,1,-10.708948536486746,yahboom_calibrated_ros+neo3_cross_align,1,-4506.0,7984.0,3876.0,-0.17536599817266368,0.8333264762462486,0.8515786806444159,-10.801800241307404,logger_gyro_integral:neo3_calibrated_ros,1,-10.801800241307404,nan,62.39135742187503,0.0,,,,0.201112939453125,-0.11013327636718749,9.801861596679688,9.810330808679065,,,,-0.0,-0.0,0.0,0.0,0.0,0.0,0.0,,,,0.6866455078125,1.175537109375,62.39135742187503,98629.453,36.35000000000002,,,,,,18,86,124,124,0,125,2587,ROS topics=74 messages=2587
ROS_TOPICS,42,1789500417734294498,2026-09-15T19:26:57.734294+00:00,1789500417734297685,6920984012073,1789500417600000000,1789500417,600000000,10255405,1789500417606366,1789500417600000,2,4,177.5178809221751,108.02782436148863,nav2_filtered_map,0.5966331430746055,1.979658367165888,110.4351482,-7.0508486,253.911,16.583,17.79,3,1,9,0,0.8202,63.185,0.37,0.732,0.418,3.4004,180.0,-1.0,5.008,-10.685464168849997,neo3_calibrated_ros,1,-17.4805,-33.3496,-25.5615,45.509932791205046,1,-10.748417446005218,yahboom_calibrated_ros+neo3_cross_align,1,-4515.0,8001.0,3917.0,-0.17662856292068316,0.8356699025560105,0.8541322118251938,-10.801800241307404,logger_gyro_integral:neo3_calibrated_ros,1,-10.801800241307404,nan,62.39135742187503,0.0,,,,0.2059013427734375,-0.12449848632812499,9.792284790039062,9.801029719836603,,,,-0.0,-0.0,0.0,0.0,0.0,0.0,0.0,,,,0.6866455078125,1.175537109375,62.39135742187503,98624.875,36.35000000000002,,,,,,18,89,129,129,0,130,2674,ROS topics=74 messages=2674
ROS_TOPICS,43,1789500417835137552,2026-09-15T19:26:57.835138+00:00,1789500417835140598,6921084854853,1789500417800000000,1789500417,800000000,10255603,1789500417805578,1789500417800000,2,4,177.56661313022693,108.11514997499725,nav2_filtered_map,0.7734133634954612,2.2119088578759527,110.4351498,-7.0508465,254.11100000000002,16.568,17.804,3,1,9,0,0.8637,82.88300000000001,0.107,0.857,0.23,2.7171,180.0,-1.0,5.014,-10.827468347049189,neo3_calibrated_ros,1,-17.5171,-33.1299,-25.3662,45.25354316360212,1,-10.71382749436058,yahboom_calibrated_ros+neo3_cross_align,1,-4510.0,8003.0,3955.0,-0.17590694733410378,0.835956288977107,0.8542635256176981,-10.801800241307404,logger_gyro_integral:neo3_calibrated_ros,1,-10.801800241307404,nan,62.39135742187503,0.0,,,,0.1867477294921875,-0.12449848632812499,9.792284790039062,9.800643898135823,,,,-0.0,-0.0,0.0,0.0,0.0,0.0,0.0,,,,0.6866455078125,1.175537109375,62.39135742187503,98637.086,36.35000000000002,,,,,,19,91,134,134,0,135,2763,ROS topics=74 messages=2763
ROS_TOPICS,44,1789500417935201997,2026-09-15T19:26:57.935202+00:00,1789500417935206582,6921184919485,1789500417800000000,1789500417,800000000,10255603,1789500417805578,1789500417800000,2,4,177.58569374792017,108.20385204452367,nav2_filtered_map,0.7734133634954612,2.2119088578759527,110.4351498,-7.0508465,254.11100000000002,16.568,17.804,3,1,9,0,0.8637,82.88300000000001,0.107,0.857,0.23,2.7171,180.0,-1.0,5.014,-10.655294774999213,neo3_calibrated_ros,1,-17.4683,-33.374,-25.5371,45.50943701365685,1,-10.709747412206937,yahboom_calibrated_ros+neo3_cross_align,1,-4507.0,7988.0,3914.0,-0.17550255864170658,0.8338798424677593,0.8521483085495392,-10.801800241307404,logger_gyro_integral:neo3_calibrated_ros,1,-10.801800241307404,nan,62.39135742187503,0.0,,,,0.1867477294921875,-0.1005564697265625,9.82580361328125,9.83387797750898,,,,-0.0,-0.0,0.0,0.0,0.0,0.0,0.0,,,,0.6866455078125,1.175537109375,62.39135742187503,98628.844,36.35000000000002,,,,,,19,94,139,139,0,140,2849,ROS topics=74 messages=2849
ROS_TOPICS,45,1789500418033486394,2026-09-15T19:26:58.033486+00:00,1789500418033490224,6921283204021,1789500417800000000,1789500417,800000000,10255603,1789500417805578,1789500417800000,2,4,177.6344723137808,108.29229258085033,nav2_filtered_map,0.7734133634954612,2.2119088578759527,110.4351498,-7.0508465,254.11100000000002,16.568,17.804,3,1,9,0,0.8637,82.88300000000001,0.107,0.857,0.23,2.7171,180.0,-1.0,5.014,-10.75808581614167,neo3_calibrated_ros,1,-17.4927,-33.2031,-25.415,45.32507725200256,1,-10.721334715963149,yahboom_calibrated_ros+neo3_cross_align,1,-4507.0,7984.0,3927.0,-0.175509615594682,0.8333247120080047,0.8516065410795158,-10.801800241307404,logger_gyro_integral:neo3_calibrated_ros,1,-10.801800241307404,nan,62.39135742187503,0.0,,,,0.2154781494140625,-0.1149216796875,9.782707983398437,9.791545124664069,,,,-0.0,-0.0,0.0,0.0,0.0,0.0,0.0,,,,0.6866455078125,1.175537109375,62.39135742187503,98626.711,36.35000000000002,,,,,,19,96,144,144,0,145,2914,ROS topics=74 messages=2914
ROS_TOPICS,46,1789500418134413069,2026-09-15T19:26:58.134413+00:00,1789500418134415017,6921384130261,1789500418000000000,1789500418,0,10255815,1789500418015784,1789500418000000,2,4,177.63428209595102,108.33409322279867,nav2_filtered_map,0.6297794205954768,1.8911819913066514,110.4351485,-7.0508494,253.83100000000002,16.56,17.819,3,1,9,0,0.5478,63.20099999999999,0.247,0.489,0.039,2.4093,180.0,-1.0,4.97,-10.715673060236215,neo3_calibrated_ros,1,-17.4927,-33.3252,-25.5615,45.49674483498792,1,-10.736933140318698,yahboom_calibrated_ros+neo3_cross_align,1,-4511.0,7993.0,4027.0,-0.17606820713856064,0.834566698589477,0.8529370363394511,-10.801800241307404,logger_gyro_integral:neo3_calibrated_ros,1,-10.801800241307404,nan,62.39135742187503,0.0,,,,0.19153613281249998,-0.11013327636718749,9.797073193359374,9.80535090931375,,,,-0.0,-0.0,0.0,0.0,0.0,0.0,0.0,,,,0.6866455078125,1.175537109375,62.39135742187503,98634.031,36.35000000000002,,,,,,20,99,148,148,0,149,3013,ROS topics=74 messages=3013
ROS_TOPICS,47,1789500418235924500,2026-09-15T19:26:58.235924+00:00,1789500418235926807,6921485641800,1789500418200000000,1789500418,200000000,10256005,1789500418206870,1789500418200000,2,4,177.68263730547875,108.42245271858036,nav2_filtered_map,0.6408282509615375,1.9575394578366667,110.4351486,-7.0508488,254.491,16.545,17.833,3,1,9,0,0.483,180.474,-0.483,-0.004,-1.175,4.2242,180.0,-1.0,5.014,-10.69388750262355,neo3_calibrated_ros,1,-17.4805,-33.3252,-25.5859,45.50577011874428,1,-10.728169828244743,yahboom_calibrated_ros+neo3_cross_align,1,-4510.0,7991.0,4008.0,-0.17592811819303003,0.8342908975978435,0.8526382612723616,-10.801800241307404,logger_gyro_integral:neo3_calibrated_ros,1,-10.801800241307404,nan,62.39135742187503,0.0,,,,0.19632453613281248,-0.11013327636718749,9.797073193359374,9.805446150672442,,,,-0.0,-0.0,0.0,0.0,0.0,0.0,0.0,,,,0.6866455078125,1.175537109375,62.39135742187503,98638.0,36.35000000000002,,,,,,21,101,151,151,0,152,3085,ROS topics=74 messages=3085
ROS_TOPICS,48,1789500418333071257,2026-09-15T19:26:58.333071+00:00,1789500418333076902,6921582789228,1789500418200000000,1789500418,200000000,10256005,1789500418206870,1789500418200000,2,4,177.66899953954868,108.44047423750418,nav2_filtered_map,0.6408282509615375,1.9575394578366667,110.4351486,-7.0508488,254.491,16.545,17.833,3,1,9,0,0.483,180.474,-0.483,-0.004,-1.175,4.2242,180.0,-1.0,5.014,-10.715673060236215,neo3_calibrated_ros,1,-17.4927,-33.3252,-25.5859,45.510457997475704,1,-10.786874463263695,yahboom_calibrated_ros+neo3_cross_align,1,-4517.0,7988.0,4079.0,-0.17693873286188994,0.8338622000853206,0.8524279933917601,-10.801800241307404,logger_gyro_integral:neo3_calibrated_ros,1,-10.801800241307404,nan,62.39135742187503,0.0,,,,0.19153613281249998,-0.105344873046875,9.777919580078125,9.786149125865547,,,,-0.0,-0.0,0.0,0.0,0.0,0.0,0.0,,,,0.6866455078125,1.175537109375,62.39135742187503,98632.508,36.35000000000002,,,,,,21,104,155,155,0,156,3158,ROS topics=74 messages=3158
ROS_TOPICS,49,1789500418435922108,2026-09-15T19:26:58.435922+00:00,1789500418435925611,6921685639412,1789500418400000000,1789500418,400000000,10256205,1789500418407011,1789500418400000,2,4,177.72395980402428,108.54174716347514,nav2_filtered_map,0.47509683313756335,2.0681350268748964,110.4351471,-7.0508478,254.851,16.53,17.84,3,1,9,0,0.8995,286.602,0.257,-0.862,-1.186,3.4437,180.0,-1.0,5.012,-10.655294774999213,neo3_calibrated_ros,1,-17.4683,-33.374,-25.5859,45.536838490391496,1,-10.84496050394236,yahboom_calibrated_ros+neo3_cross_align,1,-4525.0,7983.0,4002.0,-0.1780964934292559,0.8331541731046767,0.8519766646649042,-10.801800241307404,logger_gyro_integral:neo3_calibrated_ros,1,-10.801800241307404,nan,62.39135742187503,0.0,,,,0.2154781494140625,-0.086191259765625,9.792284790039062,9.800821844932148,,,,-0.0,-0.0,0.0,0.0,0.0,0.0,0.0,,,,0.6866455078125,1.175537109375,62.39135742187503,98629.453,36.35000000000002,,,,,,22,106,160,160,0,161,3248,ROS topics=74 messages=3248
ROS_TOPICS,50,1789500418533192757,2026-09-15T19:26:58.533193+00:00,1789500418533198387,6921782910998,1789500418400000000,1789500418,400000000,10256205,1789500418407011,1789500418400000,2,4,177.69879320086133,108.57672673527794,nav2_filtered_map,0.47509683313756335,2.0681350268748964,110.4351471,-7.0508478,254.851,16.53,17.84,3,1,9,0,0.8995,286.602,0.257,-0.862,-1.186,3.4437,180.0,-1.0,5.012,-10.69388750262355,neo3_calibrated_ros,1,-17.4805,-33.3252,-25.5371,45.47834992279294,1,-10.700953858203444,yahboom_calibrated_ros+neo3_cross_align,1,-4509.0,7985.0,4027.0,-0.17579508620047482,0.8334599661464556,0.8517977620897365,-10.801800241307404,logger_gyro_integral:neo3_calibrated_ros,1,-10.801800241307404,nan,62.39135742187503,0.0,,,,0.1867477294921875,-0.11013327636718749,9.763554370117188,9.771747507417247,,,,-0.0,-0.0,0.0,0.0,0.0,0.0,0.0,,,,0.6866455078125,1.175537109375,62.39135742187503,98629.758,36.35000000000002,,,,,,22,109,165,165,0,166,3332,ROS topics=74 messages=3332
ROS_TOPICS,51,1789500418634317992,2026-09-15T19:26:58.634318+00:00,1789500418634320116,6921884035318,1789500418600000000,1789500418,600000000,10256405,1789500418607297,1789500418600000,2,4,177.74543721412715,108.66435398781464,nav2_filtered_map,0.3093653990961376,2.1676710652049227,110.4351456,-7.0508469,255.221,16.523,17.847,3,1,9,0,0.5922,273.679,0.038,-0.591,-1.269,3.8069,180.0,-1.0,5.01,-10.677053089354768,neo3_calibrated_ros,1,-17.4805,-33.374,-25.5859,45.541519902831524,1,-10.687337928209152,yahboom_calibrated_ros+neo3_cross_align,1,-4508.0,7987.0,4143.0,-0.17564794030196879,0.8337392956145767,0.8520407337587884,-10.801800241307404,logger_gyro_integral:neo3_calibrated_ros,1,-10.801800241307404,nan,62.39135742187503,0.0,,,,0.19632453613281248,-0.12449848632812499,9.792284790039062,9.80083213193493,,,,-0.0,-0.0,0.0,0.0,0.0,0.0,0.0,,,,0.6866455078125,1.175537109375,62.39135742187503,98639.219,36.35000000000002,,,,,,23,111,170,170,0,171,3424,ROS topics=74 messages=3424
ROS_TOPICS,52,1789500418733061677,2026-09-15T19:26:58.733062+00:00,1789500418733066888,6921982779848,1789500418600000000,1789500418,600000000,10256405,1789500418607297,1789500418600000,2,4,177.70071791151494,108.69728149762962,nav2_filtered_map,0.3093653990961376,2.1676710652049227,110.4351456,-7.0508469,255.221,16.523,17.847,3,1,9,0,0.5922,273.679,0.038,-0.591,-1.269,3.8069,180.0,-1.0,5.01,-10.70723449200852,neo3_calibrated_ros,1,-17.4927,-33.3496,-25.5859,45.52832801959677,1,-10.540187757227713,yahboom_calibrated_ros+neo3_cross_align,1,-4489.0,7987.0,4046.0,-0.1729192092836204,0.83377281614121,0.8515152152929015,-10.801800241307404,logger_gyro_integral:neo3_calibrated_ros,1,-10.801800241307404,nan,62.39135742187503,0.0,,,,0.19153613281249998,-0.1197100830078125,9.758765966796874,9.767167020664546,,,,-0.0,-0.0,0.0,0.0,0.0,0.0,0.0,,,,0.6866455078125,1.175537109375,62.39135742187503,98628.234,36.35000000000002,,,,,,23,114,175,175,0,176,3507,ROS topics=74 messages=3507
ROS_TOPICS,53,1789500418833865457,2026-09-15T19:26:58.833865+00:00,1789500418833867773,6922083582673,1789500418800000000,1789500418,800000000,10256604,1789500418806338,1789500418800000,2,4,177.74589846012347,108.78475433927359,nav2_filtered_map,0.08839012171082894,2.1234330448433303,110.4351436,-7.0508473,255.71,16.508,17.854,3,1,9,0,0.605,258.56,-0.12,-0.593,-1.951,3.9459,180.0,-1.0,5.012,-10.715673060236215,neo3_calibrated_ros,1,-17.4927,-33.3252,-25.5127,45.46934538367581,1,-10.65364346114578,yahboom_calibrated_ros+neo3_cross_align,1,-4504.0,8000.0,3988.0,-0.17505053551672534,0.8355505265617542,0.8536904429723441,-10.801800241307404,logger_gyro_integral:neo3_calibrated_ros,1,-10.801800241307404,nan,62.39135742187503,0.0,,,,0.1867477294921875,-0.1197100830078125,9.782707983398437,9.791009534613174,,,,-0.0,-0.0,0.0,0.0,0.0,0.0,0.0,,,,0.6866455078125,1.175537109375,62.39135742187503,98626.102,36.35000000000002,,,,,,24,116,180,180,0,181,3600,ROS topics=74 messages=3600
ROS_TOPICS,54,1789500418934811463,2026-09-15T19:26:58.934811+00:00,1789500418934816513,6922184529012,1789500418800000000,1789500418,800000000,10256604,1789500418806338,1789500418800000,2,4,177.67824212243167,108.80181439820379,nav2_filtered_map,0.08839012171082894,2.1234330448433303,110.4351436,-7.0508473,255.71,16.508,17.854,3,1,9,0,0.605,258.56,-0.12,-0.593,-1.951,3.9459,180.0,-1.0,5.012,-10.737455394508578,neo3_calibrated_ros,1,-17.5049,-33.3252,-25.5615,45.50143691467336,1,-10.711283325258142,yahboom_calibrated_ros+neo3_cross_align,1,-4509.0,7994.0,3958.0,-0.1757792080562801,0.8347090096809032,0.8530166826196116,-10.801800241307404,logger_gyro_integral:neo3_calibrated_ros,1,-10.801800241307404,nan,62.39135742187503,0.0,,,,0.19153613281249998,-0.11013327636718749,9.782707983398437,9.790989396594373,,,,-0.0,-0.0,0.0,0.0,0.0,0.0,0.0,,,,0.6866455078125,1.175537109375,62.39135742187503,98628.844,36.35000000000002,,,,,,24,119,185,185,0,186,3683,ROS topics=74 messages=3683
ROS_TOPICS,55,1789500419033859077,2026-09-15T19:26:59.033859+00:00,1789500419033861818,6922283576652,1789500418800000000,1789500418,800000000,10256604,1789500418806338,1789500418800000,2,4,177.72130389842513,108.88854271654895,nav2_filtered_map,0.08839012171082894,2.1234330448433303,110.4351436,-7.0508473,255.71,16.508,17.854,3,1,9,0,0.605,258.56,-0.12,-0.593,-1.951,3.9459,180.0,-1.0,5.012,-10.849366736433367,neo3_calibrated_ros,1,-17.5293,-33.1299,-25.3906,45.271947173277184,1,-10.691519515239495,yahboom_calibrated_ros+neo3_cross_align,1,-4503.0,7986.0,4059.0,-0.17493161743012095,0.8336093341908573,0.8517661608838676,-10.801800241307404,logger_gyro_integral:neo3_calibrated_ros,1,-10.801800241307404,nan,62.39135742187503,0.0,,,,0.1867477294921875,-0.1149216796875,9.7683427734375,9.776590217659438,,,,-0.0,-0.0,0.0,0.0,0.0,0.0,0.0,,,,0.6866455078125,1.175537109375,62.39135742187503,98626.406,36.35000000000002,,,,,,24,121,190,190,0,191,3753,ROS topics=74 messages=3753
ROS_TOPICS,56,1789500419133156038,2026-09-15T19:26:59.133156+00:00,1789500419133160204,6922382873646,1789500419000000000,1789500419,0,10256813,1789500419014629,1789500419000000,2,4,177.62911021337948,108.86491520429868,nav2_filtered_map,-0.176780234304603,1.8137656774633237,110.4351412,-7.0508501,255.541,16.492,17.861,3,1,9,0,0.0592,158.199,-0.055,0.022,-1.272,3.7811,180.0,-1.0,4.978,-10.732587127016485,neo3_calibrated_ros,1,-17.4927,-33.2764,-25.5615,45.46101222476244,1,-10.67152916504952,yahboom_calibrated_ros+neo3_cross_align,1,-4501.0,7991.0,4014.0,-0.174635561394865,0.8343067757420382,0.8523880427087039,-10.801800241307404,logger_gyro_integral:neo3_calibrated_ros,1,-10.801800241307404,nan,62.39135742187503,0.0,,,,0.21068974609375,-0.1149216796875,9.801861596679688,9.810588186999407,,,,-0.0,-0.0,0.0,0.0,0.0,0.0,0.0,,,,0.6866455078125,1.175537109375,62.39135742187503,98635.25,36.35000000000002,,,,,,25,124,195,195,0,196,3854,ROS topics=74 messages=3854
ROS_TOPICS,57,1789500419235051907,2026-09-15T19:26:59.235052+00:00,1789500419235054255,6922484769124,1789500419200000000,1789500419,200000000,10257006,1789500419208149,1789500419200000,2,4,177.66948252637133,108.94989661934538,nav2_filtered_map,-2.7901680965669584e-11,2.2008497811251497,110.4351428,-7.0508466,255.441,16.5,17.875,3,1,9,0,0.7928,46.175,0.549,0.572,0.51,4.0175,180.0,-1.0,5.009,-10.810343764046408,neo3_calibrated_ros,1,-17.5171,-33.1787,-25.3418,45.27561985594454,1,-10.711133578211934,yahboom_calibrated_ros+neo3_cross_align,1,-4509.0,8013.0,3985.0,-0.1757456875296469,0.8373458793647371,0.8555902456049702,-10.801800241307404,logger_gyro_integral:neo3_calibrated_ros,1,-10.801800241307404,nan,62.39135742187503,0.0,,,,0.201112939453125,-0.12449848632812499,9.758765966796874,9.76742084142515,,,,-0.0,-0.0,0.0,0.0,0.0,0.0,0.0,,,,0.6866455078125,1.175537109375,62.39135742187503,98628.844,36.35000000000002,,,,,,26,126,200,200,0,201,3944,ROS topics=74 messages=3944
ROS_TOPICS,58,1789500419333123184,2026-09-15T19:26:59.333123+00:00,1789500419333129721,6922582841490,1789500419200000000,1789500419,200000000,10257006,1789500419208149,1789500419200000,2,4,177.59635167328554,108.9559069728199,nav2_filtered_map,-2.7901680965669584e-11,2.2008497811251497,110.4351428,-7.0508466,255.441,16.5,17.875,3,1,9,0,0.7928,46.175,0.549,0.572,0.51,4.0175,180.0,-1.0,5.009,-10.715673060236215,neo3_calibrated_ros,1,-17.4927,-33.3252,-25.5615,45.49674483498792,1,-10.75535217218277,yahboom_calibrated_ros+neo3_cross_align,1,-4509.0,7987.0,3946.0,-0.1757915577239871,0.8337375313763329,0.852068625752954,-10.801800241307404,logger_gyro_integral:neo3_calibrated_ros,1,-10.801800241307404,nan,62.39135742187503,0.0,,,,0.1867477294921875,-0.1197100830078125,9.801861596679688,9.810158181337016,,,,-0.0,-0.0,0.0,0.0,0.0,0.0,0.0,,,,0.6866455078125,1.175537109375,62.39135742187503,98636.477,36.35000000000002,,,,,,26,129,205,205,0,206,4026,ROS topics=74 messages=4026
ROS_TOPICS,59,1789500419439148655,2026-09-15T19:26:59.439148+00:00,1789500419439154726,6922688866175,1789500419400000000,1789500419,400000000,10257209,1789500419410663,1789500419400000,2,4,177.634485941161,109.03981830546415,nav2_filtered_map,0.18782900038990658,2.643231625601104,110.4351445,-7.0508426,255.391,16.5,17.889,3,1,9,0,1.1588,33.882,0.962,0.646,1.003,4.3661,180.0,-1.0,4.996,-10.83221141637907,neo3_calibrated_ros,1,-17.5293,-33.1787,-25.3418,45.2803414234036,1,-10.766419596152613,yahboom_calibrated_ros+neo3_cross_align,1,-4509.0,7985.0,3910.0,-0.17579508620047482,0.8334599661464556,0.8517977620897365,-10.801800241307404,logger_gyro_integral:neo3_calibrated_ros,1,-10.801800241307404,nan,62.39135742187503,0.0,,,,0.201112939453125,-0.1388636962890625,9.777919580078125,9.78676322632582,,,,-0.0,-0.0,0.0,0.0,0.0,0.0,0.0,,,,0.6866455078125,1.175537109375,62.39135742187503,98626.102,36.35000000000002,,,,,,27,131,210,210,0,211,4115,ROS topics=74 messages=4115
ROS_TOPICS,60,1789500419533176382,2026-09-15T19:26:59.533176+00:00,1789500419533181586,6922782894291,1789500419400000000,1789500419,400000000,10257209,1789500419410663,1789500419400000,2,4,177.5801127707354,109.07862729070249,nav2_filtered_map,0.18782900038990658,2.643231625601104,110.4351445,-7.0508426,255.391,16.5,17.889,3,1,9,0,1.1588,33.882,0.962,0.646,1.003,4.3661,180.0,-1.0,4.996,-10.729001598536867,neo3_calibrated_ros,1,-17.5049,-33.3496,-25.5615,45.519310478301406,1,-10.599455363818123,yahboom_calibrated_ros+neo3_cross_align,1,-4488.0,7984.0,3888.0,-0.17278088457633362,0.8333582325346379,0.8510811816790663,-10.801800241307404,logger_gyro_integral:neo3_calibrated_ros,1,-10.801800241307404,nan,62.39135742187503,0.0,,,,0.19632453613281248,-0.11013327636718749,9.80665,9.815020405591197,,,,-0.0,-0.0,0.0,0.0,0.0,0.0,0.0,,,,0.6866455078125,1.175537109375,62.39135742187503,98630.375,36.35000000000002,,,,,,27,134,215,215,0,216,4200,ROS topics=74 messages=4200
ROS_TOPICS,61,1789500419634996929,2026-09-15T19:26:59.634997+00:00,1789500419634999750,6922884714293,1789500419600000000,1789500419,600000000,10257405,1789500419607221,1789500419600000,2,4,177.61644999189252,109.16222028878903,nav2_filtered_map,0.45299934987126966,3.1409111788014843,110.4351469,-7.0508381,255.311,16.485,17.896,3,1,9,0,1.4241,44.886,1.009,1.005,1.488,4.1307,166.18799999999996,-1.0,5.012,-10.866572370780686,neo3_calibrated_ros,1,-17.5293,-33.0811,-25.4639,45.27743078963292,1,-10.826918487263573,yahboom_calibrated_ros+neo3_cross_align,1,-4514.0,7986.0,3870.0,-0.17651140907232266,0.8335899275701749,0.8520730279026243,-10.801800241307404,logger_gyro_integral:neo3_calibrated_ros,1,-10.801800241307404,nan,62.39135742187503,0.0,,,,0.19632453613281248,-0.1388636962890625,9.797073193359374,9.805813236907497,,,,-0.0,-0.0,0.0,0.0,0.0,0.0,0.0,,,,0.6866455078125,1.175537109375,62.39135742187503,98631.594,36.35000000000002,,,,,,28,136,220,220,0,221,4292,ROS topics=74 messages=4292
ROS_TOPICS,62,1789500419733093171,2026-09-15T19:26:59.733093+00:00,1789500419733096807,6922982810784,1789500419600000000,1789500419,600000000,10257405,1789500419607221,1789500419600000,2,4,177.5870352580346,109.23656723518742,nav2_filtered_map,0.45299934987126966,3.1409111788014843,110.4351469,-7.0508381,255.311,16.485,17.896,3,1,9,0,1.4241,44.886,1.009,1.005,1.488,4.1307,166.18799999999996,-1.0,5.012,-10.724123929706144,neo3_calibrated_ros,1,-17.4927,-33.3008,-25.5615,45.47887549379382,1,-10.770175963098852,yahboom_calibrated_ros+neo3_cross_align,1,-4507.0,7981.0,3918.0,-0.17551490830941358,0.8329083641631888,0.8512002268161475,-10.801800241307404,logger_gyro_integral:neo3_calibrated_ros,1,-10.801800241307404,nan,62.39135742187503,0.0,,,,0.19632453613281248,-0.1005564697265625,9.801861596679688,9.810129670172149,,,,-0.0,-0.0,0.0,0.0,0.0,0.0,0.0,,,,0.6866455078125,1.175537109375,62.39135742187503,98626.406,36.35000000000002,,,,,,28,139,225,225,0,226,4375,ROS topics=74 messages=4375
ROS_TOPICS,63,1789500419833766682,2026-09-15T19:26:59.833767+00:00,1789500419833769168,6923083484061,1789500419800000000,1789500419,800000000,10257605,1789500419807383,1789500419800000,2,4,177.62217409617713,109.32068649874536,nav2_filtered_map,0.47509689525616805,3.2625663076213502,110.4351471,-7.050837,255.541,16.477,17.909,3,1,9,0,0.6896,43.766,0.498,0.477,0.247,3.3272,180.0,-1.0,5.01,-10.724123929706144,neo3_calibrated_ros,1,-17.4927,-33.3008,-25.5371,45.465165900280184,1,-10.708354156540722,yahboom_calibrated_ros+neo3_cross_align,1,-4501.0,7987.0,3906.0,-0.17464261834784042,0.8337516452822837,0.8518461423017096,-10.801800241307404,logger_gyro_integral:neo3_calibrated_ros,1,-10.801800241307404,nan,62.39135742187503,0.0,,,,0.2154781494140625,-0.1388636962890625,9.801861596679688,9.811004311204659,,,,-0.0,-0.0,0.0,0.0,0.0,0.0,0.0,,,,0.6866455078125,1.175537109375,62.39135742187503,98626.711,36.35000000000002,,,,,,29,141,230,230,0,231,4466,ROS topics=74 messages=4466
ROS_TOPICS,64,1789500419934735129,2026-09-15T19:26:59.934735+00:00,1789500419934740672,6923184452860,1789500419800000000,1789500419,800000000,10257605,1789500419807383,1789500419800000,2,4,177.5933530999738,109.39188681756514,nav2_filtered_map,0.47509689525616805,3.2625663076213502,110.4351471,-7.050837,255.541,16.477,17.909,3,1,9,0,0.6896,43.766,0.498,0.477,0.247,3.3272,180.0,-1.0,5.01,-10.720560097707336,neo3_calibrated_ros,1,-17.5049,-33.374,-25.6348,45.578376134412686,1,-10.928638006070539,yahboom_calibrated_ros+neo3_cross_align,1,-4525.0,7969.0,3886.0,-0.17812119276466987,0.8312112164955359,0.8500819053125983,-10.801800241307404,logger_gyro_integral:neo3_calibrated_ros,1,-10.801800241307404,nan,62.39135742187503,0.0,,,,0.1867477294921875,-0.105344873046875,9.801861596679688,9.809992250927738,,,,-0.0,-0.0,0.0,0.0,0.0,0.0,0.0,,,,0.6866455078125,1.175537109375,62.39135742187503,98625.797,36.35000000000002,,,,,,29,144,235,235,0,236,4551,ROS topics=74 messages=4551
ROS_TOPICS,65,1789500420033307526,2026-09-15T19:27:00.033308+00:00,1789500420033312066,6923283025035,1789500419800000000,1789500419,800000000,10257605,1789500419807383,1789500419800000,2,4,177.62729523600052,109.4764050331378,nav2_filtered_map,0.47509689525616805,3.2625663076213502,110.4351471,-7.050837,255.541,16.477,17.909,3,1,9,0,0.6896,43.766,0.498,0.477,0.247,3.3272,180.0,-1.0,5.01,-10.702323117158809,neo3_calibrated_ros,1,-17.4805,-33.3008,-25.5859,45.48790432301757,1,-10.89497387207968,yahboom_calibrated_ros+neo3_cross_align,1,-4526.0,7980.0,3894.0,-0.17824540356600582,0.8327360610216169,0.8515989497517046,-10.801800241307404,logger_gyro_integral:neo3_calibrated_ros,1,-10.801800241307404,nan,62.39135742187503,0.0,,,,0.21068974609375,-0.1292868896484375,9.797073193359374,9.805981264246274,,,,-0.0,-0.0,0.0,0.0,0.0,0.0,0.0,,,,0.6866455078125,1.175537109375,62.39135742187503,98631.898,36.35000000000002,,,,,,29,146,240,240,0,241,4620,ROS topics=74 messages=4620
ROS_TOPICS,66,1789500420133183345,2026-09-15T19:27:00.133183+00:00,1789500420133187930,6923382901016,1789500420000000000,1789500420,0,10257813,1789500420015330,1789500420000000,2,4,177.59364186313158,109.54798164032732,nav2_filtered_map,0.44195061118355117,3.4174000330061682,110.4351468,-7.0508356,255.671,16.47,17.923,3,1,9,0,0.6549,2.975999999999999,0.654,0.034,-0.013,2.1451,180.0,-1.0,4.98,-10.69388750262355,neo3_calibrated_ros,1,-17.4805,-33.3252,-25.5371,45.47834992279294,1,-10.691485820388966,yahboom_calibrated_ros+neo3_cross_align,1,-4505.0,7991.0,3878.0,-0.17521003108293834,0.8342997187890627,0.8524990180425978,-10.801800241307404,logger_gyro_integral:neo3_calibrated_ros,1,-10.801800241307404,nan,62.39135742187503,0.0,,,,0.1867477294921875,-0.1197100830078125,9.792284790039062,9.800583855548831,,,,-0.0,-0.0,0.0,0.0,0.0,0.0,0.0,,,,0.6866455078125,1.175537109375,62.39135742187503,98630.984,36.35000000000002,,,,,,30,149,245,245,0,246,4722,ROS topics=74 messages=4722
ROS_TOPICS,67,1789500420235567802,2026-09-15T19:27:00.235568+00:00,1789500420235569884,6923485284990,1789500420200000000,1789500420,200000000,10258005,1789500420207570,1789500420200000,2,4,177.61974685410337,109.61591270887473,nav2_filtered_map,0.3867067873000991,3.56117415603815,110.4351463,-7.0508343,255.691,16.462,17.944,3,1,9,0,0.814,2.8870000000000005,0.813,0.041,0.012,2.2291,156.893,-1.0,5.014,-10.668654237729568,neo3_calibrated_ros,1,-17.4805,-33.3984,-25.5615,45.54570545133756,1,-10.740080718537854,yahboom_calibrated_ros+neo3_cross_align,1,-4513.0,7998.0,3975.0,-0.17634662079137806,0.8352570831876823,0.8536700332562535,-10.801800241307404,logger_gyro_integral:neo3_calibrated_ros,1,-10.801800241307404,nan,62.39135742187503,0.0,,,,0.21068974609375,-0.1197100830078125,9.792284790039062,9.801071981803469,,,,-0.0,-0.0,0.0,0.0,0.0,0.0,0.0,,,,0.6866455078125,1.175537109375,62.39135742187503,98639.219,36.35000000000002,,,,,,31,151,249,249,0,250,4803,ROS topics=74 messages=4803
ROS_TOPICS,68,1789500420333084691,2026-09-15T19:27:00.333085+00:00,1789500420333088590,6923582802065,1789500420200000000,1789500420,200000000,10258005,1789500420207570,1789500420200000,2,4,177.57993929325988,109.68671513121278,nav2_filtered_map,0.3867067873000991,3.56117415603815,110.4351463,-7.0508343,255.691,16.462,17.944,3,1,9,0,0.814,2.8870000000000005,0.813,0.041,0.012,2.2291,156.893,-1.0,5.014,-10.698808198500426,neo3_calibrated_ros,1,-17.4927,-33.374,-25.5859,45.546204101988565,1,-10.698485641785412,yahboom_calibrated_ros+neo3_cross_align,1,-4508.0,7997.0,3993.0,-0.17563029791953025,0.835127121763963,0.8533951669965468,-10.801800241307404,logger_gyro_integral:neo3_calibrated_ros,1,-10.801800241307404,nan,62.39135742187503,0.0,,,,0.201112939453125,-0.11013327636718749,9.801861596679688,9.810330808679065,,,,-0.0,-0.0,0.0,0.0,0.0,0.0,0.0,,,,0.6866455078125,1.175537109375,62.39135742187503,98633.117,36.35000000000002,,,,,,31,154,252,252,0,253,4866,ROS topics=74 messages=4866
ROS_TOPICS,69,1789500420436981928,2026-09-15T19:27:00.436982+00:00,1789500420436985906,6923686699206,1789500420400000000,1789500420,400000000,10258206,1789500420407810,1789500420400000,2,4,177.61106848972952,109.7718821897385,nav2_filtered_map,0.3756580198794892,3.7270673322564316,110.4351462,-7.0508328,255.64000000000001,16.454,17.958,3,1,9,0,0.7962,19.822999999999993,0.749,0.27,0.281,3.2416,180.0,-1.0,5.008,-10.70723449200852,neo3_calibrated_ros,1,-17.4927,-33.3496,-25.5859,45.52832801959677,1,-10.90530719662917,yahboom_calibrated_ros+neo3_cross_align,1,-4533.0,7991.0,3867.0,-0.17923131889945174,0.8342503201182347,0.8532862721805702,-10.801800241307404,logger_gyro_integral:neo3_calibrated_ros,1,-10.801800241307404,nan,62.39135742187503,0.0,,,,0.2059013427734375,-0.143652099609375,9.801861596679688,9.810866904211206,,,,-0.0,-0.0,0.0,0.0,0.0,0.0,0.0,,,,0.6866455078125,1.175537109375,62.39135742187503,98621.219,36.35000000000002,,,,,,32,156,256,256,0,257,4941,ROS topics=74 messages=4941
ROS_TOPICS,70,1789500420533177590,2026-09-15T19:27:00.533178+00:00,1789500420533184220,6923782895727,1789500420400000000,1789500420,400000000,10258206,1789500420407810,1789500420400000,2,4,177.5756038935722,109.86106491488937,nav2_filtered_map,0.3756580198794892,3.7270673322564316,110.4351462,-7.0508328,255.64000000000001,16.454,17.958,3,1,9,0,0.7962,19.822999999999993,0.749,0.27,0.281,3.2416,180.0,-1.0,5.008,-10.70723449200852,neo3_calibrated_ros,1,-17.4927,-33.3496,-25.5615,45.51462024119283,1,-10.686292189307903,yahboom_calibrated_ros+neo3_cross_align,1,-4508.0,7993.0,3897.0,-0.17563735487250565,0.8345719913042084,0.8528533807730859,-10.801800241307404,logger_gyro_integral:neo3_calibrated_ros,1,-10.801800241307404,nan,62.39135742187503,0.0,,,,0.19153613281249998,-0.1197100830078125,9.782707983398437,9.791102573675264,,,,-0.0,-0.0,0.0,0.0,0.0,0.0,0.0,,,,0.6866455078125,1.175537109375,62.39135742187503,98630.68,36.35000000000002,,,,,,32,159,260,260,0,261,5022,ROS topics=74 messages=5022
ROS_TOPICS,71,1789500420633964193,2026-09-15T19:27:00.633964+00:00,1789500420633966378,6923883681577,1789500420600000000,1789500420,600000000,10258406,1789500420608221,1789500420600000,2,4,177.603871338245,109.94267819539456,nav2_filtered_map,0.3425117242766511,3.7491864329319866,110.4351459,-7.0508326,255.651,16.454,17.972,3,1,9,0,0.6249,48.63300000000001,0.413,0.469,0.05,2.514,180.0,-1.0,5.007,-10.737455394508578,neo3_calibrated_ros,1,-17.5049,-33.3252,-25.4883,45.4603554312986,1,-10.806879458762012,yahboom_calibrated_ros+neo3_cross_align,1,-4521.0,7985.0,3944.0,-0.17751849526469485,0.8334387952875293,0.8521344035135359,-10.801800241307404,logger_gyro_integral:neo3_calibrated_ros,1,-10.801800241307404,nan,62.39135742187503,0.0,,,,0.201112939453125,-0.13407529296874998,9.792284790039062,9.801056855493755,,,,-0.0,-0.0,0.0,0.0,0.0,0.0,0.0,,,,0.6866455078125,1.175537109375,62.39135742187503,98629.453,36.35000000000002,,,,,,33,161,264,264,0,265,5094,ROS topics=74 messages=5094
ROS_TOPICS,72,1789500420733132252,2026-09-15T19:27:00.733132+00:00,1789500420733137646,6923982850254,1789500420600000000,1789500420,600000000,10258406,1789500420608221,1789500420600000,2,4,177.55896732230184,110.0018029013097,nav2_filtered_map,0.3425117242766511,3.7491864329319866,110.4351459,-7.0508326,255.651,16.454,17.972,3,1,9,0,0.6249,48.63300000000001,0.413,0.469,0.05,2.514,180.0,-1.0,5.007,-10.685464168849997,neo3_calibrated_ros,1,-17.4805,-33.3496,-25.5371,45.496232556333716,1,-10.740486119449143,yahboom_calibrated_ros+neo3_cross_align,1,-4513.0,7980.0,3935.0,-0.17637837707976745,0.832758996118787,0.8512325637086863,-10.801800241307404,logger_gyro_integral:neo3_calibrated_ros,1,-10.801800241307404,nan,62.39135742187503,0.0,,,,0.19153613281249998,-0.1149216796875,9.777919580078125,9.786257673005574,,,,-0.0,-0.0,0.0,0.0,0.0,0.0,0.0,,,,0.6866455078125,1.175537109375,62.39135742187503,98623.961,36.35000000000002,,,,,,33,164,269,269,0,270,5188,ROS topics=74 messages=5188
ROS_TOPICS,73,1789500420835298129,2026-09-15T19:27:00.835298+00:00,1789500420835300192,6924085015337,1789500420800000000,1789500420,800000000,10258605,1789500420807235,1789500420800000,2,4,177.58703911234414,110.08744074842542,nav2_filtered_map,0.08839012563099002,3.439519221135899,110.4351436,-7.0508354,255.841,16.454,17.986,3,1,9,0,0.2447,302.65099999999995,0.132,-0.206,-1.145,3.9892,180.0,-1.0,5.01,-10.849366736433367,neo3_calibrated_ros,1,-17.5293,-33.1299,-25.3174,45.23093383139464,1,-10.676162777780604,yahboom_calibrated_ros+neo3_cross_align,1,-4506.0,7992.0,3970.0,-0.17535188426671283,0.8344367371657576,0.852662272912155,-10.801800241307404,logger_gyro_integral:neo3_calibrated_ros,1,-10.801800241307404,nan,62.39135742187503,0.0,,,,0.21068974609375,-0.11013327636718749,9.801861596679688,9.810532879599112,,,,-0.0,-0.0,0.0,0.0,0.0,0.0,0.0,,,,0.6866455078125,1.175537109375,62.39135742187503,98640.141,36.35000000000002,,,,,,34,166,274,274,0,275,5288,ROS topics=74 messages=5288
ROS_TOPICS,74,1789500420934734254,2026-09-15T19:27:00.934734+00:00,1789500420934739993,6924184451809,1789500420800000000,1789500420,800000000,10258605,1789500420807235,1789500420800000,2,4,177.51844764741924,110.10339717558914,nav2_filtered_map,0.08839012563099002,3.439519221135899,110.4351436,-7.0508354,255.841,16.454,17.986,3,1,9,0,0.2447,302.65099999999995,0.132,-0.206,-1.145,3.9892,180.0,-1.0,5.01,-10.801800241307404,neo3_calibrated_ros,1,-17.5171,-33.2031,-25.5127,45.389343499438276,1,-10.74189971423423,yahboom_calibrated_ros+neo3_cross_align,1,-4513.0,7993.0,4001.0,-0.1763554419825973,0.8345631701129892,0.8529929230807952,-10.801800241307404,logger_gyro_integral:neo3_calibrated_ros,1,-10.801800241307404,nan,62.39135742187503,0.0,,,,0.201112939453125,-0.1197100830078125,9.787496386718749,9.796082694441175,,,,-0.0,-0.0,0.0,0.0,0.0,0.0,0.0,,,,0.6866455078125,1.175537109375,62.39135742187503,98631.898,36.35000000000002,,,,,,34,169,279,279,0,280,5363,ROS topics=74 messages=5363
ROS_TOPICS,75,1789500421033116499,2026-09-15T19:27:01.033116+00:00,1789500421033121120,6924282834366,1789500420800000000,1789500420,800000000,10258605,1789500420807235,1789500420800000,2,4,177.54448119197838,110.18831452065545,nav2_filtered_map,0.08839012563099002,3.439519221135899,110.4351436,-7.0508354,255.841,16.454,17.986,3,1,9,0,0.2447,302.65099999999995,0.132,-0.206,-1.145,3.9892,180.0,-1.0,5.01,-10.840782800756427,neo3_calibrated_ros,1,-17.5293,-33.1543,-25.415,45.30348984327807,1,-10.835918068926787,yahboom_calibrated_ros+neo3_cross_align,1,-4522.0,7985.0,3949.0,-0.1776621126867132,0.8334370310492855,0.85216260831402,-10.801800241307404,logger_gyro_integral:neo3_calibrated_ros,1,-10.801800241307404,nan,62.39135742187503,0.0,,,,0.21068974609375,-0.1292868896484375,9.811438403320311,9.820341865934195,,,,-0.0,-0.0,0.0,0.0,0.0,0.0,0.0,,,,0.6866455078125,1.175537109375,62.39135742187503,98634.336,36.35000000000002,,,,,,34,171,284,284,0,285,5434,ROS topics=74 messages=5434
ROS_TOPICS,76,1789500421133593704,2026-09-15T19:27:01.133594+00:00,1789500421133598340,6924383311294,1789500421000000000,1789500421,0,10258812,1789500421013888,1789500421000000,2,4,177.452543120463,110.1754366670946,nav2_filtered_map,-0.17678025168625133,3.251506998532516,110.4351412,-7.0508371,256.00100000000003,16.447,18.0,3,1,9,0,0.4933,299.111,0.24,-0.431,-1.428,3.6975,180.0,-1.0,4.983,-10.784715711352655,neo3_calibrated_ros,1,-17.5171,-33.252,-25.5127,45.42512694203507,1,-10.673344699045279,yahboom_calibrated_ros+neo3_cross_align,1,-4500.0,7976.0,3941.0,-0.1745184075465045,0.8322268007562027,0.8503282439561044,-10.801800241307404,logger_gyro_integral:neo3_calibrated_ros,1,-10.801800241307404,nan,62.39135742187503,0.0,,,,0.19153613281249998,-0.1149216796875,9.801861596679688,9.810193392252165,,,,-0.0,-0.0,0.0,0.0,0.0,0.0,0.0,,,,0.6866455078125,1.175537109375,62.39135742187503,98630.062,36.35000000000002,,,,,,35,174,289,289,0,290,5535,ROS topics=74 messages=5535
ROS_TOPICS,77,1789500421233651257,2026-09-15T19:27:01.233651+00:00,1789500421233653998,6924483368523,1789500421200000000,1789500421,200000000,10259006,1789500421208514,1789500421200000,2,4,177.47595111478444,110.25883218203606,nav2_filtered_map,-0.18782901635260751,3.362102426744606,110.4351411,-7.0508361,255.911,16.439,18.007,3,1,9,0,0.4209,27.295999999999992,0.374,0.193,-0.139,1.3488,180.0,-1.0,5.009,-10.788472838100798,neo3_calibrated_ros,1,-17.5049,-33.1787,-25.4395,45.32566401002858,1,-10.712260742725986,yahboom_calibrated_ros+neo3_cross_align,1,-4508.0,7997.0,3990.0,-0.17563029791953025,0.835127121763963,0.8533951669965468,-10.801800241307404,logger_gyro_integral:neo3_calibrated_ros,1,-10.801800241307404,nan,62.39135742187503,0.0,,,,0.22026655273437498,-0.1197100830078125,9.801861596679688,9.810857243999148,,,,-0.0,-0.0,0.0,0.0,0.0,0.0,0.0,,,,0.6866455078125,1.175537109375,62.39135742187503,98621.828,36.35000000000002,,,,,,36,176,294,294,0,295,5614,ROS topics=74 messages=5614
ROS_TOPICS,78,1789500421334001139,2026-09-15T19:27:01.334001+00:00,1789500421334007233,6924583719110,1789500421200000000,1789500421,200000000,10259006,1789500421208514,1789500421200000,2,4,177.38687080877605,110.24808176946138,nav2_filtered_map,-0.18782901635260751,3.362102426744606,110.4351411,-7.0508361,255.911,16.439,18.007,3,1,9,0,0.4209,27.295999999999992,0.374,0.193,-0.139,1.3488,180.0,-1.0,5.009,-10.806537350315107,neo3_calibrated_ros,1,-17.5293,-33.252,-25.5127,45.429832971077495,1,-10.833328708965347,yahboom_calibrated_ros+neo3_cross_align,1,-4519.0,7982.0,3991.0,-0.17723655313538975,0.8330259759192012,0.8516719276361359,-10.801800241307404,logger_gyro_integral:neo3_calibrated_ros,1,-10.801800241307404,nan,62.39135742187503,0.0,,,,0.19153613281249998,-0.1149216796875,9.80665,9.814980539787722,,,,-0.0,-0.0,0.0,0.0,0.0,0.0,0.0,,,,0.6866455078125,1.175537109375,62.39135742187503,98630.68,36.35000000000002,,,,,,36,179,299,299,0,300,5707,ROS topics=74 messages=5707
ROS_TOPICS,79,1789500421436846762,2026-09-15T19:27:01.436847+00:00,1789500421436849804,6924686563963,1789500421400000000,1789500421,400000000,10259205,1789500421407323,1789500421400000,2,4,177.40749881685858,110.32914272947255,nav2_filtered_map,-0.03314629696549076,3.594353008768219,110.4351425,-7.050834,256.061,16.439,18.014,3,1,9,0,0.7592,73.785,0.212,0.729,0.172,2.9315,180.0,-1.0,5.011,-10.741062678841205,neo3_calibrated_ros,1,-17.4927,-33.252,-25.4639,45.38832735957561,1,-10.813882927894191,yahboom_calibrated_ros+neo3_cross_align,1,-4519.0,7988.0,4001.0,-0.1772259677059266,0.833858671608833,0.8524842097344383,-10.801800241307404,logger_gyro_integral:neo3_calibrated_ros,1,-10.801800241307404,nan,62.39135742187503,0.0,,,,0.21068974609375,-0.12449848632812499,9.787496386718749,9.796345128196023,,,,-0.0,-0.0,0.0,0.0,0.0,0.0,0.0,,,,0.6866455078125,1.175537109375,62.39135742187503,98627.625,36.35000000000002,,,,,,37,181,304,304,0,305,5796,ROS topics=74 messages=5796
ROS_TOPICS,80,1789500421533826879,2026-09-15T19:27:01.533827+00:00,1789500421533834751,6924783544748,1789500421400000000,1789500421,400000000,10259205,1789500421407323,1789500421400000,2,4,177.33729443061802,110.3322619531609,nav2_filtered_map,-0.03314629696549076,3.594353008768219,110.4351425,-7.050834,256.061,16.439,18.014,3,1,9,0,0.7592,73.785,0.212,0.729,0.172,2.9315,180.0,-1.0,5.011,-10.776209587809312,neo3_calibrated_ros,1,-17.5171,-33.2764,-25.5371,45.45669440005509,1,-10.729419393580592,yahboom_calibrated_ros+neo3_cross_align,1,-4510.0,7994.0,3955.0,-0.17592282547829846,0.8347072454426594,0.8530445627977121,-10.801800241307404,logger_gyro_integral:neo3_calibrated_ros,1,-10.801800241307404,nan,62.39135742187503,0.0,,,,0.201112939453125,-0.12449848632812499,9.80665,9.815290741041283,,,,-0.0,-0.0,0.0,0.0,0.0,0.0,0.0,,,,0.6866455078125,1.175537109375,62.39135742187503,98631.594,36.35000000000002,,,,,,37,184,309,309,0,310,5881,ROS topics=74 messages=5881
ROS_TOPICS,81,1789500421635231334,2026-09-15T19:27:01.635231+00:00,1789500421635233918,6924884948721,1789500421600000000,1789500421,600000000,10259406,1789500421607724,1789500421600000,2,4,177.35574671412922,110.41184133174224,nav2_filtered_map,-0.1988777915670017,3.328923947339197,110.435141,-7.0508364,256.221,16.432,18.014,3,1,9,0,0.1644,94.18499999999999,-0.012,0.164,-0.695,3.5696,180.0,-1.0,5.006,-10.749585424053635,neo3_calibrated_ros,1,-17.4927,-33.2275,-25.5615,45.4252307841138,1,-10.79957541149013,yahboom_calibrated_ros+neo3_cross_align,1,-4520.0,8000.0,3951.0,-0.1773484142690187,0.8355222987498525,0.8541369748184264,-10.801800241307404,logger_gyro_integral:neo3_calibrated_ros,1,-10.801800241307404,nan,62.39135742187503,0.0,,,,0.2059013427734375,-0.1292868896484375,9.821015209960937,9.829813605869425,,,,-0.0,-0.0,0.0,0.0,0.0,0.0,0.0,,,,0.6866455078125,1.175537109375,62.39135742187503,98621.523,36.35000000000002,,,,,,38,186,314,314,0,315,5973,ROS topics=74 messages=5973
ROS_TOPICS,82,1789500421733691306,2026-09-15T19:27:01.733691+00:00,1789500421733694504,6924983408759,1789500421600000000,1789500421,600000000,10259406,1789500421607724,1789500421600000,2,4,177.27267487319722,110.38037031841792,nav2_filtered_map,-0.1988777915670017,3.328923947339197,110.435141,-7.0508364,256.221,16.432,18.014,3,1,9,0,0.1644,94.18499999999999,-0.012,0.164,-0.695,3.5696,180.0,-1.0,5.006,-10.779944659718852,neo3_calibrated_ros,1,-17.5049,-33.2031,-25.4639,45.35722188174668,1,-10.843920630629398,yahboom_calibrated_ros+neo3_cross_align,1,-4522.0,7982.0,3905.0,-0.17766740540144477,0.8330206832044696,0.8517565177845854,-10.801800241307404,logger_gyro_integral:neo3_calibrated_ros,1,-10.801800241307404,nan,62.39135742187503,0.0,,,,0.239420166015625,-0.11013327636718749,9.787496386718749,9.796835188923943,,,,-0.0,-0.0,0.0,0.0,0.0,0.0,0.0,,,,0.6866455078125,1.175537109375,62.39135742187503,98630.984,36.35000000000002,,,,,,38,189,319,319,0,320,6056,ROS topics=74 messages=6056
ROS_TOPICS,83,1789500421835540813,2026-09-15T19:27:01.835541+00:00,1789500421835543200,6925085258162,1789500421800000000,1789500421,800000000,10259606,1789500421807740,1789500421800000,2,4,177.2887238755732,110.45791379394512,nav2_filtered_map,-0.5745358846043447,3.185150071948704,110.4351376,-7.0508377,256.721,16.424,18.028,3,1,9,0,1.472,270.078,0.002,-1.472,-1.553,3.5882,139.665,-1.0,5.005,-10.741062678841205,neo3_calibrated_ros,1,-17.4927,-33.252,-25.5127,45.41572325285595,1,-10.643566527424275,yahboom_calibrated_ros+neo3_cross_align,1,-4498.0,7983.0,3873.0,-0.17421882303476086,0.8332018075372608,0.851221152452743,-10.801800241307404,logger_gyro_integral:neo3_calibrated_ros,1,-10.801800241307404,nan,62.39135742187503,0.0,,,,0.21068974609375,-0.1197100830078125,9.777919580078125,9.786711218523543,,,,-0.0,-0.0,0.0,0.0,0.0,0.0,0.0,,,,0.6866455078125,1.175537109375,62.39135742187503,98634.641,36.35000000000002,,,,,,39,191,324,324,0,325,6149,ROS topics=74 messages=6149
ROS_TOPICS,84,1789500421934822214,2026-09-15T19:27:01.934822+00:00,1789500421934828674,6925184539989,1789500421800000000,1789500421,800000000,10259606,1789500421807740,1789500421800000,2,4,177.17371218923,110.40621510374606,nav2_filtered_map,-0.5745358846043447,3.185150071948704,110.4351376,-7.0508377,256.721,16.424,18.028,3,1,9,0,1.472,270.078,0.002,-1.472,-1.553,3.5882,139.665,-1.0,5.005,-10.710771039014713,neo3_calibrated_ros,1,-17.4805,-33.2764,-25.5615,45.456319246723,1,-10.801501488287963,yahboom_calibrated_ros+neo3_cross_align,1,-4519.0,7991.0,3881.0,-0.17722067499119504,0.8342750194536488,0.8528903655973146,-10.801800241307404,logger_gyro_integral:neo3_calibrated_ros,1,-10.801800241307404,nan,62.39135742187503,0.0,,,,0.17238251953125,-0.09576806640624999,9.80665,9.814416177725438,,,,-0.0,-0.0,0.0,0.0,0.0,0.0,0.0,,,,0.6866455078125,1.175537109375,62.39135742187503,98631.898,36.35000000000002,,,,,,39,194,329,329,0,330,6231,ROS topics=74 messages=6231
ROS_TOPICS,85,1789500422033043253,2026-09-15T19:27:02.033043+00:00,1789500422033045864,6925282760667,1789500421800000000,1789500421,800000000,10259606,1789500421807740,1789500421800000,2,4,177.186604095583,110.48124416395613,nav2_filtered_map,-0.5745358846043447,3.185150071948704,110.4351376,-7.0508377,256.721,16.424,18.028,3,1,9,0,1.472,270.078,0.002,-1.472,-1.553,3.5882,139.665,-1.0,5.005,-10.697396672000785,neo3_calibrated_ros,1,-17.4683,-33.252,-25.5371,45.42004497245682,1,-10.80675834780038,yahboom_calibrated_ros+neo3_cross_align,1,-4521.0,7991.0,3952.0,-0.1775079098352317,0.834271490977161,0.8529466447037165,-10.801800241307404,logger_gyro_integral:neo3_calibrated_ros,1,-10.801800241307404,nan,62.39135742187503,0.0,,,,0.2154781494140625,-0.1292868896484375,9.792284790039062,9.801299039227331,,,,-0.0,-0.0,0.0,0.0,0.0,0.0,0.0,,,,0.6866455078125,1.175537109375,62.39135742187503,98628.234,36.35000000000002,,,,,,39,196,334,334,0,335,6302,ROS topics=74 messages=6302
ROS_TOPICS,86,1789500422133042081,2026-09-15T19:27:02.133042+00:00,1789500422133045681,6925382759580,1789500422000000000,1789500422,0,10259812,1789500422014432,1789500422000000,2,4,177.03772121030556,110.42204217788957,nav2_filtered_map,-0.9943891249176866,3.1630312621866388,110.4351338,-7.0508379,257.311,16.401,18.028,3,1,9,0,1.668,269.897,-0.003,-1.668,-2.101,3.5969,123.55199999999999,-1.0,4.982,-10.710771039014713,neo3_calibrated_ros,1,-17.4805,-33.2764,-25.5127,45.42889541360212,1,-10.813889092114609,yahboom_calibrated_ros+neo3_cross_align,1,-4519.0,7972.0,3989.0,-0.17725419551782828,0.831638149769815,0.8503182121895506,-10.801800241307404,logger_gyro_integral:neo3_calibrated_ros,1,-10.801800241307404,nan,62.39135742187503,0.0,,,,0.19153613281249998,-0.0909796630859375,9.816226806640625,9.824302030446685,,,,-0.0,-0.0,0.0,0.0,0.0,0.0,0.0,,,,0.6866455078125,1.175537109375,62.39135742187503,98629.453,36.35000000000002,,,,,,40,199,339,339,0,340,6403,ROS topics=74 messages=6403
ROS_TOPICS,87,1789500422235148099,2026-09-15T19:27:02.235148+00:00,1789500422235150834,6925484865302,1789500422200000000,1789500422,200000000,10260005,1789500422206833,1789500422200000,2,4,177.04659914622437,110.4940045662512,nav2_filtered_map,-1.237462057171449,3.21832909797386,110.4351316,-7.0508374,257.491,16.394,18.028,3,1,9,0,0.6372,280.76300000000003,0.119,-0.626,-1.215,3.6476,180.0,-1.0,5.012,-10.702323117158809,neo3_calibrated_ros,1,-17.4805,-33.3008,-25.5615,45.47418435926036,1,-10.695825711436653,yahboom_calibrated_ros+neo3_cross_align,1,-4511.0,7998.0,3883.0,-0.17605938594734138,0.8352606116641701,0.8536141966824113,-10.801800241307404,logger_gyro_integral:neo3_calibrated_ros,1,-10.801800241307404,nan,62.39135742187503,0.0,,,,0.22026655273437498,-0.1197100830078125,9.777919580078125,9.786923148324146,,,,-0.0,-0.0,0.0,0.0,0.0,0.0,0.0,,,,0.6866455078125,1.175537109375,62.39135742187503,98631.898,36.35000000000002,,,,,,41,201,344,344,0,345,6500,ROS topics=74 messages=6500
ROS_TOPICS,88,1789500422333367714,2026-09-15T19:27:02.333368+00:00,1789500422333375227,6925583086220,1789500422200000000,1789500422,200000000,10260005,1789500422206833,1789500422200000,2,4,176.88396084781309,110.43588424153029,nav2_filtered_map,-1.237462057171449,3.21832909797386,110.4351316,-7.0508374,257.491,16.394,18.028,3,1,9,0,0.6372,280.76300000000003,0.119,-0.626,-1.215,3.6476,180.0,-1.0,5.012,-10.788472838100798,neo3_calibrated_ros,1,-17.5049,-33.1787,-25.4639,45.339363260967836,1,-10.797308248804754,yahboom_calibrated_ros+neo3_cross_align,1,-4518.0,7976.0,3822.0,-0.17710352114283454,0.8321950444678133,0.8508315046106228,-10.801800241307404,logger_gyro_integral:neo3_calibrated_ros,1,-10.801800241307404,nan,62.39135742187503,0.0,,,,0.19632453613281248,-0.1197100830078125,9.816226806640625,9.824707455444358,,,,-0.0,-0.0,0.0,0.0,0.0,0.0,0.0,,,,0.6866455078125,1.175537109375,62.39135742187503,98634.336,36.35000000000002,,,,,,41,204,349,349,0,350,6575,ROS topics=74 messages=6575
ROS_TOPICS,89,1789500422435372251,2026-09-15T19:27:02.435372+00:00,1789500422435376163,6925685089824,1789500422400000000,1789500422,400000000,10260206,1789500422408025,1789500422400000,2,4,176.8885186436242,110.50474157162762,nav2_filtered_map,-1.3700473636886785,3.3068056997005977,110.4351304,-7.0508366,257.88100000000003,16.378,18.028,3,1,9,0,0.5144,253.39699999999996,-0.147,-0.493,-1.038,3.9201,180.0,-1.0,5.007,-10.741062678841205,neo3_calibrated_ros,1,-17.4927,-33.252,-25.4883,45.40202081603858,1,-10.9296259870138,yahboom_calibrated_ros+neo3_cross_align,1,-4538.0,7987.0,3865.0,-0.17995646296251885,0.8336863684672611,0.8528876183472887,-10.801800241307404,logger_gyro_integral:neo3_calibrated_ros,1,-10.801800241307404,nan,62.39135742187503,0.0,,,,0.201112939453125,-0.1197100830078125,9.787496386718749,9.796082694441175,,,,-0.0,-0.0,0.0,0.0,0.0,0.0,0.0,,,,0.6866455078125,1.175537109375,62.39135742187503,98630.68,36.35000000000002,,,,,,42,206,354,354,0,355,6661,ROS topics=74 messages=6661
ROS_TOPICS,90,1789500422533363920,2026-09-15T19:27:02.533364+00:00,1789500422533371347,6925783082128,1789500422400000000,1789500422,400000000,10260206,1789500422408025,1789500422400000,2,4,176.72398557656075,110.451202667566,nav2_filtered_map,-1.3700473636886785,3.3068056997005977,110.4351304,-7.0508366,257.88100000000003,16.378,18.028,3,1,9,0,0.5144,253.39699999999996,-0.147,-0.493,-1.038,3.9201,180.0,-1.0,5.007,-10.801800241307404,neo3_calibrated_ros,1,-17.5171,-33.2031,-25.4639,45.36193167436765,1,-10.65820168307455,yahboom_calibrated_ros+neo3_cross_align,1,-4505.0,7987.0,3845.0,-0.17521708803591377,0.8337445883293083,0.8519571975798977,-10.801800241307404,logger_gyro_integral:neo3_calibrated_ros,1,-10.801800241307404,nan,62.39135742187503,0.0,,,,0.229843359375,-0.13407529296874998,9.80665,9.816051570266898,,,,-0.0,-0.0,0.0,0.0,0.0,0.0,0.0,,,,0.6866455078125,1.175537109375,62.39135742187503,98625.797,36.35000000000002,,,,,,42,209,359,359,0,360,6753,ROS topics=74 messages=6753
ROS_TOPICS,91,1789500422635596014,2026-09-15T19:27:02.635596+00:00,1789500422635599120,6925885313313,1789500422600000000,1789500422,600000000,10260406,1789500422607685,1789500422600000,2,4,176.72420892710906,110.51740563459511,nav2_filtered_map,-1.4142425418172495,3.4505800995455074,110.43513,-7.0508353,258.321,16.371,18.028,3,1,9,0,0.2673,252.582,-0.08,-0.255,-0.919,3.9261,180.0,-1.0,5.006,-10.784715711352655,neo3_calibrated_ros,1,-17.5171,-33.252,-25.5615,45.45255304886624,1,-10.660178362302508,yahboom_calibrated_ros+neo3_cross_align,1,-4506.0,7998.0,3868.0,-0.17534129883724972,0.8352694328553893,0.85347501225314,-10.801800241307404,logger_gyro_integral:neo3_calibrated_ros,1,-10.801800241307404,nan,62.39135742187503,0.0,,,,0.201112939453125,-0.1388636962890625,9.797073193359374,9.805910812039848,,,,-0.0,-0.0,0.0,0.0,0.0,0.0,0.0,,,,0.6866455078125,1.175537109375,62.39135742187503,98620.297,36.35000000000002,,,,,,43,211,364,364,0,365,6844,ROS topics=74 messages=6844
ROS_TOPICS,92,1789500422733273077,2026-09-15T19:27:02.733273+00:00,1789500422733280665,6925982991768,1789500422600000000,1789500422,600000000,10260406,1789500422607685,1789500422600000,2,4,176.56692029587808,110.47295944507042,nav2_filtered_map,-1.4142425418172495,3.4505800995455074,110.43513,-7.0508353,258.321,16.371,18.028,3,1,9,0,0.2673,252.582,-0.08,-0.255,-0.919,3.9261,180.0,-1.0,5.006,-10.766598643333852,neo3_calibrated_ros,1,-17.4927,-33.1787,-25.4395,45.320953732572754,1,-10.78042585126491,yahboom_calibrated_ros+neo3_cross_align,1,-4520.0,7998.0,3826.0,-0.17735194274550642,0.8352447335199753,0.853866193538812,-10.801800241307404,logger_gyro_integral:neo3_calibrated_ros,1,-10.801800241307404,nan,62.39135742187503,0.0,,,,0.22026655273437498,-0.13407529296874998,9.797073193359374,9.80625746219348,,,,-0.0,-0.0,0.0,0.0,0.0,0.0,0.0,,,,0.6866455078125,1.175537109375,62.39135742187503,98630.062,36.35000000000002,,,,,,43,214,369,369,0,370,6927,ROS topics=74 messages=6927
ROS_TOPICS,93,1789500422835128861,2026-09-15T19:27:02.835129+00:00,1789500422835131266,6926084846225,1789500422800000000,1789500422,800000000,10260606,1789500422807771,1789500422800000,2,4,176.56298522985077,110.53643440933303,nav2_filtered_map,-1.3810963530236604,3.561175920523109,110.4351303,-7.0508343,258.861,16.355,18.035,3,1,9,0,0.3819,149.474,-0.329,0.194,-1.079,3.7842,180.0,-1.0,5.005,-10.710771039014713,neo3_calibrated_ros,1,-17.4805,-33.2764,-25.4883,45.415196951020704,1,-10.886599317209656,yahboom_calibrated_ros+neo3_cross_align,1,-4536.0,8005.0,3908.0,-0.1796374718300928,0.836187984012644,0.8552660205413501,-10.801800241307404,logger_gyro_integral:neo3_calibrated_ros,1,-10.801800241307404,nan,62.39135742187503,0.0,,,,0.21068974609375,-0.11013327636718749,9.82580361328125,9.834467803238805,,,,-0.0,-0.0,0.0,0.0,0.0,0.0,0.0,,,,0.6866455078125,1.175537109375,62.39135742187503,98626.102,36.35000000000002,,,,,,44,216,374,374,0,375,7020,ROS topics=74 messages=7020
ROS_TOPICS,94,1789500422934685111,2026-09-15T19:27:02.934685+00:00,1789500422934691864,6926184402768,1789500422800000000,1789500422,800000000,10260606,1789500422807771,1789500422800000,2,4,176.41896501019122,110.50734728324308,nav2_filtered_map,-1.3810963530236604,3.561175920523109,110.4351303,-7.0508343,258.861,16.355,18.035,3,1,9,0,0.3819,149.474,-0.329,0.194,-1.079,3.7842,180.0,-1.0,5.005,-10.862662525994892,neo3_calibrated_ros,1,-17.5415,-33.1543,-25.4639,45.33565962848671,1,-10.859801644626337,yahboom_calibrated_ros+neo3_cross_align,1,-4532.0,8001.0,3920.0,-0.17907005909499488,0.835639910505865,0.8546111081038761,-10.801800241307404,logger_gyro_integral:neo3_calibrated_ros,1,-10.801800241307404,nan,62.39135742187503,0.0,,,,0.21068974609375,-0.09576806640624999,9.801861596679688,9.810380978727597,,,,-0.0,-0.0,0.0,0.0,0.0,0.0,0.0,,,,0.6866455078125,1.175537109375,62.39135742187503,98625.484,36.35000000000002,,,,,,44,219,378,378,0,379,7093,ROS topics=74 messages=7093
ROS_TOPICS,95,1789500423033361252,2026-09-15T19:27:03.033361+00:00,1789500423033368518,6926283079653,1789500422800000000,1789500422,800000000,10260606,1789500422807771,1789500422800000,2,4,176.41119686594968,110.5682556695538,nav2_filtered_map,-1.3810963530236604,3.561175920523109,110.4351303,-7.0508343,258.861,16.355,18.035,3,1,9,0,0.3819,149.474,-0.329,0.194,-1.079,3.7842,180.0,-1.0,5.005,-10.741062678841205,neo3_calibrated_ros,1,-17.4927,-33.252,-25.4883,45.40202081603858,1,-10.701793504464042,yahboom_calibrated_ros+neo3_cross_align,1,-4509.0,7981.0,3953.0,-0.17580214315345025,0.832904835686701,0.851256047759801,-10.801800241307404,logger_gyro_integral:neo3_calibrated_ros,1,-10.801800241307404,nan,62.39135742187503,0.0,,,,0.201112939453125,-0.1197100830078125,9.830592016601562,9.839165935284212,,,,-0.0,-0.0,0.0,0.0,0.0,0.0,0.0,,,,0.6866455078125,1.175537109375,62.39135742187503,98634.641,36.35000000000002,,,,,,44,221,383,383,0,384,7163,ROS topics=74 messages=7163
ROS_TOPICS,96,1789500423133415742,2026-09-15T19:27:03.133416+00:00,1789500423133418358,6926383133149,1789500423000000000,1789500423,0,10260814,1789500423014567,1789500423000000,2,4,176.27420878300876,110.52178449326283,nav2_filtered_map,-1.4252914766209843,3.527997366836005,110.4351299,-7.0508346,259.05,16.34,18.035,3,1,9,0,0.0427,69.44399999999999,0.015,0.04,-0.666,3.5422,180.0,-1.0,4.975,-10.710771039014713,neo3_calibrated_ros,1,-17.4805,-33.2764,-25.5127,45.42889541360212,1,-10.716949725555372,yahboom_calibrated_ros+neo3_cross_align,1,-4516.0,8005.0,3987.0,-0.17676512338972608,0.8362232687775211,0.854701856843629,-10.801800241307404,logger_gyro_integral:neo3_calibrated_ros,1,-10.801800241307404,nan,62.39135742187503,0.0,,,,0.21068974609375,-0.105344873046875,9.797073193359374,9.805692902630588,,,,-0.0,-0.0,0.0,0.0,0.0,0.0,0.0,,,,0.6866455078125,1.175537109375,62.39135742187503,98628.844,36.35000000000002,,,,,,45,224,388,388,0,389,7266,ROS topics=74 messages=7266
ROS_TOPICS,97,1789500423235642732,2026-09-15T19:27:03.235643+00:00,1789500423235646722,6926485360175,1789500423200000000,1789500423,200000000,10261005,1789500423206981,1789500423200000,2,4,176.26282018245305,110.58003575629417,nav2_filtered_map,-1.4363404024388884,3.627533726524701,110.4351298,-7.0508337,259.72,16.332,18.035,3,1,9,0,0.4273,220.06300000000002,-0.327,-0.275,-1.299,4.0059,180.0,-1.0,5.014,-10.75808581614167,neo3_calibrated_ros,1,-17.4927,-33.2031,-25.5127,45.3799323951678,1,-10.652918209760653,yahboom_calibrated_ros+neo3_cross_align,1,-4506.0,7999.0,3976.0,-0.17533953459900586,0.835408215470328,0.8536104725626987,-10.801800241307404,logger_gyro_integral:neo3_calibrated_ros,1,-10.801800241307404,nan,62.39135742187503,0.0,,,,0.22026655273437498,-0.1292868896484375,9.80665,9.81576630424808,,,,-0.0,-0.0,0.0,0.0,0.0,0.0,0.0,,,,0.6866455078125,1.175537109375,62.39135742187503,98619.383,36.35000000000002,,,,,,46,226,393,393,0,394,7356,ROS topics=74 messages=7356
ROS_TOPICS,98,1789500423334087531,2026-09-15T19:27:03.334087+00:00,1789500423334092258,6926583805111,1789500423200000000,1789500423,200000000,10261005,1789500423206981,1789500423200000,2,4,176.13543920458318,110.53927418506672,nav2_filtered_map,-1.4363404024388884,3.627533726524701,110.4351298,-7.0508337,259.72,16.332,18.035,3,1,9,0,0.4273,220.06300000000002,-0.327,-0.275,-1.299,4.0059,180.0,-1.0,5.014,-10.741062678841205,neo3_calibrated_ros,1,-17.4927,-33.252,-25.5127,45.41572325285595,1,-10.701003121688299,yahboom_calibrated_ros+neo3_cross_align,1,-4508.0,7985.0,3994.0,-0.1756514687784565,0.8334617303846994,0.8517698600560403,-10.801800241307404,logger_gyro_integral:neo3_calibrated_ros,1,-10.801800241307404,nan,62.39135742187503,0.0,,,,0.2059013427734375,-0.1005564697265625,9.811438403320311,9.819901236774434,,,,-0.0,-0.0,0.0,0.0,0.0,0.0,0.0,,,,0.6866455078125,1.175537109375,62.39135742187503,98626.711,36.35000000000002,,,,,,46,229,398,398,0,399,7438,ROS topics=74 messages=7438
ROS_TOPICS,99,1789500423439056509,2026-09-15T19:27:03.439056+00:00,1789500423439062577,6926688774205,1789500423400000000,1789500423,400000000,10261207,1789500423408407,1789500423400000,2,4,176.12067856476008,110.59500466140585,nav2_filtered_map,-1.5799745115191905,3.4063428074265536,110.4351285,-7.0508357,260.031,16.325,18.035,3,1,9,0,0.5503,187.202,-0.546,-0.069,-1.382,3.9657,180.0,-1.0,5.005,-10.76289081927322,neo3_calibrated_ros,1,-17.5049,-33.252,-25.4639,45.393030645904226,1,-10.649443576344503,yahboom_calibrated_ros+neo3_cross_align,1,-4500.0,7982.0,3990.0,-0.17450782211704138,0.8330594964458344,0.8511410603411282,-10.801800241307404,logger_gyro_integral:neo3_calibrated_ros,1,-10.801800241307404,nan,62.39135742187503,0.0,,,,0.201112939453125,-0.1197100830078125,9.773131176757811,9.781721638415684,,,,-0.0,-0.0,0.0,0.0,0.0,0.0,0.0,,,,0.6866455078125,1.175537109375,62.39135742187503,98630.984,36.35000000000002,,,,,,47,231,403,403,0,404,7527,ROS topics=74 messages=7527
ROS_TOPICS,100,1789500423533968531,2026-09-15T19:27:03.533969+00:00,1789500423533970884,6926783685844,1789500423400000000,1789500423,400000000,10261207,1789500423408407,1789500423400000,2,4,175.99001477431867,110.52872873293471,nav2_filtered_map,-1.5799745115191905,3.4063428074265536,110.4351285,-7.0508357,260.031,16.325,18.035,3,1,9,0,0.5503,187.202,-0.546,-0.069,-1.382,3.9657,180.0,-1.0,5.005,-10.76289081927322,neo3_calibrated_ros,1,-17.5049,-33.252,-25.5127,45.420423702339015,1,-10.721311909865296,yahboom_calibrated_ros+neo3_cross_align,1,-4509.0,7988.0,3953.0,-0.17578979348574325,0.8338763139912715,0.8522040592073179,-10.801800241307404,logger_gyro_integral:neo3_calibrated_ros,1,-10.801800241307404,nan,62.39135742187503,0.0,,,,0.19632453613281248,-0.105344873046875,9.787496386718749,9.795818850926596,,,,-0.0,-0.0,0.0,0.0,0.0,0.0,0.0,,,,0.6866455078125,1.175537109375,62.39135742187503,98621.828,36.35000000000002,,,,,,47,234,408,408,0,409,7612,ROS topics=74 messages=7612
ROS_TOPICS,101,1789500423633334856,2026-09-15T19:27:03.633335+00:00,1789500423633337713,6926883052203,1789500423600000000,1789500423,600000000,10261407,1789500423608692,1789500423600000,2,4,175.97186076369115,110.58130837288213,nav2_filtered_map,-1.74570609266754,3.0966752673284064,110.435127,-7.0508385,260.021,16.31,18.042,3,1,9,0,0.1525,159.664,-0.143,0.053,-0.929,3.6849,180.0,-1.0,5.004,-10.741062678841205,neo3_calibrated_ros,1,-17.4927,-33.252,-25.5371,45.42943466190175,1,-10.887874190929361,yahboom_calibrated_ros+neo3_cross_align,1,-4530.0,7988.0,3891.0,-0.1788057593481283,0.8338392649881505,0.8527950629618114,-10.801800241307404,logger_gyro_integral:neo3_calibrated_ros,1,-10.801800241307404,nan,62.39135742187503,0.0,,,,0.201112939453125,-0.1005564697265625,9.797073193359374,9.805440072569443,,,,-0.0,-0.0,0.0,0.0,0.0,0.0,0.0,,,,0.6866455078125,1.175537109375,62.39135742187503,98634.031,36.35000000000002,,,,,,48,236,413,413,0,414,7692,ROS topics=74 messages=7692
ROS_TOPICS,102,1789500423733436984,2026-09-15T19:27:03.733437+00:00,1789500423733439866,6926983154418,1789500423600000000,1789500423,600000000,10261407,1789500423608692,1789500423600000,2,4,175.83651445468786,110.48274088214534,nav2_filtered_map,-1.74570609266754,3.0966752673284064,110.435127,-7.0508385,260.021,16.31,18.042,3,1,9,0,0.1525,159.664,-0.143,0.053,-0.929,3.6849,180.0,-1.0,5.004,-10.793269194971568,neo3_calibrated_ros,1,-17.5171,-33.2275,-25.4639,45.37979453313997,1,-10.751339229728151,yahboom_calibrated_ros+neo3_cross_align,1,-4514.0,7989.0,3870.0,-0.1765061163575911,0.8340062754149908,0.8524792528520709,-10.801800241307404,logger_gyro_integral:neo3_calibrated_ros,1,-10.801800241307404,nan,62.39135742187503,0.0,,,,0.19632453613281248,-0.15322890625,9.777919580078125,9.786880985331946,,,,-0.0,-0.0,0.0,0.0,0.0,0.0,0.0,,,,0.6866455078125,1.175537109375,62.39135742187503,98630.984,36.35000000000002,,,,,,48,239,418,418,0,419,7787,ROS topics=74 messages=7787
ROS_TOPICS,103,1789500423836093483,2026-09-15T19:27:03.836093+00:00,1789500423836096137,6927085810766,1789500423800000000,1789500423,800000000,10261605,1789500423807455,1789500423800000,2,4,175.81493284771068,110.5313685386515,nav2_filtered_map,-1.9887789752159613,2.7538289211747626,110.4351248,-7.0508416,259.69,16.302,18.049,3,1,9,0,0.3341,344.549,0.322,-0.089,-0.264,1.82,180.0,-1.0,5.011,-10.75439997820139,neo3_calibrated_ros,1,-17.5049,-33.2764,-25.5371,45.451994426867564,1,-10.71292362216426,yahboom_calibrated_ros+neo3_cross_align,1,-4511.0,7998.0,3961.0,-0.17605938594734138,0.8352606116641701,0.8536141966824113,-10.801800241307404,logger_gyro_integral:neo3_calibrated_ros,1,-10.801800241307404,nan,62.39135742187503,0.0,,,,0.21068974609375,-0.09576806640624999,9.787496386718749,9.796019818496976,,,,-0.0,-0.0,0.0,0.0,0.0,0.0,0.0,,,,0.6866455078125,1.175537109375,62.39135742187503,98632.203,36.35000000000002,,,,,,49,241,423,423,0,424,7880,ROS topics=74 messages=7880
ROS_TOPICS,104,1789500423963463517,2026-09-15T19:27:03.963463+00:00,1789500423963467989,6927213180926,1789500423800000000,1789500423,800000000,10261605,1789500423807455,1789500423800000,2,4,175.6684788282145,110.39992006926192,nav2_filtered_map,-1.9887789752159613,2.7538289211747626,110.4351248,-7.0508416,259.69,16.302,18.049,3,1,9,0,0.3341,344.549,0.322,-0.089,-0.264,1.82,180.0,-1.0,5.011,-10.818899790248073,neo3_calibrated_ros,1,-17.5171,-33.15429999999999,-25.390599999999996,45.285085505715884,1,-10.798697335259765,yahboom_calibrated_ros+neo3_cross_align,1,-4518.0,7986.0,3927.0,-0.177085878760396,0.8335828706171995,0.8521853147307529,-10.801800241307404,logger_gyro_integral:neo3_calibrated_ros,1,-10.801800241307404,nan,62.39135742187503,0.0,,,,0.19153613281249998,-0.1197100830078125,9.787496386718749,9.795889688068316,,,,-0.0,-0.0,0.0,0.0,0.0,0.0,0.0,,,,0.6866455078125,1.175537109375,62.39135742187503,98624.875,36.35000000000002,,,,,,49,244,428,428,0,429,7960,ROS topics=74 messages=7960
ROS_TOPICS,105,1789500424034266424,2026-09-15T19:27:04.034266+00:00,1789500424034269261,6927283983703,1789500423800000000,1789500423,800000000,10261605,1789500423807455,1789500423800000,2,4,175.643315922949,110.44372767788268,nav2_filtered_map,-1.9887789752159613,2.7538289211747626,110.4351248,-7.0508416,259.69,16.302,18.049,3,1,9,0,0.3341,344.549,0.322,-0.089,-0.264,1.82,180.0,-1.0,5.011,-10.667129171624387,neo3_calibrated_ros,1,-17.4561,-33.2764,-25.5127,45.41951216668889,1,-10.782138668806814,yahboom_calibrated_ros+neo3_cross_align,1,-4518.0,7988.0,3978.0,-0.17708235028390829,0.8338604358470768,0.8524560899267186,-10.801800241307404,logger_gyro_integral:neo3_calibrated_ros,1,-10.801800241307404,nan,62.39135742187503,0.0,,,,0.201112939453125,-0.0909796630859375,9.816226806640625,9.824494478647008,,,,-0.0,-0.0,0.0,0.0,0.0,0.0,0.0,,,,0.6866455078125,1.175537109375,62.39135742187503,98616.336,36.35000000000002,,,,,,49,246,433,433,0,434,8031,ROS topics=74 messages=8031
ROS_TOPICS,106,1789500424133645296,2026-09-15T19:27:04.133645+00:00,1789500424133648711,6927383362938,1789500424000000000,1789500424,0,10261816,1789500424017596,1789500424000000,2,4,175.48809613223455,110.29977635703064,nav2_filtered_map,-2.2208034652587596,2.587935932405437,110.4351227,-7.0508431,260.50100000000003,16.31,18.062,3,1,9,0,1.1051,239.072,-0.568,-0.948,-2.116,4.3463,180.0,-1.0,4.97,-10.888498274180074,neo3_calibrated_ros,1,-17.5415,-33.0811,-25.415,45.254675166881924,1,-10.760143922509174,yahboom_calibrated_ros+neo3_cross_align,1,-4516.0,7998.0,3919.0,-0.17677747305743308,0.8352517904729507,0.8537539624908581,-10.801800241307404,logger_gyro_integral:neo3_calibrated_ros,1,-10.801800241307404,nan,62.39135742187503,0.0,,,,0.2154781494140625,-0.105344873046875,9.797073193359374,9.805797493835355,,,,-0.0,-0.0,0.0,0.0,0.0,0.0,0.0,,,,0.6866455078125,1.175537109375,62.39135742187503,98622.133,36.35000000000002,,,,,,50,249,438,438,0,439,8134,ROS topics=74 messages=8134
ROS_TOPICS,107,1789500424233144231,2026-09-15T19:27:04.233144+00:00,1789500424233146458,6927482861520,1789500424200000000,1789500424,200000000,10262005,1789500424206664,1789500424200000,2,4,175.4592114345181,110.33844942076473,nav2_filtered_map,-2.5743645482427002,2.311447342607811,110.4351195,-7.0508456,261.36,16.317,18.076,3,1,9,0,1.6819,236.47100000000003,-0.929,-1.402,-3.199,4.4423,151.337,-1.0,5.018,-10.736223715363197,neo3_calibrated_ros,1,-17.4805,-33.2031,-25.5859,45.41642884100422,1,-10.62179150520774,yahboom_calibrated_ros+neo3_cross_align,1,-4498.0,7995.0,3938.0,-0.1741976521758346,0.8348671989165243,0.8528470330899302,-10.801800241307404,logger_gyro_integral:neo3_calibrated_ros,1,-10.801800241307404,nan,62.39135742187503,0.0,,,,0.21068974609375,-0.1197100830078125,9.801861596679688,9.810645831223454,,,,-0.0,-0.0,0.0,0.0,0.0,0.0,0.0,,,,0.6866455078125,1.175537109375,62.39135742187503,98625.18,36.35000000000002,,,,,,51,251,443,443,0,444,8222,ROS topics=74 messages=8222
ROS_TOPICS,108,1789500424333593366,2026-09-15T19:27:04.333593+00:00,1789500424333595503,6927583310650,1789500424200000000,1789500424,200000000,10262005,1789500424206664,1789500424200000,2,4,175.28469992651694,110.17271267281725,nav2_filtered_map,-2.5743645482427002,2.311447342607811,110.4351195,-7.0508456,261.36,16.317,18.076,3,1,9,0,1.6819,236.47100000000003,-0.929,-1.402,-3.199,4.4423,151.337,-1.0,5.018,-10.840782800756427,neo3_calibrated_ros,1,-17.5293,-33.1543,-25.3662,45.276131343346904,1,-10.773083941656585,yahboom_calibrated_ros+neo3_cross_align,1,-4513.0,7988.0,3978.0,-0.1763642631738166,0.8338692570382961,0.8523158400255407,-10.801800241307404,logger_gyro_integral:neo3_calibrated_ros,1,-10.801800241307404,nan,62.39135742187503,0.0,,,,0.2154781494140625,-0.1149216796875,9.80665,9.8154796300193,,,,-0.0,-0.0,0.0,0.0,0.0,0.0,0.0,,,,0.6866455078125,1.175537109375,62.39135742187503,98629.758,36.35000000000002,,,,,,51,254,448,448,0,449,8306,ROS topics=74 messages=8306
ROS_TOPICS,109,1789500424434508336,2026-09-15T19:27:04.434508+00:00,1789500424434512073,6927684225668,1789500424400000000,1789500424,400000000,10262206,1789500424407973,1789500424400000,2,4,175.25170875508894,110.2057080758739,nav2_filtered_map,-2.795340290603062,2.311447535284373,110.4351175,-7.0508456,261.92,16.325,18.09,3,1,9,0,1.4268,245.662,-0.588,-1.3,-2.326,4.3946,176.474,-1.0,5.012,-10.784715711352655,neo3_calibrated_ros,1,-17.5171,-33.252,-25.5127,45.42512694203507,1,-10.77594182536403,yahboom_calibrated_ros+neo3_cross_align,1,-4513.0,7987.0,3958.0,-0.17636602741206045,0.8337304744233575,0.8521804266746029,-10.801800241307404,logger_gyro_integral:neo3_calibrated_ros,1,-10.801800241307404,nan,62.391357421875,0.0,,,,0.1867477294921875,-0.1197100830078125,9.797073193359374,9.805371017837246,,,,-0.0,-0.0,0.0,0.0,0.0,0.0,0.0,,,,0.68115234375,1.1755371093750002,62.391357421875,98630.68,36.35000000000002,,,,,,52,256,453,453,0,454,8385,ROS topics=74 messages=8385
ROS_TOPICS,110,1789500424533549917,2026-09-15T19:27:04.533550+00:00,1789500424533552877,6927783267615,1789500424400000000,1789500424,400000000,10262206,1789500424407973,1789500424400000,2,4,175.0719157071108,110.04736884564632,nav2_filtered_map,-2.795340290603062,2.311447535284373,110.4351175,-7.0508456,261.92,16.325,18.09,3,1,9,0,1.4268,245.662,-0.588,-1.3,-2.326,4.3946,176.474,-1.0,5.012,-10.857963250664067,neo3_calibrated_ros,1,-17.5293,-33.1055,-25.3662,45.240408830822915,1,-10.826813443084726,yahboom_calibrated_ros+neo3_cross_align,1,-4523.0,8008.0,3907.0,-0.17776515262912285,0.8366272669546301,0.8553044097286235,-10.801800241307404,logger_gyro_integral:neo3_calibrated_ros,1,-10.801800241307404,nan,62.391357421875,0.0,,,,0.2154781494140625,-0.1197100830078125,9.80665,9.815537245517111,,,,-0.0,-0.0,0.0,0.0,0.0,0.0,0.0,,,,0.68115234375,1.1755371093750002,62.391357421875,98628.234,36.35000000000002,,,,,,52,259,458,458,0,459,8477,ROS topics=74 messages=8477
ROS_TOPICS,111,1789500424636015446,2026-09-15T19:27:04.636015+00:00,1789500424636018148,6927885732683,1789500424600000000,1789500424,600000000,10262406,1789500424607853,1789500424600000,2,4,175.0347071463698,110.07489431224997,nav2_filtered_map,-3.0605109077306327,2.1676732702967136,110.4351151,-7.0508469,261.93,16.325,18.104,3,1,9,0,0.8992,258.12800000000004,-0.185,-0.88,-1.226,3.9161,180.0,-1.0,5.01,-10.732587127016485,neo3_calibrated_ros,1,-17.4927,-33.2764,-25.5371,45.44729724263039,1,-10.812596943430133,yahboom_calibrated_ros+neo3_cross_align,1,-4520.0,7997.0,3961.0,-0.17735370698375028,0.8351059509050367,0.8537308045384584,-10.801800241307404,logger_gyro_integral:neo3_calibrated_ros,1,-10.801800241307404,nan,62.39135742187503,0.0,,,,0.1771709228515625,-0.1197100830078125,9.811438403320311,9.81955398053614,,,,-0.0,-0.0,0.0,0.0,0.0,0.0,0.0,,,,0.6866455078125,1.175537109375,62.39135742187503,98622.742,36.35000000000002,,,,,,53,261,463,463,0,464,8572,ROS topics=74 messages=8572
ROS_TOPICS,112,1789500424734373097,2026-09-15T19:27:04.734373+00:00,1789500424734375787,6927984090395,1789500424600000000,1789500424,600000000,10262406,1789500424607853,1789500424600000,2,4,174.84631224318153,109.90973437195085,nav2_filtered_map,-3.0605109077306327,2.1676732702967136,110.4351151,-7.0508469,261.93,16.325,18.104,3,1,9,0,0.8992,258.12800000000004,-0.185,-0.88,-1.226,3.9161,180.0,-1.0,5.01,-10.771428937100081,neo3_calibrated_ros,1,-17.5049,-33.2275,-25.4883,45.388784045730944,1,-10.791130741585778,yahboom_calibrated_ros+neo3_cross_align,1,-4518.0,7998.0,3977.0,-0.17706470790146975,0.8352482619964631,0.8538100315364917,-10.801800241307404,logger_gyro_integral:neo3_calibrated_ros,1,-10.801800241307404,nan,62.39135742187503,0.0,,,,0.201112939453125,-0.1197100830078125,9.787496386718749,9.796082694441175,,,,-0.0,-0.0,0.0,0.0,0.0,0.0,0.0,,,,0.6866455078125,1.175537109375,62.39135742187503,98615.719,36.35000000000002,,,,,,53,264,468,468,0,469,8655,ROS topics=74 messages=8655
ROS_TOPICS,113,1789500424835446519,2026-09-15T19:27:04.835447+00:00,1789500424835450528,6928085163921,1789500424800000000,1789500424,800000000,10262605,1789500424806710,1789500424800000,2,4,174.8047123188954,109.9316467130719,nav2_filtered_map,-3.1489014243492806,2.3003881822802668,110.4351143,-7.0508457,262.541,16.317,18.104,3,1,9,0,0.7549,238.98400000000004,-0.389,-0.647,-1.334,3.9892,180.0,-1.0,5.012,-10.749585424053635,neo3_calibrated_ros,1,-17.4927,-33.2275,-25.5127,45.39778817112129,1,-10.83222348715196,yahboom_calibrated_ros+neo3_cross_align,1,-4524.0,7999.0,3958.0,-0.1779246481953359,0.8353764591819386,0.8541141662510856,-10.801800241307404,logger_gyro_integral:neo3_calibrated_ros,1,-10.801800241307404,nan,62.391357421875,0.0,,,,0.2059013427734375,-0.11013327636718749,9.797073193359374,9.805643645599666,,,,-0.0,-0.0,0.0,0.0,0.0,0.0,0.0,,,,0.68115234375,1.1755371093750002,62.391357421875,98627.625,36.35000000000002,,,,,,54,266,473,473,0,474,8756,ROS topics=74 messages=8756
ROS_TOPICS,114,1789500424935853451,2026-09-15T19:27:04.935853+00:00,1789500424935860783,6928185571133,1789500424800000000,1789500424,800000000,10262605,1789500424806710,1789500424800000,2,4,174.62490961343582,109.78766024475195,nav2_filtered_map,-3.1489014243492806,2.3003881822802668,110.4351143,-7.0508457,262.541,16.317,18.104,3,1,9,0,0.7549,238.98400000000004,-0.389,-0.647,-1.334,3.9892,180.0,-1.0,5.012,-10.749585424053635,neo3_calibrated_ros,1,-17.4927,-33.2275,-25.5127,45.39778817112129,1,-10.716575522003277,yahboom_calibrated_ros+neo3_cross_align,1,-4512.0,8007.0,3859.0,-0.17618712522516503,0.8365078909603737,0.8548610148638669,-10.801800241307404,logger_gyro_integral:neo3_calibrated_ros,1,-10.801800241307404,nan,62.391357421875,0.0,,,,0.201112939453125,-0.105344873046875,9.801861596679688,9.810277837050961,,,,-0.0,-0.0,0.0,0.0,0.0,0.0,0.0,,,,0.68115234375,1.1700439453125,62.391357421875,98629.148,36.35000000000002,,,,,,54,269,478,478,0,479,8829,ROS topics=74 messages=8829
ROS_TOPICS,115,1789500425033069054,2026-09-15T19:27:05.033069+00:00,1789500425033073113,6928282786645,1789500424800000000,1789500424,800000000,10262605,1789500424806710,1789500424800000,2,4,174.5790979389844,109.80453926851368,nav2_filtered_map,-3.1489014243492806,2.3003881822802668,110.4351143,-7.0508457,262.541,16.317,18.104,3,1,9,0,0.7549,238.98400000000004,-0.389,-0.647,-1.334,3.9892,180.0,-1.0,5.012,-10.749585424053635,neo3_calibrated_ros,1,-17.4927,-33.2275,-25.5127,45.39778817112129,1,-10.798327170847788,yahboom_calibrated_ros+neo3_cross_align,1,-4519.0,7993.0,3826.0,-0.17721714651470732,0.8345525846835261,0.8531611416495534,-10.801800241307404,logger_gyro_integral:neo3_calibrated_ros,1,-10.801800241307404,nan,62.391357421875,0.0,,,,0.201112939453125,-0.1197100830078125,9.782707983398437,9.791295674411893,,,,-0.0,-0.0,0.0,0.0,0.0,0.0,0.0,,,,0.68115234375,1.1700439453125,62.391357421875,98632.812,36.35000000000002,,,,,,54,271,483,483,0,484,8900,ROS topics=74 messages=8900
ROS_TOPICS,116,1789500425135646523,2026-09-15T19:27:05.135647+00:00,1789500425135650055,6928385364127,1789500425000000000,1789500425,0,10262812,1789500425013708,1789500425000000,2,4,174.3888467891977,109.6561976756627,nav2_filtered_map,-3.436169779215592,2.17873311778931,110.4351117,-7.0508468,262.841,16.31,18.111,3,1,9,0,1.0538,272.23,0.041,-1.053,-1.486,3.6315,180.0,-1.0,4.985,-10.767715859842124,neo3_calibrated_ros,1,-17.5171,-33.3008,-25.5371,45.47455936520991,1,-10.798962340748194,yahboom_calibrated_ros+neo3_cross_align,1,-4516.0,7977.0,3835.0,-0.176814522060554,0.8323373555592396,0.8509105996935578,-10.801800241307404,logger_gyro_integral:neo3_calibrated_ros,1,-10.801800241307404,nan,62.391357421875,0.0,,,,0.21068974609375,-0.1197100830078125,9.801861596679688,9.810645831223454,,,,-0.0,-0.0,0.0,0.0,0.0,0.0,0.0,,,,0.68115234375,1.1700439453125,62.391357421875,98627.32,36.35000000000002,,,,,,55,274,488,488,0,489,9002,ROS topics=74 messages=9002
ROS_TOPICS,117,1789500425233171266,2026-09-15T19:27:05.233171+00:00,1789500425233173595,6928482888627,1789500425200000000,1789500425,200000000,10263005,1789500425207239,1789500425200000,2,4,174.33856868647902,109.66798365793662,nav2_filtered_map,-3.5798042122135674,2.377805390179339,110.4351104,-7.050845,263.401,16.31,18.118,3,1,9,0,0.993,270.462,0.008,-0.993,-1.379,3.6196,180.0,-1.0,5.015,-10.75808581614167,neo3_calibrated_ros,1,-17.4927,-33.2031,-25.5615,45.40738579955908,1,-10.843575923856042,yahboom_calibrated_ros+neo3_cross_align,1,-4527.0,7999.0,3869.0,-0.1783555004613909,0.835371166467207,0.8541988470547214,-10.801800241307404,logger_gyro_integral:neo3_calibrated_ros,1,-10.801800241307404,nan,62.391357421875,0.0,,,,0.19153613281249998,-0.1149216796875,9.773131176757811,9.781470532855124,,,,-0.0,-0.0,0.0,0.0,0.0,0.0,0.0,,,,0.68115234375,1.1755371093750002,62.391357421875,98623.961,36.35000000000002,,,,,,56,276,493,493,0,494,9085,ROS topics=74 messages=9085
ROS_TOPICS,118,1789500425333632893,2026-09-15T19:27:05.333633+00:00,1789500425333637374,6928583350387,1789500425200000000,1789500425,200000000,10263005,1789500425207239,1789500425200000,2,4,174.15434835445654,109.54782773826012,nav2_filtered_map,-3.5798042122135674,2.377805390179339,110.4351104,-7.050845,263.401,16.31,18.118,3,1,9,0,0.993,270.462,0.008,-0.993,-1.379,3.6196,180.0,-1.0,5.015,-10.771428937100081,neo3_calibrated_ros,1,-17.5049,-33.2275,-25.4883,45.388784045730944,1,-10.835360445486248,yahboom_calibrated_ros+neo3_cross_align,1,-4526.0,7995.0,3897.0,-0.178218939992348,0.8348178002456963,0.8536291643208188,-10.801800241307404,logger_gyro_integral:neo3_calibrated_ros,1,-10.801800241307404,nan,62.391357421875,0.0,,,,0.22505495605468748,-0.1388636962890625,9.801861596679688,9.811220390253714,,,,-0.0,-0.0,0.0,0.0,0.0,0.0,0.0,,,,0.68115234375,1.1755371093750002,62.391357421875,98630.68,36.35000000000002,,,,,,56,278,498,498,0,499,9167,ROS topics=74 messages=9167
ROS_TOPICS,119,1789500425438508598,2026-09-15T19:27:05.438509+00:00,1789500425438512663,6928688226025,1789500425400000000,1789500425,400000000,10263205,1789500425407276,1789500425400000,2,4,174.09961186571223,109.55536274413028,nav2_filtered_map,-3.7565849140293572,2.5105202622266902,110.4351088,-7.0508438,263.8,16.302,18.118,3,1,9,0,0.9444,277.667,0.126,-0.936,-1.193,3.4505,180.0,-1.0,5.012,-10.776209587809312,neo3_calibrated_ros,1,-17.5171,-33.2764,-25.5127,45.44299121602802,1,-10.711730145423783,yahboom_calibrated_ros+neo3_cross_align,1,-4517.0,8023.0,3869.0,-0.176876984523355,0.8387195916081724,0.8571674404697456,-10.801800241307404,logger_gyro_integral:neo3_calibrated_ros,1,-10.801800241307404,nan,62.391357421875,0.0,,,,0.2059013427734375,-0.1149216796875,9.811438403320311,9.820059995069133,,,,-0.0,-0.0,0.0,0.0,0.0,0.0,0.0,,,,0.68115234375,1.1755371093750002,62.391357421875,98629.148,36.35000000000002,,,,,,57,281,503,503,0,504,9264,ROS topics=74 messages=9264
ROS_TOPICS,120,1789500425533734738,2026-09-15T19:27:05.533735+00:00,1789500425533738849,6928783453239,1789500425400000000,1789500425,400000000,10263205,1789500425407276,1789500425400000,2,4,173.91295337653486,109.45628934780893,nav2_filtered_map,-3.7565849140293572,2.5105202622266902,110.4351088,-7.0508438,263.8,16.302,18.118,3,1,9,0,0.9444,277.667,0.126,-0.936,-1.193,3.4505,180.0,-1.0,5.012,-10.893153633923797,neo3_calibrated_ros,1,-17.5537,-33.1299,-25.3174,45.24039567090456,1,-10.655135090589338,yahboom_calibrated_ros+neo3_cross_align,1,-4501.0,7993.0,3820.0,-0.17463203291837728,0.8345843409719155,0.852658999317272,-10.801800241307404,logger_gyro_integral:neo3_calibrated_ros,1,-10.801800241307404,nan,62.391357421875,0.0,,,,0.201112939453125,-0.1149216796875,9.792284790039062,9.800812014098913,,,,-0.0,-0.0,0.0,0.0,0.0,0.0,0.0,,,,0.68115234375,1.1755371093750002,62.391357421875,98620.297,36.35000000000002,,,,,,57,283,508,508,0,509,9342,ROS topics=74 messages=9342
ROS_TOPICS,121,1789500425634496845,2026-09-15T19:27:05.634497+00:00,1789500425634500075,6928884214305,1789500425600000000,1789500425,600000000,10263406,1789500425607757,1789500425600000,2,4,173.85365828915775,109.46016121402916,nav2_filtered_map,-3.900219330650418,2.6100564922290204,110.4351075,-7.0508429,264.261,16.294,18.125,3,1,9,0,0.7121,258.169,-0.146,-0.697,-1.237,3.7997,180.0,-1.0,5.007,-10.745921512184276,neo3_calibrated_ros,1,-17.5049,-33.3008,-25.5615,45.483569416878446,1,-10.681015126287845,yahboom_calibrated_ros+neo3_cross_align,1,-4501.0,7983.0,3859.0,-0.17464967530081585,0.8331965148225292,0.8513042590020853,-10.801800241307404,logger_gyro_integral:neo3_calibrated_ros,1,-10.801800241307404,nan,62.391357421875,0.0,,,,0.2154781494140625,-0.1149216796875,9.782707983398437,9.791545124664069,,,,-0.0,-0.0,0.0,0.0,0.0,0.0,0.0,,,,0.68115234375,1.1755371093750002,62.391357421875,98629.758,36.35000000000002,,,,,,58,286,513,513,0,514,9428,ROS topics=74 messages=9428
ROS_TOPICS,122,1789500425735456670,2026-09-15T19:27:05.735457+00:00,1789500425735458836,6928985173868,1789500425600000000,1789500425,600000000,10263406,1789500425607757,1789500425600000,2,4,173.67105053919235,109.37701488568229,nav2_filtered_map,-3.900219330650418,2.6100564922290204,110.4351075,-7.0508429,264.261,16.294,18.125,3,1,9,0,0.7121,258.169,-0.146,-0.697,-1.237,3.7997,180.0,-1.0,5.007,-10.92368480402378,neo3_calibrated_ros,1,-17.5659,-33.1055,-25.2686,45.19996813074098,1,-10.810725068809733,yahboom_calibrated_ros+neo3_cross_align,1,-4514.0,7981.0,3839.0,-0.17652023026354194,0.8328960144954818,0.8513960081270946,-10.801800241307404,logger_gyro_integral:neo3_calibrated_ros,1,-10.801800241307404,nan,62.391357421875,0.0,,,,0.2154781494140625,-0.1149216796875,9.787496386718749,9.796332022798405,,,,-0.0,-0.0,0.0,0.0,0.0,0.0,0.0,,,,0.68115234375,1.1755371093750002,62.391357421875,98629.453,36.35000000000002,,,,,,58,289,518,518,0,519,9524,ROS topics=74 messages=9524
ROS_TOPICS,123,1789500425833402604,2026-09-15T19:27:05.833403+00:00,1789500425833405234,6929083120026,1789500425800000000,1789500425,800000000,10263606,1789500425807841,1789500425800000,2,4,173.60723470858463,109.37770804929272,nav2_filtered_map,-3.977560848933309,2.477341784631567,110.4351068,-7.0508441,264.37,16.286,18.125,3,1,9,0,0.3373,136.081,-0.243,0.234,-0.838,3.5871,180.0,-1.0,5.006,-10.745921512184276,neo3_calibrated_ros,1,-17.5049,-33.3008,-25.5127,45.45616202386647,1,-10.821643078618406,yahboom_calibrated_ros+neo3_cross_align,1,-4516.0,7980.0,3838.0,-0.17680922934582247,0.8327537034040554,0.8513167648502131,-10.801800241307404,logger_gyro_integral:neo3_calibrated_ros,1,-10.801800241307404,nan,62.39135742187503,0.0,,,,0.1867477294921875,-0.11013327636718749,9.80665,9.814832443901949,,,,-0.0,-0.0,0.0,0.0,0.0,0.0,0.0,,,,0.6866455078125,1.175537109375,62.39135742187503,98627.32,36.35000000000002,,,,,,59,291,522,522,0,523,9600,ROS topics=74 messages=9600
ROS_TOPICS,124,1789500425935730189,2026-09-15T19:27:05.935730+00:00,1789500425935735894,6929185447687,1789500425800000000,1789500425,800000000,10263606,1789500425807841,1789500425800000,2,4,173.43780948510792,109.28496433493622,nav2_filtered_map,-3.977560848933309,2.477341784631567,110.4351068,-7.0508441,264.37,16.286,18.125,3,1,9,0,0.3373,136.081,-0.243,0.234,-0.838,3.5871,180.0,-1.0,5.006,-10.941043729953805,neo3_calibrated_ros,1,-17.5659,-33.0566,-25.3662,45.21884285129375,1,-10.714100219292241,yahboom_calibrated_ros+neo3_cross_align,1,-4504.0,7995.0,3900.0,-0.1750593567079446,0.8348566134870611,0.8530130968830921,-10.801800241307404,logger_gyro_integral:neo3_calibrated_ros,1,-10.801800241307404,nan,62.39135742187503,0.0,,,,0.22026655273437498,-0.13407529296874998,9.777919580078125,9.787110554668764,,,,-0.0,-0.0,0.0,0.0,0.0,0.0,0.0,,,,0.6866455078125,1.175537109375,62.39135742187503,98628.539,36.35000000000002,,,,,,59,293,528,528,0,529,9693,ROS topics=74 messages=9693
ROS_TOPICS,125,1789500426035001471,2026-09-15T19:27:06.035001+00:00,1789500426035003666,6929284718824,1789500425800000000,1789500425,800000000,10263606,1789500425807841,1789500425800000,2,4,173.3699156386087,109.28221468984214,nav2_filtered_map,-3.977560848933309,2.477341784631567,110.4351068,-7.0508441,264.37,16.286,18.125,3,1,9,0,0.3373,136.081,-0.243,0.234,-0.838,3.5871,180.0,-1.0,5.006,-10.663690633799082,neo3_calibrated_ros,1,-17.4683,-33.3496,-25.5371,45.491546483495156,1,-10.88818077505991,yahboom_calibrated_ros+neo3_cross_align,1,-4526.0,7991.0,3882.0,-0.1782259969453234,0.8342626697859418,0.8530877494053714,-10.801800241307404,logger_gyro_integral:neo3_calibrated_ros,1,-10.801800241307404,nan,62.39135742187503,0.0,,,,0.2059013427734375,-0.11013327636718749,9.801861596679688,9.810430676066169,,,,-0.0,-0.0,0.0,0.0,0.0,0.0,0.0,,,,0.6866455078125,1.175537109375,62.39135742187503,98619.078,36.35000000000002,,,,,,59,296,533,533,0,534,9769,ROS topics=74 messages=9769
ROS_TOPICS,126,1789500426134510682,2026-09-15T19:27:06.134511+00:00,1789500426134513055,6929384227921,1789500426000000000,1789500426,0,10263813,1789500426014441,1789500426000000,2,4,173.23708344444927,109.21438032144162,nav2_filtered_map,-3.800780166793275,2.687473327844477,110.4351084,-7.0508422,264.011,16.294,18.138,3,1,9,0,1.0787,55.5,0.611,0.889,1.17,4.2297,180.0,-1.0,4.98,-10.840782800756427,neo3_calibrated_ros,1,-17.5293,-33.1543,-25.3662,45.276131343346904,1,-10.837160294118776,yahboom_calibrated_ros+neo3_cross_align,1,-4524.0,8009.0,3828.0,-0.17790700581289734,0.8367642853313249,0.8554679257127956,-10.801800241307404,logger_gyro_integral:neo3_calibrated_ros,1,-10.801800241307404,nan,62.39135742187503,0.0,,,,0.2059013427734375,-0.11013327636718749,9.792284790039062,9.800856616474446,,,,-0.0,-0.0,0.0,0.0,0.0,0.0,0.0,,,,0.6866455078125,1.175537109375,62.39135742187503,98633.422,36.35000000000002,,,,,,60,298,538,538,0,539,9865,ROS topics=74 messages=9865
ROS_TOPICS,127,1789500426236488409,2026-09-15T19:27:06.236488+00:00,1789500426236490503,6929486205812,1789500426200000000,1789500426,200000000,10264005,1789500426206747,1789500426200000,2,4,173.16609412654793,109.20880400681723,nav2_filtered_map,-3.5135116292677724,3.107736423230847,110.435111,-7.0508384,263.47,16.302,18.152,3,1,9,0,1.8387,40.987,1.388,1.206,2.566,4.5945,143.166,-1.0,5.014,-10.727738660610441,neo3_calibrated_ros,1,-17.4805,-33.2275,-25.5615,45.42053410903487,1,-10.874920196341417,yahboom_calibrated_ros+neo3_cross_align,1,-4525.0,7985.0,3895.0,-0.1780929649527682,0.8334317383345539,0.8522473623479419,-10.801800241307404,logger_gyro_integral:neo3_calibrated_ros,1,-10.801800241307404,nan,62.39135742187503,0.0,,,,0.21068974609375,-0.1292868896484375,9.797073193359374,9.805981264246274,,,,-0.0,-0.0,0.0,0.0,0.0,0.0,0.0,,,,0.6866455078125,1.175537109375,62.39135742187503,98632.508,36.35000000000002,,,,,,61,301,543,543,0,544,9961,ROS topics=74 messages=9961
ROS_TOPICS,128,1789500426334562098,2026-09-15T19:27:06.334562+00:00,1789500426334564470,6929584279450,1789500426200000000,1789500426,200000000,10264005,1789500426206747,1789500426200000,2,4,173.07719055381065,109.18523968439476,nav2_filtered_map,-3.5135116292677724,3.107736423230847,110.435111,-7.0508384,263.47,16.302,18.152,3,1,9,0,1.8387,40.987,1.388,1.206,2.566,4.5945,143.166,-1.0,5.014,-10.784715711352655,neo3_calibrated_ros,1,-17.5171,-33.252,-25.5127,45.42512694203507,1,-10.82499811864298,yahboom_calibrated_ros+neo3_cross_align,1,-4520.0,7986.0,3937.0,-0.17737311360443267,0.8335793421407117,0.8522415978309629,-10.801800241307404,logger_gyro_integral:neo3_calibrated_ros,1,-10.801800241307404,nan,62.39135742187503,0.0,,,,0.2154781494140625,-0.1197100830078125,9.801861596679688,9.810750369625659,,,,-0.0,-0.0,0.0,0.0,0.0,0.0,0.0,,,,0.6866455078125,1.175537109375,62.39135742187503,98625.18,36.35000000000002,,,,,,61,303,548,548,0,549,10037,ROS topics=74 messages=10037
ROS_TOPICS,129,1789500426436402192,2026-09-15T19:27:06.436402+00:00,1789500426436408833,6929686119710,1789500426400000000,1789500426,400000000,10264205,1789500426406923,1789500426400000,2,4,173.00415676541576,109.17796152231755,nav2_filtered_map,-3.436170234255097,3.505880639897317,110.4351117,-7.0508348,263.521,16.31,18.166,3,1,9,0,1.4537,6.279000000000011,1.445,0.159,1.688,4.3696,172.221,-1.0,5.012,-10.688951718960858,neo3_calibrated_ros,1,-17.4683,-33.2764,-25.5371,45.437911244466335,1,-10.7172809430862,yahboom_calibrated_ros+neo3_cross_align,1,-4508.0,7986.0,3905.0,-0.17564970454021264,0.833600512999638,0.8519052963671042,-10.801800241307404,logger_gyro_integral:neo3_calibrated_ros,1,-10.801800241307404,nan,62.39135742187503,0.0,,,,0.19632453613281248,-0.1197100830078125,9.80665,9.815133305573516,,,,-0.0,-0.0,0.0,0.0,0.0,0.0,0.0,,,,0.6866455078125,1.175537109375,62.39135742187503,98632.812,36.35000000000002,,,,,,62,306,553,553,0,554,10118,ROS topics=74 messages=10118
ROS_TOPICS,130,1789500426534545472,2026-09-15T19:27:06.534545+00:00,1789500426534548441,6929784263141,1789500426400000000,1789500426,400000000,10264205,1789500426406923,1789500426400000,2,4,172.9340711515217,109.19552189244556,nav2_filtered_map,-3.436170234255097,3.505880639897317,110.4351117,-7.0508348,263.521,16.31,18.166,3,1,9,0,1.4537,6.279000000000011,1.445,0.159,1.688,4.3696,172.221,-1.0,5.012,-10.741062678841205,neo3_calibrated_ros,1,-17.4927,-33.252,-25.5615,45.44315503505451,1,-10.769475865746399,yahboom_calibrated_ros+neo3_cross_align,1,-4515.0,7989.0,3898.0,-0.1766497337796094,0.834004511176747,0.8525072745188581,-10.801800241307404,logger_gyro_integral:neo3_calibrated_ros,1,-10.801800241307404,nan,62.39135742187503,0.0,,,,0.201112939453125,-0.1197100830078125,9.792284790039062,9.800869715821927,,,,-0.0,-0.0,0.0,0.0,0.0,0.0,0.0,,,,0.6866455078125,1.175537109375,62.39135742187503,98637.086,36.35000000000002,,,,,,62,308,558,558,0,559,10210,ROS topics=74 messages=10210
ROS_TOPICS,131,1789500426634933765,2026-09-15T19:27:06.634934+00:00,1789500426634937865,6929884651280,1789500426600000000,1789500426,600000000,10264404,1789500426606131,1789500426600000,2,4,172.85939184162663,109.18765786608924,nav2_filtered_map,-3.7234388711664472,3.461642742998974,110.4351091,-7.0508352,264.19100000000003,16.31,18.18,3,1,9,0,0.7621,294.581,0.317,-0.693,-0.914,3.4153,180.0,-1.0,5.014,-10.732587127016485,neo3_calibrated_ros,1,-17.4927,-33.2764,-25.5371,45.44729724263039,1,-10.698514875785259,yahboom_calibrated_ros+neo3_cross_align,1,-4509.0,8001.0,3912.0,-0.17576685838857314,0.8356804879854736,0.8539647923113856,-10.801800241307404,logger_gyro_integral:neo3_calibrated_ros,1,-10.801800241307404,nan,62.39135742187503,0.0,,,,0.1867477294921875,-0.12449848632812499,9.792284790039062,9.800643898135823,,,,-0.0,-0.0,0.0,0.0,0.0,0.0,0.0,,,,0.6866455078125,1.175537109375,62.39135742187503,98630.984,36.35000000000002,,,,,,63,311,562,562,0,563,10299,ROS topics=74 messages=10299
ROS_TOPICS,132,1789500426734547160,2026-09-15T19:27:06.734547+00:00,1789500426734550415,6929984264547,1789500426600000000,1789500426,600000000,10264404,1789500426606131,1789500426600000,2,4,172.77294183614595,109.20060363503906,nav2_filtered_map,-3.7234388711664472,3.461642742998974,110.4351091,-7.0508352,264.19100000000003,16.31,18.18,3,1,9,0,0.7621,294.581,0.317,-0.693,-0.914,3.4153,180.0,-1.0,5.014,-10.697396672000785,neo3_calibrated_ros,1,-17.4683,-33.252,-25.4639,45.3789291643159,1,-10.739222832228776,yahboom_calibrated_ros+neo3_cross_align,1,-4514.0,8000.0,3911.0,-0.1764867097369087,0.8355328841793157,0.8539688280369288,-10.801800241307404,logger_gyro_integral:neo3_calibrated_ros,1,-10.801800241307404,nan,62.39135742187503,0.0,,,,0.19153613281249998,-0.11013327636718749,9.792284790039062,9.80056373720317,,,,-0.0,-0.0,0.0,0.0,0.0,0.0,0.0,,,,0.6866455078125,1.175537109375,62.39135742187503,98625.797,36.35000000000002,,,,,,63,313,568,568,0,569,10386,ROS topics=74 messages=10386
ROS_TOPICS,133,1789500426836226163,2026-09-15T19:27:06.836226+00:00,1789500426836228099,6930085943325,1789500426800000000,1789500426,800000000,10264606,1789500426807497,1789500426800000,2,4,172.6962148216518,109.1921005856031,nav2_filtered_map,-4.0880485120677745,3.240451410848685,110.4351058,-7.0508372,264.061,16.31,18.207,3,1,9,0,1.0116,296.54,0.452,-0.905,-0.871,3.0117,170.579,-1.0,5.004,-10.76289081927322,neo3_calibrated_ros,1,-17.5049,-33.252,-25.5615,45.447852647402385,1,-10.741589630933223,yahboom_calibrated_ros+neo3_cross_align,1,-4514.0,8000.0,3926.0,-0.1764867097369087,0.8355328841793157,0.8539688280369288,-10.801800241307404,logger_gyro_integral:neo3_calibrated_ros,1,-10.801800241307404,nan,62.39135742187503,0.0,,,,0.201112939453125,-0.1197100830078125,9.777919580078125,9.78650865573607,,,,-0.0,-0.0,0.0,0.0,0.0,0.0,0.0,,,,0.6866455078125,1.175537109375,62.39135742187503,98629.453,36.35000000000002,,,,,,64,316,573,573,0,574,10485,ROS topics=74 messages=10485
ROS_TOPICS,134,1789500426936042107,2026-09-15T19:27:06.936042+00:00,1789500426936045905,6930185759312,1789500426800000000,1789500426,800000000,10264606,1789500426807497,1789500426800000,2,4,172.58862666312842,109.18281183585573,nav2_filtered_map,-4.0880485120677745,3.240451410848685,110.4351058,-7.0508372,264.061,16.31,18.207,3,1,9,0,1.0116,296.54,0.452,-0.905,-0.871,3.0117,170.579,-1.0,5.004,-10.776209587809312,neo3_calibrated_ros,1,-17.5171,-33.2764,-25.5615,45.47040654777566,1,-10.765360438079236,yahboom_calibrated_ros+neo3_cross_align,1,-4514.0,7988.0,3886.0,-0.17650788059583494,0.8338674928000522,0.8523438434464572,-10.801800241307404,logger_gyro_integral:neo3_calibrated_ros,1,-10.801800241307404,nan,62.39135742187503,0.0,,,,0.19632453613281248,-0.1149216796875,9.80665,9.815075687704537,,,,-0.0,-0.0,0.0,0.0,0.0,0.0,0.0,,,,0.6866455078125,1.175537109375,62.39135742187503,98643.797,36.35000000000002,,,,,,64,318,578,578,0,579,10561,ROS topics=74 messages=10561
ROS_TOPICS,135,1789500427034683603,2026-09-15T19:27:07.034684+00:00,1789500427034686096,6930284400821,1789500426800000000,1789500426,800000000,10264606,1789500426807497,1789500426800000,2,4,172.50942897747058,109.17314789134852,nav2_filtered_map,-4.0880485120677745,3.240451410848685,110.4351058,-7.0508372,264.061,16.31,18.207,3,1,9,0,1.0116,296.54,0.452,-0.905,-0.871,3.0117,170.579,-1.0,5.004,-10.724123929706144,neo3_calibrated_ros,1,-17.4927,-33.3008,-25.5127,45.45146527032985,1,-10.91239673968102,yahboom_calibrated_ros+neo3_cross_align,1,-4530.0,7973.0,3908.0,-0.17883222292178613,0.8317575257640711,0.8507652705772121,-10.801800241307404,logger_gyro_integral:neo3_calibrated_ros,1,-10.801800241307404,nan,62.39135742187503,0.0,,,,0.2059013427734375,-0.1149216796875,9.80665,9.815272988874066,,,,-0.0,-0.0,0.0,0.0,0.0,0.0,0.0,,,,0.6866455078125,1.175537109375,62.39135742187503,98627.93,36.35000000000002,,,,,,64,321,583,583,0,584,10637,ROS topics=74 messages=10637
ROS_TOPICS,136,1789500427133621814,2026-09-15T19:27:07.133622+00:00,1789500427133625306,6930383339368,1789500427000000000,1789500427,0,10264814,1789500427015419,1789500427000000,2,4,172.40660861261907,109.17094109788204,nav2_filtered_map,-4.198536386432694,3.3068088295620672,110.4351048,-7.0508366,264.171,16.332,18.235,3,1,9,0,0.3863,316.88800000000003,0.282,-0.264,-0.625,3.4888,180.0,-1.0,4.975,-10.92368480402378,neo3_calibrated_ros,1,-17.5659,-33.1055,-25.3174,45.22726739280188,1,-10.70241119079297,yahboom_calibrated_ros+neo3_cross_align,1,-4507.0,7991.0,3882.0,-0.175497265926975,0.8342961903125751,0.8525546454731918,-10.801800241307404,logger_gyro_integral:neo3_calibrated_ros,1,-10.801800241307404,nan,62.39135742187503,0.0,,,,0.2059013427734375,-0.1197100830078125,9.782707983398437,9.79139573594794,,,,-0.0,-0.0,0.0,0.0,0.0,0.0,0.0,,,,0.6866455078125,1.175537109375,62.39135742187503,98621.219,36.35000000000002,,,,,,65,323,588,588,0,589,10733,ROS topics=74 messages=10733
ROS_TOPICS,137,1789500427235257590,2026-09-15T19:27:07.235258+00:00,1789500427235260075,6930484974982,1789500427200000000,1789500427,200000000,10265006,1789500427207952,1789500427200000,2,4,172.32507201203018,109.16031608914368,nav2_filtered_map,-4.021755918833068,3.516940512989847,110.4351064,-7.0508347,264.16,16.348,18.248,3,1,9,0,0.7367,72.869,0.217,0.704,0.21,3.2319,180.0,-1.0,5.01,-10.776209587809312,neo3_calibrated_ros,1,-17.5171,-33.2764,-25.5615,45.47040654777566,1,-10.718128208225904,yahboom_calibrated_ros+neo3_cross_align,1,-4510.0,8000.0,3925.0,-0.17591224004883535,0.8355399411322911,0.8538571949842383,-10.801800241307404,logger_gyro_integral:neo3_calibrated_ros,1,-10.801800241307404,nan,62.39135742187503,0.0,,,,0.19632453613281248,-0.1197100830078125,9.782707983398437,9.791197953630974,,,,-0.0,-0.0,0.0,0.0,0.0,0.0,0.0,,,,0.6866455078125,1.175537109375,62.39135742187503,98629.453,36.35000000000002,,,,,,66,326,593,593,0,594,10821,ROS topics=74 messages=10821
ROS_TOPICS,138,1789500427334526756,2026-09-15T19:27:07.334527+00:00,1789500427334528726,6930584243896,1789500427200000000,1789500427,200000000,10265006,1789500427207952,1789500427200000,2,4,172.25606810165374,109.17661300604287,nav2_filtered_map,-4.021755918833068,3.516940512989847,110.4351064,-7.0508347,264.16,16.348,18.248,3,1,9,0,0.7367,72.869,0.217,0.704,0.21,3.2319,180.0,-1.0,5.01,-10.866572370780686,neo3_calibrated_ros,1,-17.5293,-33.0811,-25.293,45.18153809577535,1,-10.88989372686544,yahboom_calibrated_ros+neo3_cross_align,1,-4527.0,7986.0,3890.0,-0.178378435558561,0.8335669924730048,0.852439321719036,-10.801800241307404,logger_gyro_integral:neo3_calibrated_ros,1,-10.801800241307404,nan,62.39135742187503,0.0,,,,0.2059013427734375,-0.1197100830078125,9.797073193359374,9.805756653542653,,,,-0.0,-0.0,0.0,0.0,0.0,0.0,0.0,,,,0.6866455078125,1.175537109375,62.39135742187503,98627.625,36.35000000000002,,,,,,66,328,598,598,0,599,10905,ROS topics=74 messages=10905
ROS_TOPICS,139,1789500427434573719,2026-09-15T19:27:07.434574+00:00,1789500427434577144,6930684291067,1789500427400000000,1789500427,400000000,10265205,1789500427406864,1789500427400000,2,4,172.1731555048611,109.16545628964792,nav2_filtered_map,-3.833926576399686,3.6938934240916312,110.4351081,-7.0508331,264.00100000000003,16.363,18.262,3,1,9,0,0.9403,50.35,0.6,0.724,0.82,4.3535,180.0,-1.0,5.012,-10.767715859842124,neo3_calibrated_ros,1,-17.5171,-33.3008,-25.5127,45.4608615661868,1,-10.880889192579184,yahboom_calibrated_ros+neo3_cross_align,1,-4532.0,8007.0,3877.0,-0.17905947366553174,0.8364726061954967,0.8554231210487964,-10.801800241307404,logger_gyro_integral:neo3_calibrated_ros,1,-10.801800241307404,nan,62.39135742187503,0.0,,,,0.19153613281249998,-0.11013327636718749,9.80665,9.814925257138466,,,,-0.0,-0.0,0.0,0.0,0.0,0.0,0.0,,,,0.6866455078125,1.175537109375,62.39135742187503,98617.555,36.35000000000002,,,,,,67,331,602,602,0,603,10988,ROS topics=74 messages=10988
ROS_TOPICS,140,1789500427535322299,2026-09-15T19:27:07.535322+00:00,1789500427535324868,6930785039751,1789500427400000000,1789500427,400000000,10265205,1789500427406864,1789500427400000,2,4,172.1371112143082,109.19544718476905,nav2_filtered_map,-3.833926576399686,3.6938934240916312,110.4351081,-7.0508331,264.00100000000003,16.363,18.262,3,1,9,0,0.9403,50.35,0.6,0.724,0.82,4.3535,180.0,-1.0,5.012,-10.844643161385397,neo3_calibrated_ros,1,-17.5171,-33.0811,-25.3662,45.21782913917916,1,-10.800477182839588,yahboom_calibrated_ros+neo3_cross_align,1,-4520.0,7997.0,3911.0,-0.17735370698375028,0.8351059509050367,0.8537308045384584,-10.801800241307404,logger_gyro_integral:neo3_calibrated_ros,1,-10.801800241307404,nan,62.39135742187503,0.0,,,,0.19632453613281248,-0.105344873046875,9.792284790039062,9.800606001179437,,,,-0.0,-0.0,0.0,0.0,0.0,0.0,0.0,,,,0.6866455078125,1.175537109375,62.39135742187503,98635.25,36.35000000000002,,,,,,67,333,608,608,0,609,11082,ROS topics=74 messages=11082
ROS_TOPICS,141,1789500427635723963,2026-09-15T19:27:07.635724+00:00,1789500427635726941,6930885441418,1789500427600000000,1789500427,600000000,10265405,1789500427606473,1789500427600000,2,4,172.0704477592401,109.18638440415927,nav2_filtered_map,-3.690292222909509,3.8376674987913324,110.4351094,-7.0508318,263.611,16.371,18.269,3,1,9,0,1.1981,36.344,0.965,0.71,1.45,4.1155,180.0,-1.0,5.01,-10.732587127016485,neo3_calibrated_ros,1,-17.4927,-33.2764,-25.5127,45.43359122433532,1,-10.963102245078199,yahboom_calibrated_ros+neo3_cross_align,1,-4541.0,7994.0,3888.0,-0.18037496556086685,0.8346525540570999,0.8539203793065979,-10.801800241307404,logger_gyro_integral:neo3_calibrated_ros,1,-10.801800241307404,nan,62.39135742187503,0.0,,,,0.2059013427734375,-0.1197100830078125,9.773131176757811,9.781821797887757,,,,-0.0,-0.0,0.0,0.0,0.0,0.0,0.0,,,,0.6866455078125,1.175537109375,62.39135742187503,98623.656,36.35000000000002,,,,,,68,336,612,612,0,613,11171,ROS topics=74 messages=11171
ROS_TOPICS,142,1789500427733111268,2026-09-15T19:27:07.733111+00:00,1789500427733116860,6930982828886,1789500427600000000,1789500427,600000000,10265405,1789500427606473,1789500427600000,2,4,172.04797778696766,109.2246282812701,nav2_filtered_map,-3.690292222909509,3.8376674987913324,110.4351094,-7.0508318,263.611,16.371,18.269,3,1,9,0,1.1981,36.344,0.965,0.71,1.45,4.1155,180.0,-1.0,5.01,-10.857963250664067,neo3_calibrated_ros,1,-17.5293,-33.1055,-25.3418,45.22673231596552,1,-10.580186416436701,yahboom_calibrated_ros+neo3_cross_align,1,-4496.0,8006.0,3884.0,-0.1738910107111155,0.8363973361573368,0.8542824986719688,-10.801800241307404,logger_gyro_integral:neo3_calibrated_ros,1,-10.801800241307404,nan,62.39135742187503,0.0,,,,0.19632453613281248,-0.1197100830078125,9.773131176757811,9.781623821987836,,,,-0.0,-0.0,0.0,0.0,0.0,0.0,0.0,,,,0.6866455078125,1.175537109375,62.39135742187503,98630.375,36.35000000000002,,,,,,68,338,617,617,0,618,11248,ROS topics=74 messages=11248
ROS_TOPICS,143,1789500427834327691,2026-09-15T19:27:07.834328+00:00,1789500427834329872,6931084044988,1789500427800000000,1789500427,800000000,10265606,1789500427807673,1789500427800000,2,4,171.96478634832908,109.2132689137945,nav2_filtered_map,-3.5245604586078816,4.224752014783645,110.4351109,-7.0508283,263.421,16.371,18.269,3,1,9,0,1.5205,20.521,1.424,0.533,1.646,3.9449,148.656,-1.0,5.005,-10.71923129482579,neo3_calibrated_ros,1,-17.4805,-33.252,-25.5615,45.438460212687666,1,-10.771492570434566,yahboom_calibrated_ros+neo3_cross_align,1,-4515.0,7989.0,3983.0,-0.1766497337796094,0.834004511176747,0.8525072745188581,-10.801800241307404,logger_gyro_integral:neo3_calibrated_ros,1,-10.801800241307404,nan,62.39135742187503,0.0,,,,0.19153613281249998,-0.11013327636718749,9.7683427734375,9.776627894738624,,,,-0.0,-0.0,0.0,0.0,0.0,0.0,0.0,,,,0.6866455078125,1.175537109375,62.39135742187503,98634.031,36.35000000000002,,,,,,69,341,622,622,0,623,11347,ROS topics=74 messages=11347
ROS_TOPICS,144,1789500427934830901,2026-09-15T19:27:07.934831+00:00,1789500427934836215,6931184548543,1789500427800000000,1789500427,800000000,10265606,1789500427807673,1789500427800000,2,4,171.97853383105408,109.2884199236528,nav2_filtered_map,-3.5245604586078816,4.224752014783645,110.4351109,-7.0508283,263.421,16.371,18.269,3,1,9,0,1.5205,20.521,1.424,0.533,1.646,3.9449,148.656,-1.0,5.005,-10.776209587809312,neo3_calibrated_ros,1,-17.5171,-33.2764,-25.5127,45.44299121602802,1,-10.788954038372724,yahboom_calibrated_ros+neo3_cross_align,1,-4515.0,7979.0,3904.0,-0.17666737616204797,0.8326166850273607,0.8511532799595698,-10.801800241307404,logger_gyro_integral:neo3_calibrated_ros,1,-10.801800241307404,nan,62.39135742187503,0.0,,,,0.19153613281249998,-0.1197100830078125,9.787496386718749,9.795889688068316,,,,-0.0,-0.0,0.0,0.0,0.0,0.0,0.0,,,,0.6866455078125,1.175537109375,62.39135742187503,98627.625,36.35000000000002,,,,,,69,343,627,627,0,628,11423,ROS topics=74 messages=11423
ROS_TOPICS,145,1789500428033967136,2026-09-15T19:27:08.033967+00:00,1789500428033970428,6931283684573,1789500427800000000,1789500427,800000000,10265606,1789500427807673,1789500427800000,2,4,171.8960974912607,109.2779818704963,nav2_filtered_map,-3.5245604586078816,4.224752014783645,110.4351109,-7.0508283,263.421,16.371,18.269,3,1,9,0,1.5205,20.521,1.424,0.533,1.646,3.9449,148.656,-1.0,5.005,-10.724123929706144,neo3_calibrated_ros,1,-17.4927,-33.3008,-25.5127,45.45146527032985,1,-10.8874036101453,yahboom_calibrated_ros+neo3_cross_align,1,-4531.0,7991.0,3926.0,-0.17894408405541506,0.8342538485947225,0.8532294352127906,-10.801800241307404,logger_gyro_integral:neo3_calibrated_ros,1,-10.801800241307404,nan,62.39135742187503,0.0,,,,0.2059013427734375,-0.1149216796875,9.792284790039062,9.800911978478739,,,,-0.0,-0.0,0.0,0.0,0.0,0.0,0.0,,,,0.6866455078125,1.175537109375,62.39135742187503,98626.406,36.35000000000002,,,,,,69,346,632,632,0,633,11499,ROS topics=74 messages=11499
ROS_TOPICS,146,1789500428133101126,2026-09-15T19:27:08.133101+00:00,1789500428133105353,6931382818878,1789500428000000000,1789500428,0,10265814,1789500428014595,1789500428000000,2,4,171.9062964627414,109.35369434282667,nav2_filtered_map,-3.63504835281543,4.280049931416477,110.4351099,-7.0508278,263.601,16.371,18.276,3,1,9,0,0.7583,337.188,0.699,-0.294,0.328,2.9074,180.0,-1.0,4.975,-10.71923129482579,neo3_calibrated_ros,1,-17.4805,-33.252,-25.5127,45.411025594452276,1,-10.843947966353177,yahboom_calibrated_ros+neo3_cross_align,1,-4530.0,8002.0,3910.0,-0.17878106001271435,0.8357822215972912,0.8546897620525084,-10.801800241307404,logger_gyro_integral:neo3_calibrated_ros,1,-10.801800241307404,nan,62.39135742187503,0.0,,,,0.2059013427734375,-0.1197100830078125,9.797073193359374,9.805756653542653,,,,-0.0,-0.0,0.0,0.0,0.0,0.0,0.0,,,,0.6866455078125,1.175537109375,62.39135742187503,98632.203,36.35000000000002,,,,,,70,348,637,637,0,638,11595,ROS topics=74 messages=11595
ROS_TOPICS,147,1789500428234456765,2026-09-15T19:27:08.234457+00:00,1789500428234458801,6931484174041,1789500428200000000,1789500428,200000000,10266006,1789500428208087,1789500428200000,2,4,171.82458923667807,109.34423365423578,nav2_filtered_map,-3.8449755506544774,4.445943771298326,110.435108,-7.0508263,264.231,16.371,18.283,3,1,9,0,1.4899,294.845,0.626,-1.352,-1.162,2.8504,109.61699999999999,-1.0,5.01,-10.745921512184276,neo3_calibrated_ros,1,-17.5049,-33.3008,-25.5859,45.497286550518595,1,-10.758317757716322,yahboom_calibrated_ros+neo3_cross_align,1,-4519.0,7996.0,3938.0,-0.17721185379997578,0.8349689325283419,0.8535673139329685,-10.801800241307404,logger_gyro_integral:neo3_calibrated_ros,1,-10.801800241307404,nan,62.39135742187503,0.0,,,,0.2059013427734375,-0.11013327636718749,9.821015209960937,9.829578811305753,,,,-0.0,-0.0,0.0,0.0,0.0,0.0,0.0,,,,0.6866455078125,1.175537109375,62.39135742187503,98629.148,36.35000000000002,,,,,,71,351,642,642,0,643,11692,ROS topics=74 messages=11692
ROS_TOPICS,148,1789500428333168841,2026-09-15T19:27:08.333169+00:00,1789500428333172815,6931582886249,1789500428200000000,1789500428,200000000,10266006,1789500428208087,1789500428200000,2,4,171.8197598143677,109.43302147912043,nav2_filtered_map,-3.8449755506544774,4.445943771298326,110.435108,-7.0508263,264.231,16.371,18.283,3,1,9,0,1.4899,294.845,0.626,-1.352,-1.162,2.8504,109.61699999999999,-1.0,5.01,-10.710771039014713,neo3_calibrated_ros,1,-17.4805,-33.2764,-25.4883,45.415196951020704,1,-10.771591450732036,yahboom_calibrated_ros+neo3_cross_align,1,-4520.0,7990.0,3985.0,-0.17736605665145724,0.8341344726004662,0.8527831121877039,-10.801800241307404,logger_gyro_integral:neo3_calibrated_ros,1,-10.801800241307404,nan,62.39135742187503,0.0,,,,0.19153613281249998,-0.1149216796875,9.787496386718749,9.795831957010764,,,,-0.0,-0.0,0.0,0.0,0.0,0.0,0.0,,,,0.6866455078125,1.175537109375,62.39135742187503,98623.656,36.35000000000002,,,,,,71,353,647,647,0,648,11768,ROS topics=74 messages=11768
ROS_TOPICS,149,1789500428436912931,2026-09-15T19:27:08.436913+00:00,1789500428436916344,6931686630265,1789500428400000000,1789500428,400000000,10266206,1789500428408264,1789500428400000,2,4,171.73838787533697,109.42491881231665,nav2_filtered_map,-4.032805448440113,4.468063585822172,110.4351063,-7.0508261,265.231,16.371,18.289,3,1,9,0,1.3059,235.48199999999997,-0.74,-1.076,-2.615,4.0427,177.37300000000002,-1.0,5.009,-10.798015951084816,neo3_calibrated_ros,1,-17.5293,-33.2764,-25.4883,45.43400260091554,1,-10.727425788839811,yahboom_calibrated_ros+neo3_cross_align,1,-4511.0,7976.0,3884.0,-0.17609819918870617,0.8322073941355204,0.8506348938359739,-10.801800241307404,logger_gyro_integral:neo3_calibrated_ros,1,-10.801800241307404,nan,62.39135742187503,0.0,,,,0.201112939453125,-0.1388636962890625,9.763554370117188,9.77240255254354,,,,-0.0,-0.0,0.0,0.0,0.0,0.0,0.0,,,,0.6866455078125,1.175537109375,62.39135742187503,98617.555,36.35000000000002,,,,,,72,356,652,652,0,653,11852,ROS topics=74 messages=11852
ROS_TOPICS,150,1789500428533136148,2026-09-15T19:27:08.533136+00:00,1789500428533141814,6931782854119,1789500428400000000,1789500428,400000000,10266206,1789500428408264,1789500428400000,2,4,171.723903832754,109.50998415798226,nav2_filtered_map,-4.032805448440113,4.468063585822172,110.4351063,-7.0508261,265.231,16.371,18.289,3,1,9,0,1.3059,235.48199999999997,-0.74,-1.076,-2.615,4.0427,177.37300000000002,-1.0,5.009,-10.76289081927322,neo3_calibrated_ros,1,-17.5049,-33.252,-25.5859,45.46158055787326,1,-10.717222759106738,yahboom_calibrated_ros+neo3_cross_align,1,-4514.0,7998.0,3923.0,-0.1764902382133964,0.8352553189494385,0.8536979864202268,-10.801800241307404,logger_gyro_integral:neo3_calibrated_ros,1,-10.801800241307404,nan,62.39135742187503,0.0,,,,0.21068974609375,-0.1149216796875,9.777919580078125,9.786653433322586,,,,-0.0,-0.0,0.0,0.0,0.0,0.0,0.0,,,,0.6866455078125,1.175537109375,62.39135742187503,98621.219,36.35000000000002,,,,,,72,358,657,657,0,658,11941,ROS topics=74 messages=11941
ROS_TOPICS,151,1789500428635463339,2026-09-15T19:27:08.635463+00:00,1789500428635466468,6931885180793,1789500428600000000,1789500428,600000000,10266404,1789500428606162,1789500428600000,2,4,171.6425920999987,109.5031601160503,nav2_filtered_map,-4.121196093758631,4.412766184517528,110.4351055,-7.0508266,265.84000000000003,16.386,18.296,3,1,9,0,1.1655,218.905,-0.907,-0.732,-2.286,4.2975,180.0,-1.0,5.015,-10.776209587809312,neo3_calibrated_ros,1,-17.5171,-33.2764,-25.5127,45.44299121602802,1,-10.691311342200356,yahboom_calibrated_ros+neo3_cross_align,1,-4508.0,7989.0,3893.0,-0.17564441182548107,0.8340168608444539,0.8523116117819565,-10.801800241307404,logger_gyro_integral:neo3_calibrated_ros,1,-10.801800241307404,nan,62.39135742187503,0.0,,,,0.19632453613281248,-0.12449848632812499,9.811438403320311,9.819980304218404,,,,-0.0,-0.0,0.0,0.0,0.0,0.0,0.0,,,,0.6866455078125,1.175537109375,62.39135742187503,98632.203,36.35000000000002,,,,,,73,361,662,662,0,663,12039,ROS topics=74 messages=12039
ROS_TOPICS,152,1789500428733231498,2026-09-15T19:27:08.733232+00:00,1789500428733236781,6931982949251,1789500428600000000,1789500428,600000000,10266404,1789500428606162,1789500428600000,2,4,171.6303749733029,109.57539489083972,nav2_filtered_map,-4.121196093758631,4.412766184517528,110.4351055,-7.0508266,265.84000000000003,16.386,18.296,3,1,9,0,1.1655,218.905,-0.907,-0.732,-2.286,4.2975,180.0,-1.0,5.015,-10.783661711028278,neo3_calibrated_ros,1,-17.4927,-33.1299,-25.3662,45.24410381187807,1,-10.701636089146595,yahboom_calibrated_ros+neo3_cross_align,1,-4509.0,7993.0,3869.0,-0.17578097229452397,0.8345702270659646,0.8528812426860752,-10.801800241307404,logger_gyro_integral:neo3_calibrated_ros,1,-10.801800241307404,nan,62.39135742187503,0.0,,,,0.17238251953125,-0.0909796630859375,9.801861596679688,9.809582791527319,,,,-0.0,-0.0,0.0,0.0,0.0,0.0,0.0,,,,0.6866455078125,1.175537109375,62.39135742187503,98628.844,36.35000000000002,,,,,,73,363,667,667,0,668,12117,ROS topics=74 messages=12117
ROS_TOPICS,153,1789500428834528161,2026-09-15T19:27:08.834528+00:00,1789500428834530085,6932084245532,1789500428800000000,1789500428,800000000,10266605,1789500428807259,1789500428800000,2,4,171.54935223272585,109.56954437731125,nav2_filtered_map,-4.043855127367667,4.667136755735299,110.4351062,-7.0508243,266.621,16.401,18.31,3,1,9,0,0.6986,225.0,-0.494,-0.494,-2.053,4.3768,180.0,-1.0,5.009,-10.741062678841205,neo3_calibrated_ros,1,-17.4927,-33.252,-25.5615,45.44315503505451,1,-10.665822345183264,yahboom_calibrated_ros+neo3_cross_align,1,-4505.0,7998.0,3889.0,-0.17519768141523137,0.8352711970936332,0.8534472451578387,-10.801800241307404,logger_gyro_integral:neo3_calibrated_ros,1,-10.801800241307404,nan,62.39135742187503,0.0,,,,0.2154781494140625,-0.13407529296874998,9.797073193359374,9.806150537688312,,,,-0.0,-0.0,0.0,0.0,0.0,0.0,0.0,,,,0.6866455078125,1.175537109375,62.39135742187503,98627.32,36.35000000000002,,,,,,74,366,672,672,0,673,12216,ROS topics=74 messages=12216
ROS_TOPICS,154,1789500428934870860,2026-09-15T19:27:08.934871+00:00,1789500428934876967,6932184589066,1789500428800000000,1789500428,800000000,10266605,1789500428807259,1789500428800000,2,4,171.55333738215919,109.66063363008674,nav2_filtered_map,-4.043855127367667,4.667136755735299,110.4351062,-7.0508243,266.621,16.401,18.31,3,1,9,0,0.6986,225.0,-0.494,-0.494,-2.053,4.3768,180.0,-1.0,5.009,-10.810343764046408,neo3_calibrated_ros,1,-17.5171,-33.1787,-25.4395,45.33037708148918,1,-10.751374605026868,yahboom_calibrated_ros+neo3_cross_align,1,-4513.0,7993.0,3892.0,-0.1763554419825973,0.8345631701129892,0.8529929230807952,-10.801800241307404,logger_gyro_integral:neo3_calibrated_ros,1,-10.801800241307404,nan,62.39135742187503,0.0,,,,0.16759411621093748,-0.12449848632812499,9.787496386718749,9.795508192974545,,,,-0.0,-0.0,0.0,0.0,0.0,0.0,0.0,,,,0.6866455078125,1.175537109375,62.39135742187503,98627.016,36.35000000000002,,,,,,74,368,677,677,0,678,12292,ROS topics=74 messages=12292
ROS_TOPICS,155,1789500429033048702,2026-09-15T19:27:09.033049+00:00,1789500429033051274,6932282766004,1789500428800000000,1789500428,800000000,10266605,1789500428807259,1789500428800000,2,4,171.4729063974522,109.65622531704642,nav2_filtered_map,-4.043855127367667,4.667136755735299,110.4351062,-7.0508243,266.621,16.401,18.31,3,1,9,0,0.6986,225.0,-0.494,-0.494,-2.053,4.3768,180.0,-1.0,5.009,-10.732587127016485,neo3_calibrated_ros,1,-17.4927,-33.2764,-25.4883,45.41989417799209,1,-10.682324129988233,yahboom_calibrated_ros+neo3_cross_align,1,-4504.0,7991.0,3864.0,-0.17506641366092002,0.8343014830273066,0.8524712392647974,-10.801800241307404,logger_gyro_integral:neo3_calibrated_ros,1,-10.801800241307404,nan,62.39135742187503,0.0,,,,0.1867477294921875,-0.13407529296874998,9.787496386718749,9.79598393105892,,,,-0.0,-0.0,0.0,0.0,0.0,0.0,0.0,,,,0.6866455078125,1.175537109375,62.39135742187503,98627.625,36.35000000000002,,,,,,74,371,682,682,0,683,12368,ROS topics=74 messages=12368
ROS_TOPICS,156,1789500429133185221,2026-09-15T19:27:09.133185+00:00,1789500429133190669,6932382903020,1789500429000000000,1789500429,0,10266814,1789500429015432,1789500429000000,2,4,171.48325138197927,109.76084599171767,nav2_filtered_map,-4.054904183840152,4.877268819304624,110.4351061,-7.0508224,267.021,16.416,18.33,3,1,9,0,0.796,288.23,0.249,-0.756,-1.43,3.7123,180.0,-1.0,4.975,-10.823652556124813,neo3_calibrated_ros,1,-17.5293,-33.2031,-25.415,45.33921517957716,1,-10.727226415766829,yahboom_calibrated_ros+neo3_cross_align,1,-4509.0,7996.0,3886.0,-0.17577567957979243,0.8349865749107804,0.8532875657203579,-10.801800241307404,logger_gyro_integral:neo3_calibrated_ros,1,-10.801800241307404,nan,62.39135742187503,0.0,,,,0.201112939453125,-0.062249243164062495,9.797073193359374,9.805118972609925,,,,-0.0,-0.0,0.0,0.0,0.0,0.0,0.0,,,,0.6866455078125,1.175537109375,62.39135742187503,98615.414,36.35000000000002,,,,,,75,373,687,687,0,688,12463,ROS topics=74 messages=12463
ROS_TOPICS,157,1789500429235282683,2026-09-15T19:27:09.235283+00:00,1789500429235290116,6932485000010,1789500429200000000,1789500429,200000000,10267005,1789500429206637,1789500429200000,2,4,171.40377932397516,109.75823495107733,nav2_filtered_map,-4.220635865430776,4.667136947909752,110.4351046,-7.0508243,266.901,16.447,18.358,3,1,8,0,0.5415,275.51099999999997,0.052,-0.539,-0.883,3.7956,180.0,-1.0,5.014,-10.732587127016485,neo3_calibrated_ros,1,-17.4927,-33.2764,-25.5371,45.44729724263039,1,-10.79485114612027,yahboom_calibrated_ros+neo3_cross_align,1,-4518.0,7998.0,3891.0,-0.17706470790146975,0.8352482619964631,0.8538100315364917,-10.801800241307404,logger_gyro_integral:neo3_calibrated_ros,1,-10.801800241307404,nan,62.39135742187503,0.0,,,,0.201112939453125,-0.13407529296874998,9.777919580078125,9.786696070017845,,,,-0.0,-0.0,0.0,0.0,0.0,0.0,0.0,,,,0.6866455078125,1.175537109375,62.39135742187503,98629.453,36.35000000000002,,,,,,76,376,692,692,0,693,12560,ROS topics=74 messages=12560
ROS_TOPICS,158,1789500429333236188,2026-09-15T19:27:09.333236+00:00,1789500429333242713,6932582954070,1789500429200000000,1789500429,200000000,10267005,1789500429206637,1789500429200000,2,4,171.40719738257437,109.83333880562836,nav2_filtered_map,-4.220635865430776,4.667136947909752,110.4351046,-7.0508243,266.901,16.447,18.358,3,1,8,0,0.5415,275.51099999999997,0.052,-0.539,-0.883,3.7956,180.0,-1.0,5.014,-10.779944659718852,neo3_calibrated_ros,1,-17.5049,-33.2031,-25.4395,45.34352802627956,1,-10.77283429154855,yahboom_calibrated_ros+neo3_cross_align,1,-4513.0,7987.0,3861.0,-0.17636602741206045,0.8337304744233575,0.8521804266746029,-10.801800241307404,logger_gyro_integral:neo3_calibrated_ros,1,-10.801800241307404,nan,62.39135742187503,0.0,,,,0.1771709228515625,-0.0909796630859375,9.797073193359374,9.804881239817444,,,,-0.0,-0.0,0.0,0.0,0.0,0.0,0.0,,,,0.6866455078125,1.175537109375,62.39135742187503,98627.32,36.35000000000002,,,,,,76,378,697,697,0,698,12636,ROS topics=74 messages=12636
ROS_TOPICS,159,1789500429435209216,2026-09-15T19:27:09.435209+00:00,1789500429435216462,6932684927479,1789500429400000000,1789500429,400000000,10267206,1789500429407959,1789500429400000,2,4,171.3284639155967,109.83180846864317,nav2_filtered_map,-4.3532211138360655,4.501243274003837,110.4351034,-7.0508258,266.671,16.447,18.358,3,1,8,0,0.5415,275.51099999999997,0.052,-0.539,-0.883,3.7956,180.0,-1.0,5.009,-10.741062678841205,neo3_calibrated_ros,1,-17.4927,-33.252,-25.4639,45.38832735957561,1,-10.796579097965113,yahboom_calibrated_ros+neo3_cross_align,1,-4516.0,7985.0,3936.0,-0.17680040815460318,0.8334476164787485,0.8519937286962512,-10.801800241307404,logger_gyro_integral:neo3_calibrated_ros,1,-10.801800241307404,nan,62.39135742187503,0.0,,,,0.181959326171875,-0.1197100830078125,9.792284790039062,9.8004932460521,,,,-0.0,-0.0,0.0,0.0,0.0,0.0,0.0,,,,0.6866455078125,1.175537109375,62.39135742187503,98632.203,36.35000000000002,,,,,,77,381,702,702,0,703,12718,ROS topics=74 messages=12718
ROS_TOPICS,160,1789500429533157676,2026-09-15T19:27:09.533158+00:00,1789500429533163485,6932782875545,1789500429400000000,1789500429,400000000,10267206,1789500429407959,1789500429400000,2,4,171.34362390086127,109.88433541459194,nav2_filtered_map,-4.3532211138360655,4.501243274003837,110.4351034,-7.0508258,266.671,16.477,18.385,3,1,9,0,0.6055,320.764,0.469,-0.383,-0.499,2.514,180.0,-1.0,5.009,-10.76289081927322,neo3_calibrated_ros,1,-17.5049,-33.252,-25.5615,45.447852647402385,1,-10.700693100787987,yahboom_calibrated_ros+neo3_cross_align,1,-4507.0,7998.0,3921.0,-0.17548491625926804,0.8352676686171455,0.8535028026149908,-10.801800241307404,logger_gyro_integral:neo3_calibrated_ros,1,-10.801800241307404,nan,62.39135742187503,0.0,,,,0.2154781494140625,-0.1388636962890625,9.777919580078125,9.787070575179728,,,,-0.0,-0.0,0.0,0.0,0.0,0.0,0.0,,,,0.6866455078125,1.175537109375,62.39135742187503,98631.898,36.35000000000002,,,,,,77,383,706,706,0,707,12800,ROS topics=74 messages=12800
ROS_TOPICS,161,1789500429633959561,2026-09-15T19:27:09.633960+00:00,1789500429633962586,6932883677091,1789500429600000000,1789500429,600000000,10267404,1789500429605756,1789500429600000,2,4,171.25007458683086,109.88320103677823,nav2_filtered_map,-4.485806434555105,4.401707082537808,110.4351022,-7.0508267,266.55,16.515,18.419,3,1,8,0,0.6881,320.898,0.534,-0.434,-0.479,2.3651,180.0,-1.0,5.015,-10.732587127016485,neo3_calibrated_ros,1,-17.4927,-33.2764,-25.5371,45.44729724263039,1,-10.761635408777046,yahboom_calibrated_ros+neo3_cross_align,1,-4512.0,7987.0,3987.0,-0.17622240999004213,0.8337322386616013,0.8521524415070251,-10.801800241307404,logger_gyro_integral:neo3_calibrated_ros,1,-10.801800241307404,nan,62.39135742187503,0.0,,,,0.201112939453125,-0.1197100830078125,9.777919580078125,9.78650865573607,,,,-0.0,-0.0,0.0,0.0,0.0,0.0,0.0,,,,0.6866455078125,1.175537109375,62.39135742187503,98625.797,36.35000000000002,,,,,,78,386,711,711,0,712,12898,ROS topics=74 messages=12898
ROS_TOPICS,162,1789500429733187998,2026-09-15T19:27:09.733188+00:00,1789500429733194030,6932982906073,1789500429600000000,1789500429,600000000,10267404,1789500429605756,1789500429600000,2,4,171.24550615365249,109.92144006229509,nav2_filtered_map,-4.485806434555105,4.401707082537808,110.4351022,-7.0508267,266.55,16.515,18.419,3,1,8,0,0.6881,320.898,0.534,-0.434,-0.479,2.3651,180.0,-1.0,5.015,-10.771428937100081,neo3_calibrated_ros,1,-17.5049,-33.2275,-25.4639,45.375086594628115,1,-10.711660787481554,yahboom_calibrated_ros+neo3_cross_align,1,-4504.0,7980.0,3973.0,-0.17508582028160244,0.8327748742629817,0.8509812193388328,-10.801800241307404,logger_gyro_integral:neo3_calibrated_ros,1,-10.801800241307404,nan,62.39135742187503,0.0,,,,0.21068974609375,-0.1197100830078125,9.758765966796874,9.767563554493076,,,,-0.0,-0.0,0.0,0.0,0.0,0.0,0.0,,,,0.6866455078125,1.175537109375,62.39135742187503,98625.797,36.35000000000002,,,,,,78,388,715,715,0,716,12967,ROS topics=74 messages=12967
ROS_TOPICS,163,1789500429834362352,2026-09-15T19:27:09.834362+00:00,1789500429834364173,6933084079536,1789500429800000000,1789500429,800000000,10267605,1789500429806899,1789500429800000,2,4,171.16799247326676,109.92068710605368,nav2_filtered_map,-4.563147834999587,4.268992210269821,110.4351015,-7.0508279,266.44100000000003,16.545,18.446,3,1,9,0,0.4029,344.895,0.389,-0.105,-0.445,2.2896,180.0,-1.0,5.009,-10.697396672000785,neo3_calibrated_ros,1,-17.4683,-33.252,-25.5615,45.43376818116675,1,-10.730415010599268,yahboom_calibrated_ros+neo3_cross_align,1,-4507.0,7982.0,3920.0,-0.17551314407116972,0.8330471467781275,0.8513356638229872,-10.801800241307404,logger_gyro_integral:neo3_calibrated_ros,1,-10.801800241307404,nan,62.39135742187503,0.0,,,,0.181959326171875,-0.12449848632812499,9.777919580078125,9.786191764757984,,,,-0.0,-0.0,0.0,0.0,0.0,0.0,0.0,,,,0.6866455078125,1.175537109375,62.39135742187503,98630.68,36.35000000000002,,,,,,79,391,720,720,0,721,13066,ROS topics=74 messages=13066
ROS_TOPICS,164,1789500429934995495,2026-09-15T19:27:09.934995+00:00,1789500429935001539,6933184713269,1789500429800000000,1789500429,800000000,10267605,1789500429806899,1789500429800000,2,4,171.18025923780363,109.94261086107555,nav2_filtered_map,-4.563147834999587,4.268992210269821,110.4351015,-7.0508279,266.44100000000003,16.545,18.446,3,1,9,0,0.4029,344.895,0.389,-0.105,-0.445,2.2896,180.0,-1.0,5.009,-10.732587127016485,neo3_calibrated_ros,1,-17.4927,-33.2764,-25.5615,45.46101222476244,1,-10.869440523571146,yahboom_calibrated_ros+neo3_cross_align,1,-4526.0,7988.0,3918.0,-0.17823128966005497,0.833846321941126,0.8526816998321415,-10.801800241307404,logger_gyro_integral:neo3_calibrated_ros,1,-10.801800241307404,nan,62.39135742187503,0.0,,,,0.2059013427734375,-0.13407529296874998,9.811438403320311,9.820304356570256,,,,-0.0,-0.0,0.0,0.0,0.0,0.0,0.0,,,,0.6866455078125,1.175537109375,62.39135742187503,98624.266,36.35000000000002,,,,,,79,393,723,723,0,724,13123,ROS topics=74 messages=13123
ROS_TOPICS,165,1789500430033616193,2026-09-15T19:27:10.033616+00:00,1789500430033618594,6933283333490,1789500429800000000,1789500429,800000000,10267605,1789500429806899,1789500429800000,2,4,171.09184549994742,109.94163523719165,nav2_filtered_map,-4.563147834999587,4.268992210269821,110.4351015,-7.0508279,266.44100000000003,16.545,18.446,3,1,9,0,0.4029,344.895,0.389,-0.105,-0.445,2.2896,180.0,-1.0,5.009,-10.702323117158809,neo3_calibrated_ros,1,-17.4805,-33.3008,-25.5127,45.44677130644156,1,-10.80878711026817,yahboom_calibrated_ros+neo3_cross_align,1,-4523.0,8000.0,3924.0,-0.1777792665350737,0.835517006035121,0.8542213618165032,-10.801800241307404,logger_gyro_integral:neo3_calibrated_ros,1,-10.801800241307404,nan,62.39135742187503,0.0,,,,0.21068974609375,-0.1005564697265625,9.801861596679688,9.810429275426188,,,,-0.0,-0.0,0.0,0.0,0.0,0.0,0.0,,,,0.6866455078125,1.175537109375,62.39135742187503,98636.477,36.35000000000002,,,,,,79,396,728,728,0,729,13200,ROS topics=74 messages=13200
ROS_TOPICS,166,1789500430133324621,2026-09-15T19:27:10.133325+00:00,1789500430133331438,6933383042580,1789500430000000000,1789500430,0,10267813,1789500430014633,1789500430000000,2,4,171.0878724452409,109.94425976228118,nav2_filtered_map,-4.662586475067497,4.092038793001979,110.4351006,-7.0508295,265.891,16.576,18.48,3,1,9,0,0.8974,355.014,0.894,-0.078,0.36,3.1062,180.0,-1.0,4.979,-10.75439997820139,neo3_calibrated_ros,1,-17.5049,-33.2764,-25.5127,45.43828982543247,1,-10.62712329151301,yahboom_calibrated_ros+neo3_cross_align,1,-4496.0,7979.0,3940.0,-0.1739386451436996,0.8326502055539939,0.8506238987258319,-10.801800241307404,logger_gyro_integral:neo3_calibrated_ros,1,-10.801800241307404,nan,62.39135742187503,0.0,,,,0.2059013427734375,-0.105344873046875,9.797073193359374,9.805590648650634,,,,-0.0,-0.0,0.0,0.0,0.0,0.0,0.0,,,,0.6866455078125,1.175537109375,62.39135742187503,98633.117,36.35000000000002,,,,,,80,398,733,733,0,734,13294,ROS topics=74 messages=13294
ROS_TOPICS,167,1789500430235168123,2026-09-15T19:27:10.235168+00:00,1789500430235170523,6933484885459,1789500430200000000,1789500430,200000000,10268006,1789500430208080,1789500430200000,2,4,171.01184507585847,109.94282167281108,nav2_filtered_map,-4.62944038409991,4.13627728374752,110.4351009,-7.0508291,266.241,16.606,18.52,3,1,9,0,0.1852,297.672,0.086,-0.164,-0.58,3.7186,180.0,-1.0,5.009,-10.715673060236215,neo3_calibrated_ros,1,-17.4927,-33.3252,-25.6104,45.524236363611855,1,-10.655092509084708,yahboom_calibrated_ros+neo3_cross_align,1,-4501.0,7991.0,3980.0,-0.174635561394865,0.8343067757420382,0.8523880427087039,-10.801800241307404,logger_gyro_integral:neo3_calibrated_ros,1,-10.801800241307404,nan,62.39135742187503,0.0,,,,0.19153613281249998,-0.12449848632812499,9.811438403320311,9.819885203823942,,,,-0.0,-0.0,0.0,0.0,0.0,0.0,0.0,,,,0.6866455078125,1.175537109375,62.39135742187503,98633.117,36.35000000000002,,,,,,81,401,738,738,0,739,13391,ROS topics=74 messages=13391
ROS_TOPICS,168,1789500430333302963,2026-09-15T19:27:10.333303+00:00,1789500430333309740,6933583020906,1789500430200000000,1789500430,200000000,10268006,1789500430208080,1789500430200000,2,4,171.01880236809836,109.94904216118529,nav2_filtered_map,-4.62944038409991,4.13627728374752,110.4351009,-7.0508291,266.241,16.606,18.52,3,1,9,0,0.1852,297.672,0.086,-0.164,-0.58,3.7186,180.0,-1.0,5.009,-10.732587127016485,neo3_calibrated_ros,1,-17.4927,-33.2764,-25.5127,45.43359122433532,1,-10.731723106976348,yahboom_calibrated_ros+neo3_cross_align,1,-4510.0,7992.0,3878.0,-0.17592635395478617,0.8344296802127822,0.8527736940336695,-10.801800241307404,logger_gyro_integral:neo3_calibrated_ros,1,-10.801800241307404,nan,62.39135742187503,0.0,,,,0.19153613281249998,-0.1149216796875,9.816226806640625,9.824554838530709,,,,-0.0,-0.0,0.0,0.0,0.0,0.0,0.0,,,,0.6866455078125,1.175537109375,62.39135742187503,98630.375,36.35000000000002,,,,,,81,403,743,743,0,744,13467,ROS topics=74 messages=13467
ROS_TOPICS,169,1789500430436018227,2026-09-15T19:27:10.436018+00:00,1789500430436021178,6933685735536,1789500430400000000,1789500430,400000000,10268205,1789500430406920,1789500430400000,2,4,170.94356184296808,109.94715946762801,nav2_filtered_map,-4.629440621921377,4.036741410905295,110.4351009,-7.05083,266.581,16.636,18.554,3,1,9,0,0.4134,203.526,-0.379,-0.165,-1.167,4.1363,180.0,-1.0,5.012,-10.806537350315107,neo3_calibrated_ros,1,-17.5293,-33.252,-25.4639,45.402445591619845,1,-10.755331427094669,yahboom_calibrated_ros+neo3_cross_align,1,-4514.0,8001.0,3864.0,-0.17648494549866484,0.8356716667942543,0.8541042504696683,-10.801800241307404,logger_gyro_integral:neo3_calibrated_ros,1,-10.801800241307404,nan,62.39135742187503,0.0,,,,0.19632453613281248,-0.11013327636718749,9.787496386718749,9.795871900742334,,,,-0.0,-0.0,0.0,0.0,0.0,0.0,0.0,,,,0.6866455078125,1.175537109375,62.39135742187503,98630.062,36.35000000000002,,,,,,82,406,748,748,0,749,13563,ROS topics=74 messages=13563
ROS_TOPICS,170,1789500430533307891,2026-09-15T19:27:10.533308+00:00,1789500430533314797,6933783026475,1789500430400000000,1789500430,400000000,10268205,1789500430406920,1789500430400000,2,4,170.9575416895652,109.94307889239468,nav2_filtered_map,-4.629440621921377,4.036741410905295,110.4351009,-7.05083,266.581,16.636,18.554,3,1,9,0,0.4134,203.526,-0.379,-0.165,-1.167,4.1363,180.0,-1.0,5.012,-10.806537350315107,neo3_calibrated_ros,1,-17.5293,-33.252,-25.5615,45.457256238580875,1,-10.682731887088005,yahboom_calibrated_ros+neo3_cross_align,1,-4503.0,7996.0,3834.0,-0.1749139750476824,0.8349971603402435,0.8531208334364199,-10.801800241307404,logger_gyro_integral:neo3_calibrated_ros,1,-10.801800241307404,nan,62.39135742187503,0.0,,,,0.1771709228515625,-0.1149216796875,9.792284790039062,9.80034727083608,,,,-0.0,-0.0,0.0,0.0,0.0,0.0,0.0,,,,0.6866455078125,1.175537109375,62.39135742187503,98637.086,36.35000000000002,,,,,,82,408,753,753,0,754,13640,ROS topics=74 messages=13640
ROS_TOPICS,171,1789500430634613528,2026-09-15T19:27:10.634614+00:00,1789500430634615889,6933884330727,1789500430600000000,1789500430,600000000,10268405,1789500430607115,1789500430600000,2,4,170.88369484462865,109.94055685378518,nav2_filtered_map,-4.784123399872328,3.815549931054477,110.4350995,-7.050832,266.341,16.658,18.581,3,1,9,0,0.7603,303.08400000000006,0.415,-0.637,-0.674,2.8243,180.0,-1.0,5.01,-10.749585424053635,neo3_calibrated_ros,1,-17.4927,-33.2275,-25.4639,45.370381448143014,1,-10.697253435906227,yahboom_calibrated_ros+neo3_cross_align,1,-4504.0,7996.0,3819.0,-0.17505759246970076,0.8349953961019997,0.8531485639634068,-10.801800241307404,logger_gyro_integral:neo3_calibrated_ros,1,-10.801800241307404,nan,62.39135742187503,0.0,,,,0.201112939453125,-0.1388636962890625,9.7683427734375,9.777189442323463,,,,-0.0,-0.0,0.0,0.0,0.0,0.0,0.0,,,,0.6866455078125,1.175537109375,62.39135742187503,98631.898,36.35000000000002,,,,,,83,411,758,758,0,759,13742,ROS topics=74 messages=13742
ROS_TOPICS,172,1789500430733304963,2026-09-15T19:27:10.733305+00:00,1789500430733312071,6933983023352,1789500430600000000,1789500430,600000000,10268405,1789500430607115,1789500430600000,2,4,170.88997362568546,109.91596211622185,nav2_filtered_map,-4.784123399872328,3.815549931054477,110.4350995,-7.050832,266.341,16.658,18.581,3,1,9,0,0.7603,303.08400000000006,0.415,-0.637,-0.674,2.8243,180.0,-1.0,5.01,-10.75439997820139,neo3_calibrated_ros,1,-17.5049,-33.2764,-25.4639,45.41090754631534,1,-10.728219858299772,yahboom_calibrated_ros+neo3_cross_align,1,-4504.0,7981.0,3846.0,-0.17508405604335858,0.8329136568779203,0.8511166703186726,-10.801800241307404,logger_gyro_integral:neo3_calibrated_ros,1,-10.801800241307404,nan,62.39135742187503,0.0,,,,0.21068974609375,-0.1292868896484375,9.792284790039062,9.801194400018332,,,,-0.0,-0.0,0.0,0.0,0.0,0.0,0.0,,,,0.6866455078125,1.175537109375,62.39135742187503,98630.375,36.35000000000002,,,,,,83,413,763,763,0,764,13815,ROS topics=74 messages=13815
ROS_TOPICS,173,1789500430834262187,2026-09-15T19:27:10.834262+00:00,1789500430834264694,6934083979474,1789500430800000000,1789500430,800000000,10268605,1789500430807104,1789500430800000,2,4,170.8168708924338,109.91232504302388,nav2_filtered_map,-4.739928316110607,3.6385969364753414,110.4350999,-7.0508336,266.431,16.696,18.615,3,1,8,0,0.6466,122.879,-0.351,0.543,-0.925,3.1979,180.0,-1.0,5.008,-10.815106192894554,neo3_calibrated_ros,1,-17.5293,-33.2275,-25.4883,45.39819987213149,1,-10.84139558242871,yahboom_calibrated_ros+neo3_cross_align,1,-4521.0,7998.0,3849.0,-0.17749556016752474,0.8352429692817315,0.853894309392999,-10.801800241307404,logger_gyro_integral:neo3_calibrated_ros,1,-10.801800241307404,nan,62.39135742187503,0.0,,,,0.21068974609375,-0.12449848632812499,9.782707983398437,9.791558236468655,,,,-0.0,-0.0,0.0,0.0,0.0,0.0,0.0,,,,0.6866455078125,1.175537109375,62.39135742187503,98628.844,36.35000000000002,,,,,,84,416,768,768,0,769,13913,ROS topics=74 messages=13913
ROS_TOPICS,174,1789500430934963741,2026-09-15T19:27:10.934964+00:00,1789500430934969293,6934184681449,1789500430800000000,1789500430,800000000,10268605,1789500430807104,1789500430800000,2,4,170.8337724710405,109.87266220029373,nav2_filtered_map,-4.739928316110607,3.6385969364753414,110.4350999,-7.0508336,266.431,16.696,18.615,3,1,8,0,0.6466,122.879,-0.351,0.543,-0.925,3.1979,180.0,-1.0,5.008,-10.76289081927322,neo3_calibrated_ros,1,-17.5049,-33.252,-25.5127,45.420423702339015,1,-10.977453595912445,yahboom_calibrated_ros+neo3_cross_align,1,-4535.0,7978.0,3832.0,-0.17954148884065851,0.832442617647545,0.8515843222435563,-10.801800241307404,logger_gyro_integral:neo3_calibrated_ros,1,-10.801800241307404,nan,62.39135742187503,0.0,,,,0.2059013427734375,-0.12449848632812499,9.773131176757811,9.781881955638934,,,,-0.0,-0.0,0.0,0.0,0.0,0.0,0.0,,,,0.6866455078125,1.175537109375,62.39135742187503,98630.375,36.35000000000002,,,,,,84,418,773,773,0,774,13991,ROS topics=74 messages=13991
ROS_TOPICS,175,1789500431033424701,2026-09-15T19:27:11.033425+00:00,1789500431033426874,6934283141946,1789500430800000000,1789500430,800000000,10268605,1789500430807104,1789500430800000,2,4,170.76241189803983,109.86764132226531,nav2_filtered_map,-4.739928316110607,3.6385969364753414,110.4350999,-7.0508336,266.431,16.696,18.615,3,1,8,0,0.6466,122.879,-0.351,0.543,-0.925,3.1979,180.0,-1.0,5.008,-10.801800241307404,neo3_calibrated_ros,1,-17.5171,-33.2031,-25.415,45.33449974379336,1,-10.705804290678682,yahboom_calibrated_ros+neo3_cross_align,1,-4508.0,8003.0,3845.0,-0.1756197124900671,0.8359598174535947,0.854207878570633,-10.801800241307404,logger_gyro_integral:neo3_calibrated_ros,1,-10.801800241307404,nan,62.39135742187503,0.0,,,,0.19632453613281248,-0.12449848632812499,9.782707983398437,9.7912580537748,,,,-0.0,-0.0,0.0,0.0,0.0,0.0,0.0,,,,0.6866455078125,1.175537109375,62.39135742187503,98627.016,36.35000000000002,,,,,,84,421,778,778,0,779,14068,ROS topics=74 messages=14068
ROS_TOPICS,176,1789500431133223435,2026-09-15T19:27:11.133224+00:00,1789500431133228610,6934382941251,1789500431000000000,1789500431,0,10268812,1789500431013818,1789500431000000,2,4,170.7849131440726,109.81350569774591,nav2_filtered_map,-4.750977051892951,3.45058429411632,110.4350998,-7.0508353,266.39,16.726,18.648,3,1,8,0,0.1291,280.265,0.023,-0.127,-0.802,3.7375,180.0,-1.0,4.982,-10.806537350315107,neo3_calibrated_ros,1,-17.5293,-33.252,-25.4883,45.41613479128315,1,-10.691270955219611,yahboom_calibrated_ros+neo3_cross_align,1,-4501.0,7985.0,3867.0,-0.17464614682432814,0.8334740800524064,0.851575198511435,-10.801800241307404,logger_gyro_integral:neo3_calibrated_ros,1,-10.801800241307404,nan,62.39135742187503,0.0,,,,0.1867477294921875,-0.12449848632812499,9.797073193359374,9.80543103111052,,,,-0.0,-0.0,0.0,0.0,0.0,0.0,0.0,,,,0.6866455078125,1.175537109375,62.39135742187503,98627.93,36.35000000000002,,,,,,85,423,783,783,0,784,14162,ROS topics=74 messages=14162
ROS_TOPICS,177,1789500431234468049,2026-09-15T19:27:11.234468+00:00,1789500431234470078,6934484185370,1789500431200000000,1789500431,200000000,10269006,1789500431208305,1789500431200000,2,4,170.71443843001904,109.80673161414573,nav2_filtered_map,-4.7399284108439765,3.3842270075875223,110.4350999,-7.0508359,266.59000000000003,16.748,18.682,3,1,8,0,0.1488,216.25400000000002,-0.12,-0.088,-0.993,3.8416,180.0,-1.0,5.008,-10.710771039014713,neo3_calibrated_ros,1,-17.4805,-33.2764,-25.5371,45.442602848208416,1,-10.749248380187677,yahboom_calibrated_ros+neo3_cross_align,1,-4509.0,7989.0,3860.0,-0.1757880292474994,0.8340150966062101,0.8523394937428311,-10.801800241307404,logger_gyro_integral:neo3_calibrated_ros,1,-10.801800241307404,nan,62.39135742187503,0.0,,,,0.19632453613281248,-0.1149216796875,9.777919580078125,9.786353100180754,,,,-0.0,-0.0,0.0,0.0,0.0,0.0,0.0,,,,0.6866455078125,1.175537109375,62.39135742187503,98625.797,36.35000000000002,,,,,,86,426,788,788,0,789,14259,ROS topics=74 messages=14259
ROS_TOPICS,178,1789500431333318028,2026-09-15T19:27:11.333318+00:00,1789500431333324480,6934583036010,1789500431200000000,1789500431,200000000,10269006,1789500431208305,1789500431200000,2,4,170.74341778232395,109.75085015379949,nav2_filtered_map,-4.7399284108439765,3.3842270075875223,110.4350999,-7.0508359,266.59000000000003,16.748,18.682,3,1,8,0,0.1488,216.25400000000002,-0.12,-0.088,-0.993,3.8416,180.0,-1.0,5.008,-10.749585424053635,neo3_calibrated_ros,1,-17.4927,-33.2275,-25.4883,45.384080319314606,1,-10.715119056904484,yahboom_calibrated_ros+neo3_cross_align,1,-4504.0,7986.0,3869.0,-0.1750752348521393,0.8336075699526134,0.8517939413618959,-10.801800241307404,logger_gyro_integral:neo3_calibrated_ros,1,-10.801800241307404,nan,62.39135742187503,0.0,,,,0.181959326171875,-0.1197100830078125,9.787496386718749,9.79570604069596,,,,-0.0,-0.0,0.0,0.0,0.0,0.0,0.0,,,,0.6866455078125,1.175537109375,62.39135742187503,98618.164,36.35000000000002,,,,,,86,428,793,793,0,794,14335,ROS topics=74 messages=14335
ROS_TOPICS,179,1789500431434781423,2026-09-15T19:27:11.434782+00:00,1789500431434786570,6934684499014,1789500431400000000,1789500431,400000000,10269206,1789500431407384,1789500431400000,2,4,170.6742927258856,109.74233027989982,nav2_filtered_map,-4.596294125465551,3.317869561732738,110.4351012,-7.0508365,266.471,16.778,18.715,3,1,8,0,0.7891,102.962,-0.177,0.769,-0.307,1.998,145.075,-1.0,5.006,-10.741062678841205,neo3_calibrated_ros,1,-17.4927,-33.252,-25.5127,45.41572325285595,1,-10.856495062675496,yahboom_calibrated_ros+neo3_cross_align,1,-4523.0,7992.0,3869.0,-0.17779338044102452,0.8344067451156121,0.8531383840990141,-10.801800241307404,logger_gyro_integral:neo3_calibrated_ros,1,-10.801800241307404,nan,62.39135742187503,0.0,,,,0.2059013427734375,-0.12449848632812499,9.797073193359374,9.805816664455774,,,,-0.0,-0.0,0.0,0.0,0.0,0.0,0.0,,,,0.6866455078125,1.175537109375,62.39135742187503,98619.078,36.35000000000002,,,,,,87,431,798,798,0,799,14421,ROS topics=74 messages=14421
