// ============================================================================
// VisualAssets.h — small RGB565 illustrations derived from the approved HMI
// concept. Kept compact so the STM32F411 can render the visual style directly.
// ============================================================================
#pragma once
#include <cstdint>


static const uint16_t VEHICLE_ASSET_W = 78;
static const uint16_t VEHICLE_ASSET_H = 82;
static const uint16_t VEHICLE_ASSET[6396] = {
  0xF77C, 0xF77C, 0xF77C, 0xF77C, 0xF77C, 0xF77C, 0xF77C, 0xF77C, 0xF77C, 0xF77C, 0xF77C, 0xF77C, 0xF77C, 0xF77C, 0xF77C, 0xF77C,
  0xF77C, 0xF77C, 0xF77C, 0xF77C, 0xF77C, 0xF77C, 0xF77C, 0xF77C, 0xF77C, 0xF77C, 0xF77C, 0xF77C, 0xF77C, 0xF77C, 0xF77C, 0xF77C,
  0xF77C, 0xF77C, 0xF77C, 0xF77C, 0xF77C, 0xF77C, 0xF77C, 0xF77C, 0xF77C, 0xF77C, 0xF77C, 0xF77C, 0xF77C, 0xF77C, 0xF77C, 0xF77C,
  0xF77C, 0xF77C, 0xF77C, 0xF77C, 0xF77C, 0xF75C, 0xF77C, 0xF77C, 0xF77C, 0xF77C, 0xF77C, 0xF75C, 0xF75C, 0xF77C, 0xF77C, 0xF77C,
  0xF77C, 0xF77C, 0xF77C, 0xF77C, 0xF77C, 0xF77C, 0xF77C, 0xF77C, 0xF77C, 0xF77C, 0xF77C, 0xF77C, 0xF77C, 0xF77C, 0xF77C, 0xF77C,
  0xF77C, 0xF77C, 0xF77C, 0xF77C, 0xF77C, 0xF77C, 0xF77C, 0xF77C, 0xF77C, 0xF77C, 0xF77C, 0xF77C, 0xF77C, 0xF77C, 0xF77C, 0xF77C,
  0xF77C, 0xF77C, 0xF77C, 0xF77C, 0xF77C, 0xF77C, 0xF77C, 0xF77C, 0xF77C, 0xF77C, 0xF77C, 0xF77C, 0xF77C, 0xF77C, 0xF77C, 0xF77C,
  0xF77C, 0xF77C, 0xF77C, 0xF77C, 0xF77C, 0xF77C, 0xF77C, 0xF77C, 0xF77C, 0xF77C, 0xF77C, 0xF77C, 0xF77C, 0xF77C, 0xF77C, 0xF77C,
  0xF77C, 0xF77C, 0xF77C, 0xF77C, 0xF77C, 0xF77C, 0xF77C, 0xF77C, 0xF77C, 0xF77C, 0xF77C, 0xF77C, 0xF77C, 0xF77C, 0xF77C, 0xF77C,
  0xF77C, 0xF77C, 0xF77C, 0xF77C, 0xF77C, 0xF77C, 0xF77C, 0xF77C, 0xF77C, 0xF77C, 0xF77C, 0xF77C, 0xF77C, 0xF77C, 0xF77C, 0xF77C,
  0xF77C, 0xF77C, 0xF77C, 0xF77C, 0xF77C, 0xF77C, 0xF77C, 0xF77C, 0xF77C, 0xF77C, 0xF77C, 0xF77C, 0xF77C, 0xF77C, 0xF77C, 0xF77C,
  0xF77C, 0xF77C, 0xF77C, 0xF77C, 0xF77C, 0xF77C, 0xF77C, 0xF77C, 0xF77C, 0xF77C, 0xF77C, 0xF77C, 0xF77C, 0xF77C, 0xF77C, 0xF77C,
  0xF77C, 0xF77C, 0xF77C, 0xF77C, 0xF77C, 0xF77C, 0xF77C, 0xF77C, 0xF77C, 0xF77C, 0xF77C, 0xF77C, 0xF77C, 0xF77C, 0xF77C, 0xF77C,
  0xF77C, 0xF77C, 0xF77C, 0xF77C, 0xF77C, 0xF77C, 0xF77C, 0xF75C, 0xF77C, 0xF77C, 0xF77C, 0xF77C, 0xF77C, 0xF77C, 0xF77C, 0xF77C,
  0xF77C, 0xF77C, 0xF77C, 0xF77C, 0xF77C, 0xF77C, 0xF77C, 0xF77C, 0xF77C, 0xF77C, 0xF77C, 0xF77C, 0xF77C, 0xF77C, 0xF77C, 0xF77C,
  0xF77C, 0xF77C, 0xF77C, 0xF77C, 0xF77C, 0xF77C, 0xF77C, 0xF77C, 0xF77C, 0xF77C, 0xF77C, 0xF77C, 0xF77C, 0xF77C, 0xF77C, 0xF77C,
  0xF77C, 0xF77C, 0xF77C, 0xF77C, 0xF77C, 0xF77C, 0xF77C, 0xF77C, 0xF77C, 0xF77C, 0xF77C, 0xF77C, 0xF77C, 0xF77C, 0xF77C, 0xF77C,
  0xF77C, 0xF77C, 0xF77C, 0xF77C, 0xF77C, 0xF77C, 0xF77C, 0xF77C, 0xF77C, 0xF77C, 0xF77C, 0xF77C, 0xF77C, 0xF77C, 0xF77C, 0xF77C,
  0xF77C, 0xF77C, 0xF77C, 0xF77C, 0xF77C, 0xF77C, 0xF77C, 0xF77C, 0xF77C, 0xF77C, 0xF77C, 0xF77C, 0xF77C, 0xF77C, 0xF77C, 0xF77C,
  0xF77C, 0xF77C, 0xF77C, 0xF77C, 0xF77C, 0xF77C, 0xF77C, 0xF77C, 0xF77C, 0xF77C, 0xF77C, 0xF77C, 0xF77C, 0xF77C, 0xF77C, 0xF77C,
  0xF77C, 0xF77C, 0xF77C, 0xF77C, 0xF77C, 0xF77C, 0xF77C, 0xF77C, 0xF77C, 0xF77C, 0xF77C, 0xF77C, 0xF77C, 0xF77C, 0xF77C, 0xF77C,
  0xF77C, 0xF77C, 0xF77C, 0xF77C, 0xF77C, 0xF77C, 0xF77C, 0xF77C, 0xF77C, 0xF77C, 0xF77C, 0xF77C, 0xF77C, 0xF77C, 0xF77C, 0xF77C,
  0xF77C, 0xF77C, 0xF77C, 0xF77C, 0xF75C, 0xF77C, 0xF77C, 0xF77C, 0xF77C, 0xF77C, 0xF77C, 0xF77C, 0xF77C, 0xF77C, 0xF77C, 0xF77C,
  0xF77C, 0xF77C, 0xF77C, 0xF77C, 0xF77C, 0xF77C, 0xF77C, 0xF77C, 0xF77C, 0xF77C, 0xF77C, 0xF77C, 0xF77C, 0xF77C, 0xF77C, 0xF77C,
  0xF77C, 0xF77C, 0xF77C, 0xF77C, 0xF77C, 0xF77C, 0xF77C, 0xF77C, 0xF77C, 0xF77C, 0xF77C, 0xF77C, 0xF77C, 0xF77C, 0xF77C, 0xF77C,
  0xF77C, 0xF77C, 0xF77C, 0xF77C, 0xF77C, 0xF77C, 0xF77C, 0xF77C, 0xF77C, 0xF77C, 0xF77C, 0xF77C, 0xF77C, 0xF77C, 0xF77C, 0xF77C,
  0xF77C, 0xF77C, 0xF77C, 0xF77C, 0xF77C, 0xF77C, 0xF77C, 0xF77C, 0xF77C, 0xF77C, 0xF77C, 0xF77C, 0xF77C, 0xF77C, 0xF77C, 0xF77C,
  0xF77C, 0xF77C, 0xF77C, 0xF77C, 0xF77C, 0xF77C, 0xF77C, 0xF77C, 0xF77C, 0xF77C, 0xF77C, 0xF77C, 0xF77C, 0xF77C, 0xF77C, 0xF77C,
  0xF77C, 0xF77C, 0xF77C, 0xF77C, 0xF77C, 0xF77C, 0xF77C, 0xF77C, 0xF77C, 0xF77C, 0xF77C, 0xF77C, 0xF77C, 0xF77C, 0xF77C, 0xF77C,
  0xF77C, 0xF77C, 0xF77C, 0xF77C, 0xF77C, 0xF77C, 0xF77C, 0xF77C, 0xF77C, 0xF77C, 0xF77C, 0xF77C, 0xF77C, 0xF77C, 0xF77C, 0xF77C,
  0xF77C, 0xF77C, 0xF77C, 0xF77C, 0xF77C, 0xF77C, 0xF77C, 0xF77C, 0xF77C, 0xF77C, 0xF77C, 0xF77C, 0xF77C, 0xF77C, 0xF77C, 0xF77C,
  0xF77C, 0xF77C, 0xF77C, 0xF77C, 0xF77C, 0xF77C, 0xF77C, 0xF77C, 0xF77C, 0xF77C, 0xF77C, 0xF77C, 0xF77C, 0xF77C, 0xF77C, 0xF77C,
  0xF77C, 0xF77C, 0xF77C, 0xF77C, 0xF77C, 0xF77C, 0xF77C, 0xF77C, 0xF77C, 0xF77C, 0xF75C, 0xF75C, 0xF77C, 0xF77C, 0xF77C, 0xF77C,
  0xF77C, 0xF77C, 0xF77C, 0xF77C, 0xF77C, 0xF77C, 0xF77C, 0xF77C, 0xF77C, 0xF77C, 0xF77C, 0xF77C, 0xF77C, 0xF77C, 0xF77C, 0xF77C,
  0xF77C, 0xF77C, 0xF77C, 0xF77C, 0xF77C, 0xF77C, 0xF77C, 0xF77C, 0xF77C, 0xF77C, 0xF77C, 0xF77C, 0xF77C, 0xF77C, 0xF77C, 0xF77C,
  0xF77C, 0xF77C, 0xF77C, 0xF77C, 0xF77C, 0xF77C, 0xF77C, 0xF77C, 0xF77C, 0xF77C, 0xF77C, 0xF77C, 0xF77C, 0xF77C, 0xF77C, 0xF77C,
  0xF77C, 0xF77C, 0xF77C, 0xF77C, 0xF77C, 0xF77C, 0xF77C, 0xF77C, 0xF77C, 0xF77C, 0xF77C, 0xF77C, 0xF77C, 0xF77C, 0xF77C, 0xF77C,
  0xF77C, 0xF77C, 0xF77C, 0xF77C, 0xFF9C, 0xFF9D, 0xFF9D, 0xFF7C, 0xFF7C, 0xF77C, 0xF75C, 0xF77C, 0xF77C, 0xF77C, 0xF77C, 0xF77C,
  0xF77C, 0xF77C, 0xF77C, 0xF77C, 0xF77C, 0xF77C, 0xF77C, 0xF77C, 0xF77C, 0xF77C, 0xF77C, 0xF77C, 0xF77C, 0xF77C, 0xF77C, 0xF77C,
  0xF77C, 0xF77C, 0xF77C, 0xF77C, 0xF77C, 0xF77C, 0xF77C, 0xF77C, 0xF77C, 0xF77C, 0xF77C, 0xF77C, 0xF77C, 0xF77C, 0xF77C, 0xF77C,
  0xF77C, 0xF77C, 0xF77C, 0xF77C, 0xF77C, 0xF77C, 0xF77C, 0xF77C, 0xF77C, 0xF77C, 0xF77C, 0xF77C, 0xF77C, 0xF77C, 0xF77C, 0xF77C,
  0xF77C, 0xF77C, 0xF77C, 0xF77C, 0xF77C, 0xF77C, 0xF77C, 0xF77C, 0xF77C, 0xF77C, 0xF77C, 0xF77C, 0xF77C, 0xF77C, 0xF77C, 0xF77C,
  0xFF9D, 0xF79D, 0xEF5C, 0xE71B, 0xE71B, 0xE71B, 0xE71B, 0xEF3C, 0xF79D, 0xF77C, 0xF75C, 0xF77C, 0xF77C, 0xF77C, 0xF77C, 0xF77C,
  0xF77C, 0xF77C, 0xF77C, 0xF77C, 0xF77C, 0xF77C, 0xF77C, 0xF77C, 0xF77C, 0xF77C, 0xF77C, 0xF77C, 0xF77C, 0xF77C, 0xF77C, 0xF77C,
  0xF77C, 0xF77C, 0xF77C, 0xF77C, 0xF77C, 0xF77C, 0xF77C, 0xF77C, 0xF77C, 0xF77C, 0xF77C, 0xF77C, 0xF77C, 0xF77C, 0xF77C, 0xF77C,
  0xF77C, 0xF77C, 0xF77C, 0xF77C, 0xF77C, 0xF77C, 0xF77C, 0xF77C, 0xF77C, 0xF77C, 0xF77C, 0xF77C, 0xF77C, 0xF77C, 0xF77C, 0xF77C,
  0xF77C, 0xF77C, 0xF77C, 0xF77C, 0xF77C, 0xF77C, 0xF77C, 0xF77C, 0xF77C, 0xF77C, 0xF77C, 0xF77C, 0xF75C, 0xFFBD, 0xBDB6, 0x2966,
  0x31C7, 0x52AA, 0x6B6D, 0x5AEB, 0x3A08, 0x20E4, 0x4208, 0xF75C, 0xF77C, 0xF77C, 0xF77C, 0xF77C, 0xF77C, 0xF77C, 0xF77C, 0xF77C,
  0xF77C, 0xF77C, 0xF77C, 0xF77C, 0xF77C, 0xF77C, 0xF77C, 0xF77C, 0xF77C, 0xF77C, 0xF77C, 0xF77C, 0xF77C, 0xF77C, 0xF77C, 0xF77C,
  0xF77C, 0xF77C, 0xF77C, 0xF77C, 0xF77C, 0xF77C, 0xF77C, 0xF77C, 0xF77C, 0xF77C, 0xF77C, 0xF77C, 0xF77C, 0xF77C, 0xF77C, 0xF77C,
  0xF77C, 0xF77C, 0xF77C, 0xF77C, 0xF77C, 0xF77C, 0xF77C, 0xF77C, 0xF77C, 0xF77C, 0xF77C, 0xF77C, 0xF77C, 0xF77C, 0xF77C, 0xF77C,
  0xF77C, 0xF77C, 0xF77C, 0xF77C, 0xF77C, 0xF77C, 0xF77C, 0xF77C, 0xF77C, 0xF77C, 0xF75C, 0xFF9D, 0xC617, 0x5AEB, 0x3A08, 0x10A3,
  0x2945, 0x1904, 0x18A3, 0x4A28, 0x6B6D, 0xEF3B, 0xF77C, 0xF77C, 0xF77C, 0xF77C, 0xF77C, 0xF77C, 0xF77C, 0xF77C, 0xF77C, 0xF77C,
  0xF77C, 0xF77C, 0xF77C, 0xF77C, 0xF77C, 0xF77C, 0xF77C, 0xF77C, 0xF77C, 0xF77C, 0xF77C, 0xF77C, 0xF77C, 0xF77C, 0xF77C, 0xF77C,
  0xF77C, 0xF77C, 0xF77C, 0xF77C, 0xF77C, 0xF77C, 0xF77C, 0xF77C, 0xF77C, 0xF77C, 0xF77C, 0xF77C, 0xF77C, 0xF77C, 0xF77C, 0xF77C,
  0xF77C, 0xF77C, 0xF77C, 0xF77C, 0xF77C, 0xF77C, 0xF77C, 0xF77C, 0xF77C, 0xF77C, 0xF77C, 0xF77C, 0xF77C, 0xF77C, 0xF77C, 0xF77C,
  0xF77C, 0xF77C, 0xF77C, 0xF77C, 0xF77C, 0xF77C, 0xF77C, 0xF77C, 0xF77C, 0xF77C, 0xFF9D, 0xFFFF, 0xB5D7, 0x19C9, 0x0083, 0x0062,
  0x21A8, 0xEF3C, 0xFFFE, 0xF75C, 0xF75C, 0xF77C, 0xF77C, 0xF77C, 0xF77C, 0xF77C, 0xF77C, 0xF77C, 0xF75C, 0xF75C, 0xF77C, 0xF77C,
  0xF77C, 0xF77C, 0xF77C, 0xF77C, 0xF77C, 0xF77C, 0xF77C, 0xF77C, 0xF77C, 0xF77C, 0xF77C, 0xF77C, 0xF75C, 0xF77C, 0xF77C, 0xF77C,
  0xF77C, 0xF77C, 0xF77C, 0xF77C, 0xF77C, 0xF77C, 0xF77C, 0xF77C, 0xF77C, 0xF77C, 0xF77C, 0xF77C, 0xF77C, 0xF77C, 0xF77C, 0xF77C,
  0xF77C, 0xF77C, 0xF77C, 0xF77C, 0xF77C, 0xF77C, 0xF77C, 0xF77C, 0xF77C, 0xF77C, 0xF77C, 0xF77C, 0xF77C, 0xF77C, 0xF77C, 0xF77C,
  0xF77C, 0xF77C, 0xF77C, 0xF77C, 0xF77C, 0xF77C, 0xF77C, 0xF77C, 0xF75C, 0xFF9C, 0xADB7, 0x2AEF, 0x08C4, 0x0883, 0x326B, 0xD6B9,
  0xF75C, 0xF75C, 0xF77C, 0xF77C, 0xF77C, 0xF77C, 0xF77C, 0xF77C, 0xF77C, 0xF77C, 0xF77C, 0xF77C, 0xF77C, 0xF75C, 0xF77C, 0xF77C,
  0xF77C, 0xF77C, 0xF77C, 0xF77C, 0xF77C, 0xF77C, 0xF77C, 0xF77C, 0xF77C, 0xF77C, 0xF77C, 0xF77C, 0xF77C, 0xF77C, 0xF77C, 0xF77C,
  0xF77C, 0xF77C, 0xF77C, 0xF77C, 0xF77C, 0xF77C, 0xF77C, 0xF77C, 0xF77C, 0xF77C, 0xF77C, 0xF77C, 0xF77C, 0xF77C, 0xF77C, 0xF77C,
  0xF77C, 0xF77C, 0xF77C, 0xF77C, 0xF77C, 0xF77C, 0xF77C, 0xF77C, 0xF77C, 0xF77C, 0xF77C, 0xF77C, 0xF77C, 0xF77C, 0xF77C, 0xF77C,
  0xF77C, 0xF77C, 0xF77C, 0xF77C, 0xF77C, 0xF77C, 0xF77C, 0xFFBD, 0xA596, 0x228D, 0x08A3, 0x0062, 0x2A2A, 0xD6BA, 0xFF9D, 0xF77C,
  0xF77C, 0xF77C, 0xF77C, 0xF77C, 0xF77C, 0xF77C, 0xF77C, 0xF77C, 0xF77C, 0xF77C, 0xF77C, 0xF77C, 0xF77C, 0xF77C, 0xF77C, 0xF77C,
  0xF77C, 0xF77C, 0xF77C, 0xF77C, 0xF77C, 0xF77C, 0xF77C, 0xF77C, 0xF77C, 0xF77C, 0xF77C, 0xF77C, 0xF77C, 0xF77C, 0xF77C, 0xF77C,
  0xF77C, 0xF77C, 0xF77C, 0xF77C, 0xF77C, 0xF77C, 0xF77C, 0xF77C, 0xF77C, 0xF77C, 0xF77C, 0xF77C, 0xF77C, 0xF77C, 0xF77C, 0xF77C,
  0xF77C, 0xF77C, 0xF77C, 0xF77C, 0xF77C, 0xF77C, 0xF77C, 0xF77C, 0xF77C, 0xF77C, 0xF77C, 0xF77C, 0xF77C, 0xF77C, 0xF77C, 0xF77C,
  0xF77C, 0xF77C, 0xF77C, 0xF77C, 0xF75C, 0xFF9C, 0xA5B6, 0x2AAD, 0x0883, 0x0882, 0x2A6B, 0xD6BA, 0xFF7C, 0xF75C, 0xF77C, 0xF77C,
  0xF77C, 0xF77C, 0xF77C, 0xF77C, 0xF77C, 0xF77C, 0xF77C, 0xF77C, 0xF77C, 0xF77C, 0xF77C, 0xF77C, 0xF77C, 0xF77C, 0xF77C, 0xF77C,
  0xF77C, 0xF77C, 0xF77C, 0xF77C, 0xF77C, 0xF77C, 0xF77C, 0xF77C, 0xF77C, 0xF77C, 0xF77C, 0xF77C, 0xF77C, 0xF77C, 0xF77C, 0xF77C,
  0xF77C, 0xF77C, 0xF77C, 0xF77C, 0xF77C, 0xF77C, 0xF77C, 0xF75C, 0xF77C, 0xF77C, 0xF77C, 0xF77C, 0xF77C, 0xF77C, 0xF77C, 0xF77C,
  0xF77C, 0xF77C, 0xF77C, 0xF77C, 0xF77C, 0xF77C, 0xF77C, 0xF77C, 0xF77C, 0xF77C, 0xF77C, 0xF77C, 0xF77C, 0xF77C, 0xF77C, 0xF75C,
  0xF75C, 0xF75C, 0xF77C, 0xFFDD, 0xA596, 0x19EA, 0x0882, 0x0041, 0x1146, 0xDEFA, 0xFFFE, 0xF77C, 0xF75C, 0xF77C, 0xF77C, 0xF77C,
  0xF77C, 0xF77C, 0xF77C, 0xF77C, 0xF77C, 0xF77C, 0xF75C, 0xF77C, 0xF77C, 0xF77C, 0xF77C, 0xF77C, 0xF77C, 0xF77C, 0xF77C, 0xF77C,
  0xF77C, 0xF77C, 0xF77C, 0xF77C, 0xF77C, 0xF77C, 0xF77C, 0xF75C, 0xF77C, 0xF77C, 0xF77C, 0xF77C, 0xF77C, 0xF77C, 0xF77C, 0xF77C,
  0xF77C, 0xF77C, 0xF77C, 0xF77C, 0xF77C, 0xF77C, 0xF77C, 0xF77C, 0xF77C, 0xF77C, 0xF77C, 0xF77C, 0xF77C, 0xF77C, 0xF77C, 0xF77C,
  0xF77C, 0xF77C, 0xF77C, 0xF77C, 0xF77C, 0xF77C, 0xF77C, 0xF77C, 0xF77C, 0xF77C, 0xF77C, 0xF77C, 0xF77C, 0xF75C, 0xF75B, 0xF75C,
  0xDEDA, 0xAD54, 0x630C, 0x31C7, 0x39E8, 0x31A6, 0x3186, 0x8C30, 0xAD54, 0xE6FA, 0xF77C, 0xF75C, 0xF77C, 0xF77C, 0xF77C, 0xF77C,
  0xF77C, 0xF77C, 0xF77C, 0xF77C, 0xF75C, 0xF77C, 0xF77C, 0xF77C, 0xF77C, 0xF77C, 0xF77C, 0xF77C, 0xF77C, 0xF77C, 0xF77C, 0xF77C,
  0xF77C, 0xF77C, 0xF77C, 0xF77C, 0xF77C, 0xF77C, 0xF77C, 0xF77C, 0xF77C, 0xF77C, 0xF77C, 0xF75C, 0xF77C, 0xF77C, 0xF77C, 0xF75C,
  0xF77C, 0xF77C, 0xF77C, 0xF77C, 0xF77C, 0xF77C, 0xF77C, 0xF77C, 0xF77C, 0xF77C, 0xF77C, 0xF77C, 0xF77C, 0xF77C, 0xF77C, 0xF77C,
  0xF77C, 0xF77C, 0xF77C, 0xF77C, 0xF77C, 0xF77C, 0xF77C, 0xF77C, 0xF77C, 0xF77C, 0xF77C, 0xF73B, 0xFF9D, 0xB595, 0x39C7, 0x3186,
  0x31C7, 0x5AEB, 0x5AEB, 0x4208, 0x31A6, 0x18C3, 0x0861, 0x528A, 0xF77C, 0xF75B, 0xF75C, 0xF77C, 0xF77C, 0xF77C, 0xF77C, 0xF77C,
  0xF77C, 0xF77C, 0xF77C, 0xF75C, 0xF77C, 0xF77C, 0xF77C, 0xF77C, 0xF77C, 0xF77C, 0xF77C, 0xF77C, 0xF77C, 0xF77C, 0xF77C, 0xF77C,
  0xF77C, 0xF77C, 0xF77C, 0xF77C, 0xF77C, 0xF77C, 0xF77C, 0xF77C, 0xF77C, 0xF77C, 0xF77C, 0xF77C, 0xF77C, 0xF77C, 0xF77C, 0xF77C,
  0xF77C, 0xF77C, 0xF77C, 0xF77C, 0xF77C, 0xF77C, 0xF77C, 0xF77C, 0xF77C, 0xF77C, 0xF77C, 0xF77C, 0xF77C, 0xF77C, 0xF77C, 0xF77C,
  0xF77C, 0xF77C, 0xF77C, 0xF77C, 0xF77C, 0xF77C, 0xF77C, 0xF77C, 0xF77C, 0xF73B, 0xFFBD, 0x738E, 0x2104, 0x2124, 0x2965, 0x4208,
  0x4208, 0x2145, 0x18C3, 0x10A2, 0x10A2, 0x2104, 0xD699, 0xFF7C, 0xF75C, 0xF77C, 0xF77C, 0xF77C, 0xF77C, 0xF75C, 0xF77C, 0xF77C,
  0xF77C, 0xF75C, 0xF77C, 0xF77C, 0xF77C, 0xF77C, 0xF77C, 0xF77C, 0xF77C, 0xF77C, 0xF77C, 0xF77C, 0xF77C, 0xF77C, 0xF77C, 0xF77C,
  0xF77C, 0xF77C, 0xF77C, 0xF77C, 0xF77C, 0xF77C, 0xF77C, 0xF77C, 0xF77C, 0xF77C, 0xF77C, 0xF77C, 0xF77C, 0xF77C, 0xF77C, 0xF77C,
  0xF77C, 0xF77C, 0xF77C, 0xF77C, 0xF77C, 0xF77C, 0xF77C, 0xF77C, 0xF77C, 0xF77C, 0xF77C, 0xF77C, 0xF77C, 0xF77C, 0xF77C, 0xF77C,
  0xF77C, 0xF77C, 0xF77C, 0xF77C, 0xF77C, 0xF77C, 0xF77C, 0xF77C, 0xEF3B, 0x4A69, 0x2965, 0x2125, 0x31A6, 0x4A6A, 0x4A49, 0x3186,
  0x2104, 0x18C3, 0x18C3, 0x18E3, 0xBDB6, 0xFFBD, 0xF75C, 0xF77C, 0xF77C, 0xF77C, 0xF77C, 0xF75C, 0xF75C, 0xF77C, 0xF75C, 0xF77C,
  0xF77C, 0xF77C, 0xF77C, 0xF77C, 0xF77C, 0xF77C, 0xF77C, 0xF77C, 0xF77C, 0xF77C, 0xF77C, 0xF77C, 0xF77C, 0xF77C, 0xF77C, 0xF77C,
  0xF77C, 0xF77C, 0xF77C, 0xF77C, 0xF77C, 0xF77C, 0xF77C, 0xF77C, 0xF77C, 0xF77C, 0xF77C, 0xF77C, 0xF77C, 0xF77C, 0xF77C, 0xF77C,
  0xF77C, 0xF77C, 0xF77C, 0xF77C, 0xF77C, 0xF77C, 0xF77C, 0xF77C, 0xF77C, 0xF77C, 0xF77C, 0xF77C, 0xF77C, 0xF75C, 0xF75C, 0xF75C,
  0xF75C, 0xF75C, 0xF77C, 0xF77C, 0xF77C, 0xFF9D, 0xDEBA, 0x3186, 0x18C3, 0x10A2, 0x18C3, 0x3186, 0x2965, 0x10A3, 0x0861, 0x0021,
  0x0041, 0x0000, 0x9CF3, 0xFFFE, 0xF75C, 0xF77C, 0xF77C, 0xF77C, 0xF77C, 0xF77C, 0xF75C, 0xF77C, 0xF77C, 0xF77C, 0xF77C, 0xF77C,
  0xF75C, 0xF77C, 0xF77C, 0xF77C, 0xF77C, 0xF77C, 0xF77C, 0xF77C, 0xF77C, 0xF77C, 0xF77C, 0xF77C, 0xF77C, 0xF77C, 0xF77C, 0xF77C,
  0xF77C, 0xF77C, 0xF77C, 0xF77C, 0xF77C, 0xF77C, 0xF77C, 0xF77C, 0xF77C, 0xF77C, 0xF77C, 0xF77C, 0xF77C, 0xF77C, 0xF77C, 0xF77C,
  0xF77C, 0xF77C, 0xF77C, 0xF77C, 0xF77C, 0xF77C, 0xF77C, 0xF77C, 0xF75C, 0xF75C, 0xF75C, 0xF77C, 0xF77C, 0xF77D, 0xF79D, 0xF79D,
  0xFFBE, 0xFFBE, 0xFFDE, 0xFFDE, 0xFFBE, 0xD699, 0xBDF7, 0xB595, 0xAD34, 0xA514, 0x9CF3, 0x9CB2, 0x94B2, 0x94B2, 0x9CD3, 0x9CF3,
  0xD69A, 0xF79D, 0xF79D, 0xF79D, 0xF77C, 0xF75C, 0xF75C, 0xF75C, 0xF77C, 0xF77C, 0xF77C, 0xF77C, 0xF77C, 0xF77C, 0xF77C, 0xF77C,
  0xF77C, 0xF77C, 0xF77C, 0xF77C, 0xF77C, 0xF77C, 0xF77C, 0xF77C, 0xF77C, 0xF77C, 0xF77C, 0xF77C, 0xF77C, 0xF77C, 0xF77C, 0xF77C,
  0xF77C, 0xF77C, 0xF77C, 0xF77C, 0xF77C, 0xF77C, 0xF77C, 0xF77C, 0xF77C, 0xF77C, 0xF77C, 0xF77C, 0xF77C, 0xF77C, 0xF77C, 0xF77C,
  0xF77C, 0xF77C, 0xFF7C, 0xFF9C, 0xFF9D, 0xFFBD, 0xFFDE, 0xFFFF, 0xFFFF, 0xFFFF, 0xFFFF, 0xFFFF, 0xFFFF, 0xFFFF, 0xFFFF, 0xFFDE,
  0xFFDE, 0xFFBE, 0xFFDE, 0xFFFF, 0xFFFF, 0xFFDE, 0xFFDE, 0xFFFE, 0xFFBE, 0xFFBD, 0xFFBE, 0xFFDE, 0xFFBE, 0xFFDE, 0xFFFF, 0xF7BE,
  0xF79D, 0xF79D, 0xFFDE, 0xFFBE, 0xFFBD, 0xF79D, 0xF77C, 0xF77C, 0xF77C, 0xF77C, 0xF77C, 0xF77C, 0xF77C, 0xF77C, 0xF77C, 0xF77C,
  0xF77C, 0xF77C, 0xF77C, 0xF77C, 0xF77C, 0xF77C, 0xF77C, 0xF77C, 0xF77C, 0xF77C, 0xF77C, 0xF77C, 0xF77C, 0xF77C, 0xF77C, 0xF77C,
  0xF77C, 0xF77C, 0xF77C, 0xF77C, 0xF77C, 0xF77C, 0xF77C, 0xF77C, 0xF77C, 0xF77C, 0xF77C, 0xF77C, 0xF75C, 0xF77C, 0xFF9D, 0xF77C,
  0xEF3C, 0xE6FB, 0xDEDB, 0xD69A, 0xD69A, 0xD69A, 0xD69A, 0xCE79, 0xCE79, 0xC638, 0xD69A, 0xD69A, 0xE6FB, 0xEF3C, 0xF77D, 0xFFFF,
  0xFFFF, 0xFFFF, 0xFFBE, 0xFF9D, 0xF77D, 0xF77C, 0xEF3B, 0xEF3B, 0xEF3C, 0xF77D, 0xF77D, 0xFFBE, 0xFFFF, 0xFFFF, 0xFFDE, 0xF79D,
  0xEF5D, 0xFFBE, 0xFFBE, 0xFFBE, 0xFFBD, 0xF79D, 0xF77C, 0xF77C, 0xF77C, 0xF77C, 0xF77C, 0xF77C, 0xF77C, 0xF77C, 0xF77C, 0xF77C,
  0xF77C, 0xF77C, 0xF77C, 0xF77C, 0xF77C, 0xF77C, 0xF77C, 0xF77C, 0xF77C, 0xF77C, 0xF77C, 0xF77C, 0xF77C, 0xF77C, 0xF77C, 0xF77C,
  0xF77C, 0xF77C, 0xF77C, 0xF77C, 0xF77C, 0xF77C, 0xF77C, 0xF77C, 0xF77C, 0xF79D, 0xFF9D, 0xF77D, 0xEF5C, 0xD69A, 0xC618, 0xBDD7,
  0xB596, 0xAD35, 0xA4F4, 0xA4F3, 0x9CF3, 0x9CD3, 0x9CB2, 0x8C71, 0x8430, 0x7BEF, 0x7BEF, 0x7BCF, 0x8410, 0x9492, 0xAD75, 0xE73C,
  0xFFDF, 0xFFBD, 0xF77D, 0xF77C, 0xF77C, 0xF77D, 0xFF9D, 0xFFBE, 0xFFDE, 0xFFDE, 0xFFDE, 0xFFBE, 0xFFBD, 0xFFBD, 0xF79D, 0xEF3C,
  0xF77D, 0xF75C, 0xF75C, 0xF75C, 0xF77C, 0xF77C, 0xF77C, 0xF77C, 0xF77C, 0xF77C, 0xF77C, 0xF77C, 0xF77C, 0xF75C, 0xF77C, 0xF77C,
  0xF77C, 0xF77C, 0xF77C, 0xF77C, 0xF77C, 0xF77C, 0xF77C, 0xF77C, 0xF77C, 0xF77C, 0xF77C, 0xF77C, 0xF77C, 0xF77C, 0xF77C, 0xF77C,
  0xF77C, 0xF77C, 0xF77C, 0xF77C, 0xF77C, 0xFF9D, 0xF79D, 0xEF5C, 0xDEDA, 0xCE38, 0xBDF7, 0xBDB7, 0xB596, 0xAD55, 0xA514, 0x9CD3,
  0x9CB2, 0x9492, 0x9492, 0x9492, 0x9492, 0x8C71, 0x8C31, 0x8410, 0x7BCF, 0x73AE, 0x73AE, 0x738E, 0x5ACB, 0x5ACB, 0xF77D, 0xFFBE,
  0xFF9D, 0xFFBD, 0xFFBD, 0xFFBD, 0xFFBD, 0xFFBD, 0xFFBD, 0xFF9D, 0xFF9D, 0xF77D, 0xF77C, 0xF75C, 0xF77C, 0xEF5C, 0xE71B, 0xF75C,
  0xEF3B, 0xEF3B, 0xEF3B, 0xEF3B, 0xF77C, 0xF77C, 0xF77C, 0xF77C, 0xF77C, 0xF77C, 0xF77C, 0xF77C, 0xF77C, 0xF77C, 0xF77C, 0xF77C,
  0xF77C, 0xF77C, 0xF77C, 0xF77C, 0xF77C, 0xF77C, 0xF77C, 0xF77C, 0xF77C, 0xF77C, 0xF77C, 0xF77C, 0xF77C, 0xF77C, 0xF77C, 0xF77C,
  0xF77C, 0xFF9D, 0xF79D, 0xE73C, 0xD699, 0xBDD7, 0xAD55, 0xA534, 0xA534, 0xA514, 0x9CF3, 0x9CB2, 0x9492, 0x9471, 0x8C51, 0x8430,
  0x8410, 0x840F, 0x8410, 0x7BCF, 0x7BCF, 0x73AE, 0x738E, 0x738E, 0x632C, 0x5ACB, 0x7BCF, 0xCE38, 0xFFDF, 0xFFDF, 0xFFDE, 0xFFBE,
  0xFFBD, 0xFF9D, 0xFF9D, 0xF79D, 0xF77D, 0xF77C, 0xF75C, 0xF73C, 0xEF3C, 0xEF3B, 0xEF1B, 0xEF3C, 0xE6DA, 0xE71B, 0xE71B, 0xE71B,
  0xEF1B, 0xE6FB, 0xEF1B, 0xF77C, 0xF77C, 0xF77C, 0xF77C, 0xF77C, 0xF77C, 0xF77C, 0xF77C, 0xF77C, 0xF77C, 0xF77C, 0xF77C, 0xF77C,
  0xF77C, 0xF77C, 0xF77C, 0xF77C, 0xF77C, 0xF77C, 0xF77C, 0xF77C, 0xF77C, 0xF77C, 0xF77C, 0xF77C, 0xF77C, 0xFF9D, 0xF79D, 0xE71C,
  0xCE79, 0xBDB6, 0xAD55, 0xA4F3, 0x9CD3, 0x9CB2, 0x94B2, 0x9492, 0x9471, 0x8C51, 0x8C51, 0x8410, 0x83EF, 0x7BCF, 0x7BAF, 0x738E,
  0x738E, 0x738E, 0x73AE, 0x7BCF, 0x738E, 0x630C, 0x7BEF, 0xC618, 0xFFDE, 0xFFFF, 0xFFDE, 0xFFBE, 0xF79D, 0xF77C, 0xF77D, 0xF77C,
  0xF75C, 0xF75C, 0xEF3B, 0xEF1B, 0xEF1B, 0xE6FB, 0xE6FB, 0xE6FB, 0xE6FB, 0xE6FB, 0xE6DA, 0xDEBA, 0xE6DA, 0xE6DA, 0xE6DA, 0xE6DA,
  0xDEDA, 0xEF1B, 0xF77C, 0xF77C, 0xF77C, 0xF77C, 0xF77C, 0xF77C, 0xF75C, 0xF77C, 0xF77C, 0xF77C, 0xF77C, 0xF77C, 0xF77C, 0xF77C,
  0xF77C, 0xF77C, 0xF77C, 0xF77C, 0xF77C, 0xF77C, 0xF77C, 0xF77C, 0xF77C, 0xF77C, 0xFF9D, 0xE71C, 0xCE79, 0xB5B6, 0xA514, 0x9CF3,
  0x9CD3, 0x94B2, 0x9472, 0x8C51, 0x8C31, 0x8430, 0x8410, 0x8410, 0x7BEF, 0x7BCF, 0x7BAF, 0x73AE, 0x738E, 0x736E, 0x738E, 0x738E,
  0x7BEF, 0x6B6D, 0x7BCF, 0xC638, 0xFFDE, 0xFFDE, 0xFF9D, 0xFF9D, 0xFFBD, 0xF75C, 0xEF3B, 0xEF3B, 0xEF3B, 0xEF3B, 0xEF1B, 0xE71B,
  0xE6FB, 0xE6FB, 0xE6DA, 0xDEBA, 0xDEB9, 0xD699, 0xD679, 0xD699, 0xD658, 0xD658, 0xE6DA, 0xDEBA, 0xDEBA, 0xDEBA, 0xDEBA, 0xDEBA,
  0xF75C, 0xF77C, 0xF77C, 0xF77C, 0xF77C, 0xF77C, 0xF77C, 0xF77C, 0xF77C, 0xF77C, 0xF77C, 0xF77C, 0xF77C, 0xF77C, 0xF77C, 0xF77C,
  0xF77C, 0xF77C, 0xF77C, 0xF77C, 0xF77C, 0xF77C, 0xFF9D, 0xF79D, 0xD69A, 0xBDF7, 0xA534, 0x8C71, 0x9492, 0x9492, 0x8C71, 0x8430,
  0x8430, 0x83EF, 0x7BCF, 0x7BCF, 0x7BAE, 0x73AE, 0x73AE, 0x73AE, 0x738E, 0x73AE, 0x73AE, 0x7BAE, 0x73AE, 0x73AE, 0x5ACB, 0x9492,
  0xF7BE, 0xFFFF, 0xFFBD, 0xFF9D, 0xFF9D, 0xF77D, 0xF77C, 0xEF3B, 0xE6FA, 0xE6FA, 0xE6FA, 0xE6FA, 0xE6FA, 0xDEBA, 0xD699, 0xD679,
  0xCE58, 0xD679, 0xCE38, 0xD679, 0xD679, 0xD679, 0xCE38, 0xC5F7, 0xCE58, 0xDEBA, 0xDE99, 0xD699, 0xDE99, 0xD679, 0xDEDA, 0xF77C,
  0xF77C, 0xF77C, 0xF77C, 0xF77C, 0xF77C, 0xF77C, 0xF77C, 0xF77C, 0xF77C, 0xF77C, 0xF77C, 0xF77C, 0xF77C, 0xF77C, 0xF77C, 0xF77C,
  0xF77C, 0xF77C, 0xF77C, 0xFF9D, 0xEF5C, 0xC638, 0xB5B6, 0xA4F3, 0x8C31, 0x8430, 0x8430, 0x8410, 0x83EF, 0x7BCF, 0x7BCF, 0x73AE,
  0x738E, 0x738E, 0x736E, 0x6B6D, 0x6B6D, 0x738E, 0x7BCF, 0x8410, 0x8430, 0x7BEF, 0x738E, 0x4229, 0xA4F3, 0xFFFF, 0xFFBE, 0xFFBE,
  0xFFBE, 0xFF9D, 0xF75C, 0xEF3B, 0xE6FA, 0xE6DA, 0xDEDA, 0xDEBA, 0xDE99, 0xD679, 0xD659, 0xD699, 0xD699, 0xD699, 0xD679, 0xD679,
  0xD658, 0xD658, 0xCE38, 0xCE38, 0xCE38, 0xD658, 0xC617, 0xCE17, 0xD679, 0xD678, 0xD678, 0xCE38, 0xD678, 0xF77C, 0xF77C, 0xF77C,
  0xF77C, 0xF77C, 0xF77C, 0xF77C, 0xF77C, 0xF77C, 0xF75C, 0xF77C, 0xF77C, 0xF77C, 0xF77C, 0xF77C, 0xF77C, 0xF77C, 0xF77C, 0xF77C,
  0xFF9D, 0xEF5C, 0xC618, 0xB575, 0x9CD3, 0x8410, 0x8410, 0x7BEF, 0x7BCF, 0x738E, 0x736E, 0x736D, 0x6B6D, 0x6B6D, 0x6B4D, 0x6B4D,
  0x6B2D, 0x6B2C, 0x6B6D, 0x7BCF, 0x8C30, 0x8C71, 0x8430, 0x738E, 0x4208, 0xA513, 0xFFFF, 0xF77C, 0xFF9D, 0xFF9D, 0xF77D, 0xEF3C,
  0xE6FB, 0xDEDA, 0xE6DA, 0xDEB9, 0xCE58, 0xD658, 0xD679, 0xDEBA, 0xD699, 0xD699, 0xD658, 0xCE38, 0xCE38, 0xCE38, 0xCE37, 0xCE37,
  0xCE17, 0xCE37, 0xCE38, 0xCE17, 0xD658, 0xC5F7, 0xCE37, 0xCE58, 0xCE38, 0xCE38, 0xCE38, 0xF75C, 0xF77C, 0xF77C, 0xF77C, 0xF77C,
  0xF75C, 0xF75C, 0xF77C, 0xF75C, 0xF77C, 0xF77C, 0xF77C, 0xF77C, 0xF77C, 0xF77C, 0xF77C, 0xF77C, 0xF77C, 0xF77C, 0xEF5C, 0xC5F8,
  0xB596, 0x9CB2, 0x7BCF, 0x73AE, 0x73AE, 0x738E, 0x6B6D, 0x6B2C, 0x632C, 0x632C, 0x632C, 0x632C, 0x630C, 0x630C, 0x630C, 0x6B2C,
  0x73AE, 0x8430, 0x8C71, 0x8410, 0x6B6D, 0x39E7, 0x8C50, 0xFFFF, 0xF77D, 0xFF9D, 0xFF9D, 0xF75C, 0xEF1B, 0xE6FA, 0xE6DA, 0xDEDA,
  0xD658, 0xC617, 0xD679, 0xDEBA, 0xD679, 0xCE58, 0xCE38, 0xCE58, 0xCE58, 0xCE58, 0xCE38, 0xCE37, 0xCE38, 0xCE38, 0xCE17, 0xCE37,
  0xCE17, 0xCE38, 0xCE38, 0xCE17, 0xBDD6, 0xCE38, 0xCE17, 0xCE38, 0xCE38, 0xEF3B, 0xFF7C, 0xF77C, 0xF77C, 0xF77C, 0xF77C, 0xF77C,
  0xF77C, 0xF77C, 0xF77C, 0xF77C, 0xF77C, 0xF77C, 0xF77C, 0xF77C, 0xF77C, 0xF77C, 0xF77C, 0xF77D, 0xC618, 0xBDD7, 0xA514, 0x8410,
  0x738E, 0x736D, 0x6B4D, 0x632C, 0x630C, 0x630C, 0x630C, 0x62EB, 0x5AEB, 0x5AEB, 0x5ACB, 0x5AEB, 0x630C, 0x738E, 0x8410, 0x8C71,
  0x8430, 0x6B6D, 0x4A69, 0x4A49, 0xF79E, 0xFFBE, 0xFF9D, 0xFF9D, 0xF75C, 0xE6FB, 0xDEDA, 0xE6FA, 0xDE99, 0xCE38, 0xD679, 0xDE99,
  0xD679, 0xCE38, 0xCE38, 0xD658, 0xD658, 0xD658, 0xCE58, 0xCE38, 0xCE37, 0xCE17, 0xCE37, 0xCE38, 0xCE37, 0xCE17, 0xCE17, 0xCE38,
  0xCE37, 0xCE38, 0xC5F7, 0xCE37, 0xCE17, 0xCE38, 0xCE17, 0xEF3B, 0xF77C, 0xF77C, 0xF77C, 0xF77C, 0xF77C, 0xF77C, 0xF77C, 0xF77C,
  0xF77C, 0xF77C, 0xF77C, 0xF77C, 0xF77C, 0xF77C, 0xF77C, 0xF77C, 0xFFBE, 0xDEBA, 0xA514, 0x9CD3, 0x7BEF, 0x6B4D, 0x632C, 0x630C,
  0x630C, 0x630C, 0x630C, 0x630C, 0x630C, 0x630C, 0x630C, 0x630C, 0x62EB, 0x632C, 0x738E, 0x8410, 0x9471, 0x8430, 0x6B6D, 0x5ACB,
  0x2965, 0xB5B6, 0xFFFF, 0xF79D, 0xFF9D, 0xF75C, 0xE6DA, 0xDEB9, 0xDEBA, 0xD679, 0xCE38, 0xDEBA, 0xD678, 0xCE38, 0xCE38, 0xCE58,
  0xCE38, 0xCE58, 0xD658, 0xCE58, 0xCE38, 0xCE38, 0xCE38, 0xCE38, 0xCE38, 0xCE38, 0xCE37, 0xCE37, 0xCE38, 0xCE38, 0xCE17, 0xCE38,
  0xC5F7, 0xCE17, 0xCE17, 0xCE17, 0xCE17, 0xEF3B, 0xF77C, 0xF77C, 0xF77C, 0xF77C, 0xF77C, 0xF77C, 0xF77C, 0xF77C, 0xF77C, 0xF77C,
  0xF77C, 0xF77C, 0xF77C, 0xF77C, 0xF77C, 0xFF9D, 0xE71B, 0x528A, 0x5AEC, 0x62EB, 0x4208, 0x3186, 0x2945, 0x2124, 0x2124, 0x2124,
  0x2124, 0x2124, 0x2124, 0x2945, 0x2965, 0x2986, 0x39C7, 0x4A49, 0x5ACB, 0x6B4D, 0x7BEF, 0x73AE, 0x630C, 0x4208, 0x5ACB, 0xFFFF,
  0xFFBE, 0xFF9D, 0xF77C, 0xE6DA, 0xD699, 0xDEBA, 0xCE58, 0xCE59, 0xD69A, 0xCE38, 0xCE38, 0xCE58, 0xCE38, 0xCE58, 0xCE38, 0xCE58,
  0xD658, 0xCE58, 0xCE38, 0xCE38, 0xCE38, 0xCE38, 0xCE38, 0xCE17, 0xCE38, 0xCE37, 0xCE17, 0xCE17, 0xCE17, 0xCE38, 0xBDD6, 0xC617,
  0xC617, 0xCE17, 0xC617, 0xEF3B, 0xF77C, 0xF77C, 0xF77C, 0xF77C, 0xF77C, 0xF77C, 0xF77C, 0xF77C, 0xF77C, 0xF77C, 0xF77C, 0xF77C,
  0xF77C, 0xF77C, 0xF75C, 0xFFDE, 0xA513, 0x4228, 0x9492, 0x632C, 0x4A49, 0x39C7, 0x3186, 0x2965, 0x2965, 0x2945, 0x2124, 0x2104,
  0x2104, 0x18E3, 0x18E3, 0x18E3, 0x2104, 0x3185, 0x41E7, 0x5289, 0x4228, 0x2945, 0x2945, 0x2104, 0x9492, 0xEF7D, 0xF79E, 0xFFDE,
  0xEF3B, 0xD699, 0xD699, 0xCE58, 0xCE38, 0xD699, 0xCE38, 0xCE58, 0xCE38, 0xCE38, 0xCE38, 0xCE38, 0xCE58, 0xCE38, 0xD658, 0xCE38,
  0xCE38, 0xCE38, 0xCE38, 0xCE38, 0xCE38, 0xCE38, 0xCE17, 0xCE17, 0xCE38, 0xCE17, 0xCE17, 0xCE37, 0xC5D6, 0xC617, 0xC5F7, 0xC617,
  0xC617, 0xEF3B, 0xF77C, 0xF77C, 0xF77C, 0xF77C, 0xF77C, 0xF77C, 0xF77C, 0xF77C, 0xF77C, 0xF77C, 0xF77C, 0xF77C, 0xF77C, 0xF77C,
  0xF75C, 0xFFDE, 0x6B6D, 0x5AEB, 0x7BEF, 0x4A49, 0x39C7, 0x3186, 0x2965, 0x2945, 0x2945, 0x2124, 0x2104, 0x2104, 0x2104, 0x2104,
  0x2104, 0x2124, 0x3186, 0x4208, 0x5ACB, 0x6B4D, 0x4228, 0x18E3, 0x0020, 0x10A2, 0xCE38, 0xD679, 0xCE38, 0xD679, 0xDEDA, 0xD699,
  0xD679, 0xCE38, 0xD699, 0xCE38, 0xCE58, 0xCE58, 0xCE38, 0xCE38, 0xCE38, 0xCE38, 0xCE38, 0xCE38, 0xCE58, 0xCE38, 0xCE38, 0xCE38,
  0xCE37, 0xCE17, 0xCE17, 0xCE38, 0xCE17, 0xCE17, 0xCE17, 0xCE17, 0xCE17, 0xCE17, 0xC5D6, 0xC5F7, 0xC617, 0xC617, 0xC617, 0xEF3B,
  0xF77C, 0xF77C, 0xF77C, 0xF77C, 0xF77C, 0xF77C, 0xF77C, 0xF77C, 0xF77C, 0xF77C, 0xF77C, 0xF77C, 0xF77C, 0xF77C, 0xFF9D, 0xE71B,
  0x4228, 0x738E, 0x632C, 0x4207, 0x31A6, 0x2965, 0x2945, 0x2945, 0x2124, 0x2124, 0x2104, 0x2104, 0x18E3, 0x18E3, 0x20E3, 0x2124,
  0x31A6, 0x4A28, 0x630C, 0x630C, 0x3186, 0x10A2, 0x0000, 0x4A28, 0xFFBE, 0xEF3C, 0xEF3C, 0xDEB9, 0xC5F7, 0xD658, 0xCE58, 0xCE58,
  0xCE58, 0xCE58, 0xCE38, 0xCE58, 0xCE58, 0xCE38, 0xCE38, 0xCE38, 0xCE58, 0xCE38, 0xCE38, 0xCE38, 0xCE38, 0xCE38, 0xCE37, 0xCE17,
  0xCE17, 0xCE17, 0xCE17, 0xCE17, 0xCE17, 0xCE17, 0xCE17, 0xCE17, 0xBDD6, 0xC617, 0xC617, 0xC617, 0xC5F7, 0xEF3B, 0xFF7C, 0xF77C,
  0xF77C, 0xF77C, 0xF77C, 0xF77C, 0xF77C, 0xF77C, 0xF77C, 0xF77C, 0xF77C, 0xF77C, 0xF77C, 0xF77C, 0xFFBD, 0xC617, 0x31A7, 0x738E,
  0x4A6A, 0x39C7, 0x3186, 0x2965, 0x2945, 0x2124, 0x2124, 0x2104, 0x2104, 0x18E3, 0x18E3, 0x18E3, 0x18E3, 0x2124, 0x31A6, 0x4A49,
  0x632C, 0x528A, 0x2945, 0x10A2, 0x0000, 0x8410, 0xF79D, 0xE6DA, 0xEF1B, 0xE71B, 0xDE9A, 0xC5F7, 0xBDD7, 0xD679, 0xCE38, 0xCE58,
  0xCE38, 0xCE58, 0xCE38, 0xCE38, 0xCE38, 0xCE38, 0xCE38, 0xCE38, 0xCE38, 0xCE38, 0xCE38, 0xCE17, 0xCE17, 0xCE17, 0xCE17, 0xCE17,
  0xCE17, 0xCE17, 0xCE17, 0xCE17, 0xCE17, 0xCE17, 0xC5D6, 0xC617, 0xCE17, 0xCE17, 0xC5F7, 0xEF3B, 0xFF7C, 0xF77C, 0xF77C, 0xF77C,
  0xF77C, 0xF77C, 0xF77C, 0xF77C, 0xF77C, 0xF77C, 0xF77C, 0xF77C, 0xF77C, 0xF75C, 0xFFFE, 0x9491, 0x31A6, 0x6B6D, 0x4208, 0x3186,
  0x2945, 0x2945, 0x2124, 0x2104, 0x2104, 0x2104, 0x20E4, 0x18E3, 0x18E3, 0x18E3, 0x18E3, 0x2124, 0x31A6, 0x4A69, 0x5AEB, 0x39E7,
  0x18E4, 0x1082, 0x0021, 0xC5F7, 0xF77C, 0xE6FB, 0xEF1B, 0xE6DA, 0xD699, 0xD679, 0xC618, 0xD658, 0xCE38, 0xCE38, 0xCE58, 0xCE38,
  0xCE38, 0xCE38, 0xCE38, 0xCE38, 0xCE38, 0xCE38, 0xCE38, 0xCE38, 0xCE38, 0xCE17, 0xCE17, 0xCE17, 0xCE17, 0xCE17, 0xCE17, 0xCE17,
  0xCE17, 0xCE17, 0xCE17, 0xCE17, 0xC5F7, 0xC617, 0xC617, 0xC617, 0xC5F7, 0xEF3B, 0xF77C, 0xF77C, 0xF77C, 0xF77C, 0xF77C, 0xF77C,
  0xF77C, 0xF77C, 0xF77C, 0xF77C, 0xF77C, 0xF77C, 0xF77C, 0xF75C, 0xFFDD, 0x6B6D, 0x39E8, 0x630C, 0x39C7, 0x2986, 0x2945, 0x2125,
  0x2104, 0x2104, 0x2104, 0x18E3, 0x18E3, 0x18E3, 0x18E3, 0x18E3, 0x18E3, 0x2124, 0x31A6, 0x4A69, 0x528A, 0x2965, 0x10A2, 0x0841,
  0x2104, 0xDEDB, 0xEF5C, 0xEF1B, 0xEF1B, 0xDEBA, 0xD679, 0xCE58, 0xCE58, 0xCE58, 0xCE38, 0xCE38, 0xCE38, 0xCE38, 0xCE37, 0xCE37,
  0xCE17, 0xCE38, 0xCE38, 0xCE38, 0xCE38, 0xCE38, 0xCE38, 0xCE17, 0xCE38, 0xCE17, 0xCE17, 0xCE17, 0xCE17, 0xCE17, 0xCE17, 0xCE17,
  0xCE17, 0xCE17, 0xC5F7, 0xC617, 0xC617, 0xCE17, 0xC5F7, 0xEF1B, 0xFF9C, 0xF77C, 0xF77C, 0xF77C, 0xF77C, 0xF77C, 0xF77C, 0xF77C,
  0xF77C, 0xF77C, 0xF77C, 0xF77C, 0xF77C, 0xF77C, 0xF77C, 0x4A49, 0x4A69, 0x5AEB, 0x39C7, 0x3186, 0x2945, 0x2124, 0x2104, 0x2104,
  0x18E3, 0x18E3, 0x18E3, 0x18C3, 0x18C3, 0x18C3, 0x18C3, 0x2104, 0x31A6, 0x4A49, 0x4208, 0x18E3, 0x0882, 0x0000, 0x4208, 0xF79D,
  0xE71B, 0xEF1B, 0xEF1B, 0xDE99, 0xD679, 0xCE38, 0xCE58, 0xCE38, 0xCE38, 0xCE38, 0xCE38, 0xCE38, 0xCE17, 0xCE17, 0xCE17, 0xCE17,
  0xCE17, 0xCE17, 0xCE17, 0xCE17, 0xCE37, 0xCE17, 0xCE17, 0xCE17, 0xCE17, 0xC617, 0xCE17, 0xCE17, 0xCE17, 0xCE17, 0xC617, 0xCE17,
  0xC5F7, 0xC5F7, 0xC617, 0xC617, 0xC5F7, 0xEF1B, 0xF77C, 0xF77C, 0xF77C, 0xF77C, 0xF77C, 0xF77C, 0xF77C, 0xF77C, 0xF77C, 0xF77C,
  0xF77C, 0xF77C, 0xF77C, 0xFF9D, 0xE6FB, 0x39C7, 0x5ACB, 0x5ACB, 0x39C7, 0x3186, 0x2945, 0x2124, 0x2104, 0x20E3, 0x18E3, 0x18E3,
  0x18C3, 0x18C3, 0x18C2, 0x18C3, 0x18C3, 0x2124, 0x39C6, 0x4A69, 0x31A6, 0x10A2, 0x0861, 0x0000, 0x630C, 0xFF9D, 0xE71B, 0xE71B,
  0xE71B, 0xD679, 0xD679, 0xC617, 0xCE38, 0xCE38, 0xCE38, 0xCE38, 0xCE37, 0xCE17, 0xCE17, 0xCE17, 0xCE17, 0xCE17, 0xCE17, 0xCE17,
  0xCE17, 0xCE17, 0xCE37, 0xCE17, 0xCE17, 0xCE17, 0xCE17, 0xC617, 0xCE17, 0xCE17, 0xCE17, 0xCE17, 0xCE17, 0xC617, 0xBDD6, 0xC5F7,
  0xC5F7, 0xC5F7, 0xC5F7, 0xEF1B, 0xF77C, 0xF77C, 0xF77C, 0xF77C, 0xF77C, 0xF77C, 0xF77C, 0xF77C, 0xF77C, 0xF77C, 0xF77C, 0xF77C,
  0xF77C, 0xFFDE, 0xCE79, 0x3166, 0x630C, 0x528A, 0x39C7, 0x2965, 0x2124, 0x2124, 0x2104, 0x18E3, 0x18E3, 0x18C3, 0x18C3, 0x10A2,
  0x10A2, 0x10A2, 0x18C3, 0x2945, 0x39E7, 0x4A49, 0x2965, 0x1082, 0x0861, 0x0000, 0x8430, 0xFF9D, 0xE6FB, 0xE71B, 0xE6FB, 0xD679,
  0xD678, 0xC617, 0xCE38, 0xCE17, 0xCE37, 0xCE37, 0xCE38, 0xCE38, 0xCE17, 0xCE17, 0xCE17, 0xCE17, 0xCE17, 0xCE17, 0xCE17, 0xCE17,
  0xCE17, 0xCE17, 0xC617, 0xC617, 0xCE17, 0xC617, 0xCE17, 0xCE17, 0xCE17, 0xC617, 0xC5F7, 0xC617, 0xBDD6, 0xC5F7, 0xC5F7, 0xC5F7,
  0xC5F7, 0xEF1B, 0xFF9C, 0xF77C, 0xF77C, 0xF77C, 0xF77C, 0xF77C, 0xF77C, 0xF77C, 0xF77C, 0xF77C, 0xF77C, 0xF79D, 0xF77D, 0xFFFF,
  0xBDB6, 0x2945, 0x632C, 0x4A49, 0x31A6, 0x2945, 0x2124, 0x2104, 0x18E3, 0x18E3, 0x18C3, 0x18C3, 0x18A2, 0x10A2, 0x10A2, 0x10A2,
  0x18E3, 0x2945, 0x41E7, 0x4A48, 0x2124, 0x1082, 0x0861, 0x0000, 0x9CD2, 0xF77D, 0xE6FB, 0xE6FB, 0xE6DA, 0xD678, 0xD658, 0xC617,
  0xCE38, 0xCE17, 0xCE37, 0xCE17, 0xCE17, 0xCE38, 0xCE37, 0xCE17, 0xCE37, 0xCE17, 0xCE17, 0xCE17, 0xCE17, 0xCE17, 0xCE17, 0xC617,
  0xC617, 0xC617, 0xC617, 0xC617, 0xCE17, 0xC617, 0xC617, 0xC617, 0xC5F7, 0xCE17, 0xBDD6, 0xC5F7, 0xC617, 0xC5F7, 0xC5F7, 0xEF1B,
  0xFF7C, 0xF77C, 0xF77C, 0xF77C, 0xF77C, 0xF77C, 0xF77C, 0xF77C, 0xF77C, 0xF77C, 0xF77C, 0xF79D, 0xF77D, 0xFFFF, 0xAD55, 0x2104,
  0x632C, 0x4A49, 0x31A6, 0x2945, 0x2104, 0x1904, 0x18E3, 0x18C3, 0x18C3, 0x10C2, 0x10A2, 0x10A2, 0x10A2, 0x10A2, 0x18E3, 0x2945,
  0x39E7, 0x4207, 0x2104, 0x1082, 0x0861, 0x0841, 0xBDB6, 0xEF3C, 0xE6FA, 0xE6FB, 0xDEDA, 0xD658, 0xCE58, 0xC5F7, 0xCE37, 0xC617,
  0xCE17, 0xCE17, 0xCE17, 0xCE37, 0xCE38, 0xCE17, 0xCE17, 0xCE17, 0xCE17, 0xCE17, 0xCE17, 0xC617, 0xC617, 0xCE17, 0xC5F7, 0xC5F7,
  0xC617, 0xC617, 0xC5F7, 0xC617, 0xCE17, 0xC617, 0xC617, 0xCE17, 0xBDD6, 0xC5F7, 0xC617, 0xC5F7, 0xC5F7, 0xEF1B, 0xFF7C, 0xF77C,
  0xF77C, 0xF77C, 0xF77C, 0xF77C, 0xF77C, 0xF77C, 0xF77C, 0xF77C, 0xF77C, 0xF77C, 0xF77C, 0xFFFF, 0x8C51, 0x0861, 0x31A7, 0x2965,
  0x2104, 0x18E3, 0x18E3, 0x18C3, 0x18C3, 0x18C3, 0x18C3, 0x18C3, 0x18C3, 0x18C3, 0x18C3, 0x18C3, 0x2104, 0x2965, 0x4208, 0x39C7,
  0x18E3, 0x1082, 0x0861, 0x1082, 0xCE38, 0xE6FB, 0xE6DA, 0xE6DA, 0xDEB9, 0xD658, 0xCE38, 0xC5F7, 0xCE38, 0xC617, 0xC617, 0xC617,
  0xCE17, 0xCE17, 0xCE17, 0xCE17, 0xC617, 0xC617, 0xCE17, 0xC617, 0xCE17, 0xC617, 0xC5F7, 0xC617, 0xC5F7, 0xC5F7, 0xC5F7, 0xC617,
  0xC5F7, 0xC617, 0xCE17, 0xC617, 0xC617, 0xC617, 0xBDD6, 0xC5F7, 0xC617, 0xC5F7, 0xC5F7, 0xEF3B, 0xF77C, 0xF77C, 0xF77C, 0xF77C,
  0xF77C, 0xF77C, 0xF77C, 0xF77C, 0xF77C, 0xF77C, 0xF77C, 0xF77C, 0xF75C, 0xFFFE, 0x73AE, 0x1083, 0x39E8, 0x2125, 0x10A2, 0x0861,
  0x0841, 0x0841, 0x0841, 0x0841, 0x0841, 0x0861, 0x0861, 0x0861, 0x1061, 0x0882, 0x1082, 0x18C3, 0x2124, 0x18E3, 0x1082, 0x1082,
  0x0841, 0x2104, 0xD699, 0xDEDA, 0xDEB9, 0xDEB9, 0xD679, 0xCE38, 0xCE38, 0xC617, 0xCE38, 0xCE17, 0xCE17, 0xC617, 0xC617, 0xCE17,
  0xC617, 0xC617, 0xC617, 0xC5F7, 0xC617, 0xC617, 0xC617, 0xC617, 0xC617, 0xC5F7, 0xC5F7, 0xC5F7, 0xC5F7, 0xC5F7, 0xC617, 0xC5F7,
  0xC617, 0xC5F7, 0xC5F7, 0xC617, 0xBDD7, 0xC5F7, 0xC5F7, 0xC5F7, 0xC5F7, 0xEF1B, 0xFF7C, 0xF77C, 0xF77C, 0xF77C, 0xF77C, 0xF77C,
  0xF77C, 0xF77C, 0xF77C, 0xF77C, 0xF77C, 0xF77C, 0xF75B, 0xFFDD, 0x5B0C, 0x10E4, 0x220A, 0x1988, 0x1904, 0x10A2, 0x1082, 0x0861,
  0x0841, 0x0841, 0x0841, 0x0841, 0x0841, 0x0841, 0x0841, 0x0861, 0x0882, 0x10A3, 0x10E4, 0x10C3, 0x0882, 0x0861, 0x0020, 0x3166,
  0xDEBA, 0xD699, 0xDE99, 0xDE99, 0xD678, 0xCE38, 0xCE17, 0xC5F7, 0xCE37, 0xCE17, 0xCE17, 0xC617, 0xC617, 0xCE17, 0xC5F7, 0xC617,
  0xC617, 0xC5F7, 0xC617, 0xC617, 0xC5F7, 0xC617, 0xC617, 0xC5F7, 0xC5F7, 0xC5F7, 0xC5F7, 0xC5F7, 0xC617, 0xC617, 0xC617, 0xC5F7,
  0xC5F7, 0xC617, 0xBDD6, 0xC5D6, 0xC5D6, 0xC5D6, 0xC5D6, 0xE71B, 0xFF7C, 0xF75C, 0xF77C, 0xF77C, 0xF77C, 0xF77C, 0xF77C, 0xF77C,
  0xF77C, 0xF77C, 0xF77C, 0xF77C, 0xF75B, 0xFFDD, 0x52CB, 0x0148, 0x6D58, 0x332F, 0x1105, 0x10A3, 0x1082, 0x0861, 0x0861, 0x0861,
  0x0841, 0x0841, 0x0841, 0x0841, 0x0841, 0x0883, 0x0906, 0x0148, 0x1189, 0x1946, 0x0882, 0x0861, 0x0000, 0x31A6, 0xDEDA, 0xD679,
  0xDE99, 0xDE99, 0xD678, 0xCE58, 0xC617, 0xC5D6, 0xCE37, 0xC617, 0xCE17, 0xCE17, 0xC617, 0xCE17, 0xC617, 0xC5F7, 0xC5F7, 0xC5F7,
  0xC5F7, 0xC5F7, 0xC617, 0xC5F7, 0xC5F7, 0xC5F7, 0xC5F7, 0xC617, 0xC5F7, 0xC5F7, 0xC5F7, 0xC5F7, 0xC5F7, 0xC5F7, 0xC5F7, 0xC617,
  0xBDD6, 0xC5D6, 0xC5D6, 0xC5D6, 0xBDD6, 0xE71B, 0xFF9C, 0xF77C, 0xF77C, 0xF77C, 0xF77C, 0xF77C, 0xF77C, 0xF77C, 0xF77C, 0xF77C,
  0xF77C, 0xF77C, 0xF75C, 0xFFFE, 0x52AB, 0x020C, 0xE7FF, 0x5454, 0x08E5, 0x10A2, 0x1082, 0x0861, 0x0861, 0x0861, 0x0841, 0x0841,
  0x0841, 0x0841, 0x0861, 0x08E5, 0x09EB, 0x7D36, 0x4C13, 0x0989, 0x08A3, 0x0841, 0x0000, 0x4228, 0xE6DA, 0xD679, 0xD699, 0xD699,
  0xD679, 0xCE38, 0xC617, 0xC5F7, 0xCE37, 0xC617, 0xCE17, 0xCE17, 0xC617, 0xC617, 0xC617, 0xC5F7, 0xC5F7, 0xC5F7, 0xC5F7, 0xC5F7,
  0xC5F7, 0xC5F7, 0xC5F7, 0xC5F7, 0xC5F7, 0xC5F7, 0xC5F7, 0xC5F7, 0xC5F7, 0xC5F7, 0xC5F7, 0xC5F7, 0xC5F7, 0xC617, 0xBDB6, 0xC5D6,
  0xC5F7, 0xC5D6, 0xBDB6, 0xE6FA, 0xFF9C, 0xF77C, 0xF77C, 0xF77C, 0xF77C, 0xF77C, 0xF77C, 0xF77C, 0xF77C, 0xF77C, 0xF77C, 0xF77C,
  0xF77C, 0xFFFE, 0x52CC, 0x01CB, 0x75B9, 0x332F, 0x08C4, 0x1082, 0x0861, 0x0861, 0x0861, 0x0841, 0x0861, 0x0841, 0x0841, 0x0861,
  0x0882, 0x0106, 0x3B91, 0xFFFF, 0xC71C, 0x01EB, 0x08C3, 0x0841, 0x0000, 0x4A69, 0xE6FB, 0xD679, 0xD699, 0xD699, 0xD658, 0xCE38,
  0xC617, 0xC5D6, 0xCE17, 0xCE17, 0xC617, 0xCE17, 0xCE17, 0xC617, 0xCE17, 0xC617, 0xC617, 0xC5F7, 0xC5F7, 0xC5F7, 0xC5F6, 0xC5F7,
  0xC5F6, 0xC5F7, 0xC5F7, 0xC5F7, 0xC5F7, 0xC5F7, 0xC5F7, 0xC5F7, 0xC5F7, 0xC5F7, 0xC5F7, 0xC617, 0xBDD6, 0xC5F6, 0xC5F7, 0xC5D6,
  0xBDD6, 0xE6FA, 0xFF9C, 0xF77C, 0xF77C, 0xF77C, 0xF77C, 0xF77C, 0xF77C, 0xF77C, 0xF77C, 0xF77C, 0xF77C, 0xF77C, 0xF77C, 0xFFFF,
  0x52CB, 0x0947, 0x120B, 0x1147, 0x10A2, 0x0861, 0x0861, 0x0861, 0x0861, 0x0861, 0x0861, 0x0861, 0x0841, 0x0861, 0x0882, 0x0906,
  0x22EF, 0xD73D, 0x8DD9, 0x01CB, 0x10C4, 0x0861, 0x0000, 0x5269, 0xE6DA, 0xD658, 0xD679, 0xD679, 0xD659, 0xD658, 0xC617, 0xC5F7,
  0xCE37, 0xCE17, 0xCE17, 0xCE17, 0xC617, 0xC617, 0xC617, 0xC5F7, 0xC5F7, 0xC5F7, 0xC5F7, 0xC5F7, 0xC5F7, 0xC5F6, 0xC5D6, 0xC5F7,
  0xC5F7, 0xC5F7, 0xC5F7, 0xC5F7, 0xC5F7, 0xC5F7, 0xC617, 0xC617, 0xC617, 0xC617, 0xBDD6, 0xC5F6, 0xC5F7, 0xC5F7, 0xBDD6, 0xE6FA,
  0xFF9C, 0xF77C, 0xF75C, 0xF77C, 0xF77C, 0xF77C, 0xF77C, 0xF77C, 0xF77C, 0xF77C, 0xF77C, 0xF77C, 0xF77C, 0xFFDE, 0x6B4D, 0x08A3,
  0x2166, 0x10C3, 0x0882, 0x0861, 0x0861, 0x0861, 0x0861, 0x0861, 0x0861, 0x0841, 0x0841, 0x0861, 0x0862, 0x08C4, 0x0189, 0x126D,
  0x0A4D, 0x1168, 0x08A3, 0x0862, 0x0000, 0x83EF, 0xDEDA, 0xCE38, 0xD678, 0xD679, 0xD658, 0xD658, 0xC617, 0xC5F7, 0xCE37, 0xC617,
  0xC617, 0xCE17, 0xC617, 0xC617, 0xC5F7, 0xC5F7, 0xC5F7, 0xC5F7, 0xC5F7, 0xC5F7, 0xC5F7, 0xC5F7, 0xC5F6, 0xC5F6, 0xC5F6, 0xC5F7,
  0xC5F7, 0xC5F7, 0xC5F7, 0xC617, 0xC617, 0xC5F7, 0xC5F7, 0xCE17, 0xBDB6, 0xC5D6, 0xC5F7, 0xC5F7, 0xBDB6, 0xE6DA, 0xFF9C, 0xF75C,
  0xF77C, 0xF77C, 0xF77C, 0xF77D, 0xF77C, 0xF77C, 0xF77C, 0xF77C, 0xF77C, 0xF77C, 0xF75C, 0xFF9D, 0x9CB2, 0x0020, 0x1904, 0x10A2,
  0x1082, 0x0861, 0x0861, 0x0861, 0x0861, 0x0861, 0x0861, 0x0841, 0x0841, 0x0841, 0x0841, 0x0862, 0x08C3, 0x0906, 0x1126, 0x10C4,
  0x0882, 0x0882, 0x0000, 0xB596, 0xDE99, 0xD658, 0xD658, 0xD658, 0xD658, 0xD658, 0xCE18, 0xC617, 0xCE37, 0xC617, 0xC617, 0xC5F7,
  0xC617, 0xC5F7, 0xC5F7, 0xC5F7, 0xC5F7, 0xC5F7, 0xC5F7, 0xC5F7, 0xC5F7, 0xC5F7, 0xC5F6, 0xC5F7, 0xC5F7, 0xC5F6, 0xC5F7, 0xC5F7,
  0xC5F7, 0xC5F7, 0xC5F7, 0xC5F7, 0xC5F7, 0xC617, 0xBDB6, 0xC5F7, 0xC5F7, 0xC5D7, 0xBDB6, 0xE6FA, 0xFF9D, 0xF77C, 0xF77C, 0xF77C,
  0xF77C, 0xF77C, 0xF77C, 0xF77C, 0xF77C, 0xF77C, 0xF77C, 0xF75C, 0xF75C, 0xEEFB, 0xDE99, 0x39E7, 0x0000, 0x0882, 0x10A2, 0x10A2,
  0x10A2, 0x10A2, 0x1082, 0x1082, 0x0861, 0x0861, 0x0841, 0x0841, 0x0841, 0x0841, 0x0862, 0x1082, 0x1082, 0x0882, 0x1082, 0x0000,
  0x4A69, 0xE6FB, 0xD658, 0xD679, 0xD658, 0xD658, 0xCE58, 0xCE58, 0xC5F7, 0xC5F7, 0xCE17, 0xC617, 0xC617, 0xC5F7, 0xC5F7, 0xC5F7,
  0xC5F7, 0xC5F7, 0xC5F7, 0xC5F7, 0xC5F7, 0xC5F7, 0xC5F7, 0xC5F7, 0xC5F6, 0xC5F7, 0xC5F7, 0xC5F7, 0xC5F6, 0xC5F6, 0xC5F7, 0xC5F7,
  0xC5D6, 0xC5F7, 0xC5D6, 0xCE58, 0xBDB6, 0xC617, 0xC5F7, 0xCE38, 0xB5B6, 0xDEDA, 0xFF9D, 0xF77C, 0xF77C, 0xF77C, 0xF77C, 0xF77C,
  0xF77C, 0xF77C, 0xF77C, 0xF77C, 0xF75C, 0xF75C, 0xF75C, 0xEF1B, 0xDEB9, 0xDEBA, 0x7BCE, 0x2965, 0x1082, 0x0841, 0x0020, 0x0020,
  0x0020, 0x0000, 0x0000, 0x0000, 0x0020, 0x0020, 0x0040, 0x0841, 0x0861, 0x0841, 0x0020, 0x0000, 0x0000, 0x3186, 0xD679, 0xD699,
  0xD679, 0xD679, 0xD658, 0xD679, 0xCE38, 0xC617, 0xBDD6, 0xB595, 0xC617, 0xC5F7, 0xCE37, 0xCE37, 0xC5F7, 0xC5D6, 0xC5F7, 0xC5F7,
  0xC5F7, 0xC5F7, 0xC5F7, 0xC5F7, 0xC5F7, 0xC5F7, 0xC5F7, 0xC5F7, 0xC5F7, 0xC5F7, 0xC5F7, 0xC5F7, 0xC5F7, 0xC5F7, 0xC5F7, 0xBDB6,
  0xCE38, 0x94B2, 0x4A69, 0x41E7, 0x4207, 0x632C, 0xAD34, 0xE6DA, 0xFF9C, 0xF77C, 0xF77C, 0xF77C, 0xF77C, 0xF77C, 0xF77C, 0xF77C,
  0xF77C, 0xF77C, 0xF77C, 0xF77C, 0xF77C, 0xEF3B, 0xD699, 0xDEBA, 0xEF3C, 0xDEFB, 0xBDF7, 0x9CD3, 0x7C0F, 0x630C, 0x4208, 0x31A6,
  0x2965, 0x2124, 0x10A2, 0x0861, 0x0021, 0x0020, 0x0020, 0x0861, 0x18E3, 0x3186, 0x7BCF, 0xD679, 0xD679, 0xD659, 0xD679, 0xD679,
  0xD678, 0xD658, 0xCE38, 0xC5D6, 0xC5F7, 0xAD54, 0xC617, 0xC5D6, 0xB595, 0xB595, 0xCE17, 0xCE58, 0xC5F6, 0xC5F7, 0xC5F7, 0xC5F7,
  0xC5F6, 0xC5D6, 0xC5F7, 0xC5D6, 0xC5D6, 0xC5F6, 0xC5F7, 0xC5F7, 0xC5F7, 0xC5F7, 0xC5F7, 0xC617, 0xBDD6, 0xCE58, 0x8430, 0x0841,
  0x0000, 0x0000, 0x0000, 0x0000, 0x3185, 0xDEBA, 0xFF9D, 0xF77C, 0xF77C, 0xF77C, 0xF77C, 0xF77C, 0xF77C, 0xF77C, 0xF77C, 0xF77C,
  0xF77C, 0xF77C, 0xFF9D, 0xEF5C, 0xDEBA, 0xDEBA, 0xD699, 0xD699, 0xDEBA, 0xDEDA, 0xE6DA, 0xE6DA, 0xDEDA, 0xDEBA, 0xDEBA, 0xD699,
  0xCE38, 0xC617, 0xBDD7, 0xBDB6, 0xBDB6, 0xBDF7, 0xCE79, 0xD699, 0xD699, 0xCE17, 0xCE38, 0xD658, 0xD679, 0xD679, 0xD679, 0xCE58,
  0xCE38, 0xC617, 0xC617, 0x8C30, 0x528A, 0x4228, 0x39A6, 0x39E7, 0x5AAA, 0xA4F3, 0xD679, 0xC5F7, 0xC5F7, 0xC5F7, 0xC5F7, 0xC5F7,
  0xC5F7, 0xC5F7, 0xC5D6, 0xC5F6, 0xC5F7, 0xC5F7, 0xC5F7, 0xC5F7, 0xC5F7, 0xC617, 0xCE38, 0xBDB6, 0x1082, 0x0020, 0x10A2, 0x2104,
  0x2944, 0x18C3, 0x0000, 0x8430, 0xFFFE, 0xF75C, 0xF77C, 0xF77C, 0xF77C, 0xF77C, 0xF77C, 0xF77C, 0xF77C, 0xF77C, 0xF77C, 0xF77D,
  0xF79D, 0xF75C, 0xDEBA, 0xDEDA, 0xDEBA, 0xD699, 0xD678, 0xCE38, 0xCE38, 0xCE17, 0xCE38, 0xCE38, 0xCE58, 0xD658, 0xD679, 0xD679,
  0xD679, 0xD678, 0xCE58, 0xCE38, 0xC617, 0xC5F7, 0xC5D6, 0xCE17, 0xCE38, 0xCE58, 0xCE58, 0xD679, 0xD679, 0xCE58, 0xD679, 0xB595,
  0x5289, 0x1082, 0x0000, 0x0000, 0x0000, 0x0000, 0x0882, 0x2965, 0x9CD2, 0xD679, 0xC5F7, 0xC5F7, 0xC5F7, 0xC5F7, 0xC5F6, 0xC5F6,
  0xC5F6, 0xC5F7, 0xC5F7, 0xC5F7, 0xC5F7, 0xC5F7, 0xC5F7, 0xC5F7, 0xD699, 0x5AEB, 0x0000, 0x2965, 0x4A49, 0x528A, 0x4208, 0x39C7,
  0x18E3, 0x4A69, 0xFFBD, 0xF75B, 0xF77C, 0xF77C, 0xF77C, 0xF77C, 0xF77C, 0xF77C, 0xF77C, 0xF77C, 0xF77C, 0xF77C, 0xF77D, 0xFFBE,
  0xDEBA, 0xD699, 0xD679, 0xD679, 0xD658, 0xD658, 0xD658, 0xD658, 0xD658, 0xD679, 0xD679, 0xD679, 0xD678, 0xD658, 0xCE38, 0xCE38,
  0xCE17, 0xCE17, 0xCE17, 0xCE17, 0xCE37, 0xCE38, 0xCE38, 0xCE58, 0xCE58, 0xD658, 0xD658, 0xDE99, 0xB575, 0x3186, 0x0000, 0x0000,
  0x0020, 0x0840, 0x0841, 0x0000, 0x0000, 0x0841, 0x39E7, 0xBDD6, 0xCE38, 0xC5F7, 0xC5F7, 0xC5F7, 0xC5F7, 0xC5F7, 0xC5F7, 0xBDD6,
  0xC5F7, 0xC5F6, 0xBDD6, 0xBDB6, 0xBDD6, 0xC5F6, 0xBDD6, 0x18C3, 0x2104, 0x52AA, 0x62EB, 0x3166, 0x10A2, 0x10A2, 0x18E3, 0x4A69,
  0xF79D, 0xF75B, 0xF75C, 0xF75C, 0xF77C, 0xF77C, 0xF77C, 0xF77C, 0xF77C, 0xF77C, 0xF77C, 0xF75C, 0xF79D, 0x9CD3, 0xD699, 0xC617,
  0xBDB6, 0xD679, 0xD658, 0xD658, 0xCE58, 0xCE58, 0xD658, 0xCE58, 0xD658, 0xD658, 0xCE58, 0xCE58, 0xCE38, 0xCE38, 0xCE38, 0xCE37,
  0xCE38, 0xD658, 0xCE38, 0xCE38, 0xCE38, 0xCE38, 0xCE38, 0xCE38, 0xD679, 0xBDB6, 0x3186, 0x0000, 0x10A2, 0x2124, 0x31A6, 0x4A28,
  0x4228, 0x39A6, 0x2104, 0x0020, 0x1082, 0x73AE, 0xCE58, 0xC5D7, 0xC5F7, 0xC5F7, 0xC5F7, 0xC5F7, 0xC5F7, 0xC5F7, 0xC617, 0xC617,
  0xC617, 0xCE17, 0xCE17, 0xD658, 0x8430, 0x0020, 0x4208, 0x632C, 0x39C7, 0x2104, 0x4A69, 0x4A49, 0x2104, 0x1082, 0xAD34, 0xFFDE,
  0xF73B, 0xF75C, 0xF77C, 0xF77C, 0xF77C, 0xF77C, 0xF77C, 0xF77C, 0xF75B, 0xFFBD, 0xAD75, 0x18E3, 0xC617, 0xE6FB, 0xD679, 0xCE38,
  0xCE38, 0xCE38, 0xCE38, 0xCE38, 0xCE58, 0xCE38, 0xCE38, 0xCE38, 0xCE38, 0xCE38, 0xCE38, 0xCE38, 0xCE38, 0xD658, 0xC617, 0xAD34,
  0xCE58, 0xCE38, 0xCE38, 0xCE38, 0xCE37, 0xCE37, 0xCE17, 0x5289, 0x0000, 0x18C3, 0x31A6, 0x4A69, 0x62EB, 0x39E7, 0x2945, 0x2965,
  0x39C7, 0x31A6, 0x0841, 0x39C7, 0xBDD6, 0xC617, 0xCE17, 0xCE58, 0xD679, 0xD679, 0xD658, 0xC617, 0xBDB6, 0xAD54, 0x9471, 0x7BCE,
  0x630B, 0x62EB, 0x2124, 0x1082, 0x52AA, 0x528A, 0x2104, 0x62EB, 0x39E7, 0x39E7, 0x62EB, 0x10A2, 0x4A49, 0xFF9D, 0xF73B, 0xF75C,
  0xF77C, 0xF77C, 0xF77C, 0xF77C, 0xF77C, 0xF77C, 0xF75B, 0xF77C, 0x528A, 0x2965, 0x6B4C, 0xAD74, 0xBDD6, 0xD658, 0xDEB9, 0xDEDA,
  0xDEBA, 0xDEBA, 0xDE99, 0xD679, 0xCE38, 0xCE37, 0xCE17, 0xC617, 0xC5F7, 0xC617, 0xCE38, 0xCE58, 0xC5F7, 0x9491, 0xCE38, 0xCE18,
  0xC617, 0xC5F7, 0xC5F7, 0xCE17, 0x8C30, 0x0020, 0x0861, 0x2965, 0x4A49, 0x630B, 0x3186, 0x1082, 0x10A2, 0x18C3, 0x18C3, 0x3186,
  0x2965, 0x10A2, 0x8410, 0xBDB6, 0xA4F3, 0x9CB2, 0x840F, 0x6B6D, 0x62EB, 0x5289, 0x4208, 0x39C7, 0x2965, 0x2124, 0x18E3, 0x2124,
  0x1082, 0x18C3, 0x52AA, 0x2945, 0x4228, 0x31A6, 0x0841, 0x0841, 0x31A6, 0x4228, 0x1082, 0xD6B9, 0xFF9D, 0xF75C, 0xF77C, 0xF77C,
  0xF77C, 0xF77C, 0xF77C, 0xF75C, 0xFFBD, 0xC5F7, 0x2965, 0x5289, 0x528A, 0x4228, 0x4A89, 0x5ACB, 0x62EB, 0x738D, 0x8410, 0x8C51,
  0x9CD2, 0xAD34, 0xBDB6, 0xC5D6, 0xCE17, 0xD658, 0xD678, 0xD699, 0xDEBA, 0xDEBA, 0xDEBA, 0xE6FB, 0xD679, 0xCE38, 0xCE17, 0xC5F7,
  0xCE17, 0xC5D6, 0x39C6, 0x0000, 0x2124, 0x39C6, 0x630B, 0x39E7, 0x0841, 0x2124, 0x5AEB, 0x6B4D, 0x4A28, 0x10A2, 0x2965, 0x2104,
  0x2965, 0x3186, 0x2124, 0x2104, 0x2104, 0x2104, 0x2104, 0x2124, 0x2124, 0x2124, 0x2124, 0x2104, 0x18C3, 0x18E3, 0x0841, 0x18E3,
  0x4228, 0x18E3, 0x4A69, 0x0841, 0x1082, 0x10A2, 0x10A2, 0x528A, 0x0840, 0xA534, 0xFFDE, 0xF75C, 0xF77C, 0xF77C, 0xF77C, 0xF77C,
  0xF77C, 0xF75C, 0xFFFF, 0x9492, 0x3166, 0x39E7, 0x2965, 0x3186, 0x3186, 0x3186, 0x3165, 0x2965, 0x2965, 0x2124, 0x2124, 0x2945,
  0x31A6, 0x31A6, 0x31A6, 0x5289, 0x6B2C, 0x736D, 0x83EF, 0x9471, 0x9CD3, 0x9CF3, 0xA4F3, 0x9CD3, 0x9CD2, 0x9CB2, 0xA4D3, 0x7BCE,
  0x0841, 0x10A3, 0x31A6, 0x4A48, 0x52AA, 0x1082, 0x2945, 0x6B6D, 0x2965, 0x2104, 0x5AEB, 0x528A, 0x10A2, 0x2944, 0x1082, 0x10A2,
  0x10A2, 0x10A2, 0x18C3, 0x18C3, 0x18E3, 0x2104, 0x2124, 0x2124, 0x2124, 0x2104, 0x18C3, 0x18C3, 0x0020, 0x2103, 0x2965, 0x2965,
  0x39E7, 0x0841, 0x2124, 0x1082, 0x0841, 0x4A69, 0x0861, 0x9471, 0xFFFE, 0xF75C, 0xF77C, 0xF75C, 0xF77C, 0xF77C, 0xF77C, 0xF77C,
  0xFFFF, 0x738E, 0x2965, 0x39E7, 0x3186, 0x2945, 0x2124, 0x18E3, 0x18C3, 0x18C3, 0x18C3, 0x18E3, 0x18E3, 0x18E3, 0x2104, 0x2104,
  0x2104, 0x2104, 0x2104, 0x2104, 0x2124, 0x2985, 0x31A6, 0x39E7, 0x39E7, 0x39C7, 0x31A6, 0x3186, 0x31A6, 0x2945, 0x0841, 0x3186,
  0x39C7, 0x528A, 0x31A6, 0x0861, 0x6B6D, 0x10A2, 0x0000, 0x0841, 0x0000, 0x52AA, 0x2945, 0x18E3, 0x0841, 0x0861, 0x10A2, 0x18A3,
  0x18C3, 0x18C3, 0x18E4, 0x2104, 0x2104, 0x2104, 0x2104, 0x18C3, 0x10A2, 0x1082, 0x0020, 0x18E3, 0x2104, 0x31A6, 0x2945, 0x18C3,
  0x39E7, 0x18A2, 0x0841, 0x5269, 0x10A2, 0x8C51, 0xFFFF, 0xF75C, 0xF77C, 0xF77C, 0xF77C, 0xF77C, 0xF77C, 0xF77C, 0xFFBE, 0x528A,
  0x2104, 0x3186, 0x3186, 0x2945, 0x2124, 0x2104, 0x18E3, 0x18E3, 0x18C3, 0x18C3, 0x18C3, 0x18C3, 0x18C3, 0x18C3, 0x18A3, 0x18A2,
  0x18C3, 0x18C3, 0x18E3, 0x18E3, 0x18E3, 0x2124, 0x2104, 0x18E3, 0x18E3, 0x18C3, 0x18E3, 0x0882, 0x10C3, 0x39C7, 0x39E7, 0x528A,
  0x18C2, 0x39E7, 0x4A49, 0x0000, 0x10A2, 0x0861, 0x0821, 0x2124, 0x4228, 0x10A2, 0x0861, 0x0861, 0x10A2, 0x10C3, 0x18C3, 0x18C3,
  0x18C3, 0x18E3, 0x18E3, 0x18E3, 0x18E3, 0x10A2, 0x10A2, 0x0861, 0x0020, 0x18A2, 0x18A2, 0x31A6, 0x2945, 0x0841, 0x10A2, 0x18C3,
  0x1082, 0x5AAA, 0x18E3, 0x94B2, 0xFFFF, 0xF77C, 0xF75C, 0xF75C, 0xF77C, 0xF75C, 0xF77C, 0xF77C, 0xF7BD, 0x4229, 0x10A2, 0x2104,
  0x3186, 0x2124, 0x2104, 0x18E4, 0x18E3, 0x18C3, 0x18C3, 0x18C3, 0x18C3, 0x18C3, 0x18C3, 0x18C3, 0x18C3, 0x18C3, 0x18C3, 0x18E3,
  0x18C3, 0x18C3, 0x18E3, 0x2104, 0x20E4, 0x18E3, 0x18E3, 0x18C3, 0x18E3, 0x0841, 0x18E3, 0x3186, 0x39C7, 0x4A28, 0x1082, 0x5ACB,
  0x2124, 0x10A2, 0x2965, 0x18E3, 0x0021, 0x1082, 0x4228, 0x18C3, 0x1082, 0x0861, 0x10A2, 0x18C3, 0x18C3, 0x18C3, 0x18C3, 0x18C3,
  0x18E3, 0x18E3, 0x18E3, 0x18C3, 0x18C3, 0x0841, 0x0020, 0x1082, 0x1082, 0x39C7, 0x2965, 0x0020, 0x18C3, 0x2104, 0x2965, 0x630C,
  0x18C3, 0xAD54, 0xFFFF, 0xF77C, 0xF77C, 0xF77C, 0xF77C, 0xF77C, 0xF75C, 0xF75B, 0xFF9D, 0x4A49, 0x0021, 0x0861, 0x2144, 0x2944,
  0x2103, 0x18E3, 0x18E3, 0x18C3, 0x18C3, 0x18C3, 0x18C3, 0x18C3, 0x18C3, 0x18C3, 0x18C3, 0x18C3, 0x18C3, 0x18C3, 0x18C3, 0x18C3,
  0x18C3, 0x18E3, 0x18E3, 0x18E3, 0x18E3, 0x18C3, 0x10A3, 0x0000, 0x10A2, 0x2124, 0x31A6, 0x39E7, 0x18C3, 0x630C, 0x10A2, 0x39C7,
  0x4A49, 0x2104, 0x10A2, 0x1082, 0x4A49, 0x2104, 0x10A2, 0x0861, 0x18E3, 0x2104, 0x18E3, 0x18C3, 0x10A2, 0x1082, 0x10A2, 0x18C3,
  0x18C3, 0x10A2, 0x1082, 0x0000, 0x0841, 0x1082, 0x10A2, 0x39C7, 0x4228, 0x0020, 0x10A2, 0x2945, 0x5269, 0x630C, 0x10A2, 0xD679,
  0xFFBE, 0xF77C, 0xF77C, 0xF77C, 0xF77C, 0xF75C, 0xF77C, 0xEF3B, 0xFFDE, 0x738D, 0x0000, 0x0841, 0x0861, 0x2945, 0x2124, 0x2124,
  0x2124, 0x2104, 0x18E3, 0x18E3, 0x18E3, 0x18E3, 0x18E3, 0x18C3, 0x18C3, 0x18C3, 0x10A3, 0x18C3, 0x18C3, 0x18C3, 0x18C3, 0x18E3,
  0x18E3, 0x18E3, 0x18C3, 0x18C3, 0x1082, 0x0000, 0x1082, 0x18E3, 0x2965, 0x3186, 0x18E3, 0x5ACB, 0x10A2, 0x2965, 0x18C3, 0x18C3,
  0x18E3, 0x2104, 0x52AA, 0x2124, 0x10A2, 0x18E3, 0x2945, 0x2104, 0x18C3, 0x0861, 0x0020, 0x0000, 0x0000, 0x0000, 0x0000, 0x0020,
  0x0020, 0x0020, 0x0861, 0x1061, 0x18C3, 0x2124, 0x632C, 0x0861, 0x18C3, 0x2945, 0x632C, 0x4208, 0x2965, 0xEF5C, 0xF77C, 0xF77C,
  0xF77C, 0xF77C, 0xF77C, 0xF77C, 0xF77C, 0xF75C, 0xFFDE, 0x94B2, 0x0000, 0x0841, 0x0020, 0x0841, 0x10A2, 0x10A2, 0x18C3, 0x18C3,
  0x10A2, 0x18C3, 0x18E3, 0x18E3, 0x2104, 0x2104, 0x2104, 0x18E3, 0x18E3, 0x18C3, 0x18C3, 0x18C3, 0x18A2, 0x18C3, 0x18C3, 0x18C3,
  0x18A2, 0x10A2, 0x0841, 0x0000, 0x0861, 0x18C3, 0x2124, 0x2945, 0x18E3, 0x5ACB, 0x0861, 0x18C3, 0x10A2, 0x10A2, 0x18E3, 0x3186,
  0x630C, 0x2104, 0x10A3, 0x1062, 0x0820, 0x0000, 0x0000, 0x0000, 0x18C2, 0x2945, 0x41E7, 0x738D, 0x9491, 0xC638, 0x6B6D, 0x0000,
  0x10A2, 0x0861, 0x18C3, 0x18C3, 0x4A69, 0x528A, 0x18E3, 0x4A28, 0x632C, 0x1082, 0x738E, 0xFFDE, 0xF73B, 0xF77C, 0xF77C, 0xF77C,
  0xF77C, 0xF77C, 0xF77C, 0xF77C, 0xFF9D, 0xDEDA, 0x10A2, 0x0020, 0x0840, 0x0020, 0x0000, 0x0841, 0x0861, 0x0861, 0x0861, 0x0861,
  0x1082, 0x10A2, 0x0861, 0x0841, 0x0861, 0x0861, 0x0841, 0x0841, 0x0841, 0x0040, 0x0020, 0x0840, 0x1082, 0x1082, 0x1082, 0x1081,
  0x0020, 0x0000, 0x1061, 0x1082, 0x18C3, 0x18E3, 0x10A2, 0x5ACB, 0x1082, 0x0841, 0x1082, 0x1082, 0x18C3, 0x39E7, 0x5ACB, 0x18C3,
  0x2104, 0x31A6, 0x5289, 0x73AE, 0x9CD3, 0xAD54, 0xCE38, 0xDEBA, 0xE6FB, 0xF75C, 0xF77D, 0xFFDE, 0xC618, 0x0841, 0x1082, 0x0861,
  0x1082, 0x18E3, 0x20E3, 0x5289, 0x630C, 0x5ACB, 0x2945, 0x10A2, 0xCE58, 0xF77C, 0xEF3B, 0xF75C, 0xF77C, 0xF77C, 0xF77C, 0xF77C,
  0xF77C, 0xF77C, 0xF75C, 0xFFFE, 0x6B8D, 0x0000, 0x0861, 0x0841, 0x0020, 0x0000, 0x0000, 0x0020, 0x0020, 0x0020, 0x0841, 0x0000,
  0x4228, 0x4A49, 0x31A6, 0x18E3, 0x0861, 0x0000, 0x0000, 0x0000, 0x0000, 0x0000, 0x0000, 0x0861, 0x0861, 0x0861, 0x0841, 0x0820,
  0x10A2, 0x1082, 0x1082, 0x18A3, 0x0861, 0x4A89, 0x2104, 0x0000, 0x0000, 0x0841, 0x18E3, 0x5ACB, 0x4208, 0x10A2, 0x630C, 0x7BCF,
  0x8430, 0x8C71, 0x8C71, 0x8C51, 0x8C30, 0x8C50, 0x9471, 0x9492, 0xA513, 0xAD34, 0xC618, 0x5269, 0x0000, 0x1081, 0x0861, 0x18C3,
  0x18E3, 0x2104, 0x2985, 0x2945, 0x0841, 0x7BEF, 0xFF9D, 0xE6FA, 0xEF1B, 0xEF1B, 0xF75C, 0xF77C, 0xF77C, 0xF77C, 0xF77C, 0xF77C,
  0xF77C, 0xF77C, 0xE73B, 0x2965, 0x0000, 0x0861, 0x0841, 0x0020, 0x0020, 0x0020, 0x0000, 0x0020, 0x0000, 0x39E7, 0xEF5D, 0xEF5D,
  0xE71B, 0xCE58, 0xB595, 0x94B2, 0x738D, 0x5ACB, 0x4228, 0x2945, 0x18E3, 0x18C3, 0x18C3, 0x1082, 0x0861, 0x0861, 0x10A2, 0x1082,
  0x1082, 0x1082, 0x0861, 0x2965, 0x4A89, 0x0000, 0x0020, 0x1082, 0x3186, 0x630C, 0x18C3, 0x18C3, 0x2945, 0x2944, 0x2945, 0x2945,
  0x2945, 0x2965, 0x3165, 0x3186, 0x39A6, 0x39E7, 0x4228, 0x4A69, 0x5269, 0x5ACB, 0x18C3, 0x0020, 0x0841, 0x0861, 0x18C3, 0x18E3,
  0x18E3, 0x0861, 0x39C7, 0xC5D6, 0xC5F6, 0xCE38, 0xD679, 0xDEB9, 0xF77C, 0xF75C, 0xF75C, 0xF75C, 0xF77C, 0xF75C, 0xF75C, 0xEF3B,
  0xFF9D, 0xDEDA, 0x39C7, 0x0841, 0x1082, 0x0861, 0x0020, 0x0020, 0x0020, 0x0000, 0x2104, 0x9CB2, 0x9491, 0x8410, 0x7BCF, 0x738E,
  0x6B2C, 0x5AEB, 0x52AA, 0x4A49, 0x4208, 0x39C7, 0x39A6, 0x3186, 0x2965, 0x2945, 0x2124, 0x2124, 0x10A2, 0x1082, 0x0862, 0x0861,
  0x1082, 0x1062, 0x528A, 0x4208, 0x2104, 0x39C7, 0x6B6D, 0x39C7, 0x1082, 0x18C3, 0x2124, 0x2104, 0x2124, 0x2924, 0x2124, 0x2104,
  0x18E3, 0x18E3, 0x18E3, 0x20E3, 0x2104, 0x2104, 0x18E3, 0x10A2, 0x10A2, 0x0000, 0x0000, 0x0000, 0x0000, 0x0841, 0x10A2, 0x2944,
  0x73AE, 0xA4D3, 0xB595, 0xCE17, 0xD678, 0xDE99, 0xF77C, 0xF75C, 0xF75C, 0xEF3B, 0xEF1B, 0xE6FA, 0xE6DA, 0xDEBA, 0xD658, 0xD658,
  0xB575, 0x39E7, 0x0000, 0x0020, 0x0000, 0x0000, 0x0000, 0x0000, 0x2104, 0x18C3, 0x18C3, 0x2104, 0x2124, 0x2124, 0x2104, 0x18E3,
  0x18C3, 0x10A2, 0x10A2, 0x10A2, 0x18C3, 0x18E3, 0x18E3, 0x18E3, 0x18E3, 0x18E3, 0x10A2, 0x1082, 0x0861, 0x0841, 0x1082, 0x1082,
  0x18E3, 0x5269, 0x5B0C, 0x630C, 0x39E7, 0x10A2, 0x0861, 0x2103, 0x2104, 0x2124, 0x2945, 0x2965, 0x2965, 0x2945, 0x2945, 0x3185,
  0x39A6, 0x4207, 0x4A48, 0x4A49, 0x5269, 0x4A69, 0x4A28, 0x4A49, 0x5ACA, 0x736D, 0x83EF, 0x9CD2, 0xBDD6, 0xD658, 0xDEBA, 0xE6FB,
  0xE6FB, 0xE6FB, 0xEF1B, 0xEF1B, 0xF75C, 0xEF3B, 0xEF3B, 0xE71B, 0xE6DA, 0xDEB9, 0xD658, 0xC5F7, 0xB575, 0x9471, 0x6B4D, 0x5AEB,
  0x4A69, 0x4208, 0x39C6, 0x2965, 0x2124, 0x2103, 0x18E3, 0x1903, 0x2103, 0x2104, 0x2124, 0x2924, 0x2124, 0x2104, 0x2104, 0x18E3,
  0x18E3, 0x18C3, 0x18C3, 0x18C3, 0x18C3, 0x18C3, 0x18C3, 0x18C3, 0x18C3, 0x0861, 0x0841, 0x0841, 0x0861, 0x1082, 0x10A3, 0x2104,
  0x2965, 0x2945, 0x18C3, 0x0841, 0x2144, 0x3186, 0x39C6, 0x4207, 0x4A48, 0x5289, 0x5ACB, 0x630B, 0x736D, 0x7BEF, 0x8C71, 0xA4F3,
  0xAD54, 0xBDB6, 0xBDD6, 0xBDD6, 0xC5D6, 0xC5D6, 0xCE17, 0xD679, 0xE6DA, 0xE71B, 0xEF1B, 0xE71B, 0xEF1B, 0xEF3C, 0xEF3C, 0xEF3C,
  0xEF3C, 0xEF5C, 0xF75C, 0xF75C, 0xEF5B, 0xEF3B, 0xEF1B, 0xE71B, 0xE6FA, 0xE6DA, 0xDEBA, 0xD699, 0xCE58, 0xC5F7, 0xB595, 0xAD13,
  0x9491, 0x8C30, 0x7BAE, 0x6B4D, 0x6B2C, 0x62EB, 0x52AA, 0x5269, 0x4A49, 0x4228, 0x4208, 0x39C7, 0x3186, 0x2965, 0x2924, 0x2104,
  0x2104, 0x2104, 0x1903, 0x18E3, 0x20E3, 0x18E3, 0x18E3, 0x18C3, 0x0820, 0x0820, 0x0841, 0x10A2, 0x18C3, 0x18C3, 0x18C3, 0x1082,
  0x0020, 0x39C6, 0x5AAA, 0x62EB, 0x738D, 0x840F, 0x9471, 0x9CD3, 0xAD54, 0xB595, 0xC5F7, 0xCE58, 0xD699, 0xDEBA, 0xE6DA, 0xE6DA,
  0xDEDA, 0xDE99, 0xD699, 0xD679, 0xDE99, 0xDEDA, 0xE6FA, 0xE6FB, 0xEF3B, 0xEF3C, 0xEF3B, 0xF75C, 0xF75C, 0xF75C, 0xF75C, 0xF75C,
  0xF77C, 0xF77C, 0xF75C, 0xF75C, 0xF75C, 0xF77C, 0xF75C, 0xF77C, 0xF77C, 0xEF5C, 0xEF1B, 0xE6FA, 0xDEB9, 0xD678, 0xD658, 0xCE38,
  0xC617, 0xC5F7, 0xBDD6, 0xB575, 0xA514, 0x9CD2, 0x9471, 0x8C50, 0x840F, 0x7BAE, 0x736D, 0x630C, 0x5ACA, 0x5289, 0x4A49, 0x4228,
  0x41E7, 0x39C7, 0x3186, 0x2945, 0x2104, 0x18C3, 0x0861, 0x0000, 0x0000, 0x0000, 0x0841, 0x0841, 0x0861, 0x10A2, 0x39C7, 0x736D,
  0x8C30, 0xA4F3, 0xB575, 0xC5D6, 0xCE37, 0xD658, 0xD679, 0xDE99, 0xE6DA, 0xE6FB, 0xEF1B, 0xEF3B, 0xEF3B, 0xEF3B, 0xEF3B, 0xEF3B,
  0xEF3B, 0xEF3B, 0xEF3B, 0xEF5C, 0xF75C, 0xF75C, 0xF75C, 0xF75C, 0xF75C, 0xF77C, 0xF77C, 0xF77C, 0xF75C, 0xF77C, 0xF77C, 0xF77C,
  0xF77C, 0xF77C, 0xF77C, 0xF77C, 0xF77C, 0xF77C, 0xF77C, 0xF77C, 0xF75C, 0xEF3B, 0xEF3B, 0xEF1B, 0xEF1B, 0xEF1B, 0xEF1B, 0xE6FB,
  0xE6FB, 0xDEDA, 0xDEBA, 0xDE99, 0xD679, 0xD658, 0xCE58, 0xCE18, 0xC5F7, 0xBDD6, 0xB595, 0xAD54, 0xA514, 0xA4F3, 0x9CD3, 0x9CB2,
  0x9491, 0x8C50, 0x840F, 0x7BCE, 0x738D, 0x6B6D, 0x738D, 0x7BEF, 0x8C51, 0x9CD3, 0xB575, 0xC617, 0xD679, 0xDEB9, 0xDEDA, 0xE6DA,
  0xE6DA, 0xE6DA, 0xE6DA, 0xE6DA, 0xE6FB, 0xEF1B, 0xEF3B, 0xF75C, 0xF75C, 0xF75C, 0xF75C, 0xF75C, 0xF75C, 0xF75C, 0xF75C, 0xF75C,
  0xF77C, 0xF77C, 0xF77C, 0xF77C, 0xF75C, 0xF77C, 0xF77C, 0xF77C, 0xF77C, 0xF75C, 0xF75C, 0xF75C
};

static const uint16_t CAMERA_ASSET_W = 82;
static const uint16_t CAMERA_ASSET_H = 84;
static const uint16_t CAMERA_ASSET[6888] = {
  0xF77C, 0xF77C, 0xF77C, 0xF77C, 0xF77C, 0xF77C, 0xF77C, 0xF77C, 0xF77C, 0xF77C, 0xF77C, 0xF77C, 0xF77C, 0xF77C, 0xF77C, 0xF75C,
  0xF77C, 0xF77C, 0xF77C, 0xF77C, 0xF77C, 0xF77C, 0xF77C, 0xF77C, 0xF77C, 0xF77C, 0xF77C, 0xF77C, 0xF77C, 0xF77C, 0xF77C, 0xF77C,
  0xF77C, 0xF77C, 0xF77C, 0xF77C, 0xF77C, 0xF77C, 0xF77C, 0xF77C, 0xF77C, 0xF77C, 0xF77C, 0xF77C, 0xF77C, 0xF77C, 0xF77C, 0xF77C,
  0xF77C, 0xF77C, 0xF77C, 0xF77C, 0xF77C, 0xF77C, 0xF77C, 0xF77C, 0xF77C, 0xF77C, 0xF77C, 0xF77C, 0xF77C, 0xF77C, 0xF77C, 0xF77C,
  0xF77C, 0xF77C, 0xF77C, 0xF77C, 0xF77C, 0xF77C, 0xF77C, 0xF77C, 0xF77C, 0xF77C, 0xF77C, 0xF77C, 0xF77C, 0xF77C, 0xF77C, 0xF77C,
  0xF77C, 0xF77C, 0xF77C, 0xF77C, 0xF77C, 0xF77C, 0xF77C, 0xF77C, 0xF77C, 0xF77C, 0xF77C, 0xF77C, 0xF77C, 0xF77C, 0xF77C, 0xF77C,
  0xF77C, 0xF77C, 0xF77C, 0xF77C, 0xF77C, 0xF77C, 0xF77C, 0xF77C, 0xF77C, 0xF77C, 0xF77C, 0xF77C, 0xF77C, 0xF77C, 0xF77C, 0xF77C,
  0xF77C, 0xF77C, 0xF77C, 0xF77C, 0xF77C, 0xF77C, 0xF77C, 0xF77C, 0xF77C, 0xF77C, 0xF77C, 0xF77C, 0xF77C, 0xF77C, 0xF77C, 0xF77C,
  0xF77C, 0xF77C, 0xF77C, 0xF77C, 0xF77C, 0xF77C, 0xF77C, 0xF77C, 0xF77C, 0xF77C, 0xF77C, 0xF77C, 0xF77C, 0xF77C, 0xF77C, 0xF77C,
  0xF77C, 0xF77C, 0xF77C, 0xF77C, 0xF77C, 0xF77C, 0xF77C, 0xF77C, 0xF77C, 0xF77C, 0xF77C, 0xF77C, 0xF77C, 0xF77C, 0xF77C, 0xF77C,
  0xF77C, 0xF77C, 0xF77C, 0xF77C, 0xF77C, 0xF77C, 0xF77C, 0xF77C, 0xF77C, 0xF77C, 0xF77C, 0xF77C, 0xF77C, 0xF77C, 0xF77C, 0xF77C,
  0xF77C, 0xF77C, 0xF77C, 0xF77C, 0xF77C, 0xF77C, 0xF77C, 0xF77C, 0xF77C, 0xF77C, 0xF77C, 0xF77C, 0xF77C, 0xF77C, 0xF77C, 0xF77C,
  0xF77C, 0xF77C, 0xF77C, 0xF77C, 0xF77C, 0xF77C, 0xF77C, 0xF77C, 0xF77C, 0xF77C, 0xF77C, 0xF77C, 0xF77C, 0xF77C, 0xF77C, 0xF77C,
  0xF77C, 0xF77C, 0xF77C, 0xF77C, 0xF77C, 0xF77C, 0xF77C, 0xF77C, 0xF77C, 0xF77C, 0xF77C, 0xF77C, 0xF77C, 0xF77C, 0xF77C, 0xF77C,
  0xF77C, 0xF77C, 0xF77C, 0xF77C, 0xF77C, 0xF77C, 0xF77C, 0xF77C, 0xF77C, 0xF77C, 0xF77C, 0xF77C, 0xF77C, 0xF77C, 0xF77C, 0xF77C,
  0xF77C, 0xF77C, 0xF77C, 0xF77C, 0xF77C, 0xF77C, 0xF77C, 0xF77C, 0xF77C, 0xF77C, 0xF77C, 0xF77C, 0xF77C, 0xF77C, 0xF77C, 0xF77C,
  0xF77C, 0xF77C, 0xF77C, 0xF77C, 0xF77C, 0xF77C, 0xF77C, 0xF77C, 0xF77C, 0xF77C, 0xF77C, 0xF77C, 0xF77C, 0xF77C, 0xF77C, 0xF77C,
  0xF77C, 0xF77C, 0xF77C, 0xF77C, 0xF77C, 0xF77C, 0xF77C, 0xF77C, 0xF77C, 0xF77C, 0xF77C, 0xF77C, 0xF77C, 0xF77C, 0xF77C, 0xF77C,
  0xF77C, 0xF77C, 0xF77C, 0xF77C, 0xF77C, 0xF77C, 0xF77C, 0xF77C, 0xF77C, 0xF77C, 0xF77C, 0xF77C, 0xF77C, 0xF77C, 0xF77C, 0xF77C,
  0xF77C, 0xF77C, 0xF77C, 0xF77C, 0xF77C, 0xF77C, 0xF77C, 0xF77C, 0xF77C, 0xF77C, 0xF77C, 0xF77C, 0xF77C, 0xF77C, 0xF77C, 0xF77C,
  0xF77C, 0xF77C, 0xF77C, 0xF77C, 0xF77C, 0xF77C, 0xF77C, 0xF77C, 0xF77C, 0xF77C, 0xF77C, 0xF77C, 0xF77C, 0xF77C, 0xF77C, 0xF77C,
  0xF77C, 0xF77C, 0xF77C, 0xF77C, 0xF77C, 0xF77C, 0xF77C, 0xF77C, 0xF75C, 0xF77C, 0xF77C, 0xF77C, 0xF77C, 0xF77C, 0xF77C, 0xF77C,
  0xF77C, 0xF77C, 0xF77C, 0xF77C, 0xF77C, 0xF77C, 0xF77C, 0xF77C, 0xF77C, 0xF77C, 0xF77C, 0xF77C, 0xF77C, 0xF77C, 0xF77C, 0xF77C,
  0xF77C, 0xF77C, 0xF77C, 0xF77C, 0xF77C, 0xF77C, 0xF77C, 0xF77C, 0xF77C, 0xF77C, 0xF77C, 0xF77C, 0xF77C, 0xF77C, 0xF77C, 0xF77C,
  0xF77C, 0xF77C, 0xF77C, 0xF77C, 0xF77C, 0xF77C, 0xF77C, 0xF77C, 0xF77C, 0xF77C, 0xF77C, 0xF77C, 0xF77C, 0xF77C, 0xF77C, 0xF77C,
  0xF77C, 0xF77C, 0xF77C, 0xF77C, 0xF77C, 0xF77C, 0xF77C, 0xF77C, 0xF77C, 0xF77C, 0xF77C, 0xF77C, 0xF77C, 0xF77C, 0xF77C, 0xF77C,
  0xF77C, 0xF77C, 0xF77C, 0xF77C, 0xF77C, 0xF77C, 0xF77C, 0xF77C, 0xF77C, 0xF77C, 0xF77C, 0xF77C, 0xF77C, 0xF77C, 0xF77C, 0xF77C,
  0xF77C, 0xF77C, 0xF77C, 0xF77C, 0xF77C, 0xF77C, 0xF77C, 0xF77C, 0xF77C, 0xF77C, 0xF77C, 0xF77C, 0xF77C, 0xF77C, 0xF77C, 0xF77C,
  0xF77C, 0xF77C, 0xF77C, 0xF77C, 0xF77C, 0xF77C, 0xF77C, 0xF77C, 0xF77C, 0xF77C, 0xF77C, 0xF77C, 0xF77C, 0xF77C, 0xF77C, 0xF77C,
  0xF77C, 0xF77C, 0xF77C, 0xF77C, 0xF77C, 0xF77C, 0xF77C, 0xF77C, 0xF77C, 0xF77C, 0xF77C, 0xF77C, 0xF77C, 0xF77C, 0xF77C, 0xF77C,
  0xF77C, 0xF77C, 0xF77C, 0xF77C, 0xF77C, 0xF77C, 0xF77C, 0xF77C, 0xF77C, 0xF77C, 0xF77C, 0xF77C, 0xF77C, 0xF77C, 0xF77C, 0xF77C,
  0xF77C, 0xF77C, 0xF77C, 0xF77C, 0xF77C, 0xF77C, 0xF77C, 0xF77C, 0xF77C, 0xF77C, 0xF77C, 0xF77C, 0xF77C, 0xF77C, 0xF77C, 0xF77C,
  0xF77C, 0xF77C, 0xF77C, 0xF77C, 0xF77C, 0xF77C, 0xF77C, 0xF77C, 0xF77C, 0xF75C, 0xF75C, 0xF75B, 0xF75B, 0xF75C, 0xF75C, 0xF77C,
  0xF75C, 0xF77C, 0xF77C, 0xF77C, 0xF75C, 0xF77C, 0xF75C, 0xF75C, 0xF75C, 0xF75B, 0xF75C, 0xF77C, 0xF77C, 0xF77C, 0xF77C, 0xF77C,
  0xF77C, 0xF77C, 0xF77C, 0xF77C, 0xF77C, 0xF77C, 0xF77C, 0xF77C, 0xF77C, 0xF77C, 0xF77C, 0xF77C, 0xF77C, 0xF77C, 0xF77C, 0xF77C,
  0xF77C, 0xF77C, 0xF77C, 0xF77C, 0xF77C, 0xF77C, 0xF77C, 0xF77C, 0xF77C, 0xF77C, 0xF77C, 0xF77C, 0xF77C, 0xF77C, 0xF77C, 0xF77C,
  0xF77C, 0xF77C, 0xF77C, 0xF77C, 0xF77C, 0xF77C, 0xF77C, 0xF77C, 0xF77C, 0xF77C, 0xF77C, 0xF77C, 0xF77C, 0xF77C, 0xF77C, 0xF77C,
  0xF77C, 0xF77C, 0xF77C, 0xF77C, 0xF77C, 0xF77C, 0xF77C, 0xF77C, 0xF77C, 0xF77C, 0xF77C, 0xFF9D, 0xFFBD, 0xFFBD, 0xFFBD, 0xFFBD,
  0xFFBD, 0xFFDD, 0xFFBD, 0xFFDD, 0xFFDE, 0xFFFE, 0xFFFE, 0xFFDE, 0xFFDD, 0xFFBD, 0xFFBD, 0xFFBD, 0xFFDD, 0xFF9D, 0xF77C, 0xF77C,
  0xF77C, 0xF77C, 0xF75C, 0xF77C, 0xF77C, 0xF77C, 0xF77C, 0xF77C, 0xF77C, 0xF77C, 0xF77C, 0xF77C, 0xF77C, 0xF77C, 0xF77C, 0xF77C,
  0xF77C, 0xF77C, 0xF77C, 0xF77C, 0xF77C, 0xF77C, 0xF77C, 0xF77C, 0xF77C, 0xF77C, 0xF77C, 0xF77C, 0xF77C, 0xF77C, 0xF77C, 0xF77C,
  0xF77C, 0xF77C, 0xF77C, 0xF77C, 0xF77C, 0xF77C, 0xF77C, 0xF77C, 0xF77C, 0xF77C, 0xF77C, 0xF77C, 0xF77C, 0xF77C, 0xF77C, 0xF77C,
  0xF77C, 0xF77C, 0xF77C, 0xF77C, 0xF77C, 0xF77C, 0xF75C, 0xF77C, 0xF77C, 0xF77C, 0xF79D, 0xF79D, 0xFFDE, 0xD6BA, 0xA535, 0x9D15,
  0x9D14, 0x9D14, 0x9D14, 0x9D15, 0x9D14, 0x9CF4, 0x94D4, 0x94D3, 0x94D3, 0x94B3, 0x94B3, 0x8CB3, 0x94D3, 0x94D3, 0xA555, 0xEF5C,
  0xFFDE, 0xF77C, 0xF77C, 0xF77C, 0xF77C, 0xF75C, 0xF77C, 0xF77C, 0xF77C, 0xF77C, 0xF77C, 0xF77C, 0xF77C, 0xF77C, 0xF77C, 0xF77C,
  0xF77C, 0xF77C, 0xF77C, 0xF77C, 0xF77C, 0xF77C, 0xF77C, 0xF77C, 0xF77C, 0xF77C, 0xF77C, 0xF77C, 0xF77C, 0xF77C, 0xF77C, 0xF77C,
  0xF77C, 0xF77C, 0xF77C, 0xF77C, 0xF77C, 0xF77C, 0xF77C, 0xF77C, 0xF77C, 0xF77C, 0xF77C, 0xF77C, 0xF77C, 0xF77C, 0xF77C, 0xF77C,
  0xF77C, 0xF77C, 0xF77C, 0xF77C, 0xF77C, 0xF77C, 0xF77C, 0xF77C, 0xF77C, 0xF77C, 0xF77C, 0xF79C, 0xF77D, 0xFFDE, 0xA556, 0x31EA,
  0x1968, 0x2188, 0x2188, 0x21A9, 0x21A9, 0x2168, 0x1927, 0x1106, 0x1106, 0x10E6, 0x08E6, 0x0906, 0x1106, 0x1106, 0x1106, 0x1126,
  0x1106, 0x3A0A, 0xD6BA, 0xFFBD, 0xF75C, 0xF75C, 0xF77C, 0xF77C, 0xF77C, 0xF77C, 0xF77C, 0xF77C, 0xF77C, 0xF77C, 0xF77C, 0xF77C,
  0xF77C, 0xF77C, 0xF77C, 0xF77C, 0xF77C, 0xF77C, 0xF77C, 0xF77C, 0xF77C, 0xF77C, 0xF77C, 0xF77C, 0xF77C, 0xF77C, 0xF77C, 0xF77C,
  0xF77C, 0xF77C, 0xF77C, 0xF77C, 0xF77C, 0xF77C, 0xF77C, 0xF77C, 0xF77C, 0xF77C, 0xF77C, 0xF77C, 0xF77C, 0xF77C, 0xF77C, 0xF77C,
  0xF77C, 0xF77C, 0xF77C, 0xF77C, 0xF77C, 0xF77C, 0xF77C, 0xF77C, 0xF77C, 0xF77C, 0xF77C, 0xF77C, 0xF77C, 0xF77C, 0xFFDE, 0xCE59,
  0x1968, 0x08E5, 0x1126, 0x1106, 0x1927, 0x1947, 0x2167, 0x1947, 0x1906, 0x10E5, 0x10E5, 0x10E5, 0x10E5, 0x1105, 0x1106, 0x1106,
  0x1926, 0x1106, 0x1926, 0x0063, 0x52AB, 0xFFBD, 0xF75B, 0xF77C, 0xF77C, 0xF77C, 0xF77C, 0xF77C, 0xF77C, 0xF77C, 0xF77C, 0xF77C,
  0xF77C, 0xF77C, 0xF77C, 0xF77C, 0xF77C, 0xF77C, 0xF77C, 0xF77C, 0xF77C, 0xF77C, 0xF77C, 0xF77C, 0xF77C, 0xF77C, 0xF77C, 0xF77C,
  0xF77C, 0xF77C, 0xF77C, 0xF77C, 0xF77C, 0xF77C, 0xF77C, 0xF77C, 0xF77C, 0xF77C, 0xF77C, 0xF77C, 0xF77C, 0xF77C, 0xF77C, 0xF77C,
  0xF77C, 0xF77C, 0xF77C, 0xF77C, 0xF77C, 0xF77C, 0xF77C, 0xF77C, 0xF77C, 0xF77C, 0xF75C, 0xF75C, 0xF75C, 0xF75C, 0xF75C, 0xEF3B,
  0xFFDD, 0x7BF0, 0x00A4, 0x1126, 0x1106, 0x1106, 0x1926, 0x1926, 0x1947, 0x1946, 0x1906, 0x1105, 0x10E5, 0x10E5, 0x1105, 0x1106,
  0x1926, 0x1126, 0x1106, 0x10E5, 0x10E5, 0x08C4, 0x1925, 0xE6DA, 0xF75C, 0xF75C, 0xF77C, 0xF77C, 0xF77C, 0xF77C, 0xF75C, 0xF75C,
  0xF75C, 0xF75C, 0xF75C, 0xF75C, 0xF75C, 0xF77C, 0xF75C, 0xF77C, 0xF77C, 0xF77C, 0xF77C, 0xF77C, 0xF77C, 0xF77C, 0xF77C, 0xF77C,
  0xF77C, 0xF77C, 0xF77C, 0xF77C, 0xF77C, 0xF77C, 0xF77C, 0xF77C, 0xF77C, 0xF77C, 0xF77C, 0xF77C, 0xF77C, 0xF77C, 0xF77C, 0xF77C,
  0xF77C, 0xF77C, 0xF77C, 0xF77C, 0xF77C, 0xF77C, 0xF77C, 0xF77C, 0xF77C, 0xFF9D, 0xFFBD, 0xFFBD, 0xFFBD, 0xFFBD, 0xFFBD, 0xFFBD,
  0xFFBD, 0xFF7C, 0xFFDD, 0x4A8A, 0x0001, 0x0883, 0x0083, 0x0884, 0x08A4, 0x08A4, 0x08A4, 0x08C4, 0x08A4, 0x08A4, 0x08A4, 0x08A4,
  0x08A4, 0x08C4, 0x08C4, 0x08A4, 0x08A4, 0x0083, 0x0063, 0x0062, 0x0862, 0xD699, 0xFFDD, 0xFFBD, 0xFFBD, 0xFFDD, 0xFFDD, 0xFFBD,
  0xFFBD, 0xFFBD, 0xFFBC, 0xFFBD, 0xFF9D, 0xFFBD, 0xFF9C, 0xF77C, 0xF75C, 0xF77C, 0xF77C, 0xF77C, 0xF77C, 0xF77C, 0xF77C, 0xF77C,
  0xF77C, 0xF77C, 0xF75C, 0xF77C, 0xF77C, 0xF77C, 0xF77C, 0xF77C, 0xF77C, 0xF77C, 0xF77C, 0xF77C, 0xF77C, 0xF77C, 0xF77C, 0xF77C,
  0xF77C, 0xF77C, 0xF77C, 0xF77C, 0xF77C, 0xF77C, 0xF77C, 0xF77C, 0xF77C, 0xF77C, 0xFFBD, 0xF77C, 0xDEDB, 0xCE7A, 0xCE7A, 0xCE79,
  0xCE59, 0xCE59, 0xCE59, 0xC638, 0xCE39, 0x5ACC, 0x2987, 0x31A7, 0x31A7, 0x31A8, 0x31A8, 0x31A8, 0x31A8, 0x31A8, 0x2987, 0x2987,
  0x29A8, 0x2988, 0x2987, 0x2988, 0x2987, 0x2987, 0x2987, 0x2987, 0x2987, 0x2987, 0x2166, 0xA514, 0xBDF7, 0xBDF8, 0xC618, 0xC639,
  0xC639, 0xC639, 0xC638, 0xBE18, 0xBDF7, 0xBDD7, 0xBDD7, 0xBDF7, 0xCE79, 0xEF3B, 0xFFBD, 0xF77C, 0xF77C, 0xF77C, 0xF77C, 0xF77C,
  0xF77C, 0xF77C, 0xF77C, 0xF77C, 0xF77C, 0xF77C, 0xF77C, 0xF77C, 0xF77C, 0xF77C, 0xF77C, 0xF77C, 0xF77C, 0xF77C, 0xF77C, 0xF77C,
  0xF77C, 0xF77C, 0xF77C, 0xF77C, 0xF77C, 0xF77C, 0xF77C, 0xF77C, 0xF77C, 0xF77C, 0xF77C, 0xF79C, 0xB5D7, 0x6BB0, 0x428C, 0x3A4C,
  0x3A4C, 0x3A4C, 0x3A4B, 0x322B, 0x320B, 0x320B, 0x29EA, 0x3A4B, 0x426B, 0x426B, 0x428C, 0x428C, 0x428C, 0x428C, 0x428C, 0x428C,
  0x428C, 0x428C, 0x428C, 0x426C, 0x3A4B, 0x3A4B, 0x3A4B, 0x3A4B, 0x3A4B, 0x3A4B, 0x3A4C, 0x3A4B, 0x3A2B, 0x29A9, 0x2189, 0x21A9,
  0x29CA, 0x29EA, 0x29EA, 0x29EA, 0x29CA, 0x21A9, 0x2189, 0x2188, 0x2188, 0x2188, 0x29EA, 0x4ACD, 0xAD76, 0xFFDE, 0xF77D, 0xF77C,
  0xF77C, 0xF77C, 0xF77C, 0xF77C, 0xF77C, 0xF77C, 0xF77C, 0xF77C, 0xF77C, 0xF77C, 0xF77C, 0xF77C, 0xF77C, 0xF77C, 0xF77C, 0xF77C,
  0xF77C, 0xF77C, 0xF77C, 0xF77C, 0xF77C, 0xF77C, 0xF77C, 0xF77C, 0xF77C, 0xF77C, 0xF77C, 0xF75C, 0xFF9C, 0x9D15, 0x320A, 0x1927,
  0x1947, 0x2167, 0x2167, 0x2168, 0x2168, 0x2168, 0x2168, 0x2167, 0x2147, 0x1926, 0x1106, 0x1106, 0x1926, 0x1927, 0x1927, 0x1927,
  0x1927, 0x1927, 0x1927, 0x1947, 0x1927, 0x1927, 0x1926, 0x1106, 0x1106, 0x1106, 0x1106, 0x1126, 0x1927, 0x1927, 0x1926, 0x1926,
  0x1947, 0x1947, 0x2147, 0x2167, 0x2167, 0x2167, 0x1947, 0x1947, 0x1946, 0x1926, 0x1946, 0x1946, 0x1926, 0x1947, 0x2168, 0x8C93,
  0xFFDE, 0xF77C, 0xF77C, 0xF77C, 0xF77C, 0xF77C, 0xF77C, 0xF77C, 0xF77C, 0xF77C, 0xF77C, 0xF77C, 0xF77C, 0xF77C, 0xF77C, 0xF77C,
  0xF77C, 0xF77C, 0xF77C, 0xF77C, 0xF77C, 0xF77C, 0xF77C, 0xF77C, 0xF77C, 0xF77C, 0xF77C, 0xF77C, 0xF77C, 0xFF9D, 0xC618, 0x320A,
  0x1926, 0x2167, 0x2168, 0x2188, 0x2188, 0x2188, 0x2188, 0x2188, 0x2188, 0x2188, 0x2168, 0x2167, 0x2167, 0x2167, 0x2167, 0x2167,
  0x2167, 0x2167, 0x2167, 0x2167, 0x2167, 0x2168, 0x2168, 0x2168, 0x2168, 0x2168, 0x1967, 0x2167, 0x1947, 0x1947, 0x1967, 0x1967,
  0x1947, 0x1947, 0x1967, 0x1967, 0x1967, 0x2167, 0x2167, 0x1947, 0x1947, 0x1947, 0x1947, 0x1947, 0x1947, 0x1947, 0x2167, 0x2168,
  0x2188, 0x1967, 0xCE59, 0xFFDE, 0xF75C, 0xF77C, 0xF77C, 0xF77C, 0xF77C, 0xF77C, 0xF77C, 0xF77C, 0xF77C, 0xF77C, 0xF77C, 0xF77C,
  0xF77C, 0xF77C, 0xF77C, 0xF77C, 0xF77C, 0xF77C, 0xF77C, 0xF77C, 0xF77C, 0xF77C, 0xF77C, 0xF77C, 0xF77C, 0xF77C, 0xF77C, 0xFFBD,
  0x7C32, 0x1926, 0x2167, 0x2167, 0x2167, 0x2167, 0x2168, 0x2168, 0x2188, 0x2188, 0x2168, 0x2168, 0x2167, 0x2167, 0x1947, 0x1947,
  0x1947, 0x1947, 0x1947, 0x1947, 0x1947, 0x1947, 0x1947, 0x1947, 0x1947, 0x1927, 0x1927, 0x1927, 0x1947, 0x1947, 0x1927, 0x1947,
  0x1947, 0x1947, 0x1947, 0x1947, 0x1947, 0x1947, 0x1947, 0x1947, 0x1947, 0x1947, 0x1947, 0x1947, 0x1947, 0x1947, 0x1947, 0x1947,
  0x1947, 0x1967, 0x2188, 0x1106, 0x73D0, 0xFFFE, 0xF75C, 0xF77C, 0xF77C, 0xF77C, 0xF77C, 0xF77C, 0xF77C, 0xF77C, 0xF77C, 0xF77C,
  0xF77C, 0xF77C, 0xF77C, 0xF77C, 0xF75C, 0xF75C, 0xF77C, 0xF77C, 0xF77C, 0xF77C, 0xF77C, 0xF77C, 0xF77C, 0xF77C, 0xF77C, 0xF77C,
  0xF77C, 0xFFBD, 0x5B2E, 0x1126, 0x2167, 0x2167, 0x2167, 0x2167, 0x2168, 0x2168, 0x2168, 0x2167, 0x2167, 0x2167, 0x2167, 0x2167,
  0x1967, 0x1947, 0x1947, 0x1947, 0x1947, 0x1927, 0x1926, 0x1926, 0x2188, 0x31E9, 0x322A, 0x3A2A, 0x320A, 0x29E9, 0x21A8, 0x2168,
  0x1947, 0x1926, 0x1947, 0x1947, 0x1947, 0x1947, 0x1947, 0x1947, 0x1947, 0x1947, 0x1947, 0x1947, 0x1947, 0x1926, 0x1926, 0x1947,
  0x1947, 0x1947, 0x1947, 0x1947, 0x1967, 0x1927, 0x426B, 0xF79C, 0xF75C, 0xF77C, 0xF77C, 0xF77C, 0xF77C, 0xF77C, 0xF77C, 0xF77C,
  0xF77C, 0xF77C, 0xF77C, 0xF77C, 0xF77C, 0xF77C, 0xF77C, 0xF77C, 0xF77C, 0xF77C, 0xF77C, 0xF77C, 0xF77C, 0xF77C, 0xF77C, 0xF77C,
  0xF77C, 0xF77C, 0xF77C, 0xFF9D, 0x530E, 0x1927, 0x2167, 0x2167, 0x2167, 0x2168, 0x2168, 0x2167, 0x2167, 0x2167, 0x2167, 0x2167,
  0x2167, 0x2167, 0x2167, 0x1947, 0x1947, 0x1967, 0x1926, 0x1947, 0x29A8, 0x31EA, 0x320A, 0x31E9, 0x29A9, 0x2188, 0x2188, 0x2188,
  0x2188, 0x2188, 0x2188, 0x2188, 0x1947, 0x1947, 0x1947, 0x1947, 0x1947, 0x1947, 0x1947, 0x1947, 0x1947, 0x1947, 0x1947, 0x1947,
  0x1947, 0x1967, 0x1947, 0x1947, 0x1947, 0x1947, 0x1947, 0x1106, 0x3A2A, 0xF77C, 0xF75C, 0xF77C, 0xF77C, 0xF77C, 0xF77C, 0xF77C,
  0xF77C, 0xF77C, 0xF77C, 0xF77C, 0xF77C, 0xF77C, 0xF77C, 0xF77C, 0xF77C, 0xF77C, 0xF77C, 0xF77C, 0xF77C, 0xF77C, 0xF77C, 0xF77C,
  0xF77C, 0xF77C, 0xF77C, 0xF77C, 0xF77C, 0xFF9D, 0x5B0E, 0x1927, 0x2168, 0x1947, 0x1947, 0x1967, 0x2167, 0x1947, 0x1947, 0x1947,
  0x1947, 0x1947, 0x2167, 0x1967, 0x1967, 0x1967, 0x1967, 0x1947, 0x21A8, 0x29E9, 0x2188, 0x2167, 0x1126, 0x08C5, 0x0084, 0x0042,
  0x0022, 0x0042, 0x0084, 0x10E5, 0x1927, 0x1947, 0x2168, 0x2167, 0x1947, 0x1947, 0x1927, 0x1927, 0x1926, 0x1926, 0x1927, 0x1947,
  0x1947, 0x08C5, 0x10E5, 0x10E6, 0x1967, 0x1947, 0x1947, 0x1926, 0x1926, 0x10E5, 0x422A, 0xF77C, 0xF75C, 0xF77C, 0xF77C, 0xF77C,
  0xF77C, 0xF77C, 0xF77C, 0xF77C, 0xF77C, 0xF77C, 0xF77C, 0xF77C, 0xF77C, 0xF77C, 0xF77C, 0xF77C, 0xF77C, 0xF77C, 0xF77C, 0xF77C,
  0xF77C, 0xF77C, 0xF77C, 0xF77C, 0xF77C, 0xF77C, 0xF75C, 0xFF9D, 0x530D, 0x1126, 0x2167, 0x1947, 0x1947, 0x1947, 0x1947, 0x1947,
  0x1947, 0x1947, 0x1947, 0x1947, 0x1967, 0x1967, 0x1967, 0x1947, 0x1947, 0x29C9, 0x2168, 0x1906, 0x1106, 0x08A5, 0x10E5, 0x31C8,
  0x424A, 0x632D, 0x738E, 0x52EC, 0x3A09, 0x2146, 0x0884, 0x10E6, 0x1947, 0x1927, 0x1927, 0x1926, 0x1926, 0x1926, 0x1926, 0x1926,
  0x1926, 0x1947, 0x1105, 0x8431, 0xBDD7, 0x5AED, 0x10E6, 0x1947, 0x1926, 0x1906, 0x1906, 0x08C5, 0x3A29, 0xF79D, 0xF75C, 0xF77C,
  0xF77C, 0xF77C, 0xF77C, 0xF77C, 0xF77C, 0xF77C, 0xF77C, 0xF77C, 0xF77C, 0xF77C, 0xF77C, 0xF77C, 0xF77C, 0xF77C, 0xF77C, 0xF77C,
  0xF77C, 0xF77C, 0xF77C, 0xF77C, 0xF77C, 0xF77C, 0xF77C, 0xF77C, 0xF77C, 0xFF9D, 0x52ED, 0x1106, 0x2167, 0x1947, 0x1947, 0x1947,
  0x1947, 0x1947, 0x1947, 0x1947, 0x1947, 0x1947, 0x1947, 0x1967, 0x1967, 0x1947, 0x29C9, 0x1926, 0x10E5, 0x08A4, 0x10E5, 0x6B6E,
  0xBDF7, 0xEF5C, 0xF77C, 0xFF9C, 0xFF9D, 0xF79D, 0xF77D, 0xDEFB, 0x9CD3, 0x3A09, 0x0084, 0x10E6, 0x1106, 0x1106, 0x1926, 0x1106,
  0x1106, 0x1926, 0x1947, 0x08C5, 0x6B6E, 0xFFFF, 0xEF5D, 0xE6FB, 0x1926, 0x1106, 0x1906, 0x1106, 0x1906, 0x08C5, 0x422A, 0xFF9D,
  0xF75C, 0xF77C, 0xF77C, 0xF77C, 0xF77C, 0xF77C, 0xF77C, 0xF77C, 0xF77C, 0xF77C, 0xF77C, 0xF77C, 0xF77C, 0xF77C, 0xF77C, 0xF77C,
  0xF77C, 0xF77C, 0xF77C, 0xF77C, 0xF77C, 0xF77C, 0xF77C, 0xF77C, 0xF77C, 0xF77C, 0xF77C, 0xFFBD, 0x52ED, 0x1106, 0x1947, 0x1947,
  0x1947, 0x1947, 0x1947, 0x1926, 0x1946, 0x1947, 0x1926, 0x1927, 0x1947, 0x1947, 0x1947, 0x29C9, 0x1926, 0x10E5, 0x0063, 0x39E9,
  0xC638, 0xFFFF, 0xFFBE, 0xFF9D, 0xFFBD, 0xFF9D, 0xFFBD, 0xFFBD, 0xFFBE, 0xFFBE, 0xFFDE, 0xF77D, 0x8C51, 0x08A4, 0x08A4, 0x10E5,
  0x1105, 0x1926, 0x1106, 0x1106, 0x1947, 0x08C5, 0x5B0D, 0xFFDF, 0xFFDF, 0xCE59, 0x10E5, 0x1106, 0x1106, 0x1106, 0x1106, 0x08C5,
  0x422A, 0xFF9D, 0xF77C, 0xF77C, 0xF77C, 0xF77C, 0xF77C, 0xF77C, 0xF77C, 0xF77C, 0xF77C, 0xF77C, 0xF77C, 0xF77C, 0xF77C, 0xF77C,
  0xF77C, 0xF77C, 0xF77C, 0xF77C, 0xF77C, 0xF77C, 0xF77C, 0xF77C, 0xF77C, 0xF77C, 0xF77C, 0xF77C, 0xF77C, 0xFFBD, 0x52ED, 0x1106,
  0x1947, 0x1926, 0x1926, 0x1926, 0x1926, 0x1926, 0x1926, 0x1926, 0x1926, 0x1926, 0x1947, 0x1926, 0x29C9, 0x1947, 0x10E5, 0x0063,
  0x5AEC, 0xF79D, 0xFFBE, 0xF79D, 0xFFFF, 0xE6FB, 0xAD75, 0x9491, 0x8C51, 0xA514, 0xC638, 0xF79D, 0xFFDE, 0xEF5C, 0xFFDE, 0xBDF7,
  0x18E5, 0x0884, 0x10E5, 0x1106, 0x1926, 0x1126, 0x1926, 0x1927, 0x10E5, 0x5B2D, 0x94B3, 0x39E9, 0x10E5, 0x1926, 0x1106, 0x1106,
  0x1106, 0x08C5, 0x422A, 0xFF9D, 0xF77C, 0xF77C, 0xF77C, 0xF77C, 0xF77C, 0xF77C, 0xF77C, 0xF77C, 0xF77C, 0xF77C, 0xF77C, 0xF77C,
  0xF77C, 0xF77C, 0xF77C, 0xF77C, 0xF77C, 0xF77C, 0xF77C, 0xF77C, 0xF77C, 0xF77C, 0xF77C, 0xF77C, 0xF77C, 0xF77C, 0xF77C, 0xFF9D,
  0x52CD, 0x10E6, 0x1926, 0x1926, 0x1926, 0x1926, 0x1926, 0x1926, 0x1926, 0x1926, 0x1926, 0x1926, 0x1926, 0x2167, 0x2167, 0x10E5,
  0x0063, 0x52CB, 0xFFBD, 0xEF3C, 0xFFDE, 0xDEFB, 0x6B8E, 0x1905, 0x0063, 0x0043, 0x0042, 0x0043, 0x0084, 0x31A7, 0x9CF3, 0xF79D,
  0xEF3B, 0xFFBD, 0xCE38, 0x10C5, 0x08C5, 0x1106, 0x1126, 0x1106, 0x1126, 0x1126, 0x1927, 0x08C5, 0x0884, 0x10E5, 0x1926, 0x1106,
  0x1106, 0x1106, 0x1106, 0x08C5, 0x422A, 0xFF9D, 0xF77C, 0xF77C, 0xF77C, 0xF77C, 0xF77C, 0xF77C, 0xF77C, 0xF77C, 0xF77C, 0xF77C,
  0xF77C, 0xF77C, 0xF77C, 0xF77C, 0xF77C, 0xF77C, 0xF77C, 0xF77C, 0xF77C, 0xF77C, 0xF77C, 0xF77C, 0xF77C, 0xF77C, 0xF77C, 0xF77C,
  0xF77C, 0xFF9D, 0x52CC, 0x10E5, 0x1926, 0x1926, 0x1926, 0x1926, 0x1926, 0x1926, 0x1926, 0x1926, 0x1926, 0x1926, 0x1926, 0x2188,
  0x1106, 0x08C5, 0x2987, 0xEF3C, 0xEF3B, 0xFFBD, 0xB595, 0x10E4, 0x0042, 0x08A4, 0x08E5, 0x08C5, 0x08E5, 0x08E5, 0x08A4, 0x0063,
  0x0000, 0x4A49, 0xE71B, 0xF75C, 0xFFDE, 0xAD55, 0x0084, 0x1106, 0x1106, 0x1106, 0x1106, 0x1106, 0x1106, 0x1926, 0x1926, 0x1126,
  0x1106, 0x1106, 0x1106, 0x1106, 0x1106, 0x08C5, 0x422A, 0xFF9D, 0xF77C, 0xF77C, 0xF77C, 0xF77C, 0xF77C, 0xF77C, 0xF77C, 0xF77C,
  0xF77C, 0xF77C, 0xF77C, 0xF77C, 0xF77C, 0xF77C, 0xF77C, 0xF77C, 0xF77C, 0xF77C, 0xF77C, 0xF77C, 0xF77C, 0xF77C, 0xF77C, 0xF77C,
  0xF77C, 0xF77C, 0xF77C, 0xFF9D, 0x4ACC, 0x08C5, 0x1906, 0x1106, 0x1106, 0x1926, 0x1906, 0x1926, 0x1926, 0x1926, 0x1926, 0x1926,
  0x1947, 0x1947, 0x1106, 0x0884, 0xAD75, 0xFF9D, 0xF79D, 0xB595, 0x0041, 0x0063, 0x08A4, 0x0883, 0x08A4, 0x08A4, 0x08A4, 0x0063,
  0x08A4, 0x0043, 0x08A4, 0x0002, 0x31C7, 0xEF3C, 0xF77D, 0xFFFF, 0x5B0C, 0x0084, 0x10E5, 0x10E5, 0x10E5, 0x1106, 0x1106, 0x10E5,
  0x1105, 0x1106, 0x1106, 0x1106, 0x1106, 0x1106, 0x1906, 0x08C5, 0x422A, 0xFF9D, 0xF77C, 0xF77C, 0xF77C, 0xF77C, 0xF77C, 0xF77C,
  0xF77C, 0xF77C, 0xF77C, 0xF77C, 0xF77C, 0xF77C, 0xF77C, 0xF77C, 0xF77C, 0xF77C, 0xF77C, 0xF77C, 0xF77C, 0xF77C, 0xF77C, 0xF77C,
  0xF77C, 0xF77C, 0xF77C, 0xF77C, 0xF77C, 0xF79D, 0x4AAC, 0x08C5, 0x1906, 0x1106, 0x1106, 0x1106, 0x1106, 0x1106, 0x1106, 0x1106,
  0x1926, 0x1106, 0x1926, 0x1106, 0x00A4, 0x424A, 0xF7BE, 0xF77D, 0xEF1B, 0x2125, 0x0042, 0x0883, 0x0063, 0x0083, 0x0883, 0x0083,
  0x08C4, 0x6B6F, 0x8452, 0x52CC, 0x0884, 0x10E5, 0x0022, 0x632D, 0xFFDE, 0xFFBE, 0xCE38, 0x0883, 0x10C5, 0x10C4, 0x10E5, 0x10E5,
  0x10E5, 0x10E5, 0x1105, 0x10E5, 0x1105, 0x1106, 0x1106, 0x1106, 0x1926, 0x08C5, 0x424A, 0xFF9D, 0xF77C, 0xF77C, 0xF77C, 0xF77C,
  0xF77C, 0xF77C, 0xF77C, 0xF77C, 0xF77C, 0xF77C, 0xF77C, 0xF77C, 0xF77C, 0xF77C, 0xF77C, 0xF77C, 0xF77C, 0xF77C, 0xF77C, 0xF77C,
  0xF77C, 0xF77C, 0xF77C, 0xF77C, 0xF77C, 0xF77C, 0xF77C, 0xF79D, 0x4A8C, 0x08C5, 0x1106, 0x1106, 0x1106, 0x1106, 0x1106, 0x1106,
  0x1106, 0x1106, 0x1106, 0x1106, 0x1105, 0x10E5, 0x0043, 0x9CB3, 0xFFBE, 0xFFDE, 0x7BCF, 0x0001, 0x08A3, 0x0063, 0x0063, 0x0042,
  0x0062, 0x0021, 0x4A6B, 0x9D15, 0x8C73, 0x9CF5, 0x4AAC, 0x0063, 0x08C5, 0x0084, 0xC618, 0xFF9D, 0xF77D, 0x4209, 0x0083, 0x10C5,
  0x10E5, 0x10E5, 0x10E5, 0x10E5, 0x10E5, 0x10E5, 0x10E5, 0x10E5, 0x1106, 0x1106, 0x1906, 0x08C5, 0x424A, 0xFFBD, 0xF77C, 0xF77C,
  0xF77C, 0xF77C, 0xF77C, 0xF77C, 0xF77C, 0xF77C, 0xF77C, 0xF77C, 0xF77C, 0xF77C, 0xF77C, 0xF77C, 0xF77C, 0xF77C, 0xF77C, 0xF77C,
  0xF77C, 0xF77C, 0xF77C, 0xF77C, 0xF77C, 0xF77C, 0xF77C, 0xF77C, 0xF77C, 0xF79D, 0x4A8C, 0x08C5, 0x1106, 0x1106, 0x1106, 0x1106,
  0x1106, 0x1106, 0x1106, 0x1106, 0x1106, 0x1106, 0x08C5, 0x08A4, 0x0883, 0xCE58, 0xF77C, 0xEF3B, 0x2966, 0x0042, 0x0883, 0x0884,
  0x0063, 0x1925, 0x52ED, 0x428B, 0x52CC, 0x8C93, 0x73F1, 0x8452, 0x634E, 0x0063, 0x08C4, 0x0002, 0x738E, 0xFF9D, 0xFF9D, 0x7BF0,
  0x0043, 0x10E5, 0x08C4, 0x10E5, 0x10E5, 0x10E5, 0x10E5, 0x10E5, 0x10E5, 0x10E5, 0x10E5, 0x1106, 0x1106, 0x08C5, 0x424A, 0xFFBD,
  0xF77C, 0xF77C, 0xF77C, 0xF77C, 0xF77C, 0xF77C, 0xF77C, 0xF77C, 0xF77C, 0xF77C, 0xF77C, 0xF77C, 0xF77C, 0xF77C, 0xF77C, 0xF77C,
  0xF77C, 0xF77C, 0xF77C, 0xF77C, 0xF77C, 0xF77C, 0xF77C, 0xF77C, 0xF77C, 0xF77C, 0xF77C, 0xF79D, 0x4A8C, 0x08C5, 0x1106, 0x1106,
  0x1106, 0x1106, 0x1106, 0x1106, 0x1106, 0x1106, 0x1105, 0x10E5, 0x08A4, 0x0063, 0x2125, 0xE6DA, 0xFF7C, 0xCE37, 0x0863, 0x0084,
  0x08A4, 0x08A4, 0x08A4, 0x5B2E, 0x6BB0, 0x3A2A, 0x10A3, 0x632E, 0x7C32, 0x6B8F, 0x1926, 0x0083, 0x0883, 0x0022, 0x31C8, 0xF75C,
  0xF77D, 0xA534, 0x0063, 0x10C5, 0x08A4, 0x10E5, 0x10E5, 0x10E5, 0x10E5, 0x10E5, 0x10E5, 0x10E5, 0x10E5, 0x10E5, 0x1106, 0x08A4,
  0x424A, 0xFFBD, 0xF77C, 0xF77C, 0xF77C, 0xF77C, 0xF77C, 0xF77C, 0xF77C, 0xF77C, 0xF77C, 0xF77C, 0xF77C, 0xF77C, 0xF77C, 0xF77C,
  0xF77C, 0xF77C, 0xF77C, 0xF77C, 0xF77C, 0xF77C, 0xF77C, 0xF77C, 0xF77C, 0xF77C, 0xF77C, 0xF77C, 0xF77C, 0xFF9D, 0x4A8C, 0x08C5,
  0x1106, 0x10E6, 0x1106, 0x1106, 0x1106, 0x1106, 0x1105, 0x10E5, 0x10E5, 0x10E5, 0x08C4, 0x0063, 0x4229, 0xF77C, 0xFFBD, 0xAD54,
  0x0043, 0x08C5, 0x08A4, 0x00A4, 0x10E5, 0x3A2A, 0x29E9, 0x0063, 0x0021, 0x0021, 0x18E4, 0x0883, 0x0062, 0x0883, 0x0883, 0x0063,
  0x1925, 0xDEDA, 0xFF9D, 0xBDF7, 0x0884, 0x08C4, 0x08A4, 0x10E5, 0x10E5, 0x10E5, 0x10E5, 0x10E5, 0x10E5, 0x10E5, 0x10E5, 0x10E5,
  0x1106, 0x08A4, 0x422A, 0xFFBD, 0xF77C, 0xF77C, 0xF77C, 0xF77C, 0xF77C, 0xF77C, 0xF77C, 0xF77C, 0xF77C, 0xF77C, 0xF77C, 0xF77C,
  0xF77C, 0xF77C, 0xF77C, 0xF77C, 0xF77C, 0xF77C, 0xF77C, 0xF77C, 0xF77C, 0xF77C, 0xF77C, 0xF77C, 0xF77C, 0xF77C, 0xF77C, 0xFF9D,
  0x4A8B, 0x08C5, 0x1106, 0x1105, 0x10E6, 0x1106, 0x1106, 0x1105, 0x10E5, 0x10E5, 0x10E5, 0x10E5, 0x08C5, 0x0063, 0x4A6A, 0xF79D,
  0xFFDE, 0xA514, 0x0043, 0x08C5, 0x08A4, 0x08A4, 0x08A4, 0x08C5, 0x0083, 0x0063, 0x0062, 0x0042, 0x0021, 0x0041, 0x0883, 0x08A4,
  0x08A4, 0x00A4, 0x1905, 0xDEBA, 0xFFBE, 0xBDF7, 0x0883, 0x08C4, 0x08A4, 0x10E5, 0x10E5, 0x10E5, 0x10E5, 0x10E5, 0x10E5, 0x10E5,
  0x10E5, 0x10E5, 0x10E5, 0x08A4, 0x422A, 0xFFBD, 0xF77C, 0xF77C, 0xF77C, 0xF77C, 0xF77C, 0xF77C, 0xF77C, 0xF77C, 0xF77C, 0xF77C,
  0xF77C, 0xF77C, 0xF77C, 0xF77C, 0xF77C, 0xF77C, 0xF77C, 0xF77C, 0xF77C, 0xF77C, 0xF77C, 0xF77C, 0xF77C, 0xF77C, 0xF77C, 0xF77C,
  0xF77C, 0xFF9D, 0x4A8C, 0x08A4, 0x1106, 0x10E5, 0x10E5, 0x10E5, 0x10E5, 0x10E5, 0x10E5, 0x10E5, 0x10E5, 0x10E5, 0x10E5, 0x0084,
  0x4249, 0xF79D, 0xFFBE, 0xBDD6, 0x0063, 0x08A4, 0x08A4, 0x08A4, 0x0083, 0x0063, 0x0063, 0x0063, 0x0062, 0x0062, 0x0062, 0x0062,
  0x08C5, 0x08C5, 0x08E5, 0x00A4, 0x2187, 0xE71B, 0xFFBD, 0xAD75, 0x0043, 0x08C5, 0x08A4, 0x10C5, 0x10E5, 0x10E5, 0x10E5, 0x10E5,
  0x10E5, 0x10E5, 0x10E5, 0x10E5, 0x10E5, 0x00A4, 0x422A, 0xFFBD, 0xF77C, 0xF77C, 0xF77C, 0xF77C, 0xF77C, 0xF77C, 0xF77C, 0xF77C,
  0xF77C, 0xF77C, 0xF77C, 0xF77C, 0xF77C, 0xF77C, 0xF77C, 0xF77C, 0xF77C, 0xF77C, 0xF77C, 0xF77C, 0xF77C, 0xF77C, 0xF77C, 0xF77C,
  0xF77C, 0xF77C, 0xF77C, 0xFFBD, 0x4A8B, 0x08A5, 0x1106, 0x10E5, 0x10E5, 0x10E5, 0x10E5, 0x10E5, 0x10E5, 0x10E5, 0x10E5, 0x10E5,
  0x08C5, 0x08A4, 0x2146, 0xE6FB, 0xF77D, 0xDE99, 0x10C4, 0x0083, 0x08A4, 0x08A4, 0x08A4, 0x0062, 0x0062, 0x0063, 0x0063, 0x0083,
  0x0062, 0x08A4, 0x1106, 0x08E5, 0x1106, 0x0063, 0x4AAB, 0xF79D, 0xFF7D, 0x8C31, 0x0022, 0x10E5, 0x08A4, 0x10C5, 0x10E5, 0x10C5,
  0x10C5, 0x10C5, 0x10E5, 0x10E5, 0x10C5, 0x10E5, 0x10E5, 0x0084, 0x422A, 0xFFBD, 0xF77C, 0xF77C, 0xF77C, 0xF77C, 0xF77C, 0xF77C,
  0xF77C, 0xF77C, 0xF77C, 0xF77C, 0xF77C, 0xF77C, 0xF77C, 0xF77C, 0xF77C, 0xF77C, 0xF77C, 0xF77C, 0xF77C, 0xF77C, 0xF77C, 0xF77C,
  0xF77C, 0xF77C, 0xF77C, 0xF77C, 0xF77C, 0xFFBD, 0x426B, 0x08A5, 0x1105, 0x10E5, 0x10E5, 0x10E5, 0x10E5, 0x10E5, 0x10E5, 0x10E5,
  0x10E5, 0x10E5, 0x08A4, 0x08C4, 0x0062, 0xB596, 0xF75C, 0xF75C, 0x4A49, 0x0022, 0x08C4, 0x08C4, 0x08C5, 0x08C4, 0x0083, 0x0063,
  0x0063, 0x0063, 0x08C4, 0x1127, 0x1106, 0x10E6, 0x10E5, 0x0001, 0x94B2, 0xFF7D, 0xF75C, 0x52AC, 0x0042, 0x08C4, 0x08A4, 0x08C5,
  0x08C5, 0x10C5, 0x08C5, 0x08C5, 0x10C5, 0x10E5, 0x10C5, 0x10C5, 0x10E5, 0x0084, 0x422A, 0xFFBD, 0xF77C, 0xF77C, 0xF77C, 0xF77C,
  0xF77C, 0xF77C, 0xF77C, 0xF77C, 0xF77C, 0xF77C, 0xF77C, 0xF77C, 0xF77C, 0xF77C, 0xF77C, 0xF77C, 0xF77C, 0xF77C, 0xF77C, 0xF77C,
  0xF77C, 0xF77C, 0xF77C, 0xF77C, 0xF77C, 0xF77C, 0xF77C, 0xFF9D, 0x426B, 0x08A5, 0x1105, 0x10E5, 0x10E5, 0x10E5, 0x10E5, 0x10E5,
  0x10E5, 0x10E5, 0x10E5, 0x10E5, 0x08C4, 0x10C5, 0x0022, 0x6B4D, 0xFF7D, 0xF75C, 0xB575, 0x0022, 0x08E5, 0x10E5, 0x1106, 0x1126,
  0x1126, 0x1105, 0x10E5, 0x1106, 0x1947, 0x1927, 0x1106, 0x1106, 0x0042, 0x2146, 0xEF1B, 0xF73C, 0xD699, 0x10E5, 0x00A4, 0x08A4,
  0x08A4, 0x08C5, 0x08C5, 0x08C5, 0x08C5, 0x08C5, 0x08C5, 0x10C5, 0x10C5, 0x10C5, 0x10E5, 0x0083, 0x424A, 0xFFBE, 0xF77C, 0xF77C,
  0xF77C, 0xF77C, 0xF77C, 0xF77C, 0xF77C, 0xF77C, 0xF77C, 0xF77C, 0xF77C, 0xF77C, 0xF77C, 0xF77C, 0xF77C, 0xF77C, 0xF77C, 0xF77C,
  0xF77C, 0xF77C, 0xF77C, 0xF77C, 0xF77C, 0xF77C, 0xF77C, 0xF77C, 0xF77C, 0xFF9D, 0x426B, 0x08A5, 0x10E5, 0x10E5, 0x10E5, 0x10C5,
  0x10E5, 0x10E5, 0x10E5, 0x10E5, 0x10E5, 0x10E5, 0x08C4, 0x08C5, 0x08A4, 0x18E4, 0xDEBA, 0xEF3C, 0xFF9D, 0x6B6E, 0x0002, 0x1947,
  0x1947, 0x1127, 0x1947, 0x1947, 0x1947, 0x1927, 0x1926, 0x1947, 0x2147, 0x08A3, 0x0000, 0xA534, 0xEF3B, 0xFF7D, 0x8431, 0x0023,
  0x08C5, 0x08A4, 0x08A4, 0x08C4, 0x08C4, 0x08C4, 0x08C5, 0x08C5, 0x08C5, 0x08C5, 0x08C5, 0x08C5, 0x10E5, 0x0083, 0x422A, 0xFFBD,
  0xF77C, 0xF77C, 0xF77C, 0xF77C, 0xF77C, 0xF77C, 0xF77C, 0xF77C, 0xF77C, 0xF77C, 0xF77C, 0xF77C, 0xF77C, 0xF77C, 0xF77C, 0xF77C,
  0xF77C, 0xF77C, 0xF77C, 0xF77C, 0xF77C, 0xF77C, 0xF77C, 0xF77C, 0xF77C, 0xF77C, 0xF77C, 0xFF9D, 0x424A, 0x08A4, 0x10E5, 0x10E5,
  0x10E5, 0x10E5, 0x10E5, 0x10C5, 0x10E5, 0x10E5, 0x10E5, 0x10E5, 0x08C4, 0x08C4, 0x10E5, 0x0042, 0x73AF, 0xFFDE, 0xE71B, 0xF79D,
  0x5ACC, 0x0002, 0x1126, 0x2188, 0x1968, 0x1947, 0x1947, 0x1967, 0x2187, 0x2167, 0x0083, 0x0021, 0x9492, 0xF77D, 0xEF1B, 0xDE99,
  0x10E5, 0x0084, 0x08C4, 0x0884, 0x08A4, 0x08A4, 0x08A4, 0x08C4, 0x08C4, 0x08C5, 0x08C5, 0x08C5, 0x08C5, 0x08C4, 0x10E5, 0x0083,
  0x424A, 0xFFBD, 0xF77C, 0xF77C, 0xF77C, 0xF77C, 0xF77C, 0xF77C, 0xF77C, 0xF77C, 0xF77C, 0xF77C, 0xF77C, 0xF77C, 0xF77C, 0xF77C,
  0xF77C, 0xF77C, 0xF77C, 0xF77C, 0xF77C, 0xF77C, 0xF77C, 0xF77C, 0xF77C, 0xF77C, 0xF77C, 0xF77C, 0xF77C, 0xFF9D, 0x426A, 0x0084,
  0x10E5, 0x10C5, 0x10C5, 0x10C5, 0x10C5, 0x10E5, 0x10C5, 0x10C5, 0x10C5, 0x10C5, 0x08C4, 0x08A4, 0x08C5, 0x08C5, 0x0883, 0xB576,
  0xFFBE, 0xEF3C, 0xF79D, 0x7BEF, 0x0883, 0x0042, 0x08C4, 0x10E5, 0x1106, 0x10E6, 0x08A4, 0x0021, 0x2966, 0xB596, 0xF79D, 0xE71B,
  0xF77D, 0x424A, 0x0043, 0x08C4, 0x0884, 0x0083, 0x08A4, 0x08A4, 0x08A4, 0x08C4, 0x08C4, 0x08C5, 0x08C5, 0x08C4, 0x08C4, 0x08C4,
  0x10E5, 0x0083, 0x424A, 0xFFBD, 0xF75C, 0xF77C, 0xF77C, 0xF77C, 0xF77C, 0xF77C, 0xF77C, 0xF77C, 0xF77C, 0xF77C, 0xF77C, 0xF77C,
  0xF77C, 0xF77C, 0xF77C, 0xF77C, 0xF77C, 0xF77C, 0xF77C, 0xF77C, 0xF77C, 0xF77C, 0xF77C, 0xF77C, 0xF77C, 0xF77C, 0xF77C, 0xFFBD,
  0x426B, 0x08A4, 0x10E5, 0x10C5, 0x10C5, 0x10C5, 0x10C5, 0x10C5, 0x10C5, 0x10C5, 0x10C5, 0x08C4, 0x08C4, 0x08A4, 0x08A4, 0x08C4,
  0x0083, 0x10C4, 0xC618, 0xFFBE, 0xE71B, 0xFFDE, 0xD679, 0x73AE, 0x39E7, 0x18E4, 0x10C4, 0x2967, 0x52AB, 0x9CF3, 0xEF3C, 0xEF5C,
  0xE71C, 0xFFBE, 0x632D, 0x0043, 0x08C5, 0x08A4, 0x0083, 0x08A4, 0x08A4, 0x08A4, 0x08A4, 0x08C4, 0x08C4, 0x08C4, 0x08C4, 0x08C4,
  0x08C4, 0x08C4, 0x10C5, 0x0083, 0x424A, 0xFFBE, 0xF77C, 0xF77C, 0xF77C, 0xF77C, 0xF77C, 0xF77C, 0xF77C, 0xF77C, 0xF77C, 0xF77C,
  0xF77C, 0xF77C, 0xF77C, 0xF77C, 0xF77C, 0xF77C, 0xF77C, 0xF77C, 0xF77C, 0xF77C, 0xF77C, 0xF77C, 0xF77C, 0xF77C, 0xF77C, 0xF77C,
  0xF77C, 0xFFBD, 0x424A, 0x00A4, 0x10E5, 0x10C5, 0x08C4, 0x08C4, 0x10C5, 0x10C5, 0x10C5, 0x08C5, 0x10C5, 0x08C4, 0x08C4, 0x08A4,
  0x0883, 0x08A4, 0x08A4, 0x0063, 0x10C4, 0xAD55, 0xFFDE, 0xEF5D, 0xEF5D, 0xF77D, 0xE71B, 0xD699, 0xD679, 0xE6FB, 0xF79D, 0xF77D,
  0xE71B, 0xF77D, 0xE6FB, 0x52AB, 0x0063, 0x10E6, 0x08C5, 0x0083, 0x0083, 0x08A4, 0x08A4, 0x08A4, 0x08C4, 0x08C4, 0x08C4, 0x08C4,
  0x08A4, 0x08C4, 0x08C4, 0x08C4, 0x10C5, 0x0063, 0x4229, 0xFFBD, 0xF77C, 0xF77C, 0xF77C, 0xF77C, 0xF77C, 0xF77C, 0xF77C, 0xF77C,
  0xF77C, 0xF77C, 0xF77C, 0xF77C, 0xF77C, 0xF77C, 0xF77C, 0xF77C, 0xF77C, 0xF77C, 0xF77C, 0xF77C, 0xF77C, 0xF77C, 0xF77C, 0xF77C,
  0xF77C, 0xF77C, 0xF77C, 0xFFDE, 0x4A8B, 0x0084, 0x10C5, 0x10C4, 0x08C4, 0x08C4, 0x10C5, 0x08C4, 0x10C5, 0x08C5, 0x08C4, 0x08C4,
  0x08A4, 0x08A4, 0x0883, 0x0063, 0x08A4, 0x08C4, 0x08A4, 0x0084, 0x632D, 0xD69A, 0xF79D, 0xEF5C, 0xEF1B, 0xE6FB, 0xE6FB, 0xE71B,
  0xEF5C, 0xF77D, 0xEF3C, 0xA514, 0x2146, 0x0063, 0x10E5, 0x08E5, 0x08A4, 0x0083, 0x08A4, 0x08A4, 0x08A4, 0x08A4, 0x08C4, 0x08C4,
  0x08C4, 0x08A4, 0x08A4, 0x08A4, 0x08A4, 0x08A4, 0x08C5, 0x0063, 0x5AEC, 0xFFDE, 0xF75C, 0xF77C, 0xF77C, 0xF77C, 0xF77C, 0xF77C,
  0xF77C, 0xF77C, 0xF77C, 0xF77C, 0xF77C, 0xF77C, 0xF77C, 0xF77C, 0xF77C, 0xF77C, 0xF77C, 0xF77C, 0xF77C, 0xF77C, 0xF77C, 0xF77C,
  0xF77C, 0xF77C, 0xF77C, 0xF77C, 0xF75C, 0xFFFE, 0x8C51, 0x0043, 0x10E5, 0x08A4, 0x08C4, 0x10C5, 0x10C5, 0x08C5, 0x08C4, 0x08C4,
  0x08C4, 0x08A4, 0x08A4, 0x08A4, 0x08A4, 0x0083, 0x0083, 0x08C4, 0x10E5, 0x10E5, 0x0084, 0x10E5, 0x52CB, 0x9492, 0xB596, 0xCE37,
  0xCE38, 0xC5F7, 0xA534, 0x7BF0, 0x31C8, 0x0063, 0x0084, 0x08C5, 0x08C5, 0x08A4, 0x0883, 0x08A4, 0x08A4, 0x08A4, 0x08A4, 0x08A4,
  0x08A4, 0x08C4, 0x08A4, 0x08A4, 0x08C4, 0x08A4, 0x08A4, 0x08A4, 0x10E5, 0x0042, 0x9CD3, 0xFFFE, 0xF75C, 0xF77C, 0xF77C, 0xF77C,
  0xF77C, 0xF77C, 0xF77C, 0xF77C, 0xF77C, 0xF77C, 0xF77C, 0xF77C, 0xF77C, 0xF77C, 0xF77C, 0xF77C, 0xF77C, 0xF77C, 0xF77C, 0xF77C,
  0xF77C, 0xF77C, 0xF77C, 0xF77C, 0xF77C, 0xF77C, 0xF77C, 0xFF7C, 0xE6FA, 0x2126, 0x0063, 0x10E5, 0x10E5, 0x10E5, 0x10E5, 0x10C5,
  0x10C4, 0x08A4, 0x08A4, 0x08A4, 0x08A4, 0x08A4, 0x08A4, 0x0884, 0x0883, 0x0083, 0x08C5, 0x08E5, 0x1106, 0x08E5, 0x0063, 0x0022,
  0x0063, 0x10A4, 0x10A4, 0x08A3, 0x0063, 0x0043, 0x00A4, 0x08E5, 0x08C5, 0x08A4, 0x0083, 0x0883, 0x08A4, 0x08A4, 0x08A4, 0x08C4,
  0x08C4, 0x08A4, 0x08A4, 0x08A4, 0x08C4, 0x08A4, 0x08C4, 0x08C4, 0x08C4, 0x10E5, 0x0042, 0x31C7, 0xF77C, 0xF77C, 0xF77C, 0xF77C,
  0xF77C, 0xF77C, 0xF77C, 0xF77C, 0xF77C, 0xF77C, 0xF77C, 0xF77C, 0xF77C, 0xF77C, 0xF77C, 0xF77C, 0xF77C, 0xF77C, 0xF77C, 0xF77C,
  0xF77C, 0xF77C, 0xF77C, 0xF77C, 0xF77C, 0xF77C, 0xF77C, 0xF77C, 0xF77C, 0xF73B, 0xFF9D, 0xC5F7, 0x1905, 0x0043, 0x08A4, 0x08A5,
  0x08C5, 0x08A4, 0x0083, 0x08A3, 0x08A4, 0x08A4, 0x08A4, 0x08A4, 0x08A4, 0x08A4, 0x08A4, 0x0884, 0x0883, 0x08A4, 0x08C5, 0x08E5,
  0x10E5, 0x08C5, 0x08A4, 0x0083, 0x0883, 0x0883, 0x08C4, 0x08C5, 0x08C5, 0x08A4, 0x0883, 0x0063, 0x0083, 0x08A4, 0x08A4, 0x08A4,
  0x08A4, 0x08C4, 0x08A4, 0x08A4, 0x08A4, 0x08A4, 0x0083, 0x0083, 0x0083, 0x0883, 0x0083, 0x0022, 0x2966, 0xD699, 0xFFBD, 0xF75C,
  0xF77C, 0xF77C, 0xF77C, 0xF77C, 0xF77C, 0xF77C, 0xF77C, 0xF77C, 0xF77C, 0xF77C, 0xF77C, 0xF77C, 0xF77C, 0xF77C, 0xF77C, 0xF77C,
  0xF77C, 0xF77C, 0xF77C, 0xF77C, 0xF77C, 0xF77C, 0xF77C, 0xF77C, 0xF77C, 0xF77C, 0xF77C, 0xF75C, 0xF73B, 0xFFBD, 0xDEDA, 0x738E,
  0x3A09, 0x31A8, 0x2988, 0x2167, 0x29C8, 0x10C4, 0x08A4, 0x08C4, 0x08C4, 0x08E5, 0x10E5, 0x08E5, 0x08C5, 0x08C5, 0x08C4, 0x08A4,
  0x08A4, 0x08A4, 0x08A4, 0x08A4, 0x08A4, 0x0883, 0x0883, 0x0883, 0x0884, 0x0883, 0x0063, 0x0063, 0x0083, 0x08A4, 0x08A4, 0x08A4,
  0x08C4, 0x08C4, 0x10C5, 0x08C5, 0x10C5, 0x08E5, 0x08C5, 0x1905, 0x29A8, 0x2126, 0x2946, 0x2146, 0x39E8, 0x8410, 0xEF3C, 0xFFBD,
  0xF75C, 0xF77C, 0xF77C, 0xF77C, 0xF77C, 0xF77C, 0xF77C, 0xF77C, 0xF77C, 0xF77C, 0xF77C, 0xF77C, 0xF77C, 0xF77C, 0xF77C, 0xF77C,
  0xF77C, 0xF77C, 0xF77C, 0xF77C, 0xF77C, 0xF77C, 0xF77C, 0xF77C, 0xF77C, 0xF77C, 0xF77C, 0xF77C, 0xF77C, 0xF75C, 0xF77C, 0xF75C,
  0xFF9D, 0xFFDE, 0xF77D, 0xF77C, 0xCEDB, 0xAEBB, 0x5BB0, 0x0883, 0x0021, 0x0021, 0x0041, 0x0041, 0x0042, 0x0021, 0x0021, 0x0021,
  0x0021, 0x0021, 0x0021, 0x0021, 0x0041, 0x0041, 0x0041, 0x0021, 0x0021, 0x0021, 0x0021, 0x0021, 0x0021, 0x0021, 0x0041, 0x0041,
  0x0041, 0x0021, 0x0021, 0x0021, 0x0021, 0x0021, 0x0021, 0x0042, 0x0042, 0x10C4, 0x8CD4, 0xC6DC, 0xD6DB, 0xEF1B, 0xF75C, 0xFFDD,
  0xF77C, 0xF75C, 0xF77C, 0xF77C, 0xF77C, 0xF77C, 0xF77C, 0xF77C, 0xF77C, 0xF77C, 0xF77C, 0xF77C, 0xF77C, 0xF77C, 0xF77C, 0xF77C,
  0xF77C, 0xF77C, 0xF77C, 0xF77C, 0xF77C, 0xF77C, 0xF77C, 0xF77C, 0xF77C, 0xF77C, 0xF77C, 0xF77C, 0xF77C, 0xF77C, 0xF77C, 0xF77C,
  0xF77C, 0xF77C, 0xF77C, 0xEF3B, 0xF75C, 0xDF1C, 0xAEFC, 0x8DD8, 0x1968, 0x1967, 0x08C5, 0x00A4, 0x08A4, 0x08A4, 0x08A3, 0x0062,
  0x0021, 0x0020, 0x0000, 0x0000, 0x0000, 0x0000, 0x0000, 0x0001, 0x0001, 0x0000, 0x0000, 0x0000, 0x0000, 0x0000, 0x0000, 0x0001,
  0x0021, 0x0021, 0x0041, 0x0021, 0x0041, 0x0041, 0x0041, 0x0042, 0x0062, 0x0083, 0x08C5, 0x08E6, 0x2A0A, 0xB6FD, 0xB6DC, 0xEF5C,
  0xF75B, 0xEF3B, 0xF75C, 0xF77C, 0xF77C, 0xF77C, 0xF77C, 0xF77C, 0xF77C, 0xF77C, 0xF77C, 0xF77C, 0xF77C, 0xF77C, 0xF77C, 0xF77C,
  0xF77C, 0xF77C, 0xF77C, 0xF77C, 0xF77C, 0xF77C, 0xF77C, 0xF77C, 0xF77C, 0xF77C, 0xF77C, 0xF77C, 0xF77C, 0xF77C, 0xF77C, 0xF77C,
  0xF77C, 0xF77C, 0xF77C, 0xF77C, 0xF77C, 0xFF7C, 0xEF5C, 0xA69B, 0xB6FD, 0x8D97, 0x2188, 0x1968, 0x08E5, 0x08E5, 0x1106, 0x1947,
  0x21A9, 0x21C9, 0x29E9, 0x29E9, 0x1947, 0x2187, 0x1967, 0x1947, 0x1946, 0x1946, 0x1126, 0x1106, 0x1105, 0x08E5, 0x08E5, 0x08C4,
  0x08A4, 0x08A4, 0x08C4, 0x08A4, 0x08C5, 0x1967, 0x1947, 0x1147, 0x0906, 0x08E5, 0x08C5, 0x00A4, 0x08E5, 0x0906, 0x2A2A, 0xB6BB,
  0xB6BC, 0xBEDB, 0xEF7C, 0xF77C, 0xF77C, 0xF77C, 0xF77C, 0xF75C, 0xF77C, 0xF77C, 0xF77C, 0xF77C, 0xF77C, 0xF77C, 0xF77C, 0xF77C,
  0xF77C, 0xF77C, 0xF77C, 0xF77C, 0xF77C, 0xF77C, 0xF77C, 0xF77C, 0xF77C, 0xF77C, 0xF77C, 0xF77C, 0xF77C, 0xF77C, 0xF77C, 0xF77C,
  0xF77C, 0xF77C, 0xF77C, 0xF77C, 0xF77C, 0xF77C, 0xFF7C, 0xEF5C, 0xAEBB, 0xA6BB, 0xB71D, 0x8D97, 0x1968, 0x1947, 0x08C5, 0x0905,
  0x1126, 0x1147, 0x1988, 0x1989, 0x21A9, 0x1988, 0x0906, 0x1147, 0x1948, 0x1968, 0x1968, 0x1168, 0x1148, 0x1147, 0x0926, 0x0906,
  0x08E5, 0x00C5, 0x00A4, 0x0083, 0x0083, 0x0062, 0x0083, 0x1147, 0x1147, 0x1147, 0x1127, 0x0906, 0x08E5, 0x00C4, 0x00A4, 0x0906,
  0x29E9, 0xAEBB, 0xB6DC, 0xB6DC, 0xC6FC, 0xF79D, 0xF77D, 0xF77C, 0xF77C, 0xF77C, 0xF77C, 0xF77C, 0xF77C, 0xF77C, 0xF77C, 0xF77C,
  0xF77C, 0xF77C, 0xF77C, 0xF77C, 0xF77C, 0xF75C, 0xF77C, 0xF77C, 0xF75C, 0xF77C, 0xF77C, 0xF77C, 0xF77C, 0xF77C, 0xF77C, 0xF77C,
  0xF77C, 0xF77C, 0xF77C, 0xF77C, 0xF77C, 0xF77C, 0xF79D, 0xFF9D, 0xF79D, 0xAEBC, 0xA69B, 0xAEBB, 0xB71D, 0x8D56, 0x1947, 0x1126,
  0x08E5, 0x1106, 0x1147, 0x1988, 0x21C9, 0x21CA, 0x2A0A, 0x1967, 0x1126, 0x1947, 0x1147, 0x1127, 0x1127, 0x1106, 0x0906, 0x08E6,
  0x08C5, 0x00C5, 0x00A4, 0x00A4, 0x0084, 0x0083, 0x0083, 0x0083, 0x0062, 0x1147, 0x1988, 0x1968, 0x1148, 0x0927, 0x0906, 0x08E5,
  0x00C4, 0x08E5, 0x2A0A, 0xB6BB, 0xB6DC, 0xB6DC, 0xB6DC, 0xC6FC, 0xFF9D, 0xF77C, 0xF77C, 0xF77C, 0xF77C, 0xF77C, 0xF77C, 0xF77C,
  0xF77C, 0xF77C, 0xF77C, 0xF77C, 0xF77C, 0xF77C, 0xF77C, 0xF77C, 0xF77C, 0xF77C, 0xF77C, 0xF77C, 0xF77C, 0xF77C, 0xF77C, 0xF77C,
  0xF77C, 0xF77C, 0xF77C, 0xF77C, 0xF77C, 0xF77C, 0xF77C, 0xF77C, 0xF77C, 0xFF9D, 0xC71C, 0xAEBC, 0xAEBB, 0xA69B, 0xAF1D, 0x8536,
  0x1106, 0x1106, 0x0906, 0x1126, 0x1147, 0x1988, 0x21C9, 0x21EA, 0x2A2B, 0x1148, 0x1147, 0x1967, 0x1968, 0x1947, 0x1147, 0x1127,
  0x1106, 0x0906, 0x08E5, 0x08C5, 0x08C5, 0x00A4, 0x00A4, 0x00A4, 0x00A4, 0x0083, 0x0063, 0x1126, 0x19A9, 0x1168, 0x1168, 0x1147,
  0x0926, 0x0906, 0x08E6, 0x08E6, 0x2A0A, 0xB6BB, 0xAEDC, 0xB6DC, 0xBEDC, 0xB6DC, 0xCF1C, 0xFF7C, 0xF77C, 0xF77C, 0xF77C, 0xF77C,
  0xF77C, 0xF77C, 0xF77C, 0xF77C, 0xF77C, 0xF77C, 0xF77C, 0xF77C, 0xF77C, 0xF77C, 0xF77C, 0xF77C, 0xF77C, 0xF77C, 0xF77C, 0xF77C,
  0xF77C, 0xF77C, 0xF77C, 0xF77C, 0xF77C, 0xF77C, 0xF77C, 0xF77C, 0xF77C, 0xF77C, 0xFF7C, 0xCF1C, 0xB6DC, 0xBEFC, 0xBEDC, 0xB6BB,
  0xB6FD, 0x95B8, 0x08A4, 0x08A4, 0x0906, 0x1127, 0x1968, 0x19A9, 0x21CA, 0x2A0B, 0x220A, 0x1148, 0x1968, 0x1968, 0x1968, 0x1947,
  0x1147, 0x1127, 0x1106, 0x0906, 0x08E5, 0x08E5, 0x08C5, 0x08C5, 0x00A4, 0x08A4, 0x08A4, 0x00A4, 0x0083, 0x08E5, 0x19A9, 0x1168,
  0x1168, 0x1168, 0x1148, 0x0927, 0x0906, 0x0064, 0x320A, 0xC71C, 0xB6DC, 0xBEDC, 0xBEDC, 0xBEDC, 0xB6DC, 0xCF1C, 0xFF7C, 0xF77C,
  0xF77C, 0xF77C, 0xF77C, 0xF77C, 0xF77C, 0xF77C, 0xF77C, 0xF77C, 0xF77C, 0xF77C, 0xF77C, 0xF77C, 0xF77C, 0xF77C, 0xF77C, 0xF77C,
  0xF77C, 0xF77C, 0xF77C, 0xF77C, 0xF77C, 0xF77C, 0xF77C, 0xF77C, 0xF77C, 0xF77C, 0xF77C, 0xFF7C, 0xD71C, 0xAEDC, 0xB6DC, 0xB6DC,
  0xB6DC, 0xB6DC, 0xBEDC, 0xBEFC, 0x5CB5, 0x32CD, 0x19C9, 0x1147, 0x10E6, 0x1106, 0x1127, 0x21A9, 0x2168, 0x1127, 0x1968, 0x1988,
  0x1988, 0x1968, 0x1148, 0x1147, 0x0927, 0x0906, 0x0906, 0x08E6, 0x08E5, 0x00E6, 0x08E6, 0x00E6, 0x00C5, 0x00C5, 0x0083, 0x0883,
  0x1968, 0x1126, 0x08E5, 0x08C5, 0x08C5, 0x0947, 0x19E9, 0x2AEE, 0x8577, 0xCF3D, 0xB6DC, 0xBEDC, 0xBEDC, 0xB6DC, 0xBEDC, 0xB6DC,
  0xDF3C, 0xFF9C, 0xF77C, 0xF77C, 0xF77C, 0xF77C, 0xF77C, 0xF77C, 0xF77C, 0xF77C, 0xF77C, 0xF77C, 0xF77C, 0xF77C, 0xF77C, 0xF77C,
  0xF77C, 0xF77C, 0xF77C, 0xF77C, 0xF77C, 0xF77C, 0xF77C, 0xF77C, 0xF77C, 0xF77C, 0xF77C, 0xF77C, 0xFF7C, 0xDF3C, 0xAEBC, 0xB6DC,
  0xB6DC, 0xB6DC, 0xB6DC, 0xB6DC, 0xC6FC, 0x9EBB, 0x6E7C, 0x86BD, 0x7E5B, 0x75D9, 0x5CD5, 0x5432, 0x436F, 0x3B0E, 0x120A, 0x0988,
  0x1167, 0x1167, 0x1947, 0x1126, 0x1106, 0x10E5, 0x08C5, 0x08C5, 0x08C4, 0x08C4, 0x08C5, 0x08C5, 0x00C5, 0x00C5, 0x00E6, 0x0106,
  0x0106, 0x0105, 0x220A, 0x2A6B, 0x330E, 0x3BD1, 0x4CB4, 0x65B9, 0x765B, 0x76BD, 0x7E9C, 0xBEFC, 0xBEFC, 0xBEDC, 0xBEDC, 0xBEDC,
  0xBEDC, 0xBEFC, 0xBEDC, 0xE75C, 0xFF7C, 0xF77C, 0xF77C, 0xF77C, 0xF77C, 0xF77C, 0xF77C, 0xF77C, 0xF77C, 0xF77C, 0xF77C, 0xF77C,
  0xF77C, 0xF77C, 0xF77C, 0xF77C, 0xF77C, 0xF77C, 0xF77C, 0xF77C, 0xF77C, 0xF77C, 0xF77C, 0xF77C, 0xF77C, 0xFF7C, 0xE73C, 0xB6DC,
  0xB6DC, 0xB6DC, 0xBEDC, 0xBEFC, 0xBEFC, 0xB6DC, 0xC6FC, 0x8E7B, 0x761B, 0x761A, 0x763B, 0x765B, 0x767C, 0x767C, 0x7E7C, 0x665C,
  0x055A, 0x0519, 0x04F8, 0x04F8, 0x04D7, 0x0496, 0x0475, 0x0434, 0x0414, 0x03F3, 0x03F3, 0x03F3, 0x0413, 0x0434, 0x0495, 0x04B6,
  0x04F7, 0x0538, 0x0538, 0x04F8, 0x2D99, 0x769C, 0x6E7C, 0x6E7C, 0x6E5B, 0x6E3B, 0x6E3B, 0x763B, 0x6E3B, 0xAEDC, 0xC6FC, 0xBEDC,
  0xBEDC, 0xBEDC, 0xBEFC, 0xBEFC, 0xC6FC, 0xBEFC, 0xE75C, 0xFF7C, 0xF77C, 0xF77C, 0xF77C, 0xF77C, 0xF77C, 0xF77C, 0xF77C, 0xF77C,
  0xF77C, 0xF77C, 0xF77C, 0xF77C, 0xF77C, 0xF77C, 0xF77C, 0xF77C, 0xF77C, 0xF77C, 0xF77C, 0xF77C, 0xF77C, 0xF77C, 0xFF7C, 0xEF7C,
  0xBEFC, 0xBEDC, 0xBEDC, 0xBEDC, 0xBEDC, 0xBEDC, 0xBEDC, 0xBEFC, 0xB6DC, 0x763B, 0x7E3B, 0x7E5B, 0x7E3B, 0x763B, 0x763B, 0x761A,
  0x7E3B, 0x45BA, 0x04F8, 0x0519, 0x053A, 0x055A, 0x057B, 0x057B, 0x059B, 0x059B, 0x059B, 0x057B, 0x055A, 0x055A, 0x053A, 0x053A,
  0x055A, 0x057A, 0x057B, 0x055A, 0x055A, 0x0519, 0x1539, 0x7E1A, 0x6E1A, 0x6E1A, 0x761A, 0x763B, 0x763B, 0x765B, 0x6E3B, 0x8E7B,
  0xC6FC, 0xBEDC, 0xBEFC, 0xC6FC, 0xC6FC, 0xC6FC, 0xC6FC, 0xC6FC, 0xBEFC, 0xEF5C, 0xFF7C, 0xF77C, 0xF77C, 0xF77C, 0xF77C, 0xF77C,
  0xF77C, 0xF77C, 0xF77C, 0xF77C, 0xF77C, 0xF77C, 0xF77C, 0xF77C, 0xF77C, 0xF77C, 0xF77C, 0xF77C, 0xF77C, 0xF77C, 0xF77C, 0xF77C,
  0xF77C, 0xC6FC, 0xBEFC, 0xBEFC, 0xBEFC, 0xBEFC, 0xBEFC, 0xBEFC, 0xBEDC, 0xBEFC, 0xA6BB, 0x763B, 0x7E5B, 0x7E5B, 0x7E5B, 0x7E5B,
  0x7E5B, 0x7E5B, 0x867B, 0x2DBA, 0x055A, 0x055A, 0x0559, 0x0539, 0x0559, 0x055A, 0x055A, 0x0559, 0x055A, 0x055A, 0x0539, 0x0539,
  0x0519, 0x0519, 0x0519, 0x0539, 0x0539, 0x055A, 0x057A, 0x059A, 0x0D7A, 0x7E5B, 0x865B, 0x7E5B, 0x7E3B, 0x7E3B, 0x7E5B, 0x7E5B,
  0x765B, 0x7E5B, 0xBEDC, 0xBEFC, 0xC6FC, 0xC6FC, 0xC6FC, 0xC6FC, 0xC6FC, 0xC6FC, 0xBEDC, 0xBEFC, 0xEF5C, 0xF77C, 0xF77C, 0xF77C,
  0xF77C, 0xF77C, 0xF77C, 0xF77C, 0xF77C, 0xF77C, 0xF77C, 0xF77C, 0xF77C, 0xF77C, 0xF77C, 0xF77C, 0xF77C, 0xF77C, 0xF77C, 0xF77C,
  0xF77C, 0xF77C, 0xCF1C, 0xC6FC, 0xCF1C, 0xC6FC, 0xBEFC, 0xBEFC, 0xBEFC, 0xBEFC, 0xBEFC, 0xBEFC, 0x8E7B, 0x7E3B, 0x865B, 0x865B,
  0x865B, 0x865B, 0x865B, 0x867B, 0x865B, 0x1DBB, 0x15BB, 0x159A, 0x157A, 0x157A, 0x0D79, 0x0D7A, 0x0D9A, 0x0D9A, 0x159A, 0x0D7A,
  0x0D7A, 0x0D7A, 0x0D7A, 0x0D79, 0x0D59, 0x0559, 0x0D59, 0x0D59, 0x159A, 0x1DBB, 0x0DBB, 0x6E3B, 0x969B, 0x865B, 0x865B, 0x865B,
  0x865B, 0x7E5B, 0x7E5B, 0x7E5B, 0xAEBB, 0xC6FC, 0xC6FC, 0xC6FC, 0xC6FC, 0xC6FC, 0xBEFC, 0xC6FC, 0xC6FC, 0xC6FC, 0xCF1C, 0xF77C,
  0xF77C, 0xF77C, 0xF77C, 0xF77C, 0xF77C, 0xF77C, 0xF77C, 0xF77C, 0xF77C, 0xF77C, 0xF77C, 0xF77C, 0xF77C, 0xF77C, 0xF77C, 0xF77C,
  0xF77C, 0xF77C, 0xFF7C, 0xD71C, 0xC6FC, 0xCF1C, 0xCF1C, 0xCF1C, 0xCF1C, 0xC6FC, 0xC6FC, 0xBEFC, 0xBEFC, 0xBEDC, 0x865B, 0x865B,
  0x865B, 0x8E7B, 0x8E5B, 0x8E5B, 0x8E5B, 0x967B, 0x7E5B, 0x2DBB, 0x35BA, 0x35BA, 0x2D9A, 0x2D9A, 0x2D7A, 0x2D9A, 0x2D9A, 0x2D9A,
  0x2D9A, 0x259A, 0x259A, 0x259A, 0x259A, 0x259A, 0x257A, 0x257A, 0x2D7A, 0x2D7A, 0x359A, 0x35BA, 0x2DBA, 0x5E1B, 0x9E9B, 0x8E7B,
  0x8E7B, 0x8E7B, 0x865B, 0x865B, 0x865B, 0x7E5B, 0x9E9B, 0xC71C, 0xBEFC, 0xBEFC, 0xC6FC, 0xC6FC, 0xCEFC, 0xCF1C, 0xCF1C, 0xCF1C,
  0xC6FC, 0xD71C, 0xF77C, 0xF75C, 0xF77C, 0xF77C, 0xF77C, 0xF77C, 0xF77C, 0xF77C, 0xF77C, 0xF77C, 0xF77C, 0xF77C, 0xF77C, 0xF77C,
  0xF77C, 0xF77C, 0xF77C, 0xFF7C, 0xDF3C, 0xC6FC, 0xC71C, 0xC71C, 0xC71C, 0xCF1C, 0xCF1C, 0xCF1C, 0xCF1C, 0xC71C, 0xC71C, 0xB6DC,
  0x865B, 0x8E7B, 0x8E7B, 0x8E7B, 0x8E7B, 0x8E7B, 0x8E7B, 0x9E9B, 0x661B, 0x3DBB, 0x45DA, 0x3DBA, 0x3DBA, 0x3DBA, 0x3DBA, 0x35BA,
  0x3DBA, 0x35BA, 0x35BA, 0x35BA, 0x35BA, 0x35BA, 0x35BA, 0x35BA, 0x35BA, 0x359A, 0x359A, 0x359A, 0x3DBA, 0x3DBA, 0x3DDA, 0x45FB,
  0x9E9B, 0x967B, 0x967B, 0x8E7B, 0x8E7B, 0x8E7B, 0x8E7B, 0x867B, 0x8E7B, 0xC6FC, 0xC6FC, 0xCF1C, 0xCF1C, 0xCEFC, 0xCF1C, 0xCF1C,
  0xCF1C, 0xCF1C, 0xCF1C, 0xCF1C, 0xDF3C, 0xF77C, 0xF77C, 0xF77C, 0xF77C, 0xF77C, 0xF77C, 0xF77C, 0xF77C, 0xF77C, 0xF77C, 0xF77C,
  0xF77C, 0xF77C, 0xF77C, 0xF77C, 0xFF7C, 0xE73C, 0xC6FC, 0xCF1C, 0xCEFC, 0xCF1C, 0xCF1C, 0xCF1C, 0xCF1C, 0xCF1C, 0xCF1C, 0xCF1C,
  0xCF1C, 0xAEBC, 0x9E9B, 0x9E9B, 0x967B, 0x967B, 0x967B, 0x967B, 0x967B, 0x9E9B, 0x5DFB, 0x4DDB, 0x4DDA, 0x4DDA, 0x4DDA, 0x4DDA,
  0x45DA, 0x45DA, 0x45DA, 0x45BA, 0x45DA, 0x3DDA, 0x3DBA, 0x45BA, 0x3DBA, 0x3DBA, 0x45DA, 0x45DA, 0x45DA, 0x45DA, 0x45DA, 0x45DA,
  0x45DA, 0x3DDA, 0x8E7B, 0x9E9B, 0x967B, 0x967B, 0x8E7B, 0x967B, 0x967B, 0x9E9B, 0x967B, 0xBEDB, 0xCEFB, 0xCEFC, 0xCF1C, 0xCF1C,
  0xCF1C, 0xCF1C, 0xCF1C, 0xCF1C, 0xCF1C, 0xD71C, 0xCF1C, 0xE75C, 0xFF9C, 0xF77C, 0xF77C, 0xF77C, 0xF77C, 0xF77C, 0xF77C, 0xF77C,
  0xF77C, 0xF77C, 0xF77C, 0xF77C, 0xF77C, 0xFF7C, 0xEF5C, 0xCEFC, 0xCF1C, 0xCF1C, 0xCF1C, 0xCF1C, 0xCF1C, 0xCF1C, 0xCF1C, 0xCF1C,
  0xCF1C, 0xCF1C, 0xC71C, 0xA6BC, 0xAEBC, 0xAEBC, 0xAEBC, 0xA69B, 0x9E9B, 0x969B, 0x967B, 0x8E7B, 0x4DDB, 0x4DFB, 0x4DFB, 0x4DFA,
  0x55FB, 0x55FA, 0x55FA, 0x55FA, 0x4DFA, 0x4DDA, 0x4DDA, 0x4DDA, 0x4DDA, 0x4DDA, 0x4DDA, 0x4DDA, 0x4DDA, 0x4DFA, 0x4DFA, 0x4DFA,
  0x4DFA, 0x45DA, 0x45DA, 0x3DBA, 0x6E3B, 0x9E9B, 0x967B, 0x9E9B, 0xA69B, 0xAEBB, 0xAEBB, 0xA6BB, 0x9E9B, 0xA6BB, 0xCEFB, 0xCEFB,
  0xCF1C, 0xCF1C, 0xCF1C, 0xCF1C, 0xCF1C, 0xD71C, 0xD71C, 0xD73C, 0xD73C, 0xD71C, 0xE75C, 0xFF7C, 0xF77C, 0xF77C, 0xF77C, 0xF77C,
  0xF77C, 0xF77C, 0xF77C, 0xF77C, 0xF77C, 0xF77C, 0xF77C, 0xF77C, 0xCF1C, 0xCF1C, 0xD71C, 0xCF1C, 0xCF1C, 0xCF1C, 0xCF1C, 0xCF1C,
  0xCF1C, 0xCF1C, 0xCF1C, 0xCF1C, 0xBEFC, 0xAEBC, 0xAEBC, 0xAEBC, 0xAEBC, 0xAEBC, 0xAEBC, 0xA6BB, 0xA6BB, 0x8E7B, 0x55FB, 0x55FB,
  0x55FA, 0x55FA, 0x55FA, 0x55FA, 0x55FA, 0x55FA, 0x55FA, 0x4DFA, 0x4DFA, 0x45DA, 0x4DDA, 0x4DDA, 0x4DFA, 0x55FA, 0x55FA, 0x55FB,
  0x55FB, 0x55FB, 0x55FB, 0x4DFA, 0x55FA, 0x55FA, 0x663B, 0xA6BB, 0xA69B, 0xAEBB, 0xAEBB, 0xAEBB, 0xAEBC, 0xA6BB, 0xA6BB, 0xA69B,
  0xCEFC, 0xD71C, 0xD71C, 0xD71C, 0xD71C, 0xD71C, 0xD71C, 0xD71C, 0xD71C, 0xD73C, 0xD73C, 0xD73C, 0xD73C, 0xEF7C, 0xFF7C, 0xF77C,
  0xF77C, 0xF77C, 0xF77C, 0xF77C, 0xF77C, 0xF77C, 0xF77C, 0xF77C, 0xF77C, 0xD73C, 0xD71C, 0xD71C, 0xD71C, 0xD71C, 0xCF1C, 0xCF1C,
  0xCF1C, 0xCF1C, 0xCF1C, 0xCF1C, 0xCF1C, 0xD71C, 0xB6DC, 0xAEBC, 0xAEBC, 0xAEBC, 0xAEBB, 0xAEBC, 0xAEBC, 0xA6BB, 0xAEBB, 0x865B,
  0x6E3B, 0x7E3B, 0x7E3B, 0x7E3B, 0x7E3B, 0x763B, 0x6E1B, 0x6E1B, 0x661B, 0x661B, 0x5E1B, 0x55FA, 0x661B, 0x661B, 0x661B, 0x6E1B,
  0x6E1B, 0x763B, 0x763B, 0x763B, 0x763B, 0x763B, 0x763B, 0x6E3B, 0x6E3B, 0xA69B, 0xA6BB, 0xA6BB, 0xAEBB, 0xAEBB, 0xAEBC, 0xAEBB,
  0xAEBC, 0xAEBC, 0xC6FC, 0xD73C, 0xD71C, 0xD71C, 0xD71C, 0xD71C, 0xD71C, 0xD71C, 0xD71C, 0xD71C, 0xD73C, 0xD73C, 0xD73C, 0xD73C,
  0xEF7C, 0xFF7C, 0xF77C, 0xF77C, 0xF77C, 0xF77C, 0xF77C, 0xF77C, 0xF77C, 0xFF7C, 0xDF3C, 0xD73C, 0xD73C, 0xD71C, 0xD71C, 0xD71C,
  0xD71C, 0xD71C, 0xD71C, 0xD71C, 0xD71C, 0xD71C, 0xD71C, 0xCF1C, 0xAEBC, 0xAEBC, 0xAEBB, 0xB6BC, 0xB6DC, 0xB6DC, 0xB6DC, 0xAEBC,
  0xAEBB, 0x7E5B, 0x763B, 0x7E5B, 0x865B, 0x865B, 0x8E5B, 0x8E5B, 0x865B, 0x865B, 0x865B, 0x865B, 0x7E5B, 0x7E5B, 0x865B, 0x865B,
  0x865B, 0x865B, 0x865B, 0x865B, 0x865B, 0x7E5B, 0x7E5B, 0x7E5B, 0x7E3B, 0x7E3B, 0x6E3B, 0x9E9B, 0xB6BB, 0xAEBB, 0xAEBB, 0xAEBB,
  0xAEBC, 0xB6BC, 0xB6DC, 0xB6DC, 0xBEFC, 0xDF3C, 0xD73C, 0xD71C, 0xD73C, 0xD73C, 0xD71C, 0xD71C, 0xD71C, 0xD71C, 0xD73C, 0xD73C,
  0xD73C, 0xDF3C, 0xD73C, 0xEF7C, 0xF77C, 0xF77C, 0xF77C, 0xF77C, 0xF77C, 0xF77C, 0xFF7C, 0xE75C, 0xD73C, 0xDF3C, 0xD73C, 0xDF3C,
  0xD71C, 0xD71C, 0xD71C, 0xD71C, 0xD71C, 0xD71C, 0xD71C, 0xD71C, 0xDF3C, 0xC6FC, 0xB6DC, 0xB6DC, 0xB6DC, 0xB6DC, 0xB6DC, 0xB6DC,
  0xB6DC, 0xB6DC, 0xAEBC, 0x7E5B, 0x867B, 0x867B, 0x867B, 0x8E7B, 0x865B, 0x865B, 0x865B, 0x865B, 0x865B, 0x865B, 0x865B, 0x7E5B,
  0x865B, 0x865B, 0x865B, 0x865B, 0x7E5B, 0x7E5B, 0x7E5B, 0x7E5B, 0x865B, 0x865B, 0x865B, 0x865B, 0x7E5B, 0x9E9B, 0xBEDC, 0xB6DC,
  0xB6DB, 0xAEDB, 0xB6BB, 0xB6BB, 0xB6DC, 0xB6DC, 0xB6DC, 0xD73C, 0xDF3C, 0xD73C, 0xD71C, 0xDF3C, 0xDF3C, 0xD73C, 0xD71C, 0xD73C,
  0xD71C, 0xDF3C, 0xDF3C, 0xD71C, 0xD73C, 0xDF3C, 0xF77C, 0xF77C, 0xF77C, 0xF77C, 0xF77C, 0xFF7C, 0xEF5C, 0xDF3C, 0xDF3C, 0xDF3C,
  0xDF3C, 0xD73C, 0xDF3C, 0xD71C, 0xD73C, 0xD73C, 0xD73C, 0xD71C, 0xDF3C, 0xD71C, 0xD73C, 0xBEDC, 0xBEDC, 0xB6DC, 0xB6DB, 0xB6DB,
  0xB6DC, 0xB6DC, 0xB6DB, 0xB6DC, 0xA6BC, 0x867B, 0x969B, 0x8E7B, 0x8E7B, 0x8E7B, 0x8E7B, 0x8E5B, 0x8E5B, 0x8E7B, 0x8E7B, 0x8E7B,
  0x8E7B, 0x865B, 0x8E5B, 0x8E5B, 0x865B, 0x8E5B, 0x865B, 0x865B, 0x865B, 0x865B, 0x8E5B, 0x865B, 0x8E5B, 0x8E7B, 0x8E7B, 0x969B,
  0xBEFC, 0xB6DC, 0xB6BC, 0xB6DC, 0xB6DC, 0xB6DC, 0xB6BB, 0xB6DC, 0xB6DC, 0xC6FC, 0xDF5C, 0xDF3C, 0xDF3C, 0xDF3C, 0xD71C, 0xDF3C,
  0xDF3C, 0xDF3C, 0xD71C, 0xDF3C, 0xDF3C, 0xDF1C, 0xDF3C, 0xDF3C, 0xDF3C, 0xF77C, 0xF77C, 0xF77C, 0xFF7C, 0xEF7C, 0xDF3C, 0xDF3C,
  0xDF3C, 0xDF3C, 0xDF3C, 0xD73C, 0xDF3C, 0xDF3C, 0xDF3C, 0xD73C, 0xD73C, 0xDF3C, 0xDF3C, 0xDF3C, 0xCF1C, 0xBEDC, 0xB6DC, 0xB6DC,
  0xBEDC, 0xBEDB, 0xB6DB, 0xBEDC, 0xB6DC, 0xBEDC, 0x969B, 0x8E7B, 0x969B, 0x967B, 0x967B, 0x967B, 0x967B, 0x8E7B, 0x967B, 0x967B,
  0x967B, 0x967B, 0x967B, 0x8E7B, 0x967B, 0x8E7B, 0x8E7B, 0x8E7B, 0x8E7B, 0x8E5B, 0x8E7B, 0x8E7B, 0x967B, 0x967B, 0x967B, 0x967B,
  0x9E9B, 0x967B, 0xBEDC, 0xBEFC, 0xBEDC, 0xB6DC, 0xB6DC, 0xBEDB, 0xB6DC, 0xB6DC, 0xB6DC, 0xB6DC, 0xD71C, 0xDF3C, 0xDF3C, 0xDF3C,
  0xDF3C, 0xDF3C, 0xDF3C, 0xDF3C, 0xDF3C, 0xDF3C, 0xD73C, 0xDF3C, 0xDF3C, 0xDF3C, 0xDF3C, 0xE75C, 0xF77C, 0xF77C, 0xF77C, 0xE73C,
  0xE75C, 0xE73C, 0xE75C, 0xDF3C, 0xDF3C, 0xDF3C, 0xDF3C, 0xDF3C, 0xDF3C, 0xDF3C, 0xDF3C, 0xDF3C, 0xDF3C, 0xDF3C, 0xC6FC, 0xBEFC,
  0xBEDC, 0xBEDC, 0xBEDC, 0xBEFC, 0xBEDC, 0xBEDC, 0xBEDC, 0xBEDC, 0x9E9B, 0x9E9B, 0x9E9B, 0x9E9B, 0x9E9B, 0x9E9B, 0x9E9B, 0x967B,
  0x9E9B, 0x9E9B, 0x9E9B, 0x9E9B, 0x9E9B, 0x967B, 0x969B, 0x969B, 0x969B, 0x969B, 0x969B, 0x967B, 0x969B, 0x969B, 0x969B, 0x9E9B,
  0x9E7B, 0x9E9B, 0x9E9B, 0x969B, 0xB6DC, 0xC71C, 0xC6FC, 0xBEDC, 0xBEFC, 0xBEDC, 0xBEDC, 0xBEDC, 0xB6DB, 0xBEDC, 0xBEFC, 0xDF5C,
  0xDF3C, 0xDF3C, 0xE73C, 0xDF3C, 0xDF3C, 0xDF3C, 0xDF3C, 0xDF3C, 0xDF3C, 0xDF3C, 0xDF3C, 0xDF3C, 0xE73C, 0xE73C, 0xEF5C, 0xF77C,
  0xE75C, 0xE73C, 0xE75C, 0xE73C, 0xDF3C, 0xE75C, 0xE73C, 0xE73C, 0xDF3C, 0xE73C, 0xD71C, 0xDF3C, 0xDF3C, 0xDF3C, 0xDF3C, 0xD73C,
  0xC6FC, 0xBEFC, 0xB6DC, 0xC6FC, 0xBEFC, 0xBEFC, 0xC6FC, 0xC6FC, 0xC6FC, 0xB6DC, 0x9E9C, 0x9E9B, 0xA6BB, 0xA69B, 0xA69B, 0xA69B,
  0x9E9B, 0x9E9B, 0xA69B, 0xA69B, 0xA6BB, 0xA69B, 0x9E9B, 0x967B, 0x9E9B, 0x9E9B, 0x9E9B, 0x9E9B, 0x9E9B, 0x967B, 0x9E9B, 0x9E9B,
  0x9E9B, 0xA69B, 0xA69B, 0x967B, 0x9E9B, 0x9EBC, 0xA6BC, 0xC6FC, 0xC6FC, 0xC6FC, 0xB6DC, 0xC6FC, 0xBEFC, 0xC6FC, 0xC6FC, 0xBEDC,
  0xB6DB, 0xD71C, 0xDF3C, 0xDF3C, 0xDF3C, 0xE75C, 0xDF3C, 0xD71C, 0xE73C, 0xDF3C, 0xDF3C, 0xE73C, 0xDF3C, 0xD73C, 0xE75C, 0xE75C,
  0xE73C, 0xEF5C, 0xE75C, 0xEF5C, 0xEF5C, 0xEF5C, 0xE75C, 0xE75C, 0xE75C, 0xE75C, 0xE75C, 0xE75C, 0xDF3C, 0xE73C, 0xDF3C, 0xDF3C,
  0xE73C, 0xCF1C, 0xC6FC, 0xC71C, 0xC71C, 0xC6FC, 0xC6FC, 0xC6FC, 0xC6FC, 0xC6FC, 0xCF1C, 0xBEDC, 0xB6DC, 0xB6DC, 0xAEBB, 0xAEBB,
  0xAEBB, 0xAEBB, 0xAEBB, 0xAEBB, 0xAEBB, 0xAEBB, 0xAEBC, 0xAEBB, 0xAEBB, 0xA6BB, 0xA6BB, 0xA6BB, 0xA6BB, 0xA6BB, 0xAEBB, 0xA6BC,
  0xA6BB, 0xAEBB, 0xA6BB, 0xA6BB, 0xA6BB, 0xA6BB, 0xAEBB, 0xAEDC, 0xAEDC, 0xC6FC, 0xCEFC, 0xCF1C, 0xC6FC, 0xCEFC, 0xC6FC, 0xC6FC,
  0xC6FC, 0xC6FC, 0xC6FC, 0xBEDB, 0xDF3C, 0xE73C, 0xDF3C, 0xE75C, 0xE73C, 0xE73C, 0xE73C, 0xDF3C, 0xE73C, 0xE73C, 0xE73C, 0xE75C,
  0xE75C, 0xE75C, 0xEF5C, 0xEF5C, 0xEF5C, 0xE75C, 0xE75C, 0xEF5C, 0xEF5C, 0xE75C, 0xE75C, 0xE75C, 0xDF3C, 0xD73C, 0xE75C, 0xE73C,
  0xE73C, 0xE73C, 0xDF3C, 0xCEFC, 0xBEFC, 0xBEFC, 0xCF1C, 0xCF1C, 0xCEFC, 0xCEFC, 0xCEFC, 0xCEFC, 0xCF1C, 0xAEBC, 0xAEBC, 0xB6DC,
  0xAEBB, 0xAEBB, 0xAEBB, 0xAEBB, 0x9E9B, 0xAEDC, 0xB6DC, 0xAEBB, 0xB6DC, 0xB6DC, 0xA6BB, 0x8E9B, 0xAEBC, 0xAEBB, 0xAEBC, 0xAEBC,
  0xB6DC, 0x9EBC, 0xA6BC, 0xAEBB, 0xAEBB, 0xAEBB, 0xAEBB, 0xAEBC, 0x9E9B, 0xAEDC, 0xAEDC, 0xBEDC, 0xCF1C, 0xCEFC, 0xCEFC, 0xB6DC,
  0xCF1C, 0xCF1C, 0xCF1C, 0xCF1C, 0xCF1C, 0xB6BB, 0xCEFC, 0xE75C, 0xE73C, 0xE73C, 0xE75C, 0xE75C, 0xD71C, 0xDF3C, 0xE75C, 0xE75C,
  0xE75C, 0xEF5C, 0xEF5C, 0xE73C, 0xE75C, 0xEF5C, 0xEF7C, 0xEF5C, 0xEF5C, 0xEF5C, 0xEF5C, 0xEF5C, 0xEF5C, 0xEF5C, 0xE75C, 0xE75C,
  0xE75C, 0xE75C, 0xE73C, 0xE73C, 0xD71C, 0xCF1C, 0xCF1C, 0xD71C, 0xCF1C, 0xCF1C, 0xD71C, 0xD71C, 0xD71C, 0xD71C, 0xCF1C, 0xBEFC,
  0xBEDB, 0xB6DB, 0xB6DB, 0xB6DB, 0xB6DB, 0xB6DB, 0xBEDC, 0xB6DC, 0xB6DC, 0xB6DB, 0xB6DB, 0xB6DC, 0xB6DC, 0xB6DC, 0xB6DC, 0xB6DC,
  0xB6DC, 0xB6DC, 0xB6DC, 0xBEDC, 0xBEDC, 0xB6DB, 0xB6DC, 0xB6DC, 0xB6DC, 0xB6DC, 0xB6DC, 0xB6DC, 0xB6DC, 0xBEFC, 0xD71C, 0xCF1C,
  0xCF1C, 0xCF1C, 0xD71C, 0xD71C, 0xCF1C, 0xCF1C, 0xCF1C, 0xCF1C, 0xCEFB, 0xE73C, 0xEF5C, 0xE75C, 0xE75C, 0xE75C, 0xEF5C, 0xE75C,
  0xEF5C, 0xEF5C, 0xEF5C, 0xEF5C, 0xEF5C, 0xEF5C, 0xEF5C, 0xEF5C, 0xEF7C, 0xF77C, 0xEF5C, 0xEF5C, 0xEF5C, 0xEF5C, 0xEF5C, 0xDF3C,
  0xEF5C, 0xE75C, 0xE73C, 0xE75C, 0xE75C, 0xE75C, 0xD71C, 0xC71C, 0xD73C, 0xD71C, 0xD71C, 0xD71C, 0xD71C, 0xD71C, 0xD71C, 0xD71C,
  0xB6FC, 0xBEDC, 0xBEDB, 0xB6DC, 0xBEDB, 0xBEDB, 0xBEDB, 0xB6BB, 0xAEDC, 0xBEDC, 0xBEDC, 0xBEDC, 0xBEDC, 0xBEDC, 0xB6DC, 0xA6BC,
  0xBEDC, 0xBEDC, 0xBEDC, 0xBEDC, 0xBEFC, 0xBEDC, 0xA6DC, 0xBEDC, 0xBEDC, 0xB6DC, 0xB6DC, 0xB6DC, 0xBEDC, 0xAEDC, 0xB6FC, 0xBEFC,
  0xCF1C, 0xD71C, 0xCF1C, 0xD71C, 0xCF1C, 0xC6FC, 0xD71C, 0xD71C, 0xCF1C, 0xCF1C, 0xCF1C, 0xC6FC, 0xD73C, 0xE75C, 0xE75C, 0xEF5C,
  0xEF5C, 0xEF5C, 0xE73C, 0xDF3C, 0xEF7C, 0xEF7C, 0xEF7C, 0xEF5C, 0xEF5C, 0xEF7C, 0xF77C, 0xF77C, 0xEF5C, 0xEF5C, 0xEF5C, 0xEF5C,
  0xEF5C, 0xDF3C, 0xEF5C, 0xEF5C, 0xEF5C, 0xEF5C, 0xEF5C, 0xE73C, 0xD73C, 0xCF1C, 0xDF3C, 0xDF1C, 0xDF3C, 0xDF3C, 0xD71C, 0xD71C,
  0xD71C, 0xD71C, 0xAEDC, 0xBEFC, 0xBEFB, 0xBEFC, 0xBEDB, 0xBEDC, 0xC6FB, 0xB6DC, 0xAEDC, 0xC6FC, 0xC6FC, 0xBEFC, 0xC6FC, 0xC6FC,
  0xB6DC, 0xA6BC, 0xC6FC, 0xBEDC, 0xBEDC, 0xBEFC, 0xC6FC, 0xBEFC, 0xA6DC, 0xBEFC, 0xBEFC, 0xBEDC, 0xBEFC, 0xBEDC, 0xBEFC, 0xAEDC,
  0xBEFC, 0xC6FC, 0xC6FC, 0xD71C, 0xD71C, 0xD71C, 0xC71C, 0xC6FC, 0xD71C, 0xD71C, 0xD71C, 0xD71C, 0xD71C, 0xC6FC, 0xC6FC, 0xEF5C,
  0xE73C, 0xEF5C, 0xEF5C, 0xEF5C, 0xEF5C, 0xE75C, 0xF77C, 0xEF7C, 0xEF5C, 0xEF7C, 0xEF5C, 0xF77C, 0xF77C, 0xF77C, 0xF77C, 0xF77C,
  0xF75C, 0xF75C, 0xF75C, 0xF77C, 0xEF5C, 0xEF5C, 0xEF5C, 0xEF5C, 0xEF7C, 0xE75C, 0xE73C, 0xE73C, 0xDF3C, 0xDF3C, 0xDF3C, 0xDF1C,
  0xDF3C, 0xDF3C, 0xDF3C, 0xDF1C, 0xCF1C, 0xCEFC, 0xC6FC, 0xCEFC, 0xCEFB, 0xCEFC, 0xCEFC, 0xD71C, 0xCF1C, 0xCF1C, 0xCEFC, 0xCEFC,
  0xCEFC, 0xC6FC, 0xCEFC, 0xCF1C, 0xC6FC, 0xC6FC, 0xC6FC, 0xCEFC, 0xCEFC, 0xCEFC, 0xCF1C, 0xC6FC, 0xC6FC, 0xC6FC, 0xC6FC, 0xC6FC,
  0xC6FC, 0xCEFC, 0xCEFC, 0xCEFC, 0xC6FC, 0xDF3C, 0xDF3C, 0xDF1C, 0xDF3C, 0xDF3C, 0xDF3C, 0xDF3C, 0xDF1C, 0xDF1C, 0xD71C, 0xDF1C,
  0xDF1C, 0xE73C, 0xEF5C, 0xEF5C, 0xEF5C, 0xEF5C, 0xF75C, 0xF77C, 0xEF5C, 0xF75C, 0xF77C, 0xF77C, 0xF77C, 0xF77C, 0xF77C, 0xF77C,
  0xF77C, 0xF77C, 0xEF5C, 0xEF7C, 0xF77C, 0xF75C, 0xF77C, 0xF77C, 0xF77C, 0xF77C, 0xEF5C, 0xCF3C, 0xDF3C, 0xDF3C, 0xDF3C, 0xDF3C,
  0xDF3C, 0xDF3C, 0xDF3C, 0xDF3C, 0xD71C, 0xC71C, 0xCF1C, 0xCF1C, 0xCF1C, 0xCF1C, 0xCF1C, 0xD71C, 0xCF1C, 0xB6FC, 0xCF1C, 0xCF1C,
  0xCEFC, 0xCEFC, 0xCEFC, 0xCEFC, 0xBEFC, 0xAEDC, 0xCEFC, 0xCEFC, 0xCEFC, 0xCEFC, 0xCEFC, 0xCEFC, 0xB6FC, 0xC6FC, 0xCF1C, 0xCF1C,
  0xCF1C, 0xCEFC, 0xCF1C, 0xCEFC, 0xBEDC, 0xC6FC, 0xCEFC, 0xD71C, 0xDF3C, 0xDF3C, 0xDF3C, 0xDF1C, 0xC6FC, 0xD73C, 0xDF3C, 0xDF3C,
  0xDF3C, 0xDF3C, 0xDF3C, 0xDF3C, 0xD73C, 0xEF5C, 0xF75C, 0xF77C, 0xF75C, 0xF75C, 0xF75C, 0xEF5C, 0xE75C, 0xF77C, 0xF75C, 0xF75C,
  0xF77C, 0xF75C, 0xF77C, 0xF77C, 0xEF5C, 0xE75C, 0xF77C, 0xF77C, 0xF77C, 0xF77C, 0xF77C, 0xF77D, 0xE75C, 0xC6FC, 0xDF3C, 0xE73B,
  0xE73C, 0xE73C, 0xE73C, 0xE73C, 0xE73C, 0xE73C, 0xDF3C, 0xB6FC, 0xDF3C, 0xD71C, 0xD71C, 0xD71C, 0xD71C, 0xD71C, 0xCF1C, 0xAEDC,
  0xCF1C, 0xD71C, 0xCF1C, 0xCF1C, 0xCF1C, 0xD71C, 0xB6DC, 0x9EBC, 0xD71C, 0xCEFC, 0xCF1C, 0xCF1C, 0xCF1C, 0xD71C, 0xAEFC, 0xBF1C,
  0xD73C, 0xCF1C, 0xCF1C, 0xCF1C, 0xD71C, 0xD73C, 0xB6DC, 0xBEFC, 0xD71C, 0xD71C, 0xDF3C, 0xDF3C, 0xDF3C, 0xDF3C, 0xBEDC, 0xD71C,
  0xE73C, 0xDF3C, 0xE73C, 0xE73C, 0xE75C, 0xE73C, 0xC6FB, 0xEF7C, 0xF77C, 0xF77C, 0xF75C, 0xF77C, 0xF77C, 0xF77C, 0xE73C, 0xF75C,
  0xF75C, 0xF75C, 0xF75C, 0xF75C, 0xF77C, 0xF77C, 0xF77C, 0xF77C, 0xF77C, 0xF77C, 0xF77C, 0xF77C, 0xF79D, 0xEF7C, 0xEF5C, 0xF75C,
  0xE73C, 0xE73C, 0xE73C, 0xE73C, 0xE73C, 0xE73C, 0xE73C, 0xE75C, 0xE75C, 0xE73C, 0xDF3C, 0xDF3C, 0xDF3C, 0xDF3C, 0xDF3C, 0xDF3C,
  0xDF3C, 0xDF3C, 0xD71C, 0xD71C, 0xD71C, 0xD71C, 0xD71C, 0xD71C, 0xDF1C, 0xDF3C, 0xD71C, 0xD71C, 0xD71C, 0xD71C, 0xD73C, 0xD73C,
  0xE73C, 0xDF3C, 0xDF3C, 0xD71C, 0xD71C, 0xD71C, 0xD71C, 0xDF1C, 0xE73C, 0xDF3C, 0xD71C, 0xD73C, 0xDF3C, 0xE73C, 0xE73C, 0xE73C,
  0xE73C, 0xE73C, 0xE73C, 0xE73C, 0xE75C, 0xE75C, 0xE75C, 0xEF7C, 0xF77C, 0xEF5C, 0xF77C, 0xF77C, 0xF77C, 0xF77C, 0xF77C, 0xF77C,
  0xFF7C, 0xF75C, 0xEF5C, 0xF77C, 0xF77C, 0xF77C, 0xF77C, 0xF77C, 0xF77C, 0xF77C, 0xF77C, 0xF77C, 0xF77C, 0xF77C, 0xFF9D, 0xF77C,
  0xEF5C, 0xEF5C, 0xEF5C, 0xEF5C, 0xEF5C, 0xEF5C, 0xEF5C, 0xEF5C, 0xEF5C, 0xEF5C, 0xE75C, 0xDF3C, 0xDF3C, 0xDF3C, 0xDF3C, 0xDF3C,
  0xDF3C, 0xDF3C, 0xDF3C, 0xDF1C, 0xDF3C, 0xDF3C, 0xDF3C, 0xDF3C, 0xDF3C, 0xDF3C, 0xDF3C, 0xDF3C, 0xD73C, 0xDF3C, 0xDF3C, 0xDF3C,
  0xDF3C, 0xDF3C, 0xDF3C, 0xDF3C, 0xDF3C, 0xDF3C, 0xDF3C, 0xDF1C, 0xDF1C, 0xDF1C, 0xDF1C, 0xDF3C, 0xDF3C, 0xDF3C, 0xDF3C, 0xE73C,
  0xE73C, 0xE73C, 0xE73C, 0xE73C, 0xEF3C, 0xEF5C, 0xE75C, 0xEF5C, 0xF75C, 0xEF5C, 0xF75C, 0xF77C, 0xF77C, 0xFF7C, 0xF77C, 0xF77C,
  0xF77C, 0xF77C, 0xF77C, 0xF77C, 0xF75C, 0xF77C, 0xF77C, 0xEF7C, 0xEF7D, 0xF77C, 0xF77C, 0xF77C, 0xF77C, 0xF77C, 0xF77C, 0xFF9D,
  0xE75C, 0xE75C, 0xF77C, 0xF75C, 0xF75C, 0xF77C, 0xF75C, 0xEF5C, 0xEF5C, 0xEF5C, 0xF77C, 0xDF5D, 0xDF3D, 0xE73C, 0xE73C, 0xE73C,
  0xDF3C, 0xDF3C, 0xDF3C, 0xDF3C, 0xCF1C, 0xD73C, 0xDF3C, 0xDF3C, 0xDF3C, 0xDF3C, 0xDF3C, 0xE75C, 0xD73C, 0xCF1C, 0xDF3C, 0xDF3C,
  0xDF3C, 0xDF3C, 0xDF3C, 0xDF3C, 0xDF3C, 0xCF1C, 0xDF3C, 0xE73C, 0xDF3C, 0xDF3C, 0xDF3C, 0xDF3C, 0xDF3C, 0xDF3C, 0xD73C, 0xDF3C,
  0xDF3C, 0xE73C, 0xE73C, 0xE73C, 0xE73C, 0xEF3C, 0xD71C, 0xDF3C, 0xF75C, 0xEF5C, 0xEF5C, 0xEF5C, 0xF75C, 0xF77C, 0xEF5C, 0xDF3C,
  0xEF7C, 0xF77C, 0xF77C, 0xF77C, 0xF77C, 0xF75C, 0xF77C, 0xF75C
};

static const uint16_t GPS_ASSET_W = 72;
static const uint16_t GPS_ASSET_H = 86;
static const uint16_t GPS_ASSET[6192] = {
  0xF77C, 0xF77C, 0xF75C, 0xF75C, 0xF77C, 0xF77C, 0xF77C, 0xF75C, 0xF77C, 0xF77C, 0xF77C, 0xF77C, 0xF77C, 0xF77C, 0xF77C, 0xF77C,
  0xF77C, 0xF77C, 0xF77C, 0xF77C, 0xF77C, 0xF75C, 0xF77C, 0xF77C, 0xF77C, 0xF77C, 0xF77C, 0xF77C, 0xF77C, 0xF77C, 0xF77C, 0xF77C,
  0xF77C, 0xF77C, 0xF77C, 0xF77C, 0xF77C, 0xF77C, 0xF77C, 0xF77C, 0xF77C, 0xF77C, 0xF77C, 0xF77C, 0xF77C, 0xF77C, 0xF77C, 0xF77C,
  0xF77C, 0xF77C, 0xF77C, 0xF77C, 0xF77C, 0xF77C, 0xF77C, 0xF77C, 0xF77C, 0xF77C, 0xF77C, 0xF77C, 0xF77C, 0xF77C, 0xF77C, 0xF77C,
  0xF77C, 0xF77C, 0xF77C, 0xF77C, 0xF77C, 0xF77C, 0xF77C, 0xF77C, 0xF75C, 0xF75C, 0xF75C, 0xF77C, 0xF77C, 0xF77C, 0xF77C, 0xF77C,
  0xF77C, 0xF77C, 0xF77C, 0xF77C, 0xF77C, 0xF77C, 0xF77C, 0xF77C, 0xF77C, 0xF77C, 0xF77C, 0xF77C, 0xF77C, 0xF77C, 0xF77C, 0xF77C,
  0xF77C, 0xF77C, 0xF77C, 0xF77C, 0xF77C, 0xF77C, 0xF77C, 0xF77C, 0xF77C, 0xF77C, 0xF77C, 0xF77C, 0xF77C, 0xF77C, 0xF77C, 0xF77C,
  0xF77C, 0xF77C, 0xF77C, 0xF77C, 0xF77C, 0xF77C, 0xF77C, 0xF77C, 0xF77C, 0xF77C, 0xF77C, 0xF77C, 0xF77C, 0xF77C, 0xF77C, 0xF77C,
  0xF77C, 0xF77C, 0xF77C, 0xF77C, 0xF77C, 0xF77C, 0xF77C, 0xF77C, 0xF77C, 0xF77C, 0xF77C, 0xF77C, 0xF77C, 0xF77C, 0xF77C, 0xF77C,
  0xF77C, 0xF77C, 0xF77C, 0xF75C, 0xF77C, 0xF77C, 0xF77C, 0xF77C, 0xF77C, 0xF77C, 0xF77C, 0xF77C, 0xF77C, 0xF77C, 0xF77C, 0xF77C,
  0xF77C, 0xF77C, 0xF77C, 0xF77C, 0xF77C, 0xF77C, 0xF77C, 0xF77C, 0xF77C, 0xF77C, 0xF77C, 0xF77C, 0xF77C, 0xF77C, 0xF77C, 0xF77C,
  0xF77C, 0xF77C, 0xF75C, 0xF77C, 0xF77C, 0xF77C, 0xF77C, 0xF77C, 0xF77C, 0xF77C, 0xF77C, 0xF77C, 0xF77C, 0xF77C, 0xF77C, 0xF77C,
  0xF77C, 0xF77C, 0xF77C, 0xF77C, 0xF77C, 0xF77C, 0xF77C, 0xF77C, 0xF77C, 0xF77C, 0xF77C, 0xF77C, 0xF77C, 0xF77C, 0xF77C, 0xF77C,
  0xF77C, 0xF77C, 0xF77C, 0xF77C, 0xF77C, 0xF77C, 0xF77C, 0xF77C, 0xF77C, 0xF77C, 0xF75C, 0xF77C, 0xF77C, 0xF77C, 0xF77C, 0xF77C,
  0xF77C, 0xF77C, 0xF77C, 0xF77C, 0xF77C, 0xF77C, 0xF77C, 0xF77C, 0xF77C, 0xF77C, 0xF77C, 0xF77C, 0xF77C, 0xF77C, 0xF77C, 0xF77C,
  0xF77C, 0xF77C, 0xF77C, 0xF77C, 0xF77C, 0xF77C, 0xF77C, 0xF77C, 0xF77C, 0xF77C, 0xF77C, 0xF77C, 0xF77C, 0xF77C, 0xF77C, 0xF77C,
  0xF77C, 0xF77C, 0xF77C, 0xF77C, 0xF77C, 0xF77C, 0xF77C, 0xF77C, 0xF77C, 0xF77C, 0xF77C, 0xF77C, 0xF77C, 0xF77C, 0xF77C, 0xF77C,
  0xF77C, 0xF77C, 0xF77C, 0xF77C, 0xF77C, 0xF77C, 0xF77C, 0xF77C, 0xF77C, 0xF77C, 0xF77C, 0xF77C, 0xF77C, 0xF77C, 0xF77C, 0xF77C,
  0xF77C, 0xF77C, 0xF77C, 0xF77C, 0xF77C, 0xF77C, 0xF77C, 0xF77C, 0xF77C, 0xF77C, 0xF77C, 0xF77C, 0xF77C, 0xF77C, 0xF77C, 0xF77C,
  0xF77C, 0xF77C, 0xF77C, 0xF77C, 0xF77C, 0xF77C, 0xF77C, 0xF77C, 0xF77C, 0xF77C, 0xF77C, 0xF77C, 0xF77C, 0xF77C, 0xF77C, 0xF77C,
  0xF77C, 0xF77C, 0xF77C, 0xF77C, 0xF77C, 0xF77C, 0xF77C, 0xF77C, 0xF77C, 0xF77C, 0xF77C, 0xF77C, 0xF77C, 0xF77C, 0xF77C, 0xF77C,
  0xF77C, 0xF77C, 0xF77C, 0xF77C, 0xF77C, 0xF77C, 0xF77C, 0xF77C, 0xF77C, 0xF77C, 0xF77C, 0xF77C, 0xF77C, 0xF77C, 0xF77C, 0xF77C,
  0xF77C, 0xF77C, 0xF77C, 0xF77C, 0xF77C, 0xF77C, 0xF77C, 0xF77C, 0xF77C, 0xF77C, 0xF77C, 0xF77C, 0xF77C, 0xF77C, 0xF77C, 0xF77C,
  0xF77C, 0xF77C, 0xF77C, 0xF77C, 0xF77C, 0xF77C, 0xF77C, 0xF77C, 0xF77C, 0xF77C, 0xF77C, 0xF77C, 0xF77C, 0xF77C, 0xF77C, 0xF77C,
  0xF77C, 0xF77C, 0xF77C, 0xF77C, 0xF77C, 0xF77C, 0xF77C, 0xF77C, 0xF77C, 0xF77C, 0xF77C, 0xF77C, 0xF77C, 0xF77C, 0xF77C, 0xF77C,
  0xF77C, 0xF77C, 0xF77C, 0xF77C, 0xF77C, 0xF77C, 0xF77C, 0xF77C, 0xF77C, 0xF77C, 0xF77C, 0xF77C, 0xF77C, 0xF77C, 0xF77C, 0xF77C,
  0xF77C, 0xF77C, 0xF77C, 0xF77C, 0xF77C, 0xF77C, 0xF77C, 0xF77C, 0xF77C, 0xF77C, 0xF77C, 0xF77C, 0xF77C, 0xF77C, 0xF77C, 0xF77C,
  0xF77C, 0xF77C, 0xF77C, 0xF77C, 0xF77C, 0xF77C, 0xF77C, 0xF77C, 0xF77C, 0xF77C, 0xF77C, 0xF77C, 0xF77C, 0xF77C, 0xF77C, 0xF77C,
  0xF77C, 0xF77C, 0xF77C, 0xF77C, 0xF77C, 0xF77C, 0xF77C, 0xF77C, 0xF77C, 0xF77C, 0xF77C, 0xF77C, 0xF77C, 0xF77C, 0xF77C, 0xF77C,
  0xF77C, 0xF77C, 0xF77C, 0xF77C, 0xF77C, 0xF77C, 0xF77C, 0xF77C, 0xF77C, 0xF77C, 0xF77C, 0xF77C, 0xF77C, 0xF77C, 0xF77C, 0xF77C,
  0xF77C, 0xF77C, 0xF77C, 0xF77C, 0xF77C, 0xF77C, 0xF77C, 0xF77C, 0xF77C, 0xF77C, 0xF77C, 0xF77C, 0xF77C, 0xF77C, 0xF77C, 0xF77C,
  0xF77C, 0xF77C, 0xF77C, 0xF77C, 0xF77C, 0xF77C, 0xF77C, 0xF77C, 0xF77C, 0xF77C, 0xF77C, 0xF77C, 0xF77C, 0xF77C, 0xF77C, 0xF77C,
  0xF77C, 0xF77C, 0xF77C, 0xF77C, 0xF77C, 0xF77C, 0xF77C, 0xF77C, 0xF77C, 0xF77C, 0xF77C, 0xF77C, 0xF77C, 0xF77C, 0xF77C, 0xF77C,
  0xF77C, 0xF77C, 0xF77C, 0xF77C, 0xF77C, 0xF77C, 0xF77C, 0xF77C, 0xF77C, 0xF77C, 0xF77C, 0xF77C, 0xF77C, 0xF77C, 0xF77C, 0xF77C,
  0xF77C, 0xF77C, 0xF77C, 0xF77C, 0xF77C, 0xF77C, 0xF77C, 0xF77C, 0xF77C, 0xF77C, 0xF77C, 0xF77C, 0xF77C, 0xF77C, 0xF77C, 0xF77C,
  0xF77C, 0xF77C, 0xF77C, 0xF77C, 0xF77C, 0xF77C, 0xF77C, 0xF77C, 0xF77C, 0xF77C, 0xF77C, 0xF77C, 0xF77C, 0xF77C, 0xF77C, 0xF77C,
  0xF77C, 0xF77C, 0xF77C, 0xF77C, 0xF77C, 0xF77C, 0xF77C, 0xF77C, 0xF77C, 0xF77C, 0xF77C, 0xF77C, 0xF77C, 0xF77C, 0xF77C, 0xF77C,
  0xF77C, 0xF77C, 0xF77C, 0xF77C, 0xF77C, 0xF77C, 0xF77C, 0xF77C, 0xF77C, 0xF77C, 0xF77C, 0xF77C, 0xF77C, 0xF77C, 0xF77C, 0xF77C,
  0xF77C, 0xF77C, 0xF77C, 0xF77C, 0xF77C, 0xF77C, 0xF77C, 0xF77C, 0xF77C, 0xF77C, 0xF77C, 0xF77C, 0xF77C, 0xF77C, 0xF77C, 0xF77C,
  0xF77C, 0xF77C, 0xF77C, 0xF77C, 0xF77C, 0xF77C, 0xF77C, 0xF77C, 0xF77C, 0xF77C, 0xF77C, 0xF77C, 0xF77C, 0xF77C, 0xF77C, 0xF77C,
  0xF77C, 0xF77C, 0xF77C, 0xF77C, 0xF77C, 0xF77C, 0xF77C, 0xF77C, 0xF77C, 0xF77C, 0xF77C, 0xF77C, 0xF77C, 0xF77C, 0xF77C, 0xF77C,
  0xF77C, 0xF77C, 0xF77C, 0xF77C, 0xF77C, 0xF77C, 0xF77C, 0xF77C, 0xF77C, 0xF77C, 0xF77C, 0xF77C, 0xF77C, 0xF77C, 0xF77C, 0xF77C,
  0xF77C, 0xF77C, 0xF77C, 0xF77C, 0xF77C, 0xF77C, 0xF77C, 0xF77C, 0xF77C, 0xF77C, 0xFF9C, 0xFFBD, 0xFFBC, 0xFF9C, 0xFF9C, 0xFF9C,
  0xFF7C, 0xFF9C, 0xFF9C, 0xFF9C, 0xFF9C, 0xF77C, 0xF77C, 0xF77C, 0xF77C, 0xF77C, 0xF77C, 0xF77C, 0xF77C, 0xF77C, 0xF77C, 0xF77C,
  0xF77C, 0xF77C, 0xF77C, 0xF77C, 0xF77C, 0xF77C, 0xF77C, 0xF77C, 0xF77C, 0xF77C, 0xF75C, 0xF77C, 0xF77C, 0xF77C, 0xF77C, 0xF77C,
  0xF77C, 0xF77C, 0xF77C, 0xF77C, 0xF77C, 0xF77C, 0xF77C, 0xF77C, 0xF77C, 0xF77C, 0xF77C, 0xF77C, 0xF77C, 0xF77C, 0xF77C, 0xF77C,
  0xF77C, 0xF77C, 0xF77C, 0xF77C, 0xF77C, 0xF77C, 0xF77C, 0xF77C, 0xF77C, 0xF77C, 0xF77C, 0xF77C, 0xF77C, 0xF77C, 0xF77C, 0xF77C,
  0xFF9C, 0xFF9C, 0xDF5C, 0xA6BC, 0x7E3B, 0x65FA, 0x4DBA, 0x3D59, 0x3D59, 0x5579, 0x6DB9, 0x963A, 0xCEFB, 0xF77C, 0xFFBD, 0xFF9C,
  0xF75C, 0xF77C, 0xF77C, 0xF77C, 0xF77C, 0xF77C, 0xF77C, 0xF77C, 0xF77C, 0xF77C, 0xF77C, 0xF77C, 0xF77C, 0xF77C, 0xF77C, 0xF77C,
  0xF77C, 0xF77C, 0xF77C, 0xF77C, 0xF77C, 0xF77C, 0xF77C, 0xF77C, 0xF77C, 0xF77C, 0xF77C, 0xF77C, 0xF77C, 0xF77C, 0xF77C, 0xF77C,
  0xF77C, 0xF77C, 0xF77C, 0xF77C, 0xF77C, 0xF77C, 0xF77C, 0xF77C, 0xF77C, 0xF77C, 0xF77C, 0xF77C, 0xF77C, 0xF77C, 0xF77C, 0xF77C,
  0xF77C, 0xF77C, 0xF77C, 0xF77C, 0xF77C, 0xF77C, 0xFF9C, 0xF77C, 0xA69B, 0x4DBA, 0x1539, 0x04F9, 0x04F9, 0x04F9, 0x04F9, 0x04D9,
  0x04D8, 0x04B8, 0x04B8, 0x04B8, 0x0CD8, 0x3538, 0x861A, 0xDF3C, 0xFF9C, 0xF75C, 0xF75C, 0xF77C, 0xF77C, 0xF77C, 0xF77C, 0xF77C,
  0xF77C, 0xF77C, 0xF77C, 0xF77C, 0xF77C, 0xF77C, 0xF77C, 0xF77C, 0xF77C, 0xF77C, 0xF77C, 0xF77C, 0xF77C, 0xF77C, 0xF77C, 0xF77C,
  0xF77C, 0xF77C, 0xF77C, 0xF77C, 0xF77C, 0xF75C, 0xF77C, 0xF77C, 0xF77C, 0xF77C, 0xF77C, 0xF77C, 0xF77C, 0xF77C, 0xF77C, 0xF77C,
  0xF77C, 0xF77C, 0xF77C, 0xF77C, 0xF77C, 0xF77C, 0xF77C, 0xF77C, 0xF77C, 0xF77C, 0xF77C, 0xF77C, 0xFF9C, 0xFF9D, 0xA6BB, 0x2D59,
  0x04F9, 0x04F9, 0x04F8, 0x04F9, 0x04F9, 0x04F9, 0x04F9, 0x04F9, 0x04F9, 0x04F9, 0x04F8, 0x04D8, 0x04B8, 0x0497, 0x0456, 0x1477,
  0x75D9, 0xE75C, 0xFF9C, 0xF75C, 0xF77C, 0xF77C, 0xF77C, 0xF77C, 0xF77C, 0xF77C, 0xF77C, 0xF77C, 0xF77C, 0xF77C, 0xF77C, 0xF77C,
  0xF77C, 0xF77C, 0xF77C, 0xF77C, 0xF77C, 0xF77C, 0xF77C, 0xF77C, 0xF77C, 0xF77C, 0xF77C, 0xF77C, 0xF77C, 0xF77C, 0xF77C, 0xF77C,
  0xF77C, 0xF77C, 0xF77C, 0xF77C, 0xF77C, 0xF77C, 0xF77C, 0xF77C, 0xF77C, 0xF77C, 0xF77C, 0xF77C, 0xF77C, 0xF77C, 0xF77C, 0xF77C,
  0xF77C, 0xF77C, 0xF77C, 0xFFBD, 0xE75D, 0x55BA, 0x051A, 0x0519, 0x0539, 0x0519, 0x0519, 0x04F9, 0x04D9, 0x04D9, 0x04D9, 0x04D9,
  0x04D8, 0x04D8, 0x04B8, 0x04B8, 0x0497, 0x0497, 0x0477, 0x0456, 0x0436, 0x2497, 0xAE9B, 0xFFBD, 0xF77C, 0xF77C, 0xF77C, 0xF77C,
  0xF77C, 0xF77C, 0xF77C, 0xF77C, 0xF77C, 0xF77C, 0xF77C, 0xF77C, 0xF77C, 0xF77C, 0xF77C, 0xF77C, 0xF77C, 0xF77C, 0xF77C, 0xF77C,
  0xF77C, 0xF77C, 0xF77C, 0xF77C, 0xF77C, 0xF77C, 0xF77C, 0xF77C, 0xF77C, 0xF77C, 0xF77C, 0xF77C, 0xF77C, 0xF77C, 0xF77C, 0xF77C,
  0xF77C, 0xF77C, 0xF77C, 0xF77C, 0xF77C, 0xF77C, 0xF77C, 0xF77C, 0xF77C, 0xF77C, 0xFFBD, 0xBEFC, 0x1D3A, 0x053A, 0x055A, 0x055A,
  0x0539, 0x0519, 0x0519, 0x04D8, 0x04D8, 0x04D8, 0x04D8, 0x04D8, 0x04B8, 0x04B8, 0x04B8, 0x0497, 0x0477, 0x0477, 0x0477, 0x0477,
  0x0477, 0x0456, 0x0436, 0x85FA, 0xFFDE, 0xF77C, 0xF77C, 0xF77C, 0xF77C, 0xF77C, 0xF77C, 0xF77C, 0xF77C, 0xF77C, 0xF77C, 0xF77C,
  0xF77C, 0xF77C, 0xF77C, 0xF77C, 0xF77C, 0xF77C, 0xF77C, 0xF77C, 0xF77C, 0xF77C, 0xF77C, 0xF77C, 0xF77C, 0xF77C, 0xF77C, 0xF77C,
  0xF77C, 0xF75C, 0xF77C, 0xF77C, 0xF77C, 0xF77C, 0xF77C, 0xF77C, 0xF77C, 0xF77C, 0xF77C, 0xF77C, 0xF77C, 0xF77C, 0xF77C, 0xF77C,
  0xF77C, 0xFF9C, 0xB6DC, 0x0CD8, 0x0519, 0x0539, 0x053A, 0x0539, 0x0519, 0x0519, 0x04F9, 0x04D8, 0x04D8, 0x04B8, 0x04B8, 0x0497,
  0x0497, 0x0497, 0x0497, 0x0497, 0x0477, 0x0477, 0x0477, 0x0477, 0x0497, 0x04B8, 0x04B8, 0x0436, 0x6DB9, 0xFFBD, 0xF75C, 0xF77C,
  0xF77C, 0xF77C, 0xF77C, 0xF77C, 0xF77C, 0xF77C, 0xF77C, 0xF77C, 0xF77C, 0xF77C, 0xF77C, 0xF77C, 0xF77C, 0xF77C, 0xF77C, 0xF77C,
  0xF77C, 0xF77C, 0xF77C, 0xF77C, 0xF77C, 0xF75C, 0xF77C, 0xF77C, 0xF77C, 0xF75C, 0xF77C, 0xF75C, 0xF77C, 0xF77C, 0xF77C, 0xF77C,
  0xF77C, 0xF77C, 0xF77C, 0xF77C, 0xF77C, 0xF77C, 0xF77C, 0xF77C, 0xFF9D, 0xC6DC, 0x0C77, 0x0498, 0x04F8, 0x04F9, 0x0519, 0x0519,
  0x0519, 0x04F9, 0x04F9, 0x04D8, 0x04B8, 0x04B8, 0x0497, 0x0477, 0x0477, 0x0477, 0x0477, 0x0477, 0x0477, 0x0477, 0x0477, 0x0497,
  0x0497, 0x0498, 0x0498, 0x0C97, 0x0416, 0x7598, 0xFFBD, 0xF75C, 0xF77C, 0xF77C, 0xF77C, 0xF77C, 0xF77C, 0xF77C, 0xF77C, 0xF77C,
  0xF77C, 0xF77C, 0xF77C, 0xF77C, 0xF77C, 0xF77C, 0xF77C, 0xF77C, 0xF77C, 0xF77C, 0xF77C, 0xF77C, 0xF77C, 0xF77C, 0xF75C, 0xF77C,
  0xF77C, 0xF75C, 0xF75C, 0xF77C, 0xF77C, 0xF77C, 0xF77C, 0xF77C, 0xF77C, 0xF77C, 0xF77C, 0xF77C, 0xF77C, 0xF77C, 0xF77C, 0xFF9C,
  0xE75C, 0x1CB8, 0x0457, 0x0497, 0x0498, 0x04D8, 0x04F9, 0x04F9, 0x04F9, 0x04F9, 0x04F9, 0x04D8, 0x04B8, 0x0497, 0x0477, 0x0456,
  0x0456, 0x0456, 0x0476, 0x0477, 0x0477, 0x0477, 0x0497, 0x0497, 0x0477, 0x0477, 0x0477, 0x0456, 0x0436, 0x0394, 0x9DF9, 0xFF9D,
  0xF75C, 0xF77C, 0xF77C, 0xF77C, 0xF77C, 0xF77C, 0xF77C, 0xF77C, 0xF77C, 0xF77C, 0xF77C, 0xF77C, 0xF77C, 0xF77C, 0xF77C, 0xF77C,
  0xF77C, 0xF77C, 0xF77C, 0xF77C, 0xF75C, 0xF77C, 0xF75C, 0xF75C, 0xF75C, 0xF77C, 0xF77C, 0xF77C, 0xF77C, 0xF77C, 0xF77C, 0xF77C,
  0xF77C, 0xF77C, 0xF77C, 0xF77C, 0xF77C, 0xF77C, 0xF77C, 0xFFBD, 0x4D9A, 0x0498, 0x04B8, 0x0477, 0x0477, 0x0497, 0x04B8, 0x04D8,
  0x04D8, 0x04D8, 0x04D8, 0x04B8, 0x0498, 0x0497, 0x0497, 0x0456, 0x0456, 0x0456, 0x0456, 0x0456, 0x0477, 0x0477, 0x0477, 0x0477,
  0x0477, 0x0457, 0x0436, 0x0415, 0x03B4, 0x0393, 0x1393, 0xD6FC, 0xFF9C, 0xF77C, 0xF77C, 0xF77C, 0xF77C, 0xF77C, 0xF77C, 0xF77C,
  0xF77C, 0xF77C, 0xF77C, 0xF77C, 0xF77C, 0xF77C, 0xF77C, 0xF77C, 0xF77C, 0xF77C, 0xF77C, 0xF77C, 0xF77C, 0xF77C, 0xF77C, 0xF77C,
  0xF77C, 0xF77C, 0xF77C, 0xF77C, 0xF77C, 0xF77C, 0xF77C, 0xF77C, 0xF77C, 0xF77C, 0xF77C, 0xF77C, 0xF77C, 0xF77C, 0xFFBD, 0x9E7B,
  0x0498, 0x04D8, 0x04D8, 0x0497, 0x0477, 0x0477, 0x0477, 0x0498, 0x04B8, 0x04B8, 0x04B8, 0x04B8, 0x0477, 0x0456, 0x0415, 0x03F4,
  0x03F4, 0x03F4, 0x0415, 0x0477, 0x0497, 0x0477, 0x0477, 0x0477, 0x0477, 0x0456, 0x03F5, 0x03D4, 0x03B4, 0x0BD4, 0x0373, 0x4CB7,
  0xFFBD, 0xF75C, 0xF77C, 0xF77C, 0xF77C, 0xF77C, 0xF77C, 0xF77C, 0xF77C, 0xF77C, 0xF77C, 0xF77C, 0xF77C, 0xF77C, 0xF77C, 0xF77C,
  0xF77C, 0xF77C, 0xF77C, 0xF77C, 0xF77C, 0xF77C, 0xF77C, 0xF75C, 0xF77C, 0xF77C, 0xF77C, 0xF77C, 0xF77C, 0xF77C, 0xF77C, 0xF77C,
  0xF77C, 0xF77C, 0xF77C, 0xF77C, 0xF77C, 0xFF7C, 0xEF5D, 0x24B8, 0x0497, 0x04D8, 0x04D8, 0x04D8, 0x0477, 0x0457, 0x0457, 0x0456,
  0x0456, 0x0497, 0x0476, 0x0456, 0x44F8, 0x7DD9, 0xA63A, 0xAE5A, 0xA63A, 0x7D98, 0x4CF7, 0x0C56, 0x0457, 0x0498, 0x0477, 0x0477,
  0x0436, 0x03F5, 0x03B5, 0x03D5, 0x03D5, 0x03D5, 0x03F5, 0x0394, 0xB67A, 0xFFBD, 0xF75C, 0xF77C, 0xF77C, 0xF77C, 0xF77C, 0xF77C,
  0xF77C, 0xF77C, 0xF77C, 0xF77C, 0xF77C, 0xF77C, 0xF77C, 0xF77C, 0xF77C, 0xF77C, 0xF77C, 0xF77C, 0xF77C, 0xF77C, 0xF77C, 0xF77C,
  0xF77C, 0xF77C, 0xF77C, 0xF77C, 0xF77C, 0xF77C, 0xF77C, 0xF77C, 0xF77C, 0xF77C, 0xF77C, 0xF77C, 0xF75C, 0xFFBC, 0x961A, 0x0437,
  0x04B7, 0x04B8, 0x04B8, 0x04D8, 0x04B8, 0x0457, 0x0456, 0x0436, 0x0435, 0x03F5, 0x44F7, 0xBEBB, 0xFF9D, 0xFFDD, 0xFFBD, 0xFFBD,
  0xFFBD, 0xFFBD, 0xFFBD, 0xCEFC, 0x5538, 0x0416, 0x0456, 0x0415, 0x03D4, 0x0394, 0x03B4, 0x03D5, 0x03D5, 0x0415, 0x0436, 0x03F5,
  0x4CB6, 0xFF9D, 0xF77C, 0xF77C, 0xF77C, 0xF77C, 0xF77C, 0xF77C, 0xF77C, 0xF77C, 0xF77C, 0xF77C, 0xF77C, 0xF77C, 0xF77C, 0xF77C,
  0xF77C, 0xF77C, 0xF77C, 0xF77C, 0xF77C, 0xF77C, 0xF77C, 0xF77C, 0xF77C, 0xF77C, 0xF77C, 0xF77C, 0xF77C, 0xF77C, 0xF77C, 0xF77C,
  0xF77C, 0xF77C, 0xF77C, 0xF77C, 0xF77C, 0xF77C, 0x34B8, 0x0457, 0x0497, 0x0498, 0x04B8, 0x04B7, 0x04B8, 0x04B8, 0x0457, 0x0456,
  0x03F4, 0x6D78, 0xFF7C, 0xFF9C, 0xF75C, 0xF77C, 0xF77C, 0xF77C, 0xF77C, 0xF77C, 0xF79D, 0xFFBD, 0xFFBD, 0x8DF9, 0x03B3, 0x0393,
  0x0373, 0x0394, 0x03B4, 0x03D5, 0x03F5, 0x0416, 0x0436, 0x0436, 0x0BD5, 0xCEBB, 0xFF9C, 0xF77C, 0xF77C, 0xF77C, 0xF77C, 0xF77C,
  0xF77C, 0xF77C, 0xF77C, 0xF77C, 0xF77C, 0xF77C, 0xF77C, 0xF77C, 0xF77C, 0xF77C, 0xF77C, 0xF77C, 0xF77C, 0xF77C, 0xF77C, 0xF77C,
  0xF77C, 0xF77C, 0xF77C, 0xF77C, 0xF77C, 0xF77C, 0xF77C, 0xF77C, 0xF77C, 0xF77C, 0xF77C, 0xF75C, 0xFF9C, 0xBEBB, 0x03F6, 0x0C77,
  0x0477, 0x0477, 0x0497, 0x0497, 0x0497, 0x0497, 0x0497, 0x03F5, 0x6D78, 0xFF9D, 0xF73B, 0xF75C, 0xF77C, 0xF77C, 0xF77C, 0xF77C,
  0xF77C, 0xF77C, 0xF77D, 0xF77C, 0xF75C, 0xFFBC, 0x8DB8, 0x0311, 0x0372, 0x0373, 0x03B4, 0x03F5, 0x0415, 0x0415, 0x0416, 0x0436,
  0x03B4, 0x7D78, 0xFFBD, 0xF75C, 0xF77C, 0xF77C, 0xF77C, 0xF77C, 0xF77C, 0xF77C, 0xF77C, 0xF77C, 0xF77C, 0xF77C, 0xF77C, 0xF77C,
  0xF77C, 0xF77C, 0xF77C, 0xF77C, 0xF77C, 0xF77C, 0xF77C, 0xF77C, 0xF77C, 0xF75C, 0xF77C, 0xF77C, 0xF77C, 0xF77C, 0xF77C, 0xF77C,
  0xF77C, 0xF77C, 0xF77C, 0xF77C, 0xFFBD, 0x7DB9, 0x03F6, 0x0C57, 0x0457, 0x0457, 0x0477, 0x0477, 0x0477, 0x0497, 0x0456, 0x3CD7,
  0xF79D, 0xF75C, 0xF75C, 0xF77C, 0xF77C, 0xF77C, 0xF77C, 0xF77C, 0xF77C, 0xF77C, 0xF77C, 0xF77C, 0xF77C, 0xEF3B, 0xFFBD, 0x5CB5,
  0x0332, 0x03B3, 0x03D4, 0x03F5, 0x03F5, 0x03F5, 0x0415, 0x03F5, 0x03B3, 0x4475, 0xFFBD, 0xF77C, 0xF77C, 0xF77C, 0xF77C, 0xF77C,
  0xF77C, 0xF77C, 0xF77C, 0xF77C, 0xF77C, 0xF77C, 0xF77C, 0xF77C, 0xF77C, 0xF77C, 0xF77C, 0xF77C, 0xF77C, 0xF77C, 0xF77C, 0xF77C,
  0xF77C, 0xF77C, 0xF77C, 0xF77C, 0xF77C, 0xF77C, 0xF77C, 0xF77C, 0xF77C, 0xF77C, 0xF77C, 0xF77C, 0xFFBD, 0x44D8, 0x0416, 0x0457,
  0x0437, 0x0456, 0x0456, 0x0456, 0x0456, 0x0477, 0x0416, 0xBEBB, 0xFFBD, 0xF77C, 0xF77C, 0xF77C, 0xF77C, 0xF77C, 0xF77C, 0xF77C,
  0xF77C, 0xF77C, 0xF77C, 0xF77C, 0xF77C, 0xF77C, 0xFF7C, 0xD6FB, 0x0B93, 0x03D4, 0x03D5, 0x03D5, 0x03F5, 0x03F5, 0x03D5, 0x03D4,
  0x03B3, 0x13D3, 0xDF1C, 0xFF9D, 0xF77C, 0xF77C, 0xF77C, 0xF77C, 0xF77C, 0xF77C, 0xF77C, 0xF77C, 0xF77C, 0xF77C, 0xF77C, 0xF77C,
  0xF77C, 0xF77C, 0xF77C, 0xF77C, 0xF77C, 0xF77C, 0xF77C, 0xF77C, 0xF77C, 0xF77C, 0xF77C, 0xF77C, 0xF77C, 0xF77C, 0xF77C, 0xF77C,
  0xF77C, 0xF77C, 0xF77C, 0xFF9D, 0xEF7D, 0x2437, 0x0416, 0x0436, 0x0436, 0x0436, 0x0436, 0x0436, 0x0435, 0x03F4, 0x34B6, 0xFFBE,
  0xF77C, 0xF77C, 0xF77C, 0xF77C, 0xF77C, 0xF77C, 0xF77C, 0xF77C, 0xF77C, 0xF77C, 0xF77C, 0xF77C, 0xF77C, 0xF77C, 0xF77C, 0xFFDD,
  0x5D17, 0x03B5, 0x03F5, 0x03F5, 0x03D4, 0x03D4, 0x03D4, 0x03B4, 0x03B4, 0x0373, 0xC69B, 0xFFBD, 0xF77C, 0xF77C, 0xF77C, 0xF77C,
  0xF77C, 0xF77C, 0xF77C, 0xF77C, 0xF77C, 0xF77C, 0xF77C, 0xF77C, 0xF77C, 0xF77C, 0xF77C, 0xF77C, 0xF77C, 0xF77C, 0xF77C, 0xF77C,
  0xF77C, 0xF77C, 0xF77C, 0xF77C, 0xF77C, 0xF77C, 0xF77C, 0xF77C, 0xF77C, 0xF77C, 0xF79D, 0xFFBD, 0xD71C, 0x0BF5, 0x0416, 0x0416,
  0x0416, 0x0415, 0x0415, 0x0415, 0x0415, 0x0393, 0x7578, 0xFFBD, 0xF75C, 0xF77C, 0xF77C, 0xF77C, 0xF77C, 0xF77C, 0xF77C, 0xF77C,
  0xF77C, 0xF77C, 0xF77C, 0xF77C, 0xF77C, 0xF77C, 0xF77D, 0xFFDE, 0x9E1A, 0x0394, 0x0BF5, 0x03F5, 0x03D4, 0x03D4, 0x03B4, 0x03B4,
  0x03D4, 0x0373, 0xA619, 0xFFBD, 0xF75C, 0xF77C, 0xF77C, 0xF77C, 0xF77C, 0xF77C, 0xF77C, 0xF77C, 0xF77C, 0xF77C, 0xF77C, 0xF77C,
  0xF77C, 0xF77C, 0xF77C, 0xF77C, 0xF77C, 0xF77C, 0xF77C, 0xF77C, 0xF77C, 0xF77C, 0xF77C, 0xF77C, 0xF77C, 0xF77C, 0xF77C, 0xF77C,
  0xF77C, 0xF77C, 0xF77D, 0xFFDE, 0xC6BB, 0x0394, 0x03F5, 0x03F5, 0x0415, 0x0415, 0x0415, 0x03F5, 0x03F4, 0x0352, 0x9E19, 0xFF9C,
  0xF75C, 0xF77C, 0xF77C, 0xF77C, 0xF77C, 0xF77C, 0xF77C, 0xF77C, 0xF77C, 0xF77C, 0xF77C, 0xF77C, 0xF77C, 0xF77C, 0xF77D, 0xFFBD,
  0xCEDB, 0x0B94, 0x03D5, 0x03D5, 0x03D5, 0x03D4, 0x03D4, 0x03D4, 0x03D4, 0x0373, 0x8DB9, 0xFFBD, 0xF75C, 0xF77C, 0xF77C, 0xF77C,
  0xF77C, 0xF77C, 0xF77C, 0xF77C, 0xF77C, 0xF77C, 0xF77C, 0xF77C, 0xF77C, 0xF77C, 0xF77C, 0xF77C, 0xF77C, 0xF77C, 0xF77C, 0xF77C,
  0xF77C, 0xF77C, 0xF77C, 0xF77C, 0xF77C, 0xF77C, 0xF77C, 0xF77C, 0xF77C, 0xF77C, 0xF77C, 0xFFDD, 0xBE9A, 0x0373, 0x03F5, 0x03F5,
  0x03F5, 0x03F5, 0x03F5, 0x03D4, 0x03D4, 0x0372, 0xB65A, 0xFF9C, 0xF75C, 0xF77C, 0xF77C, 0xF77C, 0xF77C, 0xF77C, 0xF77C, 0xF77C,
  0xF77C, 0xF77C, 0xF77C, 0xF77C, 0xF77C, 0xF77C, 0xF77C, 0xFF9D, 0xDF1B, 0x0B73, 0x03B4, 0x03D5, 0x03D5, 0x03D4, 0x03D5, 0x03D5,
  0x03F5, 0x0373, 0x8DB9, 0xFFBD, 0xF75C, 0xF77C, 0xF77C, 0xF77C, 0xF77C, 0xF77C, 0xF77C, 0xF77C, 0xF77C, 0xF77C, 0xF77C, 0xF77C,
  0xF77C, 0xF77C, 0xF77C, 0xF77C, 0xF77C, 0xF77C, 0xF77C, 0xF77C, 0xF77C, 0xF77C, 0xF77C, 0xF77C, 0xF77C, 0xF77C, 0xF77C, 0xF77C,
  0xF77C, 0xF77C, 0xF77C, 0xFFBD, 0xBE7A, 0x0353, 0x03D5, 0x03F5, 0x03F5, 0x03F5, 0x03F5, 0x03F5, 0x03F4, 0x0393, 0xB67A, 0xFF9D,
  0xF77C, 0xF77C, 0xF77C, 0xF77C, 0xF77C, 0xF77C, 0xF77C, 0xF77C, 0xF77C, 0xF77C, 0xF77C, 0xF77C, 0xF77C, 0xF79C, 0xF77C, 0xFF7C,
  0xD6FB, 0x0B73, 0x0393, 0x03B4, 0x03B4, 0x03B4, 0x03D4, 0x03D5, 0x03F5, 0x0394, 0x8DD9, 0xFFBD, 0xF75C, 0xF77C, 0xF77C, 0xF77C,
  0xF77C, 0xF77C, 0xF77C, 0xF77C, 0xF77C, 0xF77C, 0xF77C, 0xF77C, 0xF77C, 0xF77C, 0xF77C, 0xF77C, 0xF77C, 0xF77C, 0xF77C, 0xF77C,
  0xF77C, 0xF77C, 0xF77C, 0xF77C, 0xF77C, 0xF77C, 0xF77C, 0xF77C, 0xF77C, 0xF77C, 0xF75C, 0xFF9C, 0xC6BA, 0x0394, 0x03F5, 0x03F6,
  0x03F5, 0x03F5, 0x03F5, 0x03F5, 0x0415, 0x0393, 0x9E19, 0xFFBD, 0xF77C, 0xF77C, 0xF77C, 0xF77C, 0xF77C, 0xF77C, 0xF77C, 0xF77C,
  0xF77C, 0xF77C, 0xF77C, 0xF77C, 0xF77C, 0xF77C, 0xF75C, 0xFF9C, 0xBE7A, 0x0332, 0x0393, 0x0394, 0x03B4, 0x03B4, 0x03D4, 0x03D5,
  0x03F5, 0x0394, 0x9E1A, 0xFFDD, 0xF77C, 0xF77C, 0xF77C, 0xF77C, 0xF77C, 0xF77C, 0xF77C, 0xF77C, 0xF77C, 0xF77C, 0xF77C, 0xF77C,
  0xF77C, 0xF77C, 0xF77C, 0xF77C, 0xF77C, 0xF77C, 0xF77C, 0xF77C, 0xF77C, 0xF77C, 0xF77C, 0xF77C, 0xF77C, 0xF77C, 0xF77C, 0xF77C,
  0xF77C, 0xF77C, 0xF77C, 0xFF9C, 0xDF1B, 0x0BF5, 0x0416, 0x0416, 0x0416, 0x0415, 0x0415, 0x0416, 0x0415, 0x03B4, 0x6537, 0xFFBD,
  0xF75C, 0xF77C, 0xF77C, 0xF77C, 0xF77C, 0xF77C, 0xF77C, 0xF77C, 0xF77C, 0xF77C, 0xF77C, 0xF77C, 0xF77C, 0xF77C, 0xF75C, 0xFFBC,
  0x95B8, 0x0312, 0x03B3, 0x03B4, 0x03B4, 0x03B4, 0x03D4, 0x03D4, 0x03D5, 0x0393, 0xAE5A, 0xFFBD, 0xF77C, 0xF77C, 0xF77C, 0xF77C,
  0xF77C, 0xF77C, 0xF77C, 0xF77C, 0xF77C, 0xF77C, 0xF77C, 0xF77C, 0xF75C, 0xF77C, 0xF77C, 0xF77C, 0xF77C, 0xF77C, 0xF77C, 0xF77C,
  0xF77C, 0xF77C, 0xF77C, 0xF77C, 0xF77C, 0xF77C, 0xF77C, 0xF77C, 0xF77C, 0xF77C, 0xF77C, 0xFF7C, 0xF75C, 0x2C56, 0x0416, 0x0436,
  0x0436, 0x0416, 0x0415, 0x0415, 0x0415, 0x03D4, 0x2C35, 0xF77D, 0xF77C, 0xF77C, 0xF77C, 0xF77C, 0xF77C, 0xF77C, 0xF77C, 0xF77C,
  0xF77C, 0xF77C, 0xF77C, 0xF77C, 0xF77C, 0xF77C, 0xF75C, 0xFFBD, 0x54B6, 0x0353, 0x03B4, 0x03B4, 0x03B4, 0x03D4, 0x03B5, 0x03B4,
  0x03B4, 0x0BB3, 0xCEFB, 0xFF9D, 0xF75C, 0xF77C, 0xF77C, 0xF77C, 0xF77C, 0xF77C, 0xF77C, 0xF77C, 0xF77C, 0xF77C, 0xF77C, 0xF77C,
  0xF77C, 0xF75C, 0xF77C, 0xF77C, 0xF77C, 0xF77C, 0xF77C, 0xF77C, 0xF77C, 0xF77C, 0xF77C, 0xF77C, 0xF77C, 0xF77C, 0xF77C, 0xF77C,
  0xF77C, 0xF77C, 0xF77C, 0xF75C, 0xFFDD, 0x5D18, 0x03F6, 0x0436, 0x0416, 0x0416, 0x0415, 0x03F5, 0x03F5, 0x03F5, 0x0373, 0xA63A,
  0xFFBD, 0xF75C, 0xF77C, 0xF77C, 0xF77C, 0xF77C, 0xF77C, 0xF77C, 0xF77C, 0xF77C, 0xF77C, 0xF77C, 0xF77C, 0xF77C, 0xFF9D, 0xD6FC,
  0x0B94, 0x03D5, 0x03D5, 0x03D4, 0x03D5, 0x03D5, 0x03D5, 0x03D4, 0x0393, 0x23F4, 0xEF5C, 0xF77C, 0xF77C, 0xF77C, 0xF77C, 0xF77C,
  0xF77C, 0xF77C, 0xF77C, 0xF77C, 0xF77C, 0xF77C, 0xF77C, 0xF77C, 0xF77C, 0xF77C, 0xF77C, 0xF77C, 0xF77C, 0xF77C, 0xF77C, 0xF77C,
  0xF77C, 0xF77C, 0xF77C, 0xF77C, 0xF77C, 0xF77C, 0xF77C, 0xF77C, 0xF77C, 0xF77C, 0xF77C, 0xF75C, 0xFFBD, 0x9DF9, 0x03B5, 0x0C15,
  0x0415, 0x0415, 0x03F5, 0x03F5, 0x03F5, 0x03F5, 0x03B4, 0x2C35, 0xF77D, 0xFF7C, 0xF77C, 0xFF7C, 0xF77C, 0xFF7C, 0xF77C, 0xF77C,
  0xF77C, 0xF77C, 0xF77C, 0xF77C, 0xF77C, 0xF75C, 0xFFDE, 0x54D7, 0x03B5, 0x03F5, 0x03D5, 0x03D5, 0x03D5, 0x03F5, 0x03F5, 0x03F5,
  0x0373, 0x5CF6, 0xFFBD, 0xF75C, 0xF77C, 0xF77C, 0xF77C, 0xF77C, 0xF77C, 0xF77C, 0xF77C, 0xF77C, 0xF77C, 0xF77C, 0xF77C, 0xF77C,
  0xF77C, 0xF77C, 0xF77C, 0xF77C, 0xF77C, 0xF77C, 0xF77C, 0xF77C, 0xF77C, 0xF77C, 0xF77C, 0xF77C, 0xF77C, 0xF77C, 0xF77C, 0xF77C,
  0xF77C, 0xF77C, 0xF77C, 0xF77C, 0xFF9D, 0xDF1C, 0x13D4, 0x03F5, 0x03F5, 0x03F5, 0x03F5, 0x03F5, 0x03F5, 0x03F5, 0x0415, 0x03B4,
  0x64F7, 0xFFDE, 0xFF7D, 0xF77C, 0xF77C, 0xF77C, 0xF77C, 0xF77C, 0xF77C, 0xF77C, 0xF77C, 0xF75C, 0xF75C, 0xFFFE, 0x85D9, 0x03B4,
  0x0415, 0x03F5, 0x03F5, 0x03F5, 0x03F5, 0x03F5, 0x03F5, 0x0416, 0x0394, 0xAE3A, 0xFFBD, 0xF75C, 0xF77C, 0xF77C, 0xF77C, 0xF77C,
  0xF77C, 0xF77C, 0xF77C, 0xF77C, 0xF77C, 0xF77C, 0xF77C, 0xF77C, 0xF77C, 0xF77C, 0xF77C, 0xF77C, 0xF77C, 0xF77C, 0xF77C, 0xF77C,
  0xF77C, 0xF77C, 0xF77C, 0xF77C, 0xF77C, 0xF77C, 0xF77C, 0xF77C, 0xF77C, 0xF77C, 0xF77C, 0xF77C, 0xF75C, 0xFF9D, 0x54D6, 0x03D4,
  0x03F5, 0x03F5, 0x03F5, 0x03F5, 0x03F5, 0x0415, 0x0416, 0x0416, 0x03B4, 0x6517, 0xEF9D, 0xFFDD, 0xF77C, 0xF77C, 0xF75C, 0xF75C,
  0xF75C, 0xF75C, 0xF77C, 0xFF9D, 0xFFBD, 0x7D99, 0x0394, 0x0416, 0x03F5, 0x03F5, 0x03F5, 0x03F5, 0x03F5, 0x03F5, 0x03F5, 0x03D5,
  0x2C56, 0xEF7D, 0xFF7C, 0xF77C, 0xF77C, 0xF77C, 0xF77C, 0xF77C, 0xF77C, 0xF77C, 0xF77C, 0xF77C, 0xF77C, 0xF77C, 0xF77C, 0xF77C,
  0xF77C, 0xF77C, 0xF77C, 0xF77C, 0xF77C, 0xF77C, 0xF77C, 0xF77C, 0xF77C, 0xF75C, 0xF77C, 0xF77C, 0xF77C, 0xF77C, 0xF77C, 0xF77C,
  0xF77C, 0xF77C, 0xF75C, 0xF77C, 0xF75C, 0xFF9C, 0xBE7A, 0x03B4, 0x03F5, 0x03F5, 0x03F5, 0x03F5, 0x0415, 0x0416, 0x0416, 0x0416,
  0x0416, 0x0394, 0x2C35, 0xAE5A, 0xF79D, 0xFFBD, 0xFFBD, 0xFFBD, 0xFFBC, 0xFFBC, 0xFF9D, 0xC6DB, 0x44D7, 0x03B5, 0x0416, 0x03F5,
  0x03F5, 0x03F5, 0x03F5, 0x03F5, 0x03F5, 0x03F5, 0x0415, 0x0394, 0x85D9, 0xFFDD, 0xF77C, 0xF77C, 0xF77C, 0xF77C, 0xF77C, 0xF77C,
  0xF77C, 0xF77C, 0xF77C, 0xF77C, 0xF77C, 0xF77C, 0xF77C, 0xF77C, 0xF77C, 0xF77C, 0xF77C, 0xF75C, 0xF75C, 0xF77C, 0xF77C, 0xF75C,
  0xF75C, 0xF77C, 0xF77C, 0xF77C, 0xF77C, 0xF77C, 0xF77C, 0xF77C, 0xF77C, 0xF77C, 0xF75C, 0xF77C, 0xF77C, 0xF75C, 0xFF9C, 0x4496,
  0x03F5, 0x0416, 0x0416, 0x0416, 0x0416, 0x0416, 0x0416, 0x0416, 0x03F6, 0x03F5, 0x03B4, 0x0394, 0x3455, 0x6D38, 0x8DD9, 0x9E19,
  0x95F9, 0x6D58, 0x3C96, 0x0BF5, 0x03F6, 0x0436, 0x0416, 0x03F5, 0x03F5, 0x03F5, 0x03F5, 0x03F5, 0x03F5, 0x03F5, 0x0416, 0x1C36,
  0xE75C, 0xFF9D, 0xF77C, 0xF77C, 0xF77C, 0xF77C, 0xF77C, 0xF77C, 0xF77C, 0xF77C, 0xF77C, 0xF77C, 0xF77C, 0xF77C, 0xF77C, 0xF77C,
  0xF77C, 0xF77C, 0xF77C, 0xF75C, 0xF75C, 0xF77C, 0xF77C, 0xF77C, 0xF77C, 0xF77C, 0xF77C, 0xF77C, 0xF77C, 0xF77C, 0xF77C, 0xF77C,
  0xF77C, 0xF77C, 0xF77C, 0xF77C, 0xF77C, 0xF77C, 0xFFBD, 0xBE9A, 0x03D5, 0x0436, 0x0416, 0x0416, 0x0416, 0x0416, 0x0416, 0x03F5,
  0x03D5, 0x03D5, 0x03D5, 0x03F5, 0x03B4, 0x03B5, 0x03D5, 0x03D5, 0x03B4, 0x03B4, 0x03D5, 0x0436, 0x0436, 0x0436, 0x0416, 0x0416,
  0x0415, 0x03F5, 0x03F5, 0x0415, 0x0415, 0x0C15, 0x03B4, 0x85B9, 0xFFDE, 0xF77C, 0xF77C, 0xF77C, 0xF77C, 0xF77C, 0xF77C, 0xF77C,
  0xF77C, 0xF77C, 0xF77C, 0xF77C, 0xF77C, 0xF77C, 0xF77C, 0xF77C, 0xF77C, 0xF77C, 0xF75C, 0xF77C, 0xF77C, 0xF75C, 0xF75C, 0xF77C,
  0xF77C, 0xF77C, 0xF77C, 0xF77C, 0xF77C, 0xF77C, 0xF77C, 0xF77C, 0xF75C, 0xF77C, 0xF77C, 0xF77C, 0xF77C, 0xF77C, 0xF77C, 0xFFBD,
  0x4CD6, 0x03D5, 0x0416, 0x0416, 0x0416, 0x0416, 0x03F5, 0x03F5, 0x03D5, 0x03D5, 0x03D5, 0x03D5, 0x03D5, 0x03F5, 0x0416, 0x0416,
  0x0416, 0x0416, 0x0416, 0x0416, 0x0436, 0x0436, 0x0416, 0x0416, 0x0415, 0x0415, 0x0415, 0x0415, 0x0415, 0x03F5, 0x1C15, 0xEF5C,
  0xFF9D, 0xF77C, 0xF77C, 0xF77C, 0xF77C, 0xF77C, 0xF77C, 0xF77C, 0xF77C, 0xF77C, 0xF77C, 0xF77C, 0xF77C, 0xF77C, 0xF77C, 0xF77C,
  0xF77C, 0xF75C, 0xF77C, 0xF77C, 0xF75C, 0xF77C, 0xF77C, 0xF77C, 0xF75C, 0xF77C, 0xF77C, 0xF77C, 0xF77C, 0xF77C, 0xF77C, 0xF77C,
  0xEF5C, 0xF77C, 0xF77C, 0xF77C, 0xF77C, 0xF77C, 0xF77C, 0xFF9C, 0xCEDB, 0x0BD5, 0x0416, 0x03F5, 0x0416, 0x03F5, 0x03F5, 0x03F5,
  0x03D5, 0x03D5, 0x03D5, 0x03D5, 0x03F5, 0x03F5, 0x03F6, 0x03F5, 0x0416, 0x0416, 0x0436, 0x0436, 0x0436, 0x0416, 0x0416, 0x0416,
  0x0416, 0x0436, 0x0436, 0x0415, 0x0C15, 0x03B4, 0x8DD9, 0xFFBD, 0xF75C, 0xF77C, 0xF77C, 0xF77C, 0xF77C, 0xF77C, 0xF77C, 0xF75C,
  0xF77C, 0xF77C, 0xF77C, 0xF77C, 0xF77C, 0xF77C, 0xF77C, 0xF77C, 0xF77C, 0xF77C, 0xF77C, 0xF77C, 0xF77C, 0xF77C, 0xF77C, 0xF77C,
  0xF77C, 0xF77C, 0xF77C, 0xF77C, 0xF77C, 0xF77C, 0xF77C, 0xEF5C, 0xF77C, 0xF77C, 0xF77C, 0xF77C, 0xF77C, 0xF77C, 0xF77C, 0xF75C,
  0xFFBD, 0x7578, 0x03B4, 0x0415, 0x0416, 0x03F6, 0x03F5, 0x03F5, 0x03F5, 0x03F5, 0x03F5, 0x03F5, 0x03F5, 0x03F6, 0x0416, 0x0416,
  0x0416, 0x0436, 0x0436, 0x0436, 0x0436, 0x0436, 0x0436, 0x0436, 0x0436, 0x0436, 0x0436, 0x0436, 0x0415, 0x3476, 0xF77C, 0xF77C,
  0xF77C, 0xF77C, 0xF77C, 0xF77C, 0xF77C, 0xF77C, 0xF77C, 0xF77C, 0xF77C, 0xF77C, 0xF77C, 0xF77C, 0xF77C, 0xF77C, 0xF77C, 0xF77C,
  0xEF5C, 0xEF5C, 0xEF5C, 0xEF5C, 0xEF5C, 0xEF5C, 0xEF5C, 0xEF5C, 0xEF5C, 0xEF5C, 0xEF5C, 0xEF5C, 0xEF5C, 0xF75C, 0xEF5C, 0xEF5C,
  0xEF5C, 0xEF5C, 0xEF5C, 0xEF5C, 0xEF7C, 0xEF7C, 0xEF5C, 0xEF5C, 0xF75C, 0xEF7C, 0x2C56, 0x0416, 0x0416, 0x0416, 0x0416, 0x0416,
  0x03F5, 0x03F5, 0x03F5, 0x03F5, 0x03F5, 0x0416, 0x0416, 0x0436, 0x0436, 0x0436, 0x0436, 0x0436, 0x0436, 0x0436, 0x0436, 0x0456,
  0x0436, 0x0457, 0x0456, 0x0436, 0x03F5, 0xB67A, 0xFF9D, 0xE73C, 0xF75C, 0xEF5C, 0xEF5C, 0xEF5C, 0xF75C, 0xF75C, 0xEF5C, 0xF77C,
  0xEF5C, 0xEF5C, 0xEF7C, 0xEF7C, 0xF77C, 0xEF5C, 0xEF7C, 0xF75C, 0xF77C, 0xF77C, 0xF77C, 0xF77C, 0xF77C, 0xF77C, 0xF77C, 0xF77C,
  0xF77C, 0xF77C, 0xF77C, 0xF77C, 0xF77C, 0xF77C, 0xF77C, 0xF77C, 0xF77C, 0xF77C, 0xF77C, 0xF77C, 0xF77C, 0xF77C, 0xF77C, 0xEF5C,
  0xF75C, 0xFFBD, 0xB67A, 0x03D5, 0x0436, 0x0416, 0x0436, 0x0416, 0x0416, 0x0416, 0x0416, 0x03F5, 0x0416, 0x0416, 0x0416, 0x0436,
  0x0436, 0x0436, 0x0436, 0x0436, 0x0436, 0x0436, 0x0436, 0x0456, 0x0457, 0x0457, 0x0477, 0x0416, 0x5D38, 0xFFBD, 0xF77C, 0xEF5C,
  0xF77C, 0xF75C, 0xF77C, 0xF77C, 0xF77C, 0xF77C, 0xF77C, 0xF77C, 0xF77C, 0xF77C, 0xF77C, 0xF77C, 0xF77C, 0xF77C, 0xF77C, 0xF77C,
  0xF77C, 0xF77C, 0xF77C, 0xF77C, 0xF77C, 0xF77C, 0xF77C, 0xF77C, 0xF77C, 0xF77C, 0xF77C, 0xF77C, 0xF77C, 0xEF5C, 0xF77C, 0xF77C,
  0xF77C, 0xF77C, 0xF77C, 0xF77C, 0xF77C, 0xFF7C, 0xF77C, 0xF77C, 0xF77C, 0xEF5C, 0xFFBD, 0x5D58, 0x0416, 0x0456, 0x0436, 0x0436,
  0x0436, 0x0416, 0x0416, 0x0416, 0x0416, 0x0416, 0x0436, 0x0436, 0x0436, 0x0436, 0x0436, 0x0436, 0x0436, 0x0436, 0x0436, 0x0457,
  0x0477, 0x0477, 0x0457, 0x1456, 0xDF3C, 0xF77C, 0xEF5C, 0xF75C, 0xF77C, 0xFF7C, 0xF77C, 0xF77C, 0xF77C, 0xF77C, 0xF77C, 0xF77C,
  0xF77C, 0xF77C, 0xF77C, 0xF77C, 0xF77C, 0xF77C, 0xF77C, 0xF77C, 0xF77C, 0xF77C, 0xF77C, 0xF77C, 0xF77C, 0xF77C, 0xF77C, 0xF77C,
  0xF77C, 0xF77C, 0xF77C, 0xF77C, 0xEF5C, 0xF77C, 0xF77C, 0xF77C, 0xF77C, 0xFF7C, 0xFF7C, 0xF77C, 0xF77C, 0xEF5C, 0xE75C, 0xE75C,
  0xE75C, 0xE75C, 0xF77D, 0xE75C, 0x1C77, 0x0456, 0x0457, 0x0457, 0x0436, 0x0436, 0x0436, 0x0436, 0x0416, 0x0436, 0x0436, 0x0436,
  0x0436, 0x0436, 0x0436, 0x0436, 0x0436, 0x0436, 0x0436, 0x0456, 0x0457, 0x0497, 0x0416, 0x9E3A, 0xFFBD, 0xE73C, 0xEF5C, 0xE73C,
  0xE73C, 0xEF5C, 0xEF5C, 0xF77C, 0xF77C, 0xFF7C, 0xF77C, 0xF77C, 0xF77C, 0xF77C, 0xF77C, 0xF77C, 0xF77C, 0xF77C, 0xF77C, 0xF77C,
  0xF77C, 0xF75C, 0xF75C, 0xF77C, 0xF77C, 0xF77C, 0xF77C, 0xF77C, 0xF77C, 0xF77C, 0xF77C, 0xF77C, 0xEF7C, 0xF77C, 0xFF7C, 0xFF7C,
  0xF77C, 0xEF5C, 0xE75C, 0xE75C, 0xE75C, 0xEF5C, 0xEF5C, 0xF77C, 0xF79C, 0xFF7C, 0xF77D, 0xFFDD, 0xAE7A, 0x0416, 0x0477, 0x0456,
  0x0457, 0x0456, 0x0456, 0x0436, 0x0436, 0x0436, 0x0436, 0x0436, 0x0456, 0x0456, 0x0456, 0x0436, 0x0436, 0x0436, 0x0456, 0x0436,
  0x0456, 0x0415, 0x4D38, 0xFFDE, 0xF77C, 0xF77C, 0xF77C, 0xF75C, 0xEF5C, 0xEF5C, 0xE73C, 0xEF5C, 0xE75C, 0xEF5C, 0xF77C, 0xFF7C,
  0xFF7C, 0xF77C, 0xF77C, 0xF77C, 0xF77C, 0xF77C, 0xF77C, 0xF77C, 0xF77C, 0xF77C, 0xF77C, 0xF77C, 0xF77C, 0xF77C, 0xF77C, 0xF77C,
  0xF77C, 0xF77C, 0xF77C, 0xEF5C, 0xF77C, 0xF77C, 0xEF5C, 0xDF3C, 0xDF3C, 0xE75C, 0xEF7C, 0xF77C, 0xFF7C, 0xF77C, 0xF77C, 0xF77C,
  0xF77C, 0xF77C, 0xF77C, 0xF75C, 0xFF9D, 0x5517, 0x03F5, 0x0456, 0x0456, 0x0457, 0x0456, 0x0456, 0x0456, 0x0436, 0x0436, 0x0436,
  0x0436, 0x0456, 0x0456, 0x0456, 0x0457, 0x0456, 0x0456, 0x0436, 0x0436, 0x0C15, 0xDF1C, 0xFF9D, 0xF77D, 0xF77C, 0xF77C, 0xF77C,
  0xF75C, 0xFF7C, 0xF77C, 0xF77C, 0xF77C, 0xEF5C, 0xE73C, 0xE73C, 0xEF5C, 0xF77C, 0xFF9C, 0xF77C, 0xF77C, 0xF77C, 0xF77C, 0xF77C,
  0xF77C, 0xF77C, 0xF77C, 0xF77C, 0xF77C, 0xF79C, 0xF77C, 0xF77C, 0xF77C, 0xF77C, 0xF77C, 0xEF7C, 0xE75C, 0xD73C, 0xE75C, 0xEF7C,
  0xFF7C, 0xFF9C, 0xFF7C, 0xF77C, 0xF77C, 0xEF7C, 0xF77C, 0xF77C, 0xF77C, 0xF77C, 0xF77C, 0xF77C, 0xFF7C, 0xE71B, 0x1C56, 0x0456,
  0x0456, 0x0457, 0x0477, 0x0477, 0x0457, 0x0457, 0x0456, 0x0456, 0x0436, 0x0436, 0x0456, 0x0457, 0x0457, 0x0457, 0x0456, 0x0C36,
  0x03D5, 0x8E19, 0xFFBC, 0xF77C, 0xFF7C, 0xF77D, 0xF77D, 0xF77C, 0xEF5C, 0xF77C, 0xF77C, 0xF77C, 0xFF7C, 0xFF7C, 0xFF7C, 0xF77C,
  0xEF5C, 0xE75C, 0xE75C, 0xF77C, 0xF77C, 0xF77C, 0xF77C, 0xF77C, 0xF77C, 0xF77C, 0xF77C, 0xF77C, 0xF77C, 0xF77C, 0xF77C, 0xF77C,
  0xFF7C, 0xF77C, 0xDF3C, 0xDF5C, 0xE75C, 0xF77C, 0xF77C, 0xF77C, 0xF77C, 0xF77C, 0xF77C, 0xF77C, 0xEF7C, 0xEF7C, 0xF77C, 0xF77C,
  0xF77C, 0xF77C, 0xEF5C, 0xEF5C, 0xDF1C, 0xEF5C, 0xAE5A, 0x0416, 0x0477, 0x0477, 0x0477, 0x0477, 0x0477, 0x0457, 0x0457, 0x0456,
  0x0456, 0x0456, 0x0456, 0x0456, 0x0457, 0x0456, 0x0456, 0x0415, 0x3CD7, 0xE73C, 0xDEFB, 0xDF3B, 0xEF5C, 0xF77C, 0xF77C, 0xFF9C,
  0xF77C, 0xF77C, 0xF77C, 0xEF5C, 0xF77C, 0xF75C, 0xF77C, 0xF77C, 0xF77C, 0xF77C, 0xEF5C, 0xDF3C, 0xDF3C, 0xF77C, 0xFF7C, 0xF75C,
  0xF77C, 0xF75C, 0xF77C, 0xF77C, 0xF77C, 0xF77C, 0xF77C, 0xFF7C, 0xE75C, 0xC71C, 0xE75C, 0xFF9C, 0xF77C, 0xF77C, 0xF77C, 0xF77C,
  0xF77C, 0xF77C, 0xF77C, 0xEF5C, 0xF77C, 0xFF9C, 0xEF7C, 0xE75C, 0xDF5C, 0xCF1C, 0xD73C, 0xDF3C, 0xE75C, 0xE75C, 0xFFBD, 0x6DB9,
  0x0457, 0x0498, 0x0497, 0x0497, 0x0477, 0x0477, 0x0477, 0x0477, 0x0456, 0x0456, 0x0456, 0x0457, 0x0457, 0x0456, 0x0435, 0x0C15,
  0xD6FC, 0xF75C, 0xE71B, 0xDF1B, 0xD71C, 0xDF3C, 0xDF3C, 0xE75D, 0xEF7C, 0xF77C, 0xFF7C, 0xF75C, 0xEF5C, 0xF77C, 0xF77C, 0xF77C,
  0xF77C, 0xF77C, 0xFF7C, 0xF77C, 0xE75C, 0xD71C, 0xE75C, 0xF77C, 0xF77C, 0xF77C, 0xF77C, 0xF77C, 0xF77C, 0xFF7C, 0xFF9C, 0xD73C,
  0xD73C, 0xF77C, 0xFF9C, 0xF79D, 0xF77C, 0xF77C, 0xF77C, 0xFF7C, 0xF77C, 0xF77C, 0xFF7C, 0xEF5C, 0xE75C, 0xD73C, 0xD73C, 0xDF5C,
  0xE75C, 0xF77C, 0xFF7C, 0xFF9C, 0xFF7C, 0xF77C, 0xF79D, 0xF79D, 0x34F8, 0x0498, 0x0498, 0x0497, 0x0477, 0x0477, 0x0477, 0x0477,
  0x0477, 0x0477, 0x0477, 0x0477, 0x0456, 0x0456, 0x03F5, 0x8E19, 0xFF9C, 0xF73B, 0xF75B, 0xF77C, 0xF77C, 0xF77C, 0xEF7C, 0xE75C,
  0xDF1C, 0xD71C, 0xE73C, 0xEF5C, 0xF77C, 0xFF7C, 0xF77C, 0xF77C, 0xF77C, 0xF77C, 0xF77C, 0xF77C, 0xFF7C, 0xF77C, 0xD71C, 0xD73C,
  0xF77C, 0xF77C, 0xF77C, 0xF77C, 0xF77C, 0xF77C, 0xC71C, 0xDF5C, 0xFF9C, 0xF77C, 0xF77C, 0xF77C, 0xF77C, 0xF77C, 0xF77C, 0xF75C,
  0xFF7C, 0xF77C, 0xDF3C, 0xCF1C, 0xD75C, 0xEF7C, 0xFF9C, 0xFF9C, 0xFF7C, 0xF77C, 0xF75C, 0xF77C, 0xFF7C, 0xFF9D, 0xF77C, 0xFFBD,
  0xCEFC, 0x1457, 0x0497, 0x0477, 0x0477, 0x0477, 0x0477, 0x0477, 0x0477, 0x0497, 0x0497, 0x0497, 0x0477, 0x0415, 0x4518, 0xF79C,
  0xEF3B, 0xF75B, 0xF75B, 0xF75B, 0xF75B, 0xF75C, 0xF77C, 0xFF9D, 0xFF9D, 0xEF7C, 0xDF3C, 0xCF1C, 0xD71C, 0xF77C, 0xFF7C, 0xF77C,
  0xF77C, 0xF77C, 0xF77C, 0xF77C, 0xF77C, 0xF77C, 0xFF7C, 0xE75C, 0xF77C, 0xF77C, 0xF77C, 0xF77C, 0xF77C, 0xC6FC, 0xE75C, 0xFF9C,
  0xF77C, 0xF77C, 0xF77C, 0xF77C, 0xF77C, 0xF77C, 0xF77C, 0xFF7C, 0xD71B, 0xCEFC, 0xDF3C, 0xEF7C, 0xF77C, 0xF77C, 0xF77D, 0xF77D,
  0xF77D, 0xFF9C, 0xF77C, 0xEF5C, 0xE73C, 0xD73C, 0xD71C, 0xC6FC, 0xDF5C, 0x85F9, 0x0416, 0x0456, 0x0457, 0x0477, 0x0477, 0x0477,
  0x0477, 0x0497, 0x0497, 0x0497, 0x0497, 0x1CB7, 0xC6FC, 0xC6FC, 0xC6FC, 0xC6FC, 0xCF1B, 0xE73B, 0xEF5B, 0xF75B, 0xF77C, 0xF77C,
  0xF77C, 0xF77C, 0xFF7C, 0xF77C, 0xE75C, 0xCF1C, 0xDF3C, 0xFF9C, 0xFF7C, 0xF77C, 0xF77C, 0xF77C, 0xF77C, 0xF77C, 0xF77C, 0xF77C,
  0xF77C, 0xF77C, 0xF77C, 0xFF7C, 0xCF1C, 0xDF5C, 0xFF9C, 0xF77C, 0xF77C, 0xF77C, 0xF77C, 0xF77C, 0xF77C, 0xFF7C, 0xF77C, 0xBEFB,
  0xCF1C, 0xF79D, 0xF77D, 0xF75C, 0xF77C, 0xF77C, 0xFF7C, 0xFF9D, 0xEF7C, 0xDF3C, 0xCF1C, 0xCEFC, 0xCEFC, 0xCF1C, 0xCF1C, 0xCF1C,
  0xC6FC, 0xDF5C, 0x4518, 0x0416, 0x0477, 0x0477, 0x0477, 0x0477, 0x0477, 0x0497, 0x0497, 0x04B8, 0x0457, 0xA67B, 0xE75C, 0xCEFC,
  0xCEFC, 0xC6FC, 0xBEDC, 0xBEDB, 0xBEDC, 0xCEFB, 0xDF1B, 0xF75C, 0xFF7C, 0xEF5C, 0xF75C, 0xEF5C, 0xF77C, 0xF77C, 0xDF5C, 0xCF3C,
  0xF79D, 0xF77C, 0xF77C, 0xF77C, 0xF77C, 0xF77C, 0xF77C, 0xF77C, 0xF77C, 0xF77C, 0xFF7C, 0xDF5C, 0xD73C, 0xFF9C, 0xF77C, 0xF77C,
  0xF77C, 0xF77C, 0xF77C, 0xF77C, 0xFF7C, 0xEF7C, 0xBEFC, 0xE75C, 0xFF9D, 0xF77D, 0xEF5C, 0xF77C, 0xF77C, 0xFF7C, 0xEF5C, 0xCF1C,
  0xC6FC, 0xCF1C, 0xCF1C, 0xCF1C, 0xCF1C, 0xCF1C, 0xCF1C, 0xCEFC, 0xC6FC, 0xC6FC, 0xC6FC, 0x1C77, 0x0477, 0x0497, 0x0497, 0x0477,
  0x0477, 0x0477, 0x0497, 0x0436, 0x6599, 0xE75D, 0xCEFC, 0xCF1C, 0xCF1C, 0xCF1C, 0xCEFC, 0xCEFC, 0xC6FC, 0xC6FC, 0xBEDB, 0xBEDB,
  0xDF3B, 0xF75B, 0xF75C, 0xEF7C, 0xEF5C, 0xEF5C, 0xF77C, 0xEF5C, 0xCF1C, 0xEF9D, 0xF77C, 0xF77C, 0xF77C, 0xF77C, 0xF77C, 0xF77C,
  0xF77C, 0xF77C, 0xF77C, 0xCF1C, 0xF77C, 0xF77C, 0xF77C, 0xF77C, 0xF77C, 0xF77C, 0xF77C, 0xF77C, 0xF77C, 0xC6FC, 0xE75C, 0xFF7D,
  0xEF7C, 0xEF5C, 0xEF7C, 0xF77C, 0xFF7C, 0xDF3C, 0xBEDC, 0xC6FC, 0xCF1C, 0xCF1C, 0xCF1C, 0xCF1C, 0xCEFC, 0xC6FC, 0xBEFC, 0xB6DC,
  0xB6BB, 0xAEBB, 0xC71C, 0x9E5B, 0x0456, 0x04B8, 0x0497, 0x0497, 0x0477, 0x0476, 0x0435, 0x2C96, 0xC6FC, 0xB6BC, 0xBEDC, 0xBEDC,
  0xBEFC, 0xC6FC, 0xCEFC, 0xCEFC, 0xCEFC, 0xC6FC, 0xC6FC, 0xC6DB, 0xB6BB, 0xCEFB, 0xF75C, 0xF75C, 0xEF5C, 0xEF5C, 0xEF5C, 0xEF5C,
  0xEF7C, 0xCF1C, 0xF77C, 0xF77C, 0xF77C, 0xF77C, 0xF77C, 0xF77C, 0xF77C, 0xFF9C, 0xE75C, 0xD75C, 0xFF9C, 0xF77C, 0xF77C, 0xF77C,
  0xF77C, 0xFF7C, 0xF77C, 0xFF7C, 0xD73C, 0xD73C, 0xF77C, 0xEF5C, 0xEF5C, 0xEF5C, 0xEF5C, 0xFF7C, 0xDF3C, 0xBEFC, 0xCF1C, 0xCF1C,
  0xCEFC, 0xCEFC, 0xC6FC, 0xBEFC, 0xBEDC, 0xBEDC, 0xBEDC, 0xBEDC, 0xB6DC, 0xAEBC, 0xA69B, 0xB6FC, 0x5D99, 0x0436, 0x0477, 0x0497,
  0x0477, 0x0476, 0x0C56, 0x8E3A, 0xA69B, 0x9E9B, 0xB6BB, 0xBEDC, 0xBEDC, 0xBEDC, 0xBEDC, 0xBEFC, 0xC6FC, 0xCEFC, 0xC6FC, 0xC6FC,
  0xCEFC, 0xB6BB, 0xC6DB, 0xF77C, 0xEF5C, 0xEF5C, 0xEF5C, 0xEF5C, 0xF77C, 0xE75C, 0xCF1C, 0xF77C, 0xF77C, 0xF77C, 0xF77C, 0xF77C,
  0xF77C, 0xFF9C, 0xD73C, 0xE77D, 0xF77C, 0xF77C, 0xF77C, 0xF77D, 0xF77D, 0xF77C, 0xF77D, 0xF77C, 0xC71C, 0xEF7C, 0xEF5C, 0xEF5C,
  0xEF5C, 0xEF5C, 0xF77C, 0xEF5C, 0xBEFC, 0xCF1C, 0xCEFC, 0xCEFC, 0xCEFC, 0xBEFC, 0xBEDC, 0xBEDC, 0xBEFC, 0xC6FC, 0xBEDC, 0xA69B,
  0x967B, 0x967B, 0x8E5B, 0x865B, 0x967B, 0x2CD7, 0x0436, 0x0497, 0x0498, 0x0457, 0x65B9, 0x9E9B, 0x8E5B, 0x965B, 0x967B, 0xA69B,
  0xBEDC, 0xC6FC, 0xBEDC, 0xBEDC, 0xB6DC, 0xBEDB, 0xC6FC, 0xC6FC, 0xC6DC, 0xC6FC, 0xB6BB, 0xD71B, 0xEF5C, 0xE75C, 0xEF5C, 0xEF5C,
  0xEF5D, 0xF77D, 0xC71C, 0xE75C, 0xF75C, 0xF77C, 0xF77C, 0xF77C, 0xEF7C, 0xF77C, 0xD73C, 0xEF7C, 0xF77C, 0xF77C, 0xF77C, 0xF77C,
  0xF77C, 0xF77D, 0xF77D, 0xE75C, 0xCF1C, 0xF77C, 0xEF5C, 0xEF5C, 0xEF5C, 0xE75C, 0xF77C, 0xD71C, 0xC6FC, 0xCF1C, 0xCEFC, 0xC6FC,
  0xBEDC, 0xBEDC, 0xC6FC, 0xBEFC, 0xC6FC, 0xBEDC, 0x967B, 0x967B, 0x967B, 0x965B, 0x8E5B, 0x7E3B, 0x6DFA, 0x65FA, 0x0C77, 0x0477,
  0x0477, 0x3538, 0x8E5B, 0x863A, 0x8E5B, 0x8E5B, 0x967B, 0x9E7B, 0x9E7B, 0xB6DC, 0xC6FC, 0xBEDC, 0xBEDC, 0xB6DB, 0xBEDB, 0xC6FC,
  0xBEDC, 0xBEDB, 0xBEDB, 0xC6DB, 0xF77C, 0xE73C, 0xEF5C, 0xEF5C, 0xEF5C, 0xEF5C, 0xCF1C, 0xDF3C, 0xF75C, 0xEF5C, 0xF77C, 0xF77C,
  0xEF5C, 0xFF9D, 0xD73C, 0xF79C, 0xFF9C, 0xF77C, 0xF77C, 0xF77C, 0xFF7C, 0xF79D, 0xF77D, 0xE75C, 0xC71C, 0xF77C, 0xEF5C, 0xEF5C,
  0xEF5C, 0xEF5C, 0xFF9C, 0xD73C, 0xC6FC, 0xCF1C, 0xCF1C, 0xC6FC, 0xBEFC, 0xC6FC, 0xBEFC, 0xBEDC, 0xC6FC, 0x9E9B, 0x967B, 0x967B,
  0x965B, 0x965B, 0x8E5B, 0x6E1A, 0x55BA, 0x55DA, 0x4599, 0x14D8, 0x2518, 0x6DFA, 0x6DFA, 0x7E3B, 0x865B, 0x8E5B, 0x965B, 0x9E7B,
  0x9E7B, 0x967B, 0xBEFC, 0xBEDC, 0xBEDC, 0xBEDC, 0xBEDC, 0xBEDC, 0xC6FC, 0xC6DC, 0xBEDB, 0xBEDB, 0xF77C, 0xEF5C, 0xEF5C, 0xEF5C,
  0xEF5C, 0xF77C, 0xD71C, 0xD73C, 0xF77C, 0xEF5C, 0xF77C, 0xF77C, 0xF77C, 0xFF7C, 0xD73C, 0xEF7C, 0xFF9C, 0xF77C, 0xF77C, 0xF77C,
  0xF77C, 0xEF7C, 0xF77C, 0xEF7C, 0xBF1C, 0xF77C, 0xEF5C, 0xEF5C, 0xEF5C, 0xEF5C, 0xF79C, 0xEF7C, 0xBEFC, 0xD71C, 0xCEFC, 0xBEDC,
  0xC6FC, 0xBEFC, 0xBEFC, 0xBEDC, 0xBEDC, 0x9E7B, 0x8E5B, 0x967B, 0x9E7B, 0x967B, 0x967B, 0x8E5B, 0x763A, 0x65FA, 0x5DDA, 0x55DA,
  0x5DDA, 0x65DA, 0x761A, 0x7E3A, 0x8E3B, 0x8E5B, 0x965B, 0x967B, 0x967B, 0x967B, 0xBEDB, 0xBEDC, 0xBEDC, 0xBEDC, 0xBEDC, 0xBEDB,
  0xC6DC, 0xC6FC, 0xBEDB, 0xCF1C, 0xFF7C, 0xEF5C, 0xEF5C, 0xEF5C, 0xEF5C, 0xF77C, 0xC71C, 0xDF5C, 0xFF7C, 0xEF5C, 0xF77C, 0xF77C,
  0xF77C, 0xFF7C, 0xDF3C, 0xE75C, 0xFF7C, 0xF77C, 0xF77C, 0xF77C, 0xF77C, 0xEF7C, 0xF77C, 0xFF9C, 0xC71C, 0xDF3C, 0xF75C, 0xEF5C,
  0xEF7C, 0xEF7C, 0xEF7C, 0xFF9C, 0xD73C, 0xBEDC, 0xC6FC, 0xBEFC, 0xC6FC, 0xBEFC, 0xBEFC, 0xBEFC, 0xBEDC, 0xBEDB, 0xA69B, 0x967B,
  0x9E7B, 0x9E7B, 0xA69B, 0xA69B, 0x9E7B, 0x8E7B, 0x863B, 0x7E3A, 0x7E3A, 0x863A, 0x8E5B, 0x8E5B, 0x965B, 0x967B, 0x967B, 0x965B,
  0x965B, 0xAEBB, 0xBEDB, 0xBEDC, 0xBEDC, 0xBEDC, 0xBEFC, 0xBEDC, 0xC6FC, 0xC6FC, 0xBEDC, 0xF77C, 0xF75C, 0xEF5C, 0xEF5C, 0xEF5C,
  0xEF5C, 0xEF5C, 0xBEDC, 0xF77C, 0xF77C, 0xF75C, 0xF75C, 0xF77C, 0xF77C, 0xFF7C, 0xEF5C, 0xCF1C, 0xFF9C, 0xF77C, 0xF77C, 0xF77C,
  0xEF5C, 0xF77C, 0xF77C, 0xFF7C, 0xF79C, 0xBEFC, 0xEF7C, 0xF77D, 0xEF7D, 0xEF7C, 0xEF5C, 0xF77C, 0xFF7C, 0xCF1C, 0xB6BB, 0xBEFC,
  0xC6FC, 0xC6FC, 0xC6FC, 0xBEDC, 0xBEFC, 0xBEDC, 0xC6FC, 0xBEDC, 0xB6BB, 0xAE9B, 0xA69B, 0xA69B, 0x9E9B, 0x9E9B, 0x9E7B, 0x967B,
  0x965B, 0x965B, 0x965B, 0x965B, 0x967B, 0x967B, 0x9E7B, 0xAEBB, 0xB6DB, 0xBEDB, 0xB6DC, 0xBEDC, 0xBEDC, 0xBEDC, 0xC6FC, 0xC6FC,
  0xB6DC, 0xC6FC, 0xF77C, 0xF77C, 0xEF5C, 0xEF5C, 0xEF5C, 0xEF3C, 0xF77C, 0xC6FC, 0xDF3C, 0xFF7C, 0xF77C, 0xF77C, 0xEF5C, 0xF77C,
  0xF77C, 0xF77C, 0xFF9C, 0xC71C, 0xEF5C, 0xFF7C, 0xF77C, 0xF77C, 0xEF5C, 0xF77C, 0xF77C, 0xF77C, 0xFF9C, 0xEF7C, 0xBEFC, 0xF77C,
  0xF77C, 0xEF5D, 0xEF7C, 0xF77C, 0xF77C, 0xFF7C, 0xE73C, 0xBEDC, 0xB6DB, 0xBEFC, 0xC6FC, 0xC6FC, 0xC6FC, 0xC6FC, 0xBEDC, 0xC6DC,
  0xC6FC, 0xC6FC, 0xC6FC, 0xBEDC, 0xB6BC, 0xAEBB, 0xA69B, 0xA69B, 0xA69B, 0xA69B, 0xA69B, 0xAE9B, 0xAEBB, 0xB6BB, 0xBEDB, 0xBEDC,
  0xBEDC, 0xB6DC, 0xBEDC, 0xBEDC, 0xBEDC, 0xBEFC, 0xBEDC, 0xBEDC, 0xD73D, 0xFF9D, 0xF79C, 0xF77C, 0xEF5C, 0xEF5C, 0xEF3C, 0xF77C,
  0xC6FC, 0xCF1C, 0xFF9C, 0xF77C, 0xF77C, 0xF77C, 0xF77C, 0xF75C, 0xF77C, 0xF77C, 0xFF7C, 0xEF7C, 0xC6FC, 0xFF9C, 0xF77C, 0xEF7C,
  0xF77C, 0xF77C, 0xF77C, 0xF77C, 0xF77C, 0xFF9C, 0xEF7C, 0xC6FC, 0xE75C, 0xF77C, 0xF75C, 0xF75C, 0xF77C, 0xEF5C, 0xF77C, 0xF77C,
  0xE75C, 0xC6FC, 0xBEDC, 0xB6DB, 0xBEDC, 0xBEFC, 0xC6FC, 0xC6FC, 0xC6FC, 0xC6FC, 0xC6FC, 0xBEDC, 0xBEDC, 0xBEDC, 0xBEDC, 0xBEDB,
  0xBEDC, 0xBEDC, 0xBEDC, 0xBEDC, 0xBEDC, 0xBEDC, 0xBEDC, 0xBEDC, 0xBEDC, 0xBEDC, 0xB6DC, 0xB6BB, 0xAEBC, 0xB6DC, 0xCF3C, 0xEF7D,
  0xFF9D, 0xF77C, 0xF77C, 0xF77C, 0xF77C, 0xF77C, 0xEF5C, 0xBEFC, 0xCF3C, 0xFF9C, 0xF77C, 0xF77C, 0xF77C, 0xF77C, 0xF77C, 0xEF5C,
  0xF77C, 0xF77C, 0xF77C, 0xFF9C, 0xDF3C, 0xCEFC, 0xF77C, 0xF77C, 0xF77C, 0xF77C, 0xF77C, 0xF77C, 0xF77C, 0xF77C, 0xFF7C, 0xF77C,
  0xCF1C, 0xCF1C, 0xEF5C, 0xFF7C, 0xF75C, 0xEF5C, 0xF77C, 0xF77C, 0xFF9C, 0xFF9D, 0xF77C, 0xDF3C, 0xCEFC, 0xC6FB, 0xBEDB, 0xBEDB,
  0xBEDC, 0xBEDC, 0xBEDC, 0xB6DC, 0xB6DC, 0xB6DC, 0xBEDC, 0xB6DC, 0xBEDB, 0xBEDC, 0xBEDC, 0xBEDC, 0xBEDC, 0xB6DB, 0xB6DB, 0xB6BB,
  0xAEBB, 0xB6DB, 0xBEDB, 0xC6FC, 0xDF3C, 0xEF5C, 0xFF7C, 0xF77C, 0xF77C, 0xEF5C, 0xF77C, 0xFF9C, 0xF77C, 0xD73C, 0xBEFC, 0xE75C,
  0xFF7C, 0xF75C, 0xF77C, 0xF77C, 0xF77C, 0xF77C, 0xF77C, 0xF77C, 0xF77C, 0xF77C, 0xF77C, 0xF77C, 0xFF9C, 0xDF3C, 0xC6FC, 0xFF7C,
  0xF77C, 0xF77C, 0xF77C, 0xF75C, 0xF75C, 0xF77C, 0xF77C, 0xF77C, 0xFF9C, 0xE75C, 0xC71C, 0xCF1C, 0xE73C, 0xF77C, 0xFF9C, 0xF77C,
  0xF77C, 0xF77C, 0xF77C, 0xF77C, 0xF77C, 0xF77C, 0xEF5C, 0xDF3C, 0xDF1C, 0xC6FC, 0xC6DB, 0xBEDB, 0xBEDB, 0xB6DB, 0xB6DB, 0xB6DB,
  0xBEDB, 0xBEDB, 0xBEDC, 0xC6DC, 0xC6FC, 0xC6FC, 0xCF1C, 0xD71C, 0xE73C, 0xEF5C, 0xF77C, 0xF77C, 0xF77C, 0xF75C, 0xF75C, 0xF75C,
  0xFF7C, 0xFF7C, 0xEF5C, 0xDF3C, 0xC6FC, 0xD73C, 0xF77C, 0xFF7C, 0xF75C, 0xF75C, 0xF75C, 0xF75C, 0xF77C, 0xF77C, 0xF77C, 0xFF7C,
  0xF77C, 0xF77C, 0xF77C, 0xF77C, 0xF77C, 0xFF7C, 0xDF3C, 0xC6FC, 0xEF7C, 0xFF7C, 0xF75C, 0xF77C, 0xF77C, 0xF77C, 0xF77C, 0xF77C,
  0xF77C, 0xFF7D, 0xFF9C, 0xE77C, 0xCF3C, 0xCF1C, 0xD73C, 0xEF7C, 0xF77C, 0xFF9C, 0xF77C, 0xF75C, 0xF75C, 0xEF5C, 0xF75C, 0xF75C,
  0xF77C, 0xF77C, 0xF77C, 0xF77C, 0xF77C, 0xF77C, 0xF77C, 0xEF7D, 0xF79D, 0xF79C, 0xF77C, 0xF77C, 0xF79C, 0xFF7C, 0xF77C, 0xF77C,
  0xF75C, 0xF75C, 0xF75C, 0xF75C, 0xF77C, 0xFF7C, 0xF77C, 0xEF5C, 0xDF3C, 0xCF1C, 0xC6FC, 0xDF3C, 0xF79C, 0xFF9C, 0xF77C, 0xF77C,
  0xF75C, 0xF75C, 0xF77C, 0xF77C, 0xF75C, 0xFF7C, 0xF77C, 0xC6FC, 0xEF5C, 0xEF5C, 0xEF5C, 0xEF5C, 0xEF5C, 0xEF5C, 0xF77C, 0xE75C,
  0xBEFC, 0xD73C, 0xF77C, 0xF77C, 0xEF5C, 0xEF5C, 0xF75C, 0xF75C, 0xF77C, 0xEF7C, 0xF77C, 0xF77D, 0xF79C, 0xEF7C, 0xD73C, 0xCF1C,
  0xCF1C, 0xD71C, 0xDF3C, 0xEF5C, 0xF75C, 0xF77C, 0xF77C, 0xF77C, 0xF77C, 0xF77C, 0xF77C, 0xF77C, 0xF77C, 0xF77C, 0xF77C, 0xF77C,
  0xF77C, 0xF77C, 0xF77C, 0xF77C, 0xF77C, 0xF77C, 0xF77C, 0xF77C, 0xF75C, 0xF77C, 0xF75C, 0xEF5C, 0xE75C, 0xDF3C, 0xCF1C, 0xC71C,
  0xCF3C, 0xE75C, 0xF77C, 0xF77C, 0xF77C, 0xF75C, 0xF77C, 0xF77C, 0xF75C, 0xF75C, 0xEF5C, 0xF75C, 0xFF7C, 0xDF3C, 0xBEDC, 0xDF3C,
  0xF77C, 0xF77C, 0xF77C, 0xF77C, 0xF75C, 0xF77C, 0xF77C, 0xFF7C, 0xF77C, 0xC71C, 0xBEFC, 0xDF5C, 0xFF7C, 0xFF7C, 0xF77C, 0xF77C,
  0xF77C, 0xF77C, 0xF77C, 0xEF7C, 0xF77C, 0xFF9D, 0xFF9C, 0xFF9C, 0xF77C, 0xE75C, 0xD73C, 0xCEFC, 0xD71C, 0xCF1C, 0xD71C, 0xDF3C,
  0xE75C, 0xEF5C, 0xEF5C, 0xEF5C, 0xF77C, 0xF77C, 0xF77C, 0xF77C, 0xF77C, 0xF77C, 0xF77C, 0xEF5C, 0xEF5C, 0xEF5C, 0xE75C, 0xDF3C,
  0xDF3C, 0xD71C, 0xD71C, 0xD71C, 0xD73C, 0xE75C, 0xEF7C, 0xF77C, 0xFF7C, 0xFF7C, 0xF77C, 0xEF5C, 0xF77C, 0xF77C, 0xF77C, 0xF77C,
  0xF77C, 0xFF7C, 0xFF7C, 0xEF5C, 0xC71C, 0xC71C, 0xF77C, 0xFF9C, 0xF77C, 0xF77C, 0xF77C, 0xF77C, 0xF75C, 0xF77C, 0xF77C, 0xF77C,
  0xF77C, 0xFF7C, 0xEF7C, 0xCF1C, 0xC6FC, 0xDF5C, 0xFF9C, 0xFF9C, 0xFF7C, 0xF77C, 0xF77C, 0xEF7C, 0xF77C, 0xF77C, 0xF77C, 0xF77C,
  0xF77C, 0xFF7C, 0xFF7C, 0xFF7C, 0xF77C, 0xEF7C, 0xE75C, 0xDF3C, 0xD73C, 0xD71C, 0xD71C, 0xCF1C, 0xCF1C, 0xCF1C, 0xCF1C, 0xCF1C,
  0xCF1C, 0xCF1C, 0xCF1C, 0xCF1C, 0xD71C, 0xD73C, 0xD73C, 0xDF5C, 0xE75C, 0xEF7C, 0xF77C, 0xF77C, 0xF77C, 0xF77C, 0xF77C, 0xF77C,
  0xF77C, 0xF75C, 0xF77C, 0xF75C, 0xF75C, 0xF77C, 0xFF7C, 0xFF9C, 0xFF7C, 0xE75C, 0xCF1C, 0xCF1C, 0xE77C, 0xFF9C, 0xF77C, 0xF77C,
  0xF77C, 0xF77C, 0xF77C, 0xEF5C, 0xF77C, 0xF77C, 0xF77C, 0xF77C, 0xF77C, 0xF77C, 0xF77C, 0xFF9C, 0xEF5C, 0xCF1C, 0xC6FC, 0xD71C,
  0xEF5C, 0xFF7C, 0xFF7C, 0xF77C, 0xF77C, 0xF77C, 0xF77C, 0xF77C, 0xF77C, 0xF77C, 0xF77C, 0xF77C, 0xF77C, 0xFF7C, 0xFF7C, 0xFF7C,
  0xFF7C, 0xF77C, 0xF77C, 0xF77C, 0xF77C, 0xF77C, 0xF77C, 0xF77C, 0xF77C, 0xF77C, 0xF77C, 0xF77C, 0xF77C, 0xF77C, 0xF77C, 0xF77C,
  0xF77D, 0xF77D, 0xF77C, 0xF77C, 0xEF7C, 0xEF7C, 0xF77C, 0xEF7C, 0xF77C, 0xF75C, 0xF75C, 0xF77C, 0xF77C, 0xFF7C, 0xEF5C, 0xD73C,
  0xBEFC, 0xC71C, 0xE77D, 0xFF9C, 0xFF7C, 0xF77C, 0xF77C, 0xF77C, 0xF77C, 0xF77C, 0xF75C, 0xF77C, 0xF77C, 0xF77C, 0xF77C, 0xF77C,
  0xF77C, 0xF77C, 0xF77C, 0xF77C, 0xFF7C, 0xFF7C, 0xF77C, 0xD73C, 0xC6FC, 0xC6FC, 0xCEFC, 0xE75C, 0xF77C, 0xFF7C, 0xFF7C, 0xFF7C,
  0xFF7C, 0xF77C, 0xF77C, 0xF77C, 0xF77C, 0xF77C, 0xF77C, 0xF77C, 0xF77C, 0xF77C, 0xF77C, 0xF77C, 0xF77C, 0xF77C, 0xF77C, 0xEF5C,
  0xF77C, 0xF77C, 0xF77C, 0xEF5C, 0xEF5C, 0xEF5C, 0xEF7C, 0xEF7C, 0xEF7C, 0xEF7C, 0xEF7C, 0xEF5C, 0xEF7C, 0xF77C, 0xF77C, 0xF77C,
  0xFF7C, 0xFF7C, 0xF75C, 0xEF5C, 0xD71C, 0xC71C, 0xC6FC, 0xD73C, 0xEF7C, 0xFF9C, 0xFF7C, 0xF77C, 0xF77C, 0xF77C, 0xF77C, 0xF77C,
  0xF77C, 0xF77C, 0xF77C, 0xF77C, 0xF77C, 0xF77C, 0xF77C, 0xF77C, 0xF77C, 0xF77C, 0xF77C, 0xF77C, 0xF77C, 0xF77C, 0xF77C, 0xFF9C,
  0xFF9C, 0xEF5C, 0xD71C, 0xCF1C, 0xC6FC, 0xCF1C, 0xD73C, 0xE75C, 0xEF5C, 0xF77C, 0xFF9C, 0xFF9C, 0xFF9C, 0xFF7C, 0xFF7C, 0xF77C,
  0xF77C, 0xF77C, 0xF75C, 0xF77C, 0xF77C, 0xF77C, 0xF77C, 0xF75C, 0xF75C, 0xF77C, 0xF75C, 0xF75C, 0xF75C, 0xF77C, 0xF77C, 0xF77C,
  0xF77C, 0xF77C, 0xF77C, 0xF77C, 0xF77C, 0xF77C, 0xEF5C, 0xDF3C, 0xD71C, 0xCF1C, 0xBEFC, 0xCF3C, 0xD73C, 0xE77C, 0xFF9C, 0xFF9C,
  0xF77C, 0xF77C, 0xF77C, 0xF77C, 0xF77C, 0xF77C, 0xF77C, 0xF77C, 0xF77C, 0xEF5C, 0xF77C, 0xF77C, 0xF77C, 0xF77C, 0xF77C, 0xF77C,
  0xF77C, 0xF77C, 0xF77C, 0xF77C, 0xF77C, 0xF77C, 0xF77C, 0xF77C, 0xF77C, 0xF75C, 0xFF7C, 0xFF9C, 0xF77C, 0xE75C, 0xDF3C, 0xCF1C,
  0xC6FC, 0xBF1C, 0xCF1C, 0xD71C, 0xD73C, 0xDF5C, 0xE75C, 0xEF5C, 0xEF5C, 0xF77C, 0xF77C, 0xF77C, 0xFF7C, 0xFF7C, 0xFF7C, 0xF77C,
  0xF77C, 0xF77C, 0xF77C, 0xF77C, 0xF77C, 0xEF7C, 0xEF5C, 0xE75C, 0xDF3C, 0xDF3C, 0xD71C, 0xCF1C, 0xCF1C, 0xBEFB, 0xBF1C, 0xC71C,
  0xD73C, 0xE75C, 0xF77C, 0xFF9C, 0xFF9C, 0xF77C, 0xF77C, 0xF77C, 0xF77C, 0xF77C, 0xF77C, 0xF77C, 0xF77C, 0xF77C, 0xF77C, 0xF77C,
  0xEF5C, 0xF77C, 0xF77C, 0xF77C, 0xF77C, 0xF77C, 0xF77C, 0xF77C, 0xF77C, 0xF77C, 0xF77C, 0xF77C, 0xF77C, 0xF77C, 0xF77C, 0xF77C,
  0xF77C, 0xEF5C, 0xF77C, 0xF77C, 0xF77C, 0xFF7C, 0xFF7C, 0xFF7C, 0xFF7C, 0xF77C, 0xEF5C, 0xE75C, 0xDF3C, 0xCF1C, 0xCF1C, 0xC71C,
  0xBF1C, 0xC71C, 0xC71C, 0xCF1C, 0xC71C, 0xC71C, 0xC6FC, 0xBEFC, 0xBEFC, 0xBEFC, 0xBEFC, 0xBEDB, 0xBEDB, 0xBEDC, 0xC71C, 0xC71C,
  0xC71C, 0xCF1C, 0xD73C, 0xDF5C, 0xEF7C, 0xF77C, 0xF79C, 0xFF9C, 0xFF7C, 0xFF7C, 0xF77C, 0xF77C, 0xF77C, 0xF77C, 0xF77C, 0xF77C,
  0xF77C, 0xF77C, 0xF77C, 0xF77C, 0xF77C, 0xF77C, 0xF77C, 0xF77C, 0xF75C, 0xF77C, 0xF77C, 0xF77C, 0xF77C, 0xF77C, 0xF77C, 0xF77C,
  0xF77C, 0xF77C, 0xF77C, 0xF77C, 0xF77C, 0xF77C, 0xF77C, 0xF77C, 0xF75C, 0xF75C, 0xF77C, 0xF77C, 0xF77C, 0xF77C, 0xF77C, 0xF77C,
  0xF77C, 0xF77C, 0xFF7C, 0xFF7C, 0xFF7C, 0xFF9C, 0xFF9C, 0xFF9C, 0xFF9C, 0xF79C, 0xF77C, 0xF79C, 0xF77C, 0xEF7C, 0xEF7C, 0xEF5C,
  0xEF7C, 0xEF7C, 0xF77C, 0xF77C, 0xF77C, 0xF77C, 0xFF9C, 0xFF9C, 0xFF9C, 0xFF9C, 0xFF9C, 0xFF7C, 0xFF7C, 0xFF7C, 0xF77C, 0xF77C,
  0xF77C, 0xF77C, 0xF77C, 0xF77C, 0xF77C, 0xF77C, 0xF77C, 0xF77C, 0xF77C, 0xF77C, 0xF77C, 0xF77C, 0xF77C, 0xF77C, 0xF77C, 0xF77C,
  0xFF7C, 0xFF7C, 0xF77C, 0xF77C, 0xFF7C, 0xF77C, 0xF77C, 0xF77C, 0xFF7C, 0xF77C, 0xF77C, 0xF77C, 0xF77C, 0xF77C, 0xF77C, 0xF77C,
  0xF75C, 0xF77C, 0xF77C, 0xF77C, 0xF77C, 0xF77C, 0xF77C, 0xF77C, 0xF77C, 0xF77C, 0xF77C, 0xF77C, 0xF77C, 0xF77C, 0xF77C, 0xF77C,
  0xF77C, 0xF77C, 0xF77C, 0xFF9C, 0xFF7C, 0xFF7C, 0xFF9C, 0xF77C, 0xFF9C, 0xFF9C, 0xFF9C, 0xFF9C, 0xF77C, 0xF77C, 0xF77C, 0xF77C,
  0xF77C, 0xF77C, 0xF77C, 0xF77C, 0xF77C, 0xF77C, 0xF77C, 0xF77C, 0xF77C, 0xF77C, 0xF77C, 0xF77C, 0xF77C, 0xF77C, 0xF77C, 0xF77C,
  0xF77C, 0xF77C, 0xF77C, 0xF77C, 0xF77C, 0xF77C, 0xF77C, 0xF77C, 0xF77C, 0xF77C, 0xF77C, 0xF77C, 0xF77C, 0xF77C, 0xF77C, 0xF77C,
  0xF77C, 0xF77C, 0xF77C, 0xF77C, 0xF75C, 0xF77C, 0xF77C, 0xF77C, 0xEF5C, 0xF77C, 0xF77C, 0xF75C, 0xF75C, 0xF75C, 0xF75C, 0xF75C,
  0xF75C, 0xF77C, 0xF77C, 0xF75C, 0xF77C, 0xF77C, 0xF77C, 0xF77C, 0xF77C, 0xF77C, 0xF77C, 0xF77C, 0xF77C, 0xF77C, 0xF77C, 0xF77C,
  0xF77C, 0xF77C, 0xF77C, 0xF77C, 0xF77C, 0xF75C, 0xF77C, 0xF77C, 0xF75C, 0xF77C, 0xF77C, 0xF77C, 0xF77C, 0xF77C, 0xF77C, 0xF77C,
  0xF77C, 0xF77C, 0xF77C, 0xF77C, 0xF77C, 0xF77C, 0xEF5C, 0xEF5C, 0xF77C, 0xF77C, 0xF77C, 0xF77C, 0xF75C, 0xF75C, 0xF75C, 0xF75C,
  0xEF7C, 0xF77C, 0xF75C, 0xF77C, 0xF77C, 0xEF5C, 0xEF5C, 0xF75C, 0xEF5C, 0xEF5C, 0xEF5C, 0xEF5C, 0xEF5C, 0xEF5C, 0xEF5C, 0xEF5C,
  0xEF5C, 0xF77C, 0xF77C, 0xF77C, 0xF77C, 0xF75C, 0xEF5C, 0xF75C, 0xF77C, 0xF77C, 0xF75C, 0xF75C, 0xF75C, 0xF77C, 0xF77C, 0xF77C,
  0xF77C, 0xF77C, 0xF77C, 0xF77C, 0xF77C, 0xF77C, 0xF77C, 0xEF5C, 0xF77C, 0xEF5C, 0xEF5C, 0xEF5C, 0xEF5C, 0xEF5C, 0xF75C, 0xEF5C,
  0xEF5C, 0xEF5C, 0xEF5C, 0xF77C, 0xF77C, 0xF75C, 0xF75C, 0xF77C, 0xF77C, 0xF77C, 0xF77C, 0xF77C, 0xF77C, 0xF77C, 0xF77C, 0xEF5C,
  0xF77C, 0xF75C, 0xF77C, 0xEF5C, 0xEF5C, 0xEF5C, 0xEF5C, 0xEF5C, 0xF77C, 0xF77C, 0xF77C, 0xF77C, 0xF77C, 0xF77C, 0xF77C, 0xF77C,
  0xF77C, 0xF77C, 0xF77C, 0xF77C, 0xF77C, 0xF77C, 0xF77C, 0xF75C, 0xF77C, 0xF77C, 0xF77C, 0xF77C, 0xF77C, 0xF77C, 0xF77C, 0xF77C,
  0xF77C, 0xF77C, 0xF77C, 0xF77C, 0xF77C, 0xF77C, 0xF77C, 0xF77C, 0xF77C, 0xF77C, 0xF77C, 0xF77C, 0xF77C, 0xF77C, 0xF79C, 0xF77C,
  0xF77C, 0xF77C, 0xF77C, 0xF77C, 0xF77C, 0xF77C, 0xF77C, 0xF77C, 0xF77C, 0xF77C, 0xF77C, 0xF77C, 0xF77C, 0xF77C, 0xF77C, 0xF77C,
  0xF77C, 0xF77C, 0xF77C, 0xF77C, 0xF77C, 0xF77C, 0xFF9C, 0xF77C, 0xF77C, 0xF77C, 0xF77C, 0xF77C, 0xF77C, 0xF77C, 0xF77C, 0xFF7C,
  0xF77C, 0xF77C, 0xF77C, 0xF77C, 0xF77C, 0xF77C, 0xF77C, 0xF77C, 0xF77C, 0xF77C, 0xF77C, 0xF77C, 0xF77C, 0xF77C, 0xF77C, 0xF75C,
  0xF77C, 0xF77C, 0xF77C, 0xF77C, 0xF77C, 0xF77C, 0xF77C, 0xF77C, 0xF77C, 0xF77C, 0xF77C, 0xF77C, 0xF77C, 0xF77C, 0xF77C, 0xF77C,
  0xF77C, 0xF77C, 0xF77C, 0xF77C, 0xF77C, 0xF77C, 0xF77C, 0xF77C, 0xF77C, 0xF77C, 0xF77C, 0xF77C, 0xF77C, 0xF77C, 0xF77C, 0xF77C,
  0xF77C, 0xF77C, 0xF77C, 0xF77C, 0xF77C, 0xF77C, 0xF77C, 0xF77C, 0xF77C, 0xF77C, 0xF77C, 0xF77C, 0xF77C, 0xF77C, 0xF77C, 0xF77C,
  0xF75C, 0xF77C, 0xF77C, 0xF77C, 0xF77C, 0xF77C, 0xF77C, 0xF77C, 0xF77C, 0xF77C, 0xF77C, 0xF77C, 0xF77C, 0xF77C, 0xF77C, 0xF77C,
  0xF77C, 0xF77C, 0xF77C, 0xF77C, 0xF77C, 0xF77C, 0xEF5C, 0xF77C, 0xF77C, 0xF77C, 0xF77C, 0xF77C, 0xF77C, 0xF77C, 0xF77C, 0xF77C,
  0xF77C, 0xF77C, 0xF77C, 0xF77C, 0xF77C, 0xF77C, 0xF77C, 0xF77C, 0xF77C, 0xF77C, 0xF77C, 0xF77C, 0xF77C, 0xF77C, 0xF77C, 0xEF5C,
  0xF77C, 0xF77C, 0xF77C, 0xF77C, 0xF77C, 0xF77C, 0xF77C, 0xF77C, 0xF77C, 0xF77C, 0xF77C, 0xF77C, 0xF77C, 0xF77C, 0xF77C, 0xF77C,
  0xF77C, 0xF77C, 0xF77C, 0xF77C, 0xF77C, 0xF77C, 0xF77C, 0xF77C, 0xEF5C, 0xF77C, 0xF77C, 0xF77C, 0xF77C, 0xF77C, 0xF77C, 0xF77C
};
