<?xml version="1.0" encoding="UTF-8"?>
<osm version="0.6" generator="openstreetmap-cgimap 2.1.0 (2023211 spike-07.openstreetmap.org)" copyright="OpenStreetMap and contributors" attribution="http://www.openstreetmap.org/copyright" license="http://opendatacommons.org/licenses/odbl/1-0/">
 <bounds minlat="-7.0518218" minlon="110.4335423" maxlat="-7.0482104" maxlon="110.4391603"/>
 <node id="257555496" visible="true" version="4" changeset="81849206" timestamp="2020-03-06T04:37:40Z" user="MtBaker" uid="10409744" lat="-7.0369494" lon="110.4330536"/>
 <node id="257555499" visible="true" version="7" changeset="166662061" timestamp="2025-05-23T15:23:17Z" user="WarmedCord207" uid="21968921" lat="-7.0404471" lon="110.4337935"/>
 <node id="257675489" visible="true" version="4" changeset="66693332" timestamp="2019-01-28T04:22:27Z" user="bhavyakota" uid="8967857" lat="-7.0495115" lon="110.4337239"/>
 <node id="257675490" visible="true" version="6" changeset="81945592" timestamp="2020-03-09T06:12:15Z" user="EmbarcaderoPier" uid="10353513" lat="-7.0470672" lon="110.4347111"/>
 <node id="257675491" visible="true" version="7" changeset="81945592" timestamp="2020-03-09T06:12:15Z" user="EmbarcaderoPier" uid="10353513" lat="-7.0464417" lon="110.4348573"/>
 <node id="257675492" visible="true" version="7" changeset="81945592" timestamp="2020-03-09T06:12:15Z" user="EmbarcaderoPier" uid="10353513" lat="-7.0457576" lon="110.4349110"/>
 <node id="257675493" visible="true" version="6" changeset="81945592" timestamp="2020-03-09T06:12:15Z" user="EmbarcaderoPier" uid="10353513" lat="-7.0429452" lon="110.4343651"/>
 <node id="257675494" visible="true" version="6" changeset="81945592" timestamp="2020-03-09T06:12:15Z" user="EmbarcaderoPier" uid="10353513" lat="-7.0418591" lon="110.4340996"/>
 <node id="257675495" visible="true" version="7" changeset="147078297" timestamp="2024-02-05T05:21:11Z" user="adianto" uid="10264725" lat="-7.0359225" lon="110.4327832"/>
 <node id="257881475" visible="true" version="5" changeset="46421813" timestamp="2017-02-26T17:57:03Z" user="Nottheknight" uid="4726749" lat="-7.0472302" lon="110.4340184"/>
 <node id="257881476" visible="true" version="3" changeset="46421813" timestamp="2017-02-26T17:57:03Z" user="Nottheknight" uid="4726749" lat="-7.0472629" lon="110.4343340"/>
 <node id="257881525" visible="true" version="3" changeset="46421813" timestamp="2017-02-26T17:57:03Z" user="Nottheknight" uid="4726749" lat="-7.0490499" lon="110.4332817"/>
 <node id="257881549" visible="true" version="5" changeset="46421813" timestamp="2017-02-26T17:57:04Z" user="Nottheknight" uid="4726749" lat="-7.0476386" lon="110.4339378"/>
 <node id="257881550" visible="true" version="6" changeset="151003964" timestamp="2024-05-07T10:54:20Z" user="KawdyPlateau" uid="20951900" lat="-7.0481574" lon="110.4338355"/>
 <node id="257881551" visible="true" version="5" changeset="112400376" timestamp="2021-10-12T05:46:19Z" user="Okavango77" uid="9320580" lat="-7.0487261" lon="110.4337287"/>
 <node id="257881552" visible="true" version="3" changeset="46421813" timestamp="2017-02-26T17:57:03Z" user="Nottheknight" uid="4726749" lat="-7.0486899" lon="110.4333646"/>
 <node id="257881695" visible="true" version="3" changeset="46421813" timestamp="2017-02-26T17:57:04Z" user="Nottheknight" uid="4726749" lat="-7.0476312" lon="110.4342109"/>
 <node id="257881696" visible="true" version="3" changeset="46421813" timestamp="2017-02-26T17:57:04Z" user="Nottheknight" uid="4726749" lat="-7.0479811" lon="110.4340881"/>
 <node id="257881697" visible="true" version="3" changeset="46421813" timestamp="2017-02-26T17:57:04Z" user="Nottheknight" uid="4726749" lat="-7.0482777" lon="110.4339829"/>
 <node id="257881698" visible="true" version="3" changeset="46421813" timestamp="2017-02-26T17:57:04Z" user="Nottheknight" uid="4726749" lat="-7.0485354" lon="110.4338894"/>
 <node id="257881699" visible="true" version="3" changeset="46421813" timestamp="2017-02-26T17:57:04Z" user="Nottheknight" uid="4726749" lat="-7.0487472" lon="110.4338004"/>
 <node id="257883976" visible="true" version="17" changeset="112364150" timestamp="2021-10-11T08:56:36Z" user="Nesque7" uid="10892488" lat="-7.0539810" lon="110.4321131"/>
 <node id="258975439" visible="true" version="7" changeset="147078297" timestamp="2024-02-05T05:21:11Z" user="adianto" uid="10264725" lat="-7.0351675" lon="110.4326345"/>
 <node id="258975441" visible="true" version="7" changeset="147078297" timestamp="2024-02-05T05:21:11Z" user="adianto" uid="10264725" lat="-7.0358945" lon="110.4328750"/>
 <node id="258975442" visible="true" version="5" changeset="81849206" timestamp="2020-03-06T04:37:40Z" user="MtBaker" uid="10409744" lat="-7.0369265" lon="110.4331490"/>
 <node id="258975444" visible="true" version="7" changeset="166662061" timestamp="2025-05-23T15:23:17Z" user="WarmedCord207" uid="21968921" lat="-7.0396202" lon="110.4337524"/>
 <node id="258975448" visible="true" version="7" changeset="81945592" timestamp="2020-03-09T06:12:15Z" user="EmbarcaderoPier" uid="10353513" lat="-7.0417447" lon="110.4341841"/>
 <node id="258975450" visible="true" version="6" changeset="81945592" timestamp="2020-03-09T06:12:15Z" user="EmbarcaderoPier" uid="10353513" lat="-7.0428041" lon="110.4344362"/>
 <node id="258975451" visible="true" version="6" changeset="81945592" timestamp="2020-03-09T06:12:15Z" user="EmbarcaderoPier" uid="10353513" lat="-7.0446063" lon="110.4348761"/>
 <node id="258975453" visible="true" version="8" changeset="81945592" timestamp="2020-03-09T06:12:15Z" user="EmbarcaderoPier" uid="10353513" lat="-7.0457030" lon="110.4350156"/>
 <node id="258975454" visible="true" version="8" changeset="81945592" timestamp="2020-03-09T06:12:15Z" user="EmbarcaderoPier" uid="10353513" lat="-7.0461422" lon="110.4350035"/>
 <node id="258975455" visible="true" version="7" changeset="83934036" timestamp="2020-04-22T10:33:01Z" user="martinmbaihaqi" uid="1840603" lat="-7.0472775" lon="110.4347339"/>
 <node id="258975547" visible="true" version="5" changeset="83934036" timestamp="2020-04-22T10:33:01Z" user="martinmbaihaqi" uid="1840603" lat="-7.0506909" lon="110.4333755"/>
 <node id="258975548" visible="true" version="6" changeset="118775739" timestamp="2022-03-22T11:58:01Z" user="ChapmansPeak" uid="10652971" lat="-7.0509856" lon="110.4332077"/>
 <node id="258975549" visible="true" version="4" changeset="83934036" timestamp="2020-04-22T10:33:01Z" user="martinmbaihaqi" uid="1840603" lat="-7.0517506" lon="110.4326500"/>
 <node id="258975551" visible="true" version="11" changeset="158955795" timestamp="2024-11-10T05:33:53Z" user="WarmedCord207" uid="21968921" lat="-7.0523182" lon="110.4320437">
  <tag k="highway" v="motorway_junction"/>
  <tag k="name" v="Tembalang"/>
  <tag k="ref" v="432"/>
 </node>
 <node id="258975642" visible="true" version="4" changeset="83934036" timestamp="2020-04-22T10:33:01Z" user="martinmbaihaqi" uid="1840603" lat="-7.0502057" lon="110.4334319"/>
 <node id="260048125" visible="true" version="9" changeset="85863533" timestamp="2020-05-28T04:52:49Z" user="LavenderBay" uid="10409666" lat="-7.0526673" lon="110.4325473"/>
 <node id="260048133" visible="true" version="12" changeset="118857240" timestamp="2022-03-24T10:13:00Z" user="PointeDesAlmadies" uid="10334775" lat="-7.0507021" lon="110.4358645"/>
 <node id="263018026" visible="true" version="7" changeset="118850134" timestamp="2022-03-24T07:25:13Z" user="PointeDesAlmadies" uid="10334775" lat="-7.0501664" lon="110.4389437"/>
 <node id="263019640" visible="true" version="6" changeset="81945377" timestamp="2020-03-09T06:07:11Z" user="EmbarcaderoPier" uid="10353513" lat="-7.0475557" lon="110.4348519"/>
 <node id="278011108" visible="true" version="4" changeset="57798113" timestamp="2018-04-04T10:10:25Z" user="endang_p" uid="4706330" lat="-7.0502197" lon="110.4388584"/>
 <node id="1281066046" visible="true" version="4" changeset="85863533" timestamp="2020-05-28T04:52:49Z" user="LavenderBay" uid="10409666" lat="-7.0516652" lon="110.4329667"/>
 <node id="1731410913" visible="true" version="4" changeset="112359707" timestamp="2021-10-11T07:01:38Z" user="Nesque7" uid="10892488" lat="-7.0520605" lon="110.4320563"/>
 <node id="1731410932" visible="true" version="4" changeset="112359707" timestamp="2021-10-11T07:01:38Z" user="Nesque7" uid="10892488" lat="-7.0522296" lon="110.4318460"/>
 <node id="1731410933" visible="true" version="5" changeset="112359707" timestamp="2021-10-11T07:01:38Z" user="Nesque7" uid="10892488" lat="-7.0524049" lon="110.4315773"/>
 <node id="1731410941" visible="true" version="4" changeset="112359707" timestamp="2021-10-11T07:01:38Z" user="Nesque7" uid="10892488" lat="-7.0526254" lon="110.4311763"/>
 <node id="1731410951" visible="true" version="2" changeset="46363889" timestamp="2017-02-24T10:51:59Z" user="Nottheknight" uid="4726749" lat="-7.0495045" lon="110.4395893"/>
 <node id="1731410968" visible="true" version="3" changeset="66694634" timestamp="2019-01-28T05:43:36Z" user="bhavyakota" uid="8967857" lat="-7.0536687" lon="110.4395981"/>
 <node id="1731410970" visible="true" version="3" changeset="66694634" timestamp="2019-01-28T05:43:36Z" user="bhavyakota" uid="8967857" lat="-7.0518667" lon="110.4399678"/>
 <node id="1731410983" visible="true" version="3" changeset="118850134" timestamp="2022-03-24T07:25:13Z" user="PointeDesAlmadies" uid="10334775" lat="-7.0494417" lon="110.4393480"/>
 <node id="1731410991" visible="true" version="3" changeset="118850134" timestamp="2022-03-24T07:25:13Z" user="PointeDesAlmadies" uid="10334775" lat="-7.0495142" lon="110.4391408"/>
 <node id="1780315031" visible="true" version="3" changeset="147078297" timestamp="2024-02-05T05:21:11Z" user="adianto" uid="10264725" lat="-7.0351888" lon="110.4325379"/>
 <node id="1851943453" visible="true" version="2" changeset="83934036" timestamp="2020-04-22T10:33:01Z" user="martinmbaihaqi" uid="1840603" lat="-7.0502783" lon="110.4335809"/>
 <node id="2352989001" visible="true" version="5" changeset="81945377" timestamp="2020-03-09T06:07:11Z" user="EmbarcaderoPier" uid="10353513" lat="-7.0472822" lon="110.4356539"/>
 <node id="2352989004" visible="true" version="3" changeset="66693332" timestamp="2019-01-28T04:22:27Z" user="bhavyakota" uid="8967857" lat="-7.0482398" lon="110.4363060"/>
 <node id="2352989007" visible="true" version="1" changeset="16624462" timestamp="2013-06-20T02:45:32Z" user="jpmadparas268" uid="1563338" lat="-7.0487328" lon="110.4370170"/>
 <node id="2352989008" visible="true" version="2" changeset="57595236" timestamp="2018-03-28T10:18:45Z" user="MuhammadRidwanAdetyaSaputra" uid="7573582" lat="-7.0487617" lon="110.4364091"/>
 <node id="2352989009" visible="true" version="1" changeset="16624462" timestamp="2013-06-20T02:45:32Z" user="jpmadparas268" uid="1563338" lat="-7.0490751" lon="110.4373184"/>
 <node id="2352989010" visible="true" version="2" changeset="85864380" timestamp="2020-05-28T05:12:04Z" user="LavenderBay" uid="10409666" lat="-7.0492325" lon="110.4375002"/>
 <node id="2352989013" visible="true" version="4" changeset="85863533" timestamp="2020-05-28T04:52:49Z" user="LavenderBay" uid="10409666" lat="-7.0501511" lon="110.4339561"/>
 <node id="2352989014" visible="true" version="5" changeset="118850134" timestamp="2022-03-24T07:25:13Z" user="PointeDesAlmadies" uid="10334775" lat="-7.0502137" lon="110.4380243"/>
 <node id="2352989015" visible="true" version="5" changeset="118867402" timestamp="2022-03-24T14:26:39Z" user="PointeDesAlmadies" uid="10334775" lat="-7.0503101" lon="110.4381846"/>
 <node id="2352989016" visible="true" version="6" changeset="85872004" timestamp="2020-05-28T07:24:20Z" user="LavenderBay" uid="10409666" lat="-7.0505023" lon="110.4359123"/>
 <node id="2352989017" visible="true" version="5" changeset="118850134" timestamp="2022-03-24T07:25:13Z" user="PointeDesAlmadies" uid="10334775" lat="-7.0504852" lon="110.4379063"/>
 <node id="2352989018" visible="true" version="6" changeset="118850134" timestamp="2022-03-24T07:25:13Z" user="PointeDesAlmadies" uid="10334775" lat="-7.0506589" lon="110.4379975"/>
 <node id="2352989020" visible="true" version="5" changeset="118850134" timestamp="2022-03-24T07:25:13Z" user="PointeDesAlmadies" uid="10334775" lat="-7.0508858" lon="110.4373477"/>
 <node id="2352989021" visible="true" version="7" changeset="118850134" timestamp="2022-03-24T07:25:13Z" user="PointeDesAlmadies" uid="10334775" lat="-7.0507274" lon="110.4379117"/>
 <node id="2352989022" visible="true" version="3" changeset="118850134" timestamp="2022-03-24T07:25:13Z" user="PointeDesAlmadies" uid="10334775" lat="-7.0509011" lon="110.4376200"/>
 <node id="2352989023" visible="true" version="3" changeset="66693332" timestamp="2019-01-28T04:22:27Z" user="bhavyakota" uid="8967857" lat="-7.0511008" lon="110.4346530"/>
 <node id="2352989024" visible="true" version="3" changeset="85863533" timestamp="2020-05-28T04:52:49Z" user="LavenderBay" uid="10409666" lat="-7.0510781" lon="110.4333352"/>
 <node id="2352989025" visible="true" version="3" changeset="118850134" timestamp="2022-03-24T07:25:13Z" user="PointeDesAlmadies" uid="10334775" lat="-7.0517433" lon="110.4397356"/>
 <node id="2352989026" visible="true" version="4" changeset="112400962" timestamp="2021-10-12T06:04:38Z" user="Okavango77" uid="9320580" lat="-7.0518427" lon="110.4389494"/>
 <node id="2352989027" visible="true" version="4" changeset="112400962" timestamp="2021-10-12T06:04:38Z" user="Okavango77" uid="9320580" lat="-7.0519054" lon="110.4391862"/>
 <node id="2352989028" visible="true" version="5" changeset="112400962" timestamp="2021-10-12T06:04:38Z" user="Okavango77" uid="9320580" lat="-7.0518367" lon="110.4395543"/>
 <node id="2352989030" visible="true" version="3" changeset="103903155" timestamp="2021-04-30T10:07:18Z" user="Plekhanov" uid="10409550" lat="-7.0520968" lon="110.4381369"/>
 <node id="2352989032" visible="true" version="5" changeset="112364150" timestamp="2021-10-11T08:56:36Z" user="Nesque7" uid="10892488" lat="-7.0536586" lon="110.4321942"/>
 <node id="2352990552" visible="true" version="6" changeset="85863533" timestamp="2020-05-28T04:52:49Z" user="LavenderBay" uid="10409666" lat="-7.0478259" lon="110.4371037"/>
 <node id="3197125583" visible="true" version="5" changeset="178062313" timestamp="2026-02-03T18:02:32Z" user="Haritron" uid="19161555" lat="-7.0480546" lon="110.4377686"/>
 <node id="3197125584" visible="true" version="5" changeset="178062313" timestamp="2026-02-03T18:02:32Z" user="Haritron" uid="19161555" lat="-7.0482575" lon="110.4374327"/>
 <node id="3197125585" visible="true" version="5" changeset="178062313" timestamp="2026-02-03T18:02:32Z" user="Haritron" uid="19161555" lat="-7.0483944" lon="110.4379771"/>
 <node id="3197125586" visible="true" version="5" changeset="178062313" timestamp="2026-02-03T18:02:32Z" user="Haritron" uid="19161555" lat="-7.0484921" lon="110.4380282"/>
 <node id="3197125587" visible="true" version="5" changeset="178062313" timestamp="2026-02-03T18:02:32Z" user="Haritron" uid="19161555" lat="-7.0485997" lon="110.4383181"/>
 <node id="3197125588" visible="true" version="5" changeset="178062313" timestamp="2026-02-03T18:02:32Z" user="Haritron" uid="19161555" lat="-7.0485986" lon="110.4378433"/>
 <node id="3197125589" visible="true" version="5" changeset="178062313" timestamp="2026-02-03T18:02:32Z" user="Haritron" uid="19161555" lat="-7.0485973" lon="110.4376411"/>
 <node id="3197125590" visible="true" version="5" changeset="178062313" timestamp="2026-02-03T18:02:32Z" user="Haritron" uid="19161555" lat="-7.0486618" lon="110.4385412"/>
 <node id="3197125591" visible="true" version="5" changeset="178062313" timestamp="2026-02-03T18:02:32Z" user="Haritron" uid="19161555" lat="-7.0486660" lon="110.4382430"/>
 <node id="3197125592" visible="true" version="5" changeset="178062313" timestamp="2026-02-03T18:02:32Z" user="Haritron" uid="19161555" lat="-7.0486784" lon="110.4377132"/>
 <node id="3197125593" visible="true" version="5" changeset="178062313" timestamp="2026-02-03T18:02:32Z" user="Haritron" uid="19161555" lat="-7.0486804" lon="110.4383014"/>
 <node id="3197125594" visible="true" version="5" changeset="178062313" timestamp="2026-02-03T18:02:32Z" user="Haritron" uid="19161555" lat="-7.0487053" lon="110.4381700"/>
 <node id="3197125595" visible="true" version="5" changeset="178062313" timestamp="2026-02-03T18:02:32Z" user="Haritron" uid="19161555" lat="-7.0488543" lon="110.4382680"/>
 <node id="3197125596" visible="true" version="5" changeset="178062313" timestamp="2026-02-03T18:02:32Z" user="Haritron" uid="19161555" lat="-7.0488916" lon="110.4384703"/>
 <node id="3197125597" visible="true" version="5" changeset="178062313" timestamp="2026-02-03T18:02:32Z" user="Haritron" uid="19161555" lat="-7.0489081" lon="110.4378405"/>
 <node id="3197125598" visible="true" version="5" changeset="178062313" timestamp="2026-02-03T18:02:32Z" user="Haritron" uid="19161555" lat="-7.0489433" lon="110.4377716"/>
 <node id="3197125599" visible="true" version="5" changeset="178062313" timestamp="2026-02-03T18:02:32Z" user="Haritron" uid="19161555" lat="-7.0489516" lon="110.4381262"/>
 <node id="3197125600" visible="true" version="5" changeset="178062313" timestamp="2026-02-03T18:02:32Z" user="Haritron" uid="19161555" lat="-7.0489661" lon="110.4380740"/>
 <node id="3197125601" visible="true" version="5" changeset="178062313" timestamp="2026-02-03T18:02:32Z" user="Haritron" uid="19161555" lat="-7.0489868" lon="110.4376799"/>
 <node id="3197125602" visible="true" version="5" changeset="178062313" timestamp="2026-02-03T18:02:32Z" user="Haritron" uid="19161555" lat="-7.0490075" lon="110.4377549"/>
 <node id="3197125607" visible="true" version="5" changeset="178062313" timestamp="2026-02-03T18:02:32Z" user="Haritron" uid="19161555" lat="-7.0490509" lon="110.4381846"/>
 <node id="3197125609" visible="true" version="5" changeset="178062313" timestamp="2026-02-03T18:02:32Z" user="Haritron" uid="19161555" lat="-7.0490613" lon="110.4379135"/>
 <node id="3197125610" visible="true" version="5" changeset="178062313" timestamp="2026-02-03T18:02:32Z" user="Haritron" uid="19161555" lat="-7.0490737" lon="110.4381429"/>
 <node id="3197125619" visible="true" version="5" changeset="178062313" timestamp="2026-02-03T18:02:32Z" user="Haritron" uid="19161555" lat="-7.0492041" lon="110.4376236"/>
 <node id="3197125622" visible="true" version="4" changeset="103903155" timestamp="2021-04-30T10:07:18Z" user="Plekhanov" uid="10409550" lat="-7.0491609" lon="110.4386976"/>
 <node id="3197125623" visible="true" version="5" changeset="178062313" timestamp="2026-02-03T18:02:32Z" user="Haritron" uid="19161555" lat="-7.0492662" lon="110.4378592"/>
 <node id="3197125625" visible="true" version="4" changeset="103903155" timestamp="2021-04-30T10:07:18Z" user="Plekhanov" uid="10409550" lat="-7.0492402" lon="110.4387980"/>
 <node id="3197125628" visible="true" version="8" changeset="103903155" timestamp="2021-04-30T10:07:18Z" user="Plekhanov" uid="10409550" lat="-7.0491109" lon="110.4383650"/>
 <node id="3197125629" visible="true" version="6" changeset="57595236" timestamp="2018-03-28T10:18:45Z" user="MuhammadRidwanAdetyaSaputra" uid="7573582" lat="-7.0494288" lon="110.4382575"/>
 <node id="3197125632" visible="true" version="5" changeset="103903155" timestamp="2021-04-30T10:07:18Z" user="Plekhanov" uid="10409550" lat="-7.0495331" lon="110.4389984"/>
 <node id="3197125638" visible="true" version="6" changeset="103903155" timestamp="2021-04-30T10:07:18Z" user="Plekhanov" uid="10409550" lat="-7.0495948" lon="110.4380471"/>
 <node id="3197125654" visible="true" version="5" changeset="103903155" timestamp="2021-04-30T10:07:18Z" user="Plekhanov" uid="10409550" lat="-7.0496786" lon="110.4380974"/>
 <node id="3197125660" visible="true" version="5" changeset="179096513" timestamp="2026-02-26T17:51:11Z" user="Lauxsin" uid="13967634" lat="-7.0496940" lon="110.4389188"/>
 <node id="3197125763" visible="true" version="5" changeset="179096513" timestamp="2026-02-26T17:51:11Z" user="Lauxsin" uid="13967634" lat="-7.0497028" lon="110.4388885"/>
 <node id="3197125764" visible="true" version="10" changeset="179096513" timestamp="2026-02-26T17:51:11Z" user="Lauxsin" uid="13967634" lat="-7.0497105" lon="110.4390455"/>
 <node id="3197125769" visible="true" version="5" changeset="179096513" timestamp="2026-02-26T17:51:11Z" user="Lauxsin" uid="13967634" lat="-7.0497145" lon="110.4389789"/>
 <node id="3197125770" visible="true" version="5" changeset="179096513" timestamp="2026-02-26T17:51:11Z" user="Lauxsin" uid="13967634" lat="-7.0497316" lon="110.4388442"/>
 <node id="3197125772" visible="true" version="4" changeset="179096513" timestamp="2026-02-26T17:51:11Z" user="Lauxsin" uid="13967634" lat="-7.0497239" lon="110.4389538"/>
 <node id="3197125773" visible="true" version="4" changeset="179096513" timestamp="2026-02-26T17:51:11Z" user="Lauxsin" uid="13967634" lat="-7.0497158" lon="110.4389256"/>
 <node id="3197125774" visible="true" version="4" changeset="179096513" timestamp="2026-02-26T17:51:11Z" user="Lauxsin" uid="13967634" lat="-7.0497407" lon="110.4389706"/>
 <node id="3197125775" visible="true" version="5" changeset="179096513" timestamp="2026-02-26T17:51:11Z" user="Lauxsin" uid="13967634" lat="-7.0497414" lon="110.4389965"/>
 <node id="3197125778" visible="true" version="4" changeset="179096513" timestamp="2026-02-26T17:51:11Z" user="Lauxsin" uid="13967634" lat="-7.0497161" lon="110.4389043"/>
 <node id="3197125779" visible="true" version="4" changeset="179096513" timestamp="2026-02-26T17:51:11Z" user="Lauxsin" uid="13967634" lat="-7.0497613" lon="110.4389743"/>
 <node id="3197125782" visible="true" version="5" changeset="179096513" timestamp="2026-02-26T17:51:11Z" user="Lauxsin" uid="13967634" lat="-7.0498125" lon="110.4386549"/>
 <node id="3197125785" visible="true" version="5" changeset="179096513" timestamp="2026-02-26T17:51:11Z" user="Lauxsin" uid="13967634" lat="-7.0498056" lon="110.4387257"/>
 <node id="3197125788" visible="true" version="4" changeset="179096513" timestamp="2026-02-26T17:51:11Z" user="Lauxsin" uid="13967634" lat="-7.0498533" lon="110.4386835"/>
 <node id="3197125791" visible="true" version="4" changeset="179096513" timestamp="2026-02-26T17:51:11Z" user="Lauxsin" uid="13967634" lat="-7.0498820" lon="110.4387404"/>
 <node id="3197125792" visible="true" version="4" changeset="179096513" timestamp="2026-02-26T17:51:11Z" user="Lauxsin" uid="13967634" lat="-7.0498819" lon="110.4387537"/>
 <node id="3197125793" visible="true" version="4" changeset="179096513" timestamp="2026-02-26T17:51:11Z" user="Lauxsin" uid="13967634" lat="-7.0499785" lon="110.4384682"/>
 <node id="3197125795" visible="true" version="4" changeset="179096513" timestamp="2026-02-26T17:51:11Z" user="Lauxsin" uid="13967634" lat="-7.0498910" lon="110.4387756"/>
 <node id="3197125796" visible="true" version="4" changeset="179096513" timestamp="2026-02-26T17:51:11Z" user="Lauxsin" uid="13967634" lat="-7.0498859" lon="110.4387245"/>
 <node id="3197125798" visible="true" version="4" changeset="179096513" timestamp="2026-02-26T17:51:11Z" user="Lauxsin" uid="13967634" lat="-7.0499036" lon="110.4388015"/>
 <node id="3197125800" visible="true" version="4" changeset="179096513" timestamp="2026-02-26T17:51:11Z" user="Lauxsin" uid="13967634" lat="-7.0498943" lon="110.4387119"/>
 <node id="3197125801" visible="true" version="4" changeset="103903155" timestamp="2021-04-30T10:07:18Z" user="Plekhanov" uid="10409550" lat="-7.0498267" lon="110.4384803"/>
 <node id="3197125803" visible="true" version="4" changeset="179096513" timestamp="2026-02-26T17:51:11Z" user="Lauxsin" uid="13967634" lat="-7.0499150" lon="110.4388270"/>
 <node id="3197125805" visible="true" version="5" changeset="103903155" timestamp="2021-04-30T10:07:18Z" user="Plekhanov" uid="10409550" lat="-7.0499368" lon="110.4382658"/>
 <node id="3197125806" visible="true" version="4" changeset="179096513" timestamp="2026-02-26T17:51:11Z" user="Lauxsin" uid="13967634" lat="-7.0499002" lon="110.4387021"/>
 <node id="3197125807" visible="true" version="4" changeset="179096513" timestamp="2026-02-26T17:51:11Z" user="Lauxsin" uid="13967634" lat="-7.0499518" lon="110.4389365"/>
 <node id="3197125811" visible="true" version="4" changeset="179096513" timestamp="2026-02-26T17:51:11Z" user="Lauxsin" uid="13967634" lat="-7.0499289" lon="110.4388205"/>
 <node id="3197125813" visible="true" version="7" changeset="179096513" timestamp="2026-02-26T17:51:11Z" user="Lauxsin" uid="13967634" lat="-7.0499679" lon="110.4389949"/>
 <node id="3197125816" visible="true" version="4" changeset="179096513" timestamp="2026-02-26T17:51:11Z" user="Lauxsin" uid="13967634" lat="-7.0499161" lon="110.4386883"/>
 <node id="3197125818" visible="true" version="4" changeset="179096513" timestamp="2026-02-26T17:51:11Z" user="Lauxsin" uid="13967634" lat="-7.0499433" lon="110.4388158"/>
 <node id="3197125819" visible="true" version="6" changeset="179096513" timestamp="2026-02-26T17:51:11Z" user="Lauxsin" uid="13967634" lat="-7.0499685" lon="110.4384484"/>
 <node id="3197125820" visible="true" version="4" changeset="179096513" timestamp="2026-02-26T17:51:11Z" user="Lauxsin" uid="13967634" lat="-7.0499399" lon="110.4386794"/>
 <node id="3197125821" visible="true" version="4" changeset="179096513" timestamp="2026-02-26T17:51:11Z" user="Lauxsin" uid="13967634" lat="-7.0499557" lon="110.4388067"/>
 <node id="3197125822" visible="true" version="4" changeset="179096513" timestamp="2026-02-26T17:51:11Z" user="Lauxsin" uid="13967634" lat="-7.0499978" lon="110.4384530"/>
 <node id="3197125824" visible="true" version="7" changeset="179096513" timestamp="2026-02-26T17:51:11Z" user="Lauxsin" uid="13967634" lat="-7.0499918" lon="110.4384258"/>
 <node id="3197125825" visible="true" version="4" changeset="179096513" timestamp="2026-02-26T17:51:11Z" user="Lauxsin" uid="13967634" lat="-7.0500210" lon="110.4384497"/>
 <node id="3197125826" visible="true" version="4" changeset="179096513" timestamp="2026-02-26T17:51:11Z" user="Lauxsin" uid="13967634" lat="-7.0499778" lon="110.4386735"/>
 <node id="3197125827" visible="true" version="4" changeset="179096513" timestamp="2026-02-26T17:51:11Z" user="Lauxsin" uid="13967634" lat="-7.0499654" lon="110.4387991"/>
 <node id="3197125828" visible="true" version="4" changeset="179096513" timestamp="2026-02-26T17:51:11Z" user="Lauxsin" uid="13967634" lat="-7.0500442" lon="110.4384538"/>
 <node id="3197125829" visible="true" version="4" changeset="179096513" timestamp="2026-02-26T17:51:11Z" user="Lauxsin" uid="13967634" lat="-7.0500118" lon="110.4386697"/>
 <node id="3197125830" visible="true" version="4" changeset="179096513" timestamp="2026-02-26T17:51:11Z" user="Lauxsin" uid="13967634" lat="-7.0499746" lon="110.4387897"/>
 <node id="3197125831" visible="true" version="6" changeset="179096513" timestamp="2026-02-26T17:51:11Z" user="Lauxsin" uid="13967634" lat="-7.0500249" lon="110.4384144"/>
 <node id="3197125832" visible="true" version="4" changeset="179096513" timestamp="2026-02-26T17:51:11Z" user="Lauxsin" uid="13967634" lat="-7.0500647" lon="110.4384726"/>
 <node id="3197125833" visible="true" version="4" changeset="179096513" timestamp="2026-02-26T17:51:11Z" user="Lauxsin" uid="13967634" lat="-7.0500100" lon="110.4387029"/>
 <node id="3197125834" visible="true" version="4" changeset="179096513" timestamp="2026-02-26T17:51:11Z" user="Lauxsin" uid="13967634" lat="-7.0499867" lon="110.4387723"/>
 <node id="3197125835" visible="true" version="4" changeset="179096513" timestamp="2026-02-26T17:51:11Z" user="Lauxsin" uid="13967634" lat="-7.0500079" lon="110.4387260"/>
 <node id="3197125836" visible="true" version="5" changeset="179096513" timestamp="2026-02-26T17:51:11Z" user="Lauxsin" uid="13967634" lat="-7.0500511" lon="110.4384234"/>
 <node id="3197125837" visible="true" version="4" changeset="179096513" timestamp="2026-02-26T17:51:11Z" user="Lauxsin" uid="13967634" lat="-7.0499934" lon="110.4387611"/>
 <node id="3197125838" visible="true" version="4" changeset="179096513" timestamp="2026-02-26T17:51:11Z" user="Lauxsin" uid="13967634" lat="-7.0500023" lon="110.4387447"/>
 <node id="3197125839" visible="true" version="4" changeset="179096513" timestamp="2026-02-26T17:51:11Z" user="Lauxsin" uid="13967634" lat="-7.0501186" lon="110.4386450"/>
 <node id="3197125840" visible="true" version="4" changeset="179096513" timestamp="2026-02-26T17:51:11Z" user="Lauxsin" uid="13967634" lat="-7.0501193" lon="110.4388958"/>
 <node id="3197125841" visible="true" version="4" changeset="179096513" timestamp="2026-02-26T17:51:11Z" user="Lauxsin" uid="13967634" lat="-7.0501516" lon="110.4388761"/>
 <node id="3197125842" visible="true" version="4" changeset="179096513" timestamp="2026-02-26T17:51:11Z" user="Lauxsin" uid="13967634" lat="-7.0501639" lon="110.4387998"/>
 <node id="3197125843" visible="true" version="4" changeset="179096513" timestamp="2026-02-26T17:51:11Z" user="Lauxsin" uid="13967634" lat="-7.0501667" lon="110.4388384"/>
 <node id="3197125844" visible="true" version="8" changeset="179096513" timestamp="2026-02-26T17:51:11Z" user="Lauxsin" uid="13967634" lat="-7.0500766" lon="110.4389703"/>
 <node id="3197125845" visible="true" version="5" changeset="118850134" timestamp="2022-03-24T07:25:13Z" user="PointeDesAlmadies" uid="10334775" lat="-7.0501970" lon="110.4389014"/>
 <node id="3197125846" visible="true" version="5" changeset="179096513" timestamp="2026-02-26T17:51:11Z" user="Lauxsin" uid="13967634" lat="-7.0500716" lon="110.4384407"/>
 <node id="3197125847" visible="true" version="5" changeset="179096513" timestamp="2026-02-26T17:51:11Z" user="Lauxsin" uid="13967634" lat="-7.0501511" lon="110.4386356"/>
 <node id="3197125848" visible="true" version="5" changeset="179096513" timestamp="2026-02-26T17:51:11Z" user="Lauxsin" uid="13967634" lat="-7.0501836" lon="110.4388162"/>
 <node id="3197153930" visible="true" version="2" changeset="102180020" timestamp="2021-04-02T09:29:36Z" user="mana_sa" uid="11585582" lat="-7.0477890" lon="110.4388721"/>
 <node id="3197153931" visible="true" version="2" changeset="102180020" timestamp="2021-04-02T09:29:36Z" user="mana_sa" uid="11585582" lat="-7.0478139" lon="110.4389864"/>
 <node id="3197153934" visible="true" version="2" changeset="102180020" timestamp="2021-04-02T09:29:36Z" user="mana_sa" uid="11585582" lat="-7.0478790" lon="110.4388109"/>
 <node id="3197153937" visible="true" version="2" changeset="102180020" timestamp="2021-04-02T09:29:36Z" user="mana_sa" uid="11585582" lat="-7.0478900" lon="110.4388507"/>
 <node id="3197153938" visible="true" version="2" changeset="102180020" timestamp="2021-04-02T09:29:36Z" user="mana_sa" uid="11585582" lat="-7.0479046" lon="110.4387202"/>
 <node id="3197153939" visible="true" version="2" changeset="102180020" timestamp="2021-04-02T09:29:36Z" user="mana_sa" uid="11585582" lat="-7.0479266" lon="110.4388013"/>
 <node id="3197153943" visible="true" version="2" changeset="102180020" timestamp="2021-04-02T09:29:36Z" user="mana_sa" uid="11585582" lat="-7.0479661" lon="110.4389517"/>
 <node id="3197153945" visible="true" version="2" changeset="102180020" timestamp="2021-04-02T09:29:36Z" user="mana_sa" uid="11585582" lat="-7.0479734" lon="110.4389812"/>
 <node id="3197153949" visible="true" version="2" changeset="102180020" timestamp="2021-04-02T09:29:36Z" user="mana_sa" uid="11585582" lat="-7.0480246" lon="110.4386951"/>
 <node id="3197153951" visible="true" version="2" changeset="102180020" timestamp="2021-04-02T09:29:36Z" user="mana_sa" uid="11585582" lat="-7.0480451" lon="110.4387733"/>
 <node id="3197153955" visible="true" version="2" changeset="102180020" timestamp="2021-04-02T09:29:36Z" user="mana_sa" uid="11585582" lat="-7.0480905" lon="110.4389178"/>
 <node id="3197153956" visible="true" version="2" changeset="102180020" timestamp="2021-04-02T09:29:36Z" user="mana_sa" uid="11585582" lat="-7.0480978" lon="110.4389517"/>
 <node id="3197153960" visible="true" version="2" changeset="102180020" timestamp="2021-04-02T09:29:36Z" user="mana_sa" uid="11585582" lat="-7.0481315" lon="110.4389090"/>
 <node id="3197170561" visible="true" version="2" changeset="102180020" timestamp="2021-04-02T09:29:36Z" user="mana_sa" uid="11585582" lat="-7.0481388" lon="110.4387585"/>
 <node id="3197170568" visible="true" version="2" changeset="102180020" timestamp="2021-04-02T09:29:36Z" user="mana_sa" uid="11585582" lat="-7.0482705" lon="110.4389842"/>
 <node id="3197170569" visible="true" version="7" changeset="85863533" timestamp="2020-05-28T04:52:49Z" user="LavenderBay" uid="10409666" lat="-7.0482550" lon="110.4366375"/>
 <node id="3197170571" visible="true" version="2" changeset="178030834" timestamp="2026-02-03T02:49:09Z" user="Haritron" uid="19161555" lat="-7.0483381" lon="110.4390335"/>
 <node id="3197170572" visible="true" version="2" changeset="102180020" timestamp="2021-04-02T09:29:36Z" user="mana_sa" uid="11585582" lat="-7.0483364" lon="110.4388647"/>
 <node id="3197170574" visible="true" version="2" changeset="178030834" timestamp="2026-02-03T02:49:09Z" user="Haritron" uid="19161555" lat="-7.0483291" lon="110.4393179"/>
 <node id="3197170575" visible="true" version="2" changeset="178030834" timestamp="2026-02-03T02:49:09Z" user="Haritron" uid="19161555" lat="-7.0483794" lon="110.4391454"/>
 <node id="3197170577" visible="true" version="2" changeset="178030834" timestamp="2026-02-03T02:49:09Z" user="Haritron" uid="19161555" lat="-7.0484173" lon="110.4392979"/>
 <node id="3197170578" visible="true" version="2" changeset="178030834" timestamp="2026-02-03T02:49:09Z" user="Haritron" uid="19161555" lat="-7.0484179" lon="110.4390799"/>
 <node id="3197170579" visible="true" version="2" changeset="178030834" timestamp="2026-02-03T02:49:09Z" user="Haritron" uid="19161555" lat="-7.0484201" lon="110.4388787"/>
 <node id="3197170580" visible="true" version="3" changeset="141713807" timestamp="2023-09-25T06:04:49Z" user="GrabID_AdninWidyaR" uid="16522926" lat="-7.0484208" lon="110.4366081">
  <tag k="access" v="no"/>
  <tag k="barrier" v="lift_gate"/>
 </node>
 <node id="3197170581" visible="true" version="2" changeset="178030834" timestamp="2026-02-03T02:49:09Z" user="Haritron" uid="19161555" lat="-7.0484403" lon="110.4391732"/>
 <node id="3197170582" visible="true" version="2" changeset="178030834" timestamp="2026-02-03T02:49:09Z" user="Haritron" uid="19161555" lat="-7.0484599" lon="110.4391424"/>
 <node id="3197170583" visible="true" version="2" changeset="178030834" timestamp="2026-02-03T02:49:09Z" user="Haritron" uid="19161555" lat="-7.0484740" lon="110.4392809"/>
 <node id="3197170584" visible="true" version="2" changeset="178030834" timestamp="2026-02-03T02:49:09Z" user="Haritron" uid="19161555" lat="-7.0484956" lon="110.4392770"/>
 <node id="3197170586" visible="true" version="2" changeset="178030834" timestamp="2026-02-03T02:49:09Z" user="Haritron" uid="19161555" lat="-7.0484959" lon="110.4399665"/>
 <node id="3197170587" visible="true" version="2" changeset="178030834" timestamp="2026-02-03T02:49:09Z" user="Haritron" uid="19161555" lat="-7.0485793" lon="110.4396174"/>
 <node id="3197170588" visible="true" version="2" changeset="178030834" timestamp="2026-02-03T02:49:09Z" user="Haritron" uid="19161555" lat="-7.0486089" lon="110.4396721"/>
 <node id="3197170591" visible="true" version="2" changeset="178030834" timestamp="2026-02-03T02:49:09Z" user="Haritron" uid="19161555" lat="-7.0486203" lon="110.4394345"/>
 <node id="3197170592" visible="true" version="2" changeset="178030834" timestamp="2026-02-03T02:49:09Z" user="Haritron" uid="19161555" lat="-7.0486228" lon="110.4392479"/>
 <node id="3197170595" visible="true" version="2" changeset="178030834" timestamp="2026-02-03T02:49:09Z" user="Haritron" uid="19161555" lat="-7.0486720" lon="110.4399228"/>
 <node id="3197170596" visible="true" version="2" changeset="178030834" timestamp="2026-02-03T02:49:09Z" user="Haritron" uid="19161555" lat="-7.0486657" lon="110.4395968"/>
 <node id="3197170597" visible="true" version="2" changeset="178030834" timestamp="2026-02-03T02:49:09Z" user="Haritron" uid="19161555" lat="-7.0486938" lon="110.4396485"/>
 <node id="3197170598" visible="true" version="2" changeset="178030834" timestamp="2026-02-03T02:49:09Z" user="Haritron" uid="19161555" lat="-7.0486847" lon="110.4394183"/>
 <node id="3197170602" visible="true" version="2" changeset="178030834" timestamp="2026-02-03T02:49:09Z" user="Haritron" uid="19161555" lat="-7.0486426" lon="110.4389963"/>
 <node id="3197170603" visible="true" version="2" changeset="178030834" timestamp="2026-02-03T02:49:09Z" user="Haritron" uid="19161555" lat="-7.0487377" lon="110.4398152"/>
 <node id="3197170608" visible="true" version="2" changeset="178030834" timestamp="2026-02-03T02:49:09Z" user="Haritron" uid="19161555" lat="-7.0487772" lon="110.4391854"/>
 <node id="3197170610" visible="true" version="2" changeset="178030834" timestamp="2026-02-03T02:49:09Z" user="Haritron" uid="19161555" lat="-7.0487815" lon="110.4389660"/>
 <node id="3197170614" visible="true" version="2" changeset="178030834" timestamp="2026-02-03T02:49:09Z" user="Haritron" uid="19161555" lat="-7.0488182" lon="110.4393565"/>
 <node id="3197170615" visible="true" version="2" changeset="178030834" timestamp="2026-02-03T02:49:09Z" user="Haritron" uid="19161555" lat="-7.0488432" lon="110.4391709"/>
 <node id="3197170620" visible="true" version="2" changeset="178030834" timestamp="2026-02-03T02:49:09Z" user="Haritron" uid="19161555" lat="-7.0489704" lon="110.4393196"/>
 <node id="3197170622" visible="true" version="2" changeset="178030834" timestamp="2026-02-03T02:49:09Z" user="Haritron" uid="19161555" lat="-7.0490026" lon="110.4394406"/>
 <node id="3197170623" visible="true" version="2" changeset="178030834" timestamp="2026-02-03T02:49:09Z" user="Haritron" uid="19161555" lat="-7.0490407" lon="110.4396057"/>
 <node id="3197170626" visible="true" version="2" changeset="178030834" timestamp="2026-02-03T02:49:09Z" user="Haritron" uid="19161555" lat="-7.0490597" lon="110.4394258"/>
 <node id="3197170627" visible="true" version="2" changeset="178030834" timestamp="2026-02-03T02:49:09Z" user="Haritron" uid="19161555" lat="-7.0490729" lon="110.4397222"/>
 <node id="3197170631" visible="true" version="2" changeset="178030834" timestamp="2026-02-03T02:49:09Z" user="Haritron" uid="19161555" lat="-7.0491036" lon="110.4395895"/>
 <node id="3197170675" visible="true" version="2" changeset="46363889" timestamp="2017-02-24T10:51:59Z" user="Nottheknight" uid="4726749" lat="-7.0494505" lon="110.4394009"/>
 <node id="3197170676" visible="true" version="3" changeset="118850134" timestamp="2022-03-24T07:25:13Z" user="PointeDesAlmadies" uid="10334775" lat="-7.0494444" lon="110.4392501"/>
 <node id="3197170691" visible="true" version="4" changeset="46453965" timestamp="2017-02-27T22:55:59Z" user="ridixcr" uid="2508151" lat="-7.0496164" lon="110.4397194"/>
 <node id="3197170697" visible="true" version="2" changeset="26947595" timestamp="2014-11-22T09:46:52Z" user="Hardian Yanuar" uid="2244847" lat="-7.0496235" lon="110.4390856"/>
 <node id="3197170698" visible="true" version="2" changeset="26947595" timestamp="2014-11-22T09:46:52Z" user="Hardian Yanuar" uid="2244847" lat="-7.0497526" lon="110.4395246"/>
 <node id="3197170699" visible="true" version="3" changeset="177911073" timestamp="2026-01-31T00:37:59Z" user="Haritron" uid="19161555" lat="-7.0498766" lon="110.4394074"/>
 <node id="3197170700" visible="true" version="2" changeset="26947595" timestamp="2014-11-22T09:46:52Z" user="Hardian Yanuar" uid="2244847" lat="-7.0499321" lon="110.4396120"/>
 <node id="3197170701" visible="true" version="4" changeset="177911073" timestamp="2026-01-31T00:37:59Z" user="Haritron" uid="19161555" lat="-7.0499325" lon="110.4395830"/>
 <node id="3197170702" visible="true" version="2" changeset="26947595" timestamp="2014-11-22T09:46:52Z" user="Hardian Yanuar" uid="2244847" lat="-7.0499815" lon="110.4398031"/>
 <node id="3197170703" visible="true" version="3" changeset="26947646" timestamp="2014-11-22T09:51:12Z" user="Hardian Yanuar" uid="2244847" lat="-7.0501968" lon="110.4389893"/>
 <node id="3197170704" visible="true" version="3" changeset="177911073" timestamp="2026-01-31T00:37:59Z" user="Haritron" uid="19161555" lat="-7.0503091" lon="110.4392783"/>
 <node id="3197170706" visible="true" version="2" changeset="26947595" timestamp="2014-11-22T09:46:52Z" user="Hardian Yanuar" uid="2244847" lat="-7.0504369" lon="110.4396829"/>
 <node id="3197170715" visible="true" version="2" changeset="26947595" timestamp="2014-11-22T09:46:52Z" user="Hardian Yanuar" uid="2244847" lat="-7.0506604" lon="110.4397869"/>
 <node id="3197170721" visible="true" version="1" changeset="26910124" timestamp="2014-11-20T15:25:55Z" user="Hardian Yanuar" uid="2244847" lat="-7.0507202" lon="110.4396713"/>
 <node id="3197170726" visible="true" version="3" changeset="26947646" timestamp="2014-11-22T09:51:12Z" user="Hardian Yanuar" uid="2244847" lat="-7.0508720" lon="110.4394074"/>
 <node id="3197170730" visible="true" version="5" changeset="177911073" timestamp="2026-01-31T00:37:59Z" user="Haritron" uid="19161555" lat="-7.0508407" lon="110.4379257"/>
 <node id="3197170733" visible="true" version="5" changeset="177911073" timestamp="2026-01-31T00:37:59Z" user="Haritron" uid="19161555" lat="-7.0509049" lon="110.4380717"/>
 <node id="3197170736" visible="true" version="5" changeset="177911073" timestamp="2026-01-31T00:37:59Z" user="Haritron" uid="19161555" lat="-7.0509546" lon="110.4383724"/>
 <node id="3197170738" visible="true" version="5" changeset="177911073" timestamp="2026-01-31T00:37:59Z" user="Haritron" uid="19161555" lat="-7.0509751" lon="110.4384092"/>
 <node id="3197170739" visible="true" version="5" changeset="177911073" timestamp="2026-01-31T00:37:59Z" user="Haritron" uid="19161555" lat="-7.0509839" lon="110.4383827"/>
 <node id="3197170740" visible="true" version="5" changeset="177911073" timestamp="2026-01-31T00:37:59Z" user="Haritron" uid="19161555" lat="-7.0509985" lon="110.4382514"/>
 <node id="3197170741" visible="true" version="5" changeset="177911073" timestamp="2026-01-31T00:37:59Z" user="Haritron" uid="19161555" lat="-7.0510014" lon="110.4382452"/>
 <node id="3197170743" visible="true" version="5" changeset="177911073" timestamp="2026-01-31T00:37:59Z" user="Haritron" uid="19161555" lat="-7.0510183" lon="110.4382519"/>
 <node id="3197170744" visible="true" version="5" changeset="177911073" timestamp="2026-01-31T00:37:59Z" user="Haritron" uid="19161555" lat="-7.0510498" lon="110.4378381"/>
 <node id="3197170745" visible="true" version="5" changeset="177911073" timestamp="2026-01-31T00:37:59Z" user="Haritron" uid="19161555" lat="-7.0510174" lon="110.4380227"/>
 <node id="3197170753" visible="true" version="5" changeset="177911073" timestamp="2026-01-31T00:37:59Z" user="Haritron" uid="19161555" lat="-7.0511709" lon="110.4391614"/>
 <node id="3197170754" visible="true" version="5" changeset="177911073" timestamp="2026-01-31T00:37:59Z" user="Haritron" uid="19161555" lat="-7.0511885" lon="110.4380696"/>
 <node id="3197170757" visible="true" version="5" changeset="177911073" timestamp="2026-01-31T00:37:59Z" user="Haritron" uid="19161555" lat="-7.0512195" lon="110.4385169"/>
 <node id="3197170758" visible="true" version="2" changeset="177911073" timestamp="2026-01-31T00:37:59Z" user="Haritron" uid="19161555" lat="-7.0512510" lon="110.4380941"/>
 <node id="3197170759" visible="true" version="5" changeset="177911073" timestamp="2026-01-31T00:37:59Z" user="Haritron" uid="19161555" lat="-7.0512526" lon="110.4379174"/>
 <node id="3197170861" visible="true" version="5" changeset="177911073" timestamp="2026-01-31T00:37:59Z" user="Haritron" uid="19161555" lat="-7.0512765" lon="110.4389632"/>
 <node id="3197170864" visible="true" version="5" changeset="177911073" timestamp="2026-01-31T00:37:59Z" user="Haritron" uid="19161555" lat="-7.0512772" lon="110.4385306"/>
 <node id="3197170866" visible="true" version="2" changeset="177911073" timestamp="2026-01-31T00:37:59Z" user="Haritron" uid="19161555" lat="-7.0513069" lon="110.4379502"/>
 <node id="3197170867" visible="true" version="5" changeset="177911073" timestamp="2026-01-31T00:37:59Z" user="Haritron" uid="19161555" lat="-7.0512839" lon="110.4383620"/>
 <node id="3197170869" visible="true" version="5" changeset="177911073" timestamp="2026-01-31T00:37:59Z" user="Haritron" uid="19161555" lat="-7.0512993" lon="110.4392406"/>
 <node id="3197170875" visible="true" version="5" changeset="177911073" timestamp="2026-01-31T00:37:59Z" user="Haritron" uid="19161555" lat="-7.0513758" lon="110.4391030"/>
 <node id="3197170877" visible="true" version="5" changeset="177911073" timestamp="2026-01-31T00:37:59Z" user="Haritron" uid="19161555" lat="-7.0513785" lon="110.4387590"/>
 <node id="3197170878" visible="true" version="5" changeset="177911073" timestamp="2026-01-31T00:37:59Z" user="Haritron" uid="19161555" lat="-7.0514159" lon="110.4384682"/>
 <node id="3197170880" visible="true" version="5" changeset="177911073" timestamp="2026-01-31T00:37:59Z" user="Haritron" uid="19161555" lat="-7.0514245" lon="110.4384878"/>
 <node id="3197170885" visible="true" version="5" changeset="177911073" timestamp="2026-01-31T00:37:59Z" user="Haritron" uid="19161555" lat="-7.0514615" lon="110.4384711"/>
 <node id="3197170886" visible="true" version="2" changeset="177911073" timestamp="2026-01-31T00:37:59Z" user="Haritron" uid="19161555" lat="-7.0515056" lon="110.4382109"/>
 <node id="3197170889" visible="true" version="5" changeset="177911073" timestamp="2026-01-31T00:37:59Z" user="Haritron" uid="19161555" lat="-7.0514963" lon="110.4386678"/>
 <node id="3197170890" visible="true" version="5" changeset="177911073" timestamp="2026-01-31T00:37:59Z" user="Haritron" uid="19161555" lat="-7.0515104" lon="110.4386996"/>
 <node id="3197170896" visible="true" version="5" changeset="177911073" timestamp="2026-01-31T00:37:59Z" user="Haritron" uid="19161555" lat="-7.0515400" lon="110.4386481"/>
 <node id="3197170897" visible="true" version="5" changeset="177911073" timestamp="2026-01-31T00:37:59Z" user="Haritron" uid="19161555" lat="-7.0515683" lon="110.4388902"/>
 <node id="3197170900" visible="true" version="2" changeset="177911073" timestamp="2026-01-31T00:37:59Z" user="Haritron" uid="19161555" lat="-7.0516153" lon="110.4384716"/>
 <node id="3197170902" visible="true" version="2" changeset="177911073" timestamp="2026-01-31T00:37:59Z" user="Haritron" uid="19161555" lat="-7.0516298" lon="110.4380921"/>
 <node id="3197170903" visible="true" version="5" changeset="177911073" timestamp="2026-01-31T00:37:59Z" user="Haritron" uid="19161555" lat="-7.0516139" lon="110.4390508"/>
 <node id="3197170905" visible="true" version="2" changeset="177911073" timestamp="2026-01-31T00:37:59Z" user="Haritron" uid="19161555" lat="-7.0517622" lon="110.4384237"/>
 <node id="3197208243" visible="true" version="6" changeset="81942730" timestamp="2020-03-09T04:52:26Z" user="EmbarcaderoPier" uid="10353513" lat="-7.0470845" lon="110.4387023"/>
 <node id="3197208260" visible="true" version="6" changeset="103901972" timestamp="2021-04-30T09:51:23Z" user="Plekhanov" uid="10409550" lat="-7.0470127" lon="110.4380076"/>
 <node id="3197208766" visible="true" version="7" changeset="103901972" timestamp="2021-04-30T09:51:23Z" user="Plekhanov" uid="10409550" lat="-7.0472542" lon="110.4391636"/>
 <node id="3197208781" visible="true" version="6" changeset="103901972" timestamp="2021-04-30T09:51:23Z" user="Plekhanov" uid="10409550" lat="-7.0472310" lon="110.4377541"/>
 <node id="3197208814" visible="true" version="6" changeset="81942730" timestamp="2020-03-09T04:52:26Z" user="EmbarcaderoPier" uid="10353513" lat="-7.0473840" lon="110.4375355"/>
 <node id="3197208815" visible="true" version="6" changeset="103901972" timestamp="2021-04-30T09:51:23Z" user="Plekhanov" uid="10409550" lat="-7.0482678" lon="110.4366678"/>
 <node id="3197208816" visible="true" version="7" changeset="85863533" timestamp="2020-05-28T04:52:49Z" user="LavenderBay" uid="10409666" lat="-7.0480032" lon="110.4360514"/>
 <node id="3197208819" visible="true" version="5" changeset="81945377" timestamp="2020-03-09T06:07:11Z" user="EmbarcaderoPier" uid="10353513" lat="-7.0476768" lon="110.4359154"/>
 <node id="3197208822" visible="true" version="6" changeset="81945377" timestamp="2020-03-09T06:07:11Z" user="EmbarcaderoPier" uid="10353513" lat="-7.0477527" lon="110.4347688"/>
 <node id="3197208824" visible="true" version="4" changeset="66693332" timestamp="2019-01-28T04:22:27Z" user="bhavyakota" uid="8967857" lat="-7.0484828" lon="110.4345810"/>
 <node id="3197208826" visible="true" version="5" changeset="57560915" timestamp="2018-03-27T09:33:23Z" user="Yudha Sidhikoro" uid="4706322" lat="-7.0506882" lon="110.4336851"/>
 <node id="3197208827" visible="true" version="8" changeset="118868949" timestamp="2022-03-24T15:04:11Z" user="PointeDesAlmadies" uid="10334775" lat="-7.0516804" lon="110.4356184"/>
 <node id="3197384917" visible="true" version="4" changeset="177911073" timestamp="2026-01-31T00:37:59Z" user="Haritron" uid="19161555" lat="-7.0494948" lon="110.4371087"/>
 <node id="3197384918" visible="true" version="4" changeset="177911073" timestamp="2026-01-31T00:37:59Z" user="Haritron" uid="19161555" lat="-7.0495333" lon="110.4372653"/>
 <node id="3197384927" visible="true" version="5" changeset="178107982" timestamp="2026-02-04T18:59:01Z" user="Haritron" uid="19161555" lat="-7.0497711" lon="110.4363166"/>
 <node id="3197384928" visible="true" version="5" changeset="178107982" timestamp="2026-02-04T18:59:01Z" user="Haritron" uid="19161555" lat="-7.0497896" lon="110.4363904"/>
 <node id="3197384929" visible="true" version="5" changeset="178107982" timestamp="2026-02-04T18:59:01Z" user="Haritron" uid="19161555" lat="-7.0498155" lon="110.4362898"/>
 <node id="3197384930" visible="true" version="5" changeset="178107982" timestamp="2026-02-04T18:59:01Z" user="Haritron" uid="19161555" lat="-7.0498196" lon="110.4363039"/>
 <node id="3197384931" visible="true" version="5" changeset="178107982" timestamp="2026-02-04T18:59:01Z" user="Haritron" uid="19161555" lat="-7.0498285" lon="110.4363826"/>
 <node id="3197384932" visible="true" version="4" changeset="57560915" timestamp="2018-03-27T09:33:24Z" user="Yudha Sidhikoro" uid="4706322" lat="-7.0498387" lon="110.4364393"/>
 <node id="3197384933" visible="true" version="5" changeset="178107982" timestamp="2026-02-04T18:59:01Z" user="Haritron" uid="19161555" lat="-7.0499037" lon="110.4362676"/>
 <node id="3197384934" visible="true" version="4" changeset="57560915" timestamp="2018-03-27T09:33:24Z" user="Yudha Sidhikoro" uid="4706322" lat="-7.0499117" lon="110.4363132"/>
 <node id="3197384935" visible="true" version="4" changeset="177911073" timestamp="2026-01-31T00:37:59Z" user="Haritron" uid="19161555" lat="-7.0499084" lon="110.4370054"/>
 <node id="3197384938" visible="true" version="4" changeset="57560915" timestamp="2018-03-27T09:33:24Z" user="Yudha Sidhikoro" uid="4706322" lat="-7.0499305" lon="110.4362512"/>
 <node id="3197384940" visible="true" version="4" changeset="57560915" timestamp="2018-03-27T09:33:24Z" user="Yudha Sidhikoro" uid="4706322" lat="-7.0499352" lon="110.4364009"/>
 <node id="3197384942" visible="true" version="4" changeset="57560915" timestamp="2018-03-27T09:33:24Z" user="Yudha Sidhikoro" uid="4706322" lat="-7.0499387" lon="110.4364227"/>
 <node id="3197384943" visible="true" version="4" changeset="57560915" timestamp="2018-03-27T09:33:24Z" user="Yudha Sidhikoro" uid="4706322" lat="-7.0499435" lon="110.4363080"/>
 <node id="3197384945" visible="true" version="4" changeset="57560915" timestamp="2018-03-27T09:33:24Z" user="Yudha Sidhikoro" uid="4706322" lat="-7.0499568" lon="110.4364062"/>
 <node id="3197384946" visible="true" version="4" changeset="177911073" timestamp="2026-01-31T00:37:59Z" user="Haritron" uid="19161555" lat="-7.0499469" lon="110.4371620"/>
 <node id="3197384948" visible="true" version="4" changeset="57560915" timestamp="2018-03-27T09:33:24Z" user="Yudha Sidhikoro" uid="4706322" lat="-7.0499618" lon="110.4363964"/>
 <node id="3197384954" visible="true" version="4" changeset="57560915" timestamp="2018-03-27T09:33:24Z" user="Yudha Sidhikoro" uid="4706322" lat="-7.0500340" lon="110.4362272"/>
 <node id="3197384956" visible="true" version="4" changeset="57560915" timestamp="2018-03-27T09:33:24Z" user="Yudha Sidhikoro" uid="4706322" lat="-7.0500386" lon="110.4362474"/>
 <node id="3197384959" visible="true" version="4" changeset="57560915" timestamp="2018-03-27T09:33:24Z" user="Yudha Sidhikoro" uid="4706322" lat="-7.0500626" lon="110.4362007"/>
 <node id="3197384967" visible="true" version="4" changeset="57560915" timestamp="2018-03-27T09:33:24Z" user="Yudha Sidhikoro" uid="4706322" lat="-7.0501746" lon="110.4362593"/>
 <node id="3197384973" visible="true" version="4" changeset="57560915" timestamp="2018-03-27T09:33:24Z" user="Yudha Sidhikoro" uid="4706322" lat="-7.0502230" lon="110.4365747"/>
 <node id="3197384974" visible="true" version="4" changeset="57560915" timestamp="2018-03-27T09:33:24Z" user="Yudha Sidhikoro" uid="4706322" lat="-7.0502249" lon="110.4361735"/>
 <node id="3197384975" visible="true" version="4" changeset="57560915" timestamp="2018-03-27T09:33:24Z" user="Yudha Sidhikoro" uid="4706322" lat="-7.0502300" lon="110.4365490"/>
 <node id="3197384976" visible="true" version="4" changeset="57560915" timestamp="2018-03-27T09:33:24Z" user="Yudha Sidhikoro" uid="4706322" lat="-7.0502403" lon="110.4362936"/>
 <node id="3197384977" visible="true" version="4" changeset="57560915" timestamp="2018-03-27T09:33:24Z" user="Yudha Sidhikoro" uid="4706322" lat="-7.0502451" lon="110.4365198"/>
 <node id="3197384978" visible="true" version="4" changeset="57560915" timestamp="2018-03-27T09:33:24Z" user="Yudha Sidhikoro" uid="4706322" lat="-7.0502503" lon="110.4365299"/>
 <node id="3197384980" visible="true" version="4" changeset="57560915" timestamp="2018-03-27T09:33:24Z" user="Yudha Sidhikoro" uid="4706322" lat="-7.0502643" lon="110.4365572"/>
 <node id="3197384982" visible="true" version="4" changeset="57560915" timestamp="2018-03-27T09:33:24Z" user="Yudha Sidhikoro" uid="4706322" lat="-7.0502665" lon="110.4366790"/>
 <node id="3197384983" visible="true" version="4" changeset="57560915" timestamp="2018-03-27T09:33:24Z" user="Yudha Sidhikoro" uid="4706322" lat="-7.0502885" lon="110.4362114"/>
 <node id="3197384988" visible="true" version="4" changeset="57560915" timestamp="2018-03-27T09:33:25Z" user="Yudha Sidhikoro" uid="4706322" lat="-7.0503296" lon="110.4366523"/>
 <node id="3197384989" visible="true" version="4" changeset="57560915" timestamp="2018-03-27T09:33:25Z" user="Yudha Sidhikoro" uid="4706322" lat="-7.0503325" lon="110.4365175"/>
 <node id="3197384990" visible="true" version="4" changeset="57560915" timestamp="2018-03-27T09:33:25Z" user="Yudha Sidhikoro" uid="4706322" lat="-7.0503359" lon="110.4363436"/>
 <node id="3197384991" visible="true" version="4" changeset="57560915" timestamp="2018-03-27T09:33:25Z" user="Yudha Sidhikoro" uid="4706322" lat="-7.0503370" lon="110.4365265"/>
 <node id="3197384992" visible="true" version="4" changeset="57560915" timestamp="2018-03-27T09:33:25Z" user="Yudha Sidhikoro" uid="4706322" lat="-7.0503385" lon="110.4363681"/>
 <node id="3197384996" visible="true" version="4" changeset="57560915" timestamp="2018-03-27T09:33:25Z" user="Yudha Sidhikoro" uid="4706322" lat="-7.0503451" lon="110.4366889"/>
 <node id="3197384999" visible="true" version="4" changeset="57560915" timestamp="2018-03-27T09:33:25Z" user="Yudha Sidhikoro" uid="4706322" lat="-7.0503771" lon="110.4365095"/>
 <node id="3197385004" visible="true" version="4" changeset="57560915" timestamp="2018-03-27T09:33:25Z" user="Yudha Sidhikoro" uid="4706322" lat="-7.0503985" lon="110.4364854"/>
 <node id="3197385006" visible="true" version="4" changeset="57560915" timestamp="2018-03-27T09:33:25Z" user="Yudha Sidhikoro" uid="4706322" lat="-7.0504169" lon="110.4366049"/>
 <node id="3197385007" visible="true" version="4" changeset="57560915" timestamp="2018-03-27T09:33:25Z" user="Yudha Sidhikoro" uid="4706322" lat="-7.0504182" lon="110.4366043"/>
 <node id="3197385010" visible="true" version="4" changeset="57560915" timestamp="2018-03-27T09:33:25Z" user="Yudha Sidhikoro" uid="4706322" lat="-7.0504373" lon="110.4366493"/>
 <node id="3197385033" visible="true" version="5" changeset="178062313" timestamp="2026-02-03T18:02:32Z" user="Haritron" uid="19161555" lat="-7.0507451" lon="110.4360172"/>
 <node id="3197385034" visible="true" version="5" changeset="177911073" timestamp="2026-01-31T00:37:59Z" user="Haritron" uid="19161555" lat="-7.0508676" lon="110.4364424"/>
 <node id="3197385036" visible="true" version="5" changeset="177911073" timestamp="2026-01-31T00:37:59Z" user="Haritron" uid="19161555" lat="-7.0508748" lon="110.4363107"/>
 <node id="3197385037" visible="true" version="5" changeset="177911073" timestamp="2026-01-31T00:37:59Z" user="Haritron" uid="19161555" lat="-7.0508875" lon="110.4366171"/>
 <node id="3197385040" visible="true" version="5" changeset="178062313" timestamp="2026-02-03T18:02:32Z" user="Haritron" uid="19161555" lat="-7.0507818" lon="110.4361634"/>
 <node id="3197385041" visible="true" version="6" changeset="177912049" timestamp="2026-01-31T01:42:45Z" user="Haritron" uid="19161555" lat="-7.0509005" lon="110.4364444"/>
 <node id="3197385051" visible="true" version="5" changeset="178062313" timestamp="2026-02-03T18:02:32Z" user="Haritron" uid="19161555" lat="-7.0510363" lon="110.4359272"/>
 <node id="3197385057" visible="true" version="5" changeset="178062313" timestamp="2026-02-03T18:02:32Z" user="Haritron" uid="19161555" lat="-7.0510801" lon="110.4360989"/>
 <node id="3197385062" visible="true" version="5" changeset="177912049" timestamp="2026-01-31T01:42:45Z" user="Haritron" uid="19161555" lat="-7.0511066" lon="110.4367125"/>
 <node id="3197385065" visible="true" version="5" changeset="177912049" timestamp="2026-01-31T01:42:45Z" user="Haritron" uid="19161555" lat="-7.0511111" lon="110.4366350"/>
 <node id="3197385072" visible="true" version="5" changeset="177912049" timestamp="2026-01-31T01:42:45Z" user="Haritron" uid="19161555" lat="-7.0513072" lon="110.4367227"/>
 <node id="3197385073" visible="true" version="5" changeset="177912049" timestamp="2026-01-31T01:42:45Z" user="Haritron" uid="19161555" lat="-7.0513117" lon="110.4366468"/>
 <node id="3197385077" visible="true" version="4" changeset="136607216" timestamp="2023-05-26T23:05:47Z" user="w_djatmiko" uid="6168168" lat="-7.0515059" lon="110.4366568"/>
 <node id="3197385078" visible="true" version="4" changeset="136607216" timestamp="2023-05-26T23:05:47Z" user="w_djatmiko" uid="6168168" lat="-7.0515103" lon="110.4364811"/>
 <node id="3197385079" visible="true" version="4" changeset="136607216" timestamp="2023-05-26T23:05:47Z" user="w_djatmiko" uid="6168168" lat="-7.0515395" lon="110.4364817"/>
 <node id="3197385080" visible="true" version="4" changeset="136607216" timestamp="2023-05-26T23:05:47Z" user="w_djatmiko" uid="6168168" lat="-7.0515425" lon="110.4363488"/>
 <node id="3197385081" visible="true" version="5" changeset="178107982" timestamp="2026-02-04T18:59:01Z" user="Haritron" uid="19161555" lat="-7.0515826" lon="110.4376719"/>
 <node id="3197385082" visible="true" version="5" changeset="178107982" timestamp="2026-02-04T18:59:01Z" user="Haritron" uid="19161555" lat="-7.0516024" lon="110.4376279"/>
 <node id="3197385083" visible="true" version="5" changeset="178107982" timestamp="2026-02-04T18:59:01Z" user="Haritron" uid="19161555" lat="-7.0516124" lon="110.4376366"/>
 <node id="3197385084" visible="true" version="5" changeset="178107982" timestamp="2026-02-04T18:59:01Z" user="Haritron" uid="19161555" lat="-7.0516136" lon="110.4369983"/>
 <node id="3197385085" visible="true" version="5" changeset="178107982" timestamp="2026-02-04T18:59:01Z" user="Haritron" uid="19161555" lat="-7.0516235" lon="110.4377251"/>
 <node id="3197385086" visible="true" version="5" changeset="178107982" timestamp="2026-02-04T18:59:01Z" user="Haritron" uid="19161555" lat="-7.0516264" lon="110.4377094"/>
 <node id="3197385087" visible="true" version="5" changeset="178107982" timestamp="2026-02-04T18:59:01Z" user="Haritron" uid="19161555" lat="-7.0516365" lon="110.4369771"/>
 <node id="3197385088" visible="true" version="5" changeset="178107982" timestamp="2026-02-04T18:59:01Z" user="Haritron" uid="19161555" lat="-7.0516367" lon="110.4369014"/>
 <node id="3197385089" visible="true" version="5" changeset="178107982" timestamp="2026-02-04T18:59:01Z" user="Haritron" uid="19161555" lat="-7.0516369" lon="110.4369777"/>
 <node id="3197385090" visible="true" version="5" changeset="178107982" timestamp="2026-02-04T18:59:01Z" user="Haritron" uid="19161555" lat="-7.0516462" lon="110.4373029"/>
 <node id="3197385091" visible="true" version="5" changeset="178107982" timestamp="2026-02-04T18:59:01Z" user="Haritron" uid="19161555" lat="-7.0516498" lon="110.4373456"/>
 <node id="3197385092" visible="true" version="5" changeset="178107982" timestamp="2026-02-04T18:59:01Z" user="Haritron" uid="19161555" lat="-7.0516560" lon="110.4376743"/>
 <node id="3197385093" visible="true" version="5" changeset="178107982" timestamp="2026-02-04T18:59:01Z" user="Haritron" uid="19161555" lat="-7.0516591" lon="110.4372620"/>
 <node id="3197385094" visible="true" version="5" changeset="178107982" timestamp="2026-02-04T18:59:01Z" user="Haritron" uid="19161555" lat="-7.0516623" lon="110.4376798"/>
 <node id="3197385095" visible="true" version="5" changeset="178107982" timestamp="2026-02-04T18:59:01Z" user="Haritron" uid="19161555" lat="-7.0516694" lon="110.4373837"/>
 <node id="3197385096" visible="true" version="5" changeset="178107982" timestamp="2026-02-04T18:59:01Z" user="Haritron" uid="19161555" lat="-7.0516770" lon="110.4369428"/>
 <node id="3197385097" visible="true" version="5" changeset="178107982" timestamp="2026-02-04T18:59:01Z" user="Haritron" uid="19161555" lat="-7.0516865" lon="110.4372292"/>
 <node id="3197385098" visible="true" version="5" changeset="178107982" timestamp="2026-02-04T18:59:01Z" user="Haritron" uid="19161555" lat="-7.0517020" lon="110.4374113"/>
 <node id="3197385099" visible="true" version="5" changeset="178107982" timestamp="2026-02-04T18:59:01Z" user="Haritron" uid="19161555" lat="-7.0517091" lon="110.4374447"/>
 <node id="3197385100" visible="true" version="5" changeset="178107982" timestamp="2026-02-04T18:59:01Z" user="Haritron" uid="19161555" lat="-7.0517100" lon="110.4368291"/>
 <node id="3197385101" visible="true" version="5" changeset="178107982" timestamp="2026-02-04T18:59:01Z" user="Haritron" uid="19161555" lat="-7.0517100" lon="110.4374139"/>
 <node id="3197385102" visible="true" version="5" changeset="178107982" timestamp="2026-02-04T18:59:01Z" user="Haritron" uid="19161555" lat="-7.0517158" lon="110.4372108"/>
 <node id="3197385103" visible="true" version="5" changeset="178107982" timestamp="2026-02-04T18:59:01Z" user="Haritron" uid="19161555" lat="-7.0517161" lon="110.4371790"/>
 <node id="3197385104" visible="true" version="5" changeset="178107982" timestamp="2026-02-04T18:59:01Z" user="Haritron" uid="19161555" lat="-7.0517220" lon="110.4374876"/>
 <node id="3197385105" visible="true" version="5" changeset="178107982" timestamp="2026-02-04T18:59:01Z" user="Haritron" uid="19161555" lat="-7.0517254" lon="110.4378138"/>
 <node id="3197385106" visible="true" version="5" changeset="178107982" timestamp="2026-02-04T18:59:01Z" user="Haritron" uid="19161555" lat="-7.0517390" lon="110.4371424"/>
 <node id="3197385107" visible="true" version="5" changeset="178107982" timestamp="2026-02-04T18:59:01Z" user="Haritron" uid="19161555" lat="-7.0517507" lon="110.4375124"/>
 <node id="3197385108" visible="true" version="5" changeset="178107982" timestamp="2026-02-04T18:59:01Z" user="Haritron" uid="19161555" lat="-7.0517556" lon="110.4368761"/>
 <node id="3197385109" visible="true" version="5" changeset="178107982" timestamp="2026-02-04T18:59:01Z" user="Haritron" uid="19161555" lat="-7.0517594" lon="110.4371243"/>
 <node id="3197385110" visible="true" version="5" changeset="178107982" timestamp="2026-02-04T18:59:01Z" user="Haritron" uid="19161555" lat="-7.0517645" lon="110.4377682"/>
 <node id="3197385111" visible="true" version="5" changeset="178107982" timestamp="2026-02-04T18:59:01Z" user="Haritron" uid="19161555" lat="-7.0517856" lon="110.4377865"/>
 <node id="3197385112" visible="true" version="5" changeset="178107982" timestamp="2026-02-04T18:59:01Z" user="Haritron" uid="19161555" lat="-7.0517858" lon="110.4374690"/>
 <node id="3197385113" visible="true" version="5" changeset="178107982" timestamp="2026-02-04T18:59:01Z" user="Haritron" uid="19161555" lat="-7.0517863" lon="110.4374468"/>
 <node id="3197385114" visible="true" version="5" changeset="178107982" timestamp="2026-02-04T18:59:01Z" user="Haritron" uid="19161555" lat="-7.0517880" lon="110.4371810"/>
 <node id="3197385115" visible="true" version="5" changeset="178107982" timestamp="2026-02-04T18:59:01Z" user="Haritron" uid="19161555" lat="-7.0517884" lon="110.4371589"/>
 <node id="3197385116" visible="true" version="5" changeset="178107982" timestamp="2026-02-04T18:59:01Z" user="Haritron" uid="19161555" lat="-7.0517906" lon="110.4368464"/>
 <node id="3197385117" visible="true" version="5" changeset="178107982" timestamp="2026-02-04T18:59:01Z" user="Haritron" uid="19161555" lat="-7.0518638" lon="110.4370997"/>
 <node id="3197385118" visible="true" version="5" changeset="178107982" timestamp="2026-02-04T18:59:01Z" user="Haritron" uid="19161555" lat="-7.0518685" lon="110.4375297"/>
 <node id="3197385119" visible="true" version="5" changeset="178107982" timestamp="2026-02-04T18:59:01Z" user="Haritron" uid="19161555" lat="-7.0518818" lon="110.4371190"/>
 <node id="3197385120" visible="true" version="5" changeset="178107982" timestamp="2026-02-04T18:59:01Z" user="Haritron" uid="19161555" lat="-7.0518837" lon="110.4375134"/>
 <node id="3197385121" visible="true" version="5" changeset="178107982" timestamp="2026-02-04T18:59:01Z" user="Haritron" uid="19161555" lat="-7.0518841" lon="110.4371835"/>
 <node id="3197385122" visible="true" version="5" changeset="178107982" timestamp="2026-02-04T18:59:01Z" user="Haritron" uid="19161555" lat="-7.0518847" lon="110.4371412"/>
 <node id="3197385123" visible="true" version="5" changeset="178107982" timestamp="2026-02-04T18:59:01Z" user="Haritron" uid="19161555" lat="-7.0518851" lon="110.4374494"/>
 <node id="3197385124" visible="true" version="5" changeset="178107982" timestamp="2026-02-04T18:59:01Z" user="Haritron" uid="19161555" lat="-7.0519036" lon="110.4376448"/>
 <node id="3197385125" visible="true" version="5" changeset="178107982" timestamp="2026-02-04T18:59:01Z" user="Haritron" uid="19161555" lat="-7.0519052" lon="110.4376461"/>
 <node id="3197385126" visible="true" version="5" changeset="178107982" timestamp="2026-02-04T18:59:01Z" user="Haritron" uid="19161555" lat="-7.0519449" lon="110.4370310"/>
 <node id="3197385127" visible="true" version="5" changeset="178107982" timestamp="2026-02-04T18:59:01Z" user="Haritron" uid="19161555" lat="-7.0519455" lon="110.4375929"/>
 <node id="3197385128" visible="true" version="5" changeset="178107982" timestamp="2026-02-04T18:59:01Z" user="Haritron" uid="19161555" lat="-7.0519823" lon="110.4374520"/>
 <node id="3197385129" visible="true" version="5" changeset="178107982" timestamp="2026-02-04T18:59:01Z" user="Haritron" uid="19161555" lat="-7.0519893" lon="110.4371863"/>
 <node id="3197415730" visible="true" version="4" changeset="177912049" timestamp="2026-01-31T01:42:45Z" user="Haritron" uid="19161555" lat="-7.0504639" lon="110.4383824"/>
 <node id="3197415731" visible="true" version="4" changeset="177912049" timestamp="2026-01-31T01:42:45Z" user="Haritron" uid="19161555" lat="-7.0505462" lon="110.4387647"/>
 <node id="3197415732" visible="true" version="4" changeset="177912049" timestamp="2026-01-31T01:42:45Z" user="Haritron" uid="19161555" lat="-7.0506461" lon="110.4383432"/>
 <node id="3197415733" visible="true" version="4" changeset="177912049" timestamp="2026-01-31T01:42:45Z" user="Haritron" uid="19161555" lat="-7.0507191" lon="110.4386652"/>
 <node id="3197415734" visible="true" version="4" changeset="177911073" timestamp="2026-01-31T00:37:59Z" user="Haritron" uid="19161555" lat="-7.0507885" lon="110.4383835"/>
 <node id="3197415735" visible="true" version="4" changeset="177911073" timestamp="2026-01-31T00:37:59Z" user="Haritron" uid="19161555" lat="-7.0508109" lon="110.4383268"/>
 <node id="3197415736" visible="true" version="4" changeset="177911073" timestamp="2026-01-31T00:37:59Z" user="Haritron" uid="19161555" lat="-7.0508324" lon="110.4383185"/>
 <node id="3197415737" visible="true" version="4" changeset="177911073" timestamp="2026-01-31T00:37:59Z" user="Haritron" uid="19161555" lat="-7.0508638" lon="110.4382374"/>
 <node id="3197415738" visible="true" version="4" changeset="177911073" timestamp="2026-01-31T00:37:59Z" user="Haritron" uid="19161555" lat="-7.0508796" lon="110.4384200"/>
 <node id="3197415739" visible="true" version="4" changeset="177911073" timestamp="2026-01-31T00:37:59Z" user="Haritron" uid="19161555" lat="-7.0509019" lon="110.4383633"/>
 <node id="3197415741" visible="true" version="4" changeset="177911073" timestamp="2026-01-31T00:37:59Z" user="Haritron" uid="19161555" lat="-7.0509131" lon="110.4383503"/>
 <node id="3197415743" visible="true" version="4" changeset="177911073" timestamp="2026-01-31T00:37:59Z" user="Haritron" uid="19161555" lat="-7.0509445" lon="110.4382692"/>
 <node id="3199700190" visible="true" version="1" changeset="26947595" timestamp="2014-11-22T09:46:52Z" user="Hardian Yanuar" uid="2244847" lat="-7.0495720" lon="110.4398854"/>
 <node id="3199700191" visible="true" version="2" changeset="118850134" timestamp="2022-03-24T07:25:13Z" user="PointeDesAlmadies" uid="10334775" lat="-7.0496314" lon="110.4399072"/>
 <node id="3199700197" visible="true" version="3" changeset="85864380" timestamp="2020-05-28T05:12:04Z" user="LavenderBay" uid="10409666" lat="-7.0496720" lon="110.4393634"/>
 <node id="3199700198" visible="true" version="2" changeset="46363889" timestamp="2017-02-24T10:51:59Z" user="Nottheknight" uid="4726749" lat="-7.0495829" lon="110.4396919"/>
 <node id="3199702154" visible="true" version="2" changeset="46279530" timestamp="2017-02-21T16:18:47Z" user="Nottheknight" uid="4726749" lat="-7.0512546" lon="110.4396187"/>
 <node id="3199702362" visible="true" version="1" changeset="26947646" timestamp="2014-11-22T09:51:12Z" user="Hardian Yanuar" uid="2244847" lat="-7.0508571" lon="110.4393981"/>
 <node id="3199702363" visible="true" version="1" changeset="26947646" timestamp="2014-11-22T09:51:12Z" user="Hardian Yanuar" uid="2244847" lat="-7.0500734" lon="110.4382876"/>
 <node id="3199702364" visible="true" version="1" changeset="26947646" timestamp="2014-11-22T09:51:12Z" user="Hardian Yanuar" uid="2244847" lat="-7.0502750" lon="110.4388720"/>
 <node id="3199702366" visible="true" version="2" changeset="57560915" timestamp="2018-03-27T09:33:26Z" user="Yudha Sidhikoro" uid="4706322" lat="-7.0517380" lon="110.4397017"/>
 <node id="3199702367" visible="true" version="3" changeset="57560915" timestamp="2018-03-27T09:33:26Z" user="Yudha Sidhikoro" uid="4706322" lat="-7.0519682" lon="110.4398112"/>
 <node id="3199702368" visible="true" version="3" changeset="57560915" timestamp="2018-03-27T09:33:26Z" user="Yudha Sidhikoro" uid="4706322" lat="-7.0523729" lon="110.4397460"/>
 <node id="3870350051" visible="true" version="1" changeset="35678288" timestamp="2015-12-01T04:05:26Z" user="DianTN" uid="3414548" lat="-7.0519397" lon="110.4385250"/>
 <node id="3923103325" visible="true" version="3" changeset="136607216" timestamp="2023-05-26T23:05:47Z" user="w_djatmiko" uid="6168168" lat="-7.0512232" lon="110.4387733"/>
 <node id="3923103326" visible="true" version="3" changeset="136607216" timestamp="2023-05-26T23:05:47Z" user="w_djatmiko" uid="6168168" lat="-7.0513270" lon="110.4387371"/>
 <node id="3923103327" visible="true" version="3" changeset="136607216" timestamp="2023-05-26T23:05:47Z" user="w_djatmiko" uid="6168168" lat="-7.0513496" lon="110.4387961"/>
 <node id="3923103328" visible="true" version="3" changeset="136607216" timestamp="2023-05-26T23:05:47Z" user="w_djatmiko" uid="6168168" lat="-7.0512418" lon="110.4388363"/>
 <node id="3933975233" visible="true" version="2" changeset="112400962" timestamp="2021-10-12T06:04:38Z" user="Okavango77" uid="9320580" lat="-7.0518105" lon="110.4388720"/>
 <node id="3933975234" visible="true" version="2" changeset="177911073" timestamp="2026-01-31T00:37:59Z" user="Haritron" uid="19161555" lat="-7.0515900" lon="110.4388672"/>
 <node id="3933975235" visible="true" version="2" changeset="177911073" timestamp="2026-01-31T00:37:59Z" user="Haritron" uid="19161555" lat="-7.0513969" lon="110.4389061"/>
 <node id="3933975236" visible="true" version="1" changeset="36446763" timestamp="2016-01-08T15:11:35Z" user="Miqdam" uid="3494991" lat="-7.0512332" lon="110.4388712"/>
 <node id="3933975237" visible="true" version="1" changeset="36446763" timestamp="2016-01-08T15:11:35Z" user="Miqdam" uid="3494991" lat="-7.0510575" lon="110.4387451"/>
 <node id="3933975238" visible="true" version="1" changeset="36446763" timestamp="2016-01-08T15:11:35Z" user="Miqdam" uid="3494991" lat="-7.0510043" lon="110.4386432"/>
 <node id="4599314906" visible="true" version="4" changeset="81945377" timestamp="2020-03-09T06:07:11Z" user="EmbarcaderoPier" uid="10353513" lat="-7.0472922" lon="110.4349780"/>
 <node id="4599314907" visible="true" version="4" changeset="81945377" timestamp="2020-03-09T06:07:11Z" user="EmbarcaderoPier" uid="10353513" lat="-7.0470865" lon="110.4355004"/>
 <node id="4697549264" visible="true" version="3" changeset="66623472" timestamp="2019-01-25T07:44:01Z" user="bhavyakota" uid="8967857" lat="-7.0471262" lon="110.4391932"/>
 <node id="4697549265" visible="true" version="3" changeset="81942730" timestamp="2020-03-09T04:52:26Z" user="EmbarcaderoPier" uid="10353513" lat="-7.0468862" lon="110.4383522"/>
 <node id="4697549266" visible="true" version="3" changeset="81942730" timestamp="2020-03-09T04:52:26Z" user="EmbarcaderoPier" uid="10353513" lat="-7.0468377" lon="110.4380833"/>
 <node id="4697549267" visible="true" version="3" changeset="81942730" timestamp="2020-03-09T04:52:26Z" user="EmbarcaderoPier" uid="10353513" lat="-7.0469228" lon="110.4378346"/>
 <node id="4697549268" visible="true" version="3" changeset="81942730" timestamp="2020-03-09T04:52:26Z" user="EmbarcaderoPier" uid="10353513" lat="-7.0470320" lon="110.4377085"/>
 <node id="4697549269" visible="true" version="3" changeset="81942730" timestamp="2020-03-09T04:52:26Z" user="EmbarcaderoPier" uid="10353513" lat="-7.0472403" lon="110.4375288"/>
 <node id="4697549270" visible="true" version="3" changeset="81942730" timestamp="2020-03-09T04:52:26Z" user="EmbarcaderoPier" uid="10353513" lat="-7.0475231" lon="110.4372921"/>
 <node id="4697549271" visible="true" version="3" changeset="85863533" timestamp="2020-05-28T04:52:49Z" user="LavenderBay" uid="10409666" lat="-7.0477176" lon="110.4370576"/>
 <node id="4697549272" visible="true" version="3" changeset="85863533" timestamp="2020-05-28T04:52:49Z" user="LavenderBay" uid="10409666" lat="-7.0479026" lon="110.4368569"/>
 <node id="4697549273" visible="true" version="2" changeset="57556559" timestamp="2018-03-27T07:00:45Z" user="Yudha Sidhikoro" uid="4706322" lat="-7.0480981" lon="110.4366486"/>
 <node id="4697549274" visible="true" version="2" changeset="57556559" timestamp="2018-03-27T07:00:45Z" user="Yudha Sidhikoro" uid="4706322" lat="-7.0482397" lon="110.4365113"/>
 <node id="4697549275" visible="true" version="6" changeset="118857240" timestamp="2022-03-24T10:13:00Z" user="PointeDesAlmadies" uid="10334775" lat="-7.0483237" lon="110.4364613"/>
 <node id="4697549276" visible="true" version="5" changeset="147120871" timestamp="2024-02-06T06:49:07Z" user="GrabID_Deira" uid="20346588" lat="-7.0483942" lon="110.4364445">
  <tag k="access" v="no"/>
  <tag k="barrier" v="lift_gate"/>
 </node>
 <node id="4697549277" visible="true" version="3" changeset="85864380" timestamp="2020-05-28T05:12:04Z" user="LavenderBay" uid="10409666" lat="-7.0492303" lon="110.4361982"/>
 <node id="4697549278" visible="true" version="5" changeset="174175859" timestamp="2025-11-04T05:27:21Z" user="martinmbaihaqi" uid="1840603" lat="-7.0499275" lon="110.4359731"/>
 <node id="4697549279" visible="true" version="3" changeset="85864380" timestamp="2020-05-28T05:12:04Z" user="LavenderBay" uid="10409666" lat="-7.0503062" lon="110.4358853"/>
 <node id="4697549280" visible="true" version="4" changeset="118854627" timestamp="2022-03-24T09:15:34Z" user="PointeDesAlmadies" uid="10334775" lat="-7.0507460" lon="110.4357585"/>
 <node id="4697549281" visible="true" version="6" changeset="118854627" timestamp="2022-03-24T09:15:34Z" user="PointeDesAlmadies" uid="10334775" lat="-7.0516182" lon="110.4355057"/>
 <node id="4697549599" visible="true" version="5" changeset="85872004" timestamp="2020-05-28T07:24:20Z" user="LavenderBay" uid="10409666" lat="-7.0504806" lon="110.4358355"/>
 <node id="4697549601" visible="true" version="2" changeset="103903155" timestamp="2021-04-30T10:07:18Z" user="Plekhanov" uid="10409550" lat="-7.0530351" lon="110.4385057"/>
 <node id="4697549644" visible="true" version="3" changeset="118848531" timestamp="2022-03-24T06:35:11Z" user="PointeDesAlmadies" uid="10334775" lat="-7.0517336" lon="110.4364780"/>
 <node id="4697549645" visible="true" version="3" changeset="118848531" timestamp="2022-03-24T06:35:11Z" user="PointeDesAlmadies" uid="10334775" lat="-7.0515905" lon="110.4366604"/>
 <node id="4697549646" visible="true" version="1" changeset="46279128" timestamp="2017-02-21T16:01:25Z" user="Nottheknight" uid="4726749" lat="-7.0514820" lon="110.4367267"/>
 <node id="4697549647" visible="true" version="2" changeset="118890964" timestamp="2022-03-25T04:47:42Z" user="PointeDesAlmadies" uid="10334775" lat="-7.0512598" lon="110.4367825"/>
 <node id="4697549648" visible="true" version="3" changeset="118890964" timestamp="2022-03-25T04:47:42Z" user="PointeDesAlmadies" uid="10334775" lat="-7.0511386" lon="110.4368106"/>
 <node id="4697549649" visible="true" version="4" changeset="118857240" timestamp="2022-03-24T10:13:00Z" user="PointeDesAlmadies" uid="10334775" lat="-7.0508232" lon="110.4368851">
  <tag k="access" v="permissive"/>
  <tag k="barrier" v="swing_gate"/>
 </node>
 <node id="4697549650" visible="true" version="3" changeset="118857240" timestamp="2022-03-24T10:13:00Z" user="PointeDesAlmadies" uid="10334775" lat="-7.0507627" lon="110.4369032"/>
 <node id="4697566045" visible="true" version="6" changeset="118854627" timestamp="2022-03-24T09:15:34Z" user="PointeDesAlmadies" uid="10334775" lat="-7.0519243" lon="110.4361035"/>
 <node id="4703299070" visible="true" version="2" changeset="103903155" timestamp="2021-04-30T10:07:18Z" user="Plekhanov" uid="10409550" lat="-7.0491489" lon="110.4386506"/>
 <node id="4703466078" visible="true" version="2" changeset="103903155" timestamp="2021-04-30T10:07:18Z" user="Plekhanov" uid="10409550" lat="-7.0527652" lon="110.4384070"/>
 <node id="4703466079" visible="true" version="1" changeset="46366535" timestamp="2017-02-24T12:54:40Z" user="Nottheknight" uid="4726749" lat="-7.0532420" lon="110.4386099"/>
 <node id="4703466080" visible="true" version="1" changeset="46366535" timestamp="2017-02-24T12:54:40Z" user="Nottheknight" uid="4726749" lat="-7.0533748" lon="110.4386919"/>
 <node id="4703466081" visible="true" version="1" changeset="46366535" timestamp="2017-02-24T12:54:40Z" user="Nottheknight" uid="4726749" lat="-7.0534691" lon="110.4388473"/>
 <node id="4703466082" visible="true" version="1" changeset="46366535" timestamp="2017-02-24T12:54:40Z" user="Nottheknight" uid="4726749" lat="-7.0535398" lon="110.4390870"/>
 <node id="4703466083" visible="true" version="1" changeset="46366535" timestamp="2017-02-24T12:54:40Z" user="Nottheknight" uid="4726749" lat="-7.0535891" lon="110.4393050"/>
 <node id="4703466189" visible="true" version="2" changeset="118850134" timestamp="2022-03-24T07:25:13Z" user="PointeDesAlmadies" uid="10334775" lat="-7.0514455" lon="110.4395586"/>
 <node id="4703466190" visible="true" version="1" changeset="46366535" timestamp="2017-02-24T12:54:40Z" user="Nottheknight" uid="4726749" lat="-7.0513869" lon="110.4396589"/>
 <node id="4703466191" visible="true" version="2" changeset="118850134" timestamp="2022-03-24T07:25:13Z" user="PointeDesAlmadies" uid="10334775" lat="-7.0510162" lon="110.4393138"/>
 <node id="4703466192" visible="true" version="1" changeset="46366535" timestamp="2017-02-24T12:54:40Z" user="Nottheknight" uid="4726749" lat="-7.0509584" lon="110.4394041"/>
 <node id="4703466193" visible="true" version="2" changeset="46453825" timestamp="2017-02-27T22:48:38Z" user="yurasi" uid="3526564" lat="-7.0505909" lon="110.4390737"/>
 <node id="4703466194" visible="true" version="1" changeset="46366535" timestamp="2017-02-24T12:54:40Z" user="Nottheknight" uid="4726749" lat="-7.0505449" lon="110.4391582"/>
 <node id="4706998535" visible="true" version="1" changeset="46421813" timestamp="2017-02-26T17:57:00Z" user="Nottheknight" uid="4726749" lat="-7.0491027" lon="110.4335534"/>
 <node id="4706998536" visible="true" version="2" changeset="85863533" timestamp="2020-05-28T04:52:49Z" user="LavenderBay" uid="10409666" lat="-7.0491023" lon="110.4336101"/>
 <node id="4706998542" visible="true" version="1" changeset="46421813" timestamp="2017-02-26T17:57:00Z" user="Nottheknight" uid="4726749" lat="-7.0468605" lon="110.4344573"/>
 <node id="4706998543" visible="true" version="2" changeset="60161749" timestamp="2018-06-25T20:40:49Z" user="gafuri" uid="1588993" lat="-7.0464522" lon="110.4345909"/>
 <node id="4706998544" visible="true" version="2" changeset="81942730" timestamp="2020-03-09T04:52:26Z" user="EmbarcaderoPier" uid="10353513" lat="-7.0461892" lon="110.4346740"/>
 <node id="4706998545" visible="true" version="1" changeset="46421813" timestamp="2017-02-26T17:57:00Z" user="Nottheknight" uid="4726749" lat="-7.0458690" lon="110.4347006"/>
 <node id="4706998546" visible="true" version="1" changeset="46421813" timestamp="2017-02-26T17:57:00Z" user="Nottheknight" uid="4726749" lat="-7.0455513" lon="110.4347186"/>
 <node id="4706998547" visible="true" version="1" changeset="46421813" timestamp="2017-02-26T17:57:00Z" user="Nottheknight" uid="4726749" lat="-7.0452945" lon="110.4347032"/>
 <node id="4706998548" visible="true" version="1" changeset="46421813" timestamp="2017-02-26T17:57:00Z" user="Nottheknight" uid="4726749" lat="-7.0449589" lon="110.4346673"/>
 <node id="4706998549" visible="true" version="1" changeset="46421813" timestamp="2017-02-26T17:57:00Z" user="Nottheknight" uid="4726749" lat="-7.0447403" lon="110.4346392"/>
 <node id="4706998550" visible="true" version="2" changeset="81942730" timestamp="2020-03-09T04:52:26Z" user="EmbarcaderoPier" uid="10353513" lat="-7.0446598" lon="110.4346109"/>
 <node id="4706998551" visible="true" version="2" changeset="81942730" timestamp="2020-03-09T04:52:26Z" user="EmbarcaderoPier" uid="10353513" lat="-7.0446475" lon="110.4345455"/>
 <node id="4706998552" visible="true" version="5" changeset="120305334" timestamp="2022-04-28T13:00:31Z" user="Escambron" uid="10653123" lat="-7.0446819" lon="110.4343780"/>
 <node id="4707838583" visible="true" version="1" changeset="46434994" timestamp="2017-02-27T08:07:20Z" user="Nottheknight" uid="4726749" lat="-7.0468447" lon="110.4344618"/>
 <node id="4707889278" visible="true" version="2" changeset="81807389" timestamp="2020-03-05T06:41:36Z" user="Absarokan" uid="10334722" lat="-7.0347210" lon="110.4323481"/>
 <node id="4707889279" visible="true" version="5" changeset="147078297" timestamp="2024-02-05T05:21:11Z" user="adianto" uid="10264725" lat="-7.0346886" lon="110.4324272"/>
 <node id="4974395525" visible="true" version="3" changeset="178107982" timestamp="2026-02-04T18:59:01Z" user="Haritron" uid="19161555" lat="-7.0485269" lon="110.4349732"/>
 <node id="4974395526" visible="true" version="3" changeset="178107982" timestamp="2026-02-04T18:59:01Z" user="Haritron" uid="19161555" lat="-7.0485561" lon="110.4350966"/>
 <node id="4974395527" visible="true" version="3" changeset="178107982" timestamp="2026-02-04T18:59:01Z" user="Haritron" uid="19161555" lat="-7.0484535" lon="110.4351222"/>
 <node id="4974395528" visible="true" version="3" changeset="178107982" timestamp="2026-02-04T18:59:01Z" user="Haritron" uid="19161555" lat="-7.0484256" lon="110.4350002"/>
 <node id="4974395529" visible="true" version="2" changeset="178107982" timestamp="2026-02-04T18:59:01Z" user="Haritron" uid="19161555" lat="-7.0483452" lon="110.4350016"/>
 <node id="4974395530" visible="true" version="2" changeset="178107982" timestamp="2026-02-04T18:59:01Z" user="Haritron" uid="19161555" lat="-7.0483691" lon="110.4351090"/>
 <node id="4974395531" visible="true" version="2" changeset="178107982" timestamp="2026-02-04T18:59:01Z" user="Haritron" uid="19161555" lat="-7.0481134" lon="110.4351805"/>
 <node id="4974395532" visible="true" version="2" changeset="178107982" timestamp="2026-02-04T18:59:01Z" user="Haritron" uid="19161555" lat="-7.0480828" lon="110.4350706"/>
 <node id="4974395533" visible="true" version="2" changeset="136607216" timestamp="2023-05-26T23:05:47Z" user="w_djatmiko" uid="6168168" lat="-7.0499296" lon="110.4352440"/>
 <node id="4974395534" visible="true" version="2" changeset="136607216" timestamp="2023-05-26T23:05:47Z" user="w_djatmiko" uid="6168168" lat="-7.0499815" lon="110.4354533"/>
 <node id="4974395535" visible="true" version="2" changeset="136607216" timestamp="2023-05-26T23:05:47Z" user="w_djatmiko" uid="6168168" lat="-7.0497438" lon="110.4355131"/>
 <node id="4974395536" visible="true" version="2" changeset="136607216" timestamp="2023-05-26T23:05:47Z" user="w_djatmiko" uid="6168168" lat="-7.0496919" lon="110.4353039"/>
 <node id="4974395537" visible="true" version="2" changeset="136607216" timestamp="2023-05-26T23:05:47Z" user="w_djatmiko" uid="6168168" lat="-7.0502350" lon="110.4349468"/>
 <node id="4974395538" visible="true" version="2" changeset="136607216" timestamp="2023-05-26T23:05:47Z" user="w_djatmiko" uid="6168168" lat="-7.0502732" lon="110.4350977"/>
 <node id="4974395539" visible="true" version="2" changeset="136607216" timestamp="2023-05-26T23:05:47Z" user="w_djatmiko" uid="6168168" lat="-7.0498007" lon="110.4352191"/>
 <node id="4974395540" visible="true" version="2" changeset="136607216" timestamp="2023-05-26T23:05:47Z" user="w_djatmiko" uid="6168168" lat="-7.0497625" lon="110.4350682"/>
 <node id="4974395541" visible="true" version="2" changeset="178107982" timestamp="2026-02-04T18:59:01Z" user="Haritron" uid="19161555" lat="-7.0501492" lon="110.4347573"/>
 <node id="4974395542" visible="true" version="2" changeset="178107982" timestamp="2026-02-04T18:59:01Z" user="Haritron" uid="19161555" lat="-7.0501742" lon="110.4348266"/>
 <node id="4974395543" visible="true" version="2" changeset="178107982" timestamp="2026-02-04T18:59:01Z" user="Haritron" uid="19161555" lat="-7.0501142" lon="110.4348485"/>
 <node id="4974395544" visible="true" version="2" changeset="178107982" timestamp="2026-02-04T18:59:01Z" user="Haritron" uid="19161555" lat="-7.0500892" lon="110.4347792"/>
 <node id="4974395545" visible="true" version="2" changeset="178107982" timestamp="2026-02-04T18:59:01Z" user="Haritron" uid="19161555" lat="-7.0502695" lon="110.4347152"/>
 <node id="4974395546" visible="true" version="2" changeset="178107982" timestamp="2026-02-04T18:59:01Z" user="Haritron" uid="19161555" lat="-7.0502815" lon="110.4347527"/>
 <node id="4974395547" visible="true" version="2" changeset="178107982" timestamp="2026-02-04T18:59:01Z" user="Haritron" uid="19161555" lat="-7.0502030" lon="110.4347782"/>
 <node id="4974395548" visible="true" version="2" changeset="178107982" timestamp="2026-02-04T18:59:01Z" user="Haritron" uid="19161555" lat="-7.0501910" lon="110.4347406"/>
 <node id="4974395553" visible="true" version="2" changeset="178107982" timestamp="2026-02-04T18:59:01Z" user="Haritron" uid="19161555" lat="-7.0503626" lon="110.4347943"/>
 <node id="4974395554" visible="true" version="2" changeset="178107982" timestamp="2026-02-04T18:59:01Z" user="Haritron" uid="19161555" lat="-7.0503854" lon="110.4348687"/>
 <node id="4974395555" visible="true" version="2" changeset="178107982" timestamp="2026-02-04T18:59:01Z" user="Haritron" uid="19161555" lat="-7.0502932" lon="110.4348974"/>
 <node id="4974395556" visible="true" version="2" changeset="178107982" timestamp="2026-02-04T18:59:01Z" user="Haritron" uid="19161555" lat="-7.0502704" lon="110.4348230"/>
 <node id="4974395557" visible="true" version="4" changeset="178107982" timestamp="2026-02-04T18:59:01Z" user="Haritron" uid="19161555" lat="-7.0503765" lon="110.4351407"/>
 <node id="4974395558" visible="true" version="4" changeset="178107982" timestamp="2026-02-04T18:59:01Z" user="Haritron" uid="19161555" lat="-7.0504091" lon="110.4352649"/>
 <node id="4974395559" visible="true" version="4" changeset="178107982" timestamp="2026-02-04T18:59:01Z" user="Haritron" uid="19161555" lat="-7.0500860" lon="110.4353509"/>
 <node id="4974395560" visible="true" version="4" changeset="178107982" timestamp="2026-02-04T18:59:01Z" user="Haritron" uid="19161555" lat="-7.0500534" lon="110.4352267"/>
 <node id="4974395561" visible="true" version="3" changeset="136607216" timestamp="2023-05-26T23:05:47Z" user="w_djatmiko" uid="6168168" lat="-7.0508155" lon="110.4354542"/>
 <node id="4974395562" visible="true" version="3" changeset="136607216" timestamp="2023-05-26T23:05:47Z" user="w_djatmiko" uid="6168168" lat="-7.0508623" lon="110.4356151"/>
 <node id="4974395563" visible="true" version="3" changeset="136607216" timestamp="2023-05-26T23:05:47Z" user="w_djatmiko" uid="6168168" lat="-7.0502663" lon="110.4357909"/>
 <node id="4974395564" visible="true" version="3" changeset="136607216" timestamp="2023-05-26T23:05:47Z" user="w_djatmiko" uid="6168168" lat="-7.0502196" lon="110.4356300"/>
 <node id="4974395565" visible="true" version="3" changeset="178107982" timestamp="2026-02-04T18:59:01Z" user="Haritron" uid="19161555" lat="-7.0506707" lon="110.4352376"/>
 <node id="4974395566" visible="true" version="3" changeset="178107982" timestamp="2026-02-04T18:59:01Z" user="Haritron" uid="19161555" lat="-7.0507080" lon="110.4353824"/>
 <node id="4974395567" visible="true" version="3" changeset="178107982" timestamp="2026-02-04T18:59:01Z" user="Haritron" uid="19161555" lat="-7.0503800" lon="110.4354662"/>
 <node id="4974395568" visible="true" version="3" changeset="178107982" timestamp="2026-02-04T18:59:01Z" user="Haritron" uid="19161555" lat="-7.0503427" lon="110.4353214"/>
 <node id="4974395569" visible="true" version="1" changeset="50338531" timestamp="2017-07-17T02:54:12Z" user="trindahutami" uid="6144739" lat="-7.0509844" lon="110.4348721"/>
 <node id="4974395570" visible="true" version="1" changeset="50338531" timestamp="2017-07-17T02:54:12Z" user="trindahutami" uid="6144739" lat="-7.0510456" lon="110.4351377"/>
 <node id="4974395571" visible="true" version="1" changeset="50338531" timestamp="2017-07-17T02:54:12Z" user="trindahutami" uid="6144739" lat="-7.0509257" lon="110.4351658"/>
 <node id="4974395572" visible="true" version="1" changeset="50338531" timestamp="2017-07-17T02:54:12Z" user="trindahutami" uid="6144739" lat="-7.0508645" lon="110.4349002"/>
 <node id="4974395575" visible="true" version="2" changeset="57560915" timestamp="2018-03-27T09:33:27Z" user="Yudha Sidhikoro" uid="4706322" lat="-7.0506888" lon="110.4351309"/>
 <node id="4974395576" visible="true" version="2" changeset="57560915" timestamp="2018-03-27T09:33:27Z" user="Yudha Sidhikoro" uid="4706322" lat="-7.0506622" lon="110.4350075"/>
 <node id="4974395577" visible="true" version="3" changeset="177912049" timestamp="2026-01-31T01:42:45Z" user="Haritron" uid="19161555" lat="-7.0513040" lon="110.4351237"/>
 <node id="4974395578" visible="true" version="3" changeset="177912049" timestamp="2026-01-31T01:42:45Z" user="Haritron" uid="19161555" lat="-7.0513719" lon="110.4354107"/>
 <node id="4974395579" visible="true" version="3" changeset="177912049" timestamp="2026-01-31T01:42:45Z" user="Haritron" uid="19161555" lat="-7.0512558" lon="110.4354367"/>
 <node id="4974395580" visible="true" version="3" changeset="177912049" timestamp="2026-01-31T01:42:45Z" user="Haritron" uid="19161555" lat="-7.0511879" lon="110.4351497"/>
 <node id="4974395581" visible="true" version="3" changeset="177912049" timestamp="2026-01-31T01:42:45Z" user="Haritron" uid="19161555" lat="-7.0511680" lon="110.4351592"/>
 <node id="4974395582" visible="true" version="3" changeset="177912049" timestamp="2026-01-31T01:42:45Z" user="Haritron" uid="19161555" lat="-7.0512305" lon="110.4354489"/>
 <node id="4974395583" visible="true" version="3" changeset="177912049" timestamp="2026-01-31T01:42:45Z" user="Haritron" uid="19161555" lat="-7.0511154" lon="110.4354742"/>
 <node id="4974395584" visible="true" version="3" changeset="177912049" timestamp="2026-01-31T01:42:45Z" user="Haritron" uid="19161555" lat="-7.0510528" lon="110.4351846"/>
 <node id="5319925887" visible="true" version="4" changeset="103903155" timestamp="2021-04-30T10:07:18Z" user="Plekhanov" uid="10409550" lat="-7.0491509" lon="110.4385373"/>
 <node id="5319925889" visible="true" version="3" changeset="57595236" timestamp="2018-03-28T10:18:47Z" user="MuhammadRidwanAdetyaSaputra" uid="7573582" lat="-7.0495244" lon="110.4381149"/>
 <node id="5356057083" visible="true" version="2" changeset="103903155" timestamp="2021-04-30T10:07:18Z" user="Plekhanov" uid="10409550" lat="-7.0497403" lon="110.4386171"/>
 <node id="5391558972" visible="true" version="1" changeset="56104471" timestamp="2018-02-06T04:07:42Z" user="MuhammadRidwanAdetyaSaputra" uid="7573582" lat="-7.0484349" lon="110.4334576"/>
 <node id="5391558973" visible="true" version="1" changeset="56104471" timestamp="2018-02-06T04:07:42Z" user="MuhammadRidwanAdetyaSaputra" uid="7573582" lat="-7.0484615" lon="110.4335502"/>
 <node id="5391558974" visible="true" version="1" changeset="56104471" timestamp="2018-02-06T04:07:42Z" user="MuhammadRidwanAdetyaSaputra" uid="7573582" lat="-7.0483333" lon="110.4335876"/>
 <node id="5391558975" visible="true" version="1" changeset="56104471" timestamp="2018-02-06T04:07:42Z" user="MuhammadRidwanAdetyaSaputra" uid="7573582" lat="-7.0483067" lon="110.4334951"/>
 <node id="5391558976" visible="true" version="1" changeset="56104471" timestamp="2018-02-06T04:07:42Z" user="MuhammadRidwanAdetyaSaputra" uid="7573582" lat="-7.0482890" lon="110.4334963"/>
 <node id="5391558977" visible="true" version="1" changeset="56104471" timestamp="2018-02-06T04:07:42Z" user="MuhammadRidwanAdetyaSaputra" uid="7573582" lat="-7.0483117" lon="110.4335862"/>
 <node id="5391558978" visible="true" version="1" changeset="56104471" timestamp="2018-02-06T04:07:42Z" user="MuhammadRidwanAdetyaSaputra" uid="7573582" lat="-7.0482641" lon="110.4335983"/>
 <node id="5391558979" visible="true" version="1" changeset="56104471" timestamp="2018-02-06T04:07:42Z" user="MuhammadRidwanAdetyaSaputra" uid="7573582" lat="-7.0482415" lon="110.4335085"/>
 <node id="5391558984" visible="true" version="1" changeset="56104471" timestamp="2018-02-06T04:07:42Z" user="MuhammadRidwanAdetyaSaputra" uid="7573582" lat="-7.0482225" lon="110.4335121"/>
 <node id="5391558985" visible="true" version="1" changeset="56104471" timestamp="2018-02-06T04:07:42Z" user="MuhammadRidwanAdetyaSaputra" uid="7573582" lat="-7.0482425" lon="110.4336020"/>
 <node id="5391558986" visible="true" version="1" changeset="56104471" timestamp="2018-02-06T04:07:42Z" user="MuhammadRidwanAdetyaSaputra" uid="7573582" lat="-7.0481696" lon="110.4336184"/>
 <node id="5391558987" visible="true" version="1" changeset="56104471" timestamp="2018-02-06T04:07:42Z" user="MuhammadRidwanAdetyaSaputra" uid="7573582" lat="-7.0481497" lon="110.4335286"/>
 <node id="5391558992" visible="true" version="1" changeset="56104471" timestamp="2018-02-06T04:07:42Z" user="MuhammadRidwanAdetyaSaputra" uid="7573582" lat="-7.0483883" lon="110.4335964"/>
 <node id="5391558993" visible="true" version="1" changeset="56104471" timestamp="2018-02-06T04:07:42Z" user="MuhammadRidwanAdetyaSaputra" uid="7573582" lat="-7.0484163" lon="110.4337064"/>
 <node id="5391558994" visible="true" version="1" changeset="56104471" timestamp="2018-02-06T04:07:42Z" user="MuhammadRidwanAdetyaSaputra" uid="7573582" lat="-7.0483466" lon="110.4337244"/>
 <node id="5391558995" visible="true" version="1" changeset="56104471" timestamp="2018-02-06T04:07:42Z" user="MuhammadRidwanAdetyaSaputra" uid="7573582" lat="-7.0483187" lon="110.4336144"/>
 <node id="5391558996" visible="true" version="1" changeset="56104471" timestamp="2018-02-06T04:07:42Z" user="MuhammadRidwanAdetyaSaputra" uid="7573582" lat="-7.0486545" lon="110.4335322"/>
 <node id="5391558997" visible="true" version="1" changeset="56104471" timestamp="2018-02-06T04:07:42Z" user="MuhammadRidwanAdetyaSaputra" uid="7573582" lat="-7.0486852" lon="110.4336462"/>
 <node id="5391558998" visible="true" version="1" changeset="56104471" timestamp="2018-02-06T04:07:42Z" user="MuhammadRidwanAdetyaSaputra" uid="7573582" lat="-7.0486048" lon="110.4336681"/>
 <node id="5391558999" visible="true" version="1" changeset="56104471" timestamp="2018-02-06T04:07:42Z" user="MuhammadRidwanAdetyaSaputra" uid="7573582" lat="-7.0485742" lon="110.4335541"/>
 <node id="5391559000" visible="true" version="1" changeset="56104471" timestamp="2018-02-06T04:07:42Z" user="MuhammadRidwanAdetyaSaputra" uid="7573582" lat="-7.0485583" lon="110.4335579"/>
 <node id="5391559001" visible="true" version="1" changeset="56104471" timestamp="2018-02-06T04:07:42Z" user="MuhammadRidwanAdetyaSaputra" uid="7573582" lat="-7.0485849" lon="110.4336599"/>
 <node id="5391559002" visible="true" version="1" changeset="56104471" timestamp="2018-02-06T04:07:42Z" user="MuhammadRidwanAdetyaSaputra" uid="7573582" lat="-7.0485237" lon="110.4336761"/>
 <node id="5391559003" visible="true" version="1" changeset="56104471" timestamp="2018-02-06T04:07:42Z" user="MuhammadRidwanAdetyaSaputra" uid="7573582" lat="-7.0484970" lon="110.4335742"/>
 <node id="5391559004" visible="true" version="1" changeset="56104471" timestamp="2018-02-06T04:07:42Z" user="MuhammadRidwanAdetyaSaputra" uid="7573582" lat="-7.0484786" lon="110.4335762"/>
 <node id="5391559005" visible="true" version="1" changeset="56104471" timestamp="2018-02-06T04:07:42Z" user="MuhammadRidwanAdetyaSaputra" uid="7573582" lat="-7.0485105" lon="110.4337009"/>
 <node id="5391559006" visible="true" version="1" changeset="56104471" timestamp="2018-02-06T04:07:42Z" user="MuhammadRidwanAdetyaSaputra" uid="7573582" lat="-7.0484358" lon="110.4337204"/>
 <node id="5391559007" visible="true" version="1" changeset="56104471" timestamp="2018-02-06T04:07:42Z" user="MuhammadRidwanAdetyaSaputra" uid="7573582" lat="-7.0484039" lon="110.4335956"/>
 <node id="5391559008" visible="true" version="1" changeset="56104471" timestamp="2018-02-06T04:07:42Z" user="MuhammadRidwanAdetyaSaputra" uid="7573582" lat="-7.0482900" lon="110.4336137"/>
 <node id="5391559009" visible="true" version="1" changeset="56104471" timestamp="2018-02-06T04:07:42Z" user="MuhammadRidwanAdetyaSaputra" uid="7573582" lat="-7.0483087" lon="110.4337143"/>
 <node id="5391559010" visible="true" version="1" changeset="56104471" timestamp="2018-02-06T04:07:42Z" user="MuhammadRidwanAdetyaSaputra" uid="7573582" lat="-7.0481909" lon="110.4337365"/>
 <node id="5391559011" visible="true" version="1" changeset="56104471" timestamp="2018-02-06T04:07:42Z" user="MuhammadRidwanAdetyaSaputra" uid="7573582" lat="-7.0481723" lon="110.4336359"/>
 <node id="5391559056" visible="true" version="1" changeset="56104471" timestamp="2018-02-06T04:07:43Z" user="MuhammadRidwanAdetyaSaputra" uid="7573582" lat="-7.0483247" lon="110.4338259"/>
 <node id="5391559057" visible="true" version="1" changeset="56104471" timestamp="2018-02-06T04:07:43Z" user="MuhammadRidwanAdetyaSaputra" uid="7573582" lat="-7.0483440" lon="110.4339217"/>
 <node id="5391559058" visible="true" version="1" changeset="56104471" timestamp="2018-02-06T04:07:43Z" user="MuhammadRidwanAdetyaSaputra" uid="7573582" lat="-7.0482531" lon="110.4339403"/>
 <node id="5391559059" visible="true" version="1" changeset="56104471" timestamp="2018-02-06T04:07:43Z" user="MuhammadRidwanAdetyaSaputra" uid="7573582" lat="-7.0482338" lon="110.4338444"/>
 <node id="5391559060" visible="true" version="1" changeset="56104471" timestamp="2018-02-06T04:07:43Z" user="MuhammadRidwanAdetyaSaputra" uid="7573582" lat="-7.0482203" lon="110.4338591"/>
 <node id="5391559061" visible="true" version="1" changeset="56104471" timestamp="2018-02-06T04:07:43Z" user="MuhammadRidwanAdetyaSaputra" uid="7573582" lat="-7.0482509" lon="110.4339898"/>
 <node id="5391559062" visible="true" version="1" changeset="56104471" timestamp="2018-02-06T04:07:43Z" user="MuhammadRidwanAdetyaSaputra" uid="7573582" lat="-7.0480136" lon="110.4340462"/>
 <node id="5391559063" visible="true" version="1" changeset="56104471" timestamp="2018-02-06T04:07:43Z" user="MuhammadRidwanAdetyaSaputra" uid="7573582" lat="-7.0479829" lon="110.4339155"/>
 <node id="5391560628" visible="true" version="1" changeset="56104471" timestamp="2018-02-06T04:07:56Z" user="MuhammadRidwanAdetyaSaputra" uid="7573582" lat="-7.0521107" lon="110.4339929"/>
 <node id="5391560629" visible="true" version="1" changeset="56104471" timestamp="2018-02-06T04:07:56Z" user="MuhammadRidwanAdetyaSaputra" uid="7573582" lat="-7.0521214" lon="110.4341458"/>
 <node id="5391560630" visible="true" version="1" changeset="56104471" timestamp="2018-02-06T04:07:56Z" user="MuhammadRidwanAdetyaSaputra" uid="7573582" lat="-7.0518269" lon="110.4341666"/>
 <node id="5391560631" visible="true" version="1" changeset="56104471" timestamp="2018-02-06T04:07:56Z" user="MuhammadRidwanAdetyaSaputra" uid="7573582" lat="-7.0518163" lon="110.4340137"/>
 <node id="5391560632" visible="true" version="2" changeset="57556559" timestamp="2018-03-27T07:01:24Z" user="Yudha Sidhikoro" uid="4706322" lat="-7.0514067" lon="110.4334794"/>
 <node id="5391560633" visible="true" version="2" changeset="57556559" timestamp="2018-03-27T07:01:24Z" user="Yudha Sidhikoro" uid="4706322" lat="-7.0513203" lon="110.4334806"/>
 <node id="5391560634" visible="true" version="2" changeset="57556559" timestamp="2018-03-27T07:01:24Z" user="Yudha Sidhikoro" uid="4706322" lat="-7.0513192" lon="110.4334020"/>
 <node id="5391560635" visible="true" version="2" changeset="57556559" timestamp="2018-03-27T07:01:24Z" user="Yudha Sidhikoro" uid="4706322" lat="-7.0511125" lon="110.4334050"/>
 <node id="5391560636" visible="true" version="2" changeset="57556559" timestamp="2018-03-27T07:01:24Z" user="Yudha Sidhikoro" uid="4706322" lat="-7.0511201" lon="110.4339510"/>
 <node id="5391560637" visible="true" version="2" changeset="57556559" timestamp="2018-03-27T07:01:24Z" user="Yudha Sidhikoro" uid="4706322" lat="-7.0513430" lon="110.4339478"/>
 <node id="5391560638" visible="true" version="2" changeset="57556559" timestamp="2018-03-27T07:01:24Z" user="Yudha Sidhikoro" uid="4706322" lat="-7.0513420" lon="110.4338720"/>
 <node id="5391560639" visible="true" version="2" changeset="57556559" timestamp="2018-03-27T07:01:24Z" user="Yudha Sidhikoro" uid="4706322" lat="-7.0513913" lon="110.4338713"/>
 <node id="5391560640" visible="true" version="2" changeset="57556559" timestamp="2018-03-27T07:01:24Z" user="Yudha Sidhikoro" uid="4706322" lat="-7.0513921" lon="110.4339255"/>
 <node id="5391560641" visible="true" version="2" changeset="57556559" timestamp="2018-03-27T07:01:24Z" user="Yudha Sidhikoro" uid="4706322" lat="-7.0516213" lon="110.4339223"/>
 <node id="5391560642" visible="true" version="2" changeset="57556559" timestamp="2018-03-27T07:01:24Z" user="Yudha Sidhikoro" uid="4706322" lat="-7.0516140" lon="110.4334025"/>
 <node id="5391560643" visible="true" version="2" changeset="57556559" timestamp="2018-03-27T07:01:24Z" user="Yudha Sidhikoro" uid="4706322" lat="-7.0515207" lon="110.4334038"/>
 <node id="5391560644" visible="true" version="2" changeset="57556559" timestamp="2018-03-27T07:01:24Z" user="Yudha Sidhikoro" uid="4706322" lat="-7.0515197" lon="110.4333299"/>
 <node id="5391560645" visible="true" version="2" changeset="57556559" timestamp="2018-03-27T07:01:24Z" user="Yudha Sidhikoro" uid="4706322" lat="-7.0514047" lon="110.4333315"/>
 <node id="5391560650" visible="true" version="3" changeset="178107982" timestamp="2026-02-04T18:59:01Z" user="Haritron" uid="19161555" lat="-7.0506279" lon="110.4345156"/>
 <node id="5391560651" visible="true" version="3" changeset="178107982" timestamp="2026-02-04T18:59:01Z" user="Haritron" uid="19161555" lat="-7.0508169" lon="110.4344217"/>
 <node id="5391560652" visible="true" version="3" changeset="178107982" timestamp="2026-02-04T18:59:01Z" user="Haritron" uid="19161555" lat="-7.0505642" lon="110.4339051"/>
 <node id="5391560653" visible="true" version="3" changeset="178107982" timestamp="2026-02-04T18:59:01Z" user="Haritron" uid="19161555" lat="-7.0503752" lon="110.4339990"/>
 <node id="5411824285" visible="true" version="4" changeset="138860511" timestamp="2023-07-22T15:57:16Z" user="Farras" uid="136807" lat="-6.9933314" lon="110.4455795">
  <tag k="addr:city" v="Semarang"/>
  <tag k="addr:full" v="Jalan Padepokan Ganesha 1"/>
  <tag k="operator" v="PT Perusahaan Listrik Negara"/>
  <tag k="power" v="tower"/>
  <tag k="source" v="HOT_InAWARESurvey_2018"/>
 </node>
 <node id="5428354177" visible="true" version="4" changeset="138860511" timestamp="2023-07-22T15:57:16Z" user="Farras" uid="136807" lat="-7.0304231" lon="110.3993851">
  <tag k="addr:city" v="Semarang"/>
  <tag k="operator" v="PT Perusahaan Listrik Negara"/>
  <tag k="power" v="tower"/>
  <tag k="source" v="HOT_InAWARESurvey_2018"/>
 </node>
 <node id="5428721686" visible="true" version="5" changeset="138860511" timestamp="2023-07-22T15:57:16Z" user="Farras" uid="136807" lat="-6.9939357" lon="110.4478848">
  <tag k="addr:city" v="Semarang"/>
  <tag k="addr:full" v="Jalan Kijang Utara 3"/>
  <tag k="operator" v="PT Perusahaan Listrik Negara"/>
  <tag k="power" v="tower"/>
  <tag k="source" v="HOT_InAWARESurvey_2018"/>
 </node>
 <node id="5428721688" visible="true" version="5" changeset="138860511" timestamp="2023-07-22T15:57:16Z" user="Farras" uid="136807" lat="-6.9989141" lon="110.4488611">
  <tag k="addr:city" v="Semarang"/>
  <tag k="addr:full" v="Jalan Slamet Riyadi No. 10"/>
  <tag k="operator" v="PT Perusahaan Listrik Negara"/>
  <tag k="power" v="tower"/>
  <tag k="source" v="HOT_InAWARESurvey_2018"/>
 </node>
 <node id="5444922421" visible="true" version="2" changeset="85863533" timestamp="2020-05-28T04:52:49Z" user="LavenderBay" uid="10409666" lat="-7.0490730" lon="110.4336785"/>
 <node id="5444922422" visible="true" version="2" changeset="85863533" timestamp="2020-05-28T04:52:49Z" user="LavenderBay" uid="10409666" lat="-7.0489798" lon="110.4337274"/>
 <node id="5444922423" visible="true" version="1" changeset="56782302" timestamp="2018-03-01T09:19:19Z" user="MuhammadRidwanAdetyaSaputra" uid="7573582" lat="-7.0489358" lon="110.4336697"/>
 <node id="5444922424" visible="true" version="1" changeset="56782302" timestamp="2018-03-01T09:19:19Z" user="MuhammadRidwanAdetyaSaputra" uid="7573582" lat="-7.0490449" lon="110.4336556"/>
 <node id="5444922425" visible="true" version="1" changeset="56782302" timestamp="2018-03-01T09:19:19Z" user="MuhammadRidwanAdetyaSaputra" uid="7573582" lat="-7.0490323" lon="110.4335557"/>
 <node id="5444922426" visible="true" version="1" changeset="56782302" timestamp="2018-03-01T09:19:19Z" user="MuhammadRidwanAdetyaSaputra" uid="7573582" lat="-7.0489231" lon="110.4335698"/>
 <node id="5444922427" visible="true" version="1" changeset="56782302" timestamp="2018-03-01T09:19:19Z" user="MuhammadRidwanAdetyaSaputra" uid="7573582" lat="-7.0490015" lon="110.4334633"/>
 <node id="5444922428" visible="true" version="1" changeset="56782302" timestamp="2018-03-01T09:19:19Z" user="MuhammadRidwanAdetyaSaputra" uid="7573582" lat="-7.0490102" lon="110.4335545"/>
 <node id="5444922429" visible="true" version="1" changeset="56782302" timestamp="2018-03-01T09:19:19Z" user="MuhammadRidwanAdetyaSaputra" uid="7573582" lat="-7.0489205" lon="110.4335631"/>
 <node id="5444922430" visible="true" version="1" changeset="56782302" timestamp="2018-03-01T09:19:19Z" user="MuhammadRidwanAdetyaSaputra" uid="7573582" lat="-7.0489118" lon="110.4334719"/>
 <node id="5444922435" visible="true" version="1" changeset="56782302" timestamp="2018-03-01T09:19:19Z" user="MuhammadRidwanAdetyaSaputra" uid="7573582" lat="-7.0487465" lon="110.4337231"/>
 <node id="5444922436" visible="true" version="1" changeset="56782302" timestamp="2018-03-01T09:19:19Z" user="MuhammadRidwanAdetyaSaputra" uid="7573582" lat="-7.0488676" lon="110.4337265"/>
 <node id="5444922437" visible="true" version="1" changeset="56782302" timestamp="2018-03-01T09:19:19Z" user="MuhammadRidwanAdetyaSaputra" uid="7573582" lat="-7.0488695" lon="110.4336543"/>
 <node id="5444922438" visible="true" version="1" changeset="56782302" timestamp="2018-03-01T09:19:19Z" user="MuhammadRidwanAdetyaSaputra" uid="7573582" lat="-7.0487484" lon="110.4336510"/>
 <node id="5444922439" visible="true" version="1" changeset="56782302" timestamp="2018-03-01T09:19:19Z" user="MuhammadRidwanAdetyaSaputra" uid="7573582" lat="-7.0487811" lon="110.4336460"/>
 <node id="5444922440" visible="true" version="1" changeset="56782302" timestamp="2018-03-01T09:19:19Z" user="MuhammadRidwanAdetyaSaputra" uid="7573582" lat="-7.0488696" lon="110.4336420"/>
 <node id="5444922441" visible="true" version="1" changeset="56782302" timestamp="2018-03-01T09:19:19Z" user="MuhammadRidwanAdetyaSaputra" uid="7573582" lat="-7.0488675" lon="110.4335953"/>
 <node id="5444922442" visible="true" version="1" changeset="56782302" timestamp="2018-03-01T09:19:19Z" user="MuhammadRidwanAdetyaSaputra" uid="7573582" lat="-7.0487790" lon="110.4335993"/>
 <node id="5444922443" visible="true" version="1" changeset="56782302" timestamp="2018-03-01T09:19:19Z" user="MuhammadRidwanAdetyaSaputra" uid="7573582" lat="-7.0488315" lon="110.4333967"/>
 <node id="5444922444" visible="true" version="1" changeset="56782302" timestamp="2018-03-01T09:19:19Z" user="MuhammadRidwanAdetyaSaputra" uid="7573582" lat="-7.0488474" lon="110.4334898"/>
 <node id="5444922445" visible="true" version="1" changeset="56782302" timestamp="2018-03-01T09:19:19Z" user="MuhammadRidwanAdetyaSaputra" uid="7573582" lat="-7.0487633" lon="110.4335026"/>
 <node id="5444922446" visible="true" version="1" changeset="56782302" timestamp="2018-03-01T09:19:19Z" user="MuhammadRidwanAdetyaSaputra" uid="7573582" lat="-7.0487615" lon="110.4335029"/>
 <node id="5444922447" visible="true" version="1" changeset="56782302" timestamp="2018-03-01T09:19:19Z" user="MuhammadRidwanAdetyaSaputra" uid="7573582" lat="-7.0488932" lon="110.4334828"/>
 <node id="5444922448" visible="true" version="1" changeset="56782302" timestamp="2018-03-01T09:19:19Z" user="MuhammadRidwanAdetyaSaputra" uid="7573582" lat="-7.0488792" lon="110.4333894"/>
 <node id="5444922449" visible="true" version="1" changeset="56782302" timestamp="2018-03-01T09:19:19Z" user="MuhammadRidwanAdetyaSaputra" uid="7573582" lat="-7.0488312" lon="110.4333951"/>
 <node id="5444922450" visible="true" version="1" changeset="56782302" timestamp="2018-03-01T09:19:19Z" user="MuhammadRidwanAdetyaSaputra" uid="7573582" lat="-7.0488619" lon="110.4335748"/>
 <node id="5444922451" visible="true" version="1" changeset="56782302" timestamp="2018-03-01T09:19:19Z" user="MuhammadRidwanAdetyaSaputra" uid="7573582" lat="-7.0487780" lon="110.4335893"/>
 <node id="5444922452" visible="true" version="1" changeset="56782302" timestamp="2018-03-01T09:19:19Z" user="MuhammadRidwanAdetyaSaputra" uid="7573582" lat="-7.0487474" lon="110.4334096"/>
 <node id="5481778590" visible="true" version="4" changeset="138860511" timestamp="2023-07-22T15:57:16Z" user="Farras" uid="136807" lat="-7.0081521" lon="110.4472978">
  <tag k="power" v="tower"/>
 </node>
 <node id="5481778595" visible="true" version="4" changeset="138860511" timestamp="2023-07-22T15:57:16Z" user="Farras" uid="136807" lat="-7.0278356" lon="110.3963944">
  <tag k="power" v="tower"/>
 </node>
 <node id="5481781591" visible="true" version="5" changeset="173588610" timestamp="2025-10-21T15:23:22Z" user="DaeiDalus" uid="21437263" lat="-7.0056974" lon="110.4474986">
  <tag k="addr:city" v="Semarang"/>
  <tag k="addr:full" v="Jalan Lamper Tengah XV"/>
  <tag k="operator" v="Perusahaan Listrik Negara"/>
  <tag k="operator:short" v="PLN"/>
  <tag k="operator:wikidata" v="Q4201636"/>
  <tag k="power" v="tower"/>
  <tag k="source" v="HOT_InAWARESurvey_2018"/>
 </node>
 <node id="5481781592" visible="true" version="6" changeset="173588560" timestamp="2025-10-21T15:22:28Z" user="DaeiDalus" uid="21437263" lat="-7.0044206" lon="110.4484086">
  <tag k="addr:city" v="Semarang"/>
  <tag k="addr:full" v="Jalan Lamper Tengah XII"/>
  <tag k="operator" v="Perusahaan Listrik Negara"/>
  <tag k="operator:short" v="PLN"/>
  <tag k="operator:wikidata" v="Q4201636"/>
  <tag k="power" v="tower"/>
  <tag k="source" v="HOT_InAWARESurvey_2018"/>
 </node>
 <node id="5482346311" visible="true" version="5" changeset="138860511" timestamp="2023-07-22T15:57:16Z" user="Farras" uid="136807" lat="-7.0119655" lon="110.4461627">
  <tag k="power" v="tower"/>
 </node>
 <node id="5488289539" visible="true" version="3" changeset="138860511" timestamp="2023-07-22T15:57:16Z" user="Farras" uid="136807" lat="-7.0172352" lon="110.4445749">
  <tag k="power" v="tower"/>
 </node>
 <node id="5504564834" visible="true" version="4" changeset="138860511" timestamp="2023-07-22T15:57:16Z" user="Farras" uid="136807" lat="-7.0187832" lon="110.3859801">
  <tag k="addr:city" v="Semarang"/>
  <tag k="addr:full" v="Jalan Dewi Sartika Barat III"/>
  <tag k="operator" v="PT Perusahaan Listrik Negara"/>
  <tag k="power" v="tower"/>
  <tag k="source" v="HOT_InAWARESurvey_2018"/>
 </node>
 <node id="5504954072" visible="true" version="3" changeset="57961398" timestamp="2018-04-10T06:44:45Z" user="Dewi Sulistioningrum" uid="615320" lat="-7.0213534" lon="110.3889192">
  <tag k="addr:city" v="Semarang"/>
  <tag k="addr:full" v="Jalan Dewi Sartika Raya"/>
  <tag k="operator" v="PT Perusahaan Listrik Negara"/>
  <tag k="power" v="tower"/>
  <tag k="source" v="HOT_InAWARESurvey_2018"/>
 </node>
 <node id="5507378654" visible="true" version="3" changeset="103901972" timestamp="2021-04-30T09:51:23Z" user="Plekhanov" uid="10409550" lat="-7.0471857" lon="110.4354380"/>
 <node id="5507378663" visible="true" version="2" changeset="57595236" timestamp="2018-03-28T10:18:47Z" user="MuhammadRidwanAdetyaSaputra" uid="7573582" lat="-7.0545366" lon="110.4355185"/>
 <node id="5507378664" visible="true" version="3" changeset="154505626" timestamp="2024-07-28T05:02:57Z" user="angys" uid="3191182" lat="-7.0548897" lon="110.4368600"/>
 <node id="5507378665" visible="true" version="2" changeset="57595236" timestamp="2018-03-28T10:18:47Z" user="MuhammadRidwanAdetyaSaputra" uid="7573582" lat="-7.0549532" lon="110.4373839"/>
 <node id="5507378666" visible="true" version="2" changeset="103901972" timestamp="2021-04-30T09:51:23Z" user="Plekhanov" uid="10409550" lat="-7.0529754" lon="110.4368877"/>
 <node id="5507378667" visible="true" version="2" changeset="103901972" timestamp="2021-04-30T09:51:23Z" user="Plekhanov" uid="10409550" lat="-7.0521768" lon="110.4370299"/>
 <node id="5507378668" visible="true" version="1" changeset="57556559" timestamp="2018-03-27T07:00:08Z" user="Yudha Sidhikoro" uid="4706322" lat="-7.0518314" lon="110.4368918"/>
 <node id="5507378669" visible="true" version="1" changeset="57556559" timestamp="2018-03-27T07:00:08Z" user="Yudha Sidhikoro" uid="4706322" lat="-7.0518168" lon="110.4368395"/>
 <node id="5507378670" visible="true" version="1" changeset="57556559" timestamp="2018-03-27T07:00:08Z" user="Yudha Sidhikoro" uid="4706322" lat="-7.0518368" lon="110.4366430"/>
 <node id="5507378671" visible="true" version="2" changeset="103901972" timestamp="2021-04-30T09:51:23Z" user="Plekhanov" uid="10409550" lat="-7.0518421" lon="110.4365987"/>
 <node id="5507378672" visible="true" version="2" changeset="103901972" timestamp="2021-04-30T09:51:23Z" user="Plekhanov" uid="10409550" lat="-7.0519492" lon="110.4363124"/>
 <node id="5507378673" visible="true" version="2" changeset="103901972" timestamp="2021-04-30T09:51:23Z" user="Plekhanov" uid="10409550" lat="-7.0520038" lon="110.4361702"/>
 <node id="5507378674" visible="true" version="3" changeset="103901972" timestamp="2021-04-30T09:51:23Z" user="Plekhanov" uid="10409550" lat="-7.0518374" lon="110.4361770"/>
 <node id="5507378675" visible="true" version="3" changeset="57595236" timestamp="2018-03-28T10:18:47Z" user="MuhammadRidwanAdetyaSaputra" uid="7573582" lat="-7.0506316" lon="110.4337172"/>
 <node id="5507378676" visible="true" version="2" changeset="154505626" timestamp="2024-07-28T05:02:57Z" user="angys" uid="3191182" lat="-7.0524271" lon="110.4327263"/>
 <node id="5507378682" visible="true" version="1" changeset="57556559" timestamp="2018-03-27T07:00:08Z" user="Yudha Sidhikoro" uid="4706322" lat="-7.0517030" lon="110.4330119"/>
 <node id="5507378683" visible="true" version="1" changeset="57556559" timestamp="2018-03-27T07:00:08Z" user="Yudha Sidhikoro" uid="4706322" lat="-7.0511333" lon="110.4333311"/>
 <node id="5507378684" visible="true" version="1" changeset="57556559" timestamp="2018-03-27T07:00:08Z" user="Yudha Sidhikoro" uid="4706322" lat="-7.0507181" lon="110.4337710"/>
 <node id="5507378685" visible="true" version="1" changeset="57556559" timestamp="2018-03-27T07:00:08Z" user="Yudha Sidhikoro" uid="4706322" lat="-7.0515433" lon="110.4352972"/>
 <node id="5507378686" visible="true" version="1" changeset="57556559" timestamp="2018-03-27T07:00:08Z" user="Yudha Sidhikoro" uid="4706322" lat="-7.0519878" lon="110.4360750"/>
 <node id="5507378687" visible="true" version="1" changeset="57556559" timestamp="2018-03-27T07:00:08Z" user="Yudha Sidhikoro" uid="4706322" lat="-7.0527704" lon="110.4358444"/>
 <node id="5507378688" visible="true" version="1" changeset="57556559" timestamp="2018-03-27T07:00:08Z" user="Yudha Sidhikoro" uid="4706322" lat="-7.0533015" lon="110.4357049"/>
 <node id="5507378704" visible="true" version="4" changeset="118869052" timestamp="2022-03-24T15:06:58Z" user="PointeDesAlmadies" uid="10334775" lat="-7.0517037" lon="110.4353636"/>
 <node id="5507378705" visible="true" version="2" changeset="85864380" timestamp="2020-05-28T05:12:04Z" user="LavenderBay" uid="10409666" lat="-7.0517436" lon="110.4337864"/>
 <node id="5507378706" visible="true" version="1" changeset="57556559" timestamp="2018-03-27T07:00:09Z" user="Yudha Sidhikoro" uid="4706322" lat="-7.0518494" lon="110.4337750"/>
 <node id="5507378725" visible="true" version="1" changeset="57556559" timestamp="2018-03-27T07:00:09Z" user="Yudha Sidhikoro" uid="4706322" lat="-7.0518121" lon="110.4366946"/>
 <node id="5507378726" visible="true" version="1" changeset="57556559" timestamp="2018-03-27T07:00:09Z" user="Yudha Sidhikoro" uid="4706322" lat="-7.0518121" lon="110.4367778"/>
 <node id="5507378727" visible="true" version="1" changeset="57556559" timestamp="2018-03-27T07:00:09Z" user="Yudha Sidhikoro" uid="4706322" lat="-7.0517190" lon="110.4367778"/>
 <node id="5507378728" visible="true" version="1" changeset="57556559" timestamp="2018-03-27T07:00:09Z" user="Yudha Sidhikoro" uid="4706322" lat="-7.0517190" lon="110.4366946"/>
 <node id="5507378729" visible="true" version="2" changeset="103901972" timestamp="2021-04-30T09:51:23Z" user="Plekhanov" uid="10409550" lat="-7.0518880" lon="110.4364028"/>
 <node id="5507378730" visible="true" version="2" changeset="103901972" timestamp="2021-04-30T09:51:23Z" user="Plekhanov" uid="10409550" lat="-7.0518374" lon="110.4365771"/>
 <node id="5507378731" visible="true" version="2" changeset="103901972" timestamp="2021-04-30T09:51:23Z" user="Plekhanov" uid="10409550" lat="-7.0517808" lon="110.4365605"/>
 <node id="5507378732" visible="true" version="2" changeset="103901972" timestamp="2021-04-30T09:51:23Z" user="Plekhanov" uid="10409550" lat="-7.0518314" lon="110.4363861"/>
 <node id="5507378739" visible="true" version="2" changeset="103901972" timestamp="2021-04-30T09:51:23Z" user="Plekhanov" uid="10409550" lat="-7.0521036" lon="110.4370031"/>
 <node id="5507378775" visible="true" version="3" changeset="138860511" timestamp="2023-07-22T15:57:16Z" user="Farras" uid="136807" lat="-7.0423383" lon="110.4368475">
  <tag k="addr:city" v="Semarang"/>
  <tag k="operator" v="PT Perusahaan Listrik Negara"/>
  <tag k="power" v="tower"/>
  <tag k="source" v="HOT_InAWARESurvey_2018"/>
 </node>
 <node id="5507378776" visible="true" version="3" changeset="115900072" timestamp="2022-01-08T07:18:03Z" user="TagaSanPedroAko" uid="2541613" lat="-7.0422637" lon="110.4370379">
  <tag k="addr:city" v="Semarang"/>
  <tag k="operator" v="PT Perusahaan Listrik Negara"/>
  <tag k="power" v="tower"/>
  <tag k="source" v="HOT_InAWARESurvey_2018"/>
 </node>
 <node id="5507378777" visible="true" version="3" changeset="115900072" timestamp="2022-01-08T07:18:03Z" user="TagaSanPedroAko" uid="2541613" lat="-7.0447500" lon="110.4363352">
  <tag k="addr:city" v="Semarang"/>
  <tag k="operator" v="PT Perusahaan Listrik Negara"/>
  <tag k="power" v="tower"/>
  <tag k="source" v="HOT_InAWARESurvey_2018"/>
 </node>
 <node id="5507378778" visible="true" version="3" changeset="115900072" timestamp="2022-01-08T07:18:03Z" user="TagaSanPedroAko" uid="2541613" lat="-7.0458254" lon="110.4360133">
  <tag k="addr:city" v="Semarang"/>
  <tag k="operator" v="PT Perusahaan Listrik Negara"/>
  <tag k="power" v="tower"/>
  <tag k="source" v="HOT_InAWARESurvey_2018"/>
 </node>
 <node id="5507378779" visible="true" version="2" changeset="57961398" timestamp="2018-04-10T06:44:46Z" user="Dewi Sulistioningrum" uid="615320" lat="-7.0456444" lon="110.4358202">
  <tag k="addr:city" v="Semarang"/>
  <tag k="operator" v="PT Perusahaan Listrik Negara"/>
  <tag k="power" v="tower"/>
  <tag k="source" v="HOT_InAWARESurvey_2018"/>
 </node>
 <node id="5507378780" visible="true" version="3" changeset="138860511" timestamp="2023-07-22T15:57:16Z" user="Farras" uid="136807" lat="-7.0457749" lon="110.4354420">
  <tag k="addr:city" v="Semarang"/>
  <tag k="operator" v="PT Perusahaan Listrik Negara"/>
  <tag k="power" v="tower"/>
  <tag k="source" v="HOT_InAWARESurvey_2018"/>
 </node>
 <node id="5507378781" visible="true" version="4" changeset="138860511" timestamp="2023-07-22T15:57:16Z" user="Farras" uid="136807" lat="-7.0483650" lon="110.4352596">
  <tag k="addr:city" v="Semarang"/>
  <tag k="operator" v="PT Perusahaan Listrik Negara"/>
  <tag k="power" v="tower"/>
  <tag k="source" v="HOT_InAWARESurvey_2018"/>
 </node>
 <node id="5507378782" visible="true" version="3" changeset="57961398" timestamp="2018-04-10T06:44:46Z" user="Dewi Sulistioningrum" uid="615320" lat="-7.0495788" lon="110.4343477">
  <tag k="addr:city" v="Semarang"/>
  <tag k="operator" v="PT Perusahaan Listrik Negara"/>
  <tag k="power" v="tower"/>
  <tag k="source" v="HOT_InAWARESurvey_2018"/>
 </node>
 <node id="5507378783" visible="true" version="7" changeset="178062313" timestamp="2026-02-03T18:02:32Z" user="Haritron" uid="19161555" lat="-7.0511387" lon="110.4362047"/>
 <node id="5507378784" visible="true" version="7" changeset="178062313" timestamp="2026-02-03T18:02:32Z" user="Haritron" uid="19161555" lat="-7.0515927" lon="110.4360693"/>
 <node id="5507378785" visible="true" version="7" changeset="178062313" timestamp="2026-02-03T18:02:32Z" user="Haritron" uid="19161555" lat="-7.0515120" lon="110.4358074"/>
 <node id="5507378786" visible="true" version="7" changeset="178062313" timestamp="2026-02-03T18:02:32Z" user="Haritron" uid="19161555" lat="-7.0510595" lon="110.4359415"/>
 <node id="5507378787" visible="true" version="1" changeset="57556559" timestamp="2018-03-27T07:00:10Z" user="Yudha Sidhikoro" uid="4706322" lat="-7.0516072" lon="110.4341519"/>
 <node id="5507378788" visible="true" version="1" changeset="57556559" timestamp="2018-03-27T07:00:10Z" user="Yudha Sidhikoro" uid="4706322" lat="-7.0516285" lon="110.4352275"/>
 <node id="5507378789" visible="true" version="1" changeset="57556559" timestamp="2018-03-27T07:00:10Z" user="Yudha Sidhikoro" uid="4706322" lat="-7.0513569" lon="110.4348412"/>
 <node id="5507378790" visible="true" version="1" changeset="57556559" timestamp="2018-03-27T07:00:10Z" user="Yudha Sidhikoro" uid="4706322" lat="-7.0513516" lon="110.4341626"/>
 <node id="5507378798" visible="true" version="1" changeset="57556559" timestamp="2018-03-27T07:00:10Z" user="Yudha Sidhikoro" uid="4706322" lat="-7.0531052" lon="110.4323744"/>
 <node id="5507378803" visible="true" version="1" changeset="57556559" timestamp="2018-03-27T07:00:11Z" user="Yudha Sidhikoro" uid="4706322" lat="-7.0533868" lon="110.4322816"/>
 <node id="5507378815" visible="true" version="2" changeset="57595236" timestamp="2018-03-28T10:18:47Z" user="MuhammadRidwanAdetyaSaputra" uid="7573582" lat="-7.0530699" lon="110.4375234"/>
 <node id="5507378816" visible="true" version="4" changeset="118860507" timestamp="2022-03-24T11:34:43Z" user="PointeDesAlmadies" uid="10334775" lat="-7.0531742" lon="110.4385664"/>
 <node id="5507378817" visible="true" version="2" changeset="178062313" timestamp="2026-02-03T18:02:32Z" user="Haritron" uid="19161555" lat="-7.0484794" lon="110.4370968"/>
 <node id="5507378818" visible="true" version="2" changeset="178062313" timestamp="2026-02-03T18:02:32Z" user="Haritron" uid="19161555" lat="-7.0483991" lon="110.4370096"/>
 <node id="5507378819" visible="true" version="2" changeset="178062313" timestamp="2026-02-03T18:02:32Z" user="Haritron" uid="19161555" lat="-7.0484283" lon="110.4369823"/>
 <node id="5507378820" visible="true" version="2" changeset="178062313" timestamp="2026-02-03T18:02:32Z" user="Haritron" uid="19161555" lat="-7.0485086" lon="110.4370695"/>
 <node id="5507378821" visible="true" version="2" changeset="178062313" timestamp="2026-02-03T18:02:32Z" user="Haritron" uid="19161555" lat="-7.0483611" lon="110.4369685"/>
 <node id="5507378822" visible="true" version="2" changeset="178062313" timestamp="2026-02-03T18:02:32Z" user="Haritron" uid="19161555" lat="-7.0485355" lon="110.4371576"/>
 <node id="5507378823" visible="true" version="2" changeset="178062313" timestamp="2026-02-03T18:02:32Z" user="Haritron" uid="19161555" lat="-7.0484820" lon="110.4372076"/>
 <node id="5507378824" visible="true" version="2" changeset="178062313" timestamp="2026-02-03T18:02:32Z" user="Haritron" uid="19161555" lat="-7.0483077" lon="110.4370185"/>
 <node id="5507378825" visible="true" version="3" changeset="178107982" timestamp="2026-02-04T18:59:01Z" user="Haritron" uid="19161555" lat="-7.0490981" lon="110.4369677"/>
 <node id="5507378826" visible="true" version="3" changeset="178107982" timestamp="2026-02-04T18:59:01Z" user="Haritron" uid="19161555" lat="-7.0493094" lon="110.4369182"/>
 <node id="5507378827" visible="true" version="3" changeset="178107982" timestamp="2026-02-04T18:59:01Z" user="Haritron" uid="19161555" lat="-7.0492318" lon="110.4366531"/>
 <node id="5507378828" visible="true" version="3" changeset="178107982" timestamp="2026-02-04T18:59:01Z" user="Haritron" uid="19161555" lat="-7.0490312" lon="110.4367107"/>
 <node id="5507379253" visible="true" version="6" changeset="171527313" timestamp="2025-09-06T06:45:12Z" user="twotwofourtysix" uid="14856866" lat="-7.0476788" lon="110.4348815">
  <tag k="addr:city" v="Semarang"/>
  <tag k="line_attachment" v="anchor"/>
  <tag k="operator" v="PT Perusahaan Listrik Negara"/>
  <tag k="power" v="tower"/>
  <tag k="source" v="HOT_InAWARESurvey_2018"/>
 </node>
 <node id="5507824122" visible="true" version="2" changeset="118850134" timestamp="2022-03-24T07:25:13Z" user="PointeDesAlmadies" uid="10334775" lat="-7.0517748" lon="110.4396699"/>
 <node id="5507824162" visible="true" version="4" changeset="136607216" timestamp="2023-05-26T23:05:47Z" user="w_djatmiko" uid="6168168" lat="-7.0490002" lon="110.4454172"/>
 <node id="5507824172" visible="true" version="3" changeset="136607216" timestamp="2023-05-26T23:05:47Z" user="w_djatmiko" uid="6168168" lat="-7.0477547" lon="110.4449736"/>
 <node id="5507824199" visible="true" version="3" changeset="177911073" timestamp="2026-01-31T00:37:59Z" user="Haritron" uid="19161555" lat="-7.0508385" lon="110.4386809"/>
 <node id="5507824200" visible="true" version="3" changeset="177911073" timestamp="2026-01-31T00:37:59Z" user="Haritron" uid="19161555" lat="-7.0509330" lon="110.4386607"/>
 <node id="5507824201" visible="true" version="3" changeset="177911073" timestamp="2026-01-31T00:37:59Z" user="Haritron" uid="19161555" lat="-7.0509190" lon="110.4385943"/>
 <node id="5507824202" visible="true" version="3" changeset="177911073" timestamp="2026-01-31T00:37:59Z" user="Haritron" uid="19161555" lat="-7.0508245" lon="110.4386144"/>
 <node id="5507824203" visible="true" version="3" changeset="118850134" timestamp="2022-03-24T07:25:13Z" user="PointeDesAlmadies" uid="10334775" lat="-7.0508219" lon="110.4371204"/>
 <node id="5507824204" visible="true" version="5" changeset="118890964" timestamp="2022-03-25T04:47:42Z" user="PointeDesAlmadies" uid="10334775" lat="-7.0512688" lon="110.4371332"/>
 <node id="5507824205" visible="true" version="4" changeset="118890964" timestamp="2022-03-25T04:47:42Z" user="PointeDesAlmadies" uid="10334775" lat="-7.0513403" lon="110.4371479"/>
 <node id="5507824206" visible="true" version="3" changeset="118890964" timestamp="2022-03-25T04:47:42Z" user="PointeDesAlmadies" uid="10334775" lat="-7.0514015" lon="110.4372056"/>
 <node id="5507824207" visible="true" version="3" changeset="119047866" timestamp="2022-03-29T04:11:48Z" user="PointeDesAlmadies" uid="10334775" lat="-7.0514162" lon="110.4372914"/>
 <node id="5507824208" visible="true" version="2" changeset="85864380" timestamp="2020-05-28T05:12:04Z" user="LavenderBay" uid="10409666" lat="-7.0513423" lon="110.4374912"/>
 <node id="5507824209" visible="true" version="2" changeset="118890964" timestamp="2022-03-25T04:47:42Z" user="PointeDesAlmadies" uid="10334775" lat="-7.0512025" lon="110.4375442"/>
 <node id="5507824210" visible="true" version="3" changeset="118890964" timestamp="2022-03-25T04:47:42Z" user="PointeDesAlmadies" uid="10334775" lat="-7.0512565" lon="110.4376072"/>
 <node id="5507824211" visible="true" version="4" changeset="118890964" timestamp="2022-03-25T04:47:42Z" user="PointeDesAlmadies" uid="10334775" lat="-7.0513922" lon="110.4376374"/>
 <node id="5507824212" visible="true" version="3" changeset="103903155" timestamp="2021-04-30T10:07:18Z" user="Plekhanov" uid="10409550" lat="-7.0515020" lon="110.4375388"/>
 <node id="5507824213" visible="true" version="3" changeset="118890964" timestamp="2022-03-25T04:47:42Z" user="PointeDesAlmadies" uid="10334775" lat="-7.0515160" lon="110.4371385"/>
 <node id="5507824214" visible="true" version="4" changeset="118890964" timestamp="2022-03-25T04:47:42Z" user="PointeDesAlmadies" uid="10334775" lat="-7.0514375" lon="110.4370876"/>
 <node id="5507824216" visible="true" version="2" changeset="66693332" timestamp="2019-01-28T04:22:27Z" user="bhavyakota" uid="8967857" lat="-7.0507918" lon="110.4370039"/>
 <node id="5507824217" visible="true" version="1" changeset="57560915" timestamp="2018-03-27T09:33:18Z" user="Yudha Sidhikoro" uid="4706322" lat="-7.0508783" lon="110.4349602"/>
 <node id="5507824218" visible="true" version="1" changeset="57560915" timestamp="2018-03-27T09:33:18Z" user="Yudha Sidhikoro" uid="4706322" lat="-7.0509067" lon="110.4350832"/>
 <node id="5507918368" visible="true" version="3" changeset="177911073" timestamp="2026-01-31T00:37:59Z" user="Haritron" uid="19161555" lat="-7.0509783" lon="110.4388271"/>
 <node id="5507918369" visible="true" version="3" changeset="177911073" timestamp="2026-01-31T00:37:59Z" user="Haritron" uid="19161555" lat="-7.0509433" lon="110.4386778"/>
 <node id="5507918370" visible="true" version="3" changeset="177911073" timestamp="2026-01-31T00:37:59Z" user="Haritron" uid="19161555" lat="-7.0507986" lon="110.4387123"/>
 <node id="5507918371" visible="true" version="3" changeset="177911073" timestamp="2026-01-31T00:37:59Z" user="Haritron" uid="19161555" lat="-7.0512139" lon="110.4389725"/>
 <node id="5507918372" visible="true" version="3" changeset="177911073" timestamp="2026-01-31T00:37:59Z" user="Haritron" uid="19161555" lat="-7.0511300" lon="110.4391106"/>
 <node id="5507918373" visible="true" version="3" changeset="177911073" timestamp="2026-01-31T00:37:59Z" user="Haritron" uid="19161555" lat="-7.0508518" lon="110.4389389"/>
 <node id="5510776902" visible="true" version="1" changeset="57595236" timestamp="2018-03-28T10:18:42Z" user="MuhammadRidwanAdetyaSaputra" uid="7573582" lat="-7.0536582" lon="110.4395602"/>
 <node id="5510776914" visible="true" version="1" changeset="57595236" timestamp="2018-03-28T10:18:43Z" user="MuhammadRidwanAdetyaSaputra" uid="7573582" lat="-7.0492379" lon="110.4385738"/>
 <node id="5510776915" visible="true" version="1" changeset="57595236" timestamp="2018-03-28T10:18:43Z" user="MuhammadRidwanAdetyaSaputra" uid="7573582" lat="-7.0492895" lon="110.4384580"/>
 <node id="5510776916" visible="true" version="1" changeset="57595236" timestamp="2018-03-28T10:18:43Z" user="MuhammadRidwanAdetyaSaputra" uid="7573582" lat="-7.0493435" lon="110.4383717"/>
 <node id="5510776917" visible="true" version="2" changeset="103903155" timestamp="2021-04-30T10:07:18Z" user="Plekhanov" uid="10409550" lat="-7.0495894" lon="110.4381001"/>
 <node id="5510776918" visible="true" version="3" changeset="103903155" timestamp="2021-04-30T10:07:18Z" user="Plekhanov" uid="10409550" lat="-7.0494723" lon="110.4380981"/>
 <node id="5510776919" visible="true" version="2" changeset="103903155" timestamp="2021-04-30T10:07:18Z" user="Plekhanov" uid="10409550" lat="-7.0492733" lon="110.4381068"/>
 <node id="5510778031" visible="true" version="2" changeset="103901972" timestamp="2021-04-30T09:51:23Z" user="Plekhanov" uid="10409550" lat="-7.0492753" lon="110.4451932"/>
 <node id="5510778032" visible="true" version="2" changeset="103901972" timestamp="2021-04-30T09:51:23Z" user="Plekhanov" uid="10409550" lat="-7.0503840" lon="110.4443818"/>
 <node id="5510778033" visible="true" version="2" changeset="103901972" timestamp="2021-04-30T09:51:23Z" user="Plekhanov" uid="10409550" lat="-7.0540076" lon="110.4375730"/>
 <node id="5510778034" visible="true" version="2" changeset="103901972" timestamp="2021-04-30T09:51:23Z" user="Plekhanov" uid="10409550" lat="-7.0539137" lon="110.4374114"/>
 <node id="5510778036" visible="true" version="2" changeset="103901972" timestamp="2021-04-30T09:51:23Z" user="Plekhanov" uid="10409550" lat="-7.0506316" lon="110.4338126"/>
 <node id="5510778037" visible="true" version="2" changeset="103901972" timestamp="2021-04-30T09:51:23Z" user="Plekhanov" uid="10409550" lat="-7.0477966" lon="110.4348131"/>
 <node id="5510778038" visible="true" version="3" changeset="103901972" timestamp="2021-04-30T09:51:23Z" user="Plekhanov" uid="10409550" lat="-7.0474000" lon="110.4350089"/>
 <node id="5510778039" visible="true" version="2" changeset="81942730" timestamp="2020-03-09T04:52:26Z" user="EmbarcaderoPier" uid="10353513" lat="-7.0470633" lon="110.4377769"/>
 <node id="5510778040" visible="true" version="2" changeset="85863533" timestamp="2020-05-28T04:52:49Z" user="LavenderBay" uid="10409666" lat="-7.0483817" lon="110.4365419"/>
 <node id="5510778041" visible="true" version="2" changeset="81942730" timestamp="2020-03-09T04:52:26Z" user="EmbarcaderoPier" uid="10353513" lat="-7.0469368" lon="110.4381430"/>
 <node id="5510778042" visible="true" version="4" changeset="103903155" timestamp="2021-04-30T10:07:18Z" user="Plekhanov" uid="10409550" lat="-7.0471904" lon="110.4392783"/>
 <node id="5510778043" visible="true" version="2" changeset="103901972" timestamp="2021-04-30T09:51:23Z" user="Plekhanov" uid="10409550" lat="-7.0460630" lon="110.4419518"/>
 <node id="5510778046" visible="true" version="2" changeset="103901972" timestamp="2021-04-30T09:51:23Z" user="Plekhanov" uid="10409550" lat="-7.0463565" lon="110.4428248"/>
 <node id="5510778049" visible="true" version="2" changeset="103901972" timestamp="2021-04-30T09:51:23Z" user="Plekhanov" uid="10409550" lat="-7.0469102" lon="110.4436710"/>
 <node id="5510778053" visible="true" version="2" changeset="103901972" timestamp="2021-04-30T09:51:23Z" user="Plekhanov" uid="10409550" lat="-7.0473787" lon="110.4444998"/>
 <node id="5510778054" visible="true" version="3" changeset="136607216" timestamp="2023-05-26T23:05:47Z" user="w_djatmiko" uid="6168168" lat="-7.0476322" lon="110.4448794"/>
 <node id="5510778056" visible="true" version="3" changeset="136607216" timestamp="2023-05-26T23:05:47Z" user="w_djatmiko" uid="6168168" lat="-7.0488115" lon="110.4455482"/>
 <node id="5510778057" visible="true" version="2" changeset="103901972" timestamp="2021-04-30T09:51:23Z" user="Plekhanov" uid="10409550" lat="-7.0498663" lon="110.4447855"/>
 <node id="5510778058" visible="true" version="2" changeset="103901972" timestamp="2021-04-30T09:51:23Z" user="Plekhanov" uid="10409550" lat="-7.0521156" lon="110.4430481"/>
 <node id="5510778061" visible="true" version="6" changeset="138860511" timestamp="2023-07-22T15:57:16Z" user="Farras" uid="136807" lat="-7.0497459" lon="110.4345904">
  <tag k="addr:city" v="Semarang"/>
  <tag k="operator" v="PT Perusahaan Listrik Negara"/>
  <tag k="power" v="tower"/>
  <tag k="source" v="HOT_InAWARESurvey_2018"/>
 </node>
 <node id="5510778066" visible="true" version="3" changeset="57961398" timestamp="2018-04-10T06:44:47Z" user="Dewi Sulistioningrum" uid="615320" lat="-7.0474319" lon="110.4352912">
  <tag k="addr:city" v="Semarang"/>
  <tag k="operator" v="PT Perusahaan Listrik Negara"/>
  <tag k="power" v="tower"/>
  <tag k="source" v="HOT_InAWARESurvey_2018"/>
 </node>
 <node id="5526809849" visible="true" version="3" changeset="115900072" timestamp="2022-01-08T07:18:03Z" user="TagaSanPedroAko" uid="2541613" lat="-7.0264900" lon="110.4418064">
  <tag k="addr:city" v="Semarang"/>
  <tag k="operator" v="PT Perusahaan Listrik Negara"/>
  <tag k="power" v="tower"/>
  <tag k="source" v="HOT_InAWARESurvey_2018"/>
 </node>
 <node id="5526809851" visible="true" version="3" changeset="138860511" timestamp="2023-07-22T15:57:16Z" user="Farras" uid="136807" lat="-7.0260760" lon="110.4416728">
  <tag k="addr:city" v="Semarang"/>
  <tag k="operator" v="PT Perusahaan Listrik Negara"/>
  <tag k="power" v="tower"/>
  <tag k="source" v="HOT_InAWARESurvey_2018"/>
 </node>
 <node id="5527136845" visible="true" version="4" changeset="138860511" timestamp="2023-07-22T15:57:16Z" user="Farras" uid="136807" lat="-7.0347490" lon="110.4393366">
  <tag k="addr:city" v="Semarang"/>
  <tag k="operator" v="PT Perusahaan Listrik Negara"/>
  <tag k="power" v="tower"/>
  <tag k="source" v="HOT_InAWARESurvey_2018"/>
 </node>
 <node id="5527136846" visible="true" version="3" changeset="138860511" timestamp="2023-07-22T15:57:16Z" user="Farras" uid="136807" lat="-7.0349831" lon="110.4390147">
  <tag k="addr:city" v="Semarang"/>
  <tag k="operator" v="PT Perusahaan Listrik Negara"/>
  <tag k="power" v="tower"/>
  <tag k="source" v="HOT_InAWARESurvey_2018"/>
 </node>
 <node id="5527136847" visible="true" version="3" changeset="138860511" timestamp="2023-07-22T15:57:16Z" user="Farras" uid="136807" lat="-7.0296538" lon="110.4406080">
  <tag k="addr:city" v="Semarang"/>
  <tag k="operator" v="PT Perusahaan Listrik Negara"/>
  <tag k="power" v="tower"/>
  <tag k="source" v="HOT_InAWARESurvey_2018"/>
 </node>
 <node id="5527136848" visible="true" version="3" changeset="115900072" timestamp="2022-01-08T07:18:03Z" user="TagaSanPedroAko" uid="2541613" lat="-7.0324942" lon="110.4399991">
  <tag k="addr:city" v="Semarang"/>
  <tag k="operator" v="PT Perusahaan Listrik Negara"/>
  <tag k="power" v="tower"/>
  <tag k="source" v="HOT_InAWARESurvey_2018"/>
 </node>
 <node id="5527136849" visible="true" version="3" changeset="138860511" timestamp="2023-07-22T15:57:16Z" user="Farras" uid="136807" lat="-7.0389043" lon="110.4378185">
  <tag k="addr:city" v="Semarang"/>
  <tag k="operator" v="PT Perusahaan Listrik Negara"/>
  <tag k="power" v="tower"/>
  <tag k="source" v="HOT_InAWARESurvey_2018"/>
 </node>
 <node id="5527136850" visible="true" version="4" changeset="138860511" timestamp="2023-07-22T15:57:16Z" user="Farras" uid="136807" lat="-7.0386487" lon="110.4381752">
  <tag k="addr:city" v="Semarang"/>
  <tag k="operator" v="PT Perusahaan Listrik Negara"/>
  <tag k="power" v="tower"/>
  <tag k="source" v="HOT_InAWARESurvey_2018"/>
 </node>
 <node id="5527526782" visible="true" version="3" changeset="85883758" timestamp="2020-05-28T10:31:41Z" user="LavenderBay" uid="10409666" lat="-7.0517610" lon="110.4363675"/>
 <node id="5527526783" visible="true" version="2" changeset="85883758" timestamp="2020-05-28T10:31:41Z" user="LavenderBay" uid="10409666" lat="-7.0517626" lon="110.4363111"/>
 <node id="5527526784" visible="true" version="2" changeset="136607216" timestamp="2023-05-26T23:05:47Z" user="w_djatmiko" uid="6168168" lat="-7.0482877" lon="110.4453802"/>
 <node id="5527526785" visible="true" version="2" changeset="136607216" timestamp="2023-05-26T23:05:47Z" user="w_djatmiko" uid="6168168" lat="-7.0479996" lon="110.4451730"/>
 <node id="5527526786" visible="true" version="1" changeset="57798113" timestamp="2018-04-04T10:10:19Z" user="endang_p" uid="4706330" lat="-7.0495717" lon="110.4390439"/>
 <node id="5527526787" visible="true" version="2" changeset="87013652" timestamp="2020-06-23T06:17:31Z" user="LavenderBay" uid="10409666" lat="-7.0499401" lon="110.4384392"/>
 <node id="5527526788" visible="true" version="2" changeset="103903155" timestamp="2021-04-30T10:07:18Z" user="Plekhanov" uid="10409550" lat="-7.0499080" lon="110.4383227"/>
 <node id="5527526789" visible="true" version="7" changeset="103903155" timestamp="2021-04-30T10:07:18Z" user="Plekhanov" uid="10409550" lat="-7.0500832" lon="110.4384032"/>
 <node id="5527526790" visible="true" version="5" changeset="103903155" timestamp="2021-04-30T10:07:18Z" user="Plekhanov" uid="10409550" lat="-7.0501052" lon="110.4384837"/>
 <node id="5527526791" visible="true" version="2" changeset="103903155" timestamp="2021-04-30T10:07:18Z" user="Plekhanov" uid="10409550" lat="-7.0501824" lon="110.4387411"/>
 <node id="5527526792" visible="true" version="3" changeset="103903155" timestamp="2021-04-30T10:07:18Z" user="Plekhanov" uid="10409550" lat="-7.0502037" lon="110.4388209"/>
 <node id="5527526793" visible="true" version="5" changeset="118867402" timestamp="2022-03-24T14:26:39Z" user="PointeDesAlmadies" uid="10334775" lat="-7.0500433" lon="110.4382436"/>
 <node id="5527526794" visible="true" version="3" changeset="118890964" timestamp="2022-03-25T04:47:42Z" user="PointeDesAlmadies" uid="10334775" lat="-7.0510275" lon="110.4372988"/>
 <node id="5527526795" visible="true" version="3" changeset="118890964" timestamp="2022-03-25T04:47:42Z" user="PointeDesAlmadies" uid="10334775" lat="-7.0512002" lon="110.4374213"/>
 <node id="5527526796" visible="true" version="3" changeset="118890964" timestamp="2022-03-25T04:47:42Z" user="PointeDesAlmadies" uid="10334775" lat="-7.0512554" lon="110.4373527"/>
 <node id="5527526797" visible="true" version="3" changeset="118890964" timestamp="2022-03-25T04:47:42Z" user="PointeDesAlmadies" uid="10334775" lat="-7.0512481" lon="110.4372647"/>
 <node id="5527526798" visible="true" version="3" changeset="118890964" timestamp="2022-03-25T04:47:42Z" user="PointeDesAlmadies" uid="10334775" lat="-7.0511826" lon="110.4372079"/>
 <node id="5527526799" visible="true" version="3" changeset="118890964" timestamp="2022-03-25T04:47:42Z" user="PointeDesAlmadies" uid="10334775" lat="-7.0511293" lon="110.4372005"/>
 <node id="5527526800" visible="true" version="3" changeset="118890964" timestamp="2022-03-25T04:47:42Z" user="PointeDesAlmadies" uid="10334775" lat="-7.0510285" lon="110.4373425"/>
 <node id="5540379646" visible="true" version="1" changeset="57941423" timestamp="2018-04-09T13:40:35Z" user="endang_p" uid="4706330" lat="-7.0518680" lon="110.4360965"/>
 <node id="5540379647" visible="true" version="1" changeset="57941423" timestamp="2018-04-09T13:40:35Z" user="endang_p" uid="4706330" lat="-7.0506622" lon="110.4337201"/>
 <node id="5540379648" visible="true" version="1" changeset="57941423" timestamp="2018-04-09T13:40:35Z" user="endang_p" uid="4706330" lat="-7.0511467" lon="110.4332909"/>
 <node id="5540379660" visible="true" version="3" changeset="184688525" timestamp="2026-06-27T10:15:31Z" user="orangbule" uid="24226820" lat="-7.0503545" lon="110.4386126">
  <tag k="admin_level" v="7"/>
  <tag k="GNS:dsg_code" v="ADM4"/>
  <tag k="GNS:id" v="10283159"/>
  <tag k="name" v="Tembalang"/>
  <tag k="official_name" v="Kelurahan Tembalang"/>
  <tag k="place" v="suburb"/>
  <tag k="population" v="5833"/>
  <tag k="population:date" v="2025"/>
  <tag k="ref" v="33.74.10.1006"/>
  <tag k="source" v="NGA-GNS"/>
  <tag k="source:population" v="wikipedia"/>
  <tag k="website" v="https://tembalang.semarangkota.go.id/"/>
  <tag k="wikidata" v="Q11034427"/>
  <tag k="wikipedia" v="id:Tembalang, Tembalang, Semarang"/>
 </node>
 <node id="5540379966" visible="true" version="1" changeset="57941423" timestamp="2018-04-09T13:40:37Z" user="endang_p" uid="4706330" lat="-7.0521074" lon="110.4360900"/>
 <node id="5540380044" visible="true" version="1" changeset="57941423" timestamp="2018-04-09T13:40:38Z" user="endang_p" uid="4706330" lat="-7.0409431" lon="110.4339630"/>
 <node id="5540380045" visible="true" version="1" changeset="57941423" timestamp="2018-04-09T13:40:38Z" user="endang_p" uid="4706330" lat="-7.0421144" lon="110.4342097"/>
 <node id="5540380046" visible="true" version="1" changeset="57941423" timestamp="2018-04-09T13:40:38Z" user="endang_p" uid="4706330" lat="-7.0454206" lon="110.4348964"/>
 <node id="5540380047" visible="true" version="1" changeset="57941423" timestamp="2018-04-09T13:40:38Z" user="endang_p" uid="4706330" lat="-7.0461979" lon="110.4348803"/>
 <node id="5540380054" visible="true" version="1" changeset="57941423" timestamp="2018-04-09T13:40:38Z" user="endang_p" uid="4706330" lat="-7.0469629" lon="110.4347189"/>
 <node id="5540380055" visible="true" version="1" changeset="57941423" timestamp="2018-04-09T13:40:38Z" user="endang_p" uid="4706330" lat="-7.0471300" lon="110.4346700"/>
 <node id="5540380058" visible="true" version="1" changeset="57941423" timestamp="2018-04-09T13:40:38Z" user="endang_p" uid="4706330" lat="-7.0473100" lon="110.4346000"/>
 <node id="5540380059" visible="true" version="1" changeset="57941423" timestamp="2018-04-09T13:40:38Z" user="endang_p" uid="4706330" lat="-7.0479500" lon="110.4343500"/>
 <node id="5540380060" visible="true" version="1" changeset="57941423" timestamp="2018-04-09T13:40:38Z" user="endang_p" uid="4706330" lat="-7.0494600" lon="110.4337500"/>
 <node id="5540380061" visible="true" version="1" changeset="57941423" timestamp="2018-04-09T13:40:38Z" user="endang_p" uid="4706330" lat="-7.0496200" lon="110.4336900"/>
 <node id="5540380062" visible="true" version="1" changeset="57941423" timestamp="2018-04-09T13:40:38Z" user="endang_p" uid="4706330" lat="-7.0498800" lon="110.4335900"/>
 <node id="5540380064" visible="true" version="1" changeset="57941423" timestamp="2018-04-09T13:40:38Z" user="endang_p" uid="4706330" lat="-7.0508800" lon="110.4331400"/>
 <node id="5579837142" visible="true" version="4" changeset="115900072" timestamp="2022-01-08T07:18:03Z" user="TagaSanPedroAko" uid="2541613" lat="-7.0698926" lon="110.4355698">
  <tag k="addr:city" v="Semarang"/>
  <tag k="addr:full" v="Jalan Mulawarman II"/>
  <tag k="design" v="three-level"/>
  <tag k="operator" v="Perusahaan Listrik Negara"/>
  <tag k="operator:short" v="PLN"/>
  <tag k="operator:wikidata" v="Q4201636"/>
  <tag k="operator:wikipedia" v="id:Perusahaan Listrik Negara"/>
  <tag k="power" v="tower"/>
  <tag k="source" v="HOT_InAWARESurvey_2018"/>
 </node>
 <node id="5581723916" visible="true" version="5" changeset="138860511" timestamp="2023-07-22T15:57:16Z" user="Farras" uid="136807" lat="-7.0205921" lon="110.4435892">
  <tag k="addr:city" v="Semarang"/>
  <tag k="operator" v="PT Perusahaan Listrik Negara"/>
  <tag k="power" v="tower"/>
  <tag k="source" v="HOT_InAWARESurvey_2018"/>
 </node>
 <node id="5581723919" visible="true" version="4" changeset="138860511" timestamp="2023-07-22T15:57:16Z" user="Farras" uid="136807" lat="-7.0205495" lon="110.4433425">
  <tag k="addr:city" v="Semarang"/>
  <tag k="operator" v="PT Perusahaan Listrik Negara"/>
  <tag k="power" v="tower"/>
  <tag k="source" v="HOT_InAWARESurvey_2018"/>
 </node>
 <node id="5581723923" visible="true" version="4" changeset="138860511" timestamp="2023-07-22T15:57:16Z" user="Farras" uid="136807" lat="-7.0170754" lon="110.4439124">
  <tag k="addr:city" v="Semarang"/>
  <tag k="operator" v="PT Perusahaan Listrik Negara"/>
  <tag k="power" v="tower"/>
  <tag k="source" v="HOT_InAWARESurvey_2018"/>
 </node>
 <node id="5581723926" visible="true" version="4" changeset="115900072" timestamp="2022-01-08T07:18:03Z" user="TagaSanPedroAko" uid="2541613" lat="-7.0224562" lon="110.4430421">
  <tag k="addr:city" v="Semarang"/>
  <tag k="operator" v="PT Perusahaan Listrik Negara"/>
  <tag k="power" v="tower"/>
  <tag k="source" v="HOT_InAWARESurvey_2018"/>
 </node>
 <node id="5581723927" visible="true" version="4" changeset="138860511" timestamp="2023-07-22T15:57:16Z" user="Farras" uid="136807" lat="-7.0224183" lon="110.4427860">
  <tag k="addr:city" v="Semarang"/>
  <tag k="operator" v="PT Perusahaan Listrik Negara"/>
  <tag k="power" v="tower"/>
  <tag k="source" v="HOT_InAWARESurvey_2018"/>
 </node>
 <node id="5582053535" visible="true" version="5" changeset="173588610" timestamp="2025-10-21T15:23:22Z" user="DaeiDalus" uid="21437263" lat="-7.0086631" lon="110.4463291">
  <tag k="addr:city" v="Semarang"/>
  <tag k="operator" v="Perusahaan Listrik Negara"/>
  <tag k="operator:short" v="PLN"/>
  <tag k="operator:wikidata" v="Q4201636"/>
  <tag k="power" v="tower"/>
  <tag k="source" v="HOT_InAWARESurvey_2018"/>
 </node>
 <node id="5582053540" visible="true" version="4" changeset="173588675" timestamp="2025-10-21T15:24:33Z" user="DaeiDalus" uid="21437263" lat="-7.0132633" lon="110.4445052">
  <tag k="addr:city" v="Semarang"/>
  <tag k="operator" v="Perusahaan Listrik Negara"/>
  <tag k="operator:short" v="PLN"/>
  <tag k="operator:wikidata" v="Q4201636"/>
  <tag k="power" v="tower"/>
  <tag k="source" v="HOT_InAWARESurvey_2018"/>
 </node>
 <node id="5582053545" visible="true" version="6" changeset="173588675" timestamp="2025-10-21T15:24:33Z" user="DaeiDalus" uid="21437263" lat="-7.0140194" lon="110.4455513">
  <tag k="addr:city" v="Semarang"/>
  <tag k="operator" v="Perusahaan Listrik Negara"/>
  <tag k="operator:short" v="PLN"/>
  <tag k="operator:wikidata" v="Q4201636"/>
  <tag k="power" v="tower"/>
  <tag k="source" v="HOT_InAWARESurvey_2018"/>
 </node>
 <node id="5595973098" visible="true" version="4" changeset="173588610" timestamp="2025-10-21T15:23:22Z" user="DaeiDalus" uid="21437263" lat="-7.0114474" lon="110.4452433">
  <tag k="addr:city" v="Semarang"/>
  <tag k="operator" v="Perusahaan Listrik Negara"/>
  <tag k="operator:short" v="PLN"/>
  <tag k="operator:wikidata" v="Q4201636"/>
  <tag k="power" v="tower"/>
  <tag k="source" v="HOT_InAWARESurvey_2018"/>
 </node>
 <node id="5603436131" visible="true" version="3" changeset="115900072" timestamp="2022-01-08T07:18:03Z" user="TagaSanPedroAko" uid="2541613" lat="-7.0609278" lon="110.4343785">
  <tag k="addr:city" v="Semarang"/>
  <tag k="addr:full" v="Universitas Pandanaran"/>
  <tag k="design" v="three-level"/>
  <tag k="operator" v="Perusahaan Listrik Negara"/>
  <tag k="operator:short" v="PLN"/>
  <tag k="operator:wikidata" v="Q4201636"/>
  <tag k="operator:wikipedia" v="id:Perusahaan Listrik Negara"/>
  <tag k="power" v="tower"/>
  <tag k="source" v="HOT_InAWARESurvey_2018"/>
 </node>
 <node id="5603436132" visible="true" version="4" changeset="115900072" timestamp="2022-01-08T07:18:03Z" user="TagaSanPedroAko" uid="2541613" lat="-7.0574547" lon="110.4337925">
  <tag k="addr:city" v="Semarang"/>
  <tag k="addr:full" v="Jalan Tembalang Selatan"/>
  <tag k="design" v="three-level"/>
  <tag k="operator" v="Perusahaan Listrik Negara"/>
  <tag k="operator:short" v="PLN"/>
  <tag k="operator:wikidata" v="Q4201636"/>
  <tag k="operator:wikipedia" v="id:Perusahaan Listrik Negara"/>
  <tag k="power" v="tower"/>
  <tag k="source" v="HOT_InAWARESurvey_2018"/>
 </node>
 <node id="5604082950" visible="true" version="4" changeset="115900072" timestamp="2022-01-08T07:18:03Z" user="TagaSanPedroAko" uid="2541613" lat="-7.0639264" lon="110.4349297">
  <tag k="addr:city" v="Semarang"/>
  <tag k="addr:full" v="Jalan Banjarsari Barat"/>
  <tag k="design" v="three-level"/>
  <tag k="operator" v="Perusahaan Listrik Negara"/>
  <tag k="operator:short" v="PLN"/>
  <tag k="operator:wikidata" v="Q4201636"/>
  <tag k="operator:wikipedia" v="id:Perusahaan Listrik Negara"/>
  <tag k="power" v="tower"/>
  <tag k="source" v="HOT_InAWARESurvey_2018"/>
 </node>
 <node id="5616438958" visible="true" version="4" changeset="138860511" timestamp="2023-07-22T15:57:16Z" user="Farras" uid="136807" lat="-7.0331198" lon="110.4147836">
  <tag k="addr:city" v="Semarang"/>
  <tag k="addr:full" v="Jalan Karangrejo Selatan"/>
  <tag k="operator" v="PT Perusahaan Listrik Negara"/>
  <tag k="power" v="tower"/>
  <tag k="source" v="HOT_InAWARESurvey_2018"/>
 </node>
 <node id="5616438959" visible="true" version="5" changeset="138860511" timestamp="2023-07-22T15:57:16Z" user="Farras" uid="136807" lat="-7.0331983" lon="110.4164083">
  <tag k="addr:city" v="Semarang"/>
  <tag k="addr:full" v="Jalan Taman Teuku Umar"/>
  <tag k="operator" v="PT Perusahaan Listrik Negara"/>
  <tag k="power" v="tower"/>
  <tag k="source" v="HOT_InAWARESurvey_2018"/>
 </node>
 <node id="5616438961" visible="true" version="4" changeset="138860511" timestamp="2023-07-22T15:57:16Z" user="Farras" uid="136807" lat="-7.0325208" lon="110.4072681">
  <tag k="addr:city" v="Semarang"/>
  <tag k="addr:full" v="Jalan Sendang Pentul"/>
  <tag k="operator" v="PT Perusahaan Listrik Negara"/>
  <tag k="power" v="tower"/>
  <tag k="source" v="HOT_InAWARESurvey_2018"/>
 </node>
 <node id="5616438966" visible="true" version="4" changeset="138860511" timestamp="2023-07-22T15:57:16Z" user="Farras" uid="136807" lat="-7.0329426" lon="110.4125139">
  <tag k="addr:city" v="Semarang"/>
  <tag k="operator" v="PT Perusahaan Listrik Negara"/>
  <tag k="power" v="tower"/>
  <tag k="source" v="HOT_InAWARESurvey_2018"/>
 </node>
 <node id="5616438968" visible="true" version="4" changeset="138860511" timestamp="2023-07-22T15:57:16Z" user="Farras" uid="136807" lat="-7.0327796" lon="110.4106831">
  <tag k="addr:city" v="Semarang"/>
  <tag k="addr:full" v="Jalan Karangrejo Selatan"/>
  <tag k="operator" v="PT Perusahaan Listrik Negara"/>
  <tag k="power" v="tower"/>
  <tag k="source" v="HOT_InAWARESurvey_2018"/>
 </node>
 <node id="5623648219" visible="true" version="2" changeset="60133956" timestamp="2018-06-25T03:33:27Z" user="Dewi Sulistioningrum" uid="615320" lat="-7.0443347" lon="110.4343987">
  <tag k="addr:city" v="Semarang"/>
  <tag k="addr:full" v="Jalan Bukit Tirta"/>
  <tag k="operator" v="PT Perusahaan Listrik Negara"/>
  <tag k="power" v="tower"/>
  <tag k="source" v="HOT_InAWARESurvey_2018"/>
 </node>
 <node id="5623648321" visible="true" version="3" changeset="138860511" timestamp="2023-07-22T15:57:16Z" user="Farras" uid="136807" lat="-7.0387020" lon="110.4289001">
  <tag k="addr:city" v="Semarang"/>
  <tag k="addr:full" v="Jalan Diamond Hill RD"/>
  <tag k="operator" v="PT Perusahaan Listrik Negara"/>
  <tag k="power" v="tower"/>
  <tag k="source" v="HOT_InAWARESurvey_2018"/>
 </node>
 <node id="5623648343" visible="true" version="3" changeset="138860511" timestamp="2023-07-22T15:57:16Z" user="Farras" uid="136807" lat="-7.0382748" lon="110.4255662">
  <tag k="addr:city" v="Semarang"/>
  <tag k="addr:full" v="Jalan Gombel Permai Raya"/>
  <tag k="operator" v="PT Perusahaan Listrik Negara"/>
  <tag k="power" v="tower"/>
  <tag k="source" v="HOT_InAWARESurvey_2018"/>
 </node>
 <node id="5623648344" visible="true" version="3" changeset="138860511" timestamp="2023-07-22T15:57:16Z" user="Farras" uid="136807" lat="-7.0379766" lon="110.4231628">
  <tag k="addr:city" v="Semarang"/>
  <tag k="addr:full" v="Jalan Gombel Permai Raya"/>
  <tag k="operator" v="PT Perusahaan Listrik Negara"/>
  <tag k="power" v="tower"/>
  <tag k="source" v="HOT_InAWARESurvey_2018"/>
 </node>
 <node id="5623648345" visible="true" version="3" changeset="138860511" timestamp="2023-07-22T15:57:16Z" user="Farras" uid="136807" lat="-7.0345530" lon="110.4197883">
  <tag k="addr:city" v="Semarang"/>
  <tag k="operator" v="PT Perusahaan Listrik Negara"/>
  <tag k="power" v="tower"/>
  <tag k="source" v="HOT_InAWARESurvey_2018"/>
 </node>
 <node id="5623648347" visible="true" version="2" changeset="60133956" timestamp="2018-06-25T03:33:30Z" user="Dewi Sulistioningrum" uid="615320" lat="-7.0332848" lon="110.4185300">
  <tag k="addr:city" v="Semarang"/>
  <tag k="addr:full" v="Jalan Jatingaleh I"/>
  <tag k="operator" v="PT Perusahaan Listrik Negara"/>
  <tag k="power" v="tower"/>
  <tag k="source" v="HOT_InAWARESurvey_2018"/>
 </node>
 <node id="5636768840" visible="true" version="1" changeset="59201560" timestamp="2018-05-23T07:35:50Z" user="smgtm" uid="7573591" lat="-7.0320603" lon="110.4012117">
  <tag k="addr:city" v="Semarang"/>
  <tag k="addr:full" v="Hutan Wisata Tinjomoyo"/>
  <tag k="operator" v="PT Perusahaan Listrik Negara"/>
  <tag k="power" v="tower"/>
  <tag k="source" v="HOT_InAWARESurvey_2018"/>
 </node>
 <node id="5653012279" visible="true" version="3" changeset="138860511" timestamp="2023-07-22T15:57:16Z" user="Farras" uid="136807" lat="-7.0509629" lon="110.4324299">
  <tag k="addr:city" v="Semarang"/>
  <tag k="addr:full" v="Jalan Bukit Sari"/>
  <tag k="operator" v="PT Perusahaan Listrik Negara"/>
  <tag k="power" v="tower"/>
  <tag k="source" v="HOT_InAWARESurvey_2018"/>
 </node>
 <node id="5653012303" visible="true" version="3" changeset="138860511" timestamp="2023-07-22T15:57:16Z" user="Farras" uid="136807" lat="-7.0508166" lon="110.4305604">
  <tag k="addr:city" v="Semarang"/>
  <tag k="addr:full" v="Jalan Bukit Palma Timur"/>
  <tag k="operator" v="PT Perusahaan Listrik Negara"/>
  <tag k="power" v="tower"/>
  <tag k="source" v="HOT_InAWARESurvey_2018"/>
 </node>
 <node id="5710313257" visible="true" version="1" changeset="60064055" timestamp="2018-06-22T06:21:49Z" user="Yudha Sidhikoro" uid="4706322" lat="-7.0484980" lon="110.4367965"/>
 <node id="5710313258" visible="true" version="1" changeset="60064055" timestamp="2018-06-22T06:21:49Z" user="Yudha Sidhikoro" uid="4706322" lat="-7.0482452" lon="110.4370299"/>
 <node id="5710313259" visible="true" version="1" changeset="60064055" timestamp="2018-06-22T06:21:49Z" user="Yudha Sidhikoro" uid="4706322" lat="-7.0484661" lon="110.4373035"/>
 <node id="5710313260" visible="true" version="1" changeset="60064055" timestamp="2018-06-22T06:21:49Z" user="Yudha Sidhikoro" uid="4706322" lat="-7.0487110" lon="110.4371157"/>
 <node id="5710313261" visible="true" version="1" changeset="60064055" timestamp="2018-06-22T06:21:49Z" user="Yudha Sidhikoro" uid="4706322" lat="-7.0491901" lon="110.4376039"/>
 <node id="5710313262" visible="true" version="1" changeset="60064055" timestamp="2018-06-22T06:21:50Z" user="Yudha Sidhikoro" uid="4706322" lat="-7.0489665" lon="110.4376522"/>
 <node id="5710313263" visible="true" version="1" changeset="60064055" timestamp="2018-06-22T06:21:50Z" user="Yudha Sidhikoro" uid="4706322" lat="-7.0487429" lon="110.4376709"/>
 <node id="5710313264" visible="true" version="1" changeset="60064055" timestamp="2018-06-22T06:21:50Z" user="Yudha Sidhikoro" uid="4706322" lat="-7.0482318" lon="110.4374134"/>
 <node id="5710313265" visible="true" version="1" changeset="60064055" timestamp="2018-06-22T06:21:50Z" user="Yudha Sidhikoro" uid="4706322" lat="-7.0479710" lon="110.4378211"/>
 <node id="5710313266" visible="true" version="2" changeset="178109104" timestamp="2026-02-04T19:30:18Z" user="Haritron" uid="19161555" lat="-7.0478458" lon="110.4379633"/>
 <node id="5710313267" visible="true" version="1" changeset="60064055" timestamp="2018-06-22T06:21:50Z" user="Yudha Sidhikoro" uid="4706322" lat="-7.0486231" lon="110.4386231"/>
 <node id="5710313268" visible="true" version="1" changeset="60064055" timestamp="2018-06-22T06:21:50Z" user="Yudha Sidhikoro" uid="4706322" lat="-7.0488441" lon="110.4386660"/>
 <node id="5710313269" visible="true" version="1" changeset="60064055" timestamp="2018-06-22T06:21:50Z" user="Yudha Sidhikoro" uid="4706322" lat="-7.0490597" lon="110.4388136"/>
 <node id="5710313270" visible="true" version="1" changeset="60064055" timestamp="2018-06-22T06:21:50Z" user="Yudha Sidhikoro" uid="4706322" lat="-7.0494723" lon="110.4390845"/>
 <node id="5710313271" visible="true" version="1" changeset="60064055" timestamp="2018-06-22T06:21:50Z" user="Yudha Sidhikoro" uid="4706322" lat="-7.0491236" lon="110.4392213"/>
 <node id="5710313272" visible="true" version="1" changeset="60064055" timestamp="2018-06-22T06:21:50Z" user="Yudha Sidhikoro" uid="4706322" lat="-7.0487829" lon="110.4389557"/>
 <node id="5710313273" visible="true" version="1" changeset="60064055" timestamp="2018-06-22T06:21:50Z" user="Yudha Sidhikoro" uid="4706322" lat="-7.0486045" lon="110.4389450"/>
 <node id="5710313274" visible="true" version="1" changeset="60064055" timestamp="2018-06-22T06:21:50Z" user="Yudha Sidhikoro" uid="4706322" lat="-7.0483410" lon="110.4387894"/>
 <node id="5710313275" visible="true" version="2" changeset="178109104" timestamp="2026-02-04T19:30:18Z" user="Haritron" uid="19161555" lat="-7.0480828" lon="110.4386312"/>
 <node id="5710313285" visible="true" version="2" changeset="178109104" timestamp="2026-02-04T19:30:18Z" user="Haritron" uid="19161555" lat="-7.0477660" lon="110.4387734"/>
 <node id="5710313286" visible="true" version="2" changeset="178109104" timestamp="2026-02-04T19:30:18Z" user="Haritron" uid="19161555" lat="-7.0478725" lon="110.4383415"/>
 <node id="5710313287" visible="true" version="2" changeset="178109104" timestamp="2026-02-04T19:30:18Z" user="Haritron" uid="19161555" lat="-7.0475185" lon="110.4376361"/>
 <node id="5710313288" visible="true" version="2" changeset="178109104" timestamp="2026-02-04T19:30:18Z" user="Haritron" uid="19161555" lat="-7.0482371" lon="110.4367268"/>
 <node id="5710313289" visible="true" version="1" changeset="60064055" timestamp="2018-06-22T06:21:50Z" user="Yudha Sidhikoro" uid="4706322" lat="-7.0483623" lon="110.4366490"/>
 <node id="5716409719" visible="true" version="2" changeset="138860511" timestamp="2023-07-22T15:57:16Z" user="Farras" uid="136807" lat="-7.0239996" lon="110.3919607">
  <tag k="addr:city" v="Semarang"/>
  <tag k="operator" v="PT Perusahaan Listrik Negara"/>
  <tag k="power" v="tower"/>
  <tag k="source" v="HOT_InAWARESurvey_2018"/>
 </node>
 <node id="5719758633" visible="true" version="4" changeset="112359707" timestamp="2021-10-11T07:01:38Z" user="Nesque7" uid="10892488" lat="-7.0526906" lon="110.4310299"/>
 <node id="5719990073" visible="true" version="1" changeset="60177328" timestamp="2018-06-26T10:22:18Z" user="Febrina Dewi" uid="617262" lat="-7.0117672" lon="110.3727856">
  <tag k="addr:city" v="Semarang"/>
  <tag k="operator" v="PT Perusahaan Listrik Negara"/>
  <tag k="power" v="tower"/>
  <tag k="source" v="HOT_InAWARESurvey_2018"/>
 </node>
 <node id="6217886465" visible="true" version="1" changeset="66415749" timestamp="2019-01-18T05:43:32Z" user="bhav_ana" uid="9068262" lat="-7.0531857" lon="110.4350263"/>
 <node id="6217886466" visible="true" version="2" changeset="85864380" timestamp="2020-05-28T05:12:04Z" user="LavenderBay" uid="10409666" lat="-7.0525675" lon="110.4349914"/>
 <node id="6217886467" visible="true" version="2" changeset="85864380" timestamp="2020-05-28T05:12:04Z" user="LavenderBay" uid="10409666" lat="-7.0525388" lon="110.4348506"/>
 <node id="6217886468" visible="true" version="2" changeset="85864380" timestamp="2020-05-28T05:12:04Z" user="LavenderBay" uid="10409666" lat="-7.0524876" lon="110.4348131"/>
 <node id="6217886469" visible="true" version="1" changeset="66415749" timestamp="2019-01-18T05:43:32Z" user="bhav_ana" uid="9068262" lat="-7.0521795" lon="110.4348037"/>
 <node id="6217886470" visible="true" version="2" changeset="85864380" timestamp="2020-05-28T05:12:04Z" user="LavenderBay" uid="10409666" lat="-7.0521396" lon="110.4347406"/>
 <node id="6217886471" visible="true" version="1" changeset="66415749" timestamp="2019-01-18T05:43:32Z" user="bhav_ana" uid="9068262" lat="-7.0521475" lon="110.4344147"/>
 <node id="6217886472" visible="true" version="2" changeset="85864380" timestamp="2020-05-28T05:12:04Z" user="LavenderBay" uid="10409666" lat="-7.0520637" lon="110.4343289"/>
 <node id="6217886473" visible="true" version="2" changeset="66693332" timestamp="2019-01-28T04:22:27Z" user="bhavyakota" uid="8967857" lat="-7.0516905" lon="110.4343397"/>
 <node id="6240909282" visible="true" version="3" changeset="118868949" timestamp="2022-03-24T15:04:11Z" user="PointeDesAlmadies" uid="10334775" lat="-7.0517010" lon="110.4352791"/>
 <node id="6240909284" visible="true" version="1" changeset="66693332" timestamp="2019-01-28T04:22:27Z" user="bhavyakota" uid="8967857" lat="-7.0484395" lon="110.4382369"/>
 <node id="6240910985" visible="true" version="2" changeset="118850134" timestamp="2022-03-24T07:25:13Z" user="PointeDesAlmadies" uid="10334775" lat="-7.0485712" lon="110.4385561"/>
 <node id="6240910986" visible="true" version="3" changeset="152251377" timestamp="2024-06-04T16:50:26Z" user="KawdyPlateau" uid="20951900" lat="-7.0486251" lon="110.4386022"/>
 <node id="6240910987" visible="true" version="2" changeset="118850134" timestamp="2022-03-24T07:25:13Z" user="PointeDesAlmadies" uid="10334775" lat="-7.0487835" lon="110.4386218"/>
 <node id="6240910988" visible="true" version="2" changeset="118850134" timestamp="2022-03-24T07:25:13Z" user="PointeDesAlmadies" uid="10334775" lat="-7.0489379" lon="110.4385970"/>
 <node id="6240910989" visible="true" version="1" changeset="66693332" timestamp="2019-01-28T04:22:27Z" user="bhavyakota" uid="8967857" lat="-7.0503235" lon="110.4349438"/>
 <node id="6240983099" visible="true" version="2" changeset="118850134" timestamp="2022-03-24T07:25:13Z" user="PointeDesAlmadies" uid="10334775" lat="-7.0516751" lon="110.4398362"/>
 <node id="6240983120" visible="true" version="1" changeset="66694634" timestamp="2019-01-28T05:43:35Z" user="bhavyakota" uid="8967857" lat="-7.0519463" lon="110.4398573"/>
 <node id="6240983133" visible="true" version="4" changeset="179096513" timestamp="2026-02-26T17:51:11Z" user="Lauxsin" uid="13967634" lat="-7.0496968" lon="110.4389479"/>
 <node id="6240983134" visible="true" version="3" changeset="179096513" timestamp="2026-02-26T17:51:11Z" user="Lauxsin" uid="13967634" lat="-7.0501100" lon="110.4389202"/>
 <node id="6240983135" visible="true" version="3" changeset="179096513" timestamp="2026-02-26T17:51:11Z" user="Lauxsin" uid="13967634" lat="-7.0501702" lon="110.4388877"/>
 <node id="7008411473" visible="true" version="2" changeset="138860511" timestamp="2023-07-22T15:57:16Z" user="Farras" uid="136807" lat="-7.0161643" lon="110.3829719">
  <tag k="power" v="tower"/>
 </node>
 <node id="7262726664" visible="true" version="2" changeset="83934036" timestamp="2020-04-22T10:33:01Z" user="martinmbaihaqi" uid="1840603" lat="-7.0517470" lon="110.4323980"/>
 <node id="7262726665" visible="true" version="2" changeset="83934036" timestamp="2020-04-22T10:33:01Z" user="martinmbaihaqi" uid="1840603" lat="-7.0515346" lon="110.4325882"/>
 <node id="7262839059" visible="true" version="3" changeset="112359707" timestamp="2021-10-11T07:01:38Z" user="Nesque7" uid="10892488" lat="-7.0525109" lon="110.4313932"/>
 <node id="7278766901" visible="true" version="2" changeset="85863533" timestamp="2020-05-28T04:52:49Z" user="LavenderBay" uid="10409666" lat="-7.0481087" lon="110.4361280"/>
 <node id="7278766906" visible="true" version="2" changeset="81945377" timestamp="2020-03-09T06:07:11Z" user="EmbarcaderoPier" uid="10353513" lat="-7.0471098" lon="110.4351255"/>
 <node id="7278766907" visible="true" version="2" changeset="81945377" timestamp="2020-03-09T06:07:11Z" user="EmbarcaderoPier" uid="10353513" lat="-7.0475351" lon="110.4358437"/>
 <node id="7278766908" visible="true" version="2" changeset="81945377" timestamp="2020-03-09T06:07:11Z" user="EmbarcaderoPier" uid="10353513" lat="-7.0471504" lon="110.4355574"/>
 <node id="7278766909" visible="true" version="2" changeset="81945377" timestamp="2020-03-09T06:07:11Z" user="EmbarcaderoPier" uid="10353513" lat="-7.0470227" lon="110.4353938"/>
 <node id="7278766910" visible="true" version="2" changeset="81945377" timestamp="2020-03-09T06:07:11Z" user="EmbarcaderoPier" uid="10353513" lat="-7.0470120" lon="110.4353026"/>
 <node id="7278766911" visible="true" version="2" changeset="81945377" timestamp="2020-03-09T06:07:11Z" user="EmbarcaderoPier" uid="10353513" lat="-7.0470459" lon="110.4352073"/>
 <node id="7278766912" visible="true" version="3" changeset="81945592" timestamp="2020-03-09T06:12:15Z" user="EmbarcaderoPier" uid="10353513" lat="-7.0437890" lon="110.4346870"/>
 <node id="7278766924" visible="true" version="1" changeset="81942730" timestamp="2020-03-09T04:52:26Z" user="EmbarcaderoPier" uid="10353513" lat="-7.0469554" lon="110.4382946"/>
 <node id="7278766925" visible="true" version="1" changeset="81942730" timestamp="2020-03-09T04:52:26Z" user="EmbarcaderoPier" uid="10353513" lat="-7.0469528" lon="110.4380196"/>
 <node id="7278766926" visible="true" version="1" changeset="81942730" timestamp="2020-03-09T04:52:26Z" user="EmbarcaderoPier" uid="10353513" lat="-7.0469861" lon="110.4379150"/>
 <node id="7278766927" visible="true" version="1" changeset="81942730" timestamp="2020-03-09T04:52:26Z" user="EmbarcaderoPier" uid="10353513" lat="-7.0471511" lon="110.4376964"/>
 <node id="7278766928" visible="true" version="1" changeset="81942730" timestamp="2020-03-09T04:52:26Z" user="EmbarcaderoPier" uid="10353513" lat="-7.0468416" lon="110.4381665"/>
 <node id="7278766929" visible="true" version="1" changeset="81942730" timestamp="2020-03-09T04:52:26Z" user="EmbarcaderoPier" uid="10353513" lat="-7.0468756" lon="110.4379385"/>
 <node id="7278766930" visible="true" version="1" changeset="81942730" timestamp="2020-03-09T04:52:26Z" user="EmbarcaderoPier" uid="10353513" lat="-7.0473800" lon="110.4374148"/>
 <node id="7278767089" visible="true" version="1" changeset="81942730" timestamp="2020-03-09T04:52:26Z" user="EmbarcaderoPier" uid="10353513" lat="-7.0460224" lon="110.4346937"/>
 <node id="7278767090" visible="true" version="1" changeset="81942730" timestamp="2020-03-09T04:52:26Z" user="EmbarcaderoPier" uid="10353513" lat="-7.0446801" lon="110.4346270"/>
 <node id="7278767091" visible="true" version="1" changeset="81942730" timestamp="2020-03-09T04:52:26Z" user="EmbarcaderoPier" uid="10353513" lat="-7.0446482" lon="110.4345810"/>
 <node id="7278767137" visible="true" version="3" changeset="81945592" timestamp="2020-03-09T06:12:15Z" user="EmbarcaderoPier" uid="10353513" lat="-7.0451986" lon="110.4349780"/>
 <node id="7278767138" visible="true" version="3" changeset="81945592" timestamp="2020-03-09T06:12:15Z" user="EmbarcaderoPier" uid="10353513" lat="-7.0464337" lon="110.4349753"/>
 <node id="7278767139" visible="true" version="3" changeset="81945592" timestamp="2020-03-09T06:12:15Z" user="EmbarcaderoPier" uid="10353513" lat="-7.0466320" lon="110.4348305"/>
 <node id="7278767140" visible="true" version="4" changeset="83934036" timestamp="2020-04-22T10:33:01Z" user="martinmbaihaqi" uid="1840603" lat="-7.0472083" lon="110.4346615"/>
 <node id="7278767141" visible="true" version="3" changeset="81945592" timestamp="2020-03-09T06:12:15Z" user="EmbarcaderoPier" uid="10353513" lat="-7.0452718" lon="110.4348761"/>
 <node id="7278767142" visible="true" version="3" changeset="81945592" timestamp="2020-03-09T06:12:15Z" user="EmbarcaderoPier" uid="10353513" lat="-7.0460757" lon="110.4349042"/>
 <node id="7278767143" visible="true" version="4" changeset="83934036" timestamp="2020-04-22T10:33:01Z" user="martinmbaihaqi" uid="1840603" lat="-7.0469887" lon="110.4348385"/>
 <node id="7278767144" visible="true" version="3" changeset="81945592" timestamp="2020-03-09T06:12:15Z" user="EmbarcaderoPier" uid="10353513" lat="-7.0466680" lon="110.4349230"/>
 <node id="7278875962" visible="true" version="2" changeset="81945592" timestamp="2020-03-09T06:12:15Z" user="EmbarcaderoPier" uid="10353513" lat="-7.0455113" lon="110.4349069"/>
 <node id="7278875963" visible="true" version="1" changeset="81945377" timestamp="2020-03-09T06:07:11Z" user="EmbarcaderoPier" uid="10353513" lat="-7.0471950" lon="110.4350451"/>
 <node id="7284392222" visible="true" version="2" changeset="103903155" timestamp="2021-04-30T10:07:18Z" user="Plekhanov" uid="10409550" lat="-7.0472057" lon="110.4391140"/>
 <node id="7284392223" visible="true" version="2" changeset="103903155" timestamp="2021-04-30T10:07:18Z" user="Plekhanov" uid="10409550" lat="-7.0472183" lon="110.4391696"/>
 <node id="7284392224" visible="true" version="2" changeset="103903155" timestamp="2021-04-30T10:07:18Z" user="Plekhanov" uid="10409550" lat="-7.0472183" lon="110.4392079"/>
 <node id="7284392225" visible="true" version="2" changeset="103903155" timestamp="2021-04-30T10:07:18Z" user="Plekhanov" uid="10409550" lat="-7.0472077" lon="110.4392514"/>
 <node id="7433426719" visible="true" version="2" changeset="118771356" timestamp="2022-03-22T10:00:29Z" user="ChapmansPeak" uid="10652971" lat="-7.0506489" lon="110.4331434"/>
 <node id="7433426720" visible="true" version="2" changeset="130895410" timestamp="2023-01-05T08:27:31Z" user="TagaSanPedroAko" uid="2541613" lat="-7.0496947" lon="110.4334995">
  <tag k="barrier" v="toll_booth"/>
  <tag k="name" v="Tembalang"/>
 </node>
 <node id="7433426721" visible="true" version="1" changeset="83934036" timestamp="2020-04-22T10:33:01Z" user="martinmbaihaqi" uid="1840603" lat="-7.0490541" lon="110.4339101"/>
 <node id="7433426722" visible="true" version="1" changeset="83934036" timestamp="2020-04-22T10:33:01Z" user="martinmbaihaqi" uid="1840603" lat="-7.0493425" lon="110.4337127"/>
 <node id="7433426723" visible="true" version="1" changeset="83934036" timestamp="2020-04-22T10:33:01Z" user="martinmbaihaqi" uid="1840603" lat="-7.0491569" lon="110.4338186"/>
 <node id="7433426724" visible="true" version="1" changeset="83934036" timestamp="2020-04-22T10:33:01Z" user="martinmbaihaqi" uid="1840603" lat="-7.0495282" lon="110.4335819"/>
 <node id="7433426725" visible="true" version="1" changeset="83934036" timestamp="2020-04-22T10:33:01Z" user="martinmbaihaqi" uid="1840603" lat="-7.0499634" lon="110.4333942"/>
 <node id="7433426726" visible="true" version="1" changeset="83934036" timestamp="2020-04-22T10:33:01Z" user="martinmbaihaqi" uid="1840603" lat="-7.0503321" lon="110.4332788"/>
 <node id="7433426727" visible="true" version="1" changeset="83934036" timestamp="2020-04-22T10:33:01Z" user="martinmbaihaqi" uid="1840603" lat="-7.0507394" lon="110.4331058"/>
 <node id="7433426729" visible="true" version="1" changeset="83934036" timestamp="2020-04-22T10:33:01Z" user="martinmbaihaqi" uid="1840603" lat="-7.0520983" lon="110.4322864"/>
 <node id="7433426730" visible="true" version="1" changeset="83934036" timestamp="2020-04-22T10:33:01Z" user="martinmbaihaqi" uid="1840603" lat="-7.0513942" lon="110.4329315"/>
 <node id="7433426732" visible="true" version="1" changeset="83934036" timestamp="2020-04-22T10:33:01Z" user="martinmbaihaqi" uid="1840603" lat="-7.0487509" lon="110.4341465"/>
 <node id="7433426737" visible="true" version="1" changeset="83934036" timestamp="2020-04-22T10:33:01Z" user="martinmbaihaqi" uid="1840603" lat="-7.0518987" lon="110.4322422"/>
 <node id="7433426738" visible="true" version="1" changeset="83934036" timestamp="2020-04-22T10:33:01Z" user="martinmbaihaqi" uid="1840603" lat="-7.0511546" lon="110.4328866"/>
 <node id="7564747061" visible="true" version="1" changeset="85863533" timestamp="2020-05-28T04:52:49Z" user="LavenderBay" uid="10409666" lat="-7.0478964" lon="110.4359946"/>
 <node id="7564747062" visible="true" version="1" changeset="85863533" timestamp="2020-05-28T04:52:49Z" user="LavenderBay" uid="10409666" lat="-7.0476715" lon="110.4347956"/>
 <node id="7564747063" visible="true" version="1" changeset="85863533" timestamp="2020-05-28T04:52:49Z" user="LavenderBay" uid="10409666" lat="-7.0482012" lon="110.4346602"/>
 <node id="7564747064" visible="true" version="1" changeset="85863533" timestamp="2020-05-28T04:52:49Z" user="LavenderBay" uid="10409666" lat="-7.0494031" lon="110.4342431"/>
 <node id="7564747065" visible="true" version="1" changeset="85863533" timestamp="2020-05-28T04:52:49Z" user="LavenderBay" uid="10409666" lat="-7.0510249" lon="110.4333767"/>
 <node id="7564747066" visible="true" version="1" changeset="85863533" timestamp="2020-05-28T04:52:49Z" user="LavenderBay" uid="10409666" lat="-7.0517589" lon="110.4329221"/>
 <node id="7564747067" visible="true" version="1" changeset="85863533" timestamp="2020-05-28T04:52:49Z" user="LavenderBay" uid="10409666" lat="-7.0522593" lon="110.4327236"/>
 <node id="7564747068" visible="true" version="1" changeset="85863533" timestamp="2020-05-28T04:52:49Z" user="LavenderBay" uid="10409666" lat="-7.0508605" lon="110.4335256"/>
 <node id="7564747069" visible="true" version="1" changeset="85863533" timestamp="2020-05-28T04:52:49Z" user="LavenderBay" uid="10409666" lat="-7.0475304" lon="110.4374336"/>
 <node id="7564747070" visible="true" version="1" changeset="85863533" timestamp="2020-05-28T04:52:49Z" user="LavenderBay" uid="10409666" lat="-7.0481560" lon="110.4367349"/>
 <node id="7564747071" visible="true" version="1" changeset="85863533" timestamp="2020-05-28T04:52:49Z" user="LavenderBay" uid="10409666" lat="-7.0481999" lon="110.4362467"/>
 <node id="7564747072" visible="true" version="1" changeset="85863533" timestamp="2020-05-28T04:52:49Z" user="LavenderBay" uid="10409666" lat="-7.0490457" lon="110.4336959"/>
 <node id="7564747073" visible="true" version="1" changeset="85863533" timestamp="2020-05-28T04:52:49Z" user="LavenderBay" uid="10409666" lat="-7.0490936" lon="110.4336476"/>
 <node id="7564788128" visible="true" version="2" changeset="177911073" timestamp="2026-01-31T00:37:59Z" user="Haritron" uid="19161555" lat="-7.0512837" lon="110.4388873"/>
 <node id="7564788129" visible="true" version="1" changeset="85864380" timestamp="2020-05-28T05:12:04Z" user="LavenderBay" uid="10409666" lat="-7.0511254" lon="110.4388109"/>
 <node id="7564788169" visible="true" version="1" changeset="85864380" timestamp="2020-05-28T05:12:04Z" user="LavenderBay" uid="10409666" lat="-7.0496746" lon="110.4395364"/>
 <node id="7564788170" visible="true" version="1" changeset="85864380" timestamp="2020-05-28T05:12:04Z" user="LavenderBay" uid="10409666" lat="-7.0496866" lon="110.4394385"/>
 <node id="7564788171" visible="true" version="2" changeset="103903155" timestamp="2021-04-30T10:07:18Z" user="Plekhanov" uid="10409550" lat="-7.0498310" lon="110.4386231"/>
 <node id="7564788172" visible="true" version="2" changeset="103903155" timestamp="2021-04-30T10:07:18Z" user="Plekhanov" uid="10409550" lat="-7.0498656" lon="110.4385635"/>
 <node id="7564788173" visible="true" version="1" changeset="85864380" timestamp="2020-05-28T05:12:04Z" user="LavenderBay" uid="10409666" lat="-7.0500965" lon="110.4381350"/>
 <node id="7564788174" visible="true" version="2" changeset="118848531" timestamp="2022-03-24T06:35:11Z" user="PointeDesAlmadies" uid="10334775" lat="-7.0501278" lon="110.4380947"/>
 <node id="7564788175" visible="true" version="2" changeset="118850134" timestamp="2022-03-24T07:25:13Z" user="PointeDesAlmadies" uid="10334775" lat="-7.0503148" lon="110.4379734"/>
 <node id="7564788176" visible="true" version="1" changeset="85864380" timestamp="2020-05-28T05:12:04Z" user="LavenderBay" uid="10409666" lat="-7.0505105" lon="110.4381135"/>
 <node id="7564788177" visible="true" version="3" changeset="118850134" timestamp="2022-03-24T07:25:13Z" user="PointeDesAlmadies" uid="10334775" lat="-7.0505890" lon="110.4380746"/>
 <node id="7564788178" visible="true" version="2" changeset="118850134" timestamp="2022-03-24T07:25:13Z" user="PointeDesAlmadies" uid="10334775" lat="-7.0491296" lon="110.4385238"/>
 <node id="7564788179" visible="true" version="1" changeset="85864380" timestamp="2020-05-28T05:12:04Z" user="LavenderBay" uid="10409666" lat="-7.0491036" lon="110.4384810"/>
 <node id="7564788180" visible="true" version="1" changeset="85864380" timestamp="2020-05-28T05:12:04Z" user="LavenderBay" uid="10409666" lat="-7.0490956" lon="110.4384374"/>
 <node id="7564788181" visible="true" version="2" changeset="103903155" timestamp="2021-04-30T10:07:18Z" user="Plekhanov" uid="10409550" lat="-7.0493153" lon="110.4380800"/>
 <node id="7564788182" visible="true" version="2" changeset="103903155" timestamp="2021-04-30T10:07:18Z" user="Plekhanov" uid="10409550" lat="-7.0493605" lon="110.4380746"/>
 <node id="7564788183" visible="true" version="1" changeset="85864380" timestamp="2020-05-28T05:12:04Z" user="LavenderBay" uid="10409666" lat="-7.0493565" lon="110.4378372"/>
 <node id="7564788184" visible="true" version="1" changeset="85864380" timestamp="2020-05-28T05:12:04Z" user="LavenderBay" uid="10409666" lat="-7.0491848" lon="110.4374228"/>
 <node id="7564799385" visible="true" version="1" changeset="85864380" timestamp="2020-05-28T05:12:04Z" user="LavenderBay" uid="10409666" lat="-7.0526034" lon="110.4350203"/>
 <node id="7564799386" visible="true" version="1" changeset="85864380" timestamp="2020-05-28T05:12:04Z" user="LavenderBay" uid="10409666" lat="-7.0525814" lon="110.4350102"/>
 <node id="7564799387" visible="true" version="2" changeset="118762460" timestamp="2022-03-22T06:01:57Z" user="ChapmansPeak" uid="10652971" lat="-7.0525351" lon="110.4348140"/>
 <node id="7564799388" visible="true" version="1" changeset="85864380" timestamp="2020-05-28T05:12:04Z" user="LavenderBay" uid="10409666" lat="-7.0525056" lon="110.4348137"/>
 <node id="7564799389" visible="true" version="1" changeset="85864380" timestamp="2020-05-28T05:12:04Z" user="LavenderBay" uid="10409666" lat="-7.0521535" lon="110.4347923"/>
 <node id="7564799390" visible="true" version="1" changeset="85864380" timestamp="2020-05-28T05:12:04Z" user="LavenderBay" uid="10409666" lat="-7.0521416" lon="110.4347681"/>
 <node id="7564799391" visible="true" version="1" changeset="85864380" timestamp="2020-05-28T05:12:04Z" user="LavenderBay" uid="10409666" lat="-7.0521276" lon="110.4343691"/>
 <node id="7564799392" visible="true" version="1" changeset="85864380" timestamp="2020-05-28T05:12:04Z" user="LavenderBay" uid="10409666" lat="-7.0521050" lon="110.4343437"/>
 <node id="7564799393" visible="true" version="1" changeset="85864380" timestamp="2020-05-28T05:12:04Z" user="LavenderBay" uid="10409666" lat="-7.0517010" lon="110.4338361"/>
 <node id="7564799394" visible="true" version="1" changeset="85864380" timestamp="2020-05-28T05:12:04Z" user="LavenderBay" uid="10409666" lat="-7.0517203" lon="110.4338039"/>
 <node id="7564799395" visible="true" version="3" changeset="118869052" timestamp="2022-03-24T15:06:58Z" user="PointeDesAlmadies" uid="10334775" lat="-7.0516953" lon="110.4354028"/>
 <node id="7564799396" visible="true" version="5" changeset="174174481" timestamp="2025-11-04T03:54:18Z" user="martinmbaihaqi" uid="1840603" lat="-7.0516734" lon="110.4354541">
  <tag k="access" v="permissive"/>
  <tag k="barrier" v="gate"/>
 </node>
 <node id="7564799397" visible="true" version="1" changeset="85864380" timestamp="2020-05-28T05:12:04Z" user="LavenderBay" uid="10409666" lat="-7.0515446" lon="110.4367027"/>
 <node id="7564799398" visible="true" version="3" changeset="118848531" timestamp="2022-03-24T06:35:11Z" user="PointeDesAlmadies" uid="10334775" lat="-7.0516950" lon="110.4365357"/>
 <node id="7564799399" visible="true" version="3" changeset="118890964" timestamp="2022-03-25T04:47:42Z" user="PointeDesAlmadies" uid="10334775" lat="-7.0509247" lon="110.4368445"/>
 <node id="7564799400" visible="true" version="3" changeset="118890964" timestamp="2022-03-25T04:47:42Z" user="PointeDesAlmadies" uid="10334775" lat="-7.0509883" lon="110.4369441"/>
 <node id="7564799401" visible="true" version="2" changeset="103903155" timestamp="2021-04-30T10:07:18Z" user="Plekhanov" uid="10409550" lat="-7.0515426" lon="110.4373913"/>
 <node id="7564799402" visible="true" version="2" changeset="103903155" timestamp="2021-04-30T10:07:18Z" user="Plekhanov" uid="10409550" lat="-7.0514468" lon="110.4376025"/>
 <node id="7564799403" visible="true" version="2" changeset="118890964" timestamp="2022-03-25T04:47:42Z" user="PointeDesAlmadies" uid="10334775" lat="-7.0513210" lon="110.4376347"/>
 <node id="7564799404" visible="true" version="3" changeset="118890964" timestamp="2022-03-25T04:47:42Z" user="PointeDesAlmadies" uid="10334775" lat="-7.0515440" lon="110.4372720"/>
 <node id="7564799405" visible="true" version="3" changeset="118890964" timestamp="2022-03-25T04:47:42Z" user="PointeDesAlmadies" uid="10334775" lat="-7.0514801" lon="110.4371070"/>
 <node id="7564799406" visible="true" version="3" changeset="118890964" timestamp="2022-03-25T04:47:42Z" user="PointeDesAlmadies" uid="10334775" lat="-7.0513769" lon="110.4370856"/>
 <node id="7564799407" visible="true" version="3" changeset="118890964" timestamp="2022-03-25T04:47:42Z" user="PointeDesAlmadies" uid="10334775" lat="-7.0512199" lon="110.4371761">
  <tag k="barrier" v="lift_gate"/>
 </node>
 <node id="7564799408" visible="true" version="1" changeset="85864380" timestamp="2020-05-28T05:12:04Z" user="LavenderBay" uid="10409666" lat="-7.0512877" lon="110.4375288"/>
 <node id="7564799409" visible="true" version="1" changeset="85864380" timestamp="2020-05-28T05:12:04Z" user="LavenderBay" uid="10409666" lat="-7.0513916" lon="110.4374175"/>
 <node id="7564799410" visible="true" version="3" changeset="118890964" timestamp="2022-03-25T04:47:42Z" user="PointeDesAlmadies" uid="10334775" lat="-7.0513816" lon="110.4371754"/>
 <node id="7564799411" visible="true" version="2" changeset="118890964" timestamp="2022-03-25T04:47:42Z" user="PointeDesAlmadies" uid="10334775" lat="-7.0510753" lon="110.4374143"/>
 <node id="7564799412" visible="true" version="2" changeset="118890964" timestamp="2022-03-25T04:47:42Z" user="PointeDesAlmadies" uid="10334775" lat="-7.0510453" lon="110.4373829"/>
 <node id="7564799413" visible="true" version="3" changeset="118890964" timestamp="2022-03-25T04:47:42Z" user="PointeDesAlmadies" uid="10334775" lat="-7.0510423" lon="110.4372577"/>
 <node id="7564799414" visible="true" version="3" changeset="118890964" timestamp="2022-03-25T04:47:42Z" user="PointeDesAlmadies" uid="10334775" lat="-7.0512208" lon="110.4372291"/>
 <node id="7564799415" visible="true" version="2" changeset="118890964" timestamp="2022-03-25T04:47:42Z" user="PointeDesAlmadies" uid="10334775" lat="-7.0512602" lon="110.4373080"/>
 <node id="7564799416" visible="true" version="2" changeset="118890964" timestamp="2022-03-25T04:47:42Z" user="PointeDesAlmadies" uid="10334775" lat="-7.0512344" lon="110.4373924"/>
 <node id="7564799417" visible="true" version="2" changeset="118890964" timestamp="2022-03-25T04:47:42Z" user="PointeDesAlmadies" uid="10334775" lat="-7.0511578" lon="110.4374352"/>
 <node id="7564799418" visible="true" version="2" changeset="118890964" timestamp="2022-03-25T04:47:42Z" user="PointeDesAlmadies" uid="10334775" lat="-7.0511146" lon="110.4374325"/>
 <node id="7564799419" visible="true" version="2" changeset="112400962" timestamp="2021-10-12T06:04:38Z" user="Okavango77" uid="9320580" lat="-7.0518853" lon="110.4390784"/>
 <node id="7564799420" visible="true" version="2" changeset="112400962" timestamp="2021-10-12T06:04:38Z" user="Okavango77" uid="9320580" lat="-7.0518068" lon="110.4396175"/>
 <node id="7564799428" visible="true" version="1" changeset="85864380" timestamp="2020-05-28T05:12:04Z" user="LavenderBay" uid="10409666" lat="-7.0536600" lon="110.4395591"/>
 <node id="7565146071" visible="true" version="1" changeset="85872004" timestamp="2020-05-28T07:24:20Z" user="LavenderBay" uid="10409666" lat="-7.0492114" lon="110.4388203"/>
 <node id="7565146072" visible="true" version="1" changeset="85872004" timestamp="2020-05-28T07:24:20Z" user="LavenderBay" uid="10409666" lat="-7.0492001" lon="110.4388008"/>
 <node id="7565146073" visible="true" version="2" changeset="118850134" timestamp="2022-03-24T07:25:13Z" user="PointeDesAlmadies" uid="10334775" lat="-7.0508139" lon="110.4377688"/>
 <node id="7565146074" visible="true" version="2" changeset="118850134" timestamp="2022-03-24T07:25:13Z" user="PointeDesAlmadies" uid="10334775" lat="-7.0507913" lon="110.4376300"/>
 <node id="7565146075" visible="true" version="1" changeset="85872004" timestamp="2020-05-28T07:24:20Z" user="LavenderBay" uid="10409666" lat="-7.0508179" lon="110.4374825"/>
 <node id="7565146076" visible="true" version="1" changeset="85872004" timestamp="2020-05-28T07:24:20Z" user="LavenderBay" uid="10409666" lat="-7.0503942" lon="110.4358601"/>
 <node id="7565146077" visible="true" version="1" changeset="85872004" timestamp="2020-05-28T07:24:20Z" user="LavenderBay" uid="10409666" lat="-7.0504153" lon="110.4359372"/>
 <node id="7565146078" visible="true" version="2" changeset="118850134" timestamp="2022-03-24T07:25:13Z" user="PointeDesAlmadies" uid="10334775" lat="-7.0507554" lon="110.4376844"/>
 <node id="7565146079" visible="true" version="1" changeset="85872004" timestamp="2020-05-28T07:24:20Z" user="LavenderBay" uid="10409666" lat="-7.0506773" lon="110.4369136"/>
 <node id="7565146080" visible="true" version="1" changeset="85872004" timestamp="2020-05-28T07:24:20Z" user="LavenderBay" uid="10409666" lat="-7.0507106" lon="110.4370305"/>
 <node id="7565146081" visible="true" version="1" changeset="85872004" timestamp="2020-05-28T07:24:20Z" user="LavenderBay" uid="10409666" lat="-7.0507381" lon="110.4371348"/>
 <node id="7565146082" visible="true" version="1" changeset="85872004" timestamp="2020-05-28T07:24:20Z" user="LavenderBay" uid="10409666" lat="-7.0507983" lon="110.4373646"/>
 <node id="7565146083" visible="true" version="1" changeset="85872004" timestamp="2020-05-28T07:24:20Z" user="LavenderBay" uid="10409666" lat="-7.0504346" lon="110.4360453"/>
 <node id="7565146084" visible="true" version="2" changeset="118850134" timestamp="2022-03-24T07:25:13Z" user="PointeDesAlmadies" uid="10334775" lat="-7.0506695" lon="110.4377796"/>
 <node id="7565149885" visible="true" version="2" changeset="118850134" timestamp="2022-03-24T07:25:13Z" user="PointeDesAlmadies" uid="10334775" lat="-7.0507148" lon="110.4377313"/>
 <node id="7565149886" visible="true" version="2" changeset="118850134" timestamp="2022-03-24T07:25:13Z" user="PointeDesAlmadies" uid="10334775" lat="-7.0508159" lon="110.4375771"/>
 <node id="7565149887" visible="true" version="2" changeset="118850134" timestamp="2022-03-24T07:25:13Z" user="PointeDesAlmadies" uid="10334775" lat="-7.0505990" lon="110.4378399"/>
 <node id="7565149888" visible="true" version="4" changeset="103903155" timestamp="2021-04-30T10:07:18Z" user="Plekhanov" uid="10409550" lat="-7.0499971" lon="110.4383350"/>
 <node id="7565149893" visible="true" version="2" changeset="103903155" timestamp="2021-04-30T10:07:18Z" user="Plekhanov" uid="10409550" lat="-7.0496760" lon="110.4350263"/>
 <node id="7565149894" visible="true" version="2" changeset="103903155" timestamp="2021-04-30T10:07:18Z" user="Plekhanov" uid="10409550" lat="-7.0496134" lon="110.4348104"/>
 <node id="7565149895" visible="true" version="2" changeset="103903155" timestamp="2021-04-30T10:07:18Z" user="Plekhanov" uid="10409550" lat="-7.0495682" lon="110.4345556"/>
 <node id="7565149896" visible="true" version="2" changeset="103903155" timestamp="2021-04-30T10:07:18Z" user="Plekhanov" uid="10409550" lat="-7.0495721" lon="110.4344979"/>
 <node id="7565149897" visible="true" version="2" changeset="103903155" timestamp="2021-04-30T10:07:18Z" user="Plekhanov" uid="10409550" lat="-7.0495961" lon="110.4344724"/>
 <node id="7565149898" visible="true" version="2" changeset="103903155" timestamp="2021-04-30T10:07:18Z" user="Plekhanov" uid="10409550" lat="-7.0497678" lon="110.4343853"/>
 <node id="7565149899" visible="true" version="2" changeset="103903155" timestamp="2021-04-30T10:07:18Z" user="Plekhanov" uid="10409550" lat="-7.0501977" lon="110.4341975"/>
 <node id="7565149900" visible="true" version="2" changeset="103903155" timestamp="2021-04-30T10:07:18Z" user="Plekhanov" uid="10409550" lat="-7.0502456" lon="110.4341781"/>
 <node id="7565149901" visible="true" version="2" changeset="103903155" timestamp="2021-04-30T10:07:18Z" user="Plekhanov" uid="10409550" lat="-7.0502882" lon="110.4341794"/>
 <node id="7565149902" visible="true" version="2" changeset="103903155" timestamp="2021-04-30T10:07:18Z" user="Plekhanov" uid="10409550" lat="-7.0503162" lon="110.4341854"/>
 <node id="7565149903" visible="true" version="2" changeset="103903155" timestamp="2021-04-30T10:07:18Z" user="Plekhanov" uid="10409550" lat="-7.0503414" lon="110.4342123"/>
 <node id="7565149904" visible="true" version="2" changeset="103903155" timestamp="2021-04-30T10:07:18Z" user="Plekhanov" uid="10409550" lat="-7.0504093" lon="110.4343611"/>
 <node id="7565149905" visible="true" version="2" changeset="103903155" timestamp="2021-04-30T10:07:18Z" user="Plekhanov" uid="10409550" lat="-7.0506240" lon="110.4348311"/>
 <node id="7565768226" visible="true" version="3" changeset="118868949" timestamp="2022-03-24T15:04:11Z" user="PointeDesAlmadies" uid="10334775" lat="-7.0518022" lon="110.4355993"/>
 <node id="7565768227" visible="true" version="4" changeset="118868949" timestamp="2022-03-24T15:04:11Z" user="PointeDesAlmadies" uid="10334775" lat="-7.0518364" lon="110.4355634"/>
 <node id="7565768228" visible="true" version="2" changeset="118869052" timestamp="2022-03-24T15:06:58Z" user="PointeDesAlmadies" uid="10334775" lat="-7.0518095" lon="110.4354588"/>
 <node id="7565768229" visible="true" version="3" changeset="118868949" timestamp="2022-03-24T15:04:11Z" user="PointeDesAlmadies" uid="10334775" lat="-7.0518248" lon="110.4355822"/>
 <node id="7565768230" visible="true" version="2" changeset="118854627" timestamp="2022-03-24T09:15:34Z" user="PointeDesAlmadies" uid="10334775" lat="-7.0518391" lon="110.4355352"/>
 <node id="7565768231" visible="true" version="1" changeset="85883758" timestamp="2020-05-28T10:31:41Z" user="LavenderBay" uid="10409666" lat="-7.0518354" lon="110.4354977"/>
 <node id="7565768232" visible="true" version="4" changeset="174176005" timestamp="2025-11-04T05:37:07Z" user="martinmbaihaqi" uid="1840603" lat="-7.0517030" lon="110.4361220"/>
 <node id="7565768233" visible="true" version="3" changeset="174176005" timestamp="2025-11-04T05:37:07Z" user="martinmbaihaqi" uid="1840603" lat="-7.0517455" lon="110.4362013"/>
 <node id="7565768234" visible="true" version="1" changeset="85883758" timestamp="2020-05-28T10:31:41Z" user="LavenderBay" uid="10409666" lat="-7.0516192" lon="110.4398402"/>
 <node id="7565768235" visible="true" version="5" changeset="174174481" timestamp="2025-11-04T03:54:18Z" user="martinmbaihaqi" uid="1840603" lat="-7.0517589" lon="110.4356087">
  <tag k="access" v="permissive"/>
  <tag k="barrier" v="gate"/>
 </node>
 <node id="7565768236" visible="true" version="2" changeset="118854627" timestamp="2022-03-24T09:15:34Z" user="PointeDesAlmadies" uid="10334775" lat="-7.0517203" lon="110.4356968"/>
 <node id="7565768237" visible="true" version="2" changeset="118869052" timestamp="2022-03-24T15:06:58Z" user="PointeDesAlmadies" uid="10334775" lat="-7.0519552" lon="110.4352905"/>
 <node id="7565768238" visible="true" version="2" changeset="118869052" timestamp="2022-03-24T15:06:58Z" user="PointeDesAlmadies" uid="10334775" lat="-7.0519925" lon="110.4353180"/>
 <node id="7565768240" visible="true" version="4" changeset="179096513" timestamp="2026-02-26T17:51:11Z" user="Lauxsin" uid="13967634" lat="-7.0496334" lon="110.4390529"/>
 <node id="7565768241" visible="true" version="5" changeset="179096513" timestamp="2026-02-26T17:51:11Z" user="Lauxsin" uid="13967634" lat="-7.0498190" lon="110.4390261"/>
 <node id="7565768242" visible="true" version="1" changeset="85883758" timestamp="2020-05-28T10:31:41Z" user="LavenderBay" uid="10409666" lat="-7.0495906" lon="110.4390090"/>
 <node id="7565768260" visible="true" version="2" changeset="118761124" timestamp="2022-03-22T05:02:02Z" user="ChapmansPeak" uid="10652971" lat="-7.0516943" lon="110.4340640"/>
 <node id="7565768261" visible="true" version="2" changeset="118761124" timestamp="2022-03-22T05:02:02Z" user="ChapmansPeak" uid="10652971" lat="-7.0511813" lon="110.4340902"/>
 <node id="7565768262" visible="true" version="2" changeset="118761124" timestamp="2022-03-22T05:02:02Z" user="ChapmansPeak" uid="10652971" lat="-7.0511067" lon="110.4340808"/>
 <node id="7565768263" visible="true" version="1" changeset="85883758" timestamp="2020-05-28T10:31:41Z" user="LavenderBay" uid="10409666" lat="-7.0510588" lon="110.4340580"/>
 <node id="7565768264" visible="true" version="1" changeset="85883758" timestamp="2020-05-28T10:31:41Z" user="LavenderBay" uid="10409666" lat="-7.0510349" lon="110.4339883"/>
 <node id="7565768265" visible="true" version="1" changeset="85883758" timestamp="2020-05-28T10:31:41Z" user="LavenderBay" uid="10409666" lat="-7.0510295" lon="110.4336664"/>
 <node id="7565768266" visible="true" version="4" changeset="118869052" timestamp="2022-03-24T15:06:58Z" user="PointeDesAlmadies" uid="10334775" lat="-7.0516880" lon="110.4354253"/>
 <node id="7565768267" visible="true" version="3" changeset="118862914" timestamp="2022-03-24T12:27:55Z" user="PointeDesAlmadies" uid="10334775" lat="-7.0519998" lon="110.4355761"/>
 <node id="7565768268" visible="true" version="2" changeset="118869052" timestamp="2022-03-24T15:06:58Z" user="PointeDesAlmadies" uid="10334775" lat="-7.0518261" lon="110.4352670"/>
 <node id="7565768269" visible="true" version="2" changeset="118862914" timestamp="2022-03-24T12:27:55Z" user="PointeDesAlmadies" uid="10334775" lat="-7.0520045" lon="110.4356841"/>
 <node id="7565768270" visible="true" version="2" changeset="118862914" timestamp="2022-03-24T12:27:55Z" user="PointeDesAlmadies" uid="10334775" lat="-7.0520005" lon="110.4356305"/>
 <node id="7565768271" visible="true" version="2" changeset="118862914" timestamp="2022-03-24T12:27:55Z" user="PointeDesAlmadies" uid="10334775" lat="-7.0520031" lon="110.4355205"/>
 <node id="7565768272" visible="true" version="1" changeset="85883758" timestamp="2020-05-28T10:31:41Z" user="LavenderBay" uid="10409666" lat="-7.0520045" lon="110.4354682"/>
 <node id="7565768273" visible="true" version="1" changeset="85883758" timestamp="2020-05-28T10:31:41Z" user="LavenderBay" uid="10409666" lat="-7.0520051" lon="110.4353642"/>
 <node id="7565768274" visible="true" version="2" changeset="118869052" timestamp="2022-03-24T15:06:58Z" user="PointeDesAlmadies" uid="10334775" lat="-7.0518820" lon="110.4352717"/>
 <node id="7565768275" visible="true" version="2" changeset="103903155" timestamp="2021-04-30T10:07:18Z" user="Plekhanov" uid="10409550" lat="-7.0497132" lon="110.4380498"/>
 <node id="7565768276" visible="true" version="2" changeset="103903155" timestamp="2021-04-30T10:07:18Z" user="Plekhanov" uid="10409550" lat="-7.0497651" lon="110.4380780"/>
 <node id="7565768277" visible="true" version="2" changeset="103903155" timestamp="2021-04-30T10:07:18Z" user="Plekhanov" uid="10409550" lat="-7.0496660" lon="110.4380404"/>
 <node id="7565768278" visible="true" version="1" changeset="85883758" timestamp="2020-05-28T10:31:41Z" user="LavenderBay" uid="10409666" lat="-7.0517483" lon="110.4364291"/>
 <node id="7565768279" visible="true" version="2" changeset="118854627" timestamp="2022-03-24T09:15:34Z" user="PointeDesAlmadies" uid="10334775" lat="-7.0515669" lon="110.4355356"/>
 <node id="7565768280" visible="true" version="4" changeset="172691392" timestamp="2025-10-01T07:11:14Z" user="GrabID_Utami Gendis" uid="10036729" lat="-7.0515187" lon="110.4356506">
  <tag k="access" v="no"/>
  <tag k="barrier" v="lift_gate"/>
 </node>
 <node id="7568653528" visible="true" version="1" changeset="85931129" timestamp="2020-05-29T08:27:39Z" user="LavenderBay" uid="10409666" lat="-7.0514555" lon="110.4356674"/>
 <node id="7568653529" visible="true" version="2" changeset="178107982" timestamp="2026-02-04T18:59:01Z" user="Haritron" uid="19161555" lat="-7.0483829" lon="110.4349927"/>
 <node id="7568653530" visible="true" version="2" changeset="178107982" timestamp="2026-02-04T18:59:01Z" user="Haritron" uid="19161555" lat="-7.0486185" lon="110.4349250"/>
 <node id="7568653531" visible="true" version="2" changeset="178107982" timestamp="2026-02-04T18:59:01Z" user="Haritron" uid="19161555" lat="-7.0486418" lon="110.4349143"/>
 <node id="7568653532" visible="true" version="2" changeset="178107982" timestamp="2026-02-04T18:59:01Z" user="Haritron" uid="19161555" lat="-7.0486544" lon="110.4348995"/>
 <node id="7568653533" visible="true" version="2" changeset="178107982" timestamp="2026-02-04T18:59:01Z" user="Haritron" uid="19161555" lat="-7.0486584" lon="110.4348734"/>
 <node id="7568653534" visible="true" version="2" changeset="178107982" timestamp="2026-02-04T18:59:01Z" user="Haritron" uid="19161555" lat="-7.0486551" lon="110.4348506"/>
 <node id="7568653535" visible="true" version="1" changeset="85931129" timestamp="2020-05-29T08:27:39Z" user="LavenderBay" uid="10409666" lat="-7.0486418" lon="110.4348050"/>
 <node id="7568653536" visible="true" version="1" changeset="85931129" timestamp="2020-05-29T08:27:39Z" user="LavenderBay" uid="10409666" lat="-7.0485599" lon="110.4345527"/>
 <node id="7645257552" visible="true" version="3" changeset="103903155" timestamp="2021-04-30T10:07:18Z" user="Plekhanov" uid="10409550" lat="-7.0499804" lon="110.4383646"/>
 <node id="8585787818" visible="true" version="2" changeset="118848531" timestamp="2022-03-24T06:35:11Z" user="PointeDesAlmadies" uid="10334775" lat="-7.0503095" lon="110.4387090"/>
 <node id="8585787819" visible="true" version="2" changeset="118848531" timestamp="2022-03-24T06:35:11Z" user="PointeDesAlmadies" uid="10334775" lat="-7.0503354" lon="110.4387411"/>
 <node id="8585787820" visible="true" version="2" changeset="118850134" timestamp="2022-03-24T07:25:13Z" user="PointeDesAlmadies" uid="10334775" lat="-7.0507121" lon="110.4391374"/>
 <node id="8585787821" visible="true" version="1" changeset="102182075" timestamp="2021-04-02T09:54:09Z" user="mana_sa" uid="11585582" lat="-7.0506808" lon="110.4389437"/>
 <node id="8585787822" visible="true" version="1" changeset="102182075" timestamp="2021-04-02T09:54:09Z" user="mana_sa" uid="11585582" lat="-7.0506675" lon="110.4389061"/>
 <node id="8585787823" visible="true" version="1" changeset="102182075" timestamp="2021-04-02T09:54:09Z" user="mana_sa" uid="11585582" lat="-7.0506529" lon="110.4388873"/>
 <node id="8585787824" visible="true" version="1" changeset="102182075" timestamp="2021-04-02T09:54:09Z" user="mana_sa" uid="11585582" lat="-7.0506289" lon="110.4388726"/>
 <node id="8585787825" visible="true" version="2" changeset="118848531" timestamp="2022-03-24T06:35:11Z" user="PointeDesAlmadies" uid="10334775" lat="-7.0504266" lon="110.4387827"/>
 <node id="8585787826" visible="true" version="2" changeset="118848531" timestamp="2022-03-24T06:35:11Z" user="PointeDesAlmadies" uid="10334775" lat="-7.0502869" lon="110.4386546"/>
 <node id="8585787827" visible="true" version="2" changeset="118848531" timestamp="2022-03-24T06:35:11Z" user="PointeDesAlmadies" uid="10334775" lat="-7.0502602" lon="110.4385386"/>
 <node id="8585787828" visible="true" version="4" changeset="118867402" timestamp="2022-03-24T14:26:39Z" user="PointeDesAlmadies" uid="10334775" lat="-7.0501671" lon="110.4382268"/>
 <node id="8585818223" visible="true" version="2" changeset="118848531" timestamp="2022-03-24T06:35:11Z" user="PointeDesAlmadies" uid="10334775" lat="-7.0499435" lon="110.4369085"/>
 <node id="8585818224" visible="true" version="2" changeset="118848531" timestamp="2022-03-24T06:35:11Z" user="PointeDesAlmadies" uid="10334775" lat="-7.0500460" lon="110.4368663"/>
 <node id="8585818225" visible="true" version="2" changeset="118848531" timestamp="2022-03-24T06:35:11Z" user="PointeDesAlmadies" uid="10334775" lat="-7.0500905" lon="110.4368495"/>
 <node id="8585818226" visible="true" version="2" changeset="118848531" timestamp="2022-03-24T06:35:11Z" user="PointeDesAlmadies" uid="10334775" lat="-7.0501338" lon="110.4368321"/>
 <node id="8585818227" visible="true" version="2" changeset="118848531" timestamp="2022-03-24T06:35:11Z" user="PointeDesAlmadies" uid="10334775" lat="-7.0501724" lon="110.4368167"/>
 <node id="8585818228" visible="true" version="2" changeset="118848531" timestamp="2022-03-24T06:35:11Z" user="PointeDesAlmadies" uid="10334775" lat="-7.0502150" lon="110.4368019"/>
 <node id="8585818229" visible="true" version="1" changeset="102182897" timestamp="2021-04-02T10:05:03Z" user="mana_sa" uid="11585582" lat="-7.0502509" lon="110.4367965"/>
 <node id="8585818230" visible="true" version="1" changeset="102182897" timestamp="2021-04-02T10:05:03Z" user="mana_sa" uid="11585582" lat="-7.0503015" lon="110.4367872"/>
 <node id="8585818231" visible="true" version="1" changeset="102182897" timestamp="2021-04-02T10:05:03Z" user="mana_sa" uid="11585582" lat="-7.0503241" lon="110.4367872"/>
 <node id="8585818232" visible="true" version="1" changeset="102182897" timestamp="2021-04-02T10:05:03Z" user="mana_sa" uid="11585582" lat="-7.0503574" lon="110.4367885"/>
 <node id="8585818233" visible="true" version="1" changeset="102182897" timestamp="2021-04-02T10:05:03Z" user="mana_sa" uid="11585582" lat="-7.0506458" lon="110.4368009"/>
 <node id="8586094377" visible="true" version="1" changeset="102187473" timestamp="2021-04-02T11:06:50Z" user="mana_sa" uid="11585582" lat="-7.0503248" lon="110.4361692"/>
 <node id="8586094378" visible="true" version="2" changeset="118857240" timestamp="2022-03-24T10:13:00Z" user="PointeDesAlmadies" uid="10334775" lat="-7.0505258" lon="110.4367872"/>
 <node id="8586094379" visible="true" version="1" changeset="102187473" timestamp="2021-04-02T11:06:50Z" user="mana_sa" uid="11585582" lat="-7.0503361" lon="110.4361837"/>
 <node id="8586094380" visible="true" version="1" changeset="102187473" timestamp="2021-04-02T11:06:50Z" user="mana_sa" uid="11585582" lat="-7.0503135" lon="110.4361609"/>
 <node id="8586094381" visible="true" version="1" changeset="102187473" timestamp="2021-04-02T11:06:50Z" user="mana_sa" uid="11585582" lat="-7.0502496" lon="110.4361247"/>
 <node id="8586098444" visible="true" version="2" changeset="112400962" timestamp="2021-10-12T06:04:38Z" user="Okavango77" uid="9320580" lat="-7.0518936" lon="110.4394117"/>
 <node id="8586103190" visible="true" version="1" changeset="102188100" timestamp="2021-04-02T11:15:11Z" user="mana_sa" uid="11585582" lat="-7.0471767" lon="110.4389806"/>
 <node id="8586110657" visible="true" version="1" changeset="102187345" timestamp="2021-04-02T11:05:24Z" user="mana_sa" uid="11585582" lat="-7.0497891" lon="110.4372753"/>
 <node id="8586110658" visible="true" version="1" changeset="102187345" timestamp="2021-04-02T11:05:24Z" user="mana_sa" uid="11585582" lat="-7.0507261" lon="110.4370893"/>
 <node id="8586110660" visible="true" version="1" changeset="102187345" timestamp="2021-04-02T11:05:24Z" user="mana_sa" uid="11585582" lat="-7.0507185" lon="110.4370606"/>
 <node id="8682767806" visible="true" version="1" changeset="103901972" timestamp="2021-04-30T09:51:23Z" user="Plekhanov" uid="10409550" lat="-7.0475158" lon="110.4349203"/>
 <node id="8682767807" visible="true" version="1" changeset="103901972" timestamp="2021-04-30T09:51:23Z" user="Plekhanov" uid="10409550" lat="-7.0476329" lon="110.4348506"/>
 <node id="8682767808" visible="true" version="1" changeset="103901972" timestamp="2021-04-30T09:51:23Z" user="Plekhanov" uid="10409550" lat="-7.0481467" lon="110.4347393"/>
 <node id="8682767809" visible="true" version="1" changeset="103901972" timestamp="2021-04-30T09:51:23Z" user="Plekhanov" uid="10409550" lat="-7.0484288" lon="110.4346897"/>
 <node id="8682767810" visible="true" version="1" changeset="103901972" timestamp="2021-04-30T09:51:23Z" user="Plekhanov" uid="10409550" lat="-7.0487909" lon="110.4345489"/>
 <node id="8682767811" visible="true" version="1" changeset="103901972" timestamp="2021-04-30T09:51:23Z" user="Plekhanov" uid="10409550" lat="-7.0497239" lon="110.4341868"/>
 <node id="8682767812" visible="true" version="1" changeset="103901972" timestamp="2021-04-30T09:51:23Z" user="Plekhanov" uid="10409550" lat="-7.0501311" lon="110.4340379"/>
 <node id="8682767813" visible="true" version="1" changeset="103901972" timestamp="2021-04-30T09:51:23Z" user="Plekhanov" uid="10409550" lat="-7.0478166" lon="110.4358551"/>
 <node id="8682767814" visible="true" version="1" changeset="103901972" timestamp="2021-04-30T09:51:23Z" user="Plekhanov" uid="10409550" lat="-7.0481107" lon="110.4360080"/>
 <node id="8682767815" visible="true" version="1" changeset="103901972" timestamp="2021-04-30T09:51:23Z" user="Plekhanov" uid="10409550" lat="-7.0480295" lon="110.4359449"/>
 <node id="8682767816" visible="true" version="1" changeset="103901972" timestamp="2021-04-30T09:51:23Z" user="Plekhanov" uid="10409550" lat="-7.0479231" lon="110.4358980"/>
 <node id="8682798497" visible="true" version="2" changeset="118867402" timestamp="2022-03-24T14:26:39Z" user="PointeDesAlmadies" uid="10334775" lat="-7.0500772" lon="110.4381712"/>
 <node id="8682798498" visible="true" version="1" changeset="103903155" timestamp="2021-04-30T10:07:18Z" user="Plekhanov" uid="10409550" lat="-7.0492361" lon="110.4381638"/>
 <node id="8682798499" visible="true" version="1" changeset="103903155" timestamp="2021-04-30T10:07:18Z" user="Plekhanov" uid="10409550" lat="-7.0494548" lon="110.4381220"/>
 <node id="8682798500" visible="true" version="3" changeset="179096513" timestamp="2026-02-26T17:51:11Z" user="Lauxsin" uid="13967634" lat="-7.0498714" lon="110.4386142"/>
 <node id="8682798501" visible="true" version="2" changeset="118850134" timestamp="2022-03-24T07:25:13Z" user="PointeDesAlmadies" uid="10334775" lat="-7.0492440" lon="110.4388545"/>
 <node id="8682798502" visible="true" version="1" changeset="103903155" timestamp="2021-04-30T10:07:18Z" user="Plekhanov" uid="10409550" lat="-7.0492015" lon="110.4386721"/>
 <node id="8682798503" visible="true" version="1" changeset="103903155" timestamp="2021-04-30T10:07:18Z" user="Plekhanov" uid="10409550" lat="-7.0491469" lon="110.4385983"/>
 <node id="8682798504" visible="true" version="2" changeset="118890964" timestamp="2022-03-25T04:47:42Z" user="PointeDesAlmadies" uid="10334775" lat="-7.0515400" lon="110.4371935"/>
 <node id="8682810017" visible="true" version="1" changeset="103901972" timestamp="2021-04-30T09:51:23Z" user="Plekhanov" uid="10409550" lat="-7.0475118" lon="110.4356687"/>
 <node id="8682810018" visible="true" version="1" changeset="103901972" timestamp="2021-04-30T09:51:23Z" user="Plekhanov" uid="10409550" lat="-7.0471165" lon="110.4353280"/>
 <node id="8682810019" visible="true" version="1" changeset="103901972" timestamp="2021-04-30T09:51:23Z" user="Plekhanov" uid="10409550" lat="-7.0471178" lon="110.4352824"/>
 <node id="8682810020" visible="true" version="1" changeset="103901972" timestamp="2021-04-30T09:51:23Z" user="Plekhanov" uid="10409550" lat="-7.0473947" lon="110.4376428"/>
 <node id="8682810021" visible="true" version="1" changeset="103901972" timestamp="2021-04-30T09:51:23Z" user="Plekhanov" uid="10409550" lat="-7.0475291" lon="110.4375395"/>
 <node id="8682810022" visible="true" version="1" changeset="103901972" timestamp="2021-04-30T09:51:23Z" user="Plekhanov" uid="10409550" lat="-7.0476502" lon="110.4374094"/>
 <node id="8682810023" visible="true" version="1" changeset="103901972" timestamp="2021-04-30T09:51:23Z" user="Plekhanov" uid="10409550" lat="-7.0483290" lon="110.4363808"/>
 <node id="8682810024" visible="true" version="1" changeset="103901972" timestamp="2021-04-30T09:51:23Z" user="Plekhanov" uid="10409550" lat="-7.0470353" lon="110.4382409"/>
 <node id="8682810025" visible="true" version="1" changeset="103901972" timestamp="2021-04-30T09:51:23Z" user="Plekhanov" uid="10409550" lat="-7.0470047" lon="110.4381108"/>
 <node id="8682810026" visible="true" version="1" changeset="103901972" timestamp="2021-04-30T09:51:23Z" user="Plekhanov" uid="10409550" lat="-7.0472729" lon="110.4392447"/>
 <node id="8682810027" visible="true" version="1" changeset="103901972" timestamp="2021-04-30T09:51:23Z" user="Plekhanov" uid="10409550" lat="-7.0468809" lon="110.4400957"/>
 <node id="8682810028" visible="true" version="1" changeset="103901972" timestamp="2021-04-30T09:51:23Z" user="Plekhanov" uid="10409550" lat="-7.0470686" lon="110.4379016"/>
 <node id="8682810029" visible="true" version="1" changeset="103901972" timestamp="2021-04-30T09:51:23Z" user="Plekhanov" uid="10409550" lat="-7.0471458" lon="110.4378198"/>
 <node id="8682810030" visible="true" version="1" changeset="103901972" timestamp="2021-04-30T09:51:23Z" user="Plekhanov" uid="10409550" lat="-7.0480881" lon="110.4368609"/>
 <node id="8682810031" visible="true" version="1" changeset="103901972" timestamp="2021-04-30T09:51:23Z" user="Plekhanov" uid="10409550" lat="-7.0484095" lon="110.4365042"/>
 <node id="8682810032" visible="true" version="1" changeset="103901972" timestamp="2021-04-30T09:51:23Z" user="Plekhanov" uid="10409550" lat="-7.0481932" lon="110.4361367"/>
 <node id="8682810033" visible="true" version="1" changeset="103901972" timestamp="2021-04-30T09:51:23Z" user="Plekhanov" uid="10409550" lat="-7.0471338" lon="110.4353750"/>
 <node id="8682810034" visible="true" version="1" changeset="103901972" timestamp="2021-04-30T09:51:23Z" user="Plekhanov" uid="10409550" lat="-7.0471298" lon="110.4352194"/>
 <node id="8682810035" visible="true" version="1" changeset="103901972" timestamp="2021-04-30T09:51:23Z" user="Plekhanov" uid="10409550" lat="-7.0472283" lon="110.4351349"/>
 <node id="8682810036" visible="true" version="1" changeset="103901972" timestamp="2021-04-30T09:51:23Z" user="Plekhanov" uid="10409550" lat="-7.0516564" lon="110.4357867"/>
 <node id="8682810037" visible="true" version="1" changeset="103901972" timestamp="2021-04-30T09:51:23Z" user="Plekhanov" uid="10409550" lat="-7.0514634" lon="110.4353991"/>
 <node id="8682810038" visible="true" version="1" changeset="103901972" timestamp="2021-04-30T09:51:23Z" user="Plekhanov" uid="10409550" lat="-7.0512292" lon="110.4349633"/>
 <node id="8682810039" visible="true" version="1" changeset="103901972" timestamp="2021-04-30T09:51:23Z" user="Plekhanov" uid="10409550" lat="-7.0518587" lon="110.4365263"/>
 <node id="8682810040" visible="true" version="1" changeset="103901972" timestamp="2021-04-30T09:51:23Z" user="Plekhanov" uid="10409550" lat="-7.0518787" lon="110.4364640"/>
 <node id="8682810041" visible="true" version="1" changeset="103901972" timestamp="2021-04-30T09:51:23Z" user="Plekhanov" uid="10409550" lat="-7.0525056" lon="110.4369467"/>
 <node id="8682810042" visible="true" version="1" changeset="103901972" timestamp="2021-04-30T09:51:23Z" user="Plekhanov" uid="10409550" lat="-7.0525508" lon="110.4368797"/>
 <node id="8682810043" visible="true" version="1" changeset="103901972" timestamp="2021-04-30T09:51:23Z" user="Plekhanov" uid="10409550" lat="-7.0539357" lon="110.4375757"/>
 <node id="8682810071" visible="true" version="1" changeset="103901972" timestamp="2021-04-30T09:51:23Z" user="Plekhanov" uid="10409550" lat="-7.0527258" lon="110.4429274"/>
 <node id="8682810072" visible="true" version="1" changeset="103901972" timestamp="2021-04-30T09:51:23Z" user="Plekhanov" uid="10409550" lat="-7.0528243" lon="110.4429160"/>
 <node id="8682810073" visible="true" version="1" changeset="103901972" timestamp="2021-04-30T09:51:23Z" user="Plekhanov" uid="10409550" lat="-7.0529601" lon="110.4429321"/>
 <node id="8682810074" visible="true" version="1" changeset="103901972" timestamp="2021-04-30T09:51:23Z" user="Plekhanov" uid="10409550" lat="-7.0532136" lon="110.4429629"/>
 <node id="8682810075" visible="true" version="1" changeset="103901972" timestamp="2021-04-30T09:51:23Z" user="Plekhanov" uid="10409550" lat="-7.0532755" lon="110.4429636"/>
 <node id="8682810076" visible="true" version="1" changeset="103901972" timestamp="2021-04-30T09:51:23Z" user="Plekhanov" uid="10409550" lat="-7.0533368" lon="110.4429388"/>
 <node id="8682810077" visible="true" version="1" changeset="103901972" timestamp="2021-04-30T09:51:23Z" user="Plekhanov" uid="10409550" lat="-7.0537167" lon="110.4426686"/>
 <node id="8682810078" visible="true" version="1" changeset="103901972" timestamp="2021-04-30T09:51:23Z" user="Plekhanov" uid="10409550" lat="-7.0535890" lon="110.4427443"/>
 <node id="8682810079" visible="true" version="1" changeset="103901972" timestamp="2021-04-30T09:51:23Z" user="Plekhanov" uid="10409550" lat="-7.0537993" lon="110.4426438"/>
 <node id="8682810082" visible="true" version="2" changeset="136607216" timestamp="2023-05-26T23:05:47Z" user="w_djatmiko" uid="6168168" lat="-7.0486904" lon="110.4455409"/>
 <node id="8682810083" visible="true" version="1" changeset="103901972" timestamp="2021-04-30T09:51:23Z" user="Plekhanov" uid="10409550" lat="-7.0506901" lon="110.4441552"/>
 <node id="8682810084" visible="true" version="1" changeset="103901972" timestamp="2021-04-30T09:51:23Z" user="Plekhanov" uid="10409550" lat="-7.0511360" lon="110.4438038"/>
 <node id="8682810085" visible="true" version="1" changeset="103901972" timestamp="2021-04-30T09:51:23Z" user="Plekhanov" uid="10409550" lat="-7.0516524" lon="110.4433988"/>
 <node id="8682810086" visible="true" version="1" changeset="103901972" timestamp="2021-04-30T09:51:23Z" user="Plekhanov" uid="10409550" lat="-7.0522933" lon="110.4429381"/>
 <node id="8682810087" visible="true" version="1" changeset="103901972" timestamp="2021-04-30T09:51:23Z" user="Plekhanov" uid="10409550" lat="-7.0523492" lon="110.4430032"/>
 <node id="8682810088" visible="true" version="1" changeset="103901972" timestamp="2021-04-30T09:51:23Z" user="Plekhanov" uid="10409550" lat="-7.0523978" lon="110.4430287"/>
 <node id="8682810089" visible="true" version="1" changeset="103901972" timestamp="2021-04-30T09:51:23Z" user="Plekhanov" uid="10409550" lat="-7.0524410" lon="110.4430199"/>
 <node id="8682810090" visible="true" version="1" changeset="103901972" timestamp="2021-04-30T09:51:23Z" user="Plekhanov" uid="10409550" lat="-7.0526293" lon="110.4429529"/>
 <node id="8682810091" visible="true" version="2" changeset="136607216" timestamp="2023-05-26T23:05:47Z" user="w_djatmiko" uid="6168168" lat="-7.0487688" lon="110.4455717"/>
 <node id="8682810092" visible="true" version="2" changeset="136607216" timestamp="2023-05-26T23:05:47Z" user="w_djatmiko" uid="6168168" lat="-7.0484887" lon="110.4454731"/>
 <node id="8682810093" visible="true" version="1" changeset="103901972" timestamp="2021-04-30T09:51:23Z" user="Plekhanov" uid="10409550" lat="-7.0472882" lon="110.4443268"/>
 <node id="8682810094" visible="true" version="1" changeset="103901972" timestamp="2021-04-30T09:51:23Z" user="Plekhanov" uid="10409550" lat="-7.0466573" lon="110.4433317"/>
 <node id="8682810095" visible="true" version="1" changeset="103901972" timestamp="2021-04-30T09:51:23Z" user="Plekhanov" uid="10409550" lat="-7.0464856" lon="110.4430769"/>
 <node id="8682810096" visible="true" version="1" changeset="103901972" timestamp="2021-04-30T09:51:23Z" user="Plekhanov" uid="10409550" lat="-7.0461981" lon="110.4423849"/>
 <node id="8682810097" visible="true" version="1" changeset="103901972" timestamp="2021-04-30T09:51:23Z" user="Plekhanov" uid="10409550" lat="-7.0460617" lon="110.4420034"/>
 <node id="8682914367" visible="true" version="1" changeset="103904260" timestamp="2021-04-30T10:20:54Z" user="Plekhanov" uid="10409550" lat="-7.0535170" lon="110.4390097"/>
 <node id="9166262842" visible="true" version="2" changeset="118774566" timestamp="2022-03-22T11:27:06Z" user="ChapmansPeak" uid="10652971" lat="-7.0485932" lon="110.4346400">
  <tag k="access" v="permissive"/>
  <tag k="barrier" v="sliding_gate"/>
 </node>
 <node id="9166493113" visible="true" version="1" changeset="112400962" timestamp="2021-10-12T06:04:38Z" user="Okavango77" uid="9320580" lat="-7.0519080" lon="110.4393004"/>
 <node id="9166493114" visible="true" version="1" changeset="112400962" timestamp="2021-10-12T06:04:38Z" user="Okavango77" uid="9320580" lat="-7.0518640" lon="110.4394881"/>
 <node id="9166928481" visible="true" version="1" changeset="112409366" timestamp="2021-10-12T09:39:51Z" user="Okavango77" uid="9320580" lat="-7.0506848" lon="110.4338401">
  <tag k="barrier" v="lift_gate"/>
 </node>
 <node id="9167070728" visible="true" version="2" changeset="118857240" timestamp="2022-03-24T10:13:00Z" user="PointeDesAlmadies" uid="10334775" lat="-7.0505610" lon="110.4367892">
  <tag k="barrier" v="lift_gate"/>
 </node>
 <node id="9401817549" visible="true" version="1" changeset="115900072" timestamp="2022-01-08T07:18:03Z" user="TagaSanPedroAko" uid="2541613" lat="-7.0677802" lon="110.4354028">
  <tag k="design" v="three-level"/>
  <tag k="operator" v="Perusahaan Listrik Negara"/>
  <tag k="operator:short" v="PLN"/>
  <tag k="operator:wikidata" v="Q4201636"/>
  <tag k="operator:wikipedia" v="id:Perusahaan Listrik Negara"/>
  <tag k="power" v="tower"/>
 </node>
 <node id="9401817554" visible="true" version="1" changeset="115900072" timestamp="2022-01-08T07:18:03Z" user="TagaSanPedroAko" uid="2541613" lat="-7.0289948" lon="110.4410517">
  <tag k="design" v="three-level"/>
  <tag k="operator" v="Perusahaan Listrik Negara"/>
  <tag k="operator:short" v="PLN"/>
  <tag k="operator:wikidata" v="Q4201636"/>
  <tag k="operator:wikipedia" v="id:Perusahaan Listrik Negara"/>
  <tag k="power" v="tower"/>
 </node>
 <node id="9401817559" visible="true" version="2" changeset="125993182" timestamp="2022-09-09T19:51:38Z" user="rizkifza2009" uid="363094" lat="-7.0829163" lon="110.4381765">
  <tag k="design" v="three-level"/>
  <tag k="name" v="33"/>
  <tag k="operator" v="Perusahaan Listrik Negara"/>
  <tag k="operator:short" v="PLN"/>
  <tag k="operator:wikidata" v="Q4201636"/>
  <tag k="operator:wikipedia" v="id:Perusahaan Listrik Negara"/>
  <tag k="power" v="tower"/>
 </node>
 <node id="9401817566" visible="true" version="2" changeset="125993182" timestamp="2022-09-09T19:51:38Z" user="rizkifza2009" uid="363094" lat="-7.0806689" lon="110.4378839">
  <tag k="design" v="three-level"/>
  <tag k="name" v="32"/>
  <tag k="operator" v="Perusahaan Listrik Negara"/>
  <tag k="operator:short" v="PLN"/>
  <tag k="operator:wikidata" v="Q4201636"/>
  <tag k="operator:wikipedia" v="id:Perusahaan Listrik Negara"/>
  <tag k="power" v="tower"/>
 </node>
 <node id="9401817568" visible="true" version="2" changeset="138860511" timestamp="2023-07-22T15:57:16Z" user="Farras" uid="136807" lat="-7.0548423" lon="110.4333090">
  <tag k="design" v="three-level"/>
  <tag k="operator" v="Perusahaan Listrik Negara"/>
  <tag k="operator:short" v="PLN"/>
  <tag k="operator:wikidata" v="Q4201636"/>
  <tag k="operator:wikipedia" v="id:Perusahaan Listrik Negara"/>
  <tag k="power" v="tower"/>
 </node>
 <node id="9401817569" visible="true" version="1" changeset="115900072" timestamp="2022-01-08T07:18:03Z" user="TagaSanPedroAko" uid="2541613" lat="-7.0735111" lon="110.4363784">
  <tag k="design" v="three-level"/>
  <tag k="operator" v="Perusahaan Listrik Negara"/>
  <tag k="operator:short" v="PLN"/>
  <tag k="operator:wikidata" v="Q4201636"/>
  <tag k="operator:wikipedia" v="id:Perusahaan Listrik Negara"/>
  <tag k="power" v="tower"/>
 </node>
 <node id="9597201180" visible="true" version="1" changeset="118775739" timestamp="2022-03-22T11:58:01Z" user="ChapmansPeak" uid="10652971" lat="-7.0503534" lon="110.4337133"/>
 <node id="9597201181" visible="true" version="1" changeset="118775739" timestamp="2022-03-22T11:58:01Z" user="ChapmansPeak" uid="10652971" lat="-7.0502003" lon="110.4337764"/>
 <node id="9597201182" visible="true" version="1" changeset="118775739" timestamp="2022-03-22T11:58:01Z" user="ChapmansPeak" uid="10652971" lat="-7.0495190" lon="110.4338621"/>
 <node id="9597201183" visible="true" version="1" changeset="118775739" timestamp="2022-03-22T11:58:01Z" user="ChapmansPeak" uid="10652971" lat="-7.0497877" lon="110.4338528"/>
 <node id="9597201184" visible="true" version="1" changeset="118775739" timestamp="2022-03-22T11:58:01Z" user="ChapmansPeak" uid="10652971" lat="-7.0500393" lon="110.4338233"/>
 <node id="9597201185" visible="true" version="1" changeset="118775739" timestamp="2022-03-22T11:58:01Z" user="ChapmansPeak" uid="10652971" lat="-7.0505650" lon="110.4335752"/>
 <node id="9597201186" visible="true" version="1" changeset="118775739" timestamp="2022-03-22T11:58:01Z" user="ChapmansPeak" uid="10652971" lat="-7.0507580" lon="110.4334237"/>
 <node id="9597201187" visible="true" version="1" changeset="118775739" timestamp="2022-03-22T11:58:01Z" user="ChapmansPeak" uid="10652971" lat="-7.0495635" lon="110.4334807"/>
 <node id="9597201188" visible="true" version="1" changeset="118775739" timestamp="2022-03-22T11:58:01Z" user="ChapmansPeak" uid="10652971" lat="-7.0501657" lon="110.4332279"/>
 <node id="9597201189" visible="true" version="1" changeset="118775739" timestamp="2022-03-22T11:58:01Z" user="ChapmansPeak" uid="10652971" lat="-7.0502862" lon="110.4331957"/>
 <node id="9597201190" visible="true" version="1" changeset="118775739" timestamp="2022-03-22T11:58:01Z" user="ChapmansPeak" uid="10652971" lat="-7.0505031" lon="110.4331601"/>
 <node id="9597201191" visible="true" version="1" changeset="118775739" timestamp="2022-03-22T11:58:01Z" user="ChapmansPeak" uid="10652971" lat="-7.0505912" lon="110.4331680"/>
 <node id="9597201192" visible="true" version="1" changeset="118775739" timestamp="2022-03-22T11:58:01Z" user="ChapmansPeak" uid="10652971" lat="-7.0499009" lon="110.4333137"/>
 <node id="9597201193" visible="true" version="1" changeset="118775739" timestamp="2022-03-22T11:58:01Z" user="ChapmansPeak" uid="10652971" lat="-7.0496972" lon="110.4334042"/>
 <node id="9597201194" visible="true" version="1" changeset="118775739" timestamp="2022-03-22T11:58:01Z" user="ChapmansPeak" uid="10652971" lat="-7.0494696" lon="110.4335618"/>
 <node id="9602436544" visible="true" version="1" changeset="118848531" timestamp="2022-03-24T06:35:11Z" user="PointeDesAlmadies" uid="10334775" lat="-7.0503880" lon="110.4384863"/>
 <node id="9602436545" visible="true" version="1" changeset="118848531" timestamp="2022-03-24T06:35:11Z" user="PointeDesAlmadies" uid="10334775" lat="-7.0504000" lon="110.4383898"/>
 <node id="9602436546" visible="true" version="1" changeset="118848531" timestamp="2022-03-24T06:35:11Z" user="PointeDesAlmadies" uid="10334775" lat="-7.0504306" lon="110.4383388"/>
 <node id="9602436547" visible="true" version="1" changeset="118848531" timestamp="2022-03-24T06:35:11Z" user="PointeDesAlmadies" uid="10334775" lat="-7.0504865" lon="110.4382798"/>
 <node id="9602436548" visible="true" version="1" changeset="118848531" timestamp="2022-03-24T06:35:11Z" user="PointeDesAlmadies" uid="10334775" lat="-7.0497771" lon="110.4369360"/>
 <node id="9602436549" visible="true" version="1" changeset="118848531" timestamp="2022-03-24T06:35:11Z" user="PointeDesAlmadies" uid="10334775" lat="-7.0496546" lon="110.4369226"/>
 <node id="9602436550" visible="true" version="1" changeset="118848531" timestamp="2022-03-24T06:35:11Z" user="PointeDesAlmadies" uid="10334775" lat="-7.0494310" lon="110.4368167"/>
 <node id="9602436551" visible="true" version="2" changeset="118868605" timestamp="2022-03-24T14:55:39Z" user="PointeDesAlmadies" uid="10334775" lat="-7.0493326" lon="110.4367362"/>
 <node id="9602436552" visible="true" version="2" changeset="174176473" timestamp="2025-11-04T06:04:54Z" user="martinmbaihaqi" uid="1840603" lat="-7.0491901" lon="110.4364237">
  <tag k="access" v="no"/>
  <tag k="barrier" v="swing_gate"/>
 </node>
 <node id="9602436553" visible="true" version="2" changeset="118850134" timestamp="2022-03-24T07:25:13Z" user="PointeDesAlmadies" uid="10334775" lat="-7.0508419" lon="110.4372016"/>
 <node id="9602436554" visible="true" version="1" changeset="118848531" timestamp="2022-03-24T06:35:11Z" user="PointeDesAlmadies" uid="10334775" lat="-7.0515845" lon="110.4365558"/>
 <node id="9602436555" visible="true" version="1" changeset="118848531" timestamp="2022-03-24T06:35:11Z" user="PointeDesAlmadies" uid="10334775" lat="-7.0515965" lon="110.4364700"/>
 <node id="9602436556" visible="true" version="1" changeset="118848531" timestamp="2022-03-24T06:35:11Z" user="PointeDesAlmadies" uid="10334775" lat="-7.0516404" lon="110.4363942"/>
 <node id="9602436557" visible="true" version="1" changeset="118848531" timestamp="2022-03-24T06:35:11Z" user="PointeDesAlmadies" uid="10334775" lat="-7.0517010" lon="110.4363479"/>
 <node id="9602436558" visible="true" version="3" changeset="174175859" timestamp="2025-11-04T05:27:21Z" user="martinmbaihaqi" uid="1840603" lat="-7.0510575" lon="110.4356686"/>
 <node id="9602522580" visible="true" version="1" changeset="118850134" timestamp="2022-03-24T07:25:13Z" user="PointeDesAlmadies" uid="10334775" lat="-7.0496813" lon="110.4390047"/>
 <node id="9602522581" visible="true" version="1" changeset="118850134" timestamp="2022-03-24T07:25:13Z" user="PointeDesAlmadies" uid="10334775" lat="-7.0496633" lon="110.4389517"/>
 <node id="9602522582" visible="true" version="1" changeset="118850134" timestamp="2022-03-24T07:25:13Z" user="PointeDesAlmadies" uid="10334775" lat="-7.0496586" lon="110.4389016"/>
 <node id="9602522583" visible="true" version="1" changeset="118850134" timestamp="2022-03-24T07:25:13Z" user="PointeDesAlmadies" uid="10334775" lat="-7.0509097" lon="110.4375248"/>
 <node id="9602522584" visible="true" version="1" changeset="118850134" timestamp="2022-03-24T07:25:13Z" user="PointeDesAlmadies" uid="10334775" lat="-7.0509004" lon="110.4374436"/>
 <node id="9602731762" visible="true" version="1" changeset="118854627" timestamp="2022-03-24T09:15:34Z" user="PointeDesAlmadies" uid="10334775" lat="-7.0517031" lon="110.4356622"/>
 <node id="9602731763" visible="true" version="1" changeset="118854627" timestamp="2022-03-24T09:15:34Z" user="PointeDesAlmadies" uid="10334775" lat="-7.0515722" lon="110.4354626"/>
 <node id="9602731764" visible="true" version="1" changeset="118854627" timestamp="2022-03-24T09:15:34Z" user="PointeDesAlmadies" uid="10334775" lat="-7.0518754" lon="110.4361045"/>
 <node id="9602731765" visible="true" version="1" changeset="118854627" timestamp="2022-03-24T09:15:34Z" user="PointeDesAlmadies" uid="10334775" lat="-7.0517978" lon="110.4360546"/>
 <node id="9602731766" visible="true" version="1" changeset="118854627" timestamp="2022-03-24T09:15:34Z" user="PointeDesAlmadies" uid="10334775" lat="-7.0518155" lon="110.4360804"/>
 <node id="9602731767" visible="true" version="1" changeset="118854627" timestamp="2022-03-24T09:15:34Z" user="PointeDesAlmadies" uid="10334775" lat="-7.0518361" lon="110.4360921"/>
 <node id="9602731768" visible="true" version="1" changeset="118854627" timestamp="2022-03-24T09:15:34Z" user="PointeDesAlmadies" uid="10334775" lat="-7.0516471" lon="110.4357002"/>
 <node id="9602731769" visible="true" version="1" changeset="118854627" timestamp="2022-03-24T09:15:34Z" user="PointeDesAlmadies" uid="10334775" lat="-7.0516125" lon="110.4356284"/>
 <node id="9602832731" visible="true" version="2" changeset="174174749" timestamp="2025-11-04T04:12:06Z" user="martinmbaihaqi" uid="1840603" lat="-7.0484528" lon="110.4365176">
  <tag k="access" v="no"/>
  <tag k="barrier" v="swing_gate"/>
 </node>
 <node id="9602832732" visible="true" version="1" changeset="118857240" timestamp="2022-03-24T10:13:00Z" user="PointeDesAlmadies" uid="10334775" lat="-7.0494430" lon="110.4363969"/>
 <node id="9602832733" visible="true" version="1" changeset="118857240" timestamp="2022-03-24T10:13:00Z" user="PointeDesAlmadies" uid="10334775" lat="-7.0494869" lon="110.4363895"/>
 <node id="9602832734" visible="true" version="1" changeset="118857240" timestamp="2022-03-24T10:13:00Z" user="PointeDesAlmadies" uid="10334775" lat="-7.0496853" lon="110.4363406"/>
 <node id="9602832735" visible="true" version="1" changeset="118857240" timestamp="2022-03-24T10:13:00Z" user="PointeDesAlmadies" uid="10334775" lat="-7.0493931" lon="110.4363868"/>
 <node id="9602832736" visible="true" version="1" changeset="118857240" timestamp="2022-03-24T10:13:00Z" user="PointeDesAlmadies" uid="10334775" lat="-7.0493532" lon="110.4363526">
  <tag k="barrier" v="swing_gate"/>
 </node>
 <node id="9602832737" visible="true" version="1" changeset="118857240" timestamp="2022-03-24T10:13:00Z" user="PointeDesAlmadies" uid="10334775" lat="-7.0493141" lon="110.4362514"/>
 <node id="9602832738" visible="true" version="1" changeset="118857240" timestamp="2022-03-24T10:13:00Z" user="PointeDesAlmadies" uid="10334775" lat="-7.0508848" lon="110.4372160">
  <tag k="access" v="permissive"/>
  <tag k="barrier" v="swing_gate"/>
 </node>
 <node id="9602832739" visible="true" version="1" changeset="118857240" timestamp="2022-03-24T10:13:00Z" user="PointeDesAlmadies" uid="10334775" lat="-7.0507613" lon="110.4363687"/>
 <node id="9602832740" visible="true" version="2" changeset="174176051" timestamp="2025-11-04T05:40:05Z" user="martinmbaihaqi" uid="1840603" lat="-7.0507663" lon="110.4363523"/>
 <node id="9602832741" visible="true" version="2" changeset="174176051" timestamp="2025-11-04T05:40:05Z" user="martinmbaihaqi" uid="1840603" lat="-7.0507743" lon="110.4363355"/>
 <node id="9602832742" visible="true" version="1" changeset="118857240" timestamp="2022-03-24T10:13:00Z" user="PointeDesAlmadies" uid="10334775" lat="-7.0508615" lon="110.4369873">
  <tag k="access" v="permissive"/>
  <tag k="barrier" v="swing_gate"/>
 </node>
 <node id="9602832744" visible="true" version="2" changeset="151003964" timestamp="2024-05-07T10:54:20Z" user="KawdyPlateau" uid="20951900" lat="-7.0507626" lon="110.4359628"/>
 <node id="9602832745" visible="true" version="2" changeset="174176051" timestamp="2025-11-04T05:40:05Z" user="martinmbaihaqi" uid="1840603" lat="-7.0507771" lon="110.4362669"/>
 <node id="9602832746" visible="true" version="2" changeset="174176051" timestamp="2025-11-04T05:40:05Z" user="martinmbaihaqi" uid="1840603" lat="-7.0507753" lon="110.4363010"/>
 <node id="9602832747" visible="true" version="2" changeset="174176051" timestamp="2025-11-04T05:40:05Z" user="martinmbaihaqi" uid="1840603" lat="-7.0508172" lon="110.4362245"/>
 <node id="9602832748" visible="true" version="1" changeset="118857240" timestamp="2022-03-24T10:13:00Z" user="PointeDesAlmadies" uid="10334775" lat="-7.0507214" lon="110.4364331">
  <tag k="barrier" v="lift_gate"/>
 </node>
 <node id="9602832749" visible="true" version="1" changeset="118857240" timestamp="2022-03-24T10:13:00Z" user="PointeDesAlmadies" uid="10334775" lat="-7.0507341" lon="110.4364116">
  <tag k="barrier" v="swing_gate"/>
 </node>
 <node id="9602832750" visible="true" version="1" changeset="118857240" timestamp="2022-03-24T10:13:00Z" user="PointeDesAlmadies" uid="10334775" lat="-7.0506662" lon="110.4365069"/>
 <node id="9602832751" visible="true" version="2" changeset="174176051" timestamp="2025-11-04T05:40:05Z" user="martinmbaihaqi" uid="1840603" lat="-7.0507879" lon="110.4362453"/>
 <node id="9602832753" visible="true" version="4" changeset="177912049" timestamp="2026-01-31T01:42:45Z" user="Haritron" uid="19161555" lat="-7.0515672" lon="110.4357638"/>
 <node id="9602832754" visible="true" version="4" changeset="177912049" timestamp="2026-01-31T01:42:45Z" user="Haritron" uid="19161555" lat="-7.0515167" lon="110.4357303"/>
 <node id="9602832755" visible="true" version="3" changeset="177912049" timestamp="2026-01-31T01:42:45Z" user="Haritron" uid="19161555" lat="-7.0514242" lon="110.4357283"/>
 <node id="9603133069" visible="true" version="2" changeset="147120798" timestamp="2024-02-06T06:46:45Z" user="GrabID_Deira" uid="20346588" lat="-7.0514960" lon="110.4355547">
  <tag k="access" v="no"/>
  <tag k="barrier" v="lift_gate"/>
 </node>
 <node id="9603133070" visible="true" version="1" changeset="118862914" timestamp="2022-03-24T12:27:55Z" user="PointeDesAlmadies" uid="10334775" lat="-7.0520078" lon="110.4357733"/>
 <node id="9603388198" visible="true" version="1" changeset="118867402" timestamp="2022-03-24T14:26:39Z" user="PointeDesAlmadies" uid="10334775" lat="-7.0501138" lon="110.4382402"/>
 <node id="9603488517" visible="true" version="1" changeset="118868605" timestamp="2022-03-24T14:55:39Z" user="PointeDesAlmadies" uid="10334775" lat="-7.0495209" lon="110.4369722"/>
 <node id="9603488518" visible="true" version="1" changeset="118868605" timestamp="2022-03-24T14:55:39Z" user="PointeDesAlmadies" uid="10334775" lat="-7.0493425" lon="110.4368274"/>
 <node id="9603488519" visible="true" version="1" changeset="118868605" timestamp="2022-03-24T14:55:39Z" user="PointeDesAlmadies" uid="10334775" lat="-7.0493618" lon="110.4368944"/>
 <node id="9603488520" visible="true" version="1" changeset="118868605" timestamp="2022-03-24T14:55:39Z" user="PointeDesAlmadies" uid="10334775" lat="-7.0494244" lon="110.4369535"/>
 <node id="9603488521" visible="true" version="1" changeset="118868605" timestamp="2022-03-24T14:55:39Z" user="PointeDesAlmadies" uid="10334775" lat="-7.0495801" lon="110.4369655"/>
 <node id="9603488522" visible="true" version="1" changeset="118868605" timestamp="2022-03-24T14:55:39Z" user="PointeDesAlmadies" uid="10334775" lat="-7.0499721" lon="110.4356244"/>
 <node id="9603488523" visible="true" version="1" changeset="118868605" timestamp="2022-03-24T14:55:39Z" user="PointeDesAlmadies" uid="10334775" lat="-7.0497984" lon="110.4358564"/>
 <node id="9603488524" visible="true" version="1" changeset="118868605" timestamp="2022-03-24T14:55:39Z" user="PointeDesAlmadies" uid="10334775" lat="-7.0498416" lon="110.4358128"/>
 <node id="9603488525" visible="true" version="1" changeset="118868605" timestamp="2022-03-24T14:55:39Z" user="PointeDesAlmadies" uid="10334775" lat="-7.0498590" lon="110.4357592"/>
 <node id="9603488526" visible="true" version="2" changeset="174175859" timestamp="2025-11-04T05:27:21Z" user="martinmbaihaqi" uid="1840603" lat="-7.0497758" lon="110.4359255"/>
 <node id="9603488527" visible="true" version="2" changeset="174175859" timestamp="2025-11-04T05:27:21Z" user="martinmbaihaqi" uid="1840603" lat="-7.0496640" lon="110.4358813"/>
 <node id="9603488528" visible="true" version="1" changeset="118868605" timestamp="2022-03-24T14:55:39Z" user="PointeDesAlmadies" uid="10334775" lat="-7.0495548" lon="110.4358310"/>
 <node id="9603488529" visible="true" version="1" changeset="118868605" timestamp="2022-03-24T14:55:39Z" user="PointeDesAlmadies" uid="10334775" lat="-7.0494803" lon="110.4357786"/>
 <node id="9603488530" visible="true" version="1" changeset="118868605" timestamp="2022-03-24T14:55:39Z" user="PointeDesAlmadies" uid="10334775" lat="-7.0494603" lon="110.4357009"/>
 <node id="9603488532" visible="true" version="1" changeset="118868605" timestamp="2022-03-24T14:55:39Z" user="PointeDesAlmadies" uid="10334775" lat="-7.0495735" lon="110.4355855"/>
 <node id="9603488533" visible="true" version="1" changeset="118868605" timestamp="2022-03-24T14:55:39Z" user="PointeDesAlmadies" uid="10334775" lat="-7.0509743" lon="110.4354380"/>
 <node id="9603488534" visible="true" version="1" changeset="118868605" timestamp="2022-03-24T14:55:39Z" user="PointeDesAlmadies" uid="10334775" lat="-7.0500952" lon="110.4355989"/>
 <node id="9603488535" visible="true" version="1" changeset="118868605" timestamp="2022-03-24T14:55:39Z" user="PointeDesAlmadies" uid="10334775" lat="-7.0498397" lon="110.4356217"/>
 <node id="9603488536" visible="true" version="1" changeset="118868605" timestamp="2022-03-24T14:55:39Z" user="PointeDesAlmadies" uid="10334775" lat="-7.0496726" lon="110.4355547"/>
 <node id="9603488537" visible="true" version="1" changeset="118868605" timestamp="2022-03-24T14:55:39Z" user="PointeDesAlmadies" uid="10334775" lat="-7.0496600" lon="110.4354809"/>
 <node id="9603488538" visible="true" version="1" changeset="118868605" timestamp="2022-03-24T14:55:39Z" user="PointeDesAlmadies" uid="10334775" lat="-7.0502908" lon="110.4355292"/>
 <node id="9603488539" visible="true" version="1" changeset="118868605" timestamp="2022-03-24T14:55:39Z" user="PointeDesAlmadies" uid="10334775" lat="-7.0505916" lon="110.4354461"/>
 <node id="9603488540" visible="true" version="1" changeset="118868605" timestamp="2022-03-24T14:55:39Z" user="PointeDesAlmadies" uid="10334775" lat="-7.0508578" lon="110.4353978"/>
 <node id="9603488541" visible="true" version="1" changeset="118868605" timestamp="2022-03-24T14:55:39Z" user="PointeDesAlmadies" uid="10334775" lat="-7.0509257" lon="110.4354072"/>
 <node id="9603488542" visible="true" version="1" changeset="118868605" timestamp="2022-03-24T14:55:39Z" user="PointeDesAlmadies" uid="10334775" lat="-7.0510036" lon="110.4354689"/>
 <node id="9604683747" visible="true" version="1" changeset="118891026" timestamp="2022-03-25T04:51:57Z" user="PointeDesAlmadies" uid="10334775" lat="-7.0511681" lon="110.4374607">
  <tag k="barrier" v="lift_gate"/>
 </node>
 <node id="9604688709" visible="true" version="1" changeset="118890964" timestamp="2022-03-25T04:47:42Z" user="PointeDesAlmadies" uid="10334775" lat="-7.0513247" lon="110.4370983"/>
 <node id="9604688710" visible="true" version="1" changeset="118890964" timestamp="2022-03-25T04:47:42Z" user="PointeDesAlmadies" uid="10334775" lat="-7.0510791" lon="110.4372189"/>
 <node id="9604688711" visible="true" version="1" changeset="118890964" timestamp="2022-03-25T04:47:42Z" user="PointeDesAlmadies" uid="10334775" lat="-7.0509227" lon="110.4369702"/>
 <node id="9604688712" visible="true" version="1" changeset="118890964" timestamp="2022-03-25T04:47:42Z" user="PointeDesAlmadies" uid="10334775" lat="-7.0510755" lon="110.4368877"/>
 <node id="9897306918" visible="true" version="2" changeset="178107982" timestamp="2026-02-04T18:59:01Z" user="Haritron" uid="19161555" lat="-7.0497524" lon="110.4350562"/>
 <node id="9897306919" visible="true" version="2" changeset="178107982" timestamp="2026-02-04T18:59:01Z" user="Haritron" uid="19161555" lat="-7.0498456" lon="110.4350334"/>
 <node id="9897306920" visible="true" version="2" changeset="178107982" timestamp="2026-02-04T18:59:01Z" user="Haritron" uid="19161555" lat="-7.0498277" lon="110.4349593"/>
 <node id="9897306921" visible="true" version="2" changeset="178107982" timestamp="2026-02-04T18:59:01Z" user="Haritron" uid="19161555" lat="-7.0497345" lon="110.4349821"/>
 <node id="9897306922" visible="true" version="4" changeset="178107982" timestamp="2026-02-04T18:59:01Z" user="Haritron" uid="19161555" lat="-7.0500103" lon="110.4354835"/>
 <node id="9897306923" visible="true" version="4" changeset="178107982" timestamp="2026-02-04T18:59:01Z" user="Haritron" uid="19161555" lat="-7.0501056" lon="110.4354617"/>
 <node id="9897306924" visible="true" version="4" changeset="178107982" timestamp="2026-02-04T18:59:01Z" user="Haritron" uid="19161555" lat="-7.0500830" lon="110.4353613"/>
 <node id="9897306925" visible="true" version="4" changeset="178107982" timestamp="2026-02-04T18:59:01Z" user="Haritron" uid="19161555" lat="-7.0499876" lon="110.4353831"/>
 <node id="9903863483" visible="true" version="3" changeset="178073115" timestamp="2026-02-04T01:01:41Z" user="Haritron" uid="19161555" lat="-7.0497338" lon="110.4367815"/>
 <node id="9903863484" visible="true" version="2" changeset="151254105" timestamp="2024-05-13T07:41:05Z" user="apriliafp" uid="21486342" lat="-7.0498210" lon="110.4367581"/>
 <node id="9903863485" visible="true" version="2" changeset="151254105" timestamp="2024-05-13T07:41:05Z" user="apriliafp" uid="21486342" lat="-7.0498036" lon="110.4366932"/>
 <node id="9903863486" visible="true" version="3" changeset="178073115" timestamp="2026-02-04T01:01:41Z" user="Haritron" uid="19161555" lat="-7.0497211" lon="110.4367166"/>
 <node id="9928940578" visible="true" version="3" changeset="177911073" timestamp="2026-01-31T00:37:59Z" user="Haritron" uid="19161555" lat="-7.0506113" lon="110.4376756"/>
 <node id="9928940579" visible="true" version="3" changeset="177911073" timestamp="2026-01-31T00:37:59Z" user="Haritron" uid="19161555" lat="-7.0505663" lon="110.4376860"/>
 <node id="9928940580" visible="true" version="3" changeset="177911073" timestamp="2026-01-31T00:37:59Z" user="Haritron" uid="19161555" lat="-7.0506077" lon="110.4376597"/>
 <node id="9928940581" visible="true" version="3" changeset="177911073" timestamp="2026-01-31T00:37:59Z" user="Haritron" uid="19161555" lat="-7.0505627" lon="110.4376701"/>
 <node id="9928940582" visible="true" version="3" changeset="177911073" timestamp="2026-01-31T00:37:59Z" user="Haritron" uid="19161555" lat="-7.0504713" lon="110.4372298"/>
 <node id="9928940583" visible="true" version="3" changeset="177911073" timestamp="2026-01-31T00:37:59Z" user="Haritron" uid="19161555" lat="-7.0505119" lon="110.4372205"/>
 <node id="9928940584" visible="true" version="3" changeset="177911073" timestamp="2026-01-31T00:37:59Z" user="Haritron" uid="19161555" lat="-7.0504777" lon="110.4372578"/>
 <node id="9928940585" visible="true" version="3" changeset="177911073" timestamp="2026-01-31T00:37:59Z" user="Haritron" uid="19161555" lat="-7.0505182" lon="110.4372485"/>
 <node id="9928940586" visible="true" version="3" changeset="177911073" timestamp="2026-01-31T00:37:59Z" user="Haritron" uid="19161555" lat="-7.0506600" lon="110.4373685"/>
 <node id="9928940587" visible="true" version="3" changeset="177911073" timestamp="2026-01-31T00:37:59Z" user="Haritron" uid="19161555" lat="-7.0506845" lon="110.4374765"/>
 <node id="9928940588" visible="true" version="3" changeset="177911073" timestamp="2026-01-31T00:37:59Z" user="Haritron" uid="19161555" lat="-7.0506167" lon="110.4373785"/>
 <node id="9928940589" visible="true" version="3" changeset="177911073" timestamp="2026-01-31T00:37:59Z" user="Haritron" uid="19161555" lat="-7.0506412" lon="110.4374865"/>
 <node id="9928940590" visible="true" version="3" changeset="177911073" timestamp="2026-01-31T00:37:59Z" user="Haritron" uid="19161555" lat="-7.0505837" lon="110.4372334"/>
 <node id="9928940591" visible="true" version="3" changeset="177911073" timestamp="2026-01-31T00:37:59Z" user="Haritron" uid="19161555" lat="-7.0506769" lon="110.4376437"/>
 <node id="9928940592" visible="true" version="3" changeset="177911073" timestamp="2026-01-31T00:37:59Z" user="Haritron" uid="19161555" lat="-7.0505145" lon="110.4376812"/>
 <node id="9928940593" visible="true" version="3" changeset="177911073" timestamp="2026-01-31T00:37:59Z" user="Haritron" uid="19161555" lat="-7.0504214" lon="110.4372708"/>
 <node id="9928940594" visible="true" version="3" changeset="178107982" timestamp="2026-02-04T18:59:01Z" user="Haritron" uid="19161555" lat="-7.0499648" lon="110.4377863"/>
 <node id="9928940595" visible="true" version="3" changeset="178107982" timestamp="2026-02-04T18:59:01Z" user="Haritron" uid="19161555" lat="-7.0504653" lon="110.4376629"/>
 <node id="9928940596" visible="true" version="3" changeset="178107982" timestamp="2026-02-04T18:59:01Z" user="Haritron" uid="19161555" lat="-7.0503773" lon="110.4373008"/>
 <node id="9928940597" visible="true" version="3" changeset="178107982" timestamp="2026-02-04T18:59:01Z" user="Haritron" uid="19161555" lat="-7.0498769" lon="110.4374242"/>
 <node id="10600377422" visible="true" version="2" changeset="151254105" timestamp="2024-05-13T07:41:05Z" user="apriliafp" uid="21486342" lat="-7.0494956" lon="110.4356331">
  <tag k="bus" v="yes"/>
  <tag k="highway" v="bus_stop"/>
  <tag k="name" v="Bus Stop Campus 4 - FH FISIP"/>
  <tag k="operator" v="Bagian Aset UNDIP"/>
  <tag k="public_transport" v="platform"/>
 </node>
 <node id="10600377423" visible="true" version="1" changeset="131984938" timestamp="2023-02-02T03:28:38Z" user="Universitas Diponegoro" uid="18391958" lat="-7.0504479" lon="110.4357916">
  <tag k="bus" v="yes"/>
  <tag k="highway" v="bus_stop"/>
  <tag k="name" v="Bus Stop Campus 5 - Vokasi FIB"/>
  <tag k="operator" v="Bagian Aset UNDIP"/>
  <tag k="public_transport" v="platform"/>
  <tag k="ref" v="5"/>
 </node>
 <node id="10629332094" visible="true" version="1" changeset="132292209" timestamp="2023-02-09T07:53:59Z" user="amtplskaart" uid="14902134" lat="-7.0507634" lon="110.4391490"/>
 <node id="10629332095" visible="true" version="1" changeset="132292209" timestamp="2023-02-09T07:53:59Z" user="amtplskaart" uid="14902134" lat="-7.0506727" lon="110.4390975"/>
 <node id="10928922326" visible="true" version="1" changeset="136582427" timestamp="2023-05-26T11:15:02Z" user="w_djatmiko" uid="6168168" lat="-7.0474998" lon="110.4371694"/>
 <node id="10928922327" visible="true" version="1" changeset="136582427" timestamp="2023-05-26T11:15:02Z" user="w_djatmiko" uid="6168168" lat="-7.0474652" lon="110.4370889"/>
 <node id="10928922328" visible="true" version="1" changeset="136582427" timestamp="2023-05-26T11:15:02Z" user="w_djatmiko" uid="6168168" lat="-7.0473321" lon="110.4371211"/>
 <node id="10928922329" visible="true" version="1" changeset="136582427" timestamp="2023-05-26T11:15:02Z" user="w_djatmiko" uid="6168168" lat="-7.0472735" lon="110.4370835"/>
 <node id="10928922330" visible="true" version="1" changeset="136582427" timestamp="2023-05-26T11:15:02Z" user="w_djatmiko" uid="6168168" lat="-7.0472895" lon="110.4370084"/>
 <node id="10928922331" visible="true" version="1" changeset="136582427" timestamp="2023-05-26T11:15:02Z" user="w_djatmiko" uid="6168168" lat="-7.0473507" lon="110.4370192"/>
 <node id="10928922332" visible="true" version="1" changeset="136582427" timestamp="2023-05-26T11:15:02Z" user="w_djatmiko" uid="6168168" lat="-7.0473667" lon="110.4369226"/>
 <node id="10928922333" visible="true" version="1" changeset="136582427" timestamp="2023-05-26T11:15:02Z" user="w_djatmiko" uid="6168168" lat="-7.0474093" lon="110.4368448"/>
 <node id="10928922334" visible="true" version="1" changeset="136582427" timestamp="2023-05-26T11:15:02Z" user="w_djatmiko" uid="6168168" lat="-7.0474812" lon="110.4368046"/>
 <node id="10928922335" visible="true" version="1" changeset="136582427" timestamp="2023-05-26T11:15:02Z" user="w_djatmiko" uid="6168168" lat="-7.0475371" lon="110.4367080"/>
 <node id="10928922336" visible="true" version="1" changeset="136582427" timestamp="2023-05-26T11:15:02Z" user="w_djatmiko" uid="6168168" lat="-7.0476822" lon="110.4366088"/>
 <node id="10928922337" visible="true" version="1" changeset="136582427" timestamp="2023-05-26T11:15:02Z" user="w_djatmiko" uid="6168168" lat="-7.0476782" lon="110.4365511"/>
 <node id="10928922338" visible="true" version="1" changeset="136582427" timestamp="2023-05-26T11:15:02Z" user="w_djatmiko" uid="6168168" lat="-7.0477208" lon="110.4365109"/>
 <node id="10928922339" visible="true" version="1" changeset="136582427" timestamp="2023-05-26T11:15:02Z" user="w_djatmiko" uid="6168168" lat="-7.0478206" lon="110.4365337"/>
 <node id="10928922340" visible="true" version="1" changeset="136582427" timestamp="2023-05-26T11:15:02Z" user="w_djatmiko" uid="6168168" lat="-7.0478592" lon="110.4365230"/>
 <node id="10928922341" visible="true" version="1" changeset="136582427" timestamp="2023-05-26T11:15:02Z" user="w_djatmiko" uid="6168168" lat="-7.0478871" lon="110.4364546"/>
 <node id="10928922342" visible="true" version="1" changeset="136582427" timestamp="2023-05-26T11:15:02Z" user="w_djatmiko" uid="6168168" lat="-7.0478978" lon="110.4363111"/>
 <node id="10928922343" visible="true" version="1" changeset="136582427" timestamp="2023-05-26T11:15:02Z" user="w_djatmiko" uid="6168168" lat="-7.0479217" lon="110.4362454"/>
 <node id="10928922344" visible="true" version="1" changeset="136582427" timestamp="2023-05-26T11:15:02Z" user="w_djatmiko" uid="6168168" lat="-7.0479350" lon="110.4361555"/>
 <node id="10928922345" visible="true" version="1" changeset="136582427" timestamp="2023-05-26T11:15:02Z" user="w_djatmiko" uid="6168168" lat="-7.0479643" lon="110.4361166"/>
 <node id="10928922346" visible="true" version="1" changeset="136582427" timestamp="2023-05-26T11:15:02Z" user="w_djatmiko" uid="6168168" lat="-7.0480482" lon="110.4361676"/>
 <node id="10928922347" visible="true" version="1" changeset="136582427" timestamp="2023-05-26T11:15:02Z" user="w_djatmiko" uid="6168168" lat="-7.0481027" lon="110.4362239"/>
 <node id="10928922348" visible="true" version="1" changeset="136582427" timestamp="2023-05-26T11:15:02Z" user="w_djatmiko" uid="6168168" lat="-7.0481507" lon="110.4362856"/>
 <node id="10928922349" visible="true" version="1" changeset="136582427" timestamp="2023-05-26T11:15:02Z" user="w_djatmiko" uid="6168168" lat="-7.0482465" lon="110.4364264"/>
 <node id="10928922350" visible="true" version="1" changeset="136582427" timestamp="2023-05-26T11:15:02Z" user="w_djatmiko" uid="6168168" lat="-7.0481094" lon="110.4365230"/>
 <node id="10928922351" visible="true" version="1" changeset="136582427" timestamp="2023-05-26T11:15:02Z" user="w_djatmiko" uid="6168168" lat="-7.0477926" lon="110.4368582"/>
 <node id="10928922352" visible="true" version="1" changeset="136582427" timestamp="2023-05-26T11:15:02Z" user="w_djatmiko" uid="6168168" lat="-7.0475278" lon="110.4372096"/>
 <node id="10930592451" visible="true" version="1" changeset="136607216" timestamp="2023-05-26T23:05:47Z" user="w_djatmiko" uid="6168168" lat="-7.0485925" lon="110.4455094"/>
 <node id="11061878046" visible="true" version="1" changeset="138860511" timestamp="2023-07-22T15:57:16Z" user="Farras" uid="136807" lat="-7.0767237" lon="110.4371137">
  <tag k="power" v="tower"/>
 </node>
 <node id="11061878077" visible="true" version="1" changeset="138860511" timestamp="2023-07-22T15:57:16Z" user="Farras" uid="136807" lat="-6.9869420" lon="110.3639236">
  <tag k="power" v="tower"/>
 </node>
 <node id="11061878078" visible="true" version="1" changeset="138860511" timestamp="2023-07-22T15:57:16Z" user="Farras" uid="136807" lat="-6.9874025" lon="110.3634489">
  <tag k="power" v="tower"/>
 </node>
 <node id="11061878079" visible="true" version="1" changeset="138860511" timestamp="2023-07-22T15:57:16Z" user="Farras" uid="136807" lat="-6.9895057" lon="110.3633898">
  <tag k="power" v="tower"/>
 </node>
 <node id="11061878080" visible="true" version="1" changeset="138860511" timestamp="2023-07-22T15:57:16Z" user="Farras" uid="136807" lat="-6.9929108" lon="110.3633308">
  <tag k="power" v="tower"/>
 </node>
 <node id="11061878081" visible="true" version="1" changeset="138860511" timestamp="2023-07-22T15:57:16Z" user="Farras" uid="136807" lat="-6.9957141" lon="110.3632852">
  <tag k="power" v="tower"/>
 </node>
 <node id="11061878082" visible="true" version="1" changeset="138860511" timestamp="2023-07-22T15:57:16Z" user="Farras" uid="136807" lat="-6.9989008" lon="110.3632182">
  <tag k="power" v="tower"/>
 </node>
 <node id="11061878083" visible="true" version="1" changeset="138860511" timestamp="2023-07-22T15:57:16Z" user="Farras" uid="136807" lat="-7.0030432" lon="110.3631833">
  <tag k="power" v="tower"/>
 </node>
 <node id="11061878084" visible="true" version="1" changeset="138860511" timestamp="2023-07-22T15:57:16Z" user="Farras" uid="136807" lat="-7.0041320" lon="110.3662169">
  <tag k="power" v="tower"/>
 </node>
 <node id="11061878085" visible="true" version="1" changeset="138860511" timestamp="2023-07-22T15:57:16Z" user="Farras" uid="136807" lat="-7.0067357" lon="110.3658789">
  <tag k="power" v="tower"/>
 </node>
 <node id="11061878086" visible="true" version="1" changeset="138860511" timestamp="2023-07-22T15:57:16Z" user="Farras" uid="136807" lat="-7.0106470" lon="110.3697103">
  <tag k="power" v="tower"/>
 </node>
 <node id="11061878087" visible="true" version="1" changeset="138860511" timestamp="2023-07-22T15:57:16Z" user="Farras" uid="136807" lat="-7.0091183" lon="110.3655705">
  <tag k="power" v="tower"/>
 </node>
 <node id="11061878088" visible="true" version="1" changeset="138860511" timestamp="2023-07-22T15:57:16Z" user="Farras" uid="136807" lat="-7.0100261" lon="110.3680059">
  <tag k="power" v="tower"/>
 </node>
 <node id="11061878089" visible="true" version="1" changeset="138860511" timestamp="2023-07-22T15:57:16Z" user="Farras" uid="136807" lat="-7.0127788" lon="110.3755778">
  <tag k="power" v="tower"/>
 </node>
 <node id="11061878090" visible="true" version="1" changeset="138860511" timestamp="2023-07-22T15:57:16Z" user="Farras" uid="136807" lat="-7.0138596" lon="110.3785604">
  <tag k="power" v="tower"/>
 </node>
 <node id="11061878091" visible="true" version="1" changeset="138860511" timestamp="2023-07-22T15:57:16Z" user="Farras" uid="136807" lat="-7.0149697" lon="110.3815779">
  <tag k="power" v="tower"/>
 </node>
 <node id="11061878093" visible="true" version="1" changeset="138860511" timestamp="2023-07-22T15:57:16Z" user="Farras" uid="136807" lat="-7.0262011" lon="110.3945303">
  <tag k="power" v="tower"/>
 </node>
 <node id="11061878094" visible="true" version="1" changeset="138860511" timestamp="2023-07-22T15:57:16Z" user="Farras" uid="136807" lat="-7.0322999" lon="110.4050982">
  <tag k="power" v="tower"/>
 </node>
 <node id="11061878095" visible="true" version="1" changeset="138860511" timestamp="2023-07-22T15:57:16Z" user="Farras" uid="136807" lat="-7.0321881" lon="110.4032099">
  <tag k="power" v="tower"/>
 </node>
 <node id="11061878096" visible="true" version="1" changeset="138860511" timestamp="2023-07-22T15:57:16Z" user="Farras" uid="136807" lat="-7.0365112" lon="110.4217440">
  <tag k="power" v="tower"/>
 </node>
 <node id="11061878097" visible="true" version="1" changeset="138860511" timestamp="2023-07-22T15:57:16Z" user="Farras" uid="136807" lat="-7.0400809" lon="110.4320437">
  <tag k="power" v="tower"/>
 </node>
 <node id="11061878098" visible="true" version="1" changeset="138860511" timestamp="2023-07-22T15:57:16Z" user="Farras" uid="136807" lat="-7.0422904" lon="110.4333419">
  <tag k="power" v="tower"/>
 </node>
 <node id="11061878116" visible="true" version="1" changeset="138860511" timestamp="2023-07-22T15:57:16Z" user="Farras" uid="136807" lat="-6.9928016" lon="110.4434618">
  <tag k="power" v="tower"/>
 </node>
 <node id="11061878117" visible="true" version="1" changeset="138860511" timestamp="2023-07-22T15:57:16Z" user="Farras" uid="136807" lat="-7.0027850" lon="110.4486439">
  <tag k="power" v="tower"/>
 </node>
 <node id="11061878118" visible="true" version="1" changeset="138860511" timestamp="2023-07-22T15:57:16Z" user="Farras" uid="136807" lat="-6.9990126" lon="110.4482657">
  <tag k="power" v="tower"/>
 </node>
 <node id="11061878119" visible="true" version="1" changeset="138860511" timestamp="2023-07-22T15:57:16Z" user="Farras" uid="136807" lat="-6.9952562" lon="110.4479170">
  <tag k="power" v="tower"/>
 </node>
 <node id="11061878120" visible="true" version="1" changeset="138860511" timestamp="2023-07-22T15:57:16Z" user="Farras" uid="136807" lat="-6.9935550" lon="110.4443711">
  <tag k="power" v="tower"/>
 </node>
 <node id="11061878147" visible="true" version="1" changeset="138860511" timestamp="2023-07-22T15:57:16Z" user="Farras" uid="136807" lat="-7.0510269" lon="110.4344469">
  <tag k="power" v="tower"/>
 </node>
 <node id="11061878148" visible="true" version="1" changeset="138860511" timestamp="2023-07-22T15:57:16Z" user="Farras" uid="136807" lat="-7.0511892" lon="110.4325265">
  <tag k="power" v="tower"/>
 </node>
 <node id="11061878149" visible="true" version="1" changeset="138860511" timestamp="2023-07-22T15:57:16Z" user="Farras" uid="136807" lat="-7.0510562" lon="110.4305041">
  <tag k="power" v="tower"/>
 </node>
 <node id="11061878151" visible="true" version="1" changeset="138860511" timestamp="2023-07-22T15:57:16Z" user="Farras" uid="136807" lat="-7.0498157" lon="110.4280257">
  <tag k="power" v="tower"/>
 </node>
 <node id="11061878154" visible="true" version="1" changeset="138860511" timestamp="2023-07-22T15:57:16Z" user="Farras" uid="136807" lat="-7.0500633" lon="110.4279694">
  <tag k="power" v="tower"/>
 </node>
 <node id="11061878206" visible="true" version="1" changeset="138860511" timestamp="2023-07-22T15:57:16Z" user="Farras" uid="136807" lat="-7.0023802" lon="110.4493077">
  <tag k="power" v="tower"/>
 </node>
 <node id="11061878208" visible="true" version="1" changeset="138860511" timestamp="2023-07-22T15:57:16Z" user="Farras" uid="136807" lat="-6.9945747" lon="110.4411390">
  <tag k="power" v="tower"/>
 </node>
 <node id="11061878211" visible="true" version="1" changeset="138860511" timestamp="2023-07-22T15:57:16Z" user="Farras" uid="136807" lat="-6.9939065" lon="110.4413456">
  <tag k="power" v="tower"/>
 </node>
 <node id="11116298269" visible="true" version="1" changeset="139912952" timestamp="2023-08-15T12:37:40Z" user="w_djatmiko" uid="6168168" lat="-7.0468744" lon="110.4379430"/>
 <node id="11886358969" visible="true" version="1" changeset="151003964" timestamp="2024-05-07T10:54:20Z" user="KawdyPlateau" uid="20951900" lat="-7.0517676" lon="110.4362588"/>
 <node id="11886358970" visible="true" version="3" changeset="177912049" timestamp="2026-01-31T01:42:45Z" user="Haritron" uid="19161555" lat="-7.0515446" lon="110.4357404"/>
 <node id="11886358971" visible="true" version="3" changeset="177912049" timestamp="2026-01-31T01:42:45Z" user="Haritron" uid="19161555" lat="-7.0516211" lon="110.4359261"/>
 <node id="11886358972" visible="true" version="3" changeset="177912049" timestamp="2026-01-31T01:42:45Z" user="Haritron" uid="19161555" lat="-7.0514681" lon="110.4357250"/>
 <node id="11900427475" visible="true" version="3" changeset="178107982" timestamp="2026-02-04T18:59:01Z" user="Haritron" uid="19161555" lat="-7.0495253" lon="110.4374995"/>
 <node id="11900427476" visible="true" version="3" changeset="178107982" timestamp="2026-02-04T18:59:01Z" user="Haritron" uid="19161555" lat="-7.0496217" lon="110.4378960"/>
 <node id="11900427477" visible="true" version="3" changeset="178107982" timestamp="2026-02-04T18:59:01Z" user="Haritron" uid="19161555" lat="-7.0498896" lon="110.4378299"/>
 <node id="11900427478" visible="true" version="3" changeset="178107982" timestamp="2026-02-04T18:59:01Z" user="Haritron" uid="19161555" lat="-7.0497932" lon="110.4374334"/>
 <node id="11900427479" visible="true" version="2" changeset="178073115" timestamp="2026-02-04T01:01:41Z" user="Haritron" uid="19161555" lat="-7.0494469" lon="110.4364774"/>
 <node id="11900427480" visible="true" version="2" changeset="178073115" timestamp="2026-02-04T01:01:41Z" user="Haritron" uid="19161555" lat="-7.0495034" lon="110.4367072"/>
 <node id="11900427481" visible="true" version="2" changeset="178073115" timestamp="2026-02-04T01:01:41Z" user="Haritron" uid="19161555" lat="-7.0497847" lon="110.4366239"/>
 <node id="11900427482" visible="true" version="2" changeset="178073115" timestamp="2026-02-04T01:01:41Z" user="Haritron" uid="19161555" lat="-7.0497093" lon="110.4364144"/>
 <node id="11903166605" visible="true" version="1" changeset="151295304" timestamp="2024-05-14T06:15:46Z" user="apriliafp" uid="21486342" lat="-7.0493228" lon="110.4383023"/>
 <node id="11903201087" visible="true" version="1" changeset="151295887" timestamp="2024-05-14T06:31:48Z" user="apriliafp" uid="21486342" lat="-7.0502077" lon="110.4388302"/>
 <node id="11903201088" visible="true" version="1" changeset="151295887" timestamp="2024-05-14T06:31:48Z" user="apriliafp" uid="21486342" lat="-7.0495085" lon="110.4391498"/>
 <node id="11903201096" visible="true" version="1" changeset="151295887" timestamp="2024-05-14T06:31:48Z" user="apriliafp" uid="21486342" lat="-7.0520138" lon="110.4328880"/>
 <node id="11964362863" visible="true" version="2" changeset="178071816" timestamp="2026-02-03T23:35:51Z" user="Haritron" uid="19161555" lat="-7.0534509" lon="110.4428508"/>
 <node id="12078155870" visible="true" version="2" changeset="178071816" timestamp="2026-02-03T23:35:51Z" user="Haritron" uid="19161555" lat="-7.0511326" lon="110.4347772"/>
 <node id="12311575633" visible="true" version="1" changeset="158731972" timestamp="2024-11-04T09:32:47Z" user="GrabID_AnnisaDita" uid="22054231" lat="-7.0471098" lon="110.4387787"/>
 <node id="12857868677" visible="true" version="1" changeset="166662061" timestamp="2025-05-23T15:23:17Z" user="WarmedCord207" uid="21968921" lat="-7.0404079" lon="110.4339145"/>
 <node id="13038465565" visible="true" version="1" changeset="169747512" timestamp="2025-07-31T02:23:40Z" user="B1nt" uid="16951208" lat="-7.0469791" lon="110.4379432"/>
 <node id="13279027752" visible="true" version="1" changeset="174174660" timestamp="2025-11-04T04:06:09Z" user="martinmbaihaqi" uid="1840603" lat="-7.0509837" lon="110.4346967">
  <tag k="barrier" v="swing_gate"/>
 </node>
 <node id="13279107860" visible="true" version="1" changeset="174176473" timestamp="2025-11-04T06:04:54Z" user="martinmbaihaqi" uid="1840603" lat="-7.0491240" lon="110.4363057"/>
 <node id="13279109474" visible="true" version="1" changeset="174176005" timestamp="2025-11-04T05:37:07Z" user="martinmbaihaqi" uid="1840603" lat="-7.0505356" lon="110.4360331"/>
 <node id="13282403936" visible="true" version="1" changeset="174222705" timestamp="2025-11-05T04:43:58Z" user="GrabID_Resna" uid="17816349" lat="-7.0532242" lon="110.4385985"/>
 <node id="13298949534" visible="true" version="1" changeset="174543397" timestamp="2025-11-12T07:02:38Z" user="martinmbaihaqi" uid="1840603" lat="-7.0526308" lon="110.4325631"/>
 <node id="13344056250" visible="true" version="1" changeset="175343988" timestamp="2025-12-01T07:30:42Z" user="martinmbaihaqi" uid="1840603" lat="-7.0525932" lon="110.4325794"/>
 <node id="13513520531" visible="true" version="1" changeset="177911073" timestamp="2026-01-31T00:37:59Z" user="Haritron" uid="19161555" lat="-7.0508911" lon="110.4380525"/>
 <node id="13513520532" visible="true" version="1" changeset="177911073" timestamp="2026-01-31T00:37:59Z" user="Haritron" uid="19161555" lat="-7.0508432" lon="110.4380786"/>
 <node id="13513520533" visible="true" version="1" changeset="177911073" timestamp="2026-01-31T00:37:59Z" user="Haritron" uid="19161555" lat="-7.0508572" lon="110.4379714"/>
 <node id="13513520534" visible="true" version="1" changeset="177911073" timestamp="2026-01-31T00:37:59Z" user="Haritron" uid="19161555" lat="-7.0508079" lon="110.4379921"/>
 <node id="13513520535" visible="true" version="1" changeset="177911073" timestamp="2026-01-31T00:37:59Z" user="Haritron" uid="19161555" lat="-7.0510403" lon="110.4380124"/>
 <node id="13513520536" visible="true" version="1" changeset="177911073" timestamp="2026-01-31T00:37:59Z" user="Haritron" uid="19161555" lat="-7.0514528" lon="110.4388739"/>
 <node id="13513520537" visible="true" version="1" changeset="177911073" timestamp="2026-01-31T00:37:59Z" user="Haritron" uid="19161555" lat="-7.0514288" lon="110.4388283"/>
 <node id="13513520538" visible="true" version="1" changeset="177911073" timestamp="2026-01-31T00:37:59Z" user="Haritron" uid="19161555" lat="-7.0516737" lon="110.4387116"/>
 <node id="13513520539" visible="true" version="1" changeset="177911073" timestamp="2026-01-31T00:37:59Z" user="Haritron" uid="19161555" lat="-7.0517003" lon="110.4387720"/>
 <node id="13513549336" visible="true" version="2" changeset="178062313" timestamp="2026-02-03T18:02:32Z" user="Haritron" uid="19161555" lat="-7.0509477" lon="110.4359503"/>
 <node id="13513549337" visible="true" version="2" changeset="178062313" timestamp="2026-02-03T18:02:32Z" user="Haritron" uid="19161555" lat="-7.0509396" lon="110.4359253"/>
 <node id="13513549338" visible="true" version="2" changeset="178062313" timestamp="2026-02-03T18:02:32Z" user="Haritron" uid="19161555" lat="-7.0508452" lon="110.4359510"/>
 <node id="13513549339" visible="true" version="2" changeset="178062313" timestamp="2026-02-03T18:02:32Z" user="Haritron" uid="19161555" lat="-7.0508532" lon="110.4359902"/>
 <node id="13513549340" visible="true" version="2" changeset="178062313" timestamp="2026-02-03T18:02:32Z" user="Haritron" uid="19161555" lat="-7.0514441" lon="110.4361186"/>
 <node id="13513549341" visible="true" version="2" changeset="178062313" timestamp="2026-02-03T18:02:32Z" user="Haritron" uid="19161555" lat="-7.0514515" lon="110.4361494"/>
 <node id="13513549342" visible="true" version="2" changeset="178062313" timestamp="2026-02-03T18:02:32Z" user="Haritron" uid="19161555" lat="-7.0513057" lon="110.4361608"/>
 <node id="13513549343" visible="true" version="2" changeset="178062313" timestamp="2026-02-03T18:02:32Z" user="Haritron" uid="19161555" lat="-7.0513091" lon="110.4361823"/>
 <node id="13513549344" visible="true" version="2" changeset="178062313" timestamp="2026-02-03T18:02:32Z" user="Haritron" uid="19161555" lat="-7.0512438" lon="110.4358450"/>
 <node id="13513549345" visible="true" version="2" changeset="178062313" timestamp="2026-02-03T18:02:32Z" user="Haritron" uid="19161555" lat="-7.0513689" lon="110.4358497"/>
 <node id="13513549346" visible="true" version="2" changeset="178062313" timestamp="2026-02-03T18:02:32Z" user="Haritron" uid="19161555" lat="-7.0513057" lon="110.4358242"/>
 <node id="13513549347" visible="true" version="2" changeset="178062313" timestamp="2026-02-03T18:02:32Z" user="Haritron" uid="19161555" lat="-7.0513403" lon="110.4358316"/>
 <node id="13513549348" visible="true" version="2" changeset="178062313" timestamp="2026-02-03T18:02:32Z" user="Haritron" uid="19161555" lat="-7.0512026" lon="110.4359033"/>
 <node id="13513549349" visible="true" version="2" changeset="178062313" timestamp="2026-02-03T18:02:32Z" user="Haritron" uid="19161555" lat="-7.0512186" lon="110.4358705"/>
 <node id="13513549350" visible="true" version="2" changeset="178062313" timestamp="2026-02-03T18:02:32Z" user="Haritron" uid="19161555" lat="-7.0512711" lon="110.4358323"/>
 <node id="13513549351" visible="true" version="1" changeset="177912049" timestamp="2026-01-31T01:42:45Z" user="Haritron" uid="19161555" lat="-7.0513150" lon="110.4368837"/>
 <node id="13513549352" visible="true" version="1" changeset="177912049" timestamp="2026-01-31T01:42:45Z" user="Haritron" uid="19161555" lat="-7.0511114" lon="110.4370674"/>
 <node id="13513549353" visible="true" version="1" changeset="177912049" timestamp="2026-01-31T01:42:45Z" user="Haritron" uid="19161555" lat="-7.0511939" lon="110.4371801"/>
 <node id="13513549354" visible="true" version="1" changeset="177912049" timestamp="2026-01-31T01:42:45Z" user="Haritron" uid="19161555" lat="-7.0514148" lon="110.4369957"/>
 <node id="13513549355" visible="true" version="1" changeset="177912049" timestamp="2026-01-31T01:42:45Z" user="Haritron" uid="19161555" lat="-7.0512365" lon="110.4387542"/>
 <node id="13513549356" visible="true" version="1" changeset="177912049" timestamp="2026-01-31T01:42:45Z" user="Haritron" uid="19161555" lat="-7.0512109" lon="110.4386922"/>
 <node id="13513549357" visible="true" version="1" changeset="177912049" timestamp="2026-01-31T01:42:45Z" user="Haritron" uid="19161555" lat="-7.0511586" lon="110.4387126"/>
 <node id="13513549358" visible="true" version="1" changeset="177912049" timestamp="2026-01-31T01:42:45Z" user="Haritron" uid="19161555" lat="-7.0511397" lon="110.4386620"/>
 <node id="13513549359" visible="true" version="1" changeset="177912049" timestamp="2026-01-31T01:42:45Z" user="Haritron" uid="19161555" lat="-7.0512531" lon="110.4386101"/>
 <node id="13513549360" visible="true" version="1" changeset="177912049" timestamp="2026-01-31T01:42:45Z" user="Haritron" uid="19161555" lat="-7.0513007" lon="110.4387267"/>
 <node id="13513549361" visible="true" version="1" changeset="177912049" timestamp="2026-01-31T01:42:45Z" user="Haritron" uid="19161555" lat="-7.0506289" lon="110.4387465"/>
 <node id="13513549362" visible="true" version="1" changeset="177912049" timestamp="2026-01-31T01:42:45Z" user="Haritron" uid="19161555" lat="-7.0507447" lon="110.4387774"/>
 <node id="13513549363" visible="true" version="1" changeset="177912049" timestamp="2026-01-31T01:42:45Z" user="Haritron" uid="19161555" lat="-7.0505278" lon="110.4386982"/>
 <node id="13513549364" visible="true" version="1" changeset="177912049" timestamp="2026-01-31T01:42:45Z" user="Haritron" uid="19161555" lat="-7.0504506" lon="110.4387183"/>
 <node id="13513549365" visible="true" version="1" changeset="177912049" timestamp="2026-01-31T01:42:45Z" user="Haritron" uid="19161555" lat="-7.0505065" lon="110.4385950"/>
 <node id="13513549366" visible="true" version="1" changeset="177912049" timestamp="2026-01-31T01:42:45Z" user="Haritron" uid="19161555" lat="-7.0504279" lon="110.4386151"/>
 <node id="13522429393" visible="true" version="1" changeset="178062313" timestamp="2026-02-03T18:02:32Z" user="Haritron" uid="19161555" lat="-7.0524094" lon="110.4375584"/>
 <node id="13522429394" visible="true" version="1" changeset="178062313" timestamp="2026-02-03T18:02:32Z" user="Haritron" uid="19161555" lat="-7.0529068" lon="110.4377633"/>
 <node id="13522429395" visible="true" version="1" changeset="178062313" timestamp="2026-02-03T18:02:32Z" user="Haritron" uid="19161555" lat="-7.0526777" lon="110.4383223"/>
 <node id="13522429396" visible="true" version="2" changeset="178107982" timestamp="2026-02-04T18:59:01Z" user="Haritron" uid="19161555" lat="-7.0522089" lon="110.4381225"/>
 <node id="13522429397" visible="true" version="1" changeset="178062313" timestamp="2026-02-03T18:02:32Z" user="Haritron" uid="19161555" lat="-7.0516225" lon="110.4363365"/>
 <node id="13522429398" visible="true" version="1" changeset="178062313" timestamp="2026-02-03T18:02:32Z" user="Haritron" uid="19161555" lat="-7.0517236" lon="110.4362990"/>
 <node id="13522429399" visible="true" version="1" changeset="178062313" timestamp="2026-02-03T18:02:32Z" user="Haritron" uid="19161555" lat="-7.0516837" lon="110.4361971"/>
 <node id="13522429400" visible="true" version="1" changeset="178062313" timestamp="2026-02-03T18:02:32Z" user="Haritron" uid="19161555" lat="-7.0515845" lon="110.4362386"/>
 <node id="13522440401" visible="true" version="1" changeset="178062313" timestamp="2026-02-03T18:02:32Z" user="Haritron" uid="19161555" lat="-7.0515806" lon="110.4362454"/>
 <node id="13522440402" visible="true" version="1" changeset="178062313" timestamp="2026-02-03T18:02:32Z" user="Haritron" uid="19161555" lat="-7.0515446" lon="110.4361059"/>
 <node id="13522440403" visible="true" version="1" changeset="178062313" timestamp="2026-02-03T18:02:32Z" user="Haritron" uid="19161555" lat="-7.0514714" lon="110.4361327"/>
 <node id="13522440404" visible="true" version="1" changeset="178062313" timestamp="2026-02-03T18:02:32Z" user="Haritron" uid="19161555" lat="-7.0515034" lon="110.4362534"/>
 <node id="13522440405" visible="true" version="1" changeset="178062313" timestamp="2026-02-03T18:02:32Z" user="Haritron" uid="19161555" lat="-7.0514807" lon="110.4363298"/>
 <node id="13522440406" visible="true" version="1" changeset="178062313" timestamp="2026-02-03T18:02:32Z" user="Haritron" uid="19161555" lat="-7.0515579" lon="110.4363352"/>
 <node id="13522440407" visible="true" version="1" changeset="178062313" timestamp="2026-02-03T18:02:32Z" user="Haritron" uid="19161555" lat="-7.0508944" lon="110.4370446"/>
 <node id="13522440408" visible="true" version="1" changeset="178062313" timestamp="2026-02-03T18:02:32Z" user="Haritron" uid="19161555" lat="-7.0510961" lon="110.4370031"/>
 <node id="13522440409" visible="true" version="1" changeset="178062313" timestamp="2026-02-03T18:02:32Z" user="Haritron" uid="19161555" lat="-7.0512245" lon="110.4368482"/>
 <node id="13522440410" visible="true" version="1" changeset="178062313" timestamp="2026-02-03T18:02:32Z" user="Haritron" uid="19161555" lat="-7.0513357" lon="110.4368509"/>
 <node id="13522440411" visible="true" version="1" changeset="178062313" timestamp="2026-02-03T18:02:32Z" user="Haritron" uid="19161555" lat="-7.0513350" lon="110.4367999"/>
 <node id="13522440412" visible="true" version="1" changeset="178062313" timestamp="2026-02-03T18:02:32Z" user="Haritron" uid="19161555" lat="-7.0514288" lon="110.4367992"/>
 <node id="13522440413" visible="true" version="1" changeset="178062313" timestamp="2026-02-03T18:02:32Z" user="Haritron" uid="19161555" lat="-7.0514315" lon="110.4366913"/>
 <node id="13522440414" visible="true" version="1" changeset="178062313" timestamp="2026-02-03T18:02:32Z" user="Haritron" uid="19161555" lat="-7.0513217" lon="110.4366872"/>
 <node id="13522440415" visible="true" version="1" changeset="178062313" timestamp="2026-02-03T18:02:32Z" user="Haritron" uid="19161555" lat="-7.0513184" lon="110.4367362"/>
 <node id="13522440416" visible="true" version="1" changeset="178062313" timestamp="2026-02-03T18:02:32Z" user="Haritron" uid="19161555" lat="-7.0510834" lon="110.4367241"/>
 <node id="13522440417" visible="true" version="1" changeset="178062313" timestamp="2026-02-03T18:02:32Z" user="Haritron" uid="19161555" lat="-7.0510841" lon="110.4366846"/>
 <node id="13522440418" visible="true" version="1" changeset="178062313" timestamp="2026-02-03T18:02:32Z" user="Haritron" uid="19161555" lat="-7.0508978" lon="110.4366799"/>
 <node id="13522440419" visible="true" version="1" changeset="178062313" timestamp="2026-02-03T18:02:32Z" user="Haritron" uid="19161555" lat="-7.0485659" lon="110.4379016"/>
 <node id="13522440420" visible="true" version="1" changeset="178062313" timestamp="2026-02-03T18:02:32Z" user="Haritron" uid="19161555" lat="-7.0487216" lon="110.4380062"/>
 <node id="13522440421" visible="true" version="1" changeset="178062313" timestamp="2026-02-03T18:02:32Z" user="Haritron" uid="19161555" lat="-7.0487589" lon="110.4379459"/>
 <node id="13523120937" visible="true" version="1" changeset="178073115" timestamp="2026-02-04T01:01:41Z" user="Haritron" uid="19161555" lat="-7.0497591" lon="110.4366088"/>
 <node id="13523120938" visible="true" version="1" changeset="178073115" timestamp="2026-02-04T01:01:41Z" user="Haritron" uid="19161555" lat="-7.0497871" lon="110.4366068"/>
 <node id="13523120939" visible="true" version="1" changeset="178073115" timestamp="2026-02-04T01:01:41Z" user="Haritron" uid="19161555" lat="-7.0497558" lon="110.4365853"/>
 <node id="13523120940" visible="true" version="1" changeset="178073115" timestamp="2026-02-04T01:01:41Z" user="Haritron" uid="19161555" lat="-7.0497917" lon="110.4365806"/>
 <node id="13523120941" visible="true" version="1" changeset="178073115" timestamp="2026-02-04T01:01:41Z" user="Haritron" uid="19161555" lat="-7.0497225" lon="110.4364492"/>
 <node id="13523120942" visible="true" version="1" changeset="178073115" timestamp="2026-02-04T01:01:41Z" user="Haritron" uid="19161555" lat="-7.0497625" lon="110.4364418"/>
 <node id="13523120943" visible="true" version="1" changeset="178073115" timestamp="2026-02-04T01:01:41Z" user="Haritron" uid="19161555" lat="-7.0495176" lon="110.4364432"/>
 <node id="13523120944" visible="true" version="1" changeset="178073115" timestamp="2026-02-04T01:01:41Z" user="Haritron" uid="19161555" lat="-7.0494903" lon="110.4364673"/>
 <node id="13523120945" visible="true" version="1" changeset="178073115" timestamp="2026-02-04T01:01:41Z" user="Haritron" uid="19161555" lat="-7.0495548" lon="110.4364237"/>
 <node id="13523120946" visible="true" version="1" changeset="178073115" timestamp="2026-02-04T01:01:41Z" user="Haritron" uid="19161555" lat="-7.0495495" lon="110.4363888"/>
 <node id="13523120947" visible="true" version="1" changeset="178073115" timestamp="2026-02-04T01:01:41Z" user="Haritron" uid="19161555" lat="-7.0496187" lon="110.4363761"/>
 <node id="13523120948" visible="true" version="1" changeset="178073115" timestamp="2026-02-04T01:01:41Z" user="Haritron" uid="19161555" lat="-7.0496340" lon="110.4364043"/>
 <node id="13523120949" visible="true" version="1" changeset="178073115" timestamp="2026-02-04T01:01:41Z" user="Haritron" uid="19161555" lat="-7.0494603" lon="110.4366571"/>
 <node id="13523120950" visible="true" version="1" changeset="178073115" timestamp="2026-02-04T01:01:41Z" user="Haritron" uid="19161555" lat="-7.0494310" lon="110.4366316"/>
 <node id="13523120951" visible="true" version="1" changeset="178073115" timestamp="2026-02-04T01:01:41Z" user="Haritron" uid="19161555" lat="-7.0494157" lon="110.4366048"/>
 <node id="13523120952" visible="true" version="1" changeset="178073115" timestamp="2026-02-04T01:01:41Z" user="Haritron" uid="19161555" lat="-7.0494164" lon="110.4365726"/>
 <node id="13523120953" visible="true" version="1" changeset="178073115" timestamp="2026-02-04T01:01:41Z" user="Haritron" uid="19161555" lat="-7.0494370" lon="110.4365404"/>
 <node id="13523120954" visible="true" version="1" changeset="178073115" timestamp="2026-02-04T01:01:41Z" user="Haritron" uid="19161555" lat="-7.0494503" lon="110.4365089"/>
 <node id="13523120955" visible="true" version="1" changeset="178073115" timestamp="2026-02-04T01:01:41Z" user="Haritron" uid="19161555" lat="-7.0494949" lon="110.4366671"/>
 <node id="13523120956" visible="true" version="1" changeset="178073115" timestamp="2026-02-04T01:01:41Z" user="Haritron" uid="19161555" lat="-7.0496300" lon="110.4367382"/>
 <node id="13523120957" visible="true" version="1" changeset="178073115" timestamp="2026-02-04T01:01:41Z" user="Haritron" uid="19161555" lat="-7.0496234" lon="110.4367047"/>
 <node id="13523120958" visible="true" version="1" changeset="178073115" timestamp="2026-02-04T01:01:41Z" user="Haritron" uid="19161555" lat="-7.0497019" lon="110.4367255"/>
 <node id="13523120959" visible="true" version="1" changeset="178073115" timestamp="2026-02-04T01:01:41Z" user="Haritron" uid="19161555" lat="-7.0496952" lon="110.4366913"/>
 <node id="13523120960" visible="true" version="1" changeset="178073115" timestamp="2026-02-04T01:01:41Z" user="Haritron" uid="19161555" lat="-7.0497252" lon="110.4366732"/>
 <node id="13524823641" visible="true" version="1" changeset="178107982" timestamp="2026-02-04T18:59:01Z" user="Haritron" uid="19161555" lat="-7.0501098" lon="110.4347084"/>
 <node id="13524823642" visible="true" version="1" changeset="178107982" timestamp="2026-02-04T18:59:01Z" user="Haritron" uid="19161555" lat="-7.0501458" lon="110.4346937"/>
 <node id="13524823643" visible="true" version="1" changeset="178107982" timestamp="2026-02-04T18:59:01Z" user="Haritron" uid="19161555" lat="-7.0501283" lon="110.4346480"/>
 <node id="13524823644" visible="true" version="1" changeset="178107982" timestamp="2026-02-04T18:59:01Z" user="Haritron" uid="19161555" lat="-7.0501203" lon="110.4347466"/>
 <node id="13524823645" visible="true" version="1" changeset="178107982" timestamp="2026-02-04T18:59:01Z" user="Haritron" uid="19161555" lat="-7.0500741" lon="110.4347628"/>
 <node id="13524823646" visible="true" version="1" changeset="178107982" timestamp="2026-02-04T18:59:01Z" user="Haritron" uid="19161555" lat="-7.0500481" lon="110.4346783"/>
 <node id="13524823647" visible="true" version="1" changeset="178107982" timestamp="2026-02-04T18:59:01Z" user="Haritron" uid="19161555" lat="-7.0499701" lon="110.4344456"/>
 <node id="13524823648" visible="true" version="1" changeset="178107982" timestamp="2026-02-04T18:59:01Z" user="Haritron" uid="19161555" lat="-7.0498290" lon="110.4344966"/>
 <node id="13524823649" visible="true" version="1" changeset="178107982" timestamp="2026-02-04T18:59:01Z" user="Haritron" uid="19161555" lat="-7.0498476" lon="110.4345542"/>
 <node id="13524823650" visible="true" version="1" changeset="178107982" timestamp="2026-02-04T18:59:01Z" user="Haritron" uid="19161555" lat="-7.0498723" lon="110.4345482"/>
 <node id="13524823651" visible="true" version="1" changeset="178107982" timestamp="2026-02-04T18:59:01Z" user="Haritron" uid="19161555" lat="-7.0499328" lon="110.4347071"/>
 <node id="13524823652" visible="true" version="1" changeset="178107982" timestamp="2026-02-04T18:59:01Z" user="Haritron" uid="19161555" lat="-7.0500499" lon="110.4346561"/>
 <node id="13524823669" visible="true" version="1" changeset="178107982" timestamp="2026-02-04T18:59:01Z" user="Haritron" uid="19161555" lat="-7.0491742" lon="110.4369991"/>
 <node id="13524823670" visible="true" version="1" changeset="178107982" timestamp="2026-02-04T18:59:01Z" user="Haritron" uid="19161555" lat="-7.0490318" lon="110.4370366"/>
 <node id="13524823671" visible="true" version="1" changeset="178107982" timestamp="2026-02-04T18:59:01Z" user="Haritron" uid="19161555" lat="-7.0493858" lon="110.4373504"/>
 <node id="13524823672" visible="true" version="1" changeset="178107982" timestamp="2026-02-04T18:59:01Z" user="Haritron" uid="19161555" lat="-7.0494550" lon="110.4372579"/>
 <node id="13524823673" visible="true" version="1" changeset="178107982" timestamp="2026-02-04T18:59:01Z" user="Haritron" uid="19161555" lat="-7.0520544" lon="110.4376388"/>
 <node id="13524823674" visible="true" version="1" changeset="178107982" timestamp="2026-02-04T18:59:01Z" user="Haritron" uid="19161555" lat="-7.0518574" lon="110.4378882"/>
 <node id="13524823675" visible="true" version="1" changeset="178107982" timestamp="2026-02-04T18:59:01Z" user="Haritron" uid="19161555" lat="-7.0515513" lon="110.4377675"/>
 <node id="13524823676" visible="true" version="1" changeset="178107982" timestamp="2026-02-04T18:59:01Z" user="Haritron" uid="19161555" lat="-7.0513277" lon="110.4376790"/>
 <node id="13524823677" visible="true" version="1" changeset="178107982" timestamp="2026-02-04T18:59:01Z" user="Haritron" uid="19161555" lat="-7.0510482" lon="110.4374832"/>
 <node id="13524823678" visible="true" version="1" changeset="178107982" timestamp="2026-02-04T18:59:01Z" user="Haritron" uid="19161555" lat="-7.0510109" lon="110.4376468"/>
 <node id="13524823679" visible="true" version="1" changeset="178107982" timestamp="2026-02-04T18:59:01Z" user="Haritron" uid="19161555" lat="-7.0509630" lon="110.4375368"/>
 <node id="13524912981" visible="true" version="1" changeset="178109104" timestamp="2026-02-04T19:30:18Z" user="Haritron" uid="19161555" lat="-7.0471617" lon="110.4381162"/>
 <node id="13524912982" visible="true" version="1" changeset="178109104" timestamp="2026-02-04T19:30:18Z" user="Haritron" uid="19161555" lat="-7.0470579" lon="110.4380652"/>
 <node id="13524912983" visible="true" version="1" changeset="178109104" timestamp="2026-02-04T19:30:18Z" user="Haritron" uid="19161555" lat="-7.0475850" lon="110.4378667"/>
 <node id="13524912984" visible="true" version="1" changeset="178109104" timestamp="2026-02-04T19:30:18Z" user="Haritron" uid="19161555" lat="-7.0473987" lon="110.4379472"/>
 <node id="13524912985" visible="true" version="1" changeset="178109104" timestamp="2026-02-04T19:30:18Z" user="Haritron" uid="19161555" lat="-7.0470925" lon="110.4381430"/>
 <node id="13524912986" visible="true" version="1" changeset="178109104" timestamp="2026-02-04T19:30:18Z" user="Haritron" uid="19161555" lat="-7.0471058" lon="110.4379258"/>
 <node id="13524921107" visible="true" version="1" changeset="178109104" timestamp="2026-02-04T19:30:18Z" user="Haritron" uid="19161555" lat="-7.0501910" lon="110.4379043">
  <tag k="natural" v="tree"/>
 </node>
 <node id="13524921108" visible="true" version="1" changeset="178109104" timestamp="2026-02-04T19:30:18Z" user="Haritron" uid="19161555" lat="-7.0499994" lon="110.4380572">
  <tag k="natural" v="tree"/>
 </node>
 <node id="13524921109" visible="true" version="1" changeset="178109104" timestamp="2026-02-04T19:30:18Z" user="Haritron" uid="19161555" lat="-7.0496400" lon="110.4373276">
  <tag k="natural" v="tree"/>
 </node>
 <node id="13524921110" visible="true" version="1" changeset="178109104" timestamp="2026-02-04T19:30:18Z" user="Haritron" uid="19161555" lat="-7.0487216" lon="110.4365954">
  <tag k="natural" v="tree"/>
 </node>
 <node id="13524921111" visible="true" version="1" changeset="178109104" timestamp="2026-02-04T19:30:18Z" user="Haritron" uid="19161555" lat="-7.0488867" lon="110.4368824">
  <tag k="natural" v="tree"/>
 </node>
 <node id="13524921112" visible="true" version="1" changeset="178109104" timestamp="2026-02-04T19:30:18Z" user="Haritron" uid="19161555" lat="-7.0491023" lon="110.4372230">
  <tag k="natural" v="tree"/>
 </node>
 <node id="13524921113" visible="true" version="1" changeset="178109104" timestamp="2026-02-04T19:30:18Z" user="Haritron" uid="19161555" lat="-7.0492753" lon="110.4374322">
  <tag k="natural" v="tree"/>
 </node>
 <node id="13524921114" visible="true" version="1" changeset="178109104" timestamp="2026-02-04T19:30:18Z" user="Haritron" uid="19161555" lat="-7.0494164" lon="110.4376763">
  <tag k="natural" v="tree"/>
 </node>
 <node id="13524921115" visible="true" version="1" changeset="178109104" timestamp="2026-02-04T19:30:18Z" user="Haritron" uid="19161555" lat="-7.0502869" lon="110.4369199">
  <tag k="natural" v="tree"/>
 </node>
 <node id="13524921116" visible="true" version="1" changeset="178109104" timestamp="2026-02-04T19:30:18Z" user="Haritron" uid="19161555" lat="-7.0505238" lon="110.4366115">
  <tag k="natural" v="tree"/>
 </node>
 <node id="13524921117" visible="true" version="1" changeset="178109104" timestamp="2026-02-04T19:30:18Z" user="Haritron" uid="19161555" lat="-7.0496134" lon="110.4362199">
  <tag k="natural" v="tree"/>
 </node>
 <node id="13524921118" visible="true" version="1" changeset="178109104" timestamp="2026-02-04T19:30:18Z" user="Haritron" uid="19161555" lat="-7.0498822" lon="110.4361448">
  <tag k="natural" v="tree"/>
 </node>
 <node id="13524921119" visible="true" version="1" changeset="178109104" timestamp="2026-02-04T19:30:18Z" user="Haritron" uid="19161555" lat="-7.0501245" lon="110.4360777">
  <tag k="natural" v="tree"/>
 </node>
 <node id="13524921120" visible="true" version="1" changeset="178109104" timestamp="2026-02-04T19:30:18Z" user="Haritron" uid="19161555" lat="-7.0503161" lon="110.4360080">
  <tag k="natural" v="tree"/>
 </node>
 <node id="13524921154" visible="true" version="1" changeset="178109104" timestamp="2026-02-04T19:30:18Z" user="Haritron" uid="19161555" lat="-7.0511520" lon="110.4377943">
  <tag k="natural" v="tree"/>
 </node>
 <node id="13524921155" visible="true" version="1" changeset="178109104" timestamp="2026-02-04T19:30:18Z" user="Haritron" uid="19161555" lat="-7.0515113" lon="110.4380009">
  <tag k="natural" v="tree"/>
 </node>
 <node id="13524921156" visible="true" version="1" changeset="178109104" timestamp="2026-02-04T19:30:18Z" user="Haritron" uid="19161555" lat="-7.0518121" lon="110.4381376">
  <tag k="natural" v="tree"/>
 </node>
 <node id="13524921157" visible="true" version="1" changeset="178109104" timestamp="2026-02-04T19:30:18Z" user="Haritron" uid="19161555" lat="-7.0512052" lon="110.4382047">
  <tag k="natural" v="tree"/>
 </node>
 <node id="13524921158" visible="true" version="1" changeset="178109104" timestamp="2026-02-04T19:30:18Z" user="Haritron" uid="19161555" lat="-7.0514208" lon="110.4383361">
  <tag k="natural" v="tree"/>
 </node>
 <node id="13524921166" visible="true" version="1" changeset="178109104" timestamp="2026-02-04T19:30:18Z" user="Haritron" uid="19161555" lat="-7.0517695" lon="110.4391408">
  <tag k="natural" v="tree"/>
 </node>
 <node id="13524921190" visible="true" version="1" changeset="178109104" timestamp="2026-02-04T19:30:18Z" user="Haritron" uid="19161555" lat="-7.0477234" lon="110.4386848"/>
 <node id="13524921191" visible="true" version="1" changeset="178109104" timestamp="2026-02-04T19:30:18Z" user="Haritron" uid="19161555" lat="-7.0478964" lon="110.4382744"/>
 <node id="13524921192" visible="true" version="1" changeset="178109104" timestamp="2026-02-04T19:30:18Z" user="Haritron" uid="19161555" lat="-7.0482638" lon="110.4382718"/>
 <node id="13524921193" visible="true" version="1" changeset="178109104" timestamp="2026-02-04T19:30:18Z" user="Haritron" uid="19161555" lat="-7.0477207" lon="110.4379150"/>
 <node id="13599863213" visible="true" version="1" changeset="179064378" timestamp="2026-02-26T02:27:13Z" user="Lauxsin" uid="13967634" lat="-7.0500858" lon="110.4389076"/>
 <node id="14078831711" visible="true" version="1" changeset="187093835" timestamp="2026-08-07T15:35:29Z" user="pendrex" uid="16815611" lat="-7.0349722" lon="110.4202070"/>
 <way id="23798014" visible="true" version="7" changeset="152255392" timestamp="2024-06-04T18:00:50Z" user="KawdyPlateau" uid="20951900">
  <nd ref="257881475"/>
  <nd ref="257881549"/>
  <nd ref="257881550"/>
  <nd ref="257881551"/>
  <tag k="highway" v="residential"/>
  <tag k="lanes" v="1"/>
  <tag k="motorcycle" v="yes"/>
  <tag k="name" v="Jalan Bukit Kerinci"/>
  <tag k="oneway" v="no"/>
  <tag k="smoothness" v="good"/>
  <tag k="source" v="HOT_InAWARESurvey_2018"/>
  <tag k="surface" v="asphalt"/>
  <tag k="width" v="4"/>
 </way>
 <way id="23798015" visible="true" version="5" changeset="59066504" timestamp="2018-05-18T03:16:30Z" user="Ahmad Dayrobi" uid="7573583">
  <nd ref="257881699"/>
  <nd ref="257881551"/>
  <nd ref="257881552"/>
  <tag k="highway" v="residential"/>
  <tag k="lanes" v="1"/>
  <tag k="motorcycle" v="yes"/>
  <tag k="name" v="Jalan Bukit Semeru"/>
  <tag k="oneway" v="no"/>
  <tag k="smoothness" v="good"/>
  <tag k="source" v="HOT_InAWARESurvey_2018"/>
  <tag k="surface" v="asphalt"/>
  <tag k="width" v="4"/>
 </way>
 <way id="23798035" visible="true" version="7" changeset="81942730" timestamp="2020-03-09T04:52:26Z" user="EmbarcaderoPier" uid="10353513">
  <nd ref="4706998552"/>
  <nd ref="4706998551"/>
  <nd ref="7278767091"/>
  <nd ref="4706998550"/>
  <nd ref="7278767090"/>
  <nd ref="4706998549"/>
  <nd ref="4706998548"/>
  <nd ref="4706998547"/>
  <nd ref="4706998546"/>
  <nd ref="4706998545"/>
  <nd ref="7278767089"/>
  <nd ref="4706998544"/>
  <nd ref="4706998543"/>
  <nd ref="4707838583"/>
  <nd ref="4706998542"/>
  <nd ref="257881476"/>
  <nd ref="257881695"/>
  <nd ref="257881696"/>
  <nd ref="257881697"/>
  <nd ref="257881698"/>
  <nd ref="257881699"/>
  <tag k="highway" v="residential"/>
  <tag k="lanes" v="1"/>
  <tag k="motorcycle" v="yes"/>
  <tag k="name" v="Jalan Bukit Timur"/>
  <tag k="oneway" v="no"/>
  <tag k="smoothness" v="intermediate"/>
  <tag k="source" v="HOT_InAWARESurvey_2018"/>
  <tag k="surface" v="gravel"/>
  <tag k="width" v="4"/>
 </way>
 <way id="23892811" visible="true" version="28" changeset="140645726" timestamp="2023-08-31T17:16:33Z" user="Farras" uid="136807">
  <nd ref="258975642"/>
  <nd ref="257675489"/>
  <nd ref="7433426721"/>
  <nd ref="7278767140"/>
  <nd ref="257675490"/>
  <nd ref="7278767139"/>
  <nd ref="257675491"/>
  <nd ref="7278767142"/>
  <nd ref="257675492"/>
  <nd ref="7278875962"/>
  <nd ref="7278767141"/>
  <nd ref="257675493"/>
  <nd ref="257675494"/>
  <nd ref="257555499"/>
  <nd ref="257555496"/>
  <nd ref="257675495"/>
  <nd ref="1780315031"/>
  <nd ref="4707889278"/>
  <tag k="bicycle" v="no"/>
  <tag k="foot" v="no"/>
  <tag k="highway" v="motorway"/>
  <tag k="int_ref" v="AH2"/>
  <tag k="lanes" v="2"/>
  <tag k="maxspeed" v="80"/>
  <tag k="motorcycle" v="no"/>
  <tag k="name" v="Jalan Tol Semarang"/>
  <tag k="oneway" v="yes"/>
  <tag k="operator" v="PT Jasa Marga"/>
  <tag k="ref" v="6"/>
  <tag k="smoothness" v="good"/>
  <tag k="source" v="HOT_InAWARESurvey_2018"/>
  <tag k="surface" v="asphalt"/>
  <tag k="toll" v="yes"/>
  <tag k="width" v="8"/>
 </way>
 <way id="93790058" visible="true" version="12" changeset="87683388" timestamp="2020-07-08T04:35:07Z" user="LavenderBay" uid="10409666">
  <nd ref="3199700198"/>
  <nd ref="7564788169"/>
  <nd ref="7564788170"/>
  <nd ref="3199700197"/>
  <nd ref="5527526786"/>
  <tag k="highway" v="service"/>
  <tag k="lanes" v="2"/>
  <tag k="motorcycle" v="yes"/>
  <tag k="oneway" v="yes"/>
  <tag k="smoothness" v="intermediate"/>
  <tag k="source" v="HOT_InAWARESurvey_2018"/>
  <tag k="surface" v="asphalt"/>
  <tag k="width" v="4"/>
 </way>
 <way id="161141590" visible="true" version="11" changeset="86369784" timestamp="2020-06-08T19:50:30Z" user="Baconcrisp" uid="3778777">
  <nd ref="263018026"/>
  <nd ref="4703466194"/>
  <nd ref="4703466192"/>
  <nd ref="4703466190"/>
  <nd ref="6240983099"/>
  <nd ref="1731410970"/>
  <tag k="highway" v="service"/>
  <tag k="lanes" v="1"/>
  <tag k="motorcycle" v="yes"/>
  <tag k="name" v="Jalan Profesor Haji Soedarto"/>
  <tag k="oneway" v="yes"/>
  <tag k="smoothness" v="intermediate"/>
  <tag k="source" v="HOT_InAWARESurvey_2018"/>
  <tag k="surface" v="paving_stones"/>
  <tag k="width" v="4"/>
 </way>
 <way id="161141593" visible="true" version="12" changeset="118850134" timestamp="2022-03-24T07:25:13Z" user="PointeDesAlmadies" uid="10334775">
  <nd ref="5527526793"/>
  <nd ref="7565149888"/>
  <nd ref="7645257552"/>
  <nd ref="5527526787"/>
  <nd ref="7564788172"/>
  <nd ref="7564788171"/>
  <nd ref="3197125782"/>
  <nd ref="9602522582"/>
  <nd ref="7565768242"/>
  <nd ref="5527526786"/>
  <tag k="highway" v="service"/>
  <tag k="lanes" v="2"/>
  <tag k="motorcycle" v="yes"/>
  <tag k="oneway" v="yes"/>
  <tag k="smoothness" v="intermediate"/>
  <tag k="source" v="HOT_InAWARESurvey_2018"/>
  <tag k="surface" v="asphalt"/>
  <tag k="width" v="4"/>
 </way>
 <way id="161141597" visible="true" version="11" changeset="131991613" timestamp="2023-02-02T08:19:58Z" user="Yudha Adjie" uid="15331789">
  <nd ref="5719758633"/>
  <nd ref="1731410941"/>
  <nd ref="7262839059"/>
  <nd ref="1731410933"/>
  <nd ref="1731410932"/>
  <nd ref="1731410913"/>
  <nd ref="7433426737"/>
  <nd ref="7262726664"/>
  <nd ref="7262726665"/>
  <nd ref="7433426738"/>
  <nd ref="7433426727"/>
  <nd ref="7433426719"/>
  <nd ref="9597201191"/>
  <nd ref="7433426726"/>
  <nd ref="7433426725"/>
  <nd ref="7433426720"/>
  <nd ref="7433426724"/>
  <nd ref="7433426722"/>
  <nd ref="7433426723"/>
  <nd ref="7433426721"/>
  <tag k="bicycle" v="no"/>
  <tag k="destination" v="Jakarta;Surabaya"/>
  <tag k="foot" v="no"/>
  <tag k="highway" v="motorway_link"/>
  <tag k="motorcycle" v="no"/>
  <tag k="oneway" v="yes"/>
  <tag k="toll" v="yes"/>
 </way>
 <way id="161141601" visible="true" version="25" changeset="166662061" timestamp="2025-05-23T15:23:17Z" user="WarmedCord207" uid="21968921">
  <nd ref="4707889279"/>
  <nd ref="258975439"/>
  <nd ref="258975441"/>
  <nd ref="258975442"/>
  <nd ref="258975444"/>
  <nd ref="12857868677"/>
  <nd ref="258975448"/>
  <nd ref="258975450"/>
  <nd ref="7278766912"/>
  <nd ref="258975451"/>
  <nd ref="7278767137"/>
  <nd ref="258975453"/>
  <nd ref="258975454"/>
  <nd ref="7278767138"/>
  <nd ref="7278767144"/>
  <nd ref="7278767143"/>
  <nd ref="258975455"/>
  <nd ref="7433426732"/>
  <nd ref="9597201182"/>
  <nd ref="1851943453"/>
  <nd ref="258975547"/>
  <nd ref="258975548"/>
  <nd ref="7433426730"/>
  <nd ref="258975549"/>
  <nd ref="7433426729"/>
  <nd ref="258975551"/>
  <tag k="bicycle" v="no"/>
  <tag k="foot" v="no"/>
  <tag k="highway" v="motorway"/>
  <tag k="int_ref" v="AH2"/>
  <tag k="lanes" v="2"/>
  <tag k="maxspeed" v="80"/>
  <tag k="motorcycle" v="no"/>
  <tag k="name" v="Jalan Tol Semarang"/>
  <tag k="oneway" v="yes"/>
  <tag k="operator" v="PT Jasa Marga"/>
  <tag k="ref" v="6"/>
  <tag k="smoothness" v="good"/>
  <tag k="source" v="HOT_InAWARESurvey_2018"/>
  <tag k="surface" v="asphalt"/>
  <tag k="toll" v="yes"/>
  <tag k="width" v="8"/>
 </way>
 <way id="161141612" visible="true" version="12" changeset="87695785" timestamp="2020-07-08T08:16:08Z" user="featuresfoods" uid="8794089">
  <nd ref="5527526786"/>
  <nd ref="7565768240"/>
  <nd ref="3197125764"/>
  <nd ref="7565768241"/>
  <nd ref="3197125813"/>
  <nd ref="3197125844"/>
  <nd ref="263018026"/>
  <tag k="highway" v="service"/>
  <tag k="lanes" v="2"/>
  <tag k="motorcycle" v="yes"/>
  <tag k="oneway" v="yes"/>
  <tag k="smoothness" v="intermediate"/>
  <tag k="source" v="HOT_InAWARESurvey_2018"/>
  <tag k="surface" v="paving_stones"/>
  <tag k="width" v="4"/>
 </way>
 <way id="161141614" visible="true" version="11" changeset="151295887" timestamp="2024-05-14T06:31:48Z" user="apriliafp" uid="21486342">
  <nd ref="5527526786"/>
  <nd ref="1731410991"/>
  <nd ref="11903201088"/>
  <nd ref="3197170676"/>
  <nd ref="1731410983"/>
  <nd ref="3197170675"/>
  <nd ref="1731410951"/>
  <nd ref="3199700198"/>
  <tag k="highway" v="service"/>
  <tag k="lanes" v="2"/>
  <tag k="motorcycle" v="yes"/>
  <tag k="oneway" v="yes"/>
  <tag k="smoothness" v="intermediate"/>
  <tag k="source" v="HOT_InAWARESurvey_2018"/>
  <tag k="surface" v="asphalt"/>
  <tag k="width" v="4"/>
 </way>
 <way id="161141618" visible="true" version="11" changeset="151295887" timestamp="2024-05-14T06:31:48Z" user="apriliafp" uid="21486342">
  <nd ref="278011108"/>
  <nd ref="11903201087"/>
  <nd ref="5527526792"/>
  <nd ref="5527526791"/>
  <nd ref="3197125847"/>
  <nd ref="5527526790"/>
  <nd ref="5527526789"/>
  <nd ref="5527526793"/>
  <tag k="highway" v="service"/>
  <tag k="lanes" v="2"/>
  <tag k="motorcycle" v="yes"/>
  <tag k="name" v="Profesor Sudarto"/>
  <tag k="oneway" v="yes"/>
  <tag k="smoothness" v="intermediate"/>
  <tag k="source" v="HOT_InAWARESurvey_2018"/>
  <tag k="surface" v="paving_stones"/>
  <tag k="width" v="4"/>
 </way>
 <way id="198639081" visible="true" version="23" changeset="138860511" timestamp="2023-07-22T15:57:16Z" user="Farras" uid="136807">
  <nd ref="9401817559"/>
  <nd ref="9401817566"/>
  <nd ref="11061878046"/>
  <nd ref="9401817569"/>
  <nd ref="5579837142"/>
  <nd ref="9401817549"/>
  <nd ref="5604082950"/>
  <nd ref="5603436131"/>
  <nd ref="5603436132"/>
  <nd ref="9401817568"/>
  <nd ref="11061878147"/>
  <nd ref="5507378781"/>
  <nd ref="5507378778"/>
  <nd ref="5507378777"/>
  <nd ref="5507378776"/>
  <nd ref="5527136850"/>
  <nd ref="5527136845"/>
  <nd ref="5527136848"/>
  <nd ref="9401817554"/>
  <nd ref="5526809849"/>
  <nd ref="5581723926"/>
  <nd ref="5581723916"/>
  <nd ref="5488289539"/>
  <nd ref="5582053545"/>
  <nd ref="5482346311"/>
  <nd ref="5481778590"/>
  <nd ref="5481781592"/>
  <nd ref="11061878206"/>
  <nd ref="5428721688"/>
  <nd ref="5428721686"/>
  <nd ref="5411824285"/>
  <nd ref="11061878116"/>
  <nd ref="11061878211"/>
  <tag k="cables" v="6"/>
  <tag k="circuits" v="2"/>
  <tag k="frequency" v="50"/>
  <tag k="name" v="SUTT 150kV Ungaran-Tanbang Lorok"/>
  <tag k="operator" v="Perusahaan Listrik Negara"/>
  <tag k="operator:short" v="PLN"/>
  <tag k="operator:wikidata" v="Q4201636"/>
  <tag k="operator:wikipedia" v="id:Perusahaan Listrik Negara"/>
  <tag k="power" v="line"/>
  <tag k="voltage" v="150000"/>
  <tag k="wires" v="double"/>
 </way>
 <way id="226499681" visible="true" version="14" changeset="175343988" timestamp="2025-12-01T07:30:42Z" user="martinmbaihaqi" uid="1840603">
  <nd ref="257883976"/>
  <nd ref="2352989032"/>
  <nd ref="5507378803"/>
  <nd ref="5507378798"/>
  <nd ref="260048125"/>
  <nd ref="13298949534"/>
  <nd ref="13344056250"/>
  <nd ref="7564747067"/>
  <nd ref="7564747066"/>
  <nd ref="1281066046"/>
  <nd ref="2352989024"/>
  <nd ref="7564747065"/>
  <nd ref="7564747068"/>
  <nd ref="3197208826"/>
  <nd ref="5507378675"/>
  <nd ref="2352989013"/>
  <nd ref="7564747064"/>
  <nd ref="7568653536"/>
  <nd ref="3197208824"/>
  <nd ref="7564747063"/>
  <nd ref="3197208822"/>
  <nd ref="7564747062"/>
  <nd ref="263019640"/>
  <nd ref="4599314906"/>
  <nd ref="7278875963"/>
  <nd ref="7278766906"/>
  <nd ref="7278766911"/>
  <nd ref="7278766910"/>
  <nd ref="7278766909"/>
  <nd ref="4599314907"/>
  <nd ref="7278766908"/>
  <nd ref="2352989001"/>
  <nd ref="7278766907"/>
  <nd ref="3197208819"/>
  <nd ref="7564747061"/>
  <nd ref="3197208816"/>
  <nd ref="7278766901"/>
  <nd ref="7564747071"/>
  <nd ref="2352989004"/>
  <nd ref="4697549275"/>
  <nd ref="5510778040"/>
  <tag k="highway" v="tertiary"/>
  <tag k="lanes" v="1"/>
  <tag k="motorcycle" v="yes"/>
  <tag k="name" v="Jalan Banyu Putih Raya"/>
  <tag k="oneway" v="no"/>
  <tag k="smoothness" v="intermediate"/>
  <tag k="source" v="HOT_InAWARESurvey_2018"/>
  <tag k="surface" v="asphalt"/>
  <tag k="width" v="5"/>
 </way>
 <way id="226499683" visible="true" version="3" changeset="85872004" timestamp="2020-05-28T07:24:20Z" user="LavenderBay" uid="10409666">
  <nd ref="2352989021"/>
  <nd ref="7565146073"/>
  <nd ref="2352989022"/>
  <tag k="highway" v="service"/>
  <tag k="lanes" v="2"/>
  <tag k="motorcycle" v="yes"/>
  <tag k="oneway" v="yes"/>
  <tag k="smoothness" v="intermediate"/>
  <tag k="source" v="HOT_InAWARESurvey_2018"/>
  <tag k="surface" v="asphalt"/>
  <tag k="width" v="4"/>
 </way>
 <way id="226499686" visible="true" version="15" changeset="174222705" timestamp="2025-11-05T04:43:58Z" user="GrabID_Resna" uid="17816349">
  <nd ref="1731410968"/>
  <nd ref="7564799428"/>
  <nd ref="4703466083"/>
  <nd ref="4703466082"/>
  <nd ref="8682914367"/>
  <nd ref="4703466081"/>
  <nd ref="4703466080"/>
  <nd ref="4703466079"/>
  <nd ref="13282403936"/>
  <nd ref="5507378816"/>
  <nd ref="4697549601"/>
  <nd ref="4703466078"/>
  <nd ref="2352989030"/>
  <nd ref="2352989022"/>
  <tag k="highway" v="service"/>
  <tag k="lanes" v="2"/>
  <tag k="motorcycle" v="yes"/>
  <tag k="name" v="Jalan Profesor Haji Soedarto"/>
  <tag k="oneway" v="yes"/>
  <tag k="smoothness" v="intermediate"/>
  <tag k="source" v="HOT_InAWARESurvey_2018"/>
  <tag k="surface" v="asphalt"/>
  <tag k="width" v="6"/>
 </way>
 <way id="226499689" visible="true" version="7" changeset="103903155" timestamp="2021-04-30T10:07:18Z" user="Plekhanov" uid="10409550">
  <nd ref="7565149887"/>
  <nd ref="2352989017"/>
  <nd ref="7564788175"/>
  <nd ref="2352989014"/>
  <nd ref="7564788174"/>
  <nd ref="7564788173"/>
  <nd ref="8682798497"/>
  <nd ref="5527526793"/>
  <tag k="highway" v="service"/>
  <tag k="lanes" v="2"/>
  <tag k="motorcycle" v="yes"/>
  <tag k="oneway" v="yes"/>
  <tag k="smoothness" v="intermediate"/>
  <tag k="source" v="HOT_InAWARESurvey_2018"/>
  <tag k="surface" v="asphalt"/>
  <tag k="width" v="4"/>
 </way>
 <way id="226499691" visible="true" version="8" changeset="118867402" timestamp="2022-03-24T14:26:39Z" user="PointeDesAlmadies" uid="10334775">
  <nd ref="5527526793"/>
  <nd ref="9603388198"/>
  <nd ref="8585787828"/>
  <nd ref="2352989015"/>
  <nd ref="7564788176"/>
  <nd ref="7564788177"/>
  <nd ref="2352989018"/>
  <nd ref="2352989021"/>
  <tag k="highway" v="service"/>
  <tag k="lanes" v="2"/>
  <tag k="motorcycle" v="yes"/>
  <tag k="oneway" v="yes"/>
  <tag k="smoothness" v="intermediate"/>
  <tag k="source" v="HOT_InAWARESurvey_2018"/>
  <tag k="surface" v="asphalt"/>
  <tag k="width" v="4"/>
 </way>
 <way id="226499692" visible="true" version="9" changeset="112400962" timestamp="2021-10-12T06:04:38Z" user="Okavango77" uid="9320580">
  <nd ref="2352989030"/>
  <nd ref="3870350051"/>
  <nd ref="3933975233"/>
  <nd ref="2352989026"/>
  <nd ref="7564799419"/>
  <nd ref="2352989027"/>
  <nd ref="9166493113"/>
  <nd ref="8586098444"/>
  <nd ref="9166493114"/>
  <nd ref="2352989028"/>
  <nd ref="7564799420"/>
  <nd ref="5507824122"/>
  <tag k="highway" v="service"/>
  <tag k="lanes" v="1"/>
  <tag k="motorcycle" v="yes"/>
  <tag k="oneway" v="no"/>
  <tag k="smoothness" v="intermediate"/>
  <tag k="source" v="HOT_InAWARESurvey_2018"/>
  <tag k="surface" v="paving_stones"/>
  <tag k="width" v="3"/>
 </way>
 <way id="226499694" visible="true" version="12" changeset="174176473" timestamp="2025-11-04T06:04:54Z" user="martinmbaihaqi" uid="1840603">
  <nd ref="5510778040"/>
  <nd ref="9602832731"/>
  <nd ref="2352989008"/>
  <nd ref="13279107860"/>
  <nd ref="9602832737"/>
  <nd ref="7565146077"/>
  <nd ref="2352989016"/>
  <nd ref="260048133"/>
  <nd ref="7568653528"/>
  <nd ref="7565768280"/>
  <nd ref="9602731769"/>
  <nd ref="3197208827"/>
  <tag k="highway" v="service"/>
  <tag k="lanes" v="1"/>
  <tag k="motorcycle" v="yes"/>
  <tag k="smoothness" v="intermediate"/>
  <tag k="source" v="HOT_InAWARESurvey_2018"/>
  <tag k="surface" v="asphalt"/>
  <tag k="width" v="3.5"/>
 </way>
 <way id="226499696" visible="true" version="13" changeset="152059005" timestamp="2024-05-31T01:35:48Z" user="ThompsonPlateau" uid="20951931">
  <nd ref="5510778040"/>
  <nd ref="3197170580"/>
  <nd ref="2352989007"/>
  <nd ref="2352989009"/>
  <nd ref="7564788184"/>
  <nd ref="2352989010"/>
  <nd ref="7564788183"/>
  <nd ref="5510776918"/>
  <tag k="highway" v="service"/>
  <tag k="lanes" v="1"/>
  <tag k="motorcar" v="yes"/>
  <tag k="motorcycle" v="yes"/>
  <tag k="smoothness" v="intermediate"/>
  <tag k="source" v="HOT_InAWARESurvey_2018"/>
  <tag k="surface" v="asphalt"/>
  <tag k="width" v="5"/>
 </way>
 <way id="226501751" visible="true" version="14" changeset="169747512" timestamp="2025-07-31T02:23:40Z" user="B1nt" uid="16951208">
  <nd ref="5510778042"/>
  <nd ref="7284392225"/>
  <nd ref="7284392224"/>
  <nd ref="7284392223"/>
  <nd ref="7284392222"/>
  <nd ref="8586103190"/>
  <nd ref="12311575633"/>
  <nd ref="3197208243"/>
  <nd ref="7278766924"/>
  <nd ref="5510778041"/>
  <nd ref="7278766925"/>
  <nd ref="13038465565"/>
  <nd ref="7278766926"/>
  <nd ref="5510778039"/>
  <nd ref="7278766927"/>
  <nd ref="3197208814"/>
  <nd ref="7564747069"/>
  <nd ref="2352990552"/>
  <nd ref="7564747070"/>
  <nd ref="3197170569"/>
  <nd ref="5510778040"/>
  <tag k="highway" v="tertiary"/>
  <tag k="lanes" v="1"/>
  <tag k="motorcycle" v="yes"/>
  <tag k="oneway" v="yes"/>
  <tag k="smoothness" v="intermediate"/>
  <tag k="source" v="HOT_InAWARESurvey_2018"/>
  <tag k="surface" v="asphalt"/>
  <tag k="width" v="3.5"/>
 </way>
 <way id="313693577" visible="true" version="8" changeset="103903155" timestamp="2021-04-30T10:07:18Z" user="Plekhanov" uid="10409550">
  <nd ref="5510776917"/>
  <nd ref="3197125654"/>
  <nd ref="3197125805"/>
  <nd ref="5527526788"/>
  <nd ref="3197125801"/>
  <nd ref="5356057083"/>
  <nd ref="3197125632"/>
  <nd ref="3197125625"/>
  <nd ref="8682798502"/>
  <nd ref="5510776914"/>
  <nd ref="5510776915"/>
  <nd ref="5510776916"/>
  <nd ref="3197125629"/>
  <nd ref="5319925889"/>
  <nd ref="5510776917"/>
  <tag k="addr:city" v="Semarang"/>
  <tag k="leisure" v="park"/>
  <tag k="name" v="Taman Widya Puraya"/>
  <tag k="source" v="HOT_InAWARESurvey_2018"/>
 </way>
 <way id="313693578" visible="true" version="4" changeset="103903155" timestamp="2021-04-30T10:07:18Z" user="Plekhanov" uid="10409550">
  <nd ref="3197125770"/>
  <nd ref="3197125785"/>
  <nd ref="8682798500"/>
  <nd ref="3197125819"/>
  <nd ref="3197125824"/>
  <nd ref="3197125831"/>
  <nd ref="3197125836"/>
  <nd ref="3197125846"/>
  <nd ref="3197125848"/>
  <nd ref="6240983135"/>
  <nd ref="6240983134"/>
  <nd ref="3197125775"/>
  <nd ref="3197125769"/>
  <nd ref="6240983133"/>
  <nd ref="3197125660"/>
  <nd ref="3197125763"/>
  <nd ref="3197125770"/>
  <tag k="leisure" v="garden"/>
 </way>
 <way id="313693591" visible="true" version="5" changeset="178062313" timestamp="2026-02-03T18:02:32Z" user="Haritron" uid="19161555">
  <nd ref="3197125588"/>
  <nd ref="3197125592"/>
  <nd ref="3197125597"/>
  <nd ref="3197125598"/>
  <nd ref="3197125602"/>
  <nd ref="3197125601"/>
  <nd ref="3197125619"/>
  <nd ref="3197125623"/>
  <nd ref="3197125609"/>
  <nd ref="3197125600"/>
  <nd ref="3197125610"/>
  <nd ref="3197125607"/>
  <nd ref="3197125599"/>
  <nd ref="3197125595"/>
  <nd ref="3197125596"/>
  <nd ref="3197125590"/>
  <nd ref="3197125587"/>
  <nd ref="3197125593"/>
  <nd ref="3197125591"/>
  <nd ref="3197125594"/>
  <nd ref="3197125586"/>
  <nd ref="13522440419"/>
  <nd ref="13522440420"/>
  <nd ref="13522440421"/>
  <nd ref="3197125588"/>
  <tag k="access:roof" v="no"/>
  <tag k="addr:city" v="Semarang"/>
  <tag k="addr:full" v="Jalan Prof. H. Soedarto, Tembalang, Kota Semarang, Jawa Tengah 50275"/>
  <tag k="backup_generator" v="yes"/>
  <tag k="building" v="university"/>
  <tag k="building:condition" v="good"/>
  <tag k="building:floor" v="ceramics"/>
  <tag k="building:levels" v="2"/>
  <tag k="building:material" v="concrete"/>
  <tag k="building:roof" v="tile"/>
  <tag k="building:structure" v="confined_masonry"/>
  <tag k="capacity:persons" v="250-500"/>
  <tag k="name" v="Gedung Widya Puraya"/>
  <tag k="nohousenumber" v="yes"/>
  <tag k="operator:type" v="government"/>
  <tag k="source" v="HOT_InAWARESurvey_2018"/>
 </way>
 <way id="313693592" visible="true" version="2" changeset="57560915" timestamp="2018-03-27T09:33:32Z" user="Yudha Sidhikoro" uid="4706322">
  <nd ref="3197125583"/>
  <nd ref="3197125584"/>
  <nd ref="3197125589"/>
  <nd ref="3197125585"/>
  <nd ref="3197125583"/>
  <tag k="access:roof" v="no"/>
  <tag k="amenity" v="library"/>
  <tag k="backup_generator" v="no"/>
  <tag k="building" v="library"/>
  <tag k="building:condition" v="good"/>
  <tag k="building:floor" v="ceramics"/>
  <tag k="building:levels" v="2"/>
  <tag k="building:material" v="concrete"/>
  <tag k="building:roof" v="tile"/>
  <tag k="building:structure" v="confined_masonry"/>
  <tag k="capacity:persons" v="100-250"/>
  <tag k="name" v="Perpustakaan Widya Puraya"/>
  <tag k="operator:type" v="government"/>
  <tag k="source" v="HOT_InAWARESurvey_2018"/>
 </way>
 <way id="313693598" visible="true" version="3" changeset="179096513" timestamp="2026-02-26T17:51:11Z" user="Lauxsin" uid="13967634">
  <nd ref="3197125778"/>
  <nd ref="3197125788"/>
  <nd ref="3197125793"/>
  <nd ref="3197125822"/>
  <nd ref="3197125825"/>
  <nd ref="3197125828"/>
  <nd ref="3197125832"/>
  <nd ref="3197125839"/>
  <nd ref="3197125842"/>
  <nd ref="3197125843"/>
  <nd ref="3197125841"/>
  <nd ref="3197125840"/>
  <nd ref="13599863213"/>
  <nd ref="3197125807"/>
  <nd ref="3197125779"/>
  <nd ref="3197125774"/>
  <nd ref="3197125772"/>
  <nd ref="3197125773"/>
  <nd ref="3197125778"/>
  <tag k="highway" v="path"/>
 </way>
 <way id="313693599" visible="true" version="2" changeset="46363889" timestamp="2017-02-24T10:52:00Z" user="Nottheknight" uid="4726749">
  <nd ref="3197125806"/>
  <nd ref="3197125816"/>
  <nd ref="3197125820"/>
  <nd ref="3197125826"/>
  <nd ref="3197125829"/>
  <nd ref="3197125833"/>
  <nd ref="3197125835"/>
  <nd ref="3197125838"/>
  <nd ref="3197125837"/>
  <nd ref="3197125834"/>
  <nd ref="3197125830"/>
  <nd ref="3197125827"/>
  <nd ref="3197125821"/>
  <nd ref="3197125818"/>
  <nd ref="3197125811"/>
  <nd ref="3197125803"/>
  <nd ref="3197125798"/>
  <nd ref="3197125795"/>
  <nd ref="3197125792"/>
  <nd ref="3197125791"/>
  <nd ref="3197125796"/>
  <nd ref="3197125800"/>
  <nd ref="3197125806"/>
  <tag k="highway" v="path"/>
 </way>
 <way id="313693600" visible="true" version="1" changeset="26909359" timestamp="2014-11-20T14:46:39Z" user="Hardian Yanuar" uid="2244847">
  <nd ref="3197125803"/>
  <nd ref="3197125807"/>
  <nd ref="3197125813"/>
  <tag k="highway" v="path"/>
 </way>
 <way id="313693601" visible="true" version="1" changeset="26909359" timestamp="2014-11-20T14:46:39Z" user="Hardian Yanuar" uid="2244847">
  <nd ref="3197125829"/>
  <nd ref="3197125839"/>
  <nd ref="3197125847"/>
  <tag k="highway" v="path"/>
 </way>
 <way id="313693602" visible="true" version="1" changeset="26909359" timestamp="2014-11-20T14:46:39Z" user="Hardian Yanuar" uid="2244847">
  <nd ref="3197125800"/>
  <nd ref="3197125788"/>
  <nd ref="3197125782"/>
  <tag k="highway" v="path"/>
 </way>
 <way id="313693604" visible="true" version="10" changeset="151295304" timestamp="2024-05-14T06:15:46Z" user="apriliafp" uid="21486342">
  <nd ref="5510776918"/>
  <nd ref="8682798499"/>
  <nd ref="11903166605"/>
  <nd ref="5319925887"/>
  <nd ref="8682798503"/>
  <nd ref="4703299070"/>
  <nd ref="3197125622"/>
  <nd ref="7565146072"/>
  <nd ref="7565146071"/>
  <nd ref="8682798501"/>
  <nd ref="5527526786"/>
  <tag k="highway" v="service"/>
  <tag k="lanes" v="1"/>
  <tag k="motorcycle" v="yes"/>
  <tag k="oneway" v="yes"/>
  <tag k="smoothness" v="intermediate"/>
  <tag k="source" v="HOT_InAWARESurvey_2018"/>
  <tag k="surface" v="paving_stones"/>
  <tag k="width" v="5"/>
 </way>
 <way id="313693606" visible="true" version="8" changeset="103903155" timestamp="2021-04-30T10:07:18Z" user="Plekhanov" uid="10409550">
  <nd ref="5319925887"/>
  <nd ref="7564788178"/>
  <nd ref="7564788179"/>
  <nd ref="7564788180"/>
  <nd ref="3197125628"/>
  <nd ref="8682798498"/>
  <nd ref="5510776919"/>
  <nd ref="7564788181"/>
  <nd ref="7564788182"/>
  <nd ref="8682798499"/>
  <tag k="highway" v="service"/>
  <tag k="lanes" v="1"/>
  <tag k="motorcycle" v="yes"/>
  <tag k="oneway" v="no"/>
  <tag k="smoothness" v="intermediate"/>
  <tag k="source" v="HOT_InAWARESurvey_2018"/>
  <tag k="surface" v="paving_stones"/>
  <tag k="width" v="3"/>
 </way>
 <way id="313697404" visible="true" version="3" changeset="57798113" timestamp="2018-04-04T10:15:49Z" user="endang_p" uid="4706330">
  <nd ref="3197170578"/>
  <nd ref="3197170571"/>
  <nd ref="3197170579"/>
  <nd ref="3197170602"/>
  <nd ref="3197170610"/>
  <nd ref="3197170615"/>
  <nd ref="3197170608"/>
  <nd ref="3197170614"/>
  <nd ref="3197170620"/>
  <nd ref="3197170622"/>
  <nd ref="3197170626"/>
  <nd ref="3197170631"/>
  <nd ref="3197170623"/>
  <nd ref="3197170627"/>
  <nd ref="3197170603"/>
  <nd ref="3197170597"/>
  <nd ref="3197170588"/>
  <nd ref="3197170595"/>
  <nd ref="3197170586"/>
  <nd ref="3197170574"/>
  <nd ref="3197170577"/>
  <nd ref="3197170575"/>
  <nd ref="3197170578"/>
  <tag k="source" v="HOT_InAWARESurvey_2018"/>
 </way>
 <way id="313697406" visible="true" version="4" changeset="177911073" timestamp="2026-01-31T00:37:59Z" user="Haritron" uid="19161555">
  <nd ref="3197170743"/>
  <nd ref="3197170741"/>
  <nd ref="3197170740"/>
  <nd ref="3197170736"/>
  <nd ref="3197170739"/>
  <nd ref="3197170738"/>
  <nd ref="3197170757"/>
  <nd ref="3197170867"/>
  <nd ref="3197170743"/>
  <tag k="access:roof" v="no"/>
  <tag k="backup_generator" v="no"/>
  <tag k="building" v="university"/>
  <tag k="building:condition" v="good"/>
  <tag k="building:floor" v="ceramics"/>
  <tag k="building:levels" v="3"/>
  <tag k="building:material" v="concrete"/>
  <tag k="building:roof" v="tile"/>
  <tag k="building:structure" v="confined_masonry"/>
  <tag k="capacity:persons" v="100-250"/>
  <tag k="name" v="Gedung Arsitektur Undip"/>
  <tag k="operator:type" v="government"/>
  <tag k="source" v="HOT_InAWARESurvey_2018"/>
 </way>
 <way id="313697408" visible="true" version="3" changeset="57798113" timestamp="2018-04-04T10:15:50Z" user="endang_p" uid="4706330">
  <nd ref="3197170572"/>
  <nd ref="3197170568"/>
  <nd ref="3197153960"/>
  <nd ref="3197153955"/>
  <nd ref="3197153956"/>
  <nd ref="3197153945"/>
  <nd ref="3197153943"/>
  <nd ref="3197153931"/>
  <nd ref="3197153930"/>
  <nd ref="3197153937"/>
  <nd ref="3197153934"/>
  <nd ref="3197153939"/>
  <nd ref="3197153938"/>
  <nd ref="3197153949"/>
  <nd ref="3197153951"/>
  <nd ref="3197170561"/>
  <nd ref="3197170572"/>
  <tag k="building" v="university"/>
 </way>
 <way id="313697413" visible="true" version="6" changeset="150112284" timestamp="2024-04-17T06:39:40Z" user="FadhilPrawira" uid="10040443">
  <nd ref="3197170753"/>
  <nd ref="3197170861"/>
  <nd ref="3197170897"/>
  <nd ref="3197170903"/>
  <nd ref="3197170875"/>
  <nd ref="3197170869"/>
  <nd ref="3197170753"/>
  <tag k="access:roof" v="no"/>
  <tag k="backup_generator" v="no"/>
  <tag k="building" v="university"/>
  <tag k="building:condition" v="good"/>
  <tag k="building:floor" v="ceramics"/>
  <tag k="building:levels" v="3"/>
  <tag k="building:material" v="concrete"/>
  <tag k="building:roof" v="tile"/>
  <tag k="building:structure" v="confined_masonry"/>
  <tag k="capacity:persons" v="100-250"/>
  <tag k="name" v="Gedung A - Teknik Perencanaan Wilayah dan Kota"/>
  <tag k="nohousenumber" v="yes"/>
  <tag k="operator:type" v="government"/>
  <tag k="source" v="HOT_InAWARESurvey_2018"/>
 </way>
 <way id="313697414" visible="true" version="4" changeset="57798113" timestamp="2018-04-04T10:15:50Z" user="endang_p" uid="4706330">
  <nd ref="3197170866"/>
  <nd ref="3197170758"/>
  <nd ref="3197170886"/>
  <nd ref="3197170900"/>
  <nd ref="3197170905"/>
  <nd ref="3197170902"/>
  <nd ref="3197170866"/>
  <tag k="access:roof" v="no"/>
  <tag k="backup_generator" v="no"/>
  <tag k="building" v="university"/>
  <tag k="building:condition" v="good"/>
  <tag k="building:floor" v="ceramics"/>
  <tag k="building:levels" v="3"/>
  <tag k="building:material" v="concrete"/>
  <tag k="building:roof" v="tile"/>
  <tag k="building:structure" v="confined_masonry"/>
  <tag k="capacity:persons" v="100-250"/>
  <tag k="name" v="Gedung C - Teknik Arsitektur UNDIP"/>
  <tag k="operator:type" v="government"/>
  <tag k="source" v="HOT_InAWARESurvey_2018"/>
 </way>
 <way id="313697417" visible="true" version="4" changeset="177911073" timestamp="2026-01-31T00:37:59Z" user="Haritron" uid="19161555">
  <nd ref="3197170730"/>
  <nd ref="3197170744"/>
  <nd ref="3197170759"/>
  <nd ref="3197170754"/>
  <nd ref="13513520535"/>
  <nd ref="3197170745"/>
  <nd ref="3197170733"/>
  <nd ref="13513520531"/>
  <nd ref="13513520532"/>
  <nd ref="13513520534"/>
  <nd ref="13513520533"/>
  <nd ref="3197170730"/>
  <tag k="access:roof" v="no"/>
  <tag k="backup_generator" v="no"/>
  <tag k="building" v="university"/>
  <tag k="building:condition" v="good"/>
  <tag k="building:floor" v="ceramics"/>
  <tag k="building:levels" v="3"/>
  <tag k="building:material" v="concrete"/>
  <tag k="building:roof" v="tile"/>
  <tag k="building:structure" v="confined_masonry"/>
  <tag k="capacity:persons" v="100-250"/>
  <tag k="name" v="Gedung Teknik Arsitektur Undip"/>
  <tag k="operator:type" v="government"/>
  <tag k="source" v="HOT_InAWARESurvey_2018"/>
 </way>
 <way id="313697418" visible="true" version="3" changeset="57798113" timestamp="2018-04-04T10:15:51Z" user="endang_p" uid="4706330">
  <nd ref="3197170864"/>
  <nd ref="3197170877"/>
  <nd ref="3197170890"/>
  <nd ref="3197170889"/>
  <nd ref="3197170896"/>
  <nd ref="3197170885"/>
  <nd ref="3197170880"/>
  <nd ref="3197170878"/>
  <nd ref="3197170864"/>
  <tag k="access:roof" v="no"/>
  <tag k="backup_generator" v="no"/>
  <tag k="building" v="university"/>
  <tag k="building:condition" v="good"/>
  <tag k="building:floor" v="ceramics"/>
  <tag k="building:levels" v="3"/>
  <tag k="building:material" v="concrete"/>
  <tag k="building:roof" v="tile"/>
  <tag k="building:structure" v="confined_masonry"/>
  <tag k="capacity:persons" v="100-250"/>
  <tag k="operator:type" v="government"/>
  <tag k="source" v="HOT_InAWARESurvey_2018"/>
 </way>
 <way id="313697433" visible="true" version="4" changeset="178109104" timestamp="2026-02-04T19:30:18Z" user="Haritron" uid="19161555">
  <nd ref="3197170697"/>
  <nd ref="3197170703"/>
  <nd ref="3197170726"/>
  <nd ref="3197170721"/>
  <nd ref="3197170715"/>
  <nd ref="3197170706"/>
  <nd ref="3197170704"/>
  <nd ref="3197170699"/>
  <nd ref="3197170701"/>
  <nd ref="3197170700"/>
  <nd ref="3197170702"/>
  <nd ref="3199700191"/>
  <nd ref="3199700190"/>
  <nd ref="3197170691"/>
  <nd ref="3197170698"/>
  <nd ref="3197170697"/>
  <tag k="landuse" v="forest"/>
 </way>
 <way id="313719455" visible="true" version="3" changeset="57798113" timestamp="2018-04-04T10:16:00Z" user="endang_p" uid="4706330">
  <nd ref="3197385065"/>
  <nd ref="3197385062"/>
  <nd ref="3197385072"/>
  <nd ref="3197385073"/>
  <nd ref="3197385077"/>
  <nd ref="3197385078"/>
  <nd ref="3197385079"/>
  <nd ref="3197385080"/>
  <nd ref="3197385036"/>
  <nd ref="3197385034"/>
  <nd ref="3197385041"/>
  <nd ref="3197385037"/>
  <nd ref="3197385065"/>
  <tag k="access:roof" v="no"/>
  <tag k="addr:city" v="Semarang"/>
  <tag k="addr:full" v="Kampus UNDIP"/>
  <tag k="backup_generator" v="no"/>
  <tag k="building" v="university"/>
  <tag k="building:condition" v="good"/>
  <tag k="building:floor" v="ceramics"/>
  <tag k="building:levels" v="3"/>
  <tag k="building:material" v="concrete"/>
  <tag k="building:roof" v="tile"/>
  <tag k="building:structure" v="confined_masonry"/>
  <tag k="capacity:persons" v="100-250"/>
  <tag k="name" v="Gedung Fakultas Hukum"/>
  <tag k="operator:type" v="government"/>
  <tag k="source" v="HOT_InAWARESurvey_2018"/>
 </way>
 <way id="313719460" visible="true" version="3" changeset="57798113" timestamp="2018-04-04T10:16:01Z" user="endang_p" uid="4706330">
  <nd ref="3197384917"/>
  <nd ref="3197384918"/>
  <nd ref="3197384946"/>
  <nd ref="3197384935"/>
  <nd ref="3197384917"/>
  <tag k="access:roof" v="no"/>
  <tag k="addr:city" v="Semarang"/>
  <tag k="addr:full" v="Kampus UNDIP"/>
  <tag k="backup_generator" v="no"/>
  <tag k="building" v="university"/>
  <tag k="building:condition" v="good"/>
  <tag k="building:floor" v="ceramics"/>
  <tag k="building:levels" v="3"/>
  <tag k="building:material" v="concrete"/>
  <tag k="building:roof" v="tile"/>
  <tag k="building:structure" v="confined_masonry"/>
  <tag k="capacity:persons" v="100-250"/>
  <tag k="name" v="Gedung Sekretariat Ilmu Budaya"/>
  <tag k="operator:type" v="government"/>
  <tag k="source" v="HOT_InAWARESurvey_2018"/>
 </way>
 <way id="313719477" visible="true" version="4" changeset="177912049" timestamp="2026-01-31T01:42:45Z" user="Haritron" uid="19161555">
  <nd ref="3197385033"/>
  <nd ref="3197385040"/>
  <nd ref="3197385057"/>
  <nd ref="3197385051"/>
  <nd ref="13513549336"/>
  <nd ref="13513549337"/>
  <nd ref="13513549338"/>
  <nd ref="13513549339"/>
  <nd ref="3197385033"/>
  <tag k="access:roof" v="no"/>
  <tag k="addr:city" v="Semarang"/>
  <tag k="addr:full" v="Kampus UNDIP"/>
  <tag k="backup_generator" v="no"/>
  <tag k="building" v="university"/>
  <tag k="building:condition" v="good"/>
  <tag k="building:floor" v="ceramics"/>
  <tag k="building:levels" v="3"/>
  <tag k="building:material" v="concrete"/>
  <tag k="building:roof" v="tile"/>
  <tag k="building:structure" v="confined_masonry"/>
  <tag k="capacity:persons" v="100-250"/>
  <tag k="operator:type" v="government"/>
  <tag k="source" v="HOT_InAWARESurvey_2018"/>
 </way>
 <way id="313719488" visible="true" version="3" changeset="57798113" timestamp="2018-04-04T10:16:01Z" user="endang_p" uid="4706330">
  <nd ref="3197384948"/>
  <nd ref="3197384945"/>
  <nd ref="3197384975"/>
  <nd ref="3197384977"/>
  <nd ref="3197384978"/>
  <nd ref="3197384980"/>
  <nd ref="3197384973"/>
  <nd ref="3197384982"/>
  <nd ref="3197384988"/>
  <nd ref="3197384996"/>
  <nd ref="3197385010"/>
  <nd ref="3197385007"/>
  <nd ref="3197385006"/>
  <nd ref="3197384999"/>
  <nd ref="3197384991"/>
  <nd ref="3197384989"/>
  <nd ref="3197385004"/>
  <nd ref="3197384992"/>
  <nd ref="3197384990"/>
  <nd ref="3197384976"/>
  <nd ref="3197384983"/>
  <nd ref="3197384974"/>
  <nd ref="3197384967"/>
  <nd ref="3197384959"/>
  <nd ref="3197384956"/>
  <nd ref="3197384954"/>
  <nd ref="3197384938"/>
  <nd ref="3197384943"/>
  <nd ref="3197384934"/>
  <nd ref="3197384933"/>
  <nd ref="3197384929"/>
  <nd ref="3197384930"/>
  <nd ref="3197384927"/>
  <nd ref="3197384928"/>
  <nd ref="3197384931"/>
  <nd ref="3197384932"/>
  <nd ref="3197384942"/>
  <nd ref="3197384940"/>
  <nd ref="3197384948"/>
  <tag k="access:roof" v="no"/>
  <tag k="addr:city" v="Semarang"/>
  <tag k="addr:full" v="Kampus UNDIP"/>
  <tag k="backup_generator" v="no"/>
  <tag k="building" v="university"/>
  <tag k="building:condition" v="good"/>
  <tag k="building:floor" v="ceramics"/>
  <tag k="building:levels" v="3"/>
  <tag k="building:material" v="concrete"/>
  <tag k="building:roof" v="tile"/>
  <tag k="building:structure" v="confined_masonry"/>
  <tag k="capacity:persons" v="100-250"/>
  <tag k="name" v="Gedung Fakultas Ilmu Budaya"/>
  <tag k="operator:type" v="government"/>
  <tag k="source" v="HOT_InAWARESurvey_2018"/>
 </way>
 <way id="313719489" visible="true" version="3" changeset="57798113" timestamp="2018-04-04T10:16:02Z" user="endang_p" uid="4706330">
  <nd ref="3197385115"/>
  <nd ref="3197385114"/>
  <nd ref="3197385103"/>
  <nd ref="3197385102"/>
  <nd ref="3197385097"/>
  <nd ref="3197385093"/>
  <nd ref="3197385090"/>
  <nd ref="3197385091"/>
  <nd ref="3197385095"/>
  <nd ref="3197385098"/>
  <nd ref="3197385101"/>
  <nd ref="3197385099"/>
  <nd ref="3197385113"/>
  <nd ref="3197385112"/>
  <nd ref="3197385107"/>
  <nd ref="3197385104"/>
  <nd ref="3197385082"/>
  <nd ref="3197385083"/>
  <nd ref="3197385081"/>
  <nd ref="3197385086"/>
  <nd ref="3197385092"/>
  <nd ref="3197385094"/>
  <nd ref="3197385085"/>
  <nd ref="3197385105"/>
  <nd ref="3197385110"/>
  <nd ref="3197385111"/>
  <nd ref="3197385125"/>
  <nd ref="3197385124"/>
  <nd ref="3197385127"/>
  <nd ref="3197385118"/>
  <nd ref="3197385120"/>
  <nd ref="3197385123"/>
  <nd ref="3197385128"/>
  <nd ref="3197385129"/>
  <nd ref="3197385121"/>
  <nd ref="3197385122"/>
  <nd ref="3197385119"/>
  <nd ref="3197385117"/>
  <nd ref="3197385126"/>
  <nd ref="3197385116"/>
  <nd ref="3197385108"/>
  <nd ref="3197385100"/>
  <nd ref="3197385088"/>
  <nd ref="3197385096"/>
  <nd ref="3197385087"/>
  <nd ref="3197385089"/>
  <nd ref="3197385084"/>
  <nd ref="3197385106"/>
  <nd ref="3197385109"/>
  <nd ref="3197385115"/>
  <tag k="access:roof" v="no"/>
  <tag k="addr:city" v="Semarang"/>
  <tag k="addr:full" v="Kampus UNDIP"/>
  <tag k="backup_generator" v="no"/>
  <tag k="building" v="university"/>
  <tag k="building:condition" v="good"/>
  <tag k="building:floor" v="ceramics"/>
  <tag k="building:levels" v="3"/>
  <tag k="building:material" v="concrete"/>
  <tag k="building:roof" v="tile"/>
  <tag k="building:structure" v="confined_masonry"/>
  <tag k="capacity:persons" v="&gt;500"/>
  <tag k="name" v="Gedung Fakultas Ilmu Sosial dan Ilmu Politik"/>
  <tag k="operator:type" v="government"/>
  <tag k="source" v="HOT_InAWARESurvey_2018"/>
 </way>
 <way id="313721948" visible="true" version="4" changeset="177912049" timestamp="2026-01-31T01:42:45Z" user="Haritron" uid="19161555">
  <nd ref="3197415730"/>
  <nd ref="13513549365"/>
  <nd ref="13513549366"/>
  <nd ref="13513549364"/>
  <nd ref="13513549363"/>
  <nd ref="3197415731"/>
  <nd ref="13513549361"/>
  <nd ref="13513549362"/>
  <nd ref="3197415733"/>
  <nd ref="3197415732"/>
  <nd ref="3197415730"/>
  <tag k="access:roof" v="no"/>
  <tag k="backup_generator" v="no"/>
  <tag k="building" v="university"/>
  <tag k="building:condition" v="good"/>
  <tag k="building:floor" v="ceramics"/>
  <tag k="building:levels" v="5"/>
  <tag k="building:material" v="concrete"/>
  <tag k="building:roof" v="tile"/>
  <tag k="building:structure" v="confined_masonry"/>
  <tag k="capacity:persons" v="&gt;500"/>
  <tag k="name" v="Gedung Fakultas Dekanat Undip"/>
  <tag k="operator:type" v="government"/>
  <tag k="source" v="HOT_InAWARESurvey_2018"/>
 </way>
 <way id="313721949" visible="true" version="1" changeset="26914126" timestamp="2014-11-20T18:51:04Z" user="Hardian Yanuar" uid="2244847">
  <nd ref="3197415736"/>
  <nd ref="3197415741"/>
  <nd ref="3197415743"/>
  <nd ref="3197415737"/>
  <nd ref="3197415736"/>
  <tag k="building" v="yes"/>
 </way>
 <way id="313721951" visible="true" version="1" changeset="26914126" timestamp="2014-11-20T18:51:04Z" user="Hardian Yanuar" uid="2244847">
  <nd ref="3197415734"/>
  <nd ref="3197415738"/>
  <nd ref="3197415739"/>
  <nd ref="3197415735"/>
  <nd ref="3197415734"/>
  <tag k="building" v="yes"/>
 </way>
 <way id="313927178" visible="true" version="5" changeset="162022446" timestamp="2025-02-01T18:59:15Z" user="w_djatmiko" uid="6168168">
  <nd ref="3199700190"/>
  <nd ref="3197170691"/>
  <nd ref="3197170698"/>
  <nd ref="3197170697"/>
  <nd ref="3197170703"/>
  <nd ref="3199702362"/>
  <nd ref="3197170726"/>
  <nd ref="3199702154"/>
  <nd ref="7565768234"/>
  <tag k="waterway" v="drain"/>
 </way>
 <way id="313927179" visible="true" version="4" changeset="162022446" timestamp="2025-02-01T18:59:15Z" user="w_djatmiko" uid="6168168">
  <nd ref="10629332094"/>
  <nd ref="3199702366"/>
  <nd ref="3199702367"/>
  <nd ref="3199702368"/>
  <nd ref="5510776902"/>
  <tag k="waterway" v="drain"/>
 </way>
 <way id="334975692" visible="true" version="10" changeset="102182075" timestamp="2021-04-02T09:54:09Z" user="mana_sa" uid="11585582">
  <nd ref="6240983120"/>
  <nd ref="2352989025"/>
  <nd ref="4703466189"/>
  <nd ref="4703466191"/>
  <nd ref="8585787820"/>
  <nd ref="4703466193"/>
  <nd ref="278011108"/>
  <tag k="highway" v="service"/>
  <tag k="lanes" v="2"/>
  <tag k="motorcycle" v="yes"/>
  <tag k="name" v="Jalan Profesor Haji Soedarto"/>
  <tag k="oneway" v="yes"/>
  <tag k="smoothness" v="intermediate"/>
  <tag k="source" v="HOT_InAWARESurvey_2018"/>
  <tag k="surface" v="paving_stones"/>
  <tag k="width" v="3.5"/>
 </way>
 <way id="389147997" visible="true" version="1" changeset="36312574" timestamp="2016-01-02T07:39:30Z" user="Miqdam" uid="3494991">
  <nd ref="3923103325"/>
  <nd ref="3923103326"/>
  <nd ref="3923103327"/>
  <nd ref="3923103328"/>
  <nd ref="3923103325"/>
  <tag k="amenity" v="cafe"/>
  <tag k="building" v="yes"/>
  <tag k="cuisine" v="regional"/>
  <tag k="internet_access" v="yes"/>
  <tag k="name" v="Kantina Dharma Wanita Planologi"/>
 </way>
 <way id="390235248" visible="true" version="2" changeset="85864380" timestamp="2020-05-28T05:12:04Z" user="LavenderBay" uid="10409666">
  <nd ref="3933975233"/>
  <nd ref="3933975234"/>
  <nd ref="3933975235"/>
  <nd ref="7564788128"/>
  <nd ref="3933975236"/>
  <nd ref="7564788129"/>
  <nd ref="3933975237"/>
  <nd ref="3933975238"/>
  <tag k="highway" v="service"/>
 </way>
 <way id="476105890" visible="true" version="7" changeset="139912952" timestamp="2023-08-15T12:37:40Z" user="w_djatmiko" uid="6168168">
  <nd ref="4697549275"/>
  <nd ref="4697549274"/>
  <nd ref="4697549273"/>
  <nd ref="4697549272"/>
  <nd ref="4697549271"/>
  <nd ref="4697549270"/>
  <nd ref="7278766930"/>
  <nd ref="4697549269"/>
  <nd ref="4697549268"/>
  <nd ref="4697549267"/>
  <nd ref="7278766929"/>
  <nd ref="11116298269"/>
  <nd ref="4697549266"/>
  <nd ref="7278766928"/>
  <nd ref="4697549265"/>
  <nd ref="4697549264"/>
  <tag k="highway" v="tertiary"/>
  <tag k="lanes" v="1"/>
  <tag k="motorcycle" v="yes"/>
  <tag k="oneway" v="yes"/>
  <tag k="smoothness" v="intermediate"/>
  <tag k="source" v="HOT_InAWARESurvey_2018"/>
  <tag k="surface" v="asphalt"/>
  <tag k="width" v="3.5"/>
 </way>
 <way id="476105903" visible="true" version="3" changeset="85872004" timestamp="2020-05-28T07:24:20Z" user="LavenderBay" uid="10409666">
  <nd ref="2352989016"/>
  <nd ref="4697549599"/>
  <tag k="highway" v="service"/>
  <tag k="oneway" v="yes"/>
 </way>
 <way id="476105919" visible="true" version="12" changeset="174176005" timestamp="2025-11-04T05:37:07Z" user="martinmbaihaqi" uid="1840603">
  <nd ref="9602832744"/>
  <nd ref="9602832755"/>
  <nd ref="11886358972"/>
  <nd ref="9602832754"/>
  <nd ref="11886358970"/>
  <nd ref="9602832753"/>
  <nd ref="11886358971"/>
  <nd ref="7565768232"/>
  <nd ref="7565768233"/>
  <nd ref="11886358969"/>
  <nd ref="5527526783"/>
  <nd ref="5527526782"/>
  <nd ref="7565768278"/>
  <nd ref="4697549644"/>
  <nd ref="7564799398"/>
  <nd ref="4697549645"/>
  <nd ref="7564799397"/>
  <nd ref="4697549646"/>
  <nd ref="4697549647"/>
  <nd ref="4697549648"/>
  <tag k="highway" v="service"/>
  <tag k="lanes" v="1"/>
  <tag k="motorcycle" v="yes"/>
  <tag k="name" v="Jalan Profesor Haji Soedarto"/>
  <tag k="oneway" v="no"/>
  <tag k="smoothness" v="intermediate"/>
  <tag k="source" v="HOT_InAWARESurvey_2018"/>
  <tag k="surface" v="paving_stones"/>
  <tag k="width" v="4"/>
 </way>
 <way id="476926734" visible="true" version="2" changeset="57556559" timestamp="2018-03-27T07:57:37Z" user="Yudha Sidhikoro" uid="4706322">
  <nd ref="4703466193"/>
  <nd ref="4703466194"/>
  <tag k="highway" v="service"/>
  <tag k="lanes" v="1"/>
  <tag k="motorcycle" v="yes"/>
  <tag k="oneway" v="no"/>
  <tag k="smoothness" v="intermediate"/>
  <tag k="source" v="HOT_InAWARESurvey_2018"/>
  <tag k="surface" v="paving_stones"/>
  <tag k="width" v="4"/>
 </way>
 <way id="477326957" visible="true" version="3" changeset="85863533" timestamp="2020-05-28T04:52:49Z" user="LavenderBay" uid="10409666">
  <nd ref="257881525"/>
  <nd ref="4706998535"/>
  <nd ref="4706998536"/>
  <nd ref="7564747073"/>
  <nd ref="5444922421"/>
  <nd ref="7564747072"/>
  <nd ref="5444922422"/>
  <nd ref="257881699"/>
  <tag k="highway" v="residential"/>
  <tag k="lanes" v="1"/>
  <tag k="motorcycle" v="yes"/>
  <tag k="name" v="Jalan Bukit Telomoyo"/>
  <tag k="oneway" v="no"/>
  <tag k="smoothness" v="good"/>
  <tag k="source" v="HOT_InAWARESurvey_2018"/>
  <tag k="surface" v="asphalt"/>
  <tag k="width" v="4"/>
 </way>
 <way id="508049837" visible="true" version="2" changeset="178107982" timestamp="2026-02-04T18:59:01Z" user="Haritron" uid="19161555">
  <nd ref="4974395528"/>
  <nd ref="4974395527"/>
  <nd ref="4974395526"/>
  <nd ref="4974395525"/>
  <nd ref="4974395528"/>
  <tag k="building" v="university"/>
 </way>
 <way id="508049838" visible="true" version="1" changeset="50338531" timestamp="2017-07-17T02:55:29Z" user="trindahutami" uid="6144739">
  <nd ref="4974395532"/>
  <nd ref="4974395531"/>
  <nd ref="4974395530"/>
  <nd ref="4974395529"/>
  <nd ref="4974395532"/>
  <tag k="building" v="yes"/>
 </way>
 <way id="508049839" visible="true" version="2" changeset="57798113" timestamp="2018-04-04T10:16:20Z" user="endang_p" uid="4706330">
  <nd ref="4974395536"/>
  <nd ref="4974395535"/>
  <nd ref="4974395534"/>
  <nd ref="4974395533"/>
  <nd ref="4974395536"/>
  <tag k="building" v="university"/>
 </way>
 <way id="508049840" visible="true" version="2" changeset="57798113" timestamp="2018-04-04T10:16:20Z" user="endang_p" uid="4706330">
  <nd ref="4974395540"/>
  <nd ref="4974395539"/>
  <nd ref="4974395538"/>
  <nd ref="4974395537"/>
  <nd ref="4974395540"/>
  <tag k="building" v="university"/>
 </way>
 <way id="508049841" visible="true" version="1" changeset="50338531" timestamp="2017-07-17T02:55:29Z" user="trindahutami" uid="6144739">
  <nd ref="4974395544"/>
  <nd ref="4974395543"/>
  <nd ref="4974395542"/>
  <nd ref="4974395541"/>
  <nd ref="4974395544"/>
  <tag k="building" v="yes"/>
 </way>
 <way id="508049842" visible="true" version="1" changeset="50338531" timestamp="2017-07-17T02:55:29Z" user="trindahutami" uid="6144739">
  <nd ref="4974395548"/>
  <nd ref="4974395547"/>
  <nd ref="4974395546"/>
  <nd ref="4974395545"/>
  <nd ref="4974395548"/>
  <tag k="building" v="yes"/>
 </way>
 <way id="508049844" visible="true" version="1" changeset="50338531" timestamp="2017-07-17T02:55:29Z" user="trindahutami" uid="6144739">
  <nd ref="4974395556"/>
  <nd ref="4974395555"/>
  <nd ref="4974395554"/>
  <nd ref="4974395553"/>
  <nd ref="4974395556"/>
  <tag k="building" v="yes"/>
 </way>
 <way id="508049845" visible="true" version="2" changeset="57798113" timestamp="2018-04-04T10:16:20Z" user="endang_p" uid="4706330">
  <nd ref="4974395560"/>
  <nd ref="4974395559"/>
  <nd ref="4974395558"/>
  <nd ref="4974395557"/>
  <nd ref="4974395560"/>
  <tag k="building" v="university"/>
 </way>
 <way id="508049846" visible="true" version="4" changeset="183473573" timestamp="2026-06-01T01:39:55Z" user="FajrAl" uid="2649988">
  <nd ref="4974395564"/>
  <nd ref="4974395563"/>
  <nd ref="4974395562"/>
  <nd ref="4974395561"/>
  <nd ref="4974395564"/>
  <tag k="building" v="university"/>
  <tag k="name" v="Sekolah Vokasi Universitas Diponegoro"/>
  <tag k="name:en" v="Vocational School of Diponegoro University"/>
  <tag k="name:etymology:wikidata" v="Q28899"/>
  <tag k="name:etymology:wikipedia" v="id:Diponegoro"/>
  <tag k="website" v="https://vokasi.undip.ac.id/en/baru-eng/"/>
 </way>
 <way id="508049847" visible="true" version="2" changeset="57798113" timestamp="2018-04-04T10:16:20Z" user="endang_p" uid="4706330">
  <nd ref="4974395568"/>
  <nd ref="4974395567"/>
  <nd ref="4974395566"/>
  <nd ref="4974395565"/>
  <nd ref="4974395568"/>
  <tag k="building" v="university"/>
 </way>
 <way id="508049849" visible="true" version="3" changeset="57798113" timestamp="2018-04-04T10:16:20Z" user="endang_p" uid="4706330">
  <nd ref="5507824217"/>
  <nd ref="4974395576"/>
  <nd ref="4974395575"/>
  <nd ref="5507824218"/>
  <nd ref="4974395571"/>
  <nd ref="4974395570"/>
  <nd ref="4974395569"/>
  <nd ref="4974395572"/>
  <nd ref="5507824217"/>
  <tag k="access:roof" v="no"/>
  <tag k="backup_generator" v="no"/>
  <tag k="building" v="university"/>
  <tag k="building:condition" v="good"/>
  <tag k="building:floor" v="ceramics"/>
  <tag k="building:levels" v="2"/>
  <tag k="building:material" v="concrete"/>
  <tag k="building:roof" v="tile"/>
  <tag k="building:structure" v="confined_masonry"/>
  <tag k="capacity:persons" v="100-250"/>
  <tag k="name" v="Gedung Sekolah Vokasi"/>
  <tag k="operator:type" v="government"/>
  <tag k="source" v="HOT_InAWARESurvey_2018"/>
 </way>
 <way id="508049850" visible="true" version="3" changeset="57798113" timestamp="2018-04-04T10:16:21Z" user="endang_p" uid="4706330">
  <nd ref="4974395580"/>
  <nd ref="4974395579"/>
  <nd ref="4974395578"/>
  <nd ref="4974395577"/>
  <nd ref="4974395580"/>
  <tag k="access:roof" v="no"/>
  <tag k="backup_generator" v="no"/>
  <tag k="building" v="university"/>
  <tag k="building:condition" v="good"/>
  <tag k="building:floor" v="ceramics"/>
  <tag k="building:levels" v="2"/>
  <tag k="building:material" v="concrete"/>
  <tag k="building:roof" v="tile"/>
  <tag k="building:structure" v="confined_masonry"/>
  <tag k="capacity:persons" v="100-250"/>
  <tag k="name" v="Gedung D3 Teknik Sipil"/>
  <tag k="operator:type" v="government"/>
  <tag k="source" v="HOT_InAWARESurvey_2018"/>
 </way>
 <way id="508049851" visible="true" version="3" changeset="57798113" timestamp="2018-04-04T10:16:21Z" user="endang_p" uid="4706330">
  <nd ref="4974395584"/>
  <nd ref="4974395583"/>
  <nd ref="4974395582"/>
  <nd ref="4974395581"/>
  <nd ref="4974395584"/>
  <tag k="access:roof" v="no"/>
  <tag k="backup_generator" v="no"/>
  <tag k="building" v="university"/>
  <tag k="building:condition" v="good"/>
  <tag k="building:floor" v="ceramics"/>
  <tag k="building:levels" v="2"/>
  <tag k="building:material" v="concrete"/>
  <tag k="building:roof" v="tile"/>
  <tag k="building:structure" v="confined_masonry"/>
  <tag k="capacity:persons" v="100-250"/>
  <tag k="name" v="Gedung D3 Teknik Sipil"/>
  <tag k="operator:type" v="government"/>
  <tag k="source" v="HOT_InAWARESurvey_2018"/>
 </way>
 <way id="558962790" visible="true" version="1" changeset="56104471" timestamp="2018-02-06T04:08:27Z" user="MuhammadRidwanAdetyaSaputra" uid="7573582">
  <nd ref="5391558975"/>
  <nd ref="5391558974"/>
  <nd ref="5391558973"/>
  <nd ref="5391558972"/>
  <nd ref="5391558975"/>
  <tag k="building" v="yes"/>
 </way>
 <way id="558962791" visible="true" version="1" changeset="56104471" timestamp="2018-02-06T04:08:27Z" user="MuhammadRidwanAdetyaSaputra" uid="7573582">
  <nd ref="5391558979"/>
  <nd ref="5391558978"/>
  <nd ref="5391558977"/>
  <nd ref="5391558976"/>
  <nd ref="5391558979"/>
  <tag k="building" v="yes"/>
 </way>
 <way id="558962793" visible="true" version="1" changeset="56104471" timestamp="2018-02-06T04:08:27Z" user="MuhammadRidwanAdetyaSaputra" uid="7573582">
  <nd ref="5391558987"/>
  <nd ref="5391558986"/>
  <nd ref="5391558985"/>
  <nd ref="5391558984"/>
  <nd ref="5391558987"/>
  <tag k="building" v="yes"/>
 </way>
 <way id="558962795" visible="true" version="1" changeset="56104471" timestamp="2018-02-06T04:08:27Z" user="MuhammadRidwanAdetyaSaputra" uid="7573582">
  <nd ref="5391558995"/>
  <nd ref="5391558994"/>
  <nd ref="5391558993"/>
  <nd ref="5391558992"/>
  <nd ref="5391558995"/>
  <tag k="building" v="yes"/>
 </way>
 <way id="558962796" visible="true" version="1" changeset="56104471" timestamp="2018-02-06T04:08:27Z" user="MuhammadRidwanAdetyaSaputra" uid="7573582">
  <nd ref="5391558999"/>
  <nd ref="5391558998"/>
  <nd ref="5391558997"/>
  <nd ref="5391558996"/>
  <nd ref="5391558999"/>
  <tag k="building" v="yes"/>
 </way>
 <way id="558962797" visible="true" version="1" changeset="56104471" timestamp="2018-02-06T04:08:27Z" user="MuhammadRidwanAdetyaSaputra" uid="7573582">
  <nd ref="5391559003"/>
  <nd ref="5391559002"/>
  <nd ref="5391559001"/>
  <nd ref="5391559000"/>
  <nd ref="5391559003"/>
  <tag k="building" v="yes"/>
 </way>
 <way id="558962798" visible="true" version="1" changeset="56104471" timestamp="2018-02-06T04:08:27Z" user="MuhammadRidwanAdetyaSaputra" uid="7573582">
  <nd ref="5391559007"/>
  <nd ref="5391559006"/>
  <nd ref="5391559005"/>
  <nd ref="5391559004"/>
  <nd ref="5391559007"/>
  <tag k="building" v="yes"/>
 </way>
 <way id="558962799" visible="true" version="1" changeset="56104471" timestamp="2018-02-06T04:08:27Z" user="MuhammadRidwanAdetyaSaputra" uid="7573582">
  <nd ref="5391559011"/>
  <nd ref="5391559010"/>
  <nd ref="5391559009"/>
  <nd ref="5391559008"/>
  <nd ref="5391559011"/>
  <tag k="building" v="yes"/>
 </way>
 <way id="558962811" visible="true" version="1" changeset="56104471" timestamp="2018-02-06T04:08:28Z" user="MuhammadRidwanAdetyaSaputra" uid="7573582">
  <nd ref="5391559059"/>
  <nd ref="5391559058"/>
  <nd ref="5391559057"/>
  <nd ref="5391559056"/>
  <nd ref="5391559059"/>
  <tag k="building" v="yes"/>
 </way>
 <way id="558962812" visible="true" version="1" changeset="56104471" timestamp="2018-02-06T04:08:28Z" user="MuhammadRidwanAdetyaSaputra" uid="7573582">
  <nd ref="5391559063"/>
  <nd ref="5391559062"/>
  <nd ref="5391559061"/>
  <nd ref="5391559060"/>
  <nd ref="5391559063"/>
  <tag k="building" v="yes"/>
 </way>
 <way id="558962980" visible="true" version="3" changeset="57798113" timestamp="2018-04-04T10:16:23Z" user="endang_p" uid="4706330">
  <nd ref="5391560631"/>
  <nd ref="5391560630"/>
  <nd ref="5391560629"/>
  <nd ref="5391560628"/>
  <nd ref="5391560631"/>
  <tag k="addr:city" v="Semarang"/>
  <tag k="leisure" v="pitch"/>
  <tag k="source" v="HOT_InAWARESurvey_2018"/>
  <tag k="sport" v="multi"/>
 </way>
 <way id="558962981" visible="true" version="2" changeset="57556559" timestamp="2018-03-27T07:57:41Z" user="Yudha Sidhikoro" uid="4706322">
  <nd ref="5391560645"/>
  <nd ref="5391560644"/>
  <nd ref="5391560643"/>
  <nd ref="5391560642"/>
  <nd ref="5391560641"/>
  <nd ref="5391560640"/>
  <nd ref="5391560639"/>
  <nd ref="5391560638"/>
  <nd ref="5391560637"/>
  <nd ref="5391560636"/>
  <nd ref="5391560635"/>
  <nd ref="5391560634"/>
  <nd ref="5391560633"/>
  <nd ref="5391560632"/>
  <nd ref="5391560645"/>
  <tag k="access:roof" v="no"/>
  <tag k="addr:city" v="Semarang"/>
  <tag k="addr:full" v="Jalan Prof. Soedarto"/>
  <tag k="backup_generator" v="no"/>
  <tag k="building" v="college"/>
  <tag k="building:condition" v="good"/>
  <tag k="building:floor" v="ceramics"/>
  <tag k="building:levels" v="1"/>
  <tag k="building:material" v="concrete"/>
  <tag k="building:roof" v="tile"/>
  <tag k="building:structure" v="confined_masonry"/>
  <tag k="capacity:persons" v="100-250"/>
  <tag k="operator:type" v="government"/>
  <tag k="source" v="HOT_InAWARESurvey_2018"/>
 </way>
 <way id="558962983" visible="true" version="2" changeset="57798113" timestamp="2018-04-04T10:16:23Z" user="endang_p" uid="4706330">
  <nd ref="5391560653"/>
  <nd ref="5391560650"/>
  <nd ref="5391560651"/>
  <nd ref="5391560652"/>
  <nd ref="5391560653"/>
  <tag k="building" v="university"/>
 </way>
 <way id="565324308" visible="true" version="1" changeset="56782302" timestamp="2018-03-01T09:19:34Z" user="MuhammadRidwanAdetyaSaputra" uid="7573582">
  <nd ref="5444922426"/>
  <nd ref="5444922423"/>
  <nd ref="5444922424"/>
  <nd ref="5444922425"/>
  <nd ref="5444922426"/>
  <tag k="building" v="yes"/>
 </way>
 <way id="565324309" visible="true" version="1" changeset="56782302" timestamp="2018-03-01T09:19:34Z" user="MuhammadRidwanAdetyaSaputra" uid="7573582">
  <nd ref="5444922430"/>
  <nd ref="5444922429"/>
  <nd ref="5444922428"/>
  <nd ref="5444922427"/>
  <nd ref="5444922430"/>
  <tag k="building" v="yes"/>
 </way>
 <way id="565324311" visible="true" version="1" changeset="56782302" timestamp="2018-03-01T09:19:34Z" user="MuhammadRidwanAdetyaSaputra" uid="7573582">
  <nd ref="5444922438"/>
  <nd ref="5444922435"/>
  <nd ref="5444922436"/>
  <nd ref="5444922437"/>
  <nd ref="5444922438"/>
  <tag k="building" v="yes"/>
 </way>
 <way id="565324312" visible="true" version="1" changeset="56782302" timestamp="2018-03-01T09:19:34Z" user="MuhammadRidwanAdetyaSaputra" uid="7573582">
  <nd ref="5444922442"/>
  <nd ref="5444922439"/>
  <nd ref="5444922440"/>
  <nd ref="5444922441"/>
  <nd ref="5444922442"/>
  <tag k="building" v="yes"/>
 </way>
 <way id="565324313" visible="true" version="1" changeset="56782302" timestamp="2018-03-01T09:19:34Z" user="MuhammadRidwanAdetyaSaputra" uid="7573582">
  <nd ref="5444922452"/>
  <nd ref="5444922446"/>
  <nd ref="5444922445"/>
  <nd ref="5444922451"/>
  <nd ref="5444922450"/>
  <nd ref="5444922444"/>
  <nd ref="5444922447"/>
  <nd ref="5444922448"/>
  <nd ref="5444922443"/>
  <nd ref="5444922449"/>
  <nd ref="5444922452"/>
  <tag k="building" v="yes"/>
 </way>
 <way id="573422573" visible="true" version="9" changeset="178071816" timestamp="2026-02-03T23:35:51Z" user="Haritron" uid="19161555">
  <nd ref="8682810079"/>
  <nd ref="8682810077"/>
  <nd ref="8682810078"/>
  <nd ref="11964362863"/>
  <nd ref="8682810076"/>
  <nd ref="8682810075"/>
  <nd ref="8682810074"/>
  <nd ref="8682810073"/>
  <nd ref="8682810072"/>
  <nd ref="8682810071"/>
  <nd ref="8682810090"/>
  <nd ref="8682810089"/>
  <nd ref="8682810088"/>
  <nd ref="8682810087"/>
  <nd ref="8682810086"/>
  <nd ref="5510778058"/>
  <nd ref="8682810085"/>
  <nd ref="8682810084"/>
  <nd ref="8682810083"/>
  <nd ref="5510778032"/>
  <nd ref="5510778057"/>
  <nd ref="5510778031"/>
  <nd ref="5507824162"/>
  <nd ref="5510778056"/>
  <nd ref="8682810091"/>
  <nd ref="8682810082"/>
  <nd ref="10930592451"/>
  <nd ref="8682810092"/>
  <nd ref="5527526784"/>
  <nd ref="5527526785"/>
  <nd ref="5507824172"/>
  <nd ref="5510778054"/>
  <nd ref="5510778053"/>
  <nd ref="8682810093"/>
  <nd ref="5510778049"/>
  <nd ref="8682810094"/>
  <nd ref="8682810095"/>
  <nd ref="5510778046"/>
  <nd ref="8682810096"/>
  <nd ref="8682810097"/>
  <nd ref="5510778043"/>
  <nd ref="8682810027"/>
  <nd ref="8682810026"/>
  <nd ref="3197208766"/>
  <nd ref="8682810024"/>
  <nd ref="8682810025"/>
  <nd ref="3197208260"/>
  <nd ref="8682810028"/>
  <nd ref="8682810029"/>
  <nd ref="3197208781"/>
  <nd ref="8682810020"/>
  <nd ref="8682810021"/>
  <nd ref="8682810022"/>
  <nd ref="8682810030"/>
  <nd ref="3197208815"/>
  <nd ref="8682810031"/>
  <nd ref="8682810023"/>
  <nd ref="8682810032"/>
  <nd ref="8682767814"/>
  <nd ref="8682767815"/>
  <nd ref="8682767816"/>
  <nd ref="8682767813"/>
  <nd ref="8682810017"/>
  <nd ref="5507378654"/>
  <nd ref="8682810033"/>
  <nd ref="8682810018"/>
  <nd ref="8682810019"/>
  <nd ref="8682810034"/>
  <nd ref="8682810035"/>
  <nd ref="5510778038"/>
  <nd ref="8682767806"/>
  <nd ref="8682767807"/>
  <nd ref="5510778037"/>
  <nd ref="8682767808"/>
  <nd ref="8682767809"/>
  <nd ref="8682767810"/>
  <nd ref="8682767811"/>
  <nd ref="8682767812"/>
  <nd ref="5510778036"/>
  <nd ref="12078155870"/>
  <nd ref="8682810038"/>
  <nd ref="8682810037"/>
  <nd ref="8682810036"/>
  <nd ref="5507378674"/>
  <nd ref="5507378673"/>
  <nd ref="5507378672"/>
  <nd ref="8682810040"/>
  <nd ref="8682810039"/>
  <nd ref="5507378671"/>
  <nd ref="5507378670"/>
  <nd ref="5507378669"/>
  <nd ref="5507378668"/>
  <nd ref="5507378739"/>
  <nd ref="5507378667"/>
  <nd ref="8682810041"/>
  <nd ref="8682810042"/>
  <nd ref="5507378666"/>
  <nd ref="5507378815"/>
  <nd ref="5510778034"/>
  <nd ref="8682810043"/>
  <nd ref="5510778033"/>
  <nd ref="5507378665"/>
  <nd ref="5507378664"/>
  <nd ref="5507378663"/>
 </way>
 <way id="573422581" visible="true" version="8" changeset="174174481" timestamp="2025-11-04T03:54:18Z" user="martinmbaihaqi" uid="1840603">
  <nd ref="5507378706"/>
  <nd ref="5507378705"/>
  <nd ref="7564799394"/>
  <nd ref="7564799393"/>
  <nd ref="7565768260"/>
  <nd ref="6217886473"/>
  <nd ref="6240909282"/>
  <nd ref="5507378704"/>
  <tag k="access" v="permissive"/>
  <tag k="highway" v="service"/>
  <tag k="lanes" v="1"/>
  <tag k="motorcycle" v="yes"/>
  <tag k="smoothness" v="intermediate"/>
  <tag k="source" v="HOT_InAWARESurvey_2018"/>
  <tag k="surface" v="asphalt"/>
  <tag k="width" v="5"/>
 </way>
 <way id="573422603" visible="true" version="1" changeset="57556559" timestamp="2018-03-27T07:00:18Z" user="Yudha Sidhikoro" uid="4706322">
  <nd ref="5507378728"/>
  <nd ref="5507378727"/>
  <nd ref="5507378726"/>
  <nd ref="5507378725"/>
  <nd ref="5507378728"/>
  <tag k="building" v="yes"/>
 </way>
 <way id="573422605" visible="true" version="1" changeset="57556559" timestamp="2018-03-27T07:00:18Z" user="Yudha Sidhikoro" uid="4706322">
  <nd ref="5507378732"/>
  <nd ref="5507378731"/>
  <nd ref="5507378730"/>
  <nd ref="5507378729"/>
  <nd ref="5507378732"/>
  <tag k="building" v="yes"/>
 </way>
 <way id="573422635" visible="true" version="4" changeset="177912049" timestamp="2026-01-31T01:42:45Z" user="Haritron" uid="19161555">
  <nd ref="5507378786"/>
  <nd ref="5507378783"/>
  <nd ref="13513549342"/>
  <nd ref="13513549343"/>
  <nd ref="13513549341"/>
  <nd ref="13513549340"/>
  <nd ref="5507378784"/>
  <nd ref="5507378785"/>
  <nd ref="13513549345"/>
  <nd ref="13513549347"/>
  <nd ref="13513549346"/>
  <nd ref="13513549350"/>
  <nd ref="13513549344"/>
  <nd ref="13513549349"/>
  <nd ref="13513549348"/>
  <nd ref="5507378786"/>
  <tag k="access:roof" v="no"/>
  <tag k="addr:city" v="Semarang"/>
  <tag k="addr:full" v="Kampus UNDIP"/>
  <tag k="backup_generator" v="no"/>
  <tag k="building" v="university"/>
  <tag k="building:condition" v="good"/>
  <tag k="building:floor" v="ceramics"/>
  <tag k="building:levels" v="3"/>
  <tag k="building:material" v="concrete"/>
  <tag k="building:roof" v="tile"/>
  <tag k="building:structure" v="confined_masonry"/>
  <tag k="capacity:persons" v="100-250"/>
  <tag k="name" v="Gedung Fakultas Hukum"/>
  <tag k="operator:type" v="government"/>
  <tag k="source" v="HOT_InAWARESurvey_2018"/>
 </way>
 <way id="573422637" visible="true" version="2" changeset="58745669" timestamp="2018-05-07T05:07:13Z" user="Dewi Sulistioningrum" uid="615320">
  <nd ref="5507378790"/>
  <nd ref="5507378789"/>
  <nd ref="5507378788"/>
  <nd ref="5507378787"/>
  <nd ref="5507378790"/>
  <tag k="amenity" v="motorcycle_parking"/>
  <tag k="source" v="HOT_InAWARESurvey_2018"/>
  <tag k="surface" v="asphalt"/>
  <tag k="type" v="building"/>
 </way>
 <way id="573422660" visible="true" version="7" changeset="118854627" timestamp="2022-03-24T09:15:34Z" user="PointeDesAlmadies" uid="10334775">
  <nd ref="5507378675"/>
  <nd ref="9166928481"/>
  <nd ref="2352989023"/>
  <nd ref="9602731763"/>
  <tag k="highway" v="residential"/>
  <tag k="lanes" v="2"/>
  <tag k="motorcycle" v="yes"/>
  <tag k="name" v="Jalan Galang Sewu Raya"/>
  <tag k="oneway" v="no"/>
  <tag k="smoothness" v="intermediate"/>
  <tag k="source" v="HOT_InAWARESurvey_2018"/>
  <tag k="surface" v="asphalt"/>
  <tag k="width" v="4"/>
 </way>
 <way id="573422674" visible="true" version="3" changeset="57798113" timestamp="2018-04-04T10:16:27Z" user="endang_p" uid="4706330">
  <nd ref="5507378818"/>
  <nd ref="5507378821"/>
  <nd ref="5507378824"/>
  <nd ref="5507378823"/>
  <nd ref="5507378822"/>
  <nd ref="5507378817"/>
  <nd ref="5507378820"/>
  <nd ref="5507378819"/>
  <nd ref="5507378818"/>
  <tag k="access:roof" v="no"/>
  <tag k="backup_generator" v="no"/>
  <tag k="building" v="university"/>
  <tag k="building:condition" v="good"/>
  <tag k="building:floor" v="ceramics"/>
  <tag k="building:levels" v="2"/>
  <tag k="building:material" v="concrete"/>
  <tag k="building:roof" v="tile"/>
  <tag k="building:structure" v="confined_masonry"/>
  <tag k="capacity:persons" v="100-250"/>
  <tag k="name" v="Pusat Penelitian Lingkungan Hidup"/>
  <tag k="operator:type" v="government"/>
  <tag k="source" v="HOT_InAWARESurvey_2018"/>
 </way>
 <way id="573422677" visible="true" version="2" changeset="57961479" timestamp="2018-04-10T06:46:57Z" user="Dewi Sulistioningrum" uid="615320">
  <nd ref="5507378828"/>
  <nd ref="5507378825"/>
  <nd ref="5507378826"/>
  <nd ref="5507378827"/>
  <nd ref="5507378828"/>
  <tag k="addr:city" v="Semarang"/>
  <tag k="addr:full" v="Jalan Prof. Soedarto"/>
  <tag k="building" v="power_substation"/>
  <tag k="operator" v="PT Perusahaan Listrik Negara"/>
  <tag k="power" v="substation"/>
  <tag k="source" v="HOT_InAWARESurvey_2018"/>
  <tag k="substation" v="distribution"/>
 </way>
 <way id="573503207" visible="true" version="2" changeset="58745669" timestamp="2018-05-07T05:07:13Z" user="Dewi Sulistioningrum" uid="615320">
  <nd ref="5507824202"/>
  <nd ref="5507824199"/>
  <nd ref="5507824200"/>
  <nd ref="5507824201"/>
  <nd ref="5507824202"/>
  <tag k="addr:city" v="Semarang"/>
  <tag k="amenity" v="place_of_worship"/>
  <tag k="building" v="mosque"/>
  <tag k="name" v="Mushola Planologi-Arsitek"/>
  <tag k="religion" v="muslim"/>
  <tag k="source" v="HOT_InAWARESurvey_2018"/>
 </way>
 <way id="573503210" visible="true" version="9" changeset="118890964" timestamp="2022-03-25T04:47:42Z" user="PointeDesAlmadies" uid="10334775">
  <nd ref="5507824204"/>
  <nd ref="9604688709"/>
  <nd ref="7564799406"/>
  <nd ref="5507824214"/>
  <nd ref="7564799405"/>
  <nd ref="5507824213"/>
  <nd ref="8682798504"/>
  <nd ref="7564799404"/>
  <nd ref="7564799401"/>
  <nd ref="5507824212"/>
  <nd ref="7564799402"/>
  <nd ref="5507824211"/>
  <nd ref="7564799403"/>
  <nd ref="5507824210"/>
  <nd ref="5507824209"/>
  <tag k="highway" v="service"/>
  <tag k="lanes" v="1"/>
  <tag k="motorcycle" v="yes"/>
  <tag k="name" v="Jalan Profesor Haji Soedarto"/>
  <tag k="oneway" v="no"/>
  <tag k="smoothness" v="intermediate"/>
  <tag k="source" v="HOT_InAWARESurvey_2018"/>
  <tag k="surface" v="paving_stones"/>
  <tag k="width" v="4"/>
 </way>
 <way id="573518806" visible="true" version="2" changeset="57798113" timestamp="2018-04-04T10:16:37Z" user="endang_p" uid="4706330">
  <nd ref="5507918370"/>
  <nd ref="5507918373"/>
  <nd ref="5507918372"/>
  <nd ref="5507918371"/>
  <nd ref="5507918368"/>
  <nd ref="5507918369"/>
  <nd ref="5507918370"/>
  <tag k="access:roof" v="no"/>
  <tag k="backup_generator" v="no"/>
  <tag k="building" v="university"/>
  <tag k="building:condition" v="good"/>
  <tag k="building:floor" v="ceramics"/>
  <tag k="building:levels" v="3"/>
  <tag k="building:material" v="concrete"/>
  <tag k="building:roof" v="tile"/>
  <tag k="building:structure" v="confined_masonry"/>
  <tag k="capacity:persons" v="100-250"/>
  <tag k="name" v="Gedung Teknik Perencanaan Wilayah dan Kota"/>
  <tag k="operator:type" v="government"/>
  <tag k="source" v="HOT_InAWARESurvey_2018"/>
 </way>
 <way id="576271618" visible="true" version="4" changeset="87013652" timestamp="2020-06-23T06:17:31Z" user="LavenderBay" uid="10409666">
  <nd ref="5527526793"/>
  <nd ref="7565768276"/>
  <nd ref="7565768275"/>
  <nd ref="7565768277"/>
  <nd ref="3197125638"/>
  <nd ref="5510776918"/>
  <tag k="highway" v="service"/>
  <tag k="lanes" v="1"/>
  <tag k="motorcycle" v="yes"/>
  <tag k="oneway" v="yes"/>
  <tag k="smoothness" v="intermediate"/>
  <tag k="source" v="HOT_InAWARESurvey_2018"/>
  <tag k="surface" v="paving_stones"/>
  <tag k="width" v="5"/>
 </way>
 <way id="576271621" visible="true" version="1" changeset="57798113" timestamp="2018-04-04T10:10:21Z" user="endang_p" uid="4706330">
  <nd ref="3197170582"/>
  <nd ref="3197170581"/>
  <nd ref="3197170583"/>
  <nd ref="3197170584"/>
  <nd ref="3197170587"/>
  <nd ref="3197170596"/>
  <nd ref="3197170591"/>
  <nd ref="3197170598"/>
  <nd ref="3197170592"/>
  <nd ref="3197170582"/>
 </way>
 <way id="576271624" visible="true" version="7" changeset="118890964" timestamp="2022-03-25T04:47:42Z" user="PointeDesAlmadies" uid="10334775">
  <nd ref="5527526800"/>
  <nd ref="7564799412"/>
  <nd ref="7564799411"/>
  <nd ref="7564799418"/>
  <nd ref="7564799417"/>
  <nd ref="5527526795"/>
  <nd ref="7564799416"/>
  <nd ref="5527526796"/>
  <nd ref="7564799415"/>
  <nd ref="5527526797"/>
  <nd ref="7564799414"/>
  <nd ref="5527526798"/>
  <nd ref="5527526799"/>
  <nd ref="9604688710"/>
  <nd ref="7564799413"/>
  <nd ref="5527526794"/>
  <nd ref="5527526800"/>
  <tag k="highway" v="service"/>
  <tag k="lanes" v="1"/>
  <tag k="motorcycle" v="yes"/>
  <tag k="name" v="Jalan Profesor Haji Soedarto"/>
  <tag k="oneway" v="yes"/>
  <tag k="smoothness" v="intermediate"/>
  <tag k="source" v="HOT_InAWARESurvey_2018"/>
  <tag k="surface" v="paving_stones"/>
  <tag k="width" v="4"/>
 </way>
 <way id="576271625" visible="true" version="6" changeset="118891026" timestamp="2022-03-25T04:51:57Z" user="PointeDesAlmadies" uid="10334775">
  <nd ref="5507824209"/>
  <nd ref="9604683747"/>
  <nd ref="7564799417"/>
  <tag k="highway" v="service"/>
  <tag k="lanes" v="1"/>
  <tag k="motorcycle" v="yes"/>
  <tag k="name" v="Jalan Profesor Haji Soedarto"/>
  <tag k="oneway" v="no"/>
  <tag k="smoothness" v="intermediate"/>
  <tag k="source" v="HOT_InAWARESurvey_2018"/>
  <tag k="surface" v="paving_stones"/>
  <tag k="width" v="4"/>
 </way>
 <way id="578127808" visible="true" version="2" changeset="60165828" timestamp="2018-06-26T02:46:27Z" user="Dewi Sulistioningrum" uid="615320">
  <nd ref="5540379648"/>
  <nd ref="5540379647"/>
  <nd ref="5540379646"/>
  <nd ref="5540379966"/>
  <tag k="boundary" v="administrative"/>
 </way>
 <way id="578127813" visible="true" version="5" changeset="60138628" timestamp="2018-06-25T07:21:34Z" user="Dewi Sulistioningrum" uid="615320">
  <nd ref="5540380064"/>
  <nd ref="5540380062"/>
  <nd ref="5540380061"/>
  <nd ref="5540380060"/>
  <nd ref="5540380059"/>
  <nd ref="5540380058"/>
  <nd ref="5540380055"/>
  <nd ref="5540380054"/>
  <nd ref="5540380047"/>
  <nd ref="5540380046"/>
  <nd ref="5540380045"/>
  <nd ref="5540380044"/>
  <tag k="boundary" v="administrative"/>
  <tag k="note" v="Kecamatan Banyumanik / Kecamatan Tembalang"/>
 </way>
 <way id="600552616" visible="true" version="2" changeset="178109104" timestamp="2026-02-04T19:30:18Z" user="Haritron" uid="19161555">
  <nd ref="5710313289"/>
  <nd ref="5710313288"/>
  <nd ref="5710313287"/>
  <nd ref="13524912986"/>
  <nd ref="13524912982"/>
  <nd ref="13524912985"/>
  <nd ref="13524912981"/>
  <nd ref="13524912984"/>
  <nd ref="13524912983"/>
  <nd ref="13524921193"/>
  <nd ref="13524921191"/>
  <nd ref="5710313286"/>
  <nd ref="13524921190"/>
  <nd ref="5710313285"/>
  <nd ref="5710313275"/>
  <nd ref="5710313274"/>
  <nd ref="5710313273"/>
  <nd ref="5710313272"/>
  <nd ref="5710313271"/>
  <nd ref="5710313270"/>
  <nd ref="5710313269"/>
  <nd ref="5710313268"/>
  <nd ref="5710313267"/>
  <nd ref="13524921192"/>
  <nd ref="5710313266"/>
  <nd ref="5710313265"/>
  <nd ref="5710313264"/>
  <nd ref="5710313263"/>
  <nd ref="5710313262"/>
  <nd ref="5710313261"/>
  <nd ref="5710313260"/>
  <nd ref="5710313259"/>
  <nd ref="5710313258"/>
  <nd ref="5710313257"/>
  <nd ref="5710313289"/>
  <tag k="landuse" v="forest"/>
 </way>
 <way id="664324236" visible="true" version="3" changeset="174174481" timestamp="2025-11-04T03:54:18Z" user="martinmbaihaqi" uid="1840603">
  <nd ref="6217886473"/>
  <nd ref="6217886472"/>
  <nd ref="7564799392"/>
  <nd ref="7564799391"/>
  <nd ref="6217886471"/>
  <nd ref="6217886470"/>
  <nd ref="7564799390"/>
  <nd ref="7564799389"/>
  <nd ref="6217886469"/>
  <nd ref="6217886468"/>
  <nd ref="7564799388"/>
  <nd ref="7564799387"/>
  <nd ref="6217886467"/>
  <nd ref="6217886466"/>
  <nd ref="7564799386"/>
  <nd ref="7564799385"/>
  <nd ref="6217886465"/>
  <tag k="access" v="permissive"/>
  <tag k="highway" v="service"/>
 </way>
 <way id="666574152" visible="true" version="5" changeset="174174481" timestamp="2025-11-04T03:54:18Z" user="martinmbaihaqi" uid="1840603">
  <nd ref="9603133070"/>
  <nd ref="7565768269"/>
  <nd ref="7565768270"/>
  <nd ref="7565768267"/>
  <nd ref="7565768271"/>
  <nd ref="7565768272"/>
  <nd ref="7565768273"/>
  <nd ref="7565768238"/>
  <nd ref="7565768237"/>
  <nd ref="7565768274"/>
  <nd ref="7565768268"/>
  <nd ref="6240909282"/>
  <tag k="access" v="permissive"/>
  <tag k="highway" v="service"/>
 </way>
 <way id="666574153" visible="true" version="3" changeset="150109425" timestamp="2024-04-17T05:09:00Z" user="FadhilPrawira" uid="10040443">
  <nd ref="7564788178"/>
  <nd ref="6240910988"/>
  <nd ref="6240910987"/>
  <nd ref="6240910986"/>
  <nd ref="6240910985"/>
  <nd ref="6240909284"/>
  <tag k="highway" v="service"/>
  <tag k="surface" v="paving_stones"/>
 </way>
 <way id="666574154" visible="true" version="3" changeset="174174660" timestamp="2025-11-04T04:06:09Z" user="martinmbaihaqi" uid="1840603">
  <nd ref="2352989023"/>
  <nd ref="13279027752"/>
  <nd ref="7565149905"/>
  <nd ref="6240910989"/>
  <tag k="highway" v="service"/>
 </way>
 <way id="778490122" visible="true" version="6" changeset="174174774" timestamp="2025-11-04T04:13:18Z" user="martinmbaihaqi" uid="1840603">
  <nd ref="4697549281"/>
  <nd ref="7565768279"/>
  <nd ref="9603133069"/>
  <nd ref="9602436558"/>
  <nd ref="4697549280"/>
  <nd ref="4697549599"/>
  <nd ref="7565146076"/>
  <nd ref="4697549279"/>
  <nd ref="4697549278"/>
  <nd ref="4697549277"/>
  <nd ref="4697549276"/>
  <nd ref="4697549275"/>
  <tag k="highway" v="service"/>
  <tag k="lanes" v="1"/>
  <tag k="motorcycle" v="yes"/>
  <tag k="smoothness" v="intermediate"/>
  <tag k="source" v="HOT_InAWARESurvey_2018"/>
  <tag k="surface" v="asphalt"/>
  <tag k="width" v="3.5"/>
 </way>
 <way id="809024551" visible="true" version="7" changeset="118867402" timestamp="2022-03-24T14:26:39Z" user="PointeDesAlmadies" uid="10334775">
  <nd ref="7564799413"/>
  <nd ref="9602832738"/>
  <nd ref="9602436553"/>
  <tag k="highway" v="service"/>
  <tag k="lanes" v="1"/>
  <tag k="motorcycle" v="yes"/>
  <tag k="name" v="Jalan Profesor Haji Soedarto"/>
  <tag k="oneway" v="yes"/>
  <tag k="smoothness" v="intermediate"/>
  <tag k="source" v="HOT_InAWARESurvey_2018"/>
  <tag k="surface" v="paving_stones"/>
  <tag k="width" v="4"/>
 </way>
 <way id="809057200" visible="true" version="7" changeset="102187345" timestamp="2021-04-02T11:05:24Z" user="mana_sa" uid="11585582">
  <nd ref="7565146076"/>
  <nd ref="7565146077"/>
  <nd ref="7565146083"/>
  <nd ref="8585818233"/>
  <nd ref="7565146079"/>
  <nd ref="7565146080"/>
  <nd ref="8586110660"/>
  <nd ref="8586110658"/>
  <nd ref="7565146081"/>
  <nd ref="7565146082"/>
  <nd ref="7565146075"/>
  <nd ref="7565149886"/>
  <tag k="highway" v="service"/>
  <tag k="lanes" v="1"/>
  <tag k="motorcycle" v="yes"/>
  <tag k="name" v="Jalan Profesor Haji Soedarto"/>
  <tag k="oneway" v="yes"/>
  <tag k="smoothness" v="intermediate"/>
  <tag k="source" v="HOT_InAWARESurvey_2018"/>
  <tag k="surface" v="asphalt"/>
  <tag k="width" v="6"/>
 </way>
 <way id="809057201" visible="true" version="9" changeset="174176005" timestamp="2025-11-04T05:37:07Z" user="martinmbaihaqi" uid="1840603">
  <nd ref="2352989022"/>
  <nd ref="9602522583"/>
  <nd ref="9602522584"/>
  <nd ref="2352989020"/>
  <nd ref="9602436553"/>
  <nd ref="5507824203"/>
  <nd ref="5507824216"/>
  <nd ref="4697549650"/>
  <nd ref="9602832750"/>
  <nd ref="13279109474"/>
  <nd ref="2352989016"/>
  <tag k="highway" v="service"/>
  <tag k="lanes" v="1"/>
  <tag k="motorcycle" v="yes"/>
  <tag k="name" v="Jalan Profesor Haji Soedarto"/>
  <tag k="oneway" v="yes"/>
  <tag k="smoothness" v="intermediate"/>
  <tag k="source" v="HOT_InAWARESurvey_2018"/>
  <tag k="surface" v="asphalt"/>
  <tag k="width" v="6"/>
 </way>
 <way id="809057202" visible="true" version="1" changeset="85872004" timestamp="2020-05-28T07:24:20Z" user="LavenderBay" uid="10409666">
  <nd ref="7565149886"/>
  <nd ref="7565146074"/>
  <nd ref="7565146078"/>
  <nd ref="7565149885"/>
  <nd ref="7565146084"/>
  <nd ref="7565149887"/>
  <tag k="highway" v="service"/>
  <tag k="lanes" v="2"/>
  <tag k="motorcycle" v="yes"/>
  <tag k="oneway" v="yes"/>
  <tag k="smoothness" v="intermediate"/>
  <tag k="source" v="HOT_InAWARESurvey_2018"/>
  <tag k="surface" v="asphalt"/>
  <tag k="width" v="4"/>
 </way>
 <way id="809057205" visible="true" version="1" changeset="85872004" timestamp="2020-05-28T07:24:20Z" user="LavenderBay" uid="10409666">
  <nd ref="7565149905"/>
  <nd ref="7565149904"/>
  <nd ref="7565149903"/>
  <nd ref="7565149902"/>
  <nd ref="7565149901"/>
  <nd ref="7565149900"/>
  <nd ref="7565149899"/>
  <nd ref="7565149898"/>
  <nd ref="7565149897"/>
  <nd ref="7565149896"/>
  <nd ref="7565149895"/>
  <nd ref="7565149894"/>
  <nd ref="7565149893"/>
  <tag k="highway" v="service"/>
 </way>
 <way id="809125347" visible="true" version="2" changeset="174174481" timestamp="2025-11-04T03:54:18Z" user="martinmbaihaqi" uid="1840603">
  <nd ref="5507378704"/>
  <nd ref="7564799395"/>
  <nd ref="7565768266"/>
  <nd ref="7564799396"/>
  <nd ref="4697549281"/>
  <tag k="access" v="permissive"/>
  <tag k="highway" v="service"/>
  <tag k="lanes" v="1"/>
  <tag k="motorcycle" v="yes"/>
  <tag k="oneway" v="yes"/>
  <tag k="smoothness" v="intermediate"/>
  <tag k="source" v="HOT_InAWARESurvey_2018"/>
  <tag k="surface" v="asphalt"/>
  <tag k="width" v="5"/>
 </way>
 <way id="809125352" visible="true" version="4" changeset="174174481" timestamp="2025-11-04T03:54:18Z" user="martinmbaihaqi" uid="1840603">
  <nd ref="3197208827"/>
  <nd ref="7565768235"/>
  <nd ref="7565768226"/>
  <nd ref="7565768229"/>
  <nd ref="7565768227"/>
  <nd ref="7565768230"/>
  <nd ref="7565768231"/>
  <nd ref="7565768228"/>
  <nd ref="5507378704"/>
  <tag k="access" v="permissive"/>
  <tag k="highway" v="service"/>
  <tag k="oneway" v="yes"/>
 </way>
 <way id="809125354" visible="true" version="2" changeset="174174481" timestamp="2025-11-04T03:54:18Z" user="martinmbaihaqi" uid="1840603">
  <nd ref="7565768265"/>
  <nd ref="7565768264"/>
  <nd ref="7565768263"/>
  <nd ref="7565768262"/>
  <nd ref="7565768261"/>
  <nd ref="7565768260"/>
  <tag k="access" v="permissive"/>
  <tag k="highway" v="service"/>
 </way>
 <way id="809461168" visible="true" version="2" changeset="112397424" timestamp="2021-10-12T03:28:51Z" user="Okavango77" uid="9320580">
  <nd ref="7568653536"/>
  <nd ref="9166262842"/>
  <nd ref="7568653535"/>
  <nd ref="7568653534"/>
  <nd ref="7568653533"/>
  <nd ref="7568653532"/>
  <nd ref="7568653531"/>
  <nd ref="7568653530"/>
  <nd ref="7568653529"/>
  <tag k="highway" v="service"/>
 </way>
 <way id="824029391" visible="true" version="1" changeset="87683388" timestamp="2020-07-08T04:35:07Z" user="LavenderBay" uid="10409666">
  <nd ref="263018026"/>
  <nd ref="3197125845"/>
  <nd ref="278011108"/>
  <tag k="highway" v="service"/>
  <tag k="lanes" v="2"/>
  <tag k="motorcycle" v="yes"/>
  <tag k="smoothness" v="intermediate"/>
  <tag k="source" v="HOT_InAWARESurvey_2018"/>
  <tag k="surface" v="paving_stones"/>
  <tag k="width" v="4"/>
 </way>
 <way id="925106497" visible="true" version="2" changeset="150123420" timestamp="2024-04-17T11:16:09Z" user="FadhilPrawira" uid="10040443">
  <nd ref="8585787828"/>
  <nd ref="8585787827"/>
  <nd ref="8585787826"/>
  <nd ref="8585787818"/>
  <nd ref="8585787819"/>
  <nd ref="8585787825"/>
  <nd ref="8585787824"/>
  <nd ref="8585787823"/>
  <nd ref="8585787822"/>
  <nd ref="8585787821"/>
  <nd ref="8585787820"/>
  <tag k="highway" v="service"/>
  <tag k="surface" v="paving_stones"/>
 </way>
 <way id="925110065" visible="true" version="4" changeset="159308207" timestamp="2024-11-19T04:20:00Z" user="GrabID_Mutia" uid="10124264">
  <nd ref="9167070728"/>
  <nd ref="8586094378"/>
  <nd ref="8585818232"/>
  <nd ref="8585818231"/>
  <nd ref="8585818230"/>
  <nd ref="8585818229"/>
  <nd ref="8585818228"/>
  <nd ref="8585818227"/>
  <nd ref="8585818226"/>
  <nd ref="8585818225"/>
  <nd ref="8585818224"/>
  <nd ref="8585818223"/>
  <tag k="access" v="private"/>
  <tag k="highway" v="service"/>
 </way>
 <way id="925172485" visible="true" version="1" changeset="102187345" timestamp="2021-04-02T11:05:24Z" user="mana_sa" uid="11585582">
  <nd ref="8586110658"/>
  <nd ref="8586110657"/>
  <tag k="highway" v="service"/>
 </way>
 <way id="925173012" visible="true" version="2" changeset="159308207" timestamp="2024-11-19T04:20:00Z" user="GrabID_Mutia" uid="10124264">
  <nd ref="8586094381"/>
  <nd ref="8586094380"/>
  <nd ref="8586094377"/>
  <nd ref="8586094379"/>
  <nd ref="8586094378"/>
  <tag k="access" v="private"/>
  <tag k="highway" v="service"/>
 </way>
 <way id="1042612933" visible="true" version="1" changeset="118775739" timestamp="2022-03-22T11:58:01Z" user="ChapmansPeak" uid="10652971">
  <nd ref="9597201182"/>
  <nd ref="9597201183"/>
  <nd ref="9597201184"/>
  <nd ref="9597201181"/>
  <nd ref="9597201180"/>
  <nd ref="9597201185"/>
  <nd ref="9597201186"/>
  <nd ref="258975548"/>
  <tag k="highway" v="service"/>
  <tag k="oneway" v="yes"/>
 </way>
 <way id="1042612934" visible="true" version="1" changeset="118775739" timestamp="2022-03-22T11:58:01Z" user="ChapmansPeak" uid="10652971">
  <nd ref="9597201191"/>
  <nd ref="9597201190"/>
  <nd ref="9597201189"/>
  <nd ref="9597201188"/>
  <nd ref="9597201192"/>
  <nd ref="9597201193"/>
  <nd ref="9597201187"/>
  <nd ref="9597201194"/>
  <nd ref="7433426722"/>
  <tag k="highway" v="service"/>
  <tag k="oneway" v="yes"/>
 </way>
 <way id="1043339443" visible="true" version="2" changeset="150123420" timestamp="2024-04-17T11:15:47Z" user="FadhilPrawira" uid="10040443">
  <nd ref="7564788174"/>
  <nd ref="8585787828"/>
  <tag k="highway" v="service"/>
  <tag k="surface" v="asphalt"/>
 </way>
 <way id="1043339444" visible="true" version="1" changeset="118848531" timestamp="2022-03-24T06:35:11Z" user="PointeDesAlmadies" uid="10334775">
  <nd ref="9602436547"/>
  <nd ref="9602436546"/>
  <nd ref="9602436545"/>
  <nd ref="9602436544"/>
  <nd ref="8585787825"/>
  <tag k="highway" v="service"/>
 </way>
 <way id="1043339445" visible="true" version="2" changeset="159308207" timestamp="2024-11-19T04:20:00Z" user="GrabID_Mutia" uid="10124264">
  <nd ref="9602436552"/>
  <nd ref="9602436551"/>
  <nd ref="9602436550"/>
  <nd ref="9602436549"/>
  <nd ref="9602436548"/>
  <nd ref="8585818223"/>
  <tag k="access" v="private"/>
  <tag k="highway" v="service"/>
 </way>
 <way id="1043339446" visible="true" version="1" changeset="118848531" timestamp="2022-03-24T06:35:11Z" user="PointeDesAlmadies" uid="10334775">
  <nd ref="5527526783"/>
  <nd ref="9602436557"/>
  <nd ref="9602436556"/>
  <nd ref="9602436555"/>
  <nd ref="9602436554"/>
  <nd ref="4697549645"/>
  <tag k="highway" v="service"/>
 </way>
 <way id="1043349827" visible="true" version="3" changeset="150109425" timestamp="2024-04-17T05:09:30Z" user="FadhilPrawira" uid="10040443">
  <nd ref="9602522582"/>
  <nd ref="9602522581"/>
  <nd ref="9602522580"/>
  <nd ref="3197125764"/>
  <tag k="highway" v="service"/>
  <tag k="oneway" v="yes"/>
  <tag k="surface" v="paving_stones"/>
 </way>
 <way id="1043377993" visible="true" version="1" changeset="118854627" timestamp="2022-03-24T09:15:34Z" user="PointeDesAlmadies" uid="10334775">
  <nd ref="9602731763"/>
  <nd ref="7565768279"/>
  <tag k="highway" v="residential"/>
  <tag k="lanes" v="1"/>
  <tag k="motorcycle" v="yes"/>
  <tag k="name" v="Jalan Galang Sewu Raya"/>
  <tag k="oneway" v="yes"/>
  <tag k="smoothness" v="intermediate"/>
  <tag k="surface" v="asphalt"/>
  <tag k="width" v="4"/>
 </way>
 <way id="1043377994" visible="true" version="1" changeset="118854627" timestamp="2022-03-24T09:15:34Z" user="PointeDesAlmadies" uid="10334775">
  <nd ref="4697549281"/>
  <nd ref="9602731763"/>
  <tag k="highway" v="residential"/>
  <tag k="lanes" v="1"/>
  <tag k="motorcycle" v="yes"/>
  <tag k="name" v="Jalan Galang Sewu Raya"/>
  <tag k="oneway" v="yes"/>
  <tag k="smoothness" v="intermediate"/>
  <tag k="source" v="HOT_InAWARESurvey_2018"/>
  <tag k="surface" v="asphalt"/>
  <tag k="width" v="4"/>
 </way>
 <way id="1043377995" visible="true" version="3" changeset="152223526" timestamp="2024-06-04T03:39:12Z" user="ThompsonPlateau" uid="20951931">
  <nd ref="7565768279"/>
  <nd ref="9602731769"/>
  <nd ref="9602731768"/>
  <nd ref="9602731765"/>
  <nd ref="9602731766"/>
  <nd ref="9602731767"/>
  <nd ref="9602731764"/>
  <nd ref="4697566045"/>
  <tag k="highway" v="residential"/>
  <tag k="lanes" v="1"/>
  <tag k="motorcar" v="yes"/>
  <tag k="motorcycle" v="yes"/>
  <tag k="name" v="Jalan Galang Sewu Raya"/>
  <tag k="oneway" v="yes"/>
  <tag k="smoothness" v="intermediate"/>
  <tag k="surface" v="asphalt"/>
  <tag k="width" v="4"/>
 </way>
 <way id="1043377996" visible="true" version="3" changeset="152223537" timestamp="2024-06-04T03:40:21Z" user="ThompsonPlateau" uid="20951931">
  <nd ref="4697566045"/>
  <nd ref="7565768236"/>
  <nd ref="9602731762"/>
  <nd ref="3197208827"/>
  <nd ref="4697549281"/>
  <tag k="highway" v="residential"/>
  <tag k="lanes" v="1"/>
  <tag k="motorcar" v="yes"/>
  <tag k="motorcycle" v="yes"/>
  <tag k="name" v="Jalan Galang Sewu Raya"/>
  <tag k="oneway" v="yes"/>
  <tag k="smoothness" v="intermediate"/>
  <tag k="source" v="HOT_InAWARESurvey_2018"/>
  <tag k="surface" v="asphalt"/>
  <tag k="width" v="4"/>
 </way>
 <way id="1043393292" visible="true" version="1" changeset="118857240" timestamp="2022-03-24T10:13:00Z" user="PointeDesAlmadies" uid="10334775">
  <nd ref="9602832737"/>
  <nd ref="9602832736"/>
  <nd ref="9602832735"/>
  <nd ref="9602832732"/>
  <nd ref="9602832733"/>
  <nd ref="9602832734"/>
  <tag k="highway" v="service"/>
 </way>
 <way id="1043393293" visible="true" version="2" changeset="118890964" timestamp="2022-03-25T04:47:42Z" user="PointeDesAlmadies" uid="10334775">
  <nd ref="5507824216"/>
  <nd ref="9602832742"/>
  <nd ref="9604688711"/>
  <nd ref="7564799400"/>
  <nd ref="9604688712"/>
  <nd ref="4697549648"/>
  <tag k="highway" v="service"/>
  <tag k="lanes" v="1"/>
  <tag k="motorcycle" v="yes"/>
  <tag k="name" v="Jalan Profesor Haji Soedarto"/>
  <tag k="oneway" v="yes"/>
  <tag k="smoothness" v="intermediate"/>
  <tag k="surface" v="paving_stones"/>
  <tag k="width" v="4"/>
 </way>
 <way id="1043393294" visible="true" version="1" changeset="118857240" timestamp="2022-03-24T10:13:00Z" user="PointeDesAlmadies" uid="10334775">
  <nd ref="4697549648"/>
  <nd ref="7564799399"/>
  <nd ref="4697549649"/>
  <nd ref="4697549650"/>
  <tag k="highway" v="service"/>
  <tag k="lanes" v="1"/>
  <tag k="motorcycle" v="yes"/>
  <tag k="name" v="Jalan Profesor Haji Soedarto"/>
  <tag k="oneway" v="yes"/>
  <tag k="smoothness" v="intermediate"/>
  <tag k="surface" v="paving_stones"/>
  <tag k="width" v="4"/>
 </way>
 <way id="1043393295" visible="true" version="2" changeset="174176051" timestamp="2025-11-04T05:40:05Z" user="martinmbaihaqi" uid="1840603">
  <nd ref="9602832747"/>
  <nd ref="9602832751"/>
  <nd ref="9602832745"/>
  <nd ref="9602832746"/>
  <nd ref="9602832741"/>
  <nd ref="9602832740"/>
  <nd ref="9602832739"/>
  <nd ref="9602832749"/>
  <nd ref="9602832748"/>
  <nd ref="9602832750"/>
  <tag k="highway" v="service"/>
  <tag k="motorcar" v="no"/>
 </way>
 <way id="1043460631" visible="true" version="1" changeset="118867402" timestamp="2022-03-24T14:26:39Z" user="PointeDesAlmadies" uid="10334775">
  <nd ref="9602522584"/>
  <nd ref="7564799412"/>
  <tag k="highway" v="service"/>
  <tag k="oneway" v="yes"/>
 </way>
 <way id="1043468357" visible="true" version="2" changeset="159308207" timestamp="2024-11-19T04:20:00Z" user="GrabID_Mutia" uid="10124264">
  <nd ref="9602436549"/>
  <nd ref="9603488521"/>
  <nd ref="9603488517"/>
  <nd ref="9603488520"/>
  <nd ref="9603488519"/>
  <nd ref="9603488518"/>
  <nd ref="9602436551"/>
  <tag k="access" v="private"/>
  <tag k="highway" v="service"/>
 </way>
 <way id="1043468358" visible="true" version="2" changeset="174175859" timestamp="2025-11-04T05:27:21Z" user="martinmbaihaqi" uid="1840603">
  <nd ref="9603488535"/>
  <nd ref="9603488525"/>
  <nd ref="9603488524"/>
  <nd ref="9603488523"/>
  <nd ref="9603488527"/>
  <tag k="highway" v="service"/>
  <tag k="oneway" v="yes"/>
 </way>
 <way id="1043468359" visible="true" version="3" changeset="174175859" timestamp="2025-11-04T05:27:21Z" user="martinmbaihaqi" uid="1840603">
  <nd ref="4697549278"/>
  <nd ref="9603488526"/>
  <nd ref="9603488527"/>
  <nd ref="9603488528"/>
  <nd ref="9603488529"/>
  <nd ref="9603488530"/>
  <nd ref="10600377422"/>
  <nd ref="9603488532"/>
  <nd ref="9603488536"/>
  <tag k="highway" v="service"/>
  <tag k="oneway" v="yes"/>
 </way>
 <way id="1043468360" visible="true" version="2" changeset="174175859" timestamp="2025-11-04T05:27:21Z" user="martinmbaihaqi" uid="1840603">
  <nd ref="9603488536"/>
  <nd ref="9603488535"/>
  <nd ref="9603488522"/>
  <nd ref="9603488534"/>
  <nd ref="9603488538"/>
  <nd ref="9603488539"/>
  <nd ref="9603488540"/>
  <nd ref="9603488541"/>
  <nd ref="9603488533"/>
  <nd ref="9603488542"/>
  <nd ref="9602436558"/>
  <tag k="highway" v="service"/>
  <tag k="oneway" v="yes"/>
 </way>
 <way id="1043470888" visible="true" version="2" changeset="174174481" timestamp="2025-11-04T03:54:18Z" user="martinmbaihaqi" uid="1840603">
  <nd ref="7565768268"/>
  <nd ref="7565768228"/>
  <tag k="access" v="permissive"/>
  <tag k="highway" v="service"/>
 </way>
 <way id="1043626013" visible="true" version="2" changeset="119047866" timestamp="2022-03-29T04:11:48Z" user="PointeDesAlmadies" uid="10334775">
  <nd ref="5507824209"/>
  <nd ref="7564799408"/>
  <nd ref="5507824208"/>
  <nd ref="7564799409"/>
  <nd ref="5507824207"/>
  <nd ref="5507824206"/>
  <nd ref="7564799410"/>
  <nd ref="5507824205"/>
  <nd ref="5507824204"/>
  <tag k="highway" v="service"/>
  <tag k="lanes" v="1"/>
  <tag k="motorcycle" v="yes"/>
  <tag k="name" v="Jalan Profesor Haji Soedarto"/>
  <tag k="oneway" v="no"/>
  <tag k="smoothness" v="intermediate"/>
  <tag k="surface" v="paving_stones"/>
  <tag k="width" v="4"/>
 </way>
 <way id="1043626014" visible="true" version="2" changeset="119047866" timestamp="2022-03-29T04:11:48Z" user="PointeDesAlmadies" uid="10334775">
  <nd ref="5507824204"/>
  <nd ref="7564799407"/>
  <nd ref="5527526798"/>
  <tag k="highway" v="service"/>
  <tag k="lanes" v="1"/>
  <tag k="motorcycle" v="yes"/>
  <tag k="name" v="Jalan Profesor Haji Soedarto"/>
  <tag k="oneway" v="yes"/>
  <tag k="smoothness" v="intermediate"/>
  <tag k="surface" v="paving_stones"/>
  <tag k="width" v="4"/>
 </way>
 <way id="1079743928" visible="true" version="1" changeset="123803814" timestamp="2022-07-19T11:35:24Z" user="ksiddhartha" uid="13057213">
  <nd ref="9897306921"/>
  <nd ref="9897306918"/>
  <nd ref="9897306919"/>
  <nd ref="9897306920"/>
  <nd ref="9897306921"/>
  <tag k="building" v="yes"/>
 </way>
 <way id="1079743929" visible="true" version="1" changeset="123803814" timestamp="2022-07-19T11:35:24Z" user="ksiddhartha" uid="13057213">
  <nd ref="9897306925"/>
  <nd ref="9897306922"/>
  <nd ref="9897306923"/>
  <nd ref="9897306924"/>
  <nd ref="9897306925"/>
  <tag k="building" v="yes"/>
 </way>
 <way id="1080510178" visible="true" version="1" changeset="123933188" timestamp="2022-07-22T10:49:26Z" user="ksiddhartha" uid="13057213">
  <nd ref="9903863486"/>
  <nd ref="9903863483"/>
  <nd ref="9903863484"/>
  <nd ref="9903863485"/>
  <nd ref="9903863486"/>
  <tag k="building" v="yes"/>
 </way>
 <way id="1083446252" visible="true" version="1" changeset="124423665" timestamp="2022-08-03T08:10:46Z" user="eruk_la" uid="13958166">
  <nd ref="9928940593"/>
  <nd ref="9928940592"/>
  <nd ref="9928940581"/>
  <nd ref="9928940579"/>
  <nd ref="9928940578"/>
  <nd ref="9928940580"/>
  <nd ref="9928940591"/>
  <nd ref="9928940589"/>
  <nd ref="9928940587"/>
  <nd ref="9928940586"/>
  <nd ref="9928940588"/>
  <nd ref="9928940590"/>
  <nd ref="9928940585"/>
  <nd ref="9928940583"/>
  <nd ref="9928940582"/>
  <nd ref="9928940584"/>
  <nd ref="9928940593"/>
  <tag k="building" v="yes"/>
 </way>
 <way id="1083446253" visible="true" version="1" changeset="124423665" timestamp="2022-08-03T08:10:46Z" user="eruk_la" uid="13958166">
  <nd ref="9928940597"/>
  <nd ref="9928940594"/>
  <nd ref="9928940595"/>
  <nd ref="9928940596"/>
  <nd ref="9928940597"/>
  <tag k="building" v="yes"/>
 </way>
 <way id="1140759741" visible="true" version="2" changeset="162022446" timestamp="2025-02-01T18:59:15Z" user="w_djatmiko" uid="6168168">
  <nd ref="10629332095"/>
  <nd ref="10629332094"/>
  <tag k="layer" v="-1"/>
  <tag k="waterway" v="drain"/>
 </way>
 <way id="1140759742" visible="true" version="2" changeset="162022446" timestamp="2025-02-01T18:59:15Z" user="w_djatmiko" uid="6168168">
  <nd ref="3199702363"/>
  <nd ref="3199702364"/>
  <nd ref="10629332095"/>
  <tag k="waterway" v="drain"/>
 </way>
 <way id="1176251393" visible="true" version="1" changeset="136582427" timestamp="2023-05-26T11:15:02Z" user="w_djatmiko" uid="6168168">
  <nd ref="10928922352"/>
  <nd ref="10928922351"/>
  <nd ref="10928922350"/>
  <nd ref="10928922349"/>
  <nd ref="10928922348"/>
  <nd ref="10928922347"/>
  <nd ref="10928922346"/>
  <nd ref="10928922345"/>
  <nd ref="10928922344"/>
  <nd ref="10928922343"/>
  <nd ref="10928922342"/>
  <nd ref="10928922341"/>
  <nd ref="10928922340"/>
  <nd ref="10928922339"/>
  <nd ref="10928922338"/>
  <nd ref="10928922337"/>
  <nd ref="10928922336"/>
  <nd ref="10928922335"/>
  <nd ref="10928922334"/>
  <nd ref="10928922333"/>
  <nd ref="10928922332"/>
  <nd ref="10928922331"/>
  <nd ref="10928922330"/>
  <nd ref="10928922329"/>
  <nd ref="10928922328"/>
  <nd ref="10928922327"/>
  <nd ref="10928922326"/>
  <nd ref="10928922352"/>
  <tag k="landuse" v="orchard"/>
 </way>
 <way id="1191438582" visible="true" version="2" changeset="187093835" timestamp="2026-08-07T15:35:29Z" user="pendrex" uid="16815611">
  <nd ref="11061878077"/>
  <nd ref="11061878078"/>
  <nd ref="11061878079"/>
  <nd ref="11061878080"/>
  <nd ref="11061878081"/>
  <nd ref="11061878082"/>
  <nd ref="11061878083"/>
  <nd ref="11061878084"/>
  <nd ref="11061878085"/>
  <nd ref="11061878087"/>
  <nd ref="11061878088"/>
  <nd ref="11061878086"/>
  <nd ref="5719990073"/>
  <nd ref="11061878089"/>
  <nd ref="11061878090"/>
  <nd ref="11061878091"/>
  <nd ref="7008411473"/>
  <nd ref="5504564834"/>
  <nd ref="5504954072"/>
  <nd ref="5716409719"/>
  <nd ref="11061878093"/>
  <nd ref="5481778595"/>
  <nd ref="5428354177"/>
  <nd ref="5636768840"/>
  <nd ref="11061878095"/>
  <nd ref="11061878094"/>
  <nd ref="5616438961"/>
  <nd ref="5616438968"/>
  <nd ref="5616438966"/>
  <nd ref="5616438958"/>
  <nd ref="5616438959"/>
  <nd ref="5623648347"/>
  <nd ref="5623648345"/>
  <nd ref="14078831711"/>
  <nd ref="11061878096"/>
  <nd ref="5623648344"/>
  <nd ref="5623648343"/>
  <nd ref="5623648321"/>
  <nd ref="11061878097"/>
  <nd ref="11061878098"/>
  <nd ref="5623648219"/>
  <nd ref="5507378780"/>
  <nd ref="5507379253"/>
  <nd ref="5507378782"/>
  <nd ref="5653012279"/>
  <nd ref="5653012303"/>
  <nd ref="11061878151"/>
  <tag k="cables" v="6"/>
  <tag k="frequency" v="50"/>
  <tag k="name" v="SUTT 150kV Ungaran-Tanbang Lorok"/>
  <tag k="operator" v="Perusahaan Listrik Negara"/>
  <tag k="operator:short" v="PLN"/>
  <tag k="operator:wikidata" v="Q4201636"/>
  <tag k="operator:wikipedia" v="id:Perusahaan Listrik Negara"/>
  <tag k="power" v="line"/>
  <tag k="voltage" v="150000"/>
  <tag k="wires" v="double"/>
 </way>
 <way id="1191438603" visible="true" version="1" changeset="138860511" timestamp="2023-07-22T15:57:16Z" user="Farras" uid="136807">
  <nd ref="11061878154"/>
  <nd ref="11061878149"/>
  <nd ref="11061878148"/>
  <nd ref="5510778061"/>
  <nd ref="5510778066"/>
  <nd ref="5507378779"/>
  <nd ref="5507378775"/>
  <nd ref="5527136849"/>
  <nd ref="5527136846"/>
  <nd ref="5527136847"/>
  <nd ref="5526809851"/>
  <nd ref="5581723927"/>
  <nd ref="5581723919"/>
  <nd ref="5581723923"/>
  <nd ref="5582053540"/>
  <nd ref="5595973098"/>
  <nd ref="5582053535"/>
  <nd ref="5481781591"/>
  <nd ref="11061878117"/>
  <nd ref="11061878118"/>
  <nd ref="11061878119"/>
  <nd ref="11061878120"/>
  <nd ref="11061878208"/>
  <tag k="cables" v="6"/>
  <tag k="frequency" v="50"/>
  <tag k="name" v="SUTT 150kV Ungaran-Tanbang Lorok"/>
  <tag k="operator" v="Perusahaan Listrik Negara"/>
  <tag k="operator:short" v="PLN"/>
  <tag k="operator:wikidata" v="Q4201636"/>
  <tag k="operator:wikipedia" v="id:Perusahaan Listrik Negara"/>
  <tag k="power" v="line"/>
  <tag k="voltage" v="150000"/>
  <tag k="wires" v="double"/>
 </way>
 <way id="1282372358" visible="true" version="1" changeset="151254105" timestamp="2024-05-13T07:41:05Z" user="apriliafp" uid="21486342">
  <nd ref="11900427475"/>
  <nd ref="11900427476"/>
  <nd ref="11900427477"/>
  <nd ref="11900427478"/>
  <nd ref="11900427475"/>
  <tag k="building" v="university"/>
 </way>
 <way id="1282372359" visible="true" version="2" changeset="178073115" timestamp="2026-02-04T01:01:41Z" user="Haritron" uid="19161555">
  <nd ref="11900427479"/>
  <nd ref="13523120954"/>
  <nd ref="13523120953"/>
  <nd ref="13523120952"/>
  <nd ref="13523120951"/>
  <nd ref="13523120950"/>
  <nd ref="13523120949"/>
  <nd ref="13523120955"/>
  <nd ref="11900427480"/>
  <nd ref="13523120957"/>
  <nd ref="13523120956"/>
  <nd ref="13523120958"/>
  <nd ref="13523120959"/>
  <nd ref="13523120960"/>
  <nd ref="11900427481"/>
  <nd ref="13523120938"/>
  <nd ref="13523120937"/>
  <nd ref="13523120939"/>
  <nd ref="13523120940"/>
  <nd ref="13523120942"/>
  <nd ref="13523120941"/>
  <nd ref="11900427482"/>
  <nd ref="13523120948"/>
  <nd ref="13523120947"/>
  <nd ref="13523120946"/>
  <nd ref="13523120945"/>
  <nd ref="13523120943"/>
  <nd ref="13523120944"/>
  <nd ref="11900427479"/>
  <tag k="building" v="university"/>
 </way>
 <way id="1304191985" visible="true" version="1" changeset="154505626" timestamp="2024-07-28T05:02:57Z" user="angys" uid="3191182">
  <nd ref="5507378688"/>
  <nd ref="5507378687"/>
  <nd ref="5507378686"/>
  <nd ref="5507378685"/>
  <nd ref="5507378684"/>
  <nd ref="5507378683"/>
  <nd ref="5507378682"/>
  <nd ref="11903201096"/>
  <nd ref="5507378676"/>
 </way>
 <way id="1335284475" visible="true" version="1" changeset="159308207" timestamp="2024-11-19T04:20:00Z" user="GrabID_Mutia" uid="10124264">
  <nd ref="8585818233"/>
  <nd ref="9167070728"/>
  <tag k="highway" v="service"/>
 </way>
 <way id="1447309328" visible="true" version="1" changeset="174175859" timestamp="2025-11-04T05:27:21Z" user="martinmbaihaqi" uid="1840603">
  <nd ref="9603488536"/>
  <nd ref="9603488537"/>
  <nd ref="7565149893"/>
  <tag k="highway" v="service"/>
 </way>
 <way id="1447310225" visible="true" version="1" changeset="174176005" timestamp="2025-11-04T05:37:07Z" user="martinmbaihaqi" uid="1840603">
  <nd ref="13279109474"/>
  <nd ref="9602832744"/>
  <tag k="highway" v="service"/>
 </way>
 <way id="1447310226" visible="true" version="1" changeset="174176005" timestamp="2025-11-04T05:37:07Z" user="martinmbaihaqi" uid="1840603">
  <nd ref="7565768232"/>
  <nd ref="9602731765"/>
  <tag k="highway" v="service"/>
 </way>
 <way id="1447314201" visible="true" version="1" changeset="174176473" timestamp="2025-11-04T06:04:54Z" user="martinmbaihaqi" uid="1840603">
  <nd ref="13279107860"/>
  <nd ref="9602436552"/>
  <tag k="access" v="private"/>
  <tag k="highway" v="service"/>
 </way>
 <way id="1472854473" visible="true" version="1" changeset="177911073" timestamp="2026-01-31T00:37:59Z" user="Haritron" uid="19161555">
  <nd ref="13513520537"/>
  <nd ref="13513520536"/>
  <nd ref="13513520539"/>
  <nd ref="13513520538"/>
  <nd ref="13513520537"/>
  <tag k="building" v="university"/>
 </way>
 <way id="1472861554" visible="true" version="1" changeset="177912049" timestamp="2026-01-31T01:42:45Z" user="Haritron" uid="19161555">
  <nd ref="13513549354"/>
  <nd ref="13513549353"/>
  <nd ref="13513549352"/>
  <nd ref="13513549351"/>
  <nd ref="13513549354"/>
  <tag k="leisure" v="pitch"/>
  <tag k="sport" v="basketball"/>
 </way>
 <way id="1472861555" visible="true" version="1" changeset="177912049" timestamp="2026-01-31T01:42:45Z" user="Haritron" uid="19161555">
  <nd ref="13513549355"/>
  <nd ref="13513549360"/>
  <nd ref="13513549359"/>
  <nd ref="13513549358"/>
  <nd ref="13513549357"/>
  <nd ref="13513549356"/>
  <nd ref="13513549355"/>
  <tag k="building" v="university"/>
 </way>
 <way id="1473950624" visible="true" version="3" changeset="178109104" timestamp="2026-02-04T19:30:18Z" user="Haritron" uid="19161555">
  <nd ref="13522429396"/>
  <nd ref="13522429395"/>
  <nd ref="13522429394"/>
  <nd ref="13522429393"/>
  <nd ref="13524823673"/>
  <nd ref="13524823674"/>
  <nd ref="13524823675"/>
  <nd ref="13524823676"/>
  <nd ref="13524823677"/>
  <nd ref="13524823679"/>
  <nd ref="13524823678"/>
  <nd ref="13522429396"/>
  <tag k="landuse" v="forest"/>
 </way>
 <way id="1473950625" visible="true" version="1" changeset="178062313" timestamp="2026-02-03T18:02:32Z" user="Haritron" uid="19161555">
  <nd ref="13522429400"/>
  <nd ref="13522429399"/>
  <nd ref="13522429398"/>
  <nd ref="13522429397"/>
  <nd ref="13522429400"/>
  <tag k="building" v="university"/>
 </way>
 <way id="1473950626" visible="true" version="1" changeset="178062313" timestamp="2026-02-03T18:02:32Z" user="Haritron" uid="19161555">
  <nd ref="13522440406"/>
  <nd ref="13522440405"/>
  <nd ref="13522440404"/>
  <nd ref="13522440403"/>
  <nd ref="13522440402"/>
  <nd ref="13522440401"/>
  <nd ref="13522440406"/>
  <tag k="building" v="university"/>
 </way>
 <way id="1473950627" visible="true" version="1" changeset="178062313" timestamp="2026-02-03T18:02:32Z" user="Haritron" uid="19161555">
  <nd ref="13522440418"/>
  <nd ref="13522440417"/>
  <nd ref="13522440416"/>
  <nd ref="13522440415"/>
  <nd ref="13522440414"/>
  <nd ref="13522440413"/>
  <nd ref="13522440412"/>
  <nd ref="13522440411"/>
  <nd ref="13522440410"/>
  <nd ref="13522440409"/>
  <nd ref="13522440408"/>
  <nd ref="13522440407"/>
  <nd ref="13522440418"/>
  <tag k="amenity" v="parking"/>
 </way>
 <way id="1474239396" visible="true" version="1" changeset="178107982" timestamp="2026-02-04T18:59:01Z" user="Haritron" uid="19161555">
  <nd ref="13524823646"/>
  <nd ref="13524823645"/>
  <nd ref="13524823644"/>
  <nd ref="13524823641"/>
  <nd ref="13524823642"/>
  <nd ref="13524823643"/>
  <nd ref="13524823646"/>
  <tag k="building" v="yes"/>
 </way>
 <way id="1474239397" visible="true" version="1" changeset="178107982" timestamp="2026-02-04T18:59:01Z" user="Haritron" uid="19161555">
  <nd ref="13524823652"/>
  <nd ref="13524823651"/>
  <nd ref="13524823650"/>
  <nd ref="13524823649"/>
  <nd ref="13524823648"/>
  <nd ref="13524823647"/>
  <nd ref="13524823652"/>
  <tag k="building" v="university"/>
 </way>
 <way id="1474239402" visible="true" version="1" changeset="178107982" timestamp="2026-02-04T18:59:01Z" user="Haritron" uid="19161555">
  <nd ref="13524823672"/>
  <nd ref="13524823671"/>
  <nd ref="13524823670"/>
  <nd ref="13524823669"/>
  <nd ref="13524823672"/>
  <tag k="building" v="university"/>
 </way>
 <way id="1483129372" visible="true" version="1" changeset="179064378" timestamp="2026-02-26T02:27:13Z" user="Lauxsin" uid="13967634">
  <nd ref="3197125834"/>
  <nd ref="3197125841"/>
  <tag k="highway" v="path"/>
 </way>
 <relation id="8031352" visible="true" version="132" changeset="185784863" timestamp="2026-07-15T13:38:29Z" user="Tinetto" uid="14728702">
  <member type="way" ref="1155804538" role=""/>
  <member type="way" ref="1155804537" role=""/>
  <member type="way" ref="1155804534" role=""/>
  <member type="way" ref="1155804533" role=""/>
  <member type="way" ref="1155804530" role=""/>
  <member type="way" ref="1155804529" role=""/>
  <member type="way" ref="1155804526" role=""/>
  <member type="way" ref="1155804525" role=""/>
  <member type="way" ref="1155804520" role=""/>
  <member type="way" ref="1155804519" role=""/>
  <member type="way" ref="1203017867" role=""/>
  <member type="way" ref="1155804515" role=""/>
  <member type="way" ref="1155804510" role=""/>
  <member type="way" ref="1155804482" role=""/>
  <member type="way" ref="1155804481" role=""/>
  <member type="way" ref="1155804509" role=""/>
  <member type="way" ref="1500698706" role=""/>
  <member type="way" ref="1500698707" role=""/>
  <member type="way" ref="1203103694" role=""/>
  <member type="way" ref="1155804503" role=""/>
  <member type="way" ref="1155804500" role=""/>
  <member type="way" ref="1155804499" role=""/>
  <member type="way" ref="1155804494" role=""/>
  <member type="way" ref="1155804493" role=""/>
  <member type="way" ref="1155804492" role=""/>
  <member type="way" ref="1155804491" role=""/>
  <member type="way" ref="1198927688" role=""/>
  <member type="way" ref="1155804487" role=""/>
  <member type="way" ref="1155804488" role=""/>
  <member type="way" ref="1202348454" role=""/>
  <member type="way" ref="1202348453" role=""/>
  <member type="way" ref="1290472370" role=""/>
  <member type="way" ref="1290472371" role=""/>
  <member type="way" ref="1290472703" role=""/>
  <member type="way" ref="1290472702" role=""/>
  <member type="way" ref="1287993144" role=""/>
  <member type="way" ref="1290472374" role=""/>
  <member type="way" ref="1529714486" role=""/>
  <member type="way" ref="1290472382" role=""/>
  <member type="way" ref="791330895" role=""/>
  <member type="way" ref="678568343" role=""/>
  <member type="way" ref="791330894" role=""/>
  <member type="way" ref="1290472383" role=""/>
  <member type="way" ref="1312243560" role=""/>
  <member type="way" ref="1479968304" role=""/>
  <member type="way" ref="1476726123" role=""/>
  <member type="way" ref="1529714487" role=""/>
  <member type="way" ref="1529714488" role=""/>
  <member type="way" ref="1501636206" role=""/>
  <member type="way" ref="1529714492" role=""/>
  <member type="way" ref="1529714491" role=""/>
  <member type="way" ref="1501636207" role=""/>
  <member type="way" ref="1479970030" role=""/>
  <member type="way" ref="1479970029" role=""/>
  <member type="way" ref="1500698710" role=""/>
  <member type="way" ref="1500698711" role=""/>
  <member type="way" ref="1529714495" role=""/>
  <member type="way" ref="1529714496" role=""/>
  <member type="way" ref="1412416589" role=""/>
  <member type="way" ref="1539456635" role=""/>
  <member type="way" ref="1539456634" role=""/>
  <member type="way" ref="1529714482" role=""/>
  <member type="way" ref="1500628034" role=""/>
  <member type="way" ref="1500628033" role=""/>
  <member type="way" ref="1412416588" role=""/>
  <member type="way" ref="1505510359" role=""/>
  <member type="way" ref="1505510360" role=""/>
  <member type="way" ref="1412416587" role=""/>
  <member type="way" ref="1412416586" role=""/>
  <member type="way" ref="1517330610" role=""/>
  <member type="way" ref="1517330611" role=""/>
  <member type="way" ref="1517330617" role=""/>
  <member type="way" ref="1517330618" role=""/>
  <member type="way" ref="1517330619" role=""/>
  <member type="way" ref="1517330620" role=""/>
  <member type="way" ref="905064133" role=""/>
  <member type="way" ref="1479243003" role=""/>
  <member type="way" ref="1479243002" role=""/>
  <member type="way" ref="1412416582" role=""/>
  <member type="way" ref="1412416580" role=""/>
  <member type="way" ref="1412416576" role=""/>
  <member type="way" ref="1499562835" role=""/>
  <member type="way" ref="1499562836" role=""/>
  <member type="way" ref="1499594544" role=""/>
  <member type="way" ref="1499594545" role=""/>
  <member type="way" ref="1499594539" role=""/>
  <member type="way" ref="1499594538" role=""/>
  <member type="way" ref="1499562829" role=""/>
  <member type="way" ref="1499600507" role=""/>
  <member type="way" ref="1499600506" role=""/>
  <member type="way" ref="1499562828" role=""/>
  <member type="way" ref="1141063479" role=""/>
  <member type="way" ref="1499594534" role=""/>
  <member type="way" ref="1499594535" role=""/>
  <member type="way" ref="1412416575" role=""/>
  <member type="way" ref="1412416574" role=""/>
  <member type="way" ref="1412416570" role=""/>
  <member type="way" ref="1499594532" role=""/>
  <member type="way" ref="1499600502" role=""/>
  <member type="way" ref="1499600505" role=""/>
  <member type="way" ref="1499594531" role=""/>
  <member type="way" ref="1499594528" role=""/>
  <member type="way" ref="1499594527" role=""/>
  <member type="way" ref="1412416569" role=""/>
  <member type="way" ref="1499595190" role=""/>
  <member type="way" ref="1178767920" role=""/>
  <member type="way" ref="1499595188" role=""/>
  <member type="way" ref="1499595186" role=""/>
  <member type="way" ref="1499595185" role=""/>
  <member type="way" ref="1499595181" role=""/>
  <member type="way" ref="1499595180" role=""/>
  <member type="way" ref="1499596046" role=""/>
  <member type="way" ref="1499596043" role=""/>
  <member type="way" ref="905064150" role=""/>
  <member type="way" ref="1141524471" role=""/>
  <member type="way" ref="1499596039" role=""/>
  <member type="way" ref="1499596040" role=""/>
  <member type="way" ref="905064128" role=""/>
  <member type="way" ref="1499596035" role=""/>
  <member type="way" ref="1499596038" role=""/>
  <member type="way" ref="1499596032" role=""/>
  <member type="way" ref="1499596031" role=""/>
  <member type="way" ref="1499577556" role=""/>
  <member type="way" ref="1499596030" role=""/>
  <member type="way" ref="1499577557" role=""/>
  <member type="way" ref="1499596028" role=""/>
  <member type="way" ref="1499577549" role=""/>
  <member type="way" ref="1499597018" role=""/>
  <member type="way" ref="1499597017" role=""/>
  <member type="way" ref="1499577547" role=""/>
  <member type="way" ref="1499597015" role=""/>
  <member type="way" ref="1499597012" role=""/>
  <member type="way" ref="905064127" role=""/>
  <member type="way" ref="1499577543" role=""/>
  <member type="way" ref="1499597010" role=""/>
  <member type="way" ref="1499577541" role=""/>
  <member type="way" ref="1499597009" role=""/>
  <member type="way" ref="1493355792" role=""/>
  <member type="way" ref="1499577538" role=""/>
  <member type="way" ref="1493355795" role=""/>
  <member type="way" ref="1499597006" role=""/>
  <member type="way" ref="1493355790" role=""/>
  <member type="way" ref="1499597005" role=""/>
  <member type="way" ref="1493355791" role=""/>
  <member type="way" ref="1263232215" role=""/>
  <member type="way" ref="1499597001" role=""/>
  <member type="way" ref="1499597002" role=""/>
  <member type="way" ref="1263232216" role=""/>
  <member type="way" ref="1493355786" role=""/>
  <member type="way" ref="1303852423" role=""/>
  <member type="way" ref="1263232217" role=""/>
  <member type="way" ref="905064124" role=""/>
  <member type="way" ref="905064166" role=""/>
  <member type="way" ref="905064130" role=""/>
  <member type="way" ref="1531121567" role=""/>
  <member type="way" ref="905064161" role=""/>
  <member type="way" ref="1531121568" role=""/>
  <member type="way" ref="1531121565" role=""/>
  <member type="way" ref="552392893" role=""/>
  <member type="way" ref="535520189" role=""/>
  <member type="way" ref="637972812" role=""/>
  <member type="way" ref="637972813" role=""/>
  <member type="way" ref="535520198" role=""/>
  <member type="way" ref="548488839" role=""/>
  <member type="way" ref="646787282" role=""/>
  <member type="way" ref="646787280" role=""/>
  <member type="way" ref="730963756" role=""/>
  <member type="way" ref="730963757" role=""/>
  <member type="way" ref="501090648" role=""/>
  <member type="way" ref="637972797" role=""/>
  <member type="way" ref="637972795" role=""/>
  <member type="way" ref="701533459" role=""/>
  <member type="way" ref="701533460" role=""/>
  <member type="way" ref="501090651" role=""/>
  <member type="way" ref="637972798" role=""/>
  <member type="way" ref="637972801" role=""/>
  <member type="way" ref="637972802" role=""/>
  <member type="way" ref="637972804" role=""/>
  <member type="way" ref="501090649" role=""/>
  <member type="way" ref="223118111" role=""/>
  <member type="way" ref="308728336" role=""/>
  <member type="way" ref="501090630" role=""/>
  <member type="way" ref="681094729" role=""/>
  <member type="way" ref="681094730" role=""/>
  <member type="way" ref="496059980" role=""/>
  <member type="way" ref="552394074" role=""/>
  <member type="way" ref="552394075" role=""/>
  <member type="way" ref="496059983" role=""/>
  <member type="way" ref="273210552" role=""/>
  <member type="way" ref="681041067" role=""/>
  <member type="way" ref="681041068" role=""/>
  <member type="way" ref="681041061" role=""/>
  <member type="way" ref="681041062" role=""/>
  <member type="way" ref="552394061" role=""/>
  <member type="way" ref="552394067" role=""/>
  <member type="way" ref="552394069" role=""/>
  <member type="way" ref="681041074" role=""/>
  <member type="way" ref="681041075" role=""/>
  <member type="way" ref="552394070" role=""/>
  <member type="way" ref="681035335" role=""/>
  <member type="way" ref="561410627" role=""/>
  <member type="way" ref="676507832" role=""/>
  <member type="way" ref="561410628" role=""/>
  <member type="way" ref="676507835" role=""/>
  <member type="way" ref="676507836" role=""/>
  <member type="way" ref="705015120" role=""/>
  <member type="way" ref="1228477613" role=""/>
  <member type="way" ref="1228477612" role=""/>
  <member type="way" ref="1228477610" role=""/>
  <member type="way" ref="1228477611" role=""/>
  <member type="way" ref="42746068" role=""/>
  <member type="way" ref="42746073" role=""/>
  <member type="way" ref="42746066" role=""/>
  <member type="way" ref="23892672" role=""/>
  <member type="way" ref="914369510" role=""/>
  <member type="way" ref="914369509" role=""/>
  <member type="way" ref="1114925752" role=""/>
  <member type="way" ref="1114925753" role=""/>
  <member type="way" ref="808512517" role=""/>
  <member type="way" ref="310662334" role=""/>
  <member type="way" ref="310948649" role=""/>
  <member type="way" ref="310948634" role=""/>
  <member type="way" ref="915855426" role=""/>
  <member type="way" ref="1253844028" role=""/>
  <member type="way" ref="1253844029" role=""/>
  <member type="way" ref="831507952" role=""/>
  <member type="way" ref="831507951" role=""/>
  <member type="way" ref="295444990" role=""/>
  <member type="way" ref="35603361" role=""/>
  <member type="way" ref="551843549" role=""/>
  <member type="way" ref="551843545" role=""/>
  <member type="way" ref="35603360" role=""/>
  <member type="way" ref="36001917" role=""/>
  <member type="way" ref="36001920" role=""/>
  <member type="way" ref="36001923" role=""/>
  <member type="way" ref="36001924" role=""/>
  <member type="way" ref="299739667" role=""/>
  <member type="way" ref="299739666" role=""/>
  <member type="way" ref="760463533" role=""/>
  <member type="way" ref="760463532" role=""/>
  <member type="way" ref="36004034" role=""/>
  <member type="way" ref="36004039" role=""/>
  <member type="way" ref="36004068" role=""/>
  <member type="way" ref="36004070" role=""/>
  <member type="way" ref="36005526" role=""/>
  <member type="way" ref="36005527" role=""/>
  <member type="way" ref="121497999" role=""/>
  <member type="way" ref="121497996" role=""/>
  <member type="way" ref="36005589" role=""/>
  <member type="way" ref="641102123" role=""/>
  <member type="way" ref="641102122" role=""/>
  <member type="way" ref="747731180" role=""/>
  <member type="way" ref="36038357" role=""/>
  <member type="way" ref="36038356" role=""/>
  <member type="way" ref="36038358" role=""/>
  <member type="way" ref="36038359" role=""/>
  <member type="way" ref="36038360" role=""/>
  <member type="way" ref="36038361" role=""/>
  <member type="way" ref="691371071" role=""/>
  <member type="way" ref="701213463" role=""/>
  <member type="way" ref="701213462" role=""/>
  <member type="way" ref="691371073" role=""/>
  <member type="way" ref="695733973" role=""/>
  <member type="way" ref="313033836" role=""/>
  <member type="way" ref="831544359" role=""/>
  <member type="way" ref="695733972" role=""/>
  <member type="way" ref="831544358" role=""/>
  <member type="way" ref="369610241" role=""/>
  <member type="way" ref="320329458" role=""/>
  <member type="way" ref="320329461" role=""/>
  <member type="way" ref="365978897" role=""/>
  <member type="way" ref="535520210" role=""/>
  <member type="way" ref="689349029" role=""/>
  <member type="way" ref="689349028" role=""/>
  <member type="way" ref="365978896" role=""/>
  <member type="way" ref="689349039" role=""/>
  <member type="way" ref="300801989" role=""/>
  <member type="way" ref="416326355" role=""/>
  <member type="way" ref="416326358" role=""/>
  <member type="way" ref="416326360" role=""/>
  <member type="way" ref="535520192" role=""/>
  <member type="way" ref="1117875155" role=""/>
  <member type="way" ref="1117875154" role=""/>
  <member type="way" ref="416326370" role=""/>
  <member type="way" ref="416326372" role=""/>
  <member type="way" ref="416326374" role=""/>
  <member type="way" ref="689349030" role=""/>
  <member type="way" ref="311075266" role=""/>
  <member type="way" ref="689349032" role=""/>
  <member type="way" ref="590547838" role=""/>
  <member type="way" ref="680813842" role=""/>
  <member type="way" ref="680813840" role=""/>
  <member type="way" ref="590547839" role=""/>
  <member type="way" ref="614821579" role=""/>
  <member type="way" ref="614821581" role=""/>
  <member type="way" ref="614819117" role=""/>
  <member type="way" ref="705012069" role=""/>
  <member type="way" ref="705015119" role=""/>
  <member type="way" ref="273210551" role=""/>
  <member type="way" ref="676507833" role=""/>
  <member type="way" ref="676507834" role=""/>
  <member type="way" ref="561410626" role=""/>
  <member type="way" ref="676720279" role=""/>
  <member type="way" ref="561410625" role=""/>
  <member type="way" ref="681035336" role=""/>
  <member type="way" ref="552394071" role=""/>
  <member type="way" ref="681041072" role=""/>
  <member type="way" ref="681041073" role=""/>
  <member type="way" ref="552394068" role=""/>
  <member type="way" ref="552394064" role=""/>
  <member type="way" ref="552394057" role=""/>
  <member type="way" ref="681041063" role=""/>
  <member type="way" ref="681041064" role=""/>
  <member type="way" ref="681041065" role=""/>
  <member type="way" ref="681041066" role=""/>
  <member type="way" ref="496059982" role=""/>
  <member type="way" ref="496059981" role=""/>
  <member type="way" ref="552394072" role=""/>
  <member type="way" ref="552394073" role=""/>
  <member type="way" ref="681094731" role=""/>
  <member type="way" ref="681094732" role=""/>
  <member type="way" ref="583428041" role=""/>
  <member type="way" ref="251729441" role=""/>
  <member type="way" ref="308728337" role=""/>
  <member type="way" ref="501090638" role=""/>
  <member type="way" ref="637972805" role=""/>
  <member type="way" ref="637972803" role=""/>
  <member type="way" ref="637972800" role=""/>
  <member type="way" ref="637972799" role=""/>
  <member type="way" ref="701533461" role=""/>
  <member type="way" ref="701533462" role=""/>
  <member type="way" ref="501090650" role=""/>
  <member type="way" ref="637972794" role=""/>
  <member type="way" ref="637972796" role=""/>
  <member type="way" ref="730963754" role=""/>
  <member type="way" ref="730963755" role=""/>
  <member type="way" ref="646787281" role=""/>
  <member type="way" ref="646787283" role=""/>
  <member type="way" ref="501090634" role=""/>
  <member type="way" ref="548488840" role=""/>
  <member type="way" ref="535520181" role=""/>
  <member type="way" ref="637972810" role=""/>
  <member type="way" ref="637972811" role=""/>
  <member type="way" ref="535520199" role=""/>
  <member type="way" ref="552392892" role=""/>
  <member type="way" ref="535520188" role=""/>
  <member type="way" ref="552392894" role=""/>
  <member type="way" ref="1119967604" role=""/>
  <member type="way" ref="310948656" role=""/>
  <member type="way" ref="722128715" role=""/>
  <member type="way" ref="808508713" role=""/>
  <member type="way" ref="773063289" role=""/>
  <member type="way" ref="35603359" role=""/>
  <member type="way" ref="551843554" role=""/>
  <member type="way" ref="551843552" role=""/>
  <member type="way" ref="36015835" role=""/>
  <member type="way" ref="36015818" role=""/>
  <member type="way" ref="36015815" role=""/>
  <member type="way" ref="36015803" role=""/>
  <member type="way" ref="299739669" role=""/>
  <member type="way" ref="299739668" role=""/>
  <member type="way" ref="36015799" role=""/>
  <member type="way" ref="760463530" role=""/>
  <member type="way" ref="760463531" role=""/>
  <member type="way" ref="36015797" role=""/>
  <member type="way" ref="36013031" role=""/>
  <member type="way" ref="1276540911" role=""/>
  <member type="way" ref="36013030" role=""/>
  <member type="way" ref="36013029" role=""/>
  <member type="way" ref="36013028" role=""/>
  <member type="way" ref="121497997" role=""/>
  <member type="way" ref="121498002" role=""/>
  <member type="way" ref="36013027" role=""/>
  <member type="way" ref="36013026" role=""/>
  <member type="way" ref="641102125" role=""/>
  <member type="way" ref="641102124" role=""/>
  <member type="way" ref="747731179" role=""/>
  <member type="way" ref="36011780" role=""/>
  <member type="way" ref="36011778" role=""/>
  <member type="way" ref="36011776" role=""/>
  <member type="way" ref="36011774" role=""/>
  <member type="way" ref="36011773" role=""/>
  <member type="way" ref="847992261" role=""/>
  <member type="way" ref="691371072" role=""/>
  <member type="way" ref="701213464" role=""/>
  <member type="way" ref="701213465" role=""/>
  <member type="way" ref="691371074" role=""/>
  <member type="way" ref="695733974" role=""/>
  <member type="way" ref="313033812" role=""/>
  <member type="way" ref="831544355" role=""/>
  <member type="way" ref="369610242" role=""/>
  <member type="way" ref="831544360" role=""/>
  <member type="way" ref="320329459" role=""/>
  <member type="way" ref="320329460" role=""/>
  <member type="way" ref="365978894" role=""/>
  <member type="way" ref="535520180" role=""/>
  <member type="way" ref="365978895" role=""/>
  <member type="way" ref="689349026" role=""/>
  <member type="way" ref="689349027" role=""/>
  <member type="way" ref="369638397" role=""/>
  <member type="way" ref="689349040" role=""/>
  <member type="way" ref="647367678" role=""/>
  <member type="way" ref="416326357" role=""/>
  <member type="way" ref="416326361" role=""/>
  <member type="way" ref="416326362" role=""/>
  <member type="way" ref="1001587922" role=""/>
  <member type="way" ref="535520178" role=""/>
  <member type="way" ref="1117875153" role=""/>
  <member type="way" ref="1117875156" role=""/>
  <member type="way" ref="416326371" role=""/>
  <member type="way" ref="416326375" role=""/>
  <member type="way" ref="689349036" role=""/>
  <member type="way" ref="689349037" role=""/>
  <member type="way" ref="313030952" role=""/>
  <member type="way" ref="313030953" role=""/>
  <member type="way" ref="311075267" role=""/>
  <member type="way" ref="590547836" role=""/>
  <member type="way" ref="590547837" role=""/>
  <member type="way" ref="680813844" role=""/>
  <member type="way" ref="680813845" role=""/>
  <member type="way" ref="614821576" role=""/>
  <member type="way" ref="614821574" role=""/>
  <member type="way" ref="614819114" role=""/>
  <member type="way" ref="614819113" role=""/>
  <member type="way" ref="705012070" role=""/>
  <member type="way" ref="535520178" role=""/>
  <member type="way" ref="1117875153" role=""/>
  <member type="way" ref="1117875156" role=""/>
  <member type="way" ref="416326371" role=""/>
  <member type="way" ref="416326375" role=""/>
  <member type="way" ref="1531121564" role=""/>
  <member type="way" ref="1531121569" role=""/>
  <member type="way" ref="905064160" role=""/>
  <member type="way" ref="1531121566" role=""/>
  <member type="way" ref="905064131" role=""/>
  <member type="way" ref="905064163" role=""/>
  <member type="way" ref="905064125" role=""/>
  <member type="way" ref="1263232220" role=""/>
  <member type="way" ref="1303852422" role=""/>
  <member type="way" ref="1263232219" role=""/>
  <member type="way" ref="1493355785" role=""/>
  <member type="way" ref="1499597003" role=""/>
  <member type="way" ref="1263232218" role=""/>
  <member type="way" ref="1499597000" role=""/>
  <member type="way" ref="1493355789" role=""/>
  <member type="way" ref="1493355788" role=""/>
  <member type="way" ref="1499597004" role=""/>
  <member type="way" ref="1499597007" role=""/>
  <member type="way" ref="1493355794" role=""/>
  <member type="way" ref="1493355793" role=""/>
  <member type="way" ref="1499577537" role=""/>
  <member type="way" ref="1499577544" role=""/>
  <member type="way" ref="1499597008" role=""/>
  <member type="way" ref="1499597011" role=""/>
  <member type="way" ref="1499577542" role=""/>
  <member type="way" ref="905064126" role=""/>
  <member type="way" ref="1499597013" role=""/>
  <member type="way" ref="1499597014" role=""/>
  <member type="way" ref="1499577550" role=""/>
  <member type="way" ref="1499577548" role=""/>
  <member type="way" ref="1499597016" role=""/>
  <member type="way" ref="1499597019" role=""/>
  <member type="way" ref="1499577558" role=""/>
  <member type="way" ref="1499596027" role=""/>
  <member type="way" ref="1499596029" role=""/>
  <member type="way" ref="1499577555" role=""/>
  <member type="way" ref="1499596034" role=""/>
  <member type="way" ref="1499596033" role=""/>
  <member type="way" ref="1499596037" role=""/>
  <member type="way" ref="1499596036" role=""/>
  <member type="way" ref="905064129" role=""/>
  <member type="way" ref="1499596042" role=""/>
  <member type="way" ref="1499596041" role=""/>
  <member type="way" ref="1141524470" role=""/>
  <member type="way" ref="905064151" role=""/>
  <member type="way" ref="1499596044" role=""/>
  <member type="way" ref="1499596045" role=""/>
  <member type="way" ref="1499595179" role=""/>
  <member type="way" ref="1499595182" role=""/>
  <member type="way" ref="1499595183" role=""/>
  <member type="way" ref="1499595184" role=""/>
  <member type="way" ref="1499595187" role=""/>
  <member type="way" ref="1178767919" role=""/>
  <member type="way" ref="1499595189" role=""/>
  <member type="way" ref="1412416568" role=""/>
  <member type="way" ref="1499594529" role=""/>
  <member type="way" ref="1499594526" role=""/>
  <member type="way" ref="1499594530" role=""/>
  <member type="way" ref="1499594533" role=""/>
  <member type="way" ref="1499600504" role=""/>
  <member type="way" ref="1499600503" role=""/>
  <member type="way" ref="1412416572" role=""/>
  <member type="way" ref="1412416571" role=""/>
  <member type="way" ref="1412416573" role=""/>
  <member type="way" ref="1499594537" role=""/>
  <member type="way" ref="1499594536" role=""/>
  <member type="way" ref="1141063478" role=""/>
  <member type="way" ref="1499562827" role=""/>
  <member type="way" ref="1499600509" role=""/>
  <member type="way" ref="1499600508" role=""/>
  <member type="way" ref="1499562830" role=""/>
  <member type="way" ref="1499594540" role=""/>
  <member type="way" ref="1499594541" role=""/>
  <member type="way" ref="1499562834" role=""/>
  <member type="way" ref="1499594542" role=""/>
  <member type="way" ref="1499594543" role=""/>
  <member type="way" ref="1499562833" role=""/>
  <member type="way" ref="1412416577" role=""/>
  <member type="way" ref="1412416579" role=""/>
  <member type="way" ref="1412416578" role=""/>
  <member type="way" ref="1412416583" role=""/>
  <member type="way" ref="1479243005" role=""/>
  <member type="way" ref="1479243004" role=""/>
  <member type="way" ref="905064132" role=""/>
  <member type="way" ref="1517330622" role=""/>
  <member type="way" ref="1517330621" role=""/>
  <member type="way" ref="1517330616" role=""/>
  <member type="way" ref="1517330615" role=""/>
  <member type="way" ref="1517330614" role=""/>
  <member type="way" ref="1517330613" role=""/>
  <member type="way" ref="1517330612" role=""/>
  <member type="way" ref="1412416585" role=""/>
  <member type="way" ref="1412416584" role=""/>
  <member type="way" ref="1505510358" role=""/>
  <member type="way" ref="1505510357" role=""/>
  <member type="way" ref="1412416591" role=""/>
  <member type="way" ref="1412416590" role=""/>
  <member type="way" ref="1539456633" role=""/>
  <member type="way" ref="1539456632" role=""/>
  <member type="way" ref="1529714498" role=""/>
  <member type="way" ref="1529714497" role=""/>
  <member type="way" ref="1500698713" role=""/>
  <member type="way" ref="1500698712" role=""/>
  <member type="way" ref="1479970032" role=""/>
  <member type="way" ref="1479970031" role=""/>
  <member type="way" ref="1501636209" role=""/>
  <member type="way" ref="1529714493" role=""/>
  <member type="way" ref="1529714494" role=""/>
  <member type="way" ref="1501636208" role=""/>
  <member type="way" ref="1529714490" role=""/>
  <member type="way" ref="1529714489" role=""/>
  <member type="way" ref="1476726121" role=""/>
  <member type="way" ref="1479968307" role=""/>
  <member type="way" ref="1312243559" role=""/>
  <member type="way" ref="298811680" role=""/>
  <member type="way" ref="791330893" role=""/>
  <member type="way" ref="1290472384" role=""/>
  <member type="way" ref="702965913" role=""/>
  <member type="way" ref="1290472381" role=""/>
  <member type="way" ref="1529714485" role=""/>
  <member type="way" ref="1290472373" role=""/>
  <member type="way" ref="1218768644" role=""/>
  <member type="way" ref="1290472705" role=""/>
  <member type="way" ref="1290472704" role=""/>
  <member type="way" ref="1290472369" role=""/>
  <member type="way" ref="1290472368" role=""/>
  <member type="way" ref="1202348452" role=""/>
  <member type="way" ref="1202348451" role=""/>
  <member type="way" ref="1155804485" role=""/>
  <member type="way" ref="1155804486" role=""/>
  <member type="way" ref="1198927686" role=""/>
  <member type="way" ref="1155804490" role=""/>
  <member type="way" ref="1155804489" role=""/>
  <member type="way" ref="1155804496" role=""/>
  <member type="way" ref="1155804495" role=""/>
  <member type="way" ref="1155804498" role=""/>
  <member type="way" ref="1155804497" role=""/>
  <member type="way" ref="1155804502" role=""/>
  <member type="way" ref="1155804506" role=""/>
  <member type="way" ref="1500698709" role=""/>
  <member type="way" ref="1500698708" role=""/>
  <member type="way" ref="1155804512" role=""/>
  <member type="way" ref="1155804484" role=""/>
  <member type="way" ref="1155804483" role=""/>
  <member type="way" ref="1155804511" role=""/>
  <member type="way" ref="1155804514" role=""/>
  <member type="way" ref="1155804513" role=""/>
  <member type="way" ref="1203017866" role=""/>
  <member type="way" ref="1155804517" role=""/>
  <member type="way" ref="1155804528" role=""/>
  <member type="way" ref="1155804527" role=""/>
  <member type="way" ref="1155804532" role=""/>
  <member type="way" ref="1155804524" role=""/>
  <member type="way" ref="1155804536" role=""/>
  <member type="way" ref="1155804535" role=""/>
  <member type="way" ref="1155804540" role=""/>
  <member type="way" ref="1155804541" role=""/>
  <member type="way" ref="1101889730" role=""/>
  <member type="relation" ref="12430956" role=""/>
  <member type="relation" ref="12430957" role=""/>
  <member type="relation" ref="12430982" role=""/>
  <member type="relation" ref="5385541" role=""/>
  <member type="relation" ref="12430955" role=""/>
  <member type="relation" ref="12430953" role=""/>
  <member type="relation" ref="12430954" role=""/>
  <member type="relation" ref="12430960" role=""/>
  <member type="relation" ref="5385689" role=""/>
  <member type="relation" ref="12430973" role=""/>
  <member type="relation" ref="12430958" role=""/>
  <member type="relation" ref="12430983" role=""/>
  <member type="relation" ref="5385810" role=""/>
  <member type="relation" ref="8050633" role=""/>
  <member type="relation" ref="12430969" role=""/>
  <member type="relation" ref="12430971" role=""/>
  <member type="relation" ref="12430977" role=""/>
  <member type="relation" ref="12430978" role=""/>
  <member type="relation" ref="5385808" role=""/>
  <member type="relation" ref="5385809" role=""/>
  <member type="relation" ref="12430975" role=""/>
  <member type="relation" ref="18390725" role=""/>
  <member type="relation" ref="18390726" role=""/>
  <member type="relation" ref="8050632" role=""/>
  <member type="relation" ref="8031354" role=""/>
  <tag k="name" v="Jalan Tol Trans Jawa"/>
  <tag k="name:en" v="Trans Java Toll Road"/>
  <tag k="ref" v="AH2"/>
  <tag k="route" v="road"/>
  <tag k="type" v="superroute"/>
  <tag k="wikidata" v="Q7833531"/>
  <tag k="wikipedia" v="id:Jalan Tol Trans-Jawa"/>
 </relation>
 <relation id="8050656" visible="true" version="28" changeset="165267446" timestamp="2025-04-22T06:11:07Z" user="WarmedCord207" uid="21968921">
  <member type="way" ref="175287503" role=""/>
  <member type="way" ref="1031619836" role=""/>
  <member type="way" ref="550567823" role=""/>
  <member type="way" ref="550567824" role=""/>
  <member type="way" ref="1341230859" role="backward"/>
  <member type="way" ref="110155983" role="backward"/>
  <member type="way" ref="166613176" role=""/>
  <member type="way" ref="210729558" role=""/>
  <member type="way" ref="210729561" role=""/>
  <member type="way" ref="23781417" role=""/>
  <member type="way" ref="42746069" role=""/>
  <member type="way" ref="42746067" role=""/>
  <member type="way" ref="23908690" role=""/>
  <member type="way" ref="166614923" role=""/>
  <member type="way" ref="562364575" role=""/>
  <member type="way" ref="815189853" role=""/>
  <member type="way" ref="815189854" role=""/>
  <member type="way" ref="562364576" role=""/>
  <member type="way" ref="166614908" role=""/>
  <member type="way" ref="564284816" role=""/>
  <member type="way" ref="564284817" role=""/>
  <member type="way" ref="93790061" role=""/>
  <member type="way" ref="93790093" role=""/>
  <member type="way" ref="93790073" role=""/>
  <member type="way" ref="93790097" role=""/>
  <member type="way" ref="166614928" role=""/>
  <member type="way" ref="166614920" role=""/>
  <member type="way" ref="93790064" role=""/>
  <member type="way" ref="93790094" role=""/>
  <member type="way" ref="23908684" role=""/>
  <member type="way" ref="166614939" role=""/>
  <member type="way" ref="166614931" role=""/>
  <member type="way" ref="166615197" role=""/>
  <member type="way" ref="1182960707" role=""/>
  <member type="way" ref="166615195" role=""/>
  <member type="way" ref="1379627837" role=""/>
  <member type="way" ref="1341230861" role=""/>
  <member type="way" ref="42746068" role=""/>
  <member type="way" ref="42746073" role=""/>
  <member type="way" ref="42746066" role=""/>
  <member type="way" ref="23892782" role=""/>
  <member type="way" ref="174522144" role=""/>
  <member type="way" ref="562364574" role=""/>
  <member type="way" ref="815189852" role=""/>
  <member type="way" ref="815189851" role=""/>
  <member type="way" ref="562364577" role=""/>
  <member type="way" ref="166614912" role=""/>
  <member type="way" ref="166614919" role=""/>
  <member type="way" ref="564284819" role=""/>
  <member type="way" ref="564284818" role=""/>
  <member type="way" ref="93790085" role=""/>
  <member type="way" ref="93790070" role=""/>
  <member type="way" ref="93790087" role=""/>
  <member type="way" ref="93790083" role=""/>
  <member type="way" ref="166614922" role=""/>
  <member type="way" ref="166614932" role=""/>
  <member type="way" ref="93790095" role=""/>
  <member type="way" ref="93790066" role=""/>
  <member type="way" ref="23781303" role=""/>
  <member type="way" ref="166614929" role=""/>
  <member type="way" ref="166614941" role=""/>
  <member type="way" ref="1182960706" role=""/>
  <member type="way" ref="166615194" role=""/>
  <member type="way" ref="110163912" role=""/>
  <member type="way" ref="1152656415" role=""/>
  <member type="way" ref="1152656416" role=""/>
  <member type="way" ref="565198097" role=""/>
  <member type="way" ref="565198101" role=""/>
  <member type="way" ref="914369512" role=""/>
  <member type="way" ref="914369511" role=""/>
  <member type="way" ref="914369509" role=""/>
  <member type="way" ref="914369510" role=""/>
  <member type="way" ref="23892672" role=""/>
  <member type="way" ref="565198093" role=""/>
  <member type="way" ref="565198089" role=""/>
  <member type="way" ref="1152656414" role=""/>
  <member type="way" ref="1152656413" role=""/>
  <member type="way" ref="477958969" role=""/>
  <member type="way" ref="914369514" role=""/>
  <member type="way" ref="914369513" role=""/>
  <member type="way" ref="477958968" role=""/>
  <member type="way" ref="161141601" role=""/>
  <member type="way" ref="915855425" role=""/>
  <member type="way" ref="166585154" role=""/>
  <member type="way" ref="166585156" role=""/>
  <member type="way" ref="175459915" role=""/>
  <member type="way" ref="1025381305" role=""/>
  <member type="way" ref="805706210" role=""/>
  <member type="way" ref="600498070" role=""/>
  <member type="way" ref="600498071" role=""/>
  <member type="way" ref="805768462" role=""/>
  <member type="way" ref="175459914" role=""/>
  <member type="way" ref="1368051415" role=""/>
  <member type="way" ref="1368051414" role=""/>
  <member type="way" ref="166585150" role=""/>
  <member type="way" ref="166585152" role=""/>
  <member type="way" ref="166585159" role=""/>
  <member type="way" ref="23892811" role=""/>
  <member type="way" ref="477958966" role=""/>
  <member type="way" ref="477958967" role=""/>
  <member type="way" ref="1031619838" role=""/>
  <member type="way" ref="550567826" role=""/>
  <member type="way" ref="550567825" role=""/>
  <member type="way" ref="1341230860" role=""/>
  <member type="way" ref="565824388" role=""/>
  <member type="way" ref="110156000" role=""/>
  <member type="way" ref="166613175" role=""/>
  <member type="way" ref="210729553" role=""/>
  <member type="way" ref="210729554" role=""/>
  <member type="way" ref="434844550" role=""/>
  <member type="way" ref="40972484" role=""/>
  <member type="way" ref="161312815" role=""/>
  <member type="way" ref="195750552" role=""/>
  <tag k="int_ref" v="AH2"/>
  <tag k="name" v="Jalan Tol Semarang"/>
  <tag k="network" v="ID:toll"/>
  <tag k="operator" v="PT Jasa Marga"/>
  <tag k="ref" v="6"/>
  <tag k="route" v="road"/>
  <tag k="symbol" v="https://upload.wikimedia.org/wikipedia/commons/b/b2/Tol14-6.png"/>
  <tag k="type" v="route"/>
  <tag k="wikidata" v="Q18356827"/>
  <tag k="wikipedia" v="id:Jalan Tol Semarang"/>
 </relation>
 <relation id="8178684" visible="true" version="2" changeset="150651598" timestamp="2024-04-29T08:52:25Z" user="FadhilPrawira" uid="10040443">
  <member type="way" ref="576271621" role="inner"/>
  <member type="way" ref="313697404" role="outer"/>
  <tag k="access:roof" v="no"/>
  <tag k="backup_generator" v="no"/>
  <tag k="building" v="university"/>
  <tag k="building:condition" v="good"/>
  <tag k="building:floor" v="ceramics"/>
  <tag k="building:levels" v="1"/>
  <tag k="building:material" v="concrete"/>
  <tag k="building:roof" v="tile"/>
  <tag k="building:structure" v="confined_masonry"/>
  <tag k="capacity:persons" v="250-500"/>
  <tag k="name" v="Gedung Majelis Wali Amanat"/>
  <tag k="nohousenumber" v="yes"/>
  <tag k="operator:type" v="government"/>
  <tag k="source" v="HOT_InAWARESurvey_2018"/>
  <tag k="type" v="multipolygon"/>
 </relation>
 <relation id="8193674" visible="true" version="8" changeset="184688525" timestamp="2026-06-27T10:15:31Z" user="orangbule" uid="24226820">
  <member type="way" ref="578127820" role="outer"/>
  <member type="way" ref="578127803" role="outer"/>
  <member type="way" ref="578690520" role="outer"/>
  <member type="way" ref="578127834" role="outer"/>
  <member type="way" ref="579286138" role="outer"/>
  <member type="way" ref="578684786" role="outer"/>
  <member type="way" ref="578127804" role="outer"/>
  <member type="way" ref="578127812" role="outer"/>
  <member type="way" ref="578127811" role="outer"/>
  <member type="way" ref="578684785" role="outer"/>
  <member type="way" ref="601242862" role="outer"/>
  <member type="way" ref="578127813" role="outer"/>
  <member type="way" ref="578127814" role="outer"/>
  <member type="way" ref="578127815" role="outer"/>
  <member type="way" ref="589768597" role="outer"/>
  <member type="way" ref="578127817" role="outer"/>
  <member type="way" ref="589768584" role="outer"/>
  <member type="way" ref="578127818" role="outer"/>
  <member type="way" ref="578127819" role="outer"/>
  <member type="way" ref="578690527" role="outer"/>
  <member type="way" ref="578127821" role="outer"/>
  <member type="way" ref="578690528" role="outer"/>
  <member type="node" ref="5540379660" role="admin_centre"/>
  <tag k="admin_level" v="7"/>
  <tag k="boundary" v="administrative"/>
  <tag k="name" v="Tembalang"/>
  <tag k="source" v="HOT_InAWARESurvey_2018"/>
  <tag k="type" v="boundary"/>
  <tag k="wikidata" v="Q11034427"/>
  <tag k="wikipedia" v="id:Tembalang, Tembalang, Semarang"/>
 </relation>
 <relation id="8193675" visible="true" version="6" changeset="175760533" timestamp="2025-12-10T13:47:29Z" user="FajrAl" uid="2649988">
  <member type="way" ref="601242862" role="outer"/>
  <member type="way" ref="578127807" role="outer"/>
  <member type="way" ref="578127808" role="outer"/>
  <member type="way" ref="578127827" role="outer"/>
  <member type="way" ref="578127805" role="outer"/>
  <member type="way" ref="578127816" role="outer"/>
  <member type="way" ref="578127831" role="outer"/>
  <member type="way" ref="578127803" role="outer"/>
  <member type="way" ref="578127809" role="outer"/>
  <member type="way" ref="578127804" role="outer"/>
  <member type="way" ref="578127823" role="outer"/>
  <member type="way" ref="578127822" role="outer"/>
  <member type="way" ref="578684785" role="outer"/>
  <member type="way" ref="578127813" role="outer"/>
  <member type="way" ref="578127824" role="inner"/>
  <member type="way" ref="578127825" role="inner"/>
  <member type="way" ref="578127826" role="inner"/>
  <member type="way" ref="1289584237" role="inner"/>
  <tag k="admin_level" v="9"/>
  <tag k="boundary" v="administrative"/>
  <tag k="flood_prone" v="no"/>
  <tag k="landslide_prone" v="no"/>
  <tag k="name" v="Universitas Diponegoro"/>
  <tag k="source" v="HOT_InAWARESurvey_2018"/>
  <tag k="type" v="boundary"/>
 </relation>
 <relation id="8193677" visible="true" version="3" changeset="175760533" timestamp="2025-12-10T13:47:29Z" user="FajrAl" uid="2649988">
  <member type="way" ref="578127805" role="outer"/>
  <member type="way" ref="578127829" role="outer"/>
  <member type="way" ref="578127828" role="outer"/>
  <member type="way" ref="578127808" role="outer"/>
  <member type="way" ref="578127806" role="outer"/>
  <tag k="admin_level" v="9"/>
  <tag k="boundary" v="administrative"/>
  <tag k="flood_prone" v="no"/>
  <tag k="landslide_prone" v="no"/>
  <tag k="name" v="Politeknik Negeri Semarang"/>
  <tag k="source" v="HOT_InAWARESurvey_2018"/>
  <tag k="type" v="boundary"/>
 </relation>
 <relation id="8405640" visible="true" version="5" changeset="184309096" timestamp="2026-06-19T10:30:46Z" user="orangbule" uid="24226820">
  <member type="way" ref="601322385" role="outer"/>
  <member type="way" ref="601176008" role="outer"/>
  <member type="way" ref="601322384" role="outer"/>
  <member type="way" ref="601322378" role="outer"/>
  <member type="way" ref="601322373" role="outer"/>
  <member type="way" ref="562420660" role="outer"/>
  <member type="way" ref="578684779" role="outer"/>
  <member type="way" ref="601322369" role="outer"/>
  <member type="way" ref="578684788" role="outer"/>
  <member type="way" ref="601322360" role="outer"/>
  <member type="way" ref="578127813" role="outer"/>
  <member type="way" ref="601322358" role="outer"/>
  <member type="way" ref="601242863" role="outer"/>
  <member type="way" ref="601244710" role="outer"/>
  <member type="way" ref="601176005" role="outer"/>
  <member type="way" ref="601322375" role="outer"/>
  <member type="way" ref="601174275" role="outer"/>
  <member type="way" ref="601322381" role="outer"/>
  <member type="node" ref="1308671709" role="label"/>
  <tag k="admin_level" v="7"/>
  <tag k="boundary" v="administrative"/>
  <tag k="name" v="Ngesrep"/>
  <tag k="source" v="HOT_InAWARESurvey_2018"/>
  <tag k="type" v="boundary"/>
  <tag k="wikidata" v="Q12500572"/>
  <tag k="wikipedia" v="id:Ngesrep, Banyumanik, Semarang"/>
 </relation>
 <relation id="8406027" visible="true" version="2" changeset="175760533" timestamp="2025-12-10T13:47:58Z" user="FajrAl" uid="2649988">
  <member type="way" ref="601322359" role="outer"/>
  <member type="way" ref="601322365" role="outer"/>
  <member type="way" ref="601322362" role="outer"/>
  <member type="way" ref="601322360" role="outer"/>
  <member type="way" ref="578127813" role="outer"/>
  <member type="way" ref="601322358" role="outer"/>
  <tag k="admin_level" v="9"/>
  <tag k="boundary" v="administrative"/>
  <tag k="flood_prone" v="no"/>
  <tag k="landslide_prone" v="no"/>
  <tag k="name" v="RW 11"/>
  <tag k="source" v="HOT_InAWARESurvey_2018"/>
  <tag k="type" v="boundary"/>
 </relation>
 <relation id="8408785" visible="true" version="3" changeset="175760533" timestamp="2025-12-10T13:47:58Z" user="FajrAl" uid="2649988">
  <member type="node" ref="5718607357" role="admin_centre"/>
  <member type="way" ref="589768584" role="outer"/>
  <member type="way" ref="578127817" role="outer"/>
  <member type="way" ref="589768597" role="outer"/>
  <member type="way" ref="578127815" role="outer"/>
  <member type="way" ref="578127814" role="outer"/>
  <member type="way" ref="601242862" role="outer"/>
  <member type="way" ref="578127813" role="outer"/>
  <member type="way" ref="601322360" role="outer"/>
  <member type="way" ref="578684788" role="outer"/>
  <member type="way" ref="601322369" role="outer"/>
  <member type="way" ref="578684779" role="outer"/>
  <member type="way" ref="562420660" role="outer"/>
  <member type="way" ref="601322373" role="outer"/>
  <member type="way" ref="601322378" role="outer"/>
  <member type="way" ref="601322384" role="outer"/>
  <member type="way" ref="601176013" role="outer"/>
  <member type="way" ref="601176011" role="outer"/>
  <member type="way" ref="601176010" role="outer"/>
  <member type="way" ref="564567129" role="outer"/>
  <member type="way" ref="569503597" role="outer"/>
  <member type="way" ref="601176015" role="outer"/>
  <member type="way" ref="573805637" role="outer"/>
  <member type="way" ref="600952828" role="outer"/>
  <member type="way" ref="578053407" role="outer"/>
  <member type="way" ref="578053406" role="outer"/>
  <member type="way" ref="578053429" role="outer"/>
  <member type="way" ref="600952782" role="outer"/>
  <member type="way" ref="600952789" role="outer"/>
  <member type="way" ref="578053420" role="outer"/>
  <member type="way" ref="600952786" role="outer"/>
  <member type="way" ref="579186674" role="outer"/>
  <member type="way" ref="600952793" role="outer"/>
  <member type="way" ref="579186672" role="outer"/>
  <member type="way" ref="588007485" role="outer"/>
  <member type="way" ref="600952799" role="outer"/>
  <member type="way" ref="588131839" role="outer"/>
  <member type="way" ref="579186715" role="outer"/>
  <member type="way" ref="588131842" role="outer"/>
  <member type="way" ref="579186696" role="outer"/>
  <member type="way" ref="583657891" role="outer"/>
  <member type="way" ref="578815354" role="outer"/>
  <member type="way" ref="585922886" role="outer"/>
  <member type="way" ref="578815358" role="outer"/>
  <member type="way" ref="583668904" role="outer"/>
  <member type="way" ref="583668900" role="outer"/>
  <member type="way" ref="583657893" role="outer"/>
  <member type="way" ref="583668899" role="outer"/>
  <member type="way" ref="583668895" role="outer"/>
  <member type="way" ref="583668893" role="outer"/>
  <member type="way" ref="583668881" role="outer"/>
  <member type="way" ref="584574655" role="outer"/>
  <member type="way" ref="584603793" role="outer"/>
  <member type="way" ref="585031250" role="outer"/>
  <member type="way" ref="585081936" role="outer"/>
  <member type="way" ref="585081935" role="outer"/>
  <member type="way" ref="585306232" role="outer"/>
  <member type="way" ref="585081942" role="outer"/>
  <member type="way" ref="585306231" role="outer"/>
  <member type="way" ref="585081941" role="outer"/>
  <member type="way" ref="586448334" role="outer"/>
  <member type="way" ref="586448336" role="outer"/>
  <member type="way" ref="586448343" role="outer"/>
  <member type="way" ref="586448349" role="outer"/>
  <member type="way" ref="589159520" role="outer"/>
  <member type="way" ref="586448341" role="outer"/>
  <member type="way" ref="578690529" role="outer"/>
  <member type="way" ref="589768582" role="outer"/>
  <member type="way" ref="578690527" role="outer"/>
  <member type="way" ref="578127819" role="outer"/>
  <member type="way" ref="578127818" role="outer"/>
  <tag k="admin_level" v="6"/>
  <tag k="boundary" v="administrative"/>
  <tag k="name" v="Banyumanik"/>
  <tag k="source" v="HOT_InAWARESurvey_2018"/>
  <tag k="type" v="boundary"/>
  <tag k="wikidata" v="Q4199112"/>
  <tag k="wikipedia" v="id:Banyumanik, Semarang"/>
 </relation>
 <relation id="17881971" visible="true" version="1" changeset="154505626" timestamp="2024-07-28T05:02:57Z" user="angys" uid="3191182">
  <member type="way" ref="573422574" role="outer"/>
  <member type="way" ref="1304191985" role="outer"/>
  <member type="way" ref="1304191984" role="outer"/>
  <tag k="addr:city" v="Semarang"/>
  <tag k="addr:full" v="Jalan Prof. Soedarto"/>
  <tag k="amenity" v="college"/>
  <tag k="name" v="Politeknik Negeri Semarang"/>
  <tag k="operator:type" v="government"/>
  <tag k="source" v="HOT_InAWARESurvey_2018"/>
  <tag k="type" v="multipolygon"/>
 </relation>
 <relation id="17881972" visible="true" version="1" changeset="154505626" timestamp="2024-07-28T05:02:57Z" user="angys" uid="3191182">
  <member type="way" ref="573422573" role="outer"/>
  <member type="way" ref="1304191987" role="outer"/>
  <member type="way" ref="1304191988" role="outer"/>
  <member type="way" ref="1304191984" role="outer"/>
  <member type="way" ref="1304191986" role="outer"/>
  <tag k="addr:city" v="Semarang"/>
  <tag k="addr:full" v="Jalan Prof. H. Soedarto, Tembalang, Kota Semarang, Jawa Tengah 50275"/>
  <tag k="amenity" v="university"/>
  <tag k="name" v="Universitas Diponegoro"/>
  <tag k="operator:type" v="government"/>
  <tag k="short_name" v="UNDIP"/>
  <tag k="source" v="HOT_InAWARESurvey_2018"/>
  <tag k="type" v="multipolygon"/>
  <tag k="wikidata" v="Q4200627"/>
  <tag k="wikipedia" v="en:Diponegoro University"/>
 </relation>
 <relation id="18390725" visible="true" version="1" changeset="160083786" timestamp="2024-12-09T09:19:48Z" user="Bayu Adi Styawan" uid="1705820">
  <member type="way" ref="565198093" role=""/>
  <member type="way" ref="565198089" role=""/>
  <member type="way" ref="1152656414" role=""/>
  <member type="way" ref="1152656413" role=""/>
  <member type="way" ref="477958969" role=""/>
  <member type="way" ref="914369514" role=""/>
  <member type="way" ref="914369513" role=""/>
  <member type="way" ref="477958968" role=""/>
  <member type="way" ref="161141601" role=""/>
  <member type="way" ref="915855425" role=""/>
  <member type="way" ref="166585154" role=""/>
  <member type="way" ref="166585156" role=""/>
  <member type="way" ref="166585150" role=""/>
  <member type="way" ref="166585152" role=""/>
  <member type="way" ref="166585159" role=""/>
  <member type="way" ref="23892811" role=""/>
  <member type="way" ref="477958966" role=""/>
  <member type="way" ref="477958967" role=""/>
  <tag k="name" v="Jalan Tol Semarang Seksi B"/>
  <tag k="route" v="road"/>
  <tag k="type" v="route"/>
 </relation>
 <relation id="19773268" visible="true" version="4" changeset="184688525" timestamp="2026-06-27T10:15:31Z" user="orangbule" uid="24226820">
  <member type="way" ref="578690527" role="outer"/>
  <member type="way" ref="589768582" role="outer"/>
  <member type="way" ref="578690529" role="outer"/>
  <member type="way" ref="586448341" role="outer"/>
  <member type="way" ref="589159520" role="outer"/>
  <member type="way" ref="586448349" role="outer"/>
  <member type="way" ref="586448343" role="outer"/>
  <member type="way" ref="586448336" role="outer"/>
  <member type="way" ref="586448334" role="outer"/>
  <member type="way" ref="585081941" role="outer"/>
  <member type="way" ref="585306231" role="outer"/>
  <member type="way" ref="585081942" role="outer"/>
  <member type="way" ref="594195215" role="outer"/>
  <member type="way" ref="594195223" role="outer"/>
  <member type="way" ref="595012906" role="outer"/>
  <member type="way" ref="594195221" role="outer"/>
  <member type="way" ref="697057984" role="outer"/>
  <member type="way" ref="594195250" role="outer"/>
  <member type="way" ref="594195256" role="outer"/>
  <member type="way" ref="594195249" role="outer"/>
  <member type="way" ref="594195247" role="outer"/>
  <member type="way" ref="594195245" role="outer"/>
  <member type="way" ref="590646909" role="outer"/>
  <member type="way" ref="590646934" role="outer"/>
  <member type="way" ref="590646933" role="outer"/>
  <member type="way" ref="590646908" role="outer"/>
  <member type="way" ref="590646931" role="outer"/>
  <member type="way" ref="590646921" role="outer"/>
  <member type="way" ref="590719906" role="outer"/>
  <member type="way" ref="590719907" role="outer"/>
  <member type="way" ref="590719904" role="outer"/>
  <member type="way" ref="590719903" role="outer"/>
  <member type="way" ref="590719902" role="outer"/>
  <member type="way" ref="590719901" role="outer"/>
  <member type="way" ref="578464436" role="outer"/>
  <member type="way" ref="578464431" role="outer"/>
  <member type="way" ref="586468302" role="outer"/>
  <member type="way" ref="578464429" role="outer"/>
  <member type="way" ref="586468304" role="outer"/>
  <member type="way" ref="578464426" role="outer"/>
  <member type="way" ref="586468309" role="outer"/>
  <member type="way" ref="578464423" role="outer"/>
  <member type="way" ref="578464420" role="outer"/>
  <member type="way" ref="586468314" role="outer"/>
  <member type="way" ref="578441589" role="outer"/>
  <member type="way" ref="578464417" role="outer"/>
  <member type="way" ref="571530979" role="outer"/>
  <member type="way" ref="571530972" role="outer"/>
  <member type="way" ref="574230648" role="outer"/>
  <member type="way" ref="574371343" role="outer"/>
  <member type="way" ref="574371349" role="outer"/>
  <member type="way" ref="578684773" role="outer"/>
  <member type="way" ref="574371356" role="outer"/>
  <member type="way" ref="578684772" role="outer"/>
  <member type="way" ref="576215867" role="outer"/>
  <member type="way" ref="576215869" role="outer"/>
  <member type="way" ref="578684775" role="outer"/>
  <member type="way" ref="576220340" role="outer"/>
  <member type="way" ref="578684779" role="outer"/>
  <member type="way" ref="601322369" role="outer"/>
  <member type="way" ref="578684788" role="outer"/>
  <member type="way" ref="601322360" role="outer"/>
  <member type="way" ref="578127813" role="outer"/>
  <member type="way" ref="601242862" role="outer"/>
  <member type="way" ref="578127814" role="outer"/>
  <member type="way" ref="578127815" role="outer"/>
  <member type="way" ref="589768597" role="outer"/>
  <member type="way" ref="578127817" role="outer"/>
  <member type="way" ref="589768584" role="outer"/>
  <member type="way" ref="578127818" role="outer"/>
  <member type="way" ref="578127819" role="outer"/>
  <member type="node" ref="5672715289" role="admin_centre"/>
  <tag k="admin_level" v="6"/>
  <tag k="boundary" v="administrative"/>
  <tag k="name" v="Tembalang"/>
  <tag k="type" v="boundary"/>
  <tag k="wikidata" v="Q4990010"/>
  <tag k="wikipedia" v="id:Tembalang, Semarang"/>
 </relation>
</osm>
