time_iso,gnss_mps,right_erpm,yaw_rate_rps,yaw_error_to_goal_rad,goal_distance_m
2026-09-18T00:45:29.779,0.014100,nan,nan,nan,nan
2026-09-18T00:45:29.979,0.041200,nan,nan,nan,nan
2026-09-18T00:45:30.179,0.011400,nan,nan,nan,nan
2026-09-18T00:45:30.379,0.056900,nan,nan,nan,nan
2026-09-18T00:45:30.579,0.038000,0.000,0.000000,nan,nan
2026-09-18T00:45:30.779,0.012200,0.000,0.000000,nan,nan
2026-09-18T00:45:30.979,0.019900,0.000,0.000000,nan,nan
2026-09-18T00:45:31.179,0.031100,0.000,0.000000,nan,nan
2026-09-18T00:45:31.379,0.013300,0.000,0.000000,nan,nan
2026-09-18T00:45:31.579,0.058600,0.000,0.000000,nan,nan
2026-09-18T00:45:31.779,0.057900,0.000,0.000000,nan,nan
2026-09-18T00:45:31.979,0.022800,0.000,0.000000,nan,nan
2026-09-18T00:45:32.179,0.034700,0.000,0.000000,nan,nan
2026-09-18T00:45:32.379,0.027200,0.000,0.000000,nan,nan
2026-09-18T00:45:32.579,0.026600,0.000,0.000000,nan,nan
2026-09-18T00:45:32.779,0.036100,0.000,0.000000,nan,nan
2026-09-18T00:45:32.979,0.036100,0.000,0.000000,nan,nan
2026-09-18T00:45:33.179,0.036100,0.000,0.000000,nan,nan
2026-09-18T00:45:33.379,0.036100,0.000,0.000000,nan,nan
2026-09-18T00:45:33.579,0.036100,0.000,0.000000,nan,nan
2026-09-18T00:45:33.779,0.036100,0.000,0.000000,nan,nan
2026-09-18T00:45:33.979,0.036100,0.000,0.000000,nan,nan
2026-09-18T00:45:34.179,0.036100,0.000,0.000000,nan,nan
2026-09-18T00:45:34.379,0.036100,0.000,0.000000,nan,nan
2026-09-18T00:45:34.579,0.036100,0.000,0.000000,nan,nan
2026-09-18T00:45:34.779,0.036100,0.000,0.000000,nan,nan
2026-09-18T00:45:34.979,0.036100,0.000,0.000000,nan,nan
2026-09-18T00:45:35.179,0.036100,0.000,0.000000,nan,nan
2026-09-18T00:45:35.379,0.036100,0.000,0.000000,nan,nan
2026-09-18T00:45:35.580,0.036100,0.000,0.000000,nan,nan
2026-09-18T00:45:35.779,0.036100,0.000,0.000000,nan,nan
2026-09-18T00:45:35.979,0.036100,0.000,0.000000,nan,nan
2026-09-18T00:45:36.179,0.022100,0.000,0.000000,nan,nan
2026-09-18T00:45:36.379,0.014900,0.000,0.000000,nan,nan
2026-09-18T00:45:36.579,0.028300,0.000,0.000000,nan,nan
2026-09-18T00:45:36.779,0.025600,0.000,0.000000,nan,nan
2026-09-18T00:45:36.979,0.049000,0.000,0.000000,nan,nan
2026-09-18T00:45:37.179,0.028000,0.000,0.000000,nan,nan
2026-09-18T00:45:37.379,0.007300,0.000,0.000000,nan,nan
2026-09-18T00:45:37.579,0.040700,0.000,0.000000,nan,nan
2026-09-18T00:45:37.779,0.044600,0.000,0.000000,nan,nan
2026-09-18T00:45:37.979,0.020200,0.000,0.000000,nan,nan
2026-09-18T00:45:38.179,0.014300,0.000,0.000000,nan,nan
2026-09-18T00:45:38.379,0.057700,0.000,0.000000,nan,nan
2026-09-18T00:45:38.579,0.025300,0.000,0.000000,nan,nan
2026-09-18T00:45:38.779,0.027000,0.000,0.000000,nan,nan
2026-09-18T00:45:38.979,0.032200,0.000,0.000000,nan,nan
2026-09-18T00:45:39.179,0.007300,0.000,0.000000,nan,nan
2026-09-18T00:45:39.379,0.014100,0.000,0.000000,nan,nan
2026-09-18T00:45:39.579,0.016800,0.000,0.000000,nan,nan
2026-09-18T00:45:39.779,0.020100,0.000,0.000000,nan,nan
2026-09-18T00:45:39.979,0.031000,0.000,0.000000,nan,nan
2026-09-18T00:45:40.179,0.020600,0.000,0.000000,nan,nan
2026-09-18T00:45:40.379,0.009100,0.000,0.000000,nan,nan
2026-09-18T00:45:40.579,0.024000,0.000,0.000000,nan,nan
2026-09-18T00:45:40.779,0.017100,0.000,0.000000,nan,nan
2026-09-18T00:45:40.979,0.016300,0.000,0.000000,nan,nan
2026-09-18T00:45:41.179,0.042300,0.000,0.000000,nan,nan
2026-09-18T00:45:41.379,0.045000,0.000,0.000000,nan,nan
2026-09-18T00:45:41.579,0.012600,0.000,0.000000,nan,nan
2026-09-18T00:45:41.779,0.030100,0.000,0.000000,nan,nan
2026-09-18T00:45:41.979,0.018900,0.000,0.000000,nan,nan
2026-09-18T00:45:42.179,0.009200,0.000,0.000000,nan,nan
2026-09-18T00:45:42.379,0.036700,0.000,0.000000,nan,nan
2026-09-18T00:45:42.579,0.042800,0.000,0.000000,nan,nan
2026-09-18T00:45:42.779,0.022800,0.000,0.000000,nan,nan
2026-09-18T00:45:42.979,0.013400,0.000,0.000000,nan,nan
2026-09-18T00:45:43.179,0.027300,0.000,0.000000,nan,nan
2026-09-18T00:45:43.379,0.016000,0.000,0.000000,nan,nan
2026-09-18T00:45:43.579,0.005100,0.000,0.000000,nan,nan
2026-09-18T00:45:43.779,0.023000,0.000,0.000000,nan,nan
2026-09-18T00:45:43.979,0.009200,0.000,0.000000,nan,nan
2026-09-18T00:45:44.179,0.035900,0.000,0.000000,nan,nan
2026-09-18T00:45:44.379,0.011000,0.000,0.000000,nan,nan
2026-09-18T00:45:44.579,0.049800,0.000,0.000000,nan,nan
2026-09-18T00:45:44.779,0.051900,0.000,0.000000,nan,nan
2026-09-18T00:45:44.979,0.021500,0.000,0.000000,nan,nan
2026-09-18T00:45:45.179,0.035000,0.000,0.000000,nan,nan
2026-09-18T00:45:45.379,0.047400,0.000,0.000000,nan,nan
2026-09-18T00:45:45.580,0.098700,0.000,0.000000,nan,nan
2026-09-18T00:45:45.779,0.004100,0.000,0.000000,nan,nan
2026-09-18T00:45:45.979,0.058800,0.000,0.000000,nan,nan
2026-09-18T00:45:46.179,0.095000,0.000,0.000000,nan,nan
2026-09-18T00:45:46.379,0.029600,0.000,0.000000,nan,nan
2026-09-18T00:45:46.579,0.019100,0.000,0.000000,nan,nan
2026-09-18T00:45:46.779,0.007800,0.000,0.000000,nan,nan
2026-09-18T00:45:46.979,0.041000,0.000,0.000000,nan,nan
2026-09-18T00:45:47.179,0.024200,0.000,0.000000,nan,nan
2026-09-18T00:45:47.379,0.026900,0.000,0.000000,nan,nan
2026-09-18T00:45:47.579,0.028000,0.000,0.000000,nan,nan
2026-09-18T00:45:47.779,0.009100,0.000,0.000000,nan,nan
2026-09-18T00:45:47.979,0.005000,0.000,0.000000,nan,nan
2026-09-18T00:45:48.179,0.020100,0.000,0.000000,nan,nan
2026-09-18T00:45:48.379,0.007100,0.000,0.000000,nan,nan
2026-09-18T00:45:48.579,0.044300,0.000,0.000000,nan,nan
2026-09-18T00:45:48.779,0.050800,0.000,0.000000,nan,nan
2026-09-18T00:45:48.979,0.030600,0.000,0.000000,nan,nan
2026-09-18T00:45:49.179,0.014100,0.000,0.000000,nan,nan
2026-09-18T00:45:49.379,0.021900,0.000,0.000000,nan,nan
2026-09-18T00:45:49.579,0.043300,0.000,0.000000,nan,nan
2026-09-18T00:45:49.779,0.021600,0.000,0.000000,nan,nan
2026-09-18T00:45:49.979,0.021400,0.000,0.000000,nan,nan
2026-09-18T00:45:50.179,0.049700,0.000,0.000000,nan,nan
2026-09-18T00:45:50.379,0.022800,0.000,0.000000,nan,nan
2026-09-18T00:45:50.579,0.033100,0.000,0.000000,nan,nan
2026-09-18T00:45:50.779,0.004000,0.000,0.000000,nan,nan
2026-09-18T00:45:50.979,0.019000,0.000,0.000000,nan,nan
2026-09-18T00:45:51.179,0.063000,0.000,0.000000,nan,nan
2026-09-18T00:45:51.379,0.032400,0.000,0.000000,nan,nan
2026-09-18T00:45:51.579,0.040700,0.000,0.000000,nan,nan
2026-09-18T00:45:51.779,0.028000,0.000,0.000000,nan,nan
2026-09-18T00:45:51.979,0.033200,0.000,0.000000,nan,nan
2026-09-18T00:45:52.179,0.025800,0.000,0.000000,nan,nan
2026-09-18T00:45:52.379,0.020600,0.000,0.000000,nan,nan
2026-09-18T00:45:52.579,0.007200,0.000,0.000000,nan,nan
2026-09-18T00:45:52.779,0.009100,0.000,0.000000,nan,nan
2026-09-18T00:45:52.979,0.011200,0.000,0.000000,nan,nan
2026-09-18T00:45:53.179,0.038600,0.000,0.000000,nan,nan
2026-09-18T00:45:53.379,0.003000,0.000,0.000000,nan,nan
2026-09-18T00:45:53.579,0.019400,0.000,0.000000,nan,nan
2026-09-18T00:45:53.779,0.009800,0.000,0.000000,nan,nan
2026-09-18T00:45:53.979,0.032400,0.000,0.000000,nan,nan
2026-09-18T00:45:54.179,0.063000,0.000,0.000000,nan,nan
2026-09-18T00:45:54.379,0.012000,0.000,0.000000,nan,nan
2026-09-18T00:45:54.579,0.014900,0.000,0.000000,nan,nan
2026-09-18T00:45:54.779,0.030100,0.000,0.000000,nan,nan
2026-09-18T00:45:54.979,0.023400,0.000,0.000000,nan,nan
2026-09-18T00:45:55.179,0.013500,0.000,0.000000,nan,nan
2026-09-18T00:45:55.379,0.010000,0.000,0.000000,nan,nan
2026-09-18T00:45:55.579,0.034500,0.000,0.000000,nan,nan
2026-09-18T00:45:55.780,0.021500,0.000,0.000000,nan,nan
2026-09-18T00:45:55.979,0.028200,0.000,0.000000,1.103788,31.698327
2026-09-18T00:45:56.179,0.024400,0.000,0.000000,1.103826,31.698327
2026-09-18T00:45:56.379,0.050000,0.000,0.000000,1.103895,31.698327
2026-09-18T00:45:56.579,0.032800,0.000,0.000000,1.103803,31.698327
2026-09-18T00:45:56.780,0.008200,0.000,0.000000,1.103687,31.698327
2026-09-18T00:45:56.979,0.046400,0.000,0.000000,1.103572,31.698327
2026-09-18T00:45:57.179,0.006400,0.000,0.000000,1.103674,31.698327
2026-09-18T00:45:57.379,0.065400,0.000,0.000000,1.103561,31.698327
2026-09-18T00:45:57.579,0.020200,0.000,0.000000,1.103464,31.698327
2026-09-18T00:45:57.779,0.046700,0.000,0.000000,1.103460,31.698327
2026-09-18T00:45:57.979,0.022800,0.000,0.000000,1.103497,31.698327
2026-09-18T00:45:58.179,0.054900,0.000,0.000000,1.103485,31.698327
2026-09-18T00:45:58.379,0.014200,0.000,0.000000,1.103540,31.698327
2026-09-18T00:45:58.579,0.005400,0.000,0.000000,1.103555,31.698327
2026-09-18T00:45:58.779,0.026300,0.000,0.000000,1.103614,31.698327
2026-09-18T00:45:58.979,0.027500,0.000,0.000000,1.103715,31.698327
2026-09-18T00:45:59.180,0.027200,0.000,0.000000,1.103835,31.698327
2026-09-18T00:45:59.379,0.061800,0.000,0.000000,1.103772,31.698327
2026-09-18T00:45:59.579,0.027900,0.000,0.003196,1.103472,31.698327
2026-09-18T00:45:59.783,0.056100,0.000,-0.004261,1.104002,31.698327
2026-09-18T00:45:59.979,0.024500,0.000,0.002131,1.104355,31.698327
2026-09-18T00:46:00.179,0.049000,0.000,0.000000,1.104701,31.698327
2026-09-18T00:46:00.379,0.032600,0.000,0.000000,1.104897,31.698327
2026-09-18T00:46:00.579,0.033100,0.000,0.000000,1.105229,31.698327
2026-09-18T00:46:00.779,0.048300,0.000,0.000000,1.105343,31.698327
2026-09-18T00:46:00.979,0.005100,0.000,0.000000,1.105293,31.698327
2026-09-18T00:46:01.179,0.034400,0.000,0.000000,1.105442,31.698327
2026-09-18T00:46:01.379,0.028800,0.000,0.000000,1.105507,31.698327
2026-09-18T00:46:01.579,0.030400,0.000,0.000000,1.105477,31.698327
2026-09-18T00:46:01.779,0.035400,0.000,0.000000,1.105441,31.698327
2026-09-18T00:46:01.979,0.069300,0.000,0.000000,1.105537,31.698327
2026-09-18T00:46:02.179,0.005100,0.000,0.000000,1.105515,31.698327
2026-09-18T00:46:02.379,0.029000,0.000,0.000000,1.105545,31.698327
2026-09-18T00:46:02.580,0.045600,0.000,0.000000,1.105595,31.698327
2026-09-18T00:46:02.779,0.012400,0.000,0.000000,1.105498,31.698327
2026-09-18T00:46:02.979,0.054400,0.000,0.000000,1.105412,31.698327
2026-09-18T00:46:03.179,0.020200,0.000,0.000000,1.105545,31.698327
2026-09-18T00:46:03.379,0.040200,0.000,0.000000,1.105456,31.698327
2026-09-18T00:46:03.579,0.025200,0.000,0.000000,1.105337,31.698327
2026-09-18T00:46:03.779,0.015600,0.000,0.000000,1.105295,31.698327
2026-09-18T00:46:03.979,0.011200,0.000,0.000000,1.105309,31.698327
2026-09-18T00:46:04.179,0.040800,0.000,0.000000,1.105304,31.698327
2026-09-18T00:46:04.379,0.019200,0.000,0.000000,1.105222,31.698327
2026-09-18T00:46:04.579,0.014200,0.000,0.000000,1.105289,31.698327
2026-09-18T00:46:04.779,0.011700,0.000,0.000000,1.105196,31.698327
2026-09-18T00:46:04.979,0.069100,0.000,0.000000,1.105004,31.698327
2026-09-18T00:46:05.179,0.040200,0.000,0.000000,1.104969,31.698327
2026-09-18T00:46:05.379,0.032600,0.000,0.000000,1.105036,31.698327
2026-09-18T00:46:05.579,0.010000,0.000,0.000000,1.105008,31.698327
2026-09-18T00:46:05.779,0.015800,0.000,0.000000,1.104940,31.698327
2026-09-18T00:46:05.979,0.085500,0.000,0.000000,1.105051,31.698327
2026-09-18T00:46:06.179,0.066600,0.000,0.000000,1.104967,31.698327
2026-09-18T00:46:06.379,0.071100,0.000,0.000000,-2.528861,181.815247
2026-09-18T00:46:06.579,0.034000,0.000,0.000000,-2.528861,181.815247
2026-09-18T00:46:06.779,0.051400,0.000,0.000000,-2.528769,181.815247
2026-09-18T00:46:06.979,0.025200,0.000,0.000000,-2.528832,181.815247
2026-09-18T00:46:07.179,0.019100,0.000,0.000000,-2.528846,181.815247
2026-09-18T00:46:07.379,0.010600,0.000,0.000000,-2.528671,181.815247
2026-09-18T00:46:07.579,0.040600,0.000,0.000000,-2.528671,181.815247
2026-09-18T00:46:07.779,0.011200,0.000,0.000000,-2.528743,181.815247
2026-09-18T00:46:07.979,0.018400,0.000,0.000000,-2.528680,181.815247
2026-09-18T00:46:08.179,0.059400,0.000,0.000000,-2.528670,181.815247
2026-09-18T00:46:08.379,0.043700,0.000,0.000000,-2.528671,181.815247
2026-09-18T00:46:08.579,0.066900,0.000,0.000000,-2.528623,181.815247
2026-09-18T00:46:08.779,0.013000,0.000,0.000000,-2.528496,181.815247
2026-09-18T00:46:08.979,0.047200,0.000,0.000000,-2.528543,181.815247
2026-09-18T00:46:09.179,0.095500,0.000,0.000000,-2.528525,181.815247
2026-09-18T00:46:09.379,0.051300,0.000,0.000000,-2.528476,181.815247
2026-09-18T00:46:09.579,0.038000,0.000,0.000000,-2.528437,181.815247
2026-09-18T00:46:09.779,0.076000,0.000,0.000000,-2.528570,181.815247
2026-09-18T00:46:09.979,0.022800,0.000,0.000000,-2.528540,181.815247
2026-09-18T00:46:10.179,0.031100,0.000,0.000000,-2.528581,181.815247
2026-09-18T00:46:10.379,0.076600,0.000,0.000000,-2.528632,181.815247
2026-09-18T00:46:10.579,0.036000,0.000,0.000000,-2.528708,181.815247
2026-09-18T00:46:10.779,0.014900,0.000,0.000000,-2.528525,181.815247
2026-09-18T00:46:10.979,0.043300,0.000,0.000000,-2.528472,181.815247
2026-09-18T00:46:11.179,0.015500,0.000,0.000000,-2.528525,181.815247
2026-09-18T00:46:11.379,0.054300,0.000,0.000000,-2.528510,181.815247
2026-09-18T00:46:11.579,0.009400,0.000,0.000000,-2.528388,181.815247
2026-09-18T00:46:11.779,0.005400,0.000,0.000000,-2.528430,181.815247
2026-09-18T00:46:11.979,0.050000,0.000,0.000000,-2.528529,181.815247
2026-09-18T00:46:12.179,0.038300,0.000,0.000000,-2.528399,181.815247
2026-09-18T00:46:12.379,0.027900,0.000,0.000000,-2.528431,181.815247
2026-09-18T00:46:12.579,0.019300,0.000,0.000000,-2.528523,181.815247
2026-09-18T00:46:12.780,0.055100,0.000,0.000000,-2.528539,181.815247
2026-09-18T00:46:12.979,0.032400,0.000,0.000000,-2.528506,181.815247
2026-09-18T00:46:13.179,0.053900,0.000,0.000000,1.122458,34.355816
2026-09-18T00:46:13.379,0.049900,0.000,0.000000,1.122414,34.355816
2026-09-18T00:46:13.579,0.014100,0.000,0.000000,1.122544,34.355816
2026-09-18T00:46:13.779,0.040000,0.000,0.000000,1.122557,34.355816
2026-09-18T00:46:13.979,0.060200,0.000,0.000000,1.122557,34.355816
2026-09-18T00:46:14.179,0.081300,0.000,0.000000,1.122589,34.355816
2026-09-18T00:46:14.379,0.027700,0.000,0.000000,1.122491,34.355816
2026-09-18T00:46:14.579,0.042200,0.000,0.000000,1.122405,34.355816
2026-09-18T00:46:14.780,0.026200,0.000,0.000000,1.122362,34.355816
2026-09-18T00:46:14.979,0.013000,0.000,0.000000,1.122426,34.355816
2026-09-18T00:46:15.179,0.045400,0.000,0.000000,1.122607,34.355816
2026-09-18T00:46:15.379,0.021300,0.000,0.000000,1.122480,34.355816
2026-09-18T00:46:15.580,0.032400,0.000,0.000000,1.122447,34.355816
2026-09-18T00:46:15.780,0.037000,0.000,0.000000,1.122495,34.355816
2026-09-18T00:46:15.979,0.043400,0.000,0.000000,1.122443,34.355816
2026-09-18T00:46:16.179,0.030600,0.000,0.000000,1.122348,34.355816
2026-09-18T00:46:16.379,0.051600,0.000,0.000000,1.122367,34.355816
2026-09-18T00:46:16.579,0.046000,0.000,0.000000,1.122519,34.355816
2026-09-18T00:46:16.779,0.045200,0.000,0.000000,1.122441,34.355816
2026-09-18T00:46:16.979,0.033600,0.000,0.000000,1.122384,34.355816
2026-09-18T00:46:17.180,0.014800,0.000,0.000000,1.122482,34.355816
2026-09-18T00:46:17.379,0.025700,0.000,0.000000,1.122499,34.355816
2026-09-18T00:46:17.579,0.012500,0.000,0.000000,1.122408,34.355816
2026-09-18T00:46:17.779,0.034000,0.000,0.000000,1.122410,34.355816
2026-09-18T00:46:17.979,0.054500,1212.000,-0.015979,1.122436,34.346084
2026-09-18T00:46:18.179,0.077400,567.000,-0.007457,1.123132,34.347523
2026-09-18T00:46:18.379,0.286100,1259.000,0.107592,1.122299,34.332169
2026-09-18T00:46:18.579,0.393100,1739.000,0.119310,1.104359,34.305816
2026-09-18T00:46:18.780,0.516100,2105.000,0.157659,1.079508,34.272047
2026-09-18T00:46:18.979,0.587200,2711.000,0.226901,1.048497,34.226522
2026-09-18T00:46:19.179,0.880200,3809.000,0.414388,1.004203,34.158501
2026-09-18T00:46:19.379,1.072800,4444.000,0.542220,0.920362,34.057313
2026-09-18T00:46:19.579,1.265300,4848.000,0.678573,0.819811,33.925599
2026-09-18T00:46:19.779,1.361400,5000.000,0.343015,0.745269,33.774217
2026-09-18T00:46:19.979,0.984500,4000.000,0.124636,0.723949,33.627889
2026-09-18T00:46:20.179,0.546600,1739.000,0.170442,0.697252,33.593098
2026-09-18T00:46:20.379,0.368900,-1666.000,0.023436,0.677507,33.613874
2026-09-18T00:46:20.580,0.093900,-1927.000,0.000000,0.661780,33.649371
2026-09-18T00:46:20.779,0.385000,-2191.000,-0.076699,0.652059,33.694150
2026-09-18T00:46:20.979,0.648800,-3555.000,-0.019175,0.648826,33.769818
2026-09-18T00:46:21.179,0.562300,-3555.000,0.073503,0.640505,33.869308
2026-09-18T00:46:21.379,0.822200,-3720.000,-0.095874,0.631805,33.975186
2026-09-18T00:46:21.579,0.823900,-3809.000,0.001065,0.637120,34.089382
2026-09-18T00:46:21.779,1.039600,-3902.000,0.000000,0.627795,34.207912
2026-09-18T00:46:21.979,0.728500,-3478.000,-0.054328,0.618800,34.324377
2026-09-18T00:46:22.179,0.855900,-3404.000,0.122505,0.603127,34.431360
2026-09-18T00:46:22.379,0.724800,-3265.000,0.122505,0.581577,34.542108
2026-09-18T00:46:22.579,0.602100,-3200.000,0.057524,0.563153,34.645378
2026-09-18T00:46:22.779,0.621600,-3137.000,0.124636,0.544526,34.750420
2026-09-18T00:46:22.979,0.502600,-3018.000,0.091613,0.527925,34.855576
2026-09-18T00:46:23.179,0.720600,-3137.000,0.088417,0.509202,34.962362
2026-09-18T00:46:23.379,0.702900,-3018.000,0.094809,0.491780,35.069537
2026-09-18T00:46:23.579,0.598900,-2857.000,0.075634,0.472210,35.179223
2026-09-18T00:46:23.779,0.659400,-2909.000,0.131028,0.453612,35.287381
2026-09-18T00:46:23.979,0.744500,-2909.000,0.072438,0.435188,35.396534
2026-09-18T00:46:24.179,0.614800,-2909.000,0.104396,0.416178,35.508376
2026-09-18T00:46:24.379,0.575900,-3018.000,0.063916,0.397215,35.618017
2026-09-18T00:46:24.579,0.604700,-2807.000,0.115049,0.378024,35.728838
2026-09-18T00:46:24.779,0.747300,-2962.000,0.098004,0.360495,35.842197
2026-09-18T00:46:24.979,0.594500,-3200.000,0.093743,0.341290,35.954999
2026-09-18T00:46:25.179,0.698400,-3076.000,0.066046,0.318189,36.075450
2026-09-18T00:46:25.379,0.919000,-3018.000,0.075634,0.296792,36.195574
2026-09-18T00:46:25.579,0.678100,-2909.000,0.094809,0.275971,36.309988
2026-09-18T00:46:25.779,0.579000,-2285.000,0.054328,0.255404,36.405807
2026-09-18T00:46:25.979,0.488500,-2318.000,0.123571,0.245299,36.491009
2026-09-18T00:46:26.179,0.349100,-2051.000,0.078830,0.235983,36.506669
2026-09-18T00:46:26.379,0.307900,-1538.000,0.039415,0.228552,36.537276
2026-09-18T00:46:26.579,0.286500,-1415.000,0.037284,0.222630,36.587636
2026-09-18T00:46:26.779,0.383100,-1269.000,0.043676,0.216288,36.639268
2026-09-18T00:46:26.979,0.150600,-846.000,0.001065,0.209486,36.681623
2026-09-18T00:46:27.179,0.042100,155.000,0.015979,0.211083,36.698612
2026-09-18T00:46:27.379,0.281200,2077.000,-0.071373,0.219519,36.650605
2026-09-18T00:46:27.579,0.671200,3137.000,-0.022371,0.231921,36.519167
2026-09-18T00:46:27.779,0.636300,3333.000,0.003196,0.246362,36.366543
2026-09-18T00:46:27.979,0.869800,3720.000,0.063916,0.250487,36.210880
2026-09-18T00:46:28.179,0.902500,3720.000,0.011718,0.236702,36.054374
2026-09-18T00:46:28.379,0.743400,3636.000,0.104396,0.225048,35.896133
2026-09-18T00:46:28.579,0.907200,3636.000,0.225836,0.192497,35.737956
2026-09-18T00:46:28.779,0.940800,3720.000,0.255663,0.163429,35.567108
2026-09-18T00:46:28.979,0.845600,4000.000,0.109722,0.125561,35.390386
2026-09-18T00:46:29.179,0.938700,4210.000,0.106526,0.092661,35.203732
2026-09-18T00:46:29.379,0.909500,4210.000,0.134223,0.061143,35.012851
2026-09-18T00:46:29.579,1.091300,4102.000,0.223706,0.025038,34.825749
2026-09-18T00:46:29.779,0.883700,3902.000,0.225836,-0.014472,34.641686
2026-09-18T00:46:29.979,1.004900,3720.000,0.092678,-0.048315,34.461343
2026-09-18T00:46:30.179,0.903400,3636.000,0.115049,-0.070421,34.283500
2026-09-18T00:46:30.379,0.904000,3902.000,0.058590,-0.074976,34.103795
2026-09-18T00:46:30.579,0.650500,3636.000,0.004261,-0.078844,33.925412
2026-09-18T00:46:30.779,0.812200,3636.000,-0.043676,-0.082779,33.759480
2026-09-18T00:46:30.979,0.629300,3555.000,-0.011718,-0.086086,33.592330
2026-09-18T00:46:31.179,0.662800,3404.000,-0.041545,-0.090866,33.424406
2026-09-18T00:46:31.379,0.850700,3555.000,-0.088417,-0.090988,33.262526
2026-09-18T00:46:31.579,0.847300,3478.000,0.003196,-0.091428,33.099122
2026-09-18T00:46:31.779,0.883200,3720.000,-0.093743,-0.099738,32.935310
2026-09-18T00:46:31.979,0.955400,3555.000,0.031958,-0.101413,32.769785
2026-09-18T00:46:32.179,0.726800,3404.000,0.009587,-0.099538,32.604308
2026-09-18T00:46:32.379,0.744700,3555.000,-0.027697,-0.099376,32.440910
2026-09-18T00:46:32.579,0.685700,3636.000,-0.009587,-0.098381,32.273980
2026-09-18T00:46:32.779,0.866100,3478.000,-0.013848,-0.096708,32.110956
2026-09-18T00:46:32.979,0.730500,3333.000,-0.086286,-0.089383,31.949895
2026-09-18T00:46:33.179,0.862300,3478.000,-0.005326,-0.084583,31.788069
2026-09-18T00:46:33.379,0.731800,3265.000,-0.023436,-0.087708,31.629981
2026-09-18T00:46:33.579,0.829300,3404.000,-0.018109,-0.086480,31.476801
2026-09-18T00:46:33.779,0.785000,3404.000,-0.019175,-0.080775,31.317988
2026-09-18T00:46:33.979,0.727000,3333.000,0.027697,-0.072945,31.158874
2026-09-18T00:46:34.179,0.660900,3333.000,-0.034088,-0.073342,31.001458
2026-09-18T00:46:34.379,0.660400,3404.000,0.000000,-0.071126,30.850857
2026-09-18T00:46:34.579,0.734500,3404.000,0.026632,-0.076760,30.697257
2026-09-18T00:46:34.779,0.863700,3137.000,0.021305,-0.076458,30.544984
2026-09-18T00:46:34.979,0.670900,3478.000,-0.021305,-0.082418,30.393751
2026-09-18T00:46:35.179,0.790000,3333.000,-0.030893,-0.081306,30.239554
2026-09-18T00:46:35.379,0.823000,3333.000,0.008522,-0.081378,30.084261
2026-09-18T00:46:35.579,0.665000,3404.000,-0.020240,-0.084952,29.927124
2026-09-18T00:46:35.779,0.752300,3478.000,0.041545,-0.088095,29.776615
2026-09-18T00:46:35.979,0.720900,3265.000,-0.013848,-0.091340,29.621919
2026-09-18T00:46:36.179,0.767400,3137.000,0.036219,-0.089745,29.471484
2026-09-18T00:46:36.379,0.632100,3018.000,0.015979,-0.097103,29.323060
2026-09-18T00:46:36.579,0.690500,3265.000,0.036219,-0.100390,29.179973
2026-09-18T00:46:36.779,0.684000,3333.000,0.040480,-0.111811,29.032300
2026-09-18T00:46:36.979,0.782100,3200.000,-0.033023,-0.116230,28.883131
2026-09-18T00:46:37.179,0.878900,3333.000,-0.006392,-0.114760,28.735195
2026-09-18T00:46:37.379,0.751200,3200.000,0.013848,-0.118356,28.586485
2026-09-18T00:46:37.579,0.923000,3478.000,0.021305,-0.122212,28.434759
2026-09-18T00:46:37.779,0.725700,3404.000,-0.040480,-0.122089,28.278468
2026-09-18T00:46:37.979,0.720900,3200.000,-0.004261,-0.124952,28.133176
2026-09-18T00:46:38.179,0.791000,3265.000,-0.009587,-0.122232,27.986103
2026-09-18T00:46:38.379,0.844900,3555.000,0.043676,-0.126128,27.833666
2026-09-18T00:46:38.579,0.787300,3404.000,0.038350,-0.127151,27.674406
2026-09-18T00:46:38.779,0.836000,3333.000,-0.018109,-0.132819,27.520327
2026-09-18T00:46:38.979,0.731100,3404.000,-0.035154,-0.130209,27.368377
2026-09-18T00:46:39.179,0.754100,3555.000,-0.002131,-0.130130,27.210177
2026-09-18T00:46:39.379,0.846600,3555.000,0.004261,-0.125138,27.049440
2026-09-18T00:46:39.579,0.769400,3636.000,-0.018109,-0.121713,26.887611
2026-09-18T00:46:39.779,0.875600,3720.000,-0.071373,-0.121770,26.727447
2026-09-18T00:46:39.979,0.688300,3404.000,-0.007457,-0.122060,26.572512
2026-09-18T00:46:40.179,0.757800,3478.000,-0.062851,-0.122166,26.418211
2026-09-18T00:46:40.379,0.928600,3478.000,-0.033023,-0.120457,26.260423
2026-09-18T00:46:40.579,0.730500,3555.000,-0.062851,-0.118774,26.107841
2026-09-18T00:46:40.779,0.823500,3265.000,-0.050067,-0.120584,25.963756
2026-09-18T00:46:40.979,0.744600,3333.000,-0.037284,-0.117213,25.817765
2026-09-18T00:46:41.179,0.712500,3333.000,0.079895,-0.120729,25.675827
2026-09-18T00:46:41.379,0.622400,3333.000,-0.055394,-0.116235,25.525567
2026-09-18T00:46:41.579,0.856000,3137.000,-0.056459,-0.115689,25.378487
2026-09-18T00:46:41.779,0.808200,3555.000,0.041545,-0.114960,25.226506
2026-09-18T00:46:41.979,0.690700,3404.000,-0.012783,-0.110988,25.068410
2026-09-18T00:46:42.179,0.890300,3636.000,-0.105461,-0.113781,24.909802
2026-09-18T00:46:42.379,0.897100,3720.000,0.019175,-0.106794,24.749310
2026-09-18T00:46:42.579,0.772200,3720.000,-0.010653,-0.112167,24.584964
2026-09-18T00:46:42.779,0.819500,3555.000,-0.007457,-0.106825,24.420206
2026-09-18T00:46:42.979,0.642400,3333.000,-0.017044,-0.100948,24.262624
2026-09-18T00:46:43.179,0.815900,3265.000,0.005326,-0.099395,24.116348
2026-09-18T00:46:43.379,0.659600,3137.000,-0.027697,-0.101209,23.971950
2026-09-18T00:46:43.579,0.678000,3137.000,-0.003196,-0.100754,23.831247
2026-09-18T00:46:43.779,0.800400,3265.000,0.039415,-0.099567,23.686465
2026-09-18T00:46:43.979,0.864500,3478.000,-0.058590,-0.090663,23.527632
2026-09-18T00:46:44.179,0.938400,3555.000,-0.012783,-0.083960,23.368022
2026-09-18T00:46:44.379,0.737700,3809.000,0.006392,-0.078430,23.204130
2026-09-18T00:46:44.579,0.770800,3809.000,0.007457,-0.085110,23.045328
2026-09-18T00:46:44.779,0.882500,3478.000,-0.059655,-0.078349,22.885873
2026-09-18T00:46:44.979,0.746700,3404.000,-0.005326,-0.075673,22.729524
2026-09-18T00:46:45.179,0.734600,3478.000,0.047937,-0.072530,22.570399
2026-09-18T00:46:45.379,0.693400,3404.000,0.034088,-0.070522,22.418280
2026-09-18T00:46:45.579,0.711800,3200.000,0.011718,-0.071080,22.272651
2026-09-18T00:46:45.779,0.506500,3200.000,-0.012783,-0.072703,22.127689
2026-09-18T00:46:45.979,0.842700,3404.000,0.009587,-0.065474,21.979525
2026-09-18T00:46:46.179,0.738300,3333.000,-0.002131,-0.060782,21.828483
2026-09-18T00:46:46.379,0.823800,3265.000,0.000000,-0.056380,21.680195
2026-09-18T00:46:46.579,0.714700,3265.000,-0.005326,-0.049053,21.528321
2026-09-18T00:46:46.779,0.815300,3555.000,0.044741,-0.046028,21.373395
2026-09-18T00:46:46.979,0.728300,3404.000,-0.029827,-0.044313,21.213041
2026-09-18T00:46:47.179,0.670900,3478.000,0.063916,-0.040158,21.056181
2026-09-18T00:46:47.379,0.812600,3404.000,0.059655,-0.050458,20.903253
2026-09-18T00:46:47.579,0.698700,3333.000,0.091613,-0.060818,20.747629
2026-09-18T00:46:47.779,0.778700,3333.000,0.053263,-0.069764,20.591454
2026-09-18T00:46:47.979,0.758200,3333.000,0.091613,-0.075883,20.439383
2026-09-18T00:46:48.179,0.721700,3333.000,0.019175,-0.087718,20.285804
2026-09-18T00:46:48.379,0.879900,3555.000,0.028762,-0.098181,20.132149
2026-09-18T00:46:48.579,0.731300,3555.000,0.025566,-0.108240,19.974409
2026-09-18T00:46:48.779,0.765500,3478.000,0.128897,-0.121400,19.810821
2026-09-18T00:46:48.979,0.865000,3636.000,0.034088,-0.128798,19.645905
2026-09-18T00:46:49.179,0.767100,3478.000,0.037284,-0.136393,19.488381
2026-09-18T00:46:49.379,0.764100,3404.000,0.045806,-0.143975,19.332190
2026-09-18T00:46:49.579,0.780400,3404.000,-0.056459,-0.151211,19.181951
2026-09-18T00:46:49.779,0.830200,3404.000,0.009587,-0.151763,19.032118
2026-09-18T00:46:49.979,0.787200,3265.000,0.038350,-0.155386,18.883164
2026-09-18T00:46:50.179,0.793700,3478.000,-0.028762,-0.163100,18.741303
2026-09-18T00:46:50.379,0.719800,3478.000,0.011718,-0.171340,18.590641
2026-09-18T00:46:50.579,0.732400,3636.000,0.000000,-0.179877,18.439637
2026-09-18T00:46:50.779,0.719700,3478.000,0.079895,-0.178384,18.279802
2026-09-18T00:46:50.979,0.727200,3636.000,0.046872,-0.176895,18.124138
2026-09-18T00:46:51.179,0.600100,3404.000,-0.004261,-0.182622,17.973650
2026-09-18T00:46:51.379,0.714400,3555.000,-0.012783,-0.187481,17.826227
2026-09-18T00:46:51.579,0.905100,3333.000,0.035154,-0.195239,17.680247
2026-09-18T00:46:51.779,0.837500,3555.000,0.021305,-0.194388,17.529769
2026-09-18T00:46:51.979,0.688800,3333.000,0.007457,-0.191875,17.377963
2026-09-18T00:46:52.179,0.701800,3404.000,0.030893,-0.189139,17.224419
2026-09-18T00:46:52.379,0.828800,3478.000,-0.035154,-0.194501,17.074274
2026-09-18T00:46:52.579,0.691800,3636.000,-0.049002,-0.189262,16.922602
2026-09-18T00:46:52.779,0.664800,3636.000,0.058590,-0.183365,16.768850
2026-09-18T00:46:52.979,0.753000,3720.000,-0.059655,-0.179618,16.613069
2026-09-18T00:46:53.179,0.751700,3720.000,-0.115049,-0.158799,16.452754
2026-09-18T00:46:53.379,0.945000,3478.000,-0.080960,-0.155269,16.306762
2026-09-18T00:46:53.579,0.770200,3636.000,-0.092678,-0.144589,16.152491
2026-09-18T00:46:53.779,0.766000,3555.000,-0.169377,-0.128923,15.997693
2026-09-18T00:46:53.979,0.694200,3555.000,-0.069242,-0.114765,15.844945
2026-09-18T00:46:54.179,0.799800,3200.000,-0.009587,-0.098628,15.689070
2026-09-18T00:46:54.379,0.768600,3265.000,0.015979,-0.089619,15.543431
2026-09-18T00:46:54.579,0.798500,3555.000,-0.127832,-0.080639,15.393842
2026-09-18T00:46:54.779,0.762900,3404.000,-0.061785,-0.071084,15.246064
2026-09-18T00:46:54.979,0.860100,3265.000,-0.089482,-0.060303,15.100261
2026-09-18T00:46:55.179,0.728700,3200.000,-0.049002,-0.051690,14.955723
2026-09-18T00:46:55.379,0.655500,3555.000,-0.042611,-0.045434,14.814132
2026-09-18T00:46:55.579,0.818700,3636.000,-0.082025,-0.035555,14.666984
2026-09-18T00:46:55.779,0.839400,3720.000,-0.094809,-0.029639,14.515830
2026-09-18T00:46:55.979,0.668900,3636.000,-0.039415,-0.022654,14.358986
2026-09-18T00:46:56.179,0.846800,3404.000,0.005326,-0.022395,14.215058
2026-09-18T00:46:56.379,0.772200,3555.000,-0.069242,-0.020908,14.078255
2026-09-18T00:46:56.579,0.742800,3478.000,-0.022371,-0.010910,13.921293
2026-09-18T00:46:56.779,0.683000,3333.000,-0.062851,-0.007299,13.768471
2026-09-18T00:46:56.979,0.723700,3404.000,-0.015979,-0.002782,13.619278
2026-09-18T00:46:57.179,0.663700,3404.000,-0.010653,0.003572,13.473459
2026-09-18T00:46:57.379,0.704000,3404.000,-0.014914,0.017023,13.318187
2026-09-18T00:46:57.580,0.722200,3200.000,-0.054328,0.031750,13.154798
2026-09-18T00:46:57.779,0.775500,3265.000,-0.087352,0.041732,13.011772
2026-09-18T00:46:57.979,0.686600,3200.000,-0.001065,0.046875,12.877249
2026-09-18T00:46:58.179,0.681100,3200.000,0.046872,0.047144,12.741759
2026-09-18T00:46:58.379,0.707100,3404.000,-0.014914,0.050030,12.596280
2026-09-18T00:46:58.579,0.780800,3404.000,-0.039415,0.060730,12.437635
2026-09-18T00:46:58.779,0.850800,3404.000,-0.019175,0.069353,12.283260
2026-09-18T00:46:58.979,0.867600,3404.000,-0.076699,0.073251,12.135215
2026-09-18T00:46:59.179,0.519700,3265.000,0.036219,0.073611,11.985846
2026-09-18T00:46:59.379,0.778400,3555.000,-0.003196,0.069191,11.840024
2026-09-18T00:46:59.579,0.726900,3478.000,0.002131,0.072886,11.688808
2026-09-18T00:46:59.779,0.863200,3404.000,-0.050067,0.073238,11.538090
2026-09-18T00:46:59.979,0.781000,3404.000,0.010653,0.068757,11.389293
2026-09-18T00:47:00.179,0.796700,3404.000,0.058590,0.067955,11.239012
2026-09-18T00:47:00.379,0.751300,3333.000,-0.002131,0.064017,11.094032
2026-09-18T00:47:00.579,0.806000,3333.000,0.025566,0.065781,10.946480
2026-09-18T00:47:00.779,0.809300,3265.000,0.060720,0.063748,10.798675
2026-09-18T00:47:00.979,0.711000,3555.000,0.049002,0.059185,10.656457
2026-09-18T00:47:01.179,0.803800,3265.000,0.089482,0.052439,10.513372
2026-09-18T00:47:01.379,0.850900,3333.000,0.058590,0.045506,10.365328
2026-09-18T00:47:01.579,0.826300,3333.000,0.047937,0.034587,10.220787
2026-09-18T00:47:01.779,0.747600,3265.000,0.026632,0.025733,10.080094
2026-09-18T00:47:01.979,0.780500,3404.000,0.100135,0.018239,9.932142
2026-09-18T00:47:02.179,0.743300,3404.000,0.057524,0.007802,9.779607
2026-09-18T00:47:02.379,0.828800,3555.000,0.060720,-0.001357,9.624565
2026-09-18T00:47:02.579,0.750200,3636.000,0.042611,-0.016058,9.472141
2026-09-18T00:47:02.779,0.732600,3478.000,-0.008522,-0.035055,9.320690
2026-09-18T00:47:02.979,0.671000,3333.000,0.031958,-0.042433,9.171699
2026-09-18T00:47:03.179,0.679300,3478.000,0.073503,-0.059485,9.023646
2026-09-18T00:47:03.379,0.870900,3636.000,0.093743,-0.069728,8.872685
2026-09-18T00:47:03.579,0.854400,3636.000,0.029827,-0.078480,8.715223
2026-09-18T00:47:03.779,0.915800,3555.000,0.001065,-0.076549,8.555656
2026-09-18T00:47:03.979,0.791100,3555.000,-0.027697,-0.066970,8.393593
2026-09-18T00:47:04.179,0.722100,3478.000,0.006392,-0.056356,8.234960
2026-09-18T00:47:04.379,0.672400,3404.000,-0.064981,-0.056710,8.089865
2026-09-18T00:47:04.579,0.710600,3137.000,0.009587,-0.052978,7.948004
2026-09-18T00:47:04.779,0.755800,3265.000,-0.043676,-0.049695,7.804006
2026-09-18T00:47:04.979,0.829100,3636.000,-0.033023,-0.026859,7.648509
2026-09-18T00:47:05.179,0.790400,3720.000,-0.033023,0.003801,7.484801
2026-09-18T00:47:05.379,0.827100,3720.000,-0.023436,0.018260,7.321981
2026-09-18T00:47:05.579,0.745000,3636.000,0.004261,0.029138,7.157312
2026-09-18T00:47:05.779,0.782800,3636.000,0.093743,0.020490,6.992566
2026-09-18T00:47:05.979,0.832100,3809.000,0.091613,0.008265,6.826358
2026-09-18T00:47:06.179,0.830200,3902.000,0.086286,0.002618,6.662763
2026-09-18T00:47:06.379,0.844400,3809.000,0.105461,-0.003866,6.498324
2026-09-18T00:47:06.579,0.817200,3902.000,0.129962,-0.009559,6.334248
2026-09-18T00:47:06.779,0.796200,3720.000,0.123571,-0.017242,6.172183
2026-09-18T00:47:06.979,0.896600,3720.000,0.112918,-0.026913,6.006894
2026-09-18T00:47:07.179,0.874100,4000.000,0.144876,-0.035642,5.839405
2026-09-18T00:47:07.379,0.993400,4324.000,0.162985,-0.054911,5.662436
2026-09-18T00:47:07.579,0.899000,4210.000,0.185356,-0.077037,5.486636
2026-09-18T00:47:07.779,1.057800,4324.000,0.231162,-0.094375,5.311428
2026-09-18T00:47:07.979,1.013500,4000.000,0.137419,-0.109222,5.144171
2026-09-18T00:47:08.179,1.071600,3809.000,0.101200,-0.115731,4.987118
2026-09-18T00:47:08.379,0.830600,3809.000,0.087352,-0.116993,4.836961
2026-09-18T00:47:08.579,0.772900,3478.000,0.060720,-0.107683,4.698412
2026-09-18T00:47:08.779,0.796300,3333.000,0.046872,-0.100505,4.560846
2026-09-18T00:47:08.979,0.789300,3478.000,0.027697,-0.109440,4.411322
2026-09-18T00:47:09.179,0.712000,3555.000,0.029827,-0.129095,4.252906
2026-09-18T00:47:09.379,0.873400,3636.000,0.046872,-0.144063,4.091641
2026-09-18T00:47:09.579,0.879300,3636.000,0.068177,-0.164144,3.924540
2026-09-18T00:47:09.779,0.952400,3720.000,0.008522,-0.174663,3.761340
2026-09-18T00:47:09.979,0.778200,3720.000,0.023436,-0.178244,3.606633
2026-09-18T00:47:10.179,0.815100,3555.000,0.005326,-0.183624,3.448789
2026-09-18T00:47:10.379,0.750800,3720.000,-0.063916,-0.191961,3.283766
2026-09-18T00:47:10.579,0.809500,3555.000,-0.057524,-0.198955,3.121633
2026-09-18T00:47:10.779,0.744800,3636.000,-0.094809,-0.190846,2.969728
2026-09-18T00:47:10.979,0.683000,3200.000,-0.088417,-0.179222,2.822777
2026-09-18T00:47:11.179,0.653300,3018.000,-0.109722,-0.166514,2.682356
2026-09-18T00:47:11.379,0.738900,3200.000,-0.139550,-0.153479,2.540559
2026-09-18T00:47:11.579,0.799900,3137.000,-0.066046,-0.142415,2.399925
2026-09-18T00:47:11.779,0.599800,3018.000,-0.096939,-0.120041,2.265525
2026-09-18T00:47:11.979,0.659700,2758.000,-0.056459,-0.103359,2.135981
2026-09-18T00:47:12.179,0.604700,2711.000,-0.044741,-0.090962,2.012455
2026-09-18T00:47:12.379,0.633500,2622.000,-0.071373,-0.108223,1.885040
2026-09-18T00:47:12.579,0.617500,2500.000,-0.014914,-0.147928,1.764815
2026-09-18T00:47:12.779,0.505900,2461.000,-0.060720,-0.186052,1.649855
2026-09-18T00:47:12.979,0.630800,2285.000,-0.078830,-0.189553,1.545437
2026-09-18T00:47:13.179,0.427800,2133.000,-0.055394,-0.159485,1.440350
2026-09-18T00:47:13.379,0.467200,2025.000,-0.046872,-0.132382,1.346047
2026-09-18T00:47:13.579,0.358200,1720.000,-0.043676,-0.086272,1.260969
2026-09-18T00:47:13.779,0.487900,1951.000,-0.040480,-0.021321,1.182682
2026-09-18T00:47:13.979,0.539800,3018.000,-0.026632,0.004029,1.088274
2026-09-18T00:47:14.179,0.332300,2318.000,-0.051133,0.046869,0.944253
2026-09-18T00:47:14.379,0.617200,2711.000,-0.019175,0.098109,0.839399
2026-09-18T00:47:14.579,0.725200,2857.000,0.002131,0.195990,0.727530
2026-09-18T00:47:14.779,0.656200,2909.000,0.042611,0.311427,0.620574
2026-09-18T00:47:14.979,0.611600,2461.000,0.102265,0.486681,0.546350
2026-09-18T00:47:15.179,0.723400,1860.000,0.268447,0.783500,0.589717
2026-09-18T00:47:15.379,0.650800,1777.000,0.175769,0.965689,0.674728
2026-09-18T00:47:15.579,0.298200,1176.000,-0.014914,1.061648,0.749754
2026-09-18T00:47:15.779,0.106900,751.000,0.026632,1.125884,0.869831
2026-09-18T00:47:15.979,0.064800,263.000,0.018109,1.141160,0.942961
2026-09-18T00:47:16.179,0.026900,263.000,-0.007457,1.155396,1.001865
2026-09-18T00:47:16.379,0.092200,263.000,-0.008522,1.171429,1.069408
2026-09-18T00:47:16.579,0.104700,-15.000,-0.023436,1.184950,1.125431
2026-09-18T00:47:16.779,0.055700,-313.000,-0.006392,1.191767,1.149254
2026-09-18T00:47:16.979,0.059200,-294.000,-0.007457,1.194809,1.154274
2026-09-18T00:47:17.179,0.105600,-258.000,-0.006392,1.194692,1.143037
2026-09-18T00:47:17.379,0.076800,-213.000,-0.005326,1.191499,1.118395
2026-09-18T00:47:17.579,0.042100,-168.000,-0.005326,1.188781,1.098094
2026-09-18T00:47:17.779,0.049200,-135.000,-0.007457,1.187186,1.086302
2026-09-18T00:47:17.979,0.017700,-122.000,0.000000,1.191014,1.101835
2026-09-18T00:47:18.179,0.038500,-121.000,-0.004261,1.194210,1.113708
2026-09-18T00:47:18.379,0.034200,-120.000,-0.005326,1.197728,1.128416
2026-09-18T00:47:18.579,0.051900,-118.000,-0.006392,1.200416,1.137139
2026-09-18T00:47:18.779,0.025300,-113.000,-0.004261,1.197270,1.115539
2026-09-18T00:47:18.979,0.060500,-119.000,-0.002131,1.195390,1.100149
2026-09-18T00:47:19.179,0.075100,-135.000,-0.003196,1.195157,1.094883
2026-09-18T00:47:19.379,0.082000,-143.000,-0.003196,1.194709,1.088239
2026-09-18T00:47:19.579,0.125600,-180.000,-0.001065,1.195637,1.088446
2026-09-18T00:47:19.779,0.071400,-209.000,-0.003196,1.191304,1.061769
2026-09-18T00:47:19.979,0.107700,-221.000,-0.005326,1.187796,1.042026
2026-09-18T00:47:20.179,0.049500,-159.000,-0.002131,1.185731,1.029692
2026-09-18T00:47:20.379,0.051200,-141.000,0.000000,1.176701,0.989424
2026-09-18T00:47:20.579,0.038500,-99.000,-0.001065,1.168638,0.956237
2026-09-18T00:47:20.779,0.057900,-99.000,-0.001065,1.162263,0.932351
2026-09-18T00:47:20.979,0.018400,0.000,0.000000,1.155333,0.907576
2026-09-18T00:47:21.179,0.048700,0.000,0.000000,1.159213,0.922749
2026-09-18T00:47:21.379,0.083700,0.000,0.000000,1.166816,0.952812
2026-09-18T00:47:21.579,0.018000,0.000,0.000000,1.179596,1.006848
2026-09-18T00:47:21.779,0.033600,0.000,0.000000,1.188141,1.046269
2026-09-18T00:47:21.979,0.019200,0.000,0.000000,1.189031,1.050813
2026-09-18T00:47:22.179,0.050000,0.000,0.000000,1.192799,1.069297
2026-09-18T00:47:22.379,0.013300,0.000,0.000000,1.193766,1.074153
2026-09-18T00:47:22.579,0.023800,0.000,0.000000,1.195565,1.083197
2026-09-18T00:47:22.779,0.023300,0.000,0.000000,1.198926,1.100385
2026-09-18T00:47:22.979,0.033600,0.000,0.000000,1.202765,1.120439
2026-09-18T00:47:23.179,0.057300,0.000,0.000000,1.206589,1.140974
2026-09-18T00:47:23.379,0.060700,0.000,0.000000,1.208291,1.150012
2026-09-18T00:47:23.579,0.019200,0.000,0.000000,1.206925,1.141871
2026-09-18T00:47:23.779,0.025100,0.000,0.000000,1.206255,1.137725
2026-09-18T00:47:23.979,0.019000,0.000,0.000000,1.206250,1.137374
2026-09-18T00:47:24.179,0.028200,0.000,0.000000,1.206089,1.136256
2026-09-18T00:47:24.379,0.028200,0.000,0.000000,1.208532,1.149650
2026-09-18T00:47:24.579,0.005800,0.000,0.000000,1.211991,1.168931
2026-09-18T00:47:24.779,0.012500,0.000,0.000000,1.213249,1.175608
2026-09-18T00:47:24.979,0.040700,0.000,0.000000,1.215461,1.187949
2026-09-18T00:47:25.179,0.070000,0.000,0.000000,1.215052,1.184575
2026-09-18T00:47:25.379,0.017700,0.000,0.000000,1.212232,1.167263
2026-09-18T00:47:25.579,0.018400,0.000,0.000000,1.208463,1.145438
2026-09-18T00:47:25.779,0.032000,0.000,0.000000,1.206049,1.131857
2026-09-18T00:47:25.979,0.052200,0.000,0.000000,1.206682,1.135125
2026-09-18T00:47:26.179,0.027300,0.000,0.000000,1.210172,1.154334
2026-09-18T00:47:26.379,0.034100,0.000,0.000000,1.212263,1.165871
2026-09-18T00:47:26.579,0.007600,0.000,0.000000,1.213869,1.174657
2026-09-18T00:47:26.779,0.020400,0.000,0.000000,1.213580,1.172253
2026-09-18T00:47:26.979,0.055200,0.000,0.000000,1.209896,1.150471
2026-09-18T00:47:27.179,0.036700,0.000,0.000000,1.206492,1.131175
2026-09-18T00:47:27.379,0.046900,0.000,0.000000,1.201400,1.103678
2026-09-18T00:47:27.579,0.021600,0.000,0.000000,1.200370,1.098258
2026-09-18T00:47:27.779,0.016500,0.000,0.000000,1.200141,1.097072
2026-09-18T00:47:27.979,0.037600,0.000,0.001065,2.813948,76.778137
2026-09-18T00:47:28.179,0.017300,0.000,0.000000,2.814451,76.781776
2026-09-18T00:47:28.379,0.033600,0.000,-0.001065,2.814626,76.782884
2026-09-18T00:47:28.579,0.073700,288.000,0.012783,2.814081,76.786702
2026-09-18T00:47:28.779,0.183000,761.000,0.025566,2.812100,76.807390
2026-09-18T00:47:28.979,0.245000,1221.000,0.103331,2.804223,76.846406
2026-09-18T00:47:29.179,0.368100,1777.000,0.151268,2.778468,76.903626
2026-09-18T00:47:29.379,0.505000,1927.000,0.182160,2.745006,76.981422
2026-09-18T00:47:29.579,0.620500,2622.000,0.231162,2.701572,77.071520
2026-09-18T00:47:29.779,0.652500,2758.000,0.278034,2.651207,77.186036
2026-09-18T00:47:29.979,0.795700,3200.000,0.312122,2.592905,77.308030
2026-09-18T00:47:30.179,0.840100,3076.000,0.345146,2.531684,77.433557
2026-09-18T00:47:30.379,0.616600,2666.000,0.270577,2.470986,77.548345
2026-09-18T00:47:30.579,0.520400,2500.000,0.233293,2.420159,77.639697
2026-09-18T00:47:30.779,0.676000,2318.000,0.266316,2.371940,77.720472
2026-09-18T00:47:30.979,0.590800,2758.000,0.270577,2.322973,77.814263
2026-09-18T00:47:31.179,0.653800,3018.000,0.354733,2.270758,77.923374
2026-09-18T00:47:31.379,0.805000,3265.000,0.415453,2.205314,78.041787
2026-09-18T00:47:31.579,1.123200,4324.000,0.515588,2.123685,78.154617
2026-09-18T00:47:31.779,1.176900,4324.000,0.608266,2.016138,78.253310
2026-09-18T00:47:31.979,1.334800,3809.000,0.494283,1.913030,78.350804
2026-09-18T00:47:32.179,1.101500,4000.000,0.372843,1.822915,78.429871
2026-09-18T00:47:32.379,0.963400,4210.000,0.366451,1.750512,78.509350
2026-09-18T00:47:32.579,0.671000,4705.000,0.329167,1.689094,78.583126
2026-09-18T00:47:32.779,0.976200,4324.000,0.301470,1.636129,78.643013
2026-09-18T00:47:32.979,1.045400,4444.000,0.368581,1.571218,78.682755
2026-09-18T00:47:33.179,1.133900,4102.000,0.298274,1.512275,78.709724
2026-09-18T00:47:33.379,0.929300,4000.000,0.385626,1.444076,78.719342
2026-09-18T00:47:33.579,0.787000,4000.000,0.154463,1.381771,78.712755
2026-09-18T00:47:33.779,1.143500,3333.000,0.150202,1.384091,78.692316
2026-09-18T00:47:33.979,0.446300,1666.000,0.044741,1.380681,78.677349
2026-09-18T00:47:34.179,0.257600,893.000,-0.014914,1.390306,78.672569
2026-09-18T00:47:34.379,0.175300,517.000,-0.025566,1.393644,78.676018
2026-09-18T00:47:34.579,0.131300,517.000,-0.018109,1.398163,78.681728
2026-09-18T00:47:34.779,0.176300,-796.000,-0.005326,1.403240,78.693238
2026-09-18T00:47:34.979,0.235200,-1176.000,-0.021305,1.410226,78.683336
2026-09-18T00:47:35.179,0.225200,-754.000,-0.027697,1.419906,78.678178
2026-09-18T00:47:35.379,0.094600,118.000,0.027697,1.425659,78.667528
2026-09-18T00:47:35.579,0.326800,2025.000,0.162985,1.421028,78.646570
2026-09-18T00:47:35.779,0.571800,2807.000,0.296144,1.374218,78.602365
2026-09-18T00:47:35.979,0.665000,3265.000,0.176834,1.330644,78.554876
2026-09-18T00:47:36.179,0.765300,1632.000,0.105461,1.306847,78.503873
2026-09-18T00:47:36.379,0.268800,-1126.000,0.072438,1.290967,78.481642
2026-09-18T00:47:36.579,0.135800,-2105.000,-0.039415,1.290405,78.506558
2026-09-18T00:47:36.779,0.468100,-2500.000,-0.086286,1.305242,78.530370
2026-09-18T00:47:36.979,0.776400,-3404.000,-0.109722,1.329296,78.560877
2026-09-18T00:47:37.179,0.674600,-4000.000,-0.139550,1.354737,78.591770
2026-09-18T00:47:37.379,0.795500,-4000.000,-0.209857,1.388857,78.616843
2026-09-18T00:47:37.579,1.128200,-4210.000,-0.110788,1.413505,78.635984
2026-09-18T00:47:37.779,0.604600,-3478.000,0.230097,1.422669,78.647247
2026-09-18T00:47:37.979,0.833000,-3018.000,0.191748,1.395253,78.660975
2026-09-18T00:47:38.179,0.713800,-3137.000,0.145941,1.369942,78.677696
2026-09-18T00:47:38.379,0.777100,-3076.000,0.010653,1.346107,78.697445
2026-09-18T00:47:38.579,0.663300,-2962.000,0.110788,1.328435,78.717331
2026-09-18T00:47:38.779,0.442200,-2711.000,0.119310,1.308177,78.740120
2026-09-18T00:47:38.979,0.618200,-2539.000,0.151268,1.278724,78.761709
2026-09-18T00:47:39.179,0.625300,-2711.000,0.136354,1.254719,78.787169
2026-09-18T00:47:39.379,0.622900,-2962.000,0.115049,1.228419,78.819213
2026-09-18T00:47:39.579,0.737800,-3018.000,0.150202,1.202772,78.857045
2026-09-18T00:47:39.779,0.691200,-2909.000,0.119310,1.176464,78.897172
2026-09-18T00:47:39.979,0.707000,-2807.000,0.120375,1.148654,78.939888
2026-09-18T00:47:40.179,0.650800,-2909.000,0.121440,1.123705,78.985507
2026-09-18T00:47:40.379,0.668100,-3137.000,0.151268,1.100205,79.035563
2026-09-18T00:47:40.579,0.683700,-3137.000,0.142745,1.071904,79.092221
2026-09-18T00:47:40.779,0.648000,-3076.000,0.124636,1.041386,79.153718
2026-09-18T00:47:40.979,0.696800,-3265.000,0.154463,1.016158,79.216218
2026-09-18T00:47:41.179,0.624800,-3200.000,0.160855,0.985927,79.284282
2026-09-18T00:47:41.380,0.742900,-3137.000,0.206661,0.954765,79.353273
2026-09-18T00:47:41.579,0.857500,-3333.000,0.184291,0.923224,79.427435
2026-09-18T00:47:41.779,0.700000,-3076.000,0.200270,0.891746,79.506745
2026-09-18T00:47:41.979,0.634100,-2758.000,0.140615,0.864404,79.582037
2026-09-18T00:47:42.179,0.557300,-1882.000,0.090547,0.847676,79.644908
2026-09-18T00:47:42.379,0.243200,-1777.000,0.079895,0.835623,79.664239
2026-09-18T00:47:42.579,0.364200,-1684.000,0.039415,0.828395,79.711026
2026-09-18T00:47:42.779,0.340800,-1467.000,0.012783,0.828029,79.753504
2026-09-18T00:47:42.979,0.269200,-1066.000,0.021305,0.830411,79.788096
2026-09-18T00:47:43.179,0.063900,223.000,0.000000,0.833837,79.802591
2026-09-18T00:47:43.379,0.269700,1797.000,0.029827,0.833704,79.771720
2026-09-18T00:47:43.579,0.607500,2758.000,0.018109,0.831287,79.710640
2026-09-18T00:47:43.779,0.526700,3076.000,0.036219,0.828797,79.633214
2026-09-18T00:47:43.979,0.852800,3555.000,0.042611,0.821165,79.547415
2026-09-18T00:47:44.179,0.782000,3333.000,0.112918,0.818058,79.453472
2026-09-18T00:47:44.379,0.830400,3265.000,0.038350,0.806935,79.358436
2026-09-18T00:47:44.579,0.724800,3018.000,0.085221,0.796199,79.260158
2026-09-18T00:47:44.779,0.651600,2857.000,0.058590,0.783661,79.172027
2026-09-18T00:47:44.979,0.656400,2253.000,0.061785,0.774200,79.071406
2026-09-18T00:47:45.179,0.446300,2711.000,-0.044741,0.764968,78.987389
2026-09-18T00:47:45.379,0.404700,1103.000,0.023436,0.758853,78.914614
2026-09-18T00:47:45.579,0.279300,1038.000,0.046872,0.755872,78.871148
2026-09-18T00:47:45.779,0.223000,772.000,0.026632,0.753836,78.855177
2026-09-18T00:47:45.979,0.108900,553.000,0.020240,0.755568,78.831439
2026-09-18T00:47:46.179,0.054100,780.000,0.033023,0.754788,78.783915
2026-09-18T00:47:46.379,0.227000,1454.000,0.142745,0.744995,78.737324
2026-09-18T00:47:46.579,0.491500,2580.000,0.243946,0.711653,78.662469
2026-09-18T00:47:46.779,0.775000,3404.000,0.246076,0.660180,78.560590
2026-09-18T00:47:46.979,0.964500,4571.000,0.262055,0.604510,78.419586
2026-09-18T00:47:47.179,0.750300,4571.000,0.351537,0.541239,78.258639
2026-09-18T00:47:47.379,0.717600,4571.000,0.299339,0.478524,78.105419
2026-09-18T00:47:47.579,0.685500,4444.000,0.317449,0.419395,77.941819
2026-09-18T00:47:47.779,0.710200,3809.000,0.353668,0.360908,77.779579
2026-09-18T00:47:47.979,0.950900,3636.000,0.368581,0.281713,77.642967
2026-09-18T00:47:48.179,1.159500,4210.000,0.458064,0.198019,77.492031
2026-09-18T00:47:48.379,1.224700,5000.000,0.453803,0.099856,77.308738
2026-09-18T00:47:48.579,1.412300,6153.000,0.706270,-0.007502,77.084478
2026-09-18T00:47:48.779,1.433300,5333.000,0.833037,-0.140699,76.847446
2026-09-18T00:47:48.979,1.640900,6956.000,0.680704,-0.291673,76.556175
2026-09-18T00:47:49.179,1.595300,5161.000,0.532632,-0.426375,76.262313
2026-09-18T00:47:49.379,1.141400,4705.000,0.340885,-0.580437,76.031735
2026-09-18T00:47:49.579,1.200000,4210.000,0.168312,-0.694456,75.839443
2026-09-18T00:47:49.779,1.434500,3636.000,-0.090547,-0.729234,75.715939
2026-09-18T00:47:49.979,0.745200,3265.000,-0.014914,-0.764889,75.627213
2026-09-18T00:47:50.179,0.888400,3076.000,-0.054328,-0.790475,75.516084
2026-09-18T00:47:50.379,0.683100,2857.000,-0.090547,-0.796802,75.416390
2026-09-18T00:47:50.579,0.766200,3265.000,-0.202400,-0.760483,75.315720
2026-09-18T00:47:50.779,0.690100,3265.000,-0.266316,-0.706295,75.210690
2026-09-18T00:47:50.979,0.677600,3076.000,-0.257794,-0.652299,75.098937
2026-09-18T00:47:51.179,0.726400,3137.000,-0.301470,-0.592840,74.983503
2026-09-18T00:47:51.379,0.694500,3478.000,-0.263120,-0.529910,74.857288
2026-09-18T00:47:51.579,0.709900,3265.000,-0.269512,-0.472585,74.720676
2026-09-18T00:47:51.779,0.700000,3404.000,-0.317449,-0.411310,74.582407
2026-09-18T00:47:51.979,0.817500,4210.000,-0.410127,-0.336946,74.414646
2026-09-18T00:47:52.179,0.906500,4571.000,-0.392017,-0.251474,74.217684
2026-09-18T00:47:52.379,1.114500,4444.000,-0.321710,-0.174962,74.006076
2026-09-18T00:47:52.579,0.947600,4444.000,-0.236489,-0.117605,73.802620
2026-09-18T00:47:52.779,1.093200,4705.000,-0.234358,-0.074850,73.594170
2026-09-18T00:47:52.979,0.815600,4848.000,-0.170442,-0.030128,73.381423
2026-09-18T00:47:53.179,0.901800,4324.000,-0.193878,0.012335,73.157113
2026-09-18T00:47:53.379,1.056000,4705.000,-0.183225,0.059526,72.938769
2026-09-18T00:47:53.579,1.133800,5000.000,-0.171508,0.108205,72.705768
2026-09-18T00:47:53.779,1.181600,5161.000,-0.249272,0.161227,72.470106
2026-09-18T00:47:53.979,1.119800,5000.000,-0.199204,0.217247,72.241796
2026-09-18T00:47:54.179,1.218300,4705.000,-0.129962,0.265088,72.022485
2026-09-18T00:47:54.379,1.026100,4444.000,-0.200270,0.307833,71.817823
2026-09-18T00:47:54.579,0.923900,4102.000,-0.068177,0.345721,71.628274
2026-09-18T00:47:54.779,0.868700,3333.000,0.088417,0.350759,71.464479
2026-09-18T00:47:54.979,0.602800,3018.000,0.165116,0.327201,71.321474
2026-09-18T00:47:55.179,0.599200,3018.000,0.086286,0.300510,71.191346
2026-09-18T00:47:55.379,0.618400,3076.000,0.078830,0.278242,71.053037
2026-09-18T00:47:55.579,0.634200,3018.000,0.160855,0.251828,70.924796
2026-09-18T00:47:55.779,0.691500,3200.000,0.123571,0.221914,70.794563
2026-09-18T00:47:55.979,0.790000,3333.000,0.102265,0.195099,70.658198
2026-09-18T00:47:56.179,0.827500,3333.000,0.176834,0.164862,70.515781
2026-09-18T00:47:56.379,0.832700,3478.000,0.186421,0.128768,70.370556
2026-09-18T00:47:56.579,0.742800,3555.000,0.168312,0.094834,70.219658
2026-09-18T00:47:56.779,0.855400,3636.000,0.171508,0.056185,70.075457
2026-09-18T00:47:56.979,0.833200,3809.000,0.142745,0.018144,69.918175
2026-09-18T00:47:57.179,1.007000,4000.000,0.167247,-0.017122,69.753895
2026-09-18T00:47:57.379,0.925500,4000.000,0.200270,-0.057616,69.592767
2026-09-18T00:47:57.579,0.904700,3809.000,0.129962,-0.096750,69.431078
2026-09-18T00:47:57.779,0.854800,3809.000,0.207727,-0.131495,69.263761
2026-09-18T00:47:57.979,0.921600,3902.000,0.193878,-0.171748,69.097490
2026-09-18T00:47:58.179,0.953600,4324.000,0.188552,-0.211257,68.924693
2026-09-18T00:47:58.379,0.975000,4210.000,0.157659,-0.261011,68.748676
2026-09-18T00:47:58.579,0.911200,4102.000,0.113983,-0.295519,68.575709
2026-09-18T00:47:58.779,1.086000,4102.000,0.181095,-0.327990,68.409602
2026-09-18T00:47:58.979,1.066800,4210.000,0.169377,-0.366053,68.242983
2026-09-18T00:47:59.179,0.993400,4000.000,0.159790,-0.399925,68.078514
2026-09-18T00:47:59.379,0.837400,3404.000,0.101200,-0.425453,67.929555
2026-09-18T00:47:59.579,0.706800,3200.000,0.111853,-0.443602,67.792544
2026-09-18T00:47:59.779,0.765600,3076.000,0.012783,-0.455552,67.666320
2026-09-18T00:47:59.979,0.716000,3018.000,-0.012783,-0.458142,67.545475
2026-09-18T00:48:00.179,0.650800,2807.000,0.003196,-0.464993,67.424563
2026-09-18T00:48:00.379,0.645000,2909.000,-0.030893,-0.459396,67.308561
2026-09-18T00:48:00.579,0.587500,2807.000,0.011718,-0.454847,67.190577
2026-09-18T00:48:00.779,0.709000,2857.000,-0.022371,-0.449127,67.072296
2026-09-18T00:48:00.979,0.522100,2622.000,-0.058590,-0.444497,66.951850
2026-09-18T00:48:01.179,0.644100,2666.000,-0.067112,-0.437631,66.839715
2026-09-18T00:48:01.379,0.543000,2857.000,-0.076699,-0.419910,66.720886
2026-09-18T00:48:01.579,0.597100,3018.000,-0.077764,-0.407417,66.591594
2026-09-18T00:48:01.779,0.735800,3265.000,-0.072438,-0.392705,66.457439
2026-09-18T00:48:01.979,0.717200,3265.000,-0.108657,-0.371407,66.315825
2026-09-18T00:48:02.179,0.866900,3200.000,-0.123571,-0.350512,66.170150
2026-09-18T00:48:02.379,0.690000,3200.000,-0.102265,-0.333523,66.027877
2026-09-18T00:48:02.579,0.688500,3200.000,-0.123571,-0.312542,65.887520
2026-09-18T00:48:02.779,0.689700,3018.000,-0.099070,-0.286897,65.744730
2026-09-18T00:48:02.979,0.846200,3137.000,-0.109722,-0.262152,65.599339
2026-09-18T00:48:03.179,0.847700,3333.000,-0.138484,-0.234756,65.454067
2026-09-18T00:48:03.379,0.688000,3265.000,-0.128897,-0.206630,65.305492
2026-09-18T00:48:03.579,0.658800,3404.000,-0.175769,-0.171055,65.148694
2026-09-18T00:48:03.779,0.797300,3809.000,-0.230097,-0.134467,64.988456
2026-09-18T00:48:03.979,0.906700,3809.000,-0.197074,-0.100223,64.821202
2026-09-18T00:48:04.179,0.829400,3636.000,-0.101200,-0.060163,64.646574
2026-09-18T00:48:04.379,0.713500,3200.000,-0.089482,-0.039384,64.489517
2026-09-18T00:48:04.579,0.781700,3265.000,-0.095874,-0.017739,64.337750
2026-09-18T00:48:04.779,0.758600,3137.000,-0.121440,-0.000798,64.197002
2026-09-18T00:48:04.979,0.565800,3200.000,-0.112918,0.019114,64.057576
2026-09-18T00:48:05.179,0.645400,3018.000,-0.103331,0.030842,63.914332
2026-09-18T00:48:05.379,0.639600,2962.000,-0.066046,0.045069,63.785287
2026-09-18T00:48:05.579,0.684500,3076.000,-0.037284,0.059808,63.651111
2026-09-18T00:48:05.779,0.699900,3265.000,-0.118244,0.075548,63.502399
2026-09-18T00:48:05.979,0.765500,3333.000,-0.127832,0.087581,63.357358
2026-09-18T00:48:06.179,0.715400,3333.000,-0.089482,0.103200,63.207551
2026-09-18T00:48:06.379,0.773700,3200.000,-0.036219,0.122079,63.055585
2026-09-18T00:48:06.579,0.703300,3333.000,-0.068177,0.120323,62.913926
2026-09-18T00:48:06.779,0.681600,3555.000,-0.080960,0.127082,62.757667
2026-09-18T00:48:06.979,0.704800,3636.000,0.025566,0.133729,62.599127
2026-09-18T00:48:07.179,0.838600,3555.000,0.018109,0.136483,62.439010
2026-09-18T00:48:07.379,0.944400,3555.000,-0.057524,0.135200,62.278529
2026-09-18T00:48:07.579,0.963500,3478.000,0.091613,0.132574,62.123735
2026-09-18T00:48:07.779,0.661000,3404.000,0.100135,0.121698,61.965856
2026-09-18T00:48:07.979,0.778100,3333.000,0.075634,0.111270,61.820630
2026-09-18T00:48:08.179,0.963400,3478.000,0.020240,0.101367,61.671545
2026-09-18T00:48:08.379,0.799400,3636.000,-0.002131,0.091626,61.518650
2026-09-18T00:48:08.579,0.812200,3265.000,-0.009587,0.084320,61.369263
2026-09-18T00:48:08.779,0.698100,3333.000,0.074569,0.080816,61.223334
2026-09-18T00:48:08.979,0.664200,3200.000,0.064981,0.072832,61.079584
2026-09-18T00:48:09.179,0.770700,3333.000,0.015979,0.069007,60.943761
2026-09-18T00:48:09.379,0.791500,3018.000,0.019175,0.063391,60.802115
2026-09-18T00:48:09.579,0.557500,3137.000,0.026632,0.057252,60.666595
2026-09-18T00:48:09.779,0.639800,3137.000,0.011718,0.051327,60.537059
2026-09-18T00:48:09.979,0.799100,2909.000,0.051133,0.041983,60.414901
2026-09-18T00:48:10.179,0.566100,2807.000,0.010653,0.036227,60.290310
2026-09-18T00:48:10.379,0.685000,2962.000,-0.017044,0.030416,60.172679
2026-09-18T00:48:10.579,0.711600,2758.000,0.017044,0.029652,60.050397
2026-09-18T00:48:10.779,0.640000,2857.000,0.049002,0.022972,59.930686
2026-09-18T00:48:10.979,0.737500,3018.000,0.013848,0.012657,59.809918
2026-09-18T00:48:11.179,0.715500,3076.000,0.055394,0.010620,59.676276
2026-09-18T00:48:11.379,0.781700,3137.000,0.011718,0.006892,59.533520
2026-09-18T00:48:11.579,0.845200,3404.000,0.013848,-0.001751,59.387821
2026-09-18T00:48:11.779,0.743800,3333.000,-0.028762,-0.006402,59.242592
2026-09-18T00:48:11.979,0.655600,3265.000,-0.012783,-0.007359,59.095700
2026-09-18T00:48:12.179,0.681100,3333.000,-0.010653,-0.005970,58.943066
2026-09-18T00:48:12.379,0.679200,3200.000,-0.017044,-0.005441,58.793701
2026-09-18T00:48:12.579,0.732300,3333.000,0.041545,-0.008932,58.642990
2026-09-18T00:48:12.779,0.916700,3333.000,0.005326,-0.008864,58.489881
2026-09-18T00:48:12.979,0.728400,3404.000,-0.020240,-0.011770,58.343403
2026-09-18T00:48:13.179,0.689600,3333.000,0.021305,-0.017092,58.197611
2026-09-18T00:48:13.379,0.779300,3404.000,0.017044,-0.020159,58.047530
2026-09-18T00:48:13.579,0.903400,3478.000,0.039415,-0.025218,57.893715
2026-09-18T00:48:13.779,0.812200,3478.000,0.030893,-0.026896,57.737731
2026-09-18T00:48:13.979,0.772200,3333.000,0.000000,-0.031947,57.586310
2026-09-18T00:48:14.179,0.685400,3200.000,0.012783,-0.034577,57.441286
2026-09-18T00:48:14.379,0.690600,3200.000,-0.009587,-0.037398,57.298823
2026-09-18T00:48:14.579,0.628700,3018.000,0.028762,-0.045676,57.162341
2026-09-18T00:48:14.779,0.684500,2909.000,0.039415,-0.049163,57.028730
2026-09-18T00:48:14.979,0.576600,2909.000,0.002131,-0.051217,56.899568
2026-09-18T00:48:15.179,0.649000,2857.000,0.041545,-0.052497,56.769138
2026-09-18T00:48:15.379,0.772700,2857.000,0.106526,-0.053604,56.642295
2026-09-18T00:48:15.579,0.586600,2580.000,-0.031958,-0.056071,56.513771
2026-09-18T00:48:15.779,0.559400,2711.000,0.000000,-0.055165,56.395534
2026-09-18T00:48:15.979,0.659700,2807.000,0.000000,-0.056392,56.269482
2026-09-18T00:48:16.179,0.734600,2857.000,-0.002131,-0.058818,56.148576
2026-09-18T00:48:16.379,0.729000,3018.000,0.017044,-0.062836,56.021020
2026-09-18T00:48:16.579,0.697200,3137.000,0.044741,-0.064849,55.889336
2026-09-18T00:48:16.779,0.668800,3137.000,-0.022371,-0.068880,55.754706
2026-09-18T00:48:16.979,0.654000,2962.000,0.012783,-0.069858,55.616967
2026-09-18T00:48:17.179,0.572100,3076.000,0.018109,-0.072845,55.484855
2026-09-18T00:48:17.379,0.668200,3018.000,0.010653,-0.075764,55.354136
2026-09-18T00:48:17.579,0.770500,3076.000,0.004261,-0.075523,55.219317
2026-09-18T00:48:17.779,0.700700,2962.000,0.005326,-0.079930,55.090863
2026-09-18T00:48:17.979,0.695500,3018.000,0.007457,-0.082830,54.962259
2026-09-18T00:48:18.179,0.668000,2857.000,0.003196,-0.089558,54.834140
2026-09-18T00:48:18.379,0.683800,2807.000,-0.017044,-0.091196,54.706078
2026-09-18T00:48:18.579,0.752000,2962.000,0.029827,-0.092361,54.570887
2026-09-18T00:48:18.779,0.659200,2807.000,0.003196,-0.094209,54.440525
2026-09-18T00:48:18.979,0.544500,2857.000,0.046872,-0.099538,54.308885
2026-09-18T00:48:19.179,0.609800,2807.000,-0.017044,-0.098844,54.173267
2026-09-18T00:48:19.379,0.688000,3018.000,-0.028762,-0.098109,54.033740
2026-09-18T00:48:19.579,0.729300,3265.000,-0.017044,-0.098277,53.886878
2026-09-18T00:48:19.779,0.549600,3076.000,-0.026632,-0.098270,53.740427
2026-09-18T00:48:19.979,0.650900,3200.000,-0.022371,-0.096037,53.590669
2026-09-18T00:48:20.179,0.743300,3265.000,-0.037284,-0.093312,53.433496
2026-09-18T00:48:20.379,0.733200,3265.000,-0.038350,-0.089693,53.274536
2026-09-18T00:48:20.579,0.798500,3137.000,-0.007457,-0.088080,53.119808
2026-09-18T00:48:20.779,0.652700,3265.000,-0.061785,-0.088838,52.973748
2026-09-18T00:48:20.979,0.601400,3076.000,-0.004261,-0.085349,52.835207
2026-09-18T00:48:21.179,0.660600,2962.000,0.003196,-0.090965,52.698155
2026-09-18T00:48:21.379,0.638000,3018.000,-0.012783,-0.094102,52.560751
2026-09-18T00:48:21.579,0.731800,3076.000,0.006392,-0.091428,52.425621
2026-09-18T00:48:21.779,0.591600,2807.000,0.004261,-0.093237,52.298584
2026-09-18T00:48:21.979,0.568700,2857.000,0.017044,-0.097830,52.177169
2026-09-18T00:48:22.179,0.568100,3018.000,-0.021305,-0.101348,52.057701
2026-09-18T00:48:22.379,0.560700,2857.000,0.029827,-0.103013,51.930859
2026-09-18T00:48:22.579,0.671800,2909.000,-0.013848,-0.107414,51.799668
2026-09-18T00:48:22.779,0.644200,2857.000,-0.018109,-0.110967,51.678136
2026-09-18T00:48:22.979,0.507700,2758.000,-0.013848,-0.121020,51.560513
2026-09-18T00:48:23.179,0.643700,2909.000,0.073503,-0.121733,51.437293
2026-09-18T00:48:23.379,0.785700,3200.000,0.000000,-0.125886,51.299026
2026-09-18T00:48:23.579,0.714700,3076.000,0.058590,-0.125661,51.152946
2026-09-18T00:48:23.779,0.750500,3200.000,0.063916,-0.130624,51.007180
2026-09-18T00:48:23.979,0.682400,3076.000,0.082025,-0.131491,50.869117
2026-09-18T00:48:24.179,0.723400,3018.000,-0.051133,-0.135327,50.732755
2026-09-18T00:48:24.379,0.791800,3018.000,-0.010653,-0.134679,50.599590
2026-09-18T00:48:24.579,0.665300,2909.000,0.010653,-0.134212,50.469362
2026-09-18T00:48:24.779,0.705500,3018.000,-0.052198,-0.136079,50.334553
2026-09-18T00:48:24.979,0.623800,2857.000,0.000000,-0.131336,50.199331
2026-09-18T00:48:25.179,0.708800,3076.000,-0.007457,-0.133176,50.067982
2026-09-18T00:48:25.379,0.664300,3076.000,0.022371,-0.134012,49.926529
2026-09-18T00:48:25.579,0.648500,3076.000,0.044741,-0.132915,49.786041
2026-09-18T00:48:25.779,0.654500,3018.000,-0.042611,-0.130708,49.650985
2026-09-18T00:48:25.979,0.798900,2962.000,-0.012783,-0.132381,49.518855
2026-09-18T00:48:26.179,0.705900,2962.000,-0.018109,-0.134841,49.387903
2026-09-18T00:48:26.379,0.687700,2758.000,0.070307,-0.131411,49.253186
2026-09-18T00:48:26.579,0.678900,2807.000,0.030893,-0.129788,49.121260
2026-09-18T00:48:26.779,0.765800,3018.000,0.039415,-0.129488,48.994595
2026-09-18T00:48:26.979,0.685200,2857.000,-0.033023,-0.134297,48.863338
2026-09-18T00:48:27.179,0.668700,2758.000,0.037284,-0.132416,48.733039
2026-09-18T00:48:27.379,0.690100,2807.000,0.034088,-0.128785,48.598425
2026-09-18T00:48:27.579,0.668300,2711.000,0.093743,-0.129291,48.467903
2026-09-18T00:48:27.779,0.636400,3076.000,0.099070,-0.127186,48.332524
2026-09-18T00:48:27.980,0.576200,2857.000,0.039415,-0.121404,48.200478
2026-09-18T00:48:28.179,0.633400,2807.000,0.011718,-0.116284,48.065926
2026-09-18T00:48:28.379,0.590900,2962.000,-0.075634,-0.108225,47.925992
2026-09-18T00:48:28.579,0.618600,2666.000,-0.005326,-0.106682,47.799663
2026-09-18T00:48:28.779,0.710300,2758.000,0.062851,-0.107235,47.672548
2026-09-18T00:48:28.979,0.548000,2666.000,-0.001065,-0.106156,47.551217
2026-09-18T00:48:29.179,0.375200,2539.000,-0.006392,-0.104436,47.440116
2026-09-18T00:48:29.379,0.613800,2539.000,0.029827,-0.102572,47.327636
2026-09-18T00:48:29.579,0.779500,1882.000,-0.022371,-0.099793,47.209505
2026-09-18T00:48:29.779,0.407600,1403.000,-0.017044,-0.104561,47.136207
2026-09-18T00:48:29.979,0.235400,-658.000,-0.020240,-0.105448,47.151071
2026-09-18T00:48:30.179,0.065900,-2105.000,-0.023436,-0.105059,47.258900
2026-09-18T00:48:30.379,0.161200,-2222.000,-0.003196,-0.102461,47.273468
2026-09-18T00:48:30.579,0.339600,-2857.000,-0.035154,-0.099720,47.378125
2026-09-18T00:48:30.779,0.417400,-2758.000,0.063916,-0.107291,47.502382
2026-09-18T00:48:30.979,0.773900,-3018.000,-0.043676,-0.104431,47.615660
2026-09-18T00:48:31.179,0.669800,-3404.000,-0.015979,-0.105488,47.742919
2026-09-18T00:48:31.379,0.770300,-3636.000,-0.005326,-0.104240,47.887408
2026-09-18T00:48:31.579,0.828200,-3555.000,0.018109,-0.100875,48.033397
2026-09-18T00:48:31.779,0.697900,-2461.000,-0.037284,-0.102094,48.156579
2026-09-18T00:48:31.979,0.445200,-864.000,-0.091613,-0.098283,48.260145
2026-09-18T00:48:32.179,0.318900,-1649.000,0.013848,-0.091810,48.336667
2026-09-18T00:48:32.379,0.180300,165.000,-0.013848,-0.092803,48.363818
2026-09-18T00:48:32.579,0.361000,1777.000,-0.036219,-0.093157,48.305576
2026-09-18T00:48:32.779,0.767600,3265.000,-0.147006,-0.086819,48.194499
2026-09-18T00:48:32.979,0.734300,3137.000,-0.091613,-0.067480,48.060642
2026-09-18T00:48:33.179,0.593000,2539.000,0.074569,-0.059400,47.941263
2026-09-18T00:48:33.379,0.436500,-352.000,0.004261,-0.062830,47.874337
2026-09-18T00:48:33.579,0.169100,-1797.000,-0.011718,-0.068844,47.948107
2026-09-18T00:48:33.779,0.233800,-2133.000,-0.010653,-0.070304,48.054441
2026-09-18T00:48:33.979,0.431200,-2580.000,-0.003196,-0.069776,48.157632
2026-09-18T00:48:34.179,0.642400,-3200.000,0.000000,-0.064912,48.278825
2026-09-18T00:48:34.379,0.919000,-3555.000,-0.012783,-0.062665,48.422178
2026-09-18T00:48:34.579,0.904100,-3720.000,-0.043676,-0.045271,48.560581
2026-09-18T00:48:34.779,0.816500,-3902.000,-0.223706,-0.029768,48.712806
2026-09-18T00:48:34.979,0.858200,-3265.000,-0.291882,0.008344,48.865735
2026-09-18T00:48:35.179,0.806700,-3333.000,-0.230097,0.058856,49.001878
2026-09-18T00:48:35.379,0.875000,-3404.000,-0.127832,0.101488,49.143971
2026-09-18T00:48:35.579,0.786800,-2857.000,-0.131028,0.128184,49.277375
2026-09-18T00:48:35.779,0.436100,-2133.000,0.009587,0.141065,49.378827
2026-09-18T00:48:35.979,0.135900,435.000,-0.055394,0.126510,49.421061
2026-09-18T00:48:36.179,0.443800,2318.000,-0.204531,0.151301,49.346791
2026-09-18T00:48:36.379,0.565900,3555.000,-0.337689,0.206961,49.221366
2026-09-18T00:48:36.579,0.746900,3636.000,-0.211988,0.270468,49.079206
2026-09-18T00:48:36.779,0.907800,3404.000,-0.150202,0.301325,48.936307
2026-09-18T00:48:36.979,0.812300,2711.000,-0.073503,0.324406,48.820277
2026-09-18T00:48:37.179,0.514500,2461.000,-0.079895,0.344267,48.715394
2026-09-18T00:48:37.379,0.531200,2461.000,-0.066046,0.363457,48.614926
2026-09-18T00:48:37.579,0.372300,2000.000,-0.052198,0.378619,48.524840
2026-09-18T00:48:37.779,0.334200,1720.000,-0.017044,0.387617,48.449698
2026-09-18T00:48:37.979,0.415400,1428.000,-0.050067,0.398557,48.377238
2026-09-18T00:48:38.179,0.289000,1259.000,-0.035154,-0.623549,6.827671
2026-09-18T00:48:38.379,0.212800,1134.000,-0.029827,-0.620205,6.790346
2026-09-18T00:48:38.579,0.189600,1322.000,-0.011718,-0.619919,6.752316
2026-09-18T00:48:38.779,0.149700,1250.000,-0.049002,-0.617368,6.702966
2026-09-18T00:48:38.979,0.412300,2162.000,-0.107592,-0.611741,6.642457
2026-09-18T00:48:39.179,0.663500,3018.000,-0.105461,-0.597875,6.535852
2026-09-18T00:48:39.379,0.738500,3076.000,-0.162985,-0.582282,6.404132
2026-09-18T00:48:39.579,0.782900,2962.000,-0.259925,-0.544647,6.280702
2026-09-18T00:48:39.779,0.547800,2909.000,-0.206661,-0.508956,6.166856
2026-09-18T00:48:39.979,0.669100,2711.000,-0.190682,-0.474935,6.058162
2026-09-18T00:48:40.179,0.542700,2711.000,-0.208792,-0.437402,5.953642
2026-09-18T00:48:40.379,0.372800,2711.000,-0.224771,-0.399558,5.846469
2026-09-18T00:48:40.579,0.699600,2857.000,-0.210922,-0.356722,5.732978
2026-09-18T00:48:40.779,0.632500,3018.000,-0.263120,-0.313064,5.607579
2026-09-18T00:48:40.979,0.670200,2962.000,-0.316384,-0.261945,5.473051
2026-09-18T00:48:41.179,0.738200,2909.000,-0.298274,-0.209783,5.336488
2026-09-18T00:48:41.379,0.567800,2807.000,-0.203466,-0.157915,5.199219
2026-09-18T00:48:41.579,0.658000,2758.000,-0.239684,-0.108908,5.066710
2026-09-18T00:48:41.779,0.639900,2857.000,-0.288687,-0.060241,4.936736
2026-09-18T00:48:41.979,0.486700,2807.000,-0.276969,-0.009465,4.805194
2026-09-18T00:48:42.179,0.650400,2962.000,-0.268447,0.043427,4.665291
2026-09-18T00:48:42.379,0.407300,3333.000,-0.345146,0.104850,4.515729
2026-09-18T00:48:42.579,0.879500,3265.000,-0.263120,0.171766,4.360230
2026-09-18T00:48:42.779,0.653600,2962.000,-0.314253,0.239461,4.201052
2026-09-18T00:48:42.979,0.594100,2857.000,-0.248207,0.278924,4.063508
2026-09-18T00:48:43.179,0.510900,2622.000,-0.187487,0.327046,3.932174
2026-09-18T00:48:43.379,0.525200,2758.000,-0.170442,0.372260,3.806712
2026-09-18T00:48:43.579,0.537400,2622.000,-0.168312,0.412329,3.686999
2026-09-18T00:48:43.779,0.581600,2461.000,-0.165116,0.447405,3.576382
2026-09-18T00:48:43.979,0.446400,2424.000,-0.078830,0.477990,3.477416
2026-09-18T00:48:44.179,0.417100,2539.000,-0.051133,0.509304,3.377449
2026-09-18T00:48:44.379,0.456200,2539.000,-0.039415,0.536417,3.280577
2026-09-18T00:48:44.579,0.458000,2580.000,-0.069242,0.565890,3.184298
2026-09-18T00:48:44.779,0.571100,2711.000,-0.049002,0.593016,3.088861
2026-09-18T00:48:44.979,0.520300,2622.000,-0.005326,0.613838,2.994868
2026-09-18T00:48:45.179,0.577100,2962.000,0.014914,0.634729,2.897783
2026-09-18T00:48:45.379,0.701300,3200.000,0.015979,0.655878,2.797965
2026-09-18T00:48:45.579,0.735500,3137.000,0.070307,0.673887,2.699977
2026-09-18T00:48:45.779,0.764400,2962.000,0.060720,0.686129,2.606048
2026-09-18T00:48:45.979,0.740300,3137.000,0.084156,0.697029,2.521142
2026-09-18T00:48:46.179,0.809900,2962.000,0.202400,0.698572,2.437411
2026-09-18T00:48:46.379,0.714500,2857.000,0.219444,0.684089,2.355231
2026-09-18T00:48:46.579,0.686500,2909.000,0.251402,0.658694,2.281348
2026-09-18T00:48:46.779,0.704000,2857.000,0.332363,0.635569,2.210683
2026-09-18T00:48:46.979,0.759600,2807.000,0.264186,0.604318,2.141166
2026-09-18T00:48:47.179,0.886400,2962.000,0.282295,0.571735,2.078536
2026-09-18T00:48:47.379,0.721000,2666.000,0.299339,0.537251,2.011748
2026-09-18T00:48:47.579,0.825100,2758.000,0.288687,0.503920,1.948163
2026-09-18T00:48:47.779,0.547500,2539.000,0.273773,0.467876,1.881817
2026-09-18T00:48:47.979,0.634900,2758.000,0.281230,0.430907,1.809804
2026-09-18T00:48:48.179,0.688000,2909.000,0.276969,0.386431,1.727987
2026-09-18T00:48:48.379,0.687900,3200.000,0.411192,0.338505,1.631374
2026-09-18T00:48:48.579,0.821800,3076.000,0.376038,0.285569,1.522916
2026-09-18T00:48:48.779,0.991000,3200.000,0.323840,0.217036,1.417881
2026-09-18T00:48:48.979,0.910100,2711.000,0.377104,0.156330,1.312901
2026-09-18T00:48:49.179,0.823800,2318.000,0.332363,0.083359,1.223836
2026-09-18T00:48:49.379,0.580200,2253.000,0.284426,0.008455,1.142671
2026-09-18T00:48:49.579,0.494500,2133.000,0.238619,-0.061253,1.068294
2026-09-18T00:48:49.779,0.506300,2285.000,0.268447,-0.141553,0.986885
2026-09-18T00:48:49.979,0.320900,2162.000,0.243946,-0.231273,0.905971
2026-09-18T00:48:50.179,0.639900,1951.000,0.258859,-0.338032,0.822166
2026-09-18T00:48:50.379,0.576800,1975.000,0.253533,-0.464127,0.742146
2026-09-18T00:48:50.579,0.637500,2253.000,0.311057,-0.614983,0.669948
2026-09-18T00:48:50.779,0.660000,2539.000,0.289752,-0.834565,0.589647
2026-09-18T00:48:50.979,0.773000,2962.000,0.394148,-1.125622,0.531623
2026-09-18T00:48:51.179,0.678000,2807.000,0.243946,-1.472912,0.516115
2026-09-18T00:48:51.379,0.743800,2580.000,0.319579,-1.778068,0.548088
2026-09-18T00:48:51.579,0.730600,2388.000,0.350472,-2.070820,0.609352
2026-09-18T00:48:51.779,0.665100,2253.000,0.355798,-2.306481,0.699278
2026-09-18T00:48:51.979,0.538300,2352.000,0.266316,-2.498082,0.807826
2026-09-18T00:48:52.179,0.450100,2424.000,0.349407,-2.643899,0.930690
2026-09-18T00:48:52.379,0.659000,2077.000,0.323840,-2.770496,1.062576
2026-09-18T00:48:52.579,0.549700,2318.000,0.246076,-2.868233,1.190502
2026-09-18T00:48:52.779,0.539700,2285.000,0.292948,-2.956222,1.323693
2026-09-18T00:48:52.979,0.630300,2388.000,0.340885,-3.040626,1.465510
2026-09-18T00:48:53.179,0.621700,2191.000,0.400539,-3.133085,1.615432
2026-09-18T00:48:53.379,0.733400,2388.000,0.317449,3.055845,1.773327
2026-09-18T00:48:53.579,0.545700,2318.000,0.172573,2.976314,1.925224
2026-09-18T00:48:53.779,0.667900,2461.000,0.284426,2.910887,2.067446
2026-09-18T00:48:53.979,0.669600,2285.000,0.414388,2.843808,2.213167
2026-09-18T00:48:54.179,0.573300,2500.000,0.352603,2.784804,2.353730
2026-09-18T00:48:54.379,0.566100,2500.000,0.398409,2.718285,2.491965
2026-09-18T00:48:54.579,0.782700,2622.000,0.373908,2.656029,2.634416
2026-09-18T00:48:54.779,0.785400,2539.000,0.402670,2.591774,2.774305
2026-09-18T00:48:54.979,0.687200,2807.000,0.321710,2.528106,2.917756
2026-09-18T00:48:55.179,0.864900,2807.000,0.400539,2.464626,3.058730
2026-09-18T00:48:55.379,0.712100,2666.000,0.419714,2.400415,3.190572
2026-09-18T00:48:55.579,0.811100,2580.000,0.422910,2.333888,3.315354
2026-09-18T00:48:55.779,0.652100,2807.000,0.340885,2.270251,3.426823
2026-09-18T00:48:55.979,0.723500,2622.000,0.396278,2.211156,3.533277
2026-09-18T00:48:56.179,0.696800,3018.000,0.405866,2.152616,3.633464
2026-09-18T00:48:56.379,0.893700,3200.000,0.467651,2.090395,3.730671
2026-09-18T00:48:56.579,1.000300,3478.000,0.567786,2.019700,3.825405
2026-09-18T00:48:56.779,1.265200,3902.000,0.580569,1.939923,3.913285
2026-09-18T00:48:56.979,1.173600,3902.000,0.600809,1.860832,3.989743
2026-09-18T00:48:57.179,0.942400,4102.000,0.566721,1.779045,4.051674
2026-09-18T00:48:57.379,0.880900,3720.000,0.506001,1.706974,4.099150
2026-09-18T00:48:57.579,1.069200,3902.000,0.634898,1.624793,4.132138
2026-09-18T00:48:57.779,1.202600,4571.000,0.827710,1.556455,4.150050
2026-09-18T00:48:57.979,0.956900,3720.000,0.727576,1.483145,4.155288
2026-09-18T00:48:58.179,1.247500,3076.000,0.654072,1.429416,4.151480
2026-09-18T00:48:58.379,0.696000,3636.000,0.475108,1.352718,4.135884
2026-09-18T00:48:58.579,1.113300,3478.000,0.461260,1.285229,4.113210
2026-09-18T00:48:58.779,0.872600,3333.000,0.488956,1.232399,4.080894
2026-09-18T00:48:58.979,0.817600,3200.000,0.401605,1.174542,4.044141
2026-09-18T00:48:59.179,0.774700,2909.000,0.407996,1.125296,4.001923
2026-09-18T00:48:59.379,0.750200,2857.000,0.379234,1.080848,3.953645
2026-09-18T00:48:59.579,0.754800,2758.000,0.281230,1.038282,3.906664
2026-09-18T00:48:59.779,0.591100,2622.000,0.270577,1.010849,3.859055
2026-09-18T00:48:59.979,0.581800,2539.000,0.196009,0.990081,3.809969
2026-09-18T00:49:00.179,0.583100,2539.000,0.220510,0.974717,3.762947
2026-09-18T00:49:00.379,0.528000,2711.000,0.242880,0.966042,3.713886
2026-09-18T00:49:00.579,0.659700,2962.000,0.218379,0.957936,3.660371
2026-09-18T00:49:00.779,0.810500,3404.000,0.198139,0.954212,3.595669
2026-09-18T00:49:00.979,0.720900,3265.000,0.137419,0.959570,3.516728
2026-09-18T00:49:01.179,0.848400,3404.000,0.127832,0.968994,3.443864
2026-09-18T00:49:01.379,0.843800,3478.000,0.140615,0.979138,3.369946
2026-09-18T00:49:01.579,0.911900,3265.000,0.189617,0.990088,3.310492
2026-09-18T00:49:01.779,0.670900,2909.000,0.161920,1.000923,3.248381
2026-09-18T00:49:01.979,0.651600,3200.000,0.147006,1.012360,3.199505
2026-09-18T00:49:02.179,0.757400,2909.000,0.233293,1.016313,3.154085
2026-09-18T00:49:02.379,0.695600,2857.000,0.169377,1.022147,3.102649
2026-09-18T00:49:02.579,0.680400,3018.000,0.181095,1.028832,3.061649
2026-09-18T00:49:02.779,0.654600,3018.000,0.207727,2.120131,44.948437
2026-09-18T00:49:02.979,0.864300,2962.000,0.403735,2.073551,45.035125
2026-09-18T00:49:03.179,0.769100,3200.000,0.292948,2.016254,45.120471
2026-09-18T00:49:03.379,0.893800,3404.000,0.374973,1.950448,45.203921
2026-09-18T00:49:03.579,1.063000,3555.000,0.400539,1.876465,45.287383
2026-09-18T00:49:03.779,0.841400,3636.000,0.429302,1.801440,45.361044
2026-09-18T00:49:03.979,0.845000,4102.000,0.379234,1.725501,45.421979
2026-09-18T00:49:04.179,0.952300,3809.000,0.442085,1.640585,45.474943
2026-09-18T00:49:04.379,1.007800,3809.000,0.674312,1.551576,45.513847
2026-09-18T00:49:04.579,1.009400,3636.000,0.609331,1.449884,45.538602
2026-09-18T00:49:04.779,0.921900,3404.000,0.422910,1.350061,45.549794
2026-09-18T00:49:04.979,0.940500,3478.000,0.572047,1.262178,45.546884
2026-09-18T00:49:05.179,0.894100,3555.000,0.477238,1.172236,45.530649
2026-09-18T00:49:05.379,0.938800,3636.000,0.476173,1.083993,45.503374
2026-09-18T00:49:05.579,0.877300,3200.000,0.492152,0.995742,45.462903
2026-09-18T00:49:05.779,0.983000,3333.000,0.516653,0.914635,45.408484
2026-09-18T00:49:05.979,0.937200,3265.000,0.559264,0.831186,45.343212
2026-09-18T00:49:06.179,0.842300,3018.000,0.426106,0.745833,45.270970
2026-09-18T00:49:06.379,0.792700,2962.000,0.387756,0.671956,45.186311
2026-09-18T00:49:06.579,0.809700,3018.000,0.406931,0.600626,45.095171
2026-09-18T00:49:06.779,0.682400,3018.000,0.322775,0.535765,44.989463
2026-09-18T00:49:06.979,0.752700,3137.000,0.279099,0.484021,44.866122
2026-09-18T00:49:07.179,0.695700,2807.000,0.259925,0.433382,44.748182
2026-09-18T00:49:07.379,0.654200,2807.000,0.273773,0.385553,44.631198
2026-09-18T00:49:07.579,0.746000,2962.000,0.288687,0.329030,44.496735
2026-09-18T00:49:07.779,0.742700,2857.000,0.271642,0.270502,44.363781
2026-09-18T00:49:07.979,0.855700,2857.000,0.219444,0.219378,44.215298
2026-09-18T00:49:08.179,0.665000,3018.000,0.248207,0.165180,44.067709
2026-09-18T00:49:08.379,0.634400,2711.000,0.248207,0.109949,43.911682
2026-09-18T00:49:08.579,0.618400,2857.000,0.265251,0.058627,43.747472
2026-09-18T00:49:08.779,0.779600,2962.000,0.273773,0.017564,43.587094
2026-09-18T00:49:08.979,0.822500,3265.000,0.197074,-0.021419,43.432773
2026-09-18T00:49:09.179,0.831400,3404.000,0.167247,-0.058317,43.255732
2026-09-18T00:49:09.379,0.750500,3555.000,0.149137,-0.093343,43.072295
2026-09-18T00:49:09.579,0.753300,3555.000,0.085221,-0.122205,42.886512
2026-09-18T00:49:09.779,0.858400,3555.000,0.005326,-0.138013,42.706971
2026-09-18T00:49:09.979,0.740300,3555.000,0.046872,-0.153711,42.528037
2026-09-18T00:49:10.179,0.833900,3333.000,0.246076,-0.154106,42.375650
2026-09-18T00:49:10.379,0.844500,3555.000,0.002131,-0.153929,42.235814
2026-09-18T00:49:10.579,0.817800,3404.000,-0.002131,-0.158390,42.069622
2026-09-18T00:49:10.779,0.874700,3404.000,-0.064981,-0.167409,41.893719
2026-09-18T00:49:10.979,0.772000,3200.000,0.027697,-0.165020,41.740198
2026-09-18T00:49:11.179,0.587500,3265.000,0.011718,-0.167364,41.574069
2026-09-18T00:49:11.379,0.693300,3018.000,0.053263,-0.173153,41.418593
2026-09-18T00:49:11.579,0.687500,3200.000,0.006392,-0.177828,41.268366
2026-09-18T00:49:11.779,0.610100,3333.000,0.006392,-0.173974,41.105266
2026-09-18T00:49:11.979,0.773100,3404.000,0.011718,-0.178042,40.939434
2026-09-18T00:49:12.179,0.804300,3404.000,-0.041545,-0.183375,40.757501
2026-09-18T00:49:12.379,0.740100,3333.000,-0.049002,-0.182637,40.582654
2026-09-18T00:49:12.579,0.794700,3333.000,0.054328,-0.181266,40.426424
2026-09-18T00:49:12.779,0.716500,3200.000,-0.019175,-0.180961,40.268950
2026-09-18T00:49:12.979,0.728000,3200.000,-0.078830,-0.183252,40.117110
2026-09-18T00:49:13.179,0.806900,3555.000,-0.027697,-0.184382,39.956219
2026-09-18T00:49:13.379,0.705400,3478.000,-0.094809,-0.177547,39.801276
2026-09-18T00:49:13.579,0.769800,3478.000,-0.072438,-0.166252,39.641653
2026-09-18T00:49:13.779,0.719100,3265.000,-0.120375,-0.150096,39.495530
2026-09-18T00:49:13.979,0.650400,3555.000,-0.092678,-0.140950,39.355040
2026-09-18T00:49:14.179,0.671100,3333.000,-0.137419,-0.120013,39.215640
2026-09-18T00:49:14.379,0.699700,3636.000,-0.078830,-0.101393,39.071641
2026-09-18T00:49:14.579,0.806100,3555.000,-0.071373,-0.081433,38.916069
2026-09-18T00:49:14.779,0.688100,3636.000,-0.103331,-0.065397,38.755212
2026-09-18T00:49:14.979,0.741200,3404.000,-0.056459,-0.046080,38.590216
2026-09-18T00:49:15.179,0.739300,3333.000,-0.104396,-0.033704,38.440432
2026-09-18T00:49:15.379,0.712200,3265.000,-0.055394,-0.021268,38.287202
2026-09-18T00:49:15.579,0.774700,3076.000,-0.046872,-0.003724,38.155093
2026-09-18T00:49:15.779,0.704700,3265.000,-0.059655,0.011347,38.017487
2026-09-18T00:49:15.979,0.634200,3404.000,-0.077764,0.018440,37.854876
2026-09-18T00:49:16.179,0.555800,3265.000,-0.035154,0.026845,37.689491
2026-09-18T00:49:16.379,0.593300,2857.000,0.001065,0.034996,37.539309
2026-09-18T00:49:16.579,0.568100,3076.000,-0.031958,0.042917,37.401607
2026-09-18T00:49:16.779,0.848600,3265.000,0.002131,0.045875,37.261203
2026-09-18T00:49:16.979,0.767600,3076.000,0.066046,0.052220,37.125528
2026-09-18T00:49:17.179,0.722900,3076.000,0.024501,0.046014,36.978207
2026-09-18T00:49:17.379,0.627800,3018.000,0.022371,0.042808,36.833001
2026-09-18T00:49:17.579,0.497600,2807.000,0.037284,0.037045,36.693755
2026-09-18T00:49:17.779,0.748900,2857.000,0.017044,0.029034,36.553960
2026-09-18T00:49:17.979,0.669800,2807.000,0.019175,0.022147,36.416617
2026-09-18T00:49:18.179,0.657200,3018.000,-0.003196,0.007966,36.270589
2026-09-18T00:49:18.379,0.717500,2857.000,0.033023,-0.001949,36.127001
2026-09-18T00:49:18.579,0.641200,3076.000,0.112918,-0.006538,35.989168
2026-09-18T00:49:18.779,0.629700,3333.000,0.055394,-0.017814,35.850895
2026-09-18T00:49:18.979,0.881100,3404.000,0.007457,-0.026911,35.691475
2026-09-18T00:49:19.179,0.643900,3076.000,0.052198,-0.036027,35.520176
2026-09-18T00:49:19.379,0.790400,3333.000,0.039415,-0.033941,35.363171
2026-09-18T00:49:19.579,0.718600,3478.000,0.019175,-0.031444,35.204941
2026-09-18T00:49:19.779,0.818100,3478.000,-0.037284,-0.034934,35.050606
2026-09-18T00:49:19.979,0.733100,3404.000,-0.077764,-0.039155,34.891031
2026-09-18T00:49:20.179,0.727500,3478.000,-0.043676,-0.043103,34.729994
2026-09-18T00:49:20.379,0.765300,3333.000,0.019175,-0.044487,34.567769
2026-09-18T00:49:20.579,0.753100,3333.000,0.024501,-0.050177,34.404812
2026-09-18T00:49:20.779,0.779400,3137.000,0.015979,-0.053380,34.249313
2026-09-18T00:49:20.979,0.741000,3333.000,-0.008522,-0.057454,34.100973
2026-09-18T00:49:21.179,0.568000,3333.000,0.028762,-0.052985,33.947959
2026-09-18T00:49:21.379,0.719100,3478.000,-0.047937,-0.055297,33.785690
2026-09-18T00:49:21.579,0.821900,3404.000,-0.026632,-0.057462,33.631295
2026-09-18T00:49:21.779,0.892500,3404.000,-0.017044,-0.053096,33.488634
2026-09-18T00:49:21.979,0.651900,3200.000,0.036219,-0.048982,33.346931
2026-09-18T00:49:22.179,0.697500,3137.000,0.052198,-0.047084,33.200914
2026-09-18T00:49:22.379,0.688900,3265.000,-0.009587,-0.047944,33.043308
2026-09-18T00:49:22.579,0.772100,3333.000,-0.002131,-0.045693,32.896321
2026-09-18T00:49:22.779,0.705600,3333.000,-0.056459,-0.047713,32.744361
2026-09-18T00:49:22.979,0.644000,3200.000,-0.027697,-0.052052,32.588453
2026-09-18T00:49:23.179,0.721400,2962.000,-0.008522,-0.052929,32.444065
2026-09-18T00:49:23.379,0.724200,3200.000,0.011718,-0.046312,32.306844
2026-09-18T00:49:23.579,0.715700,3200.000,-0.011718,-0.052673,32.155703
2026-09-18T00:49:23.779,0.759900,3200.000,-0.099070,-0.050243,31.999781
2026-09-18T00:49:23.979,0.568200,3200.000,-0.070307,-0.044400,31.855277
2026-09-18T00:49:24.179,0.647900,3137.000,0.014914,-0.037848,31.717958
2026-09-18T00:49:24.379,0.957500,3333.000,0.012783,-0.028527,31.571393
2026-09-18T00:49:24.579,0.782500,3478.000,-0.135289,-0.025718,31.414023
2026-09-18T00:49:24.779,0.723000,3478.000,-0.148072,-0.015841,31.258519
2026-09-18T00:49:24.979,0.645200,3333.000,-0.037284,-0.008497,31.104585
2026-09-18T00:49:25.179,0.826600,3333.000,0.070307,-0.007443,30.953737
2026-09-18T00:49:25.379,0.801900,3555.000,-0.120375,0.009787,30.813199
2026-09-18T00:49:25.579,0.848600,3478.000,-0.070307,0.025936,30.665177
2026-09-18T00:49:25.779,0.783600,3404.000,-0.022371,0.033685,30.503146
2026-09-18T00:49:25.979,0.814000,3478.000,-0.011718,0.048145,30.346265
2026-09-18T00:49:26.179,0.746300,3265.000,-0.131028,0.060948,30.194292
2026-09-18T00:49:26.379,0.687800,3137.000,-0.023436,0.076217,30.048049
2026-09-18T00:49:26.579,0.706200,3076.000,-0.051133,0.086361,29.908138
2026-09-18T00:49:26.779,0.656300,3018.000,-0.027697,0.094909,29.775513
2026-09-18T00:49:26.979,0.696800,3137.000,-0.033023,0.108387,29.648896
2026-09-18T00:49:27.179,0.558200,3018.000,0.022371,0.114013,29.518554
2026-09-18T00:49:27.379,0.612400,2666.000,0.025566,0.110847,29.386667
2026-09-18T00:49:27.579,0.732700,2758.000,0.000000,0.103913,29.257215
2026-09-18T00:49:27.779,0.681300,3018.000,-0.057524,0.097919,29.118122
2026-09-18T00:49:27.979,0.689000,2962.000,0.008522,0.090714,28.977110
2026-09-18T00:49:28.179,0.704300,3137.000,0.053263,0.084864,28.847001
2026-09-18T00:49:28.379,0.812800,3200.000,0.063916,0.068153,28.699593
2026-09-18T00:49:28.579,0.779500,3478.000,0.062851,0.047420,28.535623
2026-09-18T00:49:28.779,0.758500,3404.000,0.109722,0.023281,28.360475
2026-09-18T00:49:28.979,0.700100,3404.000,0.131028,0.000090,28.192158
2026-09-18T00:49:29.179,0.657400,3555.000,0.095874,-0.021832,28.026873
2026-09-18T00:49:29.379,0.724600,3404.000,0.074569,-0.037528,27.860357
2026-09-18T00:49:29.579,0.826600,3404.000,0.034088,-0.054678,27.699253
2026-09-18T00:49:29.779,0.734100,3404.000,0.042611,-0.059379,27.542967
2026-09-18T00:49:29.979,0.773100,3265.000,0.021305,-0.068313,27.397255
2026-09-18T00:49:30.179,0.703800,3137.000,0.036219,-0.074306,27.255921
2026-09-18T00:49:30.379,0.720900,3200.000,0.025566,-0.081145,27.115507
2026-09-18T00:49:30.579,0.523600,3200.000,0.010653,-0.091363,26.964900
2026-09-18T00:49:30.779,0.660800,3200.000,-0.029827,-0.095996,26.814845
2026-09-18T00:49:30.979,0.691000,3265.000,-0.022371,-0.101200,26.665836
2026-09-18T00:49:31.179,0.613900,3265.000,0.038350,-0.107117,26.514627
2026-09-18T00:49:31.379,0.689200,3076.000,0.009587,-0.111628,26.370113
2026-09-18T00:49:31.579,0.761000,3404.000,0.005326,-0.118558,26.221452
2026-09-18T00:49:31.779,0.653900,3333.000,0.000000,-0.128177,26.068835
2026-09-18T00:49:31.979,0.859600,3265.000,-0.020240,-0.129842,25.915897
2026-09-18T00:49:32.179,0.806600,3333.000,-0.011718,-0.133432,25.761515
2026-09-18T00:49:32.379,0.619100,3404.000,-0.005326,-0.134128,25.610536
2026-09-18T00:49:32.579,0.821600,3404.000,-0.040480,-0.136540,25.455285
2026-09-18T00:49:32.779,0.844900,3478.000,-0.072438,-0.123225,25.303646
2026-09-18T00:49:32.979,0.799400,3478.000,-0.084156,-0.109052,25.150061
2026-09-18T00:49:33.179,0.697700,3265.000,-0.026632,-0.092694,24.995494
2026-09-18T00:49:33.379,0.768500,3265.000,-0.054328,-0.071935,24.851852
2026-09-18T00:49:33.579,0.816300,3333.000,-0.072438,-0.054368,24.713368
2026-09-18T00:49:33.779,0.707800,3200.000,-0.085221,-0.035227,24.577390
2026-09-18T00:49:33.979,0.701400,3200.000,-0.071373,-0.024863,24.429911
2026-09-18T00:49:34.179,0.688100,3200.000,-0.054328,-0.015796,24.282255
2026-09-18T00:49:34.379,0.702000,3076.000,-0.009587,-0.005926,24.141434
2026-09-18T00:49:34.579,0.768000,3200.000,-0.051133,0.012343,24.000626
2026-09-18T00:49:34.779,0.718000,3076.000,-0.094809,0.023901,23.859842
2026-09-18T00:49:34.979,0.654000,3137.000,-0.091613,0.036557,23.727922
2026-09-18T00:49:35.179,0.785500,3137.000,-0.084156,0.054159,23.591867
2026-09-18T00:49:35.379,0.698900,3265.000,-0.021305,0.068980,23.455019
2026-09-18T00:49:35.579,0.699800,3018.000,-0.102265,0.081812,23.320521
2026-09-18T00:49:35.779,0.717100,3018.000,-0.029827,0.087495,23.182597
2026-09-18T00:49:35.979,0.689400,3018.000,0.029827,0.083996,23.047642
2026-09-18T00:49:36.179,0.739300,3137.000,0.045806,0.089142,22.913542
2026-09-18T00:49:36.379,0.609400,3076.000,0.022371,0.097224,22.784723
2026-09-18T00:49:36.579,0.673900,2758.000,0.086286,0.096178,22.664357
2026-09-18T00:49:36.779,0.762200,2909.000,0.116114,0.074995,22.534089
2026-09-18T00:49:36.979,0.717800,3018.000,-0.010653,0.051484,22.394848
2026-09-18T00:49:37.179,0.658100,2962.000,0.037284,0.036412,22.257591
2026-09-18T00:49:37.379,0.661700,2857.000,0.038350,0.016088,22.125101
2026-09-18T00:49:37.579,0.747400,2962.000,0.078830,-0.001645,21.997702
2026-09-18T00:49:37.779,0.652100,3200.000,0.004261,-0.021695,21.857873
2026-09-18T00:49:37.979,0.830700,3200.000,0.044741,-0.041467,21.708775
2026-09-18T00:49:38.179,0.674900,3478.000,0.046872,-0.066642,21.558587
2026-09-18T00:49:38.379,0.791400,3636.000,0.028762,-0.088833,21.400013
2026-09-18T00:49:38.579,0.837200,3478.000,0.101200,-0.111139,21.239789
2026-09-18T00:49:38.779,0.742600,3478.000,0.034088,-0.132884,21.083161
2026-09-18T00:49:38.979,0.847700,3265.000,0.036219,-0.148549,20.928209
2026-09-18T00:49:39.179,0.737700,3200.000,0.039415,-0.157828,20.783281
2026-09-18T00:49:39.379,0.822800,3200.000,0.024501,-0.161871,20.638922
2026-09-18T00:49:39.579,0.690400,3200.000,0.035154,-0.169169,20.495707
2026-09-18T00:49:39.779,0.901900,3265.000,0.002131,-0.180020,20.355035
2026-09-18T00:49:39.979,0.765000,3478.000,0.011718,-0.180145,20.209462
2026-09-18T00:49:40.179,0.781100,3265.000,-0.060720,-0.173955,20.061514
2026-09-18T00:49:40.379,0.729000,3333.000,-0.029827,-0.167540,19.917695
2026-09-18T00:49:40.579,0.741000,3404.000,-0.043676,-0.159706,19.770895
2026-09-18T00:49:40.779,0.868700,3404.000,-0.026632,-0.153378,19.626390
2026-09-18T00:49:40.979,0.672200,3333.000,-0.028762,-0.149456,19.484364
2026-09-18T00:49:41.179,0.772200,3333.000,-0.053263,-0.145817,19.339777
2026-09-18T00:49:41.379,0.684600,3018.000,-0.055394,-0.141012,19.202507
2026-09-18T00:49:41.579,0.802100,3200.000,-0.011718,-0.134758,19.069692
2026-09-18T00:49:41.779,0.773900,3333.000,-0.024501,-0.131593,18.932151
2026-09-18T00:49:41.979,0.769000,3265.000,-0.072438,-0.129912,18.795187
2026-09-18T00:49:42.179,0.733300,3137.000,-0.054328,-0.125693,18.658284
2026-09-18T00:49:42.379,0.595600,2857.000,-0.063916,-0.132284,18.532838
2026-09-18T00:49:42.579,0.329700,2711.000,-0.047937,-0.143959,18.415175
2026-09-18T00:49:42.779,0.518800,2962.000,-0.027697,-0.157419,18.294911
2026-09-18T00:49:42.979,0.727200,3018.000,-0.021305,-0.165750,18.174758
2026-09-18T00:49:43.179,0.654000,3200.000,-0.077764,-0.173596,18.037732
2026-09-18T00:49:43.379,0.649800,2962.000,-0.001065,-0.167585,17.904690
2026-09-18T00:49:43.579,0.726200,2909.000,-0.040480,-0.183304,17.790692
2026-09-18T00:49:43.779,0.734600,3404.000,0.004261,-0.194657,17.664116
2026-09-18T00:49:43.979,0.705800,3636.000,0.011718,-0.208015,17.523750
2026-09-18T00:49:44.179,0.855300,3265.000,0.096939,-0.199059,17.366127
2026-09-18T00:49:44.379,0.686800,2807.000,0.077764,-0.185449,17.211011
2026-09-18T00:49:44.579,0.545300,1860.000,-0.004261,-0.170358,17.089028
2026-09-18T00:49:44.779,0.292100,-677.000,-0.005326,-0.151058,17.095209
2026-09-18T00:49:44.979,0.124200,-1553.000,0.007457,-0.136365,17.188581
2026-09-18T00:49:45.179,0.366800,-2133.000,0.010653,-0.126414,17.264539
2026-09-18T00:49:45.379,0.539300,-3137.000,0.029827,-0.116503,17.365450
2026-09-18T00:49:45.579,0.708700,-3333.000,0.009587,-0.111728,17.504822
2026-09-18T00:49:45.779,0.867300,-3902.000,0.044741,-0.114320,17.663702
2026-09-18T00:49:45.979,0.814400,-3636.000,0.090547,-0.126455,17.828765
2026-09-18T00:49:46.179,0.763300,-3720.000,-0.017044,-0.150819,17.989498
2026-09-18T00:49:46.379,0.947100,-3902.000,-0.056459,-0.156259,18.150112
2026-09-18T00:49:46.579,0.758600,-3720.000,-0.076699,-0.153196,18.311739
2026-09-18T00:49:46.779,0.807800,-3404.000,-0.113983,-0.172131,18.470478
2026-09-18T00:49:46.979,0.463300,-3404.000,0.085221,-0.184951,18.616067
2026-09-18T00:49:47.179,0.457200,-2909.000,0.053263,-0.199592,18.764181
2026-09-18T00:49:47.379,0.728700,-2909.000,0.028762,-0.212762,18.900573
2026-09-18T00:49:47.579,0.653900,-3018.000,0.005326,-0.206935,19.022737
2026-09-18T00:49:47.779,0.608500,-2711.000,0.064981,-0.196188,19.139713
2026-09-18T00:49:47.979,0.588800,-2666.000,0.047937,-0.193974,19.256576
2026-09-18T00:49:48.179,0.561700,-2580.000,0.022371,-0.193518,19.375474
2026-09-18T00:49:48.379,0.642300,-2807.000,0.005326,-0.191385,19.494155
2026-09-18T00:49:48.579,0.648900,-3200.000,0.135289,-0.204209,19.629901
2026-09-18T00:49:48.779,0.653700,-3076.000,0.217314,-0.232539,19.765710
2026-09-18T00:49:48.979,0.621000,-3076.000,0.210922,-0.270226,19.903893
2026-09-18T00:49:49.179,0.629600,-3076.000,0.230097,-0.315819,20.040201
2026-09-18T00:49:49.379,0.542400,-3137.000,0.231162,-0.360856,20.172115
2026-09-18T00:49:49.579,0.625100,-2909.000,0.197074,-0.404319,20.300712
2026-09-18T00:49:49.779,0.656300,-2909.000,0.223706,-0.449633,20.425165
2026-09-18T00:49:49.979,0.692700,-3076.000,0.227967,-0.501353,20.543639
2026-09-18T00:49:50.179,0.678400,-2909.000,0.210922,-0.551226,20.661051
2026-09-18T00:49:50.379,0.636200,-3076.000,0.243946,-0.603593,20.774119
2026-09-18T00:49:50.579,0.637600,-3200.000,0.275903,-0.657247,20.884280
2026-09-18T00:49:50.779,0.632400,-2909.000,0.207727,-0.712159,20.992896
2026-09-18T00:49:50.979,0.637800,-3076.000,0.194943,-0.761962,21.094195
2026-09-18T00:49:51.179,0.757400,-3200.000,0.259925,-0.809799,21.191319
2026-09-18T00:49:51.379,0.751700,-3018.000,0.281230,-0.870189,21.287998
2026-09-18T00:49:51.579,0.557000,-3018.000,0.247141,-0.933131,21.376236
2026-09-18T00:49:51.779,0.592800,-3018.000,0.269512,-0.993169,21.458309
2026-09-18T00:49:51.979,0.576300,-2962.000,0.275903,-1.049996,21.531168
2026-09-18T00:49:52.179,0.719800,-3076.000,0.231162,-1.105311,21.598235
2026-09-18T00:49:52.379,0.612900,-2909.000,0.226901,-1.154400,21.656908
2026-09-18T00:49:52.579,0.725600,-2962.000,0.280165,-1.203767,21.707922
2026-09-18T00:49:52.779,0.652200,-1739.000,0.161920,-1.249878,21.748940
2026-09-18T00:49:52.979,0.391800,-2580.000,0.141680,-1.277413,21.781535
2026-09-18T00:49:53.179,0.439200,-2000.000,0.059655,-1.300494,21.788123
2026-09-18T00:49:53.379,0.227100,-606.000,0.030893,-1.308807,21.798714
2026-09-18T00:49:53.579,0.164300,-733.000,0.024501,-1.316828,21.798937
2026-09-18T00:49:53.779,0.092400,-459.000,0.040480,-1.322057,21.804771
2026-09-18T00:49:53.979,0.129700,860.000,-0.089482,-1.315880,21.806335
2026-09-18T00:49:54.179,0.346400,2622.000,-0.193878,-1.287424,21.785681
2026-09-18T00:49:54.379,0.736700,3809.000,-0.239684,-1.227056,21.742365
2026-09-18T00:49:54.579,0.779900,2461.000,-0.116114,-1.168186,21.687761
2026-09-18T00:49:54.779,0.719200,3200.000,-0.127832,-1.138541,21.641542
2026-09-18T00:49:54.979,0.623200,2758.000,-0.138484,-1.113443,21.581636
2026-09-18T00:49:55.179,0.618400,2758.000,-0.131028,-1.094528,21.525536
2026-09-18T00:49:55.379,0.625800,2539.000,-0.059655,-1.081336,21.472791
2026-09-18T00:49:55.579,0.554700,2388.000,-0.096939,-1.075817,21.422865
2026-09-18T00:49:55.779,0.468700,1860.000,-0.077764,-1.063418,21.379697
2026-09-18T00:49:55.979,0.316700,2105.000,-0.144876,-1.054246,21.328062
2026-09-18T00:49:56.179,0.543400,2711.000,-0.142745,-1.031884,21.272977
2026-09-18T00:49:56.379,0.725700,3265.000,-0.166181,-1.002063,21.194596
2026-09-18T00:49:56.579,0.730400,3478.000,-0.196009,-0.960946,21.093744
2026-09-18T00:49:56.779,0.712400,3555.000,-0.230097,-0.917493,20.982721
2026-09-18T00:49:56.979,0.728000,3636.000,-0.250337,-0.872731,20.869666
2026-09-18T00:49:57.179,0.823500,3636.000,-0.189617,-0.830246,20.753832
2026-09-18T00:49:57.379,0.709300,3555.000,-0.235423,-0.784931,20.620741
2026-09-18T00:49:57.579,0.692500,3333.000,-0.182160,-0.730194,20.482960
2026-09-18T00:49:57.779,0.779300,3333.000,-0.155529,-0.683791,20.343833
2026-09-18T00:49:57.979,0.696300,3404.000,-0.143811,-0.639979,20.204757
2026-09-18T00:49:58.179,0.782500,3333.000,-0.153398,-0.592817,20.064034
2026-09-18T00:49:58.379,0.765800,2962.000,-0.156594,-0.550384,19.922392
2026-09-18T00:49:58.579,0.658100,3018.000,-0.109722,-0.520744,19.786846
2026-09-18T00:49:58.779,0.618100,3076.000,-0.080960,-0.498751,19.655800
2026-09-18T00:49:58.979,0.726400,3137.000,-0.057524,-0.475062,19.514148
2026-09-18T00:49:59.179,0.602700,3265.000,-0.008522,-0.452926,19.370659
2026-09-18T00:49:59.379,0.756200,3137.000,-0.020240,-0.443430,19.230872
2026-09-18T00:49:59.579,0.940000,3478.000,0.012783,-0.426739,19.080917
2026-09-18T00:49:59.779,0.707600,3478.000,-0.054328,-0.425033,18.934006
2026-09-18T00:49:59.979,0.560300,3137.000,-0.093743,-0.422577,18.792976
2026-09-18T00:50:00.179,0.683900,2857.000,-0.055394,-0.402626,18.651410
2026-09-18T00:50:00.379,0.604500,2857.000,-0.045806,-0.385559,18.525027
2026-09-18T00:50:00.579,0.709500,2857.000,-0.044741,-0.377052,18.401261
2026-09-18T00:50:00.779,0.839000,3137.000,0.036219,-0.385276,18.282522
2026-09-18T00:50:00.979,0.672700,3137.000,-0.002131,-0.398587,18.160642
2026-09-18T00:50:01.179,0.836300,3137.000,-0.024501,-0.394229,18.023339
2026-09-18T00:50:01.379,0.701300,2807.000,0.024501,-0.385235,17.883964
2026-09-18T00:50:01.579,0.743500,3076.000,0.023436,-0.391245,17.753323
2026-09-18T00:50:01.779,0.778200,3478.000,0.027697,-0.408631,17.629731
2026-09-18T00:50:01.979,0.692200,3636.000,0.004261,-0.422195,17.500733
2026-09-18T00:50:02.179,0.853800,3478.000,0.050067,-0.421888,17.352131
2026-09-18T00:50:02.379,0.701500,3404.000,-0.001065,-0.411972,17.193252
2026-09-18T00:50:02.579,0.814000,3265.000,0.011718,-0.399679,17.040536
2026-09-18T00:50:02.779,0.731000,3404.000,-0.021305,-0.389830,16.884484
2026-09-18T00:50:02.979,0.788500,3555.000,-0.033023,-0.378188,16.735606
2026-09-18T00:50:03.179,0.761200,3404.000,-0.045806,-0.365829,16.584107
2026-09-18T00:50:03.379,0.818700,3555.000,-0.018109,-0.349311,16.431288
2026-09-18T00:50:03.579,0.857200,3478.000,-0.035154,-0.336217,16.275279
2026-09-18T00:50:03.779,0.783600,3478.000,-0.049002,-0.315129,16.117534
2026-09-18T00:50:03.979,0.716900,3478.000,-0.037284,-0.300920,15.966101
2026-09-18T00:50:04.179,0.722300,3478.000,-0.017044,-0.294483,15.819769
2026-09-18T00:50:04.379,0.732200,3137.000,-0.024501,-0.287922,15.675287
2026-09-18T00:50:04.579,0.619600,3137.000,0.004261,-0.283903,15.539008
2026-09-18T00:50:04.779,0.722900,3137.000,-0.028762,-0.278575,15.402369
2026-09-18T00:50:04.979,0.681300,3200.000,0.007457,-0.280536,15.267960
2026-09-18T00:50:05.179,0.684500,3200.000,-0.007457,-0.290226,15.142304
2026-09-18T00:50:05.379,0.733700,2962.000,-0.050067,-0.296514,15.020140
2026-09-18T00:50:05.579,0.765400,2500.000,0.021305,-0.306904,14.921036
2026-09-18T00:50:05.779,0.461600,1212.000,0.046872,-0.315937,14.848882
2026-09-18T00:50:05.979,0.295500,-924.000,0.034088,-0.315572,14.867266
2026-09-18T00:50:06.179,0.054000,-1839.000,0.024501,-0.319954,14.948880
2026-09-18T00:50:06.379,0.256700,-2666.000,-0.006392,-0.319054,15.013805
2026-09-18T00:50:06.579,0.356100,-2962.000,-0.026632,-0.321875,15.122564
2026-09-18T00:50:06.779,0.503100,-3137.000,0.040480,-0.324182,15.252309
2026-09-18T00:50:06.979,0.557100,-3809.000,-0.017044,-0.328636,15.386364
2026-09-18T00:50:07.179,0.486600,-3018.000,0.057524,-0.346133,15.526387
2026-09-18T00:50:07.379,0.671500,-3333.000,0.054328,-0.359718,15.653820
2026-09-18T00:50:07.579,0.749000,-3555.000,0.045806,-0.367789,15.790697
2026-09-18T00:50:07.779,0.770900,-3478.000,0.027697,-0.365432,15.917229
2026-09-18T00:50:07.979,0.632500,-3404.000,0.042611,-0.360073,16.038068
2026-09-18T00:50:08.179,0.723000,-3200.000,0.038350,-0.360008,16.166902
2026-09-18T00:50:08.379,0.715300,-3200.000,0.036219,-0.361530,16.292435
2026-09-18T00:50:08.579,0.577800,-3265.000,0.028762,-0.365831,16.411896
2026-09-18T00:50:08.779,0.600000,-2909.000,0.019175,-0.367337,16.530605
2026-09-18T00:50:08.979,0.716600,-2807.000,-0.141680,-0.356098,16.649122
2026-09-18T00:50:09.179,0.655000,-3076.000,-0.119310,-0.330141,16.768329
2026-09-18T00:50:09.379,0.628700,-2857.000,-0.145941,-0.300468,16.889200
2026-09-18T00:50:09.579,0.638200,-2857.000,-0.149137,-0.267246,17.009511
2026-09-18T00:50:09.779,0.723600,-3018.000,-0.214118,-0.231036,17.131034
2026-09-18T00:50:09.979,0.732700,-3076.000,-0.194943,-0.184473,17.261542
2026-09-18T00:50:10.179,0.738300,-3200.000,-0.073503,-0.165528,17.402573
2026-09-18T00:50:10.379,0.690700,-3478.000,0.187487,-0.196626,17.549790
2026-09-18T00:50:10.579,0.800100,-3265.000,0.196009,-0.237611,17.698362
2026-09-18T00:50:10.779,0.578500,-2962.000,0.169377,-0.295464,17.845047
2026-09-18T00:50:10.979,0.580400,-2807.000,0.199204,-0.353301,17.985326
2026-09-18T00:50:11.179,0.585300,-2711.000,0.197074,-0.412417,18.120535
2026-09-18T00:50:11.379,0.638200,-3018.000,0.288687,-0.459334,18.248308
2026-09-18T00:50:11.579,0.677100,-3137.000,0.234358,-0.512288,18.367849
2026-09-18T00:50:11.779,0.644600,-3200.000,0.278034,-0.561065,18.487949
2026-09-18T00:50:11.979,0.770700,-3018.000,0.232228,-0.622068,18.613733
2026-09-18T00:50:12.179,0.627000,-3076.000,0.365386,-0.700524,18.749481
2026-09-18T00:50:12.379,0.459900,-2666.000,0.234358,-0.781459,18.872158
2026-09-18T00:50:12.579,0.609700,-2758.000,0.253533,-0.843103,18.980996
2026-09-18T00:50:12.779,0.607800,-3265.000,0.270577,-0.896001,19.069712
2026-09-18T00:50:12.979,0.571100,-3137.000,0.286556,-0.951309,19.162622
2026-09-18T00:50:13.179,0.734800,-3076.000,0.285491,-1.019588,19.265343
2026-09-18T00:50:13.379,0.654500,-3137.000,0.291882,-1.097454,19.367649
2026-09-18T00:50:13.579,0.591000,-2962.000,0.347276,-1.178427,19.466229
2026-09-18T00:50:13.779,0.556300,-2909.000,0.273773,-1.251353,19.547459
2026-09-18T00:50:13.979,0.623600,-3200.000,0.355798,-1.320818,19.615383
2026-09-18T00:50:14.179,0.606500,-3018.000,0.308927,-1.393960,19.677714
2026-09-18T00:50:14.379,0.664800,-3018.000,0.267381,-1.461568,19.730203
2026-09-18T00:50:14.579,0.728200,-3137.000,0.306796,-1.530001,19.769805
2026-09-18T00:50:14.779,0.713700,-3018.000,0.283360,-1.597086,19.795380
2026-09-18T00:50:14.979,0.520400,-3076.000,0.297209,-1.661370,19.804831
2026-09-18T00:50:15.179,0.560100,-3137.000,0.305731,-1.721501,19.803113
2026-09-18T00:50:15.379,0.792100,-3137.000,0.333428,-1.786853,19.791247
2026-09-18T00:50:15.579,0.659800,-3265.000,0.348341,-1.852140,19.770397
2026-09-18T00:50:15.779,0.644900,-3137.000,0.325971,-1.919695,19.740490
2026-09-18T00:50:15.979,0.651600,-2962.000,0.289752,-1.980881,19.704830
2026-09-18T00:50:16.179,0.627600,-3018.000,0.312122,-2.036736,19.655372
2026-09-18T00:50:16.379,0.665000,-3265.000,0.316384,-2.100212,19.597493
2026-09-18T00:50:16.579,0.639200,-3200.000,0.330232,-2.162708,19.532616
2026-09-18T00:50:16.779,0.793200,-3018.000,0.284426,-2.228308,19.461589
2026-09-18T00:50:16.979,0.782700,-3076.000,0.322775,-2.290605,19.384392
2026-09-18T00:50:17.179,0.760100,-3200.000,0.313188,-2.354779,19.299185
2026-09-18T00:50:17.379,0.547100,-2253.000,0.259925,-2.413392,19.209360
2026-09-18T00:50:17.579,0.619100,-3137.000,0.064981,-2.446100,19.143164
2026-09-18T00:50:17.779,0.431100,-1259.000,0.101200,-2.468265,19.072789
2026-09-18T00:50:17.979,0.372400,-1538.000,0.111853,-2.486283,19.034168
2026-09-18T00:50:18.179,0.381400,-1860.000,0.088417,-2.498716,18.971084
2026-09-18T00:50:18.379,0.391100,-1203.000,0.136354,-2.515314,18.904193
2026-09-18T00:50:18.579,0.318300,-1290.000,0.023436,-2.524861,18.852767
2026-09-18T00:50:18.779,0.072600,171.000,-0.040480,-2.523856,18.834003
2026-09-18T00:50:18.979,0.272000,1415.000,-0.049002,-2.510525,18.859098
2026-09-18T00:50:19.179,0.434000,2253.000,0.079895,-2.500431,18.906147
2026-09-18T00:50:19.379,0.560000,2461.000,0.091613,-2.507116,18.965994
2026-09-18T00:50:19.579,0.521200,2580.000,0.112918,-2.514240,19.038993
2026-09-18T00:50:19.779,0.737000,2711.000,0.110788,-2.529945,19.117292
2026-09-18T00:50:19.979,0.673900,2461.000,0.101200,-2.547796,19.198201
2026-09-18T00:50:20.179,0.482600,2352.000,0.063916,-2.566495,19.275858
2026-09-18T00:50:20.379,0.463800,2461.000,0.067112,-2.588040,19.364990
2026-09-18T00:50:20.579,0.644100,2666.000,0.119310,-2.610297,19.456653
2026-09-18T00:50:20.779,0.811500,2807.000,0.108657,-2.636606,19.557676
2026-09-18T00:50:20.979,0.696300,3018.000,0.035154,-2.648889,19.661209
2026-09-18T00:50:21.179,0.704800,2500.000,-0.086286,-2.634069,19.771572
2026-09-18T00:50:21.379,0.422700,3018.000,-0.219444,-2.622459,19.861577
2026-09-18T00:50:21.579,0.412500,1481.000,-0.172573,-2.611686,19.957370
2026-09-18T00:50:21.779,0.397700,1230.000,-0.087352,-2.600453,20.026564
2026-09-18T00:50:21.979,0.261000,1300.000,-0.049002,-2.591581,20.081824
2026-09-18T00:50:22.179,0.166000,883.000,-0.031958,-2.585692,20.109743
2026-09-18T00:50:22.379,0.106500,467.000,-0.011718,-2.581906,20.112215
2026-09-18T00:50:22.579,0.060300,287.000,0.000000,-2.583982,20.119008
2026-09-18T00:50:22.779,0.085400,287.000,0.009587,-2.588034,20.125136
2026-09-18T00:50:22.979,0.063700,-48.000,0.024501,-2.593543,20.130816
2026-09-18T00:50:23.179,0.071600,-439.000,0.014914,-2.600326,20.136799
2026-09-18T00:50:23.379,0.073600,-473.000,0.019175,-2.605958,20.140790
2026-09-18T00:50:23.579,0.072400,-408.000,0.019175,-2.611154,20.142270
2026-09-18T00:50:23.779,0.091900,-297.000,0.010653,-2.614028,20.142181
2026-09-18T00:50:23.979,0.009800,-187.000,0.004261,-2.614790,20.140630
2026-09-18T00:50:24.179,0.018400,-187.000,-0.004261,-2.611972,20.134274
2026-09-18T00:50:24.379,0.055000,-187.000,-0.002131,-2.608424,20.127885
2026-09-18T00:50:24.579,0.039100,0.000,0.000000,-2.605919,20.122721
2026-09-18T00:50:24.779,0.008100,0.000,0.000000,-2.604446,20.119307
2026-09-18T00:50:24.979,0.009000,0.000,0.000000,-2.603214,20.116421
2026-09-18T00:50:25.179,0.066800,0.000,0.000000,-2.602042,20.113648
2026-09-18T00:50:25.379,0.027000,0.000,0.000000,-2.600844,20.110842
2026-09-18T00:50:25.579,0.011000,0.000,0.000000,-2.599570,20.107911
2026-09-18T00:50:25.779,0.007100,0.000,0.000000,-2.598082,20.104599
2026-09-18T00:50:25.979,0.037900,0.000,0.000000,-2.596910,20.101897
2026-09-18T00:50:26.179,0.015000,0.000,0.000000,-2.595505,20.098781
2026-09-18T00:50:26.379,0.076000,0.000,0.000000,-2.594671,20.096725
2026-09-18T00:50:26.579,0.015500,0.000,0.000000,-2.594080,20.095113
2026-09-18T00:50:26.779,0.029700,0.000,0.000000,-2.593237,20.093048
2026-09-18T00:50:26.979,0.015300,0.000,0.000000,-2.592591,20.091343
2026-09-18T00:50:27.179,0.008600,0.000,0.000000,-2.591225,20.088398
2026-09-18T00:50:27.379,0.028300,0.000,0.000000,-2.590454,20.086473
2026-09-18T00:50:27.579,0.010200,0.000,0.000000,-2.589885,20.084909
2026-09-18T00:50:27.779,0.025000,0.000,0.000000,-2.589315,20.083349
2026-09-18T00:50:27.979,0.011200,0.000,0.000000,-2.589323,20.082796
2026-09-18T00:50:28.179,0.030400,0.000,0.000000,-2.589211,20.082142
2026-09-18T00:50:28.379,0.055600,0.000,0.000000,-2.588700,20.080842
2026-09-18T00:50:28.579,0.031400,0.000,0.000000,-2.588379,20.079652
2026-09-18T00:50:28.779,0.053000,0.000,0.000000,-2.588022,20.078419
2026-09-18T00:50:28.979,0.052200,0.000,0.000000,-2.587213,20.076429
2026-09-18T00:50:29.179,0.010800,0.000,0.000000,-2.586315,20.074313
2026-09-18T00:50:29.379,0.046000,0.000,0.000000,-2.585463,20.072328
2026-09-18T00:50:29.579,0.038600,0.000,0.000000,-2.584941,20.070859
2026-09-18T00:50:29.780,0.020600,0.000,0.000000,-2.585193,20.070691
2026-09-18T00:50:29.979,0.015300,0.000,0.000000,-2.585185,20.070098
2026-09-18T00:50:30.179,0.032300,0.000,0.000000,-2.584971,20.069169
2026-09-18T00:50:30.379,0.045200,0.000,0.000000,-2.584367,20.067601
2026-09-18T00:50:30.579,0.046400,0.000,0.000000,-2.583298,20.065284
2026-09-18T00:50:30.779,0.065200,0.000,0.000000,-2.582663,20.063692
2026-09-18T00:50:30.979,0.057700,0.000,0.000000,-2.582075,20.062185
2026-09-18T00:50:31.179,0.016800,0.000,0.000000,-2.581568,20.060817
2026-09-18T00:50:31.379,0.030400,0.000,0.000000,-2.581719,20.060507
2026-09-18T00:50:31.579,0.032100,0.000,0.000000,-2.581913,20.060265
2026-09-18T00:50:31.779,0.031800,0.000,0.000000,-2.582228,20.060241
2026-09-18T00:50:31.979,0.022100,0.000,0.000000,-2.582073,20.059504
2026-09-18T00:50:32.179,0.003200,0.000,0.000000,-2.581192,20.057675
2026-09-18T00:50:32.379,0.054400,0.000,0.000000,-2.579943,20.055299
2026-09-18T00:50:32.579,0.027600,0.000,0.000000,-2.579221,20.053741
2026-09-18T00:50:32.779,0.020500,0.000,0.000000,-2.578837,20.052698
2026-09-18T00:50:32.979,0.023800,0.000,0.000000,-2.578759,20.052117
2026-09-18T00:50:33.179,0.017700,0.000,0.000000,-2.578637,20.051454
2026-09-18T00:50:33.379,0.056700,0.000,0.000000,-2.578419,20.050634
2026-09-18T00:50:33.579,0.084700,0.000,0.000000,-2.578648,20.050494
2026-09-18T00:50:33.779,0.042800,0.000,0.000000,-2.578453,20.049646
2026-09-18T00:50:33.979,0.005400,0.000,0.000000,-2.578279,20.048656
2026-09-18T00:50:34.179,0.130000,0.000,0.000000,-2.578796,20.048769
2026-09-18T00:50:34.379,0.051300,0.000,0.000000,-2.579054,20.048522
2026-09-18T00:50:34.579,0.047500,0.000,0.000000,-2.579457,20.048524
2026-09-18T00:50:34.779,0.033700,0.000,0.000000,-2.578005,20.045737
2026-09-18T00:50:34.979,0.039800,0.000,0.000000,-2.577286,20.044090
2026-09-18T00:50:35.179,0.034800,0.000,0.000000,-2.576442,20.042282
2026-09-18T00:50:35.379,0.020000,0.000,0.000000,-2.574931,20.039517
2026-09-18T00:50:35.579,0.028400,0.000,0.000000,-2.574040,20.037692
2026-09-18T00:50:35.779,0.010200,0.000,0.000000,-2.572868,20.035484
2026-09-18T00:50:35.979,0.028400,0.000,0.000000,-2.572368,20.034258
2026-09-18T00:50:36.179,0.025000,0.000,0.000000,-2.572326,20.033712
2026-09-18T00:50:36.379,0.067500,0.000,0.000000,-2.572191,20.033007
2026-09-18T00:50:36.579,0.053600,0.000,0.000000,-2.571820,20.032086
2026-09-18T00:50:36.779,0.043400,0.000,0.000000,-2.571606,20.031271
2026-09-18T00:50:36.979,0.014300,0.000,0.000000,-2.571468,20.030569
2026-09-18T00:50:37.179,0.033000,0.000,0.000000,-2.571034,20.029435
2026-09-18T00:50:37.379,0.013200,0.000,0.000000,-2.570636,20.028370
2026-09-18T00:50:37.579,0.028300,0.000,0.000000,-2.570344,20.027501
2026-09-18T00:50:37.779,0.028200,0.000,0.000000,-2.570162,20.026751
2026-09-18T00:50:37.979,0.032400,0.000,0.000000,-2.570067,20.026132
2026-09-18T00:50:38.179,0.025600,0.000,0.000000,-2.569814,20.025332
2026-09-18T00:50:38.379,0.025600,0.000,0.000000,-2.570056,20.025168
2026-09-18T00:50:38.579,0.051000,0.000,0.000000,-2.569130,20.023435
2026-09-18T00:50:38.779,0.059400,0.000,0.000000,-2.568584,20.022231
2026-09-18T00:50:38.979,0.042700,0.000,-0.026632,0.871440,9.307678
2026-09-18T00:50:39.179,0.040500,0.000,0.005326,0.870899,9.305344
2026-09-18T00:50:39.379,0.009900,357.000,-0.001065,0.872056,9.303393
2026-09-18T00:50:39.579,0.199500,898.000,-0.021305,0.878950,9.284833
2026-09-18T00:50:39.779,0.297800,2025.000,0.070307,0.875036,9.243539
2026-09-18T00:50:39.979,0.791000,2962.000,0.156594,0.854901,9.156981
2026-09-18T00:50:40.179,0.945200,3478.000,0.294013,0.813316,9.035561
2026-09-18T00:50:40.379,0.748300,4000.000,0.334493,0.752561,8.908357
2026-09-18T00:50:40.579,1.008700,3902.000,0.338754,0.688342,8.776263
2026-09-18T00:50:40.779,1.043700,3720.000,0.336624,0.627435,8.637734
2026-09-18T00:50:40.979,0.905500,3404.000,0.280165,0.574384,8.504800
2026-09-18T00:50:41.179,1.025000,3265.000,0.233293,0.526142,8.385893
2026-09-18T00:50:41.379,0.442800,3333.000,0.241815,0.487420,8.267266
2026-09-18T00:50:41.579,0.709400,2909.000,0.256729,0.449890,8.150698
2026-09-18T00:50:41.779,0.742400,2857.000,0.223706,0.411676,8.040875
2026-09-18T00:50:41.979,0.776600,3478.000,0.251402,0.366624,7.915726
2026-09-18T00:50:42.179,0.851900,3720.000,0.306796,0.309564,7.762255
2026-09-18T00:50:42.379,1.014300,3809.000,0.331297,0.249126,7.590054
2026-09-18T00:50:42.579,0.990700,4000.000,0.304666,0.185499,7.404899
2026-09-18T00:50:42.779,1.032300,3636.000,0.202400,0.127409,7.229085
2026-09-18T00:50:42.979,1.015300,3720.000,0.176834,0.079393,7.056303
2026-09-18T00:50:43.179,0.923800,3478.000,0.183225,0.040787,6.888911
2026-09-18T00:50:43.379,0.781000,3076.000,0.196009,0.002505,6.730276
2026-09-18T00:50:43.579,0.630100,2962.000,0.059655,-0.025911,6.579332
2026-09-18T00:50:43.779,0.757700,3137.000,-0.018109,-0.040055,6.433775
2026-09-18T00:50:43.979,0.578900,2909.000,-0.020240,-0.047013,6.294043
2026-09-18T00:50:44.179,0.668900,2711.000,-0.043676,-0.048994,6.159899
2026-09-18T00:50:44.379,0.623400,2962.000,-0.014914,-0.045023,6.027160
2026-09-18T00:50:44.579,0.778500,2857.000,-0.004261,-0.045125,5.890403
2026-09-18T00:50:44.779,0.748600,3200.000,0.019175,-0.047177,5.743028
2026-09-18T00:50:44.979,0.741400,3200.000,-0.029827,-0.053034,5.586343
2026-09-18T00:50:45.179,0.796900,3137.000,0.021305,-0.052310,5.432569
2026-09-18T00:50:45.379,0.650700,3018.000,-0.013848,-0.050091,5.289738
2026-09-18T00:50:45.579,0.520300,3018.000,-0.029827,-0.048650,5.149038
2026-09-18T00:50:45.779,0.584400,2857.000,-0.004261,-0.050874,5.008068
2026-09-18T00:50:45.979,0.675800,2666.000,0.005326,-0.056124,4.869761
2026-09-18T00:50:46.179,0.605900,2807.000,-0.019175,-0.056613,4.742117
2026-09-18T00:50:46.379,0.507900,2758.000,-0.010653,-0.057953,4.606645
2026-09-18T00:50:46.579,0.684800,2962.000,-0.020240,-0.060149,4.468725
2026-09-18T00:50:46.779,0.602700,3265.000,-0.035154,-0.066129,4.324624
2026-09-18T00:50:46.979,0.706100,3200.000,-0.046872,-0.078708,4.169657
2026-09-18T00:50:47.179,0.729500,3076.000,0.003196,-0.085469,4.019021
2026-09-18T00:50:47.379,0.601200,3404.000,-0.085221,-0.086184,3.873810
2026-09-18T00:50:47.579,0.898300,3200.000,-0.121440,-0.081790,3.728692
2026-09-18T00:50:47.779,0.770000,3265.000,-0.059655,-0.080390,3.579621
2026-09-18T00:50:47.979,0.704200,3404.000,-0.045806,-0.082258,3.427586
2026-09-18T00:50:48.179,0.687000,3720.000,-0.122505,-0.075318,3.267261
2026-09-18T00:50:48.379,0.783700,3636.000,-0.191748,-0.065178,3.101042
2026-09-18T00:50:48.579,0.902900,3902.000,-0.088417,-0.053227,2.928632
2026-09-18T00:50:48.779,0.931600,3636.000,-0.152333,-0.042458,2.759980
2026-09-18T00:50:48.979,0.816000,3200.000,-0.059655,-0.037680,2.602201
2026-09-18T00:50:49.179,0.723600,3137.000,-0.049002,-0.037094,2.455802
2026-09-18T00:50:49.379,0.727200,3265.000,-0.079895,-0.035002,2.310501
2026-09-18T00:50:49.579,0.735800,2539.000,-0.044741,-0.033374,2.177259
2026-09-18T00:50:49.779,0.496500,2253.000,0.021305,-0.017450,2.065738
2026-09-18T00:50:49.979,0.289500,1739.000,-0.052198,-0.016097,1.967577
2026-09-18T00:50:50.179,0.355900,1553.000,-0.035154,-0.006130,1.891013
2026-09-18T00:50:50.379,0.389400,1495.000,-0.037284,0.002718,1.816785
2026-09-18T00:50:50.579,0.316200,1797.000,-0.028762,0.005391,1.734454
2026-09-18T00:50:50.779,0.305900,1951.000,-0.030893,0.011226,1.646040
2026-09-18T00:50:50.979,0.454000,2191.000,-0.027697,0.008913,1.550412
2026-09-18T00:50:51.179,0.415700,2191.000,-0.003196,-0.001006,1.443736
2026-09-18T00:50:51.380,0.547700,2000.000,0.012783,-0.009838,1.340014
2026-09-18T00:50:51.579,0.424900,1839.000,0.019175,-0.008161,1.245474
2026-09-18T00:50:51.779,0.531400,1951.000,0.029827,0.002651,1.160087
2026-09-18T00:50:51.979,0.532600,2285.000,0.011718,0.022947,1.065449
2026-09-18T00:50:52.179,0.507700,2580.000,0.051133,0.033241,0.954769
2026-09-18T00:50:52.379,0.686900,2500.000,0.138484,0.040663,0.835617
2026-09-18T00:50:52.579,0.587000,2500.000,0.059655,0.015097,0.719485
2026-09-18T00:50:52.779,0.545800,2105.000,0.090547,-0.023515,0.612127
2026-09-18T00:50:52.979,0.453600,1666.000,0.128897,-0.046629,0.525303
2026-09-18T00:50:53.179,0.301400,1221.000,0.101200,-0.018532,0.451514
2026-09-18T00:50:53.379,0.324000,860.000,0.046872,0.011127,0.403994
2026-09-18T00:50:53.579,0.162000,686.000,0.018109,0.086958,0.402737
2026-09-18T00:50:53.779,0.131300,500.000,0.010653,0.154513,0.408969
2026-09-18T00:50:53.979,0.128500,357.000,0.007457,0.205617,0.416844
2026-09-18T00:50:54.179,0.030500,250.000,0.000000,0.255140,0.425840
2026-09-18T00:50:54.379,0.086300,250.000,-0.007457,0.295520,0.434139
2026-09-18T00:50:54.579,0.037700,0.000,-0.005326,0.325669,0.440925
2026-09-18T00:50:54.779,0.025100,0.000,-0.002131,0.331092,0.442122
2026-09-18T00:50:54.979,0.040700,0.000,0.000000,0.335084,0.443109
2026-09-18T00:50:55.179,0.022800,0.000,0.000000,0.330239,0.441976
2026-09-18T00:50:55.379,0.036100,0.000,0.000000,0.320867,0.439785
2026-09-18T00:50:55.579,0.005800,0.000,0.000000,0.328335,0.441669
2026-09-18T00:50:55.779,0.048000,0.000,0.000000,0.334658,0.443309
2026-09-18T00:50:55.979,0.059100,0.000,0.000000,0.340247,0.444792
2026-09-18T00:50:56.179,0.012200,0.000,0.000000,0.338933,0.444533
2026-09-18T00:50:56.379,0.028000,0.000,0.000000,0.322361,0.440506
2026-09-18T00:50:56.579,0.008500,0.000,0.000000,0.308516,0.437302
2026-09-18T00:50:56.779,0.028300,0.000,0.000000,0.296087,0.434545
2026-09-18T00:50:56.979,0.047200,0.000,0.000000,0.283285,0.431809
2026-09-18T00:50:57.179,0.057300,0.000,0.000000,0.283463,0.431910
2026-09-18T00:50:57.379,0.030100,0.000,0.000000,0.283568,0.431997
2026-09-18T00:50:57.579,0.053200,0.000,0.000000,0.287059,0.432816
2026-09-18T00:50:57.779,0.039400,0.000,0.000000,0.287862,0.433057
2026-09-18T00:50:57.979,0.009200,0.000,0.000000,0.272156,0.429773
2026-09-18T00:50:58.179,0.033500,0.000,0.000000,0.253242,0.426013
2026-09-18T00:50:58.379,0.078100,0.000,0.000000,0.238504,0.423243
2026-09-18T00:50:58.579,0.031100,0.000,0.000000,0.221862,0.420275
2026-09-18T00:50:58.779,0.060500,0.000,0.000000,0.222032,0.420360
2026-09-18T00:50:58.979,0.106200,0.000,0.000000,0.213917,0.418995
2026-09-18T00:50:59.179,0.038600,0.000,0.000000,0.200171,0.416717
2026-09-18T00:50:59.379,0.042200,0.000,0.000000,0.178451,0.413310
2026-09-18T00:50:59.579,0.017000,0.000,0.000000,0.150452,0.409270
2026-09-18T00:50:59.779,0.017700,0.000,0.000000,0.133496,0.407036
2026-09-18T00:50:59.979,0.029300,0.000,0.000000,0.122818,0.405717
2026-09-18T00:51:00.179,0.033800,0.000,0.000000,0.097046,0.402698
2026-09-18T00:51:00.379,0.023100,0.000,0.000000,0.099780,0.403046
2026-09-18T00:51:00.579,0.016100,0.000,0.000000,0.094044,0.402439
2026-09-18T00:51:00.779,0.064600,0.000,0.000000,0.087297,0.401736
2026-09-18T00:51:00.979,0.046400,0.000,0.000000,0.081649,0.401169
2026-09-18T00:51:01.179,0.055400,0.000,0.000000,0.053797,0.398436
2026-09-18T00:51:01.379,0.025000,0.000,0.000000,0.036245,0.396904
2026-09-18T00:51:01.579,0.049200,0.000,0.000000,0.021378,0.395714
2026-09-18T00:51:01.779,0.018800,0.000,0.000000,0.005307,0.394531
2026-09-18T00:51:01.979,0.009800,0.000,0.000000,-0.000159,0.394169
2026-09-18T00:51:02.179,0.008000,0.000,0.000000,-0.003754,0.393945
2026-09-18T00:51:02.379,0.027000,0.000,0.000000,-0.005382,0.393858
2026-09-18T00:51:02.579,0.034000,0.000,0.000000,-0.009733,0.393591
2026-09-18T00:51:02.779,0.028000,0.000,0.000000,-0.028172,0.392468
2026-09-18T00:51:02.979,0.044200,0.000,0.000000,-0.048034,0.391413
2026-09-18T00:51:03.179,0.024500,0.000,0.000000,-0.067350,0.390540
2026-09-18T00:51:03.379,0.043400,0.000,0.000000,-0.065475,0.390635
2026-09-18T00:51:03.579,0.057000,0.000,0.000000,-0.054889,0.391130
2026-09-18T00:51:03.779,0.004500,0.000,0.000000,-0.040721,0.391864
2026-09-18T00:51:03.979,0.058100,0.000,0.000000,-0.025074,0.392776
2026-09-18T00:51:04.179,0.086700,0.000,0.000000,-0.027949,0.392625
2026-09-18T00:51:04.379,0.014300,0.000,0.000000,-0.037061,0.392122
2026-09-18T00:51:04.579,0.017000,0.000,0.000000,-0.057659,0.391082
2026-09-18T00:51:04.779,0.016100,0.000,0.000000,-0.073358,0.390407
2026-09-18T00:51:04.979,0.031600,0.000,0.000000,-0.092540,0.389712
2026-09-18T00:51:05.179,0.040400,0.000,0.000000,-0.103688,0.389380
2026-09-18T00:51:05.379,0.046200,0.000,0.000000,-0.094731,0.389664
2026-09-18T00:51:05.579,0.035500,0.000,-0.001065,3.031599,7.640531
2026-09-18T00:51:05.779,0.037000,0.000,0.000000,3.033052,7.641041
2026-09-18T00:51:05.979,0.039000,237.000,0.022371,3.034346,7.643730
2026-09-18T00:51:06.179,0.110900,855.000,-0.031958,3.034827,7.662347
2026-09-18T00:51:06.379,0.286600,1280.000,-0.084156,3.040473,7.728971
2026-09-18T00:51:06.580,0.327000,1111.000,-0.071373,3.057729,7.807372
2026-09-18T00:51:06.779,0.262200,1290.000,-0.080960,3.073741,7.881110
2026-09-18T00:51:06.979,0.246200,1333.000,-0.112918,3.087454,7.957307
2026-09-18T00:51:07.179,0.333300,1702.000,-0.135289,3.105856,8.040981
2026-09-18T00:51:07.379,0.384000,2133.000,-0.167247,3.135229,8.145510
2026-09-18T00:51:07.579,0.475300,2352.000,-0.279099,-3.112191,8.262871
2026-09-18T00:51:07.779,0.587300,2318.000,-0.218379,-3.073190,8.384842
2026-09-18T00:51:07.979,0.412100,2105.000,-0.182160,-3.041976,8.498269
2026-09-18T00:51:08.179,0.284900,2077.000,-0.196009,-3.009377,8.607124
2026-09-18T00:51:08.380,0.391600,1739.000,-0.206661,-2.975347,8.710301
2026-09-18T00:51:08.579,0.375500,1951.000,-0.192813,-2.946993,8.802280
2026-09-18T00:51:08.779,0.326000,1523.000,-0.138484,-2.930609,8.893820
2026-09-18T00:51:08.979,0.221300,1259.000,-0.119310,-2.915135,8.973394
2026-09-18T00:51:09.179,0.212900,808.000,-0.080960,-2.898668,9.035107
2026-09-18T00:51:09.379,0.239500,804.000,-0.061785,-2.887278,9.087733
2026-09-18T00:51:09.579,0.202700,833.000,-0.083091,-2.875895,9.140532
2026-09-18T00:51:09.779,0.181500,761.000,-0.072438,-2.863640,9.192855
2026-09-18T00:51:09.979,0.132900,751.000,-0.089482,-2.850984,9.241737
2026-09-18T00:51:10.179,0.173800,1103.000,-0.118244,-2.833895,9.295589
2026-09-18T00:51:10.379,0.202100,1185.000,-0.124636,-2.813264,9.358098
2026-09-18T00:51:10.579,0.180300,846.000,-0.088417,-2.791495,9.420039
2026-09-18T00:51:10.779,0.111400,837.000,-0.053263,-2.780606,9.475857
2026-09-18T00:51:10.979,0.134500,744.000,-0.076699,-2.770522,9.521495
2026-09-18T00:51:11.179,0.211300,796.000,-0.093743,-2.755877,9.569955
2026-09-18T00:51:11.379,0.281100,1019.000,-0.111853,-2.734906,9.625216
2026-09-18T00:51:11.579,0.174000,1038.000,-0.109722,-2.716053,9.680013
2026-09-18T00:51:11.779,0.190000,1095.000,-0.106526,-2.697588,9.735422
2026-09-18T00:51:11.979,0.270200,1111.000,-0.108657,-2.678216,9.790087
2026-09-18T00:51:12.179,0.302600,1379.000,-0.154463,-2.650022,9.848746
2026-09-18T00:51:12.379,0.227200,1081.000,-0.140615,-2.626038,9.907468
2026-09-18T00:51:12.579,0.169400,1290.000,-0.176834,-2.602958,9.963286
2026-09-18T00:51:12.779,0.267800,1269.000,-0.136354,-2.580868,10.020029
2026-09-18T00:51:12.979,0.341700,1280.000,-0.161920,-2.556903,10.077072
2026-09-18T00:51:13.179,0.150900,1230.000,-0.159790,-2.530527,10.135113
2026-09-18T00:51:13.379,0.381900,1481.000,-0.171508,-2.499659,10.191562
2026-09-18T00:51:13.580,0.381900,1415.000,-0.171508,-2.499659,10.191562
2026-09-18T00:51:13.779,0.381900,1415.000,-0.171508,-2.499659,10.191562
2026-09-18T00:51:13.979,0.381900,1415.000,-0.171508,-2.499659,10.191562
