source_mode,sample_seq,wall_utc_ns,utc_iso8601,ros_now_ns,monotonic_ns,measurement_stamp_ns,measurement_stamp_sec,measurement_stamp_nanosec,f411_mcu_ms,dronecan_network_us,dronecan_gnss_us,dronecan_time_standard,timestamp_source_code,x_m,y_m,xy_source,gnss_east_m,gnss_north_m,longitude_deg,latitude_deg,altitude_m,hacc_m,vacc_m,fix_type,fix_valid,satellites,satellites_visible,gnss_ground_speed_mps,gnss_course_deg,gnss_vel_n_mps,gnss_vel_e_mps,gnss_vel_d_mps,gnss_sacc_mps,gnss_course_acc_deg,gnss_pdop,gnss_rate_hz,yaw_neo3_deg,yaw_neo3_source,yaw_neo3_valid,neo3_mag_x_ut,neo3_mag_y_ut,neo3_mag_z_ut,neo3_mag_norm_ut,neo3_node_id,yaw_yahboom_deg,yaw_yahboom_source,yaw_yahboom_valid,yah_mag_raw_x_lsb,yah_mag_raw_y_lsb,yah_mag_raw_z_lsb,yah_mag_corrected_x,yah_mag_corrected_y,yahboom_corrected_norm,yaw_inertial_deg,yaw_inertial_source,yaw_inertial_valid,gyro_integrated_yaw_deg,yaw_gnss_heading_deg,yaw_imu_orientation_deg,map_yaw_from_enu_deg,imu_acc_raw_x,imu_acc_raw_y,imu_acc_raw_z,imu_acc_x_mps2,imu_acc_y_mps2,imu_acc_z_mps2,imu_acc_norm_mps2,imu_gyro_raw_x,imu_gyro_raw_y,imu_gyro_raw_z,imu_gyro_x_dps,imu_gyro_y_dps,imu_gyro_z_dps,imu_gyro_x_rps,imu_gyro_y_rps,imu_gyro_z_rps,gyro_z_rps,imu_angle_raw_roll,imu_angle_raw_pitch,imu_angle_raw_yaw,imu_roll_deg,imu_pitch_deg,imu_accgyro_yaw_deg,baro_pressure_pa,baro_temperature_k,neo3_crc_ok,yahboom_checksum_ok,bad_neo3_crc,bad_yahboom_checksum,f4_line_count,gnss_count,neo3_mag_count,imu_acc_count,imu_gyro_count,imu_angle_count,imu_mag_count,raw_message_count,raw_reference
DIRECT_SERIAL,1,1789591932614310741,2026-09-16T20:52:12.614311+00:00,-1,2129852122267,1789591932614310741,1789591932,614310741,-1,-1,-1,-1,3,nan,nan,gnss_stale,nan,nan,nan,nan,nan,nan,nan,-1,0,-1,-1,nan,nan,nan,nan,nan,nan,nan,nan,nan,nan,neo3_stale,0,nan,nan,nan,nan,-1,nan,yahboom_stale,0,nan,nan,nan,nan,nan,nan,nan,imu_stale,0,nan,nan,nan,0.0,nan,nan,nan,nan,nan,nan,nan,nan,nan,nan,nan,nan,nan,nan,nan,nan,nan,nan,nan,nan,nan,nan,nan,nan,nan,,,0,0,12,0,0,0,0,0,0,14,F4line=12;YAH=0
DIRECT_SERIAL,2,1789591932724273095,2026-09-16T20:52:12.724273+00:00,-1,2129962084706,1789591932600000000,1789591932,600000000,2149596,1789591932607072,1789591932600000,2,4,-0.0,0.0,gnss_local_enu_direct,-0.0,0.0,110.4347006,-7.05092,231.96,0.398,0.632,3,1,16,0,0.0702,28.024,0.062,0.033,0.042,0.209,170.475,99.0,10.01,92.28223368043635,neo3_calibrated_direct,1,14.1602,-0.719833,-23.1079,27.1109657887337,1,113.69751952308394,yahboom_calibrated_direct+neo3_cross_align,0,593,0,3361,0.5428535585598938,-0.26571807061831754,0.6043972858098068,92.82924490509865,neo3_calibrated_direct:gyro_integral,1,92.82924490509865,nan,36.3592529296875,0.0,63,-29,2048,0.3016694091796875,-0.1388636962890625,9.80665,9.812271489368905,0,0,0,0.0,0.0,0.0,0.0,0.0,0.0,0.0,-150,-316,6619,-0.823974609375,-1.73583984375,36.3592529296875,98721.617,nan,1,1,0,0,35,1,3,5,5,5,5,57,F4line=35;YAH=20
DIRECT_SERIAL,3,1789591932825501037,2026-09-16T20:52:12.825501+00:00,-1,2130063312599,1789591932700000000,1789591932,700000000,2149695,1789591932707504,1789591932700000,2,4,0.01104872195969474,-2.968326626162643e-11,gnss_local_enu_direct,0.01104872195969474,-2.968326626162643e-11,110.4347007,-7.05092,231.97,0.4,0.634,3,1,16,0,0.0161,172.875,-0.016,0.002,0.013,0.238,180.0,99.0,10.03,92.86017372852542,neo3_calibrated_direct,1,14.1724,-0.475693,-22.9858,27.007965625538127,1,113.28811423861046,yahboom_calibrated_direct+neo3_cross_align,0,599,27,3356,0.543762897524588,-0.26196035458551153,0.6035737867890739,92.82924490509865,neo3_calibrated_direct:gyro_integral,1,92.82924490509865,nan,36.3592529296875,0.0,62,-30,2050,0.296881005859375,-0.143652099609375,9.816226806640625,9.821765776924853,0,0,0,0.0,0.0,0.0,0.0,0.0,0.0,0.0,-150,-316,6619,-0.823974609375,-1.73583984375,36.3592529296875,98724.367,nan,1,1,0,0,48,2,6,11,11,11,11,94,F4line=48;YAH=44
DIRECT_SERIAL,4,1789591932931690172,2026-09-16T20:52:12.931690+00:00,-1,2130169501796,1789591932800000000,1789591932,800000000,2149794,1789591932806558,1789591932800000,2,4,0.011048722004742417,-9.087881228803107e-11,gnss_local_enu_direct,0.011048722004742417,-9.087881228803107e-11,110.4347007,-7.05092,231.98,0.4,0.636,3,1,16,0,0.0808,262.171,-0.011,-0.08,-0.018,0.21,148.996,99.0,10.04,92.38666888809085,neo3_calibrated_direct,1,14.1724,-0.675583,-23.2178,27.209916776607184,1,113.36272010212048,yahboom_calibrated_direct+neo3_cross_align,0,602,20,3378,0.5441814001229359,-0.26292654017535033,0.6043705500504959,92.82924490509865,neo3_calibrated_direct:gyro_integral,1,92.82924490509865,nan,36.3592529296875,0.0,61,-29,2047,0.2920926025390625,-0.1388636962890625,9.801861596679688,9.807195928249275,0,0,0,0.0,0.0,0.0,0.0,0.0,0.0,0.0,-150,-316,6619,-0.823974609375,-1.73583984375,36.3592529296875,98721.312,nan,1,1,0,0,57,3,8,16,16,16,16,123,F4line=57;YAH=64
DIRECT_SERIAL,5,1789591933035896156,2026-09-16T20:52:13.035896+00:00,-1,2130273707735,1789591932900000000,1789591932,900000000,2149895,1789591932907798,1789591932900000,2,4,0.011048721971164565,-0.011059505746912066,gnss_local_enu_direct,0.011048721971164565,-0.011059505746912066,110.4347007,-7.0509201,231.99,0.402,0.639,3,1,16,0,0.0085,290.556,0.003,-0.008,-0.003,0.27,180.0,99.0,10.02,92.72184876456323,neo3_calibrated_direct,1,14.209,-0.533295,-22.9736,27.01789002711028,1,113.28052897716161,yahboom_calibrated_direct+neo3_cross_align,0,606,24,3359,0.5447629267639846,-0.26236435276262043,0.6046500640676483,92.82924490509865,neo3_calibrated_direct:gyro_integral,1,92.82924490509865,nan,36.3592529296875,0.0,63,-30,2049,0.3016694091796875,-0.143652099609375,9.811438403320311,9.817126050953284,0,0,0,0.0,0.0,0.0,0.0,0.0,0.0,0.0,-150,-316,6619,-0.823974609375,-1.73583984375,36.3592529296875,98720.703,nan,1,1,0,0,68,4,11,21,21,21,21,154,F4line=68;YAH=84
DIRECT_SERIAL,6,1789591933136771857,2026-09-16T20:52:13.136772+00:00,-1,2130374583463,1789591933100000000,1789591933,100000000,2150097,1789591933108738,1789591933100000,2,4,0.011048722016212242,-0.011059505692572684,gnss_local_enu_direct,0.011048722016212242,-0.011059505692572684,110.4347007,-7.0509201,232.0,0.403,0.641,3,1,16,0,0.018,3.18,0.018,0.001,0.033,0.227,180.0,99.0,9.92,92.30172974859697,neo3_calibrated_direct,1,14.1968,-0.71106,-23.4009,27.379862259945718,1,113.41601662340123,yahboom_calibrated_direct+neo3_cross_align,0,610,12,3374,0.5453162255931319,-0.2640226871889085,0.6058694292053295,92.82924490509865,neo3_calibrated_direct:gyro_integral,1,92.82924490509865,nan,36.3592529296875,0.0,63,-30,2050,0.3016694091796875,-0.143652099609375,9.816226806640625,9.821911681417575,0,0,0,0.0,0.0,0.0,0.0,0.0,0.0,0.0,-150,-316,6619,-0.823974609375,-1.73583984375,36.3592529296875,98721.922,305.75,1,1,0,0,83,5,13,26,26,26,26,189,F4line=83;YAH=104
DIRECT_SERIAL,7,1789591933243208080,2026-09-16T20:52:13.243208+00:00,-1,2130481020147,1789591933200000000,1789591933,200000000,2150195,1789591933207785,1789591933200000,2,4,0.022097445700236626,-0.011059505891902972,gnss_local_enu_direct,0.022097445700236626,-0.011059505891902972,110.4347008,-7.0509201,232.03,0.405,0.645,3,1,16,0,0.0256,249.444,-0.009,-0.024,-0.031,0.2,180.0,99.0,10.04,92.23931774944826,neo3_calibrated_direct,1,14.1724,-0.737762,-23.3276,27.30527671144616,1,113.37714152243778,yahboom_calibrated_direct+neo3_cross_align,0,596,22,3356,0.5433232240673137,-0.2626595603749362,0.6034817068207247,92.82924490509865,neo3_calibrated_direct:gyro_integral,1,92.82924490509865,nan,36.3592529296875,0.0,63,-31,2047,0.3016694091796875,-0.1484405029296875,9.801861596679688,9.807626102977668,0,0,0,0.0,0.0,0.0,0.0,0.0,0.0,0.0,-150,-316,6619,-0.823974609375,-1.73583984375,36.3592529296875,98722.531,305.75,1,1,0,0,95,7,16,31,31,31,31,221,F4line=95;YAH=124
DIRECT_SERIAL,8,1789591933344225716,2026-09-16T20:52:13.344226+00:00,-1,2130582037262,1789591933300000000,1789591933,300000000,2150294,1789591933306931,1789591933300000,2,4,0.03314616772607961,-0.011059505848841604,gnss_local_enu_direct,0.03314616772607961,-0.011059505848841604,110.4347009,-7.0509201,232.03,0.406,0.647,3,1,16,0,0.0358,22.989,0.033,0.014,0.001,0.19,180.0,99.0,10.05,92.17686697062571,neo3_calibrated_direct,1,14.2334,-0.763321,-23.2178,27.244055706686567,1,113.40582763501865,yahboom_calibrated_direct+neo3_cross_align,0,586,25,3359,0.5418923425618619,-0.26226085491255885,0.6020199888264912,92.82924490509865,neo3_calibrated_direct:gyro_integral,1,92.82924490509865,nan,36.3592529296875,0.0,61,-29,2047,0.2920926025390625,-0.1388636962890625,9.801861596679688,9.807195928249275,0,0,0,0.0,0.0,0.0,0.0,0.0,0.0,0.0,-150,-316,6619,-0.823974609375,-1.73583984375,36.3592529296875,98723.453,305.75,1,1,0,0,107,8,19,37,37,37,37,257,F4line=107;YAH=148
DIRECT_SERIAL,9,1789591933444957126,2026-09-16T20:52:13.444957+00:00,-1,2130682768659,1789591933400000000,1789591933,400000000,2150396,1789591933408066,1789591933400000,2,4,0.04419488968577434,-0.011059505878524872,gnss_local_enu_direct,0.04419488968577434,-0.011059505878524872,110.434701,-7.0509201,232.04,0.407,0.649,3,1,16,0,0.0383,105.124,-0.01,0.037,0.03,0.207,180.0,99.0,10.01,92.25016515741714,neo3_calibrated_direct,1,14.1724,-0.733185,-23.2056,27.20099912437455,1,113.38436817469596,yahboom_calibrated_direct+neo3_cross_align,0,593,23,3363,0.5428941360395024,-0.26252607047472915,0.6030372962139077,92.82924490509865,neo3_calibrated_direct:gyro_integral,1,92.82924490509865,nan,36.3592529296875,0.0,63,-31,2049,0.3016694091796875,-0.1484405029296875,9.811438403320311,9.81719728626727,0,0,0,0.0,0.0,0.0,0.0,0.0,0.0,0.0,-150,-316,6619,-0.823974609375,-1.73583984375,36.3592529296875,98722.531,305.75,1,1,0,0,117,9,21,42,42,42,42,287,F4line=117;YAH=168
DIRECT_SERIAL,10,1789591933562596658,2026-09-16T20:52:13.562597+00:00,-1,2130800408883,1789591933500000000,1789591933,500000000,2150497,1789591933508231,1789591933500000,2,4,0.055243612003201104,-0.0221190118296936,gnss_local_enu_direct,0.055243612003201104,-0.0221190118296936,110.4347011,-7.0509202,232.05,0.408,0.65,3,1,16,0,0.0202,147.095,-0.017,0.011,-0.026,0.229,180.0,99.0,9.99,92.12184356671236,neo3_calibrated_direct,1,14.2334,-0.786591,-23.1201,27.161506308952767,1,113.43862960822918,yahboom_calibrated_direct+neo3_cross_align,0,595,18,3353,0.5431725496923199,-0.26321645507293456,0.603588701816409,92.82924490509865,neo3_calibrated_direct:gyro_integral,1,92.82924490509865,nan,36.3592529296875,0.0,61,-28,2049,0.2920926025390625,-0.13407529296874998,9.811438403320311,9.816700963907952,0,0,0,0.0,0.0,0.0,0.0,0.0,0.0,0.0,-150,-316,6619,-0.823974609375,-1.73583984375,36.3592529296875,98722.227,305.75,1,1,0,0,128,10,24,47,47,47,47,318,F4line=128;YAH=188
DIRECT_SERIAL,11,1789591933663223307,2026-09-16T20:52:13.663223+00:00,-1,2130901034863,1789591933600000000,1789591933,600000000,2150597,1789591933608868,1789591933600000,2,4,0.055243612204492386,-0.02211901170946575,gnss_local_enu_direct,0.055243612204492386,-0.02211901170946575,110.4347011,-7.0509202,232.07,0.409,0.651,3,1,16,0,0.015,356.186,0.015,-0.001,-0.065,0.221,180.0,99.0,9.99,92.11308078166034,neo3_calibrated_direct,1,14.1602,-0.791168,-23.4009,27.363101645358554,1,113.72829710515107,yahboom_calibrated_direct+neo3_cross_align,0,577,6,3363,0.5405662652370635,-0.26491360274058745,0.6019892889656303,92.82924490509865,neo3_calibrated_direct:gyro_integral,1,92.82924490509865,nan,36.3592529296875,0.0,62,-30,2049,0.296881005859375,-0.143652099609375,9.811438403320311,9.816980075334312,0,0,0,0.0,0.0,0.0,0.0,0.0,0.0,0.0,-150,-316,6619,-0.823974609375,-1.73583984375,36.3592529296875,98723.758,305.75,1,1,0,0,146,11,27,53,53,53,53,360,F4line=146;YAH=212
DIRECT_SERIAL,12,1789591933777113595,2026-09-16T20:52:13.777114+00:00,-1,2131014925241,1789591933700000000,1789591933,700000000,2150696,1789591933708145,1789591933700000,2,4,0.0662923357984214,-0.022119011901939874,gnss_local_enu_direct,0.0662923357984214,-0.022119011901939874,110.4347012,-7.0509202,232.08,0.41,0.653,3,1,16,0,0.0355,147.653,-0.03,0.019,0.008,0.25,180.0,99.0,10.01,92.05901841117841,neo3_calibrated_direct,1,14.2212,-0.813293,-23.0103,27.062481058355477,1,113.39160548613836,yahboom_calibrated_direct+neo3_cross_align,0,590,24,3339,0.5424650480116913,-0.26239258057452214,0.6025928929674524,92.82924490509865,neo3_calibrated_direct:gyro_integral,1,92.82924490509865,nan,36.3592529296875,0.0,62,-29,2049,0.296881005859375,-0.1388636962890625,9.811438403320311,9.816911174088098,0,0,0,0.0,0.0,0.0,0.0,0.0,0.0,0.0,-149,-316,6619,-0.8184814453125,-1.73583984375,36.3592529296875,98723.141,305.75,1,1,0,0,157,12,29,58,58,58,58,391,F4line=157;YAH=232
DIRECT_SERIAL,13,1789591933881918917,2026-09-16T20:52:13.881919+00:00,-1,2131119730508,1789591933800000000,1789591933,800000000,2150794,1789591933806020,1789591933800000,2,4,0.06629233584346908,-0.022119011847600494,gnss_local_enu_direct,0.06629233584346908,-0.022119011847600494,110.4347012,-7.0509202,232.09,0.411,0.655,3,1,16,0,0.0334,351.384,0.033,-0.005,-0.067,0.226,180.0,99.0,10.04,92.23810530065774,neo3_calibrated_direct,1,14.209,-0.737762,-23.2666,27.272232202895385,1,113.40054285811722,yahboom_calibrated_direct+neo3_cross_align,0,575,31,3359,0.5403231363491233,-0.26144756584360956,0.6002532143684879,92.82924490509865,neo3_calibrated_direct:gyro_integral,1,92.82924490509865,nan,36.3592529296875,0.0,61,-30,2049,0.2920926025390625,-0.143652099609375,9.811438403320311,9.816836433206415,0,0,0,0.0,0.0,0.0,0.0,0.0,0.0,0.0,-149,-316,6619,-0.8184814453125,-1.73583984375,36.3592529296875,98723.141,305.75,1,1,0,0,168,13,32,63,63,63,63,422,F4line=168;YAH=252
DIRECT_SERIAL,14,1789591933982141365,2026-09-16T20:52:13.982141+00:00,-1,2131219952917,1789591933900000000,1789591933,900000000,2150896,1789591933908429,1789591933900000,2,4,0.07734105848605748,-0.03317851779036129,gnss_local_enu_direct,0.07734105848605748,-0.03317851779036129,110.4347013,-7.0509203,232.1,0.413,0.657,3,1,16,0,0.042,128.234,-0.026,0.033,-0.036,0.248,180.0,99.0,10.0,92.61803775995766,neo3_calibrated_direct,1,14.1724,-0.577927,-22.937,26.96844249075814,1,113.41165470841737,yahboom_calibrated_direct+neo3_cross_align,0,593,21,3347,0.5428906075630148,-0.2628036357046064,0.6031550072076819,92.82924490509865,neo3_calibrated_direct:gyro_integral,1,92.82924490509865,nan,36.3592529296875,0.0,62,-29,2049,0.296881005859375,-0.1388636962890625,9.811438403320311,9.816911174088098,0,0,0,0.0,0.0,0.0,0.0,0.0,0.0,0.0,-149,-316,6619,-0.8184814453125,-1.73583984375,36.3592529296875,98722.531,305.75,1,1,0,0,179,14,35,69,69,69,68,456,F4line=179;YAH=275
DIRECT_SERIAL,15,1789591934082231037,2026-09-16T20:52:14.082231+00:00,-1,2131320042557,1789591934000000000,1789591934,0,2151004,1789591934016489,1789591934000000,2,4,0.07734105848605748,-0.03317851779036129,gnss_local_enu_direct,0.07734105848605748,-0.03317851779036129,110.4347013,-7.0509203,232.1,0.414,0.658,3,1,16,0,0.0177,312.709,0.012,-0.013,-0.038,0.211,180.0,99.0,9.89,92.25721629069926,neo3_calibrated_direct,1,14.2578,-0.728989,-23.1201,27.17269419494727,1,113.50606528372731,yahboom_calibrated_direct+neo3_cross_align,0,599,11,3325,0.5437346697126862,-0.26418087642452953,0.6045154477066708,92.82924490509865,neo3_calibrated_direct:gyro_integral,1,92.82924490509865,nan,36.3592529296875,0.0,62,-29,2049,0.296881005859375,-0.1388636962890625,9.811438403320311,9.816911174088098,0,0,0,0.0,0.0,0.0,0.0,0.0,0.0,0.0,-149,-316,6619,-0.8184814453125,-1.73583984375,36.3592529296875,98723.453,305.75,1,1,0,0,190,15,37,74,74,74,74,488,F4line=190;YAH=296
DIRECT_SERIAL,16,1789591934187015447,2026-09-16T20:52:14.187016+00:00,-1,2131424826971,1789591934100000000,1789591934,100000000,2151097,1789591934108867,1789591934100000,2,4,0.08838977918172722,-0.033178518056646095,gnss_local_enu_direct,0.08838977918172722,-0.033178518056646095,110.4347014,-7.0509203,232.12,0.415,0.659,3,1,16,0,0.0064,231.34,-0.004,-0.005,0.003,0.198,180.0,99.0,10.02,92.59783206408903,neo3_calibrated_direct,1,14.1602,-0.5867,-22.8882,26.920720275839574,1,113.52837296399943,yahboom_calibrated_direct+neo3_cross_align,0,588,15,3344,0.54216193502346,-0.2636451525854574,0.6028667599645808,92.82924490509865,neo3_calibrated_direct:gyro_integral,1,92.82924490509865,nan,36.3592529296875,0.0,63,-31,2049,0.3016694091796875,-0.1484405029296875,9.811438403320311,9.81719728626727,0,0,0,0.0,0.0,0.0,0.0,0.0,0.0,0.0,-149,-316,6619,-0.8184814453125,-1.73583984375,36.3592529296875,98720.703,305.75,1,1,0,0,201,16,40,79,79,79,79,519,F4line=201;YAH=316
DIRECT_SERIAL,17,1789591934287017322,2026-09-16T20:52:14.287017+00:00,-1,2131524828856,1789591934200000000,1789591934,200000000,2151195,1789591934207988,1789591934200000,2,4,0.09943850336825741,-0.0331785180477398,gnss_local_enu_direct,0.09943850336825741,-0.0331785180477398,110.4347015,-7.0509203,232.14,0.415,0.66,3,1,16,0,0.0389,244.093,-0.017,-0.035,-0.042,0.182,180.0,99.0,10.05,92.3654127628645,neo3_calibrated_direct,1,14.1846,-0.684357,-23.0347,27.06046240834493,1,113.4501088417616,yahboom_calibrated_direct+neo3_cross_align,0,609,10,3371,0.5451690796946257,-0.2643020166570296,0.6058587966383404,92.82924490509865,neo3_calibrated_direct:gyro_integral,1,92.82924490509865,nan,36.3592529296875,0.0,63,-30,2047,0.3016694091796875,-0.143652099609375,9.801861596679688,9.807554798145206,0,0,0,0.0,0.0,0.0,0.0,0.0,0.0,0.0,-149,-316,6619,-0.8184814453125,-1.73583984375,36.3592529296875,98727.719,305.75,1,1,0,0,210,17,42,84,84,84,84,548,F4line=210;YAH=336
DIRECT_SERIAL,18,1789591934387039677,2026-09-16T20:52:14.387040+00:00,-1,2131624851216,1789591934300000000,1789591934,300000000,2151295,1789591934307041,1789591934300000,2,4,0.09943850333467957,-0.04423802416591276,gnss_local_enu_direct,0.09943850333467957,-0.04423802416591276,110.4347015,-7.0509204,232.15,0.415,0.66,3,1,16,0,0.0152,66.801,0.006,0.014,-0.025,0.213,180.0,99.0,10.04,92.79693730904947,neo3_calibrated_direct,1,14.1724,-0.502396,-23.0835,27.09164623552463,1,113.52035071156689,yahboom_calibrated_direct+neo3_cross_align,0,595,12,3378,0.5431619642628568,-0.2640491507625663,0.6039427733157483,92.82924490509865,neo3_calibrated_direct:gyro_integral,1,92.82924490509865,nan,36.3592529296875,0.0,63,-31,2047,0.3016694091796875,-0.1484405029296875,9.801861596679688,9.807626102977668,0,0,0,0.0,0.0,0.0,0.0,0.0,0.0,0.0,-149,-316,6619,-0.8184814453125,-1.73583984375,36.3592529296875,98721.312,305.75,1,1,0,0,220,18,45,89,89,89,89,578,F4line=220;YAH=356
DIRECT_SERIAL,19,1789591934487050276,2026-09-16T20:52:14.487050+00:00,-1,2131724861920,1789591934400000000,1789591934,400000000,2151396,1789591934408173,1789591934400000,2,4,0.11048722561953594,-0.04423802441825794,gnss_local_enu_direct,0.11048722561953594,-0.04423802441825794,110.4347016,-7.0509204,232.16,0.416,0.661,3,1,16,0,0.0182,350.538,0.018,-0.003,0.034,0.201,180.0,99.0,10.02,92.4717664844525,neo3_calibrated_direct,1,14.1479,-0.640106,-23.2666,27.237978736705777,1,113.41136794604438,yahboom_calibrated_direct+neo3_cross_align,0,595,20,3361,0.5431760781688075,-0.2629388898430573,0.6034708871907127,92.82924490509865,neo3_calibrated_direct:gyro_integral,1,92.82924490509865,nan,36.3592529296875,0.0,62,-31,2049,0.296881005859375,-0.1484405029296875,9.811438403320311,9.817051311707539,0,0,0,0.0,0.0,0.0,0.0,0.0,0.0,0.0,-149,-316,6619,-0.8184814453125,-1.73583984375,36.3592529296875,98719.484,305.75,1,1,0,0,230,19,47,94,94,94,94,608,F4line=230;YAH=376
DIRECT_SERIAL,20,1789591934587107177,2026-09-16T20:52:14.587107+00:00,-1,2131824918845,1789591934500000000,1789591934,500000000,2151497,1789591934508392,1789591934500000,2,4,0.12153594964982252,-0.04423802447524011,gnss_local_enu_direct,0.12153594964982252,-0.04423802447524011,110.4347017,-7.0509204,232.17,0.416,0.661,3,1,16,0,0.0277,154.359,-0.025,0.012,-0.073,0.203,180.0,99.0,10.0,92.7122846306825,neo3_calibrated_direct,1,14.1846,-0.537872,-22.998,27.025916958511953,1,113.40880053057195,yahboom_calibrated_direct+neo3_cross_align,0,613,11,3365,0.5457453136209429,-0.2641561770891156,0.6063138075564151,92.82924490509865,neo3_calibrated_direct:gyro_integral,1,92.82924490509865,nan,36.3592529296875,0.0,62,-28,2050,0.296881005859375,-0.13407529296874998,9.816226806640625,9.821630375616603,0,0,0,0.0,0.0,0.0,0.0,0.0,0.0,0.0,-149,-316,6619,-0.8184814453125,-1.73583984375,36.3592529296875,98722.227,305.75,1,1,0,0,242,20,50,99,99,99,99,640,F4line=242;YAH=396
DIRECT_SERIAL,21,1789591934698094035,2026-09-16T20:52:14.698094+00:00,-1,2131935905656,1789591934600000000,1789591934,600000000,2151596,1789591934608444,1789591934600000,2,4,0.12153595013122773,-0.044238024516478645,gnss_local_enu_direct,0.12153595013122773,-0.044238024516478645,110.4347017,-7.0509204,232.18,0.416,0.662,3,1,16,0,0.0226,347.196,0.022,-0.005,-0.021,0.195,180.0,99.0,10.02,92.39209283141496,neo3_calibrated_direct,1,14.1724,-0.673294,-23.0835,27.0953541925629,1,113.56263690249507,yahboom_calibrated_direct+neo3_cross_align,0,587,13,3340,0.5420147891249539,-0.26392448205357855,0.6028566694143958,92.82924490509865,neo3_calibrated_direct:gyro_integral,1,92.82924490509865,nan,36.3592529296875,0.0,62,-28,2049,0.296881005859375,-0.13407529296874998,9.811438403320311,9.816844608018064,0,0,0,0.0,0.0,0.0,0.0,0.0,0.0,0.0,-149,-316,6619,-0.8184814453125,-1.73583984375,36.3592529296875,98723.758,305.75,1,1,0,0,257,21,52,104,104,104,104,675,F4line=257;YAH=416
DIRECT_SERIAL,22,1789591934799905756,2026-09-16T20:52:14.799906+00:00,-1,2132037717437,1789591934700000000,1789591934,700000000,2151695,1789591934707584,1789591934700000,2,4,0.1325846713294033,-0.04423802469006178,gnss_local_enu_direct,0.1325846713294033,-0.04423802469006178,110.4347018,-7.0509204,232.19,0.416,0.663,3,1,16,0,0.024,343.072,0.023,-0.007,0.03,0.195,180.0,99.0,10.03,92.258867166694,neo3_calibrated_direct,1,14.209,-0.728989,-23.1567,27.178297607689135,1,113.41108148371939,yahboom_calibrated_direct+neo3_cross_align,0,597,19,3356,0.5434615487746004,-0.26307414398150825,0.6037867671853124,92.82924490509865,neo3_calibrated_direct:gyro_integral,1,92.82924490509865,nan,36.3592529296875,0.0,62,-30,2048,0.296881005859375,-0.143652099609375,9.80665,9.812194376379946,0,0,0,0.0,0.0,0.0,0.0,0.0,0.0,0.0,-149,-316,6619,-0.8184814453125,-1.73583984375,36.3592529296875,98722.227,305.75,1,1,0,0,270,22,55,109,109,109,109,708,F4line=270;YAH=436
DIRECT_SERIAL,23,1789591934900059578,2026-09-16T20:52:14.900060+00:00,-1,2132137871119,1789591934800000000,1789591934,800000000,2151794,1789591934806555,1789591934800000,2,4,0.1325846713294033,-0.04423802469006178,gnss_local_enu_direct,0.1325846713294033,-0.04423802469006178,110.4347018,-7.0509204,232.19,0.416,0.663,3,1,16,0,0.0237,207.646,-0.021,-0.011,0.017,0.192,180.0,99.0,10.04,92.36587795150896,neo3_calibrated_direct,1,14.1724,-0.684357,-23.1812,27.178912776331746,1,113.4452912132522,yahboom_calibrated_direct+neo3_cross_align,0,596,17,3366,0.5433144028760944,-0.26335347344962934,0.6037761111128791,92.82924490509865,neo3_calibrated_direct:gyro_integral,1,92.82924490509865,nan,36.3592529296875,0.0,62,-28,2047,0.296881005859375,-0.13407529296874998,9.801861596679688,9.807273080540217,0,0,0,0.0,0.0,0.0,0.0,0.0,0.0,0.0,-149,-316,6619,-0.8184814453125,-1.73583984375,36.3592529296875,98722.227,305.75,1,1,0,0,281,23,58,115,115,114,114,741,F4line=281;YAH=458
DIRECT_SERIAL,24,1789591935000234605,2026-09-16T20:52:15.000235+00:00,-1,2132238046140,1789591934900000000,1789591934,900000000,2151895,1789591934907844,1789591934900000,2,4,0.1325846716996126,-0.044238024742849394,gnss_local_enu_direct,0.1325846716996126,-0.044238024742849394,110.4347018,-7.0509204,232.2,0.417,0.663,3,1,16,0,0.0328,167.661,-0.032,0.007,0.006,0.184,180.0,99.0,10.02,92.31344802864093,neo3_calibrated_direct,1,14.1724,-0.706482,-23.1445,27.14818444806805,1,113.53882451050754,yahboom_calibrated_direct+neo3_cross_align,0,606,5,3371,0.5447294062373514,-0.2650012224464543,0.6057687462372193,92.82924490509865,neo3_calibrated_direct:gyro_integral,1,92.82924490509865,nan,36.3592529296875,0.0,62,-31,2049,0.296881005859375,-0.1484405029296875,9.811438403320311,9.817051311707539,0,0,0,0.0,0.0,0.0,0.0,0.0,0.0,0.0,-149,-316,6619,-0.8184814453125,-1.73583984375,36.3592529296875,98721.312,305.75,1,1,0,0,290,24,60,120,120,120,120,772,F4line=290;YAH=480
DIRECT_SERIAL,25,1789591935119267526,2026-09-16T20:52:15.119268+00:00,-1,2132357079139,1789591935000000000,1789591935,0,2152003,1789591935015743,1789591935000000,2,4,0.1325846716996126,-0.044238024742849394,gnss_local_enu_direct,0.1325846716996126,-0.044238024742849394,110.4347018,-7.0509204,232.2,0.417,0.664,3,1,16,0,0.0187,164.476,-0.018,0.005,-0.036,0.201,180.0,99.0,9.91,92.08970400017907,neo3_calibrated_direct,1,14.2212,-0.800323,-23.0835,27.1243620864036,1,113.5189800226683,yahboom_calibrated_direct+neo3_cross_align,0,603,8,3376,0.544303846686028,-0.26459016731637,0.6052062740567977,92.82924490509865,neo3_calibrated_direct:gyro_integral,1,92.82924490509865,nan,36.3592529296875,0.0,62,-31,2048,0.296881005859375,-0.1484405029296875,9.80665,9.812265647497018,0,0,0,0.0,0.0,0.0,0.0,0.0,0.0,0.0,-149,-316,6619,-0.8184814453125,-1.73583984375,36.3592529296875,98724.062,305.75,1,1,0,0,303,25,63,125,125,125,125,805,F4line=303;YAH=500
DIRECT_SERIAL,26,1789591935220168293,2026-09-16T20:52:15.220168+00:00,-1,2132457979848,1789591935100000000,1789591935,100000000,2152096,1789591935108370,1789591935100000,2,4,0.13258467174466027,-0.04423802480404494,gnss_local_enu_direct,0.13258467174466027,-0.04423802480404494,110.4347018,-7.0509204,232.21,0.417,0.665,3,1,16,0,0.0253,341.565,0.024,-0.008,-0.026,0.197,180.0,99.0,10.03,92.17602941968022,neo3_calibrated_direct,1,14.1724,-0.764465,-23.1934,27.191453290624704,1,113.42500010756928,yahboom_calibrated_direct+neo3_cross_align,0,595,19,3364,0.5431743139305637,-0.26307767245799596,0.6035297814191568,92.82924490509865,neo3_calibrated_direct:gyro_integral,1,92.82924490509865,nan,36.3592529296875,0.0,63,-29,2047,0.3016694091796875,-0.1388636962890625,9.801861596679688,9.807485830682905,0,0,0,0.0,0.0,0.0,0.0,0.0,0.0,0.0,-149,-316,6619,-0.8184814453125,-1.73583984375,36.3592529296875,98722.836,305.75,1,1,0,0,313,26,66,131,131,131,131,839,F4line=313;YAH=524
DIRECT_SERIAL,27,1789591935334577397,2026-09-16T20:52:15.334577+00:00,-1,2132572389004,1789591935200000000,1789591935,200000000,2152197,1789591935208804,1789591935200000,2,4,0.13258467174466027,-0.04423802480404494,gnss_local_enu_direct,0.13258467174466027,-0.04423802480404494,110.4347018,-7.0509204,232.21,0.418,0.665,3,1,16,0,0.0705,238.339,-0.037,-0.06,-0.011,0.216,175.577,99.0,10.01,92.24852856729059,neo3_calibrated_direct,1,14.2212,-0.733185,-23.1567,27.184790684760202,1,113.38355143185119,yahboom_calibrated_direct+neo3_cross_align,0,599,20,3357,0.5437505478568809,-0.2629318328900819,0.6039849394162043,92.82924490509865,neo3_calibrated_direct:gyro_integral,1,92.82924490509865,nan,36.3592529296875,0.0,62,-32,2048,0.296881005859375,-0.15322890625,9.80665,9.812339254828618,0,0,0,0.0,0.0,0.0,0.0,0.0,0.0,0.0,-149,-316,6619,-0.8184814453125,-1.73583984375,36.3592529296875,98720.094,305.75,1,1,0,0,323,27,68,136,136,136,136,869,F4line=323;YAH=544
DIRECT_SERIAL,28,1789591935434652010,2026-09-16T20:52:15.434652+00:00,-1,2132672463643,1789591935300000000,1789591935,300000000,2152296,1789591935308921,1789591935300000,2,4,0.14363339410713472,-0.05529753093194414,gnss_local_enu_direct,0.14363339410713472,-0.05529753093194414,110.4347019,-7.0509205,232.23,0.418,0.666,3,1,16,0,0.0478,105.781,-0.013,0.046,0.0,0.231,180.0,99.0,10.03,92.20689460449036,neo3_calibrated_direct,1,14.1968,-0.751114,-23.23,27.235017945303362,1,113.49943067784452,yahboom_calibrated_direct+neo3_cross_align,0,598,12,3348,0.5435928165289118,-0.26404385804783476,0.6043279814427098,92.82924490509865,neo3_calibrated_direct:gyro_integral,1,92.82924490509865,nan,36.3592529296875,0.0,62,-30,2047,0.296881005859375,-0.143652099609375,9.801861596679688,9.807408680065613,0,0,0,0.0,0.0,0.0,0.0,0.0,0.0,0.0,-149,-316,6619,-0.8184814453125,-1.73583984375,36.3592529296875,98721.008,305.75,1,1,0,0,333,28,71,141,141,141,141,899,F4line=333;YAH=564
DIRECT_SERIAL,29,1789591935535445603,2026-09-16T20:52:15.535445+00:00,-1,2132773257155,1789591935500000000,1789591935,500000000,2152495,1789591935507828,1789591935500000,2,4,0.14363339447734402,-0.05529753110026668,gnss_local_enu_direct,0.14363339447734402,-0.05529753110026668,110.4347019,-7.0509205,232.24,0.419,0.667,3,1,16,0,0.0128,38.66,0.01,0.008,0.043,0.2,180.0,99.0,10.01,92.15523332065995,neo3_calibrated_direct,1,14.1724,-0.773239,-23.1812,27.181296027804137,1,113.61872736596455,yahboom_calibrated_direct+neo3_cross_align,0,579,13,3350,0.5408658497488072,-0.2639385959595294,0.6018300838788196,92.82924490509865,neo3_calibrated_direct:gyro_integral,1,92.82924490509865,nan,36.3592529296875,0.0,61,-30,2050,0.2920926025390625,-0.143652099609375,9.816226806640625,9.821622204788282,0,0,0,0.0,0.0,0.0,0.0,0.0,0.0,0.0,-149,-316,6619,-0.8184814453125,-1.73583984375,36.3592529296875,98724.672,305.75,1,1,0,0,343,29,73,146,146,146,146,929,F4line=343;YAH=584
DIRECT_SERIAL,30,1789591935636460096,2026-09-16T20:52:15.636460+00:00,-1,2132874271644,1789591935500000000,1789591935,500000000,2152495,1789591935507828,1789591935500000,2,4,0.15468211850763058,-0.055297531272783786,gnss_local_enu_direct,0.15468211850763058,-0.055297531272783786,110.434702,-7.0509205,232.25,0.419,0.667,3,1,16,0,0.0543,167.242,-0.053,0.012,0.007,0.192,180.0,99.0,10.04,92.65869051043936,neo3_calibrated_direct,1,14.209,-0.559998,-23.1323,27.153500364593956,1,113.43862960822918,yahboom_calibrated_direct+neo3_cross_align,0,595,18,3371,0.5431725496923199,-0.26321645507293456,0.603588701816409,92.82924490509865,neo3_calibrated_direct:gyro_integral,1,92.82924490509865,nan,36.3592529296875,0.0,62,-28,2048,0.296881005859375,-0.13407529296874998,9.80665,9.812058842991348,0,0,0,0.0,0.0,0.0,0.0,0.0,0.0,0.0,-149,-316,6619,-0.8184814453125,-1.73583984375,36.3592529296875,98724.367,306.0,1,1,0,0,360,30,76,151,151,151,151,966,F4line=360;YAH=604
DIRECT_SERIAL,31,1789591935737993928,2026-09-16T20:52:15.737994+00:00,-1,2132975805478,1789591935700000000,1789591935,700000000,2152695,1789591935707212,1789591935700000,2,4,0.16573084174282016,-0.06635703770737371,gnss_local_enu_direct,0.16573084174282016,-0.06635703770737371,110.4347021,-7.0509206,232.27,0.42,0.669,3,1,16,0,0.019,251.565,-0.006,-0.018,0.029,0.219,180.0,99.0,10.03,92.31388851531021,neo3_calibrated_direct,1,14.1602,-0.706482,-23.23,27.214762186290073,1,113.41338161014443,yahboom_calibrated_direct+neo3_cross_align,0,581,27,3358,0.5411777839282579,-0.26199211087390095,0.6012597275534614,92.82924490509865,neo3_calibrated_direct:gyro_integral,1,92.82924490509865,nan,36.3592529296875,0.0,63,-29,2048,0.3016694091796875,-0.1388636962890625,9.80665,9.812271489368905,0,0,0,0.0,0.0,0.0,0.0,0.0,0.0,0.0,-149,-316,6619,-0.8184814453125,-1.73583984375,36.3592529296875,98720.398,306.0,1,1,0,0,372,32,78,156,156,156,156,998,F4line=372;YAH=624
DIRECT_SERIAL,32,1789591935838056636,2026-09-16T20:52:15.838057+00:00,-1,2133075868160,1789591935800000000,1789591935,800000000,2152796,1789591935808503,1789591935800000,2,4,0.16573084211302946,-0.06635703799123119,gnss_local_enu_direct,0.16573084211302946,-0.06635703799123119,110.4347021,-7.0509206,232.28,0.42,0.67,3,1,16,0,0.0291,183.945,-0.029,-0.002,-0.009,0.183,180.0,99.0,10.01,92.71165380991111,neo3_calibrated_direct,1,14.1968,-0.537872,-22.937,26.980444872692225,1,113.49411018186451,yahboom_calibrated_direct+neo3_cross_align,0,589,17,3361,0.5423090809219661,-0.2633658231173363,0.6028770156812246,92.82924490509865,neo3_calibrated_direct:gyro_integral,1,92.82924490509865,nan,36.3592529296875,0.0,63,-30,2048,0.3016694091796875,-0.143652099609375,9.80665,9.81234042319451,0,0,0,0.0,0.0,0.0,0.0,0.0,0.0,0.0,-150,-316,6619,-0.823974609375,-1.73583984375,36.3592529296875,98723.141,306.0,1,1,0,0,386,33,81,162,162,161,161,1034,F4line=386;YAH=646
DIRECT_SERIAL,33,1789591935938120017,2026-09-16T20:52:15.938120+00:00,-1,2133175931614,1789591935900000000,1789591935,900000000,2152895,1789591935907445,1789591935900000,2,4,0.16573084215807712,-0.06635703805242674,gnss_local_enu_direct,0.16573084215807712,-0.06635703805242674,110.4347021,-7.0509206,232.29,0.421,0.671,3,1,16,0,0.0332,344.291,0.032,-0.009,-0.032,0.205,180.0,99.0,10.03,92.28053488807733,neo3_calibrated_direct,1,14.209,-0.719833,-23.0347,27.074180405653816,1,113.51235699407272,yahboom_calibrated_direct+neo3_cross_align,0,602,9,3377,0.5441619935022536,-0.2644531489396752,0.605018795705106,92.82924490509865,neo3_calibrated_direct:gyro_integral,1,92.82924490509865,nan,36.3592529296875,0.0,61,-29,2050,0.2920926025390625,-0.1388636962890625,9.816226806640625,9.821553336108046,0,0,0,0.0,0.0,0.0,0.0,0.0,0.0,0.0,-150,-316,6619,-0.823974609375,-1.73583984375,36.3592529296875,98721.008,306.0,1,1,0,0,395,34,83,167,167,167,166,1064,F4line=395;YAH=667
DIRECT_SERIAL,34,1789591936038179962,2026-09-16T20:52:16.038180+00:00,-1,2133275991525,1789591935900000000,1789591935,900000000,2152895,1789591935907445,1789591935900000,2,4,0.16573084215807712,-0.06635703805242674,gnss_local_enu_direct,0.16573084215807712,-0.06635703805242674,110.4347021,-7.0509206,232.29,0.421,0.671,3,1,16,0,0.0332,344.291,0.032,-0.009,-0.032,0.205,180.0,99.0,10.03,92.77682266577085,neo3_calibrated_direct,1,14.1602,-0.511169,-22.9126,26.939929408715255,1,113.06238118603433,yahboom_calibrated_direct+neo3_cross_align,0,604,41,3355,0.5445056839700936,-0.2600085767851515,0.6033994529974148,92.82924490509865,neo3_calibrated_direct:gyro_integral,1,92.82924490509865,nan,36.3592529296875,0.0,62,-31,2047,0.296881005859375,-0.1484405029296875,9.801861596679688,9.807479985960418,0,0,0,0.0,0.0,0.0,0.0,0.0,0.0,0.0,-149,-316,6619,-0.8184814453125,-1.73583984375,36.3592529296875,98721.008,306.0,1,1,0,0,403,34,86,172,172,172,172,1093,F4line=403;YAH=688
DIRECT_SERIAL,35,1789591936138208870,2026-09-16T20:52:16.138209+00:00,-1,2133376020465,1789591936100000000,1789591936,100000000,2153096,1789591936107697,1789591936100000,2,4,0.17677956499048697,-0.06635703815773089,gnss_local_enu_direct,0.17677956499048697,-0.06635703815773089,110.4347022,-7.0509206,232.3,0.422,0.673,3,1,16,0,0.0367,29.358,0.032,0.018,-0.012,0.184,180.0,99.0,10.04,92.23729893571675,neo3_calibrated_direct,1,14.2334,-0.737762,-23.1812,27.212166429166274,1,113.47885857668156,yahboom_calibrated_direct+neo3_cross_align,0,599,13,3357,0.543738198189174,-0.26390331119465227,0.6043973741087157,92.82924490509865,neo3_calibrated_direct:gyro_integral,1,92.82924490509865,nan,36.3592529296875,0.0,61,-28,2049,0.2920926025390625,-0.13407529296874998,9.811438403320311,9.816700963907952,0,0,0,0.0,0.0,0.0,0.0,0.0,0.0,0.0,-150,-316,6619,-0.823974609375,-1.73583984375,36.3592529296875,98720.703,305.75,1,1,0,0,416,36,88,177,177,177,177,1126,F4line=416;YAH=708
DIRECT_SERIAL,36,1789591936244831000,2026-09-16T20:52:16.244831+00:00,-1,2133482642574,1789591936200000000,1789591936,200000000,2153195,1789591936206993,1789591936200000,2,4,0.18782828782289684,-0.06635703826303502,gnss_local_enu_direct,0.18782828782289684,-0.06635703826303502,110.4347023,-7.0509206,232.31,0.422,0.673,3,1,16,0,0.0444,31.185,0.038,0.023,-0.026,0.199,180.0,99.0,10.05,92.74518491927977,neo3_calibrated_direct,1,14.1602,-0.524521,-22.9858,27.00247003441428,1,113.28052897716161,yahboom_calibrated_direct+neo3_cross_align,0,606,24,3364,0.5447629267639846,-0.26236435276262043,0.6046500640676483,92.82924490509865,neo3_calibrated_direct:gyro_integral,1,92.82924490509865,nan,36.3592529296875,0.0,62,-32,2049,0.296881005859375,-0.15322890625,9.811438403320311,9.817124883156945,0,0,0,0.0,0.0,0.0,0.0,0.0,0.0,0.0,-150,-316,6619,-0.823974609375,-1.73583984375,36.3592529296875,98721.922,305.75,1,1,0,0,427,37,91,182,182,182,182,1157,F4line=427;YAH=728
DIRECT_SERIAL,37,1789591936356694103,2026-09-16T20:52:16.356694+00:00,-1,2133594505744,1789591936300000000,1789591936,300000000,2153296,1789591936308127,1789591936300000,2,4,0.18782828786794448,-0.0663570384397655,gnss_local_enu_direct,0.18782828786794448,-0.0663570384397655,110.4347023,-7.0509206,232.32,0.422,0.674,3,1,16,0,0.0316,190.954,-0.031,-0.006,-0.057,0.196,180.0,99.0,10.02,92.09952130906179,neo3_calibrated_direct,1,14.2578,-0.795746,-23.0225,27.091577635614282,1,113.18580026534275,yahboom_calibrated_direct+neo3_cross_align,0,598,35,3348,0.5436333940085204,-0.2608518579042464,0.6029767481862964,92.82924490509865,neo3_calibrated_direct:gyro_integral,1,92.82924490509865,nan,36.3592529296875,0.0,63,-30,2048,0.3016694091796875,-0.143652099609375,9.80665,9.81234042319451,0,0,0,0.0,0.0,0.0,0.0,0.0,0.0,0.0,-150,-316,6619,-0.823974609375,-1.73583984375,36.3592529296875,98717.648,305.75,1,1,0,0,438,38,94,187,187,187,187,1188,F4line=438;YAH=748
DIRECT_SERIAL,38,1789591936457217001,2026-09-16T20:52:16.457217+00:00,-1,2133695028605,1789591936400000000,1789591936,400000000,2153397,1789591936408060,1789591936400000,2,4,0.1988770123345886,-0.06635703859232558,gnss_local_enu_direct,0.1988770123345886,-0.06635703859232558,110.4347024,-7.0509206,232.33,0.422,0.674,3,1,16,0,0.0328,121.264,-0.017,0.028,0.002,0.205,180.0,99.0,10.01,92.36401986958114,neo3_calibrated_direct,1,14.2212,-0.684357,-23.3032,27.30842368543906,1,113.43742882857269,yahboom_calibrated_direct+neo3_cross_align,0,603,14,3350,0.5443144321154911,-0.2637574716267382,0.6048522173623399,92.82924490509865,neo3_calibrated_direct:gyro_integral,1,92.82924490509865,nan,36.3592529296875,0.0,61,-29,2048,0.2920926025390625,-0.1388636962890625,9.80665,9.811981728331189,0,0,0,0.0,0.0,0.0,0.0,0.0,0.0,0.0,-150,-316,6619,-0.823974609375,-1.73583984375,36.3592529296875,98721.008,305.75,1,1,0,0,448,39,96,193,193,193,193,1222,F4line=448;YAH=772
DIRECT_SERIAL,39,1789591936576299198,2026-09-16T20:52:16.576299+00:00,-1,2133814111091,1789591936500000000,1789591936,500000000,2153496,1789591936508214,1789591936500000,2,4,0.1988770123345886,-0.06635703859232558,gnss_local_enu_direct,0.1988770123345886,-0.06635703859232558,110.4347024,-7.0509206,232.33,0.423,0.675,3,1,16,0,0.0355,189.728,-0.035,-0.006,0.022,0.184,180.0,99.0,10.02,92.1436646508241,neo3_calibrated_direct,1,14.1968,-0.777817,-23.1567,27.1732751874979,1,113.40965365637479,yahboom_calibrated_direct+neo3_cross_align,0,607,14,3356,0.5448889018035645,-0.2637504146737628,0.6053661673312083,92.82924490509865,neo3_calibrated_direct:gyro_integral,1,92.82924490509865,nan,36.3592529296875,0.0,62,-31,2049,0.296881005859375,-0.1484405029296875,9.811438403320311,9.817051311707539,0,0,0,0.0,0.0,0.0,0.0,0.0,0.0,0.0,-150,-316,6619,-0.823974609375,-1.73583984375,36.3592529296875,98720.398,305.75,1,1,0,0,458,40,99,198,198,198,198,1252,F4line=458;YAH=792
DIRECT_SERIAL,40,1789591936677169447,2026-09-16T20:52:16.677169+00:00,-1,2133914981035,1789591936600000000,1789591936,600000000,2153597,1789591936608206,1789591936600000,2,4,0.20992573516699847,-0.06635703869762974,gnss_local_enu_direct,0.20992573516699847,-0.06635703869762974,110.4347025,-7.0509206,232.34,0.423,0.675,3,1,16,0,0.014,0.0,0.014,0.0,0.008,0.18,180.0,99.0,10.0,92.26386824455541,neo3_calibrated_direct,1,14.2212,-0.7267,-23.2544,27.267888471423674,1,113.38382339454886,yahboom_calibrated_direct+neo3_cross_align,0,597,21,3361,0.5434650772510882,-0.262796578751631,0.6036690583383361,92.82924490509865,neo3_calibrated_direct:gyro_integral,1,92.82924490509865,nan,36.3592529296875,0.0,60,-28,2050,0.28730419921875,-0.13407529296874998,9.816226806640625,9.821345559875358,0,2,0,0.0,0.1220703125,0.0,0.0,0.0021305288720633907,0.0,0.0,-150,-316,6619,-0.823974609375,-1.73583984375,36.3592529296875,98725.281,305.75,1,1,0,0,477,41,102,204,204,204,204,1295,F4line=477;YAH=816
DIRECT_SERIAL,41,1789591936777206273,2026-09-16T20:52:16.777206+00:00,-1,2134015017879,1789591936700000000,1789591936,700000000,2153694,1789591936706207,1789591936700000,2,4,0.20992573516699847,-0.06635703869762974,gnss_local_enu_direct,0.20992573516699847,-0.06635703869762974,110.4347025,-7.0509206,232.34,0.423,0.676,3,1,16,0,0.01,126.87,-0.006,0.008,-0.026,0.205,180.0,99.0,10.05,92.30259906206628,neo3_calibrated_direct,1,14.1724,-0.71106,-23.2666,27.25247151440764,1,113.61170559608759,yahboom_calibrated_direct+neo3_cross_align,0,580,13,3388,0.5410094671708257,-0.2639368317212855,0.6019583828700543,92.82924490509865,neo3_calibrated_direct:gyro_integral,1,92.82924490509865,nan,36.3592529296875,0.0,48,-25,2042,0.229843359375,-0.1197100830078125,9.777919580078125,9.781353167547815,-1,0,0,-0.06103515625,0.0,0.0,-0.0010652644360316954,0.0,0.0,0.0,-150,-316,6619,-0.823974609375,-1.73583984375,36.3592529296875,98722.531,305.75,1,1,0,0,488,42,104,209,209,209,209,1326,F4line=488;YAH=836
DIRECT_SERIAL,42,1789591936886896739,2026-09-16T20:52:16.886897+00:00,-1,2134124708344,1789591936800000000,1789591936,800000000,2153796,1789591936808628,1789591936800000,2,4,0.22097445632012636,-0.0663570386944824,gnss_local_enu_direct,0.22097445632012636,-0.0663570386944824,110.4347026,-7.0509206,232.34,0.423,0.676,3,1,16,0,0.0347,33.232,0.029,0.019,-0.002,0.174,180.0,99.0,10.01,92.1142850894775,neo3_calibrated_direct,1,14.2456,-0.789642,-23.2666,27.292770643673464,1,113.38436817469596,yahboom_calibrated_direct+neo3_cross_align,0,593,23,3342,0.5428941360395024,-0.26252607047472915,0.6030372962139077,92.82924490509865,neo3_calibrated_direct:gyro_integral,1,92.82924490509865,nan,36.3592529296875,0.0,70,-26,2057,0.33518823242187495,-0.12449848632812499,9.849745629882811,9.856233560424979,0,0,0,0.0,0.0,0.0,0.0,0.0,0.0,0.0,-150,-316,6619,-0.823974609375,-1.73583984375,36.3592529296875,98724.672,305.75,1,1,0,0,501,43,107,214,214,214,214,1359,F4line=501;YAH=856
DIRECT_SERIAL,43,1789591936987011983,2026-09-16T20:52:16.987012+00:00,-1,2134224823572,1789591936900000000,1789591936,900000000,2153897,1789591936908681,1789591936900000,2,4,0.23202318030536526,-0.06635703880580396,gnss_local_enu_direct,0.23202318030536526,-0.06635703880580396,110.4347027,-7.0509206,232.34,0.424,0.676,3,1,16,0,0.0215,152.241,-0.019,0.01,0.011,0.194,180.0,99.0,10.0,92.30259906206628,neo3_calibrated_direct,1,14.1724,-0.71106,-23.2666,27.25247151440764,1,113.33597259310285,yahboom_calibrated_direct+neo3_cross_align,0,598,24,3364,0.543613987387838,-0.2623784666685713,0.6036212612682351,92.82924490509865,neo3_calibrated_direct:gyro_integral,1,92.82924490509865,nan,36.3592529296875,0.0,60,-26,2053,0.28730419921875,-0.12449848632812499,9.830592016601562,9.835577409224996,0,0,0,0.0,0.0,0.0,0.0,0.0,0.0,0.0,-150,-316,6619,-0.823974609375,-1.73583984375,36.3592529296875,98725.281,305.75,1,1,0,0,512,44,110,219,219,219,219,1390,F4line=512;YAH=876
DIRECT_SERIAL,44,1789591937087055987,2026-09-16T20:52:17.087056+00:00,-1,2134324867575,1789591937000000000,1789591937,0,2154004,1789591937016532,1789591937000000,2,4,0.23202318078677048,-0.06635703884704248,gnss_local_enu_direct,0.23202318078677048,-0.06635703884704248,110.4347027,-7.0509206,232.35,0.424,0.677,3,1,16,0,0.0336,67.249,0.013,0.031,0.037,0.199,180.0,99.0,9.9,91.86992218550608,neo3_calibrated_direct,1,14.1968,-0.893402,-23.2056,27.21850783444243,1,113.3557822317273,yahboom_calibrated_direct+neo3_cross_align,0,603,20,3352,0.5443250175449542,-0.26292477593710645,0.6044991005178522,92.82924490509865,neo3_calibrated_direct:gyro_integral,1,92.82924490509865,nan,36.3592529296875,0.0,65,-30,2050,0.3112462158203125,-0.143652099609375,9.816226806640625,9.822210487054054,0,0,0,0.0,0.0,0.0,0.0,0.0,0.0,0.0,-150,-316,6619,-0.823974609375,-1.73583984375,36.3592529296875,98726.195,305.75,1,1,0,0,523,45,112,224,224,224,224,1421,F4line=523;YAH=896
DIRECT_SERIAL,45,1789591937194910272,2026-09-16T20:52:17.194910+00:00,-1,2134432721920,1789591937100000000,1789591937,100000000,2154096,1789591937107854,1789591937100000,2,4,0.2430719037545205,-0.07741654535906997,gnss_local_enu_direct,0.2430719037545205,-0.07741654535906997,110.4347028,-7.0509207,232.36,0.424,0.679,3,1,16,0,0.043,182.663,-0.043,-0.002,-0.023,0.195,180.0,99.0,10.04,92.36401986958114,neo3_calibrated_direct,1,14.2212,-0.684357,-23.2056,27.225185863524402,1,113.17261769343526,yahboom_calibrated_direct+neo3_cross_align,0,592,39,3366,0.5427787464293858,-0.26030731287395503,0.6019706510380008,92.82924490509865,neo3_calibrated_direct:gyro_integral,1,92.82924490509865,nan,36.3592529296875,0.0,61,-31,2045,0.2920926025390625,-0.1484405029296875,9.792284790039062,9.797764749196544,0,0,0,0.0,0.0,0.0,0.0,0.0,0.0,0.0,-149,-316,6619,-0.8184814453125,-1.73583984375,36.3592529296875,98720.703,305.75,1,1,0,0,533,46,115,229,229,229,229,1451,F4line=533;YAH=916
DIRECT_SERIAL,46,1789591937295087022,2026-09-16T20:52:17.295087+00:00,-1,2134532898594,1789591937200000000,1789591937,200000000,2154194,1789591937205875,1789591937200000,2,4,0.24307190423592573,-0.0774165454003085,gnss_local_enu_direct,0.24307190423592573,-0.0774165454003085,110.4347028,-7.0509207,232.37,0.424,0.681,3,1,16,0,0.062,270.924,0.001,-0.062,-0.03,0.209,180.0,99.0,10.07,92.74583804052367,neo3_calibrated_direct,1,14.1479,-0.524521,-23.0469,27.04806455736604,1,113.33696300900361,yahboom_calibrated_direct+neo3_cross_align,0,590,28,3361,0.5424721049646667,-0.2618374501147676,0.602357730047021,92.82924490509865,neo3_calibrated_direct:gyro_integral,1,92.82924490509865,nan,36.3592529296875,0.0,62,-28,2047,0.296881005859375,-0.13407529296874998,9.801861596679688,9.807273080540217,0,0,0,0.0,0.0,0.0,0.0,0.0,0.0,0.0,-149,-316,6619,-0.8184814453125,-1.73583984375,36.3592529296875,98724.367,305.75,1,1,0,0,542,47,117,235,235,234,234,1482,F4line=542;YAH=938
DIRECT_SERIAL,47,1789591937395175016,2026-09-16T20:52:17.395175+00:00,-1,2134632986597,1789591937300000000,1789591937,300000000,2154296,1789591937308181,1789591937300000,2,4,0.2430719037545205,-0.07741654535906997,gnss_local_enu_direct,0.2430719037545205,-0.07741654535906997,110.4347028,-7.0509207,232.36,0.425,0.682,3,1,16,0,0.0744,6.17,0.074,0.008,0.045,0.202,155.492,99.0,10.03,92.16370483706868,neo3_calibrated_direct,1,14.2212,-0.769043,-23.1812,27.20665341448391,1,113.39550642899736,yahboom_calibrated_direct+neo3_cross_align,0,611,13,3369,0.545461607253394,-0.26388214033572605,0.6059390637478489,92.82924490509865,neo3_calibrated_direct:gyro_integral,1,92.82924490509865,nan,36.3592529296875,0.0,61,-30,2048,0.2920926025390625,-0.143652099609375,9.80665,9.812050664192487,0,0,0,0.0,0.0,0.0,0.0,0.0,0.0,0.0,-149,-316,6619,-0.8184814453125,-1.73583984375,36.3592529296875,98723.453,305.75,1,1,0,0,553,48,120,240,240,240,240,1515,F4line=553;YAH=960
DIRECT_SERIAL,48,1789591937501119879,2026-09-16T20:52:17.501120+00:00,-1,2134738931543,1789591937400000000,1789591937,400000000,2154397,1789591937408208,1789591937400000,2,4,0.25412062870256985,-0.0774165456684035,gnss_local_enu_direct,0.25412062870256985,-0.0774165456684035,110.4347029,-7.0509207,232.38,0.425,0.684,3,1,16,0,0.0051,191.31,-0.005,-0.001,-0.013,0.2,180.0,99.0,10.01,92.65990142603832,neo3_calibrated_direct,1,14.1846,-0.559998,-23.0591,27.078378233011,1,113.3680792262363,yahboom_calibrated_direct+neo3_cross_align,0,613,14,3370,0.5457506063356745,-0.2637398292442997,0.6061372962007607,92.82924490509865,neo3_calibrated_direct:gyro_integral,1,92.82924490509865,nan,36.3592529296875,0.0,61,-29,2050,0.2920926025390625,-0.1388636962890625,9.816226806640625,9.821553336108046,0,0,0,0.0,0.0,0.0,0.0,0.0,0.0,0.0,-149,-316,6619,-0.8184814453125,-1.73583984375,36.3592529296875,98720.703,305.75,1,1,0,0,563,49,122,245,245,245,245,1545,F4line=563;YAH=980
DIRECT_SERIAL,49,1789591937611801713,2026-09-16T20:52:17.611802+00:00,-1,2134849613309,1789591937500000000,1789591937,500000000,2154496,1789591937508408,1789591937500000,2,4,0.26516934985569773,-0.07741654566525619,gnss_local_enu_direct,0.26516934985569773,-0.07741654566525619,110.434703,-7.0509207,232.38,0.425,0.684,3,1,16,0,0.1062,104.167,-0.026,0.103,0.015,0.201,108.415,99.0,10.02,92.26928259983659,neo3_calibrated_direct,1,14.2212,-0.724411,-23.0835,27.122228392721,1,113.41222913519483,yahboom_calibrated_direct+neo3_cross_align,0,589,23,3344,0.5423196663514291,-0.26253312742770457,0.6025232472763992,92.82924490509865,neo3_calibrated_direct:gyro_integral,1,92.82924490509865,nan,36.3592529296875,0.0,64,-28,2049,0.3064578125,-0.13407529296874998,9.811438403320311,9.817138896703844,0,0,0,0.0,0.0,0.0,0.0,0.0,0.0,0.0,-149,-316,6619,-0.8184814453125,-1.73583984375,36.3592529296875,98721.617,305.75,1,1,0,0,575,50,125,250,250,250,250,1577,F4line=575;YAH=1000
DIRECT_SERIAL,50,1789591937713777118,2026-09-16T20:52:17.713777+00:00,-1,2134951588743,1789591937600000000,1789591937,600000000,2154595,1789591937607376,1789591937600000,2,4,0.265169349564114,-0.0663570393244213,gnss_local_enu_direct,0.265169349564114,-0.0663570393244213,110.434703,-7.0509206,232.37,0.425,0.685,3,1,16,0,0.1002,301.945,0.053,-0.085,-0.024,0.201,114.975,99.0,10.03,92.50077188957938,neo3_calibrated_direct,1,14.209,-0.626755,-23.1201,27.14456716987812,1,113.35501220354462,yahboom_calibrated_direct+neo3_cross_align,0,609,17,3348,0.5451814293623327,-0.26333053835245923,0.6054467469154923,92.82924490509865,neo3_calibrated_direct:gyro_integral,1,92.82924490509865,nan,36.3592529296875,0.0,60,-30,2048,0.28730419921875,-0.143652099609375,9.80665,9.811909286734712,0,0,0,0.0,0.0,0.0,0.0,0.0,0.0,0.0,-149,-316,6619,-0.8184814453125,-1.73583984375,36.3592529296875,98723.141,305.75,1,1,0,0,591,51,128,255,255,255,255,1613,F4line=591;YAH=1020
DIRECT_SERIAL,51,1789591937814178134,2026-09-16T20:52:17.814178+00:00,-1,2135051989745,1789591937700000000,1789591937,700000000,2154694,1789591937706547,1789591937700000,2,4,0.2541206280858245,-0.06635703922044163,gnss_local_enu_direct,0.2541206280858245,-0.06635703922044163,110.4347029,-7.0509206,232.37,0.426,0.687,3,1,16,0,0.08,282.995,0.018,-0.078,0.06,0.224,160.32,99.0,10.04,92.46129931789008,neo3_calibrated_direct,1,14.1602,-0.644302,-23.1934,27.181982868569467,1,113.47126151215036,yahboom_calibrated_direct+neo3_cross_align,0,604,11,3379,0.5444527568227779,-0.2641720552333103,0.605157565579506,92.82924490509865,neo3_calibrated_direct:gyro_integral,1,92.82924490509865,nan,36.3592529296875,0.0,65,-29,2050,0.3112462158203125,-0.1388636962890625,9.816226806640625,9.822141622498606,0,0,0,0.0,0.0,0.0,0.0,0.0,0.0,0.0,-149,-316,6619,-0.8184814453125,-1.73583984375,36.3592529296875,98722.227,305.75,1,1,0,0,602,52,130,261,261,261,260,1647,F4line=602;YAH=1043
DIRECT_SERIAL,52,1789591937914227827,2026-09-16T20:52:17.914228+00:00,-1,2135152039435,1789591937800000000,1789591937,800000000,2154795,1789591937807742,1789591937800000,2,4,0.2541206276044192,-0.0663570391792031,gnss_local_enu_direct,0.2541206276044192,-0.0663570391792031,110.4347029,-7.0509206,232.36,0.427,0.688,3,1,16,0,0.0492,184.667,-0.049,-0.004,-0.045,0.218,180.0,99.0,10.02,92.33289150881009,neo3_calibrated_direct,1,14.209,-0.697708,-23.0591,27.09436417898128,1,113.39829271501254,yahboom_calibrated_direct+neo3_cross_align,0,591,23,3363,0.5426069011954658,-0.26252959895121686,0.6027802580961265,92.82924490509865,neo3_calibrated_direct:gyro_integral,1,92.82924490509865,nan,36.3592529296875,0.0,60,-29,2048,0.28730419921875,-0.1388636962890625,9.80665,9.811840349880127,0,0,0,0.0,0.0,0.0,0.0,0.0,0.0,0.0,-149,-316,6619,-0.8184814453125,-1.73583984375,36.3592529296875,98723.758,305.75,1,1,0,0,614,53,133,266,266,266,266,1680,F4line=614;YAH=1064
DIRECT_SERIAL,53,1789591938021942964,2026-09-16T20:52:18.021943+00:00,-1,2135259754630,1789591937900000000,1789591937,900000000,2154896,1789591937907911,1789591937900000,2,4,0.2541206276044192,-0.0663570391792031,gnss_local_enu_direct,0.2541206276044192,-0.0663570391792031,110.4347029,-7.0509206,232.36,0.428,0.69,3,1,16,0,0.0416,65.898,0.017,0.038,0.028,0.227,180.0,99.0,10.0,92.3649480200886,neo3_calibrated_direct,1,14.1968,-0.684357,-23.23,27.233258614118306,1,113.39857295059188,yahboom_calibrated_direct+neo3_cross_align,0,589,24,3373,0.542321430589673,-0.26239434481276597,0.6024643775913645,92.82924490509865,neo3_calibrated_direct:gyro_integral,1,92.82924490509865,nan,36.3592529296875,0.0,63,-28,2047,0.3016694091796875,-0.13407529296874998,9.801861596679688,9.807419200640071,0,0,0,0.0,0.0,0.0,0.0,0.0,0.0,0.0,-149,-316,6619,-0.8184814453125,-1.73583984375,36.3592529296875,98727.109,305.75,1,1,0,0,622,54,135,271,271,271,271,1708,F4line=622;YAH=1084
DIRECT_SERIAL,54,1789591938132933838,2026-09-16T20:52:18.132934+00:00,-1,2135370745472,1789591938000000000,1789591938,0,2155006,1789591938017944,1789591938000000,2,4,0.265169349564114,-0.0663570393244213,gnss_local_enu_direct,0.265169349564114,-0.0663570393244213,110.434703,-7.0509206,232.37,0.429,0.693,3,1,16,0,0.0364,195.945,-0.035,-0.01,-0.041,0.225,180.0,99.0,9.87,92.21852314558986,neo3_calibrated_direct,1,14.1724,-0.746536,-23.23,27.22218098829144,1,113.29527418246336,yahboom_calibrated_direct+neo3_cross_align,0,596,28,3356,0.5433338094967768,-0.2618268646853045,0.6031292859853652,92.82924490509865,neo3_calibrated_direct:gyro_integral,1,92.82924490509865,nan,36.3592529296875,0.0,62,-31,2049,0.296881005859375,-0.1484405029296875,9.811438403320311,9.817051311707539,0,0,0,0.0,0.0,0.0,0.0,0.0,0.0,0.0,-149,-316,6619,-0.8184814453125,-1.73583984375,36.3592529296875,98722.531,305.75,1,1,0,0,638,55,138,276,276,276,276,1744,F4line=638;YAH=1104
DIRECT_SERIAL,55,1789591938233130983,2026-09-16T20:52:18.233131+00:00,-1,2135470942558,1789591938100000000,1789591938,100000000,2155096,1789591938108577,1789591938100000,2,4,0.26516935004551917,-0.06635703936565983,gnss_local_enu_direct,0.26516935004551917,-0.06635703936565983,110.434703,-7.0509206,232.38,0.429,0.695,3,1,16,0,0.094,290.556,0.033,-0.088,-0.062,0.23,140.198,99.0,10.05,92.28818251814762,neo3_calibrated_direct,1,14.1968,-0.716782,-23.2788,27.27572979987014,1,113.28052897716161,yahboom_calibrated_direct+neo3_cross_align,0,606,24,3351,0.5447629267639846,-0.26236435276262043,0.6046500640676483,92.82924490509865,neo3_calibrated_direct:gyro_integral,1,92.82924490509865,nan,36.3592529296875,0.0,64,-28,2048,0.3064578125,-0.13407529296874998,9.80665,9.812353275210128,0,0,0,0.0,0.0,0.0,0.0,0.0,0.0,0.0,-149,-316,6619,-0.8184814453125,-1.73583984375,36.3592529296875,98723.758,305.75,1,1,0,0,648,56,141,282,282,281,281,1776,F4line=648;YAH=1126
DIRECT_SERIAL,56,1789591938333179507,2026-09-16T20:52:18.333179+00:00,-1,2135570991056,1789591938200000000,1789591938,200000000,2155194,1789591938206527,1789591938200000,2,4,0.26516935004551917,-0.06635703936565983,gnss_local_enu_direct,0.26516935004551917,-0.06635703936565983,110.434703,-7.0509206,232.38,0.43,0.697,3,1,16,0,0.0701,104.036,-0.017,0.068,-0.032,0.216,176.575,99.0,10.08,92.23931774944826,neo3_calibrated_direct,1,14.1724,-0.737762,-23.0469,27.065860676110855,1,113.3285455138257,yahboom_calibrated_direct+neo3_cross_align,0,603,22,3351,0.544328546021442,-0.2626472107072292,0.6043816040434261,92.82924490509865,neo3_calibrated_direct:gyro_integral,1,92.82924490509865,nan,36.3592529296875,0.0,63,-27,2048,0.3016694091796875,-0.1292868896484375,9.80665,9.812140630605015,0,0,0,0.0,0.0,0.0,0.0,0.0,0.0,0.0,-149,-316,6619,-0.8184814453125,-1.73583984375,36.3592529296875,98721.008,305.75,1,1,0,0,659,57,143,287,287,287,287,1809,F4line=659;YAH=1148
DIRECT_SERIAL,57,1789591938433529073,2026-09-16T20:52:18.433529+00:00,-1,2135671340678,1789591938300000000,1789591938,300000000,2155295,1789591938307739,1789591938300000,2,4,0.26516935004551917,-0.06635703936565983,gnss_local_enu_direct,0.26516935004551917,-0.06635703936565983,110.434703,-7.0509206,232.38,0.431,0.698,3,1,16,0,0.0354,16.39,0.034,0.01,-0.035,0.219,180.0,99.0,10.05,92.10594779039769,neo3_calibrated_direct,1,14.2212,-0.793457,-23.1812,27.207354463285274,1,113.50539478582563,yahboom_calibrated_direct+neo3_cross_align,0,603,9,3346,0.5443056109242719,-0.2644513847014313,0.6051471994103164,92.82924490509865,neo3_calibrated_direct:gyro_integral,1,92.82924490509865,nan,36.3592529296875,0.0,64,-27,2049,0.3064578125,-0.1292868896484375,9.811438403320311,9.817074667782958,0,0,0,0.0,0.0,0.0,0.0,0.0,0.0,0.0,-149,-316,6619,-0.8184814453125,-1.73583984375,36.3592529296875,98724.367,305.75,1,1,0,0,669,58,146,292,292,292,292,1839,F4line=669;YAH=1168
DIRECT_SERIAL,58,1789591938533583789,2026-09-16T20:52:18.533584+00:00,-1,2135771395394,1789591938400000000,1789591938,400000000,2155397,1789591938408999,1789591938400000,2,4,0.27621807287792904,-0.06635703947096397,gnss_local_enu_direct,0.27621807287792904,-0.06635703947096397,110.4347031,-7.0509206,232.39,0.431,0.7,3,1,16,0,0.0552,112.38,-0.021,0.051,-0.015,0.207,180.0,99.0,10.01,92.33289150881009,neo3_calibrated_direct,1,14.209,-0.697708,-23.23,27.239959204324517,1,113.57952067300289,yahboom_calibrated_direct+neo3_cross_align,0,606,2,3360,0.5447241135226198,-0.26541757029127017,0.6059462405794143,92.82924490509865,neo3_calibrated_direct:gyro_integral,1,92.82924490509865,nan,36.3592529296875,0.0,64,-33,2045,0.3064578125,-0.1580173095703125,9.792284790039062,9.798353293803837,0,0,0,0.0,0.0,0.0,0.0,0.0,0.0,0.0,-149,-316,6619,-0.8184814453125,-1.73583984375,36.3592529296875,98721.312,305.75,1,1,0,0,679,59,148,297,297,297,297,1869,F4line=679;YAH=1188
DIRECT_SERIAL,59,1789591938634078873,2026-09-16T20:52:18.634079+00:00,-1,2135871890477,1789591938500000000,1789591938,500000000,2155496,1789591938507839,1789591938500000,2,4,0.2872667977809307,-0.06635703960356704,gnss_local_enu_direct,0.2872667977809307,-0.06635703960356704,110.4347032,-7.0509206,232.4,0.432,0.702,3,1,16,0,0.0233,25.463,0.021,0.01,0.003,0.234,180.0,99.0,10.03,92.21038671255953,neo3_calibrated_direct,1,14.1724,-0.749969,-23.2178,27.211865281545123,1,113.622169057926,yahboom_calibrated_direct+neo3_cross_align,0,596,4,3343,0.5432914677789243,-0.26515764744383147,0.6045446194941488,92.82924490509865,neo3_calibrated_direct:gyro_integral,1,92.82924490509865,nan,36.3592529296875,0.0,56,-26,2053,0.26815058593749996,-0.12449848632812499,9.830592016601562,9.835036553399636,1,0,0,0.06103515625,0.0,0.0,0.0010652644360316954,0.0,0.0,0.0,-149,-316,6619,-0.8184814453125,-1.73583984375,36.3592529296875,98719.789,305.75,1,1,0,0,696,60,151,302,302,302,302,1906,F4line=696;YAH=1208
DIRECT_SERIAL,60,1789591938734381734,2026-09-16T20:52:18.734382+00:00,-1,2135972193306,1789591938700000000,1789591938,700000000,2155694,1789591938706844,1789591938700000,2,4,0.28726679815114003,-0.06635703977188957,gnss_local_enu_direct,0.28726679815114003,-0.06635703977188957,110.4347032,-7.0509206,232.41,0.433,0.704,3,1,16,0,0.0041,104.036,-0.001,0.004,-0.009,0.242,180.0,99.0,10.02,92.24852856729059,neo3_calibrated_direct,1,14.2212,-0.733185,-23.1812,27.205663438413424,1,113.44377410621796,yahboom_calibrated_direct+neo3_cross_align,0,606,12,3354,0.5447417559050585,-0.2640297441418839,0.6053555041611127,92.82924490509865,neo3_calibrated_direct:gyro_integral,1,92.82924490509865,nan,36.3592529296875,0.0,66,-34,2041,0.316034619140625,-0.16280571289062498,9.773131176757811,9.77959490872504,-1,0,0,-0.06103515625,0.0,0.0,-0.0010652644360316954,0.0,0.0,0.0,-149,-317,6619,-0.8184814453125,-1.7413330078125,36.3592529296875,98723.453,305.75,1,1,0,0,706,61,153,307,307,307,307,1936,F4line=706;YAH=1228
DIRECT_SERIAL,61,1789591938835574014,2026-09-16T20:52:18.835574+00:00,-1,2136073385586,1789591938700000000,1789591938,700000000,2155694,1789591938706844,1789591938700000,2,4,0.2983155214199074,-0.0663570398572367,gnss_local_enu_direct,0.2983155214199074,-0.0663570398572367,110.4347033,-7.0509206,232.42,0.434,0.707,3,1,16,0,0.028,267.955,-0.001,-0.028,-0.009,0.238,180.0,99.0,10.05,92.51863140959217,neo3_calibrated_direct,1,14.1724,-0.619888,-23.1323,27.13566815434151,1,113.39050112037663,yahboom_calibrated_direct+neo3_cross_align,0,598,20,3355,0.5436069304348625,-0.26293359712832576,0.6038564161418294,92.82924490509865,neo3_calibrated_direct:gyro_integral,1,92.82924490509865,nan,36.3592529296875,0.0,61,-25,2056,0.2920926025390625,-0.1197100830078125,9.8449572265625,9.850016821573298,2,0,0,0.1220703125,0.0,0.0,0.0021305288720633907,0.0,0.0,0.0,-149,-317,6619,-0.8184814453125,-1.7413330078125,36.3592529296875,98718.57,305.75,1,1,0,0,719,62,156,312,312,312,312,1969,F4line=719;YAH=1248
DIRECT_SERIAL,62,1789591938942144871,2026-09-16T20:52:18.942145+00:00,-1,2136179956521,1789591938900000000,1789591938,900000000,2155895,1789591938906993,1789591938900000,2,4,0.29831552194636035,-0.06635704007520571,gnss_local_enu_direct,0.29831552194636035,-0.06635704007520571,110.4347033,-7.0509206,232.44,0.437,0.712,3,1,16,0,0.0624,77.969,0.013,0.061,-0.05,0.218,180.0,99.0,10.03,92.619216240598,neo3_calibrated_direct,1,14.1479,-0.577927,-23.1323,27.121953788717526,1,113.46714336076694,yahboom_calibrated_direct+neo3_cross_align,0,587,20,3354,0.5420271387926608,-0.26295300374900815,0.6024431104829603,92.82924490509865,neo3_calibrated_direct:gyro_integral,1,92.82924490509865,nan,36.3592529296875,0.0,62,-34,2044,0.296881005859375,-0.16280571289062498,9.787496386718749,9.793351293189806,-1,-2,0,-0.06103515625,-0.1220703125,0.0,-0.0010652644360316954,-0.0021305288720633907,0.0,0.0,-149,-318,6619,-0.8184814453125,-1.746826171875,36.3592529296875,98724.367,305.75,1,1,0,0,731,64,158,317,317,317,317,2001,F4line=731;YAH=1268
DIRECT_SERIAL,63,1789591939042498651,2026-09-16T20:52:19.042499+00:00,-1,2136280310244,1789591939000000000,1789591939,0,2156003,1789591939014869,1789591939000000,2,4,0.29831552194636035,-0.06635704007520571,gnss_local_enu_direct,0.29831552194636035,-0.06635704007520571,110.4347033,-7.0509206,232.44,0.437,0.712,3,1,16,0,0.0624,77.969,0.013,0.061,-0.05,0.218,180.0,99.0,10.03,92.57262871167936,neo3_calibrated_direct,1,14.1968,-0.596619,-23.1934,27.199979559388662,1,113.28118310291426,yahboom_calibrated_direct+neo3_cross_align,0,600,27,3335,0.5439065149466062,-0.2619585903472677,0.6037024101807864,92.82924490509865,neo3_calibrated_direct:gyro_integral,1,92.82924490509865,nan,36.3592529296875,0.0,66,-34,2066,0.316034619140625,-0.16280571289062498,9.892841259765625,9.899226826958067,1,0,0,0.06103515625,0.0,0.0,0.0010652644360316954,0.0,0.0,0.0,-149,-318,6619,-0.8184814453125,-1.746826171875,36.3592529296875,98724.062,305.75,1,1,0,0,740,64,161,322,322,322,322,2030,F4line=740;YAH=1288
DIRECT_SERIAL,64,1789591939142783446,2026-09-16T20:52:19.142783+00:00,-1,2136380595120,1789591939100000000,1789591939,100000000,2156095,1789591939107473,1789591939100000,2,4,0.2983155225631057,-0.07741654663870251,gnss_local_enu_direct,0.2983155225631057,-0.07741654663870251,110.4347033,-7.0509207,232.45,0.439,0.718,3,1,16,0,0.021,115.346,-0.009,0.019,-0.004,0.221,180.0,99.0,10.05,92.38714449515487,neo3_calibrated_direct,1,14.1602,-0.675583,-22.9004,26.93317650389365,1,113.42036918175928,yahboom_calibrated_direct+neo3_cross_align,0,580,27,3368,0.5410341665062396,-0.2619938751121448,0.6011312335284031,92.82072389234223,neo3_calibrated_direct:gyro_integral,1,92.82072389234223,nan,36.3592529296875,0.0,85,-6,2039,0.4070142822265625,-0.028730419921875,9.763554370117188,9.772076544992867,24,-66,-7,1.46484375,-4.0283203125,-0.42724609375,0.025566346464760685,-0.07030745277809189,-0.007456851052221867,-0.007456851052221867,-135,-355,6619,-0.7415771484375,-1.9500732421875,36.3592529296875,98722.227,305.75,1,1,0,0,752,66,163,327,327,327,327,2062,F4line=752;YAH=1308
DIRECT_SERIAL,65,1789591939244901623,2026-09-16T20:52:19.244902+00:00,-1,2136482713210,1789591939200000000,1789591939,200000000,2156193,1789591939205722,1789591939200000,2,4,0.2983155225631057,-0.07741654663870251,gnss_local_enu_direct,0.2983155225631057,-0.07741654663870251,110.4347033,-7.0509207,232.45,0.44,0.722,3,1,16,0,0.0652,318.731,0.049,-0.043,0.016,0.231,180.0,99.0,10.08,92.5132707957151,neo3_calibrated_direct,1,14.2944,-0.619888,-22.8882,26.99229208000951,1,113.0974624929473,yahboom_calibrated_direct+neo3_cross_align,0,589,46,3354,0.5423602438310378,-0.2593411272841162,0.6011758930541534,92.81107258179536,neo3_calibrated_direct:gyro_integral,1,92.81107258179536,nan,36.3482666015625,0.0,82,-28,2078,0.39264907226562495,-0.13407529296874998,9.950302099609374,9.95894880756129,0,-13,-2,0.0,-0.79345703125,-0.1220703125,0.0,-0.01384843766841204,-0.0021305288720633907,-0.0021305288720633907,-122,-395,6617,-0.670166015625,-2.1697998046875,36.3482666015625,98721.008,305.75,1,1,0,0,763,67,166,332,332,332,332,2093,F4line=763;YAH=1328
DIRECT_SERIAL,66,1789591939350418005,2026-09-16T20:52:19.350418+00:00,-1,2136588229695,1789591939300000000,1789591939,300000000,2156296,1789591939308134,1789591939300000,2,4,0.3093642460216946,-0.06635704030891834,gnss_local_enu_direct,0.3093642460216946,-0.06635704030891834,110.4347034,-7.0509206,232.46,0.442,0.725,3,1,16,0,0.0471,107.281,-0.014,0.045,0.017,0.2519,180.0,99.0,10.02,92.21498558142343,neo3_calibrated_direct,1,14.2822,-0.746536,-23.1567,27.217114243234825,1,112.72752357013606,yahboom_calibrated_direct+neo3_cross_align,0,627,54,3337,0.5478318197736853,-0.2581638253113407,0.605613955796869,92.48942975934769,neo3_calibrated_direct:gyro_integral,1,92.48942975934769,nan,36.0736083984375,0.0,54,-86,2073,0.258573779296875,-0.411802685546875,9.926360083007811,9.938262742989558,4,26,-108,0.244140625,1.5869140625,-6.591796875,0.004261057744126781,0.02769687533682408,-0.11504855909142309,-0.11504855909142309,-138,-375,6567,-0.758056640625,-2.0599365234375,36.0736083984375,98722.531,305.75,1,1,0,0,774,68,169,337,337,337,337,2124,F4line=774;YAH=1348
DIRECT_SERIAL,67,1789591939451211924,2026-09-16T20:52:19.451212+00:00,-1,2136689023512,1789591939400000000,1789591939,400000000,2156397,1789591939408307,1789591939400000,2,4,0.3093642460216946,-0.06635704030891834,gnss_local_enu_direct,0.3093642460216946,-0.06635704030891834,110.4347034,-7.0509206,232.46,0.443,0.728,3,1,16,0,0.0228,293.199,0.009,-0.021,-0.032,0.274,180.0,99.0,10.0,91.74324829518511,neo3_calibrated_direct,1,14.209,-0.946808,-23.0835,27.12268605132729,1,111.80931287973775,yahboom_calibrated_direct+neo3_cross_align,0,610,129,3371,0.5455226414676628,-0.24778512124108937,0.5991597605499869,91.23276367530376,neo3_calibrated_direct:gyro_integral,1,91.23276367530376,nan,34.8486328125,0.0,44,-57,2113,0.21068974609375,-0.27293898925781246,10.117896215820313,10.123769539804684,125,128,-203,7.62939453125,7.8125,-12.39013671875,0.1331580545039619,0.136353847812057,-0.21624868051443413,-0.21624868051443413,-48,-238,6344,-0.263671875,-1.307373046875,34.8486328125,98719.484,305.75,1,1,0,0,784,69,171,343,343,343,343,2158,F4line=784;YAH=1372
DIRECT_SERIAL,68,1789591939551222969,2026-09-16T20:52:19.551223+00:00,-1,2136789034543,1789591939500000000,1789591939,500000000,2156495,1789591939507180,1789591939500000,2,4,0.3093642468733091,-0.06635704063401432,gnss_local_enu_direct,0.3093642468733091,-0.06635704063401432,110.4347034,-7.0509206,232.48,0.444,0.731,3,1,16,0,0.0357,17.928,0.034,0.011,-0.149,0.2519,180.0,99.0,10.03,89.26104482660196,neo3_calibrated_direct,1,14.0991,-2.02179,-23.7427,27.687326683955963,1,109.4593474470646,yahboom_calibrated_direct+neo3_cross_align,0,607,297,3467,0.5453881812265754,-0.22447493464613197,0.589777300772094,89.78481801965965,neo3_calibrated_direct:gyro_integral,1,89.78481801965965,nan,33.431396484375,0.0,-34,51,2119,-0.16280571289062498,0.2442085693359375,10.146626635742187,10.150870682391721,211,74,-263,12.87841796875,4.5166015625,-16.05224609375,0.2247707960026877,0.07882956826634545,-0.28016454667633583,-0.28016454667633583,138,-87,6086,0.758056640625,-0.4779052734375,33.431396484375,98725.891,305.75,1,1,0,0,794,70,174,348,348,348,348,2188,F4line=794;YAH=1392
DIRECT_SERIAL,69,1789591939664635654,2026-09-16T20:52:19.664636+00:00,-1,2136902447344,1789591939600000000,1789591939,600000000,2156596,1789591939607356,1789591939600000,2,4,0.30936424735471435,-0.06635704067525286,gnss_local_enu_direct,0.30936424735471435,-0.06635704067525286,110.4347034,-7.0509206,232.49,0.445,0.734,3,1,16,0,0.044,92.603,-0.002,0.044,-0.087,0.245,180.0,99.0,10.01,87.27179462172462,neo3_calibrated_direct,1,14.0259,-2.93732,-24.1455,28.077729428185606,1,106.2820720316437,yahboom_calibrated_direct+neo3_cross_align,0,624,507,3521,0.5482001674320965,-0.1953005934588752,0.5819499509218705,87.98261171503442,neo3_calibrated_direct:gyro_integral,1,87.98261171503442,nan,31.6351318359375,0.0,22,122,2049,0.105344873046875,0.584185205078125,9.811438403320311,9.829379097290838,176,54,-308,10.7421875,3.2958984375,-18.798828125,0.18748654074157836,0.05752427954571154,-0.32810144629776217,-0.32810144629776217,361,-22,5759,1.9830322265625,-0.120849609375,31.6351318359375,98721.617,305.75,1,1,0,0,811,71,176,353,353,353,353,2225,F4line=811;YAH=1412
DIRECT_SERIAL,70,1789591939769540228,2026-09-16T20:52:19.769540+00:00,-1,2137007351935,1789591939700000000,1789591939,700000000,2156694,1789591939706621,1789591939700000,2,4,0.3093642490128958,-0.06635704103317944,gnss_local_enu_direct,0.3093642490128958,-0.06635704103317944,110.4347034,-7.0509206,232.52,0.446,0.737,3,1,16,0,0.0278,232.306,-0.017,-0.022,-0.089,0.285,180.0,99.0,10.04,84.70707226847186,neo3_calibrated_direct,1,13.9404,-4.11682,-24.1699,28.204024980176143,1,103.06390335555521,yahboom_calibrated_direct+neo3_cross_align,0,650,706,3550,0.5522853038151004,-0.16763698289174864,0.5771665399546185,86.16612249250261,neo3_calibrated_direct:gyro_integral,1,86.16612249250261,nan,29.8114013671875,0.0,-33,110,2092,-0.1580173095703125,0.5267243652343749,10.01733974609375,10.032422619473573,51,27,-281,3.11279296875,1.64794921875,-17.15087890625,0.054328486237616457,0.02876213977285577,-0.29933930652490637,-0.29933930652490637,483,25,5427,2.6531982421875,0.1373291015625,29.8114013671875,98723.141,305.75,1,1,0,0,824,72,179,358,358,358,358,2258,F4line=824;YAH=1432
DIRECT_SERIAL,71,1789591939870202341,2026-09-16T20:52:19.870202+00:00,-1,2137108013992,1789591939800000000,1789591939,800000000,2156795,1789591939807873,1789591939800000,2,4,0.3204129728416939,-0.055297534409578145,gnss_local_enu_direct,0.3204129728416939,-0.055297534409578145,110.4347035,-7.0509205,232.54,0.447,0.739,3,1,16,0,0.0332,74.291,0.009,0.032,-0.071,0.245,180.0,99.0,10.02,82.68623709555719,neo3_calibrated_direct,1,13.8672,-5.04761,-24.0967,28.25647807923167,1,99.74846544545647,yahboom_calibrated_direct+neo3_cross_align,0,662,912,3604,0.5543721459575545,-0.13902659335546566,0.5715390361765416,83.98733388574976,neo3_calibrated_direct:gyro_integral,1,83.98733388574976,nan,27.630615234375,0.0,-33,107,1977,-0.1580173095703125,0.5123591552734374,9.466673364257812,9.48184507148607,-58,-149,-311,-3.5400390625,-9.09423828125,-18.98193359375,-0.06178533728983833,-0.1587244009687226,-0.3312972396058572,-0.3312972396058572,470,-15,5030,2.581787109375,-0.0823974609375,27.630615234375,98723.453,305.75,1,1,0,0,836,73,182,364,364,364,364,2294,F4line=836;YAH=1456
DIRECT_SERIAL,72,1789591939986350963,2026-09-16T20:52:19.986351+00:00,-1,2137224162580,1789591939900000000,1789591939,900000000,2156896,1789591939908038,1789591939900000,2,4,0.3535591446313392,-0.05529753513067309,gnss_local_enu_direct,0.3535591446313392,-0.05529753513067309,110.4347038,-7.0509205,232.6,0.447,0.739,3,1,16,0,0.0585,109.983,-0.02,0.055,-0.053,0.22,180.0,99.0,10.0,81.35826322398357,neo3_calibrated_direct,1,14.0503,-5.70374,-23.6572,28.099941137262192,1,97.24079099821024,yahboom_calibrated_direct+neo3_cross_align,0,742,1049,3583,0.5661032403584294,-0.11987223604936567,0.5786555380533297,82.08697291095412,neo3_calibrated_direct:gyro_integral,1,82.08697291095412,nan,25.675048828125,0.0,20,109,2034,0.09576806640624999,0.5219359619140624,9.739612353515625,9.754057487406794,-146,-207,-306,-8.9111328125,-12.63427734375,-18.6767578125,-0.1555286076606275,-0.22050973825856093,-0.3259709174256988,-0.3259709174256988,357,-219,4674,1.9610595703125,-1.2030029296875,25.675048828125,98719.484,305.75,1,1,0,0,844,74,184,369,369,369,369,2322,F4line=844;YAH=1476
DIRECT_SERIAL,73,1789591940086934719,2026-09-16T20:52:20.086935+00:00,-1,2137324746320,1789591940000000000,1789591940,0,2157004,1789591940015932,1789591940000000,2,4,0.3977540428795947,-0.06635704324395372,gnss_local_enu_direct,0.3977540428795947,-0.06635704324395372,110.4347042,-7.0509206,232.67,0.447,0.739,3,1,16,0,0.0939,243.435,-0.042,-0.084,0.01,0.234,142.749,99.0,9.89,79.77480990713526,neo3_calibrated_direct,1,14.1602,-6.48193,-23.4619,28.16003253149577,1,95.3724136976065,yahboom_calibrated_direct+neo3_cross_align,0,810,1152,3536,0.5760509415947933,-0.10545765851010518,0.5856244573535859,80.2756770391351,neo3_calibrated_direct:gyro_integral,1,80.2756770391351,nan,23.8348388671875,0.0,71,67,2059,0.3399766357421875,0.32082302246093747,9.859322436523437,9.870397683575165,-14,-33,-304,-0.8544921875,-2.01416015625,-18.5546875,-0.014913702104443734,-0.035153726389045944,-0.32384038855363534,-0.32384038855363534,268,-342,4339,1.47216796875,-1.878662109375,23.8348388671875,98720.398,305.75,1,1,0,0,858,75,187,374,374,374,374,2356,F4line=858;YAH=1496
DIRECT_SERIAL,74,1789591940187098151,2026-09-16T20:52:20.187098+00:00,-1,2137424909726,1789591940100000000,1789591940,100000000,2157096,1789591940108273,1789591940100000,2,4,0.4419489443299736,-0.06635704460814455,gnss_local_enu_direct,0.4419489443299736,-0.06635704460814455,110.4347046,-7.0509206,232.78,0.447,0.739,3,1,16,0,0.0275,340.906,0.026,-0.009,-0.056,0.243,180.0,99.0,10.04,77.34481966842417,neo3_calibrated_direct,1,13.7695,-7.56226,-23.4009,28.184907794200782,1,93.20798767463795,yahboom_calibrated_direct+neo3_cross_align,0,805,1289,3539,0.5755745551241097,-0.08645326145473284,0.582031128826008,78.39219066662965,neo3_calibrated_direct:gyro_integral,1,78.39219066662965,nan,21.9561767578125,0.0,77,92,2069,0.3687070556640625,0.44053310546874996,9.907206469726562,9.923847758994604,159,141,-321,9.70458984375,8.60595703125,-19.59228515625,0.16937704532903955,0.15020228548046904,-0.3419498839661742,-0.3419498839661742,382,-250,3997,2.098388671875,-1.373291015625,21.9561767578125,98720.398,305.75,1,1,0,0,866,76,190,379,379,379,379,2384,F4line=866;YAH=1516
DIRECT_SERIAL,75,1789591940288436878,2026-09-16T20:52:20.288437+00:00,-1,2137526248489,1789591940200000000,1789591940,200000000,2157195,1789591940207424,1789591940200000,2,4,0.49719257088584995,-0.05529753877336188,gnss_local_enu_direct,0.49719257088584995,-0.05529753877336188,110.4347051,-7.0509205,232.88,0.447,0.739,3,1,16,0,0.0506,9.09,0.05,0.008,-0.099,0.237,180.0,99.0,10.05,75.46755237891728,neo3_calibrated_direct,1,13.4155,-8.37402,-23.5229,28.34478215863371,1,90.82401736975537,yahboom_calibrated_direct+neo3_cross_align,0,752,1467,3593,0.5682768661645441,-0.061843460622581906,0.5716320584428168,76.35601053986588,neo3_calibrated_direct:gyro_integral,1,76.35601053986588,nan,19.9566650390625,0.0,62,149,2031,0.296881005859375,0.7134720947265625,9.725247143554688,9.755901432713033,104,45,-340,6.34765625,2.74658203125,-20.751953125,0.11078750134729631,0.04793689962142629,-0.3621899082507764,-0.3621899082507764,556,-124,3633,3.05419921875,-0.68115234375,19.9566650390625,98721.922,305.75,1,1,0,0,877,77,192,384,384,384,384,2415,F4line=877;YAH=1536
DIRECT_SERIAL,76,1789591940389165456,2026-09-16T20:52:20.389166+00:00,-1,2137626977012,1789591940300000000,1789591940,300000000,2157296,1789591940307498,1789591940300000,2,4,0.5413874737691717,-0.05529754007396667,gnss_local_enu_direct,0.5413874737691717,-0.05529754007396667,110.4347055,-7.0509205,232.97,0.447,0.74,3,1,16,0,0.0696,327.907,0.059,-0.037,-0.062,0.224,180.0,99.0,10.03,72.73085290279978,neo3_calibrated_direct,1,12.854,-9.52759,-23.4253,28.368027201377608,1,88.23525518525915,yahboom_calibrated_direct+neo3_cross_align,0,701,1671,3608,0.5613122822433553,-0.033621783325539015,0.5623183284503838,73.59638918867016,neo3_calibrated_direct:gyro_integral,1,73.59638918867016,nan,17.2265625,0.0,-45,86,2012,-0.2154781494140625,0.411802685546875,9.634267480468749,9.645471588777616,4,-4,-407,0.244140625,-0.244140625,-24.84130859375,0.004261057744126781,-0.004261057744126781,-0.4335626254649,-0.4335626254649,602,-120,3136,3.306884765625,-0.6591796875,17.2265625,98722.531,305.75,1,1,0,0,888,78,195,390,390,390,390,2450,F4line=888;YAH=1560
DIRECT_SERIAL,77,1789591940489215530,2026-09-16T20:52:20.489215+00:00,-1,2137727027090,1789591940400000000,1789591940,400000000,2157395,1789591940407542,1789591940400000,2,4,0.5413874766010858,-0.044238032925484505,gnss_local_enu_direct,0.5413874766010858,-0.044238032925484505,110.4347055,-7.0509204,233.0,0.448,0.742,3,1,16,0,0.084,270.0,0.0,-0.084,-0.044,0.281,180.0,99.0,10.04,71.18412094359985,neo3_calibrated_direct,1,12.3352,-10.0952,-23.2788,28.212989056815655,1,86.10712236894561,yahboom_calibrated_direct+neo3_cross_align,0,633,1835,3619,0.5518356326181008,-0.010981402676186656,0.5519448855019458,71.08813388922617,neo3_calibrated_direct:gyro_integral,1,71.08813388922617,nan,14.7601318359375,0.0,-18,113,1922,-0.086191259765625,0.5410895751953124,9.203311181640624,9.219606475753526,167,179,-412,10.19287109375,10.92529296875,-25.146484375,0.17789916081729312,0.19068233404967347,-0.4388889476450585,-0.4388889476450585,677,23,2687,3.7188720703125,0.1263427734375,14.7601318359375,98723.141,305.75,1,1,0,0,897,79,197,395,395,395,395,2479,F4line=897;YAH=1580
DIRECT_SERIAL,78,1789591940589298511,2026-09-16T20:52:20.589298+00:00,-1,2137827110080,1789591940500000000,1789591940,500000000,2157496,1789591940507775,1789591940500000,2,4,0.5413874767909073,-0.0331785254705389,gnss_local_enu_direct,0.5413874767909073,-0.0331785254705389,110.4347055,-7.0509203,233.0,0.45,0.745,3,1,16,0,0.0612,355.314,0.061,-0.005,-0.026,0.226,180.0,99.0,10.02,68.02930904225333,neo3_calibrated_direct,1,11.615,-11.3525,-23.9136,28.90757247175902,1,82.92062529492497,yahboom_calibrated_direct+neo3_cross_align,0,495,2069,3670,0.5324292601286323,0.02125026434179962,0.5328531606134276,68.74061617841471,neo3_calibrated_direct:gyro_integral,1,68.74061617841471,nan,12.4859619140625,0.0,-34,168,2077,-0.16280571289062498,0.8044517578125,9.945513696289062,9.97932317413715,324,361,-344,19.775390625,22.03369140625,-20.99609375,0.34514567727426926,0.384560461407442,-0.3664509659949032,-0.3664509659949032,970,340,2273,5.328369140625,1.86767578125,12.4859619140625,98721.617,305.75,1,1,0,0,907,80,199,400,400,400,400,2509,F4line=907;YAH=1600
DIRECT_SERIAL,79,1789591940707514149,2026-09-16T20:52:20.707514+00:00,-1,2137945325749,1789591940600000000,1789591940,600000000,2157595,1789591940606662,1789591940600000,2,4,0.5303387509910462,-0.022119017688693288,gnss_local_enu_direct,0.5303387509910462,-0.022119017688693288,110.4347054,-7.0509202,232.99,0.452,0.748,3,1,16,0,0.0244,109.179,-0.008,0.023,-0.041,0.266,180.0,99.0,10.03,64.76487121542884,neo3_calibrated_direct,1,10.3882,-12.384,-23.7061,28.692461247686644,1,80.57648867414147,yahboom_calibrated_direct+neo3_cross_align,0,366,2229,3666,0.5141848908072838,0.043227895998522343,0.515998791594474,66.83866824610126,neo3_calibrated_direct:gyro_integral,1,66.83866824610126,nan,10.5029296875,0.0,-45,144,1947,-0.2154781494140625,0.689530078125,9.323021264648437,9.350968295454804,-284,-399,-295,-17.333984375,-24.35302734375,-18.00537109375,-0.3025350998330015,-0.42504050997664644,-0.31425300862935013,-0.31425300862935013,892,242,1912,4.89990234375,1.329345703125,10.5029296875,98724.672,305.75,1,1,0,0,924,81,202,405,405,405,405,2546,F4line=924;YAH=1620
DIRECT_SERIAL,80,1789591940808197899,2026-09-16T20:52:20.808198+00:00,-1,2138046009499,1789591940700000000,1789591940,700000000,2157694,1789591940706853,1789591940700000,2,4,0.5303387491555206,-0.02211901764613028,gnss_local_enu_direct,0.5303387491555206,-0.02211901764613028,110.4347054,-7.0509202,232.97,0.454,0.751,3,1,16,0,0.0461,330.101,0.04,-0.023,0.007,0.229,180.0,99.0,10.04,64.14038237630287,neo3_calibrated_direct,1,10.4065,-12.7075,-23.3643,28.55987242601059,1,80.33047955858237,yahboom_calibrated_direct+neo3_cross_align,0,426,2251,3615,0.5228407493697488,0.04638696782180338,0.5248944655692432,64.88536657196737,neo3_calibrated_direct:gyro_integral,1,64.88536657196737,nan,8.382568359375,0.0,26,88,2001,0.12449848632812499,0.4213794921875,9.581595043945311,9.591664304785251,-135,-83,-246,-8.23974609375,-5.06591796875,-15.0146484375,-0.14381069886427886,-0.08841694819063071,-0.262055051263797,-0.262055051263797,561,-103,1526,3.0816650390625,-0.5657958984375,8.382568359375,98724.367,305.75,1,1,0,0,937,82,205,411,411,411,411,2583,F4line=937;YAH=1644
DIRECT_SERIAL,81,1789591940908240666,2026-09-16T20:52:20.908241+00:00,-1,2138146052254,1789591940800000000,1789591940,800000000,2157796,1789591940807040,1789591940800000,2,4,0.5303387484601496,-0.02211901748621567,gnss_local_enu_direct,0.5303387484601496,-0.02211901748621567,110.4347054,-7.0509202,232.96,0.456,0.756,3,1,16,0,0.0291,3.945,0.029,0.002,0.066,0.33,180.0,99.0,10.0,63.9743517827796,neo3_calibrated_direct,1,10.1379,-12.6465,-23.23,28.32567525514617,1,79.56373970318967,yahboom_calibrated_direct+neo3_cross_align,0,386,2302,3565,0.517186028639452,0.05339431165391906,0.5199349389460607,63.424683552191254,neo3_calibrated_direct:gyro_integral,1,63.424683552191254,nan,6.9488525390625,0.0,-12,153,2010,-0.05746083984375,0.7326257080078125,9.624690673828125,9.652704944367853,162,244,-237,9.8876953125,14.892578125,-14.46533203125,0.17257283863713463,0.25992452239173364,-0.25246767133951176,-0.25246767133951176,590,34,1265,3.240966796875,0.186767578125,6.9488525390625,98721.922,305.75,1,1,0,0,947,83,207,416,416,416,416,2613,F4line=947;YAH=1664
DIRECT_SERIAL,82,1789591941026942581,2026-09-16T20:52:21.026942+00:00,-1,2138264754368,1789591940900000000,1789591940,900000000,2157895,1789591940907199,1789591940900000,2,4,0.5303387468144456,-0.011059509988707056,gnss_local_enu_direct,0.5303387468144456,-0.011059509988707056,110.4347054,-7.0509201,232.94,0.459,0.761,3,1,15,0,0.0768,38.66,0.06,0.048,-0.044,0.266,180.0,99.0,10.02,60.75638471613761,neo3_calibrated_direct,1,9.21631,-13.7451,-23.9746,29.131590914093586,1,77.74407118222932,yahboom_calibrated_direct+neo3_cross_align,0,276,2417,3644,0.5015909996154783,0.06916024616503691,0.506336519070927,62.02647533521091,neo3_calibrated_direct:gyro_integral,1,62.02647533521091,nan,5.6085205078125,0.0,102,168,1750,0.488417138671875,0.8044517578125,8.379705810546875,8.43238776405053,-218,-277,-215,-13.3056640625,-16.90673828125,-13.12255859375,-0.23222764705490956,-0.2950782487807796,-0.22903185374681448,-0.22903185374681448,724,239,1021,3.97705078125,1.3128662109375,5.6085205078125,98724.062,305.75,1,1,0,0,957,84,210,421,421,421,421,2643,F4line=957;YAH=1684
DIRECT_SERIAL,83,1789591941127143518,2026-09-16T20:52:21.127143+00:00,-1,2138364955128,1789591941000000000,1789591941,0,2158002,1789591941013968,1789591941000000,2,4,0.5303387462218443,-0.011059510074552553,gnss_local_enu_direct,0.5303387462218443,-0.011059510074552553,110.4347054,-7.0509201,232.93,0.461,0.765,3,1,15,0,0.0664,37.042,0.053,0.04,-0.006,0.268,180.0,99.0,9.92,60.14751489914806,neo3_calibrated_direct,1,8.77686,-13.7817,-23.6328,28.731128801173128,1,76.73627978436294,yahboom_calibrated_direct+neo3_cross_align,0,231,2480,3600,0.495239362634016,0.07782416018519682,0.5013168920061218,60.52362133887227,neo3_calibrated_direct:gyro_integral,1,60.52362133887227,nan,4.04296875,0.0,-49,67,1900,-0.2346317626953125,0.32082302246093747,9.09796630859375,9.10664430117447,-190,-171,-218,-11.5966796875,-10.43701171875,-13.3056640625,-0.2024002428460221,-0.1821602185614199,-0.23222764705490956,-0.23222764705490956,585,125,736,3.2135009765625,0.6866455078125,4.04296875,98722.836,305.75,1,1,0,0,970,85,213,427,427,427,426,2679,F4line=970;YAH=1707
DIRECT_SERIAL,84,1789591941227184250,2026-09-16T20:52:21.227184+00:00,-1,2138464995828,1789591941100000000,1789591941,100000000,2158093,1789591941105717,1789591941100000,2,4,0.5303387446873361,-2.6810297731882926e-09,gnss_local_enu_direct,0.5303387446873361,-2.6810297731882926e-09,110.4347054,-7.05092,232.91,0.463,0.77,3,1,16,0,0.0572,250.615,-0.019,-0.054,0.06,0.275,180.0,99.0,10.08,59.19001945346645,neo3_calibrated_direct,1,8.47168,-14.0747,-23.6816,28.821601632671282,1,76.73552410961489,yahboom_calibrated_direct+neo3_cross_align,0,224,2479,3551,0.4942322764416438,0.0776730279025512,0.500298553206223,59.12592418329707,neo3_calibrated_direct:gyro_integral,1,59.12592418329707,nan,2.603759765625,0.0,-54,138,2018,-0.258573779296875,0.6607996582031249,9.662997900390625,9.68901672052303,-182,-175,-226,-11.1083984375,-10.68115234375,-13.7939453125,-0.19387812735776855,-0.18642127630554667,-0.24074976254316313,-0.24074976254316313,413,-2,474,2.2686767578125,-0.010986328125,2.603759765625,98724.672,305.75,1,1,0,0,978,86,215,432,432,432,432,2708,F4line=978;YAH=1728
DIRECT_SERIAL,85,1789591941332335680,2026-09-16T20:52:21.332336+00:00,-1,2138570147281,1789591941200000000,1789591941,200000000,2158196,1789591941208289,1789591941200000,2,4,0.5303387420452438,-2.7211711078889422e-09,gnss_local_enu_direct,0.5303387420452438,-2.7211711078889422e-09,110.4347054,-7.05092,232.88,0.465,0.775,3,1,16,0,0.0446,15.593,0.043,0.012,0.071,0.33,180.0,99.0,10.02,58.60936542530749,neo3_calibrated_direct,1,7.97119,-14.0381,-23.5229,28.529545142467658,1,76.531115898836,yahboom_calibrated_direct+neo3_cross_align,0,218,2492,3479,0.49339350700670387,0.0794666164672902,0.49975203440219607,57.752651501227554,neo3_calibrated_direct:gyro_integral,1,57.752651501227554,nan,1.219482421875,0.0,187,37,2239,0.8954314208984374,0.1771709228515625,10.721235034179687,10.760021729697305,-108,-231,-253,-6.591796875,-14.09912109375,-15.44189453125,-0.11504855909142309,-0.2460760847233216,-0.2695119023160189,-0.2695119023160189,248,-162,222,1.3623046875,-0.889892578125,1.219482421875,98723.453,305.75,1,1,0,0,990,87,218,437,437,437,437,2740,F4line=990;YAH=1748
DIRECT_SERIAL,86,1789591941432373197,2026-09-16T20:52:21.432373+00:00,-1,2138670184784,1789591941300000000,1789591941,300000000,2158294,1789591941307237,1789591941300000,2,4,0.5303387399957524,-2.675466945212257e-09,gnss_local_enu_direct,0.5303387399957524,-2.675466945212257e-09,110.4347054,-7.05092,232.86,0.466,0.779,3,1,15,0,0.0607,261.469,-0.009,-0.06,0.089,0.295,180.0,99.0,10.05,57.807392316837046,neo3_calibrated_direct,1,7.65991,-14.2334,-23.3398,28.39031808219309,1,75.91276665940809,yahboom_calibrated_direct+neo3_cross_align,0,217,2534,3451,0.4933239875909275,0.0852937220564686,0.5006431620973762,56.046066721989995,neo3_calibrated_direct:gyro_integral,1,56.046066721989995,nan,359.49462890625,0.0,84,82,1995,0.40222587890625,0.39264907226562495,9.552864624023437,9.569387727359123,10,-7,-260,0.6103515625,-0.42724609375,-15.869140625,0.010652644360316953,-0.007456851052221867,-0.2769687533682408,-0.2769687533682408,260,-225,-92,1.42822265625,-1.2359619140625,359.49462890625,98723.758,305.75,1,1,0,0,999,88,220,442,442,442,442,2769,F4line=999;YAH=1768
DIRECT_SERIAL,87,1789591941532563712,2026-09-16T20:52:21.532564+00:00,-1,2138770375328,1789591941400000000,1789591941,400000000,2158396,1789591941408520,1789591941400000,2,4,0.5303387394031513,-2.761312428711804e-09,gnss_local_enu_direct,0.5303387394031513,-2.761312428711804e-09,110.4347054,-7.05092,232.85,0.468,0.783,3,1,15,0,0.026,202.62,-0.024,-0.01,0.011,0.225,180.0,99.0,10.01,56.0145413392599,neo3_calibrated_direct,1,7.07397,-14.7339,-23.0591,28.263951485609724,1,74.7974448971108,yahboom_calibrated_direct+neo3_cross_align,0,172,2602,3396,0.4869811718006845,0.09465154915132161,0.49609432313332597,54.66201679297538,neo3_calibrated_direct:gyro_integral,1,54.66201679297538,nan,358.0609130859375,0.0,15,52,2066,0.0718260498046875,0.24899697265624998,9.892841259765625,9.896234974208303,-24,-114,-208,-1.46484375,-6.9580078125,-12.6953125,-0.025566346464760685,-0.12144014570761326,-0.22157500269459263,-0.22157500269459263,268,-300,-353,1.47216796875,-1.64794921875,358.0609130859375,98723.141,305.75,1,1,0,0,1010,89,223,447,447,447,447,2800,F4line=1010;YAH=1788
DIRECT_SERIAL,88,1789591941633061884,2026-09-16T20:52:21.633062+00:00,-1,2138870873460,1789591941500000000,1789591941,500000000,2158495,1789591941507432,1789591941500000,2,4,0.530338738786406,0.011059504495393904,gnss_local_enu_direct,0.530338738786406,0.011059504495393904,110.4347054,-7.0509199,232.84,0.47,0.787,3,1,16,0,0.0661,356.532,0.066,-0.004,0.029,0.306,180.0,99.0,10.03,54.939971344892484,neo3_calibrated_direct,1,6.65894,-14.978,-23.1323,28.35110701919063,1,73.87483021677389,yahboom_calibrated_direct+neo3_cross_align,0,153,2661,3381,0.48435653083872354,0.10280620290606725,0.49514681087742735,53.6110070926573,neo3_calibrated_direct:gyro_integral,1,53.6110070926573,nan,356.9732666015625,0.0,89,34,2018,0.4261678955078125,0.16280571289062498,9.662997900390625,9.67376106787143,-4,-17,-148,-0.244140625,-1.03759765625,-9.033203125,-0.004261057744126781,-0.01810949541253882,-0.1576591365326909,-0.1576591365326909,267,-362,-551,1.4666748046875,-1.988525390625,356.9732666015625,98723.141,305.75,1,1,0,0,1027,90,226,452,452,452,452,2837,F4line=1027;YAH=1808
DIRECT_SERIAL,89,1789591941733541432,2026-09-16T20:52:21.733541+00:00,-1,2138971353081,1789591941600000000,1789591941,600000000,2158595,1789591941606440,1789591941600000,2,4,0.5413874627265972,0.011059504329732975,gnss_local_enu_direct,0.5413874627265972,0.011059504329732975,110.4347055,-7.0509199,232.83,0.472,0.791,3,1,16,0,0.0729,312.221,0.049,-0.054,0.058,0.322,180.0,99.0,10.02,54.15547284226272,neo3_calibrated_direct,1,6.41479,-15.1978,-22.937,28.252940105130655,1,73.05306243307489,yahboom_calibrated_direct+neo3_cross_align,0,130,2712,3342,0.4811433062827384,0.10984353878832846,0.4935225265316954,52.64018811829201,neo3_calibrated_direct:gyro_integral,1,52.64018811829201,nan,356.0174560546875,0.0,35,105,2022,0.16759411621093748,0.5027823486328125,9.682151513671874,9.696645595853434,-7,-3,-183,-0.42724609375,-0.18310546875,-11.16943359375,-0.007456851052221867,-0.0031957933080950856,-0.19494339179380024,-0.19494339179380024,269,-355,-725,1.4776611328125,-1.9500732421875,356.0174560546875,98720.094,305.75,1,1,0,0,1036,91,228,457,457,457,457,2866,F4line=1036;YAH=1828
DIRECT_SERIAL,90,1789591941833776384,2026-09-16T20:52:21.833776+00:00,-1,2139071587913,1789591941700000000,1789591941,700000000,2158696,1789591941707922,1789591941700000,2,4,0.5413874621098518,0.022119011586439336,gnss_local_enu_direct,0.5413874621098518,0.022119011586439336,110.4347055,-7.0509198,232.82,0.473,0.793,3,1,16,0,0.0531,3.24,0.053,0.003,-0.009,0.25,180.0,99.0,10.0,52.99077763858341,neo3_calibrated_direct,1,5.89905,-15.3931,-23.0957,28.37530047422406,1,72.42815604805698,yahboom_calibrated_direct+neo3_cross_align,0,106,2749,3356,0.47776176496932093,0.11493615382320507,0.49139253506974656,51.63405240070206,neo3_calibrated_direct:gyro_integral,1,51.63405240070206,nan,354.9847412109375,0.0,91,29,2034,0.43574470214843747,0.1388636962890625,9.739612353515625,9.750343858980136,5,-8,-141,0.30517578125,-0.48828125,-8.60595703125,0.005326322180158476,-0.008522115488253563,-0.15020228548046904,-0.15020228548046904,282,-340,-913,1.549072265625,-1.86767578125,354.9847412109375,98722.227,305.75,1,1,0,0,1050,92,231,462,462,462,462,2900,F4line=1050;YAH=1848
DIRECT_SERIAL,91,1789591941934283734,2026-09-16T20:52:21.934284+00:00,-1,2139172095372,1789591941800000000,1789591941,800000000,2158795,1789591941808009,1789591941800000,2,4,0.5524361853335715,0.022119011562287752,gnss_local_enu_direct,0.5524361853335715,0.022119011562287752,110.4347056,-7.0509198,232.82,0.475,0.795,3,1,16,0,0.0405,320.013,0.031,-0.026,0.08,0.332,180.0,99.0,10.02,52.50012071828943,neo3_calibrated_direct,1,5.67627,-15.4663,-23.0347,28.320026145695913,1,71.86785794194587,yahboom_calibrated_direct+neo3_cross_align,0,81,2781,3328,0.4742277850426659,0.1193330915451447,0.4890116346716045,51.27306832367788,neo3_calibrated_direct:gyro_integral,1,51.27306832367788,nan,354.55078125,0.0,128,-8,2065,0.612915625,-0.0383072265625,9.888052856445311,9.907104637523132,-3,3,0,-0.18310546875,0.18310546875,0.0,-0.0031957933080950856,0.0031957933080950856,0.0,0.0,284,-353,-992,1.56005859375,-1.9390869140625,354.55078125,98722.227,305.75,1,1,0,0,1060,93,233,467,467,467,467,2930,F4line=1060;YAH=1868
DIRECT_SERIAL,92,1789591942035534801,2026-09-16T20:52:22.035535+00:00,-1,2139273346405,1789591941900000000,1789591941,900000000,2158896,1789591941908120,1789591941900000,2,4,0.5524361866551214,0.033178518530671,gnss_local_enu_direct,0.5524361866551214,0.033178518530671,110.4347056,-7.0509197,232.83,0.476,0.797,3,1,16,0,0.0626,257.074,-0.014,-0.061,0.012,0.223,180.0,99.0,10.0,52.32188182681241,neo3_calibrated_direct,1,5.67932,-15.564,-22.9736,28.324531216286704,1,71.50630022103256,yahboom_calibrated_direct+neo3_cross_align,0,67,2802,3370,0.47225419013753017,0.12222282712344186,0.4878139395020413,51.26696473365107,neo3_calibrated_direct:gyro_integral,1,51.26696473365107,nan,354.5452880859375,0.0,34,67,2045,0.16280571289062498,0.32082302246093747,9.792284790039062,9.798891494506975,-10,11,-4,-0.6103515625,0.67138671875,-0.244140625,-0.010652644360316953,0.011717908796348648,-0.004261057744126781,-0.004261057744126781,275,-353,-993,1.5106201171875,-1.9390869140625,354.5452880859375,98720.398,305.75,1,1,0,0,1070,94,236,472,472,472,472,2960,F4line=1070;YAH=1888
DIRECT_SERIAL,93,1789591942144521011,2026-09-16T20:52:22.144521+00:00,-1,2139382332641,1789591942100000000,1789591942,100000000,2159095,1789591942107302,1789591942100000,2,4,0.5745336354772138,0.033178518445071595,gnss_local_enu_direct,0.5745336354772138,0.033178518445071595,110.4347058,-7.0509197,232.85,0.478,0.8,3,1,16,0,0.036,270.0,0.0,-0.036,-0.015,0.214,180.0,99.0,10.04,52.538504953202505,neo3_calibrated_direct,1,5.54199,-15.332,-22.9126,28.120652835951375,1,71.44692087204686,yahboom_calibrated_direct+neo3_cross_align,0,63,2805,3334,0.4716850131641884,0.12263211801528232,0.48736576409573,50.863176635078574,neo3_calibrated_direct:gyro_integral,1,50.863176635078574,nan,354.1937255859375,0.0,47,76,2034,0.22505495605468748,0.36391865234375,9.739612353515625,9.749006888679617,5,-16,-118,0.30517578125,-0.9765625,-7.2021484375,0.005326322180158476,-0.017044230976507126,-0.12570120345174005,-0.12570120345174005,280,-353,-1057,1.5380859375,-1.9390869140625,354.1937255859375,98723.453,305.75,1,1,0,0,1084,96,238,477,477,477,477,2994,F4line=1084;YAH=1908
DIRECT_SERIAL,94,1789591942244659226,2026-09-16T20:52:22.244659+00:00,-1,2139482470818,1789591942200000000,1789591942,200000000,2159196,1789591942208593,1789591942200000,2,4,0.5745336359586191,0.03317851840383307,gnss_local_enu_direct,0.5745336359586191,0.03317851840383307,110.4347058,-7.0509197,232.86,0.479,0.801,3,1,16,0,0.0331,241.113,-0.016,-0.029,-0.004,0.206,180.0,99.0,10.02,51.26808212239671,neo3_calibrated_direct,1,5.34973,-15.8447,-22.9736,28.41584815068697,1,70.88636305455309,yahboom_calibrated_direct+neo3_cross_align,0,44,2838,3349,0.46901450200788725,0.1271784237816237,0.48595159694077017,50.26616898297869,neo3_calibrated_direct:gyro_integral,1,50.26616898297869,nan,353.551025390625,0.0,139,-2,2069,0.6655880615234374,-0.009576806640625,9.907206469726562,9.929543756722149,1,-6,-39,0.06103515625,-0.3662109375,-2.38037109375,0.0010652644360316954,-0.006391586616190171,-0.04154531300523612,-0.04154531300523612,303,-368,-1174,1.6644287109375,-2.021484375,353.551025390625,98724.367,305.75,1,1,0,0,1096,97,241,482,482,482,482,3026,F4line=1096;YAH=1928
DIRECT_SERIAL,95,1789591942345247658,2026-09-16T20:52:22.345248+00:00,-1,2139583059226,1789591942300000000,1789591942,300000000,2159296,1789591942308788,1789591942300000,2,4,0.5855823616681874,0.03317851846946926,gnss_local_enu_direct,0.5855823616681874,0.03317851846946926,110.4347059,-7.0509197,232.88,0.479,0.799,3,1,16,0,0.0604,151.314,-0.053,0.029,-0.025,0.272,180.0,99.0,10.02,51.60984275785733,neo3_calibrated_direct,1,5.2124,-15.5396,-22.7295,28.022820203719682,1,70.67458379404448,yahboom_calibrated_direct+neo3_cross_align,0,28,2848,3306,0.46673426563803244,0.12853802211910828,0.48411041906879654,50.24053959516125,neo3_calibrated_direct:gyro_integral,1,50.24053959516125,nan,353.5125732421875,0.0,53,59,2063,0.2537853759765625,0.2825157958984375,9.878476049804688,9.88577317454515,-8,8,-6,-0.48828125,0.48828125,-0.3662109375,-0.008522115488253563,0.008522115488253563,-0.006391586616190171,-0.006391586616190171,294,-371,-1181,1.614990234375,-2.0379638671875,353.5125732421875,98723.141,305.75,1,1,0,0,1104,98,243,488,488,488,488,3058,F4line=1104;YAH=1952
DIRECT_SERIAL,96,1789591942463843793,2026-09-16T20:52:22.463844+00:00,-1,2139701655433,1789591942400000000,1789591942,400000000,2159397,1789591942408734,1789591942400000,2,4,0.5966310890570381,0.03317851842665398,gnss_local_enu_direct,0.5966310890570381,0.03317851842665398,110.434706,-7.0509197,232.91,0.48,0.799,3,1,16,0,0.0179,153.435,-0.016,0.008,-0.039,0.271,180.0,99.0,10.0,51.07381265410871,neo3_calibrated_direct,1,5.13611,-15.7593,-22.876,28.24971749278389,1,70.5603970536246,yahboom_calibrated_direct+neo3_cross_align,0,29,2856,3322,0.46689199696600153,0.12965004727686114,0.4845588422367227,49.87789032959577,neo3_calibrated_direct:gyro_integral,1,49.87789032959577,nan,353.1829833984375,0.0,73,62,2063,0.3495534423828125,0.296881005859375,9.878476049804688,9.889115987149031,5,4,-84,0.30517578125,0.244140625,-5.126953125,0.005326322180158476,0.004261057744126781,-0.08948221262666241,-0.08948221262666241,296,-365,-1241,1.6259765625,-2.0050048828125,353.1829833984375,98722.836,305.75,1,1,0,0,1116,99,246,493,493,493,493,3090,F4line=1116;YAH=1972
DIRECT_SERIAL,97,1789591942564271329,2026-09-16T20:52:22.564271+00:00,-1,2139802082901,1789591942500000000,1789591942,500000000,2159495,1789591942507675,1789591942500000,2,4,0.5966310879253096,0.03317851856661157,gnss_local_enu_direct,0.5966310879253096,0.03317851856661157,110.434706,-7.0509197,232.9,0.48,0.798,3,1,16,0,0.0389,287.969,0.012,-0.037,0.021,0.231,180.0,99.0,10.03,50.57740241703501,neo3_calibrated_direct,1,4.9469,-15.8569,-22.8271,28.23100408469384,1,70.12108893544189,yahboom_calibrated_direct+neo3_cross_align,0,-16,2873,3393,0.460459205025322,0.13192996100984428,0.4789866324905222,49.5022564533151,neo3_calibrated_direct:gyro_integral,1,49.5022564533151,nan,352.7655029296875,0.0,123,9,2053,0.5889736083984375,0.0430956298828125,9.830592016601562,9.84831389333094,17,-19,0,1.03759765625,-1.15966796875,0.0,0.01810949541253882,-0.02024002428460221,0.0,0.0,310,-382,-1317,1.702880859375,-2.098388671875,352.7655029296875,98721.312,305.75,1,1,0,0,1126,100,249,499,499,499,499,3124,F4line=1126;YAH=1996
DIRECT_SERIAL,98,1789591942673935902,2026-09-16T20:52:22.673936+00:00,-1,2139911747548,1789591942600000000,1789591942,600000000,2159594,1789591942606698,1789591942600000,2,4,0.6076798130422769,0.03317851831533243,gnss_local_enu_direct,0.6076798130422769,0.03317851831533243,110.4347061,-7.0509197,232.91,0.48,0.798,3,1,16,0,0.0426,39.289,0.033,0.027,-0.017,0.194,180.0,99.0,10.04,50.46567256507009,neo3_calibrated_direct,1,4.90723,-15.8813,-22.8882,28.28721080635028,1,69.9701431977822,yahboom_calibrated_direct+neo3_cross_align,0,-13,2884,3399,0.46090946391205945,0.1334618624889007,0.47984331053241563,49.497373601935706,neo3_calibrated_direct:gyro_integral,1,49.497373601935706,nan,352.760009765625,0.0,67,66,2039,0.32082302246093747,0.316034619140625,9.763554370117188,9.773934685195659,-5,4,-1,-0.30517578125,0.244140625,-0.06103515625,-0.005326322180158476,0.004261057744126781,-0.0010652644360316954,-0.0010652644360316954,311,-391,-1318,1.7083740234375,-2.1478271484375,352.760009765625,98722.836,305.75,1,1,0,0,1142,101,251,504,504,504,504,3160,F4line=1142;YAH=2016
DIRECT_SERIAL,99,1789591942783197333,2026-09-16T20:52:22.783197+00:00,-1,2140021009490,1789591942700000000,1789591942,700000000,2159695,1789591942708226,1789591942700000,2,4,0.6187285382251955,0.04423802586188866,gnss_local_enu_direct,0.6187285382251955,0.04423802586188866,110.4347062,-7.0509196,232.94,0.481,0.798,3,1,16,0,0.013,157.38,-0.012,0.005,-0.082,0.247,180.0,99.0,10.02,50.45144726803018,neo3_calibrated_direct,1,4.92554,-15.9058,-22.7295,28.1759753723203,1,70.00243276482492,yahboom_calibrated_direct+neo3_cross_align,0,5,2887,3343,0.463499870223121,0.13390996662210597,0.48245622480965417,49.52789612244363,neo3_calibrated_direct:gyro_integral,1,49.52789612244363,nan,352.7764892578125,0.0,102,11,2069,0.488417138671875,0.0526724365234375,9.907206469726562,9.919378293053933,10,-2,13,0.6103515625,-0.1220703125,0.79345703125,0.010652644360316953,-0.0021305288720633907,0.01384843766841204,0.01384843766841204,307,-392,-1315,1.6864013671875,-2.1533203125,352.7764892578125,98721.617,305.75,1,1,0,0,1156,102,254,509,509,509,509,3194,F4line=1156;YAH=2036
DIRECT_SERIAL,100,1789591942884187538,2026-09-16T20:52:22.884188+00:00,-1,2140121999093,1789591942800000000,1789591942,800000000,2159796,1789591942808338,1789591942800000,2,4,0.6408259908422091,0.04423802581041318,gnss_local_enu_direct,0.6408259908422091,0.04423802581041318,110.4347064,-7.0509196,232.98,0.481,0.797,3,1,16,0,0.041,92.793,-0.002,0.041,-0.032,0.22,180.0,99.0,10.0,50.49651667565373,neo3_calibrated_direct,1,4.92554,-15.8813,-22.6807,28.122780560812263,1,69.92459152313388,yahboom_calibrated_direct+neo3_cross_align,0,11,2894,3349,0.464373924422938,0.1348920303561395,0.483569024584456,49.592618928412904,neo3_calibrated_direct:gyro_integral,1,49.592618928412904,nan,352.847900390625,0.0,93,71,2048,0.44532150878906246,0.3399766357421875,9.80665,9.82264117137243,-7,6,-3,-0.42724609375,0.3662109375,-0.18310546875,-0.007456851052221867,0.006391586616190171,-0.0031957933080950856,-0.0031957933080950856,309,-393,-1302,1.6973876953125,-2.1588134765625,352.847900390625,98721.312,305.75,1,1,0,0,1168,103,257,515,515,515,515,3230,F4line=1168;YAH=2060
DIRECT_SERIAL,101,1789591942986767233,2026-09-16T20:52:22.986767+00:00,-1,2140224578771,1789591942900000000,1789591942,900000000,2159896,1789591942908522,1789591942900000,2,4,0.6629234429116696,0.04423802584296649,gnss_local_enu_direct,0.6629234429116696,0.04423802584296649,110.4347066,-7.0509196,233.02,0.481,0.796,3,1,16,0,0.0297,302.619,0.016,-0.025,-0.016,0.184,180.0,99.0,10.0,50.173287787868304,neo3_calibrated_direct,1,4.91943,-16.0522,-22.6807,28.218576662455888,1,69.73665674447157,yahboom_calibrated_direct+neo3_cross_align,0,5,2905,3302,0.46353162651151036,0.13640805369100123,0.48318601582431314,48.855259483525835,neo3_calibrated_direct:gyro_integral,1,48.855259483525835,nan,352.177734375,0.0,52,44,2058,0.24899697265624998,0.21068974609375,9.854534033203125,9.859930561269673,3,6,-154,0.18310546875,0.3662109375,-9.3994140625,0.0031957933080950856,0.006391586616190171,-0.16405072314888108,-0.16405072314888108,311,-387,-1424,1.7083740234375,-2.1258544921875,352.177734375,98723.141,305.75,1,1,0,0,1177,104,259,520,520,520,520,3259,F4line=1177;YAH=2080
DIRECT_SERIAL,102,1789591943086838165,2026-09-16T20:52:23.086838+00:00,-1,2140324649725,1789591943000000000,1789591943,0,2160002,1789591943015205,1789591943000000,2,4,0.6850208949119378,0.055297533394802145,gnss_local_enu_direct,0.6850208949119378,0.055297533394802145,110.4347068,-7.0509195,233.05,0.481,0.796,3,1,16,0,0.025,2.291,0.025,0.001,0.003,0.235,180.0,99.0,9.92,49.25166011781194,neo3_calibrated_direct,1,4.599,-16.2598,-22.8516,28.420547489448545,1,68.96834329635989,yahboom_calibrated_direct+neo3_cross_align,0,-22,2949,3346,0.45973158259974495,0.14246685431571665,0.4813002520446896,48.38056736634105,neo3_calibrated_direct:gyro_integral,1,48.38056736634105,nan,351.6229248046875,0.0,70,78,2040,0.33518823242187495,0.373495458984375,9.7683427734375,9.78122541138914,3,-9,0,0.18310546875,-0.54931640625,0.0,0.0031957933080950856,-0.009587379924285258,0.0,0.0,318,-389,-1525,1.746826171875,-2.1368408203125,351.6229248046875,98726.805,305.75,1,1,0,0,1193,105,262,525,525,525,525,3295,F4line=1193;YAH=2100
DIRECT_SERIAL,103,1789591943186841427,2026-09-16T20:52:23.186841+00:00,-1,2140424652994,1789591943100000000,1789591943,100000000,2160095,1789591943108023,1789591943100000,2,4,0.6960696224119843,0.05529753359460582,gnss_local_enu_direct,0.6960696224119843,0.05529753359460582,110.4347069,-7.0509195,233.08,0.481,0.795,3,1,16,0,0.0058,210.964,-0.005,-0.003,-0.024,0.25,180.0,99.0,10.04,49.21486126926649,neo3_calibrated_direct,1,4.57764,-16.2598,-22.876,28.4367237917732,1,68.77702336877569,yahboom_calibrated_direct+neo3_cross_align,0,-22,2962,3401,0.45975451769691505,0.14427102830991878,0.48185925969345483,48.37934933649487,neo3_calibrated_direct:gyro_integral,1,48.37934933649487,nan,351.617431640625,0.0,74,61,2045,0.354341845703125,0.2920926025390625,9.792284790039062,9.803046344953426,0,-7,0,0.0,-0.42724609375,0.0,0.0,-0.007456851052221867,0.0,0.0,325,-397,-1526,1.7852783203125,-2.1807861328125,351.617431640625,98722.227,305.75,1,1,0,0,1201,106,264,530,530,530,530,3323,F4line=1201;YAH=2120
DIRECT_SERIAL,104,1789591943302077825,2026-09-16T20:52:23.302078+00:00,-1,2140539889574,1789591943200000000,1789591943,200000000,2160197,1789591943209392,1789591943200000,2,4,0.7181670723207576,0.05529753331470945,gnss_local_enu_direct,0.7181670723207576,0.05529753331470945,110.4347071,-7.0509195,233.1,0.482,0.794,3,1,16,0,0.0148,331.699,0.013,-0.007,-0.034,0.202,180.0,99.0,10.01,49.2297261428255,neo3_calibrated_direct,1,4.599,-16.272,-22.7783,28.368640007762092,1,68.51816559922308,yahboom_calibrated_direct+neo3_cross_align,0,-24,2979,3269,0.45949727490302394,0.1466268042873877,0.48232475094985233,48.37934933649487,neo3_calibrated_direct:gyro_integral,1,48.37934933649487,nan,351.617431640625,0.0,78,65,2032,0.373495458984375,0.3112462158203125,9.730035546875,9.742174542071984,-4,0,0,-0.244140625,0.0,0.0,-0.004261057744126781,0.0,0.0,0.0,321,-395,-1526,1.7633056640625,-2.1697998046875,351.617431640625,98721.008,305.75,1,1,0,0,1214,107,267,535,535,535,535,3356,F4line=1214;YAH=2140
DIRECT_SERIAL,105,1789591943403198035,2026-09-16T20:52:23.403198+00:00,-1,2140641009615,1789591943300000000,1789591943,300000000,2160297,1789591943309540,1789591943300000,2,4,0.7292157998543819,0.06635704113464011,gnss_local_enu_direct,0.7292157998543819,0.06635704113464011,110.4347072,-7.0509194,233.12,0.482,0.794,3,1,16,0,0.043,144.462,-0.035,0.025,0.003,0.215,180.0,99.0,10.01,49.35024861914772,neo3_calibrated_direct,1,4.6051,-16.2109,-22.7051,28.275816360098254,1,68.8082573085077,yahboom_calibrated_direct+neo3_cross_align,0,-28,2958,3218,0.45888575621182964,0.14370531242070114,0.48086105485060243,48.37934933649487,neo3_calibrated_direct:gyro_integral,1,48.37934933649487,nan,351.6119384765625,0.0,76,73,2060,0.36391865234375,0.3495534423828125,9.86411083984375,9.877009013630003,3,-5,0,0.18310546875,-0.30517578125,0.0,0.0031957933080950856,-0.005326322180158476,0.0,0.0,328,-406,-1527,1.8017578125,-2.230224609375,351.6119384765625,98722.531,305.75,1,1,0,0,1224,108,270,541,541,541,541,3390,F4line=1224;YAH=2164
DIRECT_SERIAL,106,1789591943516936844,2026-09-16T20:52:23.516937+00:00,-1,2140754748476,1789591943400000000,1789591943,400000000,2160398,1789591943409482,1789591943400000,2,4,0.7402645263254695,0.06635704111310632,gnss_local_enu_direct,0.7402645263254695,0.06635704111310632,110.4347073,-7.0509194,233.14,0.482,0.793,3,1,16,0,0.017,151.928,-0.015,0.008,-0.017,0.251,180.0,99.0,9.99,49.209585380132246,neo3_calibrated_direct,1,4.57458,-16.2598,-22.7417,28.328303816261222,1,68.95922679490967,yahboom_calibrated_direct+neo3_cross_align,0,-24,2949,3238,0.4594443477557083,0.14246332583922894,0.48102485163850167,48.37934933649487,neo3_calibrated_direct:gyro_integral,1,48.37934933649487,nan,351.6119384765625,0.0,83,59,2048,0.39743747558593745,0.2825157958984375,9.80665,9.818765500022508,6,-12,0,0.3662109375,-0.732421875,0.0,0.006391586616190171,-0.012783173232380343,0.0,0.0,332,-415,-1527,1.82373046875,-2.2796630859375,351.6119384765625,98722.227,305.75,1,1,0,0,1234,109,272,546,546,546,546,3420,F4line=1234;YAH=2184
DIRECT_SERIAL,107,1789591943621344487,2026-09-16T20:52:23.621345+00:00,-1,2140859156069,1789591943500000000,1789591943,500000000,2160496,1789591943508485,1789591943500000,2,4,0.7513132511623228,0.06635704113882847,gnss_local_enu_direct,0.7513132511623228,0.06635704113882847,110.4347074,-7.0509194,233.16,0.482,0.793,3,1,16,0,0.0164,52.431,0.01,0.013,-0.016,0.2,180.0,99.0,10.02,49.257837063125905,neo3_calibrated_direct,1,4.58984,-16.2476,-22.6929,28.28460442353048,1,68.86165176934801,yahboom_calibrated_direct+neo3_cross_align,0,-26,2955,3280,0.45916769834113474,0.14329249305237296,0.48100697891512934,48.37934933649487,neo3_calibrated_direct:gyro_integral,1,48.37934933649487,nan,351.6064453125,0.0,82,80,2063,0.39264907226562495,0.38307226562499996,9.878476049804688,9.893695301615415,1,0,0,0.06103515625,0.0,0.0,0.0010652644360316954,0.0,0.0,0.0,340,-425,-1528,1.86767578125,-2.3345947265625,351.6064453125,98722.531,305.75,1,1,0,0,1251,110,275,551,551,551,551,3457,F4line=1251;YAH=2204
DIRECT_SERIAL,108,1789591943722246715,2026-09-16T20:52:23.722247+00:00,-1,2140960058313,1789591943600000000,1789591943,600000000,2160595,1789591943607133,1789591943600000,2,4,0.7734107036892415,0.06635704109420916,gnss_local_enu_direct,0.7734107036892415,0.06635704109420916,110.4347076,-7.0509194,233.18,0.483,0.793,3,1,16,0,0.0225,32.276,0.019,0.012,-0.095,0.216,180.0,99.0,10.03,49.51228494261411,neo3_calibrated_direct,1,4.58374,-16.1011,-22.4487,28.003575223310325,1,68.6370532207705,yahboom_calibrated_direct+neo3_cross_align,0,-30,2969,3241,0.45861792798847534,0.1452283927085383,0.4810630830994494,48.37934933649487,neo3_calibrated_direct:gyro_integral,1,48.37934933649487,nan,351.6064453125,0.0,88,61,2049,0.4213794921875,0.2920926025390625,9.811438403320311,9.824825815608278,-1,0,0,-0.06103515625,0.0,0.0,-0.0010652644360316954,0.0,0.0,0.0,340,-425,-1528,1.86767578125,-2.3345947265625,351.6064453125,98725.281,305.75,1,1,0,0,1262,111,278,557,557,557,557,3492,F4line=1262;YAH=2228
DIRECT_SERIAL,109,1789591943822294654,2026-09-16T20:52:23.822294+00:00,-1,2141060106252,1789591943700000000,1789591943,700000000,2160696,1789591943708483,1789591943700000,2,4,0.7844594314694018,0.06635704101701154,gnss_local_enu_direct,0.7844594314694018,0.06635704101701154,110.4347077,-7.0509194,233.2,0.483,0.792,3,1,16,0,0.0122,55.008,0.007,0.01,-0.005,0.189,180.0,99.0,10.01,49.21217010142882,neo3_calibrated_direct,1,4.61426,-16.2964,-22.6074,28.24816070238202,1,68.48945844422623,yahboom_calibrated_direct+neo3_cross_align,0,-27,2980,3182,0.4590681868752127,0.14676029418759473,0.4819566206111548,48.37934933649487,neo3_calibrated_direct:gyro_integral,1,48.37934933649487,nan,351.6064453125,0.0,81,72,2049,0.38786066894531246,0.3447650390625,9.811438403320311,9.825152536873057,2,0,0,0.1220703125,0.0,0.0,0.0021305288720633907,0.0,0.0,0.0,340,-425,-1528,1.86767578125,-2.3345947265625,351.6064453125,98723.758,305.75,1,1,0,0,1274,112,280,562,562,562,562,3524,F4line=1274;YAH=2248
DIRECT_SERIAL,110,1789591943933811335,2026-09-16T20:52:23.933811+00:00,-1,2141171622935,1789591943800000000,1789591943,800000000,2160797,1789591943808647,1789591943800000,2,4,0.7844594338199105,0.07741654913101162,gnss_local_enu_direct,0.7844594338199105,0.07741654913101162,110.4347077,-7.0509193,233.22,0.483,0.792,3,1,16,0,0.0248,319.899,0.019,-0.016,-0.041,0.194,180.0,99.0,10.0,49.58264258261144,neo3_calibrated_direct,1,4.54712,-16.0278,-22.5098,28.004602642680005,1,68.75138012752271,yahboom_calibrated_direct+neo3_cross_align,0,-18,2965,3220,0.46033428009971994,0.14469443310771007,0.48253925063904285,48.37934933649487,neo3_calibrated_direct:gyro_integral,1,48.37934933649487,nan,351.6009521484375,0.0,90,64,2043,0.430956298828125,0.3064578125,9.782707983398437,9.796990109762765,0,0,0,0.0,0.0,0.0,0.0,0.0,0.0,0.0,340,-426,-1529,1.86767578125,-2.340087890625,351.6009521484375,98725.586,305.75,1,1,0,0,1286,113,283,567,567,567,567,3556,F4line=1286;YAH=2268
DIRECT_SERIAL,111,1789591944036937916,2026-09-16T20:52:24.036938+00:00,-1,2141274749661,1789591943900000000,1789591943,900000000,2160896,1789591943908818,1789591943900000,2,4,0.8065568856303574,0.07741654922790163,gnss_local_enu_direct,0.8065568856303574,0.07741654922790163,110.4347079,-7.0509193,233.25,0.483,0.791,3,1,16,0,0.0795,173.501,-0.079,0.009,-0.096,0.241,173.656,99.0,10.01,49.19641027291481,neo3_calibrated_direct,1,4.6051,-16.2964,-22.6196,28.25643118176816,1,68.56942265073138,yahboom_calibrated_direct+neo3_cross_align,0,-13,2979,3225,0.4610770665452256,0.1466462109080701,0.48383589414970507,48.37934933649487,neo3_calibrated_direct:gyro_integral,1,48.37934933649487,nan,351.6009521484375,0.0,81,68,2047,0.38786066894531246,0.32561142578124996,9.801861596679688,9.81493502064981,1,0,0,0.06103515625,0.0,0.0,0.0010652644360316954,0.0,0.0,0.0,340,-426,-1529,1.86767578125,-2.340087890625,351.6009521484375,98721.312,305.75,1,1,0,0,1294,114,285,572,572,572,572,3584,F4line=1294;YAH=2288
DIRECT_SERIAL,112,1789591944140262513,2026-09-16T20:52:24.140262+00:00,-1,2141378074124,1789591944100000000,1789591944,100000000,2161094,1789591944106596,1789591944100000,2,4,0.8176056142957102,0.0884760573700144,gnss_local_enu_direct,0.8176056142957102,0.0884760573700144,110.434708,-7.0509192,233.28,0.483,0.79,3,1,16,0,0.1007,164.445,-0.097,0.027,-0.081,0.218,124.041,99.0,10.08,49.50648805255277,neo3_calibrated_direct,1,4.52881,-16.0522,-22.3633,27.898036342117344,1,68.67034023097304,yahboom_calibrated_direct+neo3_cross_align,0,-26,2968,3094,0.45919063343830485,0.1450966670465751,0.48156939336454546,48.37934933649487,neo3_calibrated_direct:gyro_integral,1,48.37934933649487,nan,351.6009521484375,0.0,87,66,2049,0.4165910888671875,0.316034619140625,9.811438403320311,9.825362566234771,0,0,0,0.0,0.0,0.0,0.0,0.0,0.0,0.0,340,-426,-1529,1.86767578125,-2.340087890625,351.6009521484375,98722.836,305.75,1,1,0,0,1310,116,288,577,577,577,577,3620,F4line=1310;YAH=2308
DIRECT_SERIAL,113,1789591944241260570,2026-09-16T20:52:24.241261+00:00,-1,2141479072214,1789591944200000000,1789591944,200000000,2161195,1789591944207978,1789591944200000,2,4,0.8065568898499695,0.09953556572821018,gnss_local_enu_direct,0.8065568898499695,0.09953556572821018,110.4347079,-7.0509191,233.28,0.482,0.789,3,1,16,0,0.0752,346.149,0.073,-0.018,-0.054,0.184,140.192,99.0,10.05,49.17366940609516,neo3_calibrated_direct,1,4.61731,-16.3208,-22.7173,28.3507280958726,1,68.67566676980755,yahboom_calibrated_direct+neo3_cross_align,0,-9,2973,3122,0.4616409508038358,0.14582057217141375,0.4841239580184687,48.37934933649487,neo3_calibrated_direct:gyro_integral,1,48.37934933649487,nan,351.6009521484375,0.0,83,66,2047,0.39743747558593745,0.316034619140625,9.801861596679688,9.815005103817295,0,0,0,0.0,0.0,0.0,0.0,0.0,0.0,0.0,340,-427,-1529,1.86767578125,-2.3455810546875,351.6009521484375,98724.062,305.75,1,1,0,0,1321,117,291,583,583,583,583,3655,F4line=1321;YAH=2332
DIRECT_SERIAL,114,1789591944356941784,2026-09-16T20:52:24.356942+00:00,-1,2141594753508,1789591944300000000,1789591944,300000000,2161296,1789591944308076,1789591944300000,2,4,0.795508163391359,0.11059507346700059,gnss_local_enu_direct,0.795508163391359,0.11059507346700059,110.4347078,-7.050919,233.27,0.481,0.788,3,1,16,0,0.026,164.358,-0.025,0.007,0.02,0.186,180.0,99.0,10.03,49.48900981665065,neo3_calibrated_direct,1,4.59595,-16.1255,-22.2778,27.88287789114495,1,68.65718613158116,yahboom_calibrated_direct+neo3_cross_align,0,-32,2967,3152,0.458327164667951,0.14494729900217335,0.4807010602865241,48.37934933649487,neo3_calibrated_direct:gyro_integral,1,48.37934933649487,nan,351.6009521484375,0.0,87,66,2048,0.4165910888671875,0.316034619140625,9.80665,9.820580952179911,0,0,0,0.0,0.0,0.0,0.0,0.0,0.0,0.0,340,-427,-1529,1.86767578125,-2.3455810546875,351.6009521484375,98727.109,305.75,1,1,0,0,1331,118,293,588,588,588,588,3685,F4line=1331;YAH=2352
DIRECT_SERIAL,115,1789591944459620404,2026-09-16T20:52:24.459620+00:00,-1,2141697432019,1789591944400000000,1789591944,400000000,2161397,1789591944409318,1789591944400000,2,4,0.8065568901184165,0.12165458155083168,gnss_local_enu_direct,0.8065568901184165,0.12165458155083168,110.4347079,-7.0509189,233.28,0.481,0.787,3,1,16,0,0.0492,347.093,0.048,-0.011,-0.05,0.197,180.0,99.0,10.01,49.20780945725762,neo3_calibrated_direct,1,4.599,-16.2842,-22.7783,28.375639579223584,1,68.71824523510844,yahboom_calibrated_direct+neo3_cross_align,0,-22,2966,3137,0.4597615746498905,0.14482615876967328,0.48203249038682594,48.37934933649487,neo3_calibrated_direct:gyro_integral,1,48.37934933649487,nan,351.6009521484375,0.0,83,67,2047,0.39743747558593745,0.32082302246093747,9.801861596679688,9.815160453054506,0,0,0,0.0,0.0,0.0,0.0,0.0,0.0,0.0,340,-427,-1529,1.86767578125,-2.3455810546875,351.6009521484375,98720.094,305.75,1,1,0,0,1343,119,296,593,593,593,593,3717,F4line=1343;YAH=2372
DIRECT_SERIAL,116,1789591944560181002,2026-09-16T20:52:24.560181+00:00,-1,2141797992595,1789591944500000000,1789591944,500000000,2161496,1789591944508192,1789591944500000,2,4,0.8065568913613409,0.12165458165349305,gnss_local_enu_direct,0.8065568913613409,0.12165458165349305,110.4347079,-7.0509189,233.29,0.481,0.787,3,1,16,0,0.0076,246.801,-0.003,-0.007,-0.013,0.198,180.0,99.0,10.03,49.04884691543698,neo3_calibrated_direct,1,4.60815,-16.3818,-22.4854,28.19914237742878,1,68.48416327166538,yahboom_calibrated_direct+neo3_cross_align,0,-25,2981,3309,0.4593571859574933,0.14690260527902108,0.4822752323399481,48.37934933649487,neo3_calibrated_direct:gyro_integral,1,48.37934933649487,nan,351.595458984375,0.0,88,65,2048,0.4213794921875,0.3112462158203125,9.80665,9.820632317004778,0,0,0,0.0,0.0,0.0,0.0,0.0,0.0,0.0,340,-428,-1530,1.86767578125,-2.35107421875,351.595458984375,98722.836,305.75,1,1,0,0,1353,120,299,599,599,599,599,3751,F4line=1353;YAH=2396
DIRECT_SERIAL,117,1789591944660217174,2026-09-16T20:52:24.660217+00:00,-1,2141898028782,1789591944600000000,1789591944,600000000,2161597,1789591944608447,1789591944600000,2,4,0.795508167095988,0.12165458215735082,gnss_local_enu_direct,0.795508167095988,0.12165458215735082,110.4347078,-7.0509189,233.3,0.481,0.787,3,1,16,0,0.0362,207.979,-0.032,-0.017,0.037,0.2,180.0,99.0,10.01,49.24980226023402,neo3_calibrated_direct,1,4.62341,-16.2842,-22.7417,28.35023824517353,1,68.63856331261921,yahboom_calibrated_direct+neo3_cross_align,0,-36,2967,3288,0.45775269497987764,0.14494024204919792,0.4801512298501598,48.37934933649487,neo3_calibrated_direct:gyro_integral,1,48.37934933649487,nan,351.595458984375,0.0,85,66,2047,0.4070142822265625,0.316034619140625,9.801861596679688,9.815397560307776,0,0,0,0.0,0.0,0.0,0.0,0.0,0.0,0.0,340,-428,-1530,1.86767578125,-2.35107421875,351.595458984375,98722.836,305.75,1,1,0,0,1374,121,301,604,604,604,604,3792,F4line=1374;YAH=2416
DIRECT_SERIAL,118,1789591944760251500,2026-09-16T20:52:24.760251+00:00,-1,2141998063123,1789591944700000000,1789591944,700000000,2161696,1789591944708653,1789591944700000,2,4,0.7955081684175379,0.1327140902810833,gnss_local_enu_direct,0.7955081684175379,0.1327140902810833,110.4347078,-7.0509188,233.31,0.481,0.787,3,1,16,0,0.0645,277.125,0.008,-0.064,-0.006,0.196,174.126,99.0,10.02,49.01419595898865,neo3_calibrated_direct,1,4.63867,-16.4307,-22.6196,28.339574203203902,1,68.59687818242871,yahboom_calibrated_direct+neo3_cross_align,0,-26,2973,3362,0.4591994546295241,0.14579058012126822,0.4817873310747682,48.37934933649487,neo3_calibrated_direct:gyro_integral,1,48.37934933649487,nan,351.595458984375,0.0,89,64,2046,0.4261678955078125,0.3064578125,9.797073193359374,9.811125247495553,0,1,0,0.0,0.06103515625,0.0,0.0,0.0010652644360316954,0.0,0.0,340,-428,-1530,1.86767578125,-2.35107421875,351.595458984375,98726.195,305.75,1,1,0,0,1387,122,304,609,609,609,609,3825,F4line=1387;YAH=2436
DIRECT_SERIAL,119,1789591944876818137,2026-09-16T20:52:24.876818+00:00,-1,2142114629826,1789591944800000000,1789591944,800000000,2161797,1789591944808814,1789591944800000,2,4,0.7955081694464967,0.1327140906179557,gnss_local_enu_direct,0.7955081694464967,0.1327140906179557,110.4347078,-7.0509188,233.32,0.481,0.787,3,1,16,0,0.0146,74.055,0.004,0.014,-0.039,0.216,180.0,99.0,10.0,49.097686546121686,neo3_calibrated_direct,1,4.61121,-16.3574,-22.8149,28.449032574660603,1,68.62086662759074,yahboom_calibrated_direct+neo3_cross_align,0,-24,2972,3307,0.459484925235317,0.1456553259828173,0.48201853751247536,48.37934933649487,neo3_calibrated_direct:gyro_integral,1,48.37934933649487,nan,351.595458984375,0.0,82,68,2046,0.39264907226562495,0.32561142578124996,9.797073193359374,9.81034348280381,0,0,0,0.0,0.0,0.0,0.0,0.0,0.0,0.0,340,-429,-1530,1.86767578125,-2.3565673828125,351.595458984375,98721.008,305.75,1,1,0,0,1397,123,306,614,614,614,614,3855,F4line=1397;YAH=2456
DIRECT_SERIAL,120,1789591944978531247,2026-09-16T20:52:24.978531+00:00,-1,2142216342861,1789591944900000000,1789591944,900000000,2161895,1789591944907629,1789591944900000,2,4,0.8065568955023275,0.13271409047933522,gnss_local_enu_direct,0.8065568955023275,0.13271409047933522,110.4347079,-7.0509188,233.32,0.481,0.787,3,1,16,0,0.0565,112.932,-0.022,0.052,0.003,0.201,180.0,99.0,10.03,49.2297261428255,neo3_calibrated_direct,1,4.599,-16.272,-22.7539,28.349052016072775,1,68.75569716749223,yahboom_calibrated_direct+neo3_cross_align,0,-33,2960,3310,0.45817119757822566,0.14397405645935912,0.4802596956060629,48.37934933649487,neo3_calibrated_direct:gyro_integral,1,48.37934933649487,nan,351.595458984375,0.0,86,67,2048,0.411802685546875,0.32082302246093747,9.80665,9.820534256651447,1,0,0,0.06103515625,0.0,0.0,0.0010652644360316954,0.0,0.0,0.0,340,-429,-1530,1.86767578125,-2.3565673828125,351.595458984375,98724.367,305.75,1,1,0,0,1407,124,309,619,619,619,619,3885,F4line=1407;YAH=2476
DIRECT_SERIAL,121,1789591945079307144,2026-09-16T20:52:25.079307+00:00,-1,2142317118700,1789591945000000000,1789591945,0,2162003,1789591945014296,1789591945000000,2,4,0.8065568969350732,0.1437735987301517,gnss_local_enu_direct,0.8065568969350732,0.1437735987301517,110.4347079,-7.0509187,233.33,0.481,0.787,3,1,16,0,0.0178,231.843,-0.011,-0.014,-0.01,0.192,180.0,99.0,9.92,49.1990217017694,neo3_calibrated_direct,1,4.64478,-16.333,-22.6807,28.332931770969275,1,68.51007555751053,yahboom_calibrated_direct+neo3_cross_align,0,-32,2977,3305,0.45834480705038955,0.1463351251515596,0.48113816207320476,48.37934933649487,neo3_calibrated_direct:gyro_integral,1,48.37934933649487,nan,351.595458984375,0.0,85,65,2046,0.4070142822265625,0.3112462158203125,9.797073193359374,9.810462679651746,0,0,0,0.0,0.0,0.0,0.0,0.0,0.0,0.0,341,-429,-1530,1.8731689453125,-2.3565673828125,351.595458984375,98724.367,305.75,1,1,0,0,1420,125,312,625,625,625,625,3922,F4line=1420;YAH=2500
DIRECT_SERIAL,122,1789591945186825992,2026-09-16T20:52:25.186826+00:00,-1,2142424637585,1789591945100000000,1789591945,100000000,2162095,1789591945107897,1789591945100000,2,4,0.7955081702624971,0.15483310670315317,gnss_local_enu_direct,0.7955081702624971,0.15483310670315317,110.4347078,-7.0509186,233.32,0.481,0.787,3,1,16,0,0.0022,63.435,0.001,0.002,0.028,0.214,180.0,99.0,10.06,49.20780945725762,neo3_calibrated_direct,1,4.599,-16.2842,-22.7661,28.365847067380166,1,68.65099916398326,yahboom_calibrated_direct+neo3_cross_align,0,-27,2969,3367,0.45904878025453033,0.14523368542326986,0.4814754469698298,48.37934933649487,neo3_calibrated_direct:gyro_integral,1,48.37934933649487,nan,351.595458984375,0.0,84,68,2046,0.40222587890625,0.32561142578124996,9.797073193359374,9.810731451543358,0,0,0,0.0,0.0,0.0,0.0,0.0,0.0,0.0,341,-430,-1530,1.8731689453125,-2.362060546875,351.595458984375,98721.312,305.75,1,1,0,0,1429,126,314,630,630,630,630,3951,F4line=1429;YAH=2520
DIRECT_SERIAL,123,1789591945297852157,2026-09-16T20:52:25.297852+00:00,-1,2142535663760,1789591945200000000,1789591945,200000000,2162196,1789591945208157,1789591945200000,2,4,0.7955081702624971,0.15483310670315317,gnss_local_enu_direct,0.7955081702624971,0.15483310670315317,110.4347078,-7.0509186,233.32,0.48,0.787,3,1,16,0,0.0264,119.476,-0.013,0.023,-0.004,0.193,180.0,99.0,10.04,49.26836005839686,neo3_calibrated_direct,1,4.59595,-16.2476,-22.583,28.197502569598246,1,68.47538817185418,yahboom_calibrated_direct+neo3_cross_align,0,-30,2980,3362,0.45863733460915773,0.14675500147286316,0.48154463464427943,48.37934933649487,neo3_calibrated_direct:gyro_integral,1,48.37934933649487,nan,351.595458984375,0.0,82,70,2049,0.39264907226562495,0.33518823242187495,9.811438403320311,9.825011347945292,0,0,0,0.0,0.0,0.0,0.0,0.0,0.0,0.0,341,-430,-1530,1.8731689453125,-2.362060546875,351.595458984375,98723.141,305.75,1,1,0,0,1441,127,317,635,635,635,635,3983,F4line=1441;YAH=2540
DIRECT_SERIAL,124,1789591945398161885,2026-09-16T20:52:25.398162+00:00,-1,2142635973462,1789591945300000000,1789591945,300000000,2162296,1789591945308250,1789591945300000,2,4,0.7844594475537605,0.16589261488386783,gnss_local_enu_direct,0.7844594475537605,0.16589261488386783,110.4347077,-7.0509185,233.32,0.48,0.787,3,1,16,0,0.0371,184.635,-0.037,-0.003,-0.016,0.192,180.0,99.0,10.03,49.330231826794055,neo3_calibrated_direct,1,4.58069,-16.1987,-22.7417,28.294266582756656,1,68.68265241730572,yahboom_calibrated_direct+neo3_cross_align,0,-17,2970,3269,0.4604867187129576,0.14539011042064703,0.48289367599830346,48.37934933649487,neo3_calibrated_direct:gyro_integral,1,48.37934933649487,nan,351.595458984375,0.0,86,66,2045,0.411802685546875,0.316034619140625,9.792284790039062,9.806033894574776,0,0,0,0.0,0.0,0.0,0.0,0.0,0.0,0.0,341,-430,-1530,1.8731689453125,-2.362060546875,351.595458984375,98722.836,305.75,1,1,0,0,1451,128,320,641,641,641,640,4016,F4line=1451;YAH=2563
DIRECT_SERIAL,125,1789591945498207910,2026-09-16T20:52:25.498208+00:00,-1,2142736019488,1789591945400000000,1789591945,400000000,2162397,1789591945409549,1789591945400000,2,4,0.784459447854778,0.17695212304357208,gnss_local_enu_direct,0.784459447854778,0.17695212304357208,110.4347077,-7.0509184,233.32,0.48,0.787,3,1,16,0,0.0644,32.949,0.054,0.035,0.005,0.187,166.509,99.0,10.01,49.206116373611586,neo3_calibrated_direct,1,4.54712,-16.2354,-22.4365,28.065299672449605,1,68.54749543580799,yahboom_calibrated_direct+neo3_cross_align,0,-24,2977,3257,0.45949374642653623,0.14634923905751043,0.4822370815043222,48.37934933649487,neo3_calibrated_direct:gyro_integral,1,48.37934933649487,nan,351.5899658203125,0.0,83,68,2045,0.39743747558593745,0.32561142578124996,9.792284790039062,9.80575447157585,0,0,0,0.0,0.0,0.0,0.0,0.0,0.0,0.0,341,-430,-1531,1.8731689453125,-2.362060546875,351.5899658203125,98723.758,305.75,1,1,0,0,1461,129,322,646,646,646,646,4047,F4line=1461;YAH=2584
DIRECT_SERIAL,126,1789591945598224465,2026-09-16T20:52:25.598224+00:00,-1,2142836036031,1789591945500000000,1789591945,500000000,2162495,1789591945507387,1789591945500000,2,4,0.7844594465006575,0.1769521228138267,gnss_local_enu_direct,0.7844594465006575,0.1769521228138267,110.4347077,-7.0509184,233.31,0.481,0.788,3,1,16,0,0.0736,223.898,-0.053,-0.051,0.02,0.196,152.69,99.0,10.04,49.28935921744117,neo3_calibrated_direct,1,4.60815,-16.2476,-22.6196,28.228812520942142,1,68.69731358905287,yahboom_calibrated_direct+neo3_cross_align,0,-17,2969,3230,0.4604849544747137,0.14525132780570843,0.48285022680630535,48.37934933649487,neo3_calibrated_direct:gyro_integral,1,48.37934933649487,nan,351.5899658203125,0.0,82,70,2048,0.39264907226562495,0.33518823242187495,9.80665,9.82022956287709,0,0,0,0.0,0.0,0.0,0.0,0.0,0.0,0.0,340,-430,-1531,1.86767578125,-2.362060546875,351.5899658203125,98722.836,305.75,1,1,0,0,1472,130,325,651,651,651,651,4078,F4line=1472;YAH=2604
DIRECT_SERIAL,127,1789591945698226264,2026-09-16T20:52:25.698226+00:00,-1,2142936037905,1789591945600000000,1789591945,600000000,2162596,1789591945608709,1789591945600000,2,4,0.7844594491763278,0.18801163128283951,gnss_local_enu_direct,0.7844594491763278,0.18801163128283951,110.4347077,-7.0509183,233.33,0.481,0.789,3,1,16,0,0.0308,144.246,-0.025,0.018,0.039,0.212,180.0,99.0,10.02,49.33121876552758,neo3_calibrated_direct,1,4.56848,-16.1865,-22.6562,28.21661195466954,1,68.70519025148832,yahboom_calibrated_direct+neo3_cross_align,0,-28,2965,3298,0.4588981058795366,0.1446767907252715,0.48116405243366883,48.37934933649487,neo3_calibrated_direct:gyro_integral,1,48.37934933649487,nan,351.5899658203125,0.0,86,69,2050,0.411802685546875,0.33039982910156246,9.816226806640625,9.830414753117182,0,0,0,0.0,0.0,0.0,0.0,0.0,0.0,0.0,340,-430,-1531,1.86767578125,-2.362060546875,351.5899658203125,98725.891,305.75,1,1,0,0,1488,131,327,656,656,656,656,4114,F4line=1488;YAH=2624
DIRECT_SERIAL,128,1789591945816825434,2026-09-16T20:52:25.816825+00:00,-1,2143054637361,1789591945700000000,1789591945,700000000,2162695,1789591945707846,1789591945700000,2,4,0.7844594491763278,0.18801163128283951,gnss_local_enu_direct,0.7844594491763278,0.18801163128283951,110.4347077,-7.0509183,233.33,0.481,0.79,3,1,16,0,0.0741,21.371,0.069,0.027,0.002,0.186,143.853,99.0,10.03,49.24547447271763,neo3_calibrated_direct,1,4.60815,-16.272,-22.583,28.21355914135081,1,68.55749995265347,yahboom_calibrated_direct+neo3_cross_align,0,-25,2976,3255,0.45934836476627405,0.14620869220432794,0.48205591158033717,48.37934933649487,neo3_calibrated_direct:gyro_integral,1,48.37934933649487,nan,351.5899658203125,0.0,85,67,2048,0.4070142822265625,0.32082302246093747,9.80665,9.820334630763728,0,0,0,0.0,0.0,0.0,0.0,0.0,0.0,0.0,340,-430,-1531,1.86767578125,-2.362060546875,351.5899658203125,98726.195,305.75,1,1,0,0,1501,132,330,661,661,661,661,4147,F4line=1501;YAH=2644
DIRECT_SERIAL,129,1789591945916903021,2026-09-16T20:52:25.916903+00:00,-1,2143154714782,1789591945800000000,1789591945,800000000,2162796,1789591945807941,1789591945800000,2,4,0.773410722067394,0.1990711392358839,gnss_local_enu_direct,0.773410722067394,0.1990711392358839,110.4347076,-7.0509182,233.32,0.481,0.791,3,1,16,0,0.0194,235.491,-0.011,-0.016,-0.084,0.215,180.0,99.0,10.01,49.39430710028116,neo3_calibrated_direct,1,4.6051,-16.1865,-22.5708,28.154053720556828,1,68.53749843360836,yahboom_calibrated_direct+neo3_cross_align,0,-23,2978,3303,0.4596391280867984,0.14648978591069292,0.48241826814969696,48.37934933649487,neo3_calibrated_direct:gyro_integral,1,48.37934933649487,nan,351.5899658203125,0.0,89,63,2049,0.4261678955078125,0.3016694091796875,9.811438403320311,9.825321727543836,0,0,0,0.0,0.0,0.0,0.0,0.0,0.0,0.0,340,-430,-1531,1.86767578125,-2.362060546875,351.5899658203125,98725.586,305.75,1,1,0,0,1511,133,332,666,666,666,666,4177,F4line=1511;YAH=2664
DIRECT_SERIAL,130,1789591946017261586,2026-09-16T20:52:26.017262+00:00,-1,2143255073200,1789591945900000000,1789591945,900000000,2162895,1789591945908091,1789591945900000,2,4,0.7623619967280348,0.1990711391174601,gnss_local_enu_direct,0.7623619967280348,0.1990711391174601,110.4347075,-7.0509182,233.31,0.48,0.792,3,1,16,0,0.0569,140.711,-0.044,0.036,0.018,0.18,180.0,99.0,10.03,49.401656079780004,neo3_calibrated_direct,1,4.58374,-16.1621,-22.4854,28.068084401283958,1,68.71494215913934,yahboom_calibrated_direct+neo3_cross_align,0,-10,2970,3315,0.46149204066708593,0.14540246008835403,0.48385615527635556,48.37934933649487,neo3_calibrated_direct:gyro_integral,1,48.37934933649487,nan,351.5899658203125,0.0,85,66,2048,0.4070142822265625,0.316034619140625,9.80665,9.820179363378847,0,0,0,0.0,0.0,0.0,0.0,0.0,0.0,0.0,340,-431,-1531,1.86767578125,-2.3675537109375,351.5899658203125,98725.281,305.75,1,1,0,0,1521,134,335,672,672,672,672,4211,F4line=1521;YAH=2688
DIRECT_SERIAL,131,1789591946118170901,2026-09-16T20:52:26.118171+00:00,-1,2143355982478,1789591946000000000,1789591946,0,2163002,1789591946013764,1789591946000000,2,4,0.7623619968066604,0.21013064713853122,gnss_local_enu_direct,0.7623619968066604,0.21013064713853122,110.4347075,-7.0509181,233.31,0.48,0.792,3,1,16,0,0.0384,128.66,-0.024,0.03,0.066,0.211,180.0,99.0,9.92,49.10211505951202,neo3_calibrated_direct,1,4.62646,-16.3696,-22.6562,28.33145486436586,1,68.50006982008158,yahboom_calibrated_direct+neo3_cross_align,0,-31,2978,3331,0.4584901887106517,0.14647567200474207,0.4813194112366234,48.37934933649487,neo3_calibrated_direct:gyro_integral,1,48.37934933649487,nan,351.5899658203125,0.0,90,64,2048,0.430956298828125,0.3064578125,9.80665,9.820897308537642,0,0,0,0.0,0.0,0.0,0.0,0.0,0.0,0.0,340,-431,-1531,1.86767578125,-2.3675537109375,351.5899658203125,98723.141,305.75,1,1,0,0,1532,135,337,677,677,677,677,4242,F4line=1532;YAH=2708
DIRECT_SERIAL,132,1789591946233378560,2026-09-16T20:52:26.233379+00:00,-1,2143471190351,1789591946100000000,1789591946,100000000,2163096,1789591946108226,1789591946100000,2,4,0.7623619981607808,0.21013064748381152,gnss_local_enu_direct,0.7623619981607808,0.21013064748381152,110.4347075,-7.0509181,233.32,0.48,0.793,3,1,16,0,0.0291,266.055,-0.002,-0.029,-0.001,0.19,180.0,99.0,10.03,49.416362395160384,neo3_calibrated_direct,1,4.6051,-16.1743,-22.7905,28.323520557127075,1,68.8064615899546,yahboom_calibrated_direct+neo3_cross_align,0,-6,2965,3273,0.46205768916393997,0.14471560396663632,0.48418995667707576,48.37934933649487,neo3_calibrated_direct:gyro_integral,1,48.37934933649487,nan,351.5899658203125,0.0,86,66,2047,0.411802685546875,0.316034619140625,9.801861596679688,9.815597286603758,0,0,0,0.0,0.0,0.0,0.0,0.0,0.0,0.0,340,-431,-1531,1.86767578125,-2.3675537109375,351.5899658203125,98722.836,305.75,1,1,0,0,1542,136,340,682,682,682,682,4272,F4line=1542;YAH=2728
DIRECT_SERIAL,133,1789591946333800916,2026-09-16T20:52:26.333801+00:00,-1,2143571612540,1789591946200000000,1789591946,200000000,2163197,1789591946208506,1789591946200000,2,4,0.7623619983506023,0.22119015551643176,gnss_local_enu_direct,0.7623619983506023,0.22119015551643176,110.4347075,-7.050918,233.32,0.479,0.794,3,1,16,0,0.0439,281.821,0.009,-0.043,0.017,0.201,180.0,99.0,10.01,49.13691121349412,neo3_calibrated_direct,1,4.59595,-16.3208,-22.6074,28.259260496384186,1,68.79722814982223,yahboom_calibrated_direct+neo3_cross_align,0,-24,2960,3335,0.4594637543763907,0.1439899346035538,0.4814977080452035,48.37934933649487,neo3_calibrated_direct:gyro_integral,1,48.37934933649487,nan,351.5899658203125,0.0,86,65,2046,0.411802685546875,0.3112462158203125,9.797073193359374,9.810662506412445,0,0,0,0.0,0.0,0.0,0.0,0.0,0.0,0.0,340,-431,-1531,1.86767578125,-2.3675537109375,351.5899658203125,98725.281,305.75,1,1,0,0,1554,137,343,687,687,687,687,4304,F4line=1554;YAH=2748
DIRECT_SERIAL,134,1789591946434443174,2026-09-16T20:52:26.434443+00:00,-1,2143672254815,1789591946300000000,1789591946,300000000,2163296,1789591946308641,1789591946300000,2,4,0.7513132713770087,0.22119015532972894,gnss_local_enu_direct,0.7513132713770087,0.22119015532972894,110.4347074,-7.050918,233.31,0.479,0.795,3,1,16,0,0.013,122.471,-0.007,0.011,0.054,0.218,180.0,99.0,10.02,49.280949154895694,neo3_calibrated_direct,1,4.57764,-16.2231,-22.644,28.229319821412627,1,68.560217516419,yahboom_calibrated_direct+neo3_cross_align,0,-37,2972,3355,0.4576178987490786,0.1456323908856472,0.4802321673217985,48.37934933649487,neo3_calibrated_direct:gyro_integral,1,48.37934933649487,nan,351.5899658203125,0.0,84,68,2045,0.40222587890625,0.32561142578124996,9.792284790039062,9.80594971777296,0,0,0,0.0,0.0,0.0,0.0,0.0,0.0,0.0,340,-431,-1531,1.86767578125,-2.3675537109375,351.5899658203125,98723.453,305.75,1,1,0,0,1562,138,345,692,692,692,692,4332,F4line=1562;YAH=2768
DIRECT_SERIAL,135,1789591946535304608,2026-09-16T20:52:26.535305+00:00,-1,2143773116146,1789591946500000000,1789591946,500000000,2163494,1789591946506609,1789591946500000,2,4,0.7513132714556343,0.23224966335080008,gnss_local_enu_direct,0.7513132714556343,0.23224966335080008,110.4347074,-7.0509179,233.31,0.479,0.797,3,1,16,0,0.0362,39.401,0.028,0.023,0.009,0.179,180.0,99.0,10.05,49.28935921744117,neo3_calibrated_direct,1,4.60815,-16.2476,-22.644,28.24836788528675,1,68.72957706045366,yahboom_calibrated_direct+neo3_cross_align,0,-10,2969,3292,0.46149027642884205,0.1452636774734154,0.4838127853121179,48.37934933649487,neo3_calibrated_direct:gyro_integral,1,48.37934933649487,nan,351.5899658203125,0.0,84,69,2049,0.40222587890625,0.33039982910156246,9.811438403320311,9.825236549156507,0,0,0,0.0,0.0,0.0,0.0,0.0,0.0,0.0,340,-431,-1531,1.86767578125,-2.3675537109375,351.5899658203125,98722.227,305.75,1,1,0,0,1577,140,348,697,697,697,697,4367,F4line=1577;YAH=2788
DIRECT_SERIAL,136,1789591946636156848,2026-09-16T20:52:26.636157+00:00,-1,2143873968431,1789591946600000000,1789591946,600000000,2163596,1789591946609066,1789591946600000,2,4,0.7513132714556343,0.23224966335080008,gnss_local_enu_direct,0.7513132714556343,0.23224966335080008,110.4347074,-7.0509179,233.31,0.479,0.797,3,1,16,0,0.0362,39.401,0.028,0.023,0.009,0.179,180.0,99.0,10.05,49.252582626930305,neo3_calibrated_direct,1,4.58679,-16.2476,-22.5952,28.205783295347427,1,68.63630031959379,yahboom_calibrated_direct+neo3_cross_align,0,-27,2970,3294,0.4590505444927742,0.1453724680382085,0.4815190098663109,48.37934933649487,neo3_calibrated_direct:gyro_integral,1,48.37934933649487,nan,351.5899658203125,0.0,80,57,2048,0.38307226562499996,0.27293898925781246,9.80665,9.81792362340674,2,-1,0,0.1220703125,-0.06103515625,0.0,0.0021305288720633907,-0.0010652644360316954,0.0,0.0,340,-432,-1531,1.86767578125,-2.373046875,351.5899658203125,98725.281,305.75,1,1,0,0,1591,140,350,702,702,702,702,4401,F4line=1591;YAH=2808
DIRECT_SERIAL,137,1789591946736257549,2026-09-16T20:52:26.736258+00:00,-1,2143974069130,1789591946600000000,1789591946,600000000,2163596,1789591946609066,1789591946600000,2,4,0.7402645486441279,0.24330917166173993,gnss_local_enu_direct,0.7402645486441279,0.24330917166173993,110.4347073,-7.0509178,233.31,0.479,0.798,3,1,16,0,0.0153,11.31,0.015,0.003,0.001,0.183,180.0,99.0,10.01,49.209585380132246,neo3_calibrated_direct,1,4.57458,-16.2598,-22.6807,28.27935697123257,1,68.37217748336137,yahboom_calibrated_direct+neo3_cross_align,0,-27,2988,3161,0.4590823007811636,0.14787055510710373,0.4823092990584048,48.37934933649487,neo3_calibrated_direct:gyro_integral,1,48.37934933649487,nan,351.5899658203125,0.0,95,70,2050,0.45489831542968745,0.33518823242187495,9.816226806640625,9.832476409732436,1,1,0,0.06103515625,0.06103515625,0.0,0.0010652644360316954,0.0010652644360316954,0.0,0.0,340,-431,-1531,1.86767578125,-2.3675537109375,351.5899658203125,98724.977,305.75,1,1,0,0,1601,141,353,708,708,708,708,4435,F4line=1601;YAH=2832
DIRECT_SERIAL,138,1789591946838797696,2026-09-16T20:52:26.838798+00:00,-1,2144076609282,1789591946800000000,1789591946,800000000,2163796,1789591946808315,1789591946800000,2,4,0.7292158233833943,0.2543686793333174,gnss_local_enu_direct,0.7292158233833943,0.2543686793333174,110.4347072,-7.0509177,233.3,0.479,0.799,3,1,16,0,0.064,26.966,0.057,0.029,0.033,0.182,163.024,99.0,10.01,49.09848491259714,neo3_calibrated_direct,1,4.599,-16.3452,-22.6074,28.273855393278076,1,68.61695059193609,yahboom_calibrated_direct+neo3_cross_align,0,-28,2971,3124,0.45890869130899975,0.14550948641490327,0.48142517341292795,48.37934933649487,neo3_calibrated_direct:gyro_integral,1,48.37934933649487,nan,351.5899658203125,0.0,82,72,2040,0.39264907226562495,0.3447650390625,9.7683427734375,9.782308355673493,-2,0,0,-0.1220703125,0.0,0.0,-0.0021305288720633907,0.0,0.0,0.0,341,-431,-1531,1.8731689453125,-2.3675537109375,351.5899658203125,98725.281,305.75,1,1,0,0,1615,143,355,713,713,713,713,4469,F4line=1615;YAH=2852
DIRECT_SERIAL,139,1789591946954446459,2026-09-16T20:52:26.954446+00:00,-1,2144192258074,1789591946900000000,1789591946,900000000,2163897,1789591946908440,1789591946900000,2,4,0.7402645501554993,0.2654281880491625,gnss_local_enu_direct,0.7402645501554993,0.2654281880491625,110.4347073,-7.0509176,233.32,0.479,0.8,3,1,16,0,0.0058,210.964,-0.005,-0.003,0.04,0.222,180.0,99.0,10.0,49.50177339328742,neo3_calibrated_direct,1,4.57764,-16.1011,-22.3633,27.934161810757807,1,68.75858229969735,yahboom_calibrated_direct+neo3_cross_align,0,-26,2962,3174,0.4591800480088417,0.14426397135694335,0.4813090586318516,48.37934933649487,neo3_calibrated_direct:gyro_integral,1,48.37934933649487,nan,351.5899658203125,0.0,81,46,2045,0.38786066894531246,0.22026655273437498,9.792284790039062,9.802438199856123,1,0,0,0.06103515625,0.0,0.0,0.0010652644360316954,0.0,0.0,0.0,340,-431,-1531,1.86767578125,-2.3675537109375,351.5899658203125,98723.141,305.75,1,1,0,0,1627,144,358,718,718,718,718,4501,F4line=1627;YAH=2872
DIRECT_SERIAL,140,1789591947055207592,2026-09-16T20:52:27.055208+00:00,-1,2144293019158,1789591947000000000,1789591947,0,2164002,1789591947014074,1789591947000000,2,4,0.7402645513984237,0.26542818849842864,gnss_local_enu_direct,0.7402645513984237,0.26542818849842864,110.4347073,-7.0509176,233.33,0.479,0.801,3,1,16,0,0.0186,126.254,-0.011,0.015,-0.006,0.203,180.0,99.0,9.93,49.04733148430477,neo3_calibrated_direct,1,4.63257,-16.4062,-22.644,28.343867753799938,1,68.71197739851034,yahboom_calibrated_direct+neo3_cross_align,0,-17,2968,3278,0.4604831902364699,0.14511254519076977,0.48280681360364014,48.37934933649487,neo3_calibrated_direct:gyro_integral,1,48.37934933649487,nan,351.5899658203125,0.0,90,82,2049,0.430956298828125,0.39264907226562495,9.811438403320311,9.828744587565561,-2,0,0,-0.1220703125,0.0,0.0,-0.0021305288720633907,0.0,0.0,0.0,341,-431,-1531,1.8731689453125,-2.3675537109375,351.5899658203125,98725.891,305.75,1,1,0,0,1639,145,361,724,724,724,724,4537,F4line=1639;YAH=2896
DIRECT_SERIAL,141,1789591947155213905,2026-09-16T20:52:27.155214+00:00,-1,2144393025479,1789591947100000000,1789591947,100000000,2164097,1789591947109221,1789591947100000,2,4,0.7402645513984237,0.26542818849842864,gnss_local_enu_direct,0.7402645513984237,0.26542818849842864,110.4347073,-7.0509176,233.33,0.478,0.802,3,1,16,0,0.0367,342.553,0.035,-0.011,-0.059,0.215,180.0,99.0,10.02,49.466884531659574,neo3_calibrated_direct,1,4.59595,-16.1377,-22.4731,28.04618229461008,1,68.54883217841889,yahboom_calibrated_direct+neo3_cross_align,0,-30,2975,3259,0.4586285134179385,0.14606108839817006,0.48132520696926545,48.37934933649487,neo3_calibrated_direct:gyro_integral,1,48.37934933649487,nan,351.5899658203125,0.0,81,57,2047,0.38786066894531246,0.27293898925781246,9.801861596679688,9.813328810899788,0,0,0,0.0,0.0,0.0,0.0,0.0,0.0,0.0,341,-431,-1531,1.8731689453125,-2.3675537109375,351.5899658203125,98722.531,305.75,1,1,0,0,1648,146,363,729,729,729,729,4566,F4line=1648;YAH=2916
DIRECT_SERIAL,142,1789591947273724380,2026-09-16T20:52:27.273724+00:00,-1,2144511535971,1789591947200000000,1789591947,200000000,2164196,1789591947208248,1789591947200000,2,4,0.7402645535591108,0.26542818938855295,gnss_local_enu_direct,0.7402645535591108,0.26542818938855295,110.4347073,-7.0509176,233.35,0.479,0.803,3,1,15,0,0.0332,46.219,0.023,0.024,0.005,0.187,180.0,99.0,10.03,49.21741558601598,neo3_calibrated_direct,1,4.61731,-16.2964,-22.7295,28.346470236099947,1,68.72704894154224,yahboom_calibrated_direct+neo3_cross_align,0,-36,2961,3229,0.45774210955041456,0.14410754635956619,0.47989042892460176,48.37934933649487,neo3_calibrated_direct:gyro_integral,1,48.37934933649487,nan,351.5899658203125,0.0,85,75,2047,0.4070142822265625,0.3591302490234375,9.801861596679688,9.816879642848033,1,0,0,0.06103515625,0.0,0.0,0.0010652644360316954,0.0,0.0,0.0,341,-431,-1531,1.8731689453125,-2.3675537109375,351.5899658203125,98722.836,305.75,1,1,0,0,1659,147,366,734,734,734,734,4597,F4line=1659;YAH=2936
DIRECT_SERIAL,143,1789591947374265366,2026-09-16T20:52:27.374265+00:00,-1,2144612076976,1789591947300000000,1789591947,300000000,2164296,1789591947308429,1789591947300000,2,4,0.740264552394812,0.27648769719142785,gnss_local_enu_direct,0.740264552394812,0.27648769719142785,110.4347073,-7.0509175,233.34,0.479,0.804,3,1,15,0,0.0354,351.87,0.035,-0.005,-0.005,0.193,180.0,99.0,10.02,49.4216100392591,neo3_calibrated_direct,1,4.60815,-16.1743,-22.4243,28.030202592962112,1,68.75598463838392,yahboom_calibrated_direct+neo3_cross_align,0,-17,2965,3329,0.4604778975217383,0.1446961973459539,0.48267679002871033,48.37934933649487,neo3_calibrated_direct:gyro_integral,1,48.37934933649487,nan,351.5899658203125,0.0,83,62,2043,0.39743747558593745,0.296881005859375,9.782707983398437,9.795277962727127,0,0,0,0.0,0.0,0.0,0.0,0.0,0.0,0.0,341,-431,-1531,1.8731689453125,-2.3675537109375,351.5899658203125,98724.672,305.75,1,1,0,0,1669,148,369,740,740,740,740,4631,F4line=1669;YAH=2960
DIRECT_SERIAL,144,1789591947478758980,2026-09-16T20:52:27.478759+00:00,-1,2144716570616,1789591947400000000,1789591947,400000000,2164397,1789591947409629,1789591947400000,2,4,0.729215828163037,0.28754720519987764,gnss_local_enu_direct,0.729215828163037,0.28754720519987764,110.4347072,-7.0509174,233.34,0.479,0.804,3,1,16,0,0.0202,339.775,0.019,-0.007,0.025,0.212,180.0,99.0,10.01,49.265543325131176,neo3_calibrated_direct,1,4.63257,-16.2842,-22.9248,28.498812773252503,1,68.64094743511042,yahboom_calibrated_direct+neo3_cross_align,0,-26,2970,3373,0.45919416191479256,0.14537423227645235,0.4816564602977901,48.37934933649487,neo3_calibrated_direct:gyro_integral,1,48.37934933649487,nan,351.5899658203125,0.0,82,67,2048,0.39264907226562495,0.32082302246093747,9.80665,9.819749738572364,0,0,0,0.0,0.0,0.0,0.0,0.0,0.0,0.0,341,-431,-1531,1.8731689453125,-2.3675537109375,351.5899658203125,98723.141,305.75,1,1,0,0,1679,149,371,745,745,745,745,4661,F4line=1679;YAH=2980
DIRECT_SERIAL,145,1789591947586815682,2026-09-16T20:52:27.586816+00:00,-1,2144824627244,1789591947500000000,1789591947,500000000,2164495,1789591947507455,1789591947500000,2,4,0.729215828163037,0.28754720519987764,gnss_local_enu_direct,0.729215828163037,0.28754720519987764,110.4347072,-7.0509174,233.34,0.479,0.805,3,1,16,0,0.0772,73.443,0.022,0.074,0.031,0.189,140.298,99.0,10.04,49.417434578779826,neo3_calibrated_direct,1,4.5929,-16.1621,-22.4243,28.020660900663994,1,68.8055541807804,yahboom_calibrated_direct+neo3_cross_align,0,-3,2966,3308,0.46249030566823884,0.14485967929630653,0.48464585990486886,48.38422604718825,neo3_calibrated_direct:gyro_integral,1,48.38422604718825,nan,351.595458984375,0.0,103,126,2019,0.49320554199218747,0.603338818359375,9.667786303710937,9.69914230489541,0,1,4,0.0,0.06103515625,0.244140625,0.0,0.0010652644360316954,0.004261057744126781,0.004261057744126781,341,-432,-1530,1.8731689453125,-2.373046875,351.595458984375,98720.703,305.75,1,1,0,0,1691,150,374,750,750,750,750,4693,F4line=1691;YAH=3000
DIRECT_SERIAL,146,1789591947692962333,2026-09-16T20:52:27.692962+00:00,-1,2144930773953,1789591947600000000,1789591947,600000000,2164596,1789591947607574,1789591947600000,2,4,0.7292158274350956,0.2986067127916397,gnss_local_enu_direct,0.7292158274350956,0.2986067127916397,110.4347072,-7.0509173,233.33,0.479,0.805,3,1,16,0,0.0891,114.55,-0.037,0.081,0.006,0.179,115.174,99.0,10.02,49.24547447271763,neo3_calibrated_direct,1,4.60815,-16.272,-22.7295,28.330958343700626,1,68.8339656779486,yahboom_calibrated_direct+neo3_cross_align,0,-16,2960,3307,0.4606126937525374,0.14400404850950463,0.48259840409298554,48.37564966907544,neo3_calibrated_direct:gyro_integral,1,48.37564966907544,nan,351.58447265625,0.0,94,46,2029,0.45010991210937495,0.22026655273437498,9.715670336914062,9.728585014421387,0,-2,4,0.0,-0.1220703125,0.244140625,0.0,-0.0021305288720633907,0.004261057744126781,0.004261057744126781,340,-431,-1532,1.86767578125,-2.3675537109375,351.58447265625,98724.062,305.75,1,1,0,0,1709,151,377,755,755,755,755,4731,F4line=1709;YAH=3020
DIRECT_SERIAL,147,1789591947793133445,2026-09-16T20:52:27.793133+00:00,-1,2145030944993,1789591947700000000,1789591947,700000000,2164697,1789591947709108,1789591947700000,2,4,0.7292158287892161,0.29860671336798983,gnss_local_enu_direct,0.7292158287892161,0.29860671336798983,110.4347072,-7.0509173,233.34,0.479,0.805,3,1,16,0,0.1093,293.75,0.044,-0.1,-0.09,0.181,94.945,99.0,10.0,49.19553388147879,neo3_calibrated_direct,1,4.61731,-16.3086,-22.6562,28.29475894995573,1,68.70193052953502,yahboom_calibrated_direct+neo3_cross_align,0,-16,2969,3314,0.46062857189673206,0.14525309204395226,0.4829877244774982,48.37465935157058,neo3_calibrated_direct:gyro_integral,1,48.37465935157058,nan,351.58447265625,0.0,97,78,2058,0.4644751220703125,0.373495458984375,9.854534033203125,9.872541567826536,1,0,2,0.06103515625,0.0,0.1220703125,0.0010652644360316954,0.0,0.0021305288720633907,0.0021305288720633907,340,-431,-1532,1.86767578125,-2.3675537109375,351.58447265625,98725.891,305.75,1,1,0,0,1721,152,379,761,761,760,760,4765,F4line=1721;YAH=3042
DIRECT_SERIAL,148,1789591947893218657,2026-09-16T20:52:27.893219+00:00,-1,2145131030390,1789591947800000000,1789591947,800000000,2164795,1789591947807964,1789591947800000,2,4,0.7292158299209446,0.29860671369017194,gnss_local_enu_direct,0.7292158299209446,0.29860671369017194,110.4347072,-7.0509173,233.35,0.479,0.805,3,1,16,0,0.1287,124.554,-0.073,0.106,-0.012,0.198,88.156,99.0,10.03,49.24547447271763,neo3_calibrated_direct,1,4.60815,-16.272,-22.7905,28.379921082915295,1,68.72957706045366,yahboom_calibrated_direct+neo3_cross_align,0,-10,2969,3346,0.46149027642884205,0.1452636774734154,0.4838127853121179,48.36854861542551,neo3_calibrated_direct:gyro_integral,1,48.36854861542551,nan,351.58447265625,0.0,83,52,2048,0.39743747558593745,0.24899697265624998,9.80665,9.817858231910465,-1,-1,0,-0.06103515625,-0.06103515625,0.0,-0.0010652644360316954,-0.0010652644360316954,0.0,0.0,341,-431,-1532,1.8731689453125,-2.3675537109375,351.58447265625,98725.891,305.75,1,1,0,0,1732,153,382,766,766,766,766,4798,F4line=1732;YAH=3064
DIRECT_SERIAL,149,1789591947993236546,2026-09-16T20:52:27.993237+00:00,-1,2145231048180,1789591947900000000,1789591947,900000000,2164896,1789591947908107,1789591947900000,2,4,0.7402645551816782,0.28754720590305954,gnss_local_enu_direct,0.7402645551816782,0.28754720590305954,110.4347073,-7.0509174,233.36,0.48,0.806,3,1,16,0,0.0746,107.949,-0.023,0.071,0.042,0.202,155.073,99.0,10.01,49.236813123279425,neo3_calibrated_direct,1,4.57764,-16.2476,-22.6196,28.223848034766625,1,68.64256116383531,yahboom_calibrated_direct+neo3_cross_align,0,-13,2974,3331,0.46106824535400637,0.14595229783337696,0.4836176176657184,48.36856079035227,neo3_calibrated_direct:gyro_integral,1,48.36856079035227,nan,351.58447265625,0.0,95,63,2049,0.45489831542968745,0.3016694091796875,9.811438403320311,9.826609814781708,1,0,0,0.06103515625,0.0,0.0,0.0010652644360316954,0.0,0.0,0.0,341,-430,-1532,1.8731689453125,-2.362060546875,351.58447265625,98724.062,305.75,1,1,0,0,1741,154,384,771,771,771,771,4827,F4line=1741;YAH=3084
DIRECT_SERIAL,150,1789591948093273791,2026-09-16T20:52:28.093274+00:00,-1,2145331085379,1789591948000000000,1789591948,0,2165001,1789591948013777,1789591948000000,2,4,0.7402645572311695,0.2875472067816348,gnss_local_enu_direct,0.7402645572311695,0.2875472067816348,110.4347073,-7.0509174,233.38,0.481,0.808,3,1,16,0,0.0671,236.547,-0.037,-0.056,-0.061,0.219,180.0,99.0,9.94,49.093232995975015,neo3_calibrated_direct,1,4.59595,-16.3452,-22.522,28.20512016358909,1,68.8119421335594,yahboom_calibrated_direct+neo3_cross_align,0,-24,2959,3272,0.45946199013814687,0.14385115198861517,0.48145454023215756,48.36978071967355,neo3_calibrated_direct:gyro_integral,1,48.36978071967355,nan,351.5789794921875,0.0,86,68,2049,0.411802685546875,0.32561142578124996,9.811438403320311,9.825473413254526,-2,0,0,-0.1220703125,0.0,0.0,-0.0021305288720633907,0.0,0.0,0.0,341,-430,-1533,1.8731689453125,-2.362060546875,351.5789794921875,98724.367,305.75,1,1,0,0,1757,155,387,776,776,776,776,4863,F4line=1757;YAH=3104
DIRECT_SERIAL,151,1789591948202234756,2026-09-16T20:52:28.202235+00:00,-1,2145440046829,1789591948100000000,1789591948,100000000,2165096,1789591948108773,1789591948100000,2,4,0.7513132827509166,0.2764876993923254,gnss_local_enu_direct,0.7513132827509166,0.2764876993923254,110.4347074,-7.0509175,233.4,0.481,0.808,3,1,15,0,0.0962,163.072,-0.092,0.028,-0.004,0.239,142.405,99.0,10.03,49.254122403467996,neo3_calibrated_direct,1,4.63867,-16.2964,-22.644,28.281454140989638,1,68.87247880594703,yahboom_calibrated_direct+neo3_cross_align,0,-14,2958,3284,0.4608964001200863,0.1437300117561151,0.4827875391132912,48.36978071967355,neo3_calibrated_direct:gyro_integral,1,48.36978071967355,nan,351.58447265625,0.0,81,63,2059,0.38786066894531246,0.3016694091796875,9.859322436523437,9.871559108787425,2,-3,0,0.1220703125,-0.18310546875,0.0,0.0021305288720633907,-0.0031957933080950856,0.0,0.0,341,-430,-1532,1.8731689453125,-2.362060546875,351.58447265625,98724.672,305.75,1,1,0,0,1765,156,389,781,781,781,781,4891,F4line=1765;YAH=3124
DIRECT_SERIAL,152,1789591948311636646,2026-09-16T20:52:28.311637+00:00,-1,2145549448332,1789591948200000000,1789591948,200000000,2165195,1789591948207777,1789591948200000,2,4,0.7402645583954683,0.2764876993253647,gnss_local_enu_direct,0.7402645583954683,0.2764876993253647,110.4347073,-7.0509175,233.39,0.481,0.809,3,1,15,0,0.0388,34.509,0.032,0.022,0.041,0.242,180.0,99.0,10.04,49.22447463992144,neo3_calibrated_direct,1,4.59595,-16.272,-22.6685,28.28005715433581,1,68.69349837023483,yahboom_calibrated_direct+neo3_cross_align,0,-21,2968,3311,0.45990872054839654,0.14510548823779437,0.4822568132781452,48.36978071967355,neo3_calibrated_direct:gyro_integral,1,48.36978071967355,nan,351.58447265625,0.0,89,72,2040,0.4261678955078125,0.3447650390625,9.7683427734375,9.783711082543778,2,-2,0,0.1220703125,-0.1220703125,0.0,0.0021305288720633907,-0.0021305288720633907,0.0,0.0,342,-431,-1532,1.878662109375,-2.3675537109375,351.58447265625,98723.453,305.75,1,1,0,0,1777,157,392,786,786,786,786,4923,F4line=1777;YAH=3144
DIRECT_SERIAL,153,1789591948412230138,2026-09-16T20:52:28.412230+00:00,-1,2145650041737,1789591948300000000,1789591948,300000000,2165296,1789591948307874,1789591948300000,2,4,0.7402645562347812,0.27648769843524035,gnss_local_enu_direct,0.7402645562347812,0.27648769843524035,110.4347073,-7.0509175,233.37,0.481,0.81,3,1,15,0,0.0273,98.427,-0.004,0.027,0.008,0.204,180.0,99.0,10.02,49.1640279020308,neo3_calibrated_direct,1,4.599,-16.3086,-22.6318,28.272240912244644,1,68.53545182897014,yahboom_calibrated_direct+neo3_cross_align,0,-36,2974,3280,0.45776504464758466,0.14591172035376831,0.4804571429771874,48.36978071967355,neo3_calibrated_direct:gyro_integral,1,48.36978071967355,nan,351.5789794921875,0.0,86,73,2013,0.411802685546875,0.3495534423828125,9.639055883789062,9.654178752836195,9,-15,0,0.54931640625,-0.91552734375,0.0,0.009587379924285258,-0.01597896654047543,0.0,0.0,341,-433,-1533,1.8731689453125,-2.3785400390625,351.5789794921875,98723.141,305.75,1,1,0,0,1788,158,395,792,792,792,792,4958,F4line=1788;YAH=3168
DIRECT_SERIAL,154,1789591948522955710,2026-09-16T20:52:28.522956+00:00,-1,2145760767367,1789591948400000000,1789591948,400000000,2165397,1789591948409099,1789591948400000,2,4,0.7402645562347812,0.27648769843524035,gnss_local_enu_direct,0.7402645562347812,0.27648769843524035,110.4347073,-7.0509175,233.37,0.482,0.81,3,1,15,0,0.0492,296.565,0.022,-0.044,0.006,0.216,180.0,99.0,10.0,49.273611395300435,neo3_calibrated_direct,1,4.599,-16.2476,-22.6562,28.25665771459887,1,68.69731358905287,yahboom_calibrated_direct+neo3_cross_align,0,-17,2969,3260,0.4604849544747137,0.14525132780570843,0.48285022680630535,48.29648904975212,neo3_calibrated_direct:gyro_integral,1,48.29648904975212,nan,351.551513671875,0.0,85,131,2021,0.4070142822265625,0.6272808349609375,9.677363110351562,9.706209282796191,-50,42,-60,-3.0517578125,2.5634765625,-3.662109375,-0.05326322180158476,0.044741106313331204,-0.06391586616190172,-0.06391586616190172,325,-429,-1538,1.7852783203125,-2.3565673828125,351.551513671875,98727.414,305.75,1,1,0,0,1798,159,397,797,797,797,797,4988,F4line=1798;YAH=3188
DIRECT_SERIAL,155,1789591948631011426,2026-09-16T20:52:28.631011+00:00,-1,2145868823224,1789591948500000000,1789591948,500000000,2165494,1789591948507170,1789591948500000,2,4,0.7402645571525438,0.27648769887609853,gnss_local_enu_direct,0.7402645571525438,0.27648769887609853,110.4347073,-7.0509175,233.38,0.482,0.81,3,1,15,0,0.0654,156.571,-0.06,0.026,-0.002,0.245,180.0,99.0,10.05,48.86522147709118,neo3_calibrated_direct,1,4.27551,-16.1621,-22.7173,28.20583594684086,1,68.1015603477331,yahboom_calibrated_direct+neo3_cross_align,0,-56,2997,3376,0.45493327368682657,0.14906843573247958,0.4787334143749958,46.80463547016278,neo3_calibrated_direct:gyro_integral,1,46.80463547016278,nan,350.145263671875,0.0,133,76,2266,0.6368576416015624,0.36391865234375,10.850521923828124,10.875286224309903,79,138,-276,4.82177734375,8.4228515625,-16.845703125,0.08415589044650393,0.14700649217237394,-0.2940129843447479,-0.2940129843447479,329,-372,-1794,1.8072509765625,-2.04345703125,350.145263671875,98721.312,305.75,1,1,0,0,1815,160,400,802,802,802,802,5025,F4line=1815;YAH=3208
DIRECT_SERIAL,156,1789591948731123953,2026-09-16T20:52:28.731124+00:00,-1,2145968935635,1789591948600000000,1789591948,600000000,2165596,1789591948607851,1789591948600000,2,4,0.7402645571525438,0.27648769887609853,gnss_local_enu_direct,0.7402645571525438,0.27648769887609853,110.4347073,-7.0509175,233.38,0.482,0.81,3,1,15,0,0.1143,302.856,0.062,-0.096,0.055,0.226,113.319,99.0,10.01,46.61465332287015,neo3_calibrated_direct,1,3.65906,-16.8091,-23.1689,28.857104672915472,1,66.23346943261457,yahboom_calibrated_direct+neo3_cross_align,0,-152,3090,3347,0.4413100753297448,0.16180585205036163,0.4700379945762774,45.03550084369312,neo3_calibrated_direct:gyro_integral,1,45.03550084369312,nan,348.6785888671875,0.0,62,117,2399,0.296881005859375,0.5602431884765625,11.487379565429686,11.504864190512029,485,-57,-243,29.60205078125,-3.47900390625,-14.83154296875,0.5166532514753722,-0.06072007285380663,-0.25885925795570197,-0.25885925795570197,486,-230,-2061,2.669677734375,-1.263427734375,348.6785888671875,98722.836,305.75,1,1,0,0,1827,161,403,808,808,807,807,5059,F4line=1827;YAH=3230
DIRECT_SERIAL,157,1789591948831223705,2026-09-16T20:52:28.831224+00:00,-1,2146069035323,1789591948700000000,1789591948,700000000,2165696,1789591948708234,1789591948700000,2,4,0.7402645583954683,0.2764876993253647,gnss_local_enu_direct,0.7402645583954683,0.2764876993253647,110.4347073,-7.0509175,233.39,0.482,0.81,3,1,15,0,0.0363,7.907,0.036,0.005,-0.054,0.21,180.0,99.0,10.01,44.74795852250636,neo3_calibrated_direct,1,3.71094,-17.9688,-22.4243,28.97409324920454,1,61.181753257085006,yahboom_calibrated_direct+neo3_cross_align,0,-187,3428,3305,0.43687977808552597,0.20865262756108197,0.4841485923641646,43.12904586975772,neo3_calibrated_direct:gyro_integral,1,43.12904586975772,nan,346.4373779296875,0.0,55,292,2095,0.26336218261718747,1.39821376953125,10.031704956054687,10.132100755019753,919,-288,-418,56.09130859375,-17.578125,-25.5126953125,0.978978016713128,-0.30679615757712825,-0.44528053426124864,-0.44528053426124864,1424,-451,-2469,7.822265625,-2.4774169921875,346.4373779296875,98723.141,305.75,1,1,0,0,1838,162,405,813,813,813,813,5092,F4line=1838;YAH=3252
DIRECT_SERIAL,158,1789591948931244002,2026-09-16T20:52:28.931244+00:00,-1,2146169055599,1789591948800000000,1789591948,800000000,2165796,1789591948808377,1789591948800000,2,4,0.7513132858293665,0.27648770083884283,gnss_local_enu_direct,0.7513132858293665,0.27648770083884283,110.4347074,-7.0509175,233.43,0.483,0.81,3,1,15,0,0.1723,111.801,-0.064,0.16,-0.146,0.219,72.824,99.0,10.01,39.717163113949866,neo3_calibrated_direct,1,3.61938,-20.8984,-20.4102,29.435001243152684,1,54.24007840740001,yahboom_calibrated_direct+neo3_cross_align,0,-234,3940,3085,0.4310330492315178,0.2796264072121967,0.5137902462486237,39.31221517543003,neo3_calibrated_direct:gyro_integral,1,39.31221517543003,nan,342.5537109375,0.0,65,429,1743,0.3112462158203125,2.0542250244140625,8.346186987304687,8.600904131825068,298,-166,-712,18.1884765625,-10.1318359375,-43.45703125,0.3174488019374452,-0.17683389638126143,-0.758468278454567,-0.758468278454567,2154,-586,-3176,11.832275390625,-3.218994140625,342.5537109375,98721.617,305.75,1,1,0,0,1849,163,408,818,818,818,818,5123,F4line=1849;YAH=3272
DIRECT_SERIAL,159,1789591949034966506,2026-09-16T20:52:29.034966+00:00,-1,2146272778117,1789591948900000000,1789591948,900000000,2165897,1789591948908536,1789591948900000,2,4,0.7734107404719244,0.2764877017455434,gnss_local_enu_direct,0.7734107404719244,0.2764877017455434,110.4347076,-7.0509175,233.46,0.483,0.809,3,1,15,0,0.0182,260.538,-0.003,-0.018,-0.161,0.215,180.0,99.0,9.99,36.31036948645381,neo3_calibrated_direct,1,2.72369,-22.0215,-20.3857,30.13207118596563,1,48.29965041799058,yahboom_calibrated_direct+neo3_cross_align,0,-390,4345,3021,0.40934324788541865,0.33555814509629844,0.5293025253386306,34.80287162774945,neo3_calibrated_direct:gyro_integral,1,34.80287162774945,nan,338.082275390625,0.0,31,296,1891,0.1484405029296875,1.4173673828125,9.054870678710937,9.166332302996103,-288,12,-730,-17.578125,0.732421875,-44.5556640625,-0.30679615757712825,0.012783173232380343,-0.7776430383031375,-0.7776430383031375,2131,-462,-3990,11.7059326171875,-2.537841796875,338.082275390625,98721.617,305.75,1,1,0,0,1858,164,410,823,823,823,823,5152,F4line=1858;YAH=3292
DIRECT_SERIAL,160,1789591949135449574,2026-09-16T20:52:29.135450+00:00,-1,2146373261164,1789591949100000000,1789591949,100000000,2166096,1789591949108261,1789591949100000,2,4,0.7623620215904825,0.28754721244878884,gnss_local_enu_direct,0.7623620215904825,0.28754721244878884,110.4347075,-7.0509174,233.51,0.484,0.81,3,1,15,0,0.3281,314.259,0.229,-0.235,-0.154,0.316,55.178,99.0,9.92,31.25788087256551,neo3_calibrated_direct,1,1.00021,-23.1812,-21.936,31.930495603483827,1,43.552640369686706,yahboom_calibrated_direct+neo3_cross_align,0,-641,4565,3201,0.37368340737246436,0.3656474965835884,0.522816775460907,30.46057688818992,neo3_calibrated_direct:gyro_integral,1,30.46057688818992,nan,333.863525390625,0.0,8,248,2001,0.0383072265625,1.1875240234375,9.581595043945311,9.654980286670991,-261,44,-710,-15.93017578125,2.685546875,-43.3349609375,-0.27803401780427245,0.04687163518539459,-0.7563377495825037,-0.7563377495825037,1797,-251,-4758,9.8712158203125,-1.3787841796875,333.863525390625,98723.758,305.75,1,1,0,0,1872,165,413,828,828,828,828,5186,F4line=1872;YAH=3312
DIRECT_SERIAL,161,1789591949236147676,2026-09-16T20:52:29.236148+00:00,-1,2146473959267,1789591949100000000,1789591949,100000000,2166096,1789591949108261,1789591949100000,2,4,0.762362027053019,0.30966623136245724,gnss_local_enu_direct,0.762362027053019,0.30966623136245724,110.4347075,-7.0509172,233.55,0.486,0.81,3,1,15,0,0.1123,320.782,0.087,-0.071,-0.084,0.292,148.989,99.0,10.03,28.114300356671798,neo3_calibrated_direct,1,-0.284386,-23.5107,-22.5464,32.57566642214701,1,38.53792743095092,yahboom_calibrated_direct+neo3_cross_align,0,-944,4739,3395,0.33047430595533944,0.3892611073950211,0.5106245946163007,26.025169910406863,neo3_calibrated_direct:gyro_integral,1,26.025169910406863,nan,329.4580078125,0.0,2,230,1958,0.009576806640625,1.1013327636718748,9.375693701171874,9.440161966288318,-195,-45,-756,-11.90185546875,-2.74658203125,-46.142578125,-0.2077265650261806,-0.04793689962142629,-0.8053399136399616,-0.8053399136399616,1560,-124,-5560,8.5693359375,-0.68115234375,329.4580078125,98723.141,305.75,1,1,0,0,1880,166,415,833,833,833,833,5214,F4line=1880;YAH=3332
DIRECT_SERIAL,162,1789591949336408165,2026-09-16T20:52:29.336408+00:00,-1,2146574219776,1789591949300000000,1789591949,300000000,2166296,1789591949308752,1789591949300000,2,4,0.8065569404915989,0.3317852526073303,gnss_local_enu_direct,0.8065569404915989,0.3317852526073303,110.4347079,-7.050917,233.65,0.489,0.81,3,1,15,0,0.0814,24.677,0.074,0.034,-0.086,0.263,180.0,99.0,10.02,22.391937507053566,neo3_calibrated_direct,1,-2.44904,-24.4141,-23.2422,33.797129117302255,1,33.409316559127745,yahboom_calibrated_direct+neo3_cross_align,0,-1259,4885,3404,0.28549239680316646,0.40896763412924614,0.4987588940537197,21.605016444895032,neo3_calibrated_direct:gyro_integral,1,21.605016444895032,nan,325.0579833984375,0.0,20,349,1920,0.09576806640624999,1.6711527587890624,9.193734375,9.344874254039384,-120,40,-700,-7.32421875,2.44140625,-42.724609375,-0.12783173232380343,0.04261057744126781,-0.7456851052221867,-0.7456851052221867,1443,-7,-6361,7.9266357421875,-0.0384521484375,325.0579833984375,98717.953,305.75,1,1,0,0,1894,168,418,838,838,838,838,5248,F4line=1894;YAH=3352
DIRECT_SERIAL,163,1789591949436464647,2026-09-16T20:52:29.436465+00:00,-1,2146674276207,1789591949400000000,1789591949,400000000,2166397,1789591949408697,1789591949400000,2,4,0.8065569404915989,0.3317852526073303,gnss_local_enu_direct,0.8065569404915989,0.3317852526073303,110.4347079,-7.050917,233.65,0.489,0.81,3,1,15,0,0.0814,24.677,0.074,0.034,-0.086,0.263,180.0,99.0,10.02,19.17547044182475,neo3_calibrated_direct,1,-3.78723,-24.5728,-23.7549,34.38692898359637,1,28.092544656970087,yahboom_calibrated_direct+neo3_cross_align,0,-1595,4995,3420,0.23743100921182972,0.42364093772255973,0.4856388866738306,17.695628778140232,neo3_calibrated_direct:gyro_integral,1,17.695628778140232,nan,321.1798095703125,0.0,-56,281,2018,-0.26815058593749996,1.3455413330078123,9.662997900390625,9.759913659378585,-279,45,-612,-17.02880859375,2.74658203125,-37.353515625,-0.297208777652843,0.04793689962142629,-0.6519418348513976,-0.6519418348513976,1220,139,-7067,6.70166015625,0.7635498046875,321.1798095703125,98723.758,305.75,1,1,0,0,1901,168,420,843,843,843,843,5275,F4line=1901;YAH=3372
DIRECT_SERIAL,164,1789591949549112930,2026-09-16T20:52:29.549113+00:00,-1,2146786924631,1789591949500000000,1789591949,500000000,2166495,1789591949507734,1789591949500000,2,4,0.8507518526872543,0.35390427421168175,gnss_local_enu_direct,0.8507518526872543,0.35390427421168175,110.4347083,-7.0509168,233.74,0.493,0.81,3,1,15,0,0.0824,5.572,0.082,0.008,-0.03,0.274,180.0,99.0,10.03,14.669301326332999,neo3_calibrated_direct,1,-5.74646,-24.2798,-25.0488,35.354955409554684,1,24.304142198260873,yahboom_calibrated_direct+neo3_cross_align,0,-1869,4974,3517,0.19804278657568478,0.4202431015300324,0.4645699190630441,14.128475532531482,neo3_calibrated_direct:gyro_integral,1,14.128475532531482,nan,317.603759765625,0.0,-76,283,2059,-0.36391865234375,1.3551181396484375,9.859322436523437,9.958665616700983,-185,-81,-573,-11.29150390625,-4.94384765625,-34.97314453125,-0.19707392066586363,-0.08628641931856731,-0.6103965218461614,-0.6103965218461614,958,184,-7718,5.262451171875,1.0107421875,317.603759765625,98721.312,305.75,1,1,0,0,1914,170,423,848,848,848,848,5308,F4line=1914;YAH=3392
DIRECT_SERIAL,165,1789591949649116030,2026-09-16T20:52:29.649116+00:00,-1,2146886927606,1789591949600000000,1789591949,600000000,2166596,1789591949608920,1789591949600000,2,4,0.8618005845633535,0.3649637852166854,gnss_local_enu_direct,0.8618005845633535,0.3649637852166854,110.4347084,-7.0509167,233.78,0.495,0.81,3,1,15,0,0.0845,6.116,0.084,0.009,-0.01,0.27,180.0,99.0,10.01,11.393704307702768,neo3_calibrated_direct,1,-7.1228,-23.9624,-25.6104,35.78859429706621,1,20.45072096910554,yahboom_calibrated_direct+neo3_cross_align,0,-2117,4978,3481,0.16243272286811297,0.4203607009053109,0.4506523142334381,10.711245080876802,neo3_calibrated_direct:gyro_integral,1,10.711245080876802,nan,314.14306640625,0.0,-13,233,2021,-0.062249243164062495,1.1156979736328125,9.677363110351562,9.741663805851449,-32,-69,-556,-1.953125,-4.21142578125,-33.935546875,-0.03408846195301425,-0.07350324608618697,-0.5922870264336225,-0.5922870264336225,864,142,-8348,4.74609375,0.780029296875,314.14306640625,98723.141,305.75,1,1,0,0,1933,171,426,854,853,853,853,5348,F4line=1933;YAH=3413
DIRECT_SERIAL,166,1789591949749210011,2026-09-16T20:52:29.749210+00:00,-1,2146987021616,1789591949700000000,1789591949,700000000,2166697,1789591949709218,1789591949700000,2,4,0.8838980405725089,0.3760232967276913,gnss_local_enu_direct,0.8838980405725089,0.3760232967276913,110.4347086,-7.0509166,233.83,0.497,0.81,3,1,15,0,0.0542,330.124,0.047,-0.027,-0.013,0.287,180.0,99.0,10.0,8.80452632751155,neo3_calibrated_direct,1,-8.1604,-23.7793,-26.001,36.16765457767479,1,16.455502395281854,yahboom_calibrated_direct+neo3_cross_align,0,-2354,5004,3565,0.12844126404410763,0.4235509244299216,0.4425974964848867,7.203932695565841,neo3_calibrated_direct:gyro_integral,1,7.203932695565841,nan,310.53955078125,0.0,-78,233,2014,-0.373495458984375,1.1156979736328125,9.643844287109374,9.715349374071033,78,40,-414,4.7607421875,2.44140625,-25.2685546875,0.08309062601047223,0.04261057744126781,-0.44101947651712187,-0.44101947651712187,915,180,-9004,5.0262451171875,0.98876953125,310.53955078125,98718.875,305.75,1,1,0,0,1945,172,428,859,859,859,858,5382,F4line=1945;YAH=3435
DIRECT_SERIAL,167,1789591949849252674,2026-09-16T20:52:29.849253+00:00,-1,2147087064267,1789591949800000000,1789591949,800000000,2166796,1789591949808131,1789591949800000,2,4,0.8949467705018868,0.3870828067238945,gnss_local_enu_direct,0.8949467705018868,0.3870828067238945,110.4347087,-7.0509165,233.85,0.499,0.812,3,1,15,0,0.0856,353.29,0.085,-0.01,-0.026,0.274,180.0,99.0,10.01,6.4948198708218525,neo3_calibrated_direct,1,-9.06372,-23.6206,-26.416,36.577162555321316,1,13.48691135982485,yahboom_calibrated_direct+neo3_cross_align,0,-2534,4985,3586,0.10255660755417398,0.4205964918621939,0.4329194690930467,5.282199430673251,neo3_calibrated_direct:gyro_integral,1,5.282199430673251,nan,308.572998046875,0.0,-61,190,2014,-0.2920926025390625,0.9097966308593749,9.643844287109374,9.69106705332252,-118,20,-260,-7.2021484375,1.220703125,-15.869140625,-0.12570120345174005,0.021305288720633905,-0.2769687533682408,-0.2769687533682408,899,248,-9362,4.9383544921875,1.3623046875,308.572998046875,98720.703,305.75,1,1,0,0,1956,173,431,864,864,864,864,5414,F4line=1956;YAH=3456
DIRECT_SERIAL,168,1789591949949256569,2026-09-16T20:52:29.949256+00:00,-1,2147187068157,1789591949900000000,1789591949,900000000,2166896,1789591949908232,1789591949900000,2,4,0.8949467705018868,0.3870828067238945,gnss_local_enu_direct,0.8949467705018868,0.3870828067238945,110.4347087,-7.0509165,233.85,0.502,0.815,3,1,15,0,0.0624,318.9,0.047,-0.041,0.015,0.3639,180.0,99.0,10.01,5.447856223766574,neo3_calibrated_direct,1,-9.50317,-23.0957,-27.2705,36.978395973715514,1,12.287717265590011,yahboom_calibrated_direct+neo3_cross_align,0,-2622,4891,3649,0.08975243602163809,0.40739567309250396,0.4171651162625089,3.7930691033988158,neo3_calibrated_direct:gyro_integral,1,3.7930691033988158,nan,307.11181640625,0.0,-46,131,2023,-0.22026655273437498,0.6272808349609375,9.686939916992188,9.70972726473712,-174,76,-256,-10.6201171875,4.638671875,-15.625,-0.18535601186951497,0.08096009713840883,-0.272707695624114,-0.272707695624114,718,320,-9628,3.944091796875,1.7578125,307.11181640625,98722.531,305.75,1,1,0,0,1964,174,433,869,869,869,869,5442,F4line=1964;YAH=3476
DIRECT_SERIAL,169,1789591950067991110,2026-09-16T20:52:30.067991+00:00,-1,2147305802883,1789591950000000000,1789591950,0,2167005,1789591950017318,1789591950000000,2,4,0.883898044088324,0.3981423157879085,gnss_local_enu_direct,0.883898044088324,0.3981423157879085,110.4347086,-7.0509164,233.85,0.504,0.816,3,1,15,0,0.0701,2.454,0.07,0.003,0.032,0.264,180.0,99.0,9.89,3.723916078384371,neo3_calibrated_direct,1,-10.1807,-22.3145,-28.7842,37.81684455874128,1,11.011945292452966,yahboom_calibrated_direct+neo3_cross_align,0,-2713,4775,3728,0.0764785989816824,0.3911363440794327,0.39854311656585584,1.785080977240854,neo3_calibrated_direct:gyro_integral,1,1.785080977240854,nan,305.2166748046875,0.0,-67,91,2059,-0.32082302246093747,0.43574470214843747,9.859322436523437,9.874160205532712,-92,130,-388,-5.615234375,7.9345703125,-23.681640625,-0.09800432811491597,0.1384843766841204,-0.4133226011802978,-0.4133226011802978,569,463,-9973,3.1256103515625,2.5433349609375,305.2166748046875,98722.836,305.75,1,1,0,0,1976,175,436,874,874,874,874,5474,F4line=1976;YAH=3496
DIRECT_SERIAL,170,1789591950168193103,2026-09-16T20:52:30.168193+00:00,-1,2147406004828,1789591950100000000,1789591950,100000000,2167096,1789591950108508,1789591950100000,2,4,0.883898040840956,0.39814231462994143,gnss_local_enu_direct,0.883898040840956,0.39814231462994143,110.4347086,-7.0509164,233.83,0.507,0.819,3,1,15,0,0.0908,20.63,0.085,0.032,-0.012,0.235,148.264,99.0,10.05,0.3932975915182531,neo3_calibrated_direct,1,-11.3647,-21.7163,-29.5898,38.42278433195595,1,8.037442157597836,yahboom_calibrated_direct+neo3_cross_align,0,-2876,4712,3739,0.052957812183330844,0.38210546850455096,0.3857578501240478,-1.5534750837944264,neo3_calibrated_direct:gyro_integral,1,-1.5534750837944264,nan,301.9427490234375,0.0,-121,86,2078,-0.5793968017578125,0.411802685546875,9.950302099609374,9.97566007736839,14,106,-488,0.8544921875,6.4697265625,-29.78515625,0.014913702104443734,0.1129180302193597,-0.5198490447834673,-0.5198490447834673,501,642,-10569,2.7520751953125,3.526611328125,301.9427490234375,98720.703,305.75,1,1,0,0,1987,176,439,880,880,880,879,5508,F4line=1987;YAH=3519
DIRECT_SERIAL,171,1789591950268246896,2026-09-16T20:52:30.268247+00:00,-1,2147506058477,1789591950200000000,1789591950,200000000,2167195,1789591950207582,1789591950200000,2,4,0.8838980424090421,0.3981423150876155,gnss_local_enu_direct,0.8838980424090421,0.3981423150876155,110.4347086,-7.0509164,233.84,0.51,0.821,3,1,15,0,0.0414,37.147,0.033,0.025,0.074,0.219,180.0,99.0,10.06,-1.6274479697533095,neo3_calibrated_direct,1,-12.0605,-21.7041,-30.3711,39.22916430756587,1,4.416362655640703,yahboom_calibrated_direct+neo3_cross_align,0,-3061,4650,3704,0.02627920633881975,0.37317456230324314,0.37409871776847264,-4.293486486386151,neo3_calibrated_direct:gyro_integral,1,-4.293486486386151,nan,299.1851806640625,0.0,-165,65,2089,-0.7900865478515624,0.3112462158203125,10.002974536132811,10.038954653273413,24,9,-425,1.46484375,0.54931640625,-25.93994140625,0.025566346464760685,0.009587379924285258,-0.4527373853134705,-0.4527373853134705,478,709,-11071,2.625732421875,3.8946533203125,299.1851806640625,98722.227,305.75,1,1,0,0,1996,177,441,885,885,885,885,5538,F4line=1996;YAH=3540
DIRECT_SERIAL,172,1789591950368274074,2026-09-16T20:52:30.368274+00:00,-1,2147606085653,1789591950300000000,1789591950,300000000,2167296,1789591950307686,1789591950300000,2,4,0.8838980399231933,0.3981423139580134,gnss_local_enu_direct,0.8838980399231933,0.3981423139580134,110.4347086,-7.0509164,233.82,0.512,0.824,3,1,15,0,0.1245,348.419,0.122,-0.025,0.058,0.256,117.794,99.0,10.03,-3.7267190135297015,neo3_calibrated_direct,1,-12.7686,-21.4844,-31.1768,39.957595617854686,1,1.7530966020293657,yahboom_calibrated_direct+neo3_cross_align,0,-3191,4615,3653,0.007547193137901198,0.36808781980869015,0.368165184687221,-6.659816484672993,neo3_calibrated_direct:gyro_integral,1,-6.659816484672993,nan,296.78466796875,0.0,-168,95,2074,-0.8044517578125,0.45489831542968745,9.931148486328125,9.974055612714709,72,-45,-367,4.39453125,-2.74658203125,-22.39990234375,0.07669903939428206,-0.04793689962142629,-0.39095204802363215,-0.39095204802363215,508,700,-11508,2.79052734375,3.84521484375,296.78466796875,98726.195,305.75,1,1,0,0,2007,178,444,890,890,890,890,5569,F4line=2007;YAH=3560
DIRECT_SERIAL,173,1789591950485719995,2026-09-16T20:52:30.485720+00:00,-1,2147723531819,1789591950400000000,1789591950,400000000,2167395,1789591950407833,1789591950400000,2,4,0.8728493147736556,0.40920182233434954,gnss_local_enu_direct,0.8728493147736556,0.40920182233434954,110.4347085,-7.0509163,233.81,0.513,0.825,3,1,15,0,0.0635,352.763,0.063,-0.008,0.037,0.233,180.0,99.0,10.04,-4.703857866007372,neo3_calibrated_direct,1,-13.1226,-21.6919,-31.9336,40.77371659942223,1,-0.31179757956139564,yahboom_calibrated_direct+neo3_cross_align,0,-3291,4602,3660,-0.006837484161102478,0.36610722199010254,0.3661710654638943,-8.78195880412856,neo3_calibrated_direct:gyro_integral,1,-8.78195880412856,nan,294.642333984375,0.0,-99,105,2053,-0.4740519287109375,0.5027823486328125,9.830592016601562,9.85484929961294,61,-2,-342,3.72314453125,-0.1220703125,-20.8740234375,0.06498113059793341,-0.0021305288720633907,-0.3643204371228398,-0.3643204371228398,548,693,-11898,3.01025390625,3.8067626953125,294.642333984375,98723.758,305.75,1,1,0,0,2016,179,446,895,895,895,895,5598,F4line=2016;YAH=3580
DIRECT_SERIAL,174,1789591950586733736,2026-09-16T20:52:30.586734+00:00,-1,2147824545318,1789591950500000000,1789591950,500000000,2167496,1789591950507974,1789591950500000,2,4,0.8728493163175972,0.4202613319831342,gnss_local_enu_direct,0.8728493163175972,0.4202613319831342,110.4347085,-7.0509162,233.82,0.514,0.828,3,1,15,0,0.1047,317.322,0.077,-0.071,0.049,0.272,148.785,99.0,10.02,-6.618361933566872,neo3_calibrated_direct,1,-13.7939,-21.7285,-32.4951,41.45275519757402,1,-2.677099979111776,yahboom_calibrated_direct+neo3_cross_align,0,-3405,4595,3576,-0.023222219938899728,0.3649346205257327,0.36567273450060667,-10.577483858150647,neo3_calibrated_direct:gyro_integral,1,-10.577483858150647,nan,292.8131103515625,0.0,-128,97,2004,-0.612915625,0.4644751220703125,9.595960253906249,9.626726125580797,20,0,-265,1.220703125,0.0,-16.17431640625,0.021305288720633905,0.0,-0.2822950755483993,-0.2822950755483993,567,706,-12231,3.1146240234375,3.878173828125,292.8131103515625,98723.453,305.75,1,1,0,0,2029,180,449,900,900,900,900,5631,F4line=2029;YAH=3600
DIRECT_SERIAL,175,1789591950687276130,2026-09-16T20:52:30.687276+00:00,-1,2147925087704,1789591950600000000,1789591950,600000000,2167597,1789591950609204,1789591950600000,2,4,0.8618005875871037,0.4313208389357862,gnss_local_enu_direct,0.8618005875871037,0.4313208389357862,110.4347084,-7.0509161,233.79,0.515,0.83,3,1,15,0,0.0408,323.973,0.033,-0.024,0.128,0.246,180.0,99.0,10.0,-6.956423447591748,neo3_calibrated_direct,1,-13.9282,-21.8506,-33.5449,42.387542882431866,1,-3.991766003590886,yahboom_calibrated_direct+neo3_cross_align,0,-3463,4537,3606,-0.03165435623410677,0.3567829030411489,0.358184363381577,-12.061164322746578,neo3_calibrated_direct:gyro_integral,1,-12.061164322746578,nan,291.2530517578125,0.0,-168,140,2156,-0.8044517578125,0.6703764648437499,10.32379755859375,10.376769404110814,120,-42,-142,7.32421875,-2.5634765625,-8.6669921875,0.12783173232380343,-0.044741106313331204,-0.15126754991650074,-0.15126754991650074,544,691,-12515,2.98828125,3.7957763671875,291.2530517578125,98721.617,305.75,1,1,0,0,2047,181,452,906,906,906,906,5673,F4line=2047;YAH=3624
DIRECT_SERIAL,176,1789591950787316063,2026-09-16T20:52:30.787316+00:00,-1,2148025127681,1789591950700000000,1789591950,700000000,2167696,1789591950708312,1789591950700000,2,4,0.8507518595268294,0.4313208384812406,gnss_local_enu_direct,0.8507518595268294,0.4313208384812406,110.4347083,-7.0509161,233.78,0.516,0.832,3,1,15,0,0.0839,300.847,0.043,-0.072,0.047,0.286,180.0,99.0,10.02,-7.082798320422619,neo3_calibrated_direct,1,-13.9648,-21.7896,-33.8135,42.581158855179126,1,-4.727958084524618,yahboom_calibrated_direct+neo3_cross_align,0,-3485,4532,3629,-0.03482276070972942,0.356050176725091,0.35774900839752943,-12.327041919548765,neo3_calibrated_direct:gyro_integral,1,-12.327041919548765,nan,290.9124755859375,0.0,-100,114,2073,-0.47884033203125,0.5458779785156249,9.926360083007811,9.952883769467968,49,-2,6,2.99072265625,-0.1220703125,0.3662109375,0.05219795736555307,-0.0021305288720633907,0.006391586616190171,0.006391586616190171,609,670,-12577,3.3453369140625,3.680419921875,290.9124755859375,98722.227,305.75,1,1,0,0,2058,182,454,911,911,911,911,5704,F4line=2058;YAH=3644
DIRECT_SERIAL,177,1789591950906155797,2026-09-16T20:52:30.906156+00:00,-1,2148143967507,1789591950800000000,1789591950,800000000,2167797,1789591950808450,1789591950800000,2,4,0.8397031340971777,0.44238034759671774,gnss_local_enu_direct,0.8397031340971777,0.44238034759671774,110.4347082,-7.050916,233.78,0.518,0.834,3,1,15,0,0.0614,160.974,-0.058,0.02,-0.003,0.235,180.0,99.0,10.0,-6.472749728564494,neo3_calibrated_direct,1,-13.7695,-21.9482,-33.9111,42.67651950077466,1,-4.537471171741378,yahboom_calibrated_direct+neo3_cross_align,0,-3477,4542,3630,-0.03365617895114419,0.35745211678042804,0.35903308228128533,-12.086587279961076,neo3_calibrated_direct:gyro_integral,1,-12.086587279961076,nan,291.1322021484375,0.0,-124,114,2072,-0.59376201171875,0.5458779785156249,9.9215716796875,9.954301617349438,-19,-12,60,-1.15966796875,-0.732421875,3.662109375,-0.02024002428460221,-0.012783173232380343,0.06391586616190172,0.06391586616190172,619,666,-12537,3.4002685546875,3.658447265625,291.1322021484375,98724.367,305.75,1,1,0,0,2070,183,457,916,916,916,916,5736,F4line=2070;YAH=3664
DIRECT_SERIAL,178,1789591951007266308,2026-09-16T20:52:31.007266+00:00,-1,2148245077896,1789591950900000000,1789591950,900000000,2167894,1789591950906239,1789591950900000,2,4,0.8397031346121607,0.4534398565620253,gnss_local_enu_direct,0.8397031346121607,0.4534398565620253,110.4347082,-7.0509159,233.78,0.519,0.836,3,1,15,0,0.0071,278.13,0.001,-0.007,0.055,0.263,180.0,99.0,10.05,-5.854593809612391,neo3_calibrated_direct,1,-13.5376,-21.8262,-33.8135,42.46177578069481,1,-3.551488550501412,yahboom_calibrated_direct+neo3_cross_align,0,-3431,4552,3596,-0.02703213515586221,0.35892109788903165,0.3599376207635882,-11.272491418267094,neo3_calibrated_direct:gyro_integral,1,-11.272491418267094,nan,291.9012451171875,0.0,-133,121,2041,-0.6368576416015624,0.5793968017578125,9.773131176757811,9.810982688174972,-44,-24,130,-2.685546875,-1.46484375,7.9345703125,-0.04687163518539459,-0.025566346464760685,0.1384843766841204,0.1384843766841204,561,598,-12397,3.0816650390625,3.284912109375,291.9012451171875,98721.922,305.75,1,1,0,0,2078,184,459,922,922,922,922,5768,F4line=2078;YAH=3688
DIRECT_SERIAL,179,1789591951125646537,2026-09-16T20:52:31.125647+00:00,-1,2148363458196,1789591951000000000,1789591951,0,2168004,1789591951016349,1789591951000000,2,4,0.8397031359337107,0.4644993660721769,gnss_local_enu_direct,0.8397031359337107,0.4644993660721769,110.4347082,-7.0509158,233.79,0.521,0.838,3,1,15,0,0.0914,185.648,-0.091,-0.009,-0.029,0.257,161.017,99.0,9.9,-4.649104877436954,neo3_calibrated_direct,1,-13.0981,-21.6309,-33.7891,42.20378344686647,1,-2.4355779077422626,yahboom_calibrated_direct+neo3_cross_align,0,-3377,4538,3611,-0.019301493702286048,0.35707341014505906,0.35759469779592784,-10.253947925772534,neo3_calibrated_direct:gyro_integral,1,-10.253947925772534,nan,292.884521484375,0.0,-122,122,2034,-0.584185205078125,0.584185205078125,9.739612353515625,9.774589173178509,-81,-48,219,-4.94384765625,-2.9296875,13.36669921875,-0.08628641931856731,-0.05113269292952137,0.23329291149094128,0.23329291149094128,517,573,-12218,2.8399658203125,3.1475830078125,292.884521484375,98727.414,305.75,1,1,0,0,2091,185,462,927,927,927,927,5801,F4line=2091;YAH=3708
DIRECT_SERIAL,180,1789591951226252959,2026-09-16T20:52:31.226253+00:00,-1,2148464064549,1789591951100000000,1789591951,100000000,2168097,1789591951108761,1789591951100000,2,4,0.8397031346907862,0.4644993653918409,gnss_local_enu_direct,0.8397031346907862,0.4644993653918409,110.4347082,-7.0509158,233.78,0.523,0.842,3,1,15,0,0.068,53.973,0.04,0.055,0.046,0.302,180.0,99.0,10.03,-2.159593508157386,neo3_calibrated_direct,1,-12.2314,-21.4478,-33.6426,41.730562008676564,1,-0.5497367016555514,yahboom_calibrated_direct+neo3_cross_align,0,-3288,4540,3720,-0.006516014666166464,0.35750799257863936,0.357567368763899,-8.309785473870852,neo3_calibrated_direct:gyro_integral,1,-8.309785473870852,nan,294.796142578125,0.0,-73,82,2045,-0.3495534423828125,0.39264907226562495,9.792284790039062,9.806385792546767,-45,-33,268,-2.74658203125,-2.01416015625,16.357421875,-0.04793689962142629,-0.035153726389045944,0.28549086885649433,0.28549086885649433,445,492,-11870,2.4444580078125,2.70263671875,294.796142578125,98725.586,305.75,1,1,0,0,2101,186,465,933,933,933,933,5835,F4line=2101;YAH=3732
DIRECT_SERIAL,181,1789591951326304437,2026-09-16T20:52:31.326304+00:00,-1,2148564116061,1789591951200000000,1789591951,200000000,2168195,1789591951207885,1789591951200000,2,4,0.8286544108292206,0.47555887519606194,gnss_local_enu_direct,0.8286544108292206,0.47555887519606194,110.4347081,-7.0509157,233.79,0.525,0.845,3,1,15,0,0.0801,207.525,-0.071,-0.037,-0.064,0.2839,180.0,99.0,10.06,-0.675331411739207,neo3_calibrated_direct,1,-11.7188,-21.106,-33.3008,41.13072805190786,1,1.4019987661660276,yahboom_calibrated_direct+neo3_cross_align,0,-3196,4505,3722,0.0066350398209855015,0.3528129109742221,0.35287529511646243,-6.827099276113394,neo3_calibrated_direct:gyro_integral,1,-6.827099276113394,nan,296.290283203125,0.0,-113,109,2062,-0.5410895751953124,0.5219359619140624,9.873687646484374,9.9022675593554,-29,-41,225,-1.77001953125,-2.50244140625,13.73291015625,-0.030892668644919165,-0.043675841877299504,0.23968449810713144,0.23968449810713144,414,444,-11598,2.274169921875,2.43896484375,296.290283203125,98719.789,305.75,1,1,0,0,2110,187,467,938,938,938,938,5864,F4line=2110;YAH=3752
DIRECT_SERIAL,182,1789591951433208636,2026-09-16T20:52:31.433208+00:00,-1,2148671020272,1789591951300000000,1789591951,300000000,2168297,1789591951309201,1789591951300000,2,4,0.8286544099114578,0.475558874408599,gnss_local_enu_direct,0.8286544099114578,0.475558874408599,110.4347081,-7.0509157,233.78,0.527,0.848,3,1,15,0,0.0291,176.055,-0.029,0.002,0.032,0.248,180.0,99.0,10.02,2.006176041993895,neo3_calibrated_direct,1,-10.8215,-20.9839,-32.6904,40.32482081324106,1,3.269317167857923,yahboom_calibrated_direct+neo3_cross_align,0,-3109,4525,3625,0.019165040301457797,0.35574205200021,0.3562579210783623,-5.372324545648076,neo3_calibrated_direct:gyro_integral,1,-5.372324545648076,nan,297.718505859375,0.0,-102,105,2060,-0.488417138671875,0.5027823486328125,9.86411083984375,9.88898498594108,-25,-13,248,-1.52587890625,-0.79345703125,15.13671875,-0.02663161090079238,-0.01384843766841204,0.2641855801358604,0.2641855801358604,406,391,-11338,2.230224609375,2.1478271484375,297.718505859375,98724.367,305.75,1,1,0,0,2121,188,470,943,943,943,943,5895,F4line=2121;YAH=3772
DIRECT_SERIAL,183,1789591951533509223,2026-09-16T20:52:31.533509+00:00,-1,2148771320907,1789591951400000000,1789591951,400000000,2168396,1789591951408150,1789591951400000,2,4,0.8286544085573375,0.475558873601179,gnss_local_enu_direct,0.8286544085573375,0.475558873601179,110.4347081,-7.0509157,233.77,0.529,0.851,3,1,15,0,0.0616,138.289,-0.046,0.041,0.036,0.269,180.0,99.0,10.03,3.798250683176233,neo3_calibrated_direct,1,-10.2295,-20.8496,-32.373,39.84168193500369,1,5.167209961240062,yahboom_calibrated_direct+neo3_cross_align,0,-3021,4524,3708,0.03180160920082748,0.3557585223507306,0.3571770829335743,-3.8977843546074507,neo3_calibrated_direct:gyro_integral,1,-3.8977843546074507,nan,299.2181396484375,0.0,-118,61,2028,-0.565031591796875,0.2920926025390625,9.710881933593749,9.731690845705284,9,-9,238,0.54931640625,-0.54931640625,14.5263671875,0.009587379924285258,-0.009587379924285258,0.2535329357755435,0.2535329357755435,404,380,-11065,2.21923828125,2.08740234375,299.2181396484375,98724.977,305.75,1,1,0,0,2132,189,473,948,948,948,948,5926,F4line=2132;YAH=3792
DIRECT_SERIAL,184,1789591951634303578,2026-09-16T20:52:31.634304+00:00,-1,2148872115250,1789591951500000000,1789591951,500000000,2168496,1789591951508155,1789591951500000,2,4,0.8286544097761176,0.4866183835881605,gnss_local_enu_direct,0.8286544097761176,0.4866183835881605,110.4347081,-7.0509156,233.78,0.531,0.854,3,1,15,0,0.0104,196.699,-0.01,-0.003,-0.084,0.264,180.0,99.0,10.03,5.253765545203179,neo3_calibrated_direct,1,-9.75952,-20.6665,-32.1533,39.44853804351183,1,7.034559370914684,yahboom_calibrated_direct+neo3_cross_align,0,-2933,4531,3674,0.044452292006148,0.3568852536207602,0.35964300426472107,-2.5109216717445015,neo3_calibrated_direct:gyro_integral,1,-2.5109216717445015,nan,300.618896484375,0.0,-53,63,2096,-0.2537853759765625,0.3016694091796875,10.036493359375,10.044232693554687,50,43,205,3.0517578125,2.62451171875,12.51220703125,0.05326322180158476,0.0458063707493629,0.21837920938649752,0.21837920938649752,450,391,-10810,2.471923828125,2.1478271484375,300.618896484375,98721.922,305.75,1,1,0,0,2147,190,475,953,953,953,953,5961,F4line=2147;YAH=3812
DIRECT_SERIAL,185,1789591951734453213,2026-09-16T20:52:31.734453+00:00,-1,2148972264821,1789591951600000000,1789591951,600000000,2168597,1789591951607854,1789591951600000,2,4,0.8176056823211187,0.4866183821718121,gnss_local_enu_direct,0.8176056823211187,0.4866183821718121,110.434708,-7.0509156,233.76,0.533,0.857,3,1,15,0,0.0104,16.699,0.01,0.003,0.073,0.264,180.0,99.0,10.01,6.603215962527603,neo3_calibrated_direct,1,-9.31396,-20.6665,-31.5674,38.86328364782884,1,9.17282070367843,yahboom_calibrated_direct+neo3_cross_align,0,-2834,4516,3530,0.058643953212305415,0.3549781739828224,0.3597896847500578,-1.1591326237131525,neo3_calibrated_direct:gyro_integral,1,-1.1591326237131525,nan,301.97021484375,0.0,-73,86,2060,-0.3495534423828125,0.411802685546875,9.86411083984375,9.87888919472368,-23,-1,228,-1.40380859375,-0.06103515625,13.916015625,-0.024501082028728992,-0.0010652644360316954,0.24288029141522652,0.24288029141522652,462,409,-10564,2.537841796875,2.2467041015625,301.97021484375,98721.312,305.75,1,1,0,0,2159,191,478,958,958,958,958,5993,F4line=2159;YAH=3832
DIRECT_SERIAL,186,1789591951834694728,2026-09-16T20:52:31.834695+00:00,-1,2149072506311,1789591951800000000,1789591951,800000000,2168795,1789591951807122,1789591951800000,2,4,0.8176056823211187,0.4866183821718121,gnss_local_enu_direct,0.8176056823211187,0.4866183821718121,110.434708,-7.0509156,233.76,0.535,0.86,3,1,15,0,0.0721,176.82,-0.072,0.004,-0.033,0.246,180.0,99.0,10.02,7.633411049656414,neo3_calibrated_direct,1,-9.021,-20.2515,-31.1279,38.21580630655332,1,10.66287027859789,yahboom_calibrated_direct+neo3_cross_align,0,-2762,4522,3539,0.06899499302708871,0.35593789482601174,0.3625632276389609,0.13563846253208084,neo3_calibrated_direct:gyro_integral,1,0.13563846253208084,nan,303.2830810546875,0.0,-102,92,2044,-0.488417138671875,0.44053310546874996,9.787496386718749,9.809572174075427,17,-54,183,1.03759765625,-3.2958984375,11.16943359375,0.01810949541253882,-0.05752427954571154,0.19494339179380024,0.19494339179380024,457,354,-10325,2.5103759765625,1.944580078125,303.2830810546875,98723.453,305.75,1,1,0,0,2171,192,480,963,963,963,963,6025,F4line=2171;YAH=3852
DIRECT_SERIAL,187,1789591951943975173,2026-09-16T20:52:31.943975+00:00,-1,2149181786768,1789591951900000000,1789591951,900000000,2168894,1789591951906108,1789591951900000,2,4,0.8065569567802713,0.49767789081360037,gnss_local_enu_direct,0.8065569567802713,0.49767789081360037,110.4347079,-7.0509155,233.76,0.539,0.866,3,1,15,0,0.0679,189.324,-0.067,-0.011,0.045,0.247,180.0,99.0,10.04,9.796542888355605,neo3_calibrated_direct,1,-8.30688,-20.3125,-31.0791,38.046187304306855,1,12.17146619520716,yahboom_calibrated_direct+neo3_cross_align,0,-2691,4513,3412,0.07917595184619584,0.35481411220687775,0.3635407619124793,0.8804805382153416,neo3_calibrated_direct:gyro_integral,1,0.8804805382153416,nan,304.0411376953125,0.0,-35,103,1968,-0.16759411621093748,0.49320554199218747,9.423577734375,9.437963594454505,146,-352,102,8.9111328125,-21.484375,6.2255859375,0.1555286076606275,-0.3749730814831567,0.10865697247523291,0.10865697247523291,506,254,-10187,2.779541015625,1.395263671875,304.0411376953125,98725.281,305.75,1,1,0,0,2184,194,483,968,968,968,968,6058,F4line=2184;YAH=3872
DIRECT_SERIAL,188,1789591952044188192,2026-09-16T20:52:32.044188+00:00,-1,2149281999762,1789591952000000000,1789591952,0,2169003,1789591952015153,1789591952000000,2,4,0.8065569567802713,0.49767789081360037,gnss_local_enu_direct,0.8065569567802713,0.49767789081360037,110.4347079,-7.0509155,233.76,0.541,0.869,3,1,15,0,0.001,270.0,0.0,-0.001,0.062,0.258,180.0,99.0,9.91,11.162793810728708,neo3_calibrated_direct,1,-7.89795,-20.0806,-30.7617,37.57512870839567,1,13.3272702844832,yahboom_calibrated_direct+neo3_cross_align,0,-2630,4534,3410,0.08797366359243528,0.357836165653464,0.3684916375380156,1.2544130421214186,neo3_calibrated_direct:gyro_integral,1,1.2544130421214186,nan,304.4256591796875,0.0,-33,91,2112,-0.1580173095703125,0.43574470214843747,10.1131078125,10.123724242729194,30,2,86,1.8310546875,0.1220703125,5.2490234375,0.03195793308095086,0.0021305288720633907,0.0916127414987258,0.0916127414987258,605,274,-10117,3.3233642578125,1.505126953125,304.4256591796875,98723.453,305.75,1,1,0,0,2193,195,485,974,974,974,973,6090,F4line=2193;YAH=3895
DIRECT_SERIAL,189,1789591952144256721,2026-09-16T20:52:32.144257+00:00,-1,2149382068315,1789591952100000000,1789591952,100000000,2169096,1789591952107394,1789591952100000,2,4,0.7955082301527427,0.5087373999962904,gnss_local_enu_direct,0.7955082301527427,0.5087373999962904,110.4347078,-7.0509154,233.76,0.543,0.872,3,1,15,0,0.0552,324.583,0.045,-0.032,-0.042,0.258,180.0,99.0,10.04,11.36779325422321,neo3_calibrated_direct,1,-7.80029,-20.2515,-30.8838,37.74621674782918,1,14.275890249375061,yahboom_calibrated_direct+neo3_cross_align,0,-2582,4538,3441,0.0948743568022908,0.3584759795489236,0.37081824589980555,1.2826038932569253,neo3_calibrated_direct:gyro_integral,1,1.2826038932569253,nan,304.5025634765625,0.0,-17,98,1935,-0.08140285644531249,0.469263525390625,9.265560424804686,9.277793092487366,70,-78,-44,4.2724609375,-4.7607421875,-2.685546875,0.07456851052221868,-0.08309062601047223,-0.04687163518539459,-0.04687163518539459,649,262,-10103,3.5650634765625,1.439208984375,304.5025634765625,98723.141,305.75,1,1,0,0,2205,196,488,979,979,979,979,6123,F4line=2205;YAH=3916
DIRECT_SERIAL,190,1789591952244269993,2026-09-16T20:52:32.244270+00:00,-1,2149482081625,1789591952200000000,1789591952,200000000,2169197,1789591952207797,1789591952200000,2,4,0.7955082301527427,0.5087373999962904,gnss_local_enu_direct,0.7955082301527427,0.5087373999962904,110.4347078,-7.0509154,233.76,0.545,0.875,3,1,15,0,0.0444,234.162,-0.026,-0.036,0.093,0.274,180.0,99.0,10.02,12.530780554360009,neo3_calibrated_direct,1,-7.45239,-20.0684,-30.4443,37.2173910660339,1,14.49225805578897,yahboom_calibrated_direct+neo3_cross_align,0,-2557,4551,3319,0.09848772744991931,0.3603242594992221,0.37354170375195367,1.0763132533030595,neo3_calibrated_direct:gyro_integral,1,1.0763132533030595,nan,304.3048095703125,0.0,-16,105,2106,-0.076614453125,0.5027823486328125,10.084377392578125,10.09719402905902,10,-46,6,0.6103515625,-2.8076171875,0.3662109375,0.010652644360316953,-0.049002164057457984,0.006391586616190171,0.006391586616190171,768,203,-10139,4.21875,1.1151123046875,304.3048095703125,98721.008,305.75,1,1,0,0,2214,197,490,984,984,984,984,6152,F4line=2214;YAH=3936
DIRECT_SERIAL,191,1789591952344310105,2026-09-16T20:52:32.344310+00:00,-1,2149582121702,1789591952300000000,1789591952,300000000,2169296,1789591952307843,1789591952300000,2,4,0.7955082317994543,0.5197969096303849,gnss_local_enu_direct,0.7955082317994543,0.5197969096303849,110.4347078,-7.0509153,233.77,0.546,0.878,3,1,15,0,0.0165,75.964,0.004,0.016,0.004,0.289,180.0,99.0,10.03,12.53822481429181,neo3_calibrated_direct,1,-7.40356,-20.3003,-30.6396,37.49266553505632,1,13.945228625157746,yahboom_calibrated_direct+neo3_cross_align,0,-2571,4574,3306,0.09651766102127127,0.36349156030739643,0.3760874543290731,1.1068460712964272,neo3_calibrated_direct:gyro_integral,1,1.1068460712964272,nan,304.3267822265625,0.0,-6,167,2089,-0.028730419921875,0.7996633544921875,10.002974536132811,10.034928325009004,28,11,11,1.708984375,0.67138671875,0.67138671875,0.029827404208887468,0.011717908796348648,0.011717908796348648,0.011717908796348648,778,208,-10135,4.273681640625,1.142578125,304.3267822265625,98722.227,305.75,1,1,0,0,2225,198,493,989,989,989,989,6183,F4line=2225;YAH=3956
DIRECT_SERIAL,192,1789591952444460816,2026-09-16T20:52:32.444461+00:00,-1,2149682272458,1789591952400000000,1789591952,400000000,2169395,1789591952406928,1789591952400000,2,4,0.795508230445334,0.51979690870743,gnss_local_enu_direct,0.795508230445334,0.51979690870743,110.4347078,-7.0509153,233.76,0.548,0.881,3,1,15,0,0.0253,108.435,-0.008,0.024,0.014,0.282,180.0,99.0,10.04,12.757779586838629,neo3_calibrated_direct,1,-7.38525,-20.0317,-30.3223,37.08440102984677,1,14.034485035742506,yahboom_calibrated_direct+neo3_cross_align,0,-2565,4580,3219,0.09738995098284442,0.3643348414264913,0.3771268741812328,1.8190372063059868,neo3_calibrated_direct:gyro_integral,1,1.8190372063059868,nan,304.9749755859375,0.0,50,146,2030,0.239420166015625,0.699106884765625,9.720458740234374,9.748507094566865,73,-41,159,4.45556640625,-2.50244140625,9.70458984375,0.07776430383031376,-0.043675841877299504,0.16937704532903955,0.16937704532903955,838,167,-10017,4.603271484375,0.9173583984375,304.9749755859375,98723.453,305.75,1,1,0,0,2234,199,495,994,994,994,994,6212,F4line=2234;YAH=3976
DIRECT_SERIAL,193,1789591952562611147,2026-09-16T20:52:32.562611+00:00,-1,2149800422867,1789591952500000000,1789591952,500000000,2169496,1789591952506877,1789591952500000,2,4,0.8065569596457629,0.5197969103191414,gnss_local_enu_direct,0.8065569596457629,0.5197969103191414,110.4347079,-7.0509153,233.78,0.55,0.884,3,1,15,0,0.038,125.362,-0.022,0.031,0.086,0.256,180.0,99.0,10.02,14.375827043606957,neo3_calibrated_direct,1,-6.7749,-20.3613,-29.7607,36.69034031172238,1,15.258702574710707,yahboom_calibrated_direct+neo3_cross_align,0,-2500,4589,3236,0.10674096155823092,0.3656985604467895,0.38095809479157927,2.47399262073513,neo3_calibrated_direct:gyro_integral,1,2.47399262073513,nan,305.6671142578125,0.0,-114,220,2049,-0.5458779785156249,1.0534487304687499,9.811438403320311,9.882917612593111,23,-7,52,1.40380859375,-0.42724609375,3.173828125,0.024501082028728992,-0.007456851052221867,0.05539375067364816,0.05539375067364816,904,108,-9891,4.9658203125,0.59326171875,305.6671142578125,98724.672,305.75,1,1,0,0,2245,200,498,999,999,999,999,6243,F4line=2245;YAH=3996
DIRECT_SERIAL,194,1789591952663282545,2026-09-16T20:52:32.663282+00:00,-1,2149901094153,1789591952600000000,1789591952,600000000,2169595,1789591952607151,1789591952600000,2,4,0.8065569614036704,0.53085641984925,gnss_local_enu_direct,0.8065569614036704,0.53085641984925,110.4347079,-7.0509152,233.79,0.552,0.887,3,1,15,0,0.0681,272.526,0.003,-0.068,0.026,0.318,180.0,99.0,10.03,14.419143191657565,neo3_calibrated_direct,1,-6.7688,-20.3247,-29.5898,36.53034830890611,1,15.301289000371868,yahboom_calibrated_direct+neo3_cross_align,0,-2490,4599,3269,0.10819477816085282,0.3671040289786143,0.3827159235171793,2.4874199007645843,neo3_calibrated_direct:gyro_integral,1,2.4874199007645843,nan,305.7000732421875,0.0,-6,183,2056,-0.028730419921875,0.8762778076171874,9.8449572265625,9.883919820900838,7,7,0,0.42724609375,0.42724609375,0.0,0.007456851052221867,0.007456851052221867,0.0,0.0,915,124,-9885,5.0262451171875,0.68115234375,305.7000732421875,98719.18,305.75,1,1,0,0,2263,201,501,1005,1005,1005,1005,6285,F4line=2263;YAH=4020
DIRECT_SERIAL,195,1789591952770670722,2026-09-16T20:52:32.770671+00:00,-1,2150008482352,1789591952700000000,1789591952,700000000,2169696,1789591952707469,1789591952700000,2,4,0.7955082345863204,0.5308564200750405,gnss_local_enu_direct,0.7955082345863204,0.5308564200750405,110.4347078,-7.0509152,233.79,0.554,0.89,3,1,15,0,0.0148,241.699,-0.007,-0.013,-0.016,0.2601,180.0,99.0,10.01,14.665872632772064,neo3_calibrated_direct,1,-6.67114,-20.3857,-29.7363,36.66508435936838,1,15.770770410312457,yahboom_calibrated_direct+neo3_cross_align,0,-2464,4582,3324,0.11189883908318402,0.3647905947189979,0.3815672000887976,2.483757732307571,neo3_calibrated_direct:gyro_integral,1,2.483757732307571,nan,305.7000732421875,0.0,-49,178,2046,-0.2346317626953125,0.852335791015625,9.797073193359374,9.836878138960174,-16,-3,-1,-0.9765625,-0.18310546875,-0.06103515625,-0.017044230976507126,-0.0031957933080950856,-0.0010652644360316954,-0.0010652644360316954,912,128,-9885,5.009765625,0.703125,305.7000732421875,98721.922,305.75,1,1,0,0,2275,202,503,1010,1010,1010,1010,6317,F4line=2275;YAH=4040
DIRECT_SERIAL,196,1789591952881989844,2026-09-16T20:52:32.881990+00:00,-1,2150119801452,1789591952800000000,1789591952,800000000,2169796,1789591952807733,1789591952800000,2,4,0.8065569639681448,0.5419159305018774,gnss_local_enu_direct,0.8065569639681448,0.5419159305018774,110.4347079,-7.0509151,233.81,0.555,0.894,3,1,15,0,0.0398,101.592,-0.008,0.039,0.046,0.27,180.0,99.0,10.01,14.564004414131526,neo3_calibrated_direct,1,-6.71997,-20.3247,-29.7607,36.65993305205153,1,15.279627374086246,yahboom_calibrated_direct+neo3_cross_align,0,-2482,4594,3338,0.10933489634578024,0.36642422980987205,0.38238833108595305,2.4556730105057465,neo3_calibrated_direct:gyro_integral,1,2.4556730105057465,nan,305.672607421875,0.0,-2,184,2039,-0.009576806640625,0.8810662109374999,9.763554370117188,9.80323228948063,-25,-3,-6,-1.52587890625,-0.18310546875,-0.3662109375,-0.02663161090079238,-0.0031957933080950856,-0.006391586616190171,-0.006391586616190171,883,125,-9890,4.8504638671875,0.6866455078125,305.672607421875,98725.586,305.75,1,1,0,0,2286,203,506,1015,1015,1015,1015,6348,F4line=2286;YAH=4060
DIRECT_SERIAL,197,1789591952982237612,2026-09-16T20:52:32.982238+00:00,-1,2150220049217,1789591952900000000,1789591952,900000000,2169895,1789591952906689,1789591952900000,2,4,0.8065569649971034,0.5419159314164244,gnss_local_enu_direct,0.8065569649971034,0.5419159314164244,110.4347079,-7.0509151,233.82,0.557,0.897,3,1,15,0,0.0776,284.931,0.02,-0.075,0.079,0.293,180.0,99.0,10.02,14.518188261792135,neo3_calibrated_direct,1,-6.73828,-20.3125,-29.9072,36.77557185753064,1,15.112885732657261,yahboom_calibrated_direct+neo3_cross_align,0,-2493,4573,3384,0.10771805570045759,0.36349038827547847,0.3791153411463917,2.429124898933508,neo3_calibrated_direct:gyro_integral,1,2.429124898933508,nan,305.6451416015625,0.0,-35,168,2030,-0.16759411621093748,0.8044517578125,9.720458740234374,9.755129345069443,-3,7,-1,-0.18310546875,0.42724609375,-0.06103515625,-0.0031957933080950856,0.007456851052221867,-0.0010652644360316954,-0.0010652644360316954,866,127,-9895,4.757080078125,0.6976318359375,305.6451416015625,98721.312,305.75,1,1,0,0,2296,204,509,1021,1021,1021,1020,6381,F4line=2296;YAH=4083
DIRECT_SERIAL,198,1789591953082276022,2026-09-16T20:52:33.082276+00:00,-1,2150320087584,1789591953000000000,1789591953,0,2170004,1789591953015679,1789591953000000,2,4,0.8065569676727739,0.5529754421961357,gnss_local_enu_direct,0.8065569676727739,0.5529754421961357,110.4347079,-7.050915,233.84,0.559,0.9,3,1,15,0,0.074,180.0,-0.074,0.0,0.039,0.245,180.0,99.0,9.9,14.418198357615715,neo3_calibrated_direct,1,-6.73218,-20.4834,-29.8828,36.849337293259424,1,15.014272266906053,yahboom_calibrated_direct+neo3_cross_align,0,-2490,4590,3391,0.10817890001665813,0.36585498544416667,0.38151349226883907,2.4181384686966987,neo3_calibrated_direct:gyro_integral,1,2.4181384686966987,nan,305.6396484375,0.0,-12,183,2042,-0.05746083984375,0.8762778076171874,9.777919580078125,9.81727435995924,7,6,-2,0.42724609375,0.3662109375,-0.1220703125,0.007456851052221867,0.006391586616190171,-0.0021305288720633907,-0.0021305288720633907,870,132,-9896,4.779052734375,0.72509765625,305.6396484375,98724.977,305.75,1,1,0,0,2310,205,511,1026,1026,1026,1026,6416,F4line=2310;YAH=4104
DIRECT_SERIAL,199,1789591953186610593,2026-09-16T20:52:33.186611+00:00,-1,2150424422137,1789591953100000000,1789591953,100000000,2170096,1789591953107173,1789591953100000,2,4,0.806556971512743,0.5529754447108324,gnss_local_enu_direct,0.806556971512743,0.5529754447108324,110.4347079,-7.050915,233.87,0.56,0.903,3,1,15,0,0.0377,212.005,-0.032,-0.02,0.006,0.261,180.0,99.0,10.04,14.40103659627919,neo3_calibrated_direct,1,-6.7749,-20.3247,-29.9805,36.84865099769597,1,14.977282546974044,yahboom_calibrated_direct+neo3_cross_align,0,-2493,4574,3441,0.10771981993870144,0.3636291708904171,0.37924890709147524,2.414477873359763,neo3_calibrated_direct:gyro_integral,1,2.414477873359763,nan,305.6341552734375,0.0,-33,175,2049,-0.1580173095703125,0.8379705810546875,9.811438403320311,9.848425646111442,3,1,0,0.18310546875,0.06103515625,0.0,0.0031957933080950856,0.0010652644360316954,0.0,0.0,877,134,-9897,4.8175048828125,0.736083984375,305.6341552734375,98721.617,305.75,1,1,0,0,2321,206,514,1031,1031,1031,1031,6447,F4line=2321;YAH=4124
DIRECT_SERIAL,200,1789591953286638898,2026-09-16T20:52:33.286639+00:00,-1,2150524450507,1789591953200000000,1789591953,200000000,2170195,1789591953207515,1789591953200000,2,4,0.8065569727556674,0.5529754455067033,gnss_local_enu_direct,0.8065569727556674,0.5529754455067033,110.4347079,-7.050915,233.88,0.562,0.906,3,1,15,0,0.0171,173.29,-0.017,0.002,0.027,0.255,180.0,99.0,10.05,14.355065915859559,neo3_calibrated_direct,1,-6.79321,-20.3125,-29.834,36.72618839948001,1,15.20584534044567,yahboom_calibrated_direct+neo3_cross_align,0,-2480,4561,3350,0.1095639113277697,0.36184793199338505,0.3780716553159319,2.4083740499344826,neo3_calibrated_direct:gyro_integral,1,2.4083740499344826,nan,305.6341552734375,0.0,-15,176,2048,-0.0718260498046875,0.842758984375,9.80665,9.843057752023775,-3,-2,-1,-0.18310546875,-0.1220703125,-0.06103515625,-0.0031957933080950856,-0.0021305288720633907,-0.0010652644360316954,-0.0010652644360316954,878,133,-9897,4.822998046875,0.7305908203125,305.6341552734375,98721.922,305.75,1,1,0,0,2331,207,516,1036,1036,1036,1036,6477,F4line=2331;YAH=4144
DIRECT_SERIAL,201,1789591953400814325,2026-09-16T20:52:33.400814+00:00,-1,2150638625963,1789591953300000000,1789591953,300000000,2170296,1789591953307583,1789591953300000,2,4,0.806556974299609,0.5640349556176276,gnss_local_enu_direct,0.806556974299609,0.5640349556176276,110.4347079,-7.0509149,233.89,0.563,0.909,3,1,15,0,0.0392,185.856,-0.039,-0.004,0.063,0.258,180.0,99.0,10.03,14.425065749011933,neo3_calibrated_direct,1,-6.78101,-20.2637,-29.7119,36.597768182227995,1,14.986336977040365,yahboom_calibrated_direct+neo3_cross_align,0,-2480,4590,3300,0.10961507423684148,0.3658726278266052,0.3819401056352865,2.399821552742089,neo3_calibrated_direct:gyro_integral,1,2.399821552742089,nan,305.6231689453125,0.0,-29,174,2035,-0.1388636962890625,0.833182177734375,9.744400756835937,9.78094176331022,-1,0,0,-0.06103515625,0.0,0.0,-0.0010652644360316954,0.0,0.0,0.0,873,130,-9899,4.7955322265625,0.714111328125,305.6231689453125,98723.141,305.75,1,1,0,0,2341,208,519,1041,1041,1041,1041,6507,F4line=2341;YAH=4164
DIRECT_SERIAL,202,1789591953501271234,2026-09-16T20:52:33.501271+00:00,-1,2150739082857,1789591953400000000,1789591953,400000000,2170395,1789591953406554,1789591953400000,2,4,0.8176057042740345,0.5750944670545894,gnss_local_enu_direct,0.8176057042740345,0.5750944670545894,110.434708,-7.0509148,233.92,0.565,0.912,3,1,15,0,0.027,90.0,0.0,0.027,0.031,0.268,180.0,99.0,10.04,14.309022505935301,neo3_calibrated_direct,1,-6.81152,-20.3003,-29.8828,36.76249067514876,1,15.001851393376619,yahboom_calibrated_direct+neo3_cross_align,0,-2478,4580,3250,0.1098846666984396,0.36448833015370663,0.38069197889325773,2.3973816735306706,neo3_calibrated_direct:gyro_integral,1,2.3973816735306706,nan,305.6231689453125,0.0,-14,177,2042,-0.06703764648437499,0.8475473876953125,9.777919580078125,9.814812373902544,0,1,0,0.0,0.06103515625,0.0,0.0,0.0010652644360316954,0.0,0.0,875,130,-9899,4.8065185546875,0.714111328125,305.6231689453125,98722.836,305.75,1,1,0,0,2352,209,522,1047,1047,1047,1047,6542,F4line=2352;YAH=4188
DIRECT_SERIAL,203,1789591953611296792,2026-09-16T20:52:33.611297+00:00,-1,2150849108449,1789591953500000000,1789591953,500000000,2170496,1789591953507793,1789591953500000,2,4,0.8176057068710794,0.5750944687734152,gnss_local_enu_direct,0.8176057068710794,0.5750944687734152,110.434708,-7.0509148,233.94,0.566,0.915,3,1,15,0,0.0286,282.095,0.006,-0.028,0.043,0.285,180.0,99.0,10.02,14.451731591681197,neo3_calibrated_direct,1,-6.7749,-20.2515,-29.7363,36.60969898742682,1,15.125539451619497,yahboom_calibrated_direct+neo3_cross_align,0,-2468,4579,3264,0.11131907668037912,0.3643671899212066,0.3809926323750221,2.3973816735306706,neo3_calibrated_direct:gyro_integral,1,2.3973816735306706,nan,305.6231689453125,0.0,-25,178,2033,-0.1197100830078125,0.852335791015625,9.734823950195311,9.772799197052818,-2,0,0,-0.1220703125,0.0,0.0,-0.0021305288720633907,0.0,0.0,0.0,875,130,-9899,4.8065185546875,0.714111328125,305.6231689453125,98724.977,305.75,1,1,0,0,2362,210,524,1052,1052,1052,1052,6572,F4line=2362;YAH=4208
DIRECT_SERIAL,204,1789591953720105511,2026-09-16T20:52:33.720105+00:00,-1,2150957917341,1789591953600000000,1789591953,600000000,2170596,1789591953607444,1789591953600000,2,4,0.817605709110392,0.5861539798797742,gnss_local_enu_direct,0.817605709110392,0.5861539798797742,110.434708,-7.0509147,233.96,0.568,0.918,3,1,15,0,0.0188,295.201,0.008,-0.017,0.006,0.303,180.0,99.0,10.02,14.25159978790359,neo3_calibrated_direct,1,-6.84204,-20.2515,-29.6875,36.582569891433266,1,14.884470865969886,yahboom_calibrated_direct+neo3_cross_align,0,-2476,4582,3232,0.11017543001896399,0.3647694238600716,0.3810450865226741,2.3973816735306706,neo3_calibrated_direct:gyro_integral,1,2.3973816735306706,nan,305.6231689453125,0.0,-19,175,2046,-0.0909796630859375,0.8379705810546875,9.797073193359374,9.833265741850425,0,0,0,0.0,0.0,0.0,0.0,0.0,0.0,0.0,877,130,-9899,4.8175048828125,0.714111328125,305.6231689453125,98724.672,305.75,1,1,0,0,2379,211,527,1057,1057,1057,1057,6609,F4line=2379;YAH=4228
DIRECT_SERIAL,205,1789591953820105365,2026-09-16T20:52:33.820106+00:00,-1,2151057916946,1789591953700000000,1789591953,700000000,2170697,1789591953707749,1789591953700000,2,4,0.81760571222242,0.5972134911415823,gnss_local_enu_direct,0.81760571222242,0.5972134911415823,110.434708,-7.0509146,233.98,0.569,0.921,3,1,15,0,0.0666,152.281,-0.059,0.031,-0.008,0.243,180.0,99.0,10.0,14.352775125510306,neo3_calibrated_direct,1,-6.84204,-20.105,-29.4434,36.303420498922684,1,14.969702321970063,yahboom_calibrated_direct+neo3_cross_align,0,-2472,4568,3272,0.11072520037162337,0.3628335242039063,0.3793523906390505,2.3973816735306706,neo3_calibrated_direct:gyro_integral,1,2.3973816735306706,nan,305.6231689453125,0.0,-28,174,2038,-0.13407529296874998,0.833182177734375,9.758765966796874,9.795186671023263,-5,-3,0,-0.30517578125,-0.18310546875,0.0,-0.005326322180158476,-0.0031957933080950856,0.0,0.0,876,129,-9899,4.81201171875,0.7086181640625,305.6231689453125,98723.141,305.75,1,1,0,0,2393,212,530,1063,1062,1062,1062,6644,F4line=2393;YAH=4249
DIRECT_SERIAL,206,1789591953920226852,2026-09-16T20:52:33.920227+00:00,-1,2151158038456,1789591953800000000,1789591953,800000000,2170795,1789591953806705,1789591953800000,2,4,0.8176057147082686,0.597213492964394,gnss_local_enu_direct,0.8176057147082686,0.597213492964394,110.434708,-7.0509146,234.0,0.571,0.924,3,1,15,0,0.0349,283.241,0.008,-0.034,0.007,0.307,180.0,99.0,10.03,14.398458755997993,neo3_calibrated_direct,1,-6.78711,-20.2759,-29.6387,36.54626548160701,1,14.438520282387055,yahboom_calibrated_direct+neo3_cross_align,0,-2495,4583,3302,0.10744846323885947,0.364874685948377,0.3803665451880847,2.3973816735306706,neo3_calibrated_direct:gyro_integral,1,2.3973816735306706,nan,305.6231689453125,0.0,-20,176,2042,-0.09576806640624999,0.842758984375,9.777919580078125,9.814638329697287,3,2,0,0.18310546875,0.1220703125,0.0,0.0031957933080950856,0.0021305288720633907,0.0,0.0,878,129,-9899,4.822998046875,0.7086181640625,305.6231689453125,98721.312,305.75,1,1,0,0,2402,213,532,1068,1068,1068,1067,6675,F4line=2402;YAH=4271
DIRECT_SERIAL,207,1789591954020256217,2026-09-16T20:52:34.020256+00:00,-1,2151258067819,1789591953900000000,1789591953,900000000,2170894,1789591953906263,1789591953900000,2,4,0.8176057160623891,0.5972134940028837,gnss_local_enu_direct,0.8176057160623891,0.5972134940028837,110.434708,-7.0509146,234.01,0.572,0.927,3,1,15,0,0.0271,265.764,-0.002,-0.027,-0.019,0.285,180.0,99.0,10.04,14.38680878482017,neo3_calibrated_direct,1,-6.84204,-20.0562,-29.6631,36.454960861473985,1,14.498316081090481,yahboom_calibrated_direct+neo3_cross_align,0,-2491,4584,3300,0.10802469716517667,0.36502052551629105,0.38066956700768373,2.3973816735306706,neo3_calibrated_direct:gyro_integral,1,2.3973816735306706,nan,305.6231689453125,0.0,-30,177,2042,-0.143652099609375,0.8475473876953125,9.777919580078125,9.815634661833462,-1,-1,0,-0.06103515625,-0.06103515625,0.0,-0.0010652644360316954,-0.0010652644360316954,0.0,0.0,880,129,-9899,4.833984375,0.7086181640625,305.6231689453125,98724.367,305.75,1,1,0,0,2412,214,535,1073,1073,1073,1073,6706,F4line=2412;YAH=4292
DIRECT_SERIAL,208,1789591954120269278,2026-09-16T20:52:34.120269+00:00,-1,2151358080857,1789591954000000000,1789591954,0,2171003,1789591954015242,1789591954000000,2,4,0.8176057178202967,0.608273004110667,gnss_local_enu_direct,0.8176057178202967,0.608273004110667,110.434708,-7.0509145,234.02,0.573,0.929,3,1,15,0,0.0283,81.87,0.004,0.028,0.022,0.273,180.0,99.0,9.91,14.469901091898434,neo3_calibrated_direct,1,-6.7688,-20.2515,-29.7852,36.648302071583075,1,14.174999694228108,yahboom_calibrated_direct+neo3_cross_align,0,-2504,4604,3236,0.10619295544381539,0.36777324271789347,0.382797729676035,2.3973816735306706,neo3_calibrated_direct:gyro_integral,1,2.3973816735306706,nan,305.6231689453125,0.0,-20,175,2035,-0.09576806640624999,0.8379705810546875,9.744400756835937,9.78083392799822,-1,0,0,-0.06103515625,0.0,0.0,-0.0010652644360316954,0.0,0.0,0.0,878,128,-9899,4.822998046875,0.703125,305.6231689453125,98724.977,305.75,1,1,0,0,2423,215,537,1078,1078,1078,1078,6737,F4line=2423;YAH=4312
DIRECT_SERIAL,209,1789591954220317348,2026-09-16T20:52:34.220317+00:00,-1,2151458128971,1789591954100000000,1789591954,100000000,2171095,1789591954107513,1789591954100000,2,4,0.8176057199809837,0.6082730059250707,gnss_local_enu_direct,0.8176057199809837,0.6082730059250707,110.434708,-7.0509145,234.04,0.575,0.932,3,1,15,0,0.0611,238.392,-0.032,-0.052,-0.017,0.278,180.0,99.0,10.05,14.288015641150468,neo3_calibrated_direct,1,-6.82983,-20.2515,-29.8096,36.679450408081365,1,14.533790897431624,yahboom_calibrated_direct+neo3_cross_align,0,-2490,4582,3225,0.10816478611070729,0.36474472452465767,0.3804449171995119,2.3973816735306706,neo3_calibrated_direct:gyro_integral,1,2.3973816735306706,nan,305.628662109375,0.0,-25,174,2043,-0.1197100830078125,0.833182177734375,9.782707983398437,9.818854237318906,4,2,0,0.244140625,0.1220703125,0.0,0.004261057744126781,0.0021305288720633907,0.0,0.0,880,128,-9898,4.833984375,0.703125,305.628662109375,98724.062,305.75,1,1,0,0,2433,216,540,1083,1083,1083,1083,6767,F4line=2433;YAH=4332
DIRECT_SERIAL,210,1789591954333316365,2026-09-16T20:52:34.333316+00:00,-1,2151571128000,1789591954200000000,1789591954,200000000,2171196,1789591954207901,1789591954200000,2,4,0.8176057213351041,0.6082730069635607,gnss_local_enu_direct,0.8176057213351041,0.6082730069635607,110.434708,-7.0509145,234.05,0.576,0.933,3,1,15,0,0.0335,333.435,0.03,-0.015,-0.035,0.25,180.0,99.0,10.03,14.360790759772684,neo3_calibrated_direct,1,-6.80542,-20.2515,-29.8828,36.73443520004629,1,14.571742031573903,yahboom_calibrated_direct+neo3_cross_align,0,-2486,4585,3261,0.1087445485135122,0.36516812932244896,0.38101593077490137,2.3973816735306706,neo3_calibrated_direct:gyro_integral,1,2.3973816735306706,nan,305.628662109375,0.0,-20,176,2032,-0.09576806640624999,0.842758984375,9.730035546875,9.766934317980184,0,1,0,0.0,0.06103515625,0.0,0.0,0.0010652644360316954,0.0,0.0,881,127,-9898,4.8394775390625,0.6976318359375,305.628662109375,98720.094,305.75,1,1,0,0,2443,217,542,1088,1088,1088,1088,6797,F4line=2443;YAH=4352
DIRECT_SERIAL,211,1789591954433725338,2026-09-16T20:52:34.433725+00:00,-1,2151671537050,1789591954300000000,1789591954,300000000,2171296,1789591954307970,1789591954300000,2,4,0.8176057226566541,0.6193325171669217,gnss_local_enu_direct,0.8176057226566541,0.6193325171669217,110.434708,-7.0509144,234.06,0.576,0.934,3,1,15,0,0.0156,225.0,-0.011,-0.011,0.044,0.256,180.0,99.0,10.03,14.405633322102318,neo3_calibrated_direct,1,-6.79321,-20.2393,-29.834,36.685753673518825,1,14.117655381429705,yahboom_calibrated_direct+neo3_cross_align,0,-2506,4604,3237,0.10590572059977872,0.36776971424140575,0.3827147558808827,2.3973816735306706,neo3_calibrated_direct:gyro_integral,1,2.3973816735306706,nan,305.628662109375,0.0,-26,177,2043,-0.12449848632812499,0.8475473876953125,9.782707983398437,9.820143172883716,0,0,0,0.0,0.0,0.0,0.0,0.0,0.0,0.0,884,128,-9898,4.85595703125,0.703125,305.628662109375,98721.617,305.75,1,1,0,0,2453,218,545,1093,1093,1093,1093,6827,F4line=2453;YAH=4372
DIRECT_SERIAL,212,1789591954534254754,2026-09-16T20:52:34.534255+00:00,-1,2151772066541,1789591954400000000,1789591954,400000000,2171396,1789591954408104,1789591954400000,2,4,0.8176057253648947,0.6193325191283665,gnss_local_enu_direct,0.8176057253648947,0.6193325191283665,110.434708,-7.0509144,234.08,0.576,0.935,3,1,15,0,0.0403,255.619,-0.01,-0.039,0.003,0.292,180.0,99.0,10.02,14.222085164680953,neo3_calibrated_direct,1,-6.86035,-20.2148,-29.7119,36.585510011102755,1,14.495941240971788,yahboom_calibrated_direct+neo3_cross_align,0,-2490,4585,3288,0.10817007882543886,0.36516107236947354,0.38084560484154933,2.3973816735306706,neo3_calibrated_direct:gyro_integral,1,2.3973816735306706,nan,305.628662109375,0.0,-23,174,2040,-0.11013327636718749,0.833182177734375,9.7683427734375,9.8044297345244,-3,-1,0,-0.18310546875,-0.06103515625,0.0,-0.0031957933080950856,-0.0010652644360316954,0.0,0.0,883,128,-9898,4.8504638671875,0.703125,305.628662109375,98723.453,305.75,1,1,0,0,2462,219,547,1098,1098,1098,1098,6856,F4line=2462;YAH=4392
DIRECT_SERIAL,213,1789591954634560059,2026-09-16T20:52:34.634560+00:00,-1,2151872371694,1789591954600000000,1789591954,600000000,2171595,1789591954607246,1789591954600000,2,4,0.8286544553393201,0.6303920312585378,gnss_local_enu_direct,0.8286544553393201,0.6303920312585378,110.4347081,-7.0509143,234.11,0.577,0.938,3,1,15,0,0.0092,49.399,0.006,0.007,-0.049,0.2519,180.0,99.0,10.0,14.332804066862545,neo3_calibrated_direct,1,-6.81763,-20.2393,-29.6387,36.53165587537609,1,14.739816633581597,yahboom_calibrated_direct+neo3_cross_align,0,-2477,4578,3318,0.11002475564397024,0.3642125291620733,0.3804684129506015,2.3815175499344217,neo3_calibrated_direct:gyro_integral,1,2.3815175499344217,nan,305.6121826171875,0.0,-20,179,2038,-0.09576806640624999,0.8571241943359375,9.758765966796874,9.796802876539477,0,0,-2,0.0,0.0,-0.1220703125,0.0,0.0,-0.0021305288720633907,-0.0021305288720633907,882,128,-9901,4.844970703125,0.703125,305.6121826171875,98722.836,305.75,1,1,0,0,2481,220,550,1103,1103,1103,1103,6895,F4line=2481;YAH=4412
DIRECT_SERIAL,214,1789591954735032581,2026-09-16T20:52:34.735033+00:00,-1,2151972844212,1789591954600000000,1789591954,600000000,2171595,1789591954607246,1789591954600000,2,4,0.828654456257083,0.6303920323926056,gnss_local_enu_direct,0.828654456257083,0.6303920323926056,110.4347081,-7.0509143,234.12,0.579,0.941,3,1,15,0,0.0412,247.166,-0.016,-0.038,0.024,0.291,180.0,99.0,10.03,14.3341961492832,neo3_calibrated_direct,1,-6.81152,-20.2637,-29.6143,36.52425368012877,1,14.531976091689554,yahboom_calibrated_direct+neo3_cross_align,0,-2483,4591,3354,0.10918598620903033,0.3660061177268123,0.38194509788435793,2.3766330893021292,neo3_calibrated_direct:gyro_integral,1,2.3766330893021292,nan,305.606689453125,0.0,-20,177,2044,-0.09576806640624999,0.8475473876953125,9.787496386718749,9.824591269715238,1,2,-1,0.06103515625,0.1220703125,-0.06103515625,0.0010652644360316954,0.0021305288720633907,-0.0010652644360316954,-0.0010652644360316954,884,128,-9902,4.85595703125,0.703125,305.606689453125,98723.453,305.75,1,1,0,0,2490,221,552,1108,1108,1108,1108,6924,F4line=2490;YAH=4432
DIRECT_SERIAL,215,1789591954837692078,2026-09-16T20:52:34.837692+00:00,-1,2152075503695,1789591954800000000,1789591954,800000000,2171794,1789591954806554,1789591954800000,2,4,0.80655700341748,0.641451541070353,gnss_local_enu_direct,0.80655700341748,0.641451541070353,110.4347079,-7.0509142,234.11,0.58,0.944,3,1,15,0,0.0108,291.801,0.004,-0.01,0.009,0.281,180.0,99.0,10.04,14.222085164680953,neo3_calibrated_direct,1,-6.86035,-20.2148,-29.834,36.68473929527781,1,14.579194571904987,yahboom_calibrated_direct+neo3_cross_align,0,-2481,4582,3291,0.10945734290887231,0.36476060266885235,0.38082963011826537,2.3705909138260397,neo3_calibrated_direct:gyro_integral,1,2.3705909138260397,nan,305.6011962890625,0.0,-24,178,2043,-0.1149216796875,0.852335791015625,9.782707983398437,9.820440864928415,0,0,-1,0.0,0.0,-0.06103515625,0.0,0.0,-0.0010652644360316954,-0.0010652644360316954,884,128,-9903,4.85595703125,0.703125,305.6011962890625,98723.758,305.75,1,1,0,0,2506,223,555,1113,1113,1113,1113,6960,F4line=2506;YAH=4452
DIRECT_SERIAL,216,1789591954938285916,2026-09-16T20:52:34.938286+00:00,-1,2152176097503,1789591954900000000,1789591954,900000000,2171896,1789591954907908,1789591954900000,2,4,0.7955082748096524,0.6414515403532315,gnss_local_enu_direct,0.7955082748096524,0.6414515403532315,110.4347078,-7.0509142,234.1,0.581,0.946,3,1,15,0,0.0672,143.471,-0.054,0.04,-0.013,0.268,180.0,99.0,10.01,14.299220147367311,neo3_calibrated_direct,1,-6.81763,-20.2881,-29.5898,36.519081922563444,1,14.524117396684534,yahboom_calibrated_direct+neo3_cross_align,0,-2482,4584,3297,0.10931725396334169,0.3650364036604858,0.38105358942210066,2.366928712654168,neo3_calibrated_direct:gyro_integral,1,2.366928712654168,nan,305.6011962890625,0.0,-21,176,2042,-0.1005564697265625,0.842758984375,9.777919580078125,9.814686221363566,0,0,0,0.0,0.0,0.0,0.0,0.0,0.0,0.0,883,127,-9903,4.8504638671875,0.6976318359375,305.6011962890625,98724.062,305.75,1,1,0,0,2518,224,558,1119,1119,1119,1119,6996,F4line=2518;YAH=4476
DIRECT_SERIAL,217,1789591955038718450,2026-09-16T20:52:35.038718+00:00,-1,2152276530186,1789591954900000000,1789591954,900000000,2171896,1789591954907908,1789591954900000,2,4,0.7955082748096524,0.6414515403532315,gnss_local_enu_direct,0.7955082748096524,0.6414515403532315,110.4347078,-7.0509142,234.1,0.581,0.946,3,1,15,0,0.0672,143.471,-0.054,0.04,-0.013,0.268,180.0,99.0,10.01,14.359928423971809,neo3_calibrated_direct,1,-6.84814,-20.0684,-29.5898,36.403213650165554,1,14.543654691509962,yahboom_calibrated_direct+neo3_cross_align,0,-2483,4573,3197,0.10915422992064094,0.36350803065791704,0.3795427963515647,2.3644900228348353,neo3_calibrated_direct:gyro_integral,1,2.3644900228348353,nan,305.595703125,0.0,-25,177,2045,-0.1197100830078125,0.8475473876953125,9.792284790039062,9.829624025749574,1,1,-1,0.06103515625,0.06103515625,-0.06103515625,0.0010652644360316954,0.0010652644360316954,-0.0010652644360316954,-0.0010652644360316954,884,127,-9904,4.85595703125,0.6976318359375,305.595703125,98724.062,305.75,1,1,0,0,2524,224,560,1124,1124,1124,1124,7022,F4line=2524;YAH=4496
DIRECT_SERIAL,218,1789591955156978234,2026-09-16T20:52:35.156978+00:00,-1,2152394789860,1789591955100000000,1789591955,100000000,2172095,1789591955107201,1789591955100000,2,4,0.7955082748096524,0.6414515403532315,gnss_local_enu_direct,0.7955082748096524,0.6414515403532315,110.4347078,-7.0509142,234.1,0.584,0.95,3,1,15,0,0.0532,106.39,-0.015,0.051,0.044,0.291,180.0,99.0,10.04,14.448144533483035,neo3_calibrated_direct,1,-6.75049,-20.3613,-29.9316,36.82461583628674,1,14.252721708722698,yahboom_calibrated_direct+neo3_cross_align,0,-2501,4566,3279,0.10655676665660392,0.3625047960649573,0.37784133136861325,2.363270078193723,neo3_calibrated_direct:gyro_integral,1,2.363270078193723,nan,305.595703125,0.0,-26,174,2040,-0.12449848632812499,0.833182177734375,9.7683427734375,9.80460162136947,0,0,0,0.0,0.0,0.0,0.0,0.0,0.0,0.0,882,126,-9904,4.844970703125,0.692138671875,305.595703125,98723.758,305.75,1,1,0,0,2539,226,563,1129,1129,1129,1129,7057,F4line=2539;YAH=4516
DIRECT_SERIAL,219,1789591955257146951,2026-09-16T20:52:35.257147+00:00,-1,2152494958490,1789591955200000000,1789591955,200000000,2172196,1789591955208603,1789591955200000,2,4,0.7844595483385646,0.6414515385262065,gnss_local_enu_direct,0.7844595483385646,0.6414515385262065,110.4347077,-7.0509142,234.08,0.585,0.951,3,1,15,0,0.0247,248.629,-0.009,-0.023,-0.01,0.281,180.0,99.0,10.02,14.317518107564831,neo3_calibrated_direct,1,-6.84814,-20.1294,-29.6387,36.476599396182756,1,14.249697084684755,yahboom_calibrated_direct+neo3_cross_align,0,-2495,4590,3192,0.10746081290656645,0.36584616425294736,0.3813020354117384,2.363270078193723,neo3_calibrated_direct:gyro_integral,1,2.363270078193723,nan,305.595703125,0.0,-23,176,2038,-0.11013327636718749,0.842758984375,9.758765966796874,9.79570749047873,2,2,0,0.1220703125,0.1220703125,0.0,0.0021305288720633907,0.0021305288720633907,0.0,0.0,885,127,-9904,4.8614501953125,0.6976318359375,305.595703125,98722.836,305.75,1,1,0,0,2551,227,566,1135,1135,1134,1134,7091,F4line=2551;YAH=4538
DIRECT_SERIAL,220,1789591955357247601,2026-09-16T20:52:35.357248+00:00,-1,2152595059208,1789591955300000000,1789591955,300000000,2172294,1789591955306483,1789591955300000,2,4,0.7734108222165856,0.6414515395163617,gnss_local_enu_direct,0.7734108222165856,0.6414515395163617,110.4347076,-7.0509142,234.09,0.586,0.953,3,1,15,0,0.064,268.21,-0.002,-0.064,0.033,0.298,180.0,99.0,10.05,14.237888216661556,neo3_calibrated_direct,1,-6.82983,-20.3247,-29.8584,36.759543774085394,1,14.423533345654207,yahboom_calibrated_direct+neo3_cross_align,0,-2483,4597,3274,0.10919657163849346,0.36683881341644403,0.38274613817305236,2.363270078193723,neo3_calibrated_direct:gyro_integral,1,2.363270078193723,nan,305.595703125,0.0,-22,177,2041,-0.105344873046875,0.8475473876953125,9.773131176757811,9.810378540850598,2,1,0,0.1220703125,0.06103515625,0.0,0.0021305288720633907,0.0010652644360316954,0.0,0.0,888,128,-9904,4.8779296875,0.703125,305.595703125,98725.281,305.75,1,1,0,0,2559,228,568,1140,1140,1140,1140,7121,F4line=2559;YAH=4560
DIRECT_SERIAL,221,1789591955476311668,2026-09-16T20:52:35.476311+00:00,-1,2152714123500,1789591955400000000,1789591955,400000000,2172396,1789591955408934,1789591955400000,2,4,0.7623620967869339,0.6525110493250483,gnss_local_enu_direct,0.7623620967869339,0.6525110493250483,110.4347075,-7.0509141,234.09,0.586,0.955,3,1,15,0,0.0555,115.641,-0.024,0.05,0.019,0.282,180.0,99.0,10.01,14.3483808420239,neo3_calibrated_direct,1,-6.82373,-20.1904,-29.6143,36.485919308178325,1,14.307504020765064,yahboom_calibrated_direct+neo3_cross_align,0,-2492,4587,3316,0.1078863724578899,0.3654351091228631,0.38102793643217475,2.363270078193723,neo3_calibrated_direct:gyro_integral,1,2.363270078193723,nan,305.595703125,0.0,-23,176,2038,-0.11013327636718749,0.842758984375,9.758765966796874,9.79570749047873,-1,0,0,-0.06103515625,0.0,0.0,-0.0010652644360316954,0.0,0.0,0.0,888,128,-9904,4.8779296875,0.703125,305.595703125,98722.227,305.75,1,1,0,0,2571,229,571,1145,1145,1145,1145,7153,F4line=2571;YAH=4580
DIRECT_SERIAL,222,1789591955576537527,2026-09-16T20:52:35.576538+00:00,-1,2152814349149,1789591955500000000,1789591955,500000000,2172495,1789591955507862,1789591955500000,2,4,0.7734108250034517,0.6525110511163665,gnss_local_enu_direct,0.7734108250034517,0.6525110511163665,110.4347076,-7.0509141,234.11,0.587,0.955,3,1,15,0,0.029,226.397,-0.02,-0.021,0.058,0.251,180.0,99.0,10.02,14.198509771508872,neo3_calibrated_direct,1,-6.85425,-20.2759,-30.0293,36.876167403385345,1,14.487908397444203,yahboom_calibrated_direct+neo3_cross_align,0,-2481,4587,3315,0.10946616410009159,0.3654545157435455,0.38149684685477747,2.363270078193723,neo3_calibrated_direct:gyro_integral,1,2.363270078193723,nan,305.6011962890625,0.0,-24,177,2043,-0.1149216796875,0.8475473876953125,9.782707983398437,9.820026428441976,0,1,0,0.0,0.06103515625,0.0,0.0,0.0010652644360316954,0.0,0.0,888,128,-9903,4.8779296875,0.703125,305.6011962890625,98722.227,305.75,1,1,0,0,2582,230,574,1150,1150,1150,1150,7184,F4line=2582;YAH=4600
DIRECT_SERIAL,223,1789591955677256798,2026-09-16T20:52:35.677257+00:00,-1,2152915068372,1789591955600000000,1789591955,600000000,2172596,1789591955608027,1789591955600000,2,4,0.7734108263250017,0.6635705616663325,gnss_local_enu_direct,0.7734108263250017,0.6635705616663325,110.4347076,-7.050914,234.12,0.587,0.956,3,1,15,0,0.0306,51.633,0.019,0.024,0.062,0.242,180.0,99.0,10.01,14.306226582674306,neo3_calibrated_direct,1,-6.86035,-20.0928,-29.6387,36.45871023023853,1,14.554454980459463,yahboom_calibrated_direct+neo3_cross_align,0,-2475,4591,3259,0.11033492558517702,0.36602023163276315,0.3822886419557716,2.363270078193723,neo3_calibrated_direct:gyro_integral,1,2.363270078193723,nan,305.6011962890625,0.0,-23,178,2038,-0.11013327636718749,0.852335791015625,9.758765966796874,9.796536063013424,-2,0,0,-0.1220703125,0.0,0.0,-0.0021305288720633907,0.0,0.0,0.0,887,128,-9903,4.8724365234375,0.703125,305.6011962890625,98723.141,305.75,1,1,0,0,2598,231,576,1156,1156,1156,1156,7224,F4line=2598;YAH=4624
DIRECT_SERIAL,224,1789591955786613623,2026-09-16T20:52:35.786613+00:00,-1,2153024425183,1789591955700000000,1789591955,700000000,2172697,1789591955708305,1789591955700000,2,4,0.773410828485689,0.663570563827341,gnss_local_enu_direct,0.773410828485689,0.663570563827341,110.4347076,-7.050914,234.14,0.587,0.957,3,1,15,0,0.0473,193.449,-0.046,-0.011,-0.001,0.222,180.0,99.0,9.99,14.297814785320188,neo3_calibrated_direct,1,-6.82373,-20.2637,-29.7363,36.62551523859971,1,14.343402278280713,yahboom_calibrated_direct+neo3_cross_align,0,-2489,4579,3285,0.10830311081799407,0.36433014091808563,0.38008685243539647,2.363270078193723,neo3_calibrated_direct:gyro_integral,1,2.363270078193723,nan,305.6011962890625,0.0,-22,175,2036,-0.105344873046875,0.8379705810546875,9.749189160156249,9.785702913817612,-5,-1,0,-0.30517578125,-0.06103515625,0.0,-0.005326322180158476,-0.0010652644360316954,0.0,0.0,883,126,-9903,4.8504638671875,0.692138671875,305.6011962890625,98721.922,305.75,1,1,0,0,2613,232,579,1161,1161,1161,1161,7259,F4line=2613;YAH=4644
DIRECT_SERIAL,225,1789591955895424364,2026-09-16T20:52:35.895424+00:00,-1,2153133236131,1789591955800000000,1789591955,800000000,2172794,1789591955806210,1789591955800000,2,4,0.7734108324042835,0.6746300762116677,gnss_local_enu_direct,0.7734108324042835,0.6746300762116677,110.4347076,-7.0509139,234.17,0.588,0.958,3,1,15,0,0.0383,130.764,-0.025,0.029,0.045,0.248,180.0,99.0,10.04,14.124089314226538,neo3_calibrated_direct,1,-6.88477,-20.2515,-29.6875,36.59058576263709,1,14.432012583929808,yahboom_calibrated_direct+neo3_cross_align,0,-2486,4567,3262,0.10871279222512281,0.36267004225355376,0.3786132997420682,2.363270078193723,neo3_calibrated_direct:gyro_integral,1,2.363270078193723,nan,305.6011962890625,0.0,-24,174,2045,-0.1149216796875,0.833182177734375,9.792284790039062,9.828338666478011,-2,1,0,-0.1220703125,0.06103515625,0.0,-0.0021305288720633907,0.0010652644360316954,0.0,0.0,884,128,-9903,4.85595703125,0.703125,305.6011962890625,98721.922,305.75,1,1,0,0,2622,233,581,1166,1166,1166,1166,7288,F4line=2622;YAH=4664
DIRECT_SERIAL,226,1789591955996285728,2026-09-16T20:52:35.996286+00:00,-1,2153234097343,1789591955900000000,1789591955,900000000,2172895,1789591955907360,1789591955900000,2,4,0.773410833758404,0.6746300773656924,gnss_local_enu_direct,0.773410833758404,0.6746300773656924,110.4347076,-7.0509139,234.18,0.588,0.959,3,1,15,0,0.0422,233.673,-0.025,-0.034,0.062,0.255,180.0,99.0,10.02,14.307600819675272,neo3_calibrated_direct,1,-6.81763,-20.2759,-29.7607,36.65094083535783,1,14.444435572813493,yahboom_calibrated_direct+neo3_cross_align,0,-2479,4587,3207,0.10975339894412826,0.3654580442200332,0.3815827441917686,2.363270078193723,neo3_calibrated_direct:gyro_integral,1,2.363270078193723,nan,305.6011962890625,0.0,-20,177,2036,-0.09576806640624999,0.8475473876953125,9.749189160156249,9.786429245513425,-1,1,0,-0.06103515625,0.06103515625,0.0,-0.0010652644360316954,0.0010652644360316954,0.0,0.0,880,127,-9903,4.833984375,0.6976318359375,305.6011962890625,98727.414,305.75,1,1,0,0,2633,234,584,1172,1172,1172,1172,7323,F4line=2633;YAH=4688
DIRECT_SERIAL,227,1789591956114986352,2026-09-16T20:52:36.114986+00:00,-1,2153352798090,1789591956000000000,1789591956,0,2173003,1789591956015262,1789591956000000,2,4,0.7734108351125243,0.6746300784041823,gnss_local_enu_direct,0.7734108351125243,0.6746300784041823,110.4347076,-7.0509139,234.19,0.588,0.96,3,1,15,0,0.0417,300.256,0.021,-0.036,-0.002,0.277,180.0,99.0,9.9,14.09593713540987,neo3_calibrated_direct,1,-6.89697,-20.2393,-29.6875,36.58613283637531,1,14.450518122781666,yahboom_calibrated_direct+neo3_cross_align,0,-2480,4575,3203,0.10958861066318366,0.36379088860252584,0.3799387769329451,2.363270078193723,neo3_calibrated_direct:gyro_integral,1,2.363270078193723,nan,305.6011962890625,0.0,-26,174,2039,-0.12449848632812499,0.833182177734375,9.763554370117188,9.799830934900186,4,4,0,0.244140625,0.244140625,0.0,0.004261057744126781,0.004261057744126781,0.0,0.0,883,129,-9903,4.8504638671875,0.7086181640625,305.6011962890625,98726.195,305.75,1,1,0,0,2646,235,587,1177,1177,1177,1177,7356,F4line=2646;YAH=4708
DIRECT_SERIAL,228,1789591956215243691,2026-09-16T20:52:36.215244+00:00,-1,2153453055277,1789591956100000000,1789591956,100000000,2173095,1789591956107658,1789591956100000,2,4,0.7734108361089126,0.6856895891768101,gnss_local_enu_direct,0.7734108361089126,0.6856895891768101,110.4347076,-7.0509138,234.2,0.589,0.961,3,1,15,0,0.043,178.668,-0.043,0.001,0.049,0.232,180.0,99.0,10.05,14.253065274771275,neo3_calibrated_direct,1,-6.83594,-20.2759,-29.834,36.71389045706815,1,14.205140364508061,yahboom_calibrated_direct+neo3_cross_align,0,-2491,4582,3177,0.10802116868868895,0.3647429602864138,0.3804024184509959,2.363270078193723,neo3_calibrated_direct:gyro_integral,1,2.363270078193723,nan,305.6011962890625,0.0,-23,176,2042,-0.11013327636718749,0.842758984375,9.777919580078125,9.814789012443585,0,1,0,0.0,0.06103515625,0.0,0.0,0.0010652644360316954,0.0,0.0,885,130,-9903,4.8614501953125,0.714111328125,305.6011962890625,98724.367,305.75,1,1,0,0,2654,236,589,1183,1183,1183,1182,7387,F4line=2654;YAH=4731
DIRECT_SERIAL,229,1789591956315244996,2026-09-16T20:52:36.315245+00:00,-1,2153553056573,1789591956200000000,1789591956,200000000,2173196,1789591956208020,1789591956200000,2,4,0.7734108400600777,0.6856895925118005,gnss_local_enu_direct,0.7734108400600777,0.6856895925118005,110.4347076,-7.0509138,234.23,0.589,0.962,3,1,15,0,0.0293,97.853,-0.004,0.029,0.042,0.253,180.0,99.0,10.03,14.289434454592955,neo3_calibrated_direct,1,-6.82373,-20.2759,-29.7363,36.63226650936166,1,14.032467078870623,yahboom_calibrated_direct+neo3_cross_align,0,-2503,4576,3134,0.1062871741950058,0.36388909373785583,0.3790939671634429,2.363270078193723,neo3_calibrated_direct:gyro_integral,1,2.363270078193723,nan,305.6011962890625,0.0,-24,175,2036,-0.1149216796875,0.8379705810546875,9.749189160156249,9.785810695475538,0,1,0,0.0,0.06103515625,0.0,0.0,0.0010652644360316954,0.0,0.0,885,130,-9903,4.8614501953125,0.714111328125,305.6011962890625,98722.227,305.75,1,1,0,0,2666,237,592,1188,1188,1188,1188,7420,F4line=2666;YAH=4752
DIRECT_SERIAL,230,1789591956415833310,2026-09-16T20:52:36.415833+00:00,-1,2153653644924,1789591956300000000,1789591956,300000000,2173294,1789591956306961,1789591956300000,2,4,0.7844595685241392,0.6967491030754537,gnss_local_enu_direct,0.7844595685241392,0.6967491030754537,110.4347077,-7.0509137,234.24,0.59,0.962,3,1,15,0,0.0398,295.278,0.017,-0.036,-0.008,0.286,180.0,99.0,10.05,14.202286800180953,neo3_calibrated_direct,1,-6.87256,-20.1904,-30.0293,36.83263758684137,1,14.135388234274897,yahboom_calibrated_direct+neo3_cross_align,0,-2497,4580,3238,0.10715593568009124,0.36445480962707344,0.3798811693303344,2.363270078193723,neo3_calibrated_direct:gyro_integral,1,2.363270078193723,nan,305.6011962890625,0.0,-25,178,2047,-0.1197100830078125,0.852335791015625,9.801861596679688,9.839578119263246,0,2,0,0.0,0.1220703125,0.0,0.0,0.0021305288720633907,0.0,0.0,887,131,-9903,4.8724365234375,0.7196044921875,305.6011962890625,98722.531,305.75,1,1,0,0,2674,238,594,1193,1193,1193,1193,7448,F4line=2674;YAH=4772
DIRECT_SERIAL,231,1789591956533271785,2026-09-16T20:52:36.533272+00:00,-1,2153771083497,1789591956400000000,1789591956,400000000,2173396,1789591956408005,1789591956400000,2,4,0.7844595723641085,0.6967491063988949,gnss_local_enu_direct,0.7844595723641085,0.6967491063988949,110.4347077,-7.0509137,234.27,0.59,0.963,3,1,15,0,0.0106,318.814,0.008,-0.007,-0.044,0.243,180.0,99.0,10.02,14.279635660867134,neo3_calibrated_direct,1,-6.82983,-20.2637,-29.8584,36.72585146839893,1,14.108577335698516,yahboom_calibrated_direct+neo3_cross_align,0,-2498,4585,3329,0.10702113944929217,0.3651469584635227,0.3805073265578291,2.363270078193723,neo3_calibrated_direct:gyro_integral,1,2.363270078193723,nan,305.606689453125,0.0,-22,175,2044,-0.105344873046875,0.8379705810546875,9.787496386718749,9.82386775954476,-10,2,0,-0.6103515625,0.1220703125,0.0,-0.010652644360316953,0.0021305288720633907,0.0,0.0,881,132,-9902,4.8394775390625,0.72509765625,305.606689453125,98723.758,305.75,1,1,0,0,2686,239,597,1198,1198,1198,1198,7480,F4line=2686;YAH=4792
DIRECT_SERIAL,232,1789591956633857527,2026-09-16T20:52:36.633857+00:00,-1,2153871669152,1789591956500000000,1789591956,500000000,2173496,1789591956508189,1789591956500000,2,4,0.7844595751509745,0.7078086181144347,gnss_local_enu_direct,0.7844595751509745,0.7078086181144347,110.4347077,-7.0509136,234.29,0.591,0.964,3,1,15,0,0.0319,228.814,-0.021,-0.024,0.017,0.268,180.0,99.0,10.01,13.975552691949662,neo3_calibrated_direct,1,-6.97021,-20.0928,-29.7363,36.5588836943102,1,13.963648562146677,yahboom_calibrated_direct+neo3_cross_align,0,-2505,4587,3220,0.10601934597165154,0.365412174025693,0.3804814826590646,2.363270078193723,neo3_calibrated_direct:gyro_integral,1,2.363270078193723,nan,305.606689453125,0.0,-39,171,2047,-0.1867477294921875,0.8188169677734375,9.801861596679688,9.837775495590872,-47,5,0,-2.86865234375,0.30517578125,0.0,-0.05006742849348968,0.005326322180158476,0.0,0.0,851,141,-9902,4.6746826171875,0.7745361328125,305.606689453125,98721.617,305.75,1,1,0,0,2703,240,600,1203,1203,1203,1203,7517,F4line=2703;YAH=4812
DIRECT_SERIAL,233,1789591956734369301,2026-09-16T20:52:36.734369+00:00,-1,2153972180899,1789591956600000000,1789591956,600000000,2173597,1789591956608299,1789591956600000,2,4,0.7844595777480192,0.7078086204109351,gnss_local_enu_direct,0.7844595777480192,0.7078086204109351,110.4347077,-7.0509136,234.31,0.592,0.965,3,1,15,0,0.0323,111.801,-0.012,0.03,0.015,0.281,180.0,99.0,10.0,13.97833304467871,neo3_calibrated_direct,1,-6.98853,-20.0073,-29.7852,36.55529707020448,1,14.122076665983624,yahboom_calibrated_direct+neo3_cross_align,0,-2499,4576,3150,0.10686164388307914,0.36389615069083125,0.37926220405017713,2.363270078193723,neo3_calibrated_direct:gyro_integral,1,2.363270078193723,nan,305.61767578125,0.0,-31,162,2052,-0.1484405029296875,0.7757213378906249,9.82580361328125,9.857494348146476,-30,22,0,-1.8310546875,1.3427734375,0.0,-0.03195793308095086,0.023435817592697295,0.0,0.0,809,156,-9900,4.4439697265625,0.85693359375,305.61767578125,98723.453,305.75,1,1,0,0,2713,241,602,1209,1209,1209,1209,7551,F4line=2713;YAH=4836
DIRECT_SERIAL,234,1789591956844414036,2026-09-16T20:52:36.844414+00:00,-1,2154082225610,1789591956800000000,1789591956,800000000,2173794,1789591956806373,1789591956800000,2,4,0.7955083072199388,0.7188681345280334,gnss_local_enu_direct,0.7955083072199388,0.7188681345280334,110.4347078,-7.0509135,234.35,0.593,0.967,3,1,15,0,0.0314,300.651,0.016,-0.027,-0.047,0.255,180.0,99.0,10.04,13.554356040392582,neo3_calibrated_direct,1,-7.10449,-20.1172,-29.9805,36.79681907787818,1,13.994922192657846,yahboom_calibrated_direct+neo3_cross_align,0,-2506,4565,3193,0.10583691530826839,0.36235719225879937,0.37749726810090967,2.369382726203982,neo3_calibrated_direct:gyro_integral,1,2.369382726203982,nan,305.628662109375,0.0,-31,160,2060,-0.1484405029296875,0.7661445312499999,9.86411083984375,9.894932778265716,-68,16,5,-4.150390625,0.9765625,0.30517578125,-0.07243798165015528,0.017044230976507126,0.005326322180158476,0.005326322180158476,760,177,-9898,4.1748046875,0.9722900390625,305.628662109375,98724.977,305.75,1,1,0,0,2730,243,605,1214,1214,1214,1214,7588,F4line=2730;YAH=4856
DIRECT_SERIAL,235,1789591956953215012,2026-09-16T20:52:36.953215+00:00,-1,2154191026654,1789591956900000000,1789591956,900000000,2173895,1789591956907546,1789591956900000,2,4,0.8065570390509905,0.7299276479049311,gnss_local_enu_direct,0.8065570390509905,0.7299276479049311,110.4347079,-7.0509134,234.38,0.594,0.969,3,1,15,0,0.0461,119.899,-0.023,0.04,-0.075,0.2519,180.0,99.0,10.02,12.829292157877642,neo3_calibrated_direct,1,-7.32422,-20.2148,-30.4688,37.29115325500675,1,13.536021030019013,yahboom_calibrated_direct+neo3_cross_align,0,-2527,4559,3265,0.10281036401642021,0.3614874475660467,0.37582329051963265,2.409665389168002,neo3_calibrated_direct:gyro_integral,1,2.409665389168002,nan,305.68359375,0.0,-40,140,2055,-0.19153613281249998,0.6703764648437499,9.840168823242188,9.864837209234459,-197,61,7,-12.02392578125,3.72314453125,0.42724609375,-0.20985709389824397,0.06498113059793341,0.007456851052221867,0.007456851052221867,617,215,-9888,3.3892822265625,1.1810302734375,305.68359375,98727.109,305.75,1,1,0,0,2741,244,608,1219,1219,1219,1219,7619,F4line=2741;YAH=4876
DIRECT_SERIAL,236,1789591957054217015,2026-09-16T20:52:37.054217+00:00,-1,2154292028628,1789591957000000000,1789591957,0,2174003,1789591957015351,1789591957000000,2,4,0.7955083126038499,0.7299276491177483,gnss_local_enu_direct,0.7955083126038499,0.7299276491177483,110.4347078,-7.0509134,234.39,0.594,0.97,3,1,15,0,0.01,36.87,0.008,0.006,-0.044,0.245,180.0,99.0,9.91,11.748725647641491,neo3_calibrated_direct,1,-7.70874,-20.0684,-30.3467,37.189885074272546,1,12.73124147783379,yahboom_calibrated_direct+neo3_cross_align,0,-2582,4499,3509,0.09480555151078046,0.3530634575663172,0.36557064661422956,2.360850000252178,neo3_calibrated_direct:gyro_integral,1,2.360850000252178,nan,305.6671142578125,0.0,-67,39,1955,-0.32082302246093747,0.1867477294921875,9.361328491210937,9.36868578011714,-133,88,0,-8.11767578125,5.37109375,0.0,-0.14168016999221547,0.09374327037078918,0.0,0.0,400,349,-9891,2.197265625,1.9171142578125,305.6671142578125,98724.062,305.75,1,1,0,0,2751,245,610,1225,1225,1225,1225,7653,F4line=2751;YAH=4900
DIRECT_SERIAL,237,1789591957172725944,2026-09-16T20:52:37.172726+00:00,-1,2154410537706,1789591957100000000,1789591957,100000000,2174096,1789591957107923,1789591957100000,2,4,0.7955083114395509,0.7409871577293676,gnss_local_enu_direct,0.7955083114395509,0.7409871577293676,110.4347078,-7.0509133,234.38,0.595,0.972,3,1,15,0,0.0262,46.548,0.018,0.019,-0.123,0.249,180.0,99.0,10.03,9.837961178244885,neo3_calibrated_direct,1,-8.30078,-20.2637,-30.9082,37.87924647532471,1,11.997500315675737,yahboom_calibrated_direct+neo3_cross_align,0,-2625,4469,3612,0.08857707521667639,0.3488241168736727,0.3598946550959578,2.3638135924761374,neo3_calibrated_direct:gyro_integral,1,2.3638135924761374,nan,305.694580078125,0.0,-108,83,1998,-0.51714755859375,0.39743747558593745,9.567229833984374,9.589436106499708,-13,19,-18,-0.79345703125,1.15966796875,-1.0986328125,-0.01384843766841204,0.02024002428460221,-0.019174759848570515,-0.019174759848570515,327,405,-9886,1.7962646484375,2.2247314453125,305.694580078125,98721.922,305.75,1,1,0,0,2762,246,613,1230,1230,1230,1230,7684,F4line=2762;YAH=4920
DIRECT_SERIAL,238,1789591957273262837,2026-09-16T20:52:37.273263+00:00,-1,2154511074432,1789591957200000000,1789591957,200000000,2174197,1789591957208290,1789591957200000,2,4,0.7955083137114342,0.7409871601329951,gnss_local_enu_direct,0.7955083137114342,0.7409871601329951,110.4347078,-7.0509133,234.4,0.596,0.973,3,1,15,0,0.051,178.877,-0.051,0.001,-0.035,0.235,180.0,99.0,10.01,9.606553044892774,neo3_calibrated_direct,1,-8.39844,-20.1172,-30.8838,37.80270668501927,1,11.624015698852414,yahboom_calibrated_direct+neo3_cross_align,0,-2643,4469,3618,0.08599196162034635,0.3487923605852833,0.35923631256593397,1.7890159473341263,neo3_calibrated_direct:gyro_integral,1,1.7890159473341263,nan,305.145263671875,0.0,-44,63,2082,-0.21068974609375,0.3016694091796875,9.969455712890625,9.976243872962979,41,49,-72,2.50244140625,2.99072265625,-4.39453125,0.043675841877299504,0.05219795736555307,-0.07669903939428206,-0.07669903939428206,360,413,-9986,1.9775390625,2.2686767578125,305.145263671875,98718.875,305.75,1,1,0,0,2774,247,616,1236,1236,1236,1236,7720,F4line=2774;YAH=4944
DIRECT_SERIAL,239,1789591957373315271,2026-09-16T20:52:37.373315+00:00,-1,2154611126841,1789591957300000000,1789591957,300000000,2174295,1789591957307286,1789591957300000,2,4,0.7844595879357172,0.7409871590703347,gnss_local_enu_direct,0.7844595879357172,0.7409871590703347,110.4347077,-7.0509133,234.39,0.597,0.974,3,1,15,0,0.0326,317.49,0.024,-0.022,0.01,0.286,180.0,99.0,10.04,9.086534309905673,neo3_calibrated_direct,1,-8.53271,-20.3613,-31.1035,38.142068505576624,1,11.40666953944339,yahboom_calibrated_direct+neo3_cross_align,0,-2653,4471,3618,0.0845593158766507,0.349052283432722,0.35914868017455454,1.316341147957389,neo3_calibrated_direct:gyro_integral,1,1.316341147957389,nan,304.6728515625,0.0,-90,74,2052,-0.430956298828125,0.354341845703125,9.82580361328125,9.84163086697966,19,-23,-74,1.15966796875,-1.40380859375,-4.5166015625,0.02024002428460221,-0.024501082028728992,-0.07882956826634545,-0.07882956826634545,388,414,-10072,2.13134765625,2.274169921875,304.6728515625,98723.141,305.75,1,1,0,0,2782,248,618,1241,1241,1241,1241,7748,F4line=2782;YAH=4964
DIRECT_SERIAL,240,1789591957486558968,2026-09-16T20:52:37.486559+00:00,-1,2154724370572,1789591957400000000,1789591957,400000000,2174396,1789591957408404,1789591957400000,2,4,0.7734108588915319,0.7409871579866516,gnss_local_enu_direct,0.7734108588915319,0.7409871579866516,110.4347076,-7.0509133,234.38,0.598,0.976,3,1,15,0,0.085,306.87,0.051,-0.068,-0.023,0.295,180.0,99.0,10.02,8.807333465943072,neo3_calibrated_direct,1,-8.62427,-20.3613,-31.2012,38.24232540213657,1,10.699154565913993,yahboom_calibrated_direct+neo3_cross_align,0,-2685,4480,3629,0.07997943651625866,0.3502448713433663,0.3592606020255901,0.815951985724949,neo3_calibrated_direct:gyro_integral,1,0.815951985724949,nan,304.1949462890625,0.0,-108,78,2073,-0.51714755859375,0.373495458984375,9.926360083007811,9.946836932048914,-15,52,-118,-0.91552734375,3.173828125,-7.2021484375,-0.01597896654047543,0.05539375067364816,-0.12570120345174005,-0.12570120345174005,386,414,-10159,2.120361328125,2.274169921875,304.1949462890625,98725.281,305.75,1,1,0,0,2795,249,621,1246,1246,1246,1246,7781,F4line=2795;YAH=4984
DIRECT_SERIAL,241,1789591957586660602,2026-09-16T20:52:37.586661+00:00,-1,2154824472140,1789591957500000000,1789591957,500000000,2174497,1789591957508586,1789591957500000,2,4,0.7844595919655079,0.7520466726215598,gnss_local_enu_direct,0.7844595919655079,0.7520466726215598,110.4347077,-7.0509132,234.42,0.599,0.978,3,1,15,0,0.0322,172.875,-0.032,0.004,-0.061,0.246,180.0,99.0,10.0,6.951553350127192,neo3_calibrated_direct,1,-9.21021,-20.5566,-31.4453,38.68085655584814,1,9.603254508704534,yahboom_calibrated_direct+neo3_cross_align,0,-2738,4476,3675,0.07236065619631145,0.34959623625668745,0.35700643267314164,-0.29927863811696864,neo3_calibrated_direct:gyro_integral,1,-0.29927863811696864,nan,303.1292724609375,0.0,-52,56,2034,-0.24899697265624998,0.26815058593749996,9.739612353515625,9.746484136645623,-24,72,-228,-1.46484375,4.39453125,-13.916015625,-0.025566346464760685,0.07669903939428206,-0.24288029141522652,-0.24288029141522652,353,492,-10353,1.9390869140625,2.70263671875,303.1292724609375,98723.453,305.75,1,1,0,0,2807,250,624,1251,1251,1251,1251,7813,F4line=2807;YAH=5004
DIRECT_SERIAL,242,1789591957691581116,2026-09-16T20:52:37.691581+00:00,-1,2154929392884,1789591957600000000,1789591957,600000000,2174595,1789591957607557,1789591957600000,2,4,0.7844595929618962,0.7631061838563273,gnss_local_enu_direct,0.7844595929618962,0.7631061838563273,110.4347077,-7.0509131,234.43,0.601,0.98,3,1,15,0,0.0839,59.153,0.043,0.072,-0.025,0.292,180.0,99.0,10.03,5.097020788384723,neo3_calibrated_direct,1,-9.80225,-20.7886,-31.665,39.12700116316736,1,7.168788701465354,yahboom_calibrated_direct+neo3_cross_align,0,-2849,4499,3710,0.05645969983188485,0.35259240595520797,0.3570841671684544,-2.0140788084688284,neo3_calibrated_direct:gyro_integral,1,-2.0140788084688284,nan,301.453857421875,0.0,-101,57,2155,-0.4836287353515625,0.27293898925781246,10.319009155273436,10.333941280660143,77,-23,-308,4.69970703125,-1.40380859375,-18.798828125,0.08202536157444054,-0.024501082028728992,-0.32810144629776217,-0.32810144629776217,349,519,-10658,1.9171142578125,2.8509521484375,301.453857421875,98723.758,305.75,1,1,0,0,2822,251,626,1256,1256,1256,1256,7848,F4line=2822;YAH=5024
DIRECT_SERIAL,243,1789591957792322130,2026-09-16T20:52:37.792322+00:00,-1,2155030133709,1789591957700000000,1789591957,700000000,2174696,1789591957707873,1789591957700000,2,4,0.7955083203843246,0.7741656961705711,gnss_local_enu_direct,0.7955083203843246,0.7741656961705711,110.4347078,-7.050913,234.45,0.602,0.982,3,1,15,0,0.076,302.645,0.041,-0.064,-0.009,0.303,180.0,99.0,10.01,2.273221297432853,neo3_calibrated_direct,1,-10.7178,-21.5454,-31.2988,39.48025303161062,1,3.5129068472856897,yahboom_calibrated_direct+neo3_cross_align,0,-3013,4578,3643,0.03304581744214232,0.36326689746336716,0.36476686368566963,-4.469882871813942,neo3_calibrated_direct:gyro_integral,1,-4.469882871813942,nan,299.0093994140625,0.0,-115,125,2111,-0.5506663818359374,0.5985504150390625,10.108319409179687,10.14098700035783,325,-82,-362,19.83642578125,-5.0048828125,-22.0947265625,0.346210941710301,-0.08735168375459901,-0.3856257258434737,-0.3856257258434737,608,461,-11103,3.33984375,2.5323486328125,299.0093994140625,98724.672,305.75,1,1,0,0,2836,252,629,1262,1262,1262,1262,7886,F4line=2836;YAH=5048
DIRECT_SERIAL,244,1789591957897047010,2026-09-16T20:52:37.897047+00:00,-1,2155134858615,1789591957800000000,1789591957,800000000,2174795,1789591957806985,1789591957800000,2,4,0.8065570536722662,0.7852252109178731,gnss_local_enu_direct,0.8065570536722662,0.7852252109178731,110.4347079,-7.0509129,234.49,0.603,0.984,3,1,15,0,0.0741,34.548,0.061,0.042,-0.098,0.261,180.0,99.0,10.03,-0.15138838201169202,neo3_calibrated_direct,1,-11.5662,-22.5952,-30.6885,39.825922183045556,1,0.5172228043646676,yahboom_calibrated_direct+neo3_cross_align,0,-3151,4751,3556,0.013531826419798866,0.38703282497009733,0.3872693093063141,-7.237980060902292,neo3_calibrated_direct:gyro_integral,1,-7.237980060902292,nan,296.2738037109375,0.0,-79,157,2016,-0.37828386230468747,0.7517793212890624,9.65342109375,9.690036617147298,276,-62,-492,16.845703125,-3.7841796875,-30.029296875,0.2940129843447479,-0.0660463950339651,-0.524110102527594,-0.524110102527594,956,416,-11601,5.25146484375,2.28515625,296.2738037109375,98722.531,305.75,1,1,0,0,2845,253,631,1267,1267,1267,1267,7915,F4line=2845;YAH=5068
DIRECT_SERIAL,245,1789591958010907238,2026-09-16T20:52:38.010907+00:00,-1,2155248719015,1789591957900000000,1789591957,900000000,2174896,1789591957908159,1789591957900000,2,4,0.806557057590861,0.7962847248041538,gnss_local_enu_direct,0.806557057590861,0.7962847248041538,110.4347079,-7.0509128,234.52,0.604,0.986,3,1,15,0,0.01,264.289,-0.001,-0.01,-0.13,0.253,180.0,99.0,10.01,-5.338237082814769,neo3_calibrated_direct,1,-13.5742,-23.9624,-29.9316,40.67377776848371,1,-4.0597680521456185,yahboom_calibrated_direct+neo3_cross_align,0,-3393,4881,3383,-0.020994238736937253,0.40464761925710574,0.4051918728585102,-10.707130988092175,neo3_calibrated_direct:gyro_integral,1,-10.707130988092175,nan,292.8515625,0.0,-75,216,2013,-0.3591302490234375,1.0342951171875,9.639055883789062,9.701038050436154,198,-5,-602,12.0849609375,-0.30517578125,-36.7431640625,0.21092235833427567,-0.005326322180158476,-0.6412891904910806,-0.6412891904910806,1172,443,-12224,6.43798828125,2.4334716796875,292.8515625,98724.672,305.75,1,1,0,0,2856,254,634,1272,1272,1272,1272,7946,F4line=2856;YAH=5088
DIRECT_SERIAL,246,1789591958111272224,2026-09-16T20:52:38.111272+00:00,-1,2155349083855,1789591958000000000,1789591958,0,2175004,1789591958016106,1789591958000000,2,4,0.806557059023607,0.8073442364054833,gnss_local_enu_direct,0.806557059023607,0.8073442364054833,110.4347079,-7.0509127,234.53,0.605,0.987,3,1,15,0,0.0975,331.858,0.086,-0.046,-0.019,0.269,158.059,99.0,9.9,-11.347556727506959,neo3_calibrated_direct,1,-16.1621,-25.0977,-29.3701,41.87733033169617,1,-9.098302294297602,yahboom_calibrated_direct+neo3_cross_align,0,-3682,4992,3336,-0.062303843255168384,0.4195426246628191,0.42414358747166236,-15.448179636097876,neo3_calibrated_direct:gyro_integral,1,-15.448179636097876,nan,288.10546875,0.0,-114,316,1926,-0.5458779785156249,1.5131354492187499,9.222464794921875,9.36169955449779,183,4,-641,11.16943359375,0.244140625,-39.12353515625,0.19494339179380024,0.004261057744126781,-0.6828345034963167,-0.6828345034963167,1409,535,-13088,7.7398681640625,2.9388427734375,288.10546875,98724.062,305.75,1,1,0,0,2872,255,637,1278,1278,1278,1277,7985,F4line=2872;YAH=5111
DIRECT_SERIAL,247,1789591958211401422,2026-09-16T20:52:38.211401+00:00,-1,2155449212979,1789591958100000000,1789591958,100000000,2175095,1789591958107582,1789591958100000,2,4,0.8065570616992771,0.8184037491492882,gnss_local_enu_direct,0.8065570616992771,0.8184037491492882,110.4347079,-7.0509126,234.55,0.607,0.989,3,1,15,0,0.1024,347.593,0.1,-0.022,-0.044,0.2801,156.711,99.0,10.06,-15.112019281439798,neo3_calibrated_direct,1,-17.8223,-25.3174,-29.0039,42.42441909160336,1,-14.765356157658982,yahboom_calibrated_direct+neo3_cross_align,0,-4024,5052,3335,-0.1113151472908079,0.42726621207973825,0.4415285698585564,-18.915393090265713,neo3_calibrated_direct:gyro_integral,1,-18.915393090265713,nan,284.622802734375,0.0,-149,260,1946,-0.7134720947265625,1.24498486328125,9.318232861328125,9.428069441709065,-8,20,-538,-0.48828125,1.220703125,-32.8369140625,-0.008522115488253563,0.021305288720633905,-0.5731122665850521,-0.5731122665850521,1448,638,-13722,7.9541015625,3.504638671875,284.622802734375,98722.531,305.75,1,1,0,0,2880,256,639,1283,1283,1283,1283,8014,F4line=2880;YAH=5132
DIRECT_SERIAL,248,1789591958330218383,2026-09-16T20:52:38.330219+00:00,-1,2155568030009,1789591958200000000,1789591958,200000000,2175196,1789591958207985,1789591958200000,2,4,0.8065570604237823,0.8294632578648934,gnss_local_enu_direct,0.8065570604237823,0.8294632578648934,110.4347079,-7.0509125,234.54,0.607,0.99,3,1,15,0,0.1342,333.435,0.12,-0.06,-0.061,0.281,120.017,99.0,10.04,-20.09857774073221,neo3_calibrated_direct,1,-19.9463,-25.0244,-29.1504,43.28765758515931,1,-18.84189130169948,yahboom_calibrated_direct+neo3_cross_align,0,-4252,5000,3366,-0.14415165989966888,0.4196472697833309,0.4437155982027604,-21.800258128776115,neo3_calibrated_direct:gyro_integral,1,-21.800258128776115,nan,281.7498779296875,0.0,-168,249,2002,-0.8044517578125,1.1923124267578125,9.586383447265625,9.693683466652761,-2,73,-441,-0.1220703125,4.45556640625,-26.91650390625,-0.0021305288720633907,0.07776430383031376,-0.4697816162899776,-0.4697816162899776,1365,768,-14245,7.4981689453125,4.21875,281.7498779296875,98725.281,305.75,1,1,0,0,2893,257,642,1288,1288,1288,1288,8047,F4line=2893;YAH=5152
DIRECT_SERIAL,249,1789591958431268386,2026-09-16T20:52:38.431268+00:00,-1,2155669079998,1789591958300000000,1789591958,300000000,2175295,1789591958306956,1789591958300000,2,4,0.806557059584645,0.8405227667159905,gnss_local_enu_direct,0.806557059584645,0.8405227667159905,110.4347079,-7.0509124,234.53,0.608,0.989,3,1,15,0,0.0265,349.114,0.026,-0.005,0.1,0.256,180.0,99.0,10.05,-23.38657757560995,neo3_calibrated_direct,1,-21.4722,-25.0244,-29.5166,44.25500699084794,1,-22.879537399818048,yahboom_calibrated_direct+neo3_cross_align,0,-4473,4928,3327,-0.1760181353192786,0.409265024855858,0.44551121706590274,-24.59022214989387,neo3_calibrated_direct:gyro_integral,1,-24.59022214989387,nan,278.96484375,0.0,-208,287,2001,-0.9959878906249999,1.3742717529296875,9.581595043945311,9.730754252129143,-19,-1,-339,-1.15966796875,-0.06103515625,-20.69091796875,-0.02024002428460221,-0.0010652644360316954,-0.3611246438147447,-0.3611246438147447,1352,886,-14752,7.4267578125,4.866943359375,278.96484375,98723.141,305.75,1,1,0,0,2903,258,645,1294,1294,1294,1294,8081,F4line=2903;YAH=5176
DIRECT_SERIAL,250,1789591958533102233,2026-09-16T20:52:38.533102+00:00,-1,2155770913817,1789591958400000000,1789591958,400000000,2175396,1789591958408179,1789591958400000,2,4,0.7955083280546108,0.840522763000751,gnss_local_enu_direct,0.7955083280546108,0.840522763000751,110.4347078,-7.0509124,234.5,0.608,0.989,3,1,15,0,0.0786,323.276,0.063,-0.047,0.065,0.2601,180.0,99.0,10.02,-25.692385625587754,neo3_calibrated_direct,1,-22.3999,-24.6338,-29.8584,44.72251863446423,1,-24.89183919005864,yahboom_calibrated_direct+neo3_cross_align,0,-4565,4851,3331,-0.18936678448974228,0.3984164535871493,0.4411297423173205,-26.264246992670856,neo3_calibrated_direct:gyro_integral,1,-26.264246992670856,nan,277.2235107421875,0.0,-146,236,1970,-0.699106884765625,1.13006318359375,9.433154541015625,9.52628982500136,-101,-40,-233,-6.16455078125,-2.44140625,-14.22119140625,-0.10759170803920122,-0.04261057744126781,-0.248206613595385,-0.248206613595385,1264,907,-15069,6.943359375,4.9822998046875,277.2235107421875,98721.922,305.75,1,1,0,0,2913,259,647,1299,1299,1299,1299,8111,F4line=2913;YAH=5196
DIRECT_SERIAL,251,1789591958633279560,2026-09-16T20:52:38.633280+00:00,-1,2155871091182,1789591958500000000,1789591958,500000000,2175497,1789591958508294,1789591958500000,2,4,0.795508326779116,0.8515822718318912,gnss_local_enu_direct,0.795508326779116,0.8515822718318912,110.4347078,-7.0509123,234.49,0.608,0.988,3,1,15,0,0.0329,19.537,0.031,0.011,0.021,0.239,180.0,99.0,10.01,-26.93069308968677,neo3_calibrated_direct,1,-22.9004,-24.4263,-31.0547,45.66691191595946,1,-26.19752366104508,yahboom_calibrated_direct+neo3_cross_align,0,-4599,4752,3506,-0.1944244364245073,0.3846169906079343,0.4309653013216854,-27.637878438714875,neo3_calibrated_direct:gyro_integral,1,-27.637878438714875,nan,275.833740234375,0.0,-168,210,1992,-0.8044517578125,1.005564697265625,9.5384994140625,9.625033717504847,-58,-9,-238,-3.5400390625,-0.54931640625,-14.5263671875,-0.06178533728983833,-0.009587379924285258,-0.2535329357755435,-0.2535329357755435,1134,894,-15322,6.229248046875,4.910888671875,275.833740234375,98722.531,305.75,1,1,0,0,2931,260,650,1304,1304,1304,1304,8149,F4line=2931;YAH=5216
DIRECT_SERIAL,252,1789591958734154738,2026-09-16T20:52:38.734155+00:00,-1,2155971966337,1789591958600000000,1789591958,600000000,2175596,1789591958608003,1789591958600000,2,4,0.7955083228279509,0.8515822676881564,gnss_local_enu_direct,0.7955083228279509,0.8515822676881564,110.4347078,-7.0509123,234.46,0.609,0.988,3,1,15,0,0.0692,322.633,0.055,-0.042,0.139,0.248,180.0,99.0,10.02,-28.313624806585306,neo3_calibrated_direct,1,-23.3643,-24.0112,-31.543,46.01509631555714,1,-27.12693519229661,yahboom_calibrated_direct+neo3_cross_align,0,-4618,4676,3580,-0.19728724954938864,0.3740359913459656,0.42287726547654697,-29.22207566515694,neo3_calibrated_direct:gyro_integral,1,-29.22207566515694,nan,274.2626953125,0.0,-194,205,2068,-0.928950244140625,0.9816226806640624,9.90241806640625,9.994219089312178,-101,-41,-272,-6.16455078125,-2.50244140625,-16.6015625,-0.10759170803920122,-0.043675841877299504,-0.2897519266006211,-0.2897519266006211,1029,910,-15608,5.6524658203125,4.998779296875,274.2626953125,98721.312,305.75,1,1,0,0,2940,261,652,1309,1309,1309,1309,8178,F4line=2940;YAH=5236
DIRECT_SERIAL,253,1789591958844313022,2026-09-16T20:52:38.844313+00:00,-1,2156082124617,1789591958800000000,1789591958,800000000,2175794,1789591958806320,1789591958800000,2,4,0.7844595922945021,0.8515822611281728,gnss_local_enu_direct,0.7844595922945021,0.8515822611281728,110.4347077,-7.0509123,234.41,0.611,0.988,3,1,15,0,0.1761,300.35,0.089,-0.152,0.012,0.299,97.269,99.0,10.05,-29.62722511639583,neo3_calibrated_direct,1,-23.9014,-23.8037,-32.7637,47.02502624496875,1,-28.595847830463754,yahboom_calibrated_direct+neo3_cross_align,0,-4653,4573,3698,-0.20249557585914743,0.35967963366875233,0.4127637303816986,-30.9288253563813,neo3_calibrated_direct:gyro_integral,1,-30.9288253563813,nan,272.52685546875,0.0,-178,180,2076,-0.852335791015625,0.86191259765625,9.94072529296875,10.014359139601167,-4,-78,-286,-0.244140625,-4.7607421875,-17.4560546875,-0.004261057744126781,-0.08309062601047223,-0.30466562870506486,-0.30466562870506486,948,867,-15924,5.20751953125,4.7625732421875,272.52685546875,98722.531,305.75,1,1,0,0,2958,263,655,1314,1314,1314,1314,8216,F4line=2958;YAH=5256
DIRECT_SERIAL,254,1789591958949022977,2026-09-16T20:52:38.949023+00:00,-1,2156186834556,1789591958900000000,1789591958,900000000,2175895,1789591958907404,1789591958900000,2,4,0.7734108618961967,0.8515822585438599,gnss_local_enu_direct,0.7734108618961967,0.8515822585438599,110.4347076,-7.0509123,234.39,0.612,0.99,3,1,15,0,0.0483,55.981,0.027,0.04,0.136,0.242,180.0,99.0,10.03,-31.390035863370084,neo3_calibrated_direct,1,-24.707,-23.6572,-33.4717,47.85868428749374,1,-29.816147807406672,yahboom_calibrated_direct+neo3_cross_align,0,-4676,4483,3648,-0.20595755800751608,0.3471486208446674,0.40364672754126724,-32.66836959471683,neo3_calibrated_direct:gyro_integral,1,-32.66836959471683,nan,270.7470703125,0.0,-173,205,2060,-0.8283937744140625,0.9816226806640624,9.86411083984375,9.947386691659526,26,-15,-280,1.5869140625,-0.91552734375,-17.08984375,0.02769687533682408,-0.01597896654047543,-0.2982740420888747,-0.2982740420888747,922,831,-16248,5.064697265625,4.5648193359375,270.7470703125,98721.922,305.75,1,1,0,0,2969,264,658,1319,1319,1319,1319,8247,F4line=2969;YAH=5276
DIRECT_SERIAL,255,1789591959049236995,2026-09-16T20:52:39.049237+00:00,-1,2156287048608,1789591959000000000,1789591959,0,2176003,1789591959015367,1789591959000000,2,4,0.7734108594889733,0.8626417658974688,gnss_local_enu_direct,0.7734108594889733,0.8626417658974688,110.4347076,-7.0509122,234.37,0.613,0.991,3,1,15,0,0.0086,35.538,0.007,0.005,0.019,0.233,180.0,99.0,9.91,-33.16436142776115,neo3_calibrated_direct,1,-25.5615,-23.5474,-33.7402,48.43832599347339,1,-31.391858760958623,yahboom_calibrated_direct+neo3_cross_align,0,-4753,4454,3675,-0.21706726241199972,0.34298807866667047,0.40590518414833543,-34.56719989861143,neo3_calibrated_direct:gyro_integral,1,-34.56719989861143,nan,268.8134765625,0.0,-176,153,2002,-0.842758984375,0.7326257080078125,9.586383447265625,9.651203589800968,-41,7,-223,-2.50244140625,0.42724609375,-13.61083984375,-0.043675841877299504,0.007456851052221867,-0.23755396923506805,-0.23755396923506805,895,881,-16600,4.9163818359375,4.8394775390625,268.8134765625,98724.367,305.75,1,1,0,0,2979,265,660,1325,1325,1325,1324,8280,F4line=2979;YAH=5299
DIRECT_SERIAL,256,1789591959149272474,2026-09-16T20:52:39.149273+00:00,-1,2156387084052,1789591959100000000,1789591959,100000000,2176096,1789591959108007,1789591959100000,2,4,0.7734108585712104,0.8626417644167963,gnss_local_enu_direct,0.7734108585712104,0.8626417644167963,110.4347076,-7.0509122,234.36,0.614,0.993,3,1,15,0,0.1005,312.581,0.068,-0.074,0.014,0.288,164.196,99.0,10.04,-34.97010391678874,neo3_calibrated_direct,1,-26.3672,-23.3032,-34.3506,49.175523245208076,1,-32.74264937082602,yahboom_calibrated_direct+neo3_cross_align,0,-4797,4394,3795,-0.22349228327543777,0.3345834952876233,0.4023616731282337,-35.723188774162246,neo3_calibrated_direct:gyro_integral,1,-35.723188774162246,nan,267.626953125,0.0,-170,144,2021,-0.814028564453125,0.689530078125,9.677363110351562,9.73598741792418,-93,-38,-170,-5.67626953125,-2.3193359375,-10.3759765625,-0.09906959255094766,-0.04048004856920442,-0.1810949541253882,-0.1810949541253882,789,873,-16816,4.3341064453125,4.7955322265625,267.626953125,98723.453,305.75,1,1,0,0,2990,266,663,1330,1330,1330,1330,8312,F4line=2990;YAH=5320
DIRECT_SERIAL,257,1789591959261783063,2026-09-16T20:52:39.261783+00:00,-1,2156499594717,1789591959200000000,1789591959,200000000,2176195,1789591959207222,1789591959200000,2,4,0.762362128239053,0.8626417606343438,gnss_local_enu_direct,0.762362128239053,0.8626417606343438,110.4347075,-7.0509122,234.33,0.616,0.995,3,1,15,0,0.056,267.955,-0.002,-0.056,0.136,0.258,180.0,99.0,10.05,-36.197038427464925,neo3_calibrated_direct,1,-26.7822,-22.937,-35.0586,49.72421582890976,1,-33.66263139527698,yahboom_calibrated_direct+neo3_cross_align,0,-4797,4310,3808,-0.22364047928792158,0.32292575563277887,0.39280543227803316,-36.73865038201047,neo3_calibrated_direct:gyro_integral,1,-36.73865038201047,nan,266.5887451171875,0.0,-132,120,2063,-0.63206923828125,0.5746083984375,9.878476049804688,9.915340407676439,-59,-34,-158,-3.60107421875,-2.0751953125,-9.6435546875,-0.06285060172587002,-0.03621899082507764,-0.16831178089300786,-0.16831178089300786,689,850,-17005,3.7847900390625,4.669189453125,266.5887451171875,98723.141,305.75,1,1,0,0,2999,267,665,1335,1335,1335,1335,8341,F4line=2999;YAH=5340
DIRECT_SERIAL,258,1789591959367997220,2026-09-16T20:52:39.367997+00:00,-1,2156605808936,1789591959300000000,1789591959,300000000,2176294,1789591959306253,1789591959300000,2,4,0.7513133997098509,0.8737012690936427,gnss_local_enu_direct,0.7513133997098509,0.8737012690936427,110.4347074,-7.0509121,234.32,0.617,0.998,3,1,14,0,0.0899,317.255,0.066,-0.061,0.031,0.286,180.0,99.0,10.05,-36.84310473928127,neo3_calibrated_direct,1,-27.0508,-22.8149,-36.1572,50.59257410421019,1,-34.098721166832014,yahboom_calibrated_direct+neo3_cross_align,0,-4787,4257,3825,-0.2222978096946625,0.3155879194234703,0.3860207909958726,-37.61402923284102,neo3_calibrated_direct:gyro_integral,1,-37.61402923284102,nan,265.682373046875,0.0,-160,106,2049,-0.7661445312499999,0.507570751953125,9.811438403320311,9.854386284957128,35,-56,-135,2.13623046875,-3.41796875,-8.23974609375,0.03728425526110934,-0.059654808417774936,-0.14381069886427886,-0.14381069886427886,681,801,-17170,3.7408447265625,4.4000244140625,265.682373046875,98722.227,305.75,1,1,0,0,3009,268,668,1340,1340,1340,1340,8371,F4line=3009;YAH=5360
DIRECT_SERIAL,259,1789591959468202072,2026-09-16T20:52:39.468202+00:00,-1,2156706013650,1789591959400000000,1789591959,400000000,2176396,1789591959408676,1789591959400000,2,4,0.7402646736089723,0.8737012679070396,gnss_local_enu_direct,0.7402646736089723,0.8737012679070396,110.4347073,-7.0509121,234.31,0.619,1.002,3,1,14,0,0.062,249.228,-0.022,-0.058,0.061,0.281,180.0,99.0,10.02,-37.4965471581865,neo3_calibrated_direct,1,-27.2705,-22.6196,-36.6699,50.99027397867166,1,-33.95763268834408,yahboom_calibrated_direct+neo3_cross_align,0,-4767,4240,3836,-0.21945545330444133,0.3132638997343907,0.3824852505154365,-38.53411677636166,neo3_calibrated_direct:gyro_integral,1,-38.53411677636166,nan,264.88037109375,0.0,-134,108,2008,-0.6416460449218749,0.51714755859375,9.6151138671875,9.650366103071153,-116,-32,-123,-7.080078125,-1.953125,-7.50732421875,-0.12357067457967666,-0.03408846195301425,-0.1310275256318985,-0.1310275256318985,649,750,-17316,3.5650634765625,4.119873046875,264.88037109375,98722.531,305.75,1,1,0,0,3021,269,671,1346,1346,1345,1345,8405,F4line=3021;YAH=5382
DIRECT_SERIAL,260,1789591959568394031,2026-09-16T20:52:39.568394+00:00,-1,2156806205618,1789591959500000000,1789591959,500000000,2176495,1789591959507547,1789591959500000,2,4,0.7402646714482852,0.8737012651683564,gnss_local_enu_direct,0.7402646714482852,0.8737012651683564,110.4347073,-7.0509121,234.29,0.62,1.005,3,1,14,0,0.0286,216.469,-0.023,-0.017,0.091,0.274,180.0,99.0,10.03,-38.498074671636196,neo3_calibrated_direct,1,-27.5635,-22.2656,-37.1338,51.32662640433326,1,-34.6481379123506,yahboom_calibrated_direct+neo3_cross_align,0,-4754,4163,3857,-0.21772427316297976,0.30260057348128677,0.37278809824825615,-39.54210218138899,neo3_calibrated_direct:gyro_integral,1,-39.54210218138899,nan,263.7762451171875,0.0,-180,121,2090,-0.86191259765625,0.5793968017578125,10.007762939453125,10.061506499137053,70,39,-211,4.2724609375,2.38037109375,-12.87841796875,0.07456851052221868,0.04154531300523612,-0.2247707960026877,-0.2247707960026877,542,831,-17517,2.977294921875,4.5648193359375,263.7762451171875,98721.922,305.75,1,1,0,0,3029,270,673,1351,1351,1351,1351,8435,F4line=3029;YAH=5404
DIRECT_SERIAL,261,1789591959686489997,2026-09-16T20:52:39.686490+00:00,-1,2156924301568,1789591959600000000,1789591959,600000000,2176596,1789591959607814,1789591959600000,2,4,0.7292159444746916,0.8737012638263044,gnss_local_enu_direct,0.7292159444746916,0.8737012638263044,110.4347072,-7.0509121,234.28,0.621,1.008,3,1,14,0,0.0608,25.301,0.055,0.026,-0.007,0.273,180.0,99.0,10.01,-40.26823530621913,neo3_calibrated_direct,1,-28.4424,-22.0947,-36.9385,51.590683927430156,1,-35.913157210636236,yahboom_calibrated_direct+neo3_cross_align,0,-4813,4142,3872,-0.22623475006518254,0.29958204851118825,0.3754085320383856,-40.3506345225162,neo3_calibrated_direct:gyro_integral,1,-40.3506345225162,nan,262.935791015625,0.0,-154,132,2102,-0.737414111328125,0.63206923828125,10.065223779296874,10.111974130746702,11,61,-106,0.67138671875,3.72314453125,-6.4697265625,0.011717908796348648,0.06498113059793341,-0.1129180302193597,-0.1129180302193597,559,876,-17670,3.0706787109375,4.81201171875,262.935791015625,98722.531,305.75,1,1,0,0,3049,271,676,1356,1356,1356,1356,8475,F4line=3049;YAH=5424
DIRECT_SERIAL,262,1789591959787148023,2026-09-16T20:52:39.787148+00:00,-1,2157024959594,1789591959700000000,1789591959,700000000,2176696,1789591959708065,1789591959700000,2,4,0.7292159431205714,0.8737012625567447,gnss_local_enu_direct,0.7292159431205714,0.8737012625567447,110.4347072,-7.0509121,234.27,0.622,1.013,3,1,14,0,0.0372,149.3,-0.032,0.019,0.056,0.3,180.0,99.0,10.01,-41.721010037631494,neo3_calibrated_direct,1,-29.0771,-21.8262,-37.1338,51.96902782706253,1,-37.128282619325375,yahboom_calibrated_direct+neo3_cross_align,0,-4867,4117,3815,-0.23403419681026902,0.29601721427255445,0.377356855539039,-41.2527627183153,neo3_calibrated_direct:gyro_integral,1,-41.2527627183153,nan,262.0404052734375,0.0,-225,105,2053,-1.0773907470703123,0.5027823486328125,9.830592016601562,9.90222703783547,-17,-27,-133,-1.03759765625,-1.64794921875,-8.11767578125,-0.01810949541253882,-0.02876213977285577,-0.14168016999221547,-0.14168016999221547,542,883,-17833,2.977294921875,4.8504638671875,262.0404052734375,98722.227,305.75,1,1,0,0,3062,272,679,1361,1361,1361,1361,8508,F4line=3062;YAH=5444
DIRECT_SERIAL,263,1789591959888268834,2026-09-16T20:52:39.888269+00:00,-1,2157126080430,1789591959800000000,1789591959,800000000,2176796,1789591959808207,1789591959800000,2,4,0.7292159418776469,0.8737012611831991,gnss_local_enu_direct,0.7292159418776469,0.8737012611831991,110.4347072,-7.0509121,234.26,0.624,1.018,3,1,14,0,0.016,273.576,0.001,-0.016,-0.015,0.288,180.0,99.0,10.01,-43.09408289077851,neo3_calibrated_direct,1,-29.5654,-21.4355,-36.8408,51.87328871442411,1,-38.39921006237017,yahboom_calibrated_direct+neo3_cross_align,0,-4914,4078,3864,-0.24085302093664113,0.2905217730924869,0.3773765736437657,-42.801741571771785,neo3_calibrated_direct:gyro_integral,1,-42.801741571771785,nan,260.5133056640625,0.0,-131,104,2021,-0.6272808349609375,0.49799394531249996,9.677363110351562,9.710449834331593,7,-11,-212,0.42724609375,-0.67138671875,-12.939453125,0.007456851052221867,-0.011717908796348648,-0.2258360604387194,-0.2258360604387194,512,876,-18111,2.8125,4.81201171875,260.5133056640625,98720.703,305.75,1,1,0,0,3071,273,681,1367,1367,1367,1367,8541,F4line=3071;YAH=5468
DIRECT_SERIAL,264,1789591960006656158,2026-09-16T20:52:40.006656+00:00,-1,2157244467767,1789591959900000000,1789591959,900000000,2176897,1789591959908333,1789591959900000,2,4,0.7292159418776469,0.8737012611831991,gnss_local_enu_direct,0.7292159418776469,0.8737012611831991,110.4347072,-7.0509121,234.26,0.626,1.023,3,1,14,0,0.0095,108.435,-0.003,0.009,0.026,0.301,180.0,99.0,9.99,-44.68743723257697,neo3_calibrated_direct,1,-30.2979,-21.1548,-37.0117,52.30061418702461,1,-39.82195830184749,yahboom_calibrated_direct+neo3_cross_align,0,-4963,4030,3852,-0.24797495805124456,0.283773759901484,0.3768542511756257,-43.7944056116265,neo3_calibrated_direct:gyro_integral,1,-43.7944056116265,nan,259.4696044921875,0.0,-198,80,2027,-0.948103857421875,0.38307226562499996,9.706093530273437,9.759810290347101,11,25,-126,0.67138671875,1.52587890625,-7.6904296875,0.011717908796348648,0.02663161090079238,-0.13422331893999362,-0.13422331893999362,507,898,-18301,2.7850341796875,4.932861328125,259.4696044921875,98723.758,305.75,1,1,0,0,3082,274,684,1372,1372,1372,1372,8572,F4line=3082;YAH=5488
DIRECT_SERIAL,265,1789591960107317375,2026-09-16T20:52:40.107317+00:00,-1,2157345128951,1789591960000000000,1789591960,0,2177003,1789591960015025,1789591960000000,2,4,0.7181672128334616,0.8737012598684459,gnss_local_enu_direct,0.7181672128334616,0.8737012598684459,110.4347071,-7.0509121,234.25,0.627,1.028,3,1,14,0,0.0114,254.745,-0.003,-0.011,0.066,0.29,180.0,99.0,9.91,-45.59904696021834,neo3_calibrated_direct,1,-30.6885,-20.9229,-36.9873,52.41767009272732,1,-40.546380745365134,yahboom_calibrated_direct+neo3_cross_align,0,-5010,4031,3863,-0.2547232126478625,0.2838296233189615,0.3813701222369573,-44.13266330651266,neo3_calibrated_direct:gyro_integral,1,-44.13266330651266,nan,259.07958984375,0.0,-171,117,2051,-0.8188169677734375,0.5602431884765625,9.821015209960937,9.871001641739918,-8,12,-2,-0.48828125,0.732421875,-0.1220703125,-0.008522115488253563,0.012783173232380343,-0.0021305288720633907,-0.0021305288720633907,509,909,-18372,2.7960205078125,4.9932861328125,259.07958984375,98722.531,305.75,1,1,0,0,3095,275,687,1378,1378,1378,1378,8609,F4line=3095;YAH=5512
DIRECT_SERIAL,266,1789591960221876998,2026-09-16T20:52:40.221877+00:00,-1,2157459688598,1789591960100000000,1789591960,100000000,2177096,1789591960108547,1789591960100000,2,4,0.7071184847281395,0.8737012573954673,gnss_local_enu_direct,0.7071184847281395,0.8737012573954673,110.434707,-7.0509121,234.23,0.628,1.033,3,1,15,0,0.11,268.438,-0.003,-0.11,0.018,0.287,149.46,99.0,10.03,-45.359395362388646,neo3_calibrated_direct,1,-30.6641,-21.0693,-37.0605,52.513646717305775,1,-40.63512363005098,yahboom_calibrated_direct+neo3_cross_align,0,-5007,4021,3879,-0.2543100027642461,0.2824470898843068,0.3800656997021232,-44.09851116979392,neo3_calibrated_direct:gyro_integral,1,-44.09851116979392,nan,259.112548828125,0.0,-181,85,2043,-0.8667010009765624,0.4070142822265625,9.782707983398437,9.829456075464078,-8,9,0,-0.48828125,0.54931640625,0.0,-0.008522115488253563,0.009587379924285258,0.0,0.0,507,916,-18366,2.7850341796875,5.03173828125,259.112548828125,98721.617,305.75,1,1,0,0,3103,276,689,1383,1383,1383,1383,8637,F4line=3103;YAH=5532
DIRECT_SERIAL,267,1789591960326022517,2026-09-16T20:52:40.326022+00:00,-1,2157563834114,1789591960200000000,1789591960,200000000,2177195,1789591960207622,1789591960200000,2,4,0.6960697577545459,0.8737012561689503,gnss_local_enu_direct,0.6960697577545459,0.8737012561689503,110.4347069,-7.0509121,234.22,0.629,1.038,3,1,15,0,0.0694,143.791,-0.056,0.041,0.037,0.311,180.0,99.0,10.04,-45.754736733203984,neo3_calibrated_direct,1,-30.7373,-20.8618,-36.9141,52.370288230446086,1,-40.568288593529545,yahboom_calibrated_direct+neo3_cross_align,0,-4994,4011,3856,-0.2524606186604463,0.2810821988320906,0.3778141957029913,-44.07533212737468,neo3_calibrated_direct:gyro_integral,1,-44.07533212737468,nan,259.134521484375,0.0,-175,88,2007,-0.8379705810546875,0.4213794921875,9.610325463867188,9.655988343644756,2,4,11,0.1220703125,0.244140625,0.67138671875,0.0021305288720633907,0.004261057744126781,0.011717908796348648,0.011717908796348648,505,918,-18362,2.7740478515625,5.042724609375,259.134521484375,98721.922,305.75,1,1,0,0,3114,277,692,1388,1388,1388,1388,8668,F4line=3114;YAH=5552
DIRECT_SERIAL,268,1789591960426181986,2026-09-16T20:52:40.426182+00:00,-1,2157663993643,1789591960300000000,1789591960,300000000,2177296,1789591960307662,1789591960300000,2,4,0.6960697554040374,0.8626417437801579,gnss_local_enu_direct,0.6960697554040374,0.8626417437801579,110.4347069,-7.0509122,234.2,0.63,1.043,3,1,15,0,0.0316,190.954,-0.031,-0.006,0.083,0.307,180.0,99.0,10.02,-45.02858407535961,neo3_calibrated_direct,1,-30.4932,-21.1304,-36.8896,52.317985803736754,1,-40.332651580323905,yahboom_calibrated_direct+neo3_cross_align,0,-4998,4033,3808,-0.2529962751071548,0.28412835940776504,0.3804419007389213,-43.75242013860606,neo3_calibrated_direct:gyro_integral,1,-43.75242013860606,nan,259.354248046875,0.0,-155,95,2032,-0.7422025146484375,0.45489831542968745,9.730035546875,9.76889905739548,0,3,71,0.0,0.18310546875,4.33349609375,0.0,0.0031957933080950856,0.07563377495825037,0.07563377495825037,508,922,-18322,2.79052734375,5.064697265625,259.354248046875,98723.758,305.75,1,1,0,0,3125,278,695,1394,1394,1393,1393,8701,F4line=3125;YAH=5574
DIRECT_SERIAL,269,1789591960526309923,2026-09-16T20:52:40.526310+00:00,-1,2157764121512,1789591960400000000,1789591960,400000000,2177397,1789591960409028,1789591960400000,2,4,0.6960697555938589,0.8737012534302672,gnss_local_enu_direct,0.6960697555938589,0.8737012534302672,110.4347069,-7.0509121,234.2,0.631,1.048,3,1,15,0,0.0086,215.538,-0.007,-0.005,0.063,0.299,180.0,99.0,10.0,-44.85270679013053,neo3_calibrated_direct,1,-30.2979,-21.0449,-36.8164,52.11811459924467,1,-40.10472368635558,yahboom_calibrated_direct+neo3_cross_align,0,-5004,4057,3800,-0.25381563792141226,0.2874485567368289,0.38346975216246115,-43.17849831078383,neo3_calibrated_direct:gyro_integral,1,-43.17849831078383,nan,259.9969482421875,0.0,-201,141,2056,-0.9624690673828125,0.6751648681640625,9.8449572265625,9.91490681235668,-12,5,98,-0.732421875,0.30517578125,5.9814453125,-0.012783173232380343,0.005326322180158476,0.10439591473110614,0.10439591473110614,515,918,-18205,2.8289794921875,5.042724609375,259.9969482421875,98721.312,305.75,1,1,0,0,3135,279,697,1399,1399,1399,1399,8733,F4line=3135;YAH=5596
DIRECT_SERIAL,270,1789591960633057468,2026-09-16T20:52:40.633058+00:00,-1,2157870869092,1789591960500000000,1789591960,500000000,2177496,1789591960507980,1789591960500000,2,4,0.685021027266145,0.8737012508186555,gnss_local_enu_direct,0.685021027266145,0.8737012508186555,110.4347068,-7.0509121,234.18,0.632,1.051,3,1,15,0,0.0332,96.911,-0.004,0.033,0.049,0.281,180.0,99.0,10.02,-43.547938235196284,neo3_calibrated_direct,1,-29.834,-21.4233,-37.085,52.19504348010451,1,-39.56371074099629,yahboom_calibrated_direct+neo3_cross_align,0,-4972,4060,3844,-0.24921458770209395,0.2879213602054481,0.3807973481867752,-42.59151507378462,neo3_calibrated_direct:gyro_integral,1,-42.59151507378462,nan,260.595703125,0.0,-191,79,2046,-0.9145850341796874,0.37828386230468747,9.797073193359374,9.846938997539613,-8,-2,89,-0.48828125,-0.1220703125,5.43212890625,-0.008522115488253563,-0.0021305288720633907,0.09480853480682087,0.09480853480682087,515,912,-18096,2.8289794921875,5.009765625,260.595703125,98722.836,305.75,1,1,0,0,3152,280,700,1404,1404,1404,1404,8770,F4line=3152;YAH=5616
DIRECT_SERIAL,271,1789591960733136490,2026-09-16T20:52:40.733136+00:00,-1,2157970948053,1789591960700000000,1789591960,700000000,2177694,1789591960706194,1789591960700000,2,4,0.6850210263483821,0.8737012493379828,gnss_local_enu_direct,0.6850210263483821,0.8737012493379828,110.4347068,-7.0509121,234.17,0.633,1.054,3,1,15,0,0.0117,70.017,0.004,0.011,0.019,0.275,180.0,99.0,10.0,-43.17755679675513,neo3_calibrated_direct,1,-29.6387,-21.46,-37.1582,52.150896108600094,1,-39.063967952636794,yahboom_calibrated_direct+neo3_cross_align,0,-4948,4069,3804,-0.24575189142945922,0.2892127454577482,0.3795233909476002,-42.23499422655628,neo3_calibrated_direct:gyro_integral,1,-42.23499422655628,nan,260.9637451171875,0.0,-162,88,2030,-0.7757213378906249,0.4213794921875,9.720458740234374,9.760462201714315,-7,1,56,-0.42724609375,0.06103515625,3.41796875,-0.007456851052221867,0.0010652644360316954,0.059654808417774936,0.059654808417774936,513,909,-18029,2.8179931640625,4.9932861328125,260.9637451171875,98722.836,305.75,1,1,0,0,3164,281,702,1409,1409,1409,1409,8802,F4line=3164;YAH=5636
DIRECT_SERIAL,272,1789591960833556370,2026-09-16T20:52:40.833556+00:00,-1,2158071368053,1789591960700000000,1789591960,700000000,2177694,1789591960706194,1789591960700000,2,4,0.6739722972141015,0.8737012453727826,gnss_local_enu_direct,0.6739722972141015,0.8737012453727826,110.4347067,-7.0509121,234.14,0.633,1.057,3,1,15,0,0.0314,337.521,0.029,-0.012,-0.002,0.258,180.0,99.0,10.05,-42.581718459412215,neo3_calibrated_direct,1,-29.3945,-21.5942,-37.085,52.015798839294966,1,-38.78302989997852,yahboom_calibrated_direct+neo3_cross_align,0,-4937,4077,3837,-0.24415798588130672,0.2903424129979396,0.37935713892726797,-41.91888540459606,neo3_calibrated_direct:gyro_integral,1,-41.91888540459606,nan,261.2933349609375,0.0,-204,98,2054,-0.97683427734375,0.469263525390625,9.835380419921874,9.894903812884605,-4,-14,32,-0.244140625,-0.8544921875,1.953125,-0.004261057744126781,-0.014913702104443734,0.03408846195301425,0.03408846195301425,512,898,-17969,2.8125,4.932861328125,261.2933349609375,98723.453,305.75,1,1,0,0,3176,282,705,1414,1414,1414,1414,8834,F4line=3176;YAH=5656
DIRECT_SERIAL,273,1789591960934065646,2026-09-16T20:52:40.934066+00:00,-1,2158171877369,1789591960800000000,1789591960,800000000,2177796,1789591960808586,1789591960800000,2,4,0.6629235663669608,0.862641731931813,gnss_local_enu_direct,0.6629235663669608,0.862641731931813,110.4347066,-7.0509122,234.11,0.633,1.06,3,1,15,0,0.0546,98.427,-0.008,0.054,0.05,0.279,180.0,99.0,10.01,-42.33499241201333,neo3_calibrated_direct,1,-29.2236,-21.5698,-37.085,51.90926982726688,1,-38.5501345031523,yahboom_calibrated_direct+neo3_cross_align,0,-4929,4085,3808,-0.24299493259920918,0.29146678782339946,0.37947256247716354,-41.89608436351935,neo3_calibrated_direct:gyro_integral,1,-41.89608436351935,nan,261.3262939453125,0.0,-164,96,2029,-0.7852981445312499,0.45968671875,9.715670336914062,9.758189132763885,-1,-2,0,-0.06103515625,-0.1220703125,0.0,-0.0010652644360316954,-0.0021305288720633907,0.0,0.0,510,891,-17963,2.801513671875,4.8944091796875,261.3262939453125,98724.672,305.75,1,1,0,0,3185,283,707,1419,1419,1419,1419,8863,F4line=3185;YAH=5676
DIRECT_SERIAL,274,1789591961040559102,2026-09-16T20:52:41.040559+00:00,-1,2158278370744,1789591960900000000,1789591960,900000000,2177897,1789591960908714,1789591960900000,2,4,0.6518748389781104,0.8626417280464408,gnss_local_enu_direct,0.6518748389781104,0.8626417280464408,110.4347065,-7.0509122,234.08,0.634,1.063,3,1,15,0,0.013,292.62,0.005,-0.012,-0.01,0.283,180.0,99.0,9.99,-42.1828929863917,neo3_calibrated_direct,1,-29.1748,-21.6187,-37.0361,51.8672328926462,1,-38.623277808598566,yahboom_calibrated_direct+neo3_cross_align,0,-4923,4072,3795,-0.24215616316426927,0.2896731992586605,0.37755816734271264,-41.83259365441288,neo3_calibrated_direct:gyro_integral,1,-41.83259365441288,nan,261.38671875,0.0,-199,91,2033,-0.9528922607421875,0.43574470214843747,9.734823950195311,9.791050732548015,-4,-14,13,-0.244140625,-0.8544921875,0.79345703125,-0.004261057744126781,-0.014913702104443734,0.01384843766841204,0.01384843766841204,506,898,-17952,2.779541015625,4.932861328125,261.38671875,98723.758,305.75,1,1,0,0,3196,284,710,1424,1424,1424,1424,8894,F4line=3196;YAH=5696
DIRECT_SERIAL,275,1789591961144267531,2026-09-16T20:52:41.144268+00:00,-1,2158382079158,1789591961100000000,1789591961,100000000,2178096,1789591961107832,1789591961100000,2,4,0.6297773797582084,0.851582210899706,gnss_local_enu_direct,0.6297773797582084,0.851582210899706,110.4347063,-7.0509123,234.02,0.635,1.069,3,1,15,0,0.0294,107.819,-0.009,0.028,0.106,0.277,180.0,99.0,10.07,-41.71608786350698,neo3_calibrated_direct,1,-28.9062,-21.6309,-37.3535,51.949477336158054,1,-38.22370225014748,yahboom_calibrated_direct+neo3_cross_align,0,-4908,4084,3804,-0.23998073097506797,0.2913650542115818,0.37747098703747545,-41.837465660882614,neo3_calibrated_direct:gyro_integral,1,-41.837465660882614,nan,261.3592529296875,0.0,-164,88,2066,-0.7852981445312499,0.4213794921875,9.892841259765625,9.932903001799701,6,11,1,0.3662109375,0.67138671875,0.06103515625,0.006391586616190171,0.011717908796348648,0.0010652644360316954,0.0010652644360316954,503,807,-17957,2.7630615234375,4.4329833984375,261.3592529296875,98722.836,305.75,1,1,0,0,3210,286,712,1429,1429,1429,1429,8928,F4line=3210;YAH=5716
DIRECT_SERIAL,276,1789591961244275155,2026-09-16T20:52:41.244275+00:00,-1,2158482086744,1789591961200000000,1789591961,200000000,2178195,1789591961207085,1789591961200000,2,4,0.6187286507801713,0.8515822083868132,gnss_local_enu_direct,0.6187286507801713,0.8515822083868132,110.4347062,-7.0509123,234.0,0.636,1.071,3,1,15,0,0.0679,283.627,0.016,-0.066,0.018,0.263,180.0,99.0,10.08,-41.57507609672757,neo3_calibrated_direct,1,-28.833,-21.6431,-37.1582,51.77352116526362,1,-37.94091030080058,yahboom_calibrated_direct+neo3_cross_align,0,-4897,4092,3818,-0.23838682542691544,0.2924947217517732,0.37733465357659624,-41.84234961779179,neo3_calibrated_direct:gyro_integral,1,-41.84234961779179,nan,261.36474609375,0.0,-165,113,2078,-0.7900865478515624,0.5410895751953124,9.950302099609374,9.99627563420356,-2,21,-1,-0.1220703125,1.28173828125,-0.06103515625,-0.0021305288720633907,0.022370553156665602,-0.0010652644360316954,-0.0010652644360316954,504,848,-17956,2.7685546875,4.658203125,261.36474609375,98723.453,305.75,1,1,0,0,3221,287,715,1434,1434,1434,1434,8959,F4line=3221;YAH=5736
DIRECT_SERIAL,277,1789591961345226653,2026-09-16T20:52:41.345227+00:00,-1,2158583038226,1789591961300000000,1789591961,300000000,2178298,1789591961310513,1789591961300000,2,4,0.5966311958576965,0.8405226927533229,gnss_local_enu_direct,0.5966311958576965,0.8405226927533229,110.434706,-7.0509124,233.95,0.636,1.074,3,1,15,0,0.0426,80.538,0.007,0.042,0.038,0.269,180.0,99.0,10.02,-41.85145501207275,neo3_calibrated_direct,1,-28.9551,-21.5942,-37.3047,51.92637029236686,1,-38.29879521949398,yahboom_calibrated_direct+neo3_cross_align,0,-4903,4072,3749,-0.23928381472390256,0.28970848402353755,0.3757495837709461,-41.86401048253781,neo3_calibrated_direct:gyro_integral,1,-41.86401048253781,nan,261.3702392578125,0.0,-164,97,2014,-0.7852981445312499,0.4644751220703125,9.643844287109374,9.686906779196265,-3,148,-6,-0.18310546875,9.033203125,-0.3662109375,-0.0031957933080950856,0.1576591365326909,-0.006391586616190171,-0.006391586616190171,500,928,-17955,2.74658203125,5.09765625,261.3702392578125,98719.789,305.75,1,1,0,0,3230,288,717,1440,1440,1440,1440,8992,F4line=3230;YAH=5760
DIRECT_SERIAL,278,1789591961463552041,2026-09-16T20:52:41.463552+00:00,-1,2158701363625,1789591961400000000,1789591961,400000000,2178396,1789591961408350,1789591961400000,2,4,0.585582467204821,0.8405226902488382,gnss_local_enu_direct,0.585582467204821,0.8405226902488382,110.4347059,-7.0509124,233.93,0.636,1.076,3,1,15,0,0.0561,184.086,-0.056,-0.004,0.007,0.283,180.0,99.0,10.05,-42.88465310176403,neo3_calibrated_direct,1,-29.4922,-21.4966,-36.792,51.82224364498318,1,-39.07234203725373,yahboom_calibrated_direct+neo3_cross_align,0,-4951,4072,3734,-0.24617745098078267,0.2896238005878325,0.38011219822354586,-41.89086445672008,neo3_calibrated_direct:gyro_integral,1,-41.89086445672008,nan,261.397705078125,0.0,-210,102,2014,-1.005564697265625,0.488417138671875,9.643844287109374,9.708421308109132,5,235,-4,0.30517578125,14.34326171875,-0.244140625,0.005326322180158476,0.25033714246744837,-0.004261057744126781,-0.004261057744126781,501,1127,-17950,2.7520751953125,6.1907958984375,261.397705078125,98726.805,305.75,1,1,0,0,3241,289,720,1445,1445,1445,1445,9023,F4line=3241;YAH=5780
DIRECT_SERIAL,279,1789591961564281084,2026-09-16T20:52:41.564281+00:00,-1,2158802092698,1789591961500000000,1789591961,500000000,2178497,1789591961508462,1789591961500000,2,4,0.5745337378356713,0.8294631758859798,gnss_local_enu_direct,0.5745337378356713,0.8294631758859798,110.4347058,-7.0509125,233.89,0.637,1.079,3,1,15,0,0.0428,100.784,-0.008,0.042,0.03,0.272,180.0,99.0,10.03,-44.075781036820416,neo3_calibrated_direct,1,-30.0049,-21.2524,-35.9131,51.39756104505349,1,-39.99484730940724,yahboom_calibrated_direct+neo3_cross_align,0,-5014,4077,3746,-0.25521652737671857,0.2902065666531628,0.3864651694200241,-41.900648069390876,neo3_calibrated_direct:gyro_integral,1,-41.900648069390876,nan,261.4031982421875,0.0,-213,98,2050,-1.0199299072265624,0.469263525390625,9.816226806640625,9.880221353356777,-5,-33,-2,-0.30517578125,-2.01416015625,-0.1220703125,-0.005326322180158476,-0.035153726389045944,-0.0021305288720633907,-0.0021305288720633907,501,1180,-17949,2.7520751953125,6.48193359375,261.4031982421875,98724.062,305.75,1,1,0,0,3252,290,723,1451,1451,1451,1451,9058,F4line=3252;YAH=5804
DIRECT_SERIAL,280,1789591961667526516,2026-09-16T20:52:41.667526+00:00,-1,2158905338172,1789591961600000000,1789591961,600000000,2178596,1789591961608560,1789591961600000,2,4,0.552436281670272,0.8184036594566185,gnss_local_enu_direct,0.552436281670272,0.8184036594566185,110.4347056,-7.0509126,233.83,0.637,1.081,3,1,15,0,0.0424,340.71,0.04,-0.014,0.027,0.225,180.0,99.0,10.04,-43.72295369967388,neo3_calibrated_direct,1,-29.9316,-21.4111,-36.2549,51.65998118253626,1,-39.88186626946583,yahboom_calibrated_direct+neo3_cross_align,0,-5005,4075,3729,-0.25392749905504125,0.2899448795674802,0.3854182247426146,-41.90554152904664,neo3_calibrated_direct:gyro_integral,1,-41.90554152904664,nan,261.4031982421875,0.0,-243,103,2050,-1.1635820068359375,0.49320554199218747,9.816226806640625,9.897246259070963,4,24,0,0.244140625,1.46484375,0.0,0.004261057744126781,0.025566346464760685,0.0,0.0,501,1206,-17949,2.7520751953125,6.624755859375,261.4031982421875,98721.922,305.75,1,1,0,0,3268,291,725,1456,1456,1456,1456,9094,F4line=3268;YAH=5824
DIRECT_SERIAL,281,1789591961782885862,2026-09-16T20:52:41.782886+00:00,-1,2159020698274,1789591961700000000,1789591961,700000000,2178694,1789591961706402,1789591961700000,2,4,0.5413875545404349,0.8184036568933287,gnss_local_enu_direct,0.5413875545404349,0.8184036568933287,110.4347055,-7.0509126,233.81,0.637,1.083,3,1,15,0,0.012,41.634,0.009,0.008,0.022,0.266,180.0,99.0,10.06,-44.03670135104246,neo3_calibrated_direct,1,-29.9805,-21.2524,-35.9375,51.4003773552296,1,-39.75394607997602,yahboom_calibrated_direct+neo3_cross_align,0,-5001,4080,3733,-0.2533442081757486,0.2906458495951488,0.3855623136447374,-41.90797603673708,neo3_calibrated_direct:gyro_integral,1,-41.90797603673708,nan,261.4031982421875,0.0,-241,98,2028,-1.1540052001953125,0.469263525390625,9.710881933593749,9.790462919930667,0,-1,0,0.0,-0.06103515625,0.0,0.0,-0.0010652644360316954,0.0,0.0,499,1199,-17949,2.7410888671875,6.5863037109375,261.4031982421875,98721.008,305.75,1,1,0,0,3281,292,728,1461,1461,1461,1461,9127,F4line=3281;YAH=5844
DIRECT_SERIAL,282,1789591961883280063,2026-09-16T20:52:41.883280+00:00,-1,2159121091640,1789591961800000000,1789591961,800000000,2178795,1789591961807676,1789591961800000,2,4,0.5413875520095384,0.818403653052084,gnss_local_enu_direct,0.5413875520095384,0.818403653052084,110.4347055,-7.0509126,233.78,0.638,1.085,3,1,15,0,0.0732,86.082,0.005,0.073,0.041,0.304,180.0,99.0,10.04,-44.078339790772915,neo3_calibrated_direct,1,-30.0293,-21.2769,-36.1084,51.558528709225214,1,-40.11377053491857,yahboom_calibrated_direct+neo3_cross_align,0,-5020,4075,3739,-0.25608176038531627,0.2899184159938224,0.38682109034333895,-41.90919088952029,neo3_calibrated_direct:gyro_integral,1,-41.90919088952029,nan,261.4031982421875,0.0,-242,93,2032,-1.158793603515625,0.44532150878906246,9.730035546875,9.808909501325312,4,26,0,0.244140625,1.5869140625,0.0,0.004261057744126781,0.02769687533682408,0.0,0.0,500,1217,-17949,2.74658203125,6.6851806640625,261.4031982421875,98721.617,305.75,1,1,0,0,3293,293,731,1467,1467,1467,1467,9163,F4line=3293;YAH=5868
DIRECT_SERIAL,283,1789591961983356918,2026-09-16T20:52:41.983357+00:00,-1,2159221168547,1789591961900000000,1789591961,900000000,2178896,1789591961907793,1789591961900000,2,4,0.5303388228752577,0.8184036493179536,gnss_local_enu_direct,0.5303388228752577,0.8184036493179536,110.4347054,-7.0509126,233.75,0.638,1.087,3,1,15,0,0.028,235.176,-0.016,-0.023,0.0,0.315,180.0,99.0,10.02,-44.21092960176458,neo3_calibrated_direct,1,-30.0781,-21.2402,-35.8887,51.418255350993775,1,-40.168788275231215,yahboom_calibrated_direct+neo3_cross_align,0,-5021,4072,3779,-0.25623067052206616,0.2895003039107627,0.38660649565237726,-41.90919088952029,neo3_calibrated_direct:gyro_integral,1,-41.90919088952029,nan,261.4141845703125,0.0,-256,100,2043,-1.22583125,0.47884033203125,9.782707983398437,9.870832072601775,-2,-16,0,-0.1220703125,-0.9765625,0.0,-0.0021305288720633907,-0.017044230976507126,0.0,0.0,506,1254,-17947,2.779541015625,6.888427734375,261.4141845703125,98721.922,305.75,1,1,0,0,3302,294,733,1472,1472,1472,1472,9192,F4line=3302;YAH=5888
DIRECT_SERIAL,284,1789591962086411051,2026-09-16T20:52:42.086411+00:00,-1,2159324222605,1789591962000000000,1789591962,0,2179003,1789591962015748,1789591962000000,2,4,0.5082413677965393,0.8073441330409002,gnss_local_enu_direct,0.5082413677965393,0.8073441330409002,110.4347052,-7.0509127,233.69,0.638,1.088,3,1,15,0,0.0622,156.318,-0.057,0.025,0.042,0.251,180.0,99.0,9.92,-43.99334665246933,neo3_calibrated_direct,1,-30.0781,-21.3867,-35.791,51.41088131417317,1,-40.118085226007935,yahboom_calibrated_direct+neo3_cross_align,0,-5010,4063,3788,-0.25466675702405916,0.2882706669969975,0.38464936576581665,-41.90919088952029,neo3_calibrated_direct:gyro_integral,1,-41.90919088952029,nan,261.4141845703125,0.0,-258,98,2052,-1.235408056640625,0.469263525390625,9.82580361328125,9.914275463665788,3,24,0,0.18310546875,1.46484375,0.0,0.0031957933080950856,0.025566346464760685,0.0,0.0,505,1254,-17947,2.7740478515625,6.888427734375,261.4141845703125,98721.617,305.75,1,1,0,0,3316,295,736,1477,1477,1477,1477,9226,F4line=3316;YAH=5908
DIRECT_SERIAL,285,1789591962186424613,2026-09-16T20:52:42.186424+00:00,-1,2159424236213,1789591962100000000,1789591962,100000000,2179097,1789591962109169,1789591962100000,2,4,0.5082413651544468,0.8073441293036412,gnss_local_enu_direct,0.5082413651544468,0.8073441293036412,110.4347052,-7.0509127,233.66,0.639,1.09,3,1,15,0,0.0668,38.928,0.052,0.042,0.011,0.304,180.0,99.0,10.03,-44.41878300332804,neo3_calibrated_direct,1,-30.1514,-21.1792,-35.6689,51.28290028664526,1,-39.990297979033,yahboom_calibrated_direct+neo3_cross_align,0,-5012,4075,3757,-0.2549328210091696,0.28993252989977325,0.3860720335918884,-41.90919088952029,neo3_calibrated_direct:gyro_integral,1,-41.90919088952029,nan,261.4141845703125,0.0,-249,99,2044,-1.1923124267578125,0.4740519287109375,9.787496386718749,9.871242053265041,5,39,0,0.30517578125,2.38037109375,0.0,0.005326322180158476,0.04154531300523612,0.0,0.0,504,1250,-17947,2.7685546875,6.866455078125,261.4141845703125,98724.672,305.75,1,1,0,0,3324,296,738,1482,1482,1482,1482,9254,F4line=3324;YAH=5928
DIRECT_SERIAL,286,1789591962301702573,2026-09-16T20:52:42.301703+00:00,-1,2159539514343,1789591962200000000,1789591962,200000000,2179195,1789591962207115,1789591962200000,2,4,0.49719263765440036,0.807344125522255,gnss_local_enu_direct,0.49719263765440036,0.807344125522255,110.4347051,-7.0509127,233.63,0.639,1.093,3,1,15,0,0.0206,209.055,-0.018,-0.01,-0.005,0.295,180.0,99.0,10.05,-44.02394088685689,neo3_calibrated_direct,1,-30.0293,-21.3135,-35.9619,51.471180211357115,1,-40.17750282579198,yahboom_calibrated_direct+neo3_cross_align,0,-5025,4076,3743,-0.2567980832571641,0.2900483774175418,0.3873929746486146,-41.90919088952029,neo3_calibrated_direct:gyro_integral,1,-41.90919088952029,nan,261.40869140625,0.0,-245,98,2027,-1.1731588134765625,0.469263525390625,9.706093530273437,9.787990676145725,5,31,0,0.30517578125,1.89208984375,0.0,0.005326322180158476,0.03302319751698255,0.0,0.0,502,1245,-17948,2.757568359375,6.8389892578125,261.40869140625,98721.312,305.75,1,1,0,0,3335,297,741,1487,1487,1487,1487,9285,F4line=3335;YAH=5948
DIRECT_SERIAL,287,1789591962402278254,2026-09-16T20:52:42.402278+00:00,-1,2159640089846,1789591962300000000,1789591962,300000000,2179296,1789591962308389,1789591962300000,2,4,0.47509518360464076,0.7962846107374232,gnss_local_enu_direct,0.47509518360464076,0.7962846107374232,110.4347049,-7.0509128,233.58,0.64,1.096,3,1,15,0,0.019,266.987,-0.001,-0.019,0.022,0.3,180.0,99.0,10.03,-44.14073360502048,neo3_calibrated_direct,1,-30.1025,-21.3135,-36.0107,51.5479999902033,1,-39.96050322890102,yahboom_calibrated_direct+neo3_cross_align,0,-5022,4089,3755,-0.256344295893939,0.2918578441264755,0.38844999577231737,-41.90919088952029,neo3_calibrated_direct:gyro_integral,1,-41.90919088952029,nan,261.40869140625,0.0,-247,95,2033,-1.1827356201171875,0.45489831542968745,9.734823950195311,9.81695438340074,3,30,0,0.18310546875,1.8310546875,0.0,0.0031957933080950856,0.03195793308095086,0.0,0.0,503,1249,-17948,2.7630615234375,6.8609619140625,261.40869140625,98722.836,305.75,1,1,0,0,3346,298,744,1493,1493,1493,1493,9320,F4line=3346;YAH=5972
DIRECT_SERIAL,288,1789591962502315439,2026-09-16T20:52:42.502316+00:00,-1,2159740127026,1789591962400000000,1789591962,400000000,2179397,1789591962408330,1789591962400000,2,4,0.46404645654095183,0.7962846072070636,gnss_local_enu_direct,0.46404645654095183,0.7962846072070636,110.4347048,-7.0509128,233.55,0.641,1.098,3,1,15,0,0.0148,61.699,0.007,0.013,0.043,0.269,180.0,99.0,10.01,-44.08373496131946,neo3_calibrated_direct,1,-30.0781,-21.3257,-36.0107,51.53880183502523,1,-40.01745582651714,yahboom_calibrated_direct+neo3_cross_align,0,-5024,4087,3735,-0.25663505921446333,0.2915767504201105,0.38843088832321576,-41.90919088952029,neo3_calibrated_direct:gyro_integral,1,-41.90919088952029,nan,261.40869140625,0.0,-244,97,2023,-1.16837041015625,0.4644751220703125,9.686939916992188,9.768194895156808,1,17,0,0.06103515625,1.03759765625,0.0,0.0010652644360316954,0.01810949541253882,0.0,0.0,501,1247,-17948,2.7520751953125,6.8499755859375,261.40869140625,98726.805,305.75,1,1,0,0,3356,299,746,1498,1498,1498,1498,9350,F4line=3356;YAH=5992
DIRECT_SERIAL,289,1789591962611199960,2026-09-16T20:52:42.611200+00:00,-1,2159849011589,1789591962500000000,1789591962,500000000,2179496,1789591962508542,1789591962500000,2,4,0.4529977250772631,0.7852250900627318,gnss_local_enu_direct,0.4529977250772631,0.7852250900627318,110.4347047,-7.0509129,233.48,0.642,1.098,3,1,15,0,0.0842,175.914,-0.084,0.006,0.068,0.267,180.0,99.0,10.02,-44.23164011661623,neo3_calibrated_direct,1,-30.1025,-21.2524,-35.7178,51.3184786295346,1,-39.97413057083711,yahboom_calibrated_direct+neo3_cross_align,0,-5028,4095,3694,-0.2571954149965858,0.29267995438664407,0.38962935874370924,-41.90919088952029,neo3_calibrated_direct:gyro_integral,1,-41.90919088952029,nan,261.40869140625,0.0,-243,97,2022,-1.1635820068359375,0.4644751220703125,9.682151513671874,9.762874482413114,0,0,0,0.0,0.0,0.0,0.0,0.0,0.0,0.0,501,1246,-17948,2.7520751953125,6.844482421875,261.40869140625,98719.484,305.75,1,1,0,0,3368,300,749,1503,1503,1503,1503,9382,F4line=3368;YAH=6012
DIRECT_SERIAL,290,1789591962720827296,2026-09-16T20:52:42.720827+00:00,-1,2159958638897,1789591962600000000,1789591962,600000000,2179597,1789591962608664,1789591962600000,2,4,0.44194899973790386,0.7852250889044937,gnss_local_enu_direct,0.44194899973790386,0.7852250889044937,110.4347046,-7.0509129,233.47,0.643,1.098,3,1,15,0,0.057,291.615,0.021,-0.053,0.057,0.268,180.0,99.0,10.01,-44.13811120724198,neo3_calibrated_direct,1,-30.0781,-21.2891,-36.1084,51.5919996606063,1,-39.94969130220463,yahboom_calibrated_direct+neo3_cross_align,0,-5023,4091,3768,-0.2564843848394696,0.29213364511810885,0.38874967045191733,-41.90919088952029,neo3_calibrated_direct:gyro_integral,1,-41.90919088952029,nan,261.40869140625,0.0,-247,96,2026,-1.1827356201171875,0.45968671875,9.701305126953125,9.783940749653798,-2,-13,0,-0.1220703125,-0.79345703125,0.0,-0.0021305288720633907,-0.01384843766841204,0.0,0.0,500,1248,-17948,2.74658203125,6.85546875,261.40869140625,98718.875,305.75,1,1,0,0,3385,301,752,1508,1508,1508,1508,9419,F4line=3385;YAH=6032
DIRECT_SERIAL,291,1789591962821371669,2026-09-16T20:52:42.821372+00:00,-1,2160059183248,1789591962700000000,1789591962,700000000,2179694,1789591962706579,1789591962700000,2,4,0.4309002700196452,0.7741655721865948,gnss_local_enu_direct,0.4309002700196452,0.7741655721865948,110.4347045,-7.050913,233.4,0.644,1.099,3,1,15,0,0.0386,21.251,0.036,0.014,0.056,0.247,180.0,99.0,10.05,-44.062917531295575,neo3_calibrated_direct,1,-30.0537,-21.3135,-35.9619,51.48541946561181,1,-40.09650903996796,yahboom_calibrated_direct+neo3_cross_align,0,-5036,4095,3823,-0.2583443543727325,0.2926658404806933,0.39037814951727845,-41.90919088952029,neo3_calibrated_direct:gyro_integral,1,-41.90919088952029,nan,261.40869140625,0.0,-244,98,2026,-1.16837041015625,0.469263525390625,9.701305126953125,9.782669310461113,0,-6,0,0.0,-0.3662109375,0.0,0.0,-0.006391586616190171,0.0,0.0,500,1248,-17948,2.74658203125,6.85546875,261.40869140625,98722.531,305.75,1,1,0,0,3396,302,754,1514,1514,1514,1514,9454,F4line=3396;YAH=6056
DIRECT_SERIAL,292,1789591962932887413,2026-09-16T20:52:42.932887+00:00,-1,2160170699025,1789591962800000000,1789591962,800000000,2179795,1789591962807755,1789591962800000,2,4,0.4198515433923139,0.7741655686761924,gnss_local_enu_direct,0.4198515433923139,0.7741655686761924,110.4347044,-7.050913,233.37,0.645,1.101,3,1,15,0,0.0402,153.435,-0.036,0.018,0.073,0.277,180.0,99.0,10.03,-44.161614419708734,neo3_calibrated_direct,1,-30.127,-21.3257,-35.9863,51.550319079322875,1,-39.95764389423548,yahboom_calibrated_direct+neo3_cross_align,0,-5015,4081,3826,-0.2553530878457615,0.2907599328746735,0.3869709782886177,-41.90919088952029,neo3_calibrated_direct:gyro_integral,1,-41.90919088952029,nan,261.40869140625,0.0,-245,95,2031,-1.1731588134765625,0.45489831542968745,9.725247143554688,9.80630746419044,-2,-13,0,-0.1220703125,-0.79345703125,0.0,-0.0021305288720633907,-0.01384843766841204,0.0,0.0,500,1250,-17948,2.74658203125,6.866455078125,261.40869140625,98724.672,305.75,1,1,0,0,3408,303,757,1519,1519,1519,1519,9486,F4line=3408;YAH=6076
DIRECT_SERIAL,293,1789591963036338502,2026-09-16T20:52:43.036338+00:00,-1,2160274150107,1789591962900000000,1789591962,900000000,2179895,1789591962907866,1789591962900000,2,4,0.40880281741530583,0.774165564951536,gnss_local_enu_direct,0.40880281741530583,0.774165564951536,110.4347043,-7.050913,233.34,0.645,1.102,3,1,15,0,0.002,270.0,0.0,-0.002,0.145,0.264,180.0,99.0,10.02,-44.03221856754771,neo3_calibrated_direct,1,-30.1025,-21.3867,-35.8887,51.493205676380256,1,-40.09169789378158,yahboom_calibrated_direct+neo3_cross_align,0,-5016,4072,3784,-0.25551258341197447,0.28950912510198196,0.3861375581307473,-41.90919088952029,neo3_calibrated_direct:gyro_integral,1,-41.90919088952029,nan,261.40869140625,0.0,-245,97,2033,-1.1731588134765625,0.4644751220703125,9.734823950195311,9.816253668378595,-1,-12,0,-0.06103515625,-0.732421875,0.0,-0.0010652644360316954,-0.012783173232380343,0.0,0.0,500,1252,-17948,2.74658203125,6.87744140625,261.40869140625,98721.922,305.75,1,1,0,0,3418,304,760,1524,1524,1524,1524,9516,F4line=3418;YAH=6096
DIRECT_SERIAL,294,1789591963139920251,2026-09-16T20:52:43.139920+00:00,-1,2160377731850,1789591963100000000,1789591963,100000000,2180096,1789591963108596,1789591963100000,2,4,0.3977540873843629,0.7741655577910445,gnss_local_enu_direct,0.3977540873843629,0.7741655577910445,110.4347042,-7.050913,233.28,0.647,1.103,3,1,15,0,0.0595,163.393,-0.057,0.017,0.051,0.27,180.0,99.0,10.04,-44.24733643655322,neo3_calibrated_direct,1,-30.0781,-21.2158,-35.8154,51.35703599712507,1,-40.44987659002929,yahboom_calibrated_direct+neo3_cross_align,0,-5035,4067,3774,-0.25825013562154214,0.2887816915006556,0.38741192275732134,-41.90919088952029,neo3_calibrated_direct:gyro_integral,1,-41.90919088952029,nan,261.40869140625,0.0,-252,97,2037,-1.20667763671875,0.4644751220703125,9.753977563476562,9.839303144368689,-2,-5,0,-0.1220703125,-0.30517578125,0.0,-0.0021305288720633907,-0.005326322180158476,0.0,0.0,500,1254,-17948,2.74658203125,6.888427734375,261.40869140625,98722.531,305.75,1,1,0,0,3435,306,762,1529,1529,1529,1529,9553,F4line=3435;YAH=6116
DIRECT_SERIAL,295,1789591963240273254,2026-09-16T20:52:43.240273+00:00,-1,2160478084874,1789591963200000000,1789591963,200000000,2180194,1789591963206485,1789591963200000,2,4,0.3867053616172694,0.7631060451013454,gnss_local_enu_direct,0.3867053616172694,0.7631060451013454,110.4347041,-7.0509131,233.24,0.647,1.104,3,1,15,0,0.0073,195.945,-0.007,-0.002,0.032,0.2801,180.0,99.0,10.06,-44.161614419708734,neo3_calibrated_direct,1,-30.127,-21.3257,-36.0352,51.5844671246103,1,-39.986713915140825,yahboom_calibrated_direct+neo3_cross_align,0,-5022,4087,3688,-0.2563478243704267,0.2915802788965982,0.3882438230041389,-41.90919088952029,neo3_calibrated_direct:gyro_integral,1,-41.90919088952029,nan,261.40869140625,0.0,-251,97,2033,-1.2018892333984375,0.4644751220703125,9.734823950195311,9.81972872383334,-1,-7,0,-0.06103515625,-0.42724609375,0.0,-0.0010652644360316954,-0.007456851052221867,0.0,0.0,499,1255,-17948,2.7410888671875,6.8939208984375,261.40869140625,98722.227,305.75,1,1,0,0,3445,307,765,1535,1535,1535,1534,9586,F4line=3445;YAH=6139
DIRECT_SERIAL,296,1789591963340315157,2026-09-16T20:52:43.340315+00:00,-1,2160578126762,1789591963300000000,1789591963,300000000,2180295,1789591963307619,1789591963300000,2,4,0.3756566349237898,0.7631060427890825,gnss_local_enu_direct,0.3756566349237898,0.7631060427890825,110.434704,-7.0509131,233.22,0.648,1.105,3,1,15,0,0.0451,176.186,-0.045,0.003,0.035,0.275,180.0,99.0,10.04,-44.28133795221051,neo3_calibrated_direct,1,-30.0537,-21.167,-35.8887,51.37378281166377,1,-40.26531174443359,yahboom_calibrated_direct+neo3_cross_align,0,-5029,4074,3730,-0.25737608142172513,0.2897637552346891,0.3875635188400881,-41.90919088952029,neo3_calibrated_direct:gyro_integral,1,-41.90919088952029,nan,261.40869140625,0.0,-249,97,2037,-1.1923124267578125,0.4644751220703125,9.753977563476562,9.837551746792874,0,-3,0,0.0,-0.18310546875,0.0,0.0,-0.0031957933080950856,0.0,0.0,500,1256,-17948,2.74658203125,6.8994140625,261.40869140625,98721.617,305.75,1,1,0,0,3456,308,767,1540,1540,1540,1540,9618,F4line=3456;YAH=6160
DIRECT_SERIAL,297,1789591963440346307,2026-09-16T20:52:43.440346+00:00,-1,2160678157928,1789591963400000000,1789591963,400000000,2180397,1789591963408994,1789591963400000,2,4,0.3646079082514108,0.7631060380689914,gnss_local_enu_direct,0.3646079082514108,0.7631060380689914,110.4347039,-7.0509131,233.18,0.648,1.106,3,1,15,0,0.0482,85.236,0.004,0.048,0.057,0.269,180.0,99.0,10.0,-44.050274635126,neo3_calibrated_direct,1,-30.1025,-21.3745,-35.9863,51.55621731847673,1,-40.406911600163184,yahboom_calibrated_direct+neo3_cross_align,0,-5027,4061,3728,-0.2571117816748586,0.2879631097169747,0.3860430297698568,-41.90919088952029,neo3_calibrated_direct:gyro_integral,1,-41.90919088952029,nan,261.40869140625,0.0,-251,97,2038,-1.2018892333984375,0.4644751220703125,9.758765966796874,9.843464230802805,0,4,0,0.0,0.244140625,0.0,0.0,0.004261057744126781,0.0,0.0,499,1257,-17948,2.7410888671875,6.9049072265625,261.40869140625,98724.062,305.75,1,1,0,0,3467,309,770,1545,1545,1545,1545,9649,F4line=3467;YAH=6180
DIRECT_SERIAL,298,1789591963550138753,2026-09-16T20:52:43.550139+00:00,-1,2160787950352,1789591963500000000,1789591963,500000000,2180496,1789591963507973,1789591963500000,2,4,0.3646079072886004,0.7631060356097001,gnss_local_enu_direct,0.3646079072886004,0.7631060356097001,110.4347039,-7.0509131,233.16,0.649,1.106,3,1,15,0,0.0457,259.919,-0.008,-0.045,0.052,0.293,180.0,99.0,10.02,-44.43478770737793,neo3_calibrated_direct,1,-30.127,-21.1426,-35.8887,51.406657656863864,1,-40.1335683767516,yahboom_calibrated_direct+neo3_cross_align,0,-5029,4084,3752,-0.25735843903928657,0.2911515813840754,0.3885905421998663,-41.90919088952029,neo3_calibrated_direct:gyro_integral,1,-41.90919088952029,nan,261.40869140625,0.0,-247,94,2035,-1.1827356201171875,0.45010991210937495,9.744400756835937,9.826230639970642,1,5,0,0.06103515625,0.30517578125,0.0,0.0010652644360316954,0.005326322180158476,0.0,0.0,499,1257,-17948,2.7410888671875,6.9049072265625,261.40869140625,98722.836,305.75,1,1,0,0,3476,310,772,1550,1550,1550,1550,9678,F4line=3476;YAH=6200
DIRECT_SERIAL,299,1789591963658831015,2026-09-16T20:52:43.658831+00:00,-1,2160896642640,1789591963600000000,1789591963,600000000,2180595,1789591963607510,1789591963600000,2,4,0.35355918059512076,0.7631060331819023,gnss_local_enu_direct,0.35355918059512076,0.7631060331819023,110.4347038,-7.0509131,233.14,0.649,1.107,3,1,15,0,0.0414,188.326,-0.041,-0.006,0.052,0.283,180.0,99.0,10.03,-44.008619652222514,neo3_calibrated_direct,1,-30.0537,-21.3501,-35.9619,51.50058160166737,1,-40.12473531056832,yahboom_calibrated_direct+neo3_cross_align,0,-5013,4066,3752,-0.2550923165753826,0.2886817221270818,0.3852391811148665,-41.90919088952029,neo3_calibrated_direct:gyro_integral,1,-41.90919088952029,nan,261.40869140625,0.0,-248,98,2030,-1.1875240234375,0.469263525390625,9.720458740234374,9.803965508053466,0,6,0,0.0,0.3662109375,0.0,0.0,0.006391586616190171,0.0,0.0,499,1257,-17948,2.7410888671875,6.9049072265625,261.40869140625,98724.062,305.75,1,1,0,0,3494,311,775,1555,1555,1555,1555,9716,F4line=3494;YAH=6220
DIRECT_SERIAL,300,1789591963759304551,2026-09-16T20:52:43.759305+00:00,-1,2160997116162,1789591963700000000,1789591963,700000000,2180694,1789591963706868,1789591963700000,2,4,0.34251045599333363,0.7631060285500472,gnss_local_enu_direct,0.34251045599333363,0.7631060285500472,110.4347037,-7.0509131,233.1,0.649,1.108,3,1,15,0,0.032,339.864,0.03,-0.011,0.028,0.22,180.0,99.0,10.04,-44.437046574694826,neo3_calibrated_direct,1,-30.1514,-21.167,-35.7178,51.31188992621496,1,-40.329998662637706,yahboom_calibrated_direct+neo3_cross_align,0,-5022,4061,3762,-0.2563936945647669,0.28797193090819395,0.38557173081485707,-41.90919088952029,neo3_calibrated_direct:gyro_integral,1,-41.90919088952029,nan,261.40869140625,0.0,-246,97,2033,-1.177947216796875,0.4644751220703125,9.734823950195311,9.816827090556194,1,5,0,0.06103515625,0.30517578125,0.0,0.0010652644360316954,0.005326322180158476,0.0,0.0,499,1258,-17948,2.7410888671875,6.910400390625,261.40869140625,98720.094,305.75,1,1,0,0,3507,312,778,1561,1561,1561,1561,9753,F4line=3507;YAH=6244
DIRECT_SERIAL,301,1789591963859347781,2026-09-16T20:52:43.859348+00:00,-1,2161097159396,1789591963800000000,1789591963,800000000,2180796,1789591963808056,1789591963800000,2,4,0.34251045470536157,0.7631060260823479,gnss_local_enu_direct,0.34251045470536157,0.7631060260823479,110.4347037,-7.0509131,233.08,0.65,1.108,3,1,15,0,0.07,180.0,-0.07,0.0,0.073,0.276,180.0,99.0,10.0,-44.011400477965275,neo3_calibrated_direct,1,-30.0781,-21.3745,-35.8643,51.45686897149884,1,-40.33276757695585,yahboom_calibrated_direct+neo3_cross_align,0,-5017,4055,3781,-0.25568619288413835,0.2871480564097815,0.38448593671485554,-41.90919088952029,neo3_calibrated_direct:gyro_integral,1,-41.90919088952029,nan,261.40869140625,0.0,-248,96,2031,-1.1875240234375,0.45968671875,9.725247143554688,9.80825964118278,0,3,0,0.0,0.18310546875,0.0,0.0,0.0031957933080950856,0.0,0.0,498,1257,-17948,2.735595703125,6.9049072265625,261.40869140625,98722.531,305.75,1,1,0,0,3517,313,780,1566,1566,1566,1566,9783,F4line=3517;YAH=6264
DIRECT_SERIAL,302,1789591963978203993,2026-09-16T20:52:43.978204+00:00,-1,2161216015594,1789591963900000000,1789591963,900000000,2180896,1789591963908187,1789591963900000,2,4,0.33146172919728145,0.7520465149458011,gnss_local_enu_direct,0.33146172919728145,0.7520465149458011,110.4347036,-7.0509132,233.05,0.65,1.11,3,1,15,0,0.0522,327.529,0.044,-0.028,-0.02,0.2519,180.0,99.0,10.0,-44.05315763969325,neo3_calibrated_direct,1,-30.127,-21.3989,-35.9619,51.563623823583235,1,-39.98801983765824,yahboom_calibrated_direct+neo3_cross_align,0,-5011,4074,3770,-0.2547909678253951,0.2897955115230785,0.3858754666784664,-41.90919088952029,neo3_calibrated_direct:gyro_integral,1,-41.90919088952029,nan,261.40869140625,0.0,-247,98,2032,-1.1827356201171875,0.469263525390625,9.730035546875,9.812882529960659,0,0,0,0.0,0.0,0.0,0.0,0.0,0.0,0.0,498,1257,-17948,2.735595703125,6.9049072265625,261.40869140625,98724.672,305.75,1,1,0,0,3527,314,783,1571,1571,1571,1571,9813,F4line=3527;YAH=6284
DIRECT_SERIAL,303,1789591964079340333,2026-09-16T20:52:44.079340+00:00,-1,2161317151925,1789591964000000000,1789591964,0,2181003,1789591964015075,1789591964000000,2,4,0.3204130021010222,0.7631060189628239,gnss_local_enu_direct,0.3204130021010222,0.7631060189628239,110.4347035,-7.0509131,233.02,0.651,1.111,3,1,15,0,0.0359,77.125,0.008,0.035,-0.007,0.31,180.0,99.0,9.91,-43.97530472777001,neo3_calibrated_direct,1,-30.0781,-21.3989,-36.0596,51.60329226880781,1,-40.362114841812534,yahboom_calibrated_direct+neo3_cross_align,0,-5031,4069,3810,-0.25767213745698114,0.28906631368350827,0.3872392853627093,-41.90919088952029,neo3_calibrated_direct:gyro_integral,1,-41.90919088952029,nan,261.40869140625,0.0,-249,98,2031,-1.1923124267578125,0.469263525390625,9.725247143554688,9.809294020595049,0,2,0,0.0,0.1220703125,0.0,0.0,0.0021305288720633907,0.0,0.0,498,1258,-17948,2.735595703125,6.910400390625,261.40869140625,98721.312,305.75,1,1,0,0,3540,315,786,1577,1577,1577,1577,9850,F4line=3540;YAH=6308
DIRECT_SERIAL,304,1789591964186431962,2026-09-16T20:52:44.186432+00:00,-1,2161424243559,1789591964100000000,1789591964,100000000,2181096,1789591964108633,1789591964100000,2,4,0.3204130006893769,0.7520465077265046,gnss_local_enu_direct,0.3204130006893769,0.7520465077265046,110.4347035,-7.0509132,232.99,0.651,1.113,3,1,15,0,0.024,135.0,-0.017,0.017,0.027,0.267,180.0,99.0,10.03,-44.008619652222514,neo3_calibrated_direct,1,-30.0537,-21.3501,-35.9863,51.51762262944594,1,-40.100361664171125,yahboom_calibrated_direct+neo3_cross_align,0,-5008,4062,3748,-0.25438128641826635,0.28813541285854655,0.3843590183968332,-41.90919088952029,neo3_calibrated_direct:gyro_integral,1,-41.90919088952029,nan,261.40869140625,0.0,-247,98,2030,-1.1827356201171875,0.469263525390625,9.720458740234374,9.803386655842706,1,0,0,0.06103515625,0.0,0.0,0.0010652644360316954,0.0,0.0,0.0,498,1258,-17948,2.735595703125,6.910400390625,261.40869140625,98721.617,305.75,1,1,0,0,3549,316,788,1582,1582,1582,1582,9879,F4line=3549;YAH=6328
DIRECT_SERIAL,305,1789591964297473675,2026-09-16T20:52:44.297474+00:00,-1,2161535285338,1789591964200000000,1789591964,200000000,2181195,1789591964206465,1789591964200000,2,4,0.3204129998051919,0.7631060129416798,gnss_local_enu_direct,0.3204129998051919,0.7631060129416798,110.4347035,-7.0509131,232.97,0.651,1.114,3,1,15,0,0.0515,299.055,0.025,-0.045,0.021,0.258,180.0,99.0,10.04,-44.1822980301899,neo3_calibrated_direct,1,-30.1514,-21.3379,-36.0352,51.6037647600444,1,-40.13578204939452,yahboom_calibrated_direct+neo3_cross_align,0,-5012,4064,3741,-0.254952227629852,0.2884059211354484,0.3849397533633157,-41.90919088952029,neo3_calibrated_direct:gyro_integral,1,-41.90919088952029,nan,261.40869140625,0.0,-245,97,2031,-1.1731588134765625,0.4644751220703125,9.725247143554688,9.806756382406906,0,-1,0,0.0,-0.06103515625,0.0,0.0,-0.0010652644360316954,0.0,0.0,498,1258,-17948,2.735595703125,6.910400390625,261.40869140625,98725.586,305.75,1,1,0,0,3560,317,791,1587,1587,1587,1587,9910,F4line=3560;YAH=6348
DIRECT_SERIAL,306,1789591964398314257,2026-09-16T20:52:44.398314+00:00,-1,2161636125820,1789591964300000000,1789591964,300000000,2181296,1789591964307794,1789591964300000,2,4,0.30936427453198095,0.763106010700837,gnss_local_enu_direct,0.30936427453198095,0.763106010700837,110.4347034,-7.0509131,232.95,0.652,1.117,3,1,15,0,0.0402,185.711,-0.04,-0.004,0.026,0.292,180.0,99.0,10.02,-44.02946621292564,neo3_calibrated_direct,1,-30.0781,-21.3623,-35.8887,51.4688133590624,1,-40.18435338071849,yahboom_calibrated_direct+neo3_cross_align,0,-5016,4065,3754,-0.25552493307968144,0.2885376467974116,0.38541790960561695,-41.90919088952029,neo3_calibrated_direct:gyro_integral,1,-41.90919088952029,nan,261.40869140625,0.0,-247,97,2031,-1.1827356201171875,0.4644751220703125,9.725247143554688,9.807906641548687,0,-1,0,0.0,-0.06103515625,0.0,0.0,-0.0010652644360316954,0.0,0.0,498,1259,-17948,2.735595703125,6.9158935546875,261.40869140625,98721.922,305.75,1,1,0,0,3571,318,794,1593,1593,1593,1593,9945,F4line=3571;YAH=6372
DIRECT_SERIAL,307,1789591964498321857,2026-09-16T20:52:44.498322+00:00,-1,2161736133487,1789591964400000000,1789591964,400000000,2181396,1789591964407796,1789591964400000,2,4,0.2983155491025264,0.7631060071232216,gnss_local_enu_direct,0.2983155491025264,0.7631060071232216,110.4347033,-7.0509131,232.92,0.653,1.119,3,1,15,0,0.0143,347.905,0.014,-0.003,0.021,0.235,180.0,99.0,10.02,-44.08642247074083,neo3_calibrated_direct,1,-30.1025,-21.3501,-36.084,51.614361686065635,1,-40.03729334155812,yahboom_calibrated_direct+neo3_cross_align,0,-5027,4089,3724,-0.25706238300403067,0.2918490229352562,0.38891762745339103,-41.90919088952029,neo3_calibrated_direct:gyro_integral,1,-41.90919088952029,nan,261.40869140625,0.0,-245,96,2032,-1.1731588134765625,0.45968671875,9.730035546875,9.811279489673298,0,-2,0,0.0,-0.1220703125,0.0,0.0,-0.0021305288720633907,0.0,0.0,498,1259,-17948,2.735595703125,6.9158935546875,261.40869140625,98727.719,305.75,1,1,0,0,3580,319,796,1598,1598,1598,1598,9974,F4line=3580;YAH=6392
DIRECT_SERIAL,308,1789591964611198884,2026-09-16T20:52:44.611199+00:00,-1,2161849010489,1789591964500000000,1789591964,500000000,2181496,1789591964507970,1789591964500000,2,4,0.29831554776950664,0.7631060036769035,gnss_local_enu_direct,0.29831554776950664,0.7631060036769035,110.4347033,-7.0509131,232.89,0.653,1.122,3,1,15,0,0.0215,117.759,-0.01,0.019,0.001,0.264,180.0,99.0,10.02,-44.14073360502048,neo3_calibrated_direct,1,-30.1025,-21.3135,-36.0352,51.565118321788034,1,-40.08724341281134,yahboom_calibrated_direct+neo3_cross_align,0,-5014,4070,3733,-0.25522887704442554,0.2892350883485924,0.38574436614081165,-41.90919088952029,neo3_calibrated_direct:gyro_integral,1,-41.90919088952029,nan,261.40869140625,0.0,-246,97,2032,-1.177947216796875,0.4644751220703125,9.730035546875,9.812078705760202,0,-1,0,0.0,-0.06103515625,0.0,0.0,-0.0010652644360316954,0.0,0.0,498,1259,-17948,2.735595703125,6.9158935546875,261.40869140625,98720.398,305.75,1,1,0,0,3592,320,799,1603,1603,1603,1603,10006,F4line=3592;YAH=6412
DIRECT_SERIAL,309,1789591964713445222,2026-09-16T20:52:44.713445+00:00,-1,2161951257049,1789591964600000000,1789591964,600000000,2181597,1789591964608130,1789591964600000,2,4,0.2983155466830229,0.752046492564527,gnss_local_enu_direct,0.2983155466830229,0.752046492564527,110.4347033,-7.0509132,232.86,0.654,1.125,3,1,15,0,0.1166,170.618,-0.115,0.019,0.054,0.289,142.04,99.0,10.0,-44.08373496131946,neo3_calibrated_direct,1,-30.0781,-21.3257,-35.9863,51.52175625684746,1,-40.399521281904704,yahboom_calibrated_direct+neo3_cross_align,0,-5017,4050,3684,-0.2556950140753576,0.2864541433350884,0.3839738486626878,-41.90919088952029,neo3_calibrated_direct:gyro_integral,1,-41.90919088952029,nan,261.40869140625,0.0,-248,97,2033,-1.1875240234375,0.4644751220703125,9.734823950195311,9.817980840608707,-1,-2,0,-0.06103515625,-0.1220703125,0.0,-0.0010652644360316954,-0.0021305288720633907,0.0,0.0,498,1259,-17948,2.735595703125,6.9158935546875,261.40869140625,98723.141,305.75,1,1,0,0,3607,321,801,1608,1608,1608,1608,10041,F4line=3607;YAH=6432
DIRECT_SERIAL,310,1789591964816474855,2026-09-16T20:52:44.816475+00:00,-1,2162054286475,1789591964700000000,1789591964,700000000,2181696,1789591964708493,1789591964700000,2,4,0.28726682157872996,0.7520464889953196,gnss_local_enu_direct,0.28726682157872996,0.7520464889953196,110.4347032,-7.0509132,232.83,0.656,1.128,3,1,15,0,0.019,3.013,0.019,0.001,0.059,0.253,180.0,99.0,10.01,-44.37996678875369,neo3_calibrated_direct,1,-30.127,-21.1792,-35.8643,51.40469488412513,1,-40.343296870629935,yahboom_calibrated_direct+neo3_cross_align,0,-5022,4060,3748,-0.2563954588030108,0.28783314829325535,0.3854692627839651,-41.90919088952029,neo3_calibrated_direct:gyro_integral,1,-41.90919088952029,nan,261.40869140625,0.0,-248,98,2034,-1.1875240234375,0.469263525390625,9.739612353515625,9.822956294276047,0,-1,0,0.0,-0.06103515625,0.0,0.0,-0.0010652644360316954,0.0,0.0,498,1259,-17948,2.735595703125,6.9158935546875,261.40869140625,98721.312,305.75,1,1,0,0,3620,322,804,1613,1613,1613,1613,10074,F4line=3620;YAH=6452
DIRECT_SERIAL,311,1789591964917327054,2026-09-16T20:52:44.917327+00:00,-1,2162155138690,1789591964800000000,1789591964,800000000,2181797,1789591964808565,1789591964800000,2,4,0.28726682157872996,0.7520464889953196,gnss_local_enu_direct,0.28726682157872996,0.7520464889953196,110.4347032,-7.0509132,232.83,0.657,1.131,3,1,15,0,0.0697,230.826,-0.044,-0.054,0.038,0.323,180.0,99.0,10.0,-44.31788517765988,neo3_calibrated_direct,1,-30.0537,-21.1426,-35.791,51.29551734264896,1,-39.85317013135847,yahboom_calibrated_direct+neo3_cross_align,0,-5004,4076,3711,-0.253782117394779,0.29008542642066276,0.3854282264326721,-41.90919088952029,neo3_calibrated_direct:gyro_integral,1,-41.90919088952029,nan,261.40869140625,0.0,-246,97,2033,-1.177947216796875,0.4644751220703125,9.734823950195311,9.816827090556194,0,-1,0,0.0,-0.06103515625,0.0,0.0,-0.0010652644360316954,0.0,0.0,498,1259,-17948,2.735595703125,6.9158935546875,261.40869140625,98721.922,305.75,1,1,0,0,3632,323,807,1619,1619,1619,1619,10110,F4line=3632;YAH=6476
DIRECT_SERIAL,312,1789591965033493123,2026-09-16T20:52:45.033493+00:00,-1,2162271304849,1789591964900000000,1789591964,900000000,2181895,1789591964907448,1789591964900000,2,4,0.28726681987550085,0.75204648444644,gnss_local_enu_direct,0.28726681987550085,0.75204648444644,110.4347032,-7.0509132,232.79,0.658,1.134,3,1,15,0,0.0711,93.225,-0.004,0.071,0.08,0.271,180.0,99.0,10.03,-44.322697688348306,neo3_calibrated_direct,1,-30.1025,-21.1914,-35.6201,51.225261973171015,1,-40.16213310701002,yahboom_calibrated_direct+neo3_cross_align,0,-5024,4076,3714,-0.25665446583514573,0.29005014165578563,0.3872991085810362,-41.90919088952029,neo3_calibrated_direct:gyro_integral,1,-41.90919088952029,nan,261.40869140625,0.0,-249,98,2032,-1.1923124267578125,0.469263525390625,9.730035546875,9.81404141639489,0,0,0,0.0,0.0,0.0,0.0,0.0,0.0,0.0,498,1259,-17948,2.735595703125,6.9158935546875,261.40869140625,98723.141,305.75,1,1,0,0,3640,324,809,1624,1624,1624,1624,10138,F4line=3640;YAH=6496
DIRECT_SERIAL,313,1789591965133625837,2026-09-16T20:52:45.133626+00:00,-1,2162371437444,1789591965100000000,1789591965,100000000,2182094,1789591965106415,1789591965100000,2,4,0.2762180939435405,0.7520464820470071,gnss_local_enu_direct,0.2762180939435405,0.7520464820470071,110.4347031,-7.0509132,232.77,0.659,1.137,3,1,15,0,0.0663,281.31,0.013,-0.065,-0.005,0.2801,180.0,99.0,9.91,-44.4736097840661,neo3_calibrated_direct,1,-30.1514,-21.1426,-35.6689,51.26779577795402,1,-40.027630957003836,yahboom_calibrated_direct+neo3_cross_align,0,-5011,4071,3754,-0.2547962605401267,0.2893791636782626,0.38556638177668295,-41.90919088952029,neo3_calibrated_direct:gyro_integral,1,-41.90919088952029,nan,261.40869140625,0.0,-248,96,2034,-1.1875240234375,0.45968671875,9.739612353515625,9.822503447817695,0,0,0,0.0,0.0,0.0,0.0,0.0,0.0,0.0,498,1260,-17948,2.735595703125,6.92138671875,261.40869140625,98725.281,305.75,1,1,0,0,3654,325,812,1629,1629,1629,1629,10172,F4line=3654;YAH=6516
DIRECT_SERIAL,314,1789591965233788600,2026-09-16T20:52:45.233789+00:00,-1,2162471600211,1789591965100000000,1789591965,100000000,2182094,1789591965106415,1789591965100000,2,4,0.2762180918039539,0.7520464772471005,gnss_local_enu_direct,0.2762180918039539,0.7520464772471005,110.4347031,-7.0509132,232.73,0.66,1.14,3,1,15,0,0.0163,100.62,-0.003,0.016,-0.003,0.285,180.0,99.0,10.07,-44.45308543404777,neo3_calibrated_direct,1,-30.127,-21.1304,-35.7666,51.31646527889465,1,-39.80291100077614,yahboom_calibrated_direct+neo3_cross_align,0,-5005,4081,3685,-0.2539169136255781,0.290777575257112,0.3860380775228588,-41.90919088952029,neo3_calibrated_direct:gyro_integral,1,-41.90919088952029,nan,261.40869140625,0.0,-248,97,2033,-1.1875240234375,0.4644751220703125,9.734823950195311,9.817980840608707,0,0,0,0.0,0.0,0.0,0.0,0.0,0.0,0.0,497,1260,-17948,2.7301025390625,6.92138671875,261.40869140625,98722.531,305.75,1,1,0,0,3662,326,814,1634,1634,1634,1634,10200,F4line=3662;YAH=6536
DIRECT_SERIAL,315,1789591965333833426,2026-09-16T20:52:45.333833+00:00,-1,2162571645028,1789591965300000000,1789591965,300000000,2182294,1789591965306678,1789591965300000,2,4,0.27621809127750097,0.7520464749233011,gnss_local_enu_direct,0.27621809127750097,0.7520464749233011,110.4347031,-7.0509132,232.71,0.661,1.143,3,1,15,0,0.0189,57.995,0.01,0.016,0.052,0.263,180.0,99.0,10.05,-44.53068740913522,neo3_calibrated_direct,1,-30.1758,-21.1304,-35.791,51.362129928576756,1,-40.250357680715155,yahboom_calibrated_direct+neo3_cross_align,0,-5022,4067,3630,-0.25638310913530377,0.2888046265978257,0.3861870155691341,-41.90919088952029,neo3_calibrated_direct:gyro_integral,1,-41.90919088952029,nan,261.40869140625,0.0,-248,98,2032,-1.1875240234375,0.469263525390625,9.730035546875,9.813460822052244,0,0,0,0.0,0.0,0.0,0.0,0.0,0.0,0.0,497,1260,-17948,2.7301025390625,6.92138671875,261.40869140625,98721.922,305.75,1,1,0,0,3675,327,817,1639,1639,1639,1639,10233,F4line=3675;YAH=6556
DIRECT_SERIAL,316,1789591965434803739,2026-09-16T20:52:45.434804+00:00,-1,2162672615393,1789591965400000000,1789591965,400000000,2182395,1789591965407873,1789591965400000,2,4,0.27621809023707244,0.7631059783395638,gnss_local_enu_direct,0.27621809023707244,0.7631059783395638,110.4347031,-7.0509131,232.68,0.662,1.146,3,1,15,0,0.0301,105.422,-0.008,0.029,0.052,0.275,180.0,99.0,10.06,-44.41650203005314,neo3_calibrated_direct,1,-30.127,-21.1548,-35.8887,51.41167649211607,1,-40.250357680715155,yahboom_calibrated_direct+neo3_cross_align,0,-5022,4067,3644,-0.25638310913530377,0.2888046265978257,0.3861870155691341,-41.90919088952029,neo3_calibrated_direct:gyro_integral,1,-41.90919088952029,nan,261.40869140625,0.0,-248,97,2033,-1.1875240234375,0.4644751220703125,9.734823950195311,9.817980840608707,0,0,0,0.0,0.0,0.0,0.0,0.0,0.0,0.0,497,1260,-17948,2.7301025390625,6.92138671875,261.40869140625,98722.227,305.75,1,1,0,0,3683,328,819,1644,1644,1644,1644,10261,F4line=3683;YAH=6576
DIRECT_SERIAL,317,1789591965535015546,2026-09-16T20:52:45.535015+00:00,-1,2162772827104,1789591965500000000,1789591965,500000000,2182494,1789591965506810,1789591965500000,2,4,0.2651693637872824,0.752046463029107,gnss_local_enu_direct,0.2651693637872824,0.752046463029107,110.434703,-7.0509132,232.61,0.664,1.152,3,1,15,0,0.0283,171.87,-0.028,0.004,0.045,0.301,180.0,99.0,10.04,-44.08373496131946,neo3_calibrated_direct,1,-30.0781,-21.3257,-35.9131,51.470655054215115,1,-40.1511332549211,yahboom_calibrated_direct+neo3_cross_align,0,-5025,4078,3726,-0.25679455478067637,0.290325942647419,0.3875984988865646,-41.90919088952029,neo3_calibrated_direct:gyro_integral,1,-41.90919088952029,nan,261.40869140625,0.0,-248,97,2031,-1.1875240234375,0.4644751220703125,9.725247143554688,9.80848522701044,0,0,0,0.0,0.0,0.0,0.0,0.0,0.0,0.0,497,1260,-17948,2.7301025390625,6.92138671875,261.40869140625,98721.008,305.75,1,1,0,0,3696,330,822,1649,1649,1649,1649,10294,F4line=3696;YAH=6596
DIRECT_SERIAL,318,1789591965635239173,2026-09-16T20:52:45.635239+00:00,-1,2162873050812,1789591965600000000,1789591965,600000000,2182594,1789591965606142,1789591965600000,2,4,0.2541206409098249,0.7520464607693733,gnss_local_enu_direct,0.2541206409098249,0.7520464607693733,110.4347029,-7.0509132,232.59,0.664,1.155,3,1,15,0,0.0399,202.068,-0.037,-0.015,0.073,0.308,180.0,99.0,10.04,-44.050274635126,neo3_calibrated_direct,1,-30.1025,-21.3745,-36.2061,51.70987752557532,1,-40.08533156566685,yahboom_calibrated_direct+neo3_cross_align,0,-5025,4083,3607,-0.2567857335894571,0.29101985572211214,0.3881127019302442,-41.90919088952029,neo3_calibrated_direct:gyro_integral,1,-41.90919088952029,nan,261.40869140625,0.0,-246,96,2033,-1.177947216796875,0.45968671875,9.734823950195311,9.816601696424831,0,0,0,0.0,0.0,0.0,0.0,0.0,0.0,0.0,497,1260,-17948,2.7301025390625,6.92138671875,261.40869140625,98720.398,305.75,1,1,0,0,3713,331,825,1655,1655,1655,1654,10334,F4line=3713;YAH=6619
DIRECT_SERIAL,319,1789591965735299166,2026-09-16T20:52:45.735299+00:00,-1,2162973110687,1789591965700000000,1789591965,700000000,2182695,1789591965707569,1789591965700000,2,4,0.2541206394205615,0.7520464559862827,gnss_local_enu_direct,0.2541206394205615,0.7520464559862827,110.4347029,-7.0509132,232.55,0.665,1.157,3,1,15,0,0.031,194.931,-0.03,-0.008,0.012,0.307,180.0,99.0,10.02,-44.04206186569726,neo3_calibrated_direct,1,-30.0293,-21.3013,-35.9619,51.46612955906049,1,-40.0360107188509,yahboom_calibrated_direct+neo3_cross_align,0,-5003,4061,3701,-0.2536649635464185,0.2880054514348272,0.38378777180517937,-41.90919088952029,neo3_calibrated_direct:gyro_integral,1,-41.90919088952029,nan,261.40869140625,0.0,-248,97,2032,-1.1875240234375,0.4644751220703125,9.730035546875,9.813233014084323,0,0,0,0.0,0.0,0.0,0.0,0.0,0.0,0.0,497,1260,-17948,2.7301025390625,6.92138671875,261.40869140625,98721.008,305.75,1,1,0,0,3723,332,827,1660,1660,1660,1660,10365,F4line=3723;YAH=6640
DIRECT_SERIAL,320,1789591965835306786,2026-09-16T20:52:45.835307+00:00,-1,2163073118455,1789591965700000000,1789591965,700000000,2182695,1789591965707569,1789591965700000,2,4,0.2541206394205615,0.7520464559862827,gnss_local_enu_direct,0.2541206394205615,0.7520464559862827,110.4347029,-7.0509132,232.55,0.665,1.157,3,1,15,0,0.031,194.931,-0.03,-0.008,0.012,0.307,180.0,99.0,10.02,-44.25247172474717,neo3_calibrated_direct,1,-30.127,-21.2646,-35.7178,51.33790586886067,1,-39.90047946445219,yahboom_calibrated_direct+neo3_cross_align,0,-5013,4083,3647,-0.2550623245252371,0.2910410265810384,0.3869905277207209,-41.90919088952029,neo3_calibrated_direct:gyro_integral,1,-41.90919088952029,nan,261.40869140625,0.0,-246,96,2032,-1.177947216796875,0.45968671875,9.730035546875,9.811853202550765,0,0,0,0.0,0.0,0.0,0.0,0.0,0.0,0.0,497,1261,-17948,2.7301025390625,6.9268798828125,261.40869140625,98725.891,305.75,1,1,0,0,3732,332,829,1665,1665,1665,1665,10394,F4line=3732;YAH=6660
DIRECT_SERIAL,321,1789591965954068387,2026-09-16T20:52:45.954068+00:00,-1,2163191880081,1789591965900000000,1789591965,900000000,2182895,1789591965907833,1789591965900000,2,4,0.24307191270313483,0.7520464501720379,gnss_local_enu_direct,0.24307191270313483,0.7520464501720379,110.4347028,-7.0509132,232.5,0.667,1.162,3,1,15,0,0.1273,285.018,0.033,-0.123,0.06,0.2801,125.999,99.0,10.01,-44.23164011661623,neo3_calibrated_direct,1,-30.1025,-21.2524,-35.8398,51.40346560349798,1,-40.05881385995852,yahboom_calibrated_direct+neo3_cross_align,0,-5019,4078,3632,-0.2559328502485664,0.29033652807688215,0.38703607502672577,-41.90919088952029,neo3_calibrated_direct:gyro_integral,1,-41.90919088952029,nan,261.40869140625,0.0,-248,97,2032,-1.1875240234375,0.4644751220703125,9.730035546875,9.813233014084323,0,0,0,0.0,0.0,0.0,0.0,0.0,0.0,0.0,497,1261,-17948,2.7301025390625,6.9268798828125,261.40869140625,98726.195,305.75,1,1,0,0,3746,334,832,1670,1670,1670,1670,10428,F4line=3746;YAH=6680
DIRECT_SERIAL,322,1789591966081775909,2026-09-16T20:52:46.081776+00:00,-1,2163319587479,1789591965900000000,1789591965,900000000,2182895,1789591965907833,1789591965900000,2,4,0.24307191270313483,0.7520464501720379,gnss_local_enu_direct,0.24307191270313483,0.7520464501720379,110.4347028,-7.0509132,232.5,0.667,1.162,3,1,15,0,0.1273,285.018,0.033,-0.123,0.06,0.2801,125.999,99.0,10.01,-44.11997383329158,neo3_calibrated_direct,1,-30.0781,-21.3013,-35.9375,51.477581407346634,1,-39.91056388907413,yahboom_calibrated_direct+neo3_cross_align,0,-5006,4074,3546,-0.25407288071530343,0.2898043327142978,0.3854083288863283,-41.90919088952029,neo3_calibrated_direct:gyro_integral,1,-41.90919088952029,nan,261.40869140625,0.0,-247,97,2032,-1.1827356201171875,0.4644751220703125,9.730035546875,9.812654708567264,0,0,0,0.0,0.0,0.0,0.0,0.0,0.0,0.0,497,1261,-17948,2.7301025390625,6.9268798828125,261.40869140625,98721.922,305.75,1,1,0,0,3751,334,834,1675,1675,1674,1674,10451,F4line=3751;YAH=6698
DIRECT_SERIAL,323,1789591966186357302,2026-09-16T20:52:46.186357+00:00,-1,2163424169008,1789591966100000000,1789591966,100000000,2183093,1789591966105826,1789591966100000,2,4,0.24307191177390222,0.7631059532532449,gnss_local_enu_direct,0.24307191177390222,0.7631059532532449,110.4347028,-7.0509131,232.47,0.668,1.166,3,1,15,0,0.0214,280.784,0.004,-0.021,0.061,0.279,180.0,99.0,10.08,-44.10184842087975,neo3_calibrated_direct,1,-30.0781,-21.3135,-35.9375,51.482630936171084,1,-40.18452398639241,yahboom_calibrated_direct+neo3_cross_align,0,-5010,4058,3665,-0.2546755782152785,0.28757675392230436,0.3841354442586313,-41.90919088952029,neo3_calibrated_direct:gyro_integral,1,-41.90919088952029,nan,261.40869140625,0.0,-248,97,2031,-1.1875240234375,0.4644751220703125,9.725247143554688,9.80848522701044,0,0,0,0.0,0.0,0.0,0.0,0.0,0.0,0.0,497,1261,-17948,2.7301025390625,6.9268798828125,261.40869140625,98726.805,305.75,1,1,0,0,3770,336,838,1682,1682,1682,1682,10500,F4line=3770;YAH=6728
DIRECT_SERIAL,324,1789591966286408736,2026-09-16T20:52:46.286409+00:00,-1,2163524220321,1789591966200000000,1789591966,200000000,2183196,1789591966208456,1789591966200000,2,4,0.24307191125992658,0.7741654585311672,gnss_local_enu_direct,0.24307191125992658,0.7741654585311672,110.4347028,-7.050913,232.46,0.668,1.167,3,1,15,0,0.0158,145.305,-0.013,0.009,0.077,0.277,180.0,99.0,10.03,-44.171985676427276,neo3_calibrated_direct,1,-30.0537,-21.2402,-35.791,51.33582239265287,1,-39.97607049745802,yahboom_calibrated_direct+neo3_cross_align,0,-5000,4062,3650,-0.25323234704211967,0.2881495267644974,0.38361018151642473,-41.90919088952029,neo3_calibrated_direct:gyro_integral,1,-41.90919088952029,nan,261.40869140625,0.0,-249,99,2033,-1.1923124267578125,0.4740519287109375,9.734823950195311,9.81901886623159,0,0,0,0.0,0.0,0.0,0.0,0.0,0.0,0.0,497,1261,-17948,2.7301025390625,6.9268798828125,261.40869140625,98719.18,305.75,1,1,0,0,3782,337,841,1687,1687,1687,1687,10532,F4line=3782;YAH=6748
DIRECT_SERIAL,325,1789591966393158886,2026-09-16T20:52:46.393159+00:00,-1,2163630970519,1789591966300000000,1789591966,300000000,2183297,1789591966308549,1789591966300000,2,4,0.24307191057723007,0.7741654547550603,gnss_local_enu_direct,0.24307191057723007,0.7741654547550603,110.4347028,-7.050913,232.43,0.668,1.169,3,1,15,0,0.0437,164.055,-0.042,0.012,0.058,0.281,180.0,99.0,10.01,-44.40053144265441,neo3_calibrated_direct,1,-30.1514,-21.1914,-35.6201,51.254013305593936,1,-39.8927189399823,yahboom_calibrated_direct+neo3_cross_align,0,-5004,4073,3567,-0.2537874101095106,0.2896690785758469,0.3851184553005388,-41.90919088952029,neo3_calibrated_direct:gyro_integral,1,-41.90919088952029,nan,261.40869140625,0.0,-248,97,2031,-1.1875240234375,0.4644751220703125,9.725247143554688,9.80848522701044,0,0,0,0.0,0.0,0.0,0.0,0.0,0.0,0.0,497,1261,-17948,2.7301025390625,6.9268798828125,261.40869140625,98723.453,305.75,1,1,0,0,3791,338,843,1692,1692,1692,1692,10561,F4line=3791;YAH=6768
DIRECT_SERIAL,326,1789591966493159903,2026-09-16T20:52:46.493160+00:00,-1,2163730971457,1789591966400000000,1789591966,400000000,2183396,1789591966408557,1789591966400000,2,4,0.24307190972561551,0.7741654523073181,gnss_local_enu_direct,0.24307190972561551,0.7741654523073181,110.4347028,-7.050913,232.41,0.668,1.17,3,1,15,0,0.0644,228.145,-0.043,-0.048,0.034,0.308,180.0,99.0,10.02,-44.13811120724198,neo3_calibrated_direct,1,-30.0781,-21.2891,-36.0107,51.52366827885996,1,-40.327245299405426,yahboom_calibrated_direct+neo3_cross_align,0,-5027,4067,3601,-0.25710119624539546,0.28879580540660643,0.38665752589502744,-41.90919088952029,neo3_calibrated_direct:gyro_integral,1,-41.90919088952029,nan,261.40869140625,0.0,-246,97,2034,-1.177947216796875,0.4644751220703125,9.739612353515625,9.82157551421033,0,0,0,0.0,0.0,0.0,0.0,0.0,0.0,0.0,497,1261,-17948,2.7301025390625,6.9268798828125,261.40869140625,98722.836,305.75,1,1,0,0,3802,339,846,1698,1697,1697,1697,10593,F4line=3802;YAH=6789
DIRECT_SERIAL,327,1789591966593296766,2026-09-16T20:52:46.593297+00:00,-1,2163831108384,1789591966500000000,1789591966,500000000,2183495,1789591966507509,1789591966500000,2,4,0.24307190888647828,0.7852249575768325,gnss_local_enu_direct,0.24307190888647828,0.7852249575768325,110.4347028,-7.0509129,232.4,0.668,1.17,3,1,15,0,0.1345,41.987,0.1,0.09,0.045,0.269,114.582,99.0,10.03,-44.30203687932218,neo3_calibrated_direct,1,-30.0781,-21.1792,-35.791,51.32490909149279,1,-40.006180244059884,yahboom_calibrated_direct+neo3_cross_align,0,-5019,4082,3700,-0.25592579329559095,0.2908916585366367,0.38744802061718264,-41.90919088952029,neo3_calibrated_direct:gyro_integral,1,-41.90919088952029,nan,261.40869140625,0.0,-248,95,2035,-1.1875240234375,0.45489831542968745,9.744400756835937,9.827028640105143,0,0,0,0.0,0.0,0.0,0.0,0.0,0.0,0.0,497,1261,-17948,2.7301025390625,6.9268798828125,261.40869140625,98724.672,305.75,1,1,0,0,3811,340,848,1703,1703,1703,1702,10624,F4line=3811;YAH=6811
DIRECT_SERIAL,328,1789591966693299758,2026-09-16T20:52:46.693300+00:00,-1,2163931111499,1789591966600000000,1789591966,600000000,2183594,1789591966606423,1789591966600000,2,4,0.24307190820378177,0.7852249538007257,gnss_local_enu_direct,0.24307190820378177,0.7852249538007257,110.4347028,-7.0509129,232.37,0.669,1.171,3,1,15,0,0.0804,145.125,-0.066,0.046,-0.012,0.234,166.644,99.0,10.04,-44.19786194378801,neo3_calibrated_direct,1,-30.127,-21.3013,-36.0107,51.55726937280523,1,-40.11592180743698,yahboom_calibrated_direct+neo3_cross_align,0,-5015,4069,3705,-0.2553742587046878,0.28909454149541,0.38573522775527014,-41.90919088952029,neo3_calibrated_direct:gyro_integral,1,-41.90919088952029,nan,261.40869140625,0.0,-247,96,2034,-1.1827356201171875,0.45968671875,9.739612353515625,9.821925688134852,0,0,0,0.0,0.0,0.0,0.0,0.0,0.0,0.0,497,1261,-17948,2.7301025390625,6.9268798828125,261.40869140625,98725.281,305.75,1,1,0,0,3828,341,851,1708,1708,1708,1708,10662,F4line=3828;YAH=6832
DIRECT_SERIAL,329,1789591966793393539,2026-09-16T20:52:46.793394+00:00,-1,2164031205119,1789591966700000000,1789591966,700000000,2183695,1789591966707946,1789591966700000,2,4,0.243071906870762,0.7852249501233377,gnss_local_enu_direct,0.243071906870762,0.7852249501233377,110.4347028,-7.0509129,232.34,0.669,1.171,3,1,15,0,0.0429,117.759,-0.02,0.038,0.041,0.257,180.0,99.0,10.02,-44.30203687932218,neo3_calibrated_direct,1,-30.0781,-21.1792,-35.8887,51.393087083186586,1,-40.09824654627426,yahboom_calibrated_direct+neo3_cross_align,0,-5013,4068,3682,-0.2550887880988949,0.2889592873569591,0.38544488524768955,-41.90919088952029,neo3_calibrated_direct:gyro_integral,1,-41.90919088952029,nan,261.40869140625,0.0,-247,95,2033,-1.1827356201171875,0.45489831542968745,9.734823950195311,9.81695438340074,0,0,0,0.0,0.0,0.0,0.0,0.0,0.0,0.0,497,1261,-17948,2.7301025390625,6.9268798828125,261.40869140625,98720.094,305.75,1,1,0,0,3840,342,853,1713,1713,1713,1713,10694,F4line=3840;YAH=6852
DIRECT_SERIAL,330,1789591966912038255,2026-09-16T20:52:46.912038+00:00,-1,2164149850113,1789591966800000000,1789591966,800000000,2183796,1789591966808101,1789591966800000,2,4,0.24307190791219802,0.7962844591017462,gnss_local_enu_direct,0.24307190791219802,0.7962844591017462,110.4347028,-7.0509128,232.36,0.669,1.171,3,1,15,0,0.08,270.0,0.0,-0.08,-0.039,0.27,180.0,99.0,10.0,-44.04480628471572,neo3_calibrated_direct,1,-30.0537,-21.3257,-36.0352,51.54169189326249,1,-40.098362631626216,yahboom_calibrated_direct+neo3_cross_align,0,-5019,4075,3639,-0.255938142963298,0.2899201802320663,0.38672735089374705,-41.90919088952029,neo3_calibrated_direct:gyro_integral,1,-41.90919088952029,nan,261.40869140625,0.0,-247,97,2031,-1.1827356201171875,0.4644751220703125,9.725247143554688,9.807906641548687,0,0,0,0.0,0.0,0.0,0.0,0.0,0.0,0.0,497,1261,-17948,2.7301025390625,6.9268798828125,261.40869140625,98724.672,305.75,1,1,0,0,3852,343,856,1718,1718,1718,1718,10726,F4line=3852;YAH=6872
DIRECT_SERIAL,331,1789591967012249086,2026-09-16T20:52:47.012249+00:00,-1,2164250060628,1789591966900000000,1789591966,900000000,2183895,1789591966908150,1789591966900000,2,4,0.24307190691681713,0.807343963034488,gnss_local_enu_direct,0.24307190691681713,0.807343963034488,110.4347028,-7.0509127,232.34,0.67,1.172,3,1,15,0,0.0242,29.745,0.021,0.012,0.016,0.255,180.0,99.0,10.02,-44.48971707012525,neo3_calibrated_direct,1,-30.127,-21.106,-35.8643,51.374579117400074,1,-40.31459351486488,yahboom_calibrated_direct+neo3_cross_align,0,-5021,4061,3709,-0.25625007714274856,0.28797369514643784,0.3854775624234932,-41.90919088952029,neo3_calibrated_direct:gyro_integral,1,-41.90919088952029,nan,261.40869140625,0.0,-248,96,2031,-1.1875240234375,0.45968671875,9.725247143554688,9.80825964118278,0,0,0,0.0,0.0,0.0,0.0,0.0,0.0,0.0,497,1261,-17948,2.7301025390625,6.9268798828125,261.40869140625,98722.227,305.75,1,1,0,0,3862,344,859,1724,1724,1723,1723,10758,F4line=3862;YAH=6894
DIRECT_SERIAL,332,1789591967112311918,2026-09-16T20:52:47.112312+00:00,-1,2164350123505,1789591967000000000,1789591967,0,2184003,1789591967014739,1789591967000000,2,4,0.2320231836816276,0.8184034668117746,gnss_local_enu_direct,0.2320231836816276,0.8184034668117746,110.4347027,-7.0509126,232.32,0.669,1.173,3,1,15,0,0.074,99.335,-0.012,0.073,0.04,0.253,180.0,99.0,9.9,-43.95157665889245,neo3_calibrated_direct,1,-30.0293,-21.3623,-35.8398,51.40620569367088,1,-39.88735118129947,yahboom_calibrated_direct+neo3_cross_align,0,-5013,4084,3620,-0.2550605602869932,0.2911798091959771,0.38709374923566064,-41.90919088952029,neo3_calibrated_direct:gyro_integral,1,-41.90919088952029,nan,261.40869140625,0.0,-247,97,2032,-1.1827356201171875,0.4644751220703125,9.730035546875,9.812654708567264,0,0,0,0.0,0.0,0.0,0.0,0.0,0.0,0.0,496,1261,-17948,2.724609375,6.9268798828125,261.40869140625,98724.977,305.75,1,1,0,0,3873,345,861,1729,1729,1729,1729,10791,F4line=3873;YAH=6916
DIRECT_SERIAL,333,1789591967212365360,2026-09-16T20:52:47.212365+00:00,-1,2164450176953,1789591967100000000,1789591967,100000000,2184095,1789591967107253,1789591967100000,2,4,0.23202318324627752,0.8405224781466744,gnss_local_enu_direct,0.23202318324627752,0.8405224781466744,110.4347027,-7.0509124,232.31,0.669,1.172,3,1,15,0,0.0126,288.435,0.004,-0.012,0.03,0.2519,180.0,99.0,10.05,-44.08642247074083,neo3_calibrated_direct,1,-30.1025,-21.3501,-35.9863,51.5461061958127,1,-40.20196503473718,yahboom_calibrated_direct+neo3_cross_align,0,-5018,4066,3633,-0.2558104036854743,0.2886729009358625,0.38570844736465343,-41.90919088952029,neo3_calibrated_direct:gyro_integral,1,-41.90919088952029,nan,261.40869140625,0.0,-247,96,2034,-1.1827356201171875,0.45968671875,9.739612353515625,9.821925688134852,0,0,0,0.0,0.0,0.0,0.0,0.0,0.0,0.0,496,1261,-17948,2.724609375,6.9268798828125,261.40869140625,98725.281,305.75,1,1,0,0,3883,346,864,1734,1734,1734,1734,10821,F4line=3883;YAH=6936
DIRECT_SERIAL,334,1789591967316015442,2026-09-16T20:52:47.316015+00:00,-1,2164553827059,1789591967200000000,1789591967,200000000,2184196,1789591967208615,1789591967200000,2,4,0.2320231830574635,0.851581982970865,gnss_local_enu_direct,0.2320231830574635,0.851581982970865,110.4347027,-7.0509123,232.3,0.668,1.172,3,1,15,0,0.0143,335.225,0.013,-0.006,-0.021,0.265,180.0,99.0,10.03,-44.065633445926885,neo3_calibrated_direct,1,-30.0781,-21.3379,-36.0352,51.56097085063469,1,-40.08277984163633,yahboom_calibrated_direct+neo3_cross_align,0,-5012,4068,3652,-0.25494517067687655,0.2889610515952029,0.38535117670829455,-41.90919088952029,neo3_calibrated_direct:gyro_integral,1,-41.90919088952029,nan,261.40869140625,0.0,-250,93,2033,-1.197100830078125,0.44532150878906246,9.734823950195311,9.818256412666159,-1,-8,0,-0.06103515625,-0.48828125,0.0,-0.0010652644360316954,-0.008522115488253563,0.0,0.0,497,1267,-17948,2.7301025390625,6.9598388671875,261.40869140625,98721.312,305.75,1,1,0,0,3893,347,866,1739,1739,1739,1739,10851,F4line=3893;YAH=6956
DIRECT_SERIAL,335,1789591967431061080,2026-09-16T20:52:47.431061+00:00,-1,2164668872803,1789591967300000000,1789591967,300000000,2184295,1789591967307503,1789591967300000,2,4,0.23202318310351863,0.8737009955354104,gnss_local_enu_direct,0.23202318310351863,0.8737009955354104,110.4347027,-7.0509121,232.3,0.667,1.172,3,1,15,0,0.0737,82.2,0.01,0.073,0.003,0.238,180.0,99.0,10.04,-44.0267069945939,neo3_calibrated_direct,1,-30.0537,-21.3379,-35.9863,51.51256786251293,1,-40.341195311705306,yahboom_calibrated_direct+neo3_cross_align,0,-5021,4059,3758,-0.25625360561923627,0.2876961299165606,0.38527259643248124,-41.90919088952029,neo3_calibrated_direct:gyro_integral,1,-41.90919088952029,nan,261.40869140625,0.0,-252,98,2043,-1.20667763671875,0.469263525390625,9.782707983398437,9.868011687450856,1,12,0,0.06103515625,0.732421875,0.0,0.0010652644360316954,0.012783173232380343,0.0,0.0,497,1266,-17948,2.7301025390625,6.954345703125,261.40869140625,98724.672,305.75,1,1,0,0,3903,348,869,1744,1744,1744,1744,10881,F4line=3903;YAH=6976
DIRECT_SERIAL,336,1789591967531223885,2026-09-16T20:52:47.531224+00:00,-1,2164769035485,1789591967400000000,1789591967,400000000,2184396,1789591967408689,1789591967400000,2,4,0.23202318254449536,0.8847604989104345,gnss_local_enu_direct,0.23202318254449536,0.8847604989104345,110.4347027,-7.050912,232.28,0.667,1.174,3,1,15,0,0.0508,306.193,0.03,-0.041,-0.043,0.2601,180.0,99.0,10.02,-44.125414573659675,neo3_calibrated_direct,1,-30.127,-21.3501,-35.8887,51.49234590402733,1,-40.24140465124559,yahboom_calibrated_direct+neo3_cross_align,0,-5024,4070,3772,-0.25666505126460887,0.28921744596615384,0.3866829186709046,-41.90919088952029,neo3_calibrated_direct:gyro_integral,1,-41.90919088952029,nan,261.40869140625,0.0,-250,95,2032,-1.197100830078125,0.45489831542968745,9.730035546875,9.813947962884539,-3,-12,0,-0.18310546875,-0.732421875,0.0,-0.0031957933080950856,-0.012783173232380343,0.0,0.0,496,1261,-17948,2.724609375,6.9268798828125,261.40869140625,98724.672,305.75,1,1,0,0,3915,349,872,1750,1750,1749,1749,10915,F4line=3915;YAH=6998
DIRECT_SERIAL,337,1789591967631307684,2026-09-16T20:52:47.631308+00:00,-1,2164869119256,1789591967500000000,1789591967,500000000,2184495,1789591967507712,1789591967500000,2,4,0.23202318307195569,0.9068795128201605,gnss_local_enu_direct,0.23202318307195569,0.9068795128201605,110.4347027,-7.0509118,232.29,0.667,1.175,3,1,15,0,0.014,184.086,-0.014,-0.001,-0.062,0.246,180.0,99.0,10.03,-43.96964978024303,neo3_calibrated_direct,1,-30.0293,-21.3501,-36.1084,51.588779584905865,1,-40.16671515627679,yahboom_calibrated_direct+neo3_cross_align,0,-5014,4064,3691,-0.2552394624738887,0.28840239265896067,0.3851274117683302,-41.90919088952029,neo3_calibrated_direct:gyro_integral,1,-41.90919088952029,nan,261.40869140625,0.0,-239,92,2036,-1.1444283935546875,0.44053310546874996,9.749189160156249,9.826010128505681,0,-6,0,0.0,-0.3662109375,0.0,0.0,-0.006391586616190171,0.0,0.0,494,1248,-17948,2.713623046875,6.85546875,261.40869140625,98724.062,305.75,1,1,0,0,3930,350,874,1755,1755,1755,1755,10952,F4line=3930;YAH=7020
DIRECT_SERIAL,338,1789591967731578452,2026-09-16T20:52:47.731578+00:00,-1,2164969390050,1789591967600000000,1789591967,600000000,2184594,1789591967606798,1789591967600000,2,4,0.23202318255798007,0.9179390176359432,gnss_local_enu_direct,0.23202318255798007,0.9179390176359432,110.4347027,-7.0509117,232.28,0.667,1.178,3,1,15,0,0.0624,318.9,0.047,-0.041,-0.03,0.279,180.0,99.0,10.04,-44.08373496131946,neo3_calibrated_direct,1,-30.0781,-21.3257,-35.9619,51.50471659673509,1,-40.36912931965703,yahboom_calibrated_direct+neo3_cross_align,0,-5028,4065,3758,-0.25724834214390147,0.2885164759384854,0.38654684893780783,-41.914153940484596,neo3_calibrated_direct:gyro_integral,1,-41.914153940484596,nan,261.4031982421875,0.0,-229,88,2055,-1.0965443603515623,0.4213794921875,9.840168823242188,9.910039993893191,24,-153,-9,1.46484375,-9.33837890625,-0.54931640625,0.025566346464760685,-0.1629854587128494,-0.009587379924285258,-0.009587379924285258,507,1217,-17949,2.7850341796875,6.6851806640625,261.4031982421875,98722.227,305.75,1,1,0,0,3942,351,877,1760,1760,1760,1760,10984,F4line=3942;YAH=7040
DIRECT_SERIAL,339,1789591967832844845,2026-09-16T20:52:47.832845+00:00,-1,2165070656446,1789591967700000000,1789591967,700000000,2184696,1789591967708129,1789591967700000,2,4,0.23202318159516966,0.9179390147145122,gnss_local_enu_direct,0.23202318159516966,0.9179390147145122,110.4347027,-7.0509117,232.26,0.667,1.181,3,1,15,0,0.0542,127.504,-0.033,0.043,-0.01,0.248,180.0,99.0,10.01,-43.61998458995431,neo3_calibrated_direct,1,-29.834,-21.3745,-36.2549,51.58831825384503,1,-40.223867071486694,yahboom_calibrated_direct+neo3_cross_align,0,-5022,4069,3759,-0.25637958065881605,0.28908219182770295,0.386392291603623,-42.240778887994885,neo3_calibrated_direct:gyro_integral,1,-42.240778887994885,nan,261.0845947265625,0.0,-272,109,2094,-1.3024457031249999,0.5219359619140624,10.026916552734374,10.124615425458218,174,183,-46,10.6201171875,11.16943359375,-2.8076171875,0.18535601186951497,0.19494339179380024,-0.049002164057457984,-0.049002164057457984,599,1204,-18007,3.2904052734375,6.61376953125,261.0845947265625,98720.703,305.75,1,1,0,0,3953,352,879,1765,1765,1765,1765,11015,F4line=3953;YAH=7060
DIRECT_SERIAL,340,1789591967933187615,2026-09-16T20:52:47.933187+00:00,-1,2165170999219,1789591967800000000,1789591967,800000000,2184797,1789591967808322,1789591967800000,2,4,0.2320231819989568,0.9289985211265024,gnss_local_enu_direct,0.2320231819989568,0.9289985211265024,110.4347027,-7.0509116,232.26,0.667,1.183,3,1,15,0,0.0631,255.303,-0.016,-0.061,-0.046,0.235,180.0,99.0,9.99,-44.48323802056023,neo3_calibrated_direct,1,-30.6641,-21.6797,-34.2041,50.79583523981075,1,-40.8791892726367,yahboom_calibrated_direct+neo3_cross_align,0,-5124,4136,3616,-0.270910353742348,0.29820067472771766,0.4028846760214022,-42.60462712676322,neo3_calibrated_direct:gyro_integral,1,-42.60462712676322,nan,260.8319091796875,0.0,-282,258,2119,-1.350329736328125,1.235408056640625,10.146626635742187,10.310366411935968,204,60,-103,12.451171875,3.662109375,-6.28662109375,0.21731394495046583,0.06391586616190172,-0.10972223691126462,-0.10972223691126462,830,1414,-18053,4.559326171875,7.767333984375,260.8319091796875,98724.062,305.75,1,1,0,0,3965,353,882,1770,1770,1770,1770,11047,F4line=3965;YAH=7080
DIRECT_SERIAL,341,1789591968038375131,2026-09-16T20:52:48.038375+00:00,-1,2165276186744,1789591967900000000,1789591967,900000000,2184896,1789591967908507,1789591967900000,2,4,0.24307190464255263,0.9400580272318079,gnss_local_enu_direct,0.24307190464255263,0.9400580272318079,110.4347028,-7.0509115,232.26,0.667,1.185,3,1,15,0,0.1161,108.591,-0.037,0.11,-0.119,0.255,125.869,99.0,10.01,-45.734230757993046,neo3_calibrated_direct,1,-31.3965,-21.5454,-32.9102,50.329173820459246,1,-42.06758472017299,yahboom_calibrated_direct+neo3_cross_align,0,-5274,4209,3615,-0.292324177653297,0.3080671698816591,0.42468671512018286,-43.87774118224442,neo3_calibrated_direct:gyro_integral,1,-43.87774118224442,nan,259.5574951171875,0.0,-206,246,2111,-0.9864110839843749,1.177947216796875,10.108319409179687,10.224416254738728,65,-116,-278,3.96728515625,-7.080078125,-16.9677734375,0.0692421883420602,-0.12357067457967666,-0.29614351321681126,-0.29614351321681126,951,1302,-18285,5.2239990234375,7.152099609375,259.5574951171875,98720.398,305.75,1,1,0,0,3973,354,884,1775,1775,1775,1775,11075,F4line=3973;YAH=7100
DIRECT_SERIAL,342,1789591968149531253,2026-09-16T20:52:48.149531+00:00,-1,2165387342914,1789591968100000000,1789591968,100000000,2185095,1789591968107052,1789591968100000,2,4,0.26516935037452805,0.9621770394886154,gnss_local_enu_direct,0.26516935037452805,0.9621770394886154,110.434703,-7.0509113,232.26,0.668,1.19,3,1,15,0,0.2067,30.536,0.178,0.105,-0.105,0.281,77.915,99.0,10.07,-47.781951779636856,neo3_calibrated_direct,1,-32.5195,-21.1548,-31.7383,50.123478831581515,1,-45.78644944136241,yahboom_calibrated_direct+neo3_cross_align,0,-5530,4174,3677,-0.3291519860285258,0.3027581333683804,0.44721752786225727,-46.20158836913752,neo3_calibrated_direct:gyro_integral,1,-46.20158836913752,nan,257.3602294921875,0.0,-312,153,2080,-1.4939818359375,0.7326257080078125,9.95987890625,10.097916120730495,-11,227,-452,-0.67138671875,13.85498046875,-27.587890625,-0.011717908796348648,0.24181502697919482,-0.48149952508632626,-0.48149952508632626,925,1444,-18685,5.0811767578125,7.93212890625,257.3602294921875,98724.062,305.75,1,1,0,0,3992,356,887,1780,1780,1780,1780,11114,F4line=3992;YAH=7120
DIRECT_SERIAL,343,1789591968250352564,2026-09-16T20:52:48.250353+00:00,-1,2165488164135,1789591968200000000,1789591968,200000000,2185196,1789591968208430,1789591968200000,2,4,0.27621807298555345,0.9842960518704191,gnss_local_enu_direct,0.27621807298555345,0.9842960518704191,110.4347031,-7.0509111,232.26,0.667,1.19,3,1,15,0,0.199,84.232,0.02,0.198,-0.19,0.263,75.711,99.0,10.05,-53.638285991773834,neo3_calibrated_direct,1,-35.2539,-19.397,-28.9307,49.558717464236295,1,-52.10557316223574,yahboom_calibrated_direct+neo3_cross_align,0,-6022,4090,3740,-0.3999599536740308,0.2902323884975594,0.4941688009940845,-50.32186234855701,neo3_calibrated_direct:gyro_integral,1,-50.32186234855701,nan,253.4161376953125,0.0,-372,112,1953,-1.7812860351562498,0.5363011718749999,9.351751684570312,9.534980778997975,30,191,-626,1.8310546875,11.65771484375,-38.2080078125,0.03195793308095086,0.2034655072820538,-0.6668555369558412,-0.6668555369558412,815,1774,-19403,4.4769287109375,9.744873046875,253.4161376953125,98725.891,305.75,1,1,0,0,4005,357,890,1786,1786,1786,1786,11151,F4line=4005;YAH=7144
DIRECT_SERIAL,344,1789591968358203588,2026-09-16T20:52:48.358204+00:00,-1,2165596015192,1789591968300000000,1789591968,300000000,2185298,1789591968310706,1789591968300000,2,4,0.29831552160615743,0.9953555626246605,gnss_local_enu_direct,0.29831552160615743,0.9953555626246605,110.4347033,-7.050911,232.29,0.667,1.189,3,1,15,0,0.0918,141.633,-0.072,0.057,-0.113,0.27,168.432,99.0,10.01,-57.18941500652438,neo3_calibrated_direct,1,-36.9141,-18.2129,-27.5635,49.538944654382775,1,-57.42765154186934,yahboom_calibrated_direct+neo3_cross_align,0,-6413,3931,3739,-0.4563948795639729,0.2674761355689708,0.528998836663299,-54.31996990342942,neo3_calibrated_direct:gyro_integral,1,-54.31996990342942,nan,249.4281005859375,0.0,-410,110,1918,-1.9632453613281249,0.5267243652343749,9.184157568359375,9.406408514739338,81,67,-669,4.94384765625,4.08935546875,-40.83251953125,0.08628641931856731,0.07137271721412358,-0.7126619077052041,-0.7126619077052041,748,1973,-20129,4.10888671875,10.8380126953125,249.4281005859375,98720.094,305.75,1,1,0,0,4014,358,892,1791,1791,1791,1791,11180,F4line=4014;YAH=7164
DIRECT_SERIAL,345,1789591968468898039,2026-09-16T20:52:48.468898+00:00,-1,2165706709653,1789591968400000000,1789591968,400000000,2185396,1789591968408449,1789591968400000,2,4,0.309364246624209,1.0174745831187861,gnss_local_enu_direct,0.309364246624209,1.0174745831187861,110.4347034,-7.0509108,232.34,0.666,1.188,3,1,15,0,0.075,338.908,0.07,-0.027,-0.1,0.281,180.0,99.0,10.04,-62.380473696401864,neo3_calibrated_direct,1,-38.9404,-16.0889,-26.3184,49.67761703151632,1,-62.10239098488456,yahboom_calibrated_direct+neo3_cross_align,0,-6777,3756,3729,-0.5089803628713216,0.24254699523394838,0.5638173948058354,-58.59138282678526,neo3_calibrated_direct:gyro_integral,1,-58.59138282678526,nan,245.1104736328125,0.0,-370,123,1921,-1.7717092285156248,0.5889736083984375,9.198522778320312,9.38608889820861,145,-2,-719,8.85009765625,-0.1220703125,-43.88427734375,0.15446334322459582,-0.0021305288720633907,-0.7659251295067889,-0.7659251295067889,725,2034,-20915,3.9825439453125,11.173095703125,245.1104736328125,98719.484,305.75,1,1,0,0,4025,359,895,1796,1796,1796,1796,11211,F4line=4025;YAH=7184
DIRECT_SERIAL,346,1789591968569312188,2026-09-16T20:52:48.569312+00:00,-1,2165807123785,1789591968500000000,1789591968,500000000,2185498,1789591968511009,1789591968500000,2,4,0.3204129711158077,1.039593600595903,gnss_local_enu_direct,0.3204129711158077,1.039593600595903,110.4347035,-7.0509106,232.37,0.666,1.188,3,1,15,0,0.0574,67.457,0.022,0.053,-0.041,0.24,180.0,99.0,10.0,-67.7097962279183,neo3_calibrated_direct,1,-40.625,-13.5986,-25.3418,49.77468607836719,1,-66.545566527312,yahboom_calibrated_direct+neo3_cross_align,0,-7069,3528,3674,-0.5513188964202747,0.2103894014607363,0.5900984882179214,-64.23576369907973,neo3_calibrated_direct:gyro_integral,1,-64.23576369907973,nan,239.3646240234375,0.0,-399,104,1877,-1.9105729248046874,0.49799394531249996,8.987833032226561,9.2021426573243,118,-8,-804,7.2021484375,-0.48828125,-49.072265625,0.12570120345174005,-0.008522115488253563,-0.856472606569483,-0.856472606569483,689,2103,-21961,3.7847900390625,11.5521240234375,239.3646240234375,98721.008,305.75,1,1,0,0,4036,360,898,1802,1802,1802,1801,11245,F4line=4036;YAH=7207
DIRECT_SERIAL,347,1789591968669341260,2026-09-16T20:52:48.669341+00:00,-1,2165907152825,1789591968600000000,1789591968,600000000,2185595,1789591968607327,1789591968600000,2,4,0.34251041765454715,1.050653103592835,gnss_local_enu_direct,0.34251041765454715,1.050653103592835,110.4347037,-7.0509105,232.35,0.666,1.189,3,1,15,0,0.1237,104.036,-0.03,0.12,0.014,0.261,120.892,99.0,10.05,-70.84261893575565,neo3_calibrated_direct,1,-41.4062,-12.0178,-25.6348,50.16018227957311,1,-72.1611487647722,yahboom_calibrated_direct+neo3_cross_align,0,-7316,3156,3666,-0.5874486962855174,0.15832650185733574,0.6084104305137569,-69.01848511126921,neo3_calibrated_direct:gyro_integral,1,-69.01848511126921,nan,234.42626953125,0.0,-382,105,1960,-1.8291700683593748,0.5027823486328125,9.3852705078125,9.5750694897684,29,-188,-773,1.77001953125,-11.474609375,-47.18017578125,0.030892668644919165,-0.2002697139739587,-0.8234494090525004,-0.8234494090525004,595,2006,-22860,3.2684326171875,11.019287109375,234.42626953125,98720.703,305.75,1,1,0,0,4052,361,900,1807,1807,1807,1807,11282,F4line=4052;YAH=7228
DIRECT_SERIAL,348,1789591968769399600,2026-09-16T20:52:48.769400+00:00,-1,2166007211216,1789591968700000000,1789591968,700000000,2185697,1789591968709756,1789591968700000,2,4,0.36460786190872896,1.0617126065046723,gnss_local_enu_direct,0.36460786190872896,1.0617126065046723,110.4347039,-7.0509104,232.33,0.666,1.191,3,1,14,0,0.2019,73.899,0.056,0.194,0.147,0.249,70.661,99.0,10.01,-75.938824438446,neo3_calibrated_direct,1,-42.1631,-9.27124,-26.3916,50.598413446545926,1,-76.40867197844568,yahboom_calibrated_direct+neo3_cross_align,0,-7377,2828,3734,-0.5967880291726202,0.11269818562459163,0.6073358484453352,-73.34863203825832,neo3_calibrated_direct:gyro_integral,1,-73.34863203825832,nan,229.921875,0.0,-367,73,2023,-1.7573440185546874,0.3495534423828125,9.686939916992188,9.851256293694131,-2,-134,-655,-0.1220703125,-8.1787109375,-39.97802734375,-0.0021305288720633907,-0.14274543442824716,-0.6977482056007605,-0.6977482056007605,448,1869,-23680,2.4609375,10.2667236328125,229.921875,98723.141,305.75,1,1,0,0,4066,362,903,1812,1812,1812,1812,11316,F4line=4066;YAH=7248
DIRECT_SERIAL,349,1789591968881866366,2026-09-16T20:52:48.881866+00:00,-1,2166119677991,1789591968800000000,1789591968,800000000,2185795,1789591968807686,1789591968800000,2,4,0.3867053080436812,1.0617126028585444,gnss_local_enu_direct,0.3867053080436812,1.0617126028585444,110.4347041,-7.0509104,232.31,0.667,1.192,3,1,14,0,0.1841,39.049,0.143,0.116,0.137,0.257,79.964,99.0,10.04,-78.46061609696837,neo3_calibrated_direct,1,-42.3584,-7.87964,-27.002,50.84713149322782,1,-80.05586852600915,yahboom_calibrated_direct+neo3_cross_align,0,-7425,2548,3763,-0.6041756521377797,0.07375437000607163,0.6086607640805376,-76.87955794640844,neo3_calibrated_direct:gyro_integral,1,-76.87955794640844,nan,226.25244140625,0.0,-353,62,2047,-1.6903063720703124,0.296881005859375,9.801861596679688,9.950968029471587,63,-47,-536,3.84521484375,-2.86865234375,-32.71484375,0.06711165946999681,-0.05006742849348968,-0.5709817377129887,-0.5709817377129887,385,1791,-24348,2.1148681640625,9.8382568359375,226.25244140625,98723.758,305.75,1,1,0,0,4075,363,905,1817,1817,1817,1817,11345,F4line=4075;YAH=7268
DIRECT_SERIAL,350,1789591968986315772,2026-09-16T20:52:48.986316+00:00,-1,2166224127339,1789591968900000000,1789591968,900000000,2185896,1789591968907809,1789591968900000,2,4,0.3977540287940293,1.0727721075734886,gnss_local_enu_direct,0.3977540287940293,1.0727721075734886,110.4347042,-7.0509103,232.3,0.667,1.192,3,1,14,0,0.0801,119.124,-0.039,0.07,0.061,0.297,180.0,99.0,10.02,-81.6999831673326,neo3_calibrated_direct,1,-42.5293,-6.09741,-27.0752,50.78372005119456,1,-83.14174197391061,yahboom_calibrated_direct+neo3_cross_align,0,-7444,2308,3762,-0.6073278003346532,0.04041302189416842,0.6086709040178829,-79.78182114324724,neo3_calibrated_direct:gyro_integral,1,-79.78182114324724,nan,223.209228515625,0.0,-375,91,1995,-1.7956512451171873,0.43574470214843747,9.552864624023437,9.729925969115067,33,-33,-401,2.01416015625,-2.01416015625,-24.47509765625,0.035153726389045944,-0.035153726389045944,-0.4271710388487098,-0.4271710388487098,353,1765,-24902,1.9390869140625,9.6954345703125,223.209228515625,98721.008,305.75,1,1,0,0,4087,364,908,1822,1822,1822,1822,11377,F4line=4087;YAH=7288
DIRECT_SERIAL,351,1789591969086327883,2026-09-16T20:52:49.086328+00:00,-1,2166324139453,1789591969000000000,1789591969,0,2186003,1789591969015708,1789591969000000,2,4,0.38670529842179063,1.0285340598412,gnss_local_enu_direct,0.38670529842179063,1.0285340598412,110.4347041,-7.0509107,232.16,0.664,1.184,3,1,15,0,0.0876,73.426,0.025,0.084,0.11,0.261,170.622,99.0,9.92,-84.04467542633901,neo3_calibrated_direct,1,-42.7246,-4.82788,-27.3438,50.95471782763987,1,-85.48475257071546,yahboom_calibrated_direct+neo3_cross_align,0,-7449,2125,3763,-0.6083687430433703,0.01500698216918079,0.6085538078313177,-81.91257112267255,neo3_calibrated_direct:gyro_integral,1,-81.91257112267255,nan,220.9954833984375,0.0,-393,92,2005,-1.8818425048828125,0.44053310546874996,9.600748657226562,9.793353634452052,-4,-136,-322,-0.244140625,-8.30078125,-19.6533203125,-0.004261057744126781,-0.14487596330031055,-0.34301514840220587,-0.34301514840220587,306,1705,-25305,1.680908203125,9.3658447265625,220.9954833984375,98717.344,305.75,1,1,0,0,4100,365,911,1827,1827,1827,1827,11410,F4line=4100;YAH=7308
DIRECT_SERIAL,352,1789591969186333293,2026-09-16T20:52:49.186333+00:00,-1,2166424144891,1789591969100000000,1789591969,100000000,2186095,1789591969107029,1789591969100000,2,4,0.36460784292415843,0.9842960124494863,gnss_local_enu_direct,0.36460784292415843,0.9842960124494863,110.4347039,-7.0509111,232.01,0.661,1.176,3,1,15,0,0.1125,46.801,0.077,0.082,0.069,0.251,127.837,99.0,10.06,-85.60647692073091,neo3_calibrated_direct,1,-42.627,-3.96118,-28.0518,51.182570854074925,1,-87.45325648605743,yahboom_calibrated_direct+neo3_cross_align,0,-7409,1971,3782,-0.6028957388521905,-0.006294971001613256,0.6029286015657574,-83.78995907909724,neo3_calibrated_direct:gyro_integral,1,-83.78995907909724,nan,219.056396484375,0.0,-316,25,2057,-1.5131354492187499,0.1197100830078125,9.849745629882811,9.966012159587791,-43,-190,-301,-2.62451171875,-11.5966796875,-18.37158203125,-0.0458063707493629,-0.2024002428460221,-0.3206445952455403,-0.3206445952455403,220,1542,-25658,1.20849609375,8.470458984375,219.056396484375,98721.617,305.75,1,1,0,0,4108,366,913,1832,1832,1832,1832,11438,F4line=4108;YAH=7328
DIRECT_SERIAL,353,1789591969286372987,2026-09-16T20:52:49.286373+00:00,-1,2166524184590,1789591969200000000,1789591969,200000000,2186196,1789591969208455,1789591969200000,2,4,0.3535591131694754,0.9621769842812791,gnss_local_enu_direct,0.3535591131694754,0.9621769842812791,110.4347038,-7.0509113,231.9,0.658,1.169,3,1,15,0,0.0653,25.388,0.059,0.028,0.088,0.266,180.0,99.0,10.04,-87.3660013546053,neo3_calibrated_direct,1,-42.4072,-2.99072,-28.7842,51.34048293109834,1,-89.06464603955493,yahboom_calibrated_direct+neo3_cross_align,0,-7338,1848,3820,-0.5929159031928828,-0.023239971723750433,0.5933711861430017,-85.43554617443166,neo3_calibrated_direct:gyro_integral,1,-85.43554617443166,nan,217.353515625,0.0,-257,-4,2017,-1.2306196533203124,-0.01915361328125,9.658209497070311,9.73631358786985,14,-78,-257,0.8544921875,-4.7607421875,-15.68603515625,0.014913702104443734,-0.08309062601047223,-0.2737729600601457,-0.2737729600601457,171,1419,-25968,0.9393310546875,7.7947998046875,217.353515625,98721.312,305.75,1,1,0,0,4120,367,916,1837,1837,1837,1837,11470,F4line=4120;YAH=7348
DIRECT_SERIAL,354,1789591969387029086,2026-09-16T20:52:49.387029+00:00,-1,2166624840731,1789591969300000000,1789591969,300000000,2186297,1789591969308547,1789591969300000,2,4,0.3535591102474662,0.9511174711318369,gnss_local_enu_direct,0.3535591102474662,0.9511174711318369,110.4347038,-7.0509114,231.85,0.656,1.165,3,1,15,0,0.0502,58.841,0.026,0.043,0.011,0.236,180.0,99.0,10.02,-88.43389733733483,neo3_calibrated_direct,1,-42.5293,-2.42157,-29.0771,51.57599348694022,1,-90.4732686804297,yahboom_calibrated_direct+neo3_cross_align,0,-7288,1743,3853,-0.5859202771075708,-0.037723934380113316,0.5871334314710138,-86.85652987224391,neo3_calibrated_direct:gyro_integral,1,-86.85652987224391,nan,215.8868408203125,0.0,-257,18,1998,-1.2306196533203124,0.086191259765625,9.567229833984374,9.646436666493948,29,-116,-206,1.77001953125,-7.080078125,-12.5732421875,0.030892668644919165,-0.12357067457967666,-0.21944447382252924,-0.21944447382252924,156,1327,-26235,0.85693359375,7.2894287109375,215.8868408203125,98721.008,305.75,1,1,0,0,4129,368,918,1842,1842,1842,1842,11499,F4line=4129;YAH=7368
DIRECT_SERIAL,355,1789591969487272963,2026-09-16T20:52:49.487273+00:00,-1,2166725084532,1789591969400000000,1789591969,400000000,2186396,1789591969408581,1789591969400000,2,4,0.3535591079966836,0.9511174651650319,gnss_local_enu_direct,0.3535591079966836,0.9511174651650319,110.4347038,-7.0509114,231.81,0.654,1.16,3,1,15,0,0.0255,334.44,0.023,-0.011,0.021,0.277,180.0,99.0,10.03,-89.34635109856525,neo3_calibrated_direct,1,-42.4805,-1.92871,-29.8828,51.973979435426145,1,-91.4198945712686,yahboom_calibrated_direct+neo3_cross_align,0,-7222,1676,3880,-0.5765597312166989,-0.04690592985690677,0.5784645969429877,-88.08805066252782,neo3_calibrated_direct:gyro_integral,1,-88.08805066252782,nan,214.5904541015625,0.0,-217,19,2097,-1.0390835205078124,0.0909796630859375,10.041281762695311,10.095311352282485,19,-24,-144,1.15966796875,-1.46484375,-8.7890625,0.02024002428460221,-0.025566346464760685,-0.15339807878856412,-0.15339807878856412,145,1225,-26471,0.7965087890625,6.7291259765625,214.5904541015625,98724.062,305.75,1,1,0,0,4140,369,921,1848,1848,1848,1847,11533,F4line=4140;YAH=7391
DIRECT_SERIAL,356,1789591969587293626,2026-09-16T20:52:49.587294+00:00,-1,2166825105154,1789591969500000000,1789591969,500000000,2186495,1789591969507545,1789591969500000,2,4,0.3756565535388376,0.9621769704290336,gnss_local_enu_direct,0.3756565535388376,0.9621769704290336,110.434704,-7.0509113,231.81,0.653,1.157,3,1,15,0,0.0457,113.199,-0.018,0.042,0.062,0.2601,180.0,99.0,10.04,-90.1877377445093,neo3_calibrated_direct,1,-42.5781,-1.47552,-29.9072,52.05297657887011,1,-92.42197571916553,yahboom_calibrated_direct+neo3_cross_align,0,-7134,1609,3870,-0.5640396020414236,-0.05604911209233542,0.5668175858575549,-88.94964897002482,neo3_calibrated_direct:gyro_integral,1,-88.94964897002482,nan,213.72802734375,0.0,-192,0,2151,-0.9193734375,0.0,10.299855541992187,10.340806143792065,45,-41,-155,2.74658203125,-2.50244140625,-9.46044921875,0.04793689962142629,-0.043675841877299504,-0.16511598758491278,-0.16511598758491278,167,1190,-26628,0.9173583984375,6.536865234375,213.72802734375,98724.977,305.75,1,1,0,0,4149,370,923,1853,1853,1853,1853,11563,F4line=4149;YAH=7412
DIRECT_SERIAL,357,1789591969687338711,2026-09-16T20:52:49.687339+00:00,-1,2166925150295,1789591969600000000,1789591969,600000000,2186596,1789591969607582,1789591969600000,2,4,0.3977539992161345,0.9732364804774503,gnss_local_enu_direct,0.3977539992161345,0.9732364804774503,110.4347042,-7.0509112,231.84,0.652,1.154,3,1,15,0,0.0751,3.053,0.075,0.004,-0.026,0.278,180.0,99.0,10.02,-90.71862416961932,neo3_calibrated_direct,1,-42.5293,-1.18256,-30.2002,52.17462876421451,1,-93.13706495855543,yahboom_calibrated_direct+neo3_cross_align,0,-7139,1556,3880,-0.5648511937784396,-0.06341341187530182,0.5683996234328406,-90.06184726982983,neo3_calibrated_direct:gyro_integral,1,-90.06184726982983,nan,212.618408203125,0.0,-165,42,2069,-0.7900865478515624,0.201112939453125,9.907206469726562,9.940695307738956,33,-66,-200,2.01416015625,-4.0283203125,-12.20703125,0.035153726389045944,-0.07030745277809189,-0.21305288720633905,-0.21305288720633905,187,1112,-26830,1.0272216796875,6.1083984375,212.618408203125,98721.312,305.75,1,1,0,0,4167,371,926,1858,1858,1858,1858,11601,F4line=4167;YAH=7432
DIRECT_SERIAL,358,1789591969802332762,2026-09-16T20:52:49.802333+00:00,-1,2167040144434,1789591969700000000,1789591969,700000000,2186695,1789591969707996,1789591969700000,2,4,0.40880272342781643,0.9842959871559648,gnss_local_enu_direct,0.40880272342781643,0.9842959871559648,110.4347043,-7.0509111,231.85,0.651,1.151,3,1,15,0,0.0528,204.624,-0.048,-0.022,-0.014,0.255,180.0,99.0,10.03,-92.08324039043355,neo3_calibrated_direct,1,-42.334,-0.435638,-30.0049,51.89076372994566,1,-94.36243280665775,yahboom_calibrated_direct+neo3_cross_align,0,-7158,1469,3917,-0.5677334135240033,-0.07552101990159542,0.5727343653724597,-91.31406928344093,neo3_calibrated_direct:gyro_integral,1,-91.31406928344093,nan,211.35498046875,0.0,-228,26,1998,-1.0917559570312498,0.12449848632812499,9.567229833984374,9.630125525614497,1,25,-201,0.06103515625,1.52587890625,-12.26806640625,0.0010652644360316954,0.02663161090079238,-0.21411815164237075,-0.21411815164237075,168,1088,-27060,0.9228515625,5.9765625,211.35498046875,98724.977,305.75,1,1,0,0,4178,372,928,1863,1863,1863,1863,11632,F4line=4178;YAH=7452
DIRECT_SERIAL,359,1789591969905989941,2026-09-16T20:52:49.905990+00:00,-1,2167143801651,1789591969800000000,1789591969,800000000,2186796,1789591969808104,1789591969800000,2,4,0.4309001678171413,0.9953554941590076,gnss_local_enu_direct,0.4309001678171413,0.9953554941590076,110.4347045,-7.050911,231.86,0.651,1.148,3,1,15,0,0.1261,92.726,-0.006,0.126,0.037,0.258,117.209,99.0,10.01,-93.16980239616339,neo3_calibrated_direct,1,-42.2852,0.156689,-29.8584,51.76472487169927,1,-95.56246965285185,yahboom_calibrated_direct+neo3_cross_align,0,-7200,1380,3878,-0.5739223624524765,-0.08794677063737494,0.580621660454185,-92.34216083367048,neo3_calibrated_direct:gyro_integral,1,-92.34216083367048,nan,210.289306640625,0.0,-265,30,1943,-1.2689268798828124,0.143652099609375,9.303867651367186,9.39110028837772,-32,4,-134,-1.953125,0.244140625,-8.1787109375,-0.03408846195301425,0.004261057744126781,-0.14274543442824716,-0.14274543442824716,137,1116,-27254,0.7525634765625,6.13037109375,210.289306640625,98723.453,305.75,1,1,0,0,4189,373,931,1868,1868,1868,1868,11663,F4line=4189;YAH=7472
DIRECT_SERIAL,360,1789591970006251292,2026-09-16T20:52:50.006251+00:00,-1,2167244062919,1789591969900000000,1789591969,900000000,2186896,1789591969908212,1789591969900000,2,4,0.4640463369196464,0.9953554969250147,gnss_local_enu_direct,0.4640463369196464,0.9953554969250147,110.4347048,-7.050911,231.88,0.65,1.145,3,1,15,0,0.0267,192.995,-0.026,-0.006,0.004,0.268,180.0,99.0,10.01,-94.13789616066872,neo3_calibrated_direct,1,-42.1875,0.680161,-30.0537,51.80224569384923,1,-96.60160753734736,yahboom_calibrated_direct+neo3_cross_align,0,-7182,1310,3857,-0.5714607455332162,-0.09762979739468929,0.5797404255567378,-92.65522006230759,neo3_calibrated_direct:gyro_integral,1,-92.65522006230759,nan,209.8828125,0.0,-206,31,2120,-0.9864110839843749,0.1484405029296875,10.151415039062499,10.20030728482341,7,-33,39,0.42724609375,-2.01416015625,2.38037109375,0.007456851052221867,-0.035153726389045944,0.04154531300523612,0.04154531300523612,97,1052,-27328,0.5328369140625,5.77880859375,209.8828125,98721.922,305.75,1,1,0,0,4199,374,934,1874,1874,1874,1873,11696,F4line=4199;YAH=7495
DIRECT_SERIAL,361,1789591970106349537,2026-09-16T20:52:50.106349+00:00,-1,2167344161124,1789591970000000000,1789591970,0,2187002,1789591970013747,1789591970000000,2,4,0.47509506141124513,1.0174745127846425,gnss_local_enu_direct,0.47509506141124513,1.0174745127846425,110.4347049,-7.0509108,231.91,0.649,1.143,3,1,15,0,0.0765,318.18,0.057,-0.051,0.084,0.274,180.0,99.0,9.92,-93.39949010581455,neo3_calibrated_direct,1,-42.1631,0.276756,-30.2246,51.87803042380788,1,-96.64838634043352,yahboom_calibrated_direct+neo3_cross_align,0,-7144,1313,3862,-0.5659979907817879,-0.09714640849660694,0.5742744555113091,-91.90415746788854,neo3_calibrated_direct:gyro_integral,1,-91.90415746788854,nan,210.574951171875,0.0,-198,11,2029,-0.948103857421875,0.0526724365234375,9.715670336914062,9.761963194236053,17,55,170,1.03759765625,3.35693359375,10.3759765625,0.01810949541253882,0.05858954398174324,0.1810949541253882,0.1810949541253882,124,1092,-27202,0.68115234375,5.99853515625,210.574951171875,98721.617,305.75,1,1,0,0,4210,375,936,1879,1879,1879,1879,11728,F4line=4210;YAH=7516
DIRECT_SERIAL,362,1789591970225344101,2026-09-16T20:52:50.225344+00:00,-1,2167463155964,1789591970100000000,1789591970,100000000,2187096,1789591970108493,1789591970100000,2,4,0.49719250623692757,1.0285340200387123,gnss_local_enu_direct,0.49719250623692757,1.0285340200387123,110.4347051,-7.0509107,231.92,0.649,1.14,3,1,15,0,0.0253,189.09,-0.025,-0.004,0.039,0.248,180.0,99.0,10.03,-92.30745659893424,neo3_calibrated_direct,1,-42.2363,-0.315475,-30.249,51.95196399719288,1,-95.47417711395232,yahboom_calibrated_direct+neo3_cross_align,0,-7139,1395,3814,-0.5651352361357002,-0.08575741288042042,0.57160490636986,-90.63120987077747,neo3_calibrated_direct:gyro_integral,1,-90.63120987077747,nan,211.83837890625,0.0,-230,-15,2033,-1.1013327636718748,-0.0718260498046875,9.734823950195311,9.797187870969093,48,29,211,2.9296875,1.77001953125,12.87841796875,0.05113269292952137,0.030892668644919165,0.2247707960026877,0.2247707960026877,177,1115,-26972,0.9722900390625,6.1248779296875,211.83837890625,98723.758,305.75,1,1,0,0,4220,376,939,1884,1884,1884,1884,11758,F4line=4220;YAH=7536
DIRECT_SERIAL,363,1789591970326316665,2026-09-16T20:52:50.326317+00:00,-1,2167564128227,1789591970200000000,1789591970,200000000,2187197,1789591970208768,1789591970200000,2,4,0.5082412318928251,1.0395935319081178,gnss_local_enu_direct,0.5082412318928251,1.0395935319081178,110.4347052,-7.0509106,231.96,0.648,1.138,3,1,15,0,0.0526,231.17,-0.033,-0.041,-0.04,0.237,180.0,99.0,10.01,-90.2211563097945,neo3_calibrated_direct,1,-42.2607,-1.4534,-30.1758,51.94860962229884,1,-93.46547815646113,yahboom_calibrated_direct+neo3_cross_align,0,-7118,1535,3825,-0.5618722769191755,-0.06629079778589199,0.5657693217570468,-89.32397240410381,neo3_calibrated_direct:gyro_integral,1,-89.32397240410381,nan,213.20068359375,0.0,-239,43,1989,-1.1444283935546875,0.2059013427734375,9.524134204101562,9.594855082212934,-2,8,121,-0.1220703125,0.48828125,7.38525390625,-0.0021305288720633907,0.008522115488253563,0.12889699675983513,0.12889699675983513,237,1158,-26724,1.3018798828125,6.361083984375,213.20068359375,98725.891,305.75,1,1,0,0,4232,377,942,1890,1890,1890,1890,11794,F4line=4232;YAH=7560
DIRECT_SERIAL,364,1789591970431889025,2026-09-16T20:52:50.431889+00:00,-1,2167669700665,1789591970300000000,1789591970,300000000,2187295,1789591970307618,1789591970300000,2,4,0.5303386775576449,1.0395935349324874,gnss_local_enu_direct,0.5303386775576449,1.0395935349324874,110.4347054,-7.0509106,231.98,0.648,1.136,3,1,15,0,0.0431,273.991,0.003,-0.043,0.032,0.2519,180.0,99.0,10.04,-89.96902573985348,neo3_calibrated_direct,1,-42.3096,-1.59149,-30.3223,52.07760526243599,1,-92.7836183260851,yahboom_calibrated_direct+neo3_cross_align,0,-7108,1585,3818,-0.5603478907867994,-0.0593340246565222,0.5634805100366432,-88.97954159856111,neo3_calibrated_direct:gyro_integral,1,-88.97954159856111,nan,213.5797119140625,0.0,-209,40,2045,-1.0007762939453124,0.19153613281249998,9.792284790039062,9.845155188717243,-88,-22,30,-5.37109375,-1.3427734375,1.8310546875,-0.09374327037078918,-0.023435817592697295,0.03195793308095086,0.03195793308095086,173,1138,-26655,0.9503173828125,6.251220703125,213.5797119140625,98723.141,305.75,1,1,0,0,4240,378,944,1895,1895,1895,1895,11822,F4line=4240;YAH=7580
DIRECT_SERIAL,365,1789591970532272527,2026-09-16T20:52:50.532273+00:00,-1,2167770084138,1789591970400000000,1789591970,400000000,2187396,1789591970409003,1789591970400000,2,4,0.5413874035272341,1.0617125496391566,gnss_local_enu_direct,0.5413874035272341,1.0617125496391566,110.4347055,-7.0509104,232.0,0.647,1.134,3,1,15,0,0.051,11.31,0.05,0.01,0.056,0.25,180.0,99.0,10.02,-89.92749324183877,neo3_calibrated_direct,1,-42.2607,-1.61285,-30.7861,52.31015200534692,1,-92.64238701548939,yahboom_calibrated_direct+neo3_cross_align,0,-7051,1579,3828,-0.5521722831612174,-0.06006615876625423,0.5554297198749851,-88.87210540636151,neo3_calibrated_direct:gyro_integral,1,-88.87210540636151,nan,213.695068359375,0.0,-187,43,2050,-0.8954314208984374,0.2059013427734375,9.816226806640625,9.859132898581807,-73,5,8,-4.45556640625,0.30517578125,0.48828125,-0.07776430383031376,0.005326322180158476,0.008522115488253563,0.008522115488253563,92,1121,-26634,0.50537109375,6.1578369140625,213.695068359375,98724.062,305.75,1,1,0,0,4252,379,947,1900,1900,1900,1900,11854,F4line=4252;YAH=7600
DIRECT_SERIAL,366,1789591970633310698,2026-09-16T20:52:50.633311+00:00,-1,2167871122335,1789591970500000000,1789591970,500000000,2187494,1789591970507021,1789591970500000,2,4,0.5634848490358103,1.0617125510956835,gnss_local_enu_direct,0.5634848490358103,1.0617125510956835,110.4347057,-7.0509104,232.01,0.647,1.132,3,1,15,0,0.0406,217.999,-0.032,-0.025,0.028,0.236,180.0,99.0,10.05,-90.17226678554003,neo3_calibrated_direct,1,-42.2607,-1.4801,-30.7129,52.26317716050183,1,-92.47126609872059,yahboom_calibrated_direct+neo3_cross_align,0,-7011,1577,3788,-0.5464311147569717,-0.060273154466377286,0.5497452285594433,-88.79034587340257,neo3_calibrated_direct:gyro_integral,1,-88.79034587340257,nan,213.7774658203125,0.0,-219,21,2102,-1.0486603271484374,0.1005564697265625,10.065223779296874,10.120204040070643,-41,25,11,-2.50244140625,1.52587890625,0.67138671875,-0.043675841877299504,0.02663161090079238,0.011717908796348648,0.011717908796348648,31,1149,-26619,0.1702880859375,6.3116455078125,213.7774658203125,98725.281,305.75,1,1,0,0,4268,380,949,1905,1905,1905,1905,11890,F4line=4268;YAH=7620
DIRECT_SERIAL,367,1789591970733879553,2026-09-16T20:52:50.733880+00:00,-1,2167971691185,1789591970600000000,1789591970,600000000,2187596,1789591970608124,1789591970600000,2,4,0.5745335735599794,1.0727720617186276,gnss_local_enu_direct,0.5745335735599794,1.0727720617186276,110.4347058,-7.0509103,232.04,0.646,1.13,3,1,15,0,0.0601,71.565,0.019,0.057,-0.001,0.235,180.0,99.0,10.01,-90.03663799206616,neo3_calibrated_direct,1,-42.3584,-1.55563,-30.835,52.41613549525471,1,-92.26444503729294,yahboom_calibrated_direct+neo3_cross_align,0,-7012,1574,3778,-0.5465800248937215,-0.06069126654943702,0.5499392270498586,-88.70732963078785,neo3_calibrated_direct:gyro_integral,1,-88.70732963078785,nan,213.8543701171875,0.0,-243,1,2033,-1.1635820068359375,0.0047884033203125,9.734823950195311,9.804118693525439,8,2,17,0.48828125,0.1220703125,1.03759765625,0.008522115488253563,0.0021305288720633907,0.01810949541253882,0.01810949541253882,21,1166,-26605,0.1153564453125,6.405029296875,213.8543701171875,98723.141,305.75,1,1,0,0,4279,381,952,1910,1910,1910,1910,11921,F4line=4279;YAH=7640
DIRECT_SERIAL,368,1789591970834026291,2026-09-16T20:52:50.834026+00:00,-1,2168071837901,1789591970700000000,1789591970,700000000,2187697,1789591970708488,1789591970700000,2,4,0.5966310215879822,1.0838315708850697,gnss_local_enu_direct,0.5966310215879822,1.0838315708850697,110.434706,-7.0509102,232.06,0.645,1.127,3,1,15,0,0.0416,324.782,0.034,-0.024,-0.045,0.254,180.0,99.0,9.99,-89.94616069627988,neo3_calibrated_direct,1,-42.3096,-1.6037,-30.835,52.37815700127297,1,-92.2857042787752,yahboom_calibrated_direct+neo3_cross_align,0,-7007,1573,3739,-0.5458637020218737,-0.06082122797315637,0.549241661709295,-88.58282923607379,neo3_calibrated_direct:gyro_integral,1,-88.58282923607379,nan,213.9752197265625,0.0,-217,-14,2040,-1.0390835205078124,-0.06703764648437499,9.7683427734375,9.823681038592698,-1,-10,23,-0.06103515625,-0.6103515625,1.40380859375,-0.0010652644360316954,-0.010652644360316953,0.024501082028728992,0.024501082028728992,20,1154,-26583,0.10986328125,6.339111328125,213.9752197265625,98721.617,305.75,1,1,0,0,4291,382,954,1915,1915,1915,1915,11953,F4line=4291;YAH=7660
DIRECT_SERIAL,369,1789591970934288624,2026-09-16T20:52:50.934289+00:00,-1,2168172100207,1789591970900000000,1789591970,900000000,2187895,1789591970907536,1789591970900000,2,4,0.6076797476026192,1.1059505877257065,gnss_local_enu_direct,0.6076797476026192,1.1059505877257065,110.4347061,-7.05091,232.09,0.644,1.124,3,1,15,0,0.0494,248.629,-0.018,-0.046,0.08,0.232,180.0,99.0,10.01,-89.8690125755565,neo3_calibrated_direct,1,-42.3096,-1.6449,-31.1035,52.537944958096716,1,-91.88454802714772,yahboom_calibrated_direct+neo3_cross_align,0,-7013,1585,3762,-0.5467042356950574,-0.059166422023356,0.5498965237405695,-88.56627295409092,neo3_calibrated_direct:gyro_integral,1,-88.56627295409092,nan,214.0081787109375,0.0,-222,16,2041,-1.0630255371093749,0.076614453125,9.773131176757811,9.831072477867805,11,-34,-11,0.67138671875,-2.0751953125,-0.67138671875,0.011717908796348648,-0.03621899082507764,-0.011717908796348648,-0.011717908796348648,19,1130,-26577,0.1043701171875,6.207275390625,214.0081787109375,98722.836,305.75,1,1,0,0,4303,383,957,1920,1920,1920,1920,11985,F4line=4303;YAH=7680
DIRECT_SERIAL,370,1789591971038267348,2026-09-16T20:52:51.038267+00:00,-1,2168276078963,1789591970900000000,1789591970,900000000,2187895,1789591970907536,1789591970900000,2,4,0.6297771943215493,1.1170100967167427,gnss_local_enu_direct,0.6297771943215493,1.1170100967167427,110.4347063,-7.0509099,232.11,0.643,1.122,3,1,15,0,0.0334,51.072,0.021,0.026,0.052,0.23,180.0,99.0,10.02,-89.85797489801963,neo3_calibrated_direct,1,-42.2363,-1.64948,-31.1768,52.52255401444602,1,-92.01894712900445,yahboom_calibrated_direct+neo3_cross_align,0,-6978,1579,3753,-0.5416882113538788,-0.059937369374452834,0.5449941344338433,-88.66509549773136,neo3_calibrated_direct:gyro_integral,1,-88.66509549773136,nan,213.914794921875,0.0,-199,-38,2024,-0.9528922607421875,-0.181959326171875,9.6917283203125,9.740159685123782,16,-50,-21,0.9765625,-3.0517578125,-1.28173828125,0.017044230976507126,-0.05326322180158476,-0.022370553156665602,-0.022370553156665602,37,1076,-26594,0.2032470703125,5.91064453125,213.914794921875,98722.836,305.75,1,1,0,0,4311,384,959,1925,1925,1925,1925,12013,F4line=4311;YAH=7700
DIRECT_SERIAL,371,1789591971143454395,2026-09-16T20:52:51.143455+00:00,-1,2168381266021,1789591971100000000,1789591971,100000000,2188097,1789591971108824,1789591971100000,2,4,0.6739720933448089,1.1391291207593868,gnss_local_enu_direct,0.6739720933448089,1.1391291207593868,110.4347067,-7.0509097,232.18,0.641,1.116,3,1,15,0,0.064,116.966,-0.029,0.057,0.021,0.261,180.0,99.0,10.01,-89.66125113956348,neo3_calibrated_direct,1,-42.1143,-1.75171,-31.25,52.47137555290598,1,-91.94386783872892,yahboom_calibrated_direct+neo3_cross_align,0,-6971,1585,3791,-0.5406723039702874,-0.0590923240171141,0.5438919405895646,-88.75908800963307,neo3_calibrated_direct:gyro_integral,1,-88.75908800963307,nan,213.81591796875,0.0,-263,-42,1954,-1.2593500732421874,-0.201112939453125,9.356540087890625,9.443053078199597,16,-75,-19,0.9765625,-4.57763671875,-1.15966796875,0.017044230976507126,-0.07989483270237714,-0.02024002428460221,-0.02024002428460221,53,1062,-26612,0.2911376953125,5.833740234375,213.81591796875,98723.758,305.75,1,1,0,0,4326,386,962,1930,1930,1930,1930,12048,F4line=4326;YAH=7720
DIRECT_SERIAL,372,1789591971244332198,2026-09-16T20:52:51.244332+00:00,-1,2168482143861,1789591971200000000,1789591971,200000000,2188195,1789591971207955,1789591971200000,2,4,0.6850208190668546,1.1501886322393973,gnss_local_enu_direct,0.6850208190668546,1.1501886322393973,110.4347068,-7.0509096,232.21,0.639,1.113,3,1,15,0,0.0532,265.684,-0.004,-0.053,0.021,0.239,180.0,99.0,10.04,-90.04036658440779,neo3_calibrated_direct,1,-42.1875,-1.55106,-31.1035,52.43680630648285,1,-91.91133484543656,yahboom_calibrated_direct+neo3_cross_align,0,-6958,1574,3782,-0.5388246841047314,-0.06059599768426886,0.542221278756114,-88.60173545280902,neo3_calibrated_direct:gyro_integral,1,-88.60173545280902,nan,213.9532470703125,0.0,-119,-6,2014,-0.5698199951171875,-0.028730419921875,9.643844287109374,9.660706645886538,-29,107,6,-1.77001953125,6.53076171875,0.3662109375,-0.030892668644919165,0.11398329465539139,0.006391586616190171,0.006391586616190171,24,1066,-26587,0.1318359375,5.855712890625,213.9532470703125,98724.672,305.75,1,1,0,0,4334,387,964,1936,1936,1936,1936,12080,F4line=4334;YAH=7744
DIRECT_SERIAL,373,1789591971363067560,2026-09-16T20:52:51.363068+00:00,-1,2168600879207,1789591971300000000,1789591971,300000000,2188296,1789591971307961,1789591971300000,2,4,0.7071182701733074,1.161248147011614,gnss_local_enu_direct,0.7071182701733074,1.161248147011614,110.434707,-7.0509095,232.26,0.638,1.11,3,1,15,0,0.0405,147.095,-0.034,0.022,-0.025,0.256,180.0,99.0,10.02,-89.74707911613147,neo3_calibrated_direct,1,-42.334,-1.71051,-31.0303,52.51640618464006,1,-91.78947508455494,yahboom_calibrated_direct+neo3_cross_align,0,-6993,1579,3728,-0.5438424726841539,-0.059963832948110654,0.5471382790091035,-88.65520035667925,neo3_calibrated_direct:gyro_integral,1,-88.65520035667925,nan,213.8873291015625,0.0,-252,-12,2019,-1.20667763671875,-0.05746083984375,9.667786303710937,9.742970013363147,-27,43,-34,-1.64794921875,2.62451171875,-2.0751953125,-0.02876213977285577,0.0458063707493629,-0.03621899082507764,-0.03621899082507764,-14,1179,-26599,-0.076904296875,6.4764404296875,213.8873291015625,98723.141,305.75,1,1,0,0,4345,388,967,1941,1941,1941,1941,12111,F4line=4345;YAH=7764
DIRECT_SERIAL,374,1789591971463295377,2026-09-16T20:52:51.463295+00:00,-1,2168701106943,1789591971400000000,1789591971,400000000,2188397,1789591971409346,1789591971400000,2,4,0.729215722028802,1.161248154094939,gnss_local_enu_direct,0.729215722028802,1.161248154094939,110.4347072,-7.0509095,232.3,0.637,1.108,3,1,15,0,0.0581,177.039,-0.058,0.003,0.011,0.249,180.0,99.0,10.0,-90.37106670341828,neo3_calibrated_direct,1,-42.4561,-1.37329,-30.4443,52.26147486556517,1,-91.89751014312317,yahboom_calibrated_direct+neo3_cross_align,0,-7006,1570,3715,-0.5457253773145869,-0.06123581157972839,0.5491502636482808,-88.56940835033176,neo3_calibrated_direct:gyro_integral,1,-88.56940835033176,nan,213.9532470703125,0.0,-209,-1,2027,-1.0007762939453124,-0.0047884033203125,9.706093530273437,9.757552343582132,2,-3,19,0.1220703125,-0.18310546875,1.15966796875,0.0021305288720633907,-0.0031957933080950856,0.02024002428460221,0.02024002428460221,-18,1190,-26587,-0.098876953125,6.536865234375,213.9532470703125,98722.836,305.75,1,1,0,0,4357,389,970,1947,1947,1947,1946,12146,F4line=4357;YAH=7787
DIRECT_SERIAL,375,1789591971563333518,2026-09-16T20:52:51.563334+00:00,-1,2168801145110,1789591971500000000,1789591971,500000000,2188495,1789591971507221,1789591971500000,2,4,0.751313172443935,1.1833671756782733,gnss_local_enu_direct,0.751313172443935,1.1833671756782733,110.4347074,-7.0509093,232.35,0.636,1.105,3,1,15,0,0.0412,5.572,0.041,0.004,0.006,0.243,180.0,99.0,10.03,-89.94135481019389,neo3_calibrated_direct,1,-42.4316,-1.60828,-30.9814,52.56305155789949,1,-91.92022046125776,yahboom_calibrated_direct+neo3_cross_align,0,-6952,1574,3718,-0.5379629795726214,-0.06058541225480574,0.5413637959530887,-88.52550039830584,neo3_calibrated_direct:gyro_integral,1,-88.52550039830584,nan,213.99169921875,0.0,-222,-8,2061,-1.0630255371093749,-0.0383072265625,9.868899243164062,9.92605979268097,-25,-76,30,-1.52587890625,-4.638671875,1.8310546875,-0.02663161090079238,-0.08096009713840883,0.03195793308095086,0.03195793308095086,-29,1107,-26580,-0.1593017578125,6.0809326171875,213.99169921875,98722.227,305.75,1,1,0,0,4365,390,972,1952,1952,1952,1952,12175,F4line=4365;YAH=7808
DIRECT_SERIAL,376,1789591971682380019,2026-09-16T20:52:51.682380+00:00,-1,2168920191624,1789591971600000000,1789591971,600000000,2188596,1789591971608435,1789591971600000,2,4,0.784459350153772,1.194426691036585,gnss_local_enu_direct,0.784459350153772,1.194426691036585,110.4347077,-7.0509092,232.4,0.635,1.102,3,1,15,0,0.0557,287.784,0.017,-0.053,0.029,0.246,180.0,99.0,10.01,-90.08286303315718,neo3_calibrated_direct,1,-42.2607,-1.52893,-31.2256,52.56750409516225,1,-91.84888380091516,yahboom_calibrated_direct+neo3_cross_align,0,-6952,1579,3757,-0.5379541583814021,-0.059891499180112606,0.5412778105500762,-88.54010985698545,neo3_calibrated_direct:gyro_integral,1,-88.54010985698545,nan,214.002685546875,0.0,-236,-74,2073,-1.13006318359375,-0.354341845703125,9.926360083007811,9.996760747365178,-19,87,-24,-1.15966796875,5.31005859375,-1.46484375,-0.02024002428460221,0.09267800593475749,-0.025566346464760685,-0.025566346464760685,-54,1114,-26578,-0.296630859375,6.119384765625,214.002685546875,98720.703,305.75,1,1,0,0,4384,391,975,1957,1957,1957,1957,12214,F4line=4384;YAH=7828
DIRECT_SERIAL,377,1789591971783392282,2026-09-16T20:52:51.783392+00:00,-1,2169021203852,1789591971700000000,1789591971,700000000,2188697,1789591971708761,1789591971700000,2,4,0.8065568032646683,1.2054862084815965,gnss_local_enu_direct,0.8065568032646683,1.2054862084815965,110.4347079,-7.0509091,232.46,0.634,1.099,3,1,15,0,0.1048,119.745,-0.052,0.091,0.005,0.274,149.784,99.0,9.99,-90.19173051206342,neo3_calibrated_direct,1,-42.3828,-1.47095,-30.9326,52.49086751524021,1,-91.74370115167947,yahboom_calibrated_direct+neo3_cross_align,0,-6974,1572,3715,-0.5411260913335125,-0.06090179072604779,0.5445424453938593,-88.62440450719285,neo3_calibrated_direct:gyro_integral,1,-88.62440450719285,nan,213.8983154296875,0.0,-244,5,2044,-1.16837041015625,0.023942016601562498,9.787496386718749,9.857015174763616,12,47,-2,0.732421875,2.86865234375,-0.1220703125,0.012783173232380343,0.05006742849348968,-0.0021305288720633907,-0.0021305288720633907,-66,1195,-26597,-0.362548828125,6.5643310546875,213.8983154296875,98722.227,305.75,1,1,0,0,4398,392,978,1963,1963,1963,1963,12252,F4line=4398;YAH=7852
DIRECT_SERIAL,378,1789591971886248730,2026-09-16T20:52:51.886249+00:00,-1,2169124060299,1789591971800000000,1789591971,800000000,2188795,1789591971807730,1789591971800000,2,4,0.839702980797161,1.216545726181848,gnss_local_enu_direct,0.839702980797161,1.216545726181848,110.4347082,-7.050909,232.52,0.633,1.096,3,1,15,0,0.0336,292.751,0.013,-0.031,-0.001,0.273,180.0,99.0,10.03,-90.30625404831285,neo3_calibrated_direct,1,-42.4805,-1.40915,-30.835,52.51072089557046,1,-91.49544332864637,yahboom_calibrated_direct+neo3_cross_align,0,-6966,1581,3699,-0.5399612738131712,-0.05963863328564933,0.5432448285976799,-88.58540600859695,neo3_calibrated_direct:gyro_integral,1,-88.58540600859695,nan,213.9422607421875,0.0,-285,16,2040,-1.3646949462890625,0.076614453125,9.7683427734375,9.863507622049227,-4,-35,0,-0.244140625,-2.13623046875,0.0,-0.004261057744126781,-0.03728425526110934,0.0,0.0,-52,1231,-26589,-0.28564453125,6.7620849609375,213.9422607421875,98722.531,305.75,1,1,0,0,4408,393,980,1968,1968,1968,1968,12282,F4line=4408;YAH=7872
DIRECT_SERIAL,379,1789591971986278997,2026-09-16T20:52:51.986279+00:00,-1,2169224090596,1789591971900000000,1789591971,900000000,2188896,1789591971907829,1789591971900000,2,4,0.8618004345794811,1.2276052403115674,gnss_local_enu_direct,0.8618004345794811,1.2276052403115674,110.4347084,-7.0509089,232.56,0.632,1.093,3,1,15,0,0.0328,322.431,0.026,-0.02,-0.034,0.247,180.0,99.0,10.01,-90.04563240449752,neo3_calibrated_direct,1,-42.3828,-1.55106,-31.1279,52.608494384211376,1,-91.49110719151072,yahboom_calibrated_direct+neo3_cross_align,0,-6969,1581,3701,-0.5403921260792262,-0.05964392600038089,0.5436736593188649,-88.73200622624834,neo3_calibrated_direct:gyro_integral,1,-88.73200622624834,nan,213.804931640625,0.0,-233,-50,2011,-1.1156979736328125,-0.239420166015625,9.629479077148437,9.696853679493303,-4,-63,-33,-0.244140625,-3.84521484375,-2.01416015625,-0.004261057744126781,-0.06711165946999681,-0.035153726389045944,-0.035153726389045944,-66,1170,-26614,-0.362548828125,6.427001953125,213.804931640625,98722.836,305.75,1,1,0,0,4419,394,983,1973,1973,1973,1973,12313,F4line=4419;YAH=7892
DIRECT_SERIAL,380,1789591972090045428,2026-09-16T20:52:52.090045+00:00,-1,2169327857057,1789591972000000000,1789591972,0,2189001,1789591972013428,1789591972000000,2,4,0.883897886558649,1.2386647562790474,gnss_local_enu_direct,0.883897886558649,1.2386647562790474,110.4347086,-7.0509088,232.61,0.631,1.091,3,1,15,0,0.0513,56.929,0.028,0.043,0.008,0.254,180.0,99.0,9.93,-90.06864852089797,neo3_calibrated_direct,1,-42.3584,-1.53809,-31.4941,52.80604232678397,1,-91.8407415178249,yahboom_calibrated_direct+neo3_cross_align,0,-6930,1561,3709,-0.534826331385388,-0.06235077300764306,0.5384485338802619,-88.915116828177,neo3_calibrated_direct:gyro_integral,1,-88.915116828177,nan,213.6181640625,0.0,-221,10,1977,-1.0582371337890624,0.047884033203124995,9.466673364257812,9.525757885728265,-65,-221,-23,-3.96728515625,-13.48876953125,-1.40380859375,-0.0692421883420602,-0.23542344036300467,-0.024501082028728992,-0.024501082028728992,-96,1055,-26648,-0.52734375,5.7952880859375,213.6181640625,98722.836,305.75,1,1,0,0,4430,395,985,1978,1978,1978,1978,12344,F4line=4430;YAH=7912
DIRECT_SERIAL,381,1789591972201276870,2026-09-16T20:52:52.201277+00:00,-1,2169439088520,1789591972100000000,1789591972,100000000,2189096,1789591972108136,1789591972100000,2,4,0.9059953406661307,1.2497242705327098,gnss_local_enu_direct,0.9059953406661307,1.2497242705327098,110.4347088,-7.0509087,232.65,0.63,1.087,3,1,15,0,0.031,159.228,-0.029,0.011,0.049,0.237,180.0,99.0,10.02,-90.21275220965062,neo3_calibrated_direct,1,-41.8701,-1.4534,-32.9102,53.27568779105531,1,-91.80888413999816,yahboom_calibrated_direct+neo3_cross_align,0,-6836,1562,3750,-0.5213245294774207,-0.06204615199778209,0.5250037999982342,-89.02993006200198,neo3_calibrated_direct:gyro_integral,1,-89.02993006200198,nan,213.5028076171875,0.0,-106,-17,2494,-0.507570751953125,-0.08140285644531249,11.942277880859374,11.953336583437228,6,-121,6,0.3662109375,-7.38525390625,0.3662109375,0.006391586616190171,-0.12889699675983513,0.006391586616190171,0.006391586616190171,-122,774,-26669,-0.670166015625,4.251708984375,213.5028076171875,98720.703,305.75,1,1,0,0,4440,396,988,1983,1983,1983,1983,12374,F4line=4440;YAH=7932
DIRECT_SERIAL,382,1789591972302348106,2026-09-16T20:52:52.302348+00:00,-1,2169540159693,1789591972200000000,1789591972,200000000,2189198,1789591972210740,1789591972200000,2,4,0.9280927918638835,1.2718432900831855,gnss_local_enu_direct,0.9280927918638835,1.2718432900831855,110.434709,-7.0509085,232.68,0.628,1.083,3,1,15,0,0.1065,9.728,0.105,0.018,0.189,0.23,123.685,99.0,9.99,-90.2186084078919,neo3_calibrated_direct,1,-41.748,-1.44882,-33.0566,53.27038001509281,1,-91.62537653130673,yahboom_calibrated_direct+neo3_cross_align,0,-6788,1569,3750,-0.5144185435528337,-0.060989990257506684,0.5180214444042152,-88.99446912956796,neo3_calibrated_direct:gyro_integral,1,-88.99446912956796,nan,213.5357666015625,0.0,-160,-13,2074,-0.7661445312499999,-0.062249243164062495,9.931148486328125,9.960851503186673,13,8,1,0.79345703125,0.48828125,0.06103515625,0.01384843766841204,0.008522115488253563,0.0010652644360316954,0.0010652644360316954,-105,798,-26663,-0.5767822265625,4.383544921875,213.5357666015625,98721.922,305.75,1,1,0,0,4452,397,991,1989,1989,1989,1989,12410,F4line=4452;YAH=7956
DIRECT_SERIAL,383,1789591972410420270,2026-09-16T20:52:52.410420+00:00,-1,2169648231851,1789591972300000000,1789591972,300000000,2189296,1789591972308480,1789591972300000,2,4,0.9501902465189187,1.282902804599424,gnss_local_enu_direct,0.9501902465189187,1.282902804599424,110.4347092,-7.0509084,232.72,0.626,1.08,3,1,15,0,0.0374,235.886,-0.021,-0.031,-0.034,0.233,180.0,99.0,10.02,-90.2037199671759,neo3_calibrated_direct,1,-41.8457,-1.45798,-33.1055,53.377546257020846,1,-91.40291601290954,yahboom_calibrated_direct+neo3_cross_align,0,-6793,1574,3744,-0.515127809471706,-0.060304898374032835,0.5186456794951836,-88.97635308226565,neo3_calibrated_direct:gyro_integral,1,-88.97635308226565,nan,213.5467529296875,0.0,-157,-8,2132,-0.7517793212890624,-0.0383072265625,10.20887587890625,10.236590560457062,37,55,7,2.25830078125,3.35693359375,0.42724609375,0.039414784133172724,0.05858954398174324,0.007456851052221867,0.007456851052221867,-59,837,-26661,-0.3240966796875,4.5977783203125,213.5467529296875,98724.062,305.75,1,1,0,0,4460,398,993,1994,1994,1994,1994,12438,F4line=4460;YAH=7976
DIRECT_SERIAL,384,1789591972520636972,2026-09-16T20:52:52.520637+00:00,-1,2169758448717,1789591972400000000,1789591972,400000000,2189397,1789591972408460,1789591972400000,2,4,0.9722877003338094,1.2829028122215755,gnss_local_enu_direct,0.9722877003338094,1.2829028122215755,110.4347094,-7.0509084,232.76,0.624,1.076,3,1,15,0,0.0649,151.46,-0.057,0.031,0.019,0.223,180.0,99.0,10.0,-89.9047837433975,neo3_calibrated_direct,1,-41.8213,-1.61743,-33.0078,53.3024584267452,1,-91.02591695274461,yahboom_calibrated_direct+neo3_cross_align,0,-6797,1590,3731,-0.5156740513478777,-0.05809143348799026,0.5189357781828338,-88.96780402379395,neo3_calibrated_direct:gyro_integral,1,-88.96780402379395,nan,213.55224609375,0.0,-170,-12,2032,-0.814028564453125,-0.05746083984375,9.730035546875,9.764196638500898,10,5,-2,0.6103515625,0.30517578125,-0.1220703125,0.010652644360316953,0.005326322180158476,-0.0021305288720633907,-0.0021305288720633907,-45,839,-26660,-0.2471923828125,4.6087646484375,213.55224609375,98724.367,305.75,1,1,0,0,4472,399,996,1999,1999,1999,1999,12470,F4line=4472;YAH=7996
DIRECT_SERIAL,385,1789591972621377122,2026-09-16T20:52:52.621377+00:00,-1,2169859188721,1789591972500000000,1789591972,500000000,2189494,1789591972506423,1789591972500000,2,4,0.9943851551000406,1.2939623272115026,gnss_local_enu_direct,0.9943851551000406,1.2939623272115026,110.4347096,-7.0509083,232.8,0.623,1.073,3,1,15,0,0.0412,22.834,0.038,0.016,-0.008,0.198,180.0,99.0,10.05,-89.86619832515181,neo3_calibrated_direct,1,-41.9678,-1.64032,-32.6904,53.22263746473298,1,-90.45026283064138,yahboom_calibrated_direct+neo3_cross_align,0,-6800,1624,3736,-0.5160449195136417,-0.053378117294808576,0.5187982096748015,-88.97023357298828,neo3_calibrated_direct:gyro_integral,1,-88.97023357298828,nan,213.5467529296875,0.0,-157,-1,2023,-0.7517793212890624,-0.0047884033203125,9.686939916992188,9.716069165672959,9,55,0,0.54931640625,3.35693359375,0.0,0.009587379924285258,0.05858954398174324,0.0,0.0,-8,880,-26661,-0.0439453125,4.833984375,213.5467529296875,98724.977,305.75,1,1,0,0,4489,400,999,2005,2005,2005,2005,12511,F4line=4489;YAH=8020
DIRECT_SERIAL,386,1789591972721377944,2026-09-16T20:52:52.721378+00:00,-1,2169959189515,1789591972600000000,1789591972,600000000,2189597,1789591972608966,1789591972600000,2,4,1.0164826062191676,1.3050218398962568,gnss_local_enu_direct,1.0164826062191676,1.3050218398962568,110.4347098,-7.0509082,232.83,0.621,1.069,3,1,15,0,0.0175,246.371,-0.007,-0.016,0.0,0.239,180.0,99.0,10.0,-89.80928567209915,neo3_calibrated_direct,1,-41.9922,-1.67084,-32.9102,53.37806507532471,1,-90.37323614974322,yahboom_calibrated_direct+neo3_cross_align,0,-6789,1626,3746,-0.5144615993949522,-0.053081145444248926,0.5171927544481707,-88.9714537240503,neo3_calibrated_direct:gyro_integral,1,-88.9714537240503,nan,213.5467529296875,0.0,-185,1,1953,-0.8858546142578124,0.0047884033203125,9.351751684570312,9.393615964913185,-9,-23,-1,-0.54931640625,-1.40380859375,-0.06103515625,-0.009587379924285258,-0.024501082028728992,-0.0010652644360316954,-0.0010652644360316954,-10,872,-26661,-0.054931640625,4.7900390625,213.5467529296875,98726.195,305.75,1,1,0,0,4499,401,1001,2010,2010,2010,2010,12541,F4line=4499;YAH=8040
DIRECT_SERIAL,387,1789591972833052750,2026-09-16T20:52:52.833053+00:00,-1,2170070864501,1789591972700000000,1789591972,700000000,2189696,1789591972707887,1789591972700000,2,4,1.0275313392269954,1.3160813574623285,gnss_local_enu_direct,1.0275313392269954,1.3160813574623285,110.4347099,-7.0509081,232.88,0.619,1.066,3,1,15,0,0.0645,229.399,-0.042,-0.049,0.032,0.217,180.0,99.0,10.01,-89.98537725618569,neo3_calibrated_direct,1,-41.9922,-1.57776,-32.6416,53.21003888381965,1,-90.5643717744915,yahboom_calibrated_direct+neo3_cross_align,0,-6788,1609,3736,-0.5143479740230794,-0.05543868565996169,0.5173270592665248,-88.97267060265136,neo3_calibrated_direct:gyro_integral,1,-88.97267060265136,nan,213.5467529296875,0.0,-176,-8,2113,-0.842758984375,-0.0383072265625,10.117896215820313,10.153006154999744,4,-10,0,0.244140625,-0.6103515625,0.0,0.004261057744126781,-0.010652644360316953,0.0,0.0,-7,877,-26661,-0.0384521484375,4.8175048828125,213.5467529296875,98725.891,305.75,1,1,0,0,4512,402,1004,2015,2015,2015,2015,12574,F4line=4512;YAH=8060
DIRECT_SERIAL,388,1789591972933348648,2026-09-16T20:52:52.933349+00:00,-1,2170171160309,1789591972800000000,1789591972,800000000,2189796,1789591972808115,1789591972800000,2,4,1.0385800679249186,1.3160813634872004,gnss_local_enu_direct,1.0385800679249186,1.3160813634872004,110.43471,-7.0509081,232.91,0.618,1.062,3,1,15,0,0.0598,107.526,-0.018,0.057,0.011,0.2601,180.0,99.0,10.01,-89.64089812506037,neo3_calibrated_direct,1,-41.9678,-1.75934,-32.9834,53.406892716536134,1,-90.28312801546898,yahboom_calibrated_direct+neo3_cross_align,0,-6799,1622,3729,-0.515904830568111,-0.05365391828644197,0.518687321178183,-88.97388644743896,neo3_calibrated_direct:gyro_integral,1,-88.97388644743896,nan,213.541259765625,0.0,-155,4,2017,-0.7422025146484375,0.01915361328125,9.658209497070311,9.686704399482382,1,19,-1,0.06103515625,1.15966796875,-0.06103515625,0.0010652644360316954,0.02024002428460221,-0.0010652644360316954,-0.0010652644360316954,-7,874,-26662,-0.0384521484375,4.801025390625,213.541259765625,98726.805,305.75,1,1,0,0,4524,403,1007,2020,2020,2020,2020,12606,F4line=4524;YAH=8080
DIRECT_SERIAL,389,1789591973034412651,2026-09-16T20:52:53.034413+00:00,-1,2170272224278,1789591972900000000,1789591972,900000000,2189897,1789591972909504,1789591972900000,2,4,1.0606775229051153,1.3271408785895211,gnss_local_enu_direct,1.0606775229051153,1.3271408785895211,110.4347102,-7.050908,232.95,0.616,1.059,3,1,15,0,0.0545,277.386,0.007,-0.054,0.001,0.267,180.0,99.0,10.0,-90.01039260378964,neo3_calibrated_direct,1,-41.9678,-1.56403,-32.7881,53.28040848464752,1,-90.39097205149707,yahboom_calibrated_direct+neo3_cross_align,0,-6788,1613,3739,-0.514340917070104,-0.05488355520020719,0.5172608467726219,-88.97388644743896,neo3_calibrated_direct:gyro_integral,1,-88.97388644743896,nan,213.541259765625,0.0,-179,-3,2008,-0.8571241943359375,-0.0143652099609375,9.6151138671875,9.653252453072726,0,-5,0,0.0,-0.30517578125,0.0,0.0,-0.005326322180158476,0.0,0.0,-8,873,-26662,-0.0439453125,4.7955322265625,213.541259765625,98726.195,305.75,1,1,0,0,4532,404,1009,2025,2025,2025,2025,12634,F4line=4532;YAH=8100
DIRECT_SERIAL,390,1789591973134580409,2026-09-16T20:52:53.134580+00:00,-1,2170372392012,1789591973000000000,1789591973,0,2190002,1789591973013963,1789591973000000,2,4,1.0717262532372729,1.3271408845671373,gnss_local_enu_direct,1.0717262532372729,1.3271408845671373,110.4347103,-7.050908,232.98,0.615,1.058,3,1,15,0,0.0532,228.814,-0.035,-0.04,-0.033,0.2519,180.0,99.0,9.92,-89.67170019078146,neo3_calibrated_direct,1,-41.9434,-1.74255,-32.8857,53.32686516712285,1,-90.40511384166163,yahboom_calibrated_direct+neo3_cross_align,0,-6794,1606,3727,-0.515214971269921,-0.0558656189342407,0.5182349216326234,-88.97388644743896,neo3_calibrated_direct:gyro_integral,1,-88.97388644743896,nan,213.541259765625,0.0,-166,-1,2076,-0.7948749511718749,-0.0047884033203125,9.94072529296875,9.972455488347666,-3,-6,0,-0.18310546875,-0.3662109375,0.0,-0.0031957933080950856,-0.006391586616190171,0.0,0.0,-7,874,-26662,-0.0384521484375,4.801025390625,213.541259765625,98723.758,305.75,1,1,0,0,4548,405,1012,2030,2030,2030,2030,12670,F4line=4548;YAH=8120
DIRECT_SERIAL,391,1789591973234833910,2026-09-16T20:52:53.234834+00:00,-1,2170472645538,1789591973200000000,1789591973,200000000,2190196,1789591973208069,1789591973200000,2,4,1.0717262532372729,1.3271408845671373,gnss_local_enu_direct,1.0717262532372729,1.3271408845671373,110.4347103,-7.050908,232.98,0.615,1.058,3,1,15,0,0.0394,297.216,0.018,-0.035,-0.118,0.232,180.0,99.0,10.01,-90.01882013552546,neo3_calibrated_direct,1,-42.0166,-1.56021,-32.7637,53.30374253740632,1,-90.17271297888769,yahboom_calibrated_direct+neo3_cross_align,0,-6809,1619,3746,-0.517346297503026,-0.054087908513696395,0.52016602483003,-88.97388644743896,neo3_calibrated_direct:gyro_integral,1,-88.97388644743896,nan,213.5357666015625,0.0,-169,-4,2037,-0.8092401611328125,-0.01915361328125,9.753977563476562,9.787508100027104,2,4,0,0.1220703125,0.244140625,0.0,0.0021305288720633907,0.004261057744126781,0.0,0.0,-7,872,-26663,-0.0384521484375,4.7900390625,213.5357666015625,98720.703,305.75,1,1,0,0,4557,406,1014,2035,2035,2035,2035,12699,F4line=4557;YAH=8140
DIRECT_SERIAL,392,1789591973335398523,2026-09-16T20:52:53.335398+00:00,-1,2170573210104,1789591973200000000,1789591973,200000000,2190196,1789591973208069,1789591973200000,2,4,1.071726251446795,1.3271408824688762,gnss_local_enu_direct,1.071726251446795,1.3271408824688762,110.4347103,-7.050908,232.97,0.615,1.057,3,1,15,0,0.0251,28.61,0.022,0.012,-0.055,0.244,180.0,99.0,10.03,-89.642669126026,neo3_calibrated_direct,1,-41.8701,-1.75629,-33.1543,53.43591897838101,1,-90.36444507975717,yahboom_calibrated_direct+neo3_cross_align,0,-6796,1602,3724,-0.5155092630669331,-0.0564242778704829,0.5185879862096864,-88.97388644743896,neo3_calibrated_direct:gyro_integral,1,-88.97388644743896,nan,213.5357666015625,0.0,-169,-3,2028,-0.8092401611328125,-0.0143652099609375,9.710881933593749,9.744552525685567,0,0,0,0.0,0.0,0.0,0.0,0.0,0.0,0.0,-7,871,-26663,-0.0384521484375,4.7845458984375,213.5357666015625,98722.836,305.75,1,1,0,0,4568,407,1017,2040,2040,2040,2040,12730,F4line=4568;YAH=8160
DIRECT_SERIAL,393,1789591973436179796,2026-09-16T20:52:53.436180+00:00,-1,2170673991403,1789591973400000000,1789591973,400000000,2190397,1789591973409502,1789591973400000,2,4,1.071726251446795,1.3271408824688762,gnss_local_enu_direct,1.071726251446795,1.3271408824688762,110.4347103,-7.050908,232.97,0.614,1.057,3,1,15,0,0.0389,72.031,0.012,0.037,0.011,0.275,180.0,99.0,9.99,-90.0921754944098,neo3_calibrated_direct,1,-41.9678,-1.51978,-32.4951,53.09931724700798,1,-90.2270752803255,yahboom_calibrated_direct+neo3_cross_align,0,-6788,1611,3732,-0.5143444455465918,-0.05516112043008444,0.5172938796001101,-88.97388644743896,neo3_calibrated_direct:gyro_integral,1,-88.97388644743896,nan,213.5357666015625,0.0,-168,-1,2056,-0.8044517578125,-0.0047884033203125,9.8449572265625,9.877770414030646,-1,-2,0,-0.06103515625,-0.1220703125,0.0,-0.0010652644360316954,-0.0021305288720633907,0.0,0.0,-7,871,-26663,-0.0384521484375,4.7845458984375,213.5357666015625,98721.617,305.75,1,1,0,0,4578,408,1019,2045,2045,2045,2045,12760,F4line=4578;YAH=8180
DIRECT_SERIAL,394,1789591973538433519,2026-09-16T20:52:53.538434+00:00,-1,2170776245226,1789591973500000000,1789591973,500000000,2190495,1789591973507336,1789591973500000,2,4,1.0717262483808223,1.3382003858512421,gnss_local_enu_direct,1.0717262483808223,1.3382003858512421,110.4347103,-7.0509079,232.95,0.614,1.056,3,1,15,0,0.0473,6.072,0.047,0.005,-0.065,0.24,180.0,99.0,10.04,-89.44744035287772,neo3_calibrated_direct,1,-41.9678,-1.86157,-33.0078,53.42542971792459,1,-89.89286671627879,yahboom_calibrated_direct+neo3_cross_align,0,-6810,1628,3712,-0.5174740367808496,-0.05284062921749263,0.5201648881252642,-88.97388644743896,neo3_calibrated_direct:gyro_integral,1,-88.97388644743896,nan,213.5357666015625,0.0,-171,-4,2046,-0.8188169677734375,-0.01915361328125,9.797073193359374,9.831249729493004,0,1,0,0.0,0.06103515625,0.0,0.0,0.0010652644360316954,0.0,0.0,-7,870,-26663,-0.0384521484375,4.779052734375,213.5357666015625,98722.836,305.75,1,1,0,0,4591,410,1022,2050,2050,2050,2050,12793,F4line=4591;YAH=8200
DIRECT_SERIAL,395,1789591973639336732,2026-09-16T20:52:53.639337+00:00,-1,2170877148375,1789591973600000000,1789591973,600000000,2190596,1789591973608030,1789591973600000,2,4,1.0717262500601041,1.3382003879379543,gnss_local_enu_direct,1.0717262500601041,1.3382003879379543,110.4347103,-7.0509079,232.96,0.613,1.055,3,1,15,0,0.0454,194.036,-0.044,-0.011,0.003,0.222,180.0,99.0,10.02,-89.67170019078146,neo3_calibrated_direct,1,-41.9434,-1.74255,-32.9102,53.341977354636,1,-90.14309423799502,yahboom_calibrated_direct+neo3_cross_align,0,-6786,1610,3738,-0.5140589749407989,-0.05529637456853536,0.5170244856460946,-88.97388644743896,neo3_calibrated_direct:gyro_integral,1,-88.97388644743896,nan,213.5357666015625,0.0,-168,1,2046,-0.8044517578125,0.0047884033203125,9.797073193359374,9.83004622143227,0,0,0,0.0,0.0,0.0,0.0,0.0,0.0,0.0,-7,870,-26663,-0.0384521484375,4.779052734375,213.5357666015625,98724.062,305.75,1,1,0,0,4607,411,1024,2056,2056,2056,2056,12833,F4line=4607;YAH=8224
DIRECT_SERIAL,396,1789591973744895319,2026-09-16T20:52:53.744895+00:00,-1,2170982706938,1789591973700000000,1789591973,700000000,2190697,1789591973708367,1789591973700000,2,4,1.0717262483808223,1.3382003858512421,gnss_local_enu_direct,1.0717262483808223,1.3382003858512421,110.4347103,-7.0509079,232.95,0.613,1.054,3,1,15,0,0.0213,221.186,-0.016,-0.014,-0.018,0.238,180.0,99.0,10.0,-89.64089812506037,neo3_calibrated_direct,1,-41.9678,-1.75934,-33.0322,53.43704474346986,1,-90.25148331907428,yahboom_calibrated_direct+neo3_cross_align,0,-6788,1598,3733,-0.5143673806437619,-0.056965294424286564,0.5175121709092166,-88.97388644743896,neo3_calibrated_direct:gyro_integral,1,-88.97388644743896,nan,213.5357666015625,0.0,-170,-2,2042,-0.814028564453125,-0.009576806640625,9.777919580078125,9.81175038071425,0,0,0,0.0,0.0,0.0,0.0,0.0,0.0,0.0,-7,869,-26663,-0.0384521484375,4.7735595703125,213.5357666015625,98723.453,305.75,1,1,0,0,4619,412,1027,2061,2061,2061,2061,12865,F4line=4619;YAH=8244
DIRECT_SERIAL,397,1789591973845011961,2026-09-16T20:52:53.845012+00:00,-1,2171082823612,1789591973800000000,1789591973,800000000,2190798,1789591973809679,1789591973800000,2,4,1.0606775231977068,1.3382003860297766,gnss_local_enu_direct,1.0606775231977068,1.3382003860297766,110.4347102,-7.0509079,232.95,0.612,1.053,3,1,15,0,0.0429,242.241,-0.02,-0.038,-0.036,0.254,180.0,99.0,9.99,-89.7459269843711,neo3_calibrated_direct,1,-41.9189,-1.70288,-33.0322,53.39681839158959,1,-90.04646499126851,yahboom_calibrated_direct+neo3_cross_align,0,-6793,1609,3705,-0.5150660611331711,-0.05544750685118097,0.5180419609908558,-88.97388644743896,neo3_calibrated_direct:gyro_integral,1,-88.97388644743896,nan,213.5302734375,0.0,-167,4,2041,-0.7996633544921875,0.01915361328125,9.773131176757811,9.805810590641395,1,0,0,0.06103515625,0.0,0.0,0.0010652644360316954,0.0,0.0,0.0,-6,869,-26664,-0.032958984375,4.7735595703125,213.5302734375,98721.922,305.75,1,1,0,0,4632,413,1029,2066,2066,2066,2066,12898,F4line=4632;YAH=8264
DIRECT_SERIAL,398,1789591973957557271,2026-09-16T20:52:53.957557+00:00,-1,2171195368927,1789591973900000000,1789591973,900000000,2190896,1789591973908631,1789591973900000,2,4,1.0606775215184245,1.3382003839430645,gnss_local_enu_direct,1.0606775215184245,1.3382003839430645,110.4347102,-7.0509079,232.94,0.611,1.052,3,1,15,0,0.0383,172.504,-0.038,0.005,-0.001,0.193,180.0,99.0,10.02,-89.65146994664688,neo3_calibrated_direct,1,-41.9434,-1.75323,-32.9102,53.34232731174091,1,-89.90303381438669,yahboom_calibrated_direct+neo3_cross_align,0,-6811,1615,3733,-0.5176405893000381,-0.0546465674499386,0.5205170765930273,-88.97388644743896,neo3_calibrated_direct:gyro_integral,1,-88.97388644743896,nan,213.5302734375,0.0,-173,-5,2043,-0.8283937744140625,-0.023942016601562498,9.782707983398437,9.81774846663401,-2,0,0,-0.1220703125,0.0,0.0,-0.0021305288720633907,0.0,0.0,0.0,-7,868,-26664,-0.0384521484375,4.76806640625,213.5302734375,98726.195,305.75,1,1,0,0,4642,414,1032,2071,2071,2071,2071,12928,F4line=4642;YAH=8284
DIRECT_SERIAL,399,1789591974058322798,2026-09-16T20:52:54.058323+00:00,-1,2171296134407,1789591974000000000,1789591974,0,2191007,1789591974019783,1789591974000000,2,4,1.0606775231977068,1.3382003860297766,gnss_local_enu_direct,1.0606775231977068,1.3382003860297766,110.4347102,-7.0509079,232.95,0.61,1.051,3,1,15,0,0.0326,49.97,0.021,0.025,-0.043,0.247,180.0,99.0,9.87,-89.44974491088833,neo3_calibrated_direct,1,-42.0166,-1.86157,-33.1543,53.55434367924697,1,-89.81134256543181,yahboom_calibrated_direct+neo3_cross_align,0,-6795,1620,3723,-0.5153338893565255,-0.0539244265633438,0.5181475285085407,-88.97388644743896,neo3_calibrated_direct:gyro_integral,1,-88.97388644743896,nan,213.5302734375,0.0,-169,3,2043,-0.8092401611328125,0.0143652099609375,9.782707983398437,9.816132206021626,0,0,0,0.0,0.0,0.0,0.0,0.0,0.0,0.0,-7,868,-26664,-0.0384521484375,4.76806640625,213.5302734375,98728.336,305.75,1,1,0,0,4654,415,1035,2077,2077,2077,2077,12964,F4line=4654;YAH=8308
DIRECT_SERIAL,400,1789591974158346108,2026-09-16T20:52:54.158346+00:00,-1,2171396157824,1789591974100000000,1789591974,100000000,2191099,1789591974110890,1789591974100000,2,4,1.0606775231977068,1.3382003860297766,gnss_local_enu_direct,1.0606775231977068,1.3382003860297766,110.4347102,-7.0509079,232.95,0.609,1.05,3,1,15,0,0.0548,231.667,-0.034,-0.043,0.021,0.241,180.0,99.0,10.02,-89.54707649184873,neo3_calibrated_direct,1,-41.8701,-1.80664,-33.0322,53.361928928212485,1,-89.70055527410518,yahboom_calibrated_direct+neo3_cross_align,0,-6798,1626,3751,-0.5157541561931173,-0.05309702358844362,0.5184801283987903,-88.97388644743896,neo3_calibrated_direct:gyro_integral,1,-88.97388644743896,nan,213.5302734375,0.0,-172,-7,2041,-0.82360537109375,-0.033518823242187495,9.773131176757811,9.807830663144706,-1,0,0,-0.06103515625,0.0,0.0,-0.0010652644360316954,0.0,0.0,0.0,-7,868,-26664,-0.0384521484375,4.76806640625,213.5302734375,98721.312,305.75,1,1,0,0,4663,416,1037,2082,2082,2082,2082,12993,F4line=4663;YAH=8328
DIRECT_SERIAL,401,1789591974276949952,2026-09-16T20:52:54.276950+00:00,-1,2171514761813,1789591974200000000,1789591974,200000000,2191196,1789591974207957,1789591974200000,2,4,1.049628799278616,1.3382003841342143,gnss_local_enu_direct,1.049628799278616,1.3382003841342143,110.4347101,-7.0509079,232.94,0.608,1.049,3,1,15,0,0.0501,63.947,0.022,0.045,0.024,0.243,180.0,99.0,10.06,-89.72558690036772,neo3_calibrated_direct,1,-41.9922,-1.71509,-32.9102,53.379468511667476,1,-89.94036798509103,yahboom_calibrated_direct+neo3_cross_align,0,-6791,1609,3753,-0.5147788262891344,-0.055443978374693254,0.5177559992251488,-88.97388644743896,neo3_calibrated_direct:gyro_integral,1,-88.97388644743896,nan,213.5302734375,0.0,-171,-1,2044,-0.8188169677734375,-0.0047884033203125,9.787496386718749,9.821688738478358,1,0,0,0.06103515625,0.0,0.0,0.0010652644360316954,0.0,0.0,0.0,-7,867,-26664,-0.0384521484375,4.7625732421875,213.5302734375,98724.367,305.75,1,1,0,0,4674,417,1040,2087,2087,2087,2087,13024,F4line=4674;YAH=8348
DIRECT_SERIAL,402,1789591974377326126,2026-09-16T20:52:54.377326+00:00,-1,2171615137678,1789591974300000000,1789591974,300000000,2191296,1789591974308009,1789591974300000,2,4,1.0496287992460456,1.3492598915660614,gnss_local_enu_direct,1.0496287992460456,1.3492598915660614,110.4347101,-7.0509078,232.94,0.607,1.048,3,1,15,0,0.0536,306.656,0.032,-0.043,-0.045,0.238,180.0,99.0,10.05,-89.70543042881013,neo3_calibrated_direct,1,-41.9189,-1.72424,-32.959,53.352252640236294,1,-89.53310939655555,yahboom_calibrated_direct+neo3_cross_align,0,-6819,1635,3746,-0.5187542439113076,-0.05188502905711694,0.5213425187113078,-88.97388644743896,neo3_calibrated_direct:gyro_integral,1,-88.97388644743896,nan,213.5302734375,0.0,-165,-3,2042,-0.7900865478515624,-0.0143652099609375,9.777919580078125,9.809798898388712,-1,-1,0,-0.06103515625,-0.06103515625,0.0,-0.0010652644360316954,-0.0010652644360316954,0.0,0.0,-7,867,-26664,-0.0384521484375,4.7625732421875,213.5302734375,98725.281,305.75,1,1,0,0,4684,418,1043,2093,2093,2093,2092,13057,F4line=4684;YAH=8371
DIRECT_SERIAL,403,1789591974477333962,2026-09-16T20:52:54.477334+00:00,-1,2171715145522,1789591974400000000,1789591974,400000000,2191397,1789591974409300,1789591974400000,2,4,1.0496288009253276,1.3492598936527738,gnss_local_enu_direct,1.0496288009253276,1.3492598936527738,110.4347101,-7.0509078,232.95,0.605,1.047,3,1,15,0,0.051,118.072,-0.024,0.045,-0.024,0.247,180.0,99.0,10.03,-90.11554110031636,neo3_calibrated_direct,1,-41.9434,-1.50681,-32.666,53.184460474240964,1,-89.85160614252132,yahboom_calibrated_direct+neo3_cross_align,0,-6793,1618,3722,-0.5150501829889764,-0.05419846331673334,0.5178939702515114,-88.97388644743896,neo3_calibrated_direct:gyro_integral,1,-88.97388644743896,nan,213.5302734375,0.0,-174,-4,2041,-0.833182177734375,-0.01915361328125,9.773131176757811,9.808600940007267,0,0,0,0.0,0.0,0.0,0.0,0.0,0.0,0.0,-7,866,-26664,-0.0384521484375,4.757080078125,213.5302734375,98722.531,305.75,1,1,0,0,4694,419,1045,2098,2098,2098,2098,13088,F4line=4694;YAH=8392
DIRECT_SERIAL,404,1789591974577348359,2026-09-16T20:52:54.577348+00:00,-1,2171815159918,1789591974500000000,1789591974,500000000,2191496,1789591974508188,1789591974500000,2,4,1.0496288009253276,1.3492598936527738,gnss_local_enu_direct,1.0496288009253276,1.3492598936527738,110.4347101,-7.0509078,232.95,0.604,1.046,3,1,15,0,0.0462,68.429,0.017,0.043,-0.028,0.255,180.0,99.0,10.04,-89.73332273010426,neo3_calibrated_direct,1,-41.9678,-1.71051,-32.9834,53.40530644851783,1,-89.76242546482989,yahboom_calibrated_direct+neo3_cross_align,0,-6801,1623,3729,-0.5161903011739039,-0.05351866414799106,0.5189572953896987,-88.97388644743896,neo3_calibrated_direct:gyro_integral,1,-88.97388644743896,nan,213.5302734375,0.0,-167,-7,2041,-0.7996633544921875,-0.033518823242187495,9.773131176757811,9.805849172312653,0,0,0,0.0,0.0,0.0,0.0,0.0,0.0,0.0,-7,866,-26664,-0.0384521484375,4.757080078125,213.5302734375,98724.672,305.75,1,1,0,0,4705,420,1048,2103,2103,2103,2103,13119,F4line=4705;YAH=8412
DIRECT_SERIAL,405,1789591974686214276,2026-09-16T20:52:54.686214+00:00,-1,2171924025852,1789591974600000000,1789591974,600000000,2191597,1789591974608399,1789591974600000,2,4,1.0496288026832352,1.360319403413952,gnss_local_enu_direct,1.0496288026832352,1.360319403413952,110.4347101,-7.0509077,232.96,0.603,1.044,3,1,15,0,0.0407,297.824,0.019,-0.036,-0.071,0.241,180.0,99.0,10.02,-89.99260027319707,neo3_calibrated_direct,1,-41.9434,-1.57318,-32.7881,53.26146074304008,1,-89.89308370900473,yahboom_calibrated_direct+neo3_cross_align,0,-6811,1614,3680,-0.5176423535382819,-0.054785350064877225,0.520533419444307,-88.97388644743896,neo3_calibrated_direct:gyro_integral,1,-88.97388644743896,nan,213.5247802734375,0.0,-171,-5,2042,-0.8188169677734375,-0.023942016601562498,9.777919580078125,9.812173345459598,0,0,0,0.0,0.0,0.0,0.0,0.0,0.0,0.0,-7,866,-26665,-0.0384521484375,4.757080078125,213.5247802734375,98724.367,305.75,1,1,0,0,4722,421,1050,2108,2108,2108,2108,13156,F4line=4722;YAH=8432
DIRECT_SERIAL,406,1789591974786220078,2026-09-16T20:52:54.786220+00:00,-1,2172024031800,1789591974700000000,1789591974,700000000,2191696,1789591974708758,1789591974700000,2,4,1.0496288026832352,1.360319403413952,gnss_local_enu_direct,1.0496288026832352,1.360319403413952,110.4347101,-7.0509077,232.96,0.602,1.042,3,1,15,0,0.0424,46.909,0.029,0.031,0.013,0.227,180.0,99.0,10.03,-89.81015157016923,neo3_calibrated_direct,1,-42.0166,-1.67084,-32.7393,53.29210210111438,1,-89.62357106686325,yahboom_calibrated_direct+neo3_cross_align,0,-6795,1635,3670,-0.5153074257828676,-0.051842687339264434,0.517908686254172,-88.97388644743896,neo3_calibrated_direct:gyro_integral,1,-88.97388644743896,nan,213.5247802734375,0.0,-170,-7,2042,-0.814028564453125,-0.033518823242187495,9.777919580078125,9.811802960197086,1,0,0,0.06103515625,0.0,0.0,0.0010652644360316954,0.0,0.0,0.0,-7,866,-26665,-0.0384521484375,4.757080078125,213.5247802734375,98723.453,305.75,1,1,0,0,4735,422,1053,2113,2113,2113,2113,13189,F4line=4735;YAH=8452
DIRECT_SERIAL,407,1789591974886230812,2026-09-16T20:52:54.886231+00:00,-1,2172124042369,1789591974800000000,1789591974,800000000,2191795,1789591974807598,1789591974800000,2,4,1.049628806445586,1.371378914923646,gnss_local_enu_direct,1.049628806445586,1.371378914923646,110.4347101,-7.0509076,232.98,0.6,1.04,3,1,15,0,0.049,191.768,-0.048,-0.01,-0.062,0.221,180.0,99.0,10.04,-89.98682900952683,neo3_calibrated_direct,1,-42.041,-1.57776,-32.7393,53.308505626284436,1,-89.88953452666327,yahboom_calibrated_direct+neo3_cross_align,0,-6794,1618,3664,-0.5151938004109947,-0.0542002275549772,0.5180369838620937,-88.97388644743896,neo3_calibrated_direct:gyro_integral,1,-88.97388644743896,nan,213.5247802734375,0.0,-169,-4,2041,-0.8092401611328125,-0.01915361328125,9.773131176757811,9.806596223838703,0,0,0,0.0,0.0,0.0,0.0,0.0,0.0,0.0,-6,865,-26665,-0.032958984375,4.7515869140625,213.5247802734375,98721.922,305.75,1,1,0,0,4744,423,1055,2118,2118,2118,2118,13218,F4line=4744;YAH=8472
DIRECT_SERIAL,408,1789591974986266162,2026-09-16T20:52:54.986266+00:00,-1,2172224077738,1789591974900000000,1789591974,900000000,2191896,1789591974907893,1789591974900000,2,4,1.049628806445586,1.371378914923646,gnss_local_enu_direct,1.049628806445586,1.371378914923646,110.4347101,-7.0509076,232.98,0.599,1.038,3,1,15,0,0.0482,48.366,0.032,0.036,0.067,0.233,180.0,99.0,10.02,-89.7728602665112,neo3_calibrated_direct,1,-41.9434,-1.68915,-32.9102,53.34025961056526,1,-89.83946600147475,yahboom_calibrated_direct+neo3_cross_align,0,-6803,1620,3723,-0.5164828287326722,-0.05393854046929464,0.5192917085065585,-88.97388644743896,neo3_calibrated_direct:gyro_integral,1,-88.97388644743896,nan,213.5247802734375,0.0,-171,-4,2042,-0.8188169677734375,-0.01915361328125,9.777919580078125,9.81216282998252,0,0,0,0.0,0.0,0.0,0.0,0.0,0.0,0.0,-6,865,-26665,-0.032958984375,4.7515869140625,213.5247802734375,98725.891,305.75,1,1,0,0,4755,424,1058,2123,2123,2123,2123,13249,F4line=4755;YAH=8492
DIRECT_SERIAL,409,1789591975095286516,2026-09-16T20:52:55.095287+00:00,-1,2172333098196,1789591975000000000,1789591975,0,2192004,1789591975015759,1789591975000000,2,4,1.0496288080922977,1.3824384246732753,gnss_local_enu_direct,1.0496288080922977,1.3824384246732753,110.4347101,-7.0509075,232.99,0.598,1.035,3,1,15,0,0.0331,264.806,-0.003,-0.033,0.009,0.271,180.0,99.0,9.91,-89.81708888519361,neo3_calibrated_direct,1,-41.9678,-1.66626,-32.7637,53.268496289247736,1,-89.93883138926668,yahboom_calibrated_direct+neo3_cross_align,0,-6797,1613,3663,-0.515633473868269,-0.054899433344401886,0.5185478060458797,-88.97388644743896,neo3_calibrated_direct:gyro_integral,1,-88.97388644743896,nan,213.5247802734375,0.0,-172,-5,2041,-0.82360537109375,-0.023942016601562498,9.773131176757811,9.807802609431377,0,0,0,0.0,0.0,0.0,0.0,0.0,0.0,0.0,-6,865,-26665,-0.032958984375,4.7515869140625,213.5247802734375,98722.531,305.75,1,1,0,0,4766,425,1060,2128,2128,2128,2128,13280,F4line=4766;YAH=8512
DIRECT_SERIAL,410,1789591975196383115,2026-09-16T20:52:55.196383+00:00,-1,2172434194826,1789591975100000000,1789591975,100000000,2192096,1789591975108466,1789591975100000,2,4,1.0496288114508616,1.3824384289622345,gnss_local_enu_direct,1.0496288114508616,1.3824384289622345,110.4347101,-7.0509075,233.01,0.597,1.033,3,1,15,0,0.0397,146.31,-0.033,0.022,0.023,0.233,180.0,99.0,10.05,-89.74500727667197,neo3_calibrated_direct,1,-41.8945,-1.70288,-32.959,53.332397391683045,1,-89.74912354411215,yahboom_calibrated_direct+neo3_cross_align,0,-6815,1624,3717,-0.5181991808439167,-0.053404580868466396,0.5209437976260423,-88.97388644743896,neo3_calibrated_direct:gyro_integral,1,-88.97388644743896,nan,213.5247802734375,0.0,-168,-3,2043,-0.8044517578125,-0.0143652099609375,9.782707983398437,9.815738610942752,0,0,0,0.0,0.0,0.0,0.0,0.0,0.0,0.0,-6,865,-26665,-0.032958984375,4.7515869140625,213.5247802734375,98724.977,305.75,1,1,0,0,4776,426,1063,2134,2134,2134,2134,13314,F4line=4776;YAH=8536
DIRECT_SERIAL,411,1789591975296537985,2026-09-16T20:52:55.296538+00:00,-1,2172534349590,1789591975200000000,1789591975,200000000,2192195,1789591975207517,1789591975200000,2,4,1.049628811529487,1.3934979366367006,gnss_local_enu_direct,1.049628811529487,1.3934979366367006,110.4347101,-7.0509074,233.01,0.596,1.031,3,1,15,0,0.0215,68.199,0.008,0.02,0.039,0.239,180.0,99.0,10.06,-89.82371878222055,neo3_calibrated_direct,1,-41.9922,-1.66321,-32.959,53.40792833787976,1,-89.95110220305209,yahboom_calibrated_direct+neo3_cross_align,0,-6799,1611,3712,-0.5159242371887934,-0.05518052705076684,0.5188667546532914,-88.97388644743896,neo3_calibrated_direct:gyro_integral,1,-88.97388644743896,nan,213.5247802734375,0.0,-173,-6,2042,-0.8283937744140625,-0.028730419921875,9.777919580078125,9.812990013089387,0,0,0,0.0,0.0,0.0,0.0,0.0,0.0,0.0,-6,864,-26665,-0.032958984375,4.74609375,213.5247802734375,98723.141,305.75,1,1,0,0,4786,427,1066,2139,2139,2139,2139,13344,F4line=4786;YAH=8556
DIRECT_SERIAL,412,1789591975414644954,2026-09-16T20:52:55.414645+00:00,-1,2172652456572,1789591975300000000,1789591975,300000000,2192296,1789591975307547,1789591975300000,2,4,1.038580087700492,1.3934979391246092,gnss_local_enu_direct,1.038580087700492,1.3934979391246092,110.43471,-7.0509074,233.02,0.595,1.028,3,1,15,0,0.04,272.862,0.002,-0.04,0.051,0.257,180.0,99.0,10.03,-89.74107094251485,neo3_calibrated_direct,1,-41.9434,-1.70593,-32.959,53.37091606600828,1,-90.02524986946986,yahboom_calibrated_direct+neo3_cross_align,0,-6798,1604,3722,-0.515792969434482,-0.056150241117093366,0.5188402807180147,-88.97388644743896,neo3_calibrated_direct:gyro_integral,1,-88.97388644743896,nan,213.5247802734375,0.0,-170,-6,2044,-0.814028564453125,-0.028730419921875,9.787496386718749,9.821331552330726,0,0,0,0.0,0.0,0.0,0.0,0.0,0.0,0.0,-7,865,-26665,-0.0384521484375,4.7515869140625,213.5247802734375,98718.57,305.75,1,1,0,0,4796,428,1068,2144,2144,2144,2144,13374,F4line=4796;YAH=8576
DIRECT_SERIAL,413,1789591975515366311,2026-09-16T20:52:55.515366+00:00,-1,2172753178047,1789591975400000000,1789591975,400000000,2192394,1789591975406594,1789591975400000,2,4,1.0385800896723651,1.404557448536042,gnss_local_enu_direct,1.0385800896723651,1.404557448536042,110.43471,-7.0509073,233.03,0.593,1.025,3,1,15,0,0.0061,9.462,0.006,0.001,0.063,0.236,180.0,99.0,10.06,-89.82028377878837,neo3_calibrated_direct,1,-41.8945,-1.66321,-33.0078,53.36131799903466,1,-89.96844705867744,yahboom_calibrated_direct+neo3_cross_align,0,-6785,1608,3718,-0.5139188859952682,-0.05557217556016875,0.5169147783523971,-88.97388644743896,neo3_calibrated_direct:gyro_integral,1,-88.97388644743896,nan,213.5247802734375,0.0,-171,-5,2042,-0.8188169677734375,-0.023942016601562498,9.777919580078125,9.812173345459598,0,0,0,0.0,0.0,0.0,0.0,0.0,0.0,0.0,-7,864,-26665,-0.0384521484375,4.74609375,213.5247802734375,98720.398,305.75,1,1,0,0,4807,429,1071,2150,2150,2150,2150,13409,F4line=4807;YAH=8600
DIRECT_SERIAL,414,1789591975616615354,2026-09-16T20:52:55.616616+00:00,-1,2172854426945,1789591975500000000,1789591975,500000000,2192495,1789591975507762,1789591975500000,2,4,1.0385800910264853,1.4045574508454157,gnss_local_enu_direct,1.0385800910264853,1.4045574508454157,110.43471,-7.0509073,233.04,0.592,1.022,3,1,15,0,0.0333,212.735,-0.028,-0.018,-0.008,0.205,180.0,99.0,10.04,-89.66302460067416,neo3_calibrated_direct,1,-41.9434,-1.74713,-32.7393,53.236857826950114,1,-89.88588003117073,yahboom_calibrated_direct+neo3_cross_align,0,-6804,1610,3727,-0.516644088537129,-0.05532813085692474,0.5195982258288434,-88.97388644743896,neo3_calibrated_direct:gyro_integral,1,-88.97388644743896,nan,213.5247802734375,0.0,-172,-3,2041,-0.82360537109375,-0.0143652099609375,9.773131176757811,9.807783906911245,0,0,0,0.0,0.0,0.0,0.0,0.0,0.0,0.0,-7,864,-26665,-0.0384521484375,4.74609375,213.5247802734375,98718.57,305.75,1,1,0,0,4823,430,1073,2155,2155,2155,2155,13445,F4line=4823;YAH=8620
DIRECT_SERIAL,415,1789591975732766971,2026-09-16T20:52:55.732767+00:00,-1,2172970578648,1789591975600000000,1789591975,600000000,2192596,1789591975608058,1789591975600000,2,4,1.0385800913190768,1.4156169584012062,gnss_local_enu_direct,1.0385800913190768,1.4156169584012062,110.43471,-7.0509072,233.04,0.591,1.019,3,1,15,0,0.0253,80.91,0.004,0.025,0.038,0.242,180.0,99.0,10.02,-89.60811334055366,neo3_calibrated_direct,1,-41.9434,-1.77612,-32.959,53.37320570112311,1,-89.92898447289313,yahboom_calibrated_direct+neo3_cross_align,0,-6791,1606,3728,-0.514784119003866,-0.055860326219509135,0.5178060111894573,-88.97388644743896,neo3_calibrated_direct:gyro_integral,1,-88.97388644743896,nan,213.5247802734375,0.0,-169,-3,2043,-0.8092401611328125,-0.0143652099609375,9.782707983398437,9.816132206021626,0,0,0,0.0,0.0,0.0,0.0,0.0,0.0,0.0,-7,864,-26665,-0.0384521484375,4.74609375,213.5247802734375,98723.141,305.75,1,1,0,0,4835,431,1076,2160,2160,2160,2160,13477,F4line=4835;YAH=8640
DIRECT_SERIAL,416,1789591975833346085,2026-09-16T20:52:55.833346+00:00,-1,2173071157711,1789591975700000000,1789591975,700000000,2192697,1789591975708429,1789591975700000,2,4,1.0385800929983586,1.4156169606034532,gnss_local_enu_direct,1.0385800929983586,1.4156169606034532,110.43471,-7.0509072,233.05,0.589,1.016,3,1,15,0,0.0126,251.565,-0.004,-0.012,0.039,0.237,180.0,99.0,10.0,-89.69770867521571,neo3_calibrated_direct,1,-41.9434,-1.72882,-32.8857,53.326418280645846,1,-89.81765913348896,yahboom_calibrated_direct+neo3_cross_align,0,-6807,1611,3734,-0.5170731765649401,-0.05519464095671768,0.5200106905759715,-88.97388644743896,neo3_calibrated_direct:gyro_integral,1,-88.97388644743896,nan,213.5247802734375,0.0,-171,0,2043,-0.8188169677734375,0.0,9.782707983398437,9.816915845374309,0,0,0,0.0,0.0,0.0,0.0,0.0,0.0,0.0,-7,864,-26665,-0.0384521484375,4.74609375,213.5247802734375,98725.891,305.75,1,1,0,0,4849,432,1079,2165,2165,2165,2165,13511,F4line=4849;YAH=8660
DIRECT_SERIAL,417,1789591975933420629,2026-09-16T20:52:55.933421+00:00,-1,2173171232285,1789591975900000000,1789591975,900000000,2192894,1789591975906320,1789591975900000,2,4,1.038580096546744,1.4266764728094976,gnss_local_enu_direct,1.038580096546744,1.4266764728094976,110.43471,-7.0509071,233.07,0.588,1.012,3,1,15,0,0.041,92.793,-0.002,0.041,0.005,0.27,180.0,99.0,10.01,-89.64089812506037,neo3_calibrated_direct,1,-41.9678,-1.75934,-33.0078,53.42196528503608,1,-89.89758463586703,yahboom_calibrated_direct+neo3_cross_align,0,-6794,1605,3712,-0.5152167355081648,-0.05600440154917932,0.5182516546433518,-88.97388644743896,neo3_calibrated_direct:gyro_integral,1,-88.97388644743896,nan,213.5247802734375,0.0,-168,3,2043,-0.8044517578125,0.0143652099609375,9.782707983398437,9.815738610942752,0,0,0,0.0,0.0,0.0,0.0,0.0,0.0,0.0,-7,864,-26665,-0.0384521484375,4.74609375,213.5247802734375,98723.141,305.75,1,1,0,0,4860,433,1081,2170,2170,2170,2170,13542,F4line=4860;YAH=8680
DIRECT_SERIAL,418,1789591976034389830,2026-09-16T20:52:56.034390+00:00,-1,2173272201427,1789591975900000000,1789591975,900000000,2192894,1789591975906320,1789591975900000,2,4,1.038580096546744,1.4266764728094976,gnss_local_enu_direct,1.038580096546744,1.4266764728094976,110.43471,-7.0509071,233.07,0.586,1.009,3,1,15,0,0.0178,218.157,-0.014,-0.011,0.049,0.228,180.0,99.0,10.04,-89.75552562579286,neo3_calibrated_direct,1,-41.9434,-1.6983,-32.666,53.19023014097607,1,-89.88339033287775,yahboom_calibrated_direct+neo3_cross_align,0,-6804,1604,3710,-0.516654673966592,-0.05616082654655649,0.5196980763577232,-88.97388644743896,neo3_calibrated_direct:gyro_integral,1,-88.97388644743896,nan,213.5247802734375,0.0,-172,0,2042,-0.82360537109375,0.0,9.777919580078125,9.812544885083057,0,0,0,0.0,0.0,0.0,0.0,0.0,0.0,0.0,-7,864,-26665,-0.0384521484375,4.74609375,213.5247802734375,98726.195,305.75,1,1,0,0,4868,434,1084,2176,2176,2176,2176,13574,F4line=4868;YAH=8704
DIRECT_SERIAL,419,1789591976134403595,2026-09-16T20:52:56.134403+00:00,-1,2173372215203,1789591976000000000,1789591976,0,2193003,1789591976015398,1789591976000000,2,4,1.0385800981934554,1.4377359829057317,gnss_local_enu_direct,1.0385800981934554,1.4377359829057317,110.43471,-7.050907,233.08,0.585,1.005,3,1,15,0,0.0685,61.189,0.033,0.06,0.022,0.241,180.0,99.0,9.91,-89.93553255015671,neo3_calibrated_direct,1,-41.9678,-1.6037,-32.7393,53.251571385453026,1,-89.74916448139032,yahboom_calibrated_direct+neo3_cross_align,0,-6798,1615,3742,-0.5157735628137997,-0.05462363235276849,0.5186579887643215,-88.97388644743896,neo3_calibrated_direct:gyro_integral,1,-88.97388644743896,nan,213.5247802734375,0.0,-168,1,2042,-0.8044517578125,0.0047884033203125,9.777919580078125,9.810956980536055,0,0,0,0.0,0.0,0.0,0.0,0.0,0.0,0.0,-7,864,-26665,-0.0384521484375,4.74609375,213.5247802734375,98726.5,305.75,1,1,0,0,4879,435,1086,2181,2181,2181,2181,13605,F4line=4879;YAH=8724
DIRECT_SERIAL,420,1789591976234757288,2026-09-16T20:52:56.234757+00:00,-1,2173472568889,1789591976200000000,1789591976,200000000,2193196,1789591976208071,1789591976200000,2,4,1.0385800981934554,1.4377359829057317,gnss_local_enu_direct,1.0385800981934554,1.4377359829057317,110.43471,-7.050907,233.08,0.583,1.001,3,1,15,0,0.027,231.009,-0.017,-0.021,-0.001,0.224,180.0,99.0,10.04,-89.85835561946676,neo3_calibrated_direct,1,-41.9922,-1.6449,-32.959,53.40736127024064,1,-89.69929402835706,yahboom_calibrated_direct+neo3_cross_align,0,-6814,1618,3746,-0.5180661488513615,-0.054235512319854295,0.5208973271022593,-88.97388644743896,neo3_calibrated_direct:gyro_integral,1,-88.97388644743896,nan,213.5247802734375,0.0,-168,2,2041,-0.8044517578125,0.009576806640625,9.773131176757811,9.806188216834745,0,0,0,0.0,0.0,0.0,0.0,0.0,0.0,0.0,-7,864,-26665,-0.0384521484375,4.74609375,213.5247802734375,98725.586,305.75,1,1,0,0,4890,436,1089,2186,2186,2186,2186,13636,F4line=4890;YAH=8744
DIRECT_SERIAL,421,1789591976335479638,2026-09-16T20:52:56.335479+00:00,-1,2173573291340,1789591976200000000,1789591976,200000000,2193196,1789591976208071,1789591976200000,2,4,1.027531375562337,1.437735985326427,gnss_local_enu_direct,1.027531375562337,1.437735985326427,110.4347099,-7.050907,233.09,0.582,0.998,3,1,15,0,0.0289,345.964,0.028,-0.007,0.017,0.215,180.0,99.0,10.03,-89.95639680082766,neo3_calibrated_direct,1,-41.8945,-1.59149,-32.7637,53.20847684683429,1,-89.72772303109562,yahboom_calibrated_direct+neo3_cross_align,0,-6791,1620,3716,-0.5147594196684521,-0.05391736961036839,0.5175754465612744,-88.97388644743896,neo3_calibrated_direct:gyro_integral,1,-88.97388644743896,nan,213.5247802734375,0.0,-170,-2,2043,-0.814028564453125,-0.009576806640625,9.782707983398437,9.816522281715585,0,0,0,0.0,0.0,0.0,0.0,0.0,0.0,0.0,-7,864,-26665,-0.0384521484375,4.74609375,213.5247802734375,98722.531,305.75,1,1,0,0,4899,437,1091,2191,2191,2191,2191,13665,F4line=4899;YAH=8764
DIRECT_SERIAL,422,1789591976446021783,2026-09-16T20:52:56.446022+00:00,-1,2173683833409,1789591976400000000,1789591976,400000000,2193395,1789591976407172,1789591976400000,2,4,1.0275313770978527,1.4487954950645077,gnss_local_enu_direct,1.0275313770978527,1.4487954950645077,110.4347099,-7.0509069,233.1,0.579,0.99,3,1,15,0,0.0177,222.709,-0.013,-0.012,-0.015,0.219,180.0,99.0,10.04,-89.83527682515333,neo3_calibrated_direct,1,-41.9922,-1.6571,-32.8369,53.3324745615652,1,-89.58434506140054,yahboom_calibrated_direct+neo3_cross_align,0,-6796,1631,3695,-0.5154581001578613,-0.05239958203726278,0.5181146294171123,-88.97388644743896,neo3_calibrated_direct:gyro_integral,1,-88.97388644743896,nan,213.5247802734375,0.0,-172,-5,2041,-0.82360537109375,-0.023942016601562498,9.773131176757811,9.807802609431377,0,0,0,0.0,0.0,0.0,0.0,0.0,0.0,0.0,-7,864,-26665,-0.0384521484375,4.74609375,213.5247802734375,98724.062,305.75,1,1,0,0,4913,439,1094,2196,2196,2196,2196,13699,F4line=4913;YAH=8784
DIRECT_SERIAL,423,1789591976552246171,2026-09-16T20:52:56.552246+00:00,-1,2173790057849,1789591976500000000,1789591976,500000000,2193496,1789591976508463,1789591976500000,2,4,1.0275313791809217,1.459855005065164,gnss_local_enu_direct,1.0275313791809217,1.459855005065164,110.4347099,-7.0509068,233.11,0.577,0.987,3,1,15,0,0.0461,24.341,0.042,0.019,0.003,0.185,180.0,99.0,10.02,-89.51920790729098,neo3_calibrated_direct,1,-41.8945,-1.8219,-33.0322,53.38159501832069,1,-89.75852928229355,yahboom_calibrated_direct+neo3_cross_align,0,-6812,1616,3718,-0.5177824424838126,-0.05450954907324383,0.520643782911763,-88.97388644743896,neo3_calibrated_direct:gyro_integral,1,-88.97388644743896,nan,213.519287109375,0.0,-170,-7,2041,-0.814028564453125,-0.033518823242187495,9.773131176757811,9.807031100867004,0,0,0,0.0,0.0,0.0,0.0,0.0,0.0,0.0,-7,864,-26666,-0.0384521484375,4.74609375,213.519287109375,98725.281,305.75,1,1,0,0,4924,440,1097,2201,2201,2201,2201,13730,F4line=4924;YAH=8804
DIRECT_SERIAL,424,1789591976653344914,2026-09-16T20:52:56.653345+00:00,-1,2173891156479,1789591976600000000,1789591976,600000000,2193597,1789591976608570,1789591976600000,2,4,1.0164826553519264,1.4598550076686072,gnss_local_enu_direct,1.0164826553519264,1.4598550076686072,110.4347098,-7.0509068,233.12,0.576,0.983,3,1,15,0,0.0156,219.806,-0.012,-0.01,-0.002,0.205,180.0,99.0,10.0,-89.75552562579286,neo3_calibrated_direct,1,-41.9434,-1.6983,-32.7881,53.26530322883744,1,-89.61155781985663,yahboom_calibrated_direct+neo3_cross_align,0,-6801,1628,3709,-0.5161814799826846,-0.05282475107329793,0.5188774177039028,-88.97388644743896,neo3_calibrated_direct:gyro_integral,1,-88.97388644743896,nan,213.519287109375,0.0,-170,-4,2042,-0.814028564453125,-0.01915361328125,9.777919580078125,9.811764401937223,0,0,0,0.0,0.0,0.0,0.0,0.0,0.0,0.0,-7,864,-26666,-0.0384521484375,4.74609375,213.519287109375,98725.586,305.75,1,1,0,0,4941,441,1099,2207,2207,2207,2207,13771,F4line=4941;YAH=8828
DIRECT_SERIAL,425,1789591976771829723,2026-09-16T20:52:56.771830+00:00,-1,2174009641769,1789591976700000000,1789591976,700000000,2193695,1789591976707591,1789591976700000,2,4,1.0164826570312084,1.4598550098708543,gnss_local_enu_direct,1.0164826570312084,1.4598550098708543,110.4347098,-7.0509068,233.13,0.575,0.98,3,1,15,0,0.0311,317.603,0.023,-0.021,-0.022,0.237,180.0,99.0,10.03,-89.61389027155644,neo3_calibrated_direct,1,-41.9434,-1.77307,-32.9834,53.38817524831599,1,-89.81286765654211,yahboom_calibrated_direct+neo3_cross_align,0,-6801,1613,3708,-0.5162079435563424,-0.054906490297377306,0.5191197970290132,-88.97388644743896,neo3_calibrated_direct:gyro_integral,1,-88.97388644743896,nan,213.519287109375,0.0,-171,-3,2044,-0.8188169677734375,-0.0143652099609375,9.787496386718749,9.821698076504056,0,0,0,0.0,0.0,0.0,0.0,0.0,0.0,0.0,-7,864,-26666,-0.0384521484375,4.74609375,213.519287109375,98724.672,305.75,1,1,0,0,4954,442,1102,2212,2212,2212,2212,13804,F4line=4954;YAH=8848
DIRECT_SERIAL,426,1789591976872392467,2026-09-16T20:52:56.872392+00:00,-1,2174110204052,1789591976800000000,1789591976,800000000,2193798,1789591976809926,1789591976800000,2,4,1.0164826556445177,1.4709145153399326,gnss_local_enu_direct,1.0164826556445177,1.4709145153399326,110.4347098,-7.0509067,233.12,0.573,0.977,3,1,15,0,0.0547,108.104,-0.017,0.052,-0.026,0.268,180.0,99.0,9.98,-89.59157608139239,neo3_calibrated_direct,1,-41.8945,-1.78375,-32.9102,53.304898070932474,1,-89.72191824713597,yahboom_calibrated_direct+neo3_cross_align,0,-6792,1619,3690,-0.5149048013287142,-0.05405791646355086,0.5177346934132798,-88.97388644743896,neo3_calibrated_direct:gyro_integral,1,-88.97388644743896,nan,213.519287109375,0.0,-171,-3,2040,-0.8188169677734375,-0.0143652099609375,9.7683427734375,9.80261129114786,0,0,0,0.0,0.0,0.0,0.0,0.0,0.0,0.0,-7,864,-26666,-0.0384521484375,4.74609375,213.519287109375,98724.367,305.75,1,1,0,0,4966,443,1105,2218,2218,2218,2218,13840,F4line=4966;YAH=8872
DIRECT_SERIAL,427,1789591976979120130,2026-09-16T20:52:56.979120+00:00,-1,2174216931740,1789591976900000000,1789591976,900000000,2193894,1789591976906809,1789591976900000,2,4,1.0164826573237997,1.4709145175421796,gnss_local_enu_direct,1.0164826573237997,1.4709145175421796,110.4347098,-7.0509067,233.13,0.572,0.974,3,1,15,0,0.0291,40.815,0.022,0.019,-0.057,0.216,180.0,99.0,10.05,-89.63424193360163,neo3_calibrated_direct,1,-42.0166,-1.76392,-32.8369,53.35511307209835,1,-89.6135626113589,yahboom_calibrated_direct+neo3_cross_align,0,-6807,1625,3717,-0.5170484772295261,-0.05325168434757693,0.519783483472903,-88.97388644743896,neo3_calibrated_direct:gyro_integral,1,-88.97388644743896,nan,213.519287109375,0.0,-170,-4,2044,-0.814028564453125,-0.01915361328125,9.787496386718749,9.821308206378614,0,0,0,0.0,0.0,0.0,0.0,0.0,0.0,0.0,-7,864,-26666,-0.0384521484375,4.74609375,213.519287109375,98724.672,305.75,1,1,0,0,4974,444,1107,2223,2223,2223,2223,13868,F4line=4974;YAH=8892
DIRECT_SERIAL,428,1789591977086215351,2026-09-16T20:52:57.086215+00:00,-1,2174324026905,1789591977000000000,1789591977,0,2194003,1789591977015775,1789591977000000,2,4,1.0164826573237997,1.4709145175421796,gnss_local_enu_direct,1.0164826573237997,1.4709145175421796,110.4347098,-7.0509067,233.13,0.571,0.97,3,1,15,0,0.0234,199.983,-0.022,-0.008,-0.038,0.218,180.0,99.0,9.92,-89.37161368773357,neo3_calibrated_direct,1,-41.8945,-1.89972,-33.1299,53.44481584156128,1,-89.7236265724724,yahboom_calibrated_direct+neo3_cross_align,0,-6817,1614,3730,-0.5185040580703919,-0.05479593549434036,0.5213914582942113,-88.97388644743896,neo3_calibrated_direct:gyro_integral,1,-88.97388644743896,nan,213.519287109375,0.0,-168,0,2041,-0.8044517578125,0.0,9.773131176757811,9.806183540438305,0,0,0,0.0,0.0,0.0,0.0,0.0,0.0,0.0,-7,863,-26666,-0.0384521484375,4.7406005859375,213.519287109375,98721.617,305.75,1,1,0,0,4988,445,1110,2228,2228,2228,2228,13902,F4line=4988;YAH=8912
DIRECT_SERIAL,429,1789591977190841248,2026-09-16T20:52:57.190841+00:00,-1,2174428652876,1789591977100000000,1789591977,100000000,2194096,1789591977108446,1789591977100000,2,4,1.0164826573237997,1.4709145175421796,gnss_local_enu_direct,1.0164826573237997,1.4709145175421796,110.4347098,-7.0509067,233.13,0.57,0.967,3,1,15,0,0.0406,127.999,-0.025,0.032,-0.026,0.253,180.0,99.0,10.04,-89.62052557672395,neo3_calibrated_direct,1,-41.8945,-1.76849,-32.9346,53.319457651875084,1,-89.66505623733293,yahboom_calibrated_direct+neo3_cross_align,0,-6813,1618,3725,-0.5179225314293431,-0.05423374808161044,0.5207543067447051,-88.97388644743896,neo3_calibrated_direct:gyro_integral,1,-88.97388644743896,nan,213.519287109375,0.0,-169,0,2042,-0.8092401611328125,0.0,9.777919580078125,9.811349598952503,0,0,0,0.0,0.0,0.0,0.0,0.0,0.0,0.0,-7,863,-26666,-0.0384521484375,4.7406005859375,213.519287109375,98724.977,305.75,1,1,0,0,4998,446,1113,2233,2233,2233,2233,13932,F4line=4998;YAH=8932
DIRECT_SERIAL,430,1789591977291377776,2026-09-16T20:52:57.291378+00:00,-1,2174529189376,1789591977200000000,1789591977,200000000,2194195,1789591977207572,1789591977200000,2,4,1.00543393746707,1.470914522574739,gnss_local_enu_direct,1.00543393746707,1.470914522574739,110.4347097,-7.0509067,233.15,0.568,0.964,3,1,15,0,0.0434,298.926,0.021,-0.038,-0.012,0.261,180.0,99.0,10.05,-89.55715335821623,neo3_calibrated_direct,1,-41.9678,-1.80359,-33.0566,53.45360583990662,1,-89.67841081997962,yahboom_calibrated_direct+neo3_cross_align,0,-6815,1616,3744,-0.5182132947498675,-0.054514841787975395,0.5210728229630491,-88.97388644743896,neo3_calibrated_direct:gyro_integral,1,-88.97388644743896,nan,213.519287109375,0.0,-169,-2,2044,-0.8092401611328125,-0.009576806640625,9.787496386718749,9.820898475885404,0,0,0,0.0,0.0,0.0,0.0,0.0,0.0,0.0,-7,863,-26666,-0.0384521484375,4.7406005859375,213.519287109375,98719.18,305.75,1,1,0,0,5007,447,1115,2239,2239,2239,2239,13965,F4line=5007;YAH=8956
DIRECT_SERIAL,431,1789591977391388468,2026-09-16T20:52:57.391388+00:00,-1,2174629200057,1789591977300000000,1789591977,300000000,2194296,1789591977307671,1789591977300000,2,4,1.00543393746707,1.470914522574739,gnss_local_enu_direct,1.00543393746707,1.470914522574739,110.4347097,-7.0509067,233.15,0.567,0.962,3,1,15,0,0.0488,164.539,-0.047,0.013,0.005,0.204,180.0,99.0,10.03,-89.5878850065816,neo3_calibrated_direct,1,-41.9434,-1.7868,-32.9346,53.35849824498437,1,-89.61467938935009,yahboom_calibrated_direct+neo3_cross_align,0,-6816,1620,3740,-0.5183498552189105,-0.05396147556646475,0.5211510464834314,-88.97388644743896,neo3_calibrated_direct:gyro_integral,1,-88.97388644743896,nan,213.519287109375,0.0,-168,2,2043,-0.8044517578125,0.009576806640625,9.782707983398437,9.815732771134337,0,0,0,0.0,0.0,0.0,0.0,0.0,0.0,0.0,-7,863,-26666,-0.0384521484375,4.7406005859375,213.519287109375,98721.617,305.75,1,1,0,0,5018,448,1118,2244,2244,2244,2244,13996,F4line=5018;YAH=8976
DIRECT_SERIAL,432,1789591977499181779,2026-09-16T20:52:57.499182+00:00,-1,2174736993438,1789591977400000000,1789591977,400000000,2194396,1789591977407901,1789591977400000,2,4,1.0054339377596613,1.4819740302460644,gnss_local_enu_direct,1.0054339377596613,1.4819740302460644,110.4347097,-7.0509066,233.15,0.566,0.959,3,1,15,0,0.0463,57.339,0.025,0.039,0.026,0.223,180.0,99.0,10.02,-89.64367089576746,neo3_calibrated_direct,1,-41.8945,-1.75629,-33.1055,53.424786523336714,1,-89.66660968297062,yahboom_calibrated_direct+neo3_cross_align,0,-6809,1617,3723,-0.5173498259795136,-0.054365473743573645,0.5201984690254252,-88.97388644743896,neo3_calibrated_direct:gyro_integral,1,-88.97388644743896,nan,213.519287109375,0.0,-167,2,2043,-0.7996633544921875,0.009576806640625,9.782707983398437,9.815341496055582,0,0,0,0.0,0.0,0.0,0.0,0.0,0.0,0.0,-7,863,-26666,-0.0384521484375,4.7406005859375,213.519287109375,98723.141,305.75,1,1,0,0,5027,449,1120,2249,2249,2249,2249,14025,F4line=5027;YAH=8996
DIRECT_SERIAL,433,1789591977609977602,2026-09-16T20:52:57.609977+00:00,-1,2174847789264,1789591977500000000,1789591977,500000000,2194497,1789591977509084,1789591977500000,2,4,1.0054339391137814,1.4819740326709734,gnss_local_enu_direct,1.0054339391137814,1.4819740326709734,110.4347097,-7.0509066,233.16,0.564,0.956,3,1,15,0,0.0215,111.801,-0.008,0.02,-0.053,0.231,180.0,99.0,10.01,-89.7728602665112,neo3_calibrated_direct,1,-41.9434,-1.68915,-33.0078,53.400532695119246,1,-89.55684377559771,yahboom_calibrated_direct+neo3_cross_align,0,-6809,1626,3723,-0.5173339478353189,-0.05311643020912602,0.52005362102483,-88.97388644743896,neo3_calibrated_direct:gyro_integral,1,-88.97388644743896,nan,213.519287109375,0.0,-169,-2,2041,-0.8092401611328125,-0.009576806640625,9.773131176757811,9.806582195226389,0,0,0,0.0,0.0,0.0,0.0,0.0,0.0,0.0,-7,863,-26666,-0.0384521484375,4.7406005859375,213.519287109375,98723.758,306.0,1,1,0,0,5039,450,1123,2254,2254,2254,2254,14057,F4line=5039;YAH=9016
DIRECT_SERIAL,434,1789591977710305395,2026-09-16T20:52:57.710305+00:00,-1,2174948116999,1789591977600000000,1789591977,600000000,2194596,1789591977608194,1789591977600000,2,4,1.0054339391137814,1.4819740326709734,gnss_local_enu_direct,1.0054339391137814,1.4819740326709734,110.4347097,-7.0509066,233.16,0.563,0.953,3,1,15,0,0.0134,296.565,0.006,-0.012,-0.032,0.221,180.0,99.0,10.02,-90.15705319830919,neo3_calibrated_direct,1,-41.9678,-1.48468,-32.6904,53.21806801925827,1,-89.61686471786885,yahboom_calibrated_direct+neo3_cross_align,0,-6809,1626,3734,-0.5173339478353189,-0.05311643020912602,0.52005362102483,-88.97388644743896,neo3_calibrated_direct:gyro_integral,1,-88.97388644743896,nan,213.519287109375,0.0,-168,1,2043,-0.8044517578125,0.0047884033203125,9.782707983398437,9.815729267247619,0,0,0,0.0,0.0,0.0,0.0,0.0,0.0,0.0,-7,863,-26666,-0.0384521484375,4.7406005859375,213.519287109375,98721.312,306.0,1,1,0,0,5056,451,1126,2260,2260,2260,2259,14097,F4line=5056;YAH=9039
DIRECT_SERIAL,435,1789591977810366915,2026-09-16T20:52:57.810367+00:00,-1,2175048178511,1789591977700000000,1789591977,700000000,2194697,1789591977708456,1789591977700000,2,4,1.005433939406373,1.4930335402267636,gnss_local_enu_direct,1.005433939406373,1.4930335402267636,110.4347097,-7.0509065,233.16,0.562,0.95,3,1,15,0,0.0184,310.601,0.012,-0.014,0.043,0.228,180.0,99.0,10.0,-89.80841839965927,neo3_calibrated_direct,1,-41.9678,-1.67084,-32.8857,53.34376446817003,1,-89.52895011295199,yahboom_calibrated_direct+neo3_cross_align,0,-6809,1634,3725,-0.5173198339293681,-0.05200616928961702,0.519927352830075,-88.97388644743896,neo3_calibrated_direct:gyro_integral,1,-88.97388644743896,nan,213.519287109375,0.0,-169,-3,2041,-0.8092401611328125,-0.0143652099609375,9.773131176757811,9.806588040483959,0,0,0,0.0,0.0,0.0,0.0,0.0,0.0,0.0,-7,863,-26666,-0.0384521484375,4.7406005859375,213.519287109375,98725.586,306.0,1,1,0,0,5068,452,1128,2265,2265,2265,2265,14130,F4line=5068;YAH=9060
DIRECT_SERIAL,436,1789591977929249675,2026-09-16T20:52:57.929250+00:00,-1,2175167061300,1789591977800000000,1789591977,800000000,2194795,1789591977807270,1789591977800000,2,4,1.005433939406373,1.4930335402267636,gnss_local_enu_direct,1.005433939406373,1.4930335402267636,110.4347097,-7.0509065,233.16,0.56,0.948,3,1,15,0,0.1514,105.322,-0.04,0.146,-0.029,0.225,85.163,99.0,10.03,-90.19687273971829,neo3_calibrated_direct,1,-41.9189,-1.46255,-32.7148,53.193903492341114,1,-89.97281173096948,yahboom_calibrated_direct+neo3_cross_align,0,-6797,1607,3712,-0.5156440592977322,-0.055732129034033635,0.5186471498964487,-88.97388644743896,neo3_calibrated_direct:gyro_integral,1,-88.97388644743896,nan,213.519287109375,0.0,-168,-7,2040,-0.8044517578125,-0.033518823242187495,9.7683427734375,9.801468598201383,0,0,0,0.0,0.0,0.0,0.0,0.0,0.0,0.0,-7,863,-26666,-0.0384521484375,4.7406005859375,213.519287109375,98724.977,306.0,1,1,0,0,5079,453,1131,2270,2270,2270,2270,14161,F4line=5079;YAH=9080
DIRECT_SERIAL,437,1789591978030366172,2026-09-16T20:52:58.030366+00:00,-1,2175268177730,1789591977900000000,1789591977,900000000,2194894,1789591977906294,1789591977900000,2,4,1.0054339410856548,1.4930335425445456,gnss_local_enu_direct,1.0054339410856548,1.4930335425445456,110.4347097,-7.0509065,233.17,0.559,0.946,3,1,15,0,0.0604,282.426,0.013,-0.059,0.021,0.244,180.0,99.0,10.04,-89.90006937229373,neo3_calibrated_direct,1,-41.9434,-1.62201,-32.8857,53.323062407274584,1,-89.87723048802222,yahboom_calibrated_direct+neo3_cross_align,0,-6803,1613,3746,-0.5164951784003791,-0.05491001877386501,0.5194057946082096,-88.97388644743896,neo3_calibrated_direct:gyro_integral,1,-88.97388644743896,nan,213.519287109375,0.0,-170,-4,2043,-0.814028564453125,-0.01915361328125,9.782707983398437,9.816536296122724,0,0,0,0.0,0.0,0.0,0.0,0.0,0.0,0.0,-7,863,-26666,-0.0384521484375,4.7406005859375,213.519287109375,98726.5,306.0,1,1,0,0,5089,454,1134,2276,2276,2276,2276,14195,F4line=5089;YAH=9104
DIRECT_SERIAL,438,1789591978133087316,2026-09-16T20:52:58.133087+00:00,-1,2175370898961,1789591978000000000,1789591978,0,2195003,1789591978015365,1789591978000000,2,4,1.027531394530336,1.4930335491796702,gnss_local_enu_direct,1.027531394530336,1.4930335491796702,110.4347099,-7.0509065,233.2,0.558,0.945,3,1,15,0,0.1196,147.639,-0.101,0.064,0.049,0.209,100.137,99.0,9.91,-90.06808836243927,neo3_calibrated_direct,1,-42.0166,-1.53351,-32.5684,53.18314589266133,1,-89.97507575849632,yahboom_calibrated_direct+neo3_cross_align,0,-6784,1609,3739,-0.513773504335006,-0.05543162870698627,0.5167551443554109,-88.97388644743896,neo3_calibrated_direct:gyro_integral,1,-88.97388644743896,nan,213.519287109375,0.0,-173,-5,2042,-0.8283937744140625,-0.023942016601562498,9.777919580078125,9.8129771619077,0,0,0,0.0,0.0,0.0,0.0,0.0,0.0,0.0,-7,863,-26666,-0.0384521484375,4.7406005859375,213.519287109375,98721.922,305.75,1,1,0,0,5103,455,1136,2281,2281,2281,2281,14229,F4line=5103;YAH=9124
DIRECT_SERIAL,439,1789591978233749068,2026-09-16T20:52:58.233749+00:00,-1,2175471560692,1789591978100000000,1789591978,100000000,2195096,1789591978108106,1789591978100000,2,4,1.0275313907679848,1.481974036976767,gnss_local_enu_direct,1.0275313907679848,1.481974036976767,110.4347099,-7.0509066,233.18,0.558,0.944,3,1,15,0,0.0691,14.237,0.067,0.017,0.05,0.224,180.0,99.0,10.04,-89.86951088442751,neo3_calibrated_direct,1,-41.8945,-1.63727,-32.9346,53.31526667346699,1,-89.88410744647649,yahboom_calibrated_direct+neo3_cross_align,0,-6794,1614,3747,-0.5152008573639701,-0.0547553580147317,0.5181023766205781,-88.97388644743896,neo3_calibrated_direct:gyro_integral,1,-88.97388644743896,nan,213.519287109375,0.0,-163,-1,2031,-0.7805097412109374,-0.0047884033203125,9.725247143554688,9.756518353805836,1,3,0,0.06103515625,0.18310546875,0.0,0.0010652644360316954,0.0031957933080950856,0.0,0.0,-7,862,-26666,-0.0384521484375,4.735107421875,213.519287109375,98724.977,305.75,1,1,0,0,5113,456,1139,2286,2286,2286,2286,14259,F4line=5113;YAH=9144
DIRECT_SERIAL,440,1789591978334300337,2026-09-16T20:52:58.334301+00:00,-1,2175572111941,1789591978300000000,1789591978,300000000,2195295,1789591978307359,1789591978300000,2,4,1.0275313958844565,1.4930335516045792,gnss_local_enu_direct,1.0275313958844565,1.4930335516045792,110.4347099,-7.0509065,233.21,0.558,0.943,3,1,15,0,0.1,270.0,0.0,-0.1,-0.032,0.264,151.268,99.0,10.02,-90.29621332767024,neo3_calibrated_direct,1,-41.9434,-1.40915,-32.7148,53.21177168937809,1,-89.85118833656574,yahboom_calibrated_direct+neo3_cross_align,0,-6789,1620,3717,-0.5144721848244154,-0.053913841133880674,0.5172894076083684,-88.97388644743896,neo3_calibrated_direct:gyro_integral,1,-88.97388644743896,nan,213.519287109375,0.0,-173,17,1947,-0.8283937744140625,0.08140285644531249,9.323021264648437,9.360106205145986,3,-4,0,0.18310546875,-0.244140625,0.0,0.0031957933080950856,-0.004261057744126781,0.0,0.0,-11,854,-26666,-0.0604248046875,4.691162109375,213.519287109375,98725.586,305.75,1,1,0,0,5125,457,1141,2291,2291,2291,2291,14291,F4line=5125;YAH=9164
DIRECT_SERIAL,441,1789591978434486485,2026-09-16T20:52:58.434487+00:00,-1,2175672298027,1789591978300000000,1789591978,300000000,2195295,1789591978307359,1789591978300000,2,4,1.0385801223104965,1.49303355372387,gnss_local_enu_direct,1.0385801223104965,1.49303355372387,110.43471,-7.0509065,233.22,0.558,0.941,3,1,15,0,0.0547,120.784,-0.028,0.047,0.065,0.246,180.0,99.0,10.05,-89.79599271872576,neo3_calibrated_direct,1,-41.9434,-1.67694,-33.0322,53.41523348412511,1,-90.01775745923017,yahboom_calibrated_direct+neo3_cross_align,0,-6791,1607,3723,-0.5147823547656222,-0.0557215436045705,0.5177893038676205,-88.97388644743896,neo3_calibrated_direct:gyro_integral,1,-88.97388644743896,nan,213.519287109375,0.0,-174,-4,2091,-0.833182177734375,-0.01915361328125,10.012551342773437,10.047175911362858,-6,-30,0,-0.3662109375,-1.8310546875,0.0,-0.006391586616190171,-0.03195793308095086,0.0,0.0,-9,856,-26666,-0.0494384765625,4.7021484375,213.519287109375,98726.5,305.75,1,1,0,0,5135,458,1144,2296,2296,2296,2296,14321,F4line=5135;YAH=9184
DIRECT_SERIAL,442,1789591978534613956,2026-09-16T20:52:58.534614+00:00,-1,2175772425574,1789591978500000000,1789591978,500000000,2195495,1789591978507533,1789591978500000,2,4,1.0496288503382005,1.5040930638054264,gnss_local_enu_direct,1.0496288503382005,1.5040930638054264,110.4347101,-7.0509064,233.23,0.558,0.94,3,1,15,0,0.0553,77.471,0.012,0.054,0.043,0.259,180.0,99.0,10.02,-89.84633919817216,neo3_calibrated_direct,1,-41.8945,-1.64948,-32.9346,53.315643029793804,1,-89.66064941858802,yahboom_calibrated_direct+neo3_cross_align,0,-6805,1631,3729,-0.5167506569560263,-0.05241546018145748,0.5194021774410642,-88.97388644743896,neo3_calibrated_direct:gyro_integral,1,-88.97388644743896,nan,213.519287109375,0.0,-153,4,2079,-0.7326257080078125,0.01915361328125,9.955090502929687,9.982030565494004,1,0,0,0.06103515625,0.0,0.0,0.0010652644360316954,0.0,0.0,0.0,-9,852,-26666,-0.0494384765625,4.68017578125,213.519287109375,98722.227,305.75,1,1,0,0,5146,459,1146,2301,2301,2301,2301,14352,F4line=5146;YAH=9204
DIRECT_SERIAL,443,1789591978635172092,2026-09-16T20:52:58.635172+00:00,-1,2175872983692,1789591978600000000,1789591978,600000000,2195596,1789591978608325,1789591978600000,2,4,1.0606775751300062,1.5040930660875076,gnss_local_enu_direct,1.0606775751300062,1.5040930660875076,110.4347102,-7.0509064,233.24,0.558,0.938,3,1,15,0,0.013,270.0,0.0,-0.013,0.005,0.281,180.0,99.0,10.04,-89.75840523090118,neo3_calibrated_direct,1,-41.9434,-1.69678,-33.1055,53.4612195537887,1,-89.6547263336303,yahboom_calibrated_direct+neo3_cross_align,0,-6796,1633,3712,-0.5154545716813737,-0.052122016807385534,0.5180831208438447,-88.97388644743896,neo3_calibrated_direct:gyro_integral,1,-88.97388644743896,nan,213.519287109375,0.0,-171,-4,2038,-0.8188169677734375,-0.01915361328125,9.758765966796874,9.793076190979438,6,10,0,0.3662109375,0.6103515625,0.0,0.006391586616190171,0.010652644360316953,0.0,0.0,-8,846,-26666,-0.0439453125,4.647216796875,213.519287109375,98719.789,305.75,1,1,0,0,5163,460,1149,2306,2306,2306,2306,14389,F4line=5163;YAH=9224
DIRECT_SERIAL,444,1789591978742876747,2026-09-16T20:52:58.742877+00:00,-1,2175980688362,1789591978700000000,1789591978,700000000,2195695,1789591978707463,1789591978700000,2,4,1.0827750321807947,1.5151525828955534,gnss_local_enu_direct,1.0827750321807947,1.5151525828955534,110.4347104,-7.0509063,233.28,0.558,0.935,3,1,15,0,0.0585,77.152,0.013,0.057,-0.02,0.27,180.0,99.0,10.03,-89.64567375151476,neo3_calibrated_direct,1,-41.9434,-1.75629,-32.9102,53.34242797402552,1,-89.79771509800383,yahboom_calibrated_direct+neo3_cross_align,0,-6799,1622,3748,-0.515904830568111,-0.05365391828644197,0.518687321178183,-88.97388644743896,neo3_calibrated_direct:gyro_integral,1,-88.97388644743896,nan,213.519287109375,0.0,-179,-6,2063,-0.8571241943359375,-0.028730419921875,9.878476049804688,9.915632929274345,38,69,0,2.3193359375,4.21142578125,0.0,0.04048004856920442,0.07350324608618697,0.0,0.0,20,892,-26666,0.10986328125,4.89990234375,213.519287109375,98722.836,305.75,1,1,0,0,5174,462,1151,2311,2311,2311,2311,14420,F4line=5174;YAH=9244
DIRECT_SERIAL,445,1789591978845989600,2026-09-16T20:52:58.845990+00:00,-1,2176083801172,1789591978800000000,1789591978,800000000,2195796,1789591978807584,1789591978800000,2,4,1.0827750359431458,1.5262120957916663,gnss_local_enu_direct,1.0827750359431458,1.5262120957916663,110.4347104,-7.0509062,233.3,0.558,0.933,3,1,15,0,0.1121,272.045,0.004,-0.112,-0.004,0.2839,145.167,99.0,10.01,-89.36813300842934,neo3_calibrated_direct,1,-42.1143,-1.90735,-32.2021,53.049293048281996,1,-89.5426306431409,yahboom_calibrated_direct+neo3_cross_align,0,-6841,1634,3713,-0.5219155914339548,-0.05206262491342037,0.5245058641185343,-88.93237777922594,neo3_calibrated_direct:gyro_integral,1,-88.93237777922594,nan,213.563232421875,0.0,-229,67,2198,-1.0965443603515623,0.32082302246093747,10.524910498046875,10.586740666411789,15,285,9,0.91552734375,17.39501953125,0.54931640625,0.01597896654047543,0.30360036426903314,0.009587379924285258,0.009587379924285258,44,1038,-26658,0.24169921875,5.701904296875,213.563232421875,98722.227,305.75,1,1,0,0,5189,463,1154,2316,2316,2316,2316,14455,F4line=5189;YAH=9264
DIRECT_SERIAL,446,1789591978947171181,2026-09-16T20:52:58.947171+00:00,-1,2176184982760,1789591978900000000,1789591978,900000000,2195894,1789591978906532,1789591978900000,2,4,1.0827750390877442,1.5262121006614413,gnss_local_enu_direct,1.0827750390877442,1.5262121006614413,110.4347104,-7.0509062,233.32,0.558,0.931,3,1,15,0,0.0758,149.036,-0.065,0.039,-0.127,0.256,180.0,99.0,10.04,-89.3523972027839,neo3_calibrated_direct,1,-42.6025,-1.92871,-30.6152,52.49746088673337,1,-89.45208774151025,yahboom_calibrated_direct+neo3_cross_align,0,-6955,1630,3698,-0.5382950344970205,-0.05281887853297431,0.5408801882983233,-89.12876808885765,neo3_calibrated_direct:gyro_integral,1,-89.12876808885765,nan,213.409423828125,0.0,-335,51,2137,-1.6041151123046875,0.2442085693359375,10.232817895507813,10.360665287590672,401,20,-73,24.47509765625,1.220703125,-4.45556640625,0.4271710388487098,0.021305288720633905,-0.07776430383031376,-0.07776430383031376,220,1257,-26686,1.20849609375,6.9049072265625,213.409423828125,98721.922,305.75,1,1,0,0,5199,464,1157,2321,2321,2321,2321,14485,F4line=5199;YAH=9284
DIRECT_SERIAL,447,1789591979047276146,2026-09-16T20:52:59.047276+00:00,-1,2176285087715,1789591979000000000,1789591979,0,2196004,1789591979015712,1789591979000000,2,4,1.0827750445619475,1.526212107865814,gnss_local_enu_direct,1.0827750445619475,1.526212107865814,110.4347104,-7.0509062,233.35,0.559,0.93,3,1,15,0,0.057,0.0,0.057,0.0,-0.048,0.245,180.0,99.0,9.9,-88.28552910201192,neo3_calibrated_direct,1,-42.4805,-2.49939,-30.2002,52.181336804092126,1,-88.40754544952414,yahboom_calibrated_direct+neo3_cross_align,0,-7083,1694,3749,-0.5565651532677608,-0.044162613672115714,0.5583145227184393,-90.13096058287739,neo3_calibrated_direct:gyro_integral,1,-90.13096058287739,nan,212.5909423828125,0.0,-217,221,1924,-1.0390835205078124,1.0582371337890624,9.212887988281249,9.331498565532652,425,-80,-166,25.93994140625,-4.8828125,-10.1318359375,0.4527373853134705,-0.08522115488253562,-0.17683389638126143,-0.17683389638126143,756,1145,-26835,4.15283203125,6.2896728515625,212.5909423828125,98723.453,305.75,1,1,0,0,5209,465,1159,2327,2327,2326,2326,14517,F4line=5209;YAH=9306
DIRECT_SERIAL,448,1789591979147310915,2026-09-16T20:52:59.147311+00:00,-1,2176385122501,1789591979100000000,1789591979,100000000,2196096,1789591979108188,1789591979100000,2,4,1.082775046319855,1.537271618320202,gnss_local_enu_direct,1.082775046319855,1.537271618320202,110.4347104,-7.0509061,233.36,0.559,0.929,3,1,15,0,0.0776,345.069,0.075,-0.02,0.002,0.274,180.0,99.0,10.04,-88.4149745459141,neo3_calibrated_direct,1,-42.5049,-2.43073,-29.4922,51.79155175492331,1,-88.09341856629399,yahboom_calibrated_direct+neo3_cross_align,0,-7187,1710,3826,-0.5714731373457661,-0.04212557261045861,0.5730236562093853,-91.53927214513098,neo3_calibrated_direct:gyro_integral,1,-91.53927214513098,nan,211.036376953125,0.0,-168,176,2026,-0.8044517578125,0.842758984375,9.701305126953125,9.771013586247815,-252,117,-270,-15.380859375,7.14111328125,-16.4794921875,-0.26844663787998724,0.12463593901570835,-0.2876213977285577,-0.2876213977285577,906,1175,-27118,4.976806640625,6.4544677734375,211.036376953125,98723.141,305.75,1,1,0,0,5220,466,1162,2332,2332,2332,2331,14549,F4line=5220;YAH=9327
DIRECT_SERIAL,449,1789591979247370470,2026-09-16T20:52:59.247370+00:00,-1,2176485182045,1789591979200000000,1789591979,200000000,2196197,1789591979208530,1789591979200000,2,4,1.0827750514363266,1.5483311338722938,gnss_local_enu_direct,1.0827750514363266,1.5483311338722938,110.4347104,-7.050906,233.39,0.559,0.93,3,1,15,0,0.0849,135.955,-0.061,0.059,-0.091,0.258,174.22,99.0,10.02,-91.41966814016509,neo3_calibrated_direct,1,-42.627,-0.795746,-28.6621,51.37324514868139,1,-90.913459376998,yahboom_calibrated_direct+neo3_cross_align,0,-7389,1480,3836,-0.6008896313895564,-0.07440195017160098,0.6054783227340301,-93.5185847864933,neo3_calibrated_direct:gyro_integral,1,-93.5185847864933,nan,209.146728515625,0.0,-247,58,2036,-1.1827356201171875,0.277727392578125,9.749189160156249,9.824595937349807,-287,164,-348,-17.51708984375,10.009765625,-21.240234375,-0.3057308931410965,0.17470336750919802,-0.37071202373902995,-0.37071202373902995,488,1351,-27462,2.6806640625,7.4212646484375,209.146728515625,98722.531,305.75,1,1,0,0,5230,467,1164,2337,2337,2337,2337,14580,F4line=5230;YAH=9348
DIRECT_SERIAL,450,1789591979366274301,2026-09-16T20:52:59.366274+00:00,-1,2176604085909,1789591979300000000,1789591979,300000000,2196295,1789591979307384,1789591979300000,2,4,1.0717263266895685,1.5483311340707853,gnss_local_enu_direct,1.0717263266895685,1.5483311340707853,110.4347103,-7.050906,233.39,0.559,0.931,3,1,14,0,0.0239,303.024,0.013,-0.02,-0.089,0.236,180.0,99.0,10.05,-96.00351210261891,neo3_calibrated_direct,1,-42.7734,1.75171,-27.0996,50.66577301930861,1,-94.54261515190228,yahboom_calibrated_direct+neo3_cross_align,0,-7538,1187,3794,-0.6228055490757379,-0.11532812784695243,0.6333935025181537,-95.99769564281507,neo3_calibrated_direct:gyro_integral,1,-95.99769564281507,nan,206.71875,0.0,-300,61,1985,-1.43652099609375,0.2920926025390625,9.504980590820312,9.617357573291484,-141,52,-452,-8.60595703125,3.173828125,-27.587890625,-0.15020228548046904,0.05539375067364816,-0.48149952508632626,-0.48149952508632626,232,1475,-27904,1.2744140625,8.1024169921875,206.71875,98723.758,305.75,1,1,0,0,5240,468,1167,2342,2342,2342,2342,14610,F4line=5240;YAH=9368
DIRECT_SERIAL,451,1789591979467329700,2026-09-16T20:52:59.467330+00:00,-1,2176705141274,1789591979400000000,1789591979,400000000,2196396,1789591979408669,1789591979400000,2,4,1.0606776007449337,1.5483311343364898,gnss_local_enu_direct,1.0606776007449337,1.5483311343364898,110.4347102,-7.050906,233.39,0.56,0.932,3,1,15,0,0.0264,204.624,-0.024,-0.011,-0.027,0.236,180.0,99.0,10.03,-100.47208130575507,neo3_calibrated_direct,1,-42.5049,4.21753,-26.4404,50.234936403571766,1,-99.04738672960171,yahboom_calibrated_direct+neo3_cross_align,0,-7650,806,3750,-0.6395628751127002,-0.16840189882188025,0.6613621328358905,-99.69186122129716,neo3_calibrated_direct:gyro_integral,1,-99.69186122129716,nan,203.02734375,0.0,-309,-10,2004,-1.4796166259765624,-0.047884033203124995,9.595960253906249,9.709480492541841,-112,46,-531,-6.8359375,2.8076171875,-32.40966796875,-0.11930961683554987,0.049002164057457984,-0.5656554155328302,-0.5656554155328302,-13,1526,-28576,-0.0714111328125,8.382568359375,203.02734375,98720.703,305.75,1,1,0,0,5252,469,1170,2348,2348,2348,2348,14646,F4line=5252;YAH=9392
DIRECT_SERIAL,452,1789591979575994557,2026-09-16T20:52:59.575995+00:00,-1,2176813806133,1789591979500000000,1789591979,500000000,2196495,1789591979507582,1789591979500000,2,4,1.0606776022428204,1.5372716286478907,gnss_local_enu_direct,1.0606776022428204,1.5372716286478907,110.4347102,-7.0509061,233.4,0.559,0.934,3,1,14,0,0.1325,151.113,-0.116,0.064,-0.034,0.209,90.376,99.0,10.04,-103.00556121300703,neo3_calibrated_direct,1,-42.2363,5.59692,-26.1475,49.98922191259232,1,-102.7157407401349,yahboom_calibrated_direct+neo3_cross_align,0,-7708,482,3749,-0.6484642987807725,-0.2134697918801383,0.6826970769225459,-103.02310140129418,neo3_calibrated_direct:gyro_integral,1,-103.02310140129418,nan,199.6380615234375,0.0,-337,-44,1976,-1.6136919189453125,-0.21068974609375,9.4618849609375,9.600815527463991,-19,-13,-558,-1.15966796875,-0.79345703125,-34.0576171875,-0.02024002428460221,-0.01384843766841204,-0.594417555305686,-0.594417555305686,-166,1546,-29193,-0.911865234375,8.492431640625,199.6380615234375,98725.281,305.75,1,1,0,0,5261,470,1172,2353,2353,2353,2353,14675,F4line=5261;YAH=9412
DIRECT_SERIAL,453,1789591979685574904,2026-09-16T20:52:59.685575+00:00,-1,2176923386518,1789591979600000000,1789591979,600000000,2196596,1789591979607748,1789591979600000,2,4,1.060677598694435,1.526212115517567,gnss_local_enu_direct,1.060677598694435,1.526212115517567,110.4347102,-7.0509062,233.38,0.559,0.936,3,1,15,0,0.0897,120.854,-0.046,0.077,-0.046,0.215,137.354,99.0,10.02,-107.30525684459293,neo3_calibrated_direct,1,-41.6016,7.89185,-25.8301,49.60008553412484,1,-106.37294581006518,yahboom_calibrated_direct+neo3_cross_align,0,-7688,169,3729,-0.6461441569107323,-0.2568734655910508,0.6953317545133674,-106.39618087284899,neo3_calibrated_direct:gyro_integral,1,-106.39618087284899,nan,196.2322998046875,0.0,-326,-78,1937,-1.5610194824218748,-0.373495458984375,9.275137231445312,9.412993750371111,45,-57,-563,2.74658203125,-3.47900390625,-34.36279296875,0.04793689962142629,-0.06072007285380663,-0.5997438774858445,-0.5997438774858445,-231,1496,-29813,-1.2689208984375,8.2177734375,196.2322998046875,98720.703,305.75,1,1,0,0,5279,471,1175,2358,2358,2358,2358,14713,F4line=5279;YAH=9432
DIRECT_SERIAL,454,1789591979786170420,2026-09-16T20:52:59.786170+00:00,-1,2177023982020,1789591979700000000,1789591979,700000000,2196697,1789591979708127,1789591979700000,2,4,1.060677597015153,1.526212113199785,gnss_local_enu_direct,1.060677597015153,1.526212113199785,110.4347102,-7.0509062,233.37,0.558,0.938,3,1,15,0,0.0946,105.945,-0.026,0.091,0.048,0.246,148.928,99.0,10.0,-111.11990797957084,neo3_calibrated_direct,1,-40.7715,9.83276,-26.1475,49.423578762748456,1,-109.66476265565551,yahboom_calibrated_direct+neo3_cross_align,0,-7637,-110,3731,-0.6393118908578327,-0.29550383900849053,0.7043026428041949,-109.81880463902975,neo3_calibrated_direct:gyro_integral,1,-109.81880463902975,nan,192.7825927734375,0.0,-283,-56,1928,-1.3551181396484375,-0.26815058593749996,9.2320416015625,9.334818800711858,-17,-96,-551,-1.03759765625,-5.859375,-33.63037109375,-0.01810949541253882,-0.10226538585904274,-0.5869607042534641,-0.5869607042534641,-314,1421,-30441,-1.724853515625,7.8057861328125,192.7825927734375,98725.891,305.75,1,1,0,0,5294,472,1178,2363,2363,2363,2363,14748,F4line=5294;YAH=9452
DIRECT_SERIAL,455,1789591979886363633,2026-09-16T20:52:59.886364+00:00,-1,2177124175242,1789591979800000000,1789591979,800000000,2196795,1789591979807070,1789591979800000,2,4,1.0606775950432796,1.5151526026330033,gnss_local_enu_direct,1.0606775950432796,1.5151526026330033,110.4347102,-7.0509063,233.36,0.558,0.941,3,1,15,0,0.1091,92.626,-0.005,0.109,0.024,0.248,130.212,99.0,10.03,-113.83721614666015,neo3_calibrated_direct,1,-40.0391,11.145,-26.416,49.24576743040969,1,-113.51719556972232,yahboom_calibrated_direct+neo3_cross_align,0,-7479,-394,3751,-0.6171213818401903,-0.33463935200853095,0.7020130311020126,-113.54511556945394,neo3_calibrated_direct:gyro_integral,1,-113.54511556945394,nan,189.0252685546875,0.0,-243,-79,1972,-1.1635820068359375,-0.37828386230468747,9.442731347656249,9.521669867786978,56,-149,-484,3.41796875,-9.09423828125,-29.541015625,0.059654808417774936,-0.1587244009687226,-0.5155879870393405,-0.5155879870393405,-353,1231,-31125,-1.9390869140625,6.7620849609375,189.0252685546875,98721.617,305.75,1,1,0,0,5303,473,1180,2369,2369,2369,2369,14781,F4line=5303;YAH=9476
DIRECT_SERIAL,456,1789591980004902767,2026-09-16T20:53:00.004903+00:00,-1,2177242714541,1789591979900000000,1789591979,900000000,2196896,1789591979908283,1789591979900000,2,4,1.060677589894238,1.5151525955525733,gnss_local_enu_direct,1.060677589894238,1.5151525955525733,110.4347102,-7.0509063,233.33,0.558,0.942,3,1,15,0,0.0464,322.883,0.037,-0.028,0.05,0.243,180.0,99.0,10.01,-116.75427932972374,neo3_calibrated_direct,1,-38.916,12.3718,-27.5146,49.239919825279976,1,-115.99129292959823,yahboom_calibrated_direct+neo3_cross_align,0,-7314,-537,3790,-0.5936767932760363,-0.3541941666345183,0.691307198394779,-116.38034966740466,neo3_calibrated_direct:gyro_integral,1,-116.38034966740466,nan,186.163330078125,0.0,-218,-78,2077,-1.0438719238281249,-0.373495458984375,9.945513696289062,10.007117973438302,52,-132,-466,3.173828125,-8.056640625,-28.4423828125,0.05539375067364816,-0.14061490555618378,-0.49641322719077,-0.49641322719077,-336,1072,-31646,-1.845703125,5.888671875,186.163330078125,98723.141,305.75,1,1,0,0,5314,474,1183,2374,2374,2374,2374,14812,F4line=5314;YAH=9496
DIRECT_SERIAL,457,1789591980105354213,2026-09-16T20:53:00.105354+00:00,-1,2177343165772,1789591980000000000,1789591980,0,2197003,1789591980015095,1789591980000000,2,4,1.0606775866384437,1.5151525905557144,gnss_local_enu_direct,1.0606775866384437,1.5151525905557144,110.4347102,-7.0509063,233.31,0.559,0.944,3,1,15,0,0.0368,45.0,0.026,0.026,0.081,0.256,180.0,99.0,9.91,-119.96070985406509,neo3_calibrated_direct,1,-37.793,13.7207,-28.0762,49.039182945171504,1,-119.12662400612521,yahboom_calibrated_direct+neo3_cross_align,0,-7124,-721,3808,-0.5667141029294217,-0.37939496251689286,0.6819863723288712,-119.741231407638,neo3_calibrated_direct:gyro_integral,1,-119.741231407638,nan,182.79052734375,0.0,-198,-84,2026,-0.948103857421875,-0.40222587890625,9.701305126953125,9.75581917361977,-73,-9,-430,-4.45556640625,-0.54931640625,-26.2451171875,-0.07776430383031376,-0.009587379924285258,-0.45806370749362896,-0.45806370749362896,-427,963,-32260,-2.3455810546875,5.2899169921875,182.79052734375,98720.398,305.75,1,1,0,0,5327,475,1186,2380,2380,2380,2380,14849,F4line=5327;YAH=9520
DIRECT_SERIAL,458,1789591980205521731,2026-09-16T20:53:00.205522+00:00,-1,2177443333407,1789591980100000000,1789591980,100000000,2197096,1789591980108596,1789591980100000,2,4,1.071726309257085,1.504093077529389,gnss_local_enu_direct,1.071726309257085,1.504093077529389,110.4347103,-7.0509064,233.29,0.56,0.946,3,1,15,0,0.0987,140.343,-0.076,0.063,0.028,0.262,152.089,99.0,10.04,-122.13125062320923,neo3_calibrated_direct,1,-37.2559,14.7461,-28.0518,48.91168606028624,1,-121.74512024345621,yahboom_calibrated_direct+neo3_cross_align,0,-7007,-900,3786,-0.5502266631989264,-0.4040306347163758,0.6826347007619392,-121.9637143759059,neo3_calibrated_direct:gyro_integral,1,-121.9637143759059,nan,180.5108642578125,0.0,-201,-122,2079,-0.9624690673828125,-0.584185205078125,9.955090502929687,10.018555084493062,2,-15,-327,0.1220703125,-0.91552734375,-19.95849609375,0.0021305288720633907,-0.01597896654047543,-0.34834147058236437,-0.34834147058236437,-523,963,-32675,-2.8729248046875,5.2899169921875,180.5108642578125,98718.875,305.75,1,1,0,0,5335,476,1188,2385,2385,2385,2385,14877,F4line=5335;YAH=9540
DIRECT_SERIAL,459,1789591980324219644,2026-09-16T20:53:00.324220+00:00,-1,2177562031416,1789591980200000000,1789591980,200000000,2197195,1789591980207618,1789591980200000,2,4,1.0717263051695722,1.493033564855938,gnss_local_enu_direct,1.0717263051695722,1.493033564855938,110.4347103,-7.0509065,233.27,0.561,0.948,3,1,15,0,0.0404,98.531,-0.006,0.04,0.056,0.249,180.0,99.0,10.05,-124.04479518527486,neo3_calibrated_direct,1,-36.5479,15.5029,-28.4668,48.85128048536701,1,-123.3593165035521,yahboom_calibrated_direct+neo3_cross_align,0,-6908,-990,3775,-0.5361673198610581,-0.4163464104747103,0.6788370411241318,-123.52318866758957,neo3_calibrated_direct:gyro_integral,1,-123.52318866758957,nan,178.912353515625,0.0,-180,-96,2019,-0.86191259765625,-0.45968671875,9.667786303710937,9.717010714186461,34,-88,-215,2.0751953125,-5.37109375,-13.12255859375,0.03621899082507764,-0.09374327037078918,-0.22903185374681448,-0.22903185374681448,-517,876,32570,-2.8399658203125,4.81201171875,178.912353515625,98719.789,305.75,1,1,0,0,5346,477,1191,2390,2390,2390,2390,14908,F4line=5346;YAH=9560
DIRECT_SERIAL,460,1789591980424223061,2026-09-16T20:53:00.424223+00:00,-1,2177662034619,1789591980300000000,1789591980,300000000,2197294,1789591980306751,1789591980300000,2,4,1.071726300456888,1.4930335577954652,gnss_local_enu_direct,1.071726300456888,1.4930335577954652,110.4347103,-7.0509065,233.24,0.562,0.949,3,1,15,0,0.0239,123.024,-0.013,0.02,0.041,0.254,180.0,99.0,10.06,-124.99822629723558,neo3_calibrated_direct,1,-36.1328,15.8325,-28.8818,48.891775006947746,1,-124.4419416623619,yahboom_calibrated_direct+neo3_cross_align,0,-6831,-1042,3773,-0.5252005187543267,-0.42342726010674203,0.6746304392045444,-124.59766638969802,neo3_calibrated_direct:gyro_integral,1,-124.59766638969802,nan,177.82470703125,0.0,-146,-90,2019,-0.699106884765625,-0.430956298828125,9.667786303710937,9.702606133511095,34,-8,-161,2.0751953125,-0.48828125,-9.82666015625,0.03621899082507764,-0.008522115488253563,-0.17150757420110294,-0.17150757420110294,-501,816,32372,-2.7520751953125,4.482421875,177.82470703125,98719.484,305.75,1,1,0,0,5354,478,1193,2396,2395,2395,2395,14937,F4line=5354;YAH=9581
DIRECT_SERIAL,461,1789591980524324104,2026-09-16T20:53:00.524324+00:00,-1,2177762135726,1789591980400000000,1789591980,400000000,2197396,1789591980407846,1789591980400000,2,4,1.0717262986664102,1.4930335553505993,gnss_local_enu_direct,1.0717262986664102,1.4930335553505993,110.4347103,-7.0509065,233.23,0.563,0.951,3,1,15,0,0.0475,40.732,0.036,0.031,0.044,0.204,180.0,99.0,10.02,-125.8922376463683,neo3_calibrated_direct,1,-35.8154,16.1865,-28.9307,48.802982100482346,1,-124.9720012224392,yahboom_calibrated_direct+neo3_cross_align,0,-6778,-1054,3748,-0.5176099662462812,-0.42499914685908124,0.6697345384467067,-125.7318000805569,neo3_calibrated_direct:gyro_integral,1,-125.7318000805569,nan,176.6766357421875,0.0,-145,-69,2088,-0.6943184814453125,-0.33039982910156246,9.9981861328125,10.027710015108685,32,2,-164,1.953125,0.1220703125,-10.009765625,0.03408846195301425,0.0021305288720633907,-0.17470336750919802,-0.17470336750919802,-467,828,32163,-2.5653076171875,4.54833984375,176.6766357421875,98721.922,305.75,1,1,0,0,5366,479,1196,2401,2401,2401,2400,14971,F4line=5366;YAH=9603
DIRECT_SERIAL,462,1789591980624447410,2026-09-16T20:53:00.624448+00:00,-1,2177862258988,1789591980500000000,1789591980,500000000,2197496,1789591980507946,1789591980500000,2,4,1.0717262917594608,1.481974038162386,gnss_local_enu_direct,1.0717262917594608,1.481974038162386,110.4347103,-7.0509066,233.19,0.565,0.952,3,1,15,0,0.0616,136.975,-0.045,0.042,0.066,0.269,180.0,99.0,10.01,-126.30399467921958,neo3_calibrated_direct,1,-35.5957,16.2964,-29.4189,48.97038072815036,1,-125.62578258182445,yahboom_calibrated_direct+neo3_cross_align,0,-6698,-1055,3709,-0.5061223367230582,-0.4249967904145115,0.6608949172089651,-126.5380171908458,neo3_calibrated_direct:gyro_integral,1,-126.5380171908458,nan,175.8197021484375,0.0,-145,-132,2034,-0.6943184814453125,-0.63206923828125,9.739612353515625,9.784765631961356,-263,132,-108,-16.05224609375,8.056640625,-6.591796875,-0.28016454667633583,0.14061490555618378,-0.11504855909142309,-0.11504855909142309,-600,887,32007,-3.2958984375,4.8724365234375,175.8197021484375,98717.648,305.75,1,1,0,0,5381,480,1198,2406,2406,2406,2406,15007,F4line=5381;YAH=9624
DIRECT_SERIAL,463,1789591980733277175,2026-09-16T20:53:00.733277+00:00,-1,2177971088856,1789591980600000000,1789591980,600000000,2197597,1789591980608213,1789591980600000,2,4,1.0606775644607056,1.4819740362342515,gnss_local_enu_direct,1.0606775644607056,1.4819740362342515,110.4347102,-7.0509066,233.18,0.566,0.953,3,1,15,0,0.0351,250.017,-0.012,-0.033,0.045,0.268,180.0,99.0,10.0,-127.88973994491933,neo3_calibrated_direct,1,-35.376,17.1753,-28.5889,48.618695059616726,1,-126.59381822765573,yahboom_calibrated_direct+neo3_cross_align,0,-6699,-1160,3679,-0.5064511991606813,-0.43957072922131096,0.6706081144151531,-127.38094462102015,neo3_calibrated_direct:gyro_integral,1,-127.38094462102015,nan,174.96826171875,0.0,-193,-170,2101,-0.9241618408203125,-0.814028564453125,10.060435375976562,10.135535386252403,-43,-15,-156,-2.62451171875,-0.91552734375,-9.521484375,-0.0458063707493629,-0.01597896654047543,-0.16618125202094447,-0.16618125202094447,-771,940,31852,-4.2352294921875,5.16357421875,174.96826171875,98723.141,305.75,1,1,0,0,5393,481,1201,2411,2411,2411,2411,15039,F4line=5393;YAH=9644
DIRECT_SERIAL,464,1789591980833300788,2026-09-16T20:53:00.833301+00:00,-1,2178071112495,1789591980800000000,1789591980,800000000,2197794,1789591980806289,1789591980800000,2,4,1.0717262914668695,1.470914530491061,gnss_local_enu_direct,1.0717262914668695,1.470914530491061,110.4347103,-7.0509067,233.19,0.568,0.954,3,1,15,0,0.0642,161.847,-0.061,0.02,-0.052,0.288,180.0,99.0,10.01,-129.03458127309602,neo3_calibrated_direct,1,-34.8877,17.5659,-28.7354,48.49160409039899,1,-127.48197917527952,yahboom_calibrated_direct+neo3_cross_align,0,-6676,-1237,3647,-0.5032838447990363,-0.4502164130919764,0.6752699068173449,-128.26754539824321,neo3_calibrated_direct:gyro_integral,1,-128.26754539824321,nan,174.100341796875,0.0,-183,-143,2022,-0.8762778076171874,-0.6847416748046875,9.682151513671874,9.745808939797417,29,-48,-140,1.77001953125,-2.9296875,-8.544921875,0.030892668644919165,-0.05113269292952137,-0.14913702104443735,-0.14913702104443735,-777,865,31694,-4.2681884765625,4.7515869140625,174.100341796875,98721.922,305.75,1,1,0,0,5408,482,1204,2416,2416,2416,2416,15074,F4line=5408;YAH=9664
DIRECT_SERIAL,465,1789591980934311611,2026-09-16T20:53:00.934312+00:00,-1,2178172123187,1789591980900000000,1789591980,900000000,2197895,1789591980907468,1789591980900000,2,4,1.0827750144231498,1.4709145279632385,gnss_local_enu_direct,1.0827750144231498,1.4709145279632385,110.4347104,-7.0509067,233.18,0.571,0.955,3,1,15,0,0.0599,146.575,-0.05,0.033,0.018,0.324,180.0,99.0,10.04,-129.94424027652613,neo3_calibrated_direct,1,-34.6191,17.9688,-28.6865,48.41771515158476,1,-128.4178503288154,yahboom_calibrated_direct+neo3_cross_align,0,-6606,-1276,3623,-0.4932994305492632,-0.45550543839751295,0.6714384056560496,-129.1180662133072,neo3_calibrated_direct:gyro_integral,1,-129.1180662133072,nan,173.243408203125,0.0,-140,-146,1999,-0.6703764648437499,-0.699106884765625,9.572018237304688,9.620898511897765,-8,0,-134,-0.48828125,0.0,-8.1787109375,-0.008522115488253563,0.0,-0.14274543442824716,-0.14274543442824716,-762,835,31538,-4.185791015625,4.5867919921875,173.243408203125,98723.453,305.75,1,1,0,0,5417,483,1206,2421,2421,2421,2421,15103,F4line=5417;YAH=9684
DIRECT_SERIAL,466,1789591981035910331,2026-09-16T20:53:01.035910+00:00,-1,2178273721958,1789591980900000000,1789591980,900000000,2197895,1789591980907468,1789591980900000,2,4,1.0938237405240283,1.4709145300741209,gnss_local_enu_direct,1.0938237405240283,1.4709145300741209,110.4347105,-7.0509067,233.19,0.573,0.956,3,1,15,0,0.0344,295.821,0.015,-0.031,0.032,0.288,180.0,99.0,10.02,-130.57433008430397,neo3_calibrated_direct,1,-34.2285,18.0786,-28.8086,48.25309756036393,1,-129.12349042398455,yahboom_calibrated_direct+neo3_cross_align,0,-6571,-1322,3596,-0.4883539757378388,-0.4618276903461548,0.6721416674998043,-129.65993551006022,neo3_calibrated_direct:gyro_integral,1,-129.65993551006022,nan,172.6666259765625,0.0,-165,-167,2059,-0.7900865478515624,-0.7996633544921875,9.859322436523437,9.923201960100789,0,38,-63,0.0,2.3193359375,-3.84521484375,0.0,0.04048004856920442,-0.06711165946999681,-0.06711165946999681,-782,840,31433,-4.295654296875,4.6142578125,172.6666259765625,98724.977,305.75,1,1,0,0,5426,484,1209,2426,2426,2426,2426,15132,F4line=5426;YAH=9704
DIRECT_SERIAL,467,1789591981142431900,2026-09-16T20:53:01.142432+00:00,-1,2178380243723,1789591981100000000,1789591981,100000000,2198096,1789591981107974,1789591981100000,2,4,1.1048724662211196,1.459855024271059,gnss_local_enu_direct,1.1048724662211196,1.459855024271059,110.4347106,-7.0509068,233.2,0.578,0.959,3,1,15,0,0.037,178.452,-0.037,0.001,0.033,0.314,180.0,99.0,10.03,-130.92266863734426,neo3_calibrated_direct,1,-34.2041,18.2983,-28.5645,48.173425246187335,1,-129.26437468247215,yahboom_calibrated_direct+neo3_cross_align,0,-6575,-1342,3609,-0.4889637301907892,-0.46461039959790273,0.6744985936654084,-130.08251010393198,neo3_calibrated_direct:gyro_integral,1,-130.08251010393198,nan,172.2381591796875,0.0,-156,-166,2032,-0.74699091796875,-0.7948749511718749,9.730035546875,9.790986332488641,30,8,-80,1.8310546875,0.48828125,-4.8828125,0.03195793308095086,0.008522115488253563,-0.08522115488253562,-0.08522115488253562,-766,868,31355,-4.207763671875,4.76806640625,172.2381591796875,98723.453,305.75,1,1,0,0,5440,486,1211,2431,2431,2431,2431,15166,F4line=5440;YAH=9724
DIRECT_SERIAL,468,1789591981243349558,2026-09-16T20:53:01.243350+00:00,-1,2178481161128,1789591981200000000,1789591981,200000000,2198197,1789591981208424,1789591981200000,2,4,1.1159211964095106,1.4709145387087879,gnss_local_enu_direct,1.1159211964095106,1.4709145387087879,110.4347107,-7.0509067,233.23,0.58,0.959,3,1,15,0,0.0112,153.435,-0.01,0.005,-0.033,0.259,180.0,99.0,10.01,-131.2369086566669,neo3_calibrated_direct,1,-33.8623,18.2251,-28.6865,47.97629532956874,1,-129.84485924489084,yahboom_calibrated_direct+neo3_cross_align,0,-6538,-1372,3602,-0.4837028127234264,-0.4687086012310388,0.6735400239811373,-130.80109372624673,neo3_calibrated_direct:gyro_integral,1,-130.80109372624673,nan,171.5350341796875,0.0,-167,-148,2020,-0.7996633544921875,-0.70868369140625,9.672574707031249,9.731412822303016,39,-36,-105,2.38037109375,-2.197265625,-6.40869140625,0.04154531300523612,-0.03834951969714103,-0.111852765783328,-0.111852765783328,-740,838,31227,-4.06494140625,4.603271484375,171.5350341796875,98723.453,305.75,1,1,0,0,5451,487,1214,2437,2437,2437,2437,15201,F4line=5451;YAH=9748
DIRECT_SERIAL,469,1789591981343361294,2026-09-16T20:53:01.343361+00:00,-1,2178581172853,1789591981300000000,1789591981,300000000,2198294,1789591981306140,1789591981300000,2,4,1.1269699220289837,1.4709145385502103,gnss_local_enu_direct,1.1269699220289837,1.4709145385502103,110.4347108,-7.0509067,233.23,0.582,0.96,3,1,15,0,0.0433,40.314,0.033,0.028,-0.013,0.264,180.0,99.0,10.06,-131.97268818827038,neo3_calibrated_direct,1,-33.7646,18.6523,-28.5889,48.013349306833405,1,-130.12312784942065,yahboom_calibrated_direct+neo3_cross_align,0,-6516,-1382,3609,-0.4805608718214616,-0.4700576141390603,0.6722298060454541,-131.45424728551268,neo3_calibrated_direct:gyro_integral,1,-131.45424728551268,nan,170.8978271484375,0.0,-153,-120,1975,-0.7326257080078125,-0.5746083984375,9.457096557617186,9.502820136132415,68,-40,-105,4.150390625,-2.44140625,-6.40869140625,0.07243798165015528,-0.04261057744126781,-0.111852765783328,-0.111852765783328,-700,788,31111,-3.84521484375,4.32861328125,170.8978271484375,98724.062,305.75,1,1,0,0,5460,488,1216,2442,2442,2442,2442,15230,F4line=5460;YAH=9768
DIRECT_SERIAL,470,1789591981445822520,2026-09-16T20:53:01.445822+00:00,-1,2178683634108,1789591981400000000,1789591981,400000000,2198396,1789591981408516,1789591981400000,2,4,1.138018648343828,1.4709145405424169,gnss_local_enu_direct,1.138018648343828,1.4709145405424169,110.4347109,-7.0509067,233.24,0.584,0.961,3,1,15,0,0.0347,123.232,-0.019,0.029,0.036,0.266,180.0,99.0,10.02,-132.1292273649577,neo3_calibrated_direct,1,-33.252,18.3105,-29.4434,48.04043835988594,1,-130.68509746398212,yahboom_calibrated_direct+neo3_cross_align,0,-6464,-1394,3625,-0.4731139367354344,-0.4716312651296434,0.668036561410443,-131.99019885069842,neo3_calibrated_direct:gyro_integral,1,-131.99019885069842,nan,170.35400390625,0.0,-145,-94,2008,-0.6943184814453125,-0.45010991210937495,9.6151138671875,9.650652401036782,164,-80,-71,10.009765625,-4.8828125,-4.33349609375,0.17470336750919802,-0.08522115488253562,-0.07563377495825037,-0.07563377495825037,-585,719,31012,-3.2135009765625,3.9495849609375,170.35400390625,98723.758,305.75,1,1,0,0,5472,489,1219,2447,2447,2447,2447,15262,F4line=5472;YAH=9788
DIRECT_SERIAL,471,1789591981547459688,2026-09-16T20:53:01.547460+00:00,-1,2178785271403,1789591981500000000,1789591981,500000000,2198497,1789591981508787,1789591981500000,2,4,1.1490673731356338,1.4709145427089632,gnss_local_enu_direct,1.1490673731356338,1.4709145427089632,110.434711,-7.0509067,233.25,0.587,0.961,3,1,15,0,0.0332,313.781,0.023,-0.024,0.05,0.278,180.0,99.0,10.0,-132.4966595142106,neo3_calibrated_direct,1,-33.0078,18.3472,-29.6143,47.991055137077375,1,-130.86770366602443,yahboom_calibrated_direct+neo3_cross_align,0,-6431,-1381,3616,-0.4683516267116592,-0.469768871273394,0.663352122677644,-131.99515558897926,neo3_calibrated_direct:gyro_integral,1,-131.99515558897926,nan,170.2825927734375,0.0,-120,-152,2025,-0.5746083984375,-0.7278373046875,9.696516723632811,9.740757595040566,-160,145,43,-9.765625,8.85009765625,2.62451171875,-0.17044230976507124,0.15446334322459582,0.0458063707493629,0.0458063707493629,-594,773,30999,-3.262939453125,4.2462158203125,170.2825927734375,98726.195,305.75,1,1,0,0,5481,490,1221,2452,2452,2452,2452,15291,F4line=5481;YAH=9808
DIRECT_SERIAL,472,1789591981661307779,2026-09-16T20:53:01.661308+00:00,-1,2178899119378,1789591981600000000,1789591981,600000000,2198596,1789591981607644,1789591981600000,2,4,1.1601161029538156,1.4819740551198508,gnss_local_enu_direct,1.1601161029538156,1.4819740551198508,110.4347111,-7.0509066,233.27,0.589,0.961,3,1,15,0,0.0449,106.821,-0.013,0.043,-0.019,0.282,180.0,99.0,10.02,-132.05837349195633,neo3_calibrated_direct,1,-33.252,18.2617,-29.2236,47.88740949195311,1,-130.94239764323328,yahboom_calibrated_direct+neo3_cross_align,0,-6450,-1395,3536,-0.47110505706542155,-0.471745348409168,0.6666960690886825,-131.79131111986285,neo3_calibrated_direct:gyro_integral,1,-131.79131111986285,nan,170.4638671875,0.0,-188,-153,2142,-0.9002198242187499,-0.7326257080078125,10.256759912109374,10.322221662733478,50,83,8,3.0517578125,5.06591796875,0.48828125,0.05326322180158476,0.08841694819063071,0.008522115488253563,0.008522115488253563,-679,885,31032,-3.7298583984375,4.8614501953125,170.4638671875,98722.836,305.75,1,1,0,0,5499,491,1224,2457,2457,2457,2457,15329,F4line=5499;YAH=9828
DIRECT_SERIAL,473,1789591981762410794,2026-09-16T20:53:01.762411+00:00,-1,2179000222367,1789591981700000000,1789591981,700000000,2198698,1789591981710335,1789591981700000,2,4,1.1711648294910515,1.4819740572506903,gnss_local_enu_direct,1.1711648294910515,1.4819740572506903,110.4347112,-7.0509066,233.28,0.591,0.962,3,1,15,0,0.0531,183.24,-0.053,-0.003,0.076,0.285,180.0,99.0,9.98,-131.74206949359126,neo3_calibrated_direct,1,-33.2764,18.0664,-29.2969,47.87506611515017,1,-130.39799255817735,yahboom_calibrated_direct+neo3_cross_align,0,-6487,-1370,3541,-0.4763747957240036,-0.46834105985072494,0.668039141325706,-132.41539876268354,neo3_calibrated_direct:gyro_integral,1,-132.41539876268354,nan,169.91455078125,0.0,-169,-95,2012,-0.8092401611328125,-0.45489831542968745,9.634267480468749,9.678890019056352,26,-54,-156,1.5869140625,-3.2958984375,-9.521484375,0.02769687533682408,-0.05752427954571154,-0.16618125202094447,-0.16618125202094447,-562,874,30932,-3.087158203125,4.801025390625,169.91455078125,98723.453,305.75,1,1,0,0,5513,492,1227,2463,2463,2463,2463,15367,F4line=5513;YAH=9852
DIRECT_SERIAL,474,1789591981869196797,2026-09-16T20:53:01.869197+00:00,-1,2179107008498,1789591981800000000,1789591981,800000000,2198794,1789591981805911,1789591981800000,2,4,1.1932622861054827,1.493033573923244,gnss_local_enu_direct,1.1932622861054827,1.493033573923244,110.4347114,-7.0509065,233.32,0.593,0.962,3,1,15,0,0.0291,296.565,0.013,-0.026,0.085,0.261,180.0,99.0,10.05,-132.62333609277064,neo3_calibrated_direct,1,-32.9102,18.3472,-29.3457,47.75846647841617,1,-131.20663519452089,yahboom_calibrated_direct+neo3_cross_align,0,-6432,-1407,3524,-0.46854111432801776,-0.4733789835000421,0.6660468736022066,-133.5298064451792,neo3_calibrated_direct:gyro_integral,1,-133.5298064451792,nan,168.8214111328125,0.0,-158,-128,2066,-0.7565677246093749,-0.612915625,9.892841259765625,9.940642256726214,15,-89,-189,0.91552734375,-5.43212890625,-11.53564453125,0.01597896654047543,-0.09480853480682087,-0.2013349784099904,-0.2013349784099904,-581,784,30733,-3.1915283203125,4.306640625,168.8214111328125,98721.312,305.75,1,1,0,0,5522,493,1229,2468,2468,2468,2468,15396,F4line=5522;YAH=9872
DIRECT_SERIAL,475,1789591981980635835,2026-09-16T20:53:01.980636+00:00,-1,2179218447525,1789591981900000000,1789591981,900000000,2198896,1789591981908409,1789591981900000,2,4,1.2043110155198773,1.4930335784201878,gnss_local_enu_direct,1.2043110155198773,1.4930335784201878,110.4347115,-7.0509065,233.34,0.594,0.962,3,1,15,0,0.0684,153.06,-0.061,0.031,0.082,0.2839,180.0,99.0,10.01,-134.14160355315084,neo3_calibrated_direct,1,-31.9824,18.5425,-29.9561,47.58220406013156,1,-132.59578171887821,yahboom_calibrated_direct+neo3_cross_align,0,-6340,-1472,3549,-0.4554429869881815,-0.4822375435526181,0.6633109096105536,-134.56037067259646,neo3_calibrated_direct:gyro_integral,1,-134.56037067259646,nan,167.8216552734375,0.0,-108,-93,2014,-0.51714755859375,-0.44532150878906246,9.643844287109374,9.667961805756255,263,-169,-162,16.05224609375,-10.31494140625,-9.8876953125,0.28016454667633583,-0.1800296896893565,-0.17257283863713463,-0.17257283863713463,-462,637,30551,-2.537841796875,3.4991455078125,167.8216552734375,98720.703,305.75,1,1,0,0,5533,494,1232,2473,2473,2473,2473,15427,F4line=5533;YAH=9892
DIRECT_SERIAL,476,1789591982081412720,2026-09-16T20:53:02.081413+00:00,-1,2179319224303,1789591982000000000,1789591982,0,2199003,1789591982015266,1789591982000000,2,4,1.237457198078943,1.5040930954047118,gnss_local_enu_direct,1.237457198078943,1.5040930954047118,110.4347118,-7.0509064,233.38,0.595,0.961,3,1,15,0,0.0163,47.49,0.011,0.012,0.07,0.227,180.0,99.0,9.91,-134.3396792132578,neo3_calibrated_direct,1,-31.2744,18.0054,-30.957,47.54596064357098,1,-133.10116698074668,yahboom_calibrated_direct+neo3_cross_align,0,-6250,-1416,3609,-0.44241862166487533,-0.4743069356741082,0.6486149135075532,-135.18424052104666,neo3_calibrated_direct:gyro_integral,1,-135.18424052104666,nan,167.1514892578125,0.0,-96,-79,2050,-0.45968671875,-0.37828386230468747,9.816226806640625,9.834262518322626,-17,38,-12,-1.03759765625,2.3193359375,-0.732421875,-0.01810949541253882,0.04048004856920442,-0.012783173232380343,-0.012783173232380343,-223,503,30429,-1.2249755859375,2.7630615234375,167.1514892578125,98723.758,305.75,1,1,0,0,5546,495,1235,2479,2479,2479,2479,15464,F4line=5546;YAH=9916
DIRECT_SERIAL,477,1789591982186034272,2026-09-16T20:53:02.186034+00:00,-1,2179423845884,1789591982100000000,1789591982,100000000,2199098,1789591982109745,1789591982100000,2,4,1.2706033879688388,1.515152619453916,gnss_local_enu_direct,1.2706033879688388,1.515152619453916,110.4347121,-7.0509063,233.45,0.596,0.96,3,1,15,0,0.0783,241.798,-0.037,-0.069,0.033,0.215,157.353,99.0,10.0,-134.39543265349977,neo3_calibrated_direct,1,-31.2988,18.0664,-30.7617,47.458317261466405,1,-133.28802877122857,yahboom_calibrated_direct+neo3_cross_align,0,-6237,-1409,3615,-0.44053924551093,-0.4733125222723677,0.6466061943526137,-135.1317873843887,neo3_calibrated_direct:gyro_integral,1,-135.1317873843887,nan,167.18994140625,0.0,-123,-98,2048,-0.5889736083984375,-0.469263525390625,9.80665,9.835521460001596,-46,17,1,-2.8076171875,1.03759765625,0.06103515625,-0.049002164057457984,0.01810949541253882,0.0010652644360316954,0.0010652644360316954,-327,579,30436,-1.7962646484375,3.1805419921875,167.18994140625,98723.758,305.75,1,1,0,0,5555,496,1237,2484,2484,2484,2484,15493,F4line=5555;YAH=9936
DIRECT_SERIAL,478,1789591982286052339,2026-09-16T20:53:02.286052+00:00,-1,2179523863949,1789591982200000000,1789591982,200000000,2199196,1789591982207742,1789591982200000,2,4,1.2927008498310304,1.5151526331904936,gnss_local_enu_direct,1.2927008498310304,1.5151526331904936,110.4347123,-7.0509063,233.51,0.596,0.959,3,1,15,0,0.0416,215.218,-0.034,-0.024,0.028,0.232,180.0,99.0,10.03,-134.4823487429762,neo3_calibrated_direct,1,-31.25,18.0786,-30.8594,47.494219083168424,1,-133.4576938635561,yahboom_calibrated_direct+neo3_cross_align,0,-6241,-1420,3596,-0.4411331218196857,-0.47484618798966793,0.6481337311193583,-135.14551090453017,neo3_calibrated_direct:gyro_integral,1,-135.14551090453017,nan,167.178955078125,0.0,-100,-44,2083,-0.47884033203125,-0.21068974609375,9.974244116210937,9.987953940745689,132,-33,5,8.056640625,-2.01416015625,0.30517578125,0.14061490555618378,-0.035153726389045944,0.005326322180158476,0.005326322180158476,-276,558,30434,-1.51611328125,3.065185546875,167.178955078125,98724.672,305.75,1,1,0,0,5566,497,1240,2489,2489,2489,2489,15524,F4line=5566;YAH=9956
DIRECT_SERIAL,479,1789591982390083094,2026-09-16T20:53:02.390083+00:00,-1,2179627894786,1789591982300000000,1789591982,300000000,2199297,1789591982307916,1789591982300000,2,4,1.3147983118295696,1.5262121530305541,gnss_local_enu_direct,1.3147983118295696,1.5262121530305541,110.4347125,-7.0509062,233.56,0.596,0.957,3,1,16,0,0.0472,36.384,0.038,0.028,0.006,0.19,180.0,99.0,10.01,-134.01236484874943,neo3_calibrated_direct,1,-31.2744,17.7856,-31.2256,47.63878417927981,1,-133.20923580707822,yahboom_calibrated_direct+neo3_cross_align,0,-6235,-1374,3622,-0.44019026232835845,-0.4684516022730281,0.6428175252129303,-135.1430542950331,neo3_calibrated_direct:gyro_integral,1,-135.1430542950331,nan,167.1844482421875,0.0,-105,4,2027,-0.5027823486328125,0.01915361328125,9.706093530273437,9.719125915915193,142,2,0,8.6669921875,0.1220703125,0.0,0.15126754991650074,0.0021305288720633907,0.0,0.0,-111,536,30435,-0.6097412109375,2.9443359375,167.1844482421875,98724.672,305.75,1,1,0,0,5575,498,1242,2494,2494,2494,2494,15553,F4line=5575;YAH=9976
DIRECT_SERIAL,480,1789591982499547329,2026-09-16T20:53:02.499547+00:00,-1,2179737359014,1789591982400000000,1789591982,400000000,2199398,1789591982409107,1789591982400000,2,4,1.3479444996038257,1.537271675204159,gnss_local_enu_direct,1.3479444996038257,1.537271675204159,110.4347128,-7.0509061,233.62,0.596,0.956,3,1,16,0,0.0465,108.825,-0.015,0.044,-0.01,0.265,180.0,99.0,10.0,-133.2533474416179,neo3_calibrated_direct,1,-31.2744,17.2852,-31.5674,47.67983826692368,1,-132.79703380726554,yahboom_calibrated_direct+neo3_cross_align,0,-6236,-1322,3629,-0.4402421393616963,-0.46123667053446343,0.6376146230408148,-135.16502783629323,neo3_calibrated_direct:gyro_integral,1,-135.16502783629323,nan,167.1624755859375,0.0,-82,23,2011,-0.39264907226562495,0.11013327636718749,9.629479077148437,9.638110288316582,-68,48,-3,-4.150390625,2.9296875,-0.18310546875,-0.07243798165015528,0.05113269292952137,-0.0031957933080950856,-0.0031957933080950856,-83,543,30431,-0.4559326171875,2.9827880859375,167.1624755859375,98722.227,305.75,1,1,0,0,5587,499,1245,2499,2499,2499,2499,15585,F4line=5587;YAH=9996
DIRECT_SERIAL,481,1789591982600414384,2026-09-16T20:53:02.600415+00:00,-1,2179838225960,1789591982500000000,1789591982,500000000,2199496,1789591982508049,1789591982500000,2,4,1.3700419588689725,1.537271684333538,gnss_local_enu_direct,1.3700419588689725,1.537271684333538,110.434713,-7.0509061,233.66,0.596,0.954,3,1,16,0,0.022,272.603,0.001,-0.022,0.029,0.246,180.0,99.0,10.03,-133.35484191328962,neo3_calibrated_direct,1,-31.4941,17.5537,-31.2012,47.681501653576305,1,-132.7266206412613,yahboom_calibrated_direct+neo3_cross_align,0,-6248,-1327,3602,-0.4419743696171356,-0.46195175446808284,0.6393283716953317,-134.7267182606111,neo3_calibrated_direct:gyro_integral,1,-134.7267182606111,nan,167.5250244140625,0.0,-153,-13,2094,-0.7326257080078125,-0.062249243164062495,10.026916552734374,10.053838617752278,-61,56,132,-3.72314453125,3.41796875,8.056640625,-0.06498113059793341,0.059654808417774936,0.14061490555618378,0.14061490555618378,-184,647,30497,-1.0107421875,3.5540771484375,167.5250244140625,98722.836,305.75,1,1,0,0,5598,500,1248,2505,2505,2505,2505,15620,F4line=5598;YAH=10020
DIRECT_SERIAL,482,1789591982710392813,2026-09-16T20:53:02.710393+00:00,-1,2179948204429,1789591982600000000,1789591982,600000000,2199597,1789591982609313,1789591982600000,2,4,1.3921394265190594,1.5483312093826362,gnss_local_enu_direct,1.3921394265190594,1.5483312093826362,110.4347132,-7.050906,233.73,0.596,0.953,3,1,16,0,0.0149,312.274,0.01,-0.011,-0.041,0.228,180.0,99.0,10.01,-132.7268430344895,neo3_calibrated_direct,1,-31.7871,17.4072,-31.1279,47.77422418689811,1,-132.2395706678822,yahboom_calibrated_direct+neo3_cross_align,0,-6294,-1321,3574,-0.4485701856005159,-0.4612002137376684,0.6433668071647405,-133.5705189119763,neo3_calibrated_direct:gyro_integral,1,-133.5705189119763,nan,168.6566162109375,0.0,-131,-63,2025,-0.6272808349609375,-0.3016694091796875,9.696516723632811,9.72146708321511,25,-19,204,1.52587890625,-1.15966796875,12.451171875,0.02663161090079238,-0.02024002428460221,0.21731394495046583,0.21731394495046583,-180,668,30703,-0.98876953125,3.66943359375,168.6566162109375,98725.586,305.75,1,1,0,0,5614,501,1250,2510,2510,2510,2510,15656,F4line=5614;YAH=10040
DIRECT_SERIAL,483,1789591982818817652,2026-09-16T20:53:02.818818+00:00,-1,2180056629301,1789591982700000000,1789591982,700000000,2199696,1789591982708452,1789591982700000,2,4,1.414236891942311,1.5593907324290515,gnss_local_enu_direct,1.414236891942311,1.5593907324290515,110.4347134,-7.0509059,233.79,0.596,0.952,3,1,16,0,0.0609,345.735,0.059,-0.015,-0.025,0.279,180.0,99.0,10.02,-131.23764731678148,neo3_calibrated_direct,1,-32.2754,16.8701,-31.3232,48.03586761379459,1,-131.36108556364536,yahboom_calibrated_direct+neo3_cross_align,0,-6333,-1263,3537,-0.45406893924108743,-0.45321962736273846,0.6415501790276001,-132.61137320244256,neo3_calibrated_direct:gyro_integral,1,-132.61137320244256,nan,169.6728515625,0.0,-108,-20,2018,-0.51714755859375,-0.09576806640624999,9.662997900390625,9.67730032306822,-25,21,112,-1.52587890625,1.28173828125,6.8359375,-0.02663161090079238,0.022370553156665602,0.11930961683554987,0.11930961683554987,-159,654,30888,-0.8734130859375,3.592529296875,169.6728515625,98724.367,305.75,1,1,0,0,5627,502,1253,2515,2515,2515,2515,15689,F4line=5627;YAH=10060
DIRECT_SERIAL,484,1789591982919421402,2026-09-16T20:53:02.919421+00:00,-1,2180157233015,1789591982800000000,1789591982,800000000,2199795,1789591982807474,1789591982800000,2,4,1.4363343507711002,1.5593907417695432,gnss_local_enu_direct,1.4363343507711002,1.5593907417695432,110.4347136,-7.0509059,233.83,0.596,0.95,3,1,16,0,0.0158,341.565,0.015,-0.005,-0.016,0.256,180.0,99.0,10.03,-131.034141463412,neo3_calibrated_direct,1,-32.5439,16.9678,-30.9326,47.998306291055734,1,-130.68099414469717,yahboom_calibrated_direct+neo3_cross_align,0,-6369,-1220,3531,-0.45916330418926177,-0.4473154874971564,0.6410320469904911,-132.3661340114025,neo3_calibrated_direct:gyro_integral,1,-132.3661340114025,nan,169.9639892578125,0.0,-128,-58,2049,-0.612915625,-0.277727392578125,9.811438403320311,9.834486341955333,-60,35,0,-3.662109375,2.13623046875,0.0,-0.06391586616190172,0.03728425526110934,0.0,0.0,-230,700,30941,-1.263427734375,3.84521484375,169.9639892578125,98724.672,305.75,1,1,0,0,5638,503,1256,2521,2521,2521,2521,15724,F4line=5638;YAH=10084
DIRECT_SERIAL,485,1789591983030896918,2026-09-16T20:53:03.030897+00:00,-1,2180268708563,1789591982900000000,1789591982,900000000,2199897,1789591982908712,1789591982900000,2,4,1.458431813317193,1.570450262565389,gnss_local_enu_direct,1.458431813317193,1.570450262565389,110.4347138,-7.0509058,233.88,0.596,0.949,3,1,16,0,0.0651,92.643,-0.003,0.065,-0.098,0.245,180.0,99.0,10.0,-131.0454836853681,neo3_calibrated_direct,1,-32.5928,17.0166,-30.8838,48.017334264200876,1,-130.85665368447334,yahboom_calibrated_direct+neo3_cross_align,0,-6363,-1231,3514,-0.4583210062778342,-0.4488315108320181,0.6414887917269315,-132.38078009819446,neo3_calibrated_direct:gyro_integral,1,-132.38078009819446,nan,169.947509765625,0.0,-140,-52,2076,-0.6703764648437499,-0.24899697265624998,9.94072529296875,9.966414773993556,-13,-1,0,-0.79345703125,-0.06103515625,0.0,-0.01384843766841204,-0.0010652644360316954,0.0,0.0,-272,715,30938,-1.494140625,3.9276123046875,169.947509765625,98726.195,305.75,1,1,0,0,5647,504,1258,2526,2526,2526,2526,15753,F4line=5647;YAH=10104
DIRECT_SERIAL,486,1789591983135765616,2026-09-16T20:53:03.135766+00:00,-1,2180373577497,1789591983000000000,1789591983,0,2200004,1789591983015406,1789591983000000,2,4,1.4805292779664478,1.5704502742845998,gnss_local_enu_direct,1.4805292779664478,1.5704502742845998,110.434714,-7.0509058,233.93,0.596,0.949,3,1,16,0,0.0711,295.844,0.031,-0.064,-0.091,0.244,180.0,99.0,9.9,-131.11165358527902,neo3_calibrated_direct,1,-32.4707,16.9556,-31.0547,48.02325605308329,1,-131.02055740641998,yahboom_calibrated_direct+neo3_cross_align,0,-6361,-1246,3521,-0.4580602350074553,-0.45090972157960985,0.6427587073778825,-132.4003073699228,neo3_calibrated_direct:gyro_integral,1,-132.4003073699228,nan,169.9365234375,0.0,-125,-43,2013,-0.5985504150390625,-0.2059013427734375,9.639055883789062,9.659816576576796,18,-20,-8,1.0986328125,-1.220703125,-0.48828125,0.019174759848570515,-0.021305288720633905,-0.008522115488253563,-0.008522115488253563,-252,687,30936,-1.38427734375,3.7738037109375,169.9365234375,98722.531,305.75,1,1,0,0,5663,505,1261,2531,2531,2531,2531,15789,F4line=5663;YAH=10124
DIRECT_SERIAL,487,1789591983235776453,2026-09-16T20:53:03.235776+00:00,-1,2180473588037,1789591983200000000,1789591983,200000000,2200197,1789591983208692,1789591983200000,2,4,1.502626743826057,1.5815097975820418,gnss_local_enu_direct,1.502626743826057,1.5815097975820418,110.4347142,-7.0509057,233.99,0.596,0.947,3,1,16,0,0.0571,32.856,0.048,0.031,-0.073,0.229,180.0,99.0,10.0,-131.11165358527902,neo3_calibrated_direct,1,-32.4707,16.9556,-30.957,47.96013530892089,1,-130.7429534812362,yahboom_calibrated_direct+neo3_cross_align,0,-6384,-1234,3534,-0.4613422648549508,-0.44928490767995494,0.6439670904716182,-132.48938824229842,neo3_calibrated_direct:gyro_integral,1,-132.48938824229842,nan,169.8486328125,0.0,-141,-58,2039,-0.6751648681640625,-0.277727392578125,9.763554370117188,9.790810693810073,-87,65,-10,-5.31005859375,3.96728515625,-0.6103515625,-0.09267800593475749,0.0692421883420602,-0.010652644360316953,-0.010652644360316953,-297,715,30920,-1.6314697265625,3.9276123046875,169.8486328125,98720.398,305.75,1,1,0,0,5675,506,1264,2536,2536,2536,2536,15821,F4line=5675;YAH=10144
DIRECT_SERIAL,488,1789591983337723570,2026-09-16T20:53:03.337724+00:00,-1,2180575535140,1789591983300000000,1789591983,300000000,2200296,1789591983307705,1789591983300000,2,4,1.54682167684187,1.592569333169027,gnss_local_enu_direct,1.54682167684187,1.592569333169027,110.4347146,-7.0509056,234.1,0.596,0.945,3,1,16,0,0.0653,310.03,0.042,-0.05,-0.077,0.242,180.0,99.0,10.04,-131.1873183518285,neo3_calibrated_direct,1,-32.4707,17.0044,-30.7617,47.85162656315875,1,-131.03051327092365,yahboom_calibrated_direct+neo3_cross_align,0,-6386,-1268,3490,-0.4616894837992785,-0.4540070450643559,0.6475180124281581,-132.62423377409786,neo3_calibrated_direct:gyro_integral,1,-132.62423377409786,nan,169.7222900390625,0.0,-117,-59,1966,-0.5602431884765625,-0.2825157958984375,9.414000927734374,9.434887443554913,-67,-18,-36,-4.08935546875,-1.0986328125,-2.197265625,-0.07137271721412358,-0.019174759848570515,-0.03834951969714103,-0.03834951969714103,-368,755,30897,-2.021484375,4.1473388671875,169.7222900390625,98724.672,305.75,1,1,0,0,5686,508,1266,2541,2541,2541,2541,15852,F4line=5686;YAH=10164
DIRECT_SERIAL,489,1789591983438364411,2026-09-16T20:53:03.438365+00:00,-1,2180676175960,1789591983400000000,1789591983,400000000,2200396,1789591983407721,1789591983400000,2,4,1.5689191398243203,1.6036288546780397,gnss_local_enu_direct,1.5689191398243203,1.6036288546780397,110.4347148,-7.0509055,234.15,0.596,0.944,3,1,16,0,0.0562,38.501,0.044,0.035,-0.067,0.224,180.0,99.0,10.03,-131.82256016465197,neo3_calibrated_direct,1,-32.1777,17.1631,-30.9326,47.82051988069557,1,-131.34585150680215,yahboom_calibrated_direct+neo3_cross_align,0,-6369,-1280,3472,-0.45926915848389305,-0.4556424443934739,0.6469452813548942,-132.74397298711085,neo3_calibrated_direct:gyro_integral,1,-132.74397298711085,nan,169.5904541015625,0.0,-146,-42,2055,-0.699106884765625,-0.201112939453125,9.840168823242188,9.867021806028895,-22,6,0,-1.3427734375,0.3662109375,0.0,-0.023435817592697295,0.006391586616190171,0.0,0.0,-374,687,30873,-2.054443359375,3.7738037109375,169.5904541015625,98726.5,305.75,1,1,0,0,5696,509,1269,2547,2547,2547,2547,15886,F4line=5696;YAH=10188
DIRECT_SERIAL,490,1789591983538406491,2026-09-16T20:53:03.538406+00:00,-1,2180776218050,1789591983500000000,1789591983,500000000,2200497,1789591983507832,1789591983500000,2,4,1.5910166070255727,1.603628869217086,gnss_local_enu_direct,1.5910166070255727,1.603628869217086,110.434715,-7.0509055,234.21,0.596,0.944,3,1,16,0,0.0433,56.31,0.024,0.036,-0.146,0.23,180.0,99.0,10.01,-131.84610928379317,neo3_calibrated_direct,1,-32.2021,17.1997,-30.835,47.7870500188074,1,-131.49296187005905,yahboom_calibrated_direct+neo3_cross_align,0,-6365,-1288,3482,-0.45870880270177056,-0.4567456483600075,0.6473255386371647,-132.73786653600015,neo3_calibrated_direct:gyro_integral,1,-132.73786653600015,nan,169.595947265625,0.0,-148,-83,2039,-0.70868369140625,-0.39743747558593745,9.763554370117188,9.797304887554523,-26,23,0,-1.5869140625,1.40380859375,0.0,-0.02769687533682408,0.024501082028728992,0.0,0.0,-384,705,30874,-2.109375,3.8726806640625,169.595947265625,98719.789,305.75,1,1,0,0,5706,510,1271,2552,2552,2552,2552,15916,F4line=5706;YAH=10208
DIRECT_SERIAL,491,1789591983645871832,2026-09-16T20:53:03.645872+00:00,-1,2180883683374,1789591983600000000,1789591983,600000000,2200598,1789591983609724,1789591983600000,2,4,1.6241628025346422,1.6146883928674782,gnss_local_enu_direct,1.6241628025346422,1.6146883928674782,110.4347153,-7.0509054,234.27,0.596,0.943,3,1,16,0,0.0128,128.66,-0.008,0.01,-0.042,0.237,180.0,99.0,10.0,-131.78981703672702,neo3_calibrated_direct,1,-32.2021,17.1631,-30.7373,47.71088824691907,1,-131.42513135332365,yahboom_calibrated_direct+neo3_cross_align,0,-6371,-1282,3492,-0.45955992180441746,-0.4559235380998388,0.6473496692841957,-132.73786513737954,neo3_calibrated_direct:gyro_integral,1,-132.73786513737954,nan,169.5904541015625,0.0,-142,-70,2026,-0.679953271484375,-0.33518823242187495,9.701305126953125,9.730879136481112,-2,16,0,-0.1220703125,0.9765625,0.0,-0.0021305288720633907,0.017044230976507126,0.0,0.0,-393,726,30873,-2.1588134765625,3.988037109375,169.5904541015625,98724.367,305.75,1,1,0,0,5725,511,1274,2557,2557,2557,2557,15955,F4line=5725;YAH=10228
DIRECT_SERIAL,492,1789591983752282029,2026-09-16T20:53:03.752282+00:00,-1,2180990093642,1789591983700000000,1789591983,700000000,2200697,1789591983708947,1789591983700000,2,4,1.6352115446639748,1.614688407712143,gnss_local_enu_direct,1.6352115446639748,1.614688407712143,110.4347154,-7.0509054,234.33,0.596,0.942,3,1,16,0,0.0188,295.201,0.008,-0.017,-0.078,0.222,180.0,99.0,10.01,-131.8180643205526,neo3_calibrated_direct,1,-32.251,17.2241,-30.7373,47.76586891390127,1,-131.099167670076,yahboom_calibrated_direct+neo3_cross_align,0,-6390,-1256,3484,-0.4622427826284256,-0.45234871063806786,0.6467516881369483,-132.7390870159806,neo3_calibrated_direct:gyro_integral,1,-132.7390870159806,nan,169.5849609375,0.0,-144,-74,2032,-0.689530078125,-0.354341845703125,9.730035546875,9.760870945551243,-3,11,0,-0.18310546875,0.67138671875,0.0,-0.0031957933080950856,0.011717908796348648,0.0,0.0,-397,744,30872,-2.1807861328125,4.0869140625,169.5849609375,98727.414,305.75,1,1,0,0,5736,512,1276,2562,2562,2562,2562,15986,F4line=5736;YAH=10248
DIRECT_SERIAL,493,1789591983856615257,2026-09-16T20:53:03.856615+00:00,-1,2181094426936,1789591983800000000,1789591983,800000000,2200796,1789591983807998,1789591983800000,2,4,1.6573090146647673,1.6257479324569415,gnss_local_enu_direct,1.6573090146647673,1.6257479324569415,110.4347156,-7.0509053,234.39,0.597,0.942,3,1,16,0,0.0459,20.41,0.043,0.016,-0.078,0.238,180.0,99.0,10.03,-131.77639474685787,neo3_calibrated_direct,1,-32.3242,17.2607,-30.6641,47.78151001109111,1,-131.46597136247587,yahboom_calibrated_direct+neo3_cross_align,0,-6381,-1284,3473,-0.4609996245010885,-0.45621874571215465,0.6485801397894606,-132.74030976555338,neo3_calibrated_direct:gyro_integral,1,-132.74030976555338,nan,169.5849609375,0.0,-152,-81,2052,-0.7278373046875,-0.38786066894531246,9.82580361328125,9.860354947332288,-7,19,0,-0.42724609375,1.15966796875,0.0,-0.007456851052221867,0.02024002428460221,0.0,0.0,-401,758,30872,-2.2027587890625,4.163818359375,169.5849609375,98726.5,305.75,1,1,0,0,5747,513,1279,2567,2567,2567,2567,16017,F4line=5747;YAH=10268
DIRECT_SERIAL,494,1789591983957363947,2026-09-16T20:53:03.957364+00:00,-1,2181195175524,1789591983900000000,1789591983,900000000,2200897,1789591983908013,1789591983900000,2,4,1.6794064825499206,1.6368074546329305,gnss_local_enu_direct,1.6794064825499206,1.6368074546329305,110.4347158,-7.0509052,234.44,0.597,0.942,3,1,16,0,0.0058,30.964,0.005,0.003,-0.065,0.235,180.0,99.0,10.01,-131.69665427078715,neo3_calibrated_direct,1,-32.2998,17.1875,-30.7373,47.78565524903891,1,-131.33458670857232,yahboom_calibrated_direct+neo3_cross_align,0,-6393,-1277,3466,-0.4627106838976015,-0.45526843826651053,0.6491305938519718,-132.74152959587565,neo3_calibrated_direct:gyro_integral,1,-132.74152959587565,nan,169.5794677734375,0.0,-150,-78,2027,-0.718260498046875,-0.373495458984375,9.706093530273437,9.739797154938719,0,2,0,0.0,0.1220703125,0.0,0.0,0.0021305288720633907,0.0,0.0,-402,763,30871,-2.208251953125,4.1912841796875,169.5794677734375,98721.617,305.75,1,1,0,0,5758,514,1282,2573,2573,2573,2573,16052,F4line=5758;YAH=10292
DIRECT_SERIAL,495,1789591984057364718,2026-09-16T20:53:04.057365+00:00,-1,2181295176312,1789591984000000000,1789591984,0,2201004,1789591984015841,1789591984000000,2,4,1.701503947635533,1.636807466834238,gnss_local_enu_direct,1.701503947635533,1.636807466834238,110.434716,-7.0509052,234.49,0.597,0.941,3,1,16,0,0.028,214.824,-0.023,-0.016,-0.063,0.215,180.0,99.0,9.91,-131.73901312472614,neo3_calibrated_direct,1,-32.3242,17.2363,-30.6641,47.77270111831651,1,-131.61146939444365,yahboom_calibrated_direct+neo3_cross_align,0,-6372,-1285,3423,-0.45970883194116735,-0.4563416501828986,0.6477498837177537,-132.74152959587565,neo3_calibrated_direct:gyro_integral,1,-132.74152959587565,nan,169.5794677734375,0.0,-154,-84,2053,-0.737414111328125,-0.40222587890625,9.830592016601562,9.86641295639495,-4,8,0,-0.244140625,0.48828125,0.0,-0.004261057744126781,0.008522115488253563,0.0,0.0,-404,771,30871,-2.21923828125,4.2352294921875,169.5794677734375,98725.891,305.75,1,1,0,0,5768,515,1284,2578,2578,2578,2578,16082,F4line=5768;YAH=10312
DIRECT_SERIAL,496,1789591984175946445,2026-09-16T20:53:04.175946+00:00,-1,2181413758309,1789591984100000000,1789591984,100000000,2201098,1789591984110394,1789591984100000,2,4,1.7236014146805414,1.6368074789966975,gnss_local_enu_direct,1.7236014146805414,1.6368074789966975,110.4347162,-7.0509052,234.54,0.597,0.94,3,1,16,0,0.0128,38.66,0.01,0.008,-0.009,0.213,180.0,99.0,10.02,-131.8280398243074,neo3_calibrated_direct,1,-32.3975,17.3584,-30.4932,47.7571701742262,1,-131.5362480083089,yahboom_calibrated_direct+neo3_cross_align,0,-6375,-1276,3456,-0.46012380606302766,-0.4550978993631825,0.6471692320488576,-132.74152959587565,neo3_calibrated_direct:gyro_integral,1,-132.74152959587565,nan,169.5794677734375,0.0,-154,-81,2044,-0.737414111328125,-0.38786066894531246,9.787496386718749,9.822896771835339,1,0,0,0.06103515625,0.0,0.0,0.0010652644360316954,0.0,0.0,0.0,-405,772,30871,-2.2247314453125,4.24072265625,169.5794677734375,98723.758,305.75,1,1,0,0,5779,516,1287,2583,2583,2583,2583,16113,F4line=5779;YAH=10332
DIRECT_SERIAL,497,1789591984276391965,2026-09-16T20:53:04.276392+00:00,-1,2181514203551,1789591984200000000,1789591984,200000000,2201196,1789591984208321,1789591984200000,2,4,1.74569888347098,1.636807491238985,gnss_local_enu_direct,1.74569888347098,1.636807491238985,110.4347164,-7.0509052,234.59,0.597,0.94,3,1,16,0,0.0575,139.939,-0.044,0.037,-0.079,0.256,180.0,99.0,10.05,-131.80002066935225,neo3_calibrated_direct,1,-32.3486,17.2974,-30.7373,47.85826553491047,1,-131.63376046387717,yahboom_calibrated_direct+neo3_cross_align,0,-6380,-1290,3444,-0.46086659250853335,-0.4570496771635425,0.64907043029684,-132.74152959587565,neo3_calibrated_direct:gyro_integral,1,-132.74152959587565,nan,169.5794677734375,0.0,-152,-80,2041,-0.7278373046875,-0.38307226562499996,9.773131176757811,9.807679873492066,-1,0,0,-0.06103515625,0.0,0.0,-0.0010652644360316954,0.0,0.0,0.0,-405,773,30871,-2.2247314453125,4.2462158203125,169.5794677734375,98725.891,305.75,1,1,0,0,5790,517,1290,2589,2589,2589,2589,16148,F4line=5790;YAH=10356
DIRECT_SERIAL,498,1789591984376394936,2026-09-16T20:53:04.376395+00:00,-1,2181614206526,1789591984300000000,1789591984,300000000,2201296,1789591984308380,1789591984300000,2,4,1.7456988919671157,1.647867009365417,gnss_local_enu_direct,1.7456988919671157,1.647867009365417,110.4347164,-7.0509051,234.62,0.597,0.94,3,1,16,0,0.0812,322.001,0.064,-0.05,-0.006,0.277,180.0,99.0,10.04,-131.98136201203357,neo3_calibrated_direct,1,-32.3242,17.395,-30.5664,47.76761182642481,1,-131.73196774312137,yahboom_calibrated_direct+neo3_cross_align,0,-6382,-1300,3441,-0.4611714697350085,-0.4584410317894165,0.6502671021401072,-132.74152959587565,neo3_calibrated_direct:gyro_integral,1,-132.74152959587565,nan,169.5794677734375,0.0,-155,-83,2044,-0.7422025146484375,-0.39743747558593745,9.787496386718749,9.82364019291134,0,0,0,0.0,0.0,0.0,0.0,0.0,0.0,0.0,-406,773,30871,-2.230224609375,4.2462158203125,169.5794677734375,98723.453,305.75,1,1,0,0,5798,518,1292,2594,2594,2594,2594,16176,F4line=5798;YAH=10376
DIRECT_SERIAL,499,1789591984486002657,2026-09-16T20:53:04.486003+00:00,-1,2181723814250,1789591984400000000,1789591984,400000000,2201397,1789591984408391,1789591984400000,2,4,1.7567476349691635,1.647867024596601,gnss_local_enu_direct,1.7567476349691635,1.647867024596601,110.4347165,-7.0509051,234.68,0.597,0.94,3,1,16,0,0.0126,251.565,-0.004,-0.012,-0.044,0.223,180.0,99.0,10.02,-131.70650865191763,neo3_calibrated_direct,1,-32.3486,17.2363,-30.6885,47.80487414375233,1,-131.49397264165037,yahboom_calibrated_direct+neo3_cross_align,0,-6402,-1291,3444,-0.46402794003118053,-0.457227273019846,0.6514435572808635,-132.74152959587565,neo3_calibrated_direct:gyro_integral,1,-132.74152959587565,nan,169.5794677734375,0.0,-153,-82,2041,-0.7326257080078125,-0.39264907226562495,9.773131176757811,9.808415097257075,1,-1,0,0.06103515625,-0.06103515625,0.0,0.0010652644360316954,-0.0010652644360316954,0.0,0.0,-406,773,30871,-2.230224609375,4.2462158203125,169.5794677734375,98724.367,305.75,1,1,0,0,5811,519,1295,2599,2599,2599,2599,16209,F4line=5811;YAH=10396
DIRECT_SERIAL,500,1789591984593094701,2026-09-16T20:53:04.593095+00:00,-1,2181830906329,1789591984500000000,1789591984,500000000,2201497,1789591984508661,1789591984500000,2,4,1.7677963676520265,1.6478670293456372,gnss_local_enu_direct,1.7677963676520265,1.6478670293456372,110.4347166,-7.0509051,234.7,0.597,0.939,3,1,16,0,0.0769,116.232,-0.034,0.069,0.066,0.247,180.0,99.0,10.02,-131.94882574741487,neo3_calibrated_direct,1,-32.3486,17.395,-30.4443,47.70611438222568,1,-131.63635413543483,yahboom_calibrated_direct+neo3_cross_align,0,-6396,-1297,3419,-0.4631768209285337,-0.4580493832800146,0.6514153858857378,-132.74152959587565,neo3_calibrated_direct:gyro_integral,1,-132.74152959587565,nan,169.5794677734375,0.0,-149,-75,2039,-0.7134720947265625,-0.3591302490234375,9.763554370117188,9.796173278579325,0,0,0,0.0,0.0,0.0,0.0,0.0,0.0,0.0,-406,773,30871,-2.230224609375,4.2462158203125,169.5794677734375,98724.367,305.75,1,1,0,0,5820,520,1297,2604,2604,2604,2604,16238,F4line=5820;YAH=10416
DIRECT_SERIAL,501,1789591984694819447,2026-09-16T20:53:04.694819+00:00,-1,2181932631161,1789591984600000000,1789591984,600000000,2201599,1789591984609916,1789591984600000,2,4,1.7788451033232444,1.6478670367033965,gnss_local_enu_direct,1.7788451033232444,1.6478670367033965,110.4347167,-7.0509051,234.73,0.597,0.939,3,1,16,0,0.0286,245.225,-0.012,-0.026,-0.023,0.194,180.0,99.0,9.98,-131.70650865191763,neo3_calibrated_direct,1,-32.3486,17.2363,-30.5908,47.74221406983551,1,-131.72647274375143,yahboom_calibrated_direct+neo3_cross_align,0,-6380,-1291,3447,-0.4608683567467772,-0.45718845977848116,0.6491694154880485,-132.74152959587565,neo3_calibrated_direct:gyro_integral,1,-132.74152959587565,nan,169.5794677734375,0.0,-153,-88,2041,-0.7326257080078125,-0.4213794921875,9.773131176757811,9.809607234878756,0,0,0,0.0,0.0,0.0,0.0,0.0,0.0,0.0,-406,773,30871,-2.230224609375,4.2462158203125,169.5794677734375,98725.281,305.75,1,1,0,0,5838,521,1300,2609,2609,2609,2609,16276,F4line=5838;YAH=10436
DIRECT_SERIAL,502,1789591984795346711,2026-09-16T20:53:04.795347+00:00,-1,2182033158258,1789591984700000000,1789591984,700000000,2201696,1789591984708111,1789591984700000,2,4,1.7898938431806939,1.6478670468337355,gnss_local_enu_direct,1.7898938431806939,1.6478670468337355,110.4347168,-7.0509051,234.77,0.597,0.939,3,1,16,0,0.0269,201.801,-0.025,-0.01,-0.013,0.211,180.0,99.0,10.03,-131.96279724422556,neo3_calibrated_direct,1,-32.3242,17.3828,-30.4688,47.70076954222017,1,-131.8163429042599,yahboom_calibrated_direct+neo3_cross_align,0,-6370,-1289,3434,-0.4594286540501061,-0.4568932521661654,0.6479399139096674,-132.74152959587565,neo3_calibrated_direct:gyro_integral,1,-132.74152959587565,nan,169.5849609375,0.0,-157,-77,2039,-0.7517793212890624,-0.3687070556640625,9.763554370117188,9.799393398524662,0,0,0,0.0,0.0,0.0,0.0,0.0,0.0,0.0,-406,773,30872,-2.230224609375,4.2462158203125,169.5849609375,98725.281,305.75,1,1,0,0,5851,522,1303,2615,2615,2615,2615,16313,F4line=5851;YAH=10460
DIRECT_SERIAL,503,1789591984895406075,2026-09-16T20:53:04.895406+00:00,-1,2182133217644,1789591984800000000,1789591984,800000000,2201797,1789591984809363,1789591984800000,2,4,1.8009425758635569,1.6478670515827718,gnss_local_enu_direct,1.8009425758635569,1.6478670515827718,110.4347169,-7.0509051,234.79,0.597,0.939,3,1,16,0,0.0353,25.115,0.032,0.015,0.057,0.221,180.0,99.0,10.01,-131.72520241562364,neo3_calibrated_direct,1,-32.3486,17.2485,-30.5664,47.730990804402964,1,-131.5542406908868,yahboom_calibrated_direct+neo3_cross_align,0,-6394,-1282,3447,-0.46286312251083916,-0.4559641155794475,0.6497272850024323,-132.74152959587565,neo3_calibrated_direct:gyro_integral,1,-132.74152959587565,nan,169.5849609375,0.0,-147,-81,2040,-0.7038952880859375,-0.38786066894531246,9.7683427734375,9.801348122297917,0,0,0,0.0,0.0,0.0,0.0,0.0,0.0,0.0,-406,773,30872,-2.230224609375,4.2462158203125,169.5849609375,98723.453,305.75,1,1,0,0,5861,523,1305,2620,2620,2620,2620,16343,F4line=5861;YAH=10480
DIRECT_SERIAL,504,1789591984995998027,2026-09-16T20:53:04.995998+00:00,-1,2182233809617,1789591984900000000,1789591984,900000000,2201896,1789591984908222,1789591984900000,2,4,1.8009425816964997,1.658926567224424,gnss_local_enu_direct,1.8009425816964997,1.658926567224424,110.4347169,-7.050905,234.81,0.597,0.939,3,1,16,0,0.0655,262.983,-0.008,-0.065,0.018,0.239,180.0,99.0,10.03,-131.59411544258086,neo3_calibrated_direct,1,-32.3486,17.1631,-30.6641,47.76286164354058,1,-131.53312608093714,yahboom_calibrated_direct+neo3_cross_align,0,-6401,-1286,3451,-0.4638755014179429,-0.456531595706909,0.6508468166123612,-132.74152959587565,neo3_calibrated_direct:gyro_integral,1,-132.74152959587565,nan,169.5849609375,0.0,-156,-84,2045,-0.74699091796875,-0.40222587890625,9.792284790039062,9.82896853685167,0,0,0,0.0,0.0,0.0,0.0,0.0,0.0,0.0,-406,774,30872,-2.230224609375,4.251708984375,169.5849609375,98720.703,305.75,1,1,0,0,5869,524,1307,2625,2625,2625,2625,16371,F4line=5869;YAH=10500
DIRECT_SERIAL,505,1789591985113868514,2026-09-16T20:53:05.113868+00:00,-1,2182351680196,1789591985000000000,1789591985,0,2202004,1789591985016149,1789591985000000,2,4,1.8009425851212122,1.658926569737569,gnss_local_enu_direct,1.8009425851212122,1.658926569737569,110.4347169,-7.050905,234.82,0.597,0.94,3,1,16,0,0.0411,244.058,-0.018,-0.037,0.028,0.226,180.0,99.0,9.91,-131.60277438725487,neo3_calibrated_direct,1,-32.2998,17.1265,-30.835,47.82667986898108,1,-131.76858917882515,yahboom_calibrated_direct+neo3_cross_align,0,-6377,-1290,3470,-0.4604357402424783,-0.45704438444881096,0.6487608498120332,-132.74152959587565,neo3_calibrated_direct:gyro_integral,1,-132.74152959587565,nan,169.5849609375,0.0,-150,-74,2044,-0.718260498046875,-0.354341845703125,9.787496386718749,9.820210884023998,0,0,0,0.0,0.0,0.0,0.0,0.0,0.0,0.0,-406,774,30872,-2.230224609375,4.251708984375,169.5849609375,98720.398,305.75,1,1,0,0,5882,525,1310,2630,2630,2630,2630,16404,F4line=5882;YAH=10520
DIRECT_SERIAL,506,1789591985214397081,2026-09-16T20:53:05.214397+00:00,-1,2182452208676,1789591985100000000,1789591985,100000000,2202099,1789591985110896,1789591985100000,2,4,1.811991319001952,1.6589265746504622,gnss_local_enu_direct,1.811991319001952,1.6589265746504622,110.434717,-7.050905,234.84,0.597,0.94,3,1,16,0,0.0695,130.333,-0.045,0.053,0.012,0.293,180.0,99.0,10.0,-131.70650865191763,neo3_calibrated_direct,1,-32.3486,17.2363,-30.6396,47.77349733701731,1,-131.7067365845527,yahboom_calibrated_direct+neo3_cross_align,0,-6375,-1281,3442,-0.4601326272542469,-0.45579181243787564,0.64766365572672,-132.74152959587565,neo3_calibrated_direct:gyro_integral,1,-132.74152959587565,nan,169.5849609375,0.0,-157,-90,2043,-0.7517793212890624,-0.430956298828125,9.782707983398437,9.82101170795886,0,0,0,0.0,0.0,0.0,0.0,0.0,0.0,0.0,-406,774,30872,-2.230224609375,4.251708984375,169.5849609375,98720.398,305.75,1,1,0,0,5892,526,1313,2636,2636,2636,2636,16438,F4line=5892;YAH=10544
DIRECT_SERIAL,507,1789591985314401900,2026-09-16T20:53:05.314402+00:00,-1,2182552213473,1789591985200000000,1789591985,200000000,2202196,1789591985207895,1789591985200000,2,4,1.8119913247646955,1.658926579986584,gnss_local_enu_direct,1.8119913247646955,1.658926579986584,110.434717,-7.050905,234.86,0.597,0.939,3,1,16,0,0.039,292.62,0.015,-0.036,0.06,0.258,180.0,99.0,10.05,-131.6878039149748,neo3_calibrated_direct,1,-32.3486,17.2241,-30.6396,47.769097028623015,1,-131.82439817207145,yahboom_calibrated_direct+neo3_cross_align,0,-6377,-1298,3463,-0.4604498541484291,-0.45815464536831996,0.6495534983801416,-132.74152959587565,neo3_calibrated_direct:gyro_integral,1,-132.74152959587565,nan,169.5849609375,0.0,-153,-74,2040,-0.7326257080078125,-0.354341845703125,9.7683427734375,9.80218440507109,1,0,0,0.06103515625,0.0,0.0,0.0010652644360316954,0.0,0.0,0.0,-407,774,30872,-2.2357177734375,4.251708984375,169.5849609375,98723.141,305.75,1,1,0,0,5901,527,1315,2641,2641,2641,2641,16467,F4line=5901;YAH=10564
DIRECT_SERIAL,508,1789591985433097985,2026-09-16T20:53:05.433098+00:00,-1,2182670909620,1789591985300000000,1789591985,300000000,2202297,1789591985309086,1789591985300000,2,4,1.8119913216651449,1.6589265773663122,gnss_local_enu_direct,1.8119913216651449,1.6589265773663122,110.434717,-7.050905,234.85,0.596,0.938,3,1,16,0,0.0474,155.056,-0.043,0.02,0.075,0.255,180.0,99.0,10.03,-131.73901312472614,neo3_calibrated_direct,1,-32.3242,17.2363,-30.6396,47.75697887733268,1,-131.74308168793416,yahboom_calibrated_direct+neo3_cross_align,0,-6381,-1293,3473,-0.4610155026452832,-0.45746778924660225,0.649470608940433,-132.74152959587565,neo3_calibrated_direct:gyro_integral,1,-132.74152959587565,nan,169.5849609375,0.0,-152,-86,2041,-0.7278373046875,-0.411802685546875,9.773131176757811,9.80884404973562,0,0,0,0.0,0.0,0.0,0.0,0.0,0.0,0.0,-406,774,30872,-2.230224609375,4.251708984375,169.5849609375,98727.719,305.75,1,1,0,0,5912,528,1318,2646,2646,2646,2646,16498,F4line=5912;YAH=10584
DIRECT_SERIAL,509,1789591985533331253,2026-09-16T20:53:05.533331+00:00,-1,2182771142832,1789591985400000000,1789591985,400000000,2202398,1789591985409308,1789591985400000,2,4,1.80094259602052,1.647867069815467,gnss_local_enu_direct,1.80094259602052,1.647867069815467,110.4347169,-7.0509051,234.86,0.595,0.937,3,1,16,0,0.0628,239.349,-0.032,-0.054,0.111,0.237,180.0,99.0,10.01,-131.65036149975313,neo3_calibrated_direct,1,-32.3486,17.1997,-30.8105,47.87012128979829,1,-131.82254085527853,yahboom_calibrated_direct+neo3_cross_align,0,-6377,-1300,3469,-0.4604533826249168,-0.4584322105981972,0.6497518059110554,-132.74152959587565,neo3_calibrated_direct:gyro_integral,1,-132.74152959587565,nan,169.5849609375,0.0,-152,-78,2043,-0.7278373046875,-0.373495458984375,9.782707983398437,9.816853950651614,0,0,0,0.0,0.0,0.0,0.0,0.0,0.0,0.0,-407,774,30872,-2.2357177734375,4.251708984375,169.5849609375,98720.703,305.75,1,1,0,0,5924,529,1321,2652,2652,2652,2651,16533,F4line=5924;YAH=10607
DIRECT_SERIAL,510,1789591985633431597,2026-09-16T20:53:05.633431+00:00,-1,2182871243217,1789591985500000000,1789591985,500000000,2202497,1789591985509438,1789591985500000,2,4,1.7898938654858665,1.6368075567373443,gnss_local_enu_direct,1.7898938654858665,1.6368075567373443,110.4347168,-7.0509052,234.85,0.594,0.935,3,1,16,0,0.0453,202.036,-0.042,-0.017,0.071,0.232,180.0,99.0,10.02,-131.71539714465456,neo3_calibrated_direct,1,-32.2998,17.1997,-30.6152,47.71160478510443,1,-131.71531723647283,yahboom_calibrated_direct+neo3_cross_align,0,-6380,-1291,3441,-0.4608683567467772,-0.45718845977848116,0.6491694154880485,-132.74152959587565,neo3_calibrated_direct:gyro_integral,1,-132.74152959587565,nan,169.5849609375,0.0,-152,-84,2043,-0.7278373046875,-0.40222587890625,9.782707983398437,9.817989014467484,0,0,0,0.0,0.0,0.0,0.0,0.0,0.0,0.0,-407,774,30872,-2.2357177734375,4.251708984375,169.5849609375,98721.312,305.75,1,1,0,0,5939,530,1323,2657,2657,2657,2657,16569,F4line=5939;YAH=10628
DIRECT_SERIAL,511,1789591985733483230,2026-09-16T20:53:05.733483+00:00,-1,2182971294810,1789591985600000000,1789591985,600000000,2202599,1789591985610609,1789591985600000,2,4,1.7898938615871682,1.614688532654212,gnss_local_enu_direct,1.7898938615871682,1.614688532654212,110.4347168,-7.0509054,234.84,0.592,0.934,3,1,16,0,0.0602,101.497,-0.012,0.059,-0.009,0.267,180.0,99.0,9.99,-131.8048074220117,neo3_calibrated_direct,1,-32.373,17.3218,-30.5176,47.742850710865596,1,-131.7566796457386,yahboom_calibrated_direct+neo3_cross_align,0,-6378,-1293,3457,-0.4605846503792282,-0.4574624965318707,0.6491611170565653,-132.74152959587565,neo3_calibrated_direct:gyro_integral,1,-132.74152959587565,nan,169.5849609375,0.0,-153,-82,2042,-0.7326257080078125,-0.39264907226562495,9.777919580078125,9.813186283591083,0,0,0,0.0,0.0,0.0,0.0,0.0,0.0,0.0,-407,775,30872,-2.2357177734375,4.2572021484375,169.5849609375,98724.672,305.75,1,1,0,0,5951,531,1326,2662,2662,2662,2662,16601,F4line=5951;YAH=10648
DIRECT_SERIAL,512,1789591985833818313,2026-09-16T20:53:05.833818+00:00,-1,2183071629923,1789591985700000000,1789591985,700000000,2202696,1789591985707623,1789591985700000,2,4,1.7898938616197384,1.6036290221029215,gnss_local_enu_direct,1.7898938616197384,1.6036290221029215,110.4347168,-7.0509055,234.84,0.591,0.933,3,1,16,0,0.046,134.119,-0.032,0.033,0.043,0.266,180.0,99.0,10.04,-132.0091198817401,neo3_calibrated_direct,1,-32.373,17.4561,-30.3467,47.68279309247729,1,-131.79196181303652,yahboom_calibrated_direct+neo3_cross_align,0,-6369,-1285,3450,-0.4592779796751123,-0.456336357468167,0.6474404480427274,-132.74152959587565,neo3_calibrated_direct:gyro_integral,1,-132.74152959587565,nan,169.5849609375,0.0,-150,-80,2044,-0.718260498046875,-0.38307226562499996,9.787496386718749,9.821289529576967,0,0,0,0.0,0.0,0.0,0.0,0.0,0.0,0.0,-407,775,30872,-2.2357177734375,4.2572021484375,169.5849609375,98725.281,305.75,1,1,0,0,5962,532,1328,2667,2667,2667,2667,16632,F4line=5962;YAH=10668
DIRECT_SERIAL,513,1789591985934538038,2026-09-16T20:53:05.934538+00:00,-1,2183172349602,1789591985800000000,1789591985,800000000,2202797,1789591985808788,1789591985800000,2,4,1.789893863879144,1.5925695139009193,gnss_local_enu_direct,1.789893863879144,1.5925695139009193,110.4347168,-7.0509056,234.85,0.59,0.932,3,1,16,0,0.0599,154.29,-0.054,0.026,0.058,0.253,180.0,99.0,10.02,-131.81865955840973,neo3_calibrated_direct,1,-32.3486,17.3096,-30.5664,47.75310443395278,1,-131.87537738010292,yahboom_calibrated_direct+neo3_cross_align,0,-6366,-1292,3442,-0.45885947707676433,-0.45730254305800583,0.6478253125576994,-132.74152959587565,neo3_calibrated_direct:gyro_integral,1,-132.74152959587565,nan,169.5849609375,0.0,-154,-81,2041,-0.737414111328125,-0.38786066894531246,9.773131176757811,9.808583407822766,0,0,0,0.0,0.0,0.0,0.0,0.0,0.0,0.0,-407,775,30872,-2.2357177734375,4.2572021484375,169.5849609375,98721.922,305.75,1,1,0,0,5974,533,1331,2672,2672,2672,2672,16664,F4line=5974;YAH=10688
DIRECT_SERIAL,514,1789591986037155183,2026-09-16T20:53:06.037155+00:00,-1,2183274966930,1789591985900000000,1789591985,900000000,2202898,1789591985908891,1789591985900000,2,4,1.7898938604870025,1.581510000605414,gnss_local_enu_direct,1.7898938604870025,1.581510000605414,110.4347168,-7.0509057,234.84,0.589,0.93,3,1,16,0,0.0537,298.951,0.026,-0.047,0.117,0.244,180.0,99.0,10.0,-132.03196699295634,neo3_calibrated_direct,1,-32.3975,17.4927,-30.3223,47.69732106554832,1,-131.8420766005974,yahboom_calibrated_direct+neo3_cross_align,0,-6370,-1290,3448,-0.45943041828834996,-0.457032034781104,0.6480390343681193,-132.74152959587565,neo3_calibrated_direct:gyro_integral,1,-132.74152959587565,nan,169.5849609375,0.0,-153,-77,2041,-0.7326257080078125,-0.3687070556640625,9.773131176757811,9.807485830682904,0,0,0,0.0,0.0,0.0,0.0,0.0,0.0,0.0,-408,775,30872,-2.2412109375,4.2572021484375,169.5849609375,98722.531,305.75,1,1,0,0,5983,534,1333,2677,2677,2677,2677,16693,F4line=5983;YAH=10708
DIRECT_SERIAL,515,1789591986137349283,2026-09-16T20:53:06.137349+00:00,-1,2183375160887,1789591986100000000,1789591986,100000000,2203098,1789591986110223,1789591986100000,2,4,1.7898938572060565,1.5704504874369927,gnss_local_enu_direct,1.7898938572060565,1.5704504874369927,110.4347168,-7.0509058,234.83,0.588,0.929,3,1,16,0,0.0631,154.654,-0.057,0.027,0.089,0.245,180.0,99.0,9.9,-131.68285825879792,neo3_calibrated_direct,1,-32.3242,17.1997,-30.5908,47.7124787699193,1,-131.79050959665798,yahboom_calibrated_direct+neo3_cross_align,0,-6386,-1302,3456,-0.46174946789956955,-0.45872565397226917,0.6508777125680535,-132.74152959587565,neo3_calibrated_direct:gyro_integral,1,-132.74152959587565,nan,169.5849609375,0.0,-154,-80,2042,-0.737414111328125,-0.38307226562499996,9.777919580078125,9.81316642306407,0,0,0,0.0,0.0,0.0,0.0,0.0,0.0,0.0,-408,775,30872,-2.2412109375,4.2572021484375,169.5849609375,98723.141,305.75,1,1,0,0,5997,535,1336,2682,2682,2682,2682,16727,F4line=5997;YAH=10728
DIRECT_SERIAL,516,1789591986238269442,2026-09-16T20:53:06.238269+00:00,-1,2183476081079,1789591986200000000,1789591986,200000000,2203195,1789591986207194,1789591986200000,2,4,1.7788451277329325,1.5483314663396157,gnss_local_enu_direct,1.7788451277329325,1.5483314663396157,110.4347167,-7.050906,234.83,0.585,0.925,3,1,16,0,0.017,183.366,-0.017,-0.001,0.062,0.224,180.0,99.0,10.07,-131.8792002126028,neo3_calibrated_direct,1,-32.373,17.3706,-30.3955,47.682651914611455,1,-131.777651743469,yahboom_calibrated_direct+neo3_cross_align,0,-6376,-1289,3461,-0.4602903585822161,-0.4569038375956285,0.6485586565711366,-132.74152959587565,neo3_calibrated_direct:gyro_integral,1,-132.74152959587565,nan,169.5849609375,0.0,-153,-80,2042,-0.7326257080078125,-0.38307226562499996,9.777919580078125,9.812807758394138,0,0,0,0.0,0.0,0.0,0.0,0.0,0.0,0.0,-408,775,30872,-2.2412109375,4.2572021484375,169.5849609375,98724.062,305.75,1,1,0,0,6007,537,1338,2687,2687,2687,2687,16757,F4line=6007;YAH=10748
DIRECT_SERIAL,517,1789591986351098638,2026-09-16T20:53:06.351099+00:00,-1,2183588910302,1789591986300000000,1789591986,300000000,2203298,1789591986309590,1789591986300000,2,4,1.7788451328694967,1.537271960503717,gnss_local_enu_direct,1.7788451328694967,1.537271960503717,110.4347167,-7.0509061,234.85,0.584,0.924,3,1,16,0,0.017,93.366,-0.001,0.017,0.077,0.209,180.0,99.0,10.02,-131.71539714465456,neo3_calibrated_direct,1,-32.2998,17.1997,-30.7617,47.80574177878636,1,-131.83631534220726,yahboom_calibrated_direct+neo3_cross_align,0,-6372,-1293,3439,-0.4597229458471182,-0.45745191110240757,0.6485425490356029,-132.74152959587565,neo3_calibrated_direct:gyro_integral,1,-132.74152959587565,nan,169.5849609375,0.0,-154,-81,2043,-0.737414111328125,-0.38786066894531246,9.782707983398437,9.818125633671025,0,0,0,0.0,0.0,0.0,0.0,0.0,0.0,0.0,-408,776,30872,-2.2412109375,4.2626953125,169.5849609375,98722.531,305.75,1,1,0,0,6019,538,1341,2692,2692,2692,2692,16789,F4line=6019;YAH=10768
DIRECT_SERIAL,518,1789591986451379261,2026-09-16T20:53:06.451379+00:00,-1,2183689190844,1789591986400000000,1789591986,400000000,2203398,1789591986409658,1789591986400000,2,4,1.7788451385210444,1.5372719653661504,gnss_local_enu_direct,1.7788451385210444,1.5372719653661504,110.4347167,-7.0509061,234.87,0.582,0.922,3,1,16,0,0.0852,337.949,0.079,-0.032,-0.04,0.247,166.03,99.0,10.01,-131.58904663323418,neo3_calibrated_direct,1,-32.3242,17.1387,-30.6885,47.753250942527465,1,-131.7048013766917,yahboom_calibrated_direct+neo3_cross_align,0,-6385,-1293,3455,-0.4615899723333565,-0.4574748461995777,0.6498834799131581,-132.74152959587565,neo3_calibrated_direct:gyro_integral,1,-132.74152959587565,nan,169.5849609375,0.0,-153,-78,2043,-0.7326257080078125,-0.373495458984375,9.782707983398437,9.81721013192462,0,0,0,0.0,0.0,0.0,0.0,0.0,0.0,0.0,-408,776,30872,-2.2412109375,4.2626953125,169.5849609375,98723.758,305.75,1,1,0,0,6030,539,1344,2698,2698,2698,2697,16823,F4line=6030;YAH=10791
DIRECT_SERIAL,519,1789591986551454958,2026-09-16T20:53:06.551455+00:00,-1,2183789266544,1789591986500000000,1789591986,500000000,2203497,1789591986508559,1789591986500000,2,4,1.7788451378246664,1.5151529438885998,gnss_local_enu_direct,1.7788451378246664,1.5151529438885998,110.4347167,-7.0509063,234.87,0.581,0.921,3,1,16,0,0.0971,145.491,-0.08,0.055,-0.049,0.258,152.295,99.0,10.03,-131.81388538871215,neo3_calibrated_direct,1,-32.3242,17.2852,-30.4932,47.68089020687428,1,-131.69212380988648,yahboom_calibrated_direct+neo3_cross_align,0,-6383,-1288,3466,-0.4612939162981006,-0.4567774046483969,0.6491823123059995,-132.74152959587565,neo3_calibrated_direct:gyro_integral,1,-132.74152959587565,nan,169.5849609375,0.0,-153,-81,2041,-0.7326257080078125,-0.38786066894531246,9.773131176757811,9.808224575562296,0,0,0,0.0,0.0,0.0,0.0,0.0,0.0,0.0,-408,776,30872,-2.2412109375,4.2626953125,169.5849609375,98724.977,305.75,1,1,0,0,6038,540,1346,2703,2703,2703,2703,16852,F4line=6038;YAH=10812
DIRECT_SERIAL,520,1789591986670371698,2026-09-16T20:53:06.670372+00:00,-1,2183908183304,1789591986600000000,1789591986,600000000,2203599,1789591986610958,1789591986600000,2,4,1.7788451374208787,1.5040934330862825,gnss_local_enu_direct,1.7788451374208787,1.5040934330862825,110.4347167,-7.0509064,234.87,0.58,0.919,3,1,16,0,0.087,134.534,-0.061,0.062,-0.038,0.265,174.601,99.0,9.99,-131.6078310018647,neo3_calibrated_direct,1,-32.3242,17.1509,-30.7129,47.77331371027134,1,-131.6179791302966,yahboom_calibrated_direct+neo3_cross_align,0,-6392,-1289,3444,-0.4625882373345095,-0.4569320654075302,0.650211342347886,-132.74152959587565,neo3_calibrated_direct:gyro_integral,1,-132.74152959587565,nan,169.5849609375,0.0,-153,-82,2042,-0.7326257080078125,-0.39264907226562495,9.777919580078125,9.813186283591083,0,0,0,0.0,0.0,0.0,0.0,0.0,0.0,0.0,-409,776,30872,-2.2467041015625,4.2626953125,169.5849609375,98725.586,305.75,1,1,0,0,6057,541,1349,2708,2708,2708,2708,16891,F4line=6057;YAH=10832
DIRECT_SERIAL,521,1789591986771451943,2026-09-16T20:53:06.771452+00:00,-1,2184009263533,1789591986700000000,1789591986,700000000,2203696,1789591986707940,1789591986700000,2,4,1.778845136399339,1.4819744117158589,gnss_local_enu_direct,1.778845136399339,1.4819744117158589,110.4347167,-7.0509066,234.87,0.578,0.917,3,1,16,0,0.0256,321.34,0.02,-0.016,0.015,0.261,180.0,99.0,10.04,-131.69665427078715,neo3_calibrated_direct,1,-32.2998,17.1875,-30.6152,47.7072081275985,1,-131.73133663407233,yahboom_calibrated_direct+neo3_cross_align,0,-6384,-1294,3452,-0.46144811914958206,-0.45761186457627245,0.6498792082130799,-132.74152959587565,neo3_calibrated_direct:gyro_integral,1,-132.74152959587565,nan,169.5849609375,0.0,-153,-80,2041,-0.7326257080078125,-0.38307226562499996,9.773131176757811,9.808036387923963,0,0,0,0.0,0.0,0.0,0.0,0.0,0.0,0.0,-409,776,30872,-2.2467041015625,4.2626953125,169.5849609375,98721.617,305.75,1,1,0,0,6070,542,1352,2714,2714,2714,2714,16928,F4line=6070;YAH=10856
DIRECT_SERIAL,522,1789591986879104838,2026-09-16T20:53:06.879105+00:00,-1,2184116916500,1789591986800000000,1789591986,800000000,2203798,1789591986810267,1789591986800000,2,4,1.7567476732604477,1.4819744054913537,gnss_local_enu_direct,1.7567476732604477,1.4819744054913537,110.4347165,-7.0509066,234.84,0.577,0.915,3,1,15,0,0.07,314.421,0.049,-0.05,0.019,0.298,180.0,99.0,10.01,-131.65036149975313,neo3_calibrated_direct,1,-32.3486,17.1997,-30.6396,47.760304544778606,1,-131.61133593699054,yahboom_calibrated_direct+neo3_cross_align,0,-6383,-1279,3443,-0.4612780381539059,-0.45552836111394923,0.6482927704843521,-132.74152959587565,neo3_calibrated_direct:gyro_integral,1,-132.74152959587565,nan,169.5849609375,0.0,-151,-82,2041,-0.7230489013671875,-0.39264907226562495,9.773131176757811,9.807704420802803,0,0,0,0.0,0.0,0.0,0.0,0.0,0.0,0.0,-409,776,30872,-2.2467041015625,4.2626953125,169.5849609375,98728.336,305.75,1,1,0,0,6080,543,1354,2719,2719,2719,2719,16958,F4line=6080;YAH=10876
DIRECT_SERIAL,523,1789591986985977604,2026-09-16T20:53:06.985978+00:00,-1,2184223789209,1789591986900000000,1789591986,900000000,2203897,1789591986909275,1789591986900000,2,4,1.7456989406101553,1.4709148904220968,gnss_local_enu_direct,1.7456989406101553,1.4709148904220968,110.4347164,-7.0509067,234.82,0.576,0.912,3,1,16,0,0.018,270.0,0.0,-0.018,0.01,0.263,180.0,99.0,10.02,-131.59411544258086,neo3_calibrated_direct,1,-32.3486,17.1631,-30.542,47.68456445821855,1,-131.68174248026048,yahboom_calibrated_direct+neo3_cross_align,0,-6383,-1288,3435,-0.4612939162981006,-0.4567774046483969,0.6491823123059995,-132.74152959587565,neo3_calibrated_direct:gyro_integral,1,-132.74152959587565,nan,169.5849609375,0.0,-153,-81,2041,-0.7326257080078125,-0.38786066894531246,9.773131176757811,9.808224575562296,0,0,0,0.0,0.0,0.0,0.0,0.0,0.0,0.0,-409,776,30872,-2.2467041015625,4.2626953125,169.5849609375,98724.062,305.75,1,1,0,0,6091,544,1357,2724,2724,2724,2724,16989,F4line=6091;YAH=10896
DIRECT_SERIAL,524,1789591987089423598,2026-09-16T20:53:07.089424+00:00,-1,2184327235195,1789591987000000000,1789591987,0,2204006,1789591987016978,1789591987000000,2,4,1.7236014762273322,1.4487958629196047,gnss_local_enu_direct,1.7236014762273322,1.4487958629196047,110.4347162,-7.0509069,234.79,0.575,0.91,3,1,16,0,0.0141,225.0,-0.01,-0.01,-0.01,0.159,180.0,99.0,9.89,-131.55144479283715,neo3_calibrated_direct,1,-32.3242,17.1143,-30.6152,47.69741755242101,1,-131.79061831141942,yahboom_calibrated_direct+neo3_cross_align,0,-6374,-1294,3463,-0.4600119449293987,-0.45759422219383394,0.6488477954519905,-132.74152959587565,neo3_calibrated_direct:gyro_integral,1,-132.74152959587565,nan,169.5849609375,0.0,-154,-80,2042,-0.737414111328125,-0.38307226562499996,9.777919580078125,9.81316642306407,0,0,0,0.0,0.0,0.0,0.0,0.0,0.0,0.0,-409,777,30872,-2.2467041015625,4.2681884765625,169.5849609375,98721.922,305.75,1,1,0,0,6104,545,1360,2729,2729,2729,2729,17022,F4line=6104;YAH=10916
DIRECT_SERIAL,525,1789591987190419640,2026-09-16T20:53:07.190420+00:00,-1,2184428231225,1789591987100000000,1789591987,100000000,2204099,1789591987110791,1789591987100000,2,4,1.7236014729463862,1.4377363502133234,gnss_local_enu_direct,1.7236014729463862,1.4377363502133234,110.4347162,-7.050907,234.78,0.574,0.907,3,1,16,0,0.0918,97.512,-0.012,0.091,0.031,0.217,135.455,99.0,10.02,-131.6316238106706,neo3_calibrated_direct,1,-32.3486,17.1875,-30.7129,47.80297380519333,1,-131.6438264079898,yahboom_calibrated_direct+neo3_cross_align,0,-6388,-1292,3448,-0.46201906036116774,-0.4573413562993706,0.6500943995442233,-132.74152959587565,neo3_calibrated_direct:gyro_integral,1,-132.74152959587565,nan,169.5849609375,0.0,-152,-82,2042,-0.7278373046875,-0.39264907226562495,9.777919580078125,9.812829956262414,0,0,0,0.0,0.0,0.0,0.0,0.0,0.0,0.0,-409,777,30872,-2.2467041015625,4.2681884765625,169.5849609375,98724.062,305.75,1,1,0,0,6112,546,1362,2735,2735,2735,2735,17054,F4line=6112;YAH=10940
DIRECT_SERIAL,526,1789591987308969254,2026-09-16T20:53:07.308969+00:00,-1,2184546780941,1789591987200000000,1789591987,200000000,2204196,1789591987207892,1789591987200000,2,4,1.7236014810387355,1.4377363570752983,gnss_local_enu_direct,1.7236014810387355,1.4377363570752983,110.4347162,-7.050907,234.81,0.573,0.905,3,1,16,0,0.1017,276.776,0.012,-0.101,-0.012,0.235,132.395,99.0,10.07,-131.72520241562364,neo3_calibrated_direct,1,-32.3486,17.2485,-30.5908,47.74661997304102,1,-131.6910681814659,yahboom_calibrated_direct+neo3_cross_align,0,-6392,-1301,3450,-0.46260940819343577,-0.4585974567867937,0.6513977985228351,-132.74152959587565,neo3_calibrated_direct:gyro_integral,1,-132.74152959587565,nan,169.5849609375,0.0,-154,-82,2042,-0.737414111328125,-0.39264907226562495,9.777919580078125,9.813544934426707,0,0,0,0.0,0.0,0.0,0.0,0.0,0.0,0.0,-410,777,30872,-2.252197265625,4.2681884765625,169.5849609375,98723.453,305.75,1,1,0,0,6123,547,1365,2740,2740,2740,2740,17085,F4line=6123;YAH=10960
DIRECT_SERIAL,527,1789591987409383676,2026-09-16T20:53:07.409384+00:00,-1,2184647195277,1789591987300000000,1789591987,300000000,2204297,1789591987309102,1789591987300000,2,4,1.712552752249512,1.4266768443080735,gnss_local_enu_direct,1.712552752249512,1.4266768443080735,110.4347161,-7.0509071,234.8,0.572,0.903,3,1,16,0,0.0255,258.69,-0.005,-0.025,-0.001,0.22,180.0,99.0,10.04,-131.976522275803,neo3_calibrated_direct,1,-32.3975,17.4561,-30.4443,47.76158326469088,1,-131.7541020027508,yahboom_calibrated_direct+neo3_cross_align,0,-6380,-1293,3453,-0.4608718852232649,-0.45746602500835837,0.6493674296006801,-132.74152959587565,neo3_calibrated_direct:gyro_integral,1,-132.74152959587565,nan,169.5849609375,0.0,-151,-81,2042,-0.7230489013671875,-0.38786066894531246,9.777919580078125,9.812285509847243,0,0,0,0.0,0.0,0.0,0.0,0.0,0.0,0.0,-410,777,30872,-2.252197265625,4.2681884765625,169.5849609375,98722.227,305.75,1,1,0,0,6134,548,1368,2746,2746,2746,2746,17120,F4line=6134;YAH=10984
DIRECT_SERIAL,528,1789591987509429526,2026-09-16T20:53:07.509429+00:00,-1,2184747241131,1789591987400000000,1789591987,400000000,2204398,1789591987409106,1789591987400000,2,4,1.7015040175286273,1.4156173294971854,gnss_local_enu_direct,1.7015040175286273,1.4156173294971854,110.434716,-7.0509072,234.78,0.572,0.901,3,1,16,0,0.0739,39.508,0.057,0.047,-0.019,0.166,128.743,99.0,10.02,-131.64536666302294,neo3_calibrated_direct,1,-32.3242,17.1753,-30.8838,47.89210726382793,1,-131.52505602497243,yahboom_calibrated_direct+neo3_cross_align,0,-6390,-1276,3469,-0.4622780673933027,-0.45512436293684033,0.6487212015431219,-132.74152959587565,neo3_calibrated_direct:gyro_integral,1,-132.74152959587565,nan,169.5849609375,0.0,-155,-81,2041,-0.7422025146484375,-0.38786066894531246,9.773131176757811,9.808944564497278,0,0,0,0.0,0.0,0.0,0.0,0.0,0.0,0.0,-410,777,30872,-2.252197265625,4.2681884765625,169.5849609375,98723.141,305.75,1,1,0,0,6144,549,1370,2751,2751,2751,2751,17150,F4line=6144;YAH=11004
DIRECT_SERIAL,529,1789591987610661912,2026-09-16T20:53:07.610662+00:00,-1,2184848473469,1789591987500000000,1789591987,500000000,2204496,1789591987508034,1789591987500000,2,4,1.7015040256209761,1.4156173362436257,gnss_local_enu_direct,1.7015040256209761,1.4156173362436257,110.434716,-7.0509072,234.81,0.571,0.898,3,1,16,0,0.0716,298.355,0.034,-0.063,0.029,0.295,180.0,99.0,10.05,-131.95341863879923,neo3_calibrated_direct,1,-32.373,17.4194,-30.5908,47.825136382450594,1,-132.01145924977882,yahboom_calibrated_direct+neo3_cross_align,0,-6371,-1312,3449,-0.4596128489517331,-0.4600870165479976,0.6503260979828244,-132.74152959587565,neo3_calibrated_direct:gyro_integral,1,-132.74152959587565,nan,169.5849609375,0.0,-153,-79,2042,-0.7326257080078125,-0.37828386230468747,9.777919580078125,9.812621995317524,0,0,0,0.0,0.0,0.0,0.0,0.0,0.0,0.0,-410,777,30872,-2.252197265625,4.2681884765625,169.5849609375,98723.141,305.75,1,1,0,0,6156,550,1373,2756,2756,2756,2756,17182,F4line=6156;YAH=11024
DIRECT_SERIAL,530,1789591987720483347,2026-09-16T20:53:07.720483+00:00,-1,2184958294971,1789591987600000000,1789591987,600000000,2204597,1789591987609313,1789591987600000,2,4,1.7015040223400302,1.4045578234218092,gnss_local_enu_direct,1.7015040223400302,1.4045578234218092,110.434716,-7.0509073,234.8,0.57,0.895,3,1,16,0,0.0238,112.249,-0.009,0.022,0.013,0.235,180.0,99.0,10.03,-131.72030583254656,neo3_calibrated_direct,1,-32.3242,17.2241,-30.6396,47.75257704679403,1,-131.76339048070255,yahboom_calibrated_direct+neo3_cross_align,0,-6387,-1301,3438,-0.4618913210833441,-0.45858863559557445,0.6508818089250362,-132.74152959587565,neo3_calibrated_direct:gyro_integral,1,-132.74152959587565,nan,169.5849609375,0.0,-152,-80,2041,-0.7278373046875,-0.38307226562499996,9.773131176757811,9.807679873492066,0,0,0,0.0,0.0,0.0,0.0,0.0,0.0,0.0,-410,777,30872,-2.252197265625,4.2681884765625,169.5849609375,98722.227,305.75,1,1,0,0,6171,551,1375,2761,2761,2761,2761,17217,F4line=6171;YAH=11044
DIRECT_SERIAL,531,1789591987827841830,2026-09-16T20:53:07.827842+00:00,-1,2185065653469,1789591987700000000,1789591987,700000000,2204695,1789591987707391,1789591987700000,2,4,1.7236014821979753,1.3934983164778934,gnss_local_enu_direct,1.7236014821979753,1.3934983164778934,110.4347162,-7.0509074,234.82,0.57,0.892,3,1,16,0,0.1134,80.87,0.018,0.112,-0.058,0.23,116.156,99.0,10.05,-131.96737726338458,neo3_calibrated_direct,1,-32.3486,17.4072,-30.4199,47.694998163434285,1,-131.51052798251635,yahboom_calibrated_direct+neo3_cross_align,0,-6393,-1273,3435,-0.46270362694462613,-0.45471330780675606,0.6487363398826008,-132.74152959587565,neo3_calibrated_direct:gyro_integral,1,-132.74152959587565,nan,169.5849609375,0.0,-153,-82,2041,-0.7326257080078125,-0.39264907226562495,9.773131176757811,9.808415097257075,0,0,0,0.0,0.0,0.0,0.0,0.0,0.0,0.0,-410,777,30872,-2.252197265625,4.2681884765625,169.5849609375,98724.062,305.75,1,1,0,0,6184,552,1378,2766,2766,2766,2766,17250,F4line=6184;YAH=11064
DIRECT_SERIAL,532,1789591987928370927,2026-09-16T20:53:07.928371+00:00,-1,2185166182521,1789591987800000000,1789591987,800000000,2204797,1789591987808618,1789591987800000,2,4,1.734650213122931,1.3824388075375635,gnss_local_enu_direct,1.734650213122931,1.3824388075375635,110.4347163,-7.0509075,234.83,0.569,0.89,3,1,16,0,0.0642,274.467,0.005,-0.064,0.06,0.268,180.0,99.0,10.01,-131.71141763429134,neo3_calibrated_direct,1,-32.373,17.2607,-30.6152,47.783191234261444,1,-131.92835694474164,yahboom_calibrated_direct+neo3_cross_align,0,-6367,-1296,3456,-0.45901015145175805,-0.4578594377560042,0.6483252145937332,-132.74152959587565,neo3_calibrated_direct:gyro_integral,1,-132.74152959587565,nan,169.5849609375,0.0,-154,-80,2042,-0.737414111328125,-0.38307226562499996,9.777919580078125,9.81316642306407,0,0,0,0.0,0.0,0.0,0.0,0.0,0.0,0.0,-410,777,30872,-2.252197265625,4.2681884765625,169.5849609375,98721.617,305.75,1,1,0,0,6196,553,1381,2772,2772,2772,2772,17286,F4line=6196;YAH=11088
DIRECT_SERIAL,533,1789591988028378658,2026-09-16T20:53:08.028379+00:00,-1,2185266190220,1789591987900000000,1789591987,900000000,2204898,1789591987908762,1789591987900000,2,4,1.734650215271141,1.3713792989774074,gnss_local_enu_direct,1.734650215271141,1.3713792989774074,110.4347163,-7.0509076,234.84,0.569,0.888,3,1,16,0,0.0335,10.305,0.033,0.006,0.046,0.212,180.0,99.0,10.0,-131.8745106032761,neo3_calibrated_direct,1,-32.3486,17.3462,-30.4688,47.70398672899363,1,-131.7927108971158,yahboom_calibrated_direct+neo3_cross_align,0,-6377,-1290,3439,-0.4604357402424783,-0.45704438444881096,0.6487608498120332,-132.74152959587565,neo3_calibrated_direct:gyro_integral,1,-132.74152959587565,nan,169.5849609375,0.0,-153,-80,2043,-0.7326257080078125,-0.38307226562499996,9.782707983398437,9.817579145449887,0,0,0,0.0,0.0,0.0,0.0,0.0,0.0,0.0,-410,777,30872,-2.252197265625,4.2681884765625,169.5849609375,98725.586,305.75,1,1,0,0,6205,554,1383,2777,2777,2777,2777,17315,F4line=6205;YAH=11108
DIRECT_SERIAL,534,1789591988128411382,2026-09-16T20:53:08.128411+00:00,-1,2185366223067,1789591988000000000,1789591988,0,2205006,1789591988016576,1789591988000000,2,4,1.7346502179669043,1.3603197905642923,gnss_local_enu_direct,1.7346502179669043,1.3603197905642923,110.4347163,-7.0509077,234.85,0.567,0.885,3,1,16,0,0.0354,163.61,-0.034,0.01,0.001,0.241,180.0,99.0,9.89,-131.62660434332423,neo3_calibrated_direct,1,-32.3242,17.1631,-30.4932,47.63676262604334,1,-131.8487143848172,yahboom_calibrated_direct+neo3_cross_align,0,-6374,-1296,3459,-0.4600154734058864,-0.4578717874237112,0.64904607655499,-132.74152959587565,neo3_calibrated_direct:gyro_integral,1,-132.74152959587565,nan,169.5849609375,0.0,-153,-82,2042,-0.7326257080078125,-0.39264907226562495,9.777919580078125,9.813186283591083,0,0,0,0.0,0.0,0.0,0.0,0.0,0.0,0.0,-410,777,30872,-2.252197265625,4.2681884765625,169.5849609375,98723.453,305.75,1,1,0,0,6221,555,1386,2782,2782,2782,2782,17351,F4line=6221;YAH=11128
DIRECT_SERIAL,535,1789591988234719698,2026-09-16T20:53:08.234720+00:00,-1,2185472531331,1789591988100000000,1789591988,100000000,2205099,1789591988110651,1789591988100000,2,4,1.7346502174519212,1.349260279750426,gnss_local_enu_direct,1.7346502174519212,1.349260279750426,110.4347163,-7.0509078,234.85,0.566,0.883,3,1,16,0,0.1181,111.351,-0.043,0.11,-0.004,0.262,127.121,99.0,10.02,-131.53777033480182,neo3_calibrated_direct,1,-32.3486,17.1265,-30.6641,47.749722020342695,1,-131.66295385791,yahboom_calibrated_direct+neo3_cross_align,0,-6387,-1290,3426,-0.4618719144626617,-0.4570620268312495,0.649793322326795,-132.74152959587565,neo3_calibrated_direct:gyro_integral,1,-132.74152959587565,nan,169.5849609375,0.0,-153,-81,2042,-0.7326257080078125,-0.38786066894531246,9.777919580078125,9.812995854530044,0,0,0,0.0,0.0,0.0,0.0,0.0,0.0,0.0,-410,777,30872,-2.252197265625,4.2681884765625,169.5849609375,98723.758,305.75,1,1,0,0,6229,556,1388,2787,2787,2787,2787,17379,F4line=6229;YAH=11148
DIRECT_SERIAL,536,1789591988335599781,2026-09-16T20:53:08.335600+00:00,-1,2185573411374,1789591988300000000,1789591988,300000000,2205297,1789591988308674,1789591988300000,2,4,1.723601474749884,1.338200759013391,gnss_local_enu_direct,1.723601474749884,1.338200759013391,110.4347162,-7.0509079,234.8,0.565,0.879,3,1,16,0,0.0776,21.938,0.072,0.029,0.015,0.156,115.155,99.0,10.03,-131.6316238106706,neo3_calibrated_direct,1,-32.3486,17.1875,-30.6641,47.7716349628103,1,-131.7098590991001,yahboom_calibrated_direct+neo3_cross_align,0,-6377,-1286,3433,-0.46042868328950287,-0.4564892539890565,0.6483648752077728,-132.74152959587565,neo3_calibrated_direct:gyro_integral,1,-132.74152959587565,nan,169.5849609375,0.0,-154,-78,2044,-0.737414111328125,-0.373495458984375,9.787496386718749,9.822340044485344,0,0,0,0.0,0.0,0.0,0.0,0.0,0.0,0.0,-410,778,30872,-2.252197265625,4.273681640625,169.5849609375,98722.531,305.75,1,1,0,0,6242,557,1391,2792,2792,2792,2792,17412,F4line=6242;YAH=11168
DIRECT_SERIAL,537,1789591988436240790,2026-09-16T20:53:08.436241+00:00,-1,2185674052396,1789591988300000000,1789591988,300000000,2205297,1789591988308674,1789591988300000,2,4,1.7125527411492576,1.338200753014752,gnss_local_enu_direct,1.7125527411492576,1.338200753014752,110.4347161,-7.0509079,234.77,0.564,0.876,3,1,16,0,0.0411,48.945,0.027,0.031,0.1,0.192,180.0,99.0,10.04,-131.8837404665078,neo3_calibrated_direct,1,-32.2998,17.3096,-30.7861,47.86108320347545,1,-131.71861610581902,yahboom_calibrated_direct+neo3_cross_align,0,-6380,-1288,3453,-0.46086306403204563,-0.4567721119336653,0.6488725036779924,-132.74152959587565,neo3_calibrated_direct:gyro_integral,1,-132.74152959587565,nan,169.5849609375,0.0,-152,-79,2041,-0.7278373046875,-0.37828386230468747,9.773131176757811,9.807494013288533,0,0,0,0.0,0.0,0.0,0.0,0.0,0.0,0.0,-410,778,30872,-2.252197265625,4.273681640625,169.5849609375,98724.062,305.75,1,1,0,0,6250,558,1393,2797,2797,2797,2797,17440,F4line=6250;YAH=11188
DIRECT_SERIAL,538,1789591988536427665,2026-09-16T20:53:08.536428+00:00,-1,2185774239250,1789591988500000000,1789591988,500000000,2205497,1789591988508894,1789591988500000,2,4,1.690455265750872,1.29396269701861,gnss_local_enu_direct,1.690455265750872,1.29396269701861,110.4347159,-7.0509083,234.7,0.561,0.871,3,1,16,0,0.0452,264.92,-0.004,-0.045,0.038,0.262,180.0,99.0,10.03,-131.6316238106706,neo3_calibrated_direct,1,-32.3486,17.1875,-30.5908,47.724617576781064,1,-131.79168569433216,yahboom_calibrated_direct+neo3_cross_align,0,-6372,-1290,3446,-0.45971765313238666,-0.4570355632575917,0.6482451902511375,-132.74152959587565,neo3_calibrated_direct:gyro_integral,1,-132.74152959587565,nan,169.5849609375,0.0,-153,-80,2044,-0.7326257080078125,-0.38307226562499996,9.787496386718749,9.82235054906704,0,0,0,0.0,0.0,0.0,0.0,0.0,0.0,0.0,-411,778,30872,-2.2576904296875,4.273681640625,169.5849609375,98719.789,305.75,1,1,0,0,6264,560,1396,2802,2802,2802,2802,17474,F4line=6264;YAH=11208
DIRECT_SERIAL,539,1789591988636539905,2026-09-16T20:53:08.636540+00:00,-1,2185874351543,1789591988500000000,1789591988,500000000,2205497,1789591988508894,1789591988500000,2,4,1.690455265750872,1.29396269701861,gnss_local_enu_direct,1.690455265750872,1.29396269701861,110.4347159,-7.0509083,234.7,0.561,0.871,3,1,16,0,0.0452,264.92,-0.004,-0.045,0.038,0.262,180.0,99.0,10.03,-131.66411796637493,neo3_calibrated_direct,1,-32.3242,17.1875,-30.6396,47.739387826510715,1,-131.74469320376477,yahboom_calibrated_direct+neo3_cross_align,0,-6382,-1296,3432,-0.4611644127820331,-0.457885901329662,0.6498708442860583,-132.74152959587565,neo3_calibrated_direct:gyro_integral,1,-132.74152959587565,nan,169.5849609375,0.0,-153,-81,2042,-0.7326257080078125,-0.38786066894531246,9.777919580078125,9.812995854530044,0,0,0,0.0,0.0,0.0,0.0,0.0,0.0,0.0,-411,778,30872,-2.2576904296875,4.273681640625,169.5849609375,98719.484,305.75,1,1,0,0,6277,560,1398,2807,2807,2807,2807,17507,F4line=6277;YAH=11228
DIRECT_SERIAL,540,1789591988737260881,2026-09-16T20:53:08.737261+00:00,-1,2185975072462,1789591988600000000,1789591988,600000000,2205598,1789591988609684,1789591988600000,2,4,1.6794065235429145,1.2829031747305484,gnss_local_enu_direct,1.6794065235429145,1.2829031747305484,110.4347158,-7.0509084,234.64,0.56,0.869,3,1,16,0,0.0999,57.265,0.054,0.084,0.015,0.196,112.466,99.0,10.01,-131.76255704497243,neo3_calibrated_direct,1,-32.3486,17.2729,-30.542,47.72419470635413,1,-131.81051357805808,yahboom_calibrated_direct+neo3_cross_align,0,-6381,-1303,3457,-0.46103314502772175,-0.4588556153959885,0.650461402847689,-132.74152959587565,neo3_calibrated_direct:gyro_integral,1,-132.74152959587565,nan,169.5849609375,0.0,-152,-82,2042,-0.7278373046875,-0.39264907226562495,9.777919580078125,9.812829956262414,0,0,0,0.0,0.0,0.0,0.0,0.0,0.0,0.0,-411,778,30872,-2.2576904296875,4.273681640625,169.5849609375,98723.141,305.75,1,1,0,0,6289,561,1401,2812,2812,2812,2812,17539,F4line=6289;YAH=11248
DIRECT_SERIAL,541,1789591988842235922,2026-09-16T20:53:08.842236+00:00,-1,2186080047565,1789591988800000000,1789591988,800000000,2205797,1789591988808893,1789591988800000,2,4,1.6683577760946149,1.2607841405837978,gnss_local_enu_direct,1.6683577760946149,1.2607841405837978,110.4347157,-7.0509086,234.57,0.558,0.865,3,1,16,0,0.1313,253.635,-0.037,-0.126,0.075,0.294,128.266,99.0,10.03,-131.6878039149748,neo3_calibrated_direct,1,-32.3486,17.2241,-30.6396,47.769097028623015,1,-131.8390611141394,yahboom_calibrated_direct+neo3_cross_align,0,-6377,-1304,3466,-0.46046043957789223,-0.45898734105795175,0.6501485950670925,-132.74152959587565,neo3_calibrated_direct:gyro_integral,1,-132.74152959587565,nan,169.5849609375,0.0,-152,-82,2041,-0.7278373046875,-0.39264907226562495,9.773131176757811,9.808058596590936,0,0,0,0.0,0.0,0.0,0.0,0.0,0.0,0.0,-411,778,30872,-2.2576904296875,4.273681640625,169.5849609375,98725.586,305.75,1,1,0,0,6303,563,1403,2817,2817,2817,2817,17573,F4line=6303;YAH=11268
DIRECT_SERIAL,542,1789591988945482684,2026-09-16T20:53:08.945483+00:00,-1,2186183294283,1789591988900000000,1789591988,900000000,2205896,1789591988907955,1789591988900000,2,4,1.6573090383728983,1.238665112558557,gnss_local_enu_direct,1.6573090383728983,1.238665112558557,110.4347156,-7.0509088,234.53,0.558,0.864,3,1,16,0,0.0252,83.157,0.003,0.025,0.065,0.224,180.0,99.0,10.04,-131.68285825879792,neo3_calibrated_direct,1,-32.3242,17.1997,-30.5908,47.7124787699193,1,-131.86590252292683,yahboom_calibrated_direct+neo3_cross_align,0,-6367,-1299,3468,-0.45901544416648965,-0.45827578560082005,0.6486230597592169,-132.74152959587565,neo3_calibrated_direct:gyro_integral,1,-132.74152959587565,nan,169.5849609375,0.0,-153,-82,2042,-0.7326257080078125,-0.39264907226562495,9.777919580078125,9.813186283591083,0,0,0,0.0,0.0,0.0,0.0,0.0,0.0,0.0,-411,778,30872,-2.2576904296875,4.273681640625,169.5849609375,98719.484,305.75,1,1,0,0,6314,564,1406,2822,2822,2822,2822,17604,F4line=6314;YAH=11288
DIRECT_SERIAL,543,1789591989045720992,2026-09-16T20:53:09.045721+00:00,-1,2186283532557,1789591989000000000,1789591989,0,2206004,1789591989015788,1789591989000000,2,4,1.6573090306382814,1.2276055966556534,gnss_local_enu_direct,1.6573090306382814,1.2276055966556534,110.4347156,-7.0509089,234.5,0.558,0.863,3,1,16,0,0.0842,69.842,0.029,0.079,0.014,0.306,180.0,99.0,9.92,-131.8745106032761,neo3_calibrated_direct,1,-32.3486,17.3462,-30.4932,47.71957483716719,1,-131.68054717384354,yahboom_calibrated_direct+neo3_cross_align,0,-6377,-1286,3458,-0.46042868328950287,-0.4564892539890565,0.6483648752077728,-132.74152959587565,neo3_calibrated_direct:gyro_integral,1,-132.74152959587565,nan,169.5849609375,0.0,-153,-77,2041,-0.7326257080078125,-0.3687070556640625,9.773131176757811,9.807485830682904,0,0,0,0.0,0.0,0.0,0.0,0.0,0.0,0.0,-411,778,30872,-2.2576904296875,4.273681640625,169.5849609375,98722.531,305.75,1,1,0,0,6326,565,1409,2827,2827,2827,2827,17636,F4line=6326;YAH=11308
DIRECT_SERIAL,544,1789591989146433650,2026-09-16T20:53:09.146434+00:00,-1,2186384245228,1789591989100000000,1789591989,100000000,2206099,1789591989110643,1789591989100000,2,4,1.65730902206352,1.2054865705081501,gnss_local_enu_direct,1.65730902206352,1.2054865705081501,110.4347156,-7.0509091,234.47,0.558,0.861,3,1,16,0,0.0526,278.746,0.008,-0.052,0.047,0.324,180.0,99.0,10.01,-131.6316238106706,neo3_calibrated_direct,1,-32.3486,17.1875,-30.7617,47.83434190098156,1,-131.669517054058,yahboom_calibrated_direct+neo3_cross_align,0,-6368,-1276,3468,-0.4591184841088993,-0.45508554969547554,0.64644616171193,-132.73540285332194,neo3_calibrated_direct:gyro_integral,1,-132.73540285332194,nan,169.5904541015625,0.0,-162,-83,2029,-0.7757213378906249,-0.39743747558593745,9.715670336914062,9.754688628380238,-6,-2,5,-0.3662109375,-0.1220703125,0.30517578125,-0.006391586616190171,-0.0021305288720633907,0.005326322180158476,0.005326322180158476,-411,778,30873,-2.2576904296875,4.273681640625,169.5904541015625,98722.836,305.75,1,1,0,0,6335,566,1411,2833,2833,2833,2833,17669,F4line=6335;YAH=11332
DIRECT_SERIAL,545,1789591989264861557,2026-09-16T20:53:09.264861+00:00,-1,2186502673245,1789591989200000000,1789591989,200000000,2206197,1789591989208778,1789591989200000,2,4,1.6573090191077358,1.194427058619021,gnss_local_enu_direct,1.6573090191077358,1.194427058619021,110.4347156,-7.0509092,234.46,0.558,0.859,3,1,16,0,0.1656,298.887,0.08,-0.145,0.052,0.3621,125.273,99.0,10.04,-131.86061837517224,neo3_calibrated_direct,1,-32.373,17.3584,-30.4443,47.70933432830518,1,-131.68427603247076,yahboom_calibrated_direct+neo3_cross_align,0,-6389,-1297,3450,-0.4621714989744053,-0.45803703361230763,0.6506922610763178,-132.74598387450118,neo3_calibrated_direct:gyro_integral,1,-132.74598387450118,nan,169.5794677734375,0.0,-167,-77,2036,-0.7996633544921875,-0.3687070556640625,9.749189160156249,9.788876118018976,-2,3,-1,-0.1220703125,0.18310546875,-0.06103515625,-0.0021305288720633907,0.0031957933080950856,-0.0010652644360316954,-0.0010652644360316954,-410,778,30871,-2.252197265625,4.273681640625,169.5794677734375,98721.312,305.75,1,1,0,0,6346,567,1414,2838,2838,2838,2838,17700,F4line=6346;YAH=11352
DIRECT_SERIAL,546,1789591989365398824,2026-09-16T20:53:09.365399+00:00,-1,2186603210397,1789591989300000000,1789591989,300000000,2206296,1789591989307700,1789591989300000,2,4,1.6573090187039488,1.1833675486254482,gnss_local_enu_direct,1.6573090187039488,1.1833675486254482,110.4347156,-7.0509093,234.46,0.559,0.857,3,1,16,0,0.0085,200.556,-0.008,-0.003,0.057,0.238,180.0,99.0,10.05,-131.81388538871215,neo3_calibrated_direct,1,-32.3242,17.2852,-30.542,47.7121138567555,1,-131.62585887734164,yahboom_calibrated_direct+neo3_cross_align,0,-6386,-1285,3457,-0.461719475849424,-0.4563663495183125,0.6491957481001684,-132.745965664052,neo3_calibrated_direct:gyro_integral,1,-132.745965664052,nan,169.5794677734375,0.0,-156,-86,2038,-0.74699091796875,-0.411802685546875,9.758765966796874,9.795973156254785,0,0,1,0.0,0.0,0.06103515625,0.0,0.0,0.0010652644360316954,0.0010652644360316954,-410,775,30871,-2.252197265625,4.2572021484375,169.5794677734375,98719.18,305.75,1,1,0,0,6356,568,1417,2844,2844,2844,2844,17734,F4line=6356;YAH=11376
DIRECT_SERIAL,547,1789591989483446191,2026-09-16T20:53:09.483446+00:00,-1,2186721257832,1789591989400000000,1789591989,400000000,2206397,1789591989407830,1789591989400000,2,4,1.6573090101291874,1.16124852282455,gnss_local_enu_direct,1.6573090101291874,1.16124852282455,110.4347156,-7.0509095,234.43,0.559,0.855,3,1,16,0,0.018,303.69,0.01,-0.015,0.008,0.3769,180.0,99.0,10.03,-131.85117904794154,neo3_calibrated_direct,1,-32.3242,17.3096,-30.542,47.720958936299674,1,-131.64802294562756,yahboom_calibrated_direct+neo3_cross_align,0,-6388,-1287,3436,-0.46201023916994843,-0.4566474432246775,0.6496001450904302,-132.75084002287767,neo3_calibrated_direct:gyro_integral,1,-132.75084002287767,nan,169.5794677734375,0.0,-162,-70,2036,-0.7757213378906249,-0.33518823242187495,9.749189160156249,9.78574391784912,-2,1,-1,-0.1220703125,0.06103515625,-0.06103515625,-0.0021305288720633907,0.0010652644360316954,-0.0010652644360316954,-0.0010652644360316954,-410,777,30871,-2.252197265625,4.2681884765625,169.5794677734375,98722.836,305.75,1,1,0,0,6366,569,1419,2849,2849,2849,2849,17764,F4line=6366;YAH=11396
DIRECT_SERIAL,548,1789591989584194825,2026-09-16T20:53:09.584195+00:00,-1,2186822006704,1789591989500000000,1789591989,500000000,2206496,1789591989508055,1789591989500000,2,4,1.6573090017768177,1.139129497624424,gnss_local_enu_direct,1.6573090017768177,1.139129497624424,110.4347156,-7.0509097,234.4,0.56,0.855,3,1,16,0,0.0225,147.724,-0.019,0.012,0.038,0.237,180.0,99.0,10.04,-131.85590451993758,neo3_calibrated_direct,1,-32.3486,17.334,-30.6396,47.80883355740861,1,-131.74916266507208,yahboom_calibrated_direct+neo3_cross_align,0,-6386,-1295,3438,-0.4617371182318626,-0.45775417566769877,0.6501846289280295,-132.75205682079024,neo3_calibrated_direct:gyro_integral,1,-132.75205682079024,nan,169.5794677734375,0.0,-154,-82,2056,-0.737414111328125,-0.39264907226562495,9.8449572265625,9.88034086751981,0,1,-1,0.0,0.06103515625,-0.06103515625,0.0,0.0010652644360316954,-0.0010652644360316954,-0.0010652644360316954,-410,776,30871,-2.252197265625,4.2626953125,169.5794677734375,98723.453,305.75,1,1,0,0,6377,570,1422,2854,2854,2854,2854,17795,F4line=6377;YAH=11416
DIRECT_SERIAL,549,1789591989684466529,2026-09-16T20:53:09.684466+00:00,-1,2186922278149,1789591989600000000,1789591989,600000000,2206597,1789591989608194,1789591989600000,2,4,1.6573089905388632,1.1170104706096298,gnss_local_enu_direct,1.6573089905388632,1.1170104706096298,110.4347156,-7.0509099,234.36,0.561,0.855,3,1,16,0,0.0351,3.27,0.035,0.002,-0.03,0.23,180.0,99.0,10.02,-131.82762312558395,neo3_calibrated_direct,1,-32.2998,17.2729,-30.6152,47.7380417014565,1,-131.67592262421235,yahboom_calibrated_direct+neo3_cross_align,0,-6392,-1291,3445,-0.4625917658109972,-0.45720963063740744,0.6504089391634551,-132.7508272858171,neo3_calibrated_direct:gyro_integral,1,-132.7508272858171,nan,169.5794677734375,0.0,-157,-77,2039,-0.7517793212890624,-0.3687070556640625,9.763554370117188,9.799393398524662,0,0,0,0.0,0.0,0.0,0.0,0.0,0.0,0.0,-410,776,30871,-2.252197265625,4.2626953125,169.5794677734375,98723.141,305.75,1,1,0,0,6393,571,1424,2860,2860,2860,2859,17834,F4line=6393;YAH=11439
DIRECT_SERIAL,550,1789591989784473869,2026-09-16T20:53:09.784474+00:00,-1,2187022285471,1789591989700000000,1789591989,700000000,2206697,1789591989708536,1789591989700000,2,4,1.657308985031082,1.105950957402619,gnss_local_enu_direct,1.657308985031082,1.105950957402619,110.4347156,-7.05091,234.34,0.563,0.856,3,1,16,0,0.0295,61.699,0.014,0.026,0.025,0.24,180.0,99.0,10.02,-131.72520241562364,neo3_calibrated_direct,1,-32.3486,17.2485,-30.6641,47.79361571402607,1,-131.82734972929669,yahboom_calibrated_direct+neo3_cross_align,0,-6379,-1296,3445,-0.4607335605159781,-0.45788060861493046,0.6495614409209567,-132.7508272858171,neo3_calibrated_direct:gyro_integral,1,-132.7508272858171,nan,169.5794677734375,0.0,-151,-75,2041,-0.7230489013671875,-0.3591302490234375,9.773131176757811,9.80641969567117,3,0,0,0.18310546875,0.0,0.0,0.0031957933080950856,0.0,0.0,0.0,-410,776,30871,-2.252197265625,4.2626953125,169.5794677734375,98726.195,305.75,1,1,0,0,6406,572,1427,2865,2865,2865,2865,17868,F4line=6406;YAH=11460
DIRECT_SERIAL,551,1789591989885227346,2026-09-16T20:53:09.885227+00:00,-1,2187123038921,1789591989800000000,1789591989,800000000,2206797,1789591989808694,1789591989800000,2,4,1.6573089769713039,1.094891442184517,gnss_local_enu_direct,1.6573089769713039,1.094891442184517,110.4347156,-7.0509101,234.31,0.565,0.856,3,1,16,0,0.0465,261.347,-0.007,-0.046,0.038,0.3649,180.0,99.0,10.01,-131.70650865191763,neo3_calibrated_direct,1,-32.3486,17.2363,-30.5908,47.74221406983551,1,-131.60619991206576,yahboom_calibrated_direct+neo3_cross_align,0,-6383,-1274,3450,-0.46126921696268663,-0.4548344480392561,0.6477990935780513,-132.7508272858171,neo3_calibrated_direct:gyro_integral,1,-132.7508272858171,nan,169.5794677734375,0.0,-156,-85,2038,-0.74699091796875,-0.4070142822265625,9.758765966796874,9.795773029841857,-2,-1,0,-0.1220703125,-0.06103515625,0.0,-0.0021305288720633907,-0.0010652644360316954,0.0,0.0,-409,775,30871,-2.2467041015625,4.2572021484375,169.5794677734375,98722.531,305.75,1,1,0,0,6415,573,1429,2870,2870,2870,2870,17897,F4line=6415;YAH=11480
DIRECT_SERIAL,552,1789591989985872569,2026-09-16T20:53:09.985873+00:00,-1,2187223684141,1789591989900000000,1789591989,900000000,2206896,1789591989907600,1789591989900000,2,4,1.6573089710597348,1.0727724193305381,gnss_local_enu_direct,1.6573089710597348,1.0727724193305381,110.4347156,-7.0509103,234.29,0.566,0.857,3,1,16,0,0.0135,228.013,-0.009,-0.01,0.012,0.285,180.0,99.0,10.03,-131.65036149975313,neo3_calibrated_direct,1,-32.3486,17.1997,-30.6885,47.79169001301377,1,-131.7049531336568,yahboom_calibrated_direct+neo3_cross_align,0,-6393,-1296,3472,-0.46274420442423475,-0.45790530795034445,0.6510065051728114,-132.7508272858171,neo3_calibrated_direct:gyro_integral,1,-132.7508272858171,nan,169.5794677734375,0.0,-145,-78,2048,-0.6943184814453125,-0.373495458984375,9.80665,9.838290564628515,-4,15,0,-0.244140625,0.91552734375,0.0,-0.004261057744126781,0.01597896654047543,0.0,0.0,-408,775,30871,-2.2412109375,4.2572021484375,169.5794677734375,98725.891,305.75,1,1,0,0,6426,574,1432,2875,2875,2875,2875,17928,F4line=6426;YAH=11500
DIRECT_SERIAL,553,1789591990086510919,2026-09-16T20:53:10.086511+00:00,-1,2187324322515,1789591990000000000,1789591990,0,2207004,1789591990015481,1789591990000000,2,4,1.657308965329562,1.0617129061004293,gnss_local_enu_direct,1.657308965329562,1.0617129061004293,110.4347156,-7.0509104,234.27,0.568,0.857,3,1,16,0,0.058,313.603,0.04,-0.042,0.046,0.353,180.0,99.0,9.91,-131.55656305199295,neo3_calibrated_direct,1,-32.3486,17.1387,-30.5908,47.70706451134884,1,-131.78154644061834,yahboom_calibrated_direct+neo3_cross_align,0,-6376,-1290,3458,-0.46029212282046,-0.45704262021056713,0.6486576870888883,-132.76792661186687,neo3_calibrated_direct:gyro_integral,1,-132.76792661186687,nan,169.5574951171875,0.0,-147,-59,2049,-0.7038952880859375,-0.2825157958984375,9.811438403320311,9.840711726987552,-7,28,-14,-0.42724609375,1.708984375,-0.8544921875,-0.007456851052221867,0.029827404208887468,-0.014913702104443734,-0.014913702104443734,-425,821,30867,-2.3345947265625,4.5098876953125,169.5574951171875,98718.57,305.75,1,1,0,0,6437,575,1434,2880,2880,2880,2880,17959,F4line=6437;YAH=11520
DIRECT_SERIAL,554,1789591990202862132,2026-09-16T20:53:10.202862+00:00,-1,2187440674007,1789591990100000000,1789591990,100000000,2207095,1789591990106638,1789591990100000,2,4,1.6683576853626283,1.039593883096281,gnss_local_enu_direct,1.6683576853626283,1.039593883096281,110.4347157,-7.0509106,234.25,0.569,0.857,3,1,16,0,0.1118,105.03,-0.029,0.108,-0.017,0.384,180.0,99.0,10.07,-131.81896469996903,neo3_calibrated_direct,1,-32.4463,17.395,-30.249,47.648194191280744,1,-131.75777478251644,yahboom_calibrated_direct+neo3_cross_align,0,-6401,-1313,3451,-0.46392313585052697,-0.46027872631025185,0.6535144848212426,-133.24406717369718,neo3_calibrated_direct:gyro_integral,1,-133.24406717369718,nan,169.1290283203125,0.0,-139,-131,2120,-0.6655880615234374,-0.6272808349609375,10.151415039062499,10.192532364866747,79,61,-146,4.82177734375,3.72314453125,-8.9111328125,0.08415589044650393,0.06498113059793341,-0.1555286076606275,-0.1555286076606275,-410,883,30789,-2.252197265625,4.8504638671875,169.1290283203125,98722.227,305.75,1,1,0,0,6447,576,1437,2885,2885,2885,2885,17989,F4line=6447;YAH=11540
DIRECT_SERIAL,555,1789591990303433686,2026-09-16T20:53:10.303434+00:00,-1,2187541245253,1789591990200000000,1789591990,200000000,2207196,1789591990208153,1789591990200000,2,4,1.6794064073550907,1.0174748601688195,gnss_local_enu_direct,1.6794064073550907,1.0174748601688195,110.4347158,-7.0509108,234.23,0.569,0.857,3,1,16,0,0.0386,248.749,-0.014,-0.036,0.015,0.312,180.0,99.0,10.05,-132.74816284441656,neo3_calibrated_direct,1,-32.2998,17.8833,-29.9561,47.54426806819093,1,-132.37094620651604,yahboom_calibrated_direct+neo3_cross_align,0,-6376,-1357,3470,-0.46041032678279825,-0.46634105541145504,0.6553256053066391,-135.3652648289675,neo3_calibrated_direct:gyro_integral,1,-135.3652648289675,nan,167.0965576171875,0.0,-153,-93,2002,-0.7326257080078125,-0.44532150878906246,9.586383447265625,9.624645410207718,176,20,-377,10.7421875,1.220703125,-23.01025390625,0.18748654074157836,0.021305288720633905,-0.40160469238394914,-0.40160469238394914,-267,925,30419,-1.4666748046875,5.0811767578125,167.0965576171875,98724.062,305.75,1,1,0,0,6459,577,1440,2891,2891,2891,2891,18025,F4line=6459;YAH=11564
DIRECT_SERIAL,556,1789591990408171008,2026-09-16T20:53:10.408171+00:00,-1,2187645982657,1789591990300000000,1789591990,300000000,2207297,1789591990308286,1789591990300000,2,4,1.679406403884323,0.9953558393143829,gnss_local_enu_direct,1.679406403884323,0.9953558393143829,110.4347158,-7.050911,234.22,0.57,0.857,3,1,16,0,0.0344,115.821,-0.015,0.031,-0.023,0.3629,180.0,99.0,10.03,-133.95461189202686,neo3_calibrated_direct,1,-31.8604,18.2983,-29.9805,47.4209157577118,1,-133.70062531292783,yahboom_calibrated_direct+neo3_cross_align,0,-6301,-1431,3537,-0.44976957376146826,-0.47647865104862414,0.6552286428314084,-138.03228282030366,neo3_calibrated_direct:gyro_integral,1,-138.03228282030366,nan,164.432373046875,0.0,-119,573,1940,-0.5698199951171875,2.7437551025390623,9.289502441406249,9.702975960932664,179,-65,-446,10.92529296875,-3.96728515625,-27.2216796875,0.19068233404967347,-0.0692421883420602,-0.4751079384701361,-0.4751079384701361,-121,890,29934,-0.6646728515625,4.888916015625,164.432373046875,98722.531,305.75,1,1,0,0,6468,578,1442,2896,2896,2896,2896,18054,F4line=6468;YAH=11584
DIRECT_SERIAL,557,1789591990522162077,2026-09-16T20:53:10.522162+00:00,-1,2187759973757,1789591990400000000,1789591990,400000000,2207396,1789591990408452,1789591990400000,2,4,1.6904551226083169,0.9732368167125032,gnss_local_enu_direct,1.6904551226083169,0.9732368167125032,110.4347159,-7.0509112,234.2,0.571,0.857,3,1,16,0,0.0416,99.689,-0.007,0.041,-0.047,0.35,180.0,99.0,10.04,-137.16412434670076,neo3_calibrated_direct,1,-30.3955,19.0674,-30.2246,46.91458843654072,1,-135.52347511303472,yahboom_calibrated_direct+neo3_cross_align,0,-6202,-1537,3586,-0.43573845823550167,-0.4910149486459767,0.6564782431880459,-140.40229864940596,neo3_calibrated_direct:gyro_integral,1,-140.40229864940596,nan,162.0758056640625,0.0,-164,-46,1985,-0.7852981445312499,-0.22026655273437498,9.504980590820312,9.539909148515438,110,-81,-401,6.7138671875,-4.94384765625,-24.47509765625,0.11717908796348649,-0.08628641931856731,-0.4271710388487098,-0.4271710388487098,-42,756,29505,-0.230712890625,4.15283203125,162.0758056640625,98724.367,305.75,1,1,0,0,6479,579,1445,2901,2901,2901,2901,18085,F4line=6479;YAH=11604
DIRECT_SERIAL,558,1789591990622343512,2026-09-16T20:53:10.622344+00:00,-1,2187860155107,1789591990500000000,1789591990,500000000,2207496,1789591990507407,1789591990500000,2,4,1.7015038281926822,0.928998767758857,gnss_local_enu_direct,1.7015038281926822,0.928998767758857,110.434716,-7.0509116,234.13,0.571,0.856,3,1,16,0,0.0672,165.343,-0.065,0.017,0.033,0.206,175.704,99.0,10.03,-140.35351653832822,neo3_calibrated_direct,1,-29.126,19.9707,-30.0293,46.35635439699718,1,-137.70330357419786,yahboom_calibrated_direct+neo3_cross_align,0,-6066,-1643,3652,-0.41639349809485665,-0.5054859694283068,0.6549042758636918,-143.394712293818,neo3_calibrated_direct:gyro_integral,1,-143.394712293818,nan,159.5269775390625,0.0,-145,13,2069,-0.6943184814453125,0.062249243164062495,9.907206469726562,9.931701423006174,54,-41,-391,3.2958984375,-2.50244140625,-23.86474609375,0.05752427954571154,-0.043675841877299504,-0.41651839448839284,-0.41651839448839284,28,695,29041,0.15380859375,3.8177490234375,159.5269775390625,98721.312,305.75,1,1,0,0,6496,580,1448,2907,2907,2906,2906,18124,F4line=6496;YAH=11626
DIRECT_SERIAL,559,1789591990722436134,2026-09-16T20:53:10.722436+00:00,-1,2187960247737,1789591990600000000,1789591990,600000000,2207597,1789591990607586,1789591990600000,2,4,1.7125525403338813,0.8737012130407327,gnss_local_enu_direct,1.7125525403338813,0.8737012130407327,110.4347161,-7.0509121,234.08,0.571,0.854,3,1,16,0,0.0774,151.449,-0.068,0.037,0.005,0.212,156.919,99.0,10.01,-142.1159145754113,neo3_calibrated_direct,1,-28.2471,20.2393,-30.2246,46.05490601510332,1,-140.3326685305626,yahboom_calibrated_direct+neo3_cross_align,0,-5916,-1787,3696,-0.39510493509922134,-0.5252060302428906,0.6572284868622601,-145.6788435892896,neo3_calibrated_direct:gyro_integral,1,-145.6788435892896,nan,156.741943359375,0.0,-92,3,2083,-0.44053310546874996,0.0143652099609375,9.974244116210937,9.98397823845984,6,-112,-371,0.3662109375,-6.8359375,-22.64404296875,0.006391586616190171,-0.11930961683554987,-0.395213105767759,-0.395213105767759,36,613,28534,0.19775390625,3.3673095703125,156.741943359375,98721.312,305.75,1,1,0,0,6506,581,1450,2912,2912,2912,2912,18156,F4line=6506;YAH=11648
DIRECT_SERIAL,560,1789591990832409534,2026-09-16T20:53:10.832410+00:00,-1,2188070221190,1789591990700000000,1789591990,700000000,2207696,1789591990707809,1789591990700000,2,4,1.7236012555545366,0.8405226807133812,gnss_local_enu_direct,1.7236012555545366,0.8405226807133812,110.4347162,-7.0509124,234.05,0.57,0.852,3,1,16,0,0.0446,42.274,0.033,0.03,0.022,0.248,180.0,99.0,10.02,-145.75474422168307,neo3_calibrated_direct,1,-26.7822,21.1914,-30.1514,45.55731107912318,1,-142.88626032812613,yahboom_calibrated_direct+neo3_cross_align,0,-5785,-1920,3725,-0.37652569650125206,-0.5434330028197827,0.6611286022246193,-147.97316731651645,neo3_calibrated_direct:gyro_integral,1,-147.97316731651645,nan,154.44580078125,0.0,-72,15,2065,-0.3447650390625,0.0718260498046875,9.888052856445311,9.894322170085559,-23,-181,-380,-1.40380859375,-11.04736328125,-23.193359375,-0.024501082028728992,-0.19281286292173686,-0.4048004856920442,-0.4048004856920442,1,446,28116,0.0054931640625,2.449951171875,154.44580078125,98722.836,305.75,1,1,0,0,6519,582,1453,2917,2917,2917,2917,18189,F4line=6519;YAH=11668
DIRECT_SERIAL,561,1789591990933180558,2026-09-16T20:53:10.933181+00:00,-1,2188170992166,1789591990800000000,1789591990,800000000,2207797,1789591990807974,1789591990800000,2,4,1.7346499825072268,0.8294631708458895,gnss_local_enu_direct,1.7346499825072268,0.8294631708458895,110.4347163,-7.0509125,234.05,0.57,0.851,3,1,16,0,0.0525,149.036,-0.045,0.027,-0.048,0.246,180.0,99.0,10.01,-149.7002668126152,neo3_calibrated_direct,1,-25.0,21.8994,-30.1514,44.87416453060714,1,-146.13923132229957,yahboom_calibrated_direct+neo3_cross_align,0,-5603,-2071,3777,-0.35065372566873704,-0.5640680863151335,0.6641768148050509,-150.35051809062585,neo3_calibrated_direct:gyro_integral,1,-150.35051809062585,nan,152.07275390625,0.0,-79,-16,2015,-0.37828386230468747,-0.076614453125,9.648632690429688,9.656349271320721,9,-183,-402,0.54931640625,-11.16943359375,-24.5361328125,0.009587379924285258,-0.19494339179380024,-0.4282363032847415,-0.4282363032847415,-24,264,27684,-0.1318359375,1.4501953125,152.07275390625,98721.922,305.75,1,1,0,0,6531,583,1456,2922,2922,2922,2922,18221,F4line=6531;YAH=11688
DIRECT_SERIAL,562,1789591991036567166,2026-09-16T20:53:11.036567+00:00,-1,2188274378771,1789591990900000000,1789591990,900000000,2207896,1789591990907976,1789591990900000,2,4,1.7456987074218957,0.8073441519563604,gnss_local_enu_direct,1.7456987074218957,0.8073441519563604,110.4347164,-7.0509127,234.05,0.57,0.849,3,1,16,0,0.0771,170.293,-0.076,0.013,-0.025,0.175,130.041,99.0,10.02,-152.44494454670811,neo3_calibrated_direct,1,-23.8281,22.4731,-29.9805,44.403253861288135,1,-149.25911083126553,yahboom_calibrated_direct+neo3_cross_align,0,-5414,-2194,3837,-0.3237270342112657,-0.5808049069244957,0.6649312239523679,-152.80787995873473,neo3_calibrated_direct:gyro_integral,1,-152.80787995873473,nan,149.61181640625,0.0,-45,-36,1962,-0.2154781494140625,-0.17238251953125,9.394847314453125,9.39889901146948,26,-56,-398,1.5869140625,-3.41796875,-24.2919921875,0.02769687533682408,-0.059654808417774936,-0.4239752455406147,-0.4239752455406147,-9,122,27236,-0.0494384765625,0.670166015625,149.61181640625,98720.703,305.75,1,1,0,0,6539,584,1458,2927,2927,2927,2927,18249,F4line=6539;YAH=11708
DIRECT_SERIAL,563,1789591991140804004,2026-09-16T20:53:11.140804+00:00,-1,2188378615649,1789591991100000000,1789591991,100000000,2208097,1789591991108235,1789591991100000,2,4,1.7346499815884568,0.8073441523491489,gnss_local_enu_direct,1.7346499815884568,0.8073441523491489,110.4347163,-7.0509127,234.05,0.569,0.847,3,1,16,0,0.0754,248.199,-0.028,-0.07,0.02,0.3549,180.0,99.0,10.03,-155.37732216201593,neo3_calibrated_direct,1,-22.4609,22.8394,-30.2246,44.041533423917016,1,-151.58259991026867,yahboom_calibrated_direct+neo3_cross_align,0,-5265,-2270,3884,-0.30246212043706666,-0.5910895141614969,0.6639805328855365,-155.12658279607473,neo3_calibrated_direct:gyro_integral,1,-155.12658279607473,nan,147.2607421875,0.0,-42,1,2050,-0.201112939453125,0.0047884033203125,9.816226806640625,9.818287939484756,7,-14,-370,0.42724609375,-0.8544921875,-22.5830078125,0.007456851052221867,-0.014913702104443734,-0.39414784133172726,-0.39414784133172726,-3,116,26808,-0.0164794921875,0.63720703125,147.2607421875,98724.367,305.75,1,1,0,0,6555,586,1461,2932,2932,2932,2932,18285,F4line=6555;YAH=11728
DIRECT_SERIAL,564,1789591991241441252,2026-09-16T20:53:11.241441+00:00,-1,2188479252847,1789591991200000000,1789591991,200000000,2208197,1789591991208454,1789591991200000,2,4,1.73464997903646,0.8073441510312672,gnss_local_enu_direct,1.73464997903646,0.8073441510312672,110.4347163,-7.0509127,234.04,0.566,0.844,3,1,16,0,0.1225,103.696,-0.029,0.119,0.0,0.338,158.122,99.0,10.03,-157.4218917809973,neo3_calibrated_direct,1,-21.6675,23.4375,-29.9805,43.790722108113265,1,-154.23881057469853,yahboom_calibrated_direct+neo3_cross_align,0,-5109,-2389,3872,-0.280267746953225,-0.6073294241731518,0.6688789422972808,-157.53468744609353,neo3_calibrated_direct:gyro_integral,1,-157.53468744609353,nan,144.82177734375,0.0,6,34,2055,0.028730419921875,0.16280571289062498,9.840168823242188,9.841557478726944,2,-47,-304,0.1220703125,-2.86865234375,-18.5546875,0.0021305288720633907,-0.05006742849348968,-0.32384038855363534,-0.32384038855363534,-12,77,26364,-0.06591796875,0.4229736328125,144.82177734375,98725.281,305.75,1,1,0,0,6563,587,1463,2938,2938,2938,2938,18317,F4line=6563;YAH=11752
DIRECT_SERIAL,565,1789591991360322903,2026-09-16T20:53:11.360323+00:00,-1,2188598134520,1789591991300000000,1789591991,300000000,2208298,1789591991308518,1789591991300000,2,4,1.7346499735747336,0.8184036577830371,gnss_local_enu_direct,1.7346499735747336,0.8184036577830371,110.4347163,-7.0509126,234.02,0.564,0.843,3,1,16,0,0.0418,227.911,-0.028,-0.031,0.004,0.303,180.0,99.0,10.01,-159.6927878388038,neo3_calibrated_direct,1,-20.5566,23.5596,-30.2734,43.521343077621125,1,-155.9274698105449,yahboom_calibrated_direct+neo3_cross_align,0,-4988,-2417,3906,-0.2629394375598343,-0.611001864563927,0.6651769887217066,-159.2020221134563,neo3_calibrated_direct:gyro_integral,1,-159.2020221134563,nan,143.1298828125,0.0,14,14,2061,0.06703764648437499,0.06703764648437499,9.868899243164062,9.869354607258598,12,-45,-256,0.732421875,-2.74658203125,-15.625,0.012783173232380343,-0.04793689962142629,-0.272707695624114,-0.272707695624114,6,28,26056,0.032958984375,0.15380859375,143.1298828125,98723.453,305.75,1,1,0,0,6575,588,1466,2943,2943,2943,2943,18349,F4line=6575;YAH=11772
DIRECT_SERIAL,566,1789591991461438845,2026-09-16T20:53:11.461439+00:00,-1,2188699250432,1789591991400000000,1789591991,400000000,2208397,1789591991408638,1789591991400000,2,4,1.7236012382612478,0.8073441449659322,gnss_local_enu_direct,1.7236012382612478,0.8073441449659322,110.4347162,-7.0509127,233.99,0.562,0.841,3,1,16,0,0.0668,163.465,-0.064,0.019,-0.023,0.159,136.465,99.0,10.02,-162.1367404969872,neo3_calibrated_direct,1,-19.4214,23.8037,-30.127,43.02839807208723,1,-157.88639510583815,yahboom_calibrated_direct+neo3_cross_align,0,-4865,-2506,3908,-0.24543151185528211,-0.6231365159894705,0.6697281124240382,-161.12318971941028,neo3_calibrated_direct:gyro_integral,1,-161.12318971941028,nan,141.2127685546875,0.0,24,0,2018,0.1149216796875,0.0,9.662997900390625,9.663681255888763,44,-71,-271,2.685546875,-4.33349609375,-16.54052734375,0.04687163518539459,-0.07563377495825037,-0.28868666216458944,-0.28868666216458944,48,-62,25707,0.263671875,-0.340576171875,141.2127685546875,98720.703,305.75,1,1,0,0,6586,589,1469,2949,2949,2949,2949,18384,F4line=6586;YAH=11796
DIRECT_SERIAL,567,1789591991570885132,2026-09-16T20:53:11.570885+00:00,-1,2188808696898,1789591991500000000,1789591991,500000000,2208498,1789591991508703,1789591991500000,2,4,1.7236012357092505,0.8073441437635853,gnss_local_enu_direct,1.7236012357092505,0.8073441437635853,110.4347162,-7.0509127,233.98,0.56,0.839,3,1,16,0,0.0756,117.582,-0.035,0.067,-0.016,0.306,180.0,99.0,10.0,-163.57686408678472,neo3_calibrated_direct,1,-18.75,23.9258,-30.3223,42.9353966201548,1,-159.5780097390924,yahboom_calibrated_direct+neo3_cross_align,0,-4739,-2530,3947,-0.2273780583988243,-0.6262450047292718,0.6662458910864553,-162.6973239579367,neo3_calibrated_direct:gyro_integral,1,-162.6973239579367,nan,139.6142578125,0.0,34,7,2032,0.16280571289062498,0.033518823242187495,9.730035546875,9.731455233165923,4,2,-250,0.244140625,0.1220703125,-15.2587890625,0.004261057744126781,0.0021305288720633907,-0.2663161090079238,-0.2663161090079238,70,-89,25416,0.384521484375,-0.4888916015625,139.6142578125,98723.141,305.75,1,1,0,0,6595,590,1471,2954,2954,2954,2954,18413,F4line=6595;YAH=11816
DIRECT_SERIAL,568,1789591991679641059,2026-09-16T20:53:11.679641+00:00,-1,2188917452662,1789591991600000000,1789591991,600000000,2208596,1789591991607690,1789591991600000,2,4,1.7125525034176974,0.8073441402510508,gnss_local_enu_direct,1.7125525034176974,0.8073441402510508,110.4347161,-7.0509127,233.95,0.558,0.838,3,1,16,0,0.0881,254.859,-0.023,-0.085,0.043,0.357,180.0,99.0,10.03,-165.55794198139415,neo3_calibrated_direct,1,-17.8223,24.0601,-30.2979,42.5967784428588,1,-160.65337723082055,yahboom_calibrated_direct+neo3_cross_align,0,-4664,-2559,3961,-0.21665791465652096,-0.6301373826942027,0.6663435848359406,-164.06083956261406,neo3_calibrated_direct:gyro_integral,1,-164.06083956261406,nan,138.2244873046875,0.0,26,26,2063,0.12449848632812499,0.12449848632812499,9.878476049804688,9.880044980300484,-10,-19,-200,-0.6103515625,-1.15966796875,-12.20703125,-0.010652644360316953,-0.02024002428460221,-0.21305288720633905,-0.21305288720633905,71,-95,25163,0.3900146484375,-0.5218505859375,138.2244873046875,98723.141,305.75,1,1,0,0,6613,591,1474,2959,2959,2959,2959,18451,F4line=6613;YAH=11836
DIRECT_SERIAL,569,1789591991780477062,2026-09-16T20:53:11.780477+00:00,-1,2189018288624,1789591991700000000,1789591991,700000000,2208697,1789591991707820,1789591991700000,2,4,1.7125524974735586,0.796284628641572,gnss_local_enu_direct,1.7125524974735586,0.796284628641572,110.4347161,-7.0509128,233.93,0.557,0.838,3,1,16,0,0.0341,130.236,-0.022,0.026,0.025,0.221,180.0,99.0,10.01,-167.17731716917422,neo3_calibrated_direct,1,-17.1021,24.3164,-30.127,42.32499571612501,1,-162.024561311018,yahboom_calibrated_direct+neo3_cross_align,0,-4568,-2595,3934,-0.2029341547195395,-0.6349641899605832,0.6666046757141999,-165.35184454765906,neo3_calibrated_direct:gyro_integral,1,-165.35184454765906,nan,136.9171142578125,0.0,15,23,2033,0.0718260498046875,0.11013327636718749,9.734823950195311,9.735711872343499,-5,-39,-173,-0.30517578125,-2.38037109375,-10.55908203125,-0.005326322180158476,-0.04154531300523612,-0.18429074743348328,-0.18429074743348328,62,-132,24925,0.340576171875,-0.72509765625,136.9171142578125,98724.672,305.75,1,1,0,0,6627,592,1477,2965,2965,2965,2965,18489,F4line=6627;YAH=11860
DIRECT_SERIAL,570,1789591991885855151,2026-09-16T20:53:11.885855+00:00,-1,2189123666749,1789591991800000000,1789591991,800000000,2208796,1789591991807927,1789591991800000,2,4,1.7125524923695643,0.7962846260058087,gnss_local_enu_direct,1.7125524923695643,0.7962846260058087,110.4347161,-7.0509128,233.91,0.555,0.837,3,1,16,0,0.0205,223.025,-0.015,-0.014,-0.006,0.242,180.0,99.0,10.03,-168.20101925383284,neo3_calibrated_direct,1,-16.6016,24.2798,-30.2002,42.1565403068136,1,-163.2723103054892,yahboom_calibrated_direct+neo3_cross_align,0,-4477,-2615,3939,-0.18990025408074804,-0.6375792965791649,0.6652589465210637,-166.44486596983745,neo3_calibrated_direct:gyro_integral,1,-166.44486596983745,nan,135.823974609375,0.0,29,18,2050,0.1388636962890625,0.086191259765625,9.816226806640625,9.817587319643103,-1,3,-178,-0.06103515625,0.18310546875,-10.8642578125,-0.0010652644360316954,0.0031957933080950856,-0.18961706961364175,-0.18961706961364175,59,-146,24726,0.3240966796875,-0.802001953125,135.823974609375,98721.617,305.75,1,1,0,0,6637,593,1479,2970,2970,2970,2970,18519,F4line=6637;YAH=11880
DIRECT_SERIAL,571,1789591991998935397,2026-09-16T20:53:11.998935+00:00,-1,2189236747024,1789591991900000000,1789591991,900000000,2208897,1789591991907976,1789591991900000,2,4,1.7125524807738777,0.7852251119601302,gnss_local_enu_direct,1.7125524807738777,0.7852251119601302,110.4347161,-7.0509129,233.87,0.554,0.837,3,1,16,0,0.053,148.109,-0.045,0.028,0.032,0.194,180.0,99.0,10.01,-169.588988182055,neo3_calibrated_direct,1,-15.9668,24.4263,-30.1514,41.96057382698668,1,-163.8818445931362,yahboom_calibrated_direct+neo3_cross_align,0,-4437,-2641,3930,-0.18420142739435483,-0.641117075037815,0.6670541730318169,-167.57975618584106,neo3_calibrated_direct:gyro_integral,1,-167.57975618584106,nan,134.681396484375,0.0,40,10,2064,0.19153613281249998,0.047884033203124995,9.883264453125,9.885236224856378,0,-23,-189,0.0,-1.40380859375,-11.53564453125,0.0,-0.024501082028728992,-0.2013349784099904,-0.2013349784099904,67,-161,24518,0.3680419921875,-0.8843994140625,134.681396484375,98721.922,305.75,1,1,0,0,6648,594,1482,2975,2975,2975,2975,18550,F4line=6648;YAH=11900
DIRECT_SERIAL,572,1789591992099394780,2026-09-16T20:53:12.099395+00:00,-1,2189337206347,1789591992000000000,1789591992,0,2209004,1789591992015757,1789591992000000,2,4,1.7125524755586876,0.7852251094283527,gnss_local_enu_direct,1.7125524755586876,0.7852251094283527,110.4347161,-7.0509129,233.85,0.553,0.838,3,1,16,0,0.0583,112.166,-0.022,0.054,-0.061,0.322,180.0,99.0,9.91,-171.38816346624563,neo3_calibrated_direct,1,-15.1245,24.5117,-30.0293,41.60928737229226,1,-165.08543978414133,yahboom_calibrated_direct+neo3_cross_align,0,-4352,-2671,3936,-0.17204687367011193,-0.6451305932352461,0.6676777733815318,-168.90653736614257,neo3_calibrated_direct:gyro_integral,1,-168.90653736614257,nan,133.3465576171875,0.0,45,1,2042,0.2154781494140625,0.0047884033203125,9.777919580078125,9.780294733603709,8,-37,-170,0.48828125,-2.25830078125,-10.3759765625,0.008522115488253563,-0.039414784133172724,-0.1810949541253882,-0.1810949541253882,76,-201,24275,0.41748046875,-1.1041259765625,133.3465576171875,98724.977,306.0,1,1,0,0,6661,595,1485,2981,2981,2981,2981,18587,F4line=6661;YAH=11924
DIRECT_SERIAL,573,1789591992210867256,2026-09-16T20:53:12.210867+00:00,-1,2189448678825,1789591992100000000,1789591992,100000000,2209096,1789591992106928,1789591992100000,2,4,1.7125524727140995,0.7741655992837966,gnss_local_enu_direct,1.7125524727140995,0.7741655992837966,110.4347161,-7.050913,233.84,0.553,0.838,3,1,16,0,0.0621,146.821,-0.052,0.034,0.003,0.226,180.0,99.0,10.05,-172.2603624829578,neo3_calibrated_direct,1,-14.7095,24.4995,-30.1758,41.55928050556217,1,-166.1010256473503,yahboom_calibrated_direct+neo3_cross_align,0,-4275,-2674,3923,-0.16099362488943167,-0.6454110947352851,0.6651875137601714,-169.8428133337297,neo3_calibrated_direct:gyro_integral,1,-169.8428133337297,nan,132.396240234375,0.0,32,23,2054,0.15322890625,0.11013327636718749,9.835380419921874,9.837190474970814,-5,-21,-143,-0.30517578125,-1.28173828125,-8.72802734375,-0.005326322180158476,-0.022370553156665602,-0.15233281435253243,-0.15233281435253243,79,-227,24102,0.4339599609375,-1.2469482421875,132.396240234375,98724.062,306.0,1,1,0,0,6669,596,1487,2986,2986,2986,2986,18615,F4line=6669;YAH=11944
DIRECT_SERIAL,574,1789591992318286671,2026-09-16T20:53:12.318287+00:00,-1,2189556098269,1789591992200000000,1789591992,200000000,2209197,1789591992208436,1789591992200000,2,4,1.7125524671737478,0.7741655968591461,gnss_local_enu_direct,1.7125524671737478,0.7741655968591461,110.4347161,-7.050913,233.82,0.553,0.838,3,1,16,0,0.0256,59.421,0.013,0.022,0.011,0.288,180.0,99.0,10.03,-173.55177919352556,neo3_calibrated_direct,1,-14.1235,24.707,-29.7852,41.195475968727436,1,-166.86492168572886,yahboom_calibrated_direct+neo3_cross_align,0,-4220,-2688,3941,-0.15311936601383716,-0.6472570182410139,0.6651219346185537,-170.6008954918748,neo3_calibrated_direct:gyro_integral,1,-170.6008954918748,nan,131.6217041015625,0.0,41,31,2038,0.19632453613281248,0.1484405029296875,9.758765966796874,9.761869242164162,4,-35,-116,0.244140625,-2.13623046875,-7.080078125,0.004261057744126781,-0.03728425526110934,-0.12357067457967666,-0.12357067457967666,78,-258,23961,0.428466796875,-1.417236328125,131.6217041015625,98723.141,306.0,1,1,0,0,6681,597,1490,2991,2991,2991,2991,18647,F4line=6681;YAH=11964
DIRECT_SERIAL,575,1789591992419366326,2026-09-16T20:53:12.419366+00:00,-1,2189657177881,1789591992300000000,1789591992,300000000,2209298,1789591992308520,1789591992300000,2,4,1.7125524619585577,0.7741655943273685,gnss_local_enu_direct,1.7125524619585577,0.7741655943273685,110.4347161,-7.050913,233.8,0.553,0.839,3,1,16,0,0.0215,248.199,-0.008,-0.02,0.032,0.314,180.0,99.0,10.01,-174.57513742647714,neo3_calibrated_direct,1,-13.6353,24.6704,-29.9072,41.09733147164181,1,-167.70161773075785,yahboom_calibrated_direct+neo3_cross_align,0,-4154,-2675,3970,-0.1436176810634569,-0.6453364045227173,0.6611241285237993,-171.32835549956337,neo3_calibrated_direct:gyro_integral,1,-171.32835549956337,nan,130.8746337890625,0.0,58,30,2053,0.277727392578125,0.143652099609375,9.830592016601562,9.835563421948983,-12,-4,-76,-0.732421875,-0.244140625,-4.638671875,-0.012783173232380343,-0.004261057744126781,-0.08096009713840883,-0.08096009713840883,94,-271,23825,0.516357421875,-1.4886474609375,130.8746337890625,98723.141,306.0,1,1,0,0,6692,598,1493,2997,2997,2997,2997,18682,F4line=6692;YAH=11988
DIRECT_SERIAL,576,1789591992531127478,2026-09-16T20:53:12.531127+00:00,-1,2189768939138,1789591992400000000,1789591992,400000000,2209397,1789591992408603,1789591992400000,2,4,1.723601180292249,0.7741655915487776,gnss_local_enu_direct,1.723601180292249,0.7741655915487776,110.4347162,-7.050913,233.78,0.553,0.84,3,1,16,0,0.035,120.964,-0.018,0.03,0.012,0.308,180.0,99.0,10.02,-174.93483614319507,neo3_calibrated_direct,1,-13.4644,24.6582,-29.8584,40.99806026094405,1,-167.92232967546633,yahboom_calibrated_direct+neo3_cross_align,0,-4138,-2678,3924,-0.1413250950258951,-0.6457245245556316,0.661009034807146,-171.73575201769145,neo3_calibrated_direct:gyro_integral,1,-171.73575201769145,nan,130.462646484375,0.0,59,-2,2060,0.2825157958984375,-0.009576806640625,9.86411083984375,9.86816039345128,-12,-27,-70,-0.732421875,-1.64794921875,-4.2724609375,-0.012783173232380343,-0.02876213977285577,-0.07456851052221868,-0.07456851052221868,84,-291,23750,0.46142578125,-1.5985107421875,130.462646484375,98722.531,306.0,1,1,0,0,6701,599,1495,3002,3002,3002,3002,18711,F4line=6701;YAH=12008
DIRECT_SERIAL,577,1789591992633011360,2026-09-16T20:53:12.633011+00:00,-1,2189870823019,1789591992500000000,1789591992,500000000,2209498,1789591992508783,1789591992500000,2,4,1.723601175077059,0.774165589132535,gnss_local_enu_direct,1.723601175077059,0.774165589132535,110.4347162,-7.050913,233.76,0.553,0.84,3,1,16,0,0.0108,248.199,-0.004,-0.01,-0.057,0.224,180.0,99.0,10.01,-175.78021319648977,neo3_calibrated_direct,1,-13.0737,24.7681,-29.541,40.70689241762383,1,-168.48008974596013,yahboom_calibrated_direct+neo3_cross_align,0,-4095,-2672,3945,-0.13513896044964352,-0.6448159666215141,0.6588248397271067,-172.19939050176063,neo3_calibrated_direct:gyro_integral,1,-172.19939050176063,nan,130.001220703125,0.0,61,-6,2039,0.2920926025390625,-0.028730419921875,9.763554370117188,9.76796485782588,-21,-4,-80,-1.28173828125,-0.244140625,-4.8828125,-0.022370553156665602,-0.004261057744126781,-0.08522115488253562,-0.08522115488253562,63,-307,23666,0.3460693359375,-1.6864013671875,130.001220703125,98721.617,305.75,1,1,0,0,6719,600,1498,3007,3007,3007,3007,18749,F4line=6719;YAH=12028
DIRECT_SERIAL,578,1789591992733246500,2026-09-16T20:53:12.733247+00:00,-1,2189971058234,1789591992600000000,1789591992,600000000,2209596,1789591992607727,1789591992600000,2,4,1.723601169244116,0.7631060779967449,gnss_local_enu_direct,1.723601169244116,0.7631060779967449,110.4347162,-7.0509131,233.74,0.553,0.841,3,1,16,0,0.0532,131.186,-0.035,0.04,0.056,0.242,180.0,99.0,10.04,-176.21421008147576,neo3_calibrated_direct,1,-12.8662,24.7314,-29.7363,40.760627891262914,1,-169.1117174248309,yahboom_calibrated_direct+neo3_cross_align,0,-4054,-2706,3898,-0.1293106302471828,-0.6494622417614293,0.6622102706608415,-172.77713459135936,neo3_calibrated_direct:gyro_integral,1,-172.77713459135936,nan,129.429931640625,0.0,82,25,2034,0.39264907226562495,0.1197100830078125,9.739612353515625,9.748258951970806,12,3,-105,0.732421875,0.18310546875,-6.40869140625,0.012783173232380343,0.0031957933080950856,-0.111852765783328,-0.111852765783328,66,-310,23562,0.362548828125,-1.702880859375,129.429931640625,98720.398,305.75,1,1,0,0,6729,601,1500,3012,3012,3012,3012,18779,F4line=6729;YAH=12048
DIRECT_SERIAL,579,1789591992833781258,2026-09-16T20:53:12.833781+00:00,-1,2190071592869,1789591992700000000,1789591992,700000000,2209697,1789591992707909,1789591992700000,2,4,1.7236011641401219,0.7631060755920515,gnss_local_enu_direct,1.7236011641401219,0.7631060755920515,110.4347162,-7.0509131,233.72,0.553,0.842,3,1,16,0,0.106,270.0,0.0,-0.106,0.001,0.3961,180.0,99.0,10.02,-176.9167629576226,neo3_calibrated_direct,1,-12.5366,24.7681,-29.7119,40.662293575006316,1,-169.27380769268953,yahboom_calibrated_direct+neo3_cross_align,0,-4039,-2690,3890,-0.12712814110500611,-0.6472152563487534,0.6595825591322113,-173.40079099577818,neo3_calibrated_direct:gyro_integral,1,-173.40079099577818,nan,128.8037109375,0.0,76,20,2057,0.36391865234375,0.09576806640624999,9.849745629882811,9.856931433334738,-2,21,-100,-0.1220703125,1.28173828125,-6.103515625,-0.0021305288720633907,0.022370553156665602,-0.10652644360316953,-0.10652644360316953,69,-284,23448,0.3790283203125,-1.56005859375,128.8037109375,98724.977,305.75,1,1,0,0,6742,602,1503,3017,3017,3017,3017,18812,F4line=6742;YAH=12068
DIRECT_SERIAL,580,1789591992934090390,2026-09-16T20:53:12.934091+00:00,-1,2190171902030,1789591992800000000,1789591992,800000000,2209796,1789591992808082,1789591992800000,2,4,1.7236011611517674,0.7631060743697478,gnss_local_enu_direct,1.7236011611517674,0.7631060743697478,110.4347162,-7.0509131,233.71,0.554,0.842,3,1,16,0,0.0923,72.35,0.028,0.088,0.041,0.316,180.0,99.0,10.03,-177.50525162852657,neo3_calibrated_direct,1,-12.2559,24.6948,-29.7119,40.53192856822878,1,-169.64733608890256,yahboom_calibrated_direct+neo3_cross_align,0,-4012,-2695,3848,-0.12325929190173032,-0.6478615349908625,0.6594826923891427,-173.97350187084155,neo3_calibrated_direct:gyro_integral,1,-173.97350187084155,nan,128.221435546875,0.0,71,12,2060,0.3399766357421875,0.05746083984375,9.86411083984375,9.870135182543809,-8,0,-93,-0.48828125,0.0,-5.67626953125,-0.008522115488253563,0.0,-0.09906959255094766,-0.09906959255094766,67,-277,23342,0.3680419921875,-1.5216064453125,128.221435546875,98721.008,305.75,1,1,0,0,6752,603,1505,3022,3022,3022,3022,18842,F4line=6752;YAH=12088
DIRECT_SERIAL,581,1789591993036743381,2026-09-16T20:53:13.036743+00:00,-1,2190274554994,1789591992900000000,1789591992,900000000,2209897,1789591992908177,1789591992900000,2,4,1.734649879329215,0.763106070369919,gnss_local_enu_direct,1.734649879329215,0.763106070369919,110.4347163,-7.0509131,233.68,0.554,0.843,3,1,16,0,0.051,178.877,-0.051,0.001,0.057,0.206,180.0,99.0,10.01,-178.26061080108582,neo3_calibrated_direct,1,-11.8958,24.5117,-29.8584,40.42100376153467,1,-169.85281185099822,yahboom_calibrated_direct+neo3_cross_align,0,-3995,-2685,3862,-0.12080015334498008,-0.6464437167913307,0.6576337552370323,-174.55087318633022,neo3_calibrated_direct:gyro_integral,1,-174.55087318633022,nan,127.6446533203125,0.0,50,21,2055,0.239420166015625,0.1005564697265625,9.840168823242188,9.843594673157076,-15,-10,-95,-0.91552734375,-0.6103515625,-5.79833984375,-0.01597896654047543,-0.010652644360316953,-0.10120012142301105,-0.10120012142301105,63,-282,23237,0.3460693359375,-1.549072265625,127.6446533203125,98721.617,305.75,1,1,0,0,6762,604,1508,3027,3027,3027,3027,18872,F4line=6762;YAH=12108
DIRECT_SERIAL,582,1789591993137426601,2026-09-16T20:53:13.137427+00:00,-1,2190375238200,1789591993100000000,1789591993,100000000,2210095,1789591993106472,1789591993100000,2,4,1.734649865102906,0.7409870469852877,gnss_local_enu_direct,1.734649865102906,0.7409870469852877,110.4347163,-7.0509133,233.63,0.554,0.843,3,1,16,0,0.0262,319.635,0.02,-0.017,0.023,0.27,180.0,99.0,10.07,-179.06942418077432,neo3_calibrated_direct,1,-11.5173,24.4507,-29.8096,40.23800668447681,1,-170.42542493368873,yahboom_calibrated_direct+neo3_cross_align,0,-3953,-2688,3852,-0.11477351433494154,-0.6467859666299047,0.6568904370000931,-175.20782270818174,neo3_calibrated_direct:gyro_integral,1,-175.20782270818174,nan,126.9744873046875,0.0,65,18,2048,0.3112462158203125,0.086191259765625,9.80665,9.8119665390085,-7,-13,-75,-0.42724609375,-0.79345703125,-4.57763671875,-0.007456851052221867,-0.01384843766841204,-0.07989483270237714,-0.07989483270237714,55,-301,23115,0.3021240234375,-1.6534423828125,126.9744873046875,98725.891,305.75,1,1,0,0,6781,606,1511,3033,3033,3033,3033,18915,F4line=6781;YAH=12132
DIRECT_SERIAL,583,1789591993244654800,2026-09-16T20:53:13.244655+00:00,-1,2190482466372,1789591993200000000,1789591993,200000000,2210196,1789591993207914,1789591993200000,2,4,1.745698584634474,0.7409870442550187,gnss_local_enu_direct,1.745698584634474,0.7409870442550187,110.4347164,-7.0509133,233.61,0.554,0.844,3,1,16,0,0.0803,103.69,-0.019,0.078,0.014,0.342,180.0,99.0,10.05,-179.5800385441516,neo3_calibrated_direct,1,-11.2793,24.4629,-29.7363,40.12360430706593,1,-171.06256501011407,yahboom_calibrated_direct+neo3_cross_align,0,-3908,-2713,3838,-0.10835483630021281,-0.6501761412823968,0.6591432205845047,-175.5812502108672,neo3_calibrated_direct:gyro_integral,1,-175.5812502108672,nan,126.595458984375,0.0,67,10,2044,0.32082302246093747,0.047884033203124995,9.787496386718749,9.79287015192223,-8,-14,-54,-0.48828125,-0.8544921875,-3.2958984375,-0.008522115488253563,-0.014913702104443734,-0.05752427954571154,-0.05752427954571154,53,-323,23046,0.2911376953125,-1.7742919921875,126.595458984375,98723.758,305.75,1,1,0,0,6791,607,1513,3038,3038,3038,3038,18945,F4line=6791;YAH=12152
DIRECT_SERIAL,584,1789591993356041808,2026-09-16T20:53:13.356042+00:00,-1,2190593853516,1789591993300000000,1789591993,300000000,2210297,1789591993307915,1789591993300000,2,4,1.7456985789043007,0.729927533566678,gnss_local_enu_direct,1.7456985789043007,0.729927533566678,110.4347164,-7.0509134,233.59,0.555,0.844,3,1,16,0,0.0406,279.926,0.007,-0.04,0.007,0.3679,180.0,99.0,10.02,179.91007174861673,neo3_calibrated_direct,1,-11.0413,24.4629,-29.6631,40.00304093078425,1,-171.18350445667303,yahboom_calibrated_direct+neo3_cross_align,0,-3897,-2702,3881,-0.10675563803732871,-0.6486301258973896,0.6573566813187651,-175.9328615187285,neo3_calibrated_direct:gyro_integral,1,-175.9328615187285,nan,126.243896484375,0.0,68,7,2047,0.32561142578124996,0.033518823242187495,9.801861596679688,9.807325684026962,-10,6,-61,-0.6103515625,0.3662109375,-3.72314453125,-0.010652644360316953,0.006391586616190171,-0.06498113059793341,-0.06498113059793341,47,-327,22982,0.2581787109375,-1.7962646484375,126.243896484375,98726.5,305.75,1,1,0,0,6803,608,1516,3043,3043,3043,3043,18977,F4line=6803;YAH=12172
DIRECT_SERIAL,585,1789591993456358817,2026-09-16T20:53:13.456359+00:00,-1,2190694170378,1789591993400000000,1789591993,400000000,2210396,1789591993408086,1789591993400000,2,4,1.7567472975957241,0.7188680224403683,gnss_local_enu_direct,1.7567472975957241,0.7188680224403683,110.4347165,-7.0509135,233.57,0.555,0.844,3,1,16,0,0.0179,153.435,-0.016,0.008,0.046,0.222,180.0,99.0,10.04,179.29830575868436,neo3_calibrated_direct,1,-10.7544,24.4873,-29.6387,39.921642229998504,1,-171.4699855727023,yahboom_calibrated_direct+neo3_cross_align,0,-3874,-2696,3842,-0.10344185190144387,-0.6477568527281492,0.6559642955078252,-176.42337229271524,neo3_calibrated_direct:gyro_integral,1,-176.42337229271524,nan,125.760498046875,0.0,76,0,2038,0.36391865234375,0.0,9.758765966796874,9.765549138693462,-13,-16,-79,-0.79345703125,-0.9765625,-4.82177734375,-0.01384843766841204,-0.017044230976507126,-0.08415589044650393,-0.08415589044650393,34,-347,22894,0.186767578125,-1.9061279296875,125.760498046875,98724.977,305.75,1,1,0,0,6814,609,1519,3049,3049,3049,3048,19011,F4line=6814;YAH=12195
DIRECT_SERIAL,586,1789591993556445134,2026-09-16T20:53:13.556445+00:00,-1,2190794256798,1789591993500000000,1789591993,500000000,2210497,1789591993508198,1789591993500000,2,4,1.7677960203296124,0.7188680208137268,gnss_local_enu_direct,1.7677960203296124,0.7188680208137268,110.4347166,-7.0509135,233.56,0.555,0.844,3,1,16,0,0.0054,248.199,-0.002,-0.005,-0.019,0.197,180.0,99.0,10.02,178.78564730872765,neo3_calibrated_direct,1,-10.5164,24.4019,-29.6875,39.842126559961635,1,-172.11967600236693,yahboom_calibrated_direct+neo3_cross_align,0,-3827,-2719,3881,-0.09673241054619074,-0.6508659336742765,0.6580149108247961,-177.04102525157657,neo3_calibrated_direct:gyro_integral,1,-177.04102525157657,nan,125.15625,0.0,74,0,2062,0.354341845703125,0.0,9.873687646484374,9.880043819941005,-14,-10,-117,-0.8544921875,-0.6103515625,-7.14111328125,-0.014913702104443734,-0.010652644360316953,-0.12463593901570835,-0.12463593901570835,25,-359,22784,0.1373291015625,-1.9720458984375,125.15625,98724.367,305.75,1,1,0,0,6823,610,1521,3054,3054,3054,3054,19041,F4line=6823;YAH=12216
DIRECT_SERIAL,587,1789591993656467790,2026-09-16T20:53:13.656468+00:00,-1,2190894279356,1789591993600000000,1789591993,600000000,2210596,1789591993607907,1789591993600000,2,4,1.778844739346197,0.70780850958029,gnss_local_enu_direct,1.778844739346197,0.70780850958029,110.4347167,-7.0509136,233.54,0.556,0.844,3,1,16,0,0.0993,115.017,-0.042,0.09,0.036,0.319,180.0,99.0,10.03,178.17972218334353,neo3_calibrated_direct,1,-10.2295,24.4873,-29.541,39.71071911386144,1,-172.48583302635996,yahboom_calibrated_direct+neo3_cross_align,0,-3800,-2729,3861,-0.09287238253413423,-0.6522061253910785,0.6587853287947522,-177.87141878636652,neo3_calibrated_direct:gyro_integral,1,-177.87141878636652,nan,124.34326171875,0.0,77,-4,2051,0.3687070556640625,-0.01915361328125,9.821015209960937,9.827952559311745,2,-31,-147,0.1220703125,-1.89208984375,-8.97216796875,0.0021305288720633907,-0.03302319751698255,-0.1565938720966592,-0.1565938720966592,23,-378,22636,0.1263427734375,-2.076416015625,124.34326171875,98724.367,305.75,1,1,0,0,6839,611,1523,3059,3059,3059,3059,19077,F4line=6839;YAH=12236
DIRECT_SERIAL,588,1789591993775171344,2026-09-16T20:53:13.775171+00:00,-1,2191012983293,1789591993700000000,1789591993,700000000,2210697,1789591993708246,1789591993700000,2,4,1.7898934566835,0.696748997762095,gnss_local_enu_direct,1.7898934566835,0.696748997762095,110.4347168,-7.0509137,233.51,0.556,0.844,3,1,16,0,0.0493,107.7,-0.015,0.047,0.08,0.243,180.0,99.0,10.01,176.76686429876847,neo3_calibrated_direct,1,-9.57031,24.4019,-29.4922,39.456728424263716,1,-173.30451902923454,yahboom_calibrated_direct+neo3_cross_align,0,-3738,-2739,3865,-0.08398574475143597,-0.6534845687693458,0.6588593832838014,-178.73529075670442,neo3_calibrated_direct:gyro_integral,1,-178.73529075670442,nan,123.475341796875,0.0,94,2,2037,0.45010991210937495,0.009576806640625,9.753977563476562,9.76436218895063,11,-28,-140,0.67138671875,-1.708984375,-8.544921875,0.011717908796348648,-0.029827404208887468,-0.14913702104443735,-0.14913702104443735,37,-416,22478,0.2032470703125,-2.28515625,123.475341796875,98723.141,305.75,1,1,0,0,6852,612,1526,3064,3064,3064,3064,19110,F4line=6852;YAH=12256
DIRECT_SERIAL,589,1789591993875315286,2026-09-16T20:53:13.875315+00:00,-1,2191113126849,1789591993800000000,1789591993,800000000,2210797,1789591993808418,1789591993800000,2,4,1.8009421727903563,0.696748994020635,gnss_local_enu_direct,1.8009421727903563,0.696748994020635,110.4347169,-7.0509137,233.48,0.557,0.844,3,1,16,0,0.0318,43.727,0.023,0.022,-0.044,0.257,180.0,99.0,10.01,175.7812575335594,neo3_calibrated_direct,1,-9.10034,24.4751,-29.1504,39.13556602740786,1,-174.10358149385735,yahboom_calibrated_direct+neo3_cross_align,0,-3676,-2734,3833,-0.07507264339507988,-0.6526812729235336,0.6569845856726084,-179.64586582158475,neo3_calibrated_direct:gyro_integral,1,-179.64586582158475,nan,122.7117919921875,0.0,88,-6,2053,0.4213794921875,-0.028730419921875,9.830592016601562,9.839660843257528,2,-25,-132,0.1220703125,-1.52587890625,-8.056640625,0.0021305288720633907,-0.02663161090079238,-0.14061490555618378,-0.14061490555618378,48,-446,22339,0.263671875,-2.449951171875,122.7117919921875,98721.922,305.75,1,1,0,0,6863,613,1529,3070,3070,3069,3069,19143,F4line=6863;YAH=12278
DIRECT_SERIAL,590,1789591993975440841,2026-09-16T20:53:13.975441+00:00,-1,2191213252398,1789591993900000000,1789591993,900000000,2210898,1789591993908517,1789591993900000,2,4,1.8009421667350214,0.6856894834394214,gnss_local_enu_direct,1.8009421667350214,0.6856894834394214,110.4347169,-7.0509138,233.46,0.557,0.844,3,1,16,0,0.0919,210.75,-0.079,-0.047,0.004,0.193,120.317,99.0,9.99,174.82946564072148,neo3_calibrated_direct,1,-8.6731,24.2432,-29.3945,39.076745515715615,1,-175.03795250345846,yahboom_calibrated_direct+neo3_cross_align,0,-3604,-2729,3885,-0.06472336781854043,-0.6518603346952829,0.6550656534201899,179.56520491932147,neo3_calibrated_direct:gyro_integral,1,179.56520491932147,nan,121.7449951171875,0.0,83,15,2038,0.39743747558593745,0.0718260498046875,9.758765966796874,9.767119776225927,13,-33,-105,0.79345703125,-2.01416015625,-6.40869140625,0.01384843766841204,-0.035153726389045944,-0.111852765783328,-0.111852765783328,72,-480,22163,0.3955078125,-2.63671875,121.7449951171875,98721.312,305.75,1,1,0,0,6872,614,1531,3075,3075,3075,3075,19174,F4line=6872;YAH=12300
DIRECT_SERIAL,591,1789591994075445846,2026-09-16T20:53:14.075446+00:00,-1,2191313257435,1789591994000000000,1789591994,0,2211004,1789591994015259,1789591994000000,2,4,1.8009421581276897,0.674629971886931,gnss_local_enu_direct,1.8009421581276897,0.674629971886931,110.4347169,-7.0509139,233.43,0.557,0.84,3,1,16,0,0.1072,93.209,-0.006,0.107,0.038,0.314,167.855,99.0,9.91,173.87960493126468,neo3_calibrated_direct,1,-8.21533,24.3286,-29.3457,38.994134603282326,1,-175.71117429988865,yahboom_calibrated_direct+neo3_cross_align,0,-3553,-2734,3878,-0.0574077004868246,-0.6524642716195396,0.6549849386170656,179.39938647358036,neo3_calibrated_direct:gyro_integral,1,179.39938647358036,nan,121.519775390625,0.0,73,2,2034,0.3495534423828125,0.009576806640625,9.739612353515625,9.745887754384475,-2,-22,21,-0.1220703125,-1.3427734375,1.28173828125,-0.0021305288720633907,-0.023435817592697295,0.022370553156665602,0.022370553156665602,81,-510,22122,0.4449462890625,-2.801513671875,121.519775390625,98723.141,305.75,1,1,0,0,6884,615,1534,3080,3080,3080,3080,19206,F4line=6884;YAH=12320
DIRECT_SERIAL,592,1789591994175748333,2026-09-16T20:53:14.175748+00:00,-1,2191413559943,1789591994100000000,1789591994,100000000,2211096,1789591994107463,1789591994100000,2,4,1.8009421460956454,0.6635704594387843,gnss_local_enu_direct,1.8009421460956454,0.6635704594387843,110.4347169,-7.050914,233.39,0.556,0.837,3,1,16,0,0.0787,297.216,0.036,-0.07,0.08,0.295,180.0,99.0,10.05,173.84254647363662,neo3_calibrated_direct,1,-8.21533,24.1821,-29.3701,38.92131011963626,1,-175.7691835430268,yahboom_calibrated_direct+neo3_cross_align,0,-3548,-2726,3848,-0.056675499470782084,-0.6513451895088113,0.6538062925183054,179.76780554938583,neo3_calibrated_direct:gyro_integral,1,179.76780554938583,nan,121.8658447265625,0.0,72,5,2043,0.3447650390625,0.023942016601562498,9.782707983398437,9.788810532478715,-14,-14,83,-0.8544921875,-0.8544921875,5.06591796875,-0.014913702104443734,-0.014913702104443734,0.08841694819063071,0.08841694819063071,69,-526,22185,0.3790283203125,-2.889404296875,121.8658447265625,98723.758,305.75,1,1,0,0,6893,616,1536,3085,3085,3085,3085,19235,F4line=6893;YAH=12340
DIRECT_SERIAL,593,1789591994285780055,2026-09-16T20:53:14.285780+00:00,-1,2191523591642,1789591994200000000,1789591994,200000000,2211197,1789591994207754,1789591994200000,2,4,1.811990857567435,0.6525109457652056,gnss_local_enu_direct,1.811990857567435,0.6525109457652056,110.434717,-7.0509141,233.34,0.556,0.834,3,1,16,0,0.0425,113.552,-0.017,0.039,0.045,0.264,180.0,99.0,10.03,174.3094344346016,neo3_calibrated_direct,1,-8.39844,24.5117,-29.3213,39.1292200920693,1,-175.70448277818252,yahboom_calibrated_direct+neo3_cross_align,0,-3553,-2727,3855,-0.05739535081911761,-0.6514927933149692,0.6540161206247066,-179.60471810887742,neo3_calibrated_direct:gyro_integral,1,-179.60471810887742,nan,122.4810791015625,0.0,135,31,2047,0.6464344482421874,0.1484405029296875,9.801861596679688,9.824276199255,-12,-25,107,-0.732421875,-1.52587890625,6.53076171875,-0.012783173232380343,-0.02663161090079238,0.11398329465539139,0.11398329465539139,42,-542,22297,0.230712890625,-2.977294921875,122.4810791015625,98726.5,305.75,1,1,0,0,6906,617,1539,3090,3090,3090,3090,19268,F4line=6906;YAH=12360
DIRECT_SERIAL,594,1789591994393826599,2026-09-16T20:53:14.393826+00:00,-1,2191631638238,1789591994300000000,1789591994,300000000,2211298,1789591994309069,1789591994300000,2,4,1.8119908490387289,0.652510942695926,gnss_local_enu_direct,1.8119908490387289,0.652510942695926,110.434717,-7.0509141,233.31,0.556,0.832,3,1,16,0,0.0722,3.972,0.072,0.005,-0.005,0.14,111.162,99.0,10.01,174.95373159888425,neo3_calibrated_direct,1,-8.70972,24.4629,-29.6387,39.404888485800846,1,-175.21917130583844,yahboom_calibrated_direct+neo3_cross_align,0,-3590,-2727,3869,-0.06270919543379604,-0.6515580701299918,0.654568836673022,-179.00532809612022,neo3_calibrated_direct:gyro_integral,1,-179.00532809612022,nan,123.0908203125,0.0,140,25,2050,0.6703764648437499,0.1197100830078125,9.816226806640625,9.839819298544061,-39,15,98,-2.38037109375,0.91552734375,5.9814453125,-0.04154531300523612,0.01597896654047543,0.10439591473110614,0.10439591473110614,7,-522,22408,0.0384521484375,-2.867431640625,123.0908203125,98724.977,305.75,1,1,0,0,6917,618,1542,3095,3095,3095,3095,19299,F4line=6917;YAH=12380
DIRECT_SERIAL,595,1789591994494470999,2026-09-16T20:53:14.494471+00:00,-1,2191732282592,1789591994400000000,1789591994,400000000,2211398,1789591994409239,1789591994400000,2,4,1.8119908431732155,0.6525109407250073,gnss_local_enu_direct,1.8119908431732155,0.6525109407250073,110.434717,-7.0509141,233.29,0.556,0.831,3,1,16,0,0.0305,121.608,-0.016,0.026,-0.033,0.287,180.0,99.0,10.01,175.4790512018109,neo3_calibrated_direct,1,-8.93555,24.7192,-29.3213,39.37793209568654,1,-174.62410461868552,yahboom_calibrated_direct+neo3_cross_align,0,-3636,-2733,3809,-0.0693261822761026,-0.6524719207788409,0.6561445930233742,-178.26289356511498,neo3_calibrated_direct:gyro_integral,1,-178.26289356511498,nan,123.8323974609375,0.0,105,-35,2062,0.5027823486328125,-0.16759411621093748,9.873687646484374,9.887900971299388,-33,25,102,-2.01416015625,1.52587890625,6.2255859375,-0.035153726389045944,0.02663161090079238,0.10865697247523291,0.10865697247523291,-38,-498,22543,-0.208740234375,-2.735595703125,123.8323974609375,98721.922,305.75,1,1,0,0,6926,619,1544,3101,3101,3101,3101,19332,F4line=6926;YAH=12404
DIRECT_SERIAL,596,1789591994610501410,2026-09-16T20:53:14.610501+00:00,-1,2191848312988,1789591994500000000,1789591994,500000000,2211497,1789591994508294,1789591994500000,2,4,1.8230395545788571,0.641451428249568,gnss_local_enu_direct,1.8230395545788571,0.641451428249568,110.4347171,-7.0509142,233.25,0.556,0.829,3,1,16,0,0.0698,240.866,-0.034,-0.061,0.072,0.276,180.0,99.0,10.02,176.23257455802445,neo3_calibrated_direct,1,-9.28955,24.7925,-29.248,39.45135358200654,1,-173.92018617897756,yahboom_calibrated_direct+neo3_cross_align,0,-3691,-2743,3789,-0.07724278286954961,-0.6539567800316392,0.6585027848496786,-177.59073230181056,neo3_calibrated_direct:gyro_integral,1,-177.59073230181056,nan,124.5025634765625,0.0,103,-45,2046,0.49320554199218747,-0.2154781494140625,9.797073193359374,9.811846192005232,-38,8,115,-2.3193359375,0.48828125,7.01904296875,-0.04048004856920442,0.008522115488253563,0.12250541014364495,0.12250541014364495,-78,-485,22665,-0.428466796875,-2.6641845703125,124.5025634765625,98722.531,305.75,1,1,0,0,6938,620,1547,3106,3106,3106,3106,19364,F4line=6938;YAH=12424
DIRECT_SERIAL,597,1789591994713135895,2026-09-16T20:53:14.713136+00:00,-1,2191950947559,1789591994600000000,1789591994,600000000,2211598,1789591994609513,1789591994600000,2,4,1.8230395515905022,0.6414514271427991,gnss_local_enu_direct,1.8230395515905022,0.6414514271427991,110.4347171,-7.0509142,233.24,0.557,0.829,3,1,16,0,0.0594,46.364,0.041,0.043,-0.003,0.247,180.0,99.0,10.0,177.06494986634226,neo3_calibrated_direct,1,-9.68018,24.9023,-29.3945,39.72237480781329,1,-173.2401613741062,yahboom_calibrated_direct+neo3_cross_align,0,-3745,-2757,3762,-0.0850228229939537,-0.655995005505948,0.661481917877284,-176.9630567551782,neo3_calibrated_direct:gyro_integral,1,-176.9630567551782,nan,125.1397705078125,0.0,99,-21,2057,0.4740519287109375,-0.1005564697265625,9.849745629882811,9.861659384105394,-64,18,99,-3.90625,1.0986328125,6.04248046875,-0.0681769239060285,0.019174759848570515,0.10546117916713783,0.10546117916713783,-135,-473,22781,-0.7415771484375,-2.5982666015625,125.1397705078125,98724.672,305.75,1,1,0,0,6955,621,1550,3111,3111,3111,3111,19401,F4line=6955;YAH=12444
DIRECT_SERIAL,598,1789591994813316076,2026-09-16T20:53:14.813316+00:00,-1,2192051127672,1789591994700000000,1789591994,700000000,2211697,1789591994708567,1789591994700000,2,4,1.8340882641940206,0.6303919149467517,gnss_local_enu_direct,1.8340882641940206,0.6303919149467517,110.4347172,-7.0509143,233.2,0.557,0.828,3,1,16,0,0.0555,256.464,-0.013,-0.054,-0.007,0.334,180.0,99.0,10.02,177.49929749645705,neo3_calibrated_direct,1,-9.88159,25.0244,-29.1992,39.70465585958529,1,-172.9487441577963,yahboom_calibrated_direct+neo3_cross_align,0,-3771,-2786,3722,-0.0888080388755022,-0.6600655715335083,0.666013082824031,-176.7115303937284,neo3_calibrated_direct:gyro_integral,1,-176.7115303937284,nan,125.4364013671875,0.0,84,-4,1963,0.40222587890625,-0.01915361328125,9.399635717773437,9.40825723210233,21,-16,-2,1.28173828125,-0.9765625,-0.1220703125,0.022370553156665602,-0.017044230976507126,-0.0021305288720633907,-0.0021305288720633907,-175,-462,22835,-0.9613037109375,-2.537841796875,125.4364013671875,98726.5,305.75,1,1,0,0,6966,622,1552,3117,3117,3116,3116,19434,F4line=6966;YAH=12466
DIRECT_SERIAL,599,1789591994913400810,2026-09-16T20:53:14.913401+00:00,-1,2192151212390,1789591994800000000,1789591994,800000000,2211798,1789591994808727,1789591994800000,2,4,1.823039537117657,0.6303919143125994,gnss_local_enu_direct,1.823039537117657,0.6303919143125994,110.4347171,-7.0509143,233.19,0.558,0.827,3,1,16,0,0.049,309.207,0.031,-0.038,-0.056,0.249,180.0,99.0,10.0,177.46583007155743,neo3_calibrated_direct,1,-9.86938,24.9512,-29.3701,39.78152607724344,1,-172.9487441577963,yahboom_calibrated_direct+neo3_cross_align,0,-3771,-2786,3701,-0.0888080388755022,-0.6600655715335083,0.666013082824031,-176.7090988138335,neo3_calibrated_direct:gyro_integral,1,-176.7090988138335,nan,125.430908203125,0.0,95,-38,2030,0.45489831542968745,-0.181959326171875,9.720458740234374,9.732798148238796,-13,12,-3,-0.79345703125,0.732421875,-0.18310546875,-0.01384843766841204,0.012783173232380343,-0.0031957933080950856,-0.0031957933080950856,-181,-463,22834,-0.9942626953125,-2.5433349609375,125.430908203125,98721.008,305.75,1,1,0,0,6978,623,1555,3122,3122,3122,3122,19468,F4line=6978;YAH=12488
DIRECT_SERIAL,600,1789591995013471768,2026-09-16T20:53:15.013472+00:00,-1,2192251283335,1789591994900000000,1789591994,900000000,2211897,1789591994908827,1789591994900000,2,4,1.8340882501249627,0.6303919099149613,gnss_local_enu_direct,1.8340882501249627,0.6303919099149613,110.4347172,-7.0509143,233.15,0.559,0.827,3,1,16,0,0.0411,265.815,-0.003,-0.041,-0.031,0.291,180.0,99.0,10.02,177.56024289579975,neo3_calibrated_direct,1,-9.91211,25.0,-29.2725,39.750838744636575,1,-172.8267494279779,yahboom_calibrated_direct+neo3_cross_align,0,-3781,-2790,3707,-0.09025127004866099,-0.6606383443757015,0.6667745599562601,-176.70664949559614,neo3_calibrated_direct:gyro_integral,1,-176.70664949559614,nan,125.430908203125,0.0,87,-43,2058,0.4165910888671875,-0.2059013427734375,9.854534033203125,9.865484504566316,-5,3,0,-0.30517578125,0.18310546875,0.0,-0.005326322180158476,0.0031957933080950856,0.0,0.0,-202,-448,22834,-1.109619140625,-2.4609375,125.430908203125,98722.227,305.75,1,1,0,0,6986,624,1557,3127,3127,3127,3127,19496,F4line=6986;YAH=12508
DIRECT_SERIAL,601,1789591995132306168,2026-09-16T20:53:15.132306+00:00,-1,2192370117898,1789591995000000000,1789591995,0,2212003,1789591995014591,1789591995000000,2,4,1.8340882410812733,0.6193323991512583,gnss_local_enu_direct,1.8340882410812733,0.6193323991512583,110.4347172,-7.0509144,233.12,0.56,0.826,3,1,16,0,0.0282,117.474,-0.013,0.025,0.025,0.286,180.0,99.0,9.93,177.57811865862593,neo3_calibrated_direct,1,-9.91821,25.0488,-29.3213,39.818989248022106,1,-172.6987947431347,yahboom_calibrated_direct+neo3_cross_align,0,-3791,-2790,3690,-0.09168744426884434,-0.66065598675814,0.6669879461249086,-176.70420850597216,neo3_calibrated_direct:gyro_integral,1,-176.70420850597216,nan,125.430908203125,0.0,91,-39,2067,0.43574470214843747,-0.1867477294921875,9.897629663085937,9.908976794176054,-12,4,0,-0.732421875,0.244140625,0.0,-0.012783173232380343,0.004261057744126781,0.0,0.0,-211,-444,22834,-1.1590576171875,-2.43896484375,125.430908203125,98721.312,305.75,1,1,0,0,6999,625,1560,3132,3132,3132,3132,19529,F4line=6999;YAH=12528
DIRECT_SERIAL,602,1789591995233394078,2026-09-16T20:53:15.233394+00:00,-1,2192471205638,1789591995100000000,1789591995,100000000,2212098,1789591995109571,1789591995100000,2,4,1.845136960501645,0.6193323968715798,gnss_local_enu_direct,1.845136960501645,0.6193323968715798,110.4347173,-7.0509144,233.1,0.561,0.826,3,1,16,0,0.0091,96.34,-0.001,0.009,-0.041,0.251,180.0,99.0,10.02,177.57036711691123,neo3_calibrated_direct,1,-9.91821,24.9756,-29.2725,39.73701978274289,1,-172.85941797408404,yahboom_calibrated_direct+neo3_cross_align,0,-3780,-2803,3686,-0.09013058772381276,-0.6624407541316597,0.6685441463194199,-176.70176084062788,neo3_calibrated_direct:gyro_integral,1,-176.70176084062788,nan,125.4364013671875,0.0,89,-42,2043,0.4261678955078125,-0.201112939453125,9.782707983398437,9.79405130566634,-7,8,-1,-0.42724609375,0.48828125,-0.06103515625,-0.007456851052221867,0.008522115488253563,-0.0010652644360316954,-0.0010652644360316954,-217,-439,22835,-1.1920166015625,-2.4114990234375,125.4364013671875,98722.531,305.75,1,1,0,0,7009,626,1563,3138,3138,3138,3138,19563,F4line=7009;YAH=12552
DIRECT_SERIAL,603,1789591995334670585,2026-09-16T20:53:15.334671+00:00,-1,2192572482150,1789591995300000000,1789591995,300000000,2212296,1789591995307524,1789591995300000,2,4,1.8451369512439901,0.6082728864576228,gnss_local_enu_direct,1.8451369512439901,0.6082728864576228,110.4347173,-7.0509145,233.07,0.561,0.825,3,1,16,0,0.0429,297.759,0.02,-0.038,0.08,0.289,180.0,99.0,10.03,177.65430449946783,neo3_calibrated_direct,1,-9.95483,25.0488,-29.1016,39.66666288369744,1,-172.6841609888123,yahboom_calibrated_direct+neo3_cross_align,0,-3793,-2797,3679,-0.091987028780588,-0.6616309935391981,0.6679948989891668,-176.7029248765166,neo3_calibrated_direct:gyro_integral,1,-176.7029248765166,nan,125.4364013671875,0.0,88,-41,2055,0.4213794921875,-0.19632453613281248,9.840168823242188,9.851143409261256,3,-4,0,0.18310546875,-0.244140625,0.0,0.0031957933080950856,-0.004261057744126781,0.0,0.0,-224,-430,22835,-1.23046875,-2.362060546875,125.4364013671875,98722.836,305.75,1,1,0,0,7019,627,1565,3143,3143,3143,3143,19593,F4line=7019;YAH=12572
DIRECT_SERIAL,604,1789591995435858366,2026-09-16T20:53:15.435858+00:00,-1,2192673669936,1789591995400000000,1789591995,400000000,2212397,1789591995408855,1789591995400000,2,4,1.8451369430404454,0.608272883396751,gnss_local_enu_direct,1.8451369430404454,0.608272883396751,110.4347173,-7.0509145,233.04,0.562,0.825,3,1,16,0,0.0636,282.724,0.014,-0.062,0.012,0.3721,180.0,99.0,10.04,177.59851278104915,neo3_calibrated_direct,1,-9.92432,25.1221,-29.1016,39.70535427914477,1,-172.7790859225567,yahboom_calibrated_direct+neo3_cross_align,0,-3784,-2784,3681,-0.09067153688525287,-0.6598109414008013,0.6660118662556588,-176.7029248765166,neo3_calibrated_direct:gyro_integral,1,-176.7029248765166,nan,125.4364013671875,0.0,87,-45,2048,0.4165910888671875,-0.2154781494140625,9.80665,9.817859399619575,-9,9,0,-0.54931640625,0.54931640625,0.0,-0.009587379924285258,0.009587379924285258,0.0,0.0,-224,-431,22835,-1.23046875,-2.3675537109375,125.4364013671875,98722.227,305.75,1,1,0,0,7030,628,1568,3148,3148,3148,3148,19624,F4line=7030;YAH=12592
DIRECT_SERIAL,605,1789591995537929712,2026-09-16T20:53:15.537930+00:00,-1,2192775741306,1789591995500000000,1789591995,500000000,2212495,1789591995506625,1789591995500000,2,4,1.8561856561253687,0.597213372776954,gnss_local_enu_direct,1.8561856561253687,0.597213372776954,110.4347174,-7.0509146,233.01,0.564,0.823,3,1,16,0,0.1446,102.787,-0.032,0.141,-0.018,0.381,150.971,99.0,10.05,177.6843740199761,neo3_calibrated_direct,1,-9.96094,25.2197,-29.0527,39.74057084471233,1,-172.78726394366348,yahboom_calibrated_direct+neo3_cross_align,0,-3783,-2781,3664,-0.09052262674850296,-0.6593928293177415,0.665577380406745,-176.7029248765166,neo3_calibrated_direct:gyro_integral,1,-176.7029248765166,nan,125.4364013671875,0.0,86,-46,2042,0.411802685546875,-0.22026655273437498,9.777919580078125,9.789065845143359,2,-2,0,0.1220703125,-0.1220703125,0.0,0.0021305288720633907,-0.0021305288720633907,0.0,0.0,-225,-431,22835,-1.2359619140625,-2.3675537109375,125.4364013671875,98722.836,305.75,1,1,0,0,7041,630,1570,3153,3153,3153,3153,19655,F4line=7041;YAH=12612
DIRECT_SERIAL,606,1789591995638136035,2026-09-16T20:53:15.638136+00:00,-1,2192875947657,1789591995600000000,1789591995,600000000,2212599,1789591995610238,1789591995600000,2,4,1.8672343726685823,0.5972133695175907,gnss_local_enu_direct,1.8672343726685823,0.5972133695175907,110.4347175,-7.0509146,232.98,0.565,0.824,3,1,16,0,0.18,255.192,-0.046,-0.174,0.073,0.3711,118.131,99.0,9.98,177.68219000014668,neo3_calibrated_direct,1,-9.96704,25.0732,-28.8818,39.52424086357131,1,-172.73215010335903,yahboom_calibrated_direct+neo3_cross_align,0,-3789,-2795,3669,-0.09140903061602694,-0.6613463713563454,0.667633607440763,-176.7029248765166,neo3_calibrated_direct:gyro_integral,1,-176.7029248765166,nan,125.4364013671875,0.0,88,-47,2048,0.4213794921875,-0.22505495605468748,9.80665,9.818278598215725,3,-3,0,0.18310546875,-0.18310546875,0.0,0.0031957933080950856,-0.0031957933080950856,0.0,0.0,-224,-433,22835,-1.23046875,-2.3785400390625,125.4364013671875,98724.062,306.0,1,1,0,0,7059,631,1573,3158,3158,3158,3158,19693,F4line=7059;YAH=12632
DIRECT_SERIAL,607,1789591995738375308,2026-09-16T20:53:15.738375+00:00,-1,2192976186927,1789591995700000000,1789591995,700000000,2212697,1789591995708169,1789591995700000,2,4,1.867234369601602,0.5861538610829603,gnss_local_enu_direct,1.867234369601602,0.5861538610829603,110.4347175,-7.0509147,232.97,0.566,0.824,3,1,16,0,0.0716,33.024,0.06,0.039,-0.049,0.237,180.0,99.0,10.02,177.69698458423994,neo3_calibrated_direct,1,-9.96704,25.2197,-28.9795,39.68862021665152,1,-172.74918996806983,yahboom_calibrated_direct+neo3_cross_align,0,-3789,-2806,3699,-0.09142843723670935,-0.6628729801206703,0.6691485238043984,-176.7029248765166,neo3_calibrated_direct:gyro_integral,1,-176.7029248765166,nan,125.4364013671875,0.0,85,-47,2047,0.4070142822265625,-0.22505495605468748,9.801861596679688,9.81288953976581,0,3,0,0.0,0.18310546875,0.0,0.0,0.0031957933080950856,0.0,0.0,-223,-435,22835,-1.2249755859375,-2.3895263671875,125.4364013671875,98724.062,306.0,1,1,0,0,7068,632,1575,3163,3163,3163,3163,19722,F4line=7068;YAH=12652
DIRECT_SERIAL,608,1789591995845508319,2026-09-16T20:53:15.845508+00:00,-1,2193083319895,1789591995800000000,1789591995,800000000,2212797,1789591995808397,1789591995800000,2,4,1.8782830873877399,0.5861538587350029,gnss_local_enu_direct,1.8782830873877399,0.5861538587350029,110.4347176,-7.0509147,232.95,0.567,0.824,3,1,16,0,0.0568,153.886,-0.051,0.025,-0.018,0.245,180.0,99.0,10.01,177.6797098624342,neo3_calibrated_direct,1,-9.96704,25.0488,-29.1992,39.74138332320102,1,-172.82060413719077,yahboom_calibrated_direct+neo3_cross_align,0,-3781,-2786,3679,-0.09024421309568556,-0.6600832139159469,0.6662235865614976,-176.7029248765166,neo3_calibrated_direct:gyro_integral,1,-176.7029248765166,nan,125.4364013671875,0.0,88,-46,2037,0.4213794921875,-0.22026655273437498,9.753977563476562,9.765559704363794,-1,2,0,-0.06103515625,0.1220703125,0.0,-0.0010652644360316954,0.0021305288720633907,0.0,0.0,-221,-438,22835,-1.2139892578125,-2.406005859375,125.4364013671875,98723.141,306.0,1,1,0,0,7082,633,1578,3168,3168,3168,3168,19756,F4line=7082;YAH=12672
DIRECT_SERIAL,609,1789591995950499213,2026-09-16T20:53:15.950499+00:00,-1,2193188310820,1789591995900000000,1789591995,900000000,2212898,1789591995908511,1789591995900000,2,4,1.8782830873877399,0.5861538587350029,gnss_local_enu_direct,1.8782830873877399,0.5861538587350029,110.4347176,-7.0509147,232.95,0.568,0.823,3,1,16,0,0.0136,233.973,-0.008,-0.011,-0.001,0.281,180.0,99.0,10.0,177.65680817415847,neo3_calibrated_direct,1,-9.95483,25.0732,-29.0771,39.66411152388139,1,-172.8390095914081,yahboom_calibrated_direct+neo3_cross_align,0,-3781,-2798,3660,-0.09026538395461182,-0.6617486052952104,0.6678765276236541,-176.7029248765166,neo3_calibrated_direct:gyro_integral,1,-176.7029248765166,nan,125.4364013671875,0.0,84,-51,2060,0.40222587890625,-0.2442085693359375,9.86411083984375,9.875328153723398,-2,3,0,-0.1220703125,0.18310546875,0.0,-0.0021305288720633907,0.0031957933080950856,0.0,0.0,-228,-431,22835,-1.25244140625,-2.3675537109375,125.4364013671875,98722.531,306.0,1,1,0,0,7093,634,1581,3173,3173,3173,3173,19787,F4line=7093;YAH=12692
DIRECT_SERIAL,610,1789591996051409484,2026-09-16T20:53:16.051409+00:00,-1,2193289221065,1789591996000000000,1789591996,0,2213003,1789591996014166,1789591996000000,2,4,1.8893318017491656,0.5861538554913894,gnss_local_enu_direct,1.8893318017491656,0.5861538554913894,110.4347177,-7.0509147,232.92,0.568,0.823,3,1,16,0,0.0375,99.211,-0.006,0.037,0.024,0.301,180.0,99.0,9.93,177.60096382243444,neo3_calibrated_direct,1,-9.93042,25.0244,-29.1504,39.68097348725709,1,-172.70566313230407,yahboom_calibrated_direct+neo3_cross_align,0,-3789,-2778,3676,-0.09137903856588142,-0.6589870669023888,0.6652924793155551,-176.7029248765166,neo3_calibrated_direct:gyro_integral,1,-176.7029248765166,nan,125.4364013671875,0.0,86,-45,2048,0.411802685546875,-0.2154781494140625,9.80665,9.8176573838772,-3,4,0,-0.18310546875,0.244140625,0.0,-0.0031957933080950856,0.004261057744126781,0.0,0.0,-229,-431,22835,-1.2579345703125,-2.3675537109375,125.4364013671875,98721.312,306.0,1,1,0,0,7103,635,1583,3179,3179,3179,3179,19821,F4line=7103;YAH=12716
DIRECT_SERIAL,611,1789591996151490786,2026-09-16T20:53:16.151491+00:00,-1,2193389302389,1789591996100000000,1789591996,100000000,2213097,1789591996108575,1789591996100000,2,4,1.889331792816672,0.5750943454324451,gnss_local_enu_direct,1.889331792816672,0.5750943454324451,110.4347177,-7.0509148,232.89,0.569,0.823,3,1,16,0,0.0691,280.008,0.012,-0.068,0.048,0.331,180.0,99.0,10.03,177.72025525294436,neo3_calibrated_direct,1,-9.98535,25.0732,-29.126,39.70763716040656,1,-172.59027912566577,yahboom_calibrated_direct+neo3_cross_align,0,-3798,-2778,3697,-0.09267159536404643,-0.6590029450465835,0.6654869691942795,-176.7029248765166,neo3_calibrated_direct:gyro_integral,1,-176.7029248765166,nan,125.4364013671875,0.0,86,-47,2042,0.411802685546875,-0.22505495605468748,9.777919580078125,9.78917476090521,6,-4,0,0.3662109375,-0.244140625,0.0,0.006391586616190171,-0.004261057744126781,0.0,0.0,-227,-433,22835,-1.2469482421875,-2.3785400390625,125.4364013671875,98723.453,306.0,1,1,0,0,7114,636,1586,3184,3184,3184,3184,19852,F4line=7114;YAH=12736
DIRECT_SERIAL,612,1789591996259139100,2026-09-16T20:53:16.259139+00:00,-1,2193496950708,1789591996200000000,1789591996,200000000,2213198,1789591996208986,1789591996200000,2,4,1.889331792816672,0.5750943454324451,gnss_local_enu_direct,1.889331792816672,0.5750943454324451,110.4347177,-7.0509148,232.89,0.569,0.822,3,1,16,0,0.0312,129.806,-0.02,0.024,0.014,0.273,180.0,99.0,10.01,177.61620979930845,neo3_calibrated_direct,1,-9.93652,25.0488,-29.126,39.67997841670784,1,-172.7519099923725,yahboom_calibrated_direct+neo3_cross_align,0,-3786,-2783,3690,-0.09095700749104568,-0.6596756872623504,0.6659168037951742,-176.7029248765166,neo3_calibrated_direct:gyro_integral,1,-176.7029248765166,nan,125.4364013671875,0.0,86,-46,2045,0.411802685546875,-0.22026655273437498,9.792284790039062,9.803414722192848,-3,3,0,-0.18310546875,0.18310546875,0.0,-0.0031957933080950856,0.0031957933080950856,0.0,0.0,-228,-432,22835,-1.25244140625,-2.373046875,125.4364013671875,98722.531,306.0,1,1,0,0,7124,637,1588,3189,3189,3189,3189,19882,F4line=7124;YAH=12756
DIRECT_SERIAL,613,1789591996369705350,2026-09-16T20:53:16.369705+00:00,-1,2193607517019,1789591996300000000,1789591996,300000000,2213297,1789591996309047,1789591996300000,2,4,1.8782830631883116,0.5750943440580858,gnss_local_enu_direct,1.8782830631883116,0.5750943440580858,110.4347176,-7.0509148,232.87,0.569,0.822,3,1,16,0,0.0238,255.379,-0.006,-0.023,-0.021,0.251,180.0,99.0,10.03,177.56517527637996,neo3_calibrated_direct,1,-9.91821,24.9268,-29.126,39.59848638324576,1,-172.7631738229351,yahboom_calibrated_direct+neo3_cross_align,0,-3785,-2782,3676,-0.09081162583078349,-0.6595351404091678,0.6657577283220758,-176.7029248765166,neo3_calibrated_direct:gyro_integral,1,-176.7029248765166,nan,125.430908203125,0.0,84,-47,2036,0.40222587890625,-0.22505495605468748,9.749189160156249,9.760078107854198,-5,6,0,-0.30517578125,0.3662109375,0.0,-0.005326322180158476,0.006391586616190171,0.0,0.0,-233,-429,22834,-1.2799072265625,-2.3565673828125,125.430908203125,98723.141,306.0,1,1,0,0,7134,638,1591,3194,3194,3194,3194,19912,F4line=7134;YAH=12776
DIRECT_SERIAL,614,1789591996470427061,2026-09-16T20:53:16.470427+00:00,-1,2193708238607,1789591996400000000,1789591996,400000000,2213396,1789591996407982,1789591996400000,2,4,1.8782830572116023,0.5750943423066879,gnss_local_enu_direct,1.8782830572116023,0.5750943423066879,110.4347176,-7.0509148,232.85,0.57,0.821,3,1,16,0,0.0146,164.055,-0.014,0.004,-0.032,0.221,180.0,99.0,10.04,177.72270553833658,neo3_calibrated_direct,1,-9.98535,25.0977,-29.1748,39.758907366180225,1,-172.64291894063223,yahboom_calibrated_direct+neo3_cross_align,0,-3795,-2787,3672,-0.09225662124218612,-0.6602466958662995,0.666661070983892,-176.7029248765166,neo3_calibrated_direct:gyro_integral,1,-176.7029248765166,nan,125.430908203125,0.0,86,-50,2047,0.411802685546875,-0.239420166015625,9.801861596679688,9.813429279725954,-11,12,0,-0.67138671875,0.732421875,0.0,-0.011717908796348648,0.012783173232380343,0.0,0.0,-240,-421,22834,-1.318359375,-2.3126220703125,125.430908203125,98721.312,306.0,1,1,0,0,7145,639,1594,3200,3200,3200,3200,19947,F4line=7145;YAH=12800
DIRECT_SERIAL,615,1789591996575672914,2026-09-16T20:53:16.575673+00:00,-1,2193813484463,1789591996500000000,1789591996,500000000,2213495,1789591996506896,1789591996500000,2,4,1.8782830543344435,0.5750943414425379,gnss_local_enu_direct,1.8782830543344435,0.5750943414425379,110.4347176,-7.0509148,232.84,0.57,0.821,3,1,16,0,0.0117,239.036,-0.006,-0.01,0.015,0.27,180.0,99.0,10.05,177.6797098624342,neo3_calibrated_direct,1,-9.96704,25.0488,-28.9795,39.58024365831519,1,-172.59649028964444,yahboom_calibrated_direct+neo3_cross_align,0,-3799,-2790,3686,-0.09283638364499103,-0.6606701006640908,0.6671608322134774,-176.7029248765166,neo3_calibrated_direct:gyro_integral,1,-176.7029248765166,nan,125.430908203125,0.0,84,-52,2028,0.40222587890625,-0.24899697265624998,9.710881933593749,9.72239749641267,-8,8,0,-0.48828125,0.48828125,0.0,-0.008522115488253563,0.008522115488253563,0.0,0.0,-248,-414,22834,-1.3623046875,-2.274169921875,125.430908203125,98726.5,305.75,1,1,0,0,7154,640,1596,3205,3205,3205,3205,19976,F4line=7154;YAH=12820
DIRECT_SERIAL,616,1789591996685782392,2026-09-16T20:53:16.685782+00:00,-1,2193923593980,1789591996600000000,1789591996,600000000,2213598,1789591996609185,1789591996600000,2,4,1.8782830456945414,0.575094338592779,gnss_local_enu_direct,1.8782830456945414,0.575094338592779,110.4347176,-7.0509148,232.81,0.57,0.821,3,1,16,0,0.0595,286.607,0.017,-0.057,-0.01,0.334,180.0,99.0,10.0,177.89794519270833,neo3_calibrated_direct,1,-10.0708,25.0732,-29.1748,39.76500126895509,1,-172.6904024303418,yahboom_calibrated_direct+neo3_cross_align,0,-3793,-2801,3673,-0.09199408573356341,-0.6621861239989526,0.6685457161830524,-176.698048977835,neo3_calibrated_direct:gyro_integral,1,-176.698048977835,nan,125.430908203125,0.0,72,-62,2056,0.3447650390625,-0.296881005859375,9.8449572265625,9.855464679894348,-46,75,4,-2.8076171875,4.57763671875,0.244140625,-0.049002164057457984,0.07989483270237714,0.004261057744126781,0.004261057744126781,-284,-364,22834,-1.56005859375,-1.99951171875,125.430908203125,98724.062,305.75,1,1,0,0,7173,641,1599,3210,3210,3210,3210,20015,F4line=7173;YAH=12840
DIRECT_SERIAL,617,1789591996803254540,2026-09-16T20:53:16.803255+00:00,-1,2194041066157,1789591996700000000,1789591996,700000000,2213697,1789591996708360,1789591996700000,2,4,1.8782830398290282,0.5750943368529301,gnss_local_enu_direct,1.8782830398290282,0.5750943368529301,110.4347176,-7.0509148,232.79,0.571,0.82,3,1,16,0,0.042,128.234,-0.026,0.033,-0.009,0.315,180.0,99.0,10.01,178.18139845463736,neo3_calibrated_direct,1,-10.2051,25.1221,-28.9551,39.66940622734351,1,-172.42904520452203,yahboom_calibrated_direct+neo3_cross_align,0,-3814,-2805,3661,-0.09501710854892388,-0.6627783034618281,0.6695545761599551,-176.68596043926073,neo3_calibrated_direct:gyro_integral,1,-176.68596043926073,nan,125.4364013671875,0.0,57,-69,2073,0.27293898925781246,-0.33039982910156246,9.926360083007811,9.935606888180422,-9,14,0,-0.54931640625,0.8544921875,0.0,-0.009587379924285258,0.014913702104443734,0.0,0.0,-308,-327,22835,-1.69189453125,-1.7962646484375,125.4364013671875,98724.062,305.75,1,1,0,0,7183,642,1601,3214,3214,3213,3213,20039,F4line=7183;YAH=12854
DIRECT_SERIAL,618,1789591996908657472,2026-09-16T20:53:16.908657+00:00,-1,2194146469053,1789591996800000000,1789591996,800000000,2213798,1789591996808552,1789591996800000,2,4,1.8782830341774805,0.5750943348788703,gnss_local_enu_direct,1.8782830341774805,0.5750943348788703,110.4347176,-7.0509148,232.77,0.571,0.82,3,1,16,0,0.0447,304.046,0.025,-0.037,-0.025,0.2801,180.0,99.0,10.0,178.13071521869804,neo3_calibrated_direct,1,-10.1807,25.1221,-29.0527,39.73444271900639,1,-172.17238047981436,yahboom_calibrated_direct+neo3_cross_align,0,-3836,-2819,3651,-0.09820139116874123,-0.6647600733123336,0.6719743062779225,-176.68751136754437,neo3_calibrated_direct:gyro_integral,1,-176.68751136754437,nan,125.4364013671875,0.0,69,-60,2046,0.33039982910156246,-0.28730419921875,9.797073193359374,9.806852242488407,12,-18,-1,0.732421875,-1.0986328125,-0.06103515625,0.012783173232380343,-0.019174759848570515,-0.0010652644360316954,-0.0010652644360316954,-295,-347,22835,-1.6204833984375,-1.9061279296875,125.4364013671875,98724.062,305.75,1,1,0,0,7198,643,1605,3221,3221,3221,3221,20084,F4line=7198;YAH=12884
DIRECT_SERIAL,619,1789591997009408147,2026-09-16T20:53:17.009408+00:00,-1,2194247219754,1789591996900000000,1789591996,900000000,2213897,1789591996908524,1789591996900000,2,4,1.8672343049529074,0.5861538406097107,gnss_local_enu_direct,1.8672343049529074,0.5861538406097107,110.4347175,-7.0509147,232.75,0.571,0.819,3,1,16,0,0.0112,243.435,-0.005,-0.01,-0.036,0.207,180.0,99.0,10.01,178.05449294313152,neo3_calibrated_direct,1,-10.144,25.1221,-28.9551,39.653731986031275,1,-172.3781177674667,yahboom_calibrated_direct+neo3_cross_align,0,-3818,-2805,3639,-0.09559157823699722,-0.6627853604148034,0.6696433258160801,-176.68751136754437,neo3_calibrated_direct:gyro_integral,1,-176.68751136754437,nan,125.4364013671875,0.0,71,-58,2050,0.3399766357421875,-0.277727392578125,9.816226806640625,9.82603813023585,8,-11,0,0.48828125,-0.67138671875,0.0,0.008522115488253563,-0.011717908796348648,0.0,0.0,-282,-364,22835,-1.549072265625,-1.99951171875,125.4364013671875,98721.617,305.75,1,1,0,0,7206,644,1607,3227,3227,3227,3227,20116,F4line=7206;YAH=12908
DIRECT_SERIAL,620,1789591997109411694,2026-09-16T20:53:17.109411+00:00,-1,2194347223289,1789591997000000000,1789591997,0,2214003,1789591997014259,1789591997000000,2,4,1.8672342995237516,0.5861538387742837,gnss_local_enu_direct,1.8672342995237516,0.5861538387742837,110.4347175,-7.0509147,232.73,0.572,0.819,3,1,16,0,0.0175,13.241,0.017,0.004,-0.004,0.155,180.0,99.0,9.92,177.9916209651927,neo3_calibrated_direct,1,-10.1074,25.2686,-28.8818,39.684002469005065,1,-172.50705632922902,yahboom_calibrated_direct+neo3_cross_align,0,-3808,-2806,3668,-0.09415716825505772,-0.6629065006473035,0.6695600054769286,-176.68751136754437,neo3_calibrated_direct:gyro_integral,1,-176.68751136754437,nan,125.44189453125,0.0,74,-57,2045,0.354341845703125,-0.27293898925781246,9.792284790039062,9.802494337907252,3,-4,0,0.18310546875,-0.244140625,0.0,0.0031957933080950856,-0.004261057744126781,0.0,0.0,-276,-375,22836,-1.51611328125,-2.0599365234375,125.44189453125,98726.195,305.75,1,1,0,0,7219,645,1610,3232,3232,3232,3232,20149,F4line=7219;YAH=12928
DIRECT_SERIAL,621,1789591997219773662,2026-09-16T20:53:17.219774+00:00,-1,2194457585284,1789591997100000000,1789591997,100000000,2214100,1789591997111567,1789591997100000,2,4,1.867234293872204,0.5861538369157588,gnss_local_enu_direct,1.867234293872204,0.5861538369157588,110.4347175,-7.0509147,232.71,0.572,0.818,3,1,16,0,0.0546,235.437,-0.031,-0.045,0.05,0.272,180.0,99.0,9.98,177.94422749681962,neo3_calibrated_direct,1,-10.0952,25.0244,-29.126,39.70462862689941,1,-172.29230329283132,yahboom_calibrated_direct+neo3_cross_align,0,-3825,-2807,3682,-0.09660042866761329,-0.6630752753123876,0.6700749686037863,-176.68751136754437,neo3_calibrated_direct:gyro_integral,1,-176.68751136754437,nan,125.44189453125,0.0,75,-53,2045,0.3591302490234375,-0.2537853759765625,9.792284790039062,9.802153996038502,11,-16,0,0.67138671875,-0.9765625,0.0,0.011717908796348648,-0.017044230976507126,0.0,0.0,-271,-382,22836,-1.4886474609375,-2.098388671875,125.44189453125,98724.977,305.75,1,1,0,0,7227,646,1612,3237,3237,3237,3237,20177,F4line=7227;YAH=12948
DIRECT_SERIAL,622,1789591997327738393,2026-09-16T20:53:17.327738+00:00,-1,2194565550017,1789591997200000000,1789591997,200000000,2214197,1789591997208540,1789591997200000,2,4,1.8782830108968225,0.5861538346549714,gnss_local_enu_direct,1.8782830108968225,0.5861538346549714,110.4347176,-7.0509147,232.69,0.572,0.818,3,1,16,0,0.1133,74.124,0.031,0.109,-0.018,0.322,162.814,99.0,10.03,177.9833898067137,neo3_calibrated_direct,1,-10.1013,25.3174,-28.833,39.67806564652567,1,-172.5467599036576,yahboom_calibrated_direct+neo3_cross_align,0,-3807,-2823,3668,-0.09404354288318492,-0.6652640408630163,0.6718782866140343,-176.68751136754437,neo3_calibrated_direct:gyro_integral,1,-176.68751136754437,nan,125.44189453125,0.0,77,-55,2049,0.3687070556640625,-0.26336218261718747,9.811438403320311,9.82189534022217,1,0,0,0.06103515625,0.0,0.0,0.0010652644360316954,0.0,0.0,0.0,-269,-386,22836,-1.4776611328125,-2.120361328125,125.44189453125,98722.836,305.75,1,1,0,0,7238,647,1615,3242,3242,3242,3242,20208,F4line=7238;YAH=12968
DIRECT_SERIAL,623,1789591997428421712,2026-09-16T20:53:17.428422+00:00,-1,2194666233280,1789591997300000000,1789591997,300000000,2214298,1789591997308699,1789591997300000,2,4,1.8782830074721104,0.5861538337593154,gnss_local_enu_direct,1.8782830074721104,0.5861538337593154,110.4347176,-7.0509147,232.68,0.573,0.818,3,1,16,0,0.003,0.0,0.003,0.0,-0.056,0.222,180.0,99.0,10.01,177.88296631763185,neo3_calibrated_direct,1,-10.0647,25.0488,-29.2236,39.78390836117035,1,-172.3892298743284,yahboom_calibrated_direct+neo3_cross_align,0,-3817,-2804,3652,-0.09544619657673503,-0.662644813561621,0.6694834765556803,-176.68751136754437,neo3_calibrated_direct:gyro_integral,1,-176.68751136754437,nan,125.44189453125,0.0,77,-52,2047,0.3687070556640625,-0.24899697265624998,9.801861596679688,9.811953686486321,4,-7,0,0.244140625,-0.42724609375,0.0,0.004261057744126781,-0.007456851052221867,0.0,0.0,-267,-389,22836,-1.4666748046875,-2.1368408203125,125.44189453125,98724.062,305.75,1,1,0,0,7249,648,1618,3248,3248,3248,3248,20243,F4line=7249;YAH=12992
DIRECT_SERIAL,624,1789591997528466923,2026-09-16T20:53:17.528467+00:00,-1,2194766278477,1789591997400000000,1789591997,400000000,2214396,1789591997407569,1789591997400000,2,4,1.878283004998739,0.5972133400003652,gnss_local_enu_direct,1.878283004998739,0.5972133400003652,110.4347176,-7.0509146,232.67,0.573,0.817,3,1,16,0,0.0403,277.125,0.005,-0.04,0.03,0.33,180.0,99.0,10.04,177.95161415762652,neo3_calibrated_direct,1,-10.0891,25.2441,-28.9062,39.68151864609015,1,-172.41147001285012,yahboom_calibrated_direct+neo3_cross_align,0,-3815,-2802,3662,-0.09515543325621065,-0.662363719855256,0.6691638467958869,-176.68751136754437,neo3_calibrated_direct:gyro_integral,1,-176.68751136754437,nan,125.44189453125,0.0,80,-51,2043,0.38307226562499996,-0.2442085693359375,9.782707983398437,9.793250618383851,0,2,0,0.0,0.1220703125,0.0,0.0,0.0021305288720633907,0.0,0.0,-264,-393,22836,-1.4501953125,-2.1588134765625,125.44189453125,98725.281,305.75,1,1,0,0,7258,649,1620,3253,3253,3253,3253,20272,F4line=7258;YAH=13012
DIRECT_SERIAL,625,1789591997631319182,2026-09-16T20:53:17.631319+00:00,-1,2194869130789,1789591997500000000,1789591997,500000000,2214495,1789591997506539,1789591997500000,2,4,1.8782829964700325,0.5972133371621553,gnss_local_enu_direct,1.8782829964700325,0.5972133371621553,110.4347176,-7.0509146,232.64,0.574,0.817,3,1,16,0,0.004,180.0,-0.004,0.0,0.013,0.205,180.0,99.0,10.05,177.78377431948067,neo3_calibrated_direct,1,-10.0159,25.0732,-29.0771,39.679482802324934,1,-172.4706146512502,yahboom_calibrated_direct+neo3_cross_align,0,-3813,-2823,3663,-0.09490524741529494,-0.6652746262924794,0.6720099213371454,-176.68751136754437,neo3_calibrated_direct:gyro_integral,1,-176.68751136754437,nan,125.44189453125,0.0,76,-54,2050,0.36391865234375,-0.258573779296875,9.816226806640625,9.826372978076579,-1,2,0,-0.06103515625,0.1220703125,0.0,-0.0010652644360316954,0.0021305288720633907,0.0,0.0,-267,-391,22836,-1.4666748046875,-2.1478271484375,125.44189453125,98722.836,305.75,1,1,0,0,7275,650,1623,3258,3258,3258,3258,20309,F4line=7275;YAH=13032
DIRECT_SERIAL,626,1789591997733359757,2026-09-16T20:53:17.733360+00:00,-1,2194971171349,1789591997600000000,1789591997,600000000,2214599,1789591997610251,1789591997600000,2,4,1.8782829934816778,0.5972133361709214,gnss_local_enu_direct,1.8782829934816778,0.5972133361709214,110.4347176,-7.0509146,232.63,0.574,0.817,3,1,16,0,0.02,87.138,0.001,0.02,0.037,0.229,180.0,99.0,9.98,177.84049554388466,neo3_calibrated_direct,1,-10.0342,25.2686,-28.7354,39.558950046228475,1,-172.62678805637532,yahboom_calibrated_direct+neo3_cross_align,0,-3797,-2793,3639,-0.09255444151568593,-0.6610829200324191,0.667530487545603,-176.68751136754437,neo3_calibrated_direct:gyro_integral,1,-176.68751136754437,nan,125.44189453125,0.0,81,-53,2039,0.38786066894531246,-0.2537853759765625,9.763554370117188,9.774550468119171,0,0,0,0.0,0.0,0.0,0.0,0.0,0.0,0.0,-264,-394,22836,-1.4501953125,-2.164306640625,125.44189453125,98723.141,305.75,1,1,0,0,7285,651,1625,3263,3263,3263,3263,20339,F4line=7285;YAH=13052
DIRECT_SERIAL,627,1789591997834300752,2026-09-16T20:53:17.834301+00:00,-1,2195072112377,1789591997700000000,1789591997,700000000,2214697,1789591997708201,1789591997700000,2,4,1.8782829904933234,0.5972133351796876,gnss_local_enu_direct,1.8782829904933234,0.5972133351796876,110.4347176,-7.0509146,232.62,0.575,0.817,3,1,16,0,0.0194,145.491,-0.016,0.011,-0.03,0.243,180.0,99.0,10.02,177.8875549101149,neo3_calibrated_direct,1,-10.0647,25.0977,-29.0283,39.6715884767676,1,-172.6807635705683,yahboom_calibrated_direct+neo3_cross_align,0,-3794,-2803,3650,-0.09214123163206946,-0.6624654534670736,0.6688426448754671,-176.68751136754437,neo3_calibrated_direct:gyro_integral,1,-176.68751136754437,nan,125.44189453125,0.0,77,-53,2052,0.3687070556640625,-0.2537853759765625,9.82580361328125,9.835993521588295,1,-1,0,0.06103515625,-0.06103515625,0.0,0.0010652644360316954,-0.0010652644360316954,0.0,0.0,-265,-394,22836,-1.4556884765625,-2.164306640625,125.44189453125,98725.586,305.75,1,1,0,0,7298,652,1628,3268,3268,3268,3268,20372,F4line=7298;YAH=13072
DIRECT_SERIAL,628,1789591997935450422,2026-09-16T20:53:17.935450+00:00,-1,2195173262032,1789591997900000000,1789591997,900000000,2214897,1789591997908421,1789591997900000,2,4,1.8893317108314582,0.597213333803007,gnss_local_enu_direct,1.8893317108314582,0.597213333803007,110.4347177,-7.0509146,232.61,0.575,0.817,3,1,16,0,0.0454,104.036,-0.011,0.044,-0.041,0.309,180.0,99.0,10.0,177.81386425018897,neo3_calibrated_direct,1,-10.0281,25.1221,-29.0527,39.69561783509611,1,-172.5692499451671,yahboom_calibrated_direct+neo3_cross_align,0,-3802,-2797,3654,-0.09327958557875302,-0.6616468716833928,0.6681898412084427,-176.68751136754437,neo3_calibrated_direct:gyro_integral,1,-176.68751136754437,nan,125.44189453125,0.0,78,-53,2053,0.373495458984375,-0.2537853759765625,9.830592016601562,9.840957538360374,-2,1,0,-0.1220703125,0.06103515625,0.0,-0.0021305288720633907,0.0010652644360316954,0.0,0.0,-266,-394,22836,-1.461181640625,-2.164306640625,125.44189453125,98725.281,305.75,1,1,0,0,7309,653,1630,3273,3273,3273,3273,20403,F4line=7309;YAH=13092
DIRECT_SERIAL,629,1789591998039290713,2026-09-16T20:53:18.039291+00:00,-1,2195277102341,1789591997900000000,1789591997,900000000,2214897,1789591997908421,1789591997900000,2,4,1.8893317075179419,0.5972133330344349,gnss_local_enu_direct,1.8893317075179419,0.5972133330344349,110.4347177,-7.0509146,232.6,0.575,0.816,3,1,16,0,0.0502,312.581,0.034,-0.037,0.001,0.29,180.0,99.0,10.02,177.89794519270833,neo3_calibrated_direct,1,-10.0708,25.0732,-29.0039,39.63978539409617,1,-172.53895026450283,yahboom_calibrated_direct+neo3_cross_align,0,-3804,-2794,3667,-0.09356152770805812,-0.6612340523150646,0.6678205083763655,-176.68751136754437,neo3_calibrated_direct:gyro_integral,1,-176.68751136754437,nan,125.44189453125,0.0,76,-53,2050,0.36391865234375,-0.2537853759765625,9.816226806640625,9.826248140668607,0,1,0,0.0,0.06103515625,0.0,0.0,0.0010652644360316954,0.0,0.0,-266,-393,22836,-1.461181640625,-2.1588134765625,125.44189453125,98726.195,305.75,1,1,0,0,7319,654,1633,3278,3278,3278,3278,20433,F4line=7319;YAH=13112
DIRECT_SERIAL,630,1789591998140710900,2026-09-16T20:53:18.140711+00:00,-1,2195378522482,1789591998100000000,1789591998,100000000,2215100,1789591998111402,1789591998100000,2,4,1.9003804200102643,0.5861538217511179,gnss_local_enu_direct,1.9003804200102643,0.5861538217511179,110.4347178,-7.0509147,232.56,0.575,0.817,3,1,16,0,0.0305,328.392,0.026,-0.016,-0.046,0.222,180.0,99.0,9.99,177.9106326913816,neo3_calibrated_direct,1,-10.0769,25.0732,-29.0527,39.67705444132667,1,-172.59767219416517,yahboom_calibrated_direct+neo3_cross_align,0,-3802,-2815,3705,-0.0933113418671424,-0.6641449587522881,0.6706679750495957,-176.68751136754437,neo3_calibrated_direct:gyro_integral,1,-176.68751136754437,nan,125.44189453125,0.0,79,-51,2048,0.37828386230468747,-0.2442085693359375,9.80665,9.816981243147877,7,-8,0,0.42724609375,-0.48828125,0.0,0.007456851052221867,-0.008522115488253563,0.0,0.0,-264,-396,22836,-1.4501953125,-2.17529296875,125.44189453125,98725.281,305.75,1,1,0,0,7335,656,1635,3283,3283,3283,3283,20469,F4line=7335;YAH=13132
DIRECT_SERIAL,631,1789591998244540731,2026-09-16T20:53:18.244541+00:00,-1,2195482352326,1789591998200000000,1789591998,200000000,2215197,1789591998208366,1789591998200000,2,4,1.9003804175368926,0.5972133277610978,gnss_local_enu_direct,1.9003804175368926,0.5972133277610978,110.4347178,-7.0509146,232.55,0.575,0.817,3,1,16,0,0.0328,301.264,0.017,-0.028,0.054,0.27,180.0,99.0,10.03,177.76869285710325,neo3_calibrated_direct,1,-10.0098,25.0488,-29.2969,39.82394790939241,1,-172.55477665735089,yahboom_calibrated_direct+neo3_cross_align,0,-3805,-2812,3683,-0.09373690141846584,-0.6637339036222036,0.6703202976973798,-176.68751136754437,neo3_calibrated_direct:gyro_integral,1,-176.68751136754437,nan,125.44189453125,0.0,81,-51,2048,0.38786066894531246,-0.2442085693359375,9.80665,9.817354936353874,0,0,0,0.0,0.0,0.0,0.0,0.0,0.0,0.0,-261,-399,22836,-1.4337158203125,-2.1917724609375,125.44189453125,98721.008,305.75,1,1,0,0,7346,657,1638,3288,3288,3288,3288,20500,F4line=7346;YAH=13152
DIRECT_SERIAL,632,1789591998345755890,2026-09-16T20:53:18.345756+00:00,-1,2195583567507,1789591998300000000,1789591998,300000000,2215298,1789591998308423,1789591998300000,2,4,1.9003804115601834,0.5972133257786301,gnss_local_enu_direct,1.9003804115601834,0.5972133257786301,110.4347178,-7.0509146,232.53,0.575,0.817,3,1,16,0,0.0072,326.31,0.006,-0.004,-0.028,0.221,180.0,99.0,10.01,177.80441386422163,neo3_calibrated_direct,1,-10.0281,25.0244,-29.126,39.68762100416199,1,-172.4990103981341,yahboom_calibrated_direct+neo3_cross_align,0,-3806,-2785,3654,-0.09383288440790011,-0.6599885372571047,0.6666254416890185,-176.68751136754437,neo3_calibrated_direct:gyro_integral,1,-176.68751136754437,nan,125.44189453125,0.0,78,-51,2049,0.373495458984375,-0.2442085693359375,9.811438403320311,9.821581350544712,2,-1,0,0.1220703125,-0.06103515625,0.0,0.0021305288720633907,-0.0010652644360316954,0.0,0.0,-259,-401,22836,-1.4227294921875,-2.2027587890625,125.44189453125,98722.227,305.75,1,1,0,0,7358,658,1641,3293,3293,3293,3293,20532,F4line=7358;YAH=13172
DIRECT_SERIAL,633,1789591998446424930,2026-09-16T20:53:18.446425+00:00,-1,2195684236523,1789591998400000000,1789591998,400000000,2215397,1789591998408552,1789591998400000,2,4,1.90038040569467,0.597213324038781,gnss_local_enu_direct,1.90038040569467,0.597213324038781,110.4347178,-7.0509146,232.51,0.575,0.817,3,1,16,0,0.0378,307.476,0.023,-0.03,-0.032,0.256,180.0,99.0,10.03,177.80120323454392,neo3_calibrated_direct,1,-10.022,25.1221,-29.1016,39.72988188970614,1,-172.58032805709456,yahboom_calibrated_direct+neo3_cross_align,0,-3802,-2804,3673,-0.09329193524646,-0.6626183499879632,0.6691535421133185,-176.68751136754437,neo3_calibrated_direct:gyro_integral,1,-176.68751136754437,nan,125.44189453125,0.0,80,-55,2056,0.38307226562499996,-0.26336218261718747,9.8449572265625,9.85592648069014,-2,2,0,-0.1220703125,0.1220703125,0.0,-0.0021305288720633907,0.0021305288720633907,0.0,0.0,-260,-400,22836,-1.42822265625,-2.197265625,125.44189453125,98721.312,305.75,1,1,0,0,7367,659,1643,3299,3299,3299,3299,20565,F4line=7367;YAH=13196
DIRECT_SERIAL,634,1789591998546455300,2026-09-16T20:53:18.546455+00:00,-1,2195784266890,1789591998500000000,1789591998,500000000,2215496,1789591998507545,1789591998500000,2,4,1.90038040569467,0.597213324038781,gnss_local_enu_direct,1.90038040569467,0.597213324038781,110.4347178,-7.0509146,232.51,0.575,0.817,3,1,16,0,0.0199,162.474,-0.019,0.006,-0.024,0.218,180.0,99.0,10.04,177.77899805008985,neo3_calibrated_direct,1,-10.0159,25.0244,-29.1748,39.72037012931778,1,-172.55813983251477,yahboom_calibrated_direct+neo3_cross_align,0,-3802,-2790,3646,-0.09326723591104603,-0.6606753933788224,0.6672261630892096,-176.68751136754437,neo3_calibrated_direct:gyro_integral,1,-176.68751136754437,nan,125.44189453125,0.0,80,-53,2047,0.38307226562499996,-0.2537853759765625,9.801861596679688,9.812626668645592,-2,2,0,-0.1220703125,0.1220703125,0.0,-0.0021305288720633907,0.0021305288720633907,0.0,0.0,-260,-400,22836,-1.42822265625,-2.197265625,125.44189453125,98721.922,305.75,1,1,0,0,7377,660,1646,3304,3304,3304,3304,20595,F4line=7377;YAH=13216
DIRECT_SERIAL,635,1789591998661969539,2026-09-16T20:53:18.661970+00:00,-1,2195899781431,1789591998600000000,1789591998,600000000,2215597,1789591998608297,1789591998600000,2,4,1.911429120895233,0.5861538149479786,gnss_local_enu_direct,1.911429120895233,0.5861538149479786,110.4347179,-7.0509147,232.49,0.576,0.817,3,1,16,0,0.0362,263.66,-0.004,-0.036,-0.064,0.23,180.0,99.0,10.02,177.8622053476891,neo3_calibrated_direct,1,-10.0525,25.0977,-29.1504,39.757931557111974,1,-172.48782436047532,yahboom_calibrated_direct+neo3_cross_align,0,-3807,-2786,3654,-0.09397826606816229,-0.6601290841102871,0.6667850644559046,-176.68751136754437,neo3_calibrated_direct:gyro_integral,1,-176.68751136754437,nan,125.44189453125,0.0,79,-54,2051,0.37828386230468747,-0.258573779296875,9.821015209960937,9.831698674903746,2,0,0,0.1220703125,0.0,0.0,0.0021305288720633907,0.0,0.0,0.0,-260,-400,22836,-1.42822265625,-2.197265625,125.44189453125,98723.141,305.75,1,1,0,0,7394,661,1648,3309,3309,3309,3309,20632,F4line=7394;YAH=13236
DIRECT_SERIAL,636,1789591998764909030,2026-09-16T20:53:18.764909+00:00,-1,2196002720732,1789591998700000000,1789591998,700000000,2215698,1789591998708631,1789591998700000,2,4,1.9114291180180742,0.5861538140838287,gnss_local_enu_direct,1.9114291180180742,0.5861538140838287,110.4347179,-7.0509147,232.48,0.576,0.817,3,1,16,0,0.0371,94.635,-0.003,0.037,0.025,0.2839,180.0,99.0,10.0,177.82323509837755,neo3_calibrated_direct,1,-10.0281,25.2197,-28.7598,39.54392688820876,1,-172.49268000688892,yahboom_calibrated_direct+neo3_cross_align,0,-3808,-2797,3676,-0.09414129011086303,-0.6616574571128558,0.6683211601144979,-176.68751136754437,neo3_calibrated_direct:gyro_integral,1,-176.68751136754437,nan,125.44189453125,0.0,80,-52,2047,0.38307226562499996,-0.24899697265624998,9.801861596679688,9.812503993046175,0,0,0,0.0,0.0,0.0,0.0,0.0,0.0,0.0,-260,-400,22836,-1.42822265625,-2.197265625,125.44189453125,98723.758,305.75,1,1,0,0,7408,662,1651,3314,3314,3314,3314,20666,F4line=7408;YAH=13256
DIRECT_SERIAL,637,1789591998865411667,2026-09-16T20:53:18.865412+00:00,-1,2196103223257,1789591998800000000,1789591998,800000000,2215796,1789591998807643,1789591998800000,2,4,1.9114291119301692,0.5861538120898118,gnss_local_enu_direct,1.9114291119301692,0.5861538120898118,110.4347179,-7.0509147,232.46,0.576,0.817,3,1,16,0,0.0443,251.565,-0.014,-0.042,-0.012,0.289,180.0,99.0,10.03,177.80592072475207,neo3_calibrated_direct,1,-10.022,25.1709,-28.833,39.564587446477944,1,-172.57577639002687,yahboom_calibrated_direct+neo3_cross_align,0,-3800,-2785,3685,-0.0929711798757901,-0.6599779518276415,0.6664942139179494,-176.68751136754437,neo3_calibrated_direct:gyro_integral,1,-176.68751136754437,nan,125.44189453125,0.0,81,-51,2043,0.38786066894531246,-0.2442085693359375,9.782707983398437,9.793439090140874,-1,1,0,-0.06103515625,0.06103515625,0.0,-0.0010652644360316954,0.0010652644360316954,0.0,0.0,-259,-401,22836,-1.4227294921875,-2.2027587890625,125.44189453125,98723.453,305.75,1,1,0,0,7419,663,1654,3320,3320,3320,3320,20701,F4line=7419;YAH=13280
DIRECT_SERIAL,638,1789591998965470393,2026-09-16T20:53:18.965471+00:00,-1,2196203281984,1789591998900000000,1789591998,900000000,2215897,1789591998907845,1789591998900000,2,4,1.9224778301526644,0.5861538098773463,gnss_local_enu_direct,1.9224778301526644,0.5861538098773463,110.434718,-7.0509147,232.44,0.576,0.817,3,1,16,0,0.061,79.611,0.011,0.06,0.002,0.327,180.0,99.0,10.01,177.87598150828322,neo3_calibrated_direct,1,-10.0525,25.2441,-28.8086,39.60117138444266,1,-172.73059718945166,yahboom_calibrated_direct+neo3_cross_align,0,-3789,-2794,3661,-0.0914072663777831,-0.6612075887414068,0.6674958904411954,-176.68751136754437,neo3_calibrated_direct:gyro_integral,1,-176.68751136754437,nan,125.44189453125,0.0,79,-51,2041,0.37828386230468747,-0.2442085693359375,9.773131176757811,9.783497815399805,1,0,0,0.06103515625,0.0,0.0,0.0010652644360316954,0.0,0.0,0.0,-258,-403,22836,-1.417236328125,-2.2137451171875,125.44189453125,98724.672,305.75,1,1,0,0,7428,664,1656,3325,3325,3325,3325,20730,F4line=7428;YAH=13300
DIRECT_SERIAL,639,1789591999075587414,2026-09-16T20:53:19.075587+00:00,-1,2196313398985,1789591999000000000,1789591999,0,2216004,1789591999015721,1789591999000000,2,4,1.9224778274894714,0.5861538088945203,gnss_local_enu_direct,1.9224778274894714,0.5861538088945203,110.434718,-7.0509147,232.43,0.576,0.817,3,1,16,0,0.0484,128.29,-0.03,0.038,0.005,0.301,180.0,99.0,9.91,177.71290707532611,neo3_calibrated_direct,1,-9.98535,25.0,-29.1016,39.64354092639178,1,-172.80625409043867,yahboom_calibrated_direct+neo3_cross_align,0,-3782,-2785,3661,-0.09038606627946005,-0.6599461955392522,0.6661070649559332,-176.68751136754437,neo3_calibrated_direct:gyro_integral,1,-176.68751136754437,nan,125.44189453125,0.0,79,-50,2048,0.37828386230468747,-0.239420166015625,9.80665,9.816863293276274,1,0,0,0.06103515625,0.0,0.0,0.0010652644360316954,0.0,0.0,0.0,-260,-402,22836,-1.42822265625,-2.208251953125,125.44189453125,98724.367,305.75,1,1,0,0,7441,665,1659,3330,3330,3330,3330,20763,F4line=7441;YAH=13320
DIRECT_SERIAL,640,1789591999183874556,2026-09-16T20:53:19.183875+00:00,-1,2196421686549,1789591999100000000,1789591999,100000000,2216099,1789591999110149,1789591999100000,2,4,1.9224778241759553,0.5861538080104134,gnss_local_enu_direct,1.9224778241759553,0.5861538080104134,110.434718,-7.0509147,232.42,0.576,0.818,3,1,16,0,0.0682,259.019,-0.013,-0.067,0.019,0.336,180.0,99.0,10.0,177.85184952952636,neo3_calibrated_direct,1,-10.0464,25.1221,-29.0283,39.682392345472316,1,-172.55330999637096,yahboom_calibrated_direct+neo3_cross_align,0,-3803,-2795,3660,-0.09341967452428364,-0.6613710706917594,0.6679363208691285,-176.68751136754437,neo3_calibrated_direct:gyro_integral,1,-176.68751136754437,nan,125.44189453125,0.0,79,-52,2052,0.37828386230468747,-0.24899697265624998,9.82580361328125,9.836234788761551,0,0,0,0.0,0.0,0.0,0.0,0.0,0.0,0.0,-260,-402,22836,-1.42822265625,-2.208251953125,125.44189453125,98721.008,305.75,1,1,0,0,7449,666,1661,3335,3335,3335,3335,20791,F4line=7449;YAH=13340
DIRECT_SERIAL,641,1789591999284463574,2026-09-16T20:53:19.284464+00:00,-1,2196522275146,1789591999200000000,1789591999,200000000,2216197,1789591999208389,1789591999200000,2,4,1.9335265412005738,0.5861538058651609,gnss_local_enu_direct,1.9335265412005738,0.5861538058651609,110.4347181,-7.0509147,232.4,0.577,0.818,3,1,16,0,0.0541,93.18,-0.003,0.054,0.034,0.297,180.0,99.0,10.03,177.81386425018897,neo3_calibrated_direct,1,-10.0281,25.1221,-28.9795,39.64207510045356,1,-172.6056757639858,yahboom_calibrated_direct+neo3_cross_align,0,-3801,-2812,3666,-0.0931624317303925,-0.6637268466692282,0.6702332173769048,-176.68751136754437,neo3_calibrated_direct:gyro_integral,1,-176.68751136754437,nan,125.44189453125,0.0,80,-51,2048,0.38307226562499996,-0.2442085693359375,9.80665,9.81716692373763,0,0,0,0.0,0.0,0.0,0.0,0.0,0.0,0.0,-260,-403,22836,-1.42822265625,-2.2137451171875,125.44189453125,98722.836,305.75,1,1,0,0,7460,667,1664,3341,3341,3341,3341,20826,F4line=7460;YAH=13364
DIRECT_SERIAL,642,1789591999384590947,2026-09-16T20:53:19.384591+00:00,-1,2196622402543,1789591999300000000,1789591999,300000000,2216298,1789591999308486,1789591999300000,2,4,1.9335265317991526,0.586153802987037,gnss_local_enu_direct,1.9335265317991526,0.586153802987037,110.4347181,-7.0509147,232.37,0.577,0.818,3,1,16,0,0.065,270.0,0.0,-0.065,0.023,0.347,180.0,99.0,10.01,177.76082194948026,neo3_calibrated_direct,1,-10.0037,25.0977,-29.248,39.81725835589387,1,-172.52774381871419,yahboom_calibrated_direct+neo3_cross_align,0,-3807,-2811,3657,-0.09402237202425866,-0.6635986494837528,0.6702263602975704,-176.68751136754437,neo3_calibrated_direct:gyro_integral,1,-176.68751136754437,nan,125.44189453125,0.0,83,-53,2047,0.39743747558593745,-0.2537853759765625,9.801861596679688,9.813197966235256,0,-1,0,0.0,-0.06103515625,0.0,0.0,-0.0010652644360316954,0.0,0.0,-258,-405,22836,-1.417236328125,-2.2247314453125,125.44189453125,98721.008,305.75,1,1,0,0,7470,668,1667,3346,3346,3346,3346,20856,F4line=7470;YAH=13384
DIRECT_SERIAL,643,1789591999485557353,2026-09-16T20:53:19.485557+00:00,-1,2196723368998,1789591999400000000,1789591999,400000000,2216396,1789591999407517,1789591999400000,2,4,1.933526528810798,0.5861538019958031,gnss_local_enu_direct,1.933526528810798,0.5861538019958031,110.4347181,-7.0509147,232.36,0.577,0.818,3,1,16,0,0.047,92.437,-0.002,0.047,-0.01,0.349,180.0,99.0,10.04,177.80914301609553,neo3_calibrated_direct,1,-10.0281,25.0732,-29.1016,39.70051977506088,1,-172.64093291108028,yahboom_calibrated_direct+neo3_cross_align,0,-3797,-2802,3680,-0.0925703196598806,-0.6623319635668666,0.6687696868461321,-176.68751136754437,neo3_calibrated_direct:gyro_integral,1,-176.68751136754437,nan,125.44189453125,0.0,77,-53,2058,0.3687070556640625,-0.2537853759765625,9.854534033203125,9.864694263965543,0,0,0,0.0,0.0,0.0,0.0,0.0,0.0,0.0,-260,-403,22836,-1.42822265625,-2.2137451171875,125.44189453125,98724.367,305.75,1,1,0,0,7481,669,1669,3351,3351,3351,3351,20887,F4line=7481;YAH=13404
DIRECT_SERIAL,644,1789591999603175264,2026-09-16T20:53:19.603175+00:00,-1,2196840986893,1789591999500000000,1789591999,500000000,2216497,1789591999507479,1789591999500000,2,4,1.9445752499104518,0.5861538007630225,gnss_local_enu_direct,1.9445752499104518,0.5861538007630225,110.4347182,-7.0509147,232.35,0.577,0.818,3,1,16,0,0.0058,239.036,-0.003,-0.005,-0.015,0.186,180.0,99.0,10.02,177.74806762785903,neo3_calibrated_direct,1,-9.99756,25.0977,-29.1504,39.744075928414794,1,-172.72523864468403,yahboom_calibrated_direct+neo3_cross_align,0,-3791,-2807,3674,-0.09171743631898988,-0.6630152912120966,0.6693290405368567,-176.68751136754437,neo3_calibrated_direct:gyro_integral,1,-176.68751136754437,nan,125.44189453125,0.0,89,-50,2039,0.4261678955078125,-0.239420166015625,9.763554370117188,9.775783090335574,-18,16,0,-1.0986328125,0.9765625,0.0,-0.019174759848570515,0.017044230976507126,0.0,0.0,-262,-402,22836,-1.439208984375,-2.208251953125,125.44189453125,98723.453,305.75,1,1,0,0,7493,670,1672,3356,3356,3356,3356,20919,F4line=7493;YAH=13424
DIRECT_SERIAL,645,1789591999703413511,2026-09-16T20:53:19.703413+00:00,-1,2196941225060,1789591999600000000,1789591999,600000000,2216598,1789591999608861,1789591999600000,2,4,1.944575240327635,0.5750942917270765,gnss_local_enu_direct,1.944575240327635,0.5750942917270765,110.4347182,-7.0509148,232.32,0.578,0.818,3,1,16,0,0.0338,304.16,0.019,-0.028,0.026,0.303,180.0,99.0,10.0,177.84254040725952,neo3_calibrated_direct,1,-10.0464,25.0244,-28.9551,39.56701358872059,1,-172.5357360700978,yahboom_calibrated_direct+neo3_cross_align,0,-3805,-2800,3673,-0.09371573055953959,-0.6620685122429402,0.6686683430953558,-176.68751136754437,neo3_calibrated_direct:gyro_integral,1,-176.68751136754437,nan,125.44189453125,0.0,72,-54,2048,0.3447650390625,-0.258573779296875,9.80665,9.81611468728843,7,-6,0,0.42724609375,-0.3662109375,0.0,0.007456851052221867,-0.006391586616190171,0.0,0.0,-266,-397,22836,-1.461181640625,-2.1807861328125,125.44189453125,98724.672,305.75,1,1,0,0,7509,671,1674,3362,3362,3361,3361,20957,F4line=7509;YAH=13446
DIRECT_SERIAL,646,1789591999803458709,2026-09-16T20:53:19.803459+00:00,-1,2197041270312,1789591999700000000,1789591999,700000000,2216696,1789591999707969,1789591999700000,2,4,1.9445752372280847,0.5750942907242935,gnss_local_enu_direct,1.9445752372280847,0.5750942907242935,110.4347182,-7.0509148,232.31,0.578,0.818,3,1,16,0,0.1042,248.607,-0.038,-0.097,0.069,0.307,168.835,99.0,10.03,177.8622053476891,neo3_calibrated_direct,1,-10.0525,25.0977,-29.1016,39.7221654004411,1,-172.58212136298525,yahboom_calibrated_direct+neo3_cross_align,0,-3800,-2789,3692,-0.0929782368287655,-0.660533082287396,0.667044905025047,-176.68751136754437,neo3_calibrated_direct:gyro_integral,1,-176.68751136754437,nan,125.44189453125,0.0,86,-52,2057,0.411802685546875,-0.24899697265624998,9.849745629882811,9.861494304496208,-2,2,0,-0.1220703125,0.1220703125,0.0,-0.0021305288720633907,0.0021305288720633907,0.0,0.0,-263,-401,22836,-1.4447021484375,-2.2027587890625,125.44189453125,98721.922,305.75,1,1,0,0,7522,672,1677,3367,3367,3367,3367,20992,F4line=7522;YAH=13468
DIRECT_SERIAL,647,1789591999903506027,2026-09-16T20:53:19.903506+00:00,-1,2197141317604,1789591999800000000,1789591999,800000000,2216797,1789591999808083,1789591999800000,2,4,1.9335265071633667,0.5750942893299773,gnss_local_enu_direct,1.9335265071633667,0.5750942893299773,110.4347181,-7.0509148,232.29,0.578,0.819,3,1,16,0,0.0523,333.925,0.047,-0.023,0.013,0.226,180.0,99.0,10.01,177.74806762785903,neo3_calibrated_direct,1,-9.99756,25.0977,-29.0771,39.69034511885227,1,-172.68884303434893,yahboom_calibrated_direct+neo3_cross_align,0,-3793,-2800,3664,-0.09199232149531957,-0.662047341384014,0.6684080112085278,-176.68751136754437,neo3_calibrated_direct:gyro_integral,1,-176.68751136754437,nan,125.44189453125,0.0,72,-52,2042,0.3447650390625,-0.24899697265624998,9.777919580078125,9.78716372290905,-1,2,0,-0.06103515625,0.1220703125,0.0,-0.0010652644360316954,0.0021305288720633907,0.0,0.0,-258,-404,22836,-1.417236328125,-2.21923828125,125.44189453125,98722.227,305.75,1,1,0,0,7532,673,1679,3372,3372,3372,3372,21022,F4line=7532;YAH=13488
DIRECT_SERIAL,648,1789592000022373439,2026-09-16T20:53:20.022373+00:00,-1,2197260185126,1789591999900000000,1789591999,900000000,2216895,1789591999907049,1789591999900000,2,4,1.9445752253532917,0.5861537933940099,gnss_local_enu_direct,1.9445752253532917,0.5861537933940099,110.4347182,-7.0509147,232.27,0.578,0.82,3,1,16,0,0.0961,87.019,0.005,0.096,0.084,0.265,157.976,99.0,10.04,177.8265256387537,neo3_calibrated_direct,1,-10.0342,25.1221,-29.0771,39.715020111539665,1,-172.7376189292983,yahboom_calibrated_direct+neo3_cross_align,0,-3791,-2815,3662,-0.09173155022494071,-0.6641255521316056,0.6704307766658545,-176.68751136754437,neo3_calibrated_direct:gyro_integral,1,-176.68751136754437,nan,125.44189453125,0.0,85,-38,2057,0.4070142822265625,-0.181959326171875,9.849745629882811,9.859830566278148,11,-12,0,0.67138671875,-0.732421875,0.0,0.011717908796348648,-0.012783173232380343,0.0,0.0,-256,-406,22836,-1.40625,-2.230224609375,125.44189453125,98727.414,305.75,1,1,0,0,7542,674,1682,3377,3377,3377,3377,21052,F4line=7542;YAH=13508
DIRECT_SERIAL,649,1789592000123435721,2026-09-16T20:53:20.123436+00:00,-1,2197361247317,1789592000000000000,1789592000,0,2217005,1789592000016042,1789592000000000,2,4,1.944575222364937,0.586153792402776,gnss_local_enu_direct,1.944575222364937,0.586153792402776,110.4347182,-7.0509147,232.26,0.578,0.82,3,1,16,0,0.0649,294.59,0.027,-0.059,0.029,0.326,180.0,99.0,9.9,177.7584071323246,neo3_calibrated_direct,1,-10.0037,25.0732,-28.9795,39.60493393732655,1,-172.5421726304646,yahboom_calibrated_direct+neo3_cross_align,0,-3803,-2788,3693,-0.09340732485657666,-0.660399592387189,0.6669726755737655,-176.6703862355254,neo3_calibrated_direct:gyro_integral,1,-176.6703862355254,nan,125.4693603515625,0.0,79,-58,2038,0.37828386230468747,-0.277727392578125,9.758765966796874,9.770043212789867,-15,12,-1,-0.91552734375,0.732421875,-0.06103515625,-0.01597896654047543,0.012783173232380343,-0.0010652644360316954,-0.0010652644360316954,-250,-413,22841,-1.373291015625,-2.2686767578125,125.4693603515625,98723.141,305.75,1,1,0,0,7555,675,1685,3383,3383,3383,3383,21089,F4line=7555;YAH=13532
DIRECT_SERIAL,650,1789592000224506481,2026-09-16T20:53:20.224506+00:00,-1,2197462318035,1789592000100000000,1789592000,100000000,2217099,1789592000110540,1789592000100000,2,4,1.9335264961287184,0.5972132983161058,gnss_local_enu_direct,1.9335264961287184,0.5972132983161058,110.4347181,-7.0509146,232.25,0.577,0.82,3,1,16,0,0.1028,262.737,-0.013,-0.102,0.09,0.291,162.126,99.0,10.01,177.75599768674616,neo3_calibrated_direct,1,-10.0037,25.0488,-29.2969,39.82241510431029,1,-172.44165014987087,yahboom_calibrated_direct+neo3_cross_align,0,-3812,-2797,3673,-0.09471575979893637,-0.6616645140658313,0.6684093089778615,-176.67283314903858,neo3_calibrated_direct:gyro_integral,1,-176.67283314903858,nan,125.4583740234375,0.0,81,-44,2050,0.38786066894531246,-0.21068974609375,9.816226806640625,9.826145469462263,-26,31,-1,-1.5869140625,1.89208984375,-0.06103515625,-0.02769687533682408,0.03302319751698255,-0.0010652644360316954,-0.0010652644360316954,-275,-390,22839,-1.5106201171875,-2.142333984375,125.4583740234375,98722.531,305.75,1,1,0,0,7563,676,1687,3388,3388,3388,3388,21117,F4line=7563;YAH=13552
DIRECT_SERIAL,651,1789592000332226116,2026-09-16T20:53:20.332226+00:00,-1,2197570037751,1789592000200000000,1789592000,200000000,2217196,1789592000207462,1789592000200000,2,4,1.922477770765215,0.60827280380721,gnss_local_enu_direct,1.922477770765215,0.60827280380721,110.434718,-7.0509145,232.24,0.577,0.819,3,1,16,0,0.0985,285.306,0.026,-0.095,0.029,0.318,180.0,99.0,10.06,178.0839802648505,neo3_calibrated_direct,1,-10.1501,25.3174,-28.833,39.69051727768233,1,-172.71404391638595,yahboom_calibrated_direct+neo3_cross_align,0,-3792,-2808,3626,-0.09186281797925207,-0.663155838065279,0.6694881947332244,-176.67039363689256,neo3_calibrated_direct:gyro_integral,1,-176.67039363689256,nan,125.4583740234375,0.0,61,-72,2084,0.2920926025390625,-0.3447650390625,9.97903251953125,9.989257782562227,-12,24,0,-0.732421875,1.46484375,0.0,-0.012783173232380343,0.025566346464760685,0.0,0.0,-300,-354,22839,-1.64794921875,-1.944580078125,125.4583740234375,98725.281,305.75,1,1,0,0,7574,677,1690,3393,3393,3393,3393,21148,F4line=7574;YAH=13572
DIRECT_SERIAL,652,1789592000432874459,2026-09-16T20:53:20.432874+00:00,-1,2197670686040,1789592000400000000,1789592000,400000000,2217394,1789592000405661,1789592000400000,2,4,1.9224777682918435,0.6193323090084454,gnss_local_enu_direct,1.9224777682918435,0.6193323090084454,110.434718,-7.0509144,232.23,0.576,0.819,3,1,16,0,0.0311,135.0,-0.022,0.022,0.032,0.23,180.0,99.0,10.03,177.74806762785903,neo3_calibrated_direct,1,-9.99756,25.0977,-29.126,39.72618314466669,1,-172.6407277409835,yahboom_calibrated_direct+neo3_cross_align,0,-3798,-2810,3667,-0.09272805098784978,-0.6634439887246195,0.6698928403967596,-176.67039327373334,neo3_calibrated_direct:gyro_integral,1,-176.67039327373334,nan,125.4693603515625,0.0,83,-58,1959,0.39743747558593745,-0.277727392578125,9.380482104492186,9.393004501451413,9,-5,0,0.54931640625,-0.30517578125,0.0,0.009587379924285258,-0.005326322180158476,0.0,0.0,-250,-415,22841,-1.373291015625,-2.2796630859375,125.4693603515625,98724.367,305.75,1,1,0,0,7586,678,1693,3398,3398,3398,3398,21180,F4line=7586;YAH=13592
DIRECT_SERIAL,653,1789592000533200735,2026-09-16T20:53:20.533201+00:00,-1,2197771012513,1789592000400000000,1789592000,400000000,2217394,1789592000405661,1789592000400000,2,4,1.9114290442038346,0.619332309481062,gnss_local_enu_direct,1.9114290442038346,0.619332309481062,110.4347179,-7.0509144,232.23,0.576,0.818,3,1,16,0,0.0324,261.119,-0.005,-0.032,0.137,0.233,180.0,99.0,10.07,177.86108029783574,neo3_calibrated_direct,1,-10.0464,25.2197,-28.9795,39.70862426853894,1,-172.56441527198572,yahboom_calibrated_direct+neo3_cross_align,0,-3803,-2802,3657,-0.09343202419199062,-0.6623425489963297,0.6688999890533474,-176.66065310869416,neo3_calibrated_direct:gyro_integral,1,-176.66065310869416,nan,125.4693603515625,0.0,71,-51,2060,0.3399766357421875,-0.2442085693359375,9.86411083984375,9.872988635611339,-36,59,0,-2.197265625,3.60107421875,0.0,-0.03834951969714103,0.06285060172587002,0.0,0.0,-284,-379,22841,-1.56005859375,-2.0819091796875,125.4693603515625,98720.094,305.75,1,1,0,0,7595,679,1695,3403,3403,3403,3403,21209,F4line=7595;YAH=13612
DIRECT_SERIAL,654,1789592000633396504,2026-09-16T20:53:20.633396+00:00,-1,2197871208133,1789592000500000000,1789592000,500000000,2217496,1789592000508017,1789592000500000,2,4,1.9114290416192674,0.6303918145552134,gnss_local_enu_direct,1.9114290416192674,0.6303918145552134,110.4347179,-7.0509143,232.22,0.575,0.817,3,1,16,0,0.0216,236.31,-0.012,-0.018,0.019,0.264,180.0,99.0,10.03,177.8702677772881,neo3_calibrated_direct,1,-10.0586,25.0488,-29.126,39.7107251432154,1,-172.45772332535904,yahboom_calibrated_direct+neo3_cross_align,0,-3812,-2807,3647,-0.09473340218137492,-0.6630523402152175,0.6697856547834797,-176.66309095574007,neo3_calibrated_direct:gyro_integral,1,-176.66309095574007,nan,125.474853515625,0.0,90,-41,1954,0.430956298828125,-0.19632453613281248,9.356540087890625,9.368516908843775,43,-40,-3,2.62451171875,-2.44140625,-0.18310546875,0.0458063707493629,-0.04261057744126781,-0.0031957933080950856,-0.0031957933080950856,-263,-403,22842,-1.4447021484375,-2.2137451171875,125.474853515625,98723.453,305.75,1,1,0,0,7612,680,1698,3408,3408,3408,3408,21246,F4line=7612;YAH=13632
DIRECT_SERIAL,655,1789592000733439504,2026-09-16T20:53:20.733439+00:00,-1,2197971251121,1789592000600000000,1789592000,600000000,2217598,1789592000609295,1789592000600000,2,4,1.9114290391458957,0.6414513197564488,gnss_local_enu_direct,1.9114290391458957,0.6414513197564488,110.4347179,-7.0509142,232.21,0.575,0.817,3,1,16,0,0.0245,258.232,-0.005,-0.024,0.048,0.257,180.0,99.0,10.0,177.87827204147678,neo3_calibrated_direct,1,-10.0525,25.2686,-28.6865,39.528093610241314,1,-172.761534215121,yahboom_calibrated_direct+neo3_cross_align,0,-3789,-2814,3653,-0.09144255114266019,-0.6639832410401793,0.6702503148389405,-176.65948862810336,neo3_calibrated_direct:gyro_integral,1,-176.65948862810336,nan,125.4693603515625,0.0,81,-55,2047,0.38786066894531246,-0.26336218261718747,9.801861596679688,9.813067119826078,-36,59,0,-2.197265625,3.60107421875,0.0,-0.03834951969714103,0.06285060172587002,0.0,0.0,-287,-375,22841,-1.5765380859375,-2.0599365234375,125.4693603515625,98723.758,305.75,1,1,0,0,7622,681,1700,3413,3413,3413,3413,21276,F4line=7622;YAH=13652
DIRECT_SERIAL,656,1789592000834250726,2026-09-16T20:53:20.834251+00:00,-1,2198072062402,1789592000700000000,1789592000,700000000,2217697,1789592000708360,1789592000700000,2,4,1.900380311913289,0.6414513180165938,gnss_local_enu_direct,1.900380311913289,0.6414513180165938,110.4347178,-7.0509142,232.19,0.575,0.817,3,1,16,0,0.0231,175.03,-0.023,0.002,0.085,0.218,180.0,99.0,10.01,178.20872786702026,neo3_calibrated_direct,1,-10.2173,25.1465,-28.9795,39.705806902643346,1,-172.45472814816452,yahboom_calibrated_direct+neo3_cross_align,0,-3814,-2821,3662,-0.09504533636082556,-0.6649988253008461,0.6717566922744035,-176.6680304094144,neo3_calibrated_direct:gyro_integral,1,-176.6680304094144,nan,125.452880859375,0.0,58,-70,2040,0.277727392578125,-0.33518823242187495,9.7683427734375,9.778036827252748,-48,75,-2,-2.9296875,4.57763671875,-0.1220703125,-0.05113269292952137,0.07989483270237714,-0.0021305288720633907,-0.0021305288720633907,-333,-311,22838,-1.8292236328125,-1.7083740234375,125.452880859375,98723.141,305.75,1,1,0,0,7635,682,1703,3418,3418,3418,3418,21309,F4line=7635;YAH=13672
DIRECT_SERIAL,657,1789592000940434591,2026-09-16T20:53:20.940435+00:00,-1,2198178246200,1789592000900000000,1789592000,900000000,2217895,1789592000906201,1789592000900000,2,4,1.9224777509553244,0.6414513153104886,gnss_local_enu_direct,1.9224777509553244,0.6414513153104886,110.434718,-7.0509142,232.17,0.576,0.817,3,1,16,0,0.0955,120.861,-0.049,0.082,0.045,0.303,180.0,99.0,10.04,178.58482791817377,neo3_calibrated_direct,1,-10.3882,25.4639,-28.5645,39.65167793044829,1,-172.09201402218352,yahboom_calibrated_direct+neo3_cross_align,0,-3843,-2824,3586,-0.09921553431408886,-0.6654663360547336,0.6728217941411692,-176.66193926787386,neo3_calibrated_direct:gyro_integral,1,-176.66193926787386,nan,125.4473876953125,0.0,51,-85,2060,0.2442085693359375,-0.4070142822265625,9.86411083984375,9.875524346180129,6,-4,1,0.3662109375,-0.244140625,0.06103515625,0.006391586616190171,-0.004261057744126781,0.0010652644360316954,0.0010652644360316954,-369,-253,22837,-2.0269775390625,-1.3897705078125,125.4473876953125,98721.312,305.75,1,1,0,0,7648,684,1705,3423,3423,3423,3423,21342,F4line=7648;YAH=13692
DIRECT_SERIAL,658,1789592001041431989,2026-09-16T20:53:21.041432+00:00,-1,2198279243596,1789592000900000000,1789592000,900000000,2217895,1789592000906201,1789592000900000,2,4,1.9224777509553244,0.6414513153104886,gnss_local_enu_direct,1.9224777509553244,0.6414513153104886,110.434718,-7.0509142,232.17,0.576,0.817,3,1,16,0,0.0955,120.861,-0.049,0.082,0.045,0.303,180.0,99.0,10.04,178.38600574736483,neo3_calibrated_direct,1,-10.3027,25.1465,-28.9062,39.67443116139159,1,-172.09105590636057,yahboom_calibrated_direct+neo3_cross_align,0,-3844,-2831,3602,-0.09937150140381418,-0.666439578597548,0.6738073962287188,-176.68389478301066,neo3_calibrated_direct:gyro_integral,1,-176.68389478301066,nan,125.4364013671875,0.0,51,-81,2035,0.2442085693359375,-0.38786066894531246,9.744400756835937,9.755174003249587,26,-28,-3,1.5869140625,-1.708984375,-0.18310546875,0.02769687533682408,-0.029827404208887468,-0.0031957933080950856,-0.0031957933080950856,-339,-288,22835,-1.8621826171875,-1.58203125,125.4364013671875,98721.922,305.75,1,1,0,0,7656,684,1708,3429,3429,3429,3429,21374,F4line=7656;YAH=13716
DIRECT_SERIAL,659,1789592001144622772,2026-09-16T20:53:21.144623+00:00,-1,2198382434371,1789592001100000000,1789592001,100000000,2218097,1789592001108639,1789592001100000,2,4,1.9335264671072279,0.6414513127787174,gnss_local_enu_direct,1.9335264671072279,0.6414513127787174,110.4347181,-7.0509142,232.15,0.577,0.818,3,1,16,0,0.05,126.87,-0.03,0.04,0.011,0.3,180.0,99.0,10.05,178.29925899071415,neo3_calibrated_direct,1,-10.26,25.1709,-28.9551,39.71447623751319,1,-172.0304610929506,yahboom_calibrated_direct+neo3_cross_align,0,-3846,-2810,3625,-0.09962168724472989,-0.6635286721603245,0.6709655574977975,-176.68982050255414,neo3_calibrated_direct:gyro_integral,1,-176.68982050255414,nan,125.4364013671875,0.0,63,-48,2038,0.3016694091796875,-0.229843359375,9.758765966796874,9.766132581375114,39,-43,-3,2.38037109375,-2.62451171875,-0.18310546875,0.04154531300523612,-0.0458063707493629,-0.0031957933080950856,-0.0031957933080950856,-298,-335,22835,-1.636962890625,-1.8402099609375,125.4364013671875,98726.195,305.75,1,1,0,0,7669,686,1710,3434,3434,3434,3434,21407,F4line=7669;YAH=13736
DIRECT_SERIAL,660,1789592001245432431,2026-09-16T20:53:21.245432+00:00,-1,2198483244131,1789592001200000000,1789592001,200000000,2218196,1789592001207884,1789592001200000,2,4,1.9335264644440349,0.6414513117958913,gnss_local_enu_direct,1.9335264644440349,0.6414513117958913,110.4347181,-7.0509142,232.14,0.577,0.818,3,1,16,0,0.007,90.0,0.0,0.007,0.012,0.233,180.0,99.0,10.05,178.0439634654814,neo3_calibrated_direct,1,-10.1379,25.1465,-28.9551,39.66763535516076,1,-172.17014044679865,yahboom_calibrated_direct+neo3_cross_align,0,-3835,-2810,3634,-0.0980418956025282,-0.6635092655396421,0.6707136190284884,-176.80938912132862,neo3_calibrated_direct:gyro_integral,1,-176.80938912132862,nan,125.3375244140625,0.0,132,-28,2054,0.63206923828125,-0.13407529296874998,9.835380419921874,9.856581339934687,-57,105,-46,-3.47900390625,6.40869140625,-2.8076171875,-0.06072007285380663,0.111852765783328,-0.049002164057457984,-0.049002164057457984,-308,-322,22817,-1.69189453125,-1.768798828125,125.3375244140625,98723.141,305.75,1,1,0,0,7680,687,1713,3439,3439,3439,3439,21438,F4line=7680;YAH=13756
DIRECT_SERIAL,661,1789592001359585788,2026-09-16T20:53:21.359586+00:00,-1,2198597397459,1789592001300000000,1789592001,300000000,2218297,1789592001308035,1789592001300000,2,4,1.9445751847821697,0.6414513103036759,gnss_local_enu_direct,1.9445751847821697,0.6414513103036759,110.4347182,-7.0509142,232.13,0.577,0.818,3,1,16,0,0.0532,138.814,-0.04,0.035,-0.023,0.277,180.0,99.0,10.03,178.1304036100594,neo3_calibrated_direct,1,-10.1746,25.2686,-28.833,39.66568441512134,1,-172.3518718004624,yahboom_calibrated_direct+neo3_cross_align,0,-3823,-2828,3663,-0.09635024282669756,-0.6659861817496111,0.672919730409348,-177.68930183854962,neo3_calibrated_direct:gyro_integral,1,-177.68930183854962,nan,124.508056640625,0.0,73,-74,2184,0.3495534423828125,-0.354341845703125,10.457872851562499,10.469711091149838,-44,94,-211,-2.685546875,5.7373046875,-12.87841796875,-0.04687163518539459,0.10013485698697935,-0.2247707960026877,-0.2247707960026877,-346,-201,22666,-1.900634765625,-1.1041259765625,124.508056640625,98721.617,305.75,1,1,0,0,7691,688,1716,3444,3444,3444,3444,21469,F4line=7691;YAH=13776
DIRECT_SERIAL,662,1789592001460406503,2026-09-16T20:53:21.460407+00:00,-1,2198698218078,1789592001400000000,1789592001,400000000,2218396,1789592001407087,1789592001400000,2,4,1.9335264584673255,0.6414513096978885,gnss_local_enu_direct,1.9335264584673255,0.6414513096978885,110.4347181,-7.0509142,232.12,0.577,0.818,3,1,16,0,0.1122,201.991,-0.104,-0.042,-0.033,0.155,79.192,99.0,10.04,176.99720621343937,neo3_calibrated_direct,1,-9.62524,25.2686,-28.4668,39.26201845623324,1,-173.82240419326408,yahboom_calibrated_direct+neo3_cross_align,0,-3715,-2902,3699,-0.08097011487876256,-0.676065557524733,0.6808970535805747,-179.70929550011164,neo3_calibrated_direct:gyro_integral,1,-179.70929550011164,nan,122.5689697265625,0.0,95,-72,2053,0.45489831542968745,-0.3447650390625,9.830592016601562,9.847148562218958,21,-217,-308,1.28173828125,-13.24462890625,-18.798828125,0.022370553156665602,-0.23116238261887787,-0.32810144629776217,-0.32810144629776217,-332,-400,22313,-1.82373046875,-2.197265625,122.5689697265625,98724.977,305.75,1,1,0,0,7700,689,1718,3450,3450,3450,3450,21502,F4line=7700;YAH=13800
DIRECT_SERIAL,663,1789592001575559950,2026-09-16T20:53:21.575560+00:00,-1,2198813371546,1789592001500000000,1789592001,500000000,2218497,1789592001508306,1789592001500000,2,4,1.9335264580635385,0.6303918037480382,gnss_local_enu_direct,1.9335264580635385,0.6303918037480382,110.4347181,-7.0509143,232.12,0.577,0.819,3,1,16,0,0.0475,157.751,-0.044,0.018,-0.068,0.228,180.0,99.0,10.02,173.96512408189835,neo3_calibrated_direct,1,-8.14819,25.2441,-28.2959,38.78550685367023,1,-176.57733885887978,yahboom_calibrated_direct+neo3_cross_align,0,-3501,-2972,3754,-0.05035948324390856,-0.6854027935862518,0.6872503670485972,178.28542534669177,neo3_calibrated_direct:gyro_integral,1,178.28542534669177,nan,120.60791015625,0.0,66,-32,2014,0.316034619140625,-0.15322890625,9.643844287109374,9.650237800811857,34,-52,-356,2.0751953125,-3.173828125,-21.728515625,0.03621899082507764,-0.05539375067364816,-0.3792341392272835,-0.3792341392272835,-286,-532,21956,-1.571044921875,-2.92236328125,120.60791015625,98724.367,305.75,1,1,0,0,7712,690,1721,3455,3455,3455,3455,21534,F4line=7712;YAH=13820
DIRECT_SERIAL,664,1789592001678920578,2026-09-16T20:53:21.678921+00:00,-1,2198916732853,1789592001600000000,1789592001,600000000,2218598,1789592001608295,1789592001600000,2,4,1.9335264580635385,0.6303918037480382,gnss_local_enu_direct,1.9335264580635385,0.6303918037480382,110.4347181,-7.0509143,232.12,0.577,0.819,3,1,16,0,0.0784,174.144,-0.078,0.008,-0.07,0.185,135.155,99.0,10.0,171.11284735149678,neo3_calibrated_direct,1,-6.7627,25.0977,-28.0273,38.22509910870082,1,-178.98976840983354,yahboom_calibrated_direct+neo3_cross_align,0,-3310,-3037,3806,-0.023043231124257005,-0.6940866940526862,0.6944690989249508,175.914951512641,neo3_calibrated_direct:gyro_integral,1,175.914951512641,nan,118.2568359375,0.0,53,-72,2033,0.2537853759765625,-0.3447650390625,9.734823950195311,9.744232514185793,9,-53,-429,0.54931640625,-3.23486328125,-26.18408203125,0.009587379924285258,-0.05645901510967985,-0.4569984430575973,-0.4569984430575973,-242,-589,21528,-1.329345703125,-3.2354736328125,118.2568359375,98723.758,305.75,1,1,0,0,7730,691,1724,3460,3460,3460,3460,21572,F4line=7730;YAH=13840
DIRECT_SERIAL,665,1789592001779543251,2026-09-16T20:53:21.779543+00:00,-1,2199017354820,1789592001700000000,1789592001,700000000,2218697,1789592001708703,1789592001700000,2,4,1.933526463929052,0.6303918057189569,gnss_local_enu_direct,1.933526463929052,0.6303918057189569,110.4347181,-7.0509143,232.14,0.577,0.818,3,1,16,0,0.0581,177.039,-0.058,0.003,-0.058,0.185,180.0,99.0,10.02,168.99036709249523,neo3_calibrated_direct,1,-5.7251,24.9878,-27.8076,37.82101977221132,1,177.45527889421635,yahboom_calibrated_direct+neo3_cross_align,0,-3021,-3118,3854,0.018319300541289767,-0.7048182210102408,0.70505625409634,172.30977407453418,neo3_calibrated_direct:gyro_integral,1,172.30977407453418,nan,114.697265625,0.0,145,-88,2019,0.6943184814453125,-0.4213794921875,9.667786303710937,9.701841621276525,41,-42,-520,2.50244140625,-2.5634765625,-31.73828125,0.043675841877299504,-0.044741106313331204,-0.5539375067364816,-0.5539375067364816,-165,-667,20880,-0.9063720703125,-3.6639404296875,114.697265625,98722.227,305.75,1,1,0,0,7741,692,1726,3466,3466,3466,3466,21607,F4line=7741;YAH=13864
DIRECT_SERIAL,666,1789592001885575019,2026-09-16T20:53:21.885575+00:00,-1,2199123386591,1789592001800000000,1789592001,800000000,2218796,1789592001807654,1789592001800000,2,4,1.9335264575485553,0.6193322977866387,gnss_local_enu_direct,1.9335264575485553,0.6193322977866387,110.4347181,-7.0509144,232.12,0.577,0.818,3,1,16,0,0.1146,163.78,-0.11,0.032,-0.04,0.187,93.531,99.0,10.03,164.7680150863877,neo3_calibrated_direct,1,-3.72009,24.4629,-27.5879,37.058936471897034,1,174.36127292801797,yahboom_calibrated_direct+neo3_cross_align,0,-2762,-3145,3873,0.055468578411454625,-0.7081084139084254,0.7102776140629053,169.05143248285958,neo3_calibrated_direct:gyro_integral,1,169.05143248285958,nan,111.4453125,0.0,152,-55,2039,0.7278373046875,-0.26336218261718747,9.763554370117188,9.794187088245868,27,-47,-538,1.64794921875,-2.86865234375,-32.8369140625,0.02876213977285577,-0.05006742849348968,-0.5731122665850521,-0.5731122665850521,-104,-721,20288,-0.5712890625,-3.9605712890625,111.4453125,98722.836,305.75,1,1,0,0,7753,693,1729,3471,3471,3471,3471,21639,F4line=7753;YAH=13884
DIRECT_SERIAL,667,1789592001985783039,2026-09-16T20:53:21.985783+00:00,-1,2199223594643,1789592001900000000,1789592001,900000000,2218895,1789592001906702,1789592001900000,2,4,1.93352646053691,0.6193322987778725,gnss_local_enu_direct,1.93352646053691,0.6193322987778725,110.4347181,-7.0509144,232.13,0.577,0.818,3,1,16,0,0.0758,149.036,-0.065,0.039,-0.131,0.229,173.072,99.0,10.04,162.60989845730705,neo3_calibrated_direct,1,-2.63062,24.3774,-27.2217,36.63603066974368,1,171.31053718359095,yahboom_calibrated_direct+neo3_cross_align,0,-2496,-3146,3926,0.09366904843008805,-0.7077779091504985,0.7139491993939412,165.83483654480534,neo3_calibrated_direct:gyro_integral,1,165.83483654480534,nan,108.2098388671875,0.0,169,-41,2001,0.8092401611328125,-0.19632453613281248,9.581595043945311,9.617711606615961,-8,-36,-508,-0.48828125,-2.197265625,-31.005859375,-0.008522115488253563,-0.03834951969714103,-0.5411543335041012,-0.5411543335041012,-62,-783,19699,-0.340576171875,-4.3011474609375,108.2098388671875,98722.836,305.75,1,1,0,0,7760,694,1731,3476,3476,3476,3476,21666,F4line=7760;YAH=13904
DIRECT_SERIAL,668,1789592002097983728,2026-09-16T20:53:22.097984+00:00,-1,2199335795369,1789592002000000000,1789592002,0,2219004,1789592002015681,1789592002000000,2,4,1.9335264571447683,0.6082727919523232,gnss_local_enu_direct,1.9335264571447683,0.6082727919523232,110.4347181,-7.0509145,232.12,0.577,0.818,3,1,16,0,0.0658,225.616,-0.046,-0.047,-0.013,0.193,168.175,99.0,9.91,158.5325424662361,neo3_calibrated_direct,1,-0.769043,23.5962,-27.2217,36.03322123354848,1,168.5679211328831,yahboom_calibrated_direct+neo3_cross_align,0,-2255,-3141,3916,0.1282896683277262,-0.7066588146590365,0.7182095232833887,162.73851124824438,neo3_calibrated_direct:gyro_integral,1,162.73851124824438,nan,105.084228515625,0.0,172,-24,2015,0.82360537109375,-0.1149216796875,9.648632690429688,9.684402180547083,-10,-6,-525,-0.6103515625,-0.3662109375,-32.04345703125,-0.010652644360316953,-0.006391586616190171,-0.5592638289166401,-0.5592638289166401,-49,-809,19130,-0.2691650390625,-4.4439697265625,105.084228515625,98724.367,305.75,1,1,0,0,7774,695,1734,3481,3481,3481,3481,21700,F4line=7774;YAH=13924
DIRECT_SERIAL,669,1789592002198457900,2026-09-16T20:53:22.198458+00:00,-1,2199436269526,1789592002100000000,1789592002,100000000,2219098,1789592002109239,1789592002100000,2,4,1.933526451056863,0.6082727899583062,gnss_local_enu_direct,1.933526451056863,0.6082727899583062,110.4347181,-7.0509145,232.1,0.577,0.818,3,1,16,0,0.0854,141.654,-0.067,0.053,0.005,0.258,173.071,99.0,10.02,155.04225926918298,neo3_calibrated_direct,1,0.852966,22.9858,-26.9775,35.452222199562556,1,165.15278818849464,yahboom_calibrated_direct+neo3_cross_align,0,-1959,-3098,3923,0.17087628748963934,-0.7001689476964946,0.720718572637516,158.72497274299437,neo3_calibrated_direct:gyro_integral,1,158.72497274299437,nan,101.0687255859375,0.0,154,3,2025,0.737414111328125,0.0143652099609375,9.696516723632811,9.72452685237353,23,10,-553,1.40380859375,0.6103515625,-33.75244140625,0.024501082028728992,0.010652644360316953,-0.5890912331255275,-0.5890912331255275,20,-809,18399,0.10986328125,-4.4439697265625,101.0687255859375,98723.141,305.75,1,1,0,0,7784,696,1737,3487,3487,3487,3487,21734,F4line=7784;YAH=13948
DIRECT_SERIAL,670,1789592002307284784,2026-09-16T20:53:22.307285+00:00,-1,2199545096344,1789592002200000000,1789592002,200000000,2219197,1789592002208408,1789592002200000,2,4,1.9335264447549922,0.6082727879674306,gnss_local_enu_direct,1.9335264447549922,0.6082727879674306,110.4347181,-7.0509145,232.08,0.577,0.818,3,1,16,0,0.015,176.186,-0.015,0.001,-0.042,0.216,180.0,99.0,10.03,152.57791897099943,neo3_calibrated_direct,1,1.87073,22.3022,-27.002,35.0712953791687,1,162.72986968315104,yahboom_calibrated_direct+neo3_cross_align,0,-1763,-3013,3949,0.19917526245596076,-0.688026634730916,0.7162760887210672,155.39447778724207,neo3_calibrated_direct:gyro_integral,1,155.39447778724207,nan,97.723388671875,0.0,152,41,2016,0.7278373046875,0.19632453613281248,9.65342109375,9.682811021539147,10,25,-534,0.6103515625,1.52587890625,-32.5927734375,0.010652644360316953,0.02663161090079238,-0.5688512088409253,-0.5688512088409253,85,-796,17790,0.4669189453125,-4.37255859375,97.723388671875,98725.586,305.75,1,1,0,0,7793,697,1739,3492,3492,3492,3492,21763,F4line=7793;YAH=13968
DIRECT_SERIAL,671,1789592002417341911,2026-09-16T20:53:22.417342+00:00,-1,2199655153516,1789592002300000000,1789592002,300000000,2219298,1789592002308445,1789592002300000,2,4,1.9445751620261469,0.5972132798891434,gnss_local_enu_direct,1.9445751620261469,0.5972132798891434,110.4347182,-7.0509146,232.06,0.577,0.819,3,1,16,0,0.0816,162.897,-0.078,0.024,-0.047,0.211,148.145,99.0,10.01,149.23596472701539,neo3_calibrated_direct,1,3.31116,21.4966,-26.709,34.44471328238341,1,160.4600660931602,yahboom_calibrated_direct+neo3_cross_align,0,-1580,-2932,3995,0.22560015398306843,-0.6764623873222619,0.7130896093331596,152.30859088075232,neo3_calibrated_direct:gyro_integral,1,152.30859088075232,nan,94.6087646484375,0.0,152,45,1997,0.7278373046875,0.2154781494140625,9.562441430664062,9.592521258243332,17,45,-480,1.03759765625,2.74658203125,-29.296875,0.01810949541253882,0.04793689962142629,-0.5113269292952137,-0.5113269292952137,147,-753,17223,0.8074951171875,-4.1363525390625,94.6087646484375,98722.531,305.75,1,1,0,0,7804,698,1742,3497,3497,3497,3497,21794,F4line=7804;YAH=13988
DIRECT_SERIAL,672,1789592002518460155,2026-09-16T20:53:22.518460+00:00,-1,2199756271822,1789592002400000000,1789592002,400000000,2219395,1789592002406169,1789592002400000,2,4,1.944575155724276,0.5972132781293376,gnss_local_enu_direct,1.944575155724276,0.5972132781293376,110.4347182,-7.0509146,232.04,0.577,0.82,3,1,16,0,0.0762,196.771,-0.073,-0.022,0.017,0.139,104.448,99.0,10.06,146.222048298193,neo3_calibrated_direct,1,4.39453,20.459,-26.8555,34.04556439789037,1,158.3608731707468,yahboom_calibrated_direct+neo3_cross_align,0,-1421,-2827,4024,0.24862056909958852,-0.6616096988729334,0.706781140822346,148.9211092866349,neo3_calibrated_direct:gyro_integral,1,148.9211092866349,nan,91.20849609375,0.0,148,67,2033,0.70868369140625,0.32082302246093747,9.734823950195311,9.765856712419161,6,19,-453,0.3662109375,1.15966796875,-27.64892578125,0.006391586616190171,0.02024002428460221,-0.482564789522358,-0.482564789522358,210,-697,16604,1.153564453125,-3.8287353515625,91.20849609375,98720.703,305.75,1,1,0,0,7815,699,1745,3503,3503,3503,3503,21829,F4line=7815;YAH=14012
DIRECT_SERIAL,673,1789592002628788875,2026-09-16T20:53:22.628789+00:00,-1,2199866600491,1789592002500000000,1789592002,500000000,2219496,1789592002507419,1789592002500000,2,4,1.9335264319939995,0.5861537725649337,gnss_local_enu_direct,1.9335264319939995,0.5861537725649337,110.4347181,-7.0509147,232.04,0.577,0.821,3,1,16,0,0.1436,289.949,0.049,-0.135,0.015,0.335,133.658,99.0,10.03,144.1533723749144,neo3_calibrated_direct,1,5.16052,19.7998,-26.6357,33.58755068772357,1,156.37975573745203,yahboom_calibrated_direct+neo3_cross_align,0,-1283,-2706,4048,0.2686532461656253,-0.6445735375877079,0.6983191333721712,146.2890652758899,neo3_calibrated_direct:gyro_integral,1,146.2890652758899,nan,88.52783203125,0.0,135,63,2042,0.6464344482421874,0.3016694091796875,9.777919580078125,9.803907039684953,-2,18,-419,-0.1220703125,1.0986328125,-25.57373046875,-0.0021305288720633907,0.019174759848570515,-0.4463457986972803,-0.4463457986972803,246,-677,16116,1.351318359375,-3.7188720703125,88.52783203125,98724.367,305.75,1,1,0,0,7831,700,1747,3508,3508,3508,3508,21865,F4line=7831;YAH=14032
DIRECT_SERIAL,674,1789592002733017923,2026-09-16T20:53:22.733018+00:00,-1,2199970829543,1789592002600000000,1789592002,600000000,2219598,1789592002608701,1789592002600000,2,4,1.9224777065518706,0.5861537719990605,gnss_local_enu_direct,1.9224777065518706,0.5861537719990605,110.434718,-7.0509147,232.03,0.577,0.823,3,1,16,0,0.0927,246.477,-0.037,-0.085,0.071,0.286,176.753,99.0,10.0,141.14867618659667,neo3_calibrated_direct,1,6.12793,18.689,-26.7578,33.208584852789194,1,154.9597826762376,yahboom_calibrated_direct+neo3_cross_align,0,-1205,-2578,4060,0.28008122757826887,-0.6266717522925432,0.6864131257217891,143.78896164478573,neo3_calibrated_direct:gyro_integral,1,143.78896164478573,nan,86.0284423828125,0.0,92,61,2034,0.44053310546874996,0.2920926025390625,9.739612353515625,9.753944653432587,-11,50,-409,-0.67138671875,3.0517578125,-24.96337890625,-0.011717908796348648,0.05326322180158476,-0.4356931543369634,-0.4356931543369634,278,-636,15661,1.527099609375,-3.49365234375,86.0284423828125,98720.398,305.75,1,1,0,0,7843,701,1750,3513,3513,3513,3513,21897,F4line=7843;YAH=14052
DIRECT_SERIAL,675,1789592002833281986,2026-09-16T20:53:22.833282+00:00,-1,2200071093568,1789592002700000000,1789592002,700000000,2219696,1789592002707847,1789592002700000,2,4,1.9224777038886773,0.5861537710162346,gnss_local_enu_direct,1.9224777038886773,0.5861537710162346,110.434718,-7.0509147,232.02,0.577,0.824,3,1,16,0,0.1047,225.0,-0.074,-0.074,0.021,0.21,114.97,99.0,10.03,138.53461987736605,neo3_calibrated_direct,1,6.86035,17.6392,-26.6602,32.695137907684376,1,153.58388995749706,yahboom_calibrated_direct+neo3_cross_align,0,-1114,-2496,4089,0.2932950805179335,-0.6151310321873853,0.6814750112923724,141.3243818763479,neo3_calibrated_direct:gyro_integral,1,141.3243818763479,nan,83.551025390625,0.0,112,63,2060,0.5363011718749999,0.3016694091796875,9.86411083984375,9.883284172789544,-25,33,-385,-1.52587890625,2.01416015625,-23.49853515625,-0.02663161090079238,0.035153726389045944,-0.4101268078722027,-0.4101268078722027,290,-571,15210,1.593017578125,-3.1365966796875,83.551025390625,98720.703,305.75,1,1,0,0,7856,702,1753,3518,3518,3518,3518,21930,F4line=7856;YAH=14072
DIRECT_SERIAL,676,1789592002933529010,2026-09-16T20:53:22.933529+00:00,-1,2200171340601,1789592002900000000,1789592002,900000000,2219894,1789592002905892,1789592002900000,2,4,1.9224777038886773,0.5861537710162346,gnss_local_enu_direct,1.9224777038886773,0.5861537710162346,110.434718,-7.0509147,232.02,0.579,0.825,3,1,16,0,0.0788,254.554,-0.021,-0.076,0.043,0.341,180.0,99.0,10.06,136.91595995089963,neo3_calibrated_direct,1,7.38525,17.0776,-26.4648,32.35076472608492,1,152.28493164430512,yahboom_calibrated_direct+neo3_cross_align,0,-1039,-2400,4054,0.30423575404071873,-0.6016755832849882,0.674220217405304,139.08653661798547,neo3_calibrated_direct:gyro_integral,1,139.08653661798547,nan,81.3043212890625,0.0,98,76,2076,0.469263525390625,0.36391865234375,9.94072529296875,9.958446886540811,-49,-34,-356,-2.99072265625,-2.0751953125,-21.728515625,-0.05219795736555307,-0.03621899082507764,-0.3792341392272835,-0.3792341392272835,272,-556,14801,1.494140625,-3.05419921875,81.3043212890625,98723.453,305.75,1,1,0,0,7869,704,1755,3523,3523,3523,3523,21963,F4line=7869;YAH=14092
DIRECT_SERIAL,677,1789592003035642841,2026-09-16T20:53:23.035643+00:00,-1,2200273454604,1789592002900000000,1789592002,900000000,2219894,1789592002905892,1789592002900000,2,4,1.9224777038886773,0.5861537710162346,gnss_local_enu_direct,1.9224777038886773,0.5861537710162346,110.434718,-7.0509147,232.02,0.579,0.825,3,1,16,0,0.0788,254.554,-0.021,-0.076,0.043,0.341,180.0,99.0,10.06,134.62156080555786,neo3_calibrated_direct,1,8.08716,16.2598,-26.1719,31.855166025553846,1,150.81933449769068,yahboom_calibrated_direct+neo3_cross_align,0,-934,-2336,4022,0.31942849460025063,-0.5926082509133114,0.6732154946323774,137.13831465497842,neo3_calibrated_direct:gyro_integral,1,137.13831465497842,nan,79.3267822265625,0.0,95,54,2076,0.45489831542968745,0.258573779296875,9.94072529296875,9.954487039872486,-11,-43,-303,-0.67138671875,-2.62451171875,-18.49365234375,-0.011717908796348648,-0.0458063707493629,-0.3227751241176037,-0.3227751241176037,247,-559,14441,1.3568115234375,-3.0706787109375,79.3267822265625,98725.281,305.75,1,1,0,0,7876,704,1758,3528,3528,3528,3528,21990,F4line=7876;YAH=14112
DIRECT_SERIAL,678,1789592003135696365,2026-09-16T20:53:23.135696+00:00,-1,2200373507949,1789592003100000000,1789592003,100000000,2220097,1789592003107991,1789592003100000,2,4,1.9114289798332391,0.5750942656744926,gnss_local_enu_direct,1.9114289798332391,0.5750942656744926,110.4347179,-7.0509148,232.02,0.581,0.827,3,1,16,0,0.0872,243.435,-0.039,-0.078,0.006,0.311,180.0,99.0,10.03,132.9276548590076,neo3_calibrated_direct,1,8.55713,15.6616,-25.8789,31.43608839545563,1,149.5685802903841,yahboom_calibrated_direct+neo3_cross_align,0,-851,-2270,3994,0.33146518035186695,-0.5833021665531222,0.6709028121056446,135.36306306366697,neo3_calibrated_direct:gyro_integral,1,135.36306306366697,nan,77.508544921875,0.0,159,71,2028,0.7613561279296874,0.3399766357421875,9.710881933593749,9.746613524429094,81,-146,-293,4.94384765625,-8.9111328125,-17.88330078125,0.08628641931856731,-0.1555286076606275,-0.31212247975728674,-0.31212247975728674,308,-661,14110,1.69189453125,-3.6309814453125,77.508544921875,98720.703,305.75,1,1,0,0,7893,706,1760,3533,3533,3533,3533,22027,F4line=7893;YAH=14132
DIRECT_SERIAL,679,1789592003235928455,2026-09-16T20:53:23.235929+00:00,-1,2200473740069,1789592003200000000,1789592003,200000000,2220197,1789592003208243,1789592003200000,2,4,1.9224777065844407,0.5750942661847019,gnss_local_enu_direct,1.9224777065844407,0.5750942661847019,110.434718,-7.0509148,232.03,0.582,0.827,3,1,16,0,0.0559,206.565,-0.05,-0.025,-0.013,0.169,173.225,99.0,10.03,130.6187303745367,neo3_calibrated_direct,1,9.23462,14.8804,-25.7324,31.12653081318893,1,147.92487405423145,yahboom_calibrated_direct+neo3_cross_align,0,-751,-2170,3971,0.346003346378086,-0.5692474812348742,0.6661538940793503,133.96168502564262,neo3_calibrated_direct:gyro_integral,1,133.96168502564262,nan,76.04736328125,0.0,149,42,2009,0.7134720947265625,0.201112939453125,9.619902270507811,9.648420002181203,-30,23,-180,-1.8310546875,1.40380859375,-10.986328125,-0.03195793308095086,0.024501082028728992,-0.19174759848570516,-0.19174759848570516,356,-707,13844,1.95556640625,-3.8836669921875,76.04736328125,98723.453,305.75,1,1,0,0,7903,707,1763,3538,3538,3538,3538,22057,F4line=7903;YAH=14152
DIRECT_SERIAL,680,1789592003335962236,2026-09-16T20:53:23.335962+00:00,-1,2200573773842,1789592003300000000,1789592003,300000000,2220297,1789592003308261,1789592003300000,2,4,1.9114289824964321,0.5750942666573186,gnss_local_enu_direct,1.9114289824964321,0.5750942666573186,110.4347179,-7.0509148,232.03,0.584,0.828,3,1,16,0,0.1658,292.7,0.064,-0.153,0.016,0.405,139.933,99.0,10.02,129.98917323658674,neo3_calibrated_direct,1,9.36279,14.624,-25.7812,31.083653035383403,1,147.3205738561436,yahboom_calibrated_direct+neo3_cross_align,0,-726,-2115,3995,0.34969081503195637,-0.5615703314571535,0.6615473552895599,132.9038945835056,neo3_calibrated_direct:gyro_integral,1,132.9038945835056,nan,74.981689453125,0.0,148,30,2076,0.70868369140625,0.143652099609375,9.94072529296875,9.96698990921813,-35,-12,-166,-2.13623046875,-0.732421875,-10.1318359375,-0.03728425526110934,-0.012783173232380343,-0.17683389638126143,-0.17683389638126143,328,-695,13650,1.8017578125,-3.8177490234375,74.981689453125,98720.398,305.75,1,1,0,0,7913,708,1765,3543,3543,3543,3543,22087,F4line=7913;YAH=14172
DIRECT_SERIAL,681,1789592003436406460,2026-09-16T20:53:23.436407+00:00,-1,2200674218008,1789592003400000000,1789592003,400000000,2220396,1789592003407268,1789592003400000,2,4,1.9003802590136991,0.5750942660525973,gnss_local_enu_direct,1.9003802590136991,0.5750942660525973,110.4347178,-7.0509148,232.02,0.585,0.829,3,1,16,0,0.0377,212.005,-0.032,-0.02,0.044,0.235,180.0,99.0,10.03,128.8884873501255,neo3_calibrated_direct,1,9.64355,14.2212,-25.3174,30.59757063563217,1,146.78810947562593,yahboom_calibrated_direct+neo3_cross_align,0,-700,-2074,3956,0.35349720177243116,-0.5558343740503298,0.6587200642434241,131.84726841754926,neo3_calibrated_direct:gyro_integral,1,131.84726841754926,nan,73.8885498046875,0.0,144,55,2017,0.689530078125,0.26336218261718747,9.658209497070311,9.686373008364436,-52,-50,-122,-3.173828125,-3.0517578125,-7.4462890625,-0.05539375067364816,-0.05326322180158476,-0.12996226119586682,-0.12996226119586682,288,-778,13451,1.58203125,-4.273681640625,73.8885498046875,98724.062,305.75,1,1,0,0,7923,709,1768,3549,3549,3549,3549,22121,F4line=7923;YAH=14196
DIRECT_SERIAL,682,1789592003549542297,2026-09-16T20:53:23.549542+00:00,-1,2200787353943,1789592003500000000,1789592003,500000000,2220497,1789592003508477,1789592003500000,2,4,1.900380261676892,0.5750942670354233,gnss_local_enu_direct,1.900380261676892,0.5750942670354233,110.4347178,-7.0509148,232.03,0.586,0.831,3,1,16,0,0.0357,107.928,-0.011,0.034,0.014,0.357,180.0,99.0,10.01,128.56848816913117,neo3_calibrated_direct,1,9.80225,14.1602,-25.1953,30.518822244518216,1,146.75015943325084,yahboom_calibrated_direct+neo3_cross_align,0,-687,-2089,3969,0.3553377646850117,-0.557893178177239,0.6614451793369133,131.38221416498592,neo3_calibrated_direct:gyro_integral,1,131.38221416498592,nan,73.3831787109375,0.0,100,33,2063,0.47884033203125,0.1580173095703125,9.878476049804688,9.891336947059708,-94,56,-41,-5.7373046875,3.41796875,-2.50244140625,-0.10013485698697935,0.059654808417774936,-0.043675841877299504,-0.043675841877299504,215,-749,13359,1.1810302734375,-4.1143798828125,73.3831787109375,98721.312,305.75,1,1,0,0,7933,710,1770,3554,3554,3554,3554,22151,F4line=7933;YAH=14216
DIRECT_SERIAL,683,1789592003654756619,2026-09-16T20:53:23.654757+00:00,-1,2200892568349,1789592003600000000,1789592003,600000000,2220598,1789592003609253,1789592003600000,2,4,1.9003802590136991,0.5750942660525973,gnss_local_enu_direct,1.9003802590136991,0.5750942660525973,110.4347178,-7.0509148,232.02,0.587,0.832,3,1,16,0,0.0808,262.171,-0.011,-0.08,-0.019,0.311,180.0,99.0,10.0,129.06373246032217,neo3_calibrated_direct,1,9.59473,14.2822,-25.0732,30.408969710480164,1,147.3468003712716,yahboom_calibrated_direct+neo3_cross_align,0,-734,-2106,3902,0.34855775380000437,-0.5603354018286568,0.6599001972090831,131.74599520911357,neo3_calibrated_direct:gyro_integral,1,131.74599520911357,nan,73.67431640625,0.0,98,53,2077,0.469263525390625,0.2537853759765625,9.945513696289062,9.9598121446338,-118,12,133,-7.2021484375,0.732421875,8.11767578125,-0.12570120345174005,0.012783173232380343,0.14168016999221547,0.14168016999221547,96,-692,13412,0.52734375,-3.80126953125,73.67431640625,98724.672,305.75,1,1,0,0,7952,711,1773,3559,3559,3559,3559,22190,F4line=7952;YAH=14236
DIRECT_SERIAL,684,1789592003755450676,2026-09-16T20:53:23.755451+00:00,-1,2200993262281,1789592003700000000,1789592003,700000000,2220696,1789592003707223,1789592003700000,2,4,1.8893315349256903,0.5750942665252139,gnss_local_enu_direct,1.8893315349256903,0.5750942665252139,110.4347177,-7.0509148,232.02,0.588,0.833,3,1,16,0,0.0684,115.067,-0.029,0.062,0.036,0.338,180.0,99.0,10.03,130.8811667561385,neo3_calibrated_direct,1,9.27734,15.0635,-24.7559,30.42749832857772,1,148.7313445135724,yahboom_calibrated_direct+neo3_cross_align,0,-805,-2210,3856,0.33817743605934164,-0.5748940546975874,0.6669836222774159,133.26182756464658,neo3_calibrated_direct:gyro_integral,1,133.26182756464658,nan,75.16845703125,0.0,108,23,2046,0.51714755859375,0.11013327636718749,9.797073193359374,9.8113309031937,-91,18,209,-5.55419921875,1.0986328125,12.75634765625,-0.09693906367888427,0.019174759848570515,0.22264026713062432,0.22264026713062432,-48,-695,13684,-0.263671875,-3.8177490234375,75.16845703125,98724.367,305.75,1,1,0,0,7965,712,1776,3565,3565,3565,3565,22227,F4line=7965;YAH=14260
DIRECT_SERIAL,685,1789592003870734740,2026-09-16T20:53:23.870735+00:00,-1,2201108546373,1789592003800000000,1789592003,800000000,2220797,1789592003808483,1789592003800000,2,4,1.9003802557001828,0.5750942651684904,gnss_local_enu_direct,1.9003802557001828,0.5750942651684904,110.4347178,-7.0509148,232.01,0.588,0.835,3,1,16,0,0.088,90.0,0.0,0.088,-0.046,0.352,180.0,99.0,10.01,131.88216031161835,neo3_calibrated_direct,1,8.92334,15.3564,-24.5728,30.319424756343913,1,150.17777498758574,yahboom_calibrated_direct+neo3_cross_align,0,-905,-2277,3828,0.32369748989516983,-0.5843689137228607,0.6680322539294564,134.7863088807486,neo3_calibrated_direct:gyro_integral,1,134.7863088807486,nan,76.66259765625,0.0,136,32,2007,0.6512228515624999,0.15322890625,9.610325463867188,9.633583228558408,-88,93,259,-5.37109375,5.67626953125,15.80810546875,-0.09374327037078918,0.09906959255094766,0.27590348893220906,0.27590348893220906,-146,-640,13956,-0.802001953125,-3.515625,76.66259765625,98724.062,305.75,1,1,0,0,7975,713,1778,3570,3570,3570,3570,22257,F4line=7975;YAH=14280
DIRECT_SERIAL,686,1789592003974088260,2026-09-16T20:53:23.974088+00:00,-1,2201211899953,1789592003900000000,1789592003,900000000,2220896,1789592003907392,1789592003900000,2,4,1.889331529060177,0.575094264785365,gnss_local_enu_direct,1.889331529060177,0.575094264785365,110.4347177,-7.0509148,232.0,0.589,0.836,3,1,16,0,0.0481,273.576,0.003,-0.048,0.029,0.344,180.0,99.0,10.02,134.96689002686136,neo3_calibrated_direct,1,7.97729,16.3696,-24.4141,30.45733472768259,1,152.42119201056198,yahboom_calibrated_direct+neo3_cross_align,0,-1074,-2355,3754,0.29928853499105046,-0.5954921139512849,0.6664716685315732,136.3447412342614,neo3_calibrated_direct:gyro_integral,1,136.3447412342614,nan,78.2171630859375,0.0,73,-42,1937,0.3495534423828125,-0.201112939453125,9.275137231445312,9.283900294899777,-56,221,230,-3.41796875,13.48876953125,14.0380859375,-0.059654808417774936,0.23542344036300467,0.2450108202872899,0.2450108202872899,-220,-467,14239,-1.20849609375,-2.5653076171875,78.2171630859375,98726.805,305.75,1,1,0,0,7985,714,1781,3575,3575,3575,3575,22287,F4line=7985;YAH=14300
DIRECT_SERIAL,687,1789592004074410851,2026-09-16T20:53:24.074411+00:00,-1,2201312222446,1789592004000000000,1789592004,0,2221007,1789592004018716,1789592004000000,2,4,1.8782828040544055,0.5750942642394488,gnss_local_enu_direct,1.8782828040544055,0.5750942642394488,110.4347176,-7.0509148,231.99,0.589,0.837,3,1,16,0,0.0483,214.019,-0.04,-0.027,0.048,0.226,180.0,99.0,9.87,136.87262433937275,neo3_calibrated_direct,1,6.98853,16.6626,-24.9268,30.786801531839906,1,154.73363661370246,yahboom_calibrated_direct+neo3_cross_align,0,-1258,-2412,3696,0.27276236775977697,-0.6037273428396558,0.662484727188598,137.7809464002788,neo3_calibrated_direct:gyro_integral,1,137.7809464002788,nan,79.6728515625,0.0,0,-175,2507,0.0,-0.8379705810546875,12.004527124023436,12.033738661202824,-59,20,171,-3.60107421875,1.220703125,10.43701171875,-0.06285060172587002,0.021305288720633905,0.1821602185614199,0.1821602185614199,-255,-211,14504,-1.4007568359375,-1.1590576171875,79.6728515625,98724.062,305.75,1,1,0,0,7997,715,1784,3581,3581,3581,3580,22322,F4line=7997;YAH=14323
DIRECT_SERIAL,688,1789592004174476812,2026-09-16T20:53:24.174477+00:00,-1,2201412288392,1789592004100000000,1789592004,100000000,2221100,1789592004111004,1789592004100000,2,4,1.8672340793737956,0.5750942635864055,gnss_local_enu_direct,1.8672340793737956,0.5750942635864055,110.4347175,-7.0509148,231.98,0.59,0.838,3,1,16,0,0.0569,219.289,-0.044,-0.036,0.03,0.2,180.0,99.0,10.0,138.06276480643965,neo3_calibrated_direct,1,6.63452,17.0898,-24.585,30.667578069850904,1,156.63336968915164,yahboom_calibrated_direct+neo3_cross_align,0,-1414,-2443,3629,0.2503033585393571,-0.6083048250687946,0.6577891238824634,138.5614362243725,neo3_calibrated_direct:gyro_integral,1,138.5614362243725,nan,80.4638671875,0.0,56,-112,2368,0.26815058593749996,-0.5363011718749999,11.3389390625,11.354781492692032,-79,-27,122,-4.82177734375,-1.64794921875,7.4462890625,-0.08415589044650393,-0.02876213977285577,0.12996226119586682,0.12996226119586682,-292,-182,14648,-1.60400390625,-0.999755859375,80.4638671875,98723.141,305.75,1,1,0,0,8006,716,1786,3586,3586,3586,3586,22352,F4line=8006;YAH=14344
DIRECT_SERIAL,689,1789592004285490789,2026-09-16T20:53:24.285491+00:00,-1,2201523302351,1789592004200000000,1789592004,200000000,2221199,1789592004209965,1789592004200000,2,4,1.8672340705199277,0.5750942609708576,gnss_local_enu_direct,1.8672340705199277,0.5750942609708576,110.4347175,-7.0509148,231.95,0.59,0.839,3,1,16,0,0.04,126.87,-0.024,0.032,0.045,0.251,180.0,99.0,10.02,138.38184123790631,neo3_calibrated_direct,1,6.45142,17.1143,-24.4141,30.50521862430099,1,157.30868644025986,yahboom_calibrated_direct+neo3_cross_align,0,-1463,-2469,3643,0.24322023466611845,-0.6119996207311477,0.6585587432614575,139.00448516736725,neo3_calibrated_direct:gyro_integral,1,139.00448516736725,nan,80.947265625,0.0,18,-77,2126,0.086191259765625,-0.3687070556640625,10.180145458984374,10.187184861002406,-59,-56,62,-3.60107421875,-3.41796875,3.7841796875,-0.06285060172587002,-0.059654808417774936,0.0660463950339651,0.0660463950339651,-350,-286,14736,-1.922607421875,-1.571044921875,80.947265625,98722.227,305.75,1,1,0,0,8018,717,1789,3591,3591,3591,3591,22384,F4line=8018;YAH=14364
DIRECT_SERIAL,690,1789592004391317380,2026-09-16T20:53:24.391318+00:00,-1,2201629129132,1789592004300000000,1789592004,300000000,2221295,1789592004306801,1789592004300000,2,4,1.8561853467570806,0.5750942613363471,gnss_local_enu_direct,1.8561853467570806,0.5750942613363471,110.4347174,-7.0509148,231.95,0.59,0.841,3,1,16,0,0.0333,302.735,0.018,-0.028,0.027,0.331,180.0,99.0,10.08,138.59317615213857,neo3_calibrated_direct,1,6.43311,17.2363,-24.3896,30.550409655552905,1,157.9433104275664,yahboom_calibrated_direct+neo3_cross_align,0,-1504,-2507,3596,0.23726487931010018,-0.6173456938668135,0.661370039153524,139.4451034599076,neo3_calibrated_direct:gyro_integral,1,139.4451034599076,nan,81.3922119140625,0.0,1,-107,2019,0.0047884033203125,-0.5123591552734374,9.667786303710937,9.681354597731644,-114,-28,82,-6.9580078125,-1.708984375,5.0048828125,-0.12144014570761326,-0.029827404208887468,0.08735168375459901,0.08735168375459901,-449,-324,14817,-2.4664306640625,-1.77978515625,81.3922119140625,98724.367,305.75,1,1,0,0,8026,718,1791,3596,3596,3596,3596,22412,F4line=8026;YAH=14384
DIRECT_SERIAL,691,1789592004492957685,2026-09-16T20:53:24.492958+00:00,-1,2201730769294,1789592004400000000,1789592004,400000000,2221398,1789592004409169,1789592004400000,2,4,1.8561853470496719,0.5861537669280438,gnss_local_enu_direct,1.8561853470496719,0.5861537669280438,110.4347174,-7.0509147,231.95,0.59,0.843,3,1,16,0,0.0566,98.13,-0.008,0.056,0.023,0.301,180.0,99.0,10.02,139.28127365494692,neo3_calibrated_direct,1,6.29272,17.5537,-24.0112,30.401783403747878,1,158.18836900009146,yahboom_calibrated_direct+neo3_cross_align,0,-1504,-2564,3556,0.23716431773020047,-0.625256302918315,0.6687244260108278,139.7865798571251,neo3_calibrated_direct:gyro_integral,1,139.7865798571251,nan,81.80419921875,0.0,143,-108,1991,0.6847416748046875,-0.51714755859375,9.533711010742186,9.572249390551868,-6,-100,0,-0.3662109375,-6.103515625,0.0,-0.006391586616190171,-0.10652644360316953,0.0,0.0,-544,-401,14892,-2.98828125,-2.2027587890625,81.80419921875,98722.836,305.75,1,1,0,0,8038,719,1794,3601,3601,3601,3601,22444,F4line=8038;YAH=14404
DIRECT_SERIAL,692,1789592004593450755,2026-09-16T20:53:24.593451+00:00,-1,2201831262331,1789592004500000000,1789592004,500000000,2221497,1789592004508002,1789592004500000,2,4,1.8451366206897801,0.5861537655747076,gnss_local_enu_direct,1.8451366206897801,0.5861537655747076,110.4347173,-7.0509147,231.93,0.59,0.844,3,1,16,0,0.0322,154.231,-0.029,0.014,-0.003,0.272,180.0,99.0,10.03,139.02543517588785,neo3_calibrated_direct,1,6.45752,17.5537,-23.8647,30.320881489996296,1,157.86449568661547,yahboom_calibrated_direct+neo3_cross_align,0,-1471,-2575,3525,0.24188428603612316,-0.6267246918205926,0.6717825892123298,139.65854369861657,neo3_calibrated_direct:gyro_integral,1,139.65854369861657,nan,81.71630859375,0.0,94,-115,1979,0.45010991210937495,-0.5506663818359374,9.476250170898437,9.502902172416384,12,22,-68,0.732421875,1.3427734375,-4.150390625,0.012783173232380343,0.023435817592697295,-0.07243798165015528,-0.07243798165015528,-540,-420,14876,-2.96630859375,-2.30712890625,81.71630859375,98723.758,305.75,1,1,0,0,8049,720,1797,3607,3607,3607,3607,22479,F4line=8049;YAH=14428
DIRECT_SERIAL,693,1789592004711808364,2026-09-16T20:53:24.711808+00:00,-1,2201949619991,1789592004600000000,1789592004,600000000,2221598,1789592004609284,1789592004600000,2,4,1.8340878948112935,0.5861537649888773,gnss_local_enu_direct,1.8340878948112935,0.5861537649888773,110.4347172,-7.0509147,231.92,0.59,0.846,3,1,16,0,0.0184,102.529,-0.004,0.018,-0.05,0.275,180.0,99.0,10.01,138.7890499158727,neo3_calibrated_direct,1,6.49414,17.4316,-23.9624,30.335311876748523,1,157.83779731435448,yahboom_calibrated_direct+neo3_cross_align,0,-1469,-2574,3523,0.24217328511840364,-0.6265823807291663,0.6717539578337217,139.0837286508864,neo3_calibrated_direct:gyro_integral,1,139.0837286508864,nan,81.134033203125,0.0,17,-112,2000,0.08140285644531249,-0.5363011718749999,9.576806640625,9.592156733702335,0,-8,-71,0.0,-0.48828125,-4.33349609375,0.0,-0.008522115488253563,-0.07563377495825037,-0.07563377495825037,-526,-390,14770,-2.889404296875,-2.142333984375,81.134033203125,98724.977,305.75,1,1,0,0,8065,721,1799,3612,3612,3612,3612,22515,F4line=8065;YAH=14448
DIRECT_SERIAL,694,1789592004812287113,2026-09-16T20:53:24.812287+00:00,-1,2202050098737,1789592004700000000,1789592004,700000000,2221699,1789592004710612,1789592004700000,2,4,1.834087891934135,0.5861537641247273,gnss_local_enu_direct,1.834087891934135,0.5861537641247273,110.4347172,-7.0509147,231.91,0.59,0.847,3,1,16,0,0.0472,248.875,-0.017,-0.044,0.038,0.281,180.0,99.0,10.0,138.25424417764737,neo3_calibrated_direct,1,6.66504,17.2485,-23.8037,30.142157257595215,1,157.357583993943,yahboom_calibrated_direct+neo3_cross_align,0,-1437,-2546,3519,0.24681844129381833,-0.6226400118870815,0.6697760277626059,138.85404047144337,neo3_calibrated_direct:gyro_integral,1,138.85404047144337,nan,80.8868408203125,0.0,119,-115,2028,0.5698199951171875,-0.5506663818359374,9.710881933593749,9.743159457748657,0,-1,-5,0.0,-0.06103515625,-0.30517578125,0.0,-0.0010652644360316954,-0.005326322180158476,-0.005326322180158476,-527,-424,14725,-2.8948974609375,-2.3291015625,80.8868408203125,98725.281,305.75,1,1,0,0,8079,722,1802,3617,3617,3617,3617,22549,F4line=8079;YAH=14468
DIRECT_SERIAL,695,1789592004912301049,2026-09-16T20:53:24.912301+00:00,-1,2202150112644,1789592004800000000,1789592004,800000000,2221797,1789592004807447,1789592004800000,2,4,1.8230391694803605,0.5861537645500879,gnss_local_enu_direct,1.8230391694803605,0.5861537645500879,110.4347171,-7.0509147,231.91,0.59,0.849,3,1,16,0,0.0334,141.072,-0.026,0.021,-0.011,0.311,180.0,99.0,10.03,138.01382639466215,neo3_calibrated_direct,1,6.7627,17.1875,-24.0234,30.30293740052274,1,157.41358750237717,yahboom_calibrated_direct+neo3_cross_align,0,-1442,-2546,3527,0.2461003541837267,-0.6226488330783008,0.6695199426926172,138.68815632831584,neo3_calibrated_direct:gyro_integral,1,138.68815632831584,nan,80.74951171875,0.0,58,-90,2057,0.277727392578125,-0.430956298828125,9.849745629882811,9.863079884573754,1,0,-57,0.06103515625,0.0,-3.47900390625,0.0010652644360316954,0.0,-0.06072007285380663,-0.06072007285380663,-529,-427,14700,-2.9058837890625,-2.3455810546875,80.74951171875,98720.094,305.75,1,1,0,0,8089,723,1805,3622,3622,3622,3622,22579,F4line=8089;YAH=14488
DIRECT_SERIAL,696,1789592005012384385,2026-09-16T20:53:25.012384+00:00,-1,2202250195985,1789592004900000000,1789592004,900000000,2221898,1789592004908562,1789592004900000,2,4,1.8119904400534887,0.5750942564951451,gnss_local_enu_direct,1.8119904400534887,0.5750942564951451,110.434717,-7.0509148,231.88,0.591,0.85,3,1,16,0,0.0515,150.945,-0.045,0.025,0.032,0.247,180.0,99.0,10.01,137.6633214563016,neo3_calibrated_direct,1,6.84814,17.041,-23.8159,30.074736827935833,1,156.9217677054456,yahboom_calibrated_direct+neo3_cross_align,0,-1406,-2526,3523,0.2513058661412639,-0.6198096682027495,0.6688188567576525,137.92545175153418,neo3_calibrated_direct:gyro_integral,1,137.92545175153418,nan,80.00244140625,0.0,61,-114,2047,0.2920926025390625,-0.5458779785156249,9.801861596679688,9.821394586124233,5,30,-116,0.30517578125,1.8310546875,-7.080078125,0.005326322180158476,0.03195793308095086,-0.12357067457967666,-0.12357067457967666,-518,-406,14564,-2.845458984375,-2.230224609375,80.00244140625,98722.531,305.75,1,1,0,0,8099,724,1807,3628,3628,3628,3627,22612,F4line=8099;YAH=14511
DIRECT_SERIAL,697,1789592005112536917,2026-09-16T20:53:25.112537+00:00,-1,2202350348504,1789592005000000000,1789592005,0,2222005,1789592005016491,1789592005000000,2,4,1.8009417167269992,0.5750942568805918,gnss_local_enu_direct,1.8009417167269992,0.5750942568805918,110.4347169,-7.0509148,231.88,0.591,0.852,3,1,16,0,0.0314,210.651,-0.027,-0.016,0.041,0.224,180.0,99.0,9.91,136.8668543661499,neo3_calibrated_direct,1,7.08008,16.748,-23.7061,29.87644915341179,1,155.95332480000067,yahboom_calibrated_direct+neo3_cross_align,0,-1339,-2478,3476,0.26101291685219735,-0.6130298987233572,0.6662832727094848,137.42568288654383,neo3_calibrated_direct:gyro_integral,1,137.42568288654383,nan,79.4696044921875,0.0,110,-115,2049,0.5267243652343749,-0.5506663818359374,9.811438403320311,9.840985497558894,1,1,-50,0.06103515625,0.06103515625,-3.0517578125,0.0010652644360316954,0.0010652644360316954,-0.05326322180158476,-0.05326322180158476,-511,-400,14467,-2.8070068359375,-2.197265625,79.4696044921875,98724.062,305.75,1,1,0,0,8110,725,1809,3633,3633,3633,3633,22644,F4line=8110;YAH=14532
DIRECT_SERIAL,698,1789592005231367102,2026-09-16T20:53:25.231367+00:00,-1,2202469178862,1789592005100000000,1789592005,100000000,2222099,1789592005110094,1789592005100000,2,4,1.7898929892804265,0.5750942556060177,gnss_local_enu_direct,1.7898929892804265,0.5750942556060177,110.4347168,-7.0509148,231.86,0.591,0.853,3,1,16,0,0.0246,206.565,-0.022,-0.011,-0.029,0.185,180.0,99.0,10.02,136.9549303537327,neo3_calibrated_direct,1,7.18384,16.9067,-23.4009,29.74972576084694,1,155.65617356520636,yahboom_calibrated_direct+neo3_cross_align,0,-1308,-2488,3462,0.2654474145523272,-0.614363033487184,0.6692565030002248,137.34524889630922,neo3_calibrated_direct:gyro_integral,1,137.34524889630922,nan,79.3707275390625,0.0,84,-101,2042,0.40222587890625,-0.4836287353515625,9.777919580078125,9.798132154946412,-1,-9,0,-0.06103515625,-0.54931640625,0.0,-0.0010652644360316954,-0.009587379924285258,0.0,0.0,-513,-411,14449,-2.8179931640625,-2.2576904296875,79.3707275390625,98720.703,305.75,1,1,0,0,8120,726,1812,3638,3638,3638,3638,22674,F4line=8120;YAH=14552
DIRECT_SERIAL,699,1789592005332230956,2026-09-16T20:53:25.332231+00:00,-1,2202570042769,1789592005200000000,1789592005,200000000,2222198,1789592005209329,1789592005200000,2,4,1.7898929892804265,0.5750942556060177,gnss_local_enu_direct,1.7898929892804265,0.5750942556060177,110.4347168,-7.0509148,231.86,0.591,0.854,3,1,16,0,0.0308,76.866,0.007,0.03,-0.051,0.283,180.0,99.0,10.03,136.7672122705739,neo3_calibrated_direct,1,7.15942,16.7603,-23.645,29.853826820466416,1,155.58821707254296,yahboom_calibrated_direct+neo3_cross_align,0,-1301,-2490,3494,0.26644920802996785,-0.6146282490493542,0.6698978018991196,137.34524889630922,neo3_calibrated_direct:gyro_integral,1,137.34524889630922,nan,79.376220703125,0.0,79,-102,2051,0.37828386230468747,-0.488417138671875,9.821015209960937,9.840426298495032,-2,-5,0,-0.1220703125,-0.30517578125,0.0,-0.0021305288720633907,-0.005326322180158476,0.0,0.0,-517,-422,14450,-2.8399658203125,-2.318115234375,79.376220703125,98721.922,305.75,1,1,0,0,8131,727,1815,3643,3643,3643,3643,22705,F4line=8131;YAH=14572
DIRECT_SERIAL,700,1789592005432393374,2026-09-16T20:53:25.432394+00:00,-1,2202670204951,1789592005300000000,1789592005,300000000,2222296,1789592005307044,1789592005300000,2,4,1.7788442603023893,0.5750942540174043,gnss_local_enu_direct,1.7788442603023893,0.5750942540174043,110.4347167,-7.0509148,231.84,0.591,0.855,3,1,16,0,0.0582,118.768,-0.028,0.051,0.014,0.31,180.0,99.0,10.06,136.9644417010654,neo3_calibrated_direct,1,7.18994,16.9189,-23.4253,29.777325173755955,1,155.51871681288196,yahboom_calibrated_direct+neo3_cross_align,0,-1296,-2487,3466,0.2671725878547911,-0.6142030800133191,0.6697959504198826,137.16568365485514,neo3_calibrated_direct:gyro_integral,1,137.16568365485514,nan,79.2333984375,0.0,18,-78,2039,0.086191259765625,-0.373495458984375,9.763554370117188,9.771075771345567,3,9,-77,0.18310546875,0.54931640625,-4.69970703125,0.0031957933080950856,0.009587379924285258,-0.08202536157444054,-0.08202536157444054,-517,-421,14424,-2.8399658203125,-2.3126220703125,79.2333984375,98720.703,305.75,1,1,0,0,8139,728,1817,3649,3649,3649,3649,22737,F4line=8139;YAH=14596
DIRECT_SERIAL,701,1789592005533159103,2026-09-16T20:53:25.533159+00:00,-1,2202770970706,1789592005400000000,1789592005,400000000,2222397,1789592005408191,1789592005400000,2,4,1.7677955331809785,0.5750942526357031,gnss_local_enu_direct,1.7677955331809785,0.5750942526357031,110.4347166,-7.0509148,231.82,0.591,0.857,3,1,16,0,0.0146,164.055,-0.014,0.004,-0.053,0.245,180.0,99.0,10.03,136.1765728882822,neo3_calibrated_direct,1,7.36694,16.5771,-23.6572,29.81166149703166,1,154.9238720842552,yahboom_calibrated_direct+neo3_cross_align,0,-1249,-2471,3449,0.27395083450155455,-0.61189963897684,0.6704254081581972,136.51863298969468,neo3_calibrated_direct:gyro_integral,1,136.51863298969468,nan,78.585205078125,0.0,147,-96,2044,0.7038952880859375,-0.45968671875,9.787496386718749,9.823536327413732,4,6,-88,0.244140625,0.3662109375,-5.37109375,0.004261057744126781,0.006391586616190171,-0.09374327037078918,-0.09374327037078918,-509,-403,14306,-2.7960205078125,-2.2137451171875,78.585205078125,98724.367,305.75,1,1,0,0,8151,729,1820,3654,3654,3654,3654,22769,F4line=8151;YAH=14616
DIRECT_SERIAL,702,1789592005633173084,2026-09-16T20:53:25.633173+00:00,-1,2202870984667,1789592005500000000,1789592005,500000000,2222498,1789592005508439,1789592005500000,2,4,1.7677955271256436,0.5640347455205373,gnss_local_enu_direct,1.7677955271256436,0.5640347455205373,110.4347166,-7.0509149,231.8,0.591,0.858,3,1,16,0,0.0724,116.211,-0.032,0.065,-0.003,0.334,180.0,99.0,10.01,136.19228048753763,neo3_calibrated_direct,1,7.44629,16.6626,-23.3398,29.628292856053992,1,154.43381280382846,yahboom_calibrated_direct+neo3_cross_align,0,-1216,-2445,3445,0.27873607962249985,-0.6082330711263885,0.6690599905054545,136.41850048114932,neo3_calibrated_direct:gyro_integral,1,136.41850048114932,nan,78.453369140625,0.0,94,-93,2019,0.45010991210937495,-0.44532150878906246,9.667786303710937,9.688498448851094,1,3,0,0.06103515625,0.18310546875,0.0,0.0010652644360316954,0.0031957933080950856,0.0,0.0,-509,-411,14282,-2.7960205078125,-2.2576904296875,78.453369140625,98721.617,305.75,1,1,0,0,8167,730,1822,3659,3659,3659,3659,22805,F4line=8167;YAH=14636
DIRECT_SERIAL,703,1789592005733878815,2026-09-16T20:53:25.733879+00:00,-1,2202971690427,1789592005600000000,1789592005,600000000,2222600,1789592005610757,1789592005600000,2,4,1.7567467995678752,0.5640347441188791,gnss_local_enu_direct,1.7567467995678752,0.5640347441188791,110.4347165,-7.0509149,231.78,0.591,0.859,3,1,16,0,0.0601,266.186,-0.004,-0.06,-0.038,0.261,180.0,99.0,9.98,135.80073784985603,neo3_calibrated_direct,1,7.51953,16.4795,-23.8037,29.912094299144286,1,154.486551742727,yahboom_calibrated_direct+neo3_cross_align,0,-1219,-2449,3444,0.27829817040346944,-0.6087934943008746,0.669387324613327,136.4172774712006,neo3_calibrated_direct:gyro_integral,1,136.4172774712006,nan,78.453369140625,0.0,66,-110,2041,0.316034619140625,-0.5267243652343749,9.773131176757811,9.792415914142047,0,-5,0,0.0,-0.30517578125,0.0,0.0,-0.005326322180158476,0.0,0.0,-511,-414,14282,-2.8070068359375,-2.274169921875,78.453369140625,98726.805,305.75,1,1,0,0,8179,731,1825,3664,3664,3664,3664,22837,F4line=8179;YAH=14656
DIRECT_SERIAL,704,1789592005833955774,2026-09-16T20:53:25.833956+00:00,-1,2203071767390,1789592005800000000,1789592005,800000000,2222795,1789592005806589,1789592005800000,2,4,1.7456980756487843,0.5640347434942008,gnss_local_enu_direct,1.7456980756487843,0.5640347434942008,110.4347164,-7.0509149,231.77,0.591,0.861,3,1,16,0,0.0562,95.102,-0.005,0.056,-0.069,0.311,180.0,99.0,10.03,136.0899288986481,neo3_calibrated_direct,1,7.4646,16.6138,-23.4131,29.663308231045303,1,154.4932517061085,yahboom_calibrated_direct+neo3_cross_align,0,-1216,-2457,3444,0.2787149087635736,-0.6098984625056519,0.6705655336608386,136.4172774712006,neo3_calibrated_direct:gyro_integral,1,136.4172774712006,nan,78.453369140625,0.0,91,-96,2047,0.43574470214843747,-0.45968671875,9.801861596679688,9.822305029131892,-1,-3,0,-0.06103515625,-0.18310546875,0.0,-0.0010652644360316954,-0.0031957933080950856,0.0,0.0,-512,-420,14282,-2.8125,-2.30712890625,78.453369140625,98725.586,305.75,1,1,0,0,8191,732,1827,3669,3669,3669,3669,22869,F4line=8191;YAH=14676
DIRECT_SERIAL,705,1789592005934181503,2026-09-16T20:53:25.934181+00:00,-1,2203171993114,1789592005800000000,1789592005,800000000,2222795,1789592005806589,1789592005800000,2,4,1.7346493452138572,0.5640347413439276,gnss_local_enu_direct,1.7346493452138572,0.5640347413439276,110.4347163,-7.0509149,231.74,0.591,0.862,3,1,16,0,0.0345,119.539,-0.017,0.03,0.021,0.268,180.0,99.0,10.06,135.7129018220887,neo3_calibrated_direct,1,7.50122,16.4062,-23.4497,29.585809605593017,1,154.64900873645098,yahboom_calibrated_direct+neo3_cross_align,0,-1232,-2453,3446,0.27642408696425563,-0.6093715598577992,0.6691367377580981,136.4172774712006,neo3_calibrated_direct:gyro_integral,1,136.4172774712006,nan,78.4588623046875,0.0,69,-110,2040,0.33039982910156246,-0.5267243652343749,9.7683427734375,9.788111316457865,0,-1,0,0.0,-0.06103515625,0.0,0.0,-0.0010652644360316954,0.0,0.0,-513,-420,14283,-2.8179931640625,-2.30712890625,78.4588623046875,98721.922,305.75,1,1,0,0,8202,733,1830,3674,3674,3674,3674,22900,F4line=8202;YAH=14696
DIRECT_SERIAL,706,1789592006035734338,2026-09-16T20:53:26.035734+00:00,-1,2203273545977,1789592005900000000,1789592005,900000000,2222898,1789592005909101,1789592005900000,2,4,1.7125518967253526,0.564034740308825,gnss_local_enu_direct,1.7125518967253526,0.564034740308825,110.4347161,-7.0509149,231.72,0.59,0.863,3,1,16,0,0.0563,282.308,0.012,-0.055,0.016,0.332,180.0,99.0,10.0,135.6990189432063,neo3_calibrated_direct,1,7.55005,16.4429,-23.4009,29.579965115302283,1,154.3341633464232,yahboom_calibrated_direct+neo3_cross_align,0,-1211,-2436,3438,0.2794700448767862,-0.6069752064007216,0.6682233213295025,136.4172774712006,neo3_calibrated_direct:gyro_integral,1,136.4172774712006,nan,78.4588623046875,0.0,87,-101,2081,0.4165910888671875,-0.4836287353515625,9.964667309570311,9.985090859847022,0,0,0,0.0,0.0,0.0,0.0,0.0,0.0,0.0,-515,-426,14283,-2.8289794921875,-2.340087890625,78.4588623046875,98722.531,305.75,1,1,0,0,8210,734,1832,3679,3679,3679,3679,22928,F4line=8210;YAH=14716
DIRECT_SERIAL,707,1789592006135965887,2026-09-16T20:53:26.135966+00:00,-1,2203373777505,1789592006100000000,1789592006,100000000,2223097,1789592006108163,1789592006100000,2,4,1.6904544389466225,0.5640347365226825,gnss_local_enu_direct,1.6904544389466225,0.5640347365226825,110.4347159,-7.0509149,231.67,0.59,0.865,3,1,16,0,0.0444,352.235,0.044,-0.006,-0.024,0.189,180.0,99.0,10.04,135.8620802988113,neo3_calibrated_direct,1,7.4646,16.4673,-23.5352,29.678238854251443,1,154.4387762601902,yahboom_calibrated_direct+neo3_cross_align,0,-1216,-2446,3448,0.27873431538425597,-0.6083718537413271,0.6691854234794632,136.4172774712006,neo3_calibrated_direct:gyro_integral,1,136.4172774712006,nan,78.4588623046875,0.0,79,-112,2047,0.37828386230468747,-0.5363011718749999,9.801861596679688,9.823808242626619,-1,-7,0,-0.06103515625,-0.42724609375,0.0,-0.0010652644360316954,-0.007456851052221867,0.0,0.0,-516,-424,14283,-2.83447265625,-2.3291015625,78.4588623046875,98721.922,305.75,1,1,0,0,8226,736,1835,3684,3684,3684,3684,22964,F4line=8226;YAH=14736
DIRECT_SERIAL,708,1789592006236383720,2026-09-16T20:53:26.236384+00:00,-1,2203474195328,1789592006100000000,1789592006,100000000,2223097,1789592006108163,1789592006100000,2,4,1.6904544389466225,0.5640347365226825,gnss_local_enu_direct,1.6904544389466225,0.5640347365226825,110.4347159,-7.0509149,231.67,0.59,0.865,3,1,16,0,0.0444,352.235,0.044,-0.006,-0.024,0.189,180.0,99.0,10.04,135.85546057001295,neo3_calibrated_direct,1,7.49512,16.4917,-23.4985,29.670397620429696,1,154.48692124596357,yahboom_calibrated_direct+neo3_cross_align,0,-1224,-2438,3470,0.27759948991406014,-0.607275706727769,0.6677164523824897,136.4172774712006,neo3_calibrated_direct:gyro_integral,1,136.4172774712006,nan,78.46435546875,0.0,79,-98,2037,0.37828386230468747,-0.469263525390625,9.753977563476562,9.772583345541053,0,0,0,0.0,0.0,0.0,0.0,0.0,0.0,0.0,-516,-423,14284,-2.83447265625,-2.3236083984375,78.46435546875,98728.336,305.75,1,1,0,0,8232,736,1837,3689,3689,3689,3689,22990,F4line=8232;YAH=14756
DIRECT_SERIAL,709,1789592006349042523,2026-09-16T20:53:26.349042+00:00,-1,2203586854114,1789592006300000000,1789592006,300000000,2223296,1789592006307441,1789592006300000,2,4,1.6683569874697635,0.564034734611881,gnss_local_enu_direct,1.6683569874697635,0.564034734611881,110.4347157,-7.0509149,231.64,0.59,0.866,3,1,16,0,0.0546,138.715,-0.041,0.036,0.018,0.271,180.0,99.0,10.05,135.83761519093144,neo3_calibrated_direct,1,7.50732,16.4917,-23.5718,29.731561979021553,1,154.38486523037398,yahboom_calibrated_direct+neo3_cross_align,0,-1207,-2455,3463,0.2800109940382263,-0.60960501913158,0.6708386066206161,136.4172774712006,neo3_calibrated_direct:gyro_integral,1,136.4172774712006,nan,78.46435546875,0.0,81,-110,2046,0.38786066894531246,-0.5267243652343749,9.797073193359374,9.818885762217986,0,4,0,0.0,0.244140625,0.0,0.0,0.004261057744126781,0.0,0.0,-516,-423,14284,-2.83447265625,-2.3236083984375,78.46435546875,98726.195,305.75,1,1,0,0,8246,738,1840,3694,3694,3694,3694,23024,F4line=8246;YAH=14776
DIRECT_SERIAL,710,1789592006449405496,2026-09-16T20:53:26.449405+00:00,-1,2203687217113,1789592006400000000,1789592006,400000000,2223397,1789592006408673,1789592006400000,2,4,1.6573082585578747,0.5640347321717329,gnss_local_enu_direct,1.6573082585578747,0.5640347321717329,110.4347156,-7.0509149,231.61,0.589,0.867,3,1,16,0,0.048,31.373,0.041,0.025,-0.009,0.156,180.0,99.0,10.03,135.81976725895717,neo3_calibrated_direct,1,7.51953,16.4917,-23.5474,29.715308295067377,1,154.3921260833159,yahboom_calibrated_direct+neo3_cross_align,0,-1219,-2430,3451,0.2783316909301027,-0.6061566246170407,0.6670040357772464,136.4172774712006,neo3_calibrated_direct:gyro_integral,1,136.4172774712006,nan,78.46435546875,0.0,82,-100,2044,0.39264907226562495,-0.47884033203125,9.787496386718749,9.80706617075481,0,3,0,0.0,0.18310546875,0.0,0.0,0.0031957933080950856,0.0,0.0,-517,-424,14284,-2.8399658203125,-2.3291015625,78.46435546875,98726.195,305.75,1,1,0,0,8258,739,1843,3700,3700,3700,3699,23059,F4line=8258;YAH=14799
DIRECT_SERIAL,711,1789592006549448372,2026-09-16T20:53:26.549448+00:00,-1,2203787259971,1789592006500000000,1789592006,500000000,2223498,1789592006508729,1789592006500000,2,4,1.646259530127391,0.5640347308456957,gnss_local_enu_direct,1.646259530127391,0.5640347308456957,110.4347155,-7.0509149,231.59,0.589,0.868,3,1,16,0,0.0184,119.358,-0.009,0.016,-0.013,0.327,180.0,99.0,10.01,135.7829024886717,neo3_calibrated_direct,1,7.53174,16.4795,-23.7427,29.866650816045645,1,154.47201965294303,yahboom_calibrated_direct+neo3_cross_align,0,-1224,-2435,3469,0.2776047826287917,-0.6068593588829531,0.667340015885611,136.4172774712006,neo3_calibrated_direct:gyro_integral,1,136.4172774712006,nan,78.46435546875,0.0,76,-112,2047,0.36391865234375,-0.5363011718749999,9.801861596679688,9.823265571740503,1,1,0,0.06103515625,0.06103515625,0.0,0.0010652644360316954,0.0010652644360316954,0.0,0.0,-517,-423,14284,-2.8399658203125,-2.3236083984375,78.46435546875,98724.672,305.75,1,1,0,0,8267,740,1845,3705,3705,3705,3705,23089,F4line=8267;YAH=14820
DIRECT_SERIAL,712,1789592006649448930,2026-09-16T20:53:26.649449+00:00,-1,2203887260502,1789592006600000000,1789592006,600000000,2223598,1789592006608860,1789592006600000,2,4,1.6352108088714932,0.5640347312038433,gnss_local_enu_direct,1.6352108088714932,0.5640347312038433,110.4347154,-7.0509149,231.59,0.589,0.868,3,1,16,0,0.0891,271.931,0.003,-0.089,-0.007,0.313,180.0,99.0,10.01,135.76912217721772,neo3_calibrated_direct,1,7.48901,16.4307,-23.5962,29.712519713247143,1,154.63116270485324,yahboom_calibrated_direct+neo3_cross_align,0,-1238,-2436,3444,0.2755923744822912,-0.6070228408333056,0.666654247842256,136.4172774712006,neo3_calibrated_direct:gyro_integral,1,136.4172774712006,nan,78.46435546875,0.0,88,-94,2049,0.4213794921875,-0.45010991210937495,9.811438403320311,9.830792600373783,0,-1,0,0.0,-0.06103515625,0.0,0.0,-0.0010652644360316954,0.0,0.0,-517,-423,14284,-2.8399658203125,-2.3236083984375,78.46435546875,98724.062,305.75,1,1,0,0,8285,741,1848,3710,3710,3710,3710,23127,F4line=8285;YAH=14840
DIRECT_SERIAL,713,1789592006755531582,2026-09-16T20:53:26.755532+00:00,-1,2203993343238,1789592006700000000,1789592006,700000000,2223699,1789592006709268,1789592006700000,2,4,1.6241620843020794,0.564034730793419,gnss_local_enu_direct,1.6241620843020794,0.564034730793419,110.4347153,-7.0509149,231.58,0.589,0.869,3,1,16,0,0.0311,264.472,-0.003,-0.031,0.047,0.291,180.0,99.0,9.99,135.66313578335357,neo3_calibrated_direct,1,7.48291,16.3574,-23.4375,29.54445604640742,1,154.64978505604913,yahboom_calibrated_direct+neo3_cross_align,0,-1237,-2442,3477,0.2757254064748464,-0.6078537722846935,0.667465885462659,136.4172774712006,neo3_calibrated_direct:gyro_integral,1,136.4172774712006,nan,78.4698486328125,0.0,77,-115,2049,0.3687070556640625,-0.5506663818359374,9.811438403320311,9.83379387109214,0,-1,0,0.0,-0.06103515625,0.0,0.0,-0.0010652644360316954,0.0,0.0,-518,-423,14285,-2.845458984375,-2.3236083984375,78.4698486328125,98723.453,305.75,1,1,0,0,8297,742,1850,3715,3715,3715,3715,23159,F4line=8297;YAH=14860
DIRECT_SERIAL,714,1789592006867916612,2026-09-16T20:53:26.867917+00:00,-1,2204105728473,1789592006800000000,1789592006,800000000,2223796,1789592006807159,1789592006800000,2,4,1.6131133608193464,0.5640347300731628,gnss_local_enu_direct,1.6131133608193464,0.5640347300731628,110.4347152,-7.0509149,231.57,0.588,0.868,3,1,16,0,0.0564,334.799,0.051,-0.024,-0.082,0.206,180.0,99.0,10.04,135.95152857205616,neo3_calibrated_direct,1,7.50732,16.5649,-23.4741,29.694934524298922,1,154.60080109745954,yahboom_calibrated_direct+neo3_cross_align,0,-1233,-2441,3465,0.27630164040116356,-0.6077079327167795,0.6675713654548671,136.4172774712006,neo3_calibrated_direct:gyro_integral,1,136.4172774712006,nan,78.4698486328125,0.0,88,-94,2045,0.4213794921875,-0.45010991210937495,9.792284790039062,9.811676768964908,0,0,0,0.0,0.0,0.0,0.0,0.0,0.0,0.0,-518,-423,14285,-2.845458984375,-2.3236083984375,78.4698486328125,98726.805,305.75,1,1,0,0,8308,743,1853,3720,3720,3720,3720,23190,F4line=8308;YAH=14880
DIRECT_SERIAL,715,1789592006968441456,2026-09-16T20:53:26.968441+00:00,-1,2204206253039,1789592006900000000,1789592006,900000000,2223897,1789592006908401,1789592006900000,2,4,1.6131133608193464,0.5640347300731628,gnss_local_enu_direct,1.6131133608193464,0.5640347300731628,110.4347152,-7.0509149,231.57,0.587,0.867,3,1,16,0,0.062,110.772,-0.022,0.058,-0.065,0.295,180.0,99.0,10.02,135.82513447530968,neo3_calibrated_direct,1,7.47681,16.4551,-23.5962,29.722948343428182,1,154.46387744023684,yahboom_calibrated_direct+neo3_cross_align,0,-1221,-2440,3458,0.2780268137036275,-0.6075479792429147,0.6681417934992098,136.4172774712006,neo3_calibrated_direct:gyro_integral,1,136.4172774712006,nan,78.4698486328125,0.0,76,-109,2045,0.36391865234375,-0.5219359619140624,9.792284790039062,9.812935103377237,0,-1,0,0.0,-0.06103515625,0.0,0.0,-0.0010652644360316954,0.0,0.0,-518,-423,14285,-2.845458984375,-2.3236083984375,78.4698486328125,98723.453,305.75,1,1,0,0,8319,744,1856,3726,3726,3726,3726,23225,F4line=8319;YAH=14904
DIRECT_SERIAL,716,1789592007068462607,2026-09-16T20:53:27.068463+00:00,-1,2204306274262,1789592007000000000,1789592007,0,2224005,1789592007016426,1789592007000000,2,4,1.5910159089061295,0.5640347281424042,gnss_local_enu_direct,1.5910159089061295,0.5640347281424042,110.434715,-7.0509149,231.54,0.586,0.866,3,1,16,0,0.0895,244.867,-0.038,-0.081,0.041,0.264,169.069,99.0,9.9,135.8744782654956,neo3_calibrated_direct,1,7.49512,16.5039,-23.291,29.513153339221482,1,154.54411178258897,yahboom_calibrated_direct+neo3_cross_align,0,-1231,-2434,3463,0.27660122491290723,-0.6067329259357215,0.6668081291029995,136.4172774712006,neo3_calibrated_direct:gyro_integral,1,136.4172774712006,nan,78.4698486328125,0.0,87,-97,2042,0.4165910888671875,-0.4644751220703125,9.777919580078125,9.797805702749006,0,0,0,0.0,0.0,0.0,0.0,0.0,0.0,0.0,-518,-422,14285,-2.845458984375,-2.318115234375,78.4698486328125,98726.195,305.75,1,1,0,0,8329,745,1858,3731,3731,3731,3731,23255,F4line=8329;YAH=14924
DIRECT_SERIAL,717,1789592007168495055,2026-09-16T20:53:27.168495+00:00,-1,2204406306660,1789592007100000000,1789592007,100000000,2224097,1789592007107737,1789592007100000,2,4,1.5689184639209628,0.5750942327890509,gnss_local_enu_direct,1.5689184639209628,0.5750942327890509,110.4347148,-7.0509148,231.53,0.584,0.864,3,1,16,0,0.0444,14.349,0.043,0.011,-0.02,0.149,180.0,99.0,10.05,135.7601815682398,neo3_calibrated_direct,1,7.49512,16.4307,-23.5718,29.694687766406975,1,154.53200780292744,yahboom_calibrated_direct+neo3_cross_align,0,-1229,-2436,3482,0.2768849312804562,-0.6070069626891109,0.6671751778380568,136.4172774712006,neo3_calibrated_direct:gyro_integral,1,136.4172774712006,nan,78.4698486328125,0.0,79,-108,2046,0.37828386230468747,-0.51714755859375,9.797073193359374,9.818003026780978,0,0,0,0.0,0.0,0.0,0.0,0.0,0.0,0.0,-519,-422,14285,-2.8509521484375,-2.318115234375,78.4698486328125,98721.617,305.75,1,1,0,0,8340,746,1861,3736,3736,3736,3736,23286,F4line=8340;YAH=14944
DIRECT_SERIAL,718,1789592007277066371,2026-09-16T20:53:27.277066+00:00,-1,2204514878033,1789592007200000000,1789592007,200000000,2224197,1789592007208117,1789592007200000,2,4,1.557869745946011,0.5861537389213846,gnss_local_enu_direct,1.557869745946011,0.5861537389213846,110.4347147,-7.0509147,231.54,0.583,0.862,3,1,16,0,0.015,86.186,0.001,0.015,-0.006,0.279,180.0,99.0,10.04,135.88342035276884,neo3_calibrated_direct,1,7.48901,16.5039,-23.3643,29.569485969155775,1,154.270284227608,yahboom_calibrated_direct+neo3_cross_align,0,-1207,-2432,3436,0.280051571517835,-0.6064130189879917,0.6679563101788465,136.4172774712006,neo3_calibrated_direct:gyro_integral,1,136.4172774712006,nan,78.4698486328125,0.0,85,-99,2046,0.4070142822265625,-0.4740519287109375,9.797073193359374,9.816976571892784,0,0,0,0.0,0.0,0.0,0.0,0.0,0.0,0.0,-519,-422,14285,-2.8509521484375,-2.318115234375,78.4698486328125,98724.977,305.75,1,1,0,0,8349,747,1863,3741,3741,3741,3741,23315,F4line=8349;YAH=14964
DIRECT_SERIAL,719,1789592007385465942,2026-09-16T20:53:27.385466+00:00,-1,2204623277544,1789592007300000000,1789592007,300000000,2224296,1789592007307193,1789592007300000,2,4,1.535772302997858,0.586153739617723,gnss_local_enu_direct,1.535772302997858,0.586153739617723,110.4347145,-7.0509147,231.54,0.581,0.86,3,1,16,0,0.037,38.418,0.029,0.023,0.025,0.165,180.0,99.0,10.05,135.50470510131044,neo3_calibrated_direct,1,7.52563,16.2964,-23.4741,29.550653641956888,1,154.45107293879093,yahboom_calibrated_direct+neo3_cross_align,0,-1223,-2433,3441,0.27775192852729774,-0.606580029414832,0.6671472595203638,136.4172774712006,neo3_calibrated_direct:gyro_integral,1,136.4172774712006,nan,78.4698486328125,0.0,83,-108,2045,0.39743747558593745,-0.51714755859375,9.792284790039062,9.813981839884867,0,0,0,0.0,0.0,0.0,0.0,0.0,0.0,0.0,-519,-422,14285,-2.8509521484375,-2.318115234375,78.4698486328125,98724.977,305.75,1,1,0,0,8360,748,1866,3746,3746,3746,3746,23346,F4line=8360;YAH=14984
DIRECT_SERIAL,720,1789592007486579258,2026-09-16T20:53:27.486579+00:00,-1,2204724390853,1789592007400000000,1789592007,400000000,2224397,1789592007408376,1789592007400000,2,4,1.5136748621002039,0.6082727511610743,gnss_local_enu_direct,1.5136748621002039,0.6082727511610743,110.4347143,-7.0509145,231.55,0.579,0.858,3,1,16,0,0.0594,282.633,0.013,-0.058,0.054,0.257,180.0,99.0,10.03,135.8239535320198,neo3_calibrated_direct,1,7.4646,16.4429,-23.5107,29.645273283611335,1,154.63954274557335,yahboom_calibrated_direct+neo3_cross_align,0,-1228,-2460,3456,0.276986206984622,-0.6103359812093941,0.670247244543804,136.4172774712006,neo3_calibrated_direct:gyro_integral,1,136.4172774712006,nan,78.475341796875,0.0,83,-100,2046,0.39743747558593745,-0.47884033203125,9.797073193359374,9.816816580064067,0,0,0,0.0,0.0,0.0,0.0,0.0,0.0,0.0,-520,-422,14286,-2.8564453125,-2.318115234375,78.475341796875,98724.062,305.75,1,1,0,0,8372,749,1869,3751,3751,3751,3751,23378,F4line=8372;YAH=15004
DIRECT_SERIAL,721,1789592007587440230,2026-09-16T20:53:27.587440+00:00,-1,2204825251799,1789592007500000000,1789592007,500000000,2224498,1789592007508548,1789592007500000,2,4,1.491577416600054,0.6082727508861357,gnss_local_enu_direct,1.491577416600054,0.6082727508861357,110.4347141,-7.0509145,231.54,0.577,0.857,3,1,16,0,0.025,286.26,0.007,-0.024,-0.079,0.198,180.0,99.0,10.01,135.5725891075373,neo3_calibrated_direct,1,7.53174,16.3452,-23.6328,29.70525048383871,1,154.4513546058794,yahboom_calibrated_direct+neo3_cross_align,0,-1228,-2422,3448,0.27705324803788844,-0.6050622418417264,0.6654763848183342,136.4172774712006,neo3_calibrated_direct:gyro_integral,1,136.4172774712006,nan,78.475341796875,0.0,81,-103,2044,0.38786066894531246,-0.49320554199218747,9.787496386718749,9.807587528296603,0,0,0,0.0,0.0,0.0,0.0,0.0,0.0,0.0,-520,-421,14286,-2.8564453125,-2.3126220703125,78.475341796875,98721.922,305.75,1,1,0,0,8382,750,1871,3757,3757,3757,3757,23412,F4line=8382;YAH=15028
DIRECT_SERIAL,722,1789592007706091401,2026-09-16T20:53:27.706091+00:00,-1,2204943903017,1789592007600000000,1789592007,600000000,2224597,1789592007608567,1789592007600000,2,4,1.4694799766863107,0.6303917624809502,gnss_local_enu_direct,1.4694799766863107,0.6303917624809502,110.4347139,-7.0509143,231.55,0.575,0.855,3,1,16,0,0.0347,311.496,0.023,-0.026,-0.038,0.202,180.0,99.0,10.02,135.74862430907447,neo3_calibrated_direct,1,7.47681,16.4062,-23.6328,29.72499490422328,1,154.41891126263576,yahboom_calibrated_direct+neo3_cross_align,0,-1216,-2442,3455,0.2787413723372314,-0.6078167232815725,0.6686837232602502,136.4172774712006,neo3_calibrated_direct:gyro_integral,1,136.4172774712006,nan,78.475341796875,0.0,83,-101,2046,0.39743747558593745,-0.4836287353515625,9.797073193359374,9.817051311707539,0,0,0,0.0,0.0,0.0,0.0,0.0,0.0,0.0,-520,-421,14286,-2.8564453125,-2.3126220703125,78.475341796875,98724.672,305.75,1,1,0,0,8399,751,1874,3762,3762,3762,3762,23449,F4line=8399;YAH=15048
DIRECT_SERIAL,723,1789592007806473762,2026-09-16T20:53:27.806474+00:00,-1,2205044285349,1789592007700000000,1789592007,700000000,2224696,1789592007707752,1789592007700000,2,4,1.4473825388421522,0.6303917650043075,gnss_local_enu_direct,1.4473825388421522,0.6303917650043075,110.4347137,-7.0509143,231.57,0.573,0.854,3,1,16,0,0.0502,148.841,-0.043,0.026,0.008,0.19,180.0,99.0,10.03,135.79833130703446,neo3_calibrated_direct,1,7.49512,16.4551,-23.5718,29.708195755791028,1,154.3251727116173,yahboom_calibrated_direct+neo3_cross_align,0,-1212,-2432,3424,0.2793334844077433,-0.606421840179211,0.6676635707882462,136.4172774712006,neo3_calibrated_direct:gyro_integral,1,136.4172774712006,nan,78.475341796875,0.0,83,-103,2043,0.39743747558593745,-0.49320554199218747,9.782707983398437,9.80319252805429,0,0,0,0.0,0.0,0.0,0.0,0.0,0.0,0.0,-520,-421,14286,-2.8564453125,-2.3126220703125,78.475341796875,98724.367,305.75,1,1,0,0,8412,752,1877,3768,3768,3768,3767,23485,F4line=8412;YAH=15071
DIRECT_SERIAL,724,1789592007906489699,2026-09-16T20:53:27.906490+00:00,-1,2205144301298,1789592007800000000,1789592007,800000000,2224795,1789592007806827,1789592007800000,2,4,1.4252850945849267,0.6303917656407748,gnss_local_enu_direct,1.4252850945849267,0.6303917656407748,110.4347135,-7.0509143,231.57,0.572,0.854,3,1,16,0,0.0191,186.009,-0.019,-0.002,-0.044,0.206,180.0,99.0,10.04,135.76386090696408,neo3_calibrated_direct,1,7.53174,16.4673,-23.8037,29.908447141361254,1,154.50999442468068,yahboom_calibrated_direct+neo3_cross_align,0,-1227,-2436,3444,0.27717216612449286,-0.6070034342126233,0.6672912248936456,136.4172774712006,neo3_calibrated_direct:gyro_integral,1,136.4172774712006,nan,78.475341796875,0.0,83,-100,2050,0.39743747558593745,-0.47884033203125,9.816226806640625,9.835931746915994,0,0,0,0.0,0.0,0.0,0.0,0.0,0.0,0.0,-520,-420,14286,-2.8564453125,-2.30712890625,78.475341796875,98724.977,305.75,1,1,0,0,8421,753,1879,3773,3773,3773,3773,23515,F4line=8421;YAH=15092
DIRECT_SERIAL,725,1789592008025424412,2026-09-16T20:53:28.025424+00:00,-1,2205263236199,1789592007900000000,1789592007,900000000,2224899,1789592007910202,1789592007900000,2,4,1.4031876537198429,0.641451272294047,gnss_local_enu_direct,1.4031876537198429,0.641451272294047,110.4347133,-7.0509142,231.58,0.571,0.853,3,1,16,0,0.0358,300.141,0.018,-0.031,-0.019,0.234,180.0,99.0,9.98,136.00406686461855,neo3_calibrated_direct,1,7.4585,16.5527,-23.4741,29.675822993642484,1,154.5907636425271,yahboom_calibrated_direct+neo3_cross_align,0,-1224,-2459,3461,0.2775624409109392,-0.6101901416414801,0.6703528306503137,136.4172774712006,neo3_calibrated_direct:gyro_integral,1,136.4172774712006,nan,78.475341796875,0.0,80,-102,2043,0.38307226562499996,-0.488417138671875,9.782707983398437,9.802380891930644,0,0,0,0.0,0.0,0.0,0.0,0.0,0.0,0.0,-520,-420,14286,-2.8564453125,-2.30712890625,78.475341796875,98724.672,305.75,1,1,0,0,8432,754,1882,3778,3778,3778,3778,23546,F4line=8432;YAH=15112
DIRECT_SERIAL,726,1789592008126517217,2026-09-16T20:53:28.126517+00:00,-1,2205364328817,1789592008000000000,1789592008,0,2225006,1789592008015845,1789592008000000,2,4,1.3810902097877789,0.6414512728233873,gnss_local_enu_direct,1.3810902097877789,0.6414512728233873,110.4347131,-7.0509142,231.58,0.569,0.853,3,1,16,0,0.0446,260.961,-0.007,-0.044,-0.04,0.215,180.0,99.0,9.89,135.77278412636545,neo3_calibrated_direct,1,7.52563,16.4673,-23.5352,29.693647725176845,1,154.37393045503754,yahboom_calibrated_direct+neo3_cross_align,0,-1206,-2455,3444,0.2801546114602447,-0.6096032548933362,0.6708969628035221,136.4172774712006,neo3_calibrated_direct:gyro_integral,1,136.4172774712006,nan,78.475341796875,0.0,82,-100,2043,0.39264907226562495,-0.47884033203125,9.782707983398437,9.802287327250633,0,0,0,0.0,0.0,0.0,0.0,0.0,0.0,0.0,-521,-420,14286,-2.8619384765625,-2.30712890625,78.475341796875,98725.891,306.0,1,1,0,0,8448,755,1885,3784,3784,3784,3784,23586,F4line=8448;YAH=15136
DIRECT_SERIAL,727,1789592008232883451,2026-09-16T20:53:28.232883+00:00,-1,2205470695064,1789592008100000000,1789592008,100000000,2225097,1789592008108711,1789592008100000,2,4,1.370041493088322,0.6414512750925826,gnss_local_enu_direct,1.370041493088322,0.6414512750925826,110.434713,-7.0509142,231.6,0.568,0.852,3,1,16,0,0.0873,119.501,-0.043,0.076,-0.007,0.247,162.063,99.0,10.05,135.8084633885215,neo3_calibrated_direct,1,7.50122,16.4673,-23.5596,29.70681778545794,1,154.3680328117174,yahboom_calibrated_direct+neo3_cross_align,0,-1210,-2445,3487,0.2795977841546099,-0.6082224856969254,0.6694098244061812,136.4172774712006,neo3_calibrated_direct:gyro_integral,1,136.4172774712006,nan,78.475341796875,0.0,80,-104,2042,0.38307226562499996,-0.49799394531249996,9.777919580078125,9.798084182366171,0,0,0,0.0,0.0,0.0,0.0,0.0,0.0,0.0,-521,-420,14286,-2.8619384765625,-2.30712890625,78.475341796875,98723.453,306.0,1,1,0,0,8456,756,1887,3789,3789,3789,3789,23614,F4line=8456;YAH=15156
DIRECT_SERIAL,728,1789592008333756654,2026-09-16T20:53:28.333757+00:00,-1,2205571568232,1789592008300000000,1789592008,300000000,2225295,1789592008306702,1789592008300000,2,4,1.3479440501075988,0.6525107809100699,gnss_local_enu_direct,1.3479440501075988,0.6525107809100699,110.4347128,-7.0509141,231.6,0.566,0.852,3,1,16,0,0.0473,346.551,0.046,-0.011,-0.015,0.171,180.0,99.0,10.06,135.9549780189317,neo3_calibrated_direct,1,7.44019,16.5039,-23.5596,29.71178040114897,1,154.44869759267044,yahboom_calibrated_direct+neo3_cross_align,0,-1216,-2448,3451,0.27873078690776826,-0.6086494189712044,0.6694363052480858,136.4172774712006,neo3_calibrated_direct:gyro_integral,1,136.4172774712006,nan,78.475341796875,0.0,81,-101,2046,0.38786066894531246,-0.4836287353515625,9.797073193359374,9.81666826414203,0,0,0,0.0,0.0,0.0,0.0,0.0,0.0,0.0,-521,-419,14286,-2.8619384765625,-2.3016357421875,78.475341796875,98725.586,306.0,1,1,0,0,8469,757,1890,3794,3794,3794,3794,23647,F4line=8469;YAH=15176
DIRECT_SERIAL,729,1789592008435329308,2026-09-16T20:53:28.435329+00:00,-1,2205673140926,1789592008300000000,1789592008,300000000,2225295,1789592008306702,1789592008300000,2,4,1.3258466057391771,0.6525107814194532,gnss_local_enu_direct,1.3258466057391771,0.6525107814194532,110.4347126,-7.0509141,231.6,0.565,0.852,3,1,16,0,0.0291,285.945,0.008,-0.028,-0.054,0.215,180.0,99.0,10.06,136.18707175281892,neo3_calibrated_direct,1,7.50122,16.7114,-23.2422,29.592888542492773,1,154.55293023672002,yahboom_calibrated_direct+neo3_cross_align,0,-1230,-2438,3463,0.27673778538195015,-0.6072862921572322,0.6673682959956859,136.4172774712006,neo3_calibrated_direct:gyro_integral,1,136.4172774712006,nan,78.475341796875,0.0,82,-102,2045,0.39264907226562495,-0.488417138671875,9.792284790039062,9.812317055850256,0,0,0,0.0,0.0,0.0,0.0,0.0,0.0,0.0,-521,-419,14286,-2.8619384765625,-2.3016357421875,78.475341796875,98723.141,306.0,1,1,0,0,8477,758,1892,3799,3799,3799,3799,23675,F4line=8477;YAH=15196
DIRECT_SERIAL,730,1789592008535387603,2026-09-16T20:53:28.535388+00:00,-1,2205773199192,1789592008500000000,1789592008,500000000,2225497,1789592008508122,1789592008500000,2,4,1.3037491651992552,0.6635702879655986,gnss_local_enu_direct,1.3037491651992552,0.6635702879655986,110.4347124,-7.050914,231.61,0.563,0.851,3,1,16,0,0.014,184.086,-0.014,-0.001,-0.021,0.2,180.0,99.0,10.0,135.91135629666798,neo3_calibrated_direct,1,7.48291,16.5161,-23.5718,29.738951839600873,1,154.48974856437064,yahboom_calibrated_direct+neo3_cross_align,0,-1222,-2443,3455,0.2778779035668775,-0.6079660913259745,0.6684600941663653,136.4172774712006,neo3_calibrated_direct:gyro_integral,1,136.4172774712006,nan,78.475341796875,0.0,82,-102,2046,0.39264907226562495,-0.488417138671875,9.797073193359374,9.817095688203326,0,0,0,0.0,0.0,0.0,0.0,0.0,0.0,0.0,-521,-419,14286,-2.8619384765625,-2.3016357421875,78.475341796875,98723.758,306.0,1,1,0,0,8490,759,1895,3804,3804,3804,3804,23708,F4line=8490;YAH=15216
DIRECT_SERIAL,731,1789592008635933363,2026-09-16T20:53:28.635933+00:00,-1,2205873744968,1789592008500000000,1789592008,500000000,2225497,1789592008508122,1789592008500000,2,4,1.2706030004476512,0.6635702888730436,gnss_local_enu_direct,1.2706030004476512,0.6635702888730436,110.4347121,-7.050914,231.61,0.562,0.851,3,1,16,0,0.013,32.471,0.011,0.007,-0.015,0.206,180.0,99.0,10.03,136.28722884019234,neo3_calibrated_direct,1,7.4585,16.7358,-23.2788,29.62463085559042,1,154.25568247196338,yahboom_calibrated_direct+neo3_cross_align,0,-1197,-2451,3447,0.28145422521138513,-0.609032246289387,0.6709223188340344,136.4172774712006,neo3_calibrated_direct:gyro_integral,1,136.4172774712006,nan,78.475341796875,0.0,80,-102,2045,0.38307226562499996,-0.488417138671875,9.792284790039062,9.811938497120224,0,0,0,0.0,0.0,0.0,0.0,0.0,0.0,0.0,-522,-419,14286,-2.867431640625,-2.3016357421875,78.475341796875,98721.922,305.75,1,1,0,0,8504,760,1897,3809,3809,3809,3809,23742,F4line=8504;YAH=15236
DIRECT_SERIAL,732,1789592008743959237,2026-09-16T20:53:28.743959+00:00,-1,2205981770894,1789592008700000000,1789592008,700000000,2225697,1789592008707968,1789592008700000,2,4,1.2043106682486797,0.6746297944796518,gnss_local_enu_direct,1.2043106682486797,0.6746297944796518,110.4347115,-7.0509139,231.6,0.558,0.85,3,1,16,0,0.0483,230.042,-0.031,-0.037,-0.025,0.178,180.0,99.0,10.02,135.8286824068222,neo3_calibrated_direct,1,7.51343,16.4917,-23.6206,29.771807866081968,1,154.29831373802364,yahboom_calibrated_direct+neo3_cross_align,0,-1205,-2442,3445,0.28032116397943313,-0.6077973166608902,0.6693261784174908,136.4172774712006,neo3_calibrated_direct:gyro_integral,1,136.4172774712006,nan,78.475341796875,0.0,85,-103,2046,0.4070142822265625,-0.49320554199218747,9.797073193359374,9.81792012030191,0,0,0,0.0,0.0,0.0,0.0,0.0,0.0,0.0,-522,-419,14286,-2.867431640625,-2.3016357421875,78.475341796875,98721.922,305.75,1,1,0,0,8518,762,1900,3814,3814,3814,3814,23776,F4line=8518;YAH=15256
DIRECT_SERIAL,733,1789592008844454125,2026-09-16T20:53:28.844454+00:00,-1,2206082265713,1789592008800000000,1789592008,800000000,2225797,1789592008808084,1789592008800000,2,4,1.171164502916952,0.6856893003612048,gnss_local_enu_direct,1.171164502916952,0.6856893003612048,110.4347112,-7.0509138,231.6,0.556,0.85,3,1,16,0,0.057,91.005,-0.001,0.057,0.002,0.248,180.0,99.0,10.02,136.18237966274023,neo3_calibrated_direct,1,7.44019,16.6504,-23.3765,29.648827964121956,1,154.32421770592092,yahboom_calibrated_direct+neo3_cross_align,0,-1206,-2445,3441,0.28017225384268324,-0.60821542874395,0.6696435615948799,136.4172774712006,neo3_calibrated_direct:gyro_integral,1,136.4172774712006,nan,78.475341796875,0.0,80,-101,2045,0.38307226562499996,-0.4836287353515625,9.792284790039062,9.811701306276053,0,0,0,0.0,0.0,0.0,0.0,0.0,0.0,0.0,-522,-419,14286,-2.867431640625,-2.3016357421875,78.475341796875,98721.922,305.75,1,1,0,0,8531,763,1903,3820,3820,3820,3820,23813,F4line=8531;YAH=15280
DIRECT_SERIAL,734,1789592008957471906,2026-09-16T20:53:28.957472+00:00,-1,2206195283520,1789592008900000000,1789592008,900000000,2225898,1789592008908153,1789592008900000,2,4,1.138018340606149,0.6856893021128426,gnss_local_enu_direct,1.138018340606149,0.6856893021128426,110.4347109,-7.0509138,231.61,0.554,0.849,3,1,16,0,0.0781,272.203,0.003,-0.078,0.073,0.248,180.0,99.0,10.0,135.80965275075377,neo3_calibrated_direct,1,7.51343,16.4795,-23.5352,29.697326304819093,1,154.14105386294372,yahboom_calibrated_direct+neo3_cross_align,0,-1192,-2439,3469,0.282193483180403,-0.6073580337189043,0.6697140756116614,136.4172774712006,neo3_calibrated_direct:gyro_integral,1,136.4172774712006,nan,78.475341796875,0.0,83,-103,2045,0.39743747558593745,-0.49320554199218747,9.792284790039062,9.812749342711363,0,0,0,0.0,0.0,0.0,0.0,0.0,0.0,0.0,-522,-419,14286,-2.867431640625,-2.3016357421875,78.475341796875,98726.5,305.75,1,1,0,0,8541,764,1905,3825,3825,3825,3825,23843,F4line=8541;YAH=15300
DIRECT_SERIAL,735,1789592009063278063,2026-09-16T20:53:29.063278+00:00,-1,2206301089653,1789592009000000000,1789592009,0,2226008,1789592009019408,1789592009000000,2,4,1.115920897884439,0.6967488089058075,gnss_local_enu_direct,1.115920897884439,0.6967488089058075,110.4347107,-7.0509137,231.62,0.552,0.848,3,1,16,0,0.0926,134.563,-0.065,0.066,0.049,0.212,131.138,99.0,9.87,136.0521068354445,neo3_calibrated_direct,1,7.4646,16.5894,-23.6694,29.85245286203464,1,154.292350286576,yahboom_calibrated_direct+neo3_cross_align,0,-1204,-2443,3458,0.28046301716320754,-0.6079343350375851,0.6695100146479367,136.4172774712006,neo3_calibrated_direct:gyro_integral,1,136.4172774712006,nan,78.4808349609375,0.0,80,-102,2043,0.38307226562499996,-0.488417138671875,9.782707983398437,9.802380891930644,0,0,0,0.0,0.0,0.0,0.0,0.0,0.0,0.0,-522,-418,14287,-2.867431640625,-2.296142578125,78.4808349609375,98724.977,305.75,1,1,0,0,8553,765,1908,3830,3830,3830,3830,23875,F4line=8553;YAH=15320
DIRECT_SERIAL,736,1789592009163431877,2026-09-16T20:53:29.163432+00:00,-1,2206401243443,1789592009100000000,1789592009,100000000,2226098,1789592009109434,1789592009100000,2,4,1.093823456829534,0.6967488104148327,gnss_local_enu_direct,1.093823456829534,0.6967488104148327,110.4347105,-7.0509137,231.63,0.55,0.847,3,1,16,0,0.005,53.13,0.003,0.004,0.013,0.182,180.0,99.0,10.05,135.7143140189075,neo3_calibrated_direct,1,7.51343,16.4185,-23.584,29.702252921536104,1,154.4727455104391,yahboom_calibrated_direct+neo3_cross_align,0,-1220,-2444,3471,0.27816337417267034,-0.6081013454644253,0.668701808795796,136.4172774712006,neo3_calibrated_direct:gyro_integral,1,136.4172774712006,nan,78.4808349609375,0.0,84,-103,2046,0.40222587890625,-0.49320554199218747,9.797073193359374,9.817722776711234,0,0,0,0.0,0.0,0.0,0.0,0.0,0.0,0.0,-522,-418,14287,-2.867431640625,-2.296142578125,78.4808349609375,98720.703,305.75,1,1,0,0,8564,766,1911,3836,3836,3835,3835,23908,F4line=8564;YAH=15342
DIRECT_SERIAL,737,1789592009263436662,2026-09-16T20:53:29.263437+00:00,-1,2206501248251,1789592009200000000,1789592009,200000000,2226196,1789592009207530,1789592009200000,2,4,1.0717260137376148,0.7078083157586311,gnss_local_enu_direct,1.0717260137376148,0.7078083157586311,110.4347103,-7.0509136,231.63,0.548,0.846,3,1,16,0,0.02,357.138,0.02,-0.001,0.027,0.197,180.0,99.0,10.07,135.64918807407645,neo3_calibrated_direct,1,7.53174,16.394,-23.6206,29.72243408248389,1,154.43669341283285,yahboom_calibrated_direct+neo3_cross_align,0,-1214,-2450,3448,0.27901449327531724,-0.6089234557245939,0.669803599862873,136.4172774712006,neo3_calibrated_direct:gyro_integral,1,136.4172774712006,nan,78.4808349609375,0.0,80,-103,2046,0.38307226562499996,-0.49320554199218747,9.797073193359374,9.816956719033843,0,0,0,0.0,0.0,0.0,0.0,0.0,0.0,0.0,-522,-418,14287,-2.867431640625,-2.296142578125,78.4808349609375,98724.367,305.75,1,1,0,0,8573,767,1913,3841,3841,3841,3840,23938,F4line=8573;YAH=15363
DIRECT_SERIAL,738,1789592009363444436,2026-09-16T20:53:29.363445+00:00,-1,2206601256029,1789592009300000000,1789592009,300000000,2226300,1789592009310975,1789592009300000,2,4,1.0275311261660782,0.7188678219468687,gnss_local_enu_direct,1.0275311261660782,0.7188678219468687,110.4347099,-7.0509135,231.63,0.546,0.846,3,1,16,0,0.0222,305.838,0.013,-0.018,0.037,0.228,180.0,99.0,10.01,135.73969279577287,neo3_calibrated_direct,1,7.48291,16.4062,-23.645,29.73622984690729,1,154.60416552891135,yahboom_calibrated_direct+neo3_cross_align,0,-1236,-2435,3432,0.27588137356457165,-0.6068805297418793,0.6666442152000261,136.4172774712006,neo3_calibrated_direct:gyro_integral,1,136.4172774712006,nan,78.4808349609375,0.0,83,-104,2044,0.39743747558593745,-0.49799394531249996,9.787496386718749,9.808212886994276,0,0,0,0.0,0.0,0.0,0.0,0.0,0.0,0.0,-522,-418,14287,-2.867431640625,-2.296142578125,78.4808349609375,98723.758,305.75,1,1,0,0,8584,768,1916,3846,3846,3846,3846,23970,F4line=8584;YAH=15384
DIRECT_SERIAL,739,1789592009463461894,2026-09-16T20:53:29.463462+00:00,-1,2206701273473,1789592009400000000,1789592009,400000000,2226396,1789592009407573,1789592009400000,2,4,0.994384963711509,0.7299273289236413,gnss_local_enu_direct,0.994384963711509,0.7299273289236413,110.4347096,-7.0509134,231.64,0.544,0.845,3,1,16,0,0.0485,104.323,-0.012,0.047,0.012,0.222,180.0,99.0,10.07,135.65680125342902,neo3_calibrated_direct,1,7.51343,16.3818,-23.5596,29.662598567301888,1,154.4748651512571,yahboom_calibrated_direct+neo3_cross_align,0,-1222,-2440,3422,0.2778831962816091,-0.6075497434811585,0.6680836486396781,136.4172774712006,neo3_calibrated_direct:gyro_integral,1,136.4172774712006,nan,78.4808349609375,0.0,83,-101,2045,0.39743747558593745,-0.4836287353515625,9.792284790039062,9.812272657742865,0,0,0,0.0,0.0,0.0,0.0,0.0,0.0,0.0,-522,-418,14287,-2.867431640625,-2.296142578125,78.4808349609375,98723.758,305.75,1,1,0,0,8593,769,1918,3851,3851,3851,3851,23999,F4line=8593;YAH=15404
DIRECT_SERIAL,740,1789592009563462548,2026-09-16T20:53:29.563463+00:00,-1,2206801274124,1789592009500000000,1789592009,500000000,2226500,1789592009511197,1789592009500000,2,4,0.9722875192318916,0.7299273293059405,gnss_local_enu_direct,0.9722875192318916,0.7299273293059405,110.4347094,-7.0509134,231.64,0.541,0.844,3,1,16,0,0.0314,189.162,-0.031,-0.005,0.031,0.175,180.0,99.0,10.0,135.5342130767771,neo3_calibrated_direct,1,7.53174,16.3208,-23.5718,29.643302368454158,1,154.53587650868462,yahboom_calibrated_direct+neo3_cross_align,0,-1228,-2439,3457,0.2770232559877429,-0.607421546295683,0.6676097806820157,136.4172774712006,neo3_calibrated_direct:gyro_integral,1,136.4172774712006,nan,78.4808349609375,0.0,81,-103,2046,0.38786066894531246,-0.49320554199218747,9.797073193359374,9.817144735675814,0,0,0,0.0,0.0,0.0,0.0,0.0,0.0,0.0,-522,-418,14287,-2.867431640625,-2.296142578125,78.4808349609375,98722.227,305.75,1,1,0,0,8604,770,1921,3856,3856,3856,3856,24030,F4line=8604;YAH=15424
DIRECT_SERIAL,741,1789592009678318185,2026-09-16T20:53:29.678318+00:00,-1,2206916129913,1789592009600000000,1789592009,600000000,2226598,1789592009609215,1789592009600000,2,4,0.9280926312239974,0.7409868350120813,gnss_local_enu_direct,0.9280926312239974,0.7409868350120813,110.434709,-7.0509133,231.64,0.539,0.843,3,1,16,0,0.0552,305.417,0.032,-0.045,0.055,0.224,180.0,99.0,10.03,135.76141941092936,neo3_calibrated_direct,1,7.50732,16.4429,-23.6328,29.752950271063877,1,154.5821220746724,yahboom_calibrated_direct+neo3_cross_align,0,-1234,-2435,3448,0.27616860840860835,-0.6068770012653917,0.66675992301219,136.4172774712006,neo3_calibrated_direct:gyro_integral,1,136.4172774712006,nan,78.4808349609375,0.0,82,-103,2045,0.39264907226562495,-0.49320554199218747,9.792284790039062,9.812556568490866,0,0,0,0.0,0.0,0.0,0.0,0.0,0.0,0.0,-522,-418,14287,-2.867431640625,-2.296142578125,78.4808349609375,98725.891,305.75,1,1,0,0,8620,771,1923,3861,3861,3861,3861,24066,F4line=8620;YAH=15444
DIRECT_SERIAL,742,1789592009781855132,2026-09-16T20:53:29.781855+00:00,-1,2207019667079,1789592009700000000,1789592009,700000000,2226699,1789592009709536,1789592009700000,2,4,0.894946464056744,0.7520463383944289,gnss_local_enu_direct,0.894946464056744,0.7520463383944289,110.4347087,-7.0509132,231.62,0.536,0.842,3,1,16,0,0.0366,145.008,-0.03,0.021,0.061,0.196,180.0,99.0,10.01,135.7537296038844,neo3_calibrated_direct,1,7.52563,16.4551,-23.5962,29.735266559203737,1,154.50891659197566,yahboom_calibrated_direct+neo3_cross_align,0,-1226,-2438,3454,0.2773122550700235,-0.6072792352042568,0.667600296826094,136.4172774712006,neo3_calibrated_direct:gyro_integral,1,136.4172774712006,nan,78.4808349609375,0.0,82,-103,2045,0.39264907226562495,-0.49320554199218747,9.792284790039062,9.812556568490866,0,0,0,0.0,0.0,0.0,0.0,0.0,0.0,0.0,-522,-418,14287,-2.867431640625,-2.296142578125,78.4808349609375,98724.672,305.75,1,1,0,0,8634,772,1926,3866,3866,3866,3866,24100,F4line=8634;YAH=15464
DIRECT_SERIAL,743,1789592009882495062,2026-09-16T20:53:29.882495+00:00,-1,2207120306679,1789592009800000000,1789592009,800000000,2226797,1789592009808492,1789592009800000,2,4,0.8618002994865354,0.7631058441888118,gnss_local_enu_direct,0.8618002994865354,0.7631058441888118,110.4347084,-7.0509131,231.62,0.534,0.842,3,1,16,0,0.0333,122.735,-0.018,0.028,0.051,0.206,180.0,99.0,10.04,135.8744782654956,neo3_calibrated_direct,1,7.49512,16.5039,-23.584,29.744925534020087,1,154.42470239159627,yahboom_calibrated_direct+neo3_cross_align,0,-1212,-2452,3466,0.2792981996428662,-0.6091974924779834,0.6701709253356258,136.4172774712006,neo3_calibrated_direct:gyro_integral,1,136.4172774712006,nan,78.4808349609375,0.0,82,-102,2046,0.39264907226562495,-0.488417138671875,9.797073193359374,9.817095688203326,0,0,0,0.0,0.0,0.0,0.0,0.0,0.0,0.0,-522,-418,14287,-2.867431640625,-2.296142578125,78.4808349609375,98719.789,305.75,1,1,0,0,8645,773,1929,3872,3872,3872,3872,24135,F4line=8645;YAH=15488
DIRECT_SERIAL,744,1789592009985383805,2026-09-16T20:53:29.985384+00:00,-1,2207223195392,1789592009900000000,1789592009,900000000,2226898,1789592009908565,1789592009900000,2,4,0.8397028537639936,0.7631058434286354,gnss_local_enu_direct,0.8397028537639936,0.7631058434286354,110.4347082,-7.0509131,231.61,0.532,0.842,3,1,16,0,0.0636,81.87,0.009,0.063,0.035,0.198,178.288,99.0,10.02,135.89121684573996,neo3_calibrated_direct,1,7.4707,16.4917,-23.4863,29.65457494333716,1,154.46251329224555,yahboom_calibrated_direct+neo3_cross_align,0,-1215,-2453,3425,0.27886558313856735,-0.6093415678076537,0.6701217499212383,136.4172774712006,neo3_calibrated_direct:gyro_integral,1,136.4172774712006,nan,78.4808349609375,0.0,83,-104,2045,0.39743747558593745,-0.49799394531249996,9.792284790039062,9.812991181377797,0,0,0,0.0,0.0,0.0,0.0,0.0,0.0,0.0,-522,-418,14287,-2.867431640625,-2.296142578125,78.4808349609375,98720.094,305.75,1,1,0,0,8655,774,1931,3877,3877,3877,3877,24165,F4line=8655;YAH=15508
DIRECT_SERIAL,745,1789592010085405430,2026-09-16T20:53:30.085405+00:00,-1,2207323216991,1789592010000000000,1789592010,0,2227004,1789592010015274,1789592010000000,2,4,0.8065566894077506,0.7741653489888074,gnss_local_enu_direct,0.8065566894077506,0.7741653489888074,110.4347079,-7.050913,231.61,0.53,0.842,3,1,16,0,0.0196,194.744,-0.019,-0.005,0.002,0.143,180.0,99.0,9.93,135.9916801992558,neo3_calibrated_direct,1,7.53174,16.6138,-23.3765,29.651411604131095,1,154.71542181472702,yahboom_calibrated_direct+neo3_cross_align,0,-1230,-2471,3450,0.2766795655199029,-0.6118661184502068,0.6715145038520052,136.4172774712006,neo3_calibrated_direct:gyro_integral,1,136.4172774712006,nan,78.4808349609375,0.0,82,-104,2045,0.39264907226562495,-0.49799394531249996,9.792284790039062,9.812798411908263,0,0,0,0.0,0.0,0.0,0.0,0.0,0.0,0.0,-522,-418,14287,-2.867431640625,-2.296142578125,78.4808349609375,98725.891,305.75,1,1,0,0,8668,775,1934,3882,3882,3882,3882,24198,F4line=8668;YAH=15528
DIRECT_SERIAL,746,1789592010199253606,2026-09-16T20:53:30.199254+00:00,-1,2207437065260,1789592010100000000,1789592010,100000000,2227099,1789592010109961,1789592010100000,2,4,0.7734105234498437,0.7741653494750863,gnss_local_enu_direct,0.7734105234498437,0.7741653494750863,110.4347076,-7.050913,231.61,0.528,0.843,3,1,16,0,0.0064,218.66,-0.005,-0.004,0.056,0.218,180.0,99.0,10.02,135.8566324106579,neo3_calibrated_direct,1,7.50732,16.5039,-23.5718,29.73833088847456,1,154.49043716398006,yahboom_calibrated_direct+neo3_cross_align,0,-1218,-2452,3459,0.2784364951107562,-0.6092080779074466,0.6698218897567081,136.4172774712006,neo3_calibrated_direct:gyro_integral,1,136.4172774712006,nan,78.4808349609375,0.0,80,-103,2045,0.38307226562499996,-0.49320554199218747,9.792284790039062,9.81217801900135,0,0,0,0.0,0.0,0.0,0.0,0.0,0.0,0.0,-522,-418,14287,-2.867431640625,-2.296142578125,78.4808349609375,98723.141,305.75,1,1,0,0,8676,776,1936,3887,3887,3887,3887,24226,F4line=8676;YAH=15548
DIRECT_SERIAL,747,1789592010300785008,2026-09-16T20:53:30.300785+00:00,-1,2207538596630,1789592010200000000,1789592010,200000000,2227196,1789592010206850,1789592010200000,2,4,0.7402643569329135,0.785224852527645,gnss_local_enu_direct,0.7402643569329135,0.785224852527645,110.4347073,-7.0509129,231.59,0.526,0.843,3,1,16,0,0.0342,69.444,0.012,0.032,0.013,0.187,180.0,99.0,10.06,136.24787866493898,neo3_calibrated_direct,1,7.43408,16.687,-23.4009,29.68709543314064,1,154.5259608061497,yahboom_calibrated_direct+neo3_cross_align,0,-1228,-2437,3442,0.2770267844642306,-0.6071439810658058,0.667358713927545,136.4172774712006,neo3_calibrated_direct:gyro_integral,1,136.4172774712006,nan,78.4808349609375,0.0,80,-102,2045,0.38307226562499996,-0.488417138671875,9.792284790039062,9.811938497120224,0,0,0,0.0,0.0,0.0,0.0,0.0,0.0,0.0,-522,-418,14287,-2.867431640625,-2.296142578125,78.4808349609375,98722.531,305.75,1,1,0,0,8687,777,1939,3892,3892,3892,3892,24257,F4line=8687;YAH=15568
DIRECT_SERIAL,748,1789592010401485431,2026-09-16T20:53:30.401485+00:00,-1,2207639297038,1789592010300000000,1789592010,300000000,2227297,1789592010308120,1789592010300000,2,4,0.7181669123421002,0.7852248527828602,gnss_local_enu_direct,0.7181669123421002,0.7852248527828602,110.4347071,-7.0509129,231.59,0.524,0.843,3,1,16,0,0.0437,249.905,-0.015,-0.041,-0.028,0.189,180.0,99.0,10.04,136.08199063143928,neo3_calibrated_direct,1,7.48291,16.626,-23.4375,29.69400990634475,1,154.48585477459068,yahboom_calibrated_direct+neo3_cross_align,0,-1223,-2440,3452,0.2777395788595908,-0.6075515077194024,0.6680255295998963,136.4172774712006,neo3_calibrated_direct:gyro_integral,1,136.4172774712006,nan,78.4808349609375,0.0,82,-103,2046,0.39264907226562495,-0.49320554199218747,9.797073193359374,9.81733508426007,0,0,0,0.0,0.0,0.0,0.0,0.0,0.0,0.0,-522,-418,14287,-2.867431640625,-2.296142578125,78.4808349609375,98725.891,305.75,1,1,0,0,8698,778,1942,3898,3898,3898,3898,24292,F4line=8698;YAH=15592
DIRECT_SERIAL,749,1789592010519295015,2026-09-16T20:53:30.519295+00:00,-1,2207757106649,1789592010400000000,1789592010,400000000,2227398,1789592010408196,1789592010400000,2,4,0.6850207480970532,0.7962843583545812,gnss_local_enu_direct,0.6850207480970532,0.7962843583545812,110.4347068,-7.0509128,231.59,0.523,0.843,3,1,16,0,0.0255,311.82,0.017,-0.019,0.072,0.232,180.0,99.0,10.02,136.28550057700807,neo3_calibrated_direct,1,7.43408,16.7114,-23.3032,29.62390193148769,1,154.50568907347647,yahboom_calibrated_direct+neo3_cross_align,0,-1223,-2444,3466,0.27773252190661535,-0.6081066381791569,0.6685275141100511,136.4172774712006,neo3_calibrated_direct:gyro_integral,1,136.4172774712006,nan,78.4808349609375,0.0,82,-105,2045,0.39264907226562495,-0.5027823486328125,9.792284790039062,9.813042585930123,0,0,0,0.0,0.0,0.0,0.0,0.0,0.0,0.0,-522,-418,14287,-2.867431640625,-2.296142578125,78.4808349609375,98728.031,305.75,1,1,0,0,8708,779,1944,3903,3903,3903,3903,24322,F4line=8708;YAH=15612
DIRECT_SERIAL,750,1789592010620194282,2026-09-16T20:53:30.620194+00:00,-1,2207858005876,1789592010500000000,1789592010,500000000,2227497,1789592010508320,1789592010500000,2,4,0.6629233030248346,0.7962843573801509,gnss_local_enu_direct,0.6629233030248346,0.7962843573801509,110.4347066,-7.0509128,231.58,0.521,0.843,3,1,16,0,0.0504,96.843,-0.006,0.05,-0.005,0.233,180.0,99.0,10.03,136.00846961515163,neo3_calibrated_direct,1,7.50732,16.6016,-23.3887,29.648006068408716,1,154.3919930591842,yahboom_calibrated_direct+neo3_cross_align,0,-1214,-2441,3444,0.2790303714195119,-0.6076744121901463,0.6686749130969029,136.4172774712006,neo3_calibrated_direct:gyro_integral,1,136.4172774712006,nan,78.4808349609375,0.0,81,-104,2044,0.38786066894531246,-0.49799394531249996,9.787496386718749,9.807829494241586,0,0,0,0.0,0.0,0.0,0.0,0.0,0.0,0.0,-522,-418,14287,-2.867431640625,-2.296142578125,78.4808349609375,98720.398,305.75,1,1,0,0,8725,780,1947,3908,3908,3908,3908,24359,F4line=8725;YAH=15632
DIRECT_SERIAL,751,1789592010720430430,2026-09-16T20:53:30.720430+00:00,-1,2207958241990,1789592010600000000,1789592010,600000000,2227598,1789592010608310,1789592010600000,2,4,0.6297771382322341,0.8073438629203658,gnss_local_enu_direct,0.6297771382322341,0.8073438629203658,110.4347063,-7.0509127,231.58,0.519,0.843,3,1,16,0,0.0403,172.875,-0.04,0.005,-0.003,0.165,180.0,99.0,10.01,135.83525822525692,neo3_calibrated_direct,1,7.48291,16.4673,-23.5596,29.702199641072042,1,154.42035302372355,yahboom_calibrated_direct+neo3_cross_align,0,-1227,-2418,3443,0.2772039224128822,-0.6045053471437281,0.665032878380044,136.4172774712006,neo3_calibrated_direct:gyro_integral,1,136.4172774712006,nan,78.4808349609375,0.0,80,-103,2045,0.38307226562499996,-0.49320554199218747,9.792284790039062,9.81217801900135,0,0,0,0.0,0.0,0.0,0.0,0.0,0.0,0.0,-522,-418,14287,-2.867431640625,-2.296142578125,78.4808349609375,98722.227,305.75,1,1,0,0,8737,781,1950,3914,3914,3914,3913,24394,F4line=8737;YAH=15655
DIRECT_SERIAL,752,1789592010820469692,2026-09-16T20:53:30.820470+00:00,-1,2208058281354,1789592010700000000,1789592010,700000000,2227697,1789592010708659,1789592010700000,2,4,0.6076796944690882,0.8073438618902716,gnss_local_enu_direct,0.6076796944690882,0.8073438618902716,110.4347061,-7.0509127,231.57,0.517,0.843,3,1,16,0,0.0247,111.371,-0.009,0.023,0.042,0.21,180.0,99.0,10.02,135.94823463003368,neo3_calibrated_direct,1,7.4707,16.5283,-23.4985,29.684601422791584,1,154.53756044170498,yahboom_calibrated_direct+neo3_cross_align,0,-1225,-2446,3423,0.277441758586091,-0.6083877318855218,0.668662517056364,136.4172774712006,neo3_calibrated_direct:gyro_integral,1,136.4172774712006,nan,78.4808349609375,0.0,83,-103,2045,0.39743747558593745,-0.49320554199218747,9.792284790039062,9.812749342711363,0,0,0,0.0,0.0,0.0,0.0,0.0,0.0,0.0,-522,-417,14287,-2.867431640625,-2.2906494140625,78.4808349609375,98721.617,305.75,1,1,0,0,8748,782,1952,3919,3919,3919,3919,24426,F4line=8748;YAH=15676
DIRECT_SERIAL,753,1789592010931945744,2026-09-16T20:53:30.931946+00:00,-1,2208169757476,1789592010800000000,1789592010,800000000,2227796,1789592010807691,1789592010800000,2,4,0.5855822493642993,0.8184033658059202,gnss_local_enu_direct,0.5855822493642993,0.8184033658059202,110.4347059,-7.0509126,231.56,0.516,0.844,3,1,16,0,0.0117,109.983,-0.004,0.011,0.005,0.215,180.0,99.0,10.04,135.80073784985603,neo3_calibrated_direct,1,7.51953,16.4795,-23.6206,29.76659194518076,1,154.506345198826,yahboom_calibrated_direct+neo3_cross_align,0,-1219,-2453,3471,0.278291113450494,-0.6093486247606291,0.6698893119935455,136.4172774712006,neo3_calibrated_direct:gyro_integral,1,136.4172774712006,nan,78.4808349609375,0.0,81,-104,2045,0.38786066894531246,-0.49799394531249996,9.792284790039062,9.812607975319965,0,0,0,0.0,0.0,0.0,0.0,0.0,0.0,0.0,-522,-417,14287,-2.867431640625,-2.2906494140625,78.4808349609375,98726.195,305.75,1,1,0,0,8759,783,1955,3924,3924,3924,3924,24457,F4line=8759;YAH=15696
DIRECT_SERIAL,754,1789592011037344033,2026-09-16T20:53:31.037344+00:00,-1,2208275155685,1789592010900000000,1789592010,900000000,2227900,1789592010911170,1789592010900000,2,4,0.5524360850406267,0.8184033662449433,gnss_local_enu_direct,0.5524360850406267,0.8184033662449433,110.4347056,-7.0509126,231.56,0.514,0.844,3,1,16,0,0.0396,286.144,0.011,-0.038,0.036,0.245,180.0,99.0,9.97,135.9035507227547,neo3_calibrated_direct,1,7.50122,16.5283,-23.7427,29.885929894657785,1,154.4317341480988,yahboom_calibrated_direct+neo3_cross_align,0,-1214,-2449,3442,0.27901625751356113,-0.6087846731096553,0.6696781691007284,136.4172774712006,neo3_calibrated_direct:gyro_integral,1,136.4172774712006,nan,78.4808349609375,0.0,82,-104,2046,0.39264907226562495,-0.49799394531249996,9.797073193359374,9.81757680996486,0,0,0,0.0,0.0,0.0,0.0,0.0,0.0,0.0,-522,-417,14287,-2.867431640625,-2.2906494140625,78.4808349609375,98724.672,305.75,1,1,0,0,8768,784,1957,3929,3929,3929,3929,24486,F4line=8768;YAH=15716
DIRECT_SERIAL,755,1789592011137417312,2026-09-16T20:53:31.137417+00:00,-1,2208375228887,1789592011100000000,1789592011,100000000,2228099,1789592011110345,1789592011100000,2,4,0.5303386404498134,0.8184033665001584,gnss_local_enu_direct,0.5303386404498134,0.8184033665001584,110.4347054,-7.0509126,231.56,0.513,0.844,3,1,16,0,0.0475,261.529,-0.007,-0.047,0.054,0.235,180.0,99.0,9.89,135.78169575939745,neo3_calibrated_direct,1,7.51953,16.4673,-23.5718,29.721121377749192,1,154.37207776661194,yahboom_calibrated_direct+neo3_cross_align,0,-1214,-2437,3459,0.27903742837248735,-0.6071192817303919,0.6681734121330763,136.4172774712006,neo3_calibrated_direct:gyro_integral,1,136.4172774712006,nan,78.4808349609375,0.0,81,-105,2045,0.38786066894531246,-0.5027823486328125,9.792284790039062,9.812852154080474,0,0,0,0.0,0.0,0.0,0.0,0.0,0.0,0.0,-523,-417,14287,-2.8729248046875,-2.2906494140625,78.4808349609375,98725.891,305.75,1,1,0,0,8782,785,1960,3934,3934,3934,3934,24520,F4line=8782;YAH=15736
DIRECT_SERIAL,756,1789592011238897346,2026-09-16T20:53:31.238897+00:00,-1,2208476708964,1789592011200000000,1789592011,200000000,2228196,1789592011207295,1789592011200000,2,4,0.4861437527136071,0.8294628704011046,gnss_local_enu_direct,0.4861437527136071,0.8294628704011046,110.434705,-7.0509125,231.55,0.51,0.844,3,1,16,0,0.0444,194.349,-0.043,-0.011,0.069,0.204,180.0,99.0,10.06,135.79061040895536,neo3_calibrated_direct,1,7.51343,16.4673,-23.5596,29.709903261621367,1,154.42284469660018,yahboom_calibrated_direct+neo3_cross_align,0,-1215,-2445,3454,0.2788796970445182,-0.6082313068881446,0.6691182317815758,136.4172774712006,neo3_calibrated_direct:gyro_integral,1,136.4172774712006,nan,78.4808349609375,0.0,82,-103,2046,0.39264907226562495,-0.49320554199218747,9.797073193359374,9.81733508426007,0,0,0,0.0,0.0,0.0,0.0,0.0,0.0,0.0,-523,-418,14287,-2.8729248046875,-2.296142578125,78.4808349609375,98725.281,305.75,1,1,0,0,8792,787,1962,3939,3939,3939,3939,24550,F4line=8792;YAH=15756
DIRECT_SERIAL,757,1789592011339503466,2026-09-16T20:53:31.339503+00:00,-1,2208577315022,1789592011300000000,1789592011,300000000,2228297,1789592011308378,1789592011300000,2,4,0.4640463118726676,0.8294628719069885,gnss_local_enu_direct,0.4640463118726676,0.8294628719069885,110.4347048,-7.0509125,231.56,0.509,0.844,3,1,16,0,0.0338,288.97,0.011,-0.032,-0.003,0.226,180.0,99.0,10.04,135.8721855127002,neo3_calibrated_direct,1,7.4707,16.4795,-23.5352,29.68654438933572,1,154.690651299012,yahboom_calibrated_direct+neo3_cross_align,0,-1234,-2457,3439,0.27612979516724356,-0.6099302187940414,0.6695241112740087,136.4172774712006,neo3_calibrated_direct:gyro_integral,1,136.4172774712006,nan,78.4808349609375,0.0,79,-105,2045,0.37828386230468747,-0.5027823486328125,9.792284790039062,9.812478289392912,0,0,0,0.0,0.0,0.0,0.0,0.0,0.0,0.0,-523,-418,14287,-2.8729248046875,-2.296142578125,78.4808349609375,98724.977,305.75,1,1,0,0,8804,788,1965,3945,3945,3945,3945,24586,F4line=8804;YAH=15780
DIRECT_SERIAL,758,1789592011440751742,2026-09-16T20:53:31.440752+00:00,-1,2208678563314,1789592011400000000,1789592011,400000000,2228398,1789592011408495,1789592011400000,2,4,0.44194886559110247,0.8405223732509521,gnss_local_enu_direct,0.44194886559110247,0.8405223732509521,110.4347046,-7.0509124,231.53,0.507,0.844,3,1,16,0,0.07,21.801,0.065,0.026,0.077,0.184,150.564,99.0,10.02,135.79954269772335,neo3_calibrated_direct,1,7.50732,16.4673,-23.5107,29.66959449271931,1,154.37797731609993,yahboom_calibrated_direct+neo3_cross_align,0,-1210,-2447,3471,0.2795942556781222,-0.6085000509268026,0.669660555644518,136.4172774712006,neo3_calibrated_direct:gyro_integral,1,136.4172774712006,nan,78.4808349609375,0.0,81,-104,2046,0.38786066894531246,-0.49799394531249996,9.797073193359374,9.817386466067406,0,0,0,0.0,0.0,0.0,0.0,0.0,0.0,0.0,-523,-417,14287,-2.8729248046875,-2.2906494140625,78.4808349609375,98726.805,305.75,1,1,0,0,8813,789,1967,3950,3950,3950,3950,24615,F4line=8813;YAH=15800
DIRECT_SERIAL,759,1789592011558257951,2026-09-16T20:53:31.558258+00:00,-1,2208796069711,1789592011500000000,1789592011,500000000,2228496,1789592011507508,1789592011500000,2,4,0.4198514229271147,0.8515818783573985,gnss_local_enu_direct,0.4198514229271147,0.8515818783573985,110.4347044,-7.0509123,231.53,0.506,0.844,3,1,16,0,0.0485,21.801,0.045,0.018,0.022,0.146,180.0,99.0,10.05,135.7500279520863,neo3_calibrated_direct,1,7.48901,16.4185,-23.5107,29.63790524851748,1,154.39492177905785,yahboom_calibrated_direct+neo3_cross_align,0,-1212,-2446,3474,0.2793087850723293,-0.6083647967883516,0.6694184964503992,136.4172774712006,neo3_calibrated_direct:gyro_integral,1,136.4172774712006,nan,78.4808349609375,0.0,82,-103,2044,0.39264907226562495,-0.49320554199218747,9.787496386718749,9.80777806236639,0,0,0,0.0,0.0,0.0,0.0,0.0,0.0,0.0,-523,-417,14287,-2.8729248046875,-2.2906494140625,78.4808349609375,98719.789,305.75,1,1,0,0,8824,790,1970,3955,3955,3955,3955,24646,F4line=8824;YAH=15820
DIRECT_SERIAL,760,1789592011658415588,2026-09-16T20:53:31.658416+00:00,-1,2208896227186,1789592011600000000,1789592011,600000000,2228599,1789592011609921,1789592011600000,2,4,0.4088027017739868,0.8515818783542511,gnss_local_enu_direct,0.4088027017739868,0.8515818783542511,110.4347043,-7.0509123,231.53,0.506,0.844,3,1,16,0,0.052,247.38,-0.02,-0.048,0.039,0.2601,180.0,99.0,10.0,135.99618602490781,neo3_calibrated_direct,1,7.47681,16.5649,-23.3276,29.571532282688704,1,154.47664387848224,yahboom_calibrated_direct+neo3_cross_align,0,-1219,-2447,3459,0.27830169887995715,-0.6085159290709973,0.6691363624348996,136.4172774712006,neo3_calibrated_direct:gyro_integral,1,136.4172774712006,nan,78.4808349609375,0.0,83,-103,2045,0.39743747558593745,-0.49320554199218747,9.792284790039062,9.812749342711363,0,0,0,0.0,0.0,0.0,0.0,0.0,0.0,0.0,-523,-417,14287,-2.8729248046875,-2.2906494140625,78.4808349609375,98726.5,305.75,1,1,0,0,8843,791,1973,3961,3961,3960,3960,24687,F4line=8843;YAH=15842
DIRECT_SERIAL,761,1789592011758463042,2026-09-16T20:53:31.758463+00:00,-1,2208996274638,1789592011700000000,1789592011,700000000,2228697,1789592011708135,1789592011700000,2,4,0.37565653547102235,0.8626413808259941,gnss_local_enu_direct,0.37565653547102235,0.8626413808259941,110.434704,-7.0509122,231.51,0.506,0.845,3,1,16,0,0.1933,311.855,0.129,-0.144,0.037,0.271,80.305,99.0,10.03,135.7942230077122,neo3_calibrated_direct,1,7.55005,16.5039,-23.4619,29.6621429067844,1,154.52425525115993,yahboom_calibrated_direct+neo3_cross_align,0,-1231,-2430,3456,0.27660828186588265,-0.606177795475967,0.6663059817568043,136.4172774712006,neo3_calibrated_direct:gyro_integral,1,136.4172774712006,nan,78.4808349609375,0.0,80,-105,2046,0.38307226562499996,-0.5027823486328125,9.797073193359374,9.817442518641432,0,0,0,0.0,0.0,0.0,0.0,0.0,0.0,0.0,-523,-417,14287,-2.8729248046875,-2.2906494140625,78.4808349609375,98722.531,305.75,1,1,0,0,8854,792,1975,3966,3966,3966,3965,24719,F4line=8854;YAH=15863
DIRECT_SERIAL,762,1789592011858508359,2026-09-16T20:53:31.858508+00:00,-1,2209096319947,1789592011800000000,1789592011,800000000,2228798,1789592011808128,1789592011800000,2,4,0.35355909084763865,0.8737008858557535,gnss_local_enu_direct,0.35355909084763865,0.8737008858557535,110.4347038,-7.0509121,231.51,0.506,0.844,3,1,16,0,0.1077,276.399,0.012,-0.107,0.043,0.322,171.361,99.0,10.01,136.15360323956335,neo3_calibrated_direct,1,7.43408,16.626,-23.3398,29.60465648316832,1,154.29430064238983,yahboom_calibrated_direct+neo3_cross_align,0,-1206,-2439,3449,0.2801828392721463,-0.6073827330543182,0.6688917758764377,136.4172774712006,neo3_calibrated_direct:gyro_integral,1,136.4172774712006,nan,78.4808349609375,0.0,81,-103,2044,0.38786066894531246,-0.49320554199218747,9.787496386718749,9.807587528296603,0,0,0,0.0,0.0,0.0,0.0,0.0,0.0,0.0,-523,-417,14287,-2.8729248046875,-2.2906494140625,78.4808349609375,98724.672,305.75,1,1,0,0,8866,793,1978,3971,3971,3971,3971,24752,F4line=8866;YAH=15884
DIRECT_SERIAL,763,1789592011961659796,2026-09-16T20:53:31.961660+00:00,-1,2209199471343,1789592011900000000,1789592011,900000000,2228897,1789592011908196,1789592011900000,2,4,0.35355909084763865,0.8737008858557535,gnss_local_enu_direct,0.35355909084763865,0.8737008858557535,110.4347038,-7.0509121,231.51,0.506,0.843,3,1,16,0,0.0377,291.801,0.014,-0.035,0.043,0.302,180.0,99.0,10.02,135.94932920320687,neo3_calibrated_direct,1,7.48291,16.5405,-23.3887,29.607657286723988,1,154.45680583891996,yahboom_calibrated_direct+neo3_cross_align,0,-1219,-2443,3446,0.2783087558329325,-0.6079607986112429,0.6686345012196836,136.4172774712006,neo3_calibrated_direct:gyro_integral,1,136.4172774712006,nan,78.4808349609375,0.0,82,-102,2046,0.39264907226562495,-0.488417138671875,9.797073193359374,9.817095688203326,0,0,0,0.0,0.0,0.0,0.0,0.0,0.0,0.0,-523,-417,14287,-2.8729248046875,-2.2906494140625,78.4808349609375,98724.977,305.75,1,1,0,0,8874,794,1980,3976,3976,3976,3976,24780,F4line=8874;YAH=15904
DIRECT_SERIAL,764,1789592012075355302,2026-09-16T20:53:32.075355+00:00,-1,2209313166918,1789592012000000000,1789592012,0,2229007,1789592012017017,1789592012000000,2,4,0.3314616485299131,0.8847603881006398,gnss_local_enu_direct,0.3314616485299131,0.8847603881006398,110.4347036,-7.050912,231.49,0.506,0.842,3,1,16,0,0.115,295.228,0.049,-0.104,-0.04,0.27,134.539,99.0,9.88,135.95152857205616,neo3_calibrated_direct,1,7.50732,16.5649,-23.4375,29.666010379597726,1,154.61718249543034,yahboom_calibrated_direct+neo3_cross_align,0,-1230,-2451,3473,0.27671485028478005,-0.6090904661514343,0.6690009748309039,136.4172774712006,neo3_calibrated_direct:gyro_integral,1,136.4172774712006,nan,78.4808349609375,0.0,83,-102,2046,0.39743747558593745,-0.488417138671875,9.797073193359374,9.817288373292769,0,0,0,0.0,0.0,0.0,0.0,0.0,0.0,0.0,-523,-417,14287,-2.8729248046875,-2.2906494140625,78.4808349609375,98727.414,306.0,1,1,0,0,8887,795,1983,3981,3981,3981,3981,24813,F4line=8887;YAH=15924
DIRECT_SERIAL,765,1789592012177089153,2026-09-16T20:53:32.177089+00:00,-1,2209414900847,1789592012100000000,1789592012,100000000,2229099,1789592012110509,1789592012100000,2,4,0.30936420386148167,0.8958198918051756,gnss_local_enu_direct,0.30936420386148167,0.8958198918051756,110.4347034,-7.0509119,231.48,0.506,0.841,3,1,16,0,0.0342,15.255,0.033,0.009,0.035,0.177,180.0,99.0,10.03,135.8990264685454,neo3_calibrated_direct,1,7.45239,16.4795,-23.6938,29.807854592407352,1,154.69556315335828,yahboom_calibrated_direct+neo3_cross_align,0,-1234,-2458,3446,0.2761280309289997,-0.61006900140898,0.6696498159074462,136.4172774712006,neo3_calibrated_direct:gyro_integral,1,136.4172774712006,nan,78.4808349609375,0.0,82,-103,2049,0.39264907226562495,-0.49320554199218747,9.811438403320311,9.83167068929546,-1,-4,0,-0.06103515625,-0.244140625,0.0,-0.0010652644360316954,-0.004261057744126781,0.0,0.0,-523,-418,14287,-2.8729248046875,-2.296142578125,78.4808349609375,98724.977,306.0,1,1,0,0,8897,796,1986,3986,3986,3986,3986,24843,F4line=8897;YAH=15944
DIRECT_SERIAL,766,1789592012277452672,2026-09-16T20:53:32.277453+00:00,-1,2209515264306,1789592012200000000,1789592012,200000000,2229196,1789592012207605,1789592012200000,2,4,0.2983154817791212,0.906879392341467,gnss_local_enu_direct,0.2983154817791212,0.906879392341467,110.4347033,-7.0509118,231.45,0.506,0.841,3,1,16,0,0.0305,48.991,0.02,0.023,0.091,0.205,180.0,99.0,10.07,136.06309910588956,neo3_calibrated_direct,1,7.48291,16.6138,-23.3154,29.590879839371116,1,154.42988615494846,yahboom_calibrated_direct+neo3_cross_align,0,-1217,-2442,3424,0.2785977549152131,-0.6078184875198165,0.6686254727533751,136.4172774712006,neo3_calibrated_direct:gyro_integral,1,136.4172774712006,nan,78.4808349609375,0.0,82,-102,2045,0.39264907226562495,-0.488417138671875,9.792284790039062,9.812317055850256,-1,-7,0,-0.06103515625,-0.42724609375,0.0,-0.0010652644360316954,-0.007456851052221867,0.0,0.0,-524,-420,14287,-2.87841796875,-2.30712890625,78.4808349609375,98719.789,306.0,1,1,0,0,8906,797,1988,3992,3992,3992,3991,24875,F4line=8906;YAH=15967
DIRECT_SERIAL,767,1789592012377488842,2026-09-16T20:53:32.377489+00:00,-1,2209615300423,1789592012300000000,1789592012,300000000,2229298,1789592012308732,1789592012300000,2,4,0.28726675963061243,0.9179388943069677,gnss_local_enu_direct,0.28726675963061243,0.9179388943069677,110.4347032,-7.0509117,231.43,0.506,0.84,3,1,16,0,0.0042,135.0,-0.003,0.003,0.015,0.201,180.0,99.0,10.03,135.8934832787308,neo3_calibrated_direct,1,7.49512,16.5161,-23.5718,29.742026465330166,1,154.4479235143605,yahboom_calibrated_direct+neo3_cross_align,0,-1220,-2439,3461,0.2781721953638896,-0.6074074323897322,0.6680745161999917,136.4172774712006,neo3_calibrated_direct:gyro_integral,1,136.4172774712006,nan,78.4808349609375,0.0,83,-102,2042,0.39743747558593745,-0.488417138671875,9.777919580078125,9.798174277018331,0,1,0,0.0,0.06103515625,0.0,0.0,0.0010652644360316954,0.0,0.0,-523,-419,14287,-2.8729248046875,-2.3016357421875,78.4808349609375,98724.062,306.0,1,1,0,0,8917,798,1991,3997,3997,3997,3997,24907,F4line=8917;YAH=15988
DIRECT_SERIAL,768,1789592012482257894,2026-09-16T20:53:32.482258+00:00,-1,2209720069630,1789592012400000000,1789592012,400000000,2229396,1789592012407659,1789592012400000,2,4,0.27621803584786947,0.9289983963197245,gnss_local_enu_direct,0.27621803584786947,0.9289983963197245,110.4347031,-7.0509116,231.41,0.506,0.84,3,1,16,0,0.0241,48.366,0.016,0.018,0.01,0.257,180.0,99.0,10.06,135.7500279520863,neo3_calibrated_direct,1,7.48901,16.4185,-23.5596,29.676710821620716,1,154.5039545328668,yahboom_calibrated_direct+neo3_cross_align,0,-1226,-2437,3466,0.2773140193082673,-0.6071404525893181,0.6674747893930288,136.4172774712006,neo3_calibrated_direct:gyro_integral,1,136.4172774712006,nan,78.4808349609375,0.0,77,-104,2038,0.3687070556640625,-0.49799394531249996,9.758765966796874,9.77841787086118,0,0,0,0.0,0.0,0.0,0.0,0.0,0.0,0.0,-521,-411,14287,-2.8619384765625,-2.2576904296875,78.4808349609375,98721.922,306.0,1,1,0,0,8926,799,1993,4002,4002,4002,4002,24936,F4line=8926;YAH=16008
DIRECT_SERIAL,769,1789592012585363717,2026-09-16T20:53:32.585364+00:00,-1,2209823175262,1789592012500000000,1789592012,500000000,2229498,1789592012509011,1789592012500000,2,4,0.2651693142919619,0.9400578996419549,gnss_local_enu_direct,0.2651693142919619,0.9400578996419549,110.434703,-7.0509115,231.4,0.506,0.84,3,1,16,0,0.0235,347.735,0.023,-0.005,0.086,0.215,180.0,99.0,10.02,135.77155537314871,neo3_calibrated_direct,1,7.51343,16.4551,-23.5962,29.732181232040478,1,154.53696681289466,yahboom_calibrated_direct+neo3_cross_align,0,-1229,-2437,3456,0.27688316704221233,-0.6071457453040496,0.6673007149944735,136.4172774712006,neo3_calibrated_direct:gyro_integral,1,136.4172774712006,nan,78.475341796875,0.0,71,-101,2047,0.3399766357421875,-0.4836287353515625,9.801861596679688,9.819672684309412,8,23,0,0.48828125,1.40380859375,0.0,0.008522115488253563,0.024501082028728992,0.0,0.0,-514,-395,14286,-2.823486328125,-2.1697998046875,78.475341796875,98719.484,306.0,1,1,0,0,8939,800,1996,4007,4007,4007,4007,24969,F4line=8939;YAH=16028
DIRECT_SERIAL,770,1789592012696082552,2026-09-16T20:53:32.696082+00:00,-1,2209933894165,1789592012600000000,1789592012,600000000,2229599,1789592012609199,1789592012600000,2,4,0.24307187060763868,0.9400578938243042,gnss_local_enu_direct,0.24307187060763868,0.9400578938243042,110.4347028,-7.0509115,231.36,0.506,0.84,3,1,16,0,0.0485,278.297,0.007,-0.048,0.05,0.295,180.0,99.0,10.0,135.89561359107148,neo3_calibrated_direct,1,7.41577,16.4429,-23.7061,29.788282634500767,1,154.46599064702056,yahboom_calibrated_direct+neo3_cross_align,0,-1223,-2436,3460,0.2777466358125662,-0.6069963772596478,0.6675236293282321,136.39485048682562,neo3_calibrated_direct:gyro_integral,1,136.39485048682562,nan,78.453369140625,0.0,53,-99,2034,0.2537853759765625,-0.4740519287109375,9.739612353515625,9.754444168937987,2,44,-13,0.1220703125,2.685546875,-0.79345703125,0.0021305288720633907,0.04687163518539459,-0.01384843766841204,-0.01384843766841204,-512,-372,14282,-2.8125,-2.04345703125,78.453369140625,98722.227,306.0,1,1,0,0,8957,801,1999,4012,4012,4012,4012,25007,F4line=8957;YAH=16048
DIRECT_SERIAL,771,1789592012796558193,2026-09-16T20:53:32.796558+00:00,-1,2210034369801,1789592012700000000,1789592012,700000000,2229696,1789592012707339,1789592012700000,2,4,0.2320231484591299,0.9511173952121303,gnss_local_enu_direct,0.2320231484591299,0.9511173952121303,110.4347027,-7.0509114,231.34,0.506,0.84,3,1,16,0,0.0388,101.889,-0.008,0.038,-0.006,0.308,180.0,99.0,10.05,135.90344932904833,neo3_calibrated_direct,1,7.39746,16.4307,-23.7793,29.8353050165672,1,154.64447308364174,yahboom_calibrated_direct+neo3_cross_align,0,-1241,-2432,3464,0.2751685791692116,-0.6064730030882828,0.6659784158941812,136.14331929975276,neo3_calibrated_direct:gyro_integral,1,136.14331929975276,nan,78.2061767578125,0.0,38,-97,2077,0.181959326171875,-0.4644751220703125,9.945513696289062,9.958016319452208,-19,61,-55,-1.15966796875,3.72314453125,-3.35693359375,-0.02024002428460221,0.06498113059793341,-0.05858954398174324,-0.05858954398174324,-512,-300,14237,-2.8125,-1.64794921875,78.2061767578125,98722.531,306.0,1,1,0,0,8968,802,2001,4018,4018,4018,4018,25042,F4line=8968;YAH=16072
DIRECT_SERIAL,772,1789592012915612125,2026-09-16T20:53:32.915612+00:00,-1,2210153423725,1789592012800000000,1789592012,800000000,2229797,1789592012808467,1789592012800000,2,4,0.22097442533513628,0.9621768970368723,gnss_local_enu_direct,0.22097442533513628,0.9621768970368723,110.4347026,-7.0509113,231.32,0.505,0.84,3,1,16,0,0.0313,352.648,0.031,-0.004,0.068,0.207,180.0,99.0,10.03,135.68229420195,neo3_calibrated_direct,1,7.48291,16.3696,-23.999,29.99849574942217,1,154.2871032795351,yahboom_calibrated_direct+neo3_cross_align,0,-1214,-2420,3488,0.2790674204226329,-0.6047599772764352,0.6660429830399364,135.70661502369086,neo3_calibrated_direct:gyro_integral,1,135.70661502369086,nan,77.7777099609375,0.0,61,-104,2108,0.2920926025390625,-0.49799394531249996,10.09395419921875,10.110451396151994,83,10,-95,5.06591796875,0.6103515625,-5.79833984375,0.08841694819063071,0.010652644360316953,-0.10120012142301105,-0.10120012142301105,-501,-263,14159,-2.7520751953125,-1.4447021484375,77.7777099609375,98725.586,306.0,1,1,0,0,8980,803,2004,4023,4023,4023,4023,25074,F4line=8980;YAH=16092
DIRECT_SERIAL,773,1789592013016526576,2026-09-16T20:53:33.016527+00:00,-1,2210254338199,1789592012900000000,1789592012,900000000,2229898,1789592012908632,1789592012900000,2,4,0.1988769841366619,0.9621768939663129,gnss_local_enu_direct,0.1988769841366619,0.9621768939663129,110.4347024,-7.0509113,231.3,0.505,0.84,3,1,16,0,0.0934,232.394,-0.057,-0.074,-0.002,0.299,180.0,99.0,10.01,134.38305793063313,neo3_calibrated_direct,1,7.83691,15.8936,-24.2065,29.999638690459253,1,152.68143787553268,yahboom_calibrated_direct+neo3_cross_align,0,-1097,-2357,3527,0.29598180580814104,-0.5958102566607708,0.6652782059496777,134.53914880897105,neo3_calibrated_direct:gyro_integral,1,134.53914880897105,nan,76.6680908203125,0.0,114,-57,2076,0.5458779785156249,-0.27293898925781246,9.94072529296875,9.959442645527611,277,-122,-205,16.90673828125,-7.4462890625,-12.51220703125,0.2950782487807796,-0.12996226119586682,-0.21837920938649752,-0.21837920938649752,-231,-353,13957,-1.2689208984375,-1.9390869140625,76.6680908203125,98721.312,306.0,1,1,0,0,8991,804,2007,4029,4029,4029,4029,25109,F4line=8991;YAH=16116
DIRECT_SERIAL,774,1789592013116544620,2026-09-16T20:53:33.116544+00:00,-1,2210354356218,1789592013000000000,1789592013,0,2230006,1789592013016495,1789592013000000,2,4,0.18782826159684332,0.9732363970060102,gnss_local_enu_direct,0.18782826159684332,0.9732363970060102,110.4347023,-7.0509112,231.29,0.506,0.84,3,1,16,0,0.0526,75.7,0.013,0.051,0.032,0.261,180.0,99.0,9.9,132.31965289495753,neo3_calibrated_direct,1,8.45337,15.2222,-24.4629,30.026793262133406,1,150.5805043137456,yahboom_calibrated_direct+neo3_cross_align,0,-952,-2260,3635,0.3169774631104536,-0.5820925284663653,0.6628019491645338,132.86511447950048,neo3_calibrated_direct:gyro_integral,1,132.86511447950048,nan,75.0640869140625,0.0,185,-90,1955,0.8858546142578124,-0.430956298828125,9.361328491210937,9.41301932694601,13,-27,-334,0.79345703125,-1.64794921875,-20.3857421875,0.01384843766841204,-0.02876213977285577,-0.35579832163458625,-0.35579832163458625,-88,-465,13665,-0.4833984375,-2.5543212890625,75.0640869140625,98724.977,305.75,1,1,0,0,9005,805,2009,4034,4034,4034,4034,25143,F4line=9005;YAH=16136
DIRECT_SERIAL,775,1789592013232486477,2026-09-16T20:53:33.232486+00:00,-1,2210470298393,1789592013100000000,1789592013,100000000,2230098,1789592013109346,1789592013100000,2,4,0.17677954055491135,0.9732363971299469,gnss_local_enu_direct,0.17677954055491135,0.9732363971299469,110.4347022,-7.0509112,231.29,0.505,0.839,3,1,16,0,0.0384,231.34,-0.024,-0.03,-0.018,0.244,180.0,99.0,10.04,129.91622797255815,neo3_calibrated_direct,1,9.19189,14.4531,-24.6826,30.043529821612175,1,148.5655580862189,yahboom_calibrated_direct+neo3_cross_align,0,-810,-2174,3695,0.33752286152602873,-0.5699067017510161,0.6623558943298085,130.3037729857277,neo3_calibrated_direct:gyro_integral,1,130.3037729857277,nan,72.5372314453125,0.0,95,-32,2037,0.45489831542968745,-0.15322890625,9.753977563476562,9.765781580800152,79,40,-473,4.82177734375,2.44140625,-28.86962890625,0.08415589044650393,0.04261057744126781,-0.5038700782429919,-0.5038700782429919,-50,-448,13205,-0.274658203125,-2.4609375,72.5372314453125,98726.805,305.75,1,1,0,0,9015,806,2012,4039,4039,4039,4039,25173,F4line=9015;YAH=16156
DIRECT_SERIAL,776,1789592013332488743,2026-09-16T20:53:33.332489+00:00,-1,2210570300347,1789592013200000000,1789592013,200000000,2230196,1789592013207204,1789592013200000,2,4,0.17677954089255027,0.9842959031225875,gnss_local_enu_direct,0.17677954089255027,0.9842959031225875,110.4347022,-7.0509111,231.3,0.505,0.838,3,1,16,0,0.0515,294.076,0.021,-0.047,-0.057,0.214,180.0,99.0,10.07,126.4613579932778,neo3_calibrated_direct,1,10.1074,13.2324,-24.939,29.986824865597224,1,146.20498562058125,yahboom_calibrated_direct+neo3_cross_align,0,-674,-2026,3767,0.35731593818061286,-0.5491269383389356,0.6551450786561589,127.16181677807916,neo3_calibrated_direct:gyro_integral,1,127.16181677807916,nan,69.41162109375,0.0,43,44,1998,0.2059013427734375,0.21068974609375,9.567229833984374,9.57176432160475,71,-7,-532,4.33349609375,-0.42724609375,-32.470703125,0.07563377495825037,-0.007456851052221867,-0.5667206799688619,-0.5667206799688619,47,-437,12636,0.2581787109375,-2.4005126953125,69.41162109375,98723.141,305.75,1,1,0,0,9028,807,2015,4044,4044,4044,4044,25206,F4line=9028;YAH=16176
DIRECT_SERIAL,777,1789592013432899323,2026-09-16T20:53:33.432899+00:00,-1,2210670710938,1789592013300000000,1789592013,300000000,2230297,1789592013308496,1789592013300000,2,4,0.15468209850867645,0.9953554061034738,gnss_local_enu_direct,0.15468209850867645,0.9953554061034738,110.434702,-7.050911,231.29,0.505,0.838,3,1,16,0,0.0716,294.775,0.03,-0.065,-0.023,0.253,180.0,99.0,10.04,123.6564339871939,neo3_calibrated_direct,1,10.7178,12.1582,-25.1709,29.93772320818669,1,143.5681714506325,yahboom_calibrated_direct+neo3_cross_align,0,-510,-1886,3858,0.38111618874575964,-0.5294080371755358,0.6523207946632906,123.88639301856148,neo3_calibrated_direct:gyro_integral,1,123.88639301856148,nan,66.1431884765625,0.0,22,86,2004,0.105344873046875,0.411802685546875,9.595960253906249,9.605369966255822,0,22,-537,0.0,1.3427734375,-32.77587890625,0.0,0.023435817592697295,-0.5720470021490204,-0.5720470021490204,105,-422,12041,0.5767822265625,-2.318115234375,66.1431884765625,98722.227,305.75,1,1,0,0,9036,808,2017,4049,4049,4049,4049,25234,F4line=9036;YAH=16196
DIRECT_SERIAL,778,1789592013533855443,2026-09-16T20:53:33.533855+00:00,-1,2210771667055,1789592013400000000,1789592013,400000000,2230398,1789592013408499,1789592013400000,2,4,0.13258465495949623,0.9953554046080988,gnss_local_enu_direct,0.13258465495949623,0.9953554046080988,110.4347018,-7.050911,231.28,0.505,0.837,3,1,16,0,0.0953,257.276,-0.021,-0.093,0.008,0.291,174.851,99.0,10.02,120.26477021089175,neo3_calibrated_direct,1,11.3892,10.8337,-25.0977,29.613805524113243,1,141.1338562660223,yahboom_calibrated_direct+neo3_cross_align,0,-373,-1740,3909,0.4010493543458744,-0.5089040747550885,0.6479382238482118,120.77066819910773,neo3_calibrated_direct:gyro_integral,1,120.77066819910773,nan,63.0010986328125,0.0,41,36,2037,0.19632453613281248,0.17238251953125,9.753977563476562,9.757475973085041,86,50,-483,5.2490234375,3.0517578125,-29.47998046875,0.0916127414987258,0.05326322180158476,-0.5145227226033088,-0.5145227226033088,177,-355,11469,0.9722900390625,-1.9500732421875,63.0010986328125,98725.891,305.75,1,1,0,0,9048,809,2020,4054,4054,4054,4054,25266,F4line=9048;YAH=16216
DIRECT_SERIAL,779,1789592013633901140,2026-09-16T20:53:33.633901+00:00,-1,2210871712735,1789592013500000000,1789592013,500000000,2230497,1789592013508722,1789592013500000,2,4,0.11048721220541312,1.0064149061398187,gnss_local_enu_direct,0.11048721220541312,1.0064149061398187,110.4347016,-7.0509109,231.26,0.505,0.837,3,1,16,0,0.1258,260.388,-0.021,-0.124,-0.014,0.276,125.735,99.0,10.03,117.63755224903704,neo3_calibrated_direct,1,11.7798,9.75342,-25.293,29.557211281452112,1,138.7313940112078,yahboom_calibrated_direct+neo3_cross_align,0,-259,-1574,3965,0.41771460400444455,-0.4856650375154773,0.6405903676012463,118.12340943788126,neo3_calibrated_direct:gyro_integral,1,118.12340943788126,nan,60.325927734375,0.0,33,62,2008,0.1580173095703125,0.296881005859375,9.6151138671875,9.620993840593874,50,48,-412,3.0517578125,2.9296875,-25.146484375,0.05326322180158476,0.05113269292952137,-0.4388889476450585,-0.4388889476450585,273,-293,10982,1.4996337890625,-1.6094970703125,60.325927734375,98723.453,305.75,1,1,0,0,9063,810,2022,4059,4059,4059,4059,25301,F4line=9063;YAH=16236
DIRECT_SERIAL,780,1789592013733962609,2026-09-16T20:53:33.733963+00:00,-1,2210971774380,1789592013600000000,1789592013,600000000,2230599,1789592013609491,1789592013600000,2,4,0.08838976861118526,1.006414902972615,gnss_local_enu_direct,0.08838976861118526,1.006414902972615,110.4347014,-7.0509109,231.24,0.504,0.836,3,1,16,0,0.0275,213.111,-0.023,-0.015,-0.005,0.193,180.0,99.0,10.0,115.09668142755427,neo3_calibrated_direct,1,12.085,8.69141,-25.4639,29.49572911453623,1,136.8493759646298,yahboom_calibrated_direct+neo3_cross_align,0,-194,-1421,3997,0.4273196648869461,-0.4643166219440172,0.6310245806722551,115.79302235608932,neo3_calibrated_direct:gyro_integral,1,115.79302235608932,nan,57.9638671875,0.0,43,65,2026,0.2059013427734375,0.3112462158203125,9.701305126953125,9.708480351531096,37,91,-358,2.25830078125,5.55419921875,-21.8505859375,0.039414784133172724,0.09693906367888427,-0.38136466809934694,-0.38136466809934694,332,-193,10552,1.82373046875,-1.0601806640625,57.9638671875,98726.5,305.75,1,1,0,0,9075,811,2025,4064,4064,4064,4064,25333,F4line=9075;YAH=16256
DIRECT_SERIAL,781,1789592013834492165,2026-09-16T20:53:33.834492+00:00,-1,2211072303800,1789592013700000000,1789592013,700000000,2230697,1789592013708594,1789592013700000,2,4,0.06629232824037831,1.0064148982701413,gnss_local_enu_direct,0.06629232824037831,1.0064148982701413,110.4347012,-7.0509109,231.21,0.503,0.835,3,1,16,0,0.0375,228.24,-0.025,-0.028,0.01,0.231,180.0,99.0,10.03,113.20597308868672,neo3_calibrated_direct,1,12.1338,7.84302,-25.708,29.489715650721354,1,135.21180567713773,yahboom_calibrated_direct+neo3_cross_align,0,-162,-1267,4029,0.4321871150810865,-0.4428876436196656,0.6188175557570197,113.35217351709963,neo3_calibrated_direct:gyro_integral,1,113.35217351709963,nan,55.5303955078125,0.0,25,82,2034,0.1197100830078125,0.39264907226562495,9.739612353515625,9.748258951970806,0,71,-317,0.0,4.33349609375,-19.34814453125,0.0,0.07563377495825037,-0.3376888262220474,-0.3376888262220474,348,-57,10109,1.91162109375,-0.3131103515625,55.5303955078125,98722.836,305.75,1,1,0,0,9086,812,2027,4070,4070,4070,4070,25368,F4line=9086;YAH=16280
DIRECT_SERIAL,782,1789592013934515742,2026-09-16T20:53:33.934516+00:00,-1,2211172327311,1789592013800000000,1789592013,800000000,2230798,1789592013808750,1789592013800000,2,4,0.055243605856803296,1.0174744026466114,gnss_local_enu_direct,0.055243605856803296,1.0174744026466114,110.4347011,-7.0509108,231.21,0.502,0.834,3,1,16,0,0.0676,262.349,-0.009,-0.067,0.005,0.255,180.0,99.0,10.01,111.36626738682105,neo3_calibrated_direct,1,12.2559,7.06177,-25.6592,29.29966254042698,1,134.2181723329628,yahboom_calibrated_direct+neo3_cross_align,0,-157,-1167,4044,0.43308162601556366,-0.42900056093458383,0.6095909908081583,111.35475092615455,neo3_calibrated_direct:gyro_integral,1,111.35475092615455,nan,53.5528564453125,0.0,-7,69,2076,-0.033518823242187495,0.33039982910156246,9.94072529296875,9.946271005198406,12,36,-331,0.732421875,2.197265625,-20.20263671875,0.012783173232380343,0.03834951969714103,-0.35260252832649114,-0.35260252832649114,347,8,9749,1.9061279296875,0.0439453125,53.5528564453125,98724.977,305.75,1,1,0,0,9098,813,2030,4075,4075,4075,4075,25400,F4line=9098;YAH=16300
DIRECT_SERIAL,783,1789592014037361635,2026-09-16T20:53:34.037362+00:00,-1,2211275173232,1789592013900000000,1789592013,900000000,2230897,1789592013907715,1789592013900000,2,4,0.033146163896809744,1.017474399432152,gnss_local_enu_direct,0.033146163896809744,1.017474399432152,110.4347009,-7.0509108,231.19,0.501,0.832,3,1,16,0,0.048,215.676,-0.039,-0.028,-0.034,0.184,180.0,99.0,10.02,109.57377809464658,neo3_calibrated_direct,1,12.3169,6.29272,-26.001,29.450914274575585,1,132.8568811128748,yahboom_calibrated_direct+neo3_cross_align,0,-145,-1050,4032,0.4350114509543147,-0.41274182412783844,0.5996588829040671,109.30408464142874,neo3_calibrated_direct:gyro_integral,1,109.30408464142874,nan,51.5093994140625,0.0,-8,112,2092,-0.0383072265625,0.5363011718749999,10.01733974609375,10.031758668310907,55,17,-327,3.35693359375,1.03759765625,-19.95849609375,0.05858954398174324,0.01810949541253882,-0.34834147058236437,-0.34834147058236437,387,55,9377,2.1258544921875,0.3021240234375,51.5093994140625,98726.195,305.75,1,1,0,0,9106,814,2032,4080,4080,4080,4080,25428,F4line=9106;YAH=16320
DIRECT_SERIAL,784,1789592014153161241,2026-09-16T20:53:34.153161+00:00,-1,2211390973036,1789592014100000000,1789592014,100000000,2231097,1789592014108075,1789592014100000,2,4,0.01104872098648299,1.0285338989338897,gnss_local_enu_direct,0.01104872098648299,1.0285338989338897,110.4347007,-7.0509107,231.16,0.5,0.829,3,1,16,0,0.0417,315.971,0.03,-0.029,-0.027,0.182,180.0,99.0,10.05,106.85246604620198,neo3_calibrated_direct,1,12.4573,5.16052,-26.123,29.397728125833126,1,131.0571105989103,yahboom_calibrated_direct+neo3_cross_align,0,-92,-936,4061,0.4428242974810859,-0.3968271013979109,0.5946134095725433,107.5058121371562,neo3_calibrated_direct:gyro_integral,1,107.5058121371562,nan,49.691162109375,0.0,0,110,2068,0.0,0.5267243652343749,9.90241806640625,9.916416798361213,108,-7,-280,6.591796875,-0.42724609375,-17.08984375,0.11504855909142309,-0.007456851052221867,-0.2982740420888747,-0.2982740420888747,477,68,9046,2.6202392578125,0.37353515625,49.691162109375,98728.641,305.75,1,1,0,0,9122,816,2035,4085,4085,4085,4085,25464,F4line=9122;YAH=16340
DIRECT_SERIAL,785,1789592014253447519,2026-09-16T20:53:34.253448+00:00,-1,2211491259117,1789592014200000000,1789592014,200000000,2231198,1789592014208295,1789592014200000,2,4,-1.6664489232987023e-10,1.0285338989307424,gnss_local_enu_direct,-1.6664489232987023e-10,1.0285338989307424,110.4347006,-7.0509107,231.16,0.5,0.828,3,1,16,0,0.0295,246.038,-0.012,-0.027,-0.072,0.19,180.0,99.0,10.03,104.06863385963906,neo3_calibrated_direct,1,12.6099,4.02222,-26.2939,29.43734038510273,1,129.41619963409266,yahboom_calibrated_direct+neo3_cross_align,0,-61,-819,4121,0.44748285343818534,-0.3805348440645323,0.587407585640838,105.3898224749221,neo3_calibrated_direct:gyro_integral,1,105.3898224749221,nan,47.5762939453125,0.0,-31,123,2020,-0.1484405029296875,0.5889736083984375,9.672574707031249,9.691626589866148,88,16,-297,5.37109375,0.9765625,-18.12744140625,0.09374327037078918,0.017044230976507126,-0.3163835375014135,-0.3163835375014135,616,94,8661,3.3837890625,0.516357421875,47.5762939453125,98721.922,305.75,1,1,0,0,9134,817,2038,4091,4091,4091,4090,25499,F4line=9134;YAH=16363
DIRECT_SERIAL,786,1789592014353479473,2026-09-16T20:53:34.353479+00:00,-1,2211591291067,1789592014300000000,1789592014,300000000,2231297,1789592014308363,1789592014300000,2,4,-0.01104871920413325,1.0285339005721243,gnss_local_enu_direct,-0.01104871920413325,1.0285339005721243,110.4347005,-7.0509107,231.17,0.499,0.826,3,1,16,0,0.0251,265.426,-0.002,-0.025,0.003,0.242,180.0,99.0,10.04,102.51230527117839,neo3_calibrated_direct,1,12.6099,3.37524,-26.3428,29.399743789829188,1,127.22100183655829,yahboom_calibrated_direct+neo3_cross_align,0,-13,-673,4144,0.4546340684786682,-0.360187898847788,0.5800236708082273,103.5771072916396,neo3_calibrated_direct:gyro_integral,1,103.5771072916396,nan,45.7745361328125,0.0,-36,123,1983,-0.17238251953125,0.5889736083984375,9.495403784179686,9.51521406322757,38,21,-301,2.3193359375,1.28173828125,-18.37158203125,0.04048004856920442,0.022370553156665602,-0.3206445952455403,-0.3206445952455403,688,129,8333,3.779296875,0.7086181640625,45.7745361328125,98724.062,305.75,1,1,0,0,9142,818,2040,4096,4096,4096,4096,25528,F4line=9142;YAH=16384
DIRECT_SERIAL,787,1789592014472482799,2026-09-16T20:53:34.472483+00:00,-1,2211710294430,1789592014400000000,1789592014,400000000,2231398,1789592014408410,1789592014400000,2,4,-0.011048719392947243,1.0395934030856167,gnss_local_enu_direct,-0.011048719392947243,1.0395934030856167,110.4347005,-7.0509106,231.16,0.499,0.825,3,1,16,0,0.0871,282.6,0.019,-0.085,-0.02,0.221,145.362,99.0,10.02,100.30655862203072,neo3_calibrated_direct,1,12.6099,2.4704,-26.416,29.37545761635042,1,125.9701604385935,yahboom_calibrated_direct+neo3_cross_align,0,-22,-563,4207,0.4535355778873272,-0.34493768934873403,0.5698039399151568,101.85221805384164,neo3_calibrated_direct:gyro_integral,1,101.85221805384164,nan,44.0386962890625,0.0,-51,112,2066,-0.2442085693359375,0.5363011718749999,9.892841259765625,9.910376630744803,-51,-15,-259,-3.11279296875,-0.91552734375,-15.80810546875,-0.054328486237616457,-0.01597896654047543,-0.27590348893220906,-0.27590348893220906,657,172,8017,3.6090087890625,0.94482421875,44.0386962890625,98727.109,305.75,1,1,0,0,9154,819,2043,4101,4101,4101,4101,25560,F4line=9154;YAH=16404
DIRECT_SERIAL,788,1789592014573544904,2026-09-16T20:53:34.573545+00:00,-1,2211811356480,1789592014500000000,1789592014,500000000,2231497,1789592014508654,1789592014500000,2,4,-0.02209744141879022,1.039593403042555,gnss_local_enu_direct,-0.02209744141879022,1.039593403042555,110.4347004,-7.0509106,231.16,0.498,0.823,3,1,16,0,0.0342,217.875,-0.027,-0.021,0.015,0.218,180.0,99.0,10.03,98.54454020249547,neo3_calibrated_direct,1,12.5732,1.75171,-26.3916,29.28601025616327,1,124.4093469002056,yahboom_calibrated_direct+neo3_cross_align,0,15,-467,4170,0.45901878937341567,-0.3315492814996034,0.5662359711822796,100.04568795002099,neo3_calibrated_direct:gyro_integral,1,100.04568795002099,nan,42.2039794921875,0.0,-37,124,2008,-0.1771709228515625,0.59376201171875,9.6151138671875,9.635058772080518,32,-48,-240,1.953125,-2.9296875,-14.6484375,0.03408846195301425,-0.05113269292952137,-0.25566346464760686,-0.25566346464760686,670,127,7683,3.680419921875,0.6976318359375,42.2039794921875,98722.836,305.75,1,1,0,0,9164,820,2046,4107,4107,4107,4107,25594,F4line=9164;YAH=16428
DIRECT_SERIAL,789,1789592014683357606,2026-09-16T20:53:34.683358+00:00,-1,2211921169195,1789592014600000000,1789592014,600000000,2231597,1789592014607612,1789592014600000,2,4,-0.022097441352641967,1.0395934014978108,gnss_local_enu_direct,-0.022097441352641967,1.0395934014978108,110.4347004,-7.0509106,231.15,0.498,0.821,3,1,16,0,0.0524,203.629,-0.048,-0.021,-0.005,0.175,180.0,99.0,10.03,97.33453472534032,neo3_calibrated_direct,1,12.5366,1.2619,-26.1719,29.0469805793993,1,123.87319066821533,yahboom_calibrated_direct+neo3_cross_align,0,11,-422,4153,0.4585237104063158,-0.3253111207803407,0.5622022041117736,98.8131928743992,neo3_calibrated_direct:gyro_integral,1,98.8131928743992,nan,40.924072265625,0.0,-87,145,2006,-0.4165910888671875,0.6943184814453125,9.605537060546874,9.63960416773114,-136,0,-172,-8.30078125,0.0,-10.498046875,-0.14487596330031055,0.0,-0.1832254829974516,-0.1832254829974516,622,131,7450,3.416748046875,0.7196044921875,40.924072265625,98726.195,305.75,1,1,0,0,9180,821,2048,4112,4112,4112,4112,25630,F4line=9180;YAH=16448
DIRECT_SERIAL,790,1789592014785337507,2026-09-16T20:53:34.785338+00:00,-1,2212023149086,1789592014700000000,1789592014,700000000,2231698,1789592014709094,1789592014700000,2,4,-0.022097441555137876,1.02853390063619,gnss_local_enu_direct,-0.022097441555137876,1.02853390063619,110.4347004,-7.0509107,231.17,0.497,0.817,3,1,16,0,0.1297,264.245,-0.013,-0.129,0.079,0.257,113.564,99.0,10.01,97.08817989620087,neo3_calibrated_direct,1,12.4573,1.15585,-25.9521,28.810272593686094,1,124.49343072902134,yahboom_calibrated_direct+neo3_cross_align,0,-11,-454,4095,0.455307671498109,-0.32979097769974147,0.5621985100453232,97.84953884223329,neo3_calibrated_direct:gyro_integral,1,97.84953884223329,nan,39.9627685546875,0.0,-34,41,2109,-0.16280571289062498,0.19632453613281248,10.098742602539062,10.101962738793636,-102,-48,-185,-6.2255859375,-2.9296875,-11.29150390625,-0.10865697247523291,-0.05113269292952137,-0.19707392066586363,-0.19707392066586363,456,114,7275,2.5048828125,0.626220703125,39.9627685546875,98724.367,305.75,1,1,0,0,9195,822,2051,4117,4117,4117,4117,25665,F4line=9195;YAH=16468
DIRECT_SERIAL,791,1789592014891671724,2026-09-16T20:53:34.891672+00:00,-1,2212129483435,1789592014800000000,1789592014,800000000,2231797,1789592014808012,1789592014800000,2,4,-0.022097441600185536,1.0285338989643618,gnss_local_enu_direct,-0.022097441600185536,1.0285338989643618,110.4347004,-7.0509107,231.16,0.497,0.814,3,1,16,0,0.0292,185.906,-0.029,-0.003,0.015,0.168,180.0,99.0,10.02,96.66315793228924,neo3_calibrated_direct,1,12.3596,0.978088,-25.5371,28.387670645999542,1,124.32062094797479,yahboom_calibrated_direct+neo3_cross_align,0,7,-454,4032,0.4578927850944391,-0.3297592214113521,0.5642755946763632,96.50685480097536,neo3_calibrated_direct:gyro_integral,1,96.50685480097536,nan,38.616943359375,0.0,-9,88,2015,-0.0430956298828125,0.4213794921875,9.648632690429688,9.657925797218553,-174,-42,-207,-10.6201171875,-2.5634765625,-12.63427734375,-0.18535601186951497,-0.044741106313331204,-0.22050973825856093,-0.22050973825856093,344,88,7030,1.8896484375,0.4833984375,38.616943359375,98721.008,305.75,1,1,0,0,9206,823,2054,4122,4122,4122,4122,25696,F4line=9206;YAH=16488
DIRECT_SERIAL,792,1789592014992498046,2026-09-16T20:53:34.992498+00:00,-1,2212230309632,1789592014900000000,1789592014,900000000,2231898,1789592014909308,1789592014900000,2,4,-0.022097441555137876,1.02853390063619,gnss_local_enu_direct,-0.022097441555137876,1.02853390063619,110.4347004,-7.0509107,231.17,0.497,0.811,3,1,16,0,0.0546,221.285,-0.041,-0.036,-0.021,0.199,180.0,99.0,10.0,96.01368386057078,neo3_calibrated_direct,1,12.4023,0.724411,-25.3418,28.223193366926445,1,124.70302427874455,yahboom_calibrated_direct+neo3_cross_align,0,16,-491,3968,0.4591200650775815,-0.33487830001988655,0.5682734464859781,95.7760542304174,neo3_calibrated_direct:gyro_integral,1,95.7760542304174,nan,37.79296875,0.0,34,-18,2061,0.16280571289062498,-0.086191259765625,9.868899243164062,9.870618364881402,-245,-100,-26,-14.95361328125,-6.103515625,-1.5869140625,-0.26098978682776536,-0.10652644360316953,-0.02769687533682408,-0.02769687533682408,43,-11,6880,0.2362060546875,-0.0604248046875,37.79296875,98721.617,305.75,1,1,0,0,9215,824,2056,4128,4128,4128,4128,25729,F4line=9215;YAH=16512
DIRECT_SERIAL,793,1789592015092539499,2026-09-16T20:53:35.092539+00:00,-1,2212330351078,1789592015000000000,1789592015,0,2232006,1789592015017089,1789592015000000,2,4,-0.022097441510090188,1.0285339023080182,gnss_local_enu_direct,-0.022097441510090188,1.0285339023080182,110.4347004,-7.0509107,231.18,0.496,0.807,3,1,16,0,0.0738,220.601,-0.056,-0.048,0.047,0.201,156.15,99.0,9.89,97.25673707266775,neo3_calibrated_direct,1,12.4023,1.21765,-24.7925,27.748293155841136,1,125.64370370235734,yahboom_calibrated_direct+neo3_cross_align,0,60,-601,3858,0.4652451654395643,-0.35006676118040564,0.582236894440937,95.81516673523888,neo3_calibrated_direct:gyro_integral,1,95.81516673523888,nan,37.81494140625,0.0,2,-78,2119,0.009576806640625,-0.373495458984375,10.146626635742187,10.153502974750152,-39,-156,25,-2.38037109375,-9.521484375,1.52587890625,-0.04154531300523612,-0.16618125202094447,0.02663161090079238,0.02663161090079238,-151,-135,6884,-0.8294677734375,-0.7415771484375,37.81494140625,98724.977,305.75,1,1,0,0,9228,825,2059,4133,4133,4133,4133,25762,F4line=9228;YAH=16532
DIRECT_SERIAL,794,1789592015204333549,2026-09-16T20:53:35.204334+00:00,-1,2212442145165,1789592015100000000,1789592015,100000000,2232096,1789592015107340,1789592015100000,2,4,-0.011048719439199522,1.0285339037918382,gnss_local_enu_direct,-0.011048719439199522,1.0285339037918382,110.4347005,-7.0509107,231.19,0.496,0.804,3,1,16,0,0.0412,284.036,0.01,-0.04,0.018,0.27,180.0,99.0,10.08,97.220957421882,neo3_calibrated_direct,1,12.5488,1.21765,-24.6582,27.69443771233675,1,125.76927222964359,yahboom_calibrated_direct+neo3_cross_align,0,71,-620,3824,0.4667914365551327,-0.3526842242435571,0.5850473547256531,95.93457181037328,neo3_calibrated_direct:gyro_integral,1,95.93457181037328,nan,37.94677734375,0.0,19,-2,2032,0.0909796630859375,-0.009576806640625,9.730035546875,9.730465598200928,-25,-116,22,-1.52587890625,-7.080078125,1.3427734375,-0.02663161090079238,-0.12357067457967666,0.023435817592697295,0.023435817592697295,-160,-255,6908,-0.87890625,-1.4007568359375,37.94677734375,98723.141,305.75,1,1,0,0,9236,826,2061,4138,4138,4138,4138,25790,F4line=9236;YAH=16552
DIRECT_SERIAL,795,1789592015310848449,2026-09-16T20:53:35.310848+00:00,-1,2212548660136,1789592015200000000,1789592015,200000000,2232197,1789592015208670,1789592015200000,2,4,5.859351892567588e-11,1.0285339070588142,gnss_local_enu_direct,5.859351892567588e-11,1.0285339070588142,110.4347006,-7.0509107,231.21,0.496,0.8,3,1,16,0,0.0924,125.754,-0.054,0.075,-0.019,0.256,158.731,99.0,10.05,97.52754506876931,neo3_calibrated_direct,1,12.7808,1.36414,-23.8892,27.127543258091027,1,125.32888892855019,yahboom_calibrated_direct+neo3_cross_align,0,110,-614,3742,0.4724031014433109,-0.35178272326241505,0.5889955641931269,95.71989673133132,neo3_calibrated_direct:gyro_integral,1,95.71989673133132,nan,37.7984619140625,0.0,49,-11,2076,0.2346317626953125,-0.0526724365234375,9.94072529296875,9.943633430487242,0,-93,-91,0.0,-5.67626953125,-5.55419921875,0.0,-0.09906959255094766,-0.09693906367888427,-0.09693906367888427,-167,-367,6881,-0.9173583984375,-2.0159912109375,37.7984619140625,98724.062,305.75,1,1,0,0,9248,827,2064,4143,4143,4143,4143,25822,F4line=9248;YAH=16572
DIRECT_SERIAL,796,1789592015411511919,2026-09-16T20:53:35.411512+00:00,-1,2212649323495,1789592015300000000,1789592015,300000000,2232298,1789592015308928,1789592015300000,2,4,0.022097443203986517,1.017474404221828,gnss_local_enu_direct,0.022097443203986517,1.017474404221828,110.4347008,-7.0509108,231.22,0.496,0.797,3,1,16,0,0.0613,245.943,-0.025,-0.056,0.019,0.265,180.0,99.0,10.03,95.89678690256281,neo3_calibrated_direct,1,12.9028,0.715637,-24.0234,27.278528767434818,1,123.85710257239857,yahboom_calibrated_direct+neo3_cross_align,0,183,-548,3683,0.4830036129747438,-0.3424942812846644,0.5921104819705144,94.61350417603323,neo3_calibrated_direct:gyro_integral,1,94.61350417603323,nan,36.73828125,0.0,102,-42,2045,0.488417138671875,-0.201112939453125,9.792284790039062,9.806520235281946,22,-33,-185,1.3427734375,-2.01416015625,-11.29150390625,0.023435817592697295,-0.035153726389045944,-0.19707392066586363,-0.19707392066586363,-145,-401,6688,-0.7965087890625,-2.2027587890625,36.73828125,98724.062,305.75,1,1,0,0,9258,828,2067,4149,4149,4149,4149,25856,F4line=9258;YAH=16596
DIRECT_SERIAL,797,1789592015524316344,2026-09-16T20:53:35.524316+00:00,-1,2212762127984,1789592015400000000,1789592015,400000000,2232399,1789592015409055,1789592015400000,2,4,0.033146164513358,1.0174744059083525,gnss_local_enu_direct,0.033146164513358,1.0174744059083525,110.4347009,-7.0509108,231.23,0.496,0.793,3,1,16,0,0.0449,196.821,-0.043,-0.013,-0.007,0.162,180.0,99.0,10.01,95.20209329098955,neo3_calibrated_direct,1,12.9761,0.439835,-23.5596,26.900323012878953,1,122.26844217747679,yahboom_calibrated_direct+neo3_cross_align,0,250,-467,3662,0.4927688835477245,-0.3311346855122975,0.5936929783500888,93.70931084022021,neo3_calibrated_direct:gyro_integral,1,93.70931084022021,nan,35.826416015625,0.0,237,-3,2080,1.1348515869140625,-0.0143652099609375,9.95987890625,10.024334507125262,19,-56,-128,1.15966796875,-3.41796875,-7.8125,0.02024002428460221,-0.059654808417774936,-0.136353847812057,-0.136353847812057,-109,-462,6522,-0.5987548828125,-2.537841796875,35.826416015625,98724.062,305.75,1,1,0,0,9268,829,2069,4154,4154,4154,4154,25886,F4line=9268;YAH=16616
DIRECT_SERIAL,798,1789592015630222376,2026-09-16T20:53:35.630222+00:00,-1,2212868034156,1789592015500000000,1789592015,500000000,2232498,1789592015509217,1789592015500000,2,4,0.0441948851639801,1.0174744073207522,gnss_local_enu_direct,0.0441948851639801,1.0174744073207522,110.434701,-7.0509108,231.24,0.496,0.79,3,1,16,0,0.0405,105.751,-0.011,0.039,0.031,0.243,180.0,99.0,10.02,93.71453400309865,neo3_calibrated_direct,1,13.1104,-0.155544,-23.7671,27.143725324758503,1,120.96184101171389,yahboom_calibrated_direct+neo3_cross_align,0,289,-389,3623,0.4985075735894603,-0.3202408362555744,0.5925065350962138,92.83785574329579,neo3_calibrated_direct:gyro_integral,1,92.83785574329579,nan,34.9530029296875,0.0,87,-2,2062,0.4165910888671875,-0.009576806640625,9.873687646484374,9.882476794351055,14,-24,-134,0.8544921875,-1.46484375,-8.1787109375,0.014913702104443734,-0.025566346464760685,-0.14274543442824716,-0.14274543442824716,-88,-499,6363,-0.4833984375,-2.7410888671875,34.9530029296875,98723.141,305.75,1,1,0,0,9285,830,2072,4159,4159,4159,4159,25923,F4line=9285;YAH=16636
DIRECT_SERIAL,799,1789592015730461668,2026-09-16T20:53:35.730462+00:00,-1,2212968273285,1789592015600000000,1789592015,600000000,2232596,1789592015606977,1789592015600000,2,4,0.05524360636215567,1.017474408995728,gnss_local_enu_direct,0.05524360636215567,1.017474408995728,110.4347011,-7.0509108,231.25,0.496,0.787,3,1,16,0,0.0085,339.444,0.008,-0.003,0.016,0.187,180.0,99.0,10.05,92.79153305302887,neo3_calibrated_direct,1,13.1348,-0.528717,-23.7915,27.181574364927595,1,120.02533762640668,yahboom_calibrated_direct+neo3_cross_align,0,310,-331,3627,0.5016258652699889,-0.3121543955860132,0.5908205103003231,92.40869779181807,neo3_calibrated_direct:gyro_integral,1,92.40869779181807,nan,34.453125,0.0,1,62,2116,0.0047884033203125,0.296881005859375,10.13226142578125,10.136611014575884,1,-4,-1,0.06103515625,-0.244140625,-0.06103515625,0.0010652644360316954,-0.004261057744126781,-0.0010652644360316954,-0.0010652644360316954,-60,-523,6272,-0.32958984375,-2.8729248046875,34.453125,98724.367,305.75,1,1,0,0,9296,831,2075,4165,4165,4165,4164,25957,F4line=9296;YAH=16659
DIRECT_SERIAL,800,1789592015830504123,2026-09-16T20:53:35.830504+00:00,-1,2213068315707,1789592015700000000,1789592015,700000000,2232697,1789592015708509,1789592015700000,2,4,0.06629232838799864,1.0174744090387893,gnss_local_enu_direct,0.06629232838799864,1.0174744090387893,110.4347012,-7.0509108,231.25,0.496,0.784,3,1,16,0,0.0659,30.069,0.057,0.033,-0.025,0.196,170.516,99.0,10.03,92.945041546484,neo3_calibrated_direct,1,13.1348,-0.466537,-23.8037,27.191115488379086,1,119.70653071887098,yahboom_calibrated_direct+neo3_cross_align,0,318,-312,3613,0.5028083251727689,-0.30950341199622855,0.5904308375248977,92.4087005081877,neo3_calibrated_direct:gyro_integral,1,92.4087005081877,nan,34.453125,0.0,99,-54,2016,0.4740519287109375,-0.258573779296875,9.65342109375,9.668512007734792,-8,2,0,-0.48828125,0.1220703125,0.0,-0.008522115488253563,0.0021305288720633907,0.0,0.0,-55,-520,6272,-0.3021240234375,-2.8564453125,34.453125,98727.414,305.75,1,1,0,0,9308,832,2077,4170,4170,4170,4170,25990,F4line=9308;YAH=16680
DIRECT_SERIAL,801,1789592015932711141,2026-09-16T20:53:35.932711+00:00,-1,2213170522772,1789592015800000000,1789592015,800000000,2232798,1789592015808567,1789592015800000,2,4,0.07734104949607884,1.0174744073701083,gnss_local_enu_direct,0.07734104949607884,1.0174744073701083,110.4347013,-7.0509108,231.24,0.497,0.781,3,1,16,0,0.0623,137.603,-0.046,0.042,0.038,0.216,180.0,99.0,10.01,92.90228645001797,neo3_calibrated_direct,1,13.1104,-0.484467,-23.7183,27.104889804684486,1,119.58852364964801,yahboom_calibrated_direct+neo3_cross_align,0,321,-305,3637,0.5032515271065308,-0.3085266409769266,0.5902972028796686,92.37821467676694,neo3_calibrated_direct:gyro_integral,1,92.37821467676694,nan,34.442138671875,0.0,-92,-100,2022,-0.44053310546874996,-0.47884033203125,9.682151513671874,9.703989664786969,45,4,-24,2.74658203125,0.244140625,-1.46484375,0.04793689962142629,0.004261057744126781,-0.025566346464760685,-0.025566346464760685,-53,-520,6270,-0.2911376953125,-2.8564453125,34.442138671875,98724.672,305.75,1,1,0,0,9320,833,2080,4175,4175,4175,4175,26022,F4line=9320;YAH=16700
DIRECT_SERIAL,802,1789592016039564115,2026-09-16T20:53:36.039564+00:00,-1,2213277375836,1789592015900000000,1789592015,900000000,2232896,1789592015907479,1789592015900000,2,4,0.09943849136597704,1.017474407356446,gnss_local_enu_direct,0.09943849136597704,1.017474407356446,110.4347015,-7.0509108,231.24,0.497,0.778,3,1,16,0,0.018,180.0,-0.018,0.0,-0.012,0.162,180.0,99.0,10.04,92.74793990503086,neo3_calibrated_direct,1,13.1226,-0.546646,-23.5107,26.9305489565162,1,119.57708583243702,yahboom_calibrated_direct+neo3_cross_align,0,313,-299,3636,0.5021131731598473,-0.3077080591932457,0.5888988778670959,92.2280023866061,neo3_calibrated_direct:gyro_integral,1,92.2280023866061,nan,34.2938232421875,0.0,70,-62,2027,0.33518823242187495,-0.296881005859375,9.706093530273437,9.71641606258244,1,-1,-41,0.06103515625,-0.06103515625,-2.50244140625,0.0010652644360316954,-0.0010652644360316954,-0.043675841877299504,-0.043675841877299504,-51,-518,6243,-0.2801513671875,-2.845458984375,34.2938232421875,98724.672,305.75,1,1,0,0,9328,834,2082,4180,4180,4180,4180,26050,F4line=9328;YAH=16720
DIRECT_SERIAL,803,1789592016149149245,2026-09-16T20:53:36.149149+00:00,-1,2213386960972,1789592016100000000,1789592016,100000000,2233098,1789592016108851,1789592016100000,2,4,0.11048721145372183,1.0064148949947378,gnss_local_enu_direct,0.11048721145372183,1.0064148949947378,110.4347016,-7.0509109,231.19,0.497,0.773,3,1,16,0,0.0314,99.162,-0.005,0.031,0.053,0.213,180.0,99.0,10.06,92.14249354160019,neo3_calibrated_direct,1,13.1592,-0.791168,-23.645,27.07169216070957,1,119.05561971546852,yahboom_calibrated_direct+neo3_cross_align,0,318,-263,3616,0.5028947728467177,-0.30270306386423596,0.5869687363304348,91.79612050580756,neo3_calibrated_direct:gyro_integral,1,91.79612050580756,nan,33.870849609375,0.0,92,-26,2070,0.44053310546874996,-0.12449848632812499,9.911994873046874,9.922560740727135,7,-3,-72,0.42724609375,-0.18310546875,-4.39453125,0.007456851052221867,-0.0031957933080950856,-0.07669903939428206,-0.07669903939428206,-43,-520,6166,-0.2362060546875,-2.8564453125,33.870849609375,98725.586,305.75,1,1,0,0,9344,836,2085,4185,4185,4185,4185,26086,F4line=9344;YAH=16740
DIRECT_SERIAL,804,1789592016249442203,2026-09-16T20:53:36.249442+00:00,-1,2213487253774,1789592016200000000,1789592016,200000000,2233197,1789592016207918,1789592016200000,2,4,0.12153593380472644,1.0064148949306724,gnss_local_enu_direct,0.12153593380472644,1.0064148949306724,110.4347017,-7.0509109,231.19,0.498,0.77,3,1,16,0,0.011,354.806,0.011,-0.001,0.038,0.188,180.0,99.0,10.06,91.72715887062344,neo3_calibrated_direct,1,13.0859,-0.959778,-23.6816,27.073605803056303,1,118.47823185822769,yahboom_calibrated_direct+neo3_cross_align,0,339,-233,3581,0.5059636658564184,-0.2985025364129562,0.5874546751978689,91.30488338471464,neo3_calibrated_direct:gyro_integral,1,91.30488338471464,nan,33.37646484375,0.0,103,-7,2070,0.49320554199218747,-0.033518823242187495,9.911994873046874,9.924314464055987,1,1,-70,0.06103515625,0.06103515625,-4.2724609375,0.0010652644360316954,0.0010652644360316954,-0.07456851052221868,-0.07456851052221868,-44,-520,6076,-0.24169921875,-2.8564453125,33.37646484375,98725.586,305.75,1,1,0,0,9355,837,2088,4191,4191,4191,4190,26120,F4line=9355;YAH=16763
DIRECT_SERIAL,805,1789592016349488541,2026-09-16T20:53:36.349489+00:00,-1,2213587300127,1789592016300000000,1789592016,300000000,2233298,1789592016308055,1789592016300000,2,4,0.13258465273101888,1.006414893277741,gnss_local_enu_direct,0.13258465273101888,1.006414893277741,110.4347018,-7.0509109,231.18,0.498,0.768,3,1,16,0,0.0251,66.501,0.01,0.023,0.042,0.209,180.0,99.0,10.04,91.41898035645951,neo3_calibrated_direct,1,13.1714,-1.08414,-23.5962,27.045180567701895,1,117.74249801194912,yahboom_calibrated_direct+neo3_cross_align,0,363,-193,3597,0.5094810535146127,-0.2929088900975587,0.5876789614990002,91.12905097345907,neo3_calibrated_direct:gyro_integral,1,91.12905097345907,nan,33.167724609375,0.0,107,0,2042,0.5123591552734374,0.0,9.777919580078125,9.791334087777194,1,1,0,0.06103515625,0.06103515625,0.0,0.0010652644360316954,0.0010652644360316954,0.0,0.0,-30,-525,6038,-0.164794921875,-2.8839111328125,33.167724609375,98725.586,305.75,1,1,0,0,9364,838,2090,4196,4196,4196,4196,26150,F4line=9364;YAH=16784
DIRECT_SERIAL,806,1789592016449488960,2026-09-16T20:53:36.449489+00:00,-1,2213687300523,1789592016400000000,1789592016,400000000,2233397,1789592016408020,1789592016400000,2,4,0.14363337335769386,1.0064148900328096,gnss_local_enu_direct,0.14363337335769386,1.0064148900328096,110.4347019,-7.0509109,231.16,0.499,0.765,3,1,16,0,0.0781,87.064,0.004,0.078,0.075,0.251,180.0,99.0,10.05,91.43976403760341,neo3_calibrated_direct,1,13.147,-1.07574,-23.5229,26.969012773136505,1,117.8695752350238,yahboom_calibrated_direct+neo3_cross_align,0,359,-200,3600,0.5088942341588324,-0.2938874253551045,0.5876590511018754,91.13637862842737,neo3_calibrated_direct:gyro_integral,1,91.13637862842737,nan,33.1787109375,0.0,108,-28,2051,0.51714755859375,-0.13407529296874998,9.821015209960937,9.835535447337282,-4,0,0,-0.244140625,0.0,0.0,-0.004261057744126781,0.0,0.0,0.0,-30,-525,6040,-0.164794921875,-2.8839111328125,33.1787109375,98724.672,305.75,1,1,0,0,9375,839,2093,4201,4201,4201,4201,26181,F4line=9375;YAH=16804
DIRECT_SERIAL,807,1789592016549490659,2026-09-16T20:53:36.549491+00:00,-1,2213787302360,1789592016500000000,1789592016,500000000,2233498,1789592016508172,1789592016500000,2,4,0.15468209490213158,1.0064148884996205,gnss_local_enu_direct,0.15468209490213158,1.0064148884996205,110.434702,-7.0509109,231.15,0.499,0.763,3,1,16,0,0.0253,251.565,-0.008,-0.024,0.025,0.268,180.0,99.0,10.03,91.9134611551587,neo3_calibrated_direct,1,13.1226,-0.884247,-23.5229,26.950164153990027,1,117.93456229967677,yahboom_calibrated_direct+neo3_cross_align,0,356,-203,3599,0.5084580891780457,-0.29430906591465195,0.5874925146162667,91.14980027417926,neo3_calibrated_direct:gyro_integral,1,91.14980027417926,nan,33.189697265625,0.0,109,7,2046,0.5219359619140624,0.033518823242187495,9.797073193359374,9.811023586552604,-4,1,2,-0.244140625,0.06103515625,0.1220703125,-0.004261057744126781,0.0010652644360316954,0.0021305288720633907,0.0021305288720633907,-33,-526,6042,-0.1812744140625,-2.889404296875,33.189697265625,98729.859,305.75,1,1,0,0,9384,840,2095,4206,4206,4206,4206,26210,F4line=9384;YAH=16824
DIRECT_SERIAL,808,1789592016668044196,2026-09-16T20:53:36.668044+00:00,-1,2213905855886,1789592016600000000,1789592016,600000000,2233596,1789592016607028,1789592016600000,2,4,0.1546820944082491,0.9953553810546721,gnss_local_enu_direct,0.1546820944082491,0.9953553810546721,110.434702,-7.050911,231.13,0.5,0.76,3,1,16,0,0.0061,80.538,0.001,0.006,0.031,0.184,180.0,99.0,10.05,91.33047100092209,neo3_calibrated_direct,1,13.1836,-1.12,-23.645,27.09516071109378,1,117.95094248377973,yahboom_calibrated_direct+neo3_cross_align,0,354,-203,3618,0.5081708543340091,-0.29431259439113966,0.5872457070186211,91.15833952375202,neo3_calibrated_direct:gyro_integral,1,91.15833952375202,nan,33.20068359375,0.0,109,-27,2042,0.5219359619140624,-0.1292868896484375,9.777919580078125,9.792693376321415,0,0,0,0.0,0.0,0.0,0.0,0.0,0.0,0.0,-37,-525,6044,-0.2032470703125,-2.8839111328125,33.20068359375,98725.281,305.75,1,1,0,0,9402,841,2098,4211,4211,4211,4211,26248,F4line=9402;YAH=16844
DIRECT_SERIAL,809,1789592016768471084,2026-09-16T20:53:36.768471+00:00,-1,2214006282704,1789592016700000000,1789592016,700000000,2233697,1789592016708467,1789592016700000,2,4,0.16573081503492404,0.9953553778097409,gnss_local_enu_direct,0.16573081503492404,0.9953553778097409,110.4347021,-7.050911,231.11,0.5,0.758,3,1,16,0,0.0198,229.086,-0.013,-0.015,0.052,0.203,180.0,99.0,10.03,91.82499692530308,neo3_calibrated_direct,1,13.1104,-0.920105,-23.5229,26.945426435315976,1,117.92830708761315,yahboom_calibrated_direct+neo3_cross_align,0,365,-208,3606,0.5097418247849915,-0.2949871008451504,0.5889432210325202,91.15956147455768,neo3_calibrated_direct:gyro_integral,1,91.15956147455768,nan,33.20068359375,0.0,105,1,2044,0.5027823486328125,0.0047884033203125,9.787496386718749,9.800402978395105,0,0,1,0.0,0.0,0.06103515625,0.0,0.0,0.0010652644360316954,0.0010652644360316954,-37,-526,6044,-0.2032470703125,-2.889404296875,33.20068359375,98724.977,305.75,1,1,0,0,9416,842,2101,4217,4217,4217,4216,26285,F4line=9416;YAH=16867
DIRECT_SERIAL,810,1789592016868495115,2026-09-16T20:53:36.868495+00:00,-1,2214106306684,1789592016800000000,1789592016,800000000,2233798,1789592016808646,1789592016800000,2,4,0.17677953531533686,0.9953553777729742,gnss_local_enu_direct,0.17677953531533686,0.9953553777729742,110.4347022,-7.050911,231.11,0.501,0.756,3,1,16,0,0.038,90.0,0.0,0.038,-0.008,0.346,180.0,99.0,10.01,91.29846150634027,neo3_calibrated_direct,1,13.1836,-1.13297,-23.6572,27.106346891842506,1,118.06168545327334,yahboom_calibrated_direct+neo3_cross_align,0,352,-210,3595,0.5078712698222655,-0.29528760117219777,0.5874759519477468,91.16078053882768,neo3_calibrated_direct:gyro_integral,1,91.16078053882768,nan,33.20068359375,0.0,107,-25,2047,0.5123591552734374,-0.1197100830078125,9.801861596679688,9.81597336836395,0,0,0,0.0,0.0,0.0,0.0,0.0,0.0,0.0,-37,-526,6044,-0.2032470703125,-2.889404296875,33.20068359375,98724.672,305.75,1,1,0,0,9426,843,2103,4222,4222,4222,4222,26316,F4line=9426;YAH=16888
DIRECT_SERIAL,811,1789592016985370093,2026-09-16T20:53:36.985370+00:00,-1,2214223181680,1789592016900000000,1789592016,900000000,2233896,1789592016907500,1789592016900000,2,4,0.1878282558308159,0.9953553746320285,gnss_local_enu_direct,0.1878282558308159,0.9953553746320285,110.4347023,-7.050911,231.09,0.502,0.755,3,1,16,0,0.0314,260.838,-0.005,-0.031,0.072,0.237,180.0,99.0,10.04,91.86770780076829,neo3_calibrated_direct,1,13.147,-0.902557,-23.7061,27.122636216788532,1,117.89496783163968,yahboom_calibrated_direct+neo3_cross_align,0,346,-194,3585,0.5070377931020571,-0.2930776647626429,0.5856465155847241,91.16078053882768,neo3_calibrated_direct:gyro_integral,1,91.16078053882768,nan,33.20068359375,0.0,104,3,2047,0.49799394531249996,0.0143652099609375,9.801861596679688,9.814514511135494,1,0,0,0.06103515625,0.0,0.0,0.0010652644360316954,0.0,0.0,0.0,-37,-527,6044,-0.2032470703125,-2.8948974609375,33.20068359375,98723.453,305.75,1,1,0,0,9437,844,2106,4227,4227,4227,4227,26347,F4line=9437;YAH=16908
DIRECT_SERIAL,812,1789592017086820654,2026-09-16T20:53:37.086821+00:00,-1,2214324632221,1789592017000000000,1789592017,0,2234005,1789592017015312,1789592017000000,2,4,0.20992569745437514,0.9953553698224018,gnss_local_enu_direct,0.20992569745437514,0.9953553698224018,110.4347025,-7.050911,231.06,0.503,0.753,3,1,16,0,0.1895,82.725,0.024,0.188,0.099,0.3,90.707,99.0,9.91,91.17375021693836,neo3_calibrated_direct,1,13.1348,-1.18332,-23.6816,27.106113624464868,1,117.77844884543929,yahboom_calibrated_direct+neo3_cross_align,0,347,-186,3612,0.5071955244300262,-0.29196563960489,0.5852275067969224,91.16078053882768,neo3_calibrated_direct:gyro_integral,1,91.16078053882768,nan,33.20068359375,0.0,107,-17,2047,0.5123591552734374,-0.08140285644531249,9.801861596679688,9.81558093489601,0,0,0,0.0,0.0,0.0,0.0,0.0,0.0,0.0,-38,-528,6044,-0.208740234375,-2.900390625,33.20068359375,98724.062,305.75,1,1,0,0,9448,845,2108,4232,4232,4232,4232,26378,F4line=9448;YAH=16928
DIRECT_SERIAL,813,1789592017187000137,2026-09-16T20:53:37.187000+00:00,-1,2214424811768,1789592017100000000,1789592017,100000000,2234098,1789592017108912,1789592017100000,2,4,0.23202313845155825,0.9953553697688254,gnss_local_enu_direct,0.23202313845155825,0.9953553697688254,110.4347027,-7.050911,231.06,0.503,0.752,3,1,16,0,0.0655,257.661,-0.014,-0.064,0.02,0.328,180.0,99.0,10.04,91.56049797563391,neo3_calibrated_direct,1,13.1348,-1.02692,-23.4619,26.907959553567046,1,118.01954428599328,yahboom_calibrated_direct+neo3_cross_align,0,344,-202,3600,0.5067364443520697,-0.29419145415863956,0.5859440551234846,91.16078053882768,neo3_calibrated_direct:gyro_integral,1,91.16078053882768,nan,33.20068359375,0.0,104,-1,2049,0.49799394531249996,-0.0047884033203125,9.811438403320311,9.82406964758103,0,0,0,0.0,0.0,0.0,0.0,0.0,0.0,0.0,-38,-528,6044,-0.208740234375,-2.900390625,33.20068359375,98724.367,305.75,1,1,0,0,9458,846,2111,4237,4237,4237,4237,26408,F4line=9458;YAH=16948
DIRECT_SERIAL,814,1789592017287111840,2026-09-16T20:53:37.287112+00:00,-1,2214524923478,1789592017200000000,1789592017,200000000,2234197,1789592017207976,1789592017200000,2,4,0.24307185949349017,0.9953553696448887,gnss_local_enu_direct,0.24307185949349017,0.9953553696448887,110.4347028,-7.050911,231.06,0.504,0.751,3,1,16,0,0.092,137.643,-0.068,0.062,0.019,0.249,155.049,99.0,10.05,91.30601353417906,neo3_calibrated_direct,1,13.1836,-1.12991,-23.5718,27.03171768142195,1,117.85893860067517,yahboom_calibrated_direct+neo3_cross_align,0,357,-198,3600,0.5086105277912834,-0.29361338860171493,0.5872763326972316,91.16078053882768,neo3_calibrated_direct:gyro_integral,1,91.16078053882768,nan,33.20068359375,0.0,107,-14,2047,0.5123591552734374,-0.06703764648437499,9.801861596679688,9.815472312145898,0,0,0,0.0,0.0,0.0,0.0,0.0,0.0,0.0,-38,-529,6044,-0.208740234375,-2.9058837890625,33.20068359375,98725.281,305.75,1,1,0,0,9467,847,2113,4242,4242,4242,4242,26437,F4line=9467;YAH=16968
DIRECT_SERIAL,815,1789592017387522103,2026-09-16T20:53:37.387522+00:00,-1,2214625333677,1789592017300000000,1789592017,300000000,2234298,1789592017308032,1789592017300000,2,4,0.2651692986436779,1.0064148674947293,gnss_local_enu_direct,0.2651692986436779,1.0064148674947293,110.434703,-7.0509109,231.02,0.504,0.75,3,1,16,0,0.0962,297.897,0.045,-0.085,0.022,0.281,167.421,99.0,10.02,91.49448110911207,neo3_calibrated_direct,1,13.1348,-1.05362,-23.6084,27.036820018345352,1,117.92491413501293,yahboom_calibrated_direct+neo3_cross_align,0,344,-195,3586,0.5067487940197766,-0.2932199758540692,0.5854675861910366,91.16078053882768,neo3_calibrated_direct:gyro_integral,1,91.16078053882768,nan,33.20068359375,0.0,102,-2,2049,0.488417138671875,-0.009576806640625,9.811438403320311,9.82359234489718,0,0,0,0.0,0.0,0.0,0.0,0.0,0.0,0.0,-39,-529,6044,-0.2142333984375,-2.9058837890625,33.20068359375,98722.836,305.75,1,1,0,0,9478,848,2116,4248,4248,4248,4248,26472,F4line=9478;YAH=16992
DIRECT_SERIAL,816,1789592017487671369,2026-09-16T20:53:37.487671+00:00,-1,2214725482967,1789592017400000000,1789592017,400000000,2234399,1789592017410219,1789592017400000,2,4,0.2872667410862813,1.017474369676319,gnss_local_enu_direct,0.2872667410862813,1.017474369676319,110.4347032,-7.0509108,231.01,0.503,0.748,3,1,16,0,0.0845,154.041,-0.076,0.037,-0.006,0.204,138.294,99.0,10.01,91.50558571727603,neo3_calibrated_direct,1,13.1836,-1.04904,-23.645,27.092320293426326,1,117.86425865021526,yahboom_calibrated_direct+neo3_cross_align,0,358,-199,3592,0.5087523809750578,-0.29375040697840976,0.587467689960709,91.16078053882768,neo3_calibrated_direct:gyro_integral,1,91.16078053882768,nan,33.20068359375,0.0,109,-12,2048,0.5219359619140624,-0.05746083984375,9.80665,9.8206976900297,1,0,0,0.06103515625,0.0,0.0,0.0010652644360316954,0.0,0.0,0.0,-39,-529,6044,-0.2142333984375,-2.9058837890625,33.20068359375,98723.758,305.75,1,1,0,0,9489,849,2119,4253,4253,4253,4253,26503,F4line=9489;YAH=17012
DIRECT_SERIAL,817,1789592017606225775,2026-09-16T20:53:37.606226+00:00,-1,2214844038529,1789592017500000000,1789592017,500000000,2234497,1789592017508195,1789592017500000,2,4,0.29831546003367426,1.0174743648068154,gnss_local_enu_direct,0.29831546003367426,1.0174743648068154,110.4347033,-7.0509108,230.98,0.502,0.747,3,1,16,0,0.0358,247.011,-0.014,-0.033,0.06,0.224,180.0,99.0,10.04,91.51706924700937,neo3_calibrated_direct,1,13.147,-1.04446,-23.6816,27.106321850291675,1,117.67483574731861,yahboom_calibrated_direct+neo3_cross_align,0,368,-191,3606,0.510202669101192,-0.2926225036764622,0.5881621317424828,91.16078053882768,neo3_calibrated_direct:gyro_integral,1,91.16078053882768,nan,33.20068359375,0.0,104,-6,2046,0.49799394531249996,-0.028730419921875,9.797073193359374,9.8097638382704,0,0,0,0.0,0.0,0.0,0.0,0.0,0.0,0.0,-39,-530,6044,-0.2142333984375,-2.911376953125,33.20068359375,98723.758,305.75,1,1,0,0,9499,850,2121,4258,4258,4258,4258,26533,F4line=9499;YAH=17032
DIRECT_SERIAL,818,1789592017706402212,2026-09-16T20:53:37.706402+00:00,-1,2214944213843,1789592017600000000,1789592017,600000000,2234598,1789592017608260,1789592017600000,2,4,0.3093641803140871,1.0174743647700486,gnss_local_enu_direct,0.3093641803140871,1.0174743647700486,110.4347034,-7.0509108,230.98,0.502,0.746,3,1,16,0,0.0367,258.996,-0.007,-0.036,-0.017,0.245,180.0,99.0,10.02,91.43972004346614,neo3_calibrated_direct,1,13.1714,-1.07574,-23.6328,27.07678397350025,1,117.91001781496998,yahboom_calibrated_direct+neo3_cross_align,0,359,-203,3609,0.5088889414441008,-0.2943037731999204,0.5878627949137517,91.16078053882768,neo3_calibrated_direct:gyro_integral,1,91.16078053882768,nan,33.20068359375,0.0,105,-10,2046,0.5027823486328125,-0.047884033203124995,9.797073193359374,9.810082880729059,0,0,0,0.0,0.0,0.0,0.0,0.0,0.0,0.0,-39,-530,6044,-0.2142333984375,-2.911376953125,33.20068359375,98724.977,305.75,1,1,0,0,9517,851,2124,4264,4264,4263,4263,26573,F4line=9517;YAH=17054
DIRECT_SERIAL,819,1789592017806539600,2026-09-16T20:53:37.806540+00:00,-1,2215044351183,1789592017700000000,1789592017,700000000,2234697,1789592017708377,1789592017700000,2,4,0.30936418015784345,1.017474363202206,gnss_local_enu_direct,0.30936418015784345,1.017474363202206,110.4347034,-7.0509108,230.97,0.501,0.745,3,1,16,0,0.042,295.346,0.018,-0.038,0.002,0.274,180.0,99.0,10.03,91.42844469575752,neo3_calibrated_direct,1,13.147,-1.08032,-23.8159,27.22513164545582,1,117.9461529918259,yahboom_calibrated_direct+neo3_cross_align,0,348,-199,3617,0.5073162067548744,-0.2937680493608483,0.586233230430886,91.16078053882768,neo3_calibrated_direct:gyro_integral,1,91.16078053882768,nan,33.20068359375,0.0,104,-6,2048,0.49799394531249996,-0.028730419921875,9.80665,9.81932826771245,0,0,0,0.0,0.0,0.0,0.0,0.0,0.0,0.0,-39,-531,6044,-0.2142333984375,-2.9168701171875,33.20068359375,98721.617,305.75,1,1,0,0,9528,852,2126,4269,4269,4269,4269,26606,F4line=9528;YAH=17076
DIRECT_SERIAL,820,1789592017925612179,2026-09-16T20:53:37.925612+00:00,-1,2215163424725,1789592017800000000,1789592017,800000000,2234797,1789592017808643,1789592017800000,2,4,0.32041290028201264,1.0174743613665271,gnss_local_enu_direct,0.32041290028201264,1.0174743613665271,110.4347035,-7.0509108,230.96,0.5,0.745,3,1,16,0,0.0762,76.329,0.018,0.074,0.002,0.239,179.819,99.0,10.02,91.50591584363451,neo3_calibrated_direct,1,13.1104,-1.04904,-23.7915,27.184895536521747,1,118.00544670085006,yahboom_calibrated_direct+neo3_cross_align,0,349,-204,3621,0.5074510029856736,-0.2944601981972976,0.5866969650113744,91.16078053882768,neo3_calibrated_direct:gyro_integral,1,91.16078053882768,nan,33.20068359375,0.0,106,-10,2047,0.507570751953125,-0.047884033203124995,9.801861596679688,9.815111395666282,0,0,0,0.0,0.0,0.0,0.0,0.0,0.0,0.0,-40,-531,6044,-0.2197265625,-2.9168701171875,33.20068359375,98726.5,305.75,1,1,0,0,9539,853,2129,4274,4274,4274,4274,26637,F4line=9539;YAH=17096
DIRECT_SERIAL,821,1789592018026484408,2026-09-16T20:53:38.026484+00:00,-1,2215264295995,1789592017900000000,1789592017,900000000,2234898,1789592017908679,1789592017900000,2,4,0.32041289947544577,1.0174743598974036,gnss_local_enu_direct,0.32041289947544577,1.0174743598974036,110.4347035,-7.0509108,230.95,0.498,0.744,3,1,16,0,0.0558,255.466,-0.014,-0.054,0.001,0.219,180.0,99.0,10.01,91.44532456014008,neo3_calibrated_direct,1,13.1836,-1.07346,-23.5718,27.029416948421215,1,117.8724325918012,yahboom_calibrated_direct+neo3_cross_align,0,357,-199,3605,0.5086087635530395,-0.2937521712166536,0.5873442027103442,91.16078053882768,neo3_calibrated_direct:gyro_integral,1,91.16078053882768,nan,33.20068359375,0.0,104,-6,2047,0.49799394531249996,-0.028730419921875,9.801861596679688,9.814546049974032,0,0,0,0.0,0.0,0.0,0.0,0.0,0.0,0.0,-40,-531,6044,-0.2197265625,-2.9168701171875,33.20068359375,98724.367,305.75,1,1,0,0,9549,854,2132,4280,4280,4280,4280,26671,F4line=9549;YAH=17120
DIRECT_SERIAL,822,1789592018126516226,2026-09-16T20:53:38.126516+00:00,-1,2215364327808,1789592018000000000,1789592018,0,2235006,1789592018016587,1789592018000000,2,4,0.33146162134504514,1.0174743581415526,gnss_local_enu_direct,0.33146162134504514,1.0174743581415526,110.4347036,-7.0509108,230.94,0.497,0.743,3,1,16,0,0.0175,293.629,0.007,-0.016,0.047,0.21,180.0,99.0,9.89,91.83632468969184,neo3_calibrated_direct,1,13.1104,-0.915527,-23.4985,26.923972219895955,1,117.74740027834899,yahboom_calibrated_direct+neo3_cross_align,0,374,-200,3587,0.5110484954891074,-0.29386096178144666,0.589512365943919,91.16078053882768,neo3_calibrated_direct:gyro_integral,1,91.16078053882768,nan,33.20068359375,0.0,106,-10,2047,0.507570751953125,-0.047884033203124995,9.801861596679688,9.815111395666282,0,0,0,0.0,0.0,0.0,0.0,0.0,0.0,0.0,-41,-532,6044,-0.2252197265625,-2.92236328125,33.20068359375,98723.453,305.75,1,1,0,0,9563,855,2134,4285,4285,4285,4285,26705,F4line=9563;YAH=17140
DIRECT_SERIAL,823,1789592018232875469,2026-09-16T20:53:38.232876+00:00,-1,2215470687078,1789592018100000000,1789592018,100000000,2235097,1789592018108166,1789592018100000,2,4,0.33146162134504514,1.0174743581415526,gnss_local_enu_direct,0.33146162134504514,1.0174743581415526,110.4347036,-7.0509108,230.94,0.495,0.743,3,1,16,0,0.0164,142.431,-0.013,0.01,0.023,0.2,180.0,99.0,10.06,91.32276153550318,neo3_calibrated_direct,1,13.1226,-1.12305,-23.6328,27.055001532110474,1,117.7983967514215,yahboom_calibrated_direct+neo3_cross_align,0,376,-205,3594,0.5113269091419248,-0.29455134637965213,0.5900980458082369,91.16078053882768,neo3_calibrated_direct:gyro_integral,1,91.16078053882768,nan,33.20068359375,0.0,107,-10,2046,0.5123591552734374,-0.047884033203124995,9.797073193359374,9.81057836932508,1,0,0,0.06103515625,0.0,0.0,0.0010652644360316954,0.0,0.0,0.0,-41,-532,6044,-0.2252197265625,-2.92236328125,33.20068359375,98721.008,305.75,1,1,0,0,9573,856,2137,4290,4290,4290,4290,26735,F4line=9573;YAH=17160
DIRECT_SERIAL,824,1789592018333766224,2026-09-16T20:53:38.333766+00:00,-1,2215571577809,1789592018200000000,1789592018,200000000,2235199,1789592018210494,1789592018200000,2,4,0.33146161994587714,1.0174743549690948,gnss_local_enu_direct,0.33146161994587714,1.0174743549690948,110.4347036,-7.0509108,230.92,0.493,0.742,3,1,16,0,0.0133,257.005,-0.003,-0.013,-0.006,0.2,180.0,99.0,10.02,91.87901564527685,neo3_calibrated_direct,1,13.147,-0.89798,-23.5229,26.962507329445458,1,117.73456415256109,yahboom_calibrated_direct+neo3_cross_align,0,359,-190,3600,0.5089118765412709,-0.2924995992057182,0.586981527494915,91.16078053882768,neo3_calibrated_direct:gyro_integral,1,91.16078053882768,nan,33.20068359375,0.0,105,-15,2047,0.5027823486328125,-0.0718260498046875,9.801861596679688,9.815010944058663,0,0,0,0.0,0.0,0.0,0.0,0.0,0.0,0.0,-41,-532,6044,-0.2252197265625,-2.92236328125,33.20068359375,98722.531,305.75,1,1,0,0,9586,857,2140,4295,4295,4295,4295,26768,F4line=9586;YAH=17180
DIRECT_SERIAL,825,1789592018434291330,2026-09-16T20:53:38.434291+00:00,-1,2215672103150,1789592018300000000,1789592018,300000000,2235297,1789592018308392,1789592018300000,2,4,0.33146161917288813,1.0285338558054917,gnss_local_enu_direct,0.33146161917288813,1.0285338558054917,110.4347036,-7.0509107,230.9,0.492,0.742,3,1,16,0,0.0324,303.69,0.018,-0.027,-0.007,0.238,180.0,99.0,10.05,91.47939815166266,neo3_calibrated_direct,1,13.1348,-1.05972,-23.4863,26.930508075571097,1,117.96917577892648,yahboom_calibrated_direct+neo3_cross_align,0,360,-208,3595,0.5090237376748998,-0.29499592203636965,0.5883262356334393,91.16078053882768,neo3_calibrated_direct:gyro_integral,1,91.16078053882768,nan,33.20068359375,0.0,105,-12,2045,0.5027823486328125,-0.05746083984375,9.792284790039062,9.805352275540264,0,0,0,0.0,0.0,0.0,0.0,0.0,0.0,0.0,-41,-533,6044,-0.2252197265625,-2.9278564453125,33.20068359375,98723.758,305.75,1,1,0,0,9594,858,2142,4300,4300,4300,4300,26796,F4line=9594;YAH=17200
DIRECT_SERIAL,826,1789592018534723735,2026-09-16T20:53:38.534724+00:00,-1,2215772535317,1789592018400000000,1789592018,400000000,2235397,1789592018408497,1789592018400000,2,4,0.33146161909426264,1.017474351828143,gnss_local_enu_direct,0.33146161909426264,1.017474351828143,110.4347036,-7.0509108,230.9,0.49,0.742,3,1,16,0,0.0314,247.521,-0.012,-0.029,0.032,0.204,180.0,99.0,10.04,91.79250600473294,neo3_calibrated_direct,1,13.1348,-0.933075,-23.3765,26.8301016070686,1,117.88264420047356,yahboom_calibrated_direct+neo3_cross_align,0,364,-204,3615,0.5096052643159485,-0.29443373462363975,0.5885480010185675,91.16078053882768,neo3_calibrated_direct:gyro_integral,1,91.16078053882768,nan,33.20068359375,0.0,104,-10,2045,0.49799394531249996,-0.047884033203124995,9.792284790039062,9.805056463857516,1,0,0,0.06103515625,0.0,0.0,0.0010652644360316954,0.0,0.0,0.0,-42,-533,6044,-0.230712890625,-2.9278564453125,33.20068359375,98725.586,305.75,1,1,0,0,9606,859,2145,4305,4305,4305,4305,26828,F4line=9606;YAH=17220
DIRECT_SERIAL,827,1789592018634947710,2026-09-16T20:53:38.634948+00:00,-1,2215872759343,1789592018500000000,1789592018,500000000,2235498,1789592018508674,1789592018500000,2,4,0.331461618580287,1.0285338541021574,gnss_local_enu_direct,0.331461618580287,1.0285338541021574,110.4347036,-7.0509107,230.89,0.489,0.741,3,1,16,0,0.0266,19.799,0.025,0.009,-0.014,0.154,180.0,99.0,10.02,91.53968167626614,neo3_calibrated_direct,1,13.147,-1.03531,-23.6816,27.105970824821974,1,117.94514578197855,yahboom_calibrated_direct+neo3_cross_align,0,358,-205,3595,0.5087417955455947,-0.2945831026680415,0.587875343004353,91.16078053882768,neo3_calibrated_direct:gyro_integral,1,91.16078053882768,nan,33.20068359375,0.0,106,-8,2047,0.507570751953125,-0.0383072265625,9.801861596679688,9.81506934628122,0,0,0,0.0,0.0,0.0,0.0,0.0,0.0,0.0,-42,-533,6044,-0.230712890625,-2.9278564453125,33.20068359375,98724.672,305.75,1,1,0,0,9621,860,2147,4310,4310,4310,4310,26863,F4line=9621;YAH=17240
DIRECT_SERIAL,828,1789592018736062166,2026-09-16T20:53:38.736062+00:00,-1,2215973873788,1789592018700000000,1789592018,700000000,2235698,1789592018708728,1789592018700000,2,4,0.33146161861285733,1.0174743502518926,gnss_local_enu_direct,0.33146161861285733,1.0174743502518926,110.4347036,-7.0509108,230.89,0.488,0.742,3,1,16,0,0.0378,142.524,-0.03,0.023,-0.027,0.23,180.0,99.0,10.0,91.84719766717987,neo3_calibrated_direct,1,13.1348,-0.91095,-23.4253,26.87187155805304,1,117.70475321556461,yahboom_calibrated_direct+neo3_cross_align,0,361,-189,3598,0.5092008756235514,-0.29235728811429196,0.5871612347978489,91.16078053882768,neo3_calibrated_direct:gyro_integral,1,91.16078053882768,nan,33.20068359375,0.0,105,-6,2049,0.5027823486328125,-0.028730419921875,9.811438403320311,9.824354384348839,1,0,0,0.06103515625,0.0,0.0,0.0010652644360316954,0.0,0.0,0.0,-42,-533,6044,-0.230712890625,-2.9278564453125,33.20068359375,98726.195,305.75,1,1,0,0,9634,861,2150,4315,4315,4315,4315,26896,F4line=9634;YAH=17260
DIRECT_SERIAL,829,1789592018836596629,2026-09-16T20:53:38.836597+00:00,-1,2216074408196,1789592018700000000,1789592018,700000000,2235698,1789592018708728,1789592018700000,2,4,0.33146161861285733,1.0174743502518926,gnss_local_enu_direct,0.33146161861285733,1.0174743502518926,110.4347036,-7.0509108,230.89,0.487,0.742,3,1,16,0,0.0457,259.919,-0.008,-0.045,-0.008,0.218,180.0,99.0,10.02,91.2983155391394,neo3_calibrated_direct,1,13.147,-1.13297,-23.6206,27.056606852687572,1,117.82593525002896,yahboom_calibrated_direct+neo3_cross_align,0,366,-201,3602,0.5098977918747168,-0.2940138583023361,0.5885914602103383,91.16078053882768,neo3_calibrated_direct:gyro_integral,1,91.16078053882768,nan,33.20068359375,0.0,105,-6,2049,0.5027823486328125,-0.028730419921875,9.811438403320311,9.824354384348839,0,0,0,0.0,0.0,0.0,0.0,0.0,0.0,0.0,-42,-533,6044,-0.230712890625,-2.9278564453125,33.20068359375,98725.586,305.75,1,1,0,0,9645,862,2152,4320,4320,4320,4320,26927,F4line=9645;YAH=17280
DIRECT_SERIAL,830,1789592018936870545,2026-09-16T20:53:38.936871+00:00,-1,2216174682184,1789592018900000000,1789592018,900000000,2235898,1789592018908985,1789592018900000,2,4,0.33146161813145214,1.0174743485601072,gnss_local_enu_direct,0.33146161813145214,1.0174743485601072,110.4347036,-7.0509108,230.88,0.484,0.743,3,1,16,0,0.0349,76.759,0.008,0.034,-0.028,0.219,180.0,99.0,10.01,91.39638922560823,neo3_calibrated_direct,1,13.147,-1.09329,-23.877,27.27911327415354,1,117.9948813244324,yahboom_calibrated_direct+neo3_cross_align,0,347,-202,3575,0.5071672966181247,-0.294186161443908,0.5863140492466797,91.16078053882768,neo3_calibrated_direct:gyro_integral,1,91.16078053882768,nan,33.20068359375,0.0,106,-8,2049,0.507570751953125,-0.0383072265625,9.811438403320311,9.824633278346514,0,0,0,0.0,0.0,0.0,0.0,0.0,0.0,0.0,-42,-533,6044,-0.230712890625,-2.9278564453125,33.20068359375,98728.031,305.75,1,1,0,0,9659,864,2155,4325,4325,4325,4325,26961,F4line=9659;YAH=17300
DIRECT_SERIAL,831,1789592019037467280,2026-09-16T20:53:39.037467+00:00,-1,2216275278881,1789592018900000000,1789592018,900000000,2235898,1789592018908985,1789592018900000,2,4,0.33146161813145214,1.0174743485601072,gnss_local_enu_direct,0.33146161813145214,1.0174743485601072,110.4347036,-7.0509108,230.88,0.484,0.743,3,1,16,0,0.0349,76.759,0.008,0.034,-0.028,0.219,180.0,99.0,10.01,91.46234442545354,neo3_calibrated_direct,1,13.1592,-1.06659,-23.6084,27.049190550330707,1,118.19791345955994,yahboom_calibrated_direct+neo3_cross_align,0,342,-214,3627,0.5064280386491067,-0.29586037401439075,0.5865174500745193,91.16078053882768,neo3_calibrated_direct:gyro_integral,1,91.16078053882768,nan,33.20068359375,0.0,105,-8,2046,0.5027823486328125,-0.0383072265625,9.797073193359374,9.81004080978996,0,0,0,0.0,0.0,0.0,0.0,0.0,0.0,0.0,-42,-534,6044,-0.230712890625,-2.933349609375,33.20068359375,98723.758,305.75,1,1,0,0,9664,864,2157,4330,4330,4330,4330,26986,F4line=9664;YAH=17320
DIRECT_SERIAL,832,1789592019138767055,2026-09-16T20:53:39.138767+00:00,-1,2216376578688,1789592019100000000,1789592019,100000000,2236101,1789592019111418,1789592019100000,2,4,0.33146161765004695,1.0174743469838567,gnss_local_enu_direct,0.33146161765004695,1.0174743469838567,110.4347036,-7.0509108,230.87,0.483,0.743,3,1,16,0,0.041,182.793,-0.041,-0.002,-0.055,0.194,180.0,99.0,9.9,91.330373065609,neo3_calibrated_direct,1,13.147,-1.12,-23.7061,27.13074245592995,1,117.89853642715343,yahboom_calibrated_direct+neo3_cross_align,0,367,-207,3595,0.510030823867272,-0.2948447897537241,0.5891221361820026,91.16078053882768,neo3_calibrated_direct:gyro_integral,1,91.16078053882768,nan,33.20068359375,0.0,105,-12,2046,0.5027823486328125,-0.05746083984375,9.797073193359374,9.810134300520717,0,0,0,0.0,0.0,0.0,0.0,0.0,0.0,0.0,-43,-534,6044,-0.2362060546875,-2.933349609375,33.20068359375,98724.672,305.75,1,1,0,0,9678,865,2160,4335,4335,4335,4335,27020,F4line=9678;YAH=17340
DIRECT_SERIAL,833,1789592019242955178,2026-09-16T20:53:39.242955+00:00,-1,2216480766787,1789592019200000000,1789592019,200000000,2236197,1789592019208273,1789592019200000,2,4,0.33146161684348,1.0174743453991983,gnss_local_enu_direct,0.33146161684348,1.0174743453991983,110.4347036,-7.0509108,230.86,0.482,0.744,3,1,16,0,0.0368,292.38,0.014,-0.034,0.029,0.242,180.0,99.0,10.06,91.36247984483025,neo3_calibrated_direct,1,13.1836,-1.10703,-23.584,27.041410473214967,1,117.79617795876001,yahboom_calibrated_direct+neo3_cross_align,0,368,-200,3609,0.5101867909569974,-0.2938715472109098,0.588770794050735,91.16078053882768,neo3_calibrated_direct:gyro_integral,1,91.16078053882768,nan,33.20068359375,0.0,106,-13,2044,0.507570751953125,-0.062249243164062495,9.787496386718749,9.800846318382169,0,0,0,0.0,0.0,0.0,0.0,0.0,0.0,0.0,-43,-534,6044,-0.2362060546875,-2.933349609375,33.20068359375,98721.008,305.75,1,1,0,0,9688,867,2162,4340,4340,4340,4340,27050,F4line=9688;YAH=17360
DIRECT_SERIAL,834,1789592019343526898,2026-09-16T20:53:39.343527+00:00,-1,2216581338686,1789592019300000000,1789592019,300000000,2236298,1789592019308385,1789592019300000,2,4,0.3314616162508789,1.0174743436958638,gnss_local_enu_direct,0.3314616162508789,1.0174743436958638,110.4347036,-7.0509108,230.85,0.48,0.744,3,1,16,0,0.0624,276.442,0.007,-0.062,0.013,0.234,180.0,99.0,10.03,91.20970302436046,neo3_calibrated_direct,1,13.147,-1.16882,-23.5962,27.036834201370546,1,117.83940289828172,yahboom_calibrated_direct+neo3_cross_align,0,366,-202,3591,0.509896027636473,-0.2941526409172748,0.5886592691515713,91.16078053882768,neo3_calibrated_direct:gyro_integral,1,91.16078053882768,nan,33.20068359375,0.0,106,-10,2047,0.507570751953125,-0.047884033203124995,9.801861596679688,9.815111395666282,0,0,0,0.0,0.0,0.0,0.0,0.0,0.0,0.0,-43,-534,6044,-0.2362060546875,-2.933349609375,33.20068359375,98720.398,305.75,1,1,0,0,9700,868,2165,4346,4346,4346,4346,27086,F4line=9700;YAH=17384
DIRECT_SERIAL,835,1789592019446039358,2026-09-16T20:53:39.446039+00:00,-1,2216683851004,1789592019400000000,1789592019,400000000,2236397,1789592019408411,1789592019400000,2,4,0.3314616158020441,1.0064148383848839,gnss_local_enu_direct,0.3314616158020441,1.0064148383848839,110.4347036,-7.0509109,230.84,0.479,0.745,3,1,16,0,0.0545,135.744,-0.039,0.038,-0.014,0.234,180.0,99.0,10.04,91.38508021107712,neo3_calibrated_direct,1,13.1714,-1.09787,-23.7305,27.162984496312255,1,117.69921943752631,yahboom_calibrated_direct+neo3_cross_align,0,365,-191,3607,0.5097718168351371,-0.2926277963911938,0.5877910619090447,91.16078053882768,neo3_calibrated_direct:gyro_integral,1,91.16078053882768,nan,33.20068359375,0.0,105,-11,2048,0.5027823486328125,-0.0526724365234375,9.80665,9.819671516815928,0,0,0,0.0,0.0,0.0,0.0,0.0,0.0,0.0,-43,-534,6044,-0.2362060546875,-2.933349609375,33.20068359375,98721.617,305.75,1,1,0,0,9709,869,2167,4351,4351,4351,4351,27115,F4line=9709;YAH=17404
DIRECT_SERIAL,836,1789592019562386770,2026-09-16T20:53:39.562387+00:00,-1,2216800198586,1789592019500000000,1789592019,500000000,2236495,1789592019506353,1789592019500000,2,4,0.3314616153206388,1.0064148366930985,gnss_local_enu_direct,0.3314616153206388,1.0064148366930985,110.4347036,-7.0509109,230.83,0.478,0.745,3,1,16,0,0.0347,43.831,0.025,0.024,0.028,0.168,180.0,99.0,10.07,91.33040574335315,neo3_calibrated_direct,1,13.1592,-1.12,-23.6938,27.125912023008553,1,118.03769172405126,yahboom_calibrated_direct+neo3_cross_align,0,350,-207,3632,0.5075893276929603,-0.2948747818038696,0.5870247546157412,91.16078053882768,neo3_calibrated_direct:gyro_integral,1,91.16078053882768,nan,33.20068359375,0.0,105,-10,2048,0.5027823486328125,-0.047884033203124995,9.80665,9.819646999420728,0,0,0,0.0,0.0,0.0,0.0,0.0,0.0,0.0,-44,-534,6044,-0.24169921875,-2.933349609375,33.20068359375,98725.281,305.75,1,1,0,0,9719,870,2170,4356,4356,4356,4356,27145,F4line=9719;YAH=17424
DIRECT_SERIAL,837,1789592019662398386,2026-09-16T20:53:39.662399+00:00,-1,2216900209971,1789592019600000000,1789592019,600000000,2236598,1789592019608773,1789592019600000,2,4,0.3425103356010516,1.0064148366563317,gnss_local_enu_direct,0.3425103356010516,1.0064148366563317,110.4347037,-7.0509109,230.83,0.477,0.745,3,1,16,0,0.0228,15.255,0.022,0.006,-0.012,0.164,180.0,99.0,10.01,91.21035212074415,neo3_calibrated_direct,1,13.2324,-1.16882,-23.7061,27.174284298991207,1,117.9138132381766,yahboom_calibrated_direct+neo3_cross_align,0,347,-196,3631,0.5071778820475877,-0.2933534657542763,0.5859058456000606,91.16078053882768,neo3_calibrated_direct:gyro_integral,1,91.16078053882768,nan,33.20068359375,0.0,105,-10,2047,0.5027823486328125,-0.047884033203124995,9.801861596679688,9.814864936981895,0,0,0,0.0,0.0,0.0,0.0,0.0,0.0,0.0,-44,-534,6044,-0.24169921875,-2.933349609375,33.20068359375,98727.109,305.75,1,1,0,0,9738,871,2173,4362,4361,4361,4361,27185,F4line=9738;YAH=17445
DIRECT_SERIAL,838,1789592019762463178,2026-09-16T20:53:39.762463+00:00,-1,2217000274778,1789592019700000000,1789592019,700000000,2236699,1789592019709104,1789592019700000,2,4,0.34251033460567076,1.0174743372385606,gnss_local_enu_direct,0.34251033460567076,1.0174743372385606,110.4347037,-7.0509108,230.81,0.475,0.745,3,1,16,0,0.0184,167.471,-0.018,0.004,-0.018,0.202,180.0,99.0,10.0,91.91294338603281,neo3_calibrated_direct,1,13.147,-0.884247,-23.6694,27.089961205527942,1,117.47204101542768,yahboom_calibrated_direct+neo3_cross_align,0,368,-176,3634,0.5102291326748499,-0.2905407644523828,0.5871521980191376,91.16078053882768,neo3_calibrated_direct:gyro_integral,1,91.16078053882768,nan,33.20068359375,0.0,106,-10,2045,0.507570751953125,-0.047884033203124995,9.792284790039062,9.805547529745823,0,0,0,0.0,0.0,0.0,0.0,0.0,0.0,0.0,-44,-534,6044,-0.24169921875,-2.933349609375,33.20068359375,98724.062,305.75,1,1,0,0,9750,872,2175,4367,4367,4367,4366,27219,F4line=9750;YAH=17467
DIRECT_SERIAL,839,1789592019862520284,2026-09-16T20:53:39.862520+00:00,-1,2217100331869,1789592019800000000,1789592019,800000000,2236797,1789592019808085,1789592019800000,2,4,0.3425103341568359,1.0064148319275803,gnss_local_enu_direct,0.3425103341568359,1.0064148319275803,110.4347037,-7.0509109,230.8,0.474,0.745,3,1,16,0,0.0166,57.265,0.009,0.014,-0.01,0.189,180.0,99.0,10.03,91.40771480594422,neo3_calibrated_direct,1,13.1348,-1.08871,-23.7793,27.18755908488476,1,117.53683404541823,yahboom_calibrated_direct+neo3_cross_align,0,355,-173,3596,0.508367398903343,-0.29014735170473704,0.5853399849395419,91.16078053882768,neo3_calibrated_direct:gyro_integral,1,91.16078053882768,nan,33.20068359375,0.0,107,-13,2045,0.5123591552734374,-0.062249243164062495,9.792284790039062,9.805877231614588,0,0,0,0.0,0.0,0.0,0.0,0.0,0.0,0.0,-44,-534,6044,-0.24169921875,-2.933349609375,33.20068359375,98722.531,305.75,1,1,0,0,9761,873,2178,4372,4372,4372,4372,27251,F4line=9761;YAH=17488
DIRECT_SERIAL,840,1789592019975282289,2026-09-16T20:53:39.975282+00:00,-1,2217213093948,1789592019900000000,1789592019,900000000,2236898,1789592019908124,1789592019900000,2,4,0.34251033335026904,1.006414830342922,gnss_local_enu_direct,0.34251033335026904,1.006414830342922,110.4347037,-7.0509109,230.79,0.473,0.745,3,1,16,0,0.0316,161.565,-0.03,0.01,-0.009,0.2,180.0,99.0,10.01,91.8493106352469,neo3_calibrated_direct,1,13.1226,-0.910187,-23.3643,26.812713134350446,1,117.90317367238943,yahboom_calibrated_direct+neo3_cross_align,0,345,-194,3592,0.5068941756800387,-0.29307942900088674,0.5855230627753545,91.16078053882768,neo3_calibrated_direct:gyro_integral,1,91.16078053882768,nan,33.20068359375,0.0,106,-10,2046,0.507570751953125,-0.047884033203124995,9.797073193359374,9.810329459550015,0,0,0,0.0,0.0,0.0,0.0,0.0,0.0,0.0,-44,-534,6044,-0.24169921875,-2.933349609375,33.20068359375,98721.922,305.75,1,1,0,0,9770,874,2180,4377,4377,4377,4377,27280,F4line=9770;YAH=17508
DIRECT_SERIAL,841,1789592020081277812,2026-09-16T20:53:40.081278+00:00,-1,2217319089383,1789592020000000000,1789592020,0,2237003,1789592020013883,1789592020000000,2,4,0.34251033238745854,1.006414827305956,gnss_local_enu_direct,0.34251033238745854,1.006414827305956,110.4347037,-7.0509109,230.77,0.472,0.745,3,1,16,0,0.019,266.987,-0.001,-0.019,-0.027,0.196,180.0,99.0,9.94,91.33034035515972,neo3_calibrated_direct,1,13.1348,-1.12,-23.6938,27.11408360022518,1,117.93167238642509,yahboom_calibrated_direct+neo3_cross_align,0,358,-204,3583,0.5087435597838386,-0.2944443200531029,0.5878073385328446,91.16078053882768,neo3_calibrated_direct:gyro_integral,1,91.16078053882768,nan,33.20068359375,0.0,105,-9,2047,0.5027823486328125,-0.0430956298828125,9.801861596679688,9.81484274371606,0,0,0,0.0,0.0,0.0,0.0,0.0,0.0,0.0,-44,-535,6044,-0.24169921875,-2.9388427734375,33.20068359375,98729.25,305.75,1,1,0,0,9783,875,2183,4382,4382,4382,4382,27313,F4line=9783;YAH=17528
DIRECT_SERIAL,842,1789592020181403520,2026-09-16T20:53:40.181404+00:00,-1,2217419215096,1789592020100000000,1789592020,100000000,2237098,1789592020108401,1789592020100000,2,4,0.34251033238745854,1.006414827305956,gnss_local_enu_direct,0.34251033238745854,1.006414827305956,110.4347037,-7.0509109,230.77,0.471,0.745,3,1,16,0,0.0345,79.992,0.006,0.034,-0.007,0.207,180.0,99.0,10.03,91.85828244577431,neo3_calibrated_direct,1,13.147,-0.906372,-23.3765,26.835161103529526,1,118.0692246557621,yahboom_calibrated_direct+neo3_cross_align,0,356,-213,3596,0.5084404467956072,-0.2956968920640382,0.5881737327644343,91.16078053882768,neo3_calibrated_direct:gyro_integral,1,91.16078053882768,nan,33.20068359375,0.0,106,-13,2046,0.507570751953125,-0.062249243164062495,9.797073193359374,9.810410092985594,0,0,0,0.0,0.0,0.0,0.0,0.0,0.0,0.0,-44,-535,6044,-0.24169921875,-2.9388427734375,33.20068359375,98725.281,305.75,1,1,0,0,9793,876,2186,4388,4388,4387,4387,27345,F4line=9793;YAH=17550
DIRECT_SERIAL,843,1789592020281505861,2026-09-16T20:53:40.281506+00:00,-1,2217519317415,1789592020200000000,1789592020,200000000,2237197,1789592020207546,1789592020200000,2,4,0.3535590501158743,1.006414825604703,gnss_local_enu_direct,0.3535590501158743,1.006414825604703,110.4347038,-7.0509109,230.76,0.469,0.745,3,1,16,0,0.0199,252.474,-0.006,-0.019,0.011,0.204,180.0,99.0,10.04,91.40769088306793,neo3_calibrated_direct,1,13.1836,-1.08871,-23.6816,27.12583228186925,1,117.81058618285729,yahboom_calibrated_direct+neo3_cross_align,0,353,-192,3596,0.5080466435326731,-0.2927877498650586,0.5863753562999209,91.16078053882768,neo3_calibrated_direct:gyro_integral,1,91.16078053882768,nan,33.20068359375,0.0,105,-12,2045,0.5027823486328125,-0.05746083984375,9.792284790039062,9.805352275540264,0,0,0,0.0,0.0,0.0,0.0,0.0,0.0,0.0,-44,-535,6044,-0.24169921875,-2.9388427734375,33.20068359375,98723.758,305.75,1,1,0,0,9802,877,2188,4393,4393,4393,4393,27376,F4line=9802;YAH=17572
DIRECT_SERIAL,844,1789592020381523489,2026-09-16T20:53:40.381523+00:00,-1,2217619335082,1789592020300000000,1789592020,300000000,2237297,1789592020307579,1789592020300000,2,4,0.3535590492642598,1.0064148224637512,gnss_local_enu_direct,0.3535590492642598,1.0064148224637512,110.4347038,-7.0509109,230.74,0.468,0.745,3,1,16,0,0.0128,128.66,-0.008,0.01,-0.018,0.216,180.0,99.0,10.03,91.9247822970875,neo3_calibrated_direct,1,13.1226,-0.879669,-23.1934,26.662900289907714,1,118.04526520092497,yahboom_calibrated_direct+neo3_cross_align,0,354,-210,3612,0.5081585046663022,-0.29528407269571005,0.5877225105885069,91.16078053882768,neo3_calibrated_direct:gyro_integral,1,91.16078053882768,nan,33.20068359375,0.0,103,-10,2046,0.49320554199218747,-0.047884033203124995,9.797073193359374,9.809596716650917,0,0,0,0.0,0.0,0.0,0.0,0.0,0.0,0.0,-45,-535,6044,-0.2471923828125,-2.9388427734375,33.20068359375,98722.531,305.75,1,1,0,0,9812,878,2191,4398,4398,4398,4398,27406,F4line=9812;YAH=17592
DIRECT_SERIAL,845,1789592020485156266,2026-09-16T20:53:40.485156+00:00,-1,2217722967962,1789592020400000000,1789592020,400000000,2237397,1789592020407745,1789592020400000,2,4,0.3535590487828545,1.0064148208875006,gnss_local_enu_direct,0.3535590487828545,1.0064148208875006,110.4347038,-7.0509109,230.73,0.467,0.745,3,1,16,0,0.0374,15.524,0.036,0.01,-0.002,0.139,180.0,99.0,10.03,91.39638792766856,neo3_calibrated_direct,1,13.1958,-1.09329,-23.6572,27.110653487219743,1,117.79027644332123,yahboom_calibrated_direct+neo3_cross_align,0,377,-205,3613,0.5114705265639431,-0.29454958214140825,0.5902216159064961,91.16078053882768,neo3_calibrated_direct:gyro_integral,1,91.16078053882768,nan,33.20068359375,0.0,106,-8,2047,0.507570751953125,-0.0383072265625,9.801861596679688,9.81506934628122,0,0,0,0.0,0.0,0.0,0.0,0.0,0.0,0.0,-45,-535,6044,-0.2471923828125,-2.9388427734375,33.20068359375,98725.281,305.75,1,1,0,0,9822,879,2193,4403,4403,4403,4403,27436,F4line=9822;YAH=17612
DIRECT_SERIAL,846,1789592020600232415,2026-09-16T20:53:40.600232+00:00,-1,2217838044012,1789592020500000000,1789592020,500000000,2237496,1789592020506702,1789592020500000,2,4,0.3535590473836865,1.0064148177150427,gnss_local_enu_direct,0.3535590473836865,1.0064148177150427,110.4347038,-7.0509109,230.71,0.466,0.745,3,1,16,0,0.0376,244.799,-0.016,-0.034,0.014,0.192,180.0,99.0,10.04,91.68108558728946,neo3_calibrated_direct,1,13.147,-0.978088,-23.7305,27.146581651945496,1,117.73692869602566,yahboom_calibrated_direct+neo3_cross_align,0,367,-195,3605,0.5100519947261983,-0.29317939837446055,0.5883087598832645,91.16078053882768,neo3_calibrated_direct:gyro_integral,1,91.16078053882768,nan,33.20068359375,0.0,104,-7,2046,0.49799394531249996,-0.033518823242187495,9.797073193359374,9.809779031003721,0,0,0,0.0,0.0,0.0,0.0,0.0,0.0,0.0,-45,-535,6044,-0.2471923828125,-2.9388427734375,33.20068359375,98723.141,305.75,1,1,0,0,9833,880,2196,4408,4408,4408,4408,27467,F4line=9833;YAH=17632
DIRECT_SERIAL,847,1789592020700389402,2026-09-16T20:53:40.700389+00:00,-1,2217938200959,1789592020600000000,1789592020,600000000,2237598,1789592020609244,1789592020600000,2,4,0.364607768861976,1.006414817611063,gnss_local_enu_direct,0.364607768861976,1.006414817611063,110.4347039,-7.0509109,230.71,0.465,0.745,3,1,16,0,0.0535,97.524,-0.007,0.053,-0.003,0.223,180.0,99.0,10.0,91.34172016600435,neo3_calibrated_direct,1,13.1592,-1.11542,-23.5229,26.97657374142239,1,117.97735980474054,yahboom_calibrated_direct+neo3_cross_align,0,359,-208,3590,0.5088801202528815,-0.29499768627461354,0.5882028661065521,91.16078053882768,neo3_calibrated_direct:gyro_integral,1,91.16078053882768,nan,33.20068359375,0.0,105,-11,2045,0.5027823486328125,-0.0526724365234375,9.792284790039062,9.805325383937873,0,0,0,0.0,0.0,0.0,0.0,0.0,0.0,0.0,-45,-535,6044,-0.2471923828125,-2.9388427734375,33.20068359375,98721.617,305.75,1,1,0,0,9851,881,2199,4414,4414,4413,4413,27507,F4line=9851;YAH=17654
DIRECT_SERIAL,848,1789592020800636229,2026-09-16T20:53:40.800636+00:00,-1,2218038447788,1789592020700000000,1789592020,700000000,2237697,1789592020708408,1789592020700000,2,4,0.3646077684131412,0.9953553124156179,gnss_local_enu_direct,0.3646077684131412,0.9953553124156179,110.4347039,-7.050911,230.7,0.464,0.745,3,1,16,0,0.0371,274.635,0.003,-0.037,0.035,0.221,180.0,99.0,10.02,91.45097569612247,neo3_calibrated_direct,1,13.1836,-1.07117,-23.6938,27.135785829212686,1,117.84828809412564,yahboom_calibrated_direct+neo3_cross_align,0,355,-196,3575,0.5083268214237344,-0.29333935184832544,0.5868936298185157,91.16078053882768,neo3_calibrated_direct:gyro_integral,1,91.16078053882768,nan,33.20068359375,0.0,103,-8,2047,0.49320554199218747,-0.0383072265625,9.801861596679688,9.814336957264244,0,0,0,0.0,0.0,0.0,0.0,0.0,0.0,0.0,-45,-535,6044,-0.2471923828125,-2.9388427734375,33.20068359375,98721.312,305.75,1,1,0,0,9862,882,2201,4419,4419,4419,4419,27540,F4line=9862;YAH=17676
DIRECT_SERIAL,849,1789592020919676037,2026-09-16T20:53:40.919676+00:00,-1,2218157488292,1789592020800000000,1789592020,800000000,2237798,1789592020808613,1789592020800000,2,4,0.3756564877757912,0.9953553106671088,gnss_local_enu_direct,0.3756564877757912,0.9953553106671088,110.434704,-7.050911,230.69,0.463,0.746,3,1,16,0,0.0158,71.565,0.005,0.015,0.011,0.19,180.0,99.0,10.0,91.40770881625127,neo3_calibrated_direct,1,13.147,-1.08871,-23.6084,27.0441389033576,1,117.85646667143538,yahboom_calibrated_direct+neo3_cross_align,0,354,-196,3597,0.5081832040017161,-0.2933411160865693,0.5867701246794728,91.16078053882768,neo3_calibrated_direct:gyro_integral,1,91.16078053882768,nan,33.20068359375,0.0,105,-7,2044,0.5027823486328125,-0.033518823242187495,9.787496386718749,9.800459128104194,0,0,0,0.0,0.0,0.0,0.0,0.0,0.0,0.0,-45,-535,6044,-0.2471923828125,-2.9388427734375,33.20068359375,98721.617,305.75,1,1,0,0,9874,883,2204,4424,4424,4424,4424,27572,F4line=9874;YAH=17696
DIRECT_SERIAL,850,1789592021020492092,2026-09-16T20:53:41.020492+00:00,-1,2218258303675,1789592020900000000,1789592020,900000000,2237898,1789592020908622,1789592020900000,2,4,0.3756564864878191,0.9953553077372698,gnss_local_enu_direct,0.3756564864878191,0.9953553077372698,110.434704,-7.050911,230.67,0.462,0.746,3,1,16,0,0.0344,205.821,-0.031,-0.015,0.005,0.142,180.0,99.0,10.0,91.49433310254352,neo3_calibrated_direct,1,13.1714,-1.05362,-23.7549,27.1825526224893,1,117.73177894866762,yahboom_calibrated_direct+neo3_cross_align,0,361,-191,3621,0.5091973471470637,-0.2926348533441692,0.587296429184931,91.16078053882768,neo3_calibrated_direct:gyro_integral,1,91.16078053882768,nan,33.20068359375,0.0,106,-12,2044,0.507570751953125,-0.05746083984375,9.787496386718749,9.800817074937495,0,0,0,0.0,0.0,0.0,0.0,0.0,0.0,0.0,-45,-535,6044,-0.2471923828125,-2.9388427734375,33.20068359375,98725.891,305.75,1,1,0,0,9884,884,2207,4430,4430,4430,4430,27606,F4line=9884;YAH=17720
DIRECT_SERIAL,851,1789592021120587142,2026-09-16T20:53:41.120587+00:00,-1,2218358398703,1789592021000000000,1789592021,0,2238002,1789592021013024,1789592021000000,2,4,0.3756564864878191,0.9953553077372698,gnss_local_enu_direct,0.3756564864878191,0.9953553077372698,110.434704,-7.050911,230.67,0.461,0.746,3,1,16,0,0.0257,166.504,-0.025,0.006,0.049,0.195,180.0,99.0,9.94,91.53975370255911,neo3_calibrated_direct,1,13.1348,-1.03531,-23.7793,27.185473075267605,1,117.81090169311526,yahboom_calibrated_direct+neo3_cross_align,0,348,-189,3605,0.507333849137313,-0.29238022321146206,0.5855542924491856,91.16078053882768,neo3_calibrated_direct:gyro_integral,1,91.16078053882768,nan,33.20068359375,0.0,106,-9,2047,0.507570751953125,-0.0430956298828125,9.801861596679688,9.815089202957726,0,0,0,0.0,0.0,0.0,0.0,0.0,0.0,0.0,-45,-535,6044,-0.2471923828125,-2.9388427734375,33.20068359375,98723.453,305.75,1,1,0,0,9895,885,2209,4435,4435,4435,4435,27637,F4line=9895;YAH=17740
DIRECT_SERIAL,852,1789592021232747817,2026-09-16T20:53:41.232748+00:00,-1,2218470559418,1789592021100000000,1789592021,100000000,2238097,1789592021107541,1789592021100000,2,4,0.3756564860064139,0.9953553060454844,gnss_local_enu_direct,0.3756564860064139,0.9953553060454844,110.434704,-7.050911,230.66,0.46,0.746,3,1,16,0,0.0425,296.565,0.019,-0.038,0.003,0.228,180.0,99.0,10.03,91.31911594365334,neo3_calibrated_direct,1,13.1592,-1.12457,-23.6206,27.062186657491296,1,117.73971186266822,yahboom_calibrated_direct+neo3_cross_align,0,365,-194,3611,0.5097665241204055,-0.29304414423600966,0.5879938601591135,91.16078053882768,neo3_calibrated_direct:gyro_integral,1,91.16078053882768,nan,33.20068359375,0.0,104,-7,2046,0.49799394531249996,-0.033518823242187495,9.797073193359374,9.809779031003721,0,0,0,0.0,0.0,0.0,0.0,0.0,0.0,0.0,-45,-535,6044,-0.2471923828125,-2.9388427734375,33.20068359375,98722.227,305.75,1,1,0,0,9905,886,2212,4440,4440,4440,4440,27667,F4line=9905;YAH=17760
DIRECT_SERIAL,853,1789592021333236851,2026-09-16T20:53:41.333237+00:00,-1,2218571048448,1789592021200000000,1789592021,200000000,2238198,1789592021207920,1789592021200000,2,4,0.38670520624177895,0.9953553044524243,gnss_local_enu_direct,0.38670520624177895,0.9953553044524243,110.4347041,-7.050911,230.65,0.459,0.746,3,1,16,0,0.0153,148.393,-0.013,0.008,-0.01,0.206,180.0,99.0,10.01,91.37378273171547,neo3_calibrated_direct,1,13.1836,-1.10245,-23.6084,27.062506453070824,1,117.91819587356007,yahboom_calibrated_direct+neo3_cross_align,0,358,-203,3605,0.5087453240220824,-0.29430553743816423,0.5877393589688378,91.16078053882768,neo3_calibrated_direct:gyro_integral,1,91.16078053882768,nan,33.20068359375,0.0,106,-7,2048,0.507570751953125,-0.033518823242187495,9.80665,9.819833797078736,0,0,0,0.0,0.0,0.0,0.0,0.0,0.0,0.0,-45,-535,6044,-0.2471923828125,-2.9388427734375,33.20068359375,98722.531,305.75,1,1,0,0,9915,887,2214,4445,4445,4445,4445,27697,F4line=9915;YAH=17780
DIRECT_SERIAL,854,1789592021433822453,2026-09-16T20:53:41.433822+00:00,-1,2218671634099,1789592021300000000,1789592021,300000000,2238297,1789592021307977,1789592021300000,2,4,0.3867052060855354,0.9953553028845817,gnss_local_enu_direct,0.3867052060855354,0.9953553028845817,110.4347041,-7.050911,230.64,0.458,0.746,3,1,16,0,0.0357,72.072,0.011,0.034,0.05,0.191,180.0,99.0,10.02,91.6932893690432,neo3_calibrated_direct,1,13.0737,-0.973511,-23.5474,26.950870155101132,1,118.0113198388186,yahboom_calibrated_direct+neo3_cross_align,0,345,-202,3619,0.506880061774088,-0.29418968992039574,0.5860673772524468,91.16078053882768,neo3_calibrated_direct:gyro_integral,1,91.16078053882768,nan,33.20068359375,0.0,105,-7,2049,0.5027823486328125,-0.033518823242187495,9.811438403320311,9.82436955451885,0,0,0,0.0,0.0,0.0,0.0,0.0,0.0,0.0,-46,-535,6044,-0.252685546875,-2.9388427734375,33.20068359375,98721.617,305.75,1,1,0,0,9925,888,2217,4450,4450,4450,4450,27727,F4line=9925;YAH=17800
