t_s,map_x,map_y,map_yaw,map_vx,local_x,local_y,local_yaw,local_vx,esc_x,esc_y,esc_yaw,esc_vx,gnss_vx,gnss_vy,gnss_vz,gnss_speed_xy,cmd_v,cmd_w,drive_target_mps,drive_actual_mps,actual_erpm,steer_rad,mux_source,estop,ready,feedback,autonomy_gate,heading_valid,yaw_inertial,yaw_neo3,distance_remaining
0.04003005100003065,129.62919937942843,101.43449787199401,0.007118379615062676,-0.028291472933322515,0.00395182016558699,-6.1719164689459445e-09,2.514810275577872e-05,0.02095381794119531,0.005475969921951677,0.0,0.0,0.046249998918918886,-0.017,0.052,0.027,0.05470831746635972,0.0,0.0,0.0,0.046249998918918886,204.0,0.0,NAV2,False,True,True,True,,,1.3845249331849396,0.0
0.08360604700010299,129.62919937942843,101.43449787199401,0.007118379615062676,-0.028291472933322515,0.0070703413832495015,-1.0154735667830343e-08,-4.2212560991572445e-05,0.031194131596963905,0.0070993938001810575,0.0,0.0,0.04058210689454157,0.039,0.058,-0.02,0.06989277502002621,0.0,0.0,0.0,0.04058210689454157,179.0,0.0,NAV2,False,True,True,True,,,1.3827346798636024,0.0
0.12457215299946256,129.6288869351078,101.43870358205463,0.007091540579958089,-0.027288132215900294,0.008327448903626503,-6.60155755875304e-08,-7.856191787025678e-05,0.03297776542652757,0.008736657678399432,0.0,0.0,0.04058210689454157,0.039,0.058,-0.02,0.06989277502002621,0.0,0.0,0.0,0.04058210689454157,160.0,0.0,NAV2,False,True,True,True,,,1.3823407769177203,0.0
0.16567500499968446,129.6288869351078,101.43870358205463,0.007091540579958089,-0.027288132215900294,0.009627597518293625,-7.91984295245833e-08,4.244060276548111e-07,0.034820040406354766,0.01017477375360739,0.0,0.0,0.03627450895601481,-0.027,-0.06,0.002,0.06579513659838393,0.0,0.0,0.0,0.03627450895601481,160.0,0.0,NAV2,False,True,True,True,,,1.3819438619282682,0.0
0.21014220500001102,129.6288869351078,101.43870358205463,0.007091540579958089,-0.027288132215900294,0.010839880953580594,-3.5369150004238624e-08,7.693279730958126e-05,0.03570401911547476,0.011624986253042402,0.0,0.0,0.03627450895601481,-0.027,-0.06,0.002,0.06579513659838393,0.0,0.0,0.0,0.03627450895601481,160.0,0.0,NAV2,False,True,True,True,,,1.3793712499839554,0.0
0.2516118630001074,129.62995113678758,101.44304888818952,0.007164848994678064,-0.024795296400877073,0.013255127931110758,-9.290480619256786e-09,-9.184356103419943e-05,0.03689648579988106,0.013089660456060944,0.0,0.0,0.03627450895601481,-0.027,-0.06,0.002,0.06579513659838393,0.0,0.0,0.0,0.03627450895601481,128.0,0.0,NAV2,False,True,True,True,,,1.3824411816780797,0.0
0.29193830999975035,129.62995113678758,101.44304888818952,0.007164848994678064,-0.024795296400877073,0.014179717546831401,-8.021863424822328e-08,-9.100755129232141e-05,0.03547883521581123,0.014243865852611119,0.0,0.0,0.02901960716481185,-0.013,0.009,-0.022,0.015811388300841896,0.0,0.0,0.0,0.02901960716481185,128.0,0.0,NAV2,False,True,True,True,,,1.3842261699523284,0.0
0.33213139999952546,129.63138896872027,101.44641446623265,0.006973892742867084,-0.02235550358043982,0.015232665845197339,-1.0557912640965307e-07,4.5108657218850816e-05,0.03516831655256004,0.015408856212046454,0.0,0.0,0.02901960716481185,-0.013,0.009,-0.022,0.015811388300841896,0.0,0.0,0.0,0.02901960716481185,128.0,0.0,NAV2,False,True,True,True,,,1.3844231967696323,3.5538227558135986
0.3752557469997555,129.63138896872027,101.44641446623265,0.006973892742867084,-0.02235550358043982,0.016159638878300867,-8.150752181391162e-08,6.111627340255053e-05,0.0341513127506282,0.01656101880236987,0.0,0.0,0.02901960716481185,0.097,-0.025,-0.093,0.10016985574512924,0.0,0.0,0.0,0.02901960716481185,128.0,0.0,NAV2,False,True,True,True,,,1.3812480595000916,3.5538227558135986
0.4160582209997301,129.63138896872027,101.44641446623265,0.006973892742867084,-0.02235550358043982,0.017098223842295476,-6.653387701444898e-08,-2.0212873389713337e-05,0.033337452095636426,0.017721313876424758,0.0,0.0,0.02901960716481185,0.097,-0.025,-0.093,0.10016985574512924,0.0,0.0,0.0,0.02901960716481185,128.0,0.0,NAV2,False,True,True,True,,,1.3838290125058788,3.5538227558135986
0.4586275459996614,129.63278351397867,101.45133951082519,0.0071167945596384286,-0.02003235813170378,0.019063756899402498,-5.5244194502781404e-08,6.400072800527568e-05,0.032638491440019506,0.01888736998093322,0.0,0.0,0.02901960716481185,0.097,-0.025,-0.093,0.10016985574512924,0.0,0.0,0.0,0.02901960716481185,128.0,0.0,NAV2,False,True,True,True,,,1.3806567887700978,3.5538227558135986
0.49906093899971893,129.63278351397867,101.45133951082519,0.0071167945596384286,-0.02003235813170378,0.02001047527661345,1.3384654710680572e-08,0.00010386011716612131,0.032151116433283944,0.0200430808856835,0.0,0.0,0.02901960716481185,-0.1,-0.006,0.045,0.10017983829094555,0.0,0.0,0.0,0.02901960716481185,128.0,0.0,NAV2,False,True,True,True,,,1.3818461808263225,3.5538227558135986
0.539939112999491,129.6341309677998,101.45552660626626,0.007352437191891603,-0.017844228255809617,0.021021773435996365,1.6524671873861618e-07,0.00018661551732357395,0.0321662698658917,0.02178188383092181,0.0,0.0,0.02901960716481185,-0.1,-0.006,0.045,0.10017983829094555,0.0,0.0,0.0,0.02901960716481185,128.0,0.0,NAV2,False,True,True,True,,,1.3845249331849396,3.5538227558135986
0.5832826609994299,129.6341309677998,101.45552660626626,0.007352437191891603,-0.017844228255809617,0.0229192082305812,7.136496793170324e-07,0.00031506843153783487,0.031473451233470014,0.022942198522231144,0.0,0.0,0.02901960716481185,0.01,-0.05,-0.098,0.050990195135927854,0.0,0.0,0.0,0.02901960716481185,128.0,0.0,NAV2,False,True,True,True,,,1.3823430071811003,3.5538227558135986
0.6253263779999543,129.63542983532196,101.45904287286024,0.0074507166533344105,-0.015790055822519404,0.02392177088472263,1.0379330081405447e-06,0.00031285888899335035,0.03154076025833064,0.024152927148832656,0.0,0.0,0.02901960716481185,0.01,-0.05,-0.098,0.050990195135927854,0.0,0.0,0.0,0.02901960716481185,128.0,0.0,NAV2,False,True,True,True,,,1.3841244239466126,3.5538227558135986
0.6655864699996528,129.63542983532196,101.45904287286024,0.0074507166533344105,-0.015790055822519404,0.024871555992799027,1.3562800234052262e-06,0.000329974056328286,0.03128279070080049,0.025267794146302355,0.0,0.0,0.02901960716481185,0.002,-0.033,-0.09,0.03306055050963308,0.1,0.042838890794055576,0.1,0.02901960716481185,128.0,0.0,NAV2,False,True,True,True,,,1.3836263399313729,3.5538227558135986
0.7096229799999492,129.63542983532196,101.45904287286024,0.0074507166533344105,-0.015790055822519404,0.02582710219294324,1.3927288677764332e-06,-0.0002583421328670177,0.031078833531538442,0.026100932988558517,4.5337703181885926e-08,7.475535492163562e-05,0.012696078134605184,0.002,-0.033,-0.09,0.03306055050963308,0.10359072685241699,0.04437711834907532,0.10359072685241699,0.012696078134605184,56.0,-0.08295186906244632,NAV2,False,True,True,True,,,1.381049807823182,3.5538227558135986
0.7499707699998908,129.63667739821145,101.46196935606811,0.0062431987143849454,-0.013867820079018578,0.026853743675800713,1.5651967621728385e-07,-0.0009101883486231089,0.025597916786630155,0.02661329443224536,1.1477770160651246e-07,0.00015785538966205518,0.012922793815580277,0.002,-0.033,-0.09,0.03306055050963308,0.15307776629924774,0.0,0.15307776629924774,0.012922793815580277,60.0,-0.1266546808218174,NAV2,False,True,True,True,,,1.391492303520283,3.5538227558135986
0.7956325569994078,129.63667739821145,101.46196935606811,0.0062431987143849454,-0.013867820079018578,0.027308682315937388,-1.4364204299692348e-08,0.0004278677320788127,0.02329340178015537,0.02719475938498721,2.4486620113759026e-07,0.0002355391192459302,0.015416666306306295,0.0,-0.07,-0.062,0.07,0.15307776629924774,0.0,0.15307776629924774,0.015416666306306295,68.0,-0.05817764173314431,NAV2,False,True,True,True,,,1.388997394830731,3.5538227558135986
0.8402475069997308,129.63788009691626,101.46441840582152,0.0074514826059259845,-0.012070048477135885,0.027933061072846058,4.0465429466022436e-07,0.0014284699797255662,0.022525650775144505,0.028129334731562667,4.861376394362537e-07,0.00026603013992289277,0.015416666306306295,0.0,-0.07,-0.062,0.07,0.15307776629924774,0.0,0.15307776629924774,0.015416666306306295,68.0,-0.017815157451523473,NAV2,False,True,True,True,,,1.3917937251653973,3.5538227558135986
0.8831185979997827,129.63788009691626,101.46441840582152,0.0074514826059259845,-0.012070048477135885,0.02891043722122442,5.854122486992037e-07,-0.0004233201323460278,0.0199126554962859,0.028741109852316434,6.563934397282448e-07,0.0002823456683224135,0.015416666306306295,-0.062,-0.002,0.005,0.06203224967708329,0.20307776629924773,0.03547292783146131,0.20307776629924773,0.015416666306306295,68.0,-0.01865026259201768,NAV2,False,True,True,True,,,1.3862137759058446,3.5538227558135986
0.9243215899996358,129.63902368515627,101.46633563178347,0.005764635905786353,-0.010401117721341694,0.02949196915187002,4.4991360238247495e-07,8.021253240730886e-06,0.01952898809843722,0.02936192355829364,8.475255914558227e-07,0.0003243726832844967,0.015416666306306295,-0.062,-0.002,0.005,0.06203224967708329,0.20604971051216125,0.03758139908313751,0.20604971051216125,0.015416666306306295,68.0,-0.0762712141069459,NAV2,False,True,True,True,,,1.3872076023391198,3.5538227558135986
0.9666513759993904,129.63902368515627,101.46633563178347,0.005764635905786353,-0.010401117721341694,0.02999111203196485,3.375511209411161e-07,-0.00011146253145222218,0.01873785688836129,0.029970172203334564,1.0809359690047773e-06,0.0004042220244814531,0.015416666306306295,0.082,-0.039,-0.01,0.0908019823572151,0.20604971051216125,0.03758139908313751,0.20604971051216125,0.015416666306306295,117.0,-0.09714833065605478,NAV2,False,True,True,True,,,1.391797033806516,3.5538227558135986
1.01001299499967,129.63902368515627,101.46633563178347,0.005764635905786353,-0.010401117721341694,0.030688651717850204,1.8673332130823273e-07,-0.0003673266917267881,0.019370433733354904,0.031035352356348887,1.6258299588198786e-06,0.0005473228479168819,0.02652573467408583,0.082,-0.039,-0.01,0.0908019823572151,0.24044841527938843,0.07453864812850952,0.24044841527938843,0.02652573467408583,117.0,-0.0968699622758901,NAV2,False,True,True,True,,,1.3903971478041002,3.5538227558135986
1.0526241719999234,129.64011208495717,101.46787617541605,0.00490709671100209,-0.008855094020084959,0.03235965662256267,-4.876275917509333e-07,-0.0006488930550303529,0.021675701203435017,0.03208988811329921,2.3457287178436462e-06,0.0007318876198470094,0.02539215626921037,0.082,-0.039,-0.01,0.0908019823572151,0.24044841527938843,0.07453864812850952,0.24044841527938843,0.02539215626921037,119.0,-0.13611899630790864,NAV2,False,True,True,True,,,1.3832366496950375,3.5538227558135986
1.0926660790000824,129.64011208495717,101.46787617541605,0.00490709671100209,-0.008855094020084959,0.03327497270432066,-8.930748880160182e-07,-0.00038565957792568994,0.02298563768878612,0.03314460904759862,3.2899846236507217e-06,0.0009510332824225571,0.026979166036036017,-0.031,0.032,-0.066,0.04455333881989093,0.24044841527938843,0.07453864812850952,0.24044841527938843,0.026979166036036017,118.0,-0.15476921235781296,NAV2,False,True,True,True,,,1.384428050254124,3.5538227558135986
1.133470125999338,129.64114414623074,101.46907308136862,0.004343888896363168,-0.007427356828619871,0.03411946762728097,-1.077705640067978e-06,0.00013068516872705158,0.023605966770981892,0.03422844105610712,4.508646720431388e-06,0.0011821225384032715,0.026752450355060926,-0.031,0.032,-0.066,0.04455333881989093,0.24044841527938843,0.07453864812850952,0.24044841527938843,0.026752450355060926,260.0,-0.15588268587847195,NAV2,False,True,True,True,,,1.3914884138148582,3.5538227558135986
1.1752076079992548,129.64114414623074,101.46907308136862,0.004343888896363168,-0.007427356828619871,0.03566121480152349,-9.640771561299382e-07,0.0006217086816406869,0.028331217782450898,0.03694606890759058,8.922589084139843e-06,0.0017686148799303295,0.07821690993640694,-0.025,0.162,0.058,0.1639176622576103,0.26416122913360596,0.08529207110404968,0.26416122913360596,0.07821690993640694,327.0,-0.1589446449760574,NAV2,False,True,True,True,,,1.3919843743453926,3.5538227558135986
1.21555927099962,129.64114414623074,101.46907308136862,0.004343888896363168,-0.007427356828619871,0.038481008432037764,-5.096095308397402e-07,0.0006203585944306589,0.039603544980329565,0.04027720656468756,1.6727408009539763e-05,0.0025358868887414504,0.09295342919978795,-0.025,0.162,0.058,0.1639176622576103,0.26416122913360596,0.08529207110404968,0.26416122913360596,0.09295342919978795,466.0,-0.1720276795911203,NAV2,False,True,True,True,,,1.3907076508940246,3.5538227558135986
1.2586476529995707,129.6421159576674,101.47203295423256,0.005159142463257106,-0.006079598912509637,0.04504571597691293,3.218341197995678e-06,0.0015306203623093317,0.061628412365791106,0.04458870129397644,3.108842025404832e-05,0.0036002019975143427,0.10950367391096971,-0.025,0.162,0.058,0.1639176622576103,0.2977846562862396,0.05477062985301018,0.2977846562862396,0.10950367391096971,516.0,-0.18399721741446748,NAV2,False,True,True,True,,,1.386612265230836,3.5538227558135986
1.2994757359992946,129.6421159576674,101.47203295423256,0.005159142463257106,-0.006079598912509637,0.04931374146455848,8.693216440630627e-06,0.002712744200777717,0.0754331401670776,0.0493278320034398,5.2058366479009305e-05,0.0046510560257877415,0.1192524481928987,-0.062,0.053,-0.01,0.08156592425762121,0.2977846562862396,0.05477062985301018,0.2977846562862396,0.1192524481928987,538.0,-0.13918097867655074,NAV2,False,True,True,True,,,1.3856178312277836,3.5538227558135986
1.3413170099993295,129.64302833369197,101.47654770463251,0.008022408956953608,-0.004809721867478819,0.052835918035944715,1.6929205675181703e-05,0.0034997652044288508,0.08227231606656316,0.05788311076103289,0.00010113552361584074,0.006270765768587335,0.15167279057233693,-0.062,0.053,-0.01,0.08156592425762121,0.2977846562862396,0.05477062985301018,0.2977846562862396,0.1466850455908849,669.0,-0.1369540781773462,NAV2,False,True,True,True,,,1.389601577270663,3.4117143154144287
1.383295334999275,129.64302833369197,101.47654770463251,0.008022408956953608,-0.004809721867478819,0.06401348107896018,4.9385046646055544e-05,0.00494965085348742,0.11447410263774004,0.06390642227773558,0.00014403166869002992,0.007403164884543114,0.1618749962162161,0.011,0.154,-0.013,0.1543923573238002,0.29072368144989014,0.043102674186229706,0.29072368144989014,0.1618749962162161,714.0,-0.1369540781773462,NAV2,False,True,True,True,,,1.390991914377038,3.4117143154144287
1.4250003480001396,129.6417999139001,101.48238739142921,0.011630733692957751,-0.005125373384962572,0.06919816847430593,7.334725435964136e-05,0.006143711158164589,0.12360274548203778,0.0706819779704723,0.00020050562707604064,0.008629960982940027,0.16391543734499195,0.011,0.154,-0.013,0.1543923573238002,0.29072368144989014,0.043102674186229706,0.29072368144989014,0.16391543734499195,711.0,-0.1266546808218174,NAV2,False,True,True,True,,,1.3954721568624109,3.4117143154144287
1.4651193989993772,129.6417999139001,101.48238739142921,0.011630733692957751,-0.005125373384962572,0.07487826322829771,0.00010512347394371921,0.007328490679217481,0.1347118522556949,0.07746690017332078,0.0002649845078961728,0.009792474101682446,0.18137254478007406,-0.012,0.211,-0.031,0.2113409567499873,0.29072368144989014,0.043102674186229706,0.29072368144989014,0.18137254478007406,952.0,-0.12442778032261277,NAV2,False,True,True,True,,,1.3906947744938138,3.4117143154144287
1.5101228679995984,129.6417999139001,101.48238739142921,0.011630733692957751,-0.005125373384962572,0.08198081759092832,0.00014971182123985866,0.00814306456670355,0.15248122406325898,0.0861875265419748,0.0003601294640062,0.011281792977261203,0.21583332828828813,-0.012,0.211,-0.031,0.2113409567499873,0.31569188833236694,0.0,0.31569188833236694,0.21583332828828813,935.0,-0.12387104356228332,NAV2,False,True,True,True,,,1.3935906370216709,3.4117143154144287
1.55537924500004,129.6386649296782,101.48937743274031,0.016535065140416805,-0.006782488559666085,0.09646345392479522,0.00027277856384501207,0.011923017521621393,0.1803443467925056,0.09498057633030409,0.00046520316231836244,0.012138286275219528,0.23397058276629554,-0.012,0.211,-0.031,0.2113409567499873,0.31569188833236694,0.0,0.31569188833236694,0.23397058276629554,1111.0,-0.06151801575300793,NAV2,False,True,True,True,,,1.392507926799811,3.4117143154144287
1.595525586999429,129.6386649296782,101.48937743274031,0.016535065140416805,-0.006782488559666085,0.10504113564184028,0.0003637901597101036,0.013045588228059568,0.198334252902612,0.10472542090144309,0.0005879647977956615,0.012739170629908656,0.2353308768521461,-0.075,0.277,-0.019,0.2869738664059848,0.31569188833236694,0.0,0.31569188833236694,0.2353308768521461,1088.0,-0.04147595780227988,NAV2,False,True,True,True,,,1.3924056435061083,3.4117143154144287
1.6363069449998875,129.63384372890258,101.49945316492887,0.02442277494651313,-0.009509027209218727,0.112742569832836,0.0004611172183282441,0.013968812080356495,0.20768292235842692,0.11583449711811511,0.0007349457632895436,0.013390519487232248,0.3022120027397984,-0.075,0.277,-0.019,0.2869738664059848,0.3285081386566162,-0.020760301500558853,0.31569188833236694,0.3022120027397984,1333.0,-0.04147595780227988,NAV2,False,True,True,True,,,1.3965964982583223,3.4117143154144287
1.6787122329997146,129.63384372890258,101.49945316492887,0.02442277494651313,-0.009509027209218727,0.1236855691375488,0.0005989280853393208,0.014960925710948203,0.23451711634774133,0.1271227764053855,0.0008913480422777636,0.01399927101185219,0.2686580819554847,-0.009,0.25,-0.015,0.2501619475459847,0.3285081386566162,-0.020760301500558853,0.3285081386566162,0.2686580819554847,1159.0,-0.036465420043541155,NAV2,False,True,True,True,,,1.3930983349040633,3.4117143154144287
1.720752755999456,129.62542494719014,101.51435102904499,0.03296315983292031,-0.014578169818928854,0.14062581113229264,0.0008656004269222275,0.01741874509463237,0.24706893726249474,0.13896553829931563,0.0010588989013027913,0.014147010859166668,0.3237499924324322,-0.009,0.25,-0.015,0.2501619475459847,0.3285081386566162,-0.020760301500558853,0.3285081386566162,0.3237499924324322,1454.0,0.0,NAV2,False,True,True,True,,,1.396996779353409,3.2695939540863037
1.7645580159996825,129.62542494719014,101.51435102904499,0.03296315983292031,-0.014578169818928854,0.1490405255117005,0.0010079142130518162,0.017245683985563257,0.2518134119457321,0.15689525602595097,0.001312567735826413,0.014147010859166668,0.27681984647058805,-0.022,0.31,-0.012,0.3107796647144082,0.3301510810852051,-0.024562476202845573,0.3301510810852051,0.27681984647058805,1221.0,0.0,NAV2,False,True,True,True,,,1.4025783193823989,3.2695939540863037
1.809722130999944,129.62542494719014,101.51435102904499,0.03296315983292031,-0.014578169818928854,0.1576218745874034,0.0011573805578727044,0.017720607223165707,0.2563799960363987,0.1690774206468097,0.0014849204492635827,0.014147010859166668,0.2997181302490724,-0.022,0.31,-0.012,0.3107796647144082,0.3301510810852051,-0.024562476202845573,0.3301510810852051,0.2997181302490724,1250.0,0.0,NAV2,False,True,True,True,,,1.4021659045655075,3.2695939540863037
1.8507241649995194,129.61592858519083,101.53349563572706,0.0406157001391061,-0.020034060143443957,0.17523521266138142,0.0014735188664707654,0.01833397915262891,0.26528265794228595,0.18087223032719837,0.0016517928825427427,0.014147010859166668,0.30719974772125047,-0.022,0.31,-0.012,0.3107796647144082,0.3301510810852051,-0.024562476202845573,0.3301510810852051,0.30719974772125047,1322.0,0.0,NAV2,False,True,True,True,,,1.4061112805775424,3.2695939540863037
1.89260369800013,129.61592858519083,101.53349563572706,0.0406157001391061,-0.020034060143443957,0.185080333976169,0.0016514893932338274,0.01837220500077352,0.2737403234812458,0.19268362056168584,0.0018188998967505106,0.014147010859166668,0.28543504234764155,0.104,0.268,0.067,0.2874717377412952,0.3494553864002228,-0.03376760333776474,0.3494553864002228,0.28543504234764155,1300.0,0.0,NAV2,False,True,True,True,,,1.4003952370993227,3.2695939540863037
1.934494082999663,129.60550329544557,101.55426854525575,0.0476522498784826,-0.025783877115774876,0.19520900156386475,0.0018357760415821816,0.01842865224893986,0.2818868696959296,0.20443818588934226,0.0019852029547495127,0.014147010859166668,0.29246322845786943,0.104,0.268,0.067,0.2874717377412952,0.3494553864002228,-0.03376760333776474,0.3494553864002228,0.29246322845786943,1367.0,0.0,NAV2,False,True,True,True,,,1.3998028355389873,3.2695939540863037
1.9754073789999893,129.60550329544557,101.55426854525575,0.0476522498784826,-0.025783877115774876,0.20604665215655224,0.0020349622407610604,0.01882311783856272,0.29207185476016384,0.21692935461945903,0.002157978872883601,0.013707930946305957,0.30719974772125047,-0.042,0.277,0.025,0.28016602220826137,0.36793699860572815,-0.03285698592662811,0.3494553864002228,0.30719974772125047,1311.0,0.027836186426887493,NAV2,False,True,True,True,,,1.3965894529117056,3.2695939540863037
2.015827318999982,129.60550329544557,101.55426854525575,0.0476522498784826,-0.025783877115774876,0.21636346674447146,0.0022285987850744742,0.019053025485283648,0.2985117830195725,0.2287020523512852,0.002314944898496381,0.013207290252253277,0.30470587523052445,-0.042,0.277,0.025,0.28016602220826137,0.36793699860572815,-0.03285698592662811,0.36793699860572815,0.30470587523052445,1467.0,0.030063086926092056,NAV2,False,True,True,True,,,1.4001088929490215,3.2695939540863037
2.0586684849995436,129.59424427920112,101.57649629345389,0.054831491239847985,-0.031726535263026885,0.23663627801196138,0.00261549056565394,0.019064214291097503,0.3072333383593584,0.24171768605626814,0.0024814309977697203,0.012651412497841548,0.3153615122363538,-0.042,0.277,0.025,0.28016602220826137,0.36793699860572815,-0.03285698592662811,0.36793699860572815,0.3153615122363538,1391.0,0.030341501848370252,NAV2,False,True,True,True,,,1.3996120305567343,3.2695939540863037
2.0989625599995634,129.59424427920112,101.57649629345389,0.054831491239847985,-0.031726535263026885,0.2470167940316161,0.0028127659805209093,0.018893211814533295,0.3117531843887929,0.25470117205775966,0.0026400879624747307,0.0120738237504902,0.3357659235241121,-0.017,0.288,-0.027,0.2885012998237616,0.36793699860572815,-0.03285698592662811,0.36793699860572815,0.3357659235241121,1428.0,0.031733297207080624,NAV2,False,True,True,True,,,1.3991056489117213,3.1274380683898926
2.139748246999261,129.5823173209254,101.60198327295636,0.060973958684802376,-0.03766032171049217,0.2575095490327992,0.0030103147146860894,0.01865556604107565,0.316050826728358,0.26791141852146216,0.002793670251889936,0.01147602355679094,0.3237499924324322,-0.017,0.288,-0.027,0.2885012998237616,0.3671254515647888,-0.040374912321567535,0.3671254515647888,0.3237499924324322,1568.0,0.032011619045131945,NAV2,False,True,True,True,,,1.3997074642327634,3.1274380683898926
2.179828763999467,129.5823173209254,101.60198327295636,0.060973958684802376,-0.03766032171049217,0.2682660236584506,0.0032123282454769985,0.018761501411461712,0.3208290929747336,0.2885703985325971,0.0030179783051280033,0.010546543662814423,0.3421139625914147,-0.1,0.322,0.024,0.3371705799739948,0.3671254515647888,-0.040374912321567535,0.3671254515647888,0.3421139625914147,1509.0,0.031733297207080624,NAV2,False,True,True,True,,,1.396885914103378,3.1274380683898926
2.2245702239997627,129.56984051510497,101.62818137115697,0.06650635843279053,-0.04356136061676975,0.2902351184854901,0.003620990279142021,0.018347798943774585,0.3303788755923548,0.3027442207901586,0.0031598714364038678,0.009822705474039297,0.3520894525543188,-0.1,0.322,0.024,0.3371705799739948,0.3671254515647888,-0.040374912321567535,0.3671254515647888,0.3520894525543188,1600.0,0.03757889356420011,NAV2,False,True,True,True,,,1.4015986251324457,3.1274380683898926
2.2653709959995467,129.56984051510497,101.62818137115697,0.06650635843279053,-0.04356136061676975,0.30155583546871106,0.003825283728955108,0.017638083372724548,0.3354616337855435,0.31823590997571416,0.0033018887823503765,0.008946927511325841,0.37770832450450426,-0.1,0.322,0.024,0.3371705799739948,0.37193992733955383,-0.039886798709630966,0.37193992733955383,0.37770832450450426,1720.0,0.04036248428162084,NAV2,False,True,True,True,,,1.3988873710860266,3.1274380683898926
2.3096084259996132,129.56984051510497,101.62818137115697,0.06650635843279053,-0.04356136061676975,0.31748605970188826,0.004103482704566755,0.01638492661096036,0.35667831474528816,0.3329998688385022,0.0034246538055749862,0.00810380384559653,0.3817892067620559,0.106,0.363,0.014,0.3781600190395595,0.37193992733955383,-0.039886798709630966,0.37193992733955383,0.3817892067620559,1632.0,0.040640806119672246,NAV2,False,True,True,True,,,1.3951894998211118,3.1274380683898926
2.3512175019995993,129.55692886143774,101.65707789529834,0.06904779635752778,-0.049297154150016696,0.34465111909997226,0.004542011513325343,0.015486948896743511,0.37533351542106086,0.3485851546274111,0.0035401148494960946,0.007170541789839474,0.38587008901960757,0.106,0.363,0.014,0.3781600190395595,0.37193992733955383,-0.039886798709630966,0.37193992733955383,0.38587008901960757,1649.0,0.04342444337920633,NAV2,False,True,True,True,,,1.3997938358398632,2.985274314880371
2.3952678719997493,129.55692886143774,101.65707789529834,0.06904779635752778,-0.049297154150016696,0.35691716484780767,0.004731556627210244,0.015458048914327005,0.37951332513176583,0.36329674224827957,0.003635360536377599,0.006242279886635644,0.38587008901960757,0.117,0.429,-0.006,0.4446684157886638,0.38060760498046875,-0.039601266384124756,0.38060760498046875,0.38587008901960757,1739.0,0.044816285280030045,NAV2,False,True,True,True,,,1.39829459522269,2.985274314880371
2.435722424999767,129.54803706706485,101.69052068560391,0.0686511287209761,-0.051859184701870384,0.369682670212739,0.00492696960701764,0.015078992413569914,0.38431138491605465,0.37897190580340623,0.0037215823365850972,0.005253224678561629,0.3899509712771592,0.117,0.429,-0.006,0.4446684157886638,0.38060760498046875,-0.039601266384124756,0.38060760498046875,0.3899509712771592,1777.0,0.044816285280030045,NAV2,False,True,True,True,,,1.4035996525407446,2.985274314880371
2.478876709999895,129.54803706706485,101.69052068560391,0.0686511287209761,-0.051859184701870384,0.3826420295504026,0.005121338888617231,0.014749109771195814,0.38921209528034156,0.3950454111390867,0.003793791231854839,0.004239040422319969,0.3899509712771592,0.016,0.391,0.015,0.3913272287996326,0.39231401681900024,-0.04452664032578468,0.39231401681900024,0.3899509712771592,1758.0,0.044816285280030045,NAV2,False,True,True,True,,,1.3948800269268613,2.985274314880371
2.519333866999659,129.53840145020828,101.72573701722578,0.06719850714191322,-0.05475071302260148,0.4088937705760722,0.005507471257738886,0.014482079216438404,0.3985719630159488,0.41837354043284464,0.0038697422173962414,0.0027611197792635454,0.38587008901960757,0.016,0.391,0.015,0.3913272287996326,0.39231401681900024,-0.04452664032578468,0.39231401681900024,0.3899509712771592,1702.0,0.044816285280030045,NAV2,False,True,True,True,,,1.395775218446588,2.985274314880371
2.5604508959995655,129.53840145020828,101.72573701722578,0.06719850714191322,-0.05475071302260148,0.42216287067730873,0.005692063783326932,0.013342424952100364,0.4029773062208663,0.43429883002553843,0.0039014184402208526,0.0017286155257992687,0.3985661671542128,0.016,0.391,0.015,0.3913272287996326,0.39231401681900024,-0.04452664032578468,0.39231401681900024,0.394258569215686,1758.0,0.04565139042052433,NAV2,False,True,True,True,,,1.3984779367925133,2.985274314880371
2.602298690999305,129.53840145020828,101.72573701722578,0.06719850714191322,-0.05475071302260148,0.4356817081732449,0.005866379826038443,0.011974224503438435,0.4077282193495699,0.45071955886803555,0.003915926376230405,0.0005944008226972783,0.4074080787122414,0.043,0.328,0.085,0.3308065900190019,0.39231401681900024,-0.04452664032578468,0.39231401681900024,0.4074080787122414,1758.0,0.05010509833470675,NAV2,False,True,True,True,,,1.3967586270190775,2.843109369277954
2.6453768299998046,129.52712147815208,101.76514847274018,0.062189026385154555,-0.05807547407803687,0.4493478385250856,0.006027635408814192,0.01113544353110729,0.4123767611385939,0.46667299958706215,0.0039112302266605435,-0.0005967466557628247,0.394258569215686,0.043,0.328,0.085,0.3308065900190019,0.40530452132225037,-0.047443680465221405,0.40530452132225037,0.394258569215686,1797.0,0.05400220911489987,NAV2,False,True,True,True,,,1.3973737462200229,2.843109369277954
2.6855520579993026,129.52712147815208,101.76514847274018,0.062189026385154555,-0.05807547407803687,0.47688358555294247,0.006330329534387327,0.010932497968644483,0.4209461761742063,0.4831191961303248,0.003885563320294169,-0.0018848926876851723,0.42169116661367223,-0.097,0.367,-0.012,0.3796024235960566,0.40530452132225037,-0.047443680465221405,0.40530452132225037,0.42169116661367223,1927.0,0.05622910961410443,NAV2,False,True,True,True,,,1.390785595642658,2.843109369277954
2.726440062999245,129.51631503306035,101.80121508209429,0.06040503332736691,-0.06145416978547217,0.49108016390446346,0.006482769126633132,0.010586870803875659,0.4258916567029293,0.5005245037139912,0.0038340775231599043,-0.0033213364377579204,0.43166665657657627,-0.097,0.367,-0.012,0.3796024235960566,0.40530452132225037,-0.047443680465221405,0.40530452132225037,0.43166665657657627,1927.0,0.05956943709185468,NAV2,False,True,True,True,,,1.392674911996489,2.818352460861206
2.773964631999661,129.51631503306035,101.80121508209429,0.06040503332736691,-0.06145416978547217,0.505446112150168,0.006631251175633049,0.009869770123398958,0.4308420980166196,0.5184104603443868,0.0037546613882528733,-0.004811378114422905,0.43166665657657627,0.006,0.482,-0.016,0.4820373429517676,0.41721928119659424,-0.05238930135965347,0.41721928119659424,0.43166665657657627,1951.0,0.059291115253803275,NAV2,False,True,True,True,,,1.4007434884971206,2.818352460861206
2.814122734999728,129.51631503306035,101.80121508209429,0.06040503332736691,-0.06145416978547217,0.5199263352400427,0.006768116368810855,0.008823766619697524,0.4356718924585695,0.5361223238069717,0.0036497920923687826,-0.006290653123921217,0.4708884693852673,0.006,0.482,-0.016,0.4820373429517676,0.41721928119659424,-0.05238930135965347,0.41721928119659424,0.4708884693852673,2105.0,0.05984785201413279,NAV2,False,True,True,True,,,1.3981472604974072,2.818352460861206
2.8557336969997777,129.5028020733903,101.84063946511804,0.05846934709057017,-0.06626107408122317,0.5500937657079338,0.007001479420891594,0.006035671585615353,0.4472571723734281,0.555322491940217,0.0035054282963823346,-0.00793055308674891,0.4708884693852673,0.006,0.482,-0.016,0.4820373429517676,0.41721928119659424,-0.05238930135965347,0.41721928119659424,0.4708884693852673,2051.0,0.06123964737284317,NAV2,False,True,True,True,,,1.3878982986908837,2.818352460861206
2.8986484349998136,129.5028020733903,101.84063946511804,0.05846934709057017,-0.06626107408122317,0.5662495778603654,0.00710124699825156,0.004953841123084057,0.4552333926923928,0.5735987395934871,0.003338957931906486,-0.009502020911836788,0.45909925397456247,0.239,0.43,-0.001,0.4919562988721661,0.4274485409259796,-0.05673903226852417,0.4274485409259796,0.45909925397456247,2077.0,0.06151792266878113,NAV2,False,True,True,True,,,1.3857174514295258,2.818352460861206
2.9402103929996883,129.4892655919507,101.88085589584395,0.0553684841742772,-0.07088060617189249,0.5829738599972624,0.007188822239233842,0.003996787842606153,0.46395520926506856,0.6020544475088517,0.0030209998950440306,-0.012033622685609568,0.4649938616799149,0.239,0.43,-0.001,0.4919562988721661,0.4274485409259796,-0.05673903226852417,0.4274485409259796,0.48358454751987245,2051.0,0.06374486971009914,NAV2,False,True,True,True,,,1.388595707716833,2.818352460861206
2.9831698580001103,129.4892655919507,101.88085589584395,0.0553684841742772,-0.07088060617189249,0.613816368988992,0.00728348928998069,0.001966736962497606,0.4716260190408368,0.6203450613760149,0.0027778192004645234,-0.013714858873335917,0.4534313619501852,0.025,0.417,0.119,0.4177487283044677,0.4366084933280945,-0.058834508061409,0.4366084933280945,0.4534313619501852,2000.0,0.065693401829139,NAV2,False,True,True,True,,,1.3862139441588757,2.6700668334960938
3.024315669999851,129.47823211909244,101.92391808396154,0.04724148727923705,-0.07412827618457199,0.6291598039092188,0.007304363921807473,0.0008689611318550838,0.47497380139051126,0.6390650555791233,0.002496896772768304,-0.015435604500625331,0.4649938616799149,0.025,0.417,0.119,0.4177487283044677,0.4366084933280945,-0.058834508061409,0.4366084933280945,0.4649938616799149,2025.0,0.065693401829139,NAV2,False,True,True,True,,,1.3928791668050462,2.6700668334960938
3.064527937999628,129.47823211909244,101.92391808396154,0.04724148727923705,-0.07412827618457199,0.6438177894272894,0.007302595038103297,-0.0001686331527297469,0.47548749764546916,0.6573950113668996,0.0021907606127603905,-0.017120542964365958,0.4649938616799149,-0.036,0.516,0.121,0.5172542894940554,0.4366084933280945,-0.058834508061409,0.4366084933280945,0.4649938616799149,2133.0,0.065693401829139,NAV2,False,True,True,True,,,1.3819492011861334,2.6700668334960938
3.109317065999676,129.47823211909244,101.92391808396154,0.04724148727923705,-0.07412827618457199,0.6592443908082791,0.007291876183461833,-0.0012281295185676555,0.4785036432390078,0.6767468252659014,0.0018334800183892903,-0.018906860857605682,0.48358454751987245,-0.036,0.516,0.121,0.5172542894940554,0.4366084933280945,-0.058834508061409,0.4366084933280945,0.48358454751987245,2222.0,0.06597177020930378,NAV2,False,True,True,True,,,1.3792655875646822,2.6700668334960938
3.1504539919997114,129.46452122568755,101.96701442959939,0.04366866737629404,-0.07862335326066773,0.6915534812443044,0.007214319888355425,-0.003666810510843721,0.48813245203673855,0.6969100197149902,0.0014240508761338708,-0.020768141766177584,0.49673405701642787,-0.036,0.516,0.121,0.5172542894940554,0.4448930025100708,-0.055539581924676895,0.4448930025100708,0.49673405701642787,2253.0,0.06597177020930378,NAV2,False,True,True,True,,,1.3767999598833394,2.6700668334960938
3.195320294999874,129.46452122568755,101.96701442959939,0.04366866737629404,-0.07862335326066773,0.7079641845273935,0.007155646427787394,-0.0041062475199087345,0.49312537609651225,0.7170685953062647,0.000977091171048913,-0.022633071038597217,0.5037622431266557,0.205,0.396,0.039,0.44591591135549313,0.4448930025100708,-0.055539581924676895,0.4448930025100708,0.5037622431266557,2162.0,0.06597177020930378,NAV2,False,True,True,True,,,1.3739402498402402,2.6700668334960938
3.235887838999588,129.45347394916442,102.01244602974668,0.03564375428315936,-0.08191509696687956,0.7244754511404295,0.007083720082114484,-0.004773338532452431,0.497755818303447,0.7369642723678913,0.0004991362899980377,-0.024481274284227212,0.49673405701642787,0.205,0.396,0.039,0.44591591135549313,0.451724112033844,-0.057168953120708466,0.4448930025100708,0.49673405701642787,2253.0,0.06652850696963322,NAV2,False,True,True,True,,,1.3746270610118345,2.521730422973633
3.278704456000014,129.45347394916442,102.01244602974668,0.03564375428315936,-0.08191509696687956,0.7411793118860566,0.006996851099812362,-0.005813394722312903,0.5025490040934792,0.7573921466872666,-3.1222770211406664e-05,-0.026457299658946665,0.49673405701642787,-0.033,0.448,0.145,0.4492137575809539,0.451724112033844,-0.057168953120708466,0.451724112033844,0.49673405701642787,2077.0,0.07014715628543479,NAV2,False,True,True,True,,,1.373254521984454,2.521730422973633
3.3192876129996876,129.4422883418928,102.0597040437055,0.02740592908774442,-0.08536359411971613,0.7713497143645066,0.006786883597652937,-0.007267868753253026,0.4984928730937316,0.7858754975105221,-0.00083867999072999,-0.02928682261801237,0.4901593022681502,-0.033,0.448,0.145,0.4492137575809539,0.451724112033844,-0.057168953120708466,0.451724112033844,0.48358454751987245,2162.0,0.07098230796804242,NAV2,False,True,True,True,,,1.3731691648166429,2.521730422973633
3.359553620999577,129.4422883418928,102.0597040437055,0.02740592908774442,-0.08536359411971613,0.787744221272338,0.006657327653245694,-0.008621342830900767,0.5018866941145693,0.7964257615604899,-0.0011588888144010228,-0.030341473367398165,0.5037622431266557,-0.033,0.448,0.145,0.4492137575809539,0.451724112033844,-0.057168953120708466,0.451724112033844,0.5037622431266557,2191.0,0.07153904472837194,NAV2,False,True,True,True,,,1.375146632905879,2.521730422973633
3.399868374000107,129.4422883418928,102.0597040437055,0.02740592908774442,-0.08536359411971613,0.8039730688223184,0.006505413122033889,-0.009998336905241434,0.5039767370999682,0.8252731293540493,-0.0020897375720952496,-0.033214364223828,0.4772365084525699,-0.003,0.5,0.095,0.5000089999190015,0.4576454758644104,-0.05585141479969025,0.4576454758644104,0.4772365084525699,2105.0,0.07126062980609384,NAV2,False,True,True,True,,,1.3720074928317956,2.521730422973633
3.4407052050000857,129.4284515886874,102.1083218597178,0.02310811740960839,-0.0898314694339929,0.8198722794743859,0.006338825184759361,-0.01072690710278801,0.5039629135833877,0.8445540683963723,-0.0027581786628285707,-0.03513469430776714,0.48358454751987245,-0.003,0.5,0.095,0.5000089999190015,0.4576454758644104,-0.05585141479969025,0.4576454758644104,0.4772365084525699,2133.0,0.07126062980609384,NAV2,False,True,True,True,,,1.3735630879368197,2.521730422973633
3.483106112999849,129.4284515886874,102.1083218597178,0.02310811740960839,-0.0898314694339929,0.8498658039248846,0.005978202162189376,-0.012414742633517049,0.49552907750499586,0.8631576508425415,-0.0034380000742874465,-0.036991251075017106,0.4708884693852673,0.079,0.435,0.007,0.44211536955867076,0.46194639801979065,-0.06100024655461311,0.46194639801979065,0.4708884693852673,2077.0,0.07153904472837194,NAV2,False,True,True,True,,,1.375131776825534,2.37338924407959
3.526063559999784,129.41484228852508,102.15818539881738,0.018946844020698794,-0.09414424261362982,0.8660760969208187,0.00576661325247817,-0.013712340337181049,0.49761254050273646,0.8824810169281081,-0.004181380427149372,-0.03894564889949537,0.4772365084525699,0.079,0.435,0.007,0.44211536955867076,0.46194639801979065,-0.06100024655461311,0.46194639801979065,0.4772365084525699,2133.0,0.07320920846724707,NAV2,False,True,True,True,,,1.3710876748852059,2.37338924407959
3.5723334889999023,129.41484228852508,102.15818539881738,0.018946844020698794,-0.09414424261362982,0.8818239519004671,0.0055419927860575115,-0.014708759277352712,0.49682867046712553,0.9019692678963991,-0.004970623134332204,-0.040994929445295196,0.4708884693852673,0.079,0.435,0.007,0.44211536955867076,0.46194639801979065,-0.06100024655461311,0.46194639801979065,0.4708884693852673,2162.0,0.0762712141069459,NAV2,False,True,True,True,,,1.3693052914368864,2.37338924407959
3.6154619769995406,129.41484228852508,102.15818539881738,0.018946844020698794,-0.09414424261362982,0.8977437327610486,0.005301108871461496,-0.015473884644399138,0.4969470942199221,0.9207929171462652,-0.005772410158635874,-0.04310366651822822,0.48358454751987245,0.065,0.522,0.02,0.5260313678859846,0.46194639801979065,-0.06100024655461311,0.46194639801979065,0.48358454751987245,2105.0,0.08156007370373596,NAV2,False,True,True,True,,,1.3631260875815578,2.37338924407959
3.655909889999748,129.40406333600694,102.20907352138269,0.010046005621306975,-0.09756974028700714,0.9313424075768242,0.004763791162431539,-0.01695320725049898,0.5042597903029148,0.9402791297111123,-0.006646133991033606,-0.04538222771347571,0.49673405701642787,0.065,0.522,0.02,0.5260313678859846,0.4662679135799408,-0.06573452055454254,0.4662679135799408,0.49673405701642787,2133.0,0.08462198625920803,NAV2,False,True,True,True,,,1.3662784012478701,2.37338924407959
3.6960690319992864,129.40406333600694,102.20907352138269,0.010046005621306975,-0.09756974028700714,0.947282415437218,0.0044798182604163,-0.018429095036812004,0.5043237405508229,0.9597127446737959,-0.00756253582260815,-0.04770618905369084,0.4901593022681502,0.149,0.39,0.1,0.4174937125275062,0.4662679135799408,-0.06573452055454254,0.4662679135799408,0.4901593022681502,2105.0,0.08657056492036135,NAV2,False,True,True,True,,,1.3629302278767517,2.37338924407959
3.738011366000137,129.39312169125583,102.26064094929657,0.0012667784904247803,-0.1010538299916926,0.9631594875076216,0.004180387541160239,-0.01937221533939093,0.502729894992779,0.9788311502648328,-0.008509078528789423,-0.05006152415316677,0.4772365084525699,0.149,0.39,0.1,0.4174937125275062,0.4703375995159149,-0.07100661098957062,0.4662679135799408,0.4772365084525699,2077.0,0.08907583379973065,NAV2,False,True,True,True,,,1.3636083435145443,2.2250492572784424
3.778671132999989,129.39312169125583,102.26064094929657,0.0012667784904247803,-0.1010538299916926,0.9782441402356014,0.0038804687552842668,-0.020069778375186417,0.49710564595942586,0.9973762803217466,-0.009470545449756293,-0.05237787659796749,0.45909925397456247,0.025,0.408,-0.072,0.4087652137841477,0.4703375995159149,-0.07100661098957062,0.4703375995159149,0.45909925397456247,2000.0,0.08991093894022494,NAV2,False,True,True,True,,,1.360722575094608,2.2250492572784424
3.818807857000138,129.38452631483597,102.31059236944019,-0.008344340128242145,-0.10374422785294081,1.0101174000824231,0.0032278240761641065,-0.02104150918236858,0.4972521109559794,1.0154637740978032,-0.010449891864143532,-0.05467152843120551,0.4534313619501852,0.025,0.408,-0.072,0.4087652137841477,0.4703375995159149,-0.07100661098957062,0.4703375995159149,0.4534313619501852,1951.0,0.09213779289731613,NAV2,False,True,True,True,,,1.3633643851491506,2.2250492572784424
3.8593552459997227,129.38452631483597,102.31059236944019,-0.008344340128242145,-0.10374422785294081,1.0265886582982788,0.002875737233797212,-0.021854417892459566,0.4995894050003077,1.0331818060660602,-0.01144988477137279,-0.056948770755668815,0.44232229358240566,0.025,0.408,-0.072,0.4087652137841477,0.4703375995159149,-0.07100661098957062,0.4703375995159149,0.44232229358240566,2000.0,0.09241611473536747,NAV2,False,True,True,True,,,1.3596350863707989,2.2250492572784424
3.8995560899993507,129.38452631483597,102.31059236944019,-0.008344340128242145,-0.10374422785294081,1.0430133697535184,0.0025013060957093936,-0.023618759349800733,0.501608922155181,1.0594345303099493,-0.013006018061375378,-0.06033341194418655,0.4368811172390034,-0.032,0.507,-0.055,0.5080088581904847,0.47467923164367676,-0.07848561555147171,0.47467923164367676,0.4266789115951242,1927.0,0.09269452965764557,NAV2,False,True,True,True,,,1.356393096487118,2.2250492572784424
3.94229236999945,129.37542785999756,102.36108619140057,-0.01842901489603177,-0.10656114340868376,1.0596121787404207,0.0020977966847146932,-0.025407771650311165,0.5041209923804304,1.0781088963957524,-0.014169260834297365,-0.0628475714281633,0.4534313619501852,-0.032,0.507,-0.055,0.5080088581904847,0.47467923164367676,-0.07848561555147171,0.47467923164367676,0.44776346992580784,2000.0,0.09547812037506631,NAV2,False,True,True,True,,,1.3573523967000443,2.2250492572784424
3.9831358329993236,129.37542785999756,102.36108619140057,-0.01842901489603177,-0.10656114340868376,1.0926306482126225,0.0012355090519550452,-0.0268078455844738,0.5070900070163051,1.0946855851731407,-0.015241623045158843,-0.06518902049612585,0.4368811172390034,0.086,0.39,-0.094,0.3993695030920614,0.4787895977497101,-0.08395912498235703,0.4787895977497101,0.4368811172390034,1927.0,0.10243714371073151,NAV2,False,True,True,True,,,1.3567645803133344,2.2250492572784424
4.025578365999536,129.3659341182265,102.41204665467365,-0.024957966602784154,-0.10942794442296125,1.109325696938276,0.0007816519810576656,-0.027555865310702195,0.5091883597451757,1.1126668929371162,-0.0164504573524517,-0.06778003702621281,0.4534313619501852,0.086,0.39,-0.094,0.3993695030920614,0.4787895977497101,-0.08395912498235703,0.4787895977497101,0.4534313619501852,1951.0,0.1049425056743276,NAV2,False,True,True,True,,,1.3616527461597443,2.2250492572784424
4.072288133999791,129.3659341182265,102.41204665467365,-0.024957966602784154,-0.10942794442296125,1.1258535344050682,0.00031762533096881153,-0.02863561031464723,0.5103040716316579,1.1301153383076148,-0.01766875726731809,-0.07035291822191495,0.4368811172390034,0.05,0.356,-0.073,0.3594940889639216,0.4787895977497101,-0.08395912498235703,0.4787895977497101,0.4368811172390034,1975.0,0.10633420794881118,NAV2,False,True,True,True,,,1.3574006439539092,2.0766963958740234
4.115547882000101,129.3659341182265,102.41204665467365,-0.024957966602784154,-0.10942794442296125,1.1422572557559854,-0.00017053018407191958,-0.03060258167707497,0.5109600207807578,1.1482190186190246,-0.018980954944757624,-0.07302292059390308,0.4649938616799149,0.05,0.356,-0.073,0.3594940889639216,0.4787895977497101,-0.08395912498235703,0.4787895977497101,0.4649938616799149,2000.0,0.10633420794881118,NAV2,False,True,True,True,,,1.3501774804918996,2.0766963958740234
4.156553716999952,129.35854536274238,102.46113890792842,-0.03589571137377368,-0.11160935948183154,1.1756356815246587,-0.001248707526663702,-0.03419600912045828,0.5140238881450527,1.1671585731622551,-0.020406401990333584,-0.0758204676641648,0.4649938616799149,0.05,0.356,-0.073,0.3594940889639216,0.48334118723869324,-0.09288660436868668,0.48334118723869324,0.4649938616799149,2025.0,0.10661257632897593,NAV2,False,True,True,True,,,1.3480305117433202,2.0766963958740234
4.197116075999475,129.35854536274238,102.46113890792842,-0.03589571137377368,-0.11160935948183154,1.1885086005353243,-0.0017183092711924937,-0.03530206373844491,0.5021732029450117,1.1852099055124405,-0.0218140914188925,-0.07849062199053088,0.4772365084525699,0.115,0.458,-0.009,0.4722171110834507,0.48334118723869324,-0.09288660436868668,0.48334118723869324,0.4772365084525699,2105.0,0.10661257632897593,NAV2,False,True,True,True,,,1.34769803306583,2.0766963958740234
4.2396177689997785,129.35044597971375,102.5084952535643,-0.043256956701269285,-0.11360362608974402,1.203081399642756,-0.00225466474708816,-0.03665403506406051,0.4976312670479795,1.2037649487553712,-0.02331392849154876,-0.08139792810932166,0.4534313619501852,0.115,0.458,-0.009,0.4722171110834507,0.4879988431930542,-0.10132355242967606,0.4879988431930542,0.4534313619501852,2000.0,0.11552022486790779,NAV2,False,True,True,True,,,1.3494221216550162,2.0766963958740234
4.283121384999504,129.35044597971375,102.5084952535643,-0.043256956701269285,-0.11360362608974402,1.23076437737015,-0.003356571943553715,-0.04071152588292737,0.48600301967839915,1.2322919871292548,-0.025731491454146903,-0.08612226242088546,0.4901593022681502,0.233,0.506,-0.026,0.557068218443666,0.4879988431930542,-0.10132355242967606,0.4879988431930542,0.4901593022681502,2162.0,0.11997402586631699,NAV2,False,True,True,True,,,1.3395686617687106,2.0766963958740234
4.325165840999944,129.34702291424233,102.55878396787394,-0.06028598269022245,-0.11522999072771098,1.246570207764414,-0.004016682189618213,-0.04303739773688031,0.48677897837259265,1.2514249486974012,-0.027431096241816704,-0.08943898668731297,0.48358454751987245,0.233,0.506,-0.026,0.557068218443666,0.4879988431930542,-0.10132355242967606,0.4879988431930542,0.48358454751987245,2133.0,0.1272114175821469,NAV2,False,True,True,True,,,1.3387914194224537,1.9283565282821655
4.3665244599997095,129.34702291424233,102.55878396787394,-0.06028598269022245,-0.11522999072771098,1.2625667050750862,-0.004715919572827385,-0.04477061335000165,0.48795952495655004,1.2703430976175893,-0.02917662823270865,-0.09286958412206082,0.4708884693852673,-0.039,0.394,-0.007,0.39592549804224536,0.4879988431930542,-0.10132355242967606,0.4879988431930542,0.4708884693852673,2222.0,0.13222190879877221,NAV2,False,True,True,True,,,1.3399747708362129,1.9283565282821655
4.409628957999303,129.34702291424233,102.55878396787394,-0.06028598269022245,-0.11522999072771098,1.2782035725778036,-0.0054232691794114584,-0.04574903923319695,0.4878088050798485,1.2903225578902824,-0.03109357663687859,-0.09659092577828869,0.49673405701642787,-0.039,0.394,-0.007,0.39592549804224536,0.4925023913383484,-0.1084190309047699,0.4925023913383484,0.49673405701642787,2285.0,0.13611897303685191,NAV2,False,True,True,True,,,1.33952048294045,1.9283565282821655
4.45273184799953,129.34493871393252,102.60931978063796,-0.07577106803951139,-0.11664333488279768,1.3112483265071886,-0.006984734008642279,-0.04921354059631744,0.4926662128409762,1.3103350475609286,-0.03309286845543852,-0.10059244092225766,0.4901593022681502,-0.039,0.394,-0.007,0.39592549804224536,0.4925023913383484,-0.1084190309047699,0.4925023913383484,0.4901593022681502,2191.0,0.1483669025114206,NAV2,False,True,True,True,,,1.3402191166399633,1.9283565282821655
4.4953633979994265,129.34493871393252,102.60931978063796,-0.07577106803951139,-0.11664333488279768,1.327414541903585,-0.0078001795472363075,-0.05186321596380906,0.4952463950818163,1.330655556845966,-0.03520939275248889,-0.10484750039757024,0.5255269485002646,0.122,0.428,-0.034,0.4450483119842159,0.49696555733680725,-0.11601179838180542,0.49696555733680725,0.5255269485002646,2352.0,0.15254233512966503,NAV2,False,True,True,True,,,1.3294139499565423,1.9283565282821655
4.536076744999264,129.33891132536118,102.65980009050847,-0.08627813473775926,-0.1184833251967323,1.3440352629380905,-0.008680689561606768,-0.05482159336898019,0.49794075966530144,1.3517351782597566,-0.037498902261567914,-0.10931759823815819,0.5255269485002646,0.122,0.428,-0.034,0.4450483119842159,0.49696555733680725,-0.11601179838180542,0.49696555733680725,0.5255269485002646,2424.0,0.15588266260741526,NAV2,False,True,True,True,,,1.327523714307699,1.9283565282821655
4.576702935999492,129.33891132536118,102.65980009050847,-0.08627813473775926,-0.1184833251967323,1.3608744955926346,-0.009619029989840133,-0.05767650563944127,0.5011871554719387,1.3734650847591634,-0.03996284935971514,-0.1141043975860264,0.5332352816534177,0.09,0.524,-0.019,0.531672831730191,0.49696555733680725,-0.11601179838180542,0.49696555733680725,0.5332352816534177,2285.0,0.16061483198598922,NAV2,False,True,True,True,,,1.3268279464542958,1.9283565282821655
4.617479216999527,129.33891132536118,102.65980009050847,-0.08627813473775926,-0.1184833251967323,1.3945653223790304,-0.0116152577291377,-0.0614884627069503,0.506525951778719,1.393658495146096,-0.04234541871356429,-0.11855908737721028,0.5107904292368836,0.09,0.524,-0.019,0.531672831730191,0.49696555733680725,-0.11601179838180542,0.49696555733680725,0.5107904292368836,2253.0,0.16061483198598922,NAV2,False,True,True,True,,,1.3297622644873888,1.9283565282821655
4.658612684999753,129.33214596681404,102.71037830468173,-0.09440841707155555,-0.12034015973735492,1.411471341277101,-0.012665959654630018,-0.06325554841499235,0.5088401085630456,1.4138530981330943,-0.04481969899418882,-0.12303498041140963,0.5037622431266557,0.09,0.524,-0.019,0.531672831730191,0.501223623752594,-0.1212482675909996,0.501223623752594,0.5037622431266557,2222.0,0.1614498905843701,NAV2,False,True,True,True,,,1.3248050137785867,1.9283565282821655
4.698890071999813,129.33214596681404,102.71037830468173,-0.09440841707155555,-0.12034015973735492,1.4283155857342404,-0.013742986680764775,-0.06488897126457616,0.5108031679093219,1.4336565726292645,-0.04733535243718086,-0.12747397733794977,0.49673405701642787,0.028,0.443,0.077,0.44388399385425015,0.501223623752594,-0.1212482675909996,0.501223623752594,0.49673405701642787,2253.0,0.16451189622406895,NAV2,False,True,True,True,,,1.3198609511599695,1.780015230178833
4.740353778000099,129.32711194997407,102.76096525216852,-0.1032362622632399,-0.12185198629959322,1.445343607904789,-0.014869672484910012,-0.06765206807162592,0.5130962375559297,1.453941903567051,-0.05000737282525482,-0.1321361696364458,0.5107904292368836,0.028,0.443,0.077,0.44388399385425015,0.5041470527648926,-0.13004988431930542,0.5041470527648926,0.5107904292368836,2318.0,0.16757390186376778,NAV2,False,True,True,True,,,1.3161320327337793,1.780015230178833
4.783174124999277,129.32711194997407,102.76096525216852,-0.1032362622632399,-0.12185198629959322,1.4805139760367358,-0.017341609964966753,-0.07399721058485298,0.5208091802265116,1.4851652010275762,-0.05430989635638867,-0.13933529556376226,0.5255269485002646,0.076,0.568,0.163,0.5730619512757761,0.5041470527648926,-0.13004988431930542,0.5041470527648926,0.5255269485002646,2318.0,0.16757390186376778,NAV2,False,True,True,True,,,1.307252273532868,1.780015230178833
4.824922629999492,129.32366184515018,102.81367531350016,-0.11651617326912067,-0.12330512136125499,1.4957396983354392,-0.01850909866387606,-0.07634062100170969,0.5162013889178438,1.5049906486189086,-0.05716080838781779,-0.1439871312230106,0.5037622431266557,0.076,0.568,0.163,0.5730619512757761,0.5041470527648926,-0.13004988431930542,0.5041470527648926,0.5037622431266557,2133.0,0.1709142758836314,NAV2,False,True,True,True,,,1.307388609206709,1.780015230178833
4.867184934999386,129.32366184515018,102.81367531350016,-0.11651617326912067,-0.12330512136125499,1.5101744346368213,-0.019662312813040064,-0.07860552425469525,0.5091911887760117,1.5243772146542371,-0.06003980638302784,-0.14857114125913187,0.49673405701642787,0.076,0.568,0.163,0.5730619512757761,0.5041470527648926,-0.13004988431930542,0.5041470527648926,0.49673405701642787,2222.0,0.17174928793989888,NAV2,False,True,True,True,,,1.3052438446913377,1.780015230178833
4.909667981999519,129.32366184515018,102.81367531350016,-0.11651617326912067,-0.12330512136125499,1.5263867169623855,-0.020966635540201308,-0.08120886495964763,0.5088387583449607,1.5442850504177608,-0.06309132685681156,-0.15327063264952012,0.5037622431266557,0.027,0.453,0.003,0.4538039224158381,0.505669891834259,-0.13715364038944244,0.505669891834259,0.5037622431266557,2253.0,0.1709142758836314,NAV2,False,True,True,True,,,1.3073474001904637,1.780015230178833
4.950541657000031,129.32150821997988,102.8660217332604,-0.12923319370034747,-0.12439983947857702,1.560410352997361,-0.023835589083278385,-0.08809246526143609,0.5130864697231134,1.564873532888337,-0.06634920937071476,-0.15815729480527144,0.5332352816534177,0.027,0.453,0.003,0.4538039224158381,0.505669891834259,-0.13715364038944244,0.505669891834259,0.5332352816534177,2285.0,0.17202770286217697,NAV2,False,True,True,True,,,1.305108689686034,1.6316635608673096
4.995338594999339,129.32150821997988,102.8660217332604,-0.12923319370034747,-0.12439983947857702,1.577489992033656,-0.025362261535154234,-0.09142587844793848,0.5153009372498599,1.5856368086057282,-0.06973935399494434,-0.1630778814688247,0.5255269485002646,-0.079,0.342,0.017,0.35100569795944914,0.5032199025154114,-0.13981585204601288,0.5032199025154114,0.5255269485002646,2285.0,0.17174928793989888,NAV2,False,True,True,True,,,1.2983817867450844,1.6316635608673096
5.035869416999958,129.3181261363467,102.91797140562828,-0.14114217746082147,-0.12558764057268543,1.5946302187374055,-0.026947289772676908,-0.09420768884664321,0.5173698409662337,1.6057808998227892,-0.07312810110466653,-0.16786300588267658,0.5107904292368836,-0.079,0.342,0.017,0.35100569795944914,0.5032199025154114,-0.13981585204601288,0.5032199025154114,0.5107904292368836,2222.0,0.17230602470022827,NAV2,False,True,True,True,,,1.294331570309996,1.6316635608673096
5.078752329000054,129.3181261363467,102.91797140562828,-0.14114217746082147,-0.12558764057268543,1.611740220694075,-0.028581140519286802,-0.0973215406529424,0.5191111764984322,1.6258136357408701,-0.07659676355353674,-0.17264783860866698,0.5107904292368836,0.312,0.494,-0.055,0.58427733141035,0.5032199025154114,-0.13981585204601288,0.5032199025154114,0.5107904292368836,2318.0,0.17314117638283602,NAV2,False,True,True,True,,,1.285822036356692,11.707151412963867
5.118817752999348,129.31624287287082,102.96464016624913,-0.1520954569628614,-0.1260768054731988,1.6478901842276876,-0.03218181912555281,-0.10326330386799619,0.528690324963613,1.6468192535730957,-0.08034202821356687,-0.17771654794885158,0.5413970461685211,0.312,0.494,-0.055,0.58427733141035,0.5032199025154114,-0.13981585204601288,0.5032199025154114,0.5413970461685211,2285.0,0.17536803033992723,NAV2,False,True,True,True,,,1.284701804050338,11.707151412963867
5.159603954999511,129.31624287287082,102.96464016624913,-0.1520954569628614,-0.1260768054731988,1.6642946841231685,-0.03391957746240127,-0.1062216613049314,0.5267203077147726,1.67720025682515,-0.08595346984796419,-0.1851077576083951,0.5037622431266557,0.312,0.494,-0.055,0.58427733141035,0.5020791888237,-0.1154494509100914,0.5020791888237,0.5180453310280866,2222.0,0.1762031354804214,NAV2,False,True,True,True,,,1.285256685142987,11.707151412963867
5.203507850999813,129.31624287287082,102.96464016624913,-0.1520954569628614,-0.1260768054731988,1.6806770264800517,-0.03570587611229211,-0.10955359703213398,0.5246714181569422,1.6974741352962124,-0.08982626792060204,-0.18992677439544037,0.5180453310280866,0.0,0.515,-0.016,0.515,0.5020791888237,-0.1154494509100914,0.5020791888237,0.5180453310280866,2388.0,0.16729553348360302,NAV2,False,True,True,True,,,1.2796999166394551,11.498514175415039
5.244651176999469,129.3151776088277,103.01389690475234,-0.16461426510767563,-0.126370315576688,1.6980808850897389,-0.03765179907206313,-0.11370692826025319,0.5266008711649444,1.7188262175900983,-0.09401106744012191,-0.1947375324062611,0.5495588106836244,0.0,0.515,-0.016,0.515,0.49804380536079407,-0.10071500390768051,0.49804380536079407,0.5495588106836244,2461.0,0.16172825896453485,NAV2,False,True,True,True,,,1.2797407165806967,11.498514175415039
5.295372110999779,129.3151776088277,103.01389690475234,-0.16461426510767563,-0.126370315576688,1.733295220713719,-0.04179448313836656,-0.12180852515770146,0.5314438720909817,1.7406514189130464,-0.0983988015243973,-0.19959088175481068,0.5495588106836244,0.193,0.492,-0.017,0.5285007095548689,0.49804380536079407,-0.10071500390768051,0.49804380536079407,0.5495588106836244,2424.0,0.157274504508239,NAV2,False,True,True,True,,,1.2671234458235534,11.498514175415039
5.3354818190000515,129.31512957257604,103.06519498149888,-0.1793985040284651,-0.12665116874643598,1.7509644694491948,-0.04397793929392349,-0.12565886647309557,0.5336593262759555,1.7622466026845969,-0.10284371055726235,-0.20411317022140585,0.5579472908797029,0.193,0.492,-0.017,0.5285007095548689,0.49804380536079407,-0.10071500390768051,0.49804380536079407,0.5579472908797029,2539.0,0.1483669025114206,NAV2,False,True,True,True,,,1.2602920765529084,11.498514175415039
5.377294535999681,129.31512957257604,103.06519498149888,-0.1793985040284651,-0.12665116874643598,1.768866959191431,-0.04626238465830939,-0.1296230497027695,0.5365199226534827,1.784930148760443,-0.10762255638749336,-0.20881310733083003,0.5579472908797029,0.323,0.425,-0.124,0.5338108279156578,0.49257349967956543,-0.08751611411571503,0.49804380536079407,0.5579472908797029,2461.0,0.1480885341312558,NAV2,False,True,True,True,,,1.2580198616710105,11.498514175415039
5.418518345999473,129.32054509745217,103.11391346540506,-0.19723392218092248,-0.12505681308058725,1.8053143117858188,-0.051120479507278924,-0.13723820595441347,0.5434913017204694,1.8057686246505529,-0.11210898077240745,-0.21313874886845446,0.5332352816534177,0.323,0.425,-0.124,0.5338108279156578,0.49257349967956543,-0.08751611411571503,0.49257349967956543,0.5332352816534177,2388.0,0.1480885341312558,NAV2,False,True,True,True,,,1.2518792354510044,11.498514175415039
5.458967187999406,129.32054509745217,103.11391346540506,-0.19723392218092248,-0.12505681308058725,1.8230508882352858,-0.053595785705064396,-0.14055778699328858,0.5445489975661022,1.8269038398863564,-0.11675176070238269,-0.21725087183038583,0.5413970461685211,0.323,0.425,-0.124,0.5338108279156578,0.49257349967956543,-0.08751611411571503,0.49257349967956543,0.5413970461685211,2388.0,0.1366757097971814,NAV2,False,True,True,True,,,1.2524801548479196,11.498514175415039
5.499419961000058,129.32054509745217,103.11391346540506,-0.19723392218092248,-0.12505681308058725,1.8408232201996337,-0.05613238957442267,-0.14347995449300965,0.5458136032523617,1.8579876516434772,-0.1237391370660698,-0.2230479832768154,0.5255269485002646,-0.142,0.555,0.05,0.5728778229256217,0.4859714210033417,-0.07996217906475067,0.4859714210033417,0.5255269485002646,2318.0,0.13222190879877221,NAV2,False,True,True,True,,,1.2473623461597845,11.498514175415039
5.539754896999511,129.3237168078459,103.16464264032078,-0.20960264680236707,-0.12438955082622843,1.8588278462303804,-0.0587489781058259,-0.14593445078327294,0.5476809371364252,1.8783196631556138,-0.12841154325095744,-0.2268235025689486,0.5180453310280866,-0.142,0.555,0.05,0.5728778229256217,0.4859714210033417,-0.07996217906475067,0.4859714210033417,0.5255269485002646,2285.0,0.13222190879877221,NAV2,False,True,True,True,,,1.2461109140778468,11.498514175415039
5.580592420999892,129.3237168078459,103.16464264032078,-0.20960264680236707,-0.12438955082622843,1.876788354583944,-0.06140845889783549,-0.1485037722634419,0.5492091456928634,1.8993823068238955,-0.13333685868956618,-0.2306740529923608,0.5332352816534177,0.236,0.456,-0.054,0.5134510687494963,0.4859714210033417,-0.07996217906475067,0.4859714210033417,0.5332352816534177,2352.0,0.12915990315907339,NAV2,False,True,True,True,,,1.2368107629724496,11.498514175415039
5.624823137000021,129.32704074171326,103.21481775120958,-0.2206089076745661,-0.1236061730257994,1.913024226650244,-0.06693297845506271,-0.1548157768891576,0.5528507676329798,1.9205144993081456,-0.13836437868064477,-0.2345286093207814,0.5495588106836244,0.236,0.456,-0.054,0.5134510687494963,0.4859714210033417,-0.07996217906475067,0.4859714210033417,0.5495588106836244,2424.0,0.12888153477890862,NAV2,False,True,True,True,,,1.2376036682538027,11.498514175415039
5.666406745000131,129.32704074171326,103.21481775120958,-0.2206089076745661,-0.1236061730257994,1.9312908464603873,-0.06980342162079708,-0.157842534056484,0.5547739948840271,1.9417303937328207,-0.1434985689685199,-0.2384020530549257,0.5413970461685211,0.236,0.456,-0.054,0.5134510687494963,0.48156946897506714,-0.07810117304325104,0.48156946897506714,0.5413970461685211,2352.0,0.12915990315907339,NAV2,False,True,True,True,,,1.2286664891741714,11.498514175415039
5.7093340789997455,129.32704074171326,103.21481775120958,-0.2206089076745661,-0.1236061730257994,1.949385792296043,-0.07269436437477995,-0.15998808728315295,0.5562381983102842,1.9625649779988272,-0.14862498496256188,-0.2422134279883673,0.5413970461685211,0.196,0.388,-0.086,0.4346952955807091,0.48156946897506714,-0.07810117304325104,0.48156946897506714,0.5413970461685211,2352.0,0.12915990315907339,NAV2,False,True,True,True,,,1.2267407228399967,11.289728164672852
5.750379246999728,129.33046920366408,103.26228014204122,-0.23046824611956748,-0.1225364269876003,1.9857788617501846,-0.078659396570507,-0.16537816189150423,0.5588769665263097,1.9829590209657644,-0.153724143931021,-0.2459398904849638,0.5180453310280866,0.196,0.388,-0.086,0.4346952955807091,0.47856053709983826,-0.07785436511039734,0.47856053709983826,0.5180453310280866,2388.0,0.12888153477890862,NAV2,False,True,True,True,,,1.2275407773876597,11.289728164672852
5.795476199999939,129.33046920366408,103.26228014204122,-0.23046824611956748,-0.1225364269876003,2.0038609436756225,-0.08170910535467174,-0.1688578452272793,0.5598804927079687,2.0036611792625454,-0.1589833334090064,-0.24972235265823212,0.5255269485002646,-0.005,0.541,0.059,0.5410231048670657,0.47856053709983826,-0.07785436511039734,0.47856053709983826,0.5255269485002646,2285.0,0.12860316639874386,NAV2,False,True,True,True,,,1.2266700200896135,11.289728164672852
5.838773937000042,129.3361597189339,103.30945804685648,-0.24202392581217191,-0.12047308954631225,2.0220425528017203,-0.0848313428590631,-0.17183996266362245,0.5610089524188542,2.0235193089252115,-0.16410570051629664,-0.25335391627880927,0.5037622431266557,-0.005,0.541,0.059,0.5410231048670657,0.47856053709983826,-0.07785436511039734,0.47856053709983826,0.5037622431266557,2222.0,0.12888153477890862,NAV2,False,True,True,True,,,1.2256879220673749,11.289728164672852
5.880586807999862,129.3361597189339,103.30945804685648,-0.24202392581217191,-0.12047308954631225,2.039756991119124,-0.08793275741833731,-0.17444187831383218,0.5605693317137886,2.042793576372767,-0.1691505477699109,-0.256878300832282,0.49673405701642787,0.177,0.458,0.013,0.49101221980720605,0.4763656258583069,-0.08011722564697266,0.47856053709983826,0.49673405701642787,2191.0,0.12860316639874386,NAV2,False,True,True,True,,,1.2181334214320976,11.289728164672852
5.924432991999311,129.3393431920228,103.35866249418099,-0.2505171994607154,-0.12005055106884623,2.0751309135745135,-0.09426527322559243,-0.1793836162198019,0.5597247497593536,2.071239223368174,-0.1767285068471921,-0.2620857040070265,0.4901593022681502,0.177,0.458,0.013,0.49101221980720605,0.4763656258583069,-0.08011722564697266,0.4763656258583069,0.4901593022681502,2191.0,0.12860316639874386,NAV2,False,True,True,True,,,1.2123873140293953,11.289728164672852
5.965084518999902,129.3393431920228,103.35866249418099,-0.2505171994607154,-0.12005055106884623,2.092484343345464,-0.09745259878527096,-0.18259356123809223,0.558388384178269,2.090332475655173,-0.18190433293280592,-0.2655961393407834,0.4901593022681502,0.139,0.395,-0.002,0.4187433581562817,0.4763656258583069,-0.08011722564697266,0.4763656258583069,0.4901593022681502,2162.0,0.12888153477890862,NAV2,False,True,True,True,,,1.2094180409541557,11.289728164672852
6.009425108999494,129.3393431920228,103.35866249418099,-0.2505171994607154,-0.12005055106884623,2.1096010916783006,-0.10065201893104589,-0.18554654739070475,0.5567372806620442,2.1089295555239023,-0.18701442045662264,-0.2690149602360105,0.4772365084525699,0.139,0.395,-0.002,0.4187433581562817,0.47427117824554443,-0.08698306232690811,0.47427117824554443,0.4772365084525699,2105.0,0.12888153477890862,NAV2,False,True,True,True,,,1.206244935368372,11.289728164672852
6.051151515999663,129.342506208718,103.40731097023799,-0.25981036495932,-0.11979003630689096,2.143720352601549,-0.10716845987160757,-0.19021078418228576,0.5535336105347948,2.1270889959984203,-0.19207039067153706,-0.2723878332161092,0.4649938616799149,0.139,0.395,-0.002,0.4187433581562817,0.47427117824554443,-0.08698306232690811,0.47427117824554443,0.4649938616799149,2051.0,0.13027337667973235,NAV2,False,True,True,True,,,1.2073510021763234,11.289728164672852
6.095373199999813,129.342506208718,103.40731097023799,-0.25981036495932,-0.11979003630689096,2.1599784984965287,-0.11034866878595223,-0.19262348222338363,0.5501223913250949,2.145004016351194,-0.19712303086126534,-0.2757288300713504,0.45909925397456247,0.125,0.372,-0.048,0.39243980430124564,0.47427117824554443,-0.08698306232690811,0.47427117824554443,0.45909925397456247,2000.0,0.13055174505989708,NAV2,False,True,True,True,,,1.1982996523952225,11.080942153930664
6.1360831510000935,129.34782405630628,103.45332754644774,-0.2679413561872343,-0.11811250940711977,2.1769403827327336,-0.11369015404533594,-0.19481040225754276,0.5489049692682874,2.1621170070189675,-0.2020092167323967,-0.27892318274856154,0.44232229358240566,0.125,0.372,-0.048,0.39243980430124564,0.4731539785861969,-0.0935068428516388,0.47427117824554443,0.44232229358240566,1975.0,0.13055174505989708,NAV2,False,True,True,True,,,1.195070356817235,11.080942153930664
6.177101046999269,129.34782405630628,103.45332754644774,-0.2679413561872343,-0.11811250940711977,2.1925499043163685,-0.11682939812173286,-0.19712969341125897,0.5444650085968792,2.1793866109130597,-0.20700020616827025,-0.2821430876519861,0.44232229358240566,0.072,0.47,0.072,0.475482912416419,0.4731539785861969,-0.0935068428516388,0.4731539785861969,0.44232229358240566,1904.0,0.13027337667973235,NAV2,False,True,True,True,,,1.1927361617171734,11.080942153930664
6.2186120269998355,129.35046306239764,103.4991233370826,-0.275306744545031,-0.11844797365639052,2.2240358634789854,-0.12325767252353681,-0.2014629018429206,0.5373527501074045,2.1955892454586095,-0.21173709443388683,-0.285188637138135,0.42169116661367223,0.072,0.47,0.072,0.475482912416419,0.4731539785861969,-0.0935068428516388,0.4731539785861969,0.42169116661367223,1839.0,0.13138689674250476,NAV2,False,True,True,True,,,1.1916124354282005,11.080942153930664
6.258756626999457,129.35046306239764,103.4991233370826,-0.275306744545031,-0.11844797365639052,2.238535517037909,-0.12629437442154595,-0.20382795228994866,0.5314050722915622,2.211605142641643,-0.21647201437378563,-0.2882048736682764,0.4169301373131953,0.072,0.47,0.072,0.475482912416419,0.4730837941169739,-0.10003659874200821,0.4730837941169739,0.4169301373131953,1777.0,0.13138689674250476,NAV2,False,True,True,True,,,1.1935923703545428,11.080942153930664
6.299396897999941,129.35046306239764,103.4991233370826,-0.275306744545031,-0.11844797365639052,2.2527795510545485,-0.12931751229400248,-0.20633008513280293,0.525194120082945,2.2351055360807623,-0.22351497909242235,-0.2926721412278641,0.4074080787122414,0.111,0.33,-0.072,0.34816806286619684,0.4730837941169739,-0.10003659874200821,0.4730837941169739,0.4169301373131953,1797.0,0.1330569673971531,NAV2,False,True,True,True,,,1.1872493042867427,11.080942153930664
6.3395749199999045,129.3507087344483,103.54470360982592,-0.2832998253654284,-0.12080277852447702,2.2682636159413585,-0.13260721723437255,-0.20876136949551327,0.5225280850814848,2.25063117793468,-0.22823095081674946,-0.29563861716266054,0.4074080787122414,0.111,0.33,-0.072,0.34816806286619684,0.4730837941169739,-0.10003659874200821,0.4730837941169739,0.40287376509273953,1797.0,0.1330569673971531,NAV2,False,True,True,True,,,1.181994233104442,11.080942153930664
6.379718797999885,129.3507087344483,103.54470360982592,-0.2832998253654284,-0.12080277852447702,2.2821860934499787,-0.13563934679095468,-0.21104037046361768,0.5162178432580499,2.2657066660137084,-0.23285804701124307,-0.2985216376640421,0.3985661671542128,0.085,0.399,-0.021,0.4079534287146022,0.47459593415260315,-0.10594435781240463,0.47459593415260315,0.3899509712771592,1758.0,0.1330569673971531,NAV2,False,True,True,True,,,1.179995533086702,11.080942153930664
6.423710144999859,129.35109236206,103.58796324991877,-0.29118642874722406,-0.1230261941294474,2.3102414078074887,-0.14181951921385522,-0.21538457462056296,0.5063869166891407,2.2808402924655353,-0.23755104386718426,-0.30143029548937694,0.40287376509273953,0.085,0.399,-0.021,0.4079534287146022,0.47459593415260315,-0.10594435781240463,0.47459593415260315,0.40287376509273953,1777.0,0.1341704409178121,NAV2,False,True,True,True,,,1.1756857233694216,11.080942153930664
6.463815419999264,129.35109236206,103.58796324991877,-0.29118642874722406,-0.1230261941294474,2.323762914462347,-0.14485926356602602,-0.21786600485278831,0.5008381147032329,2.297201118035631,-0.24268034329382407,-0.3045966732344538,0.43166665657657627,0.129,0.371,-0.028,0.3927874743420416,0.47459593415260315,-0.10594435781240463,0.47459593415260315,0.43166665657657627,1904.0,0.13444885584009023,NAV2,False,True,True,True,,,1.1709378687494543,11.080942153930664
6.50421501099936,129.35109236206,103.58796324991877,-0.29118642874722406,-0.1230261941294474,2.337958656540038,-0.1480642499235312,-0.2202622571121138,0.49699239612791885,2.3136545187211834,-0.24789622752388213,-0.3077841634526035,0.43166665657657627,0.129,0.371,-0.028,0.3927874743420416,0.4770917296409607,-0.11002272367477417,0.4770917296409607,0.43166665657657627,1904.0,0.13444885584009023,NAV2,False,True,True,True,,,1.1689993739610485,11.080942153930664
6.544511686999613,129.3515621064179,103.63133808776583,-0.2996126678131166,-0.12539231886705543,2.353050489911496,-0.1514795809758229,-0.22230117106099326,0.49526231499601453,2.330144854586418,-0.2531819717911612,-0.3109948433582577,0.4368811172390034,0.129,0.371,-0.028,0.3927874743420416,0.4770917296409607,-0.11002272367477417,0.4770917296409607,0.4368811172390034,1975.0,0.13556223627652247,NAV2,False,True,True,True,,,1.167822182861121,11.080942153930664
6.595403282000007,129.3515621064179,103.63133808776583,-0.2996126678131166,-0.12539231886705543,2.3736437790208496,-0.1564518655810327,-0.22703631549195968,0.47310576282814765,2.347293177358752,-0.2587415872800078,-0.31435724236248364,0.4534313619501852,0.262,0.313,-0.021,0.40818255719714436,0.4770917296409607,-0.11002272367477417,0.4770917296409607,0.4534313619501852,2051.0,0.13611897303685191,NAV2,False,True,True,True,,,1.160105190205213,11.080942153930664
6.635490845999811,129.3566042456175,103.67260905994301,-0.30743850269313233,-0.12339817664784819,2.3876356403660406,-0.159738149850703,-0.23007110779409157,0.47045820370086877,2.364530138016712,-0.264394628946409,-0.31775742869577933,0.44232229358240566,0.262,0.313,-0.021,0.40818255719714436,0.47997647523880005,-0.11456876248121262,0.4770917296409607,0.44232229358240566,1975.0,0.1366757097971814,NAV2,False,True,True,True,,,1.1603120945627081,11.080942153930664
6.679560226999456,129.3566042456175,103.67260905994301,-0.30743850269313233,-0.12339817664784819,2.3975648586517053,-0.16221660028808013,-0.23317688010159054,0.45966355099425904,2.3903247629338624,-0.2729765161000883,-0.32291085580091905,0.4534313619501852,0.165,0.421,0.048,0.45217916802966496,0.47997647523880005,-0.11456876248121262,0.47997647523880005,0.4534313619501852,2000.0,0.1375107683955623,NAV2,False,True,True,True,,,1.1536351340441453,11.080942153930664
6.719617334999384,129.3634748849581,103.71425574279604,-0.315647184747696,-0.11993749586267657,2.42573207342768,-0.16901509209114518,-0.23842369372497174,0.45567593356924446,2.407115024081906,-0.2786435399734826,-0.3263829406041066,0.44232229358240566,0.165,0.421,0.048,0.45217916802966496,0.47997647523880005,-0.11456876248121262,0.47997647523880005,0.44232229358240566,1951.0,0.14335636475268185,NAV2,False,True,True,True,,,1.152473005437568,11.080942153930664
6.759728134999932,129.3634748849581,103.71425574279604,-0.315647184747696,-0.11993749586267657,2.438958996449816,-0.17227788369989405,-0.24046976461994476,0.4508937704487813,2.42377435639753,-0.2843308326834897,-0.32985151793763917,0.44232229358240566,0.165,0.421,0.048,0.45217916802966496,0.48262038826942444,-0.11573759466409683,0.48262038826942444,0.4368811172390034,1951.0,0.14335636475268185,NAV2,False,True,True,True,,,1.151933227551764,11.080942153930664
6.799783077999564,129.3634748849581,103.71425574279604,-0.315647184747696,-0.11993749586267657,2.452282934275326,-0.17557591109950135,-0.24235837233246513,0.4468698343980719,2.440243190770488,-0.2900168497545645,-0.33330693669511435,0.44232229358240566,0.184,0.396,0.002,0.4366600508404679,0.48262038826942444,-0.11573759466409683,0.48262038826942444,0.44232229358240566,1951.0,0.14474816011139222,NAV2,False,True,True,True,,,1.1452802751981115,11.080942153930664
6.841062298999532,129.36959306922324,103.75625933039555,-0.321863255538009,-0.11760879799782958,2.466561179838339,-0.1791234982818548,-0.24479111348236593,0.4459162218842506,2.457720334673449,-0.2961218785483922,-0.3369854682750616,0.4708884693852673,0.184,0.396,0.002,0.4366600508404679,0.48262038826942444,-0.11573759466409683,0.48262038826942444,0.4534313619501852,2077.0,0.14474816011139222,NAV2,False,True,True,True,,,1.1452583801568206,10.87215518951416
6.883208669999476,129.36959306922324,103.75625933039555,-0.321863255538009,-0.11760879799782958,2.4977345675988403,-0.18698213392819335,-0.2515960165354558,0.455151413374914,2.475483018908871,-0.30240155072465175,-0.34076725658427715,0.4772365084525699,0.304,0.326,-0.105,0.44574880818685314,0.48409348726272583,-0.11793310940265656,0.48409348726272583,0.4772365084525699,2105.0,0.14725352207498832,NAV2,False,True,True,True,,,1.1379493503827687,10.87215518951416
6.924961918000008,129.37958920038207,103.79628626976599,-0.3293331051279216,-0.11110196052822263,2.5130279644595377,-0.1909227635538009,-0.2543561693117775,0.45796799324842025,2.493565675813036,-0.3088731447164313,-0.34466120119163596,0.48358454751987245,0.304,0.326,-0.105,0.44574880818685314,0.48409348726272583,-0.11793310940265656,0.48409348726272583,0.48358454751987245,2162.0,0.1483669025114206,NAV2,False,True,True,True,,,1.1355962881932924,10.87215518951416
6.965271635000136,129.37958920038207,103.79628626976599,-0.3293331051279216,-0.11110196052822263,2.5291445897465215,-0.19512041905186212,-0.25651147379076994,0.46516734917755403,2.5123889407220017,-0.3156956357855753,-0.34874644341613326,0.4901593022681502,0.139,0.46,-0.081,0.48054240187521435,0.48409348726272583,-0.11793310940265656,0.48409348726272583,0.4901593022681502,2253.0,0.14948032948996617,NAV2,False,True,True,True,,,1.1345753663689495,10.87215518951416
7.009380079999573,129.37958920038207,103.79628626976599,-0.3293331051279216,-0.11110196052822263,2.545569722475766,-0.19945060223391534,-0.25886076384948925,0.47412756079383284,2.53103408721451,-0.3225398862545995,-0.35283176145271866,0.5037622431266557,0.139,0.46,-0.081,0.48054240187521435,0.4839134216308594,-0.11909449100494385,0.4839134216308594,0.5037622431266557,2222.0,0.15059375646851178,NAV2,False,True,True,True,,,1.1286636768417246,10.87215518951416
7.050572735999594,129.39071382950624,103.8369480736115,-0.3344633555908518,-0.1040858973641652,2.577784304467989,-0.20810340048753434,-0.2657380822309033,0.48482822115690594,2.5499390738394716,-0.32956874942673203,-0.357006297502076,0.5037622431266557,0.139,0.46,-0.081,0.48054240187521435,0.4839134216308594,-0.11909449100494385,0.4839134216308594,0.5037622431266557,2222.0,0.1514288616090061,NAV2,False,True,True,True,,,1.1293381153961284,10.87215518951416
7.095529913000064,129.39071382950624,103.8369480736115,-0.3344633555908518,-0.1040858973641652,2.5942412332499747,-0.2126139001041693,-0.2685159055872388,0.49170986248197357,2.5690625603836557,-0.3367710090056747,-0.3612508244769037,0.5180453310280866,0.102,0.495,-0.043,0.5053998417095122,0.4839134216308594,-0.11909449100494385,0.4839134216308594,0.5180453310280866,2253.0,0.1519855983693355,NAV2,False,True,True,True,,,1.1227755051330994,10.87215518951416
7.135945332000119,129.40277708175384,103.878051996632,-0.340316187156819,-0.09684794894226195,2.61038089020793,-0.21706798261423346,-0.27031029187798206,0.4947174211645371,2.58813999700279,-0.34404896664547885,-0.365521939862856,0.5107904292368836,0.102,0.495,-0.043,0.5053998417095122,0.48265016078948975,-0.12017585337162018,0.4839134216308594,0.5107904292368836,2191.0,0.15309907188999453,NAV2,False,True,True,True,,,1.1226040419195389,10.87215518951416
7.178769461999764,129.40277708175384,103.878051996632,-0.340316187156819,-0.09684794894226195,2.6266768110533762,-0.22160949301787022,-0.2730611388455561,0.4973554469292244,2.606920327131441,-0.3513050154029139,-0.3697556202664854,0.5037622431266557,0.175,0.434,0.058,0.4679540575740315,0.48265016078948975,-0.12017585337162018,0.48265016078948975,0.5037622431266557,2253.0,0.15393417703048876,NAV2,False,True,True,True,,,1.1231106136514983,10.87215518951416
7.21903300699978,129.41323443487792,103.9195924891345,-0.3480620798513279,-0.09244044845234323,2.6590343053393988,-0.23078568374584302,-0.27970357564294535,0.5023535677945669,2.6258136649343604,-0.3586976581499372,-0.3740404290611829,0.5107904292368836,0.175,0.434,0.058,0.4679540575740315,0.48265016078948975,-0.12017585337162018,0.48265016078948975,0.5107904292368836,2253.0,0.1544908672487049,NAV2,False,True,True,True,,,1.1200767898984765,10.87215518951416
7.260145620000003,129.41323443487792,103.9195924891345,-0.3480620798513279,-0.09244044845234323,2.6752669279523165,-0.2354692597006685,-0.28260243752172975,0.5041210037942174,2.65401168177452,-0.3699054215730511,-0.38046009197168773,0.49673405701642787,0.175,0.434,0.058,0.4679540575740315,0.4808768033981323,-0.12158519774675369,0.4808768033981323,0.5037622431266557,2191.0,0.15476918908675624,NAV2,False,True,True,True,,,1.1217407530640167,10.87215518951416
7.301991786000144,129.41323443487792,103.9195924891345,-0.3480620798513279,-0.09244044845234323,2.691296480086125,-0.24013476824059365,-0.28513044118108116,0.5038030848652437,2.6723465249482685,-0.37730549095516663,-0.3846648157163457,0.4901593022681502,0.19,0.502,-0.019,0.5367532021329728,0.4808768033981323,-0.12158519774675369,0.4808768033981323,0.4901593022681502,2222.0,0.15588266260741526,NAV2,False,True,True,True,,,1.1148620246513197,10.87215518951416
7.345370222999918,129.42694736596013,103.96151209655531,-0.3530846793471305,-0.08502921582450435,2.7072083309881116,-0.24480219229571828,-0.28725158901084935,0.5026151575430315,2.6908907895081673,-0.38488197203331187,-0.3889323423880295,0.49673405701642787,0.19,0.502,-0.019,0.5367532021329728,0.4808768033981323,-0.12158519774675369,0.4808768033981323,0.49673405701642787,2222.0,0.15588266260741526,NAV2,False,True,True,True,,,1.1090310364358271,10.901663780212402
7.395337457999631,129.42694736596013,103.96151209655531,-0.3530846793471305,-0.08502921582450435,2.7391869441113723,-0.2543310546337258,-0.2932024412326384,0.5024445570433095,2.709373908818019,-0.39252556992679366,-0.3931932571351482,0.49673405701642787,0.194,0.534,-0.014,0.5681478680766127,0.4791490435600281,-0.12153062224388123,0.4791490435600281,0.49673405701642787,2191.0,0.15588266260741526,NAV2,False,True,True,True,,,1.1023395358651484,10.901663780212402
7.435450149999269,129.4480911279283,104.00584311380833,-0.35351013990672087,-0.06997602769553317,2.755137346796668,-0.25916313512463296,-0.29635747042591065,0.502254472775795,2.7278399947536984,-0.40025440603198503,-0.3974541621999773,0.5037622431266557,0.194,0.534,-0.014,0.5681478680766127,0.4791490435600281,-0.12153062224388123,0.4791490435600281,0.5037622431266557,2285.0,0.15588266260741526,NAV2,False,True,True,True,,,1.103679883693569,10.901663780212402
7.475572785999248,129.4480911279283,104.00584311380833,-0.35351013990672087,-0.06997602769553317,2.7713932321922856,-0.2641511419050413,-0.29880145697176097,0.5050404872233107,2.7470612626960516,-0.40839892270319295,-0.401901338587786,0.5180453310280866,0.135,0.305,0.049,0.3335416016031583,0.47744759917259216,-0.12132997065782547,0.4791490435600281,0.5180453310280866,2222.0,0.15588266260741526,NAV2,False,True,True,True,,,1.097857308185398,10.69381046295166
7.516434170999673,129.4480911279283,104.00584311380833,-0.35351013990672087,-0.06997602769553317,2.8038395179417233,-0.27423566833895985,-0.3044417425703294,0.5080408344620517,2.7655452483835536,-0.41632551028901066,-0.40618582393234165,0.5107904292368836,0.135,0.305,0.049,0.3335416016031583,0.47744759917259216,-0.12132997065782547,0.47744759917259216,0.5107904292368836,2191.0,0.15588266260741526,NAV2,False,True,True,True,,,1.0904726835347647,10.69381046295166
7.560996580999927,129.47575857939867,104.04803885085578,-0.349128625639679,-0.04798954454730138,2.8196631035710453,-0.2792189506843133,-0.30813096212600044,0.5058274641375673,2.7932462767116015,-0.4283809453680414,-0.412621665887526,0.4901593022681502,0.135,0.305,0.049,0.3335416016031583,0.47744759917259216,-0.12132997065782547,0.47744759917259216,0.49673405701642787,2162.0,0.15588266260741526,NAV2,False,True,True,True,,,1.0863913248749635,10.69381046295166
7.60496059199977,129.47575857939867,104.04803885085578,-0.349128625639679,-0.04798954454730138,2.8352719230794823,-0.2841843934320791,-0.31173393396635335,0.5024497231270426,2.8104876327111246,-0.4359903260656825,-0.4166364468469529,0.4772365084525699,0.492,0.607,-0.024,0.781353313168889,0.47744759917259216,-0.12132997065782547,0.47744759917259216,0.4772365084525699,2105.0,0.15588266260741526,NAV2,False,True,True,True,,,1.0809252398035127,10.69381046295166
7.645007785999951,129.51059430111283,104.08805599059694,-0.3410257674554291,-0.018368788025333906,2.850846900399505,-0.2891854622470399,-0.3137673101341938,0.4995962172532352,2.827893501866563,-0.44375670226727043,-0.42070032099494636,0.4772365084525699,0.492,0.607,-0.024,0.781353313168889,0.4755461513996124,-0.12130406498908997,0.4755461513996124,0.4772365084525699,2000.0,0.1561610775296934,NAV2,False,True,True,True,,,1.0823642555407864,10.69381046295166
7.695389493999755,129.51059430111283,104.08805599059694,-0.3410257674554291,-0.018368788025333906,2.880603614172398,-0.29884915804085255,-0.3198811975069736,0.4853496730465632,2.844605710194744,-0.451292786640072,-0.4246057937870854,0.45909925397456247,0.281,0.453,-0.065,0.5330759795751446,0.4755461513996124,-0.12130406498908997,0.4755461513996124,0.45909925397456247,2077.0,0.15588266260741526,NAV2,False,True,True,True,,,1.078160340873007,10.69381046295166
7.735479212999962,129.54820700743954,104.13318873813373,-0.3325692269923887,0.010687909492497177,2.8957398531021585,-0.3038667733501933,-0.3227465880668743,0.4835955453920026,2.8614664120817963,-0.45897584875820335,-0.42855300585220685,0.45909925397456247,0.281,0.453,-0.065,0.5330759795751446,0.4733535051345825,-0.1216014102101326,0.4755461513996124,0.45909925397456247,2051.0,0.15588266260741526,NAV2,False,True,True,True,,,1.070691713674893,10.69381046295166
7.776349177999691,129.54820700743954,104.13318873813373,-0.3325692269923887,0.010687909492497177,2.910394025295374,-0.30875689533560624,-0.32552884471410254,0.47841415740434123,2.878748340244636,-0.4669350982004775,-0.4326098751764839,0.4772365084525699,0.159,0.292,-0.078,0.33248308227637685,0.4733535051345825,-0.1216014102101326,0.4733535051345825,0.4772365084525699,2000.0,0.1561610775296934,NAV2,False,True,True,True,,,1.0690473760258987,10.69381046295166
7.81652971099993,129.54820700743954,104.13318873813373,-0.3325692269923887,0.010687909492497177,2.9398560434663907,-0.31875786218945995,-0.33181748505773356,0.47288511012625495,2.8951233598782284,-0.4745546906406269,-0.4364941121817063,0.45909925397456247,0.159,0.292,-0.078,0.33248308227637685,0.4733535051345825,-0.1216014102101326,0.4733535051345825,0.45909925397456247,2105.0,0.15810951656450647,NAV2,False,True,True,True,,,1.064579999556413,10.69381046295166
7.859400653999728,129.5826138432854,104.17614959335026,-0.33040470134749356,0.03275413912255669,2.954906103018109,-0.3239589984257354,-0.334109147503554,0.4739085856368639,2.912402198782342,-0.4826815097702048,-0.44068779411980513,0.4772365084525699,0.159,0.292,-0.078,0.33248308227637685,0.4733535051345825,-0.1216014102101326,0.4733535051345825,0.4772365084525699,2025.0,0.16172825896453485,NAV2,False,True,True,True,,,1.065809194844778,10.69381046295166
7.899509328999557,129.5826138432854,104.17614959335026,-0.33040470134749356,0.03275413912255669,2.9692203172211293,-0.3289108442156961,-0.3361364736488137,0.46870496465524225,2.9369819754501405,-0.494396000727347,-0.44677307589773574,0.4534313619501852,0.262,0.413,-0.07,0.48909406048325715,0.4708509147167206,-0.12375365197658539,0.4708509147167206,0.4534313619501852,2000.0,0.165068586442285,NAV2,False,True,True,True,,,1.0624850787850566,10.69381046295166
7.939625250000063,129.61160258471867,104.21702278086184,-0.33446248499202547,0.04518580726710783,2.9837363346601835,-0.333983008466394,-0.3382188580593412,0.4665460250945313,2.9533396306188564,-0.5022952601016177,-0.4509221793091695,0.4534313619501852,0.262,0.413,-0.07,0.48909406048325715,0.4708509147167206,-0.12375365197658539,0.4708509147167206,0.4534313619501852,2000.0,0.1670171185613249,NAV2,False,True,True,True,,,1.0572808385195427,10.69381046295166
7.979851098999461,129.61160258471867,104.21702278086184,-0.33446248499202547,0.04518580726710783,2.998003469948577,-0.33899865066145485,-0.3405431446577527,0.4631259293693864,2.9691392334581352,-0.5100043307056842,-0.4549504859952495,0.4368811172390034,0.097,0.305,-0.078,0.3200531205909419,0.4683913290500641,-0.12561333179473877,0.4683913290500641,0.44232229358240566,1927.0,0.16813063862409727,NAV2,False,True,True,True,,,1.0553356724994203,10.69381046295166
8.0201164099999,129.61160258471867,104.21702278086184,-0.33446248499202547,0.04518580726710783,3.026240800699365,-0.3490488515990767,-0.3460382959590454,0.45700673998480046,2.9773633979635235,-0.5140488840983422,-0.4570572347388777,0.45909925397456247,0.097,0.305,-0.078,0.3200531205909419,0.4683913290500641,-0.12561333179473877,0.4683913290500641,0.45909925397456247,1927.0,0.16868728230020003,NAV2,False,True,True,True,,,1.05050675018221,10.69381046295166
8.060703950000061,129.64030283225375,104.25380895619156,-0.34321931762681324,0.05498641703410641,3.039723361437566,-0.35388953655787364,-0.34874101426701914,0.44972165381898555,3.0003734274226472,-0.5254793538040011,-0.4630574566263954,0.42169116661367223,0.097,0.305,-0.078,0.3200531205909419,0.4683913290500641,-0.12561333179473877,0.4683913290500641,0.42169116661367223,1860.0,0.17174928793989888,NAV2,False,True,True,True,,,1.0485091458462967,10.69381046295166
8.100771751999673,129.64030283225375,104.25380895619156,-0.34321931762681324,0.05498641703410641,3.0531077150071195,-0.3587399253273447,-0.3511272848887943,0.44372892580387724,3.0159298064277884,-0.53330702149007,-0.4672354727531912,0.43166665657657627,0.187,0.378,0.006,0.4217262145041496,0.4683913290500641,-0.12561333179473877,0.4683913290500641,0.43166665657657627,1904.0,0.17675987224075096,NAV2,False,True,True,True,,,1.0423859656239607,10.69381046295166
8.144615511999291,129.6689641291526,104.28957498165957,-0.3547582687603974,0.06257709801462917,3.066821675608891,-0.36376704055345316,-0.35354178256374835,0.4415787794059938,3.031098687652651,-0.5410181919921133,-0.47133328433250127,0.42169116661367223,0.187,0.378,0.006,0.4217262145041496,0.4664849638938904,-0.1266329437494278,0.4664849638938904,0.42169116661367223,1927.0,0.17703814753668895,NAV2,False,True,True,True,,,1.040143909439077,10.69381046295166
8.185946671999773,129.6689641291526,104.28957498165957,-0.3547582687603974,0.06257709801462917,3.0937559814834317,-0.3737512758010396,-0.3587744355881109,0.4357075079565584,3.0464427661244127,-0.5488984753201576,-0.47548399723372087,0.4266789115951242,0.103,0.503,-0.007,0.5134374353317062,0.4664849638938904,-0.1266329437494278,0.4664849638938904,0.4266789115951242,1927.0,0.17703814753668895,NAV2,False,True,True,True,,,1.0379050126712457,10.69381046295166
8.23548400099935,129.69463047323163,104.325508317524,-0.36894661514822014,0.06558163330465624,3.107352433344326,-0.37886475864273017,-0.36156954612221703,0.4352017820156314,3.062030249081069,-0.5569869722801127,-0.47972267845658506,0.44232229358240566,0.103,0.503,-0.007,0.5134374353317062,0.46535736322402954,-0.12755261361598969,0.4664849638938904,0.44232229358240566,1927.0,0.17787329921929657,NAV2,False,True,True,True,,,1.03117927567241,10.485915184020996
8.27557411899943,129.69463047323163,104.325508317524,-0.36894661514822014,0.06558163330465624,3.1210632182236426,-0.3840739260546663,-0.36469193845900355,0.43561845350370715,3.077677146710644,-0.5651915307898133,-0.4840158992673899,0.4368811172390034,0.116,0.354,0.015,0.3725211403397128,0.46535736322402954,-0.12755261361598969,0.46535736322402954,0.4368811172390034,2000.0,0.17870835781767738,NAV2,False,True,True,True,,,1.0262522846337871,10.485915184020996
8.316940542999873,129.69463047323163,104.325508317524,-0.36894661514822014,0.06558163330465624,3.14877063892328,-0.3947364054690099,-0.3693138244994638,0.43906400781521654,3.0935269790546522,-0.5735904492037578,-0.48837476758151166,0.4534313619501852,0.116,0.354,0.015,0.3725211403397128,0.46535736322402954,-0.12755261361598969,0.46535736322402954,0.4534313619501852,2077.0,0.17870835781767738,NAV2,False,True,True,True,,,1.0237668040611063,10.485915184020996
8.359426254000027,129.71821919501738,104.3606558570345,-0.3867804200030091,0.06459366541851368,3.1638187747181234,-0.40062472985541997,-0.37120292000140775,0.449839061136999,3.110565874612493,-0.5827203928430307,-0.4930721754857447,0.49673405701642787,0.116,0.354,0.015,0.3725211403397128,0.46535736322402954,-0.12755261361598969,0.46535736322402954,0.49673405701642787,2162.0,0.17870835781767738,NAV2,False,True,True,True,,,1.0227707235851269,10.485915184020996
8.400831664999714,129.71821919501738,104.3606558570345,-0.3867804200030091,0.06459366541851368,3.1790570924819335,-0.4066203654127718,-0.3738430265311572,0.45953305334654937,3.128377155258375,-0.5923761768416245,-0.4980028073090426,0.4901593022681502,0.323,0.305,-0.094,0.44424542766358327,0.46472322940826416,-0.1290740817785263,0.46472322940826416,0.4901593022681502,2133.0,0.17898672619784217,NAV2,False,True,True,True,,,1.016317676942532,10.485915184020996
8.445292551999955,129.7442213298884,104.39455846880055,-0.4020381931108821,0.06633803571782211,3.193654889894753,-0.4123864252138514,-0.3774898736938659,0.4625612236684317,3.1533529882128972,-0.6061065231202402,-0.5049775389564881,0.4901593022681502,0.323,0.305,-0.094,0.44424542766358327,0.46472322940826416,-0.1290740817785263,0.46472322940826416,0.4901593022681502,2105.0,0.18065684339460383,NAV2,False,True,True,True,,,1.0129756542004817,10.485915184020996
8.495540437999807,129.7442213298884,104.39455846880055,-0.4020381931108821,0.06633803571782211,3.2235139515413174,-0.4243549627815948,-0.38388699683916583,0.47069555844679495,3.170096688055026,-0.6154400268295851,-0.5097016448657175,0.4772365084525699,0.284,0.373,-0.012,0.4688123291894103,0.4642433822154999,-0.13026300072669983,0.4642433822154999,0.4772365084525699,2077.0,0.18149194853509817,NAV2,False,True,True,True,,,1.0091197359720572,10.485915184020996
8.539295187999414,129.78206973709902,104.42589175586286,-0.41075521700674145,0.081678496270985,3.2380589129093837,-0.43024301103138485,-0.38669604496124643,0.470757668443997,3.186505972634825,-0.6246874993916788,-0.5143507296467289,0.4708884693852673,0.284,0.373,-0.012,0.4688123291894103,0.4642433822154999,-0.13026300072669983,0.4642433822154999,0.4708884693852673,2000.0,0.1817703169152629,NAV2,False,True,True,True,,,1.005414105260179,10.485915184020996
8.579612586999247,129.78206973709902,104.42589175586286,-0.41075521700674145,0.081678496270985,3.2523171041030414,-0.4360597041878097,-0.3899774568705658,0.46851446075668784,3.2024485599250867,-0.6337680394662843,-0.5188825931765026,0.4649938616799149,0.107,0.293,-0.014,0.311926273340352,0.4642433822154999,-0.13026300072669983,0.4642433822154999,0.4649938616799149,2105.0,0.1817703169152629,NAV2,False,True,True,True,,,1.0014353934966358,10.485915184020996
8.619711682999878,129.82291271472891,104.45459409972439,-0.41916237732866607,0.09893080564515992,3.2811970140682636,-0.448018814831369,-0.39620015035649825,0.46870037892305644,3.226663864744886,-0.6477460750476198,-0.5258325273677154,0.4534313619501852,0.107,0.293,-0.014,0.311926273340352,0.4642433822154999,-0.13026300072669983,0.4642433822154999,0.4534313619501852,2000.0,0.18316220535820002,NAV2,False,True,True,True,,,0.995173855557508,10.485915184020996
8.660024885999519,129.82291271472891,104.45459409972439,-0.41916237732866607,0.09893080564515992,3.2953145014383205,-0.45393242865675687,-0.39914381187027326,0.46643532381481984,3.2429210554912196,-0.6572572452448882,-0.530522623200667,0.4772365084525699,0.107,0.293,-0.014,0.311926273340352,0.46354085206985474,-0.1316664069890976,0.46354085206985474,0.4649938616799149,2105.0,0.18316220535820002,NAV2,False,True,True,True,,,0.9960800820407314,10.485915184020996
8.702174669999295,129.82291271472891,104.45459409972439,-0.41916237732866607,0.09893080564515992,3.3100468545469846,-0.46018299145050867,-0.40272929264665785,0.4699105728364799,3.259496176524297,-0.6670610594445423,-0.5353317346957865,0.48358454751987245,0.252,0.351,-0.05,0.4320937398296809,0.46354085206985474,-0.1316664069890976,0.46354085206985474,0.48358454751987245,2162.0,0.1839972639565809,NAV2,False,True,True,True,,,0.9910237983425368,10.485915184020996
8.745229602999643,129.856800420442,104.4829340501321,-0.43473618780273515,0.10620353217672489,3.324676543872986,-0.4664446603668108,-0.4065938416493151,0.4717438191721876,3.2762179507424487,-0.6770615827250609,-0.5402046420495884,0.48358454751987245,0.252,0.351,-0.05,0.4320937398296809,0.4624972939491272,-0.13288520276546478,0.4624972939491272,0.48358454751987245,2105.0,0.1839972639565809,NAV2,False,True,True,True,,,0.9882579846506647,10.485915184020996
8.78878198899929,129.856800420442,104.4829340501321,-0.43473618780273515,0.10620353217672489,3.354181234062103,-0.4792649619192618,-0.413313832136561,0.47603398043264084,3.2925885277404725,-0.6869593225282857,-0.5450026975980787,0.4772365084525699,0.171,0.454,-0.013,0.48513606338840654,0.4624972939491272,-0.13288520276546478,0.4624972939491272,0.4772365084525699,2222.0,0.18538905931529126,NAV2,False,True,True,True,,,0.9800726110001983,10.485915184020996
8.835387584999808,129.8849360481888,104.51152920799889,-0.4554941031059916,0.10544076136480555,3.3691784465731165,-0.485869714611939,-0.41611973257909973,0.4798138358380392,3.3095150901303594,-0.6973100827106076,-0.5501401523333552,0.4901593022681502,0.171,0.454,-0.013,0.48513606338840654,0.4624972939491272,-0.13288520276546478,0.4624972939491272,0.4901593022681502,2105.0,0.19346150962950207,NAV2,False,True,True,True,,,0.9826277448724182,10.485915184020996
8.875637485999505,129.8849360481888,104.51152920799889,-0.4554941031059916,0.10544076136480555,3.3839306025364237,-0.4924121126668018,-0.419250736806986,0.48085729909188957,3.325723236501658,-0.7073364800151826,-0.5552730620678196,0.45909925397456247,0.079,0.435,-0.023,0.44211536955867076,0.4610391855239868,-0.13435736298561096,0.4624972939491272,0.45909925397456247,2077.0,0.1995855209088997,NAV2,False,True,True,True,,,0.9788865342278311,10.485915184020996
8.916492018000099,129.8849360481888,104.51152920799889,-0.4554941031059916,0.10544076136480555,3.4123569288687214,-0.5051549411451055,-0.425894284616498,0.4757115769218922,3.3413678573856536,-0.7171234088220106,-0.5602631035469792,0.4649938616799149,0.079,0.435,-0.023,0.44211536955867076,0.4610391855239868,-0.13435736298561096,0.4610391855239868,0.4649938616799149,2025.0,0.19986388928906448,NAV2,False,True,True,True,,,0.9728891426743689,10.485915184020996
8.960814396999922,129.90471033049099,104.53927008807159,-0.48145425642314565,0.09536050153277732,3.426147940881996,-0.5114140225662366,-0.42926175482305773,0.4709377879216749,3.3644385378044754,-0.7317577711882077,-0.5678174060467779,0.44232229358240566,0.079,0.435,-0.023,0.44211536955867076,0.4610391855239868,-0.13435736298561096,0.4610391855239868,0.4534313619501852,1951.0,0.20487442704780318,NAV2,False,True,True,True,,,0.9684747656298015,10.277915000915527
9.002640099000018,129.90471033049099,104.53927008807159,-0.48145425642314565,0.09536050153277732,3.4392990066224516,-0.5174209958403029,-0.43294616705489647,0.46183467326154465,3.3784682358681675,-0.7407764231878624,-0.5724812030203621,0.42169116661367223,0.202,0.408,-0.111,0.45526695465407985,0.45929136872291565,-0.13506865501403809,0.45929136872291565,0.42169116661367223,1927.0,0.20682291262472965,NAV2,False,True,True,True,,,0.9637480827229049,10.277915000915527
9.045025575999716,129.9206588406015,104.56995378631932,-0.508666452371648,0.08119199901987224,3.452579268654457,-0.5235525301910281,-0.4359038559244674,0.45640066471699914,3.3932981751571387,-0.7504119851064102,-0.5774265758503906,0.44776346992580784,0.202,0.408,-0.111,0.45526695465407985,0.45929136872291565,-0.13506865501403809,0.45929136872291565,0.44776346992580784,2025.0,0.20682291262472965,NAV2,False,True,True,True,,,0.963338251276037,10.277915000915527
9.086668068999643,129.9206588406015,104.56995378631932,-0.508666452371648,0.08119199901987224,3.479680522972765,-0.536230305105332,-0.44089148973265685,0.45332257960893724,3.4093183813183785,-0.7609411285090298,-0.5827907618535927,0.4534313619501852,0.202,0.377,-0.071,0.42770667518756356,0.45929136872291565,-0.13506865501403809,0.45929136872291565,0.4534313619501852,2025.0,0.20710118792066762,NAV2,False,True,True,True,,,0.9612524173429917,10.277915000915527
9.135355063000134,129.93299343315002,104.6030019733603,-0.5347967095392221,0.0637770575746731,3.493426096715865,-0.5427503413608952,-0.44532902545177366,0.453808176200441,3.424210598157309,-0.7708380887524813,-0.5877972896902407,0.4772365084525699,0.202,0.377,-0.071,0.42770667518756356,0.4572230875492096,-0.13674747943878174,0.45929136872291565,0.4772365084525699,2077.0,0.20710118792066762,NAV2,False,True,True,True,,,0.9565149451976342,10.277915000915527
9.175753038000039,129.93299343315002,104.6030019733603,-0.5347967095392221,0.0637770575746731,3.5077209049509115,-0.5496191577217789,-0.4498492480814135,0.4585231386333699,3.4397692270912903,-0.7812943799060538,-0.5930323854534199,0.4649938616799149,0.147,0.335,-0.011,0.36583329536825926,0.4572230875492096,-0.13674747943878174,0.4572230875492096,0.4649938616799149,2133.0,0.20626622240651357,NAV2,False,True,True,True,,,0.9501253113342424,10.277915000915527
9.216429951999999,129.93299343315002,104.6030019733603,-0.5347967095392221,0.0637770575746731,3.5361890243984293,-0.5634807492155687,-0.4564188596367673,0.4650997093063355,3.455676961451886,-0.7921088758884858,-0.598400844844789,0.48358454751987245,0.147,0.335,-0.011,0.36583329536825926,0.4572230875492096,-0.13674747943878174,0.4572230875492096,0.48358454751987245,2077.0,0.20654454424456492,NAV2,False,True,True,True,,,0.9450837034151562,10.277915000915527
9.258811607999633,129.9422501175903,104.63608877486897,-0.5644771494150849,0.04408809515342277,3.5505055387725557,-0.5705563416515709,-0.461271487142926,0.4681565198173522,3.4713938915846656,-0.8029169046921056,-0.6037346630830105,0.48358454751987245,0.147,0.335,-0.011,0.36583329536825926,0.4552481770515442,-0.13712285459041595,0.4552481770515442,0.48358454751987245,2051.0,0.20682291262472965,NAV2,False,True,True,True,,,0.9454973771791848,10.277915000915527
9.298918357999355,129.9422501175903,104.63608877486897,-0.5644771494150849,0.04408809515342277,3.564373089293686,-0.5774809365583066,-0.46673975256678,0.4676148062269489,3.4864413240726595,-0.813379887201163,-0.6088727130402883,0.44776346992580784,0.388,0.346,-0.047,0.5198653671865437,0.4552481770515442,-0.13712285459041595,0.4552481770515442,0.44776346992580784,1927.0,0.2076579712231105,NAV2,False,True,True,True,,,0.939077090337626,10.277915000915527
9.338993643999856,129.95129077850885,104.66717930706629,-0.5949023209842187,0.02606902956003289,3.5782668223394833,-0.5844907165255183,-0.4702614336411921,0.4673952581490243,3.5006970594012286,-0.8233986810279302,-0.6138489388032672,0.4368811172390034,0.388,0.346,-0.047,0.5198653671865437,0.4552481770515442,-0.13712285459041595,0.4552481770515442,0.4368811172390034,1882.0,0.212946877362014,NAV2,False,True,True,True,,,0.9300425971341683,10.277915000915527
9.379049622999446,129.95129077850885,104.66717930706629,-0.5949023209842187,0.02606902956003289,3.5920753082207164,-0.591510900099255,-0.47207568334701744,0.4668092296466095,3.51474898115932,-0.8333799936812203,-0.6188740296834069,0.43166665657657627,0.249,0.265,-0.054,0.36362893174223637,0.45321232080459595,-0.1370404064655304,0.45321232080459595,0.43166665657657627,1777.0,0.21628720483976416,NAV2,False,True,True,True,,,0.9246134918151807,10.277915000915527
9.419140195999717,129.96256520743592,104.6987539904346,-0.615983728821381,0.011985386595243864,3.6159610830448186,-0.6037221038863144,-0.4785645218466681,0.4428579030622066,3.5343977252611705,-0.8475141433465013,-0.625948125191476,0.4169301373131953,0.249,0.265,-0.054,0.36362893174223637,0.45321232080459595,-0.1370404064655304,0.45321232080459595,0.394258569215686,1839.0,0.21656561976204236,NAV2,False,True,True,True,,,0.9212053057233547,10.277915000915527
9.459736883000005,129.96256520743592,104.6987539904346,-0.615983728821381,0.011985386595243864,3.6278163146318634,-0.609877035390585,-0.4824309916431022,0.4345747685583858,3.5481095371309728,-0.8575047368698554,-0.6309125947003922,0.4266789115951242,0.249,0.265,-0.054,0.36362893174223637,0.45321232080459595,-0.1370404064655304,0.45321232080459595,0.4169301373131953,1882.0,0.21684389505798032,NAV2,False,True,True,True,,,0.9247353489659611,10.277915000915527
9.499813100999745,129.96256520743592,104.6987539904346,-0.615983728821381,0.011985386595243864,3.6402069321298325,-0.6163785604818449,-0.4860735536169547,0.43112085950881424,3.5615602527830514,-0.8674064848273949,-0.635800062719502,0.4169301373131953,0.125,0.333,0.047,0.3556880655855634,0.4512312412261963,-0.13659484684467316,0.4512312412261963,0.4169301373131953,1839.0,0.21684389505798032,NAV2,False,True,True,True,,,0.9202722557453442,10.277915000915527
9.539871876999314,129.971130878124,104.73073822051947,-0.6396936182120214,-0.003634083131701933,3.6525899123450563,-0.6229326543574145,-0.48953013437071474,0.42844733069757346,3.5749461159893317,-0.8773616444170781,-0.6406815719325847,0.42169116661367223,0.125,0.333,0.047,0.3556880655855634,0.4512312412261963,-0.13659484684467316,0.4512312412261963,0.42169116661367223,1860.0,0.21684389505798032,NAV2,False,True,True,True,,,0.9139654983863806,10.277915000915527
9.583500028999879,129.971130878124,104.73073822051947,-0.6396936182120214,-0.003634083131701933,3.6783645627713515,-0.6367867921712631,-0.4972149977424132,0.4322407953162078,3.5895411877860632,-0.888335065826884,-0.6460248991163718,0.4534313619501852,0.297,0.277,-0.084,0.40612559633689677,0.4512312412261963,-0.13659484684467316,0.4512312412261963,0.4534313619501852,2000.0,0.21684389505798032,NAV2,False,True,True,True,,,0.9084573454528495,10.277915000915527
9.62604739299968,129.98203505964526,104.76300769000254,-0.6603568663901456,-0.015547153177719977,3.6914281215160916,-0.6439039879404346,-0.5012588492928987,0.43455937298489816,3.604131489805543,-0.8994277733639622,-0.6513881646057028,0.4649938616799149,0.297,0.277,-0.084,0.40612559633689677,0.4512312412261963,-0.13659484684467316,0.4512312412261963,0.4649938616799149,2077.0,0.21684389505798032,NAV2,False,True,True,True,,,0.9028685674304147,10.277915000915527
9.666407340999285,129.98203505964526,104.76300769000254,-0.6603568663901456,-0.015547153177719977,3.7053463293635494,-0.6515683527144295,-0.5048946918260464,0.44252666004700836,3.6191913129790687,-0.9110089451683973,-0.6569473950153796,0.4708884693852673,0.35,0.25,-0.048,0.4301162633521313,0.44938746094703674,-0.1356440633535385,0.44938746094703674,0.4708884693852673,2133.0,0.21684389505798032,NAV2,False,True,True,True,,,0.9004069642740498,10.277915000915527
9.7093574849996,129.98203505964526,104.76300769000254,-0.6603568663901456,-0.015547153177719977,3.7194459854088042,-0.6594023241873469,-0.5085904121681808,0.45094460323420066,3.6342313017118304,-0.9227087980762966,-0.6625232816614389,0.4772365084525699,0.35,0.25,-0.048,0.4301162633521313,0.44938746094703674,-0.1356440633535385,0.44938746094703674,0.4772365084525699,2105.0,0.21684389505798032,NAV2,False,True,True,True,,,0.8972229149617711,10.847448348999023
9.75007368399929,129.99496269329364,104.7933023559534,-0.6775298175328794,-0.023425363142300346,3.747017194833344,-0.6749076217101947,-0.5161137190772377,0.4598188582147366,3.649228522846155,-0.9345101775792839,-0.6680973063475303,0.4772365084525699,0.35,0.25,-0.048,0.4301162633521313,0.448454350233078,-0.1282128542661667,0.448454350233078,0.4772365084525699,2105.0,0.21628720483976416,NAV2,False,True,True,True,,,0.8936801497575878,10.847448348999023
9.795468373999938,129.99496269329364,104.7933023559534,-0.6775298175328794,-0.023425363142300346,3.761116736847454,-0.6829434584405195,-0.519723724480293,0.4657752604095977,3.664406880641699,-0.946593020241993,-0.673735592987932,0.4901593022681502,0.268,0.404,-0.004,0.48480924083602206,0.448454350233078,-0.1282128542661667,0.448454350233078,0.4901593022681502,2105.0,0.2143387192628377,NAV2,False,True,True,True,,,0.8903967945192138,10.847448348999023
9.838875288999589,130.00952914538945,104.82393641655759,-0.6924986775467805,-0.029192427097450267,3.77478535791658,-0.6907892988642272,-0.5235141065290004,0.4673588698361121,3.679359639393179,-0.9586324301212453,-0.6792595846905447,0.48358454751987245,0.268,0.404,-0.004,0.48480924083602206,0.448454350233078,-0.1282128542661667,0.448454350233078,0.48358454751987245,2133.0,0.21266855552396255,NAV2,False,True,True,True,,,0.8855585358929281,10.847448348999023
9.879646077999496,130.00952914538945,104.82393641655759,-0.6924986775467805,-0.029192427097450267,3.788805915489818,-0.6989221979224399,-0.5279381377923507,0.47146618741804747,3.7016508984793295,-0.9768350906276246,-0.6875253455847061,0.4708884693852673,0.31,0.413,0.104,0.5164000387296654,0.4479145109653473,-0.1223488599061966,0.448454350233078,0.48358454751987245,2077.0,0.21266855552396255,NAV2,False,True,True,True,,,0.8813268638299367,10.847448348999023
9.919726587999321,130.0254407349847,104.85701668598927,-0.7082717198338307,-0.03489887205815942,3.816099215706262,-0.7149595498906688,-0.5358320430230714,0.47284756195888555,3.7161343736445933,-0.9888267479314352,-0.6928852192214778,0.4708884693852673,0.31,0.413,0.104,0.5164000387296654,0.4479145109653473,-0.1223488599061966,0.4479145109653473,0.4708884693852673,2077.0,0.209328181504099,NAV2,False,True,True,True,,,0.8764032925108429,10.847448348999023
9.960011831999509,130.0254407349847,104.85701668598927,-0.7082717198338307,-0.03489887205815942,3.829685903212414,-0.7230481629812048,-0.5397270437965189,0.4733702606234757,3.731017862320636,-1.0012852467399718,-0.6982844230662769,0.4901593022681502,0.31,0.413,0.104,0.5164000387296654,0.4479145109653473,-0.1223488599061966,0.4479145109653473,0.4772365084525699,2162.0,0.20626622240651357,NAV2,False,True,True,True,,,0.8699618614200569,10.847448348999023
10.003635260999545,130.0254407349847,104.85701668598927,-0.7082717198338307,-0.03489887205815942,3.8439393876117514,-0.7316234586535032,-0.5438655939964843,0.4794337957453126,3.7463480983247135,-1.0142620424460058,-0.7038355272994502,0.5037622431266557,0.383,0.284,-0.037,0.4768070888734772,0.4480289816856384,-0.11879494041204453,0.4480289816856384,0.5037622431266557,2285.0,0.20431769028747368,NAV2,False,True,True,True,,,0.8640251139443418,10.847448348999023
10.044003944999531,130.041418049437,104.88843355433988,-0.7221082277266762,-0.03942586450378646,3.8580170678520758,-0.7401640235571927,-0.5480444229673456,0.48290969154951824,3.7621920551076884,-1.027829644733423,-0.7095930087192535,0.5255269485002646,0.383,0.284,-0.037,0.4768070888734772,0.4480289816856384,-0.11879494041204453,0.4480289816856384,0.5255269485002646,2222.0,0.20376095352714413,NAV2,False,True,True,True,,,0.8607686739693575,10.847448348999023
10.0843528409996,130.041418049437,104.88843355433988,-0.7221082277266762,-0.03942586450378646,3.887473067109267,-0.7583133862723783,-0.5568834886360516,0.49501476592343047,3.7773414720190703,-1.040949385649366,-0.7150956099627136,0.49673405701642787,0.467,0.283,-0.082,0.5460567736050895,0.4480289816856384,-0.11879494041204453,0.4480289816856384,0.49673405701642787,2191.0,0.20292580184453657,NAV2,False,True,True,True,,,0.8545478158610276,10.639617919921875
10.124459377999301,130.06402015935205,104.92138308876817,-0.7351129079242904,-0.03961251976612292,3.9014469110829664,-0.767032639433608,-0.5602063951797565,0.4976152746027428,3.792899281262762,-1.0545769474018432,-0.7207781370464846,0.5037622431266557,0.467,0.283,-0.082,0.5460567736050895,0.4480289816856384,-0.11879494041204453,0.4480289816856384,0.5037622431266557,2191.0,0.2032041702247013,NAV2,False,True,True,True,,,0.8532864832228473,10.639617919921875
10.165102945999934,130.06402015935205,104.92138308876817,-0.7351129079242904,-0.03961251976612292,3.9155732619923205,-0.775908731003991,-0.5632683121974845,0.4987683125606751,3.8076955393749046,-1.067681876170984,-0.7262085530992441,0.4901593022681502,0.467,0.283,-0.082,0.5460567736050895,0.44805479049682617,-0.11716737598180771,0.44805479049682617,0.4901593022681502,2051.0,0.20292580184453657,NAV2,False,True,True,True,,,0.8502797929164553,10.639617919921875
10.209540302999812,130.06402015935205,104.92138308876817,-0.7351129079242904,-0.03961251976612292,3.9289633215000292,-0.7843710162279253,-0.5665738584360196,0.4938266961483649,3.82133663095356,-1.079888669828545,-0.7312111460680665,0.4708884693852673,0.295,0.289,0.079,0.4129721540249415,0.44805479049682617,-0.11716737598180771,0.44805479049682617,0.4708884693852673,1975.0,0.2012556381056614,NAV2,False,True,True,True,,,0.8447390772693237,10.639617919921875
10.24998167800004,130.08696306349728,104.9543725253166,-0.7452485709754272,-0.04000846953513623,3.9549387699740355,-0.80094572820569,-0.5724464939912193,0.48158795854591563,3.83467314161172,-1.0919411202573397,-0.7360816533804209,0.4534313619501852,0.295,0.289,0.079,0.4129721540249415,0.44780993461608887,-0.11724742501974106,0.44780993461608887,0.4534313619501852,1975.0,0.19986388928906448,NAV2,False,True,True,True,,,0.8450239121980171,10.639617919921875
10.295522175999395,130.08696306349728,104.9543725253166,-0.7452485709754272,-0.04000846953513623,3.9672198518618536,-0.8088647784906485,-0.5766761279479784,0.4719738424096086,3.847797146461578,-1.1039169190392923,-0.740876723295063,0.4368811172390034,0.118,0.339,0.056,0.358949857222426,0.44780993461608887,-0.11724742501974106,0.44780993461608887,0.4368811172390034,1975.0,0.1990288306906836,NAV2,False,True,True,True,,,0.841787360750151,10.639617919921875
10.339314400999683,130.1100999344615,104.98738879912584,-0.7566634417970546,-0.04065860111755054,3.9799887501841202,-0.8171868763597977,-0.5813815254157286,0.4688314589749449,3.860793968729503,-1.1158905326557136,-0.7456298424856845,0.4368811172390034,0.118,0.339,0.056,0.358949857222426,0.44780993461608887,-0.11724742501974106,0.44780993461608887,0.4368811172390034,1951.0,0.19819372555018938,NAV2,False,True,True,True,,,0.8363789974388016,10.639617919921875
10.379421111999363,130.1100999344615,104.98738879912584,-0.7566634417970546,-0.04065860111755054,3.992110590245713,-0.8251585811830747,-0.5856757104951158,0.4616271814571775,3.873920615881632,-1.128100547870454,-0.7504386900827105,0.4534313619501852,0.282,0.144,0.056,0.31663859524701027,0.44788408279418945,-0.11636882275342941,0.44780993461608887,0.4534313619501852,2000.0,0.19819372555018938,NAV2,False,True,True,True,,,0.8303156844514771,10.639617919921875
10.425611466999726,130.13146614559705,105.01836085259269,-0.7687951211780195,-0.04133749906300685,4.017110244839821,-0.8418379998829452,-0.5931356861457724,0.4570528332982062,3.893412374622897,-1.1464506943447133,-0.7576311207408204,0.44232229358240566,0.282,0.144,0.056,0.31663859524701027,0.44788408279418945,-0.11636882275342941,0.44788408279418945,0.44232229358240566,1927.0,0.19819372555018938,NAV2,False,True,True,True,,,0.8259935491993634,10.639617919921875
10.465784297999562,130.13146614559705,105.01836085259269,-0.7687951211780195,-0.04133749906300685,4.02918626515144,-0.8499831156766154,-0.5962576886007448,0.4525015383576971,3.9062322364673383,-1.1586646839480812,-0.7623903588961776,0.44776346992580784,0.281,0.385,-0.092,0.47664032561251046,0.44788408279418945,-0.11636882275342941,0.44788408279418945,0.44776346992580784,1975.0,0.1984720939303541,NAV2,False,True,True,True,,,0.8250132462590449,10.639617919921875
10.509333934999631,130.13146614559705,105.01836085259269,-0.7687951211780195,-0.04133749906300685,4.041514804585023,-0.858367839060247,-0.599830307515953,0.45108983983357287,3.9192605033537484,-1.1711979285056042,-0.7672493999941535,0.45909925397456247,0.281,0.385,-0.092,0.47664032561251046,0.44834965467453003,-0.11588255316019058,0.44834965467453003,0.45909925397456247,1951.0,0.1984720939303541,NAV2,False,True,True,True,,,0.822322128025967,10.639617919921875
10.550005422999675,130.1553039581564,105.04955400795119,-0.7789628746958166,-0.04096447573401911,4.06589368193652,-0.8751375122172499,-0.6073173511203449,0.44717961726238986,3.9317834028300265,-1.1833596789495122,-0.7719413787089815,0.4266789115951242,0.281,0.385,-0.092,0.47664032561251046,0.44834965467453003,-0.11588255316019058,0.44834965467453003,0.4266789115951242,1882.0,0.1984720939303541,NAV2,False,True,True,True,,,0.8189175199736861,10.639617919921875
10.59139415899972,130.1553039581564,105.04955400795119,-0.7789628746958166,-0.04096447573401911,4.077733080901131,-0.8833757072781864,-0.6105513858624048,0.4438545555386473,3.9443164651798472,-1.1956465527061342,-0.7766587995867597,0.44232229358240566,0.234,0.297,-0.008,0.3781071276768001,0.44834965467453003,-0.11588255316019058,0.44834965467453003,0.44232229358240566,1860.0,0.1984720939303541,NAV2,False,True,True,True,,,0.8061239935323176,10.639617919921875
10.635325274000024,130.17922749775914,105.08110303913823,-0.7896902134855273,-0.041269266145837986,4.0894969237165855,-0.8916177028628052,-0.6139381930765349,0.44052927921788637,3.9561507619309766,-1.2073542205102776,-0.7811391916973424,0.42169116661367223,0.234,0.297,-0.008,0.3781071276768001,0.4489322006702423,-0.11495623737573624,0.44834965467453003,0.42169116661367223,1839.0,0.19875036922629208,NAV2,False,True,True,True,,,0.8081454457819275,10.639617919921875
10.67588374799925,130.17922749775914,105.08110303913823,-0.7896902134855273,-0.041269266145837986,4.100831166795332,-0.899613758803933,-0.6174419020008779,0.4348093022142098,3.9679753642301874,-1.2191577711066608,-0.7856298758952314,0.4169301373131953,0.164,0.242,0.022,0.29233542378576016,0.4489322006702423,-0.11495623737573624,0.4489322006702423,0.4169301373131953,1904.0,0.1984720939303541,NAV2,False,True,True,True,,,0.8062837460821075,10.639617919921875
10.716587959999742,130.17922749775914,105.08110303913823,-0.7896902134855273,-0.041269266145837986,4.123802729838732,-0.9159985766191167,-0.6237077324797502,0.4292866079145216,3.9798853676220305,-1.2311546514134621,-0.7901644468342687,0.4169301373131953,0.164,0.242,0.022,0.29233542378576016,0.4489322006702423,-0.11495623737573624,0.4489322006702423,0.4169301373131953,1739.0,0.1979153571700246,NAV2,False,True,True,True,,,0.8041913571451422,10.639617919921875
10.758974223999758,130.20108667748923,105.11302455995717,-0.80039704035956,-0.04348752211719295,4.134261714579283,-0.9235151274493623,-0.6262301906890128,0.41955219783818737,3.990895768408863,-1.24234086395453,-0.7943690019801607,0.3899509712771592,0.164,0.242,0.022,0.29233542378576016,0.44928666949272156,-0.11440678685903549,0.44928666949272156,0.3899509712771592,1777.0,0.19763698878985983,NAV2,False,True,True,True,,,0.8001283470770999,10.639617919921875
10.79940814299971,130.20108667748923,105.11302455995717,-0.80039704035956,-0.04348752211719295,4.145092949829668,-0.9313552382350689,-0.62891128919542,0.41473326798097226,4.007779985224505,-1.2596799573552326,-0.800847649489177,0.40287376509273953,0.098,0.399,0.06,0.4108588565432173,0.44928666949272156,-0.11440678685903549,0.44928666949272156,0.40287376509273953,1777.0,0.19763698878985983,NAV2,False,True,True,True,,,0.7939893810873808,10.639617919921875
10.839440269999614,130.22737283888102,105.14294621325946,-0.8079723459944561,-0.04174711689161749,4.1560706792916715,-0.9393501269829742,-0.6316759605401834,0.4123189357436275,4.018784582822958,-1.2711025431195537,-0.8050964395210779,0.394258569215686,0.098,0.399,0.06,0.4108588565432173,0.44928666949272156,-0.11440678685903549,0.44928666949272156,0.3985661671542128,1739.0,0.19763698878985983,NAV2,False,True,True,True,,,0.7932957433819673,10.639617919921875
10.880424002999462,130.22737283888102,105.14294621325946,-0.8079723459944561,-0.04174711689161749,4.1666613444817235,-0.9471069652798492,-0.6347261357815864,0.4075254783643299,4.030147862420176,-1.2830012932584651,-0.809518708922957,0.4074080787122414,0.298,0.163,0.001,0.33966601242985733,0.4492988884449005,-0.11401691287755966,0.44928666949272156,0.41216910801271833,1797.0,0.1984720939303541,NAV2,False,True,True,True,,,0.7897513287575957,10.639617919921875
10.924531666999428,130.2575280738343,105.17113131377377,-0.8152471558443839,-0.0369378534530636,4.188643868222357,-0.9633728961298198,-0.6405650391877202,0.4069156524130659,4.0414788903047505,-1.2949719570042817,-0.8139490133755334,0.4169301373131953,0.298,0.163,0.001,0.33966601242985733,0.4492988884449005,-0.11401691287755966,0.4492988884449005,0.4169301373131953,1860.0,0.1984720939303541,NAV2,False,True,True,True,,,0.7871776556990656,10.639617919921875
10.964795842999592,130.2575280738343,105.17113131377377,-0.8152471558443839,-0.0369378534530636,4.199889837305152,-0.9717803045689258,-0.6439343657068338,0.409149699583105,4.053165186074907,-1.3074310324528426,-0.8185403463492155,0.43166665657657627,0.312,0.13,-0.068,0.338,0.4492988884449005,-0.11401691287755966,0.4492988884449005,0.43166665657657627,1860.0,0.1984720939303541,NAV2,False,True,True,True,,,0.7840649573790412,10.639617919921875
11.00969496200014,130.2575280738343,105.17113131377377,-0.8152471558443839,-0.0369378534530636,4.211323704659122,-0.9803879267664328,-0.6471722462977261,0.4126351570475906,4.0647135588413175,-1.3198562928868836,-0.8230967362308517,0.4266789115951242,0.312,0.13,-0.068,0.338,0.44909393787384033,-0.11367219686508179,0.44909393787384033,0.4266789115951242,1860.0,0.19819372555018938,NAV2,False,True,True,True,,,0.7753987215528176,10.639617919921875
11.049905269999726,130.2868270746222,105.19789131107682,-0.8229581741214718,-0.032219161686712655,4.233795761457104,-0.997459936099909,-0.6531450486635508,0.41563485011032986,4.0762193897341605,-1.332349310884058,-0.8276463668653316,0.4266789115951242,0.312,0.13,-0.068,0.338,0.44909393787384033,-0.11367219686508179,0.44909393787384033,0.4266789115951242,1927.0,0.19763698878985983,NAV2,False,True,True,True,,,0.7761688006730832,10.639617919921875
11.095658526999614,130.2868270746222,105.19789131107682,-0.8229581741214718,-0.032219161686712655,4.245505263331088,-1.006450284703165,-0.6565365861127378,0.42099115528407793,4.088132549713623,-1.3454065581393968,-0.8323619375026841,0.44232229358240566,0.185,0.327,-0.095,0.3757046712512369,0.44909393787384033,-0.11367219686508179,0.44909393787384033,0.44232229358240566,1904.0,0.19680188364936566,NAV2,False,True,True,True,,,0.7686139107889001,10.639617919921875
11.139047148999452,130.31538124213213,105.22347731168328,-0.8305570922642777,-0.027708743466702945,4.256776264931402,-1.015156144916664,-0.6602839740644239,0.4218169250168432,4.0998105223795065,-1.3583262080547767,-0.8369923635745989,0.4368811172390034,0.185,0.327,-0.095,0.3757046712512369,0.4488677680492401,-0.1133015975356102,0.44909393787384033,0.4368811172390034,1975.0,0.1962451468890361,NAV2,False,True,True,True,,,0.7603389935502286,10.639617919921875
11.179145856000105,130.31538124213213,105.22347731168328,-0.8305570922642777,-0.027708743466702945,4.268496144259218,-1.0242841506401923,-0.6639568416726642,0.42646063573448456,4.111595930580174,-1.3714876498030821,-0.8416672328146252,0.44232229358240566,0.301,0.212,0.08,0.36816436546738196,0.4488677680492401,-0.1133015975356102,0.4488677680492401,0.44232229358240566,1951.0,0.19485339807243918,NAV2,False,True,True,True,,,0.7495323790661717,10.639617919921875
11.219252025999594,130.34326452819658,105.25022617466317,-0.841183583396929,-0.025156251923008018,4.291766521046559,-1.042621682731739,-0.6723083909494756,0.4326998054157615,4.123837353755694,-1.3852915660148537,-0.8465326405270773,0.4534313619501852,0.301,0.212,0.08,0.36816436546738196,0.4488677680492401,-0.1133015975356102,0.4488677680492401,0.4534313619501852,2025.0,0.19457498315016097,NAV2,False,True,True,True,,,0.7458082782990544,10.639617919921875
11.259697572999357,130.34326452819658,105.25022617466317,-0.841183583396929,-0.025156251923008018,4.303669125082014,-1.0521281573256227,-0.6769796942941996,0.4374237964735915,4.141160499326067,-1.405056111008213,-0.853415720057914,0.43166665657657627,0.301,0.212,0.08,0.36816436546738196,0.44879695773124695,-0.11270148307085037,0.44879695773124695,0.44776346992580784,1904.0,0.19346150962950207,NAV2,False,True,True,True,,,0.7390176377735023,10.639617919921875
11.29979279500003,130.34326452819658,105.25022617466317,-0.841183583396929,-0.025156251923008018,4.315341227127446,-1.0615294793929155,-0.6806128957598574,0.4401629655057676,4.153450493245856,-1.4192472447155218,-0.8582846731160498,0.4772365084525699,0.234,0.28,-0.086,0.3649054672103448,0.44879695773124695,-0.11270148307085037,0.44879695773124695,0.4649938616799149,2105.0,0.19123465567241082,NAV2,False,True,True,True,,,0.7285960754626063,10.639617919921875
11.344379643000138,130.3727472417293,105.2758302620732,-0.8523530079180275,-0.021570743847102353,4.327317970747942,-1.071248803222475,-0.6840237177183361,0.4448623742233117,4.165559375291623,-1.433366783399519,-0.863115642271379,0.45909925397456247,0.234,0.28,-0.086,0.3649054672103448,0.44879695773124695,-0.11270148307085037,0.44879695773124695,0.45909925397456247,2025.0,0.19151297751046212,NAV2,False,True,True,True,,,0.7289410623014958,10.639617919921875
11.386027339000066,130.3727472417293,105.2758302620732,-0.8523530079180275,-0.021570743847102353,4.351522038929175,-1.0911220573843319,-0.6921242608459948,0.45436158178628727,4.177901183253846,-1.4479019887327391,-0.8680610855692287,0.4772365084525699,0.274,0.18,-0.047,0.3278353245152206,0.4487592875957489,-0.1135898157954216,0.4487592875957489,0.4772365084525699,2051.0,0.19123465567241082,NAV2,False,True,True,True,,,0.7218677021616368,10.639617919921875
11.431675178999285,130.40357532108035,105.30047818034274,-0.8629179623306881,-0.017276934319793495,4.363323387992665,-1.100924265037303,-0.6959690666940888,0.4558336892266123,4.189838617047873,-1.4620999070927623,-0.8728787496100063,0.4772365084525699,0.274,0.18,-0.047,0.3278353245152206,0.4487592875957489,-0.1135898157954216,0.4487592875957489,0.4772365084525699,2105.0,0.19151297751046212,NAV2,False,True,True,True,,,0.708194679448062,10.639617919921875
11.472851886999706,130.40357532108035,105.30047818034274,-0.8629179623306881,-0.017276934319793495,4.375613940184384,-1.1112151242130457,-0.699553787922132,0.46121515971075533,4.202003218765895,-1.4767131581218276,-0.8778239058225179,0.4772365084525699,0.425,0.293,0.013,0.5162111970889434,0.4487592875957489,-0.1135898157954216,0.4487592875957489,0.4772365084525699,2077.0,0.1917913924327403,NAV2,False,True,True,True,,,0.7001321983538694,10.431737899780273
11.515318945999752,130.40357532108035,105.30047818034274,-0.8629179623306881,-0.017276934319793495,4.38773191524981,-1.1214339861014926,-0.7029135893352246,0.46450348454302265,4.214339674855799,-1.491685035786751,-0.8828659114376037,0.45909925397456247,0.425,0.293,0.013,0.5162111970889434,0.4488263428211212,-0.11394509673118591,0.4488263428211212,0.45909925397456247,2077.0,0.19151297751046212,NAV2,False,True,True,True,,,0.6956888374175025,10.431737899780273
11.558800592999432,130.43343289803053,105.32433872174293,-0.8723791363686786,-0.013628477570393845,4.411327885374744,-1.1415409982101856,-0.7102965943621955,0.4651510683437657,4.225691400260638,-1.5055961696295899,-0.887529172054909,0.4649938616799149,0.425,0.293,0.013,0.5162111970889434,0.4488263428211212,-0.11394509673118591,0.4488263428211212,0.4649938616799149,2025.0,0.19151297751046212,NAV2,False,True,True,True,,,0.6909253732046229,10.431737899780273
11.599960273999386,130.43343289803053,105.32433872174293,-0.8723791363686786,-0.013628477570393845,4.42307236434188,-1.1516684499429986,-0.7145125770364303,0.4654224349087461,4.243211122007285,-1.5273308481895078,-0.8947796711505532,0.4649938616799149,0.369,0.271,0.001,0.457823109945315,0.4488263428211212,-0.11394509673118591,0.4488263428211212,0.4708884693852673,2051.0,0.19151297751046212,NAV2,False,True,True,True,,,0.6811580979387191,10.431737899780273
11.644201929999326,130.46652338691501,105.34961095116437,-0.8840202486463085,-0.009986112179980898,4.434772396199192,-1.161836294616434,-0.71834353263261,0.46560327880830094,4.254366945344742,-1.5413390515303933,-0.8994306261044657,0.44776346992580784,0.369,0.271,0.001,0.457823109945315,0.44917020201683044,-0.11415231227874756,0.44917020201683044,0.44776346992580784,1951.0,0.19151297751046212,NAV2,False,True,True,True,,,0.6775386301593951,10.431737899780273
11.68578820699986,130.46652338691501,105.34961095116437,-0.8840202486463085,-0.009986112179980898,4.456931994715408,-1.1812885408761433,-0.7242136040101963,0.4568132450228935,4.265369753808657,-1.5552870071488305,-0.9040478819367664,0.44232229358240566,0.321,0.189,-0.068,0.37250771804084815,0.44917020201683044,-0.11415231227874756,0.44917020201683044,0.44232229358240566,2051.0,0.1917913924327403,NAV2,False,True,True,True,,,0.6706369522113519,10.431737899780273
11.735374324000077,130.4983309168684,105.37411377186608,-0.8930244903839979,-0.007080170753553777,4.468445003232825,-1.1914889706402905,-0.7270759589548743,0.45797036645276373,4.2765780978395584,-1.5696339118198734,-0.908786228158249,0.44232229358240566,0.321,0.189,-0.068,0.37250771804084815,0.44969573616981506,-0.11478874832391739,0.44917020201683044,0.44232229358240566,2000.0,0.19206971427079164,NAV2,False,True,True,True,,,0.6626887652040802,10.431737899780273
11.775707490999594,130.4983309168684,105.37411377186608,-0.8930244903839979,-0.007080170753553777,4.479538634142296,-1.2013836653663033,-0.7308586673072854,0.4556348146466103,4.287788899301858,-1.584125924460157,-0.9135647838103371,0.4649938616799149,0.267,0.216,-0.037,0.3434312158205774,0.44969573616981506,-0.11478874832391739,0.44969573616981506,0.4649938616799149,2051.0,0.19234808265095643,NAV2,False,True,True,True,,,0.6582746191449196,10.431737899780273
11.816748432999702,130.4983309168684,105.37411377186608,-0.8930244903839979,-0.007080170753553777,4.502107864079085,-1.221726331980404,-0.73759985440953,0.45528343312887226,4.298707285624845,-1.5983780663939053,-0.9182472444824472,0.4368811172390034,0.267,0.216,-0.037,0.3434312158205774,0.44969573616981506,-0.11478874832391739,0.44969573616981506,0.4368811172390034,1975.0,0.19234808265095643,NAV2,False,True,True,True,,,0.6537645233049457,10.431737899780273
11.858896615000049,130.52888868140394,105.39794907039341,-0.9031635087352079,-0.004866645054626197,4.512877474017001,-1.2315151056671414,-0.7396731944344905,0.4513208174812879,4.309429807847207,-1.6125099888391057,-0.9228802324095591,0.43166665657657627,0.267,0.216,-0.037,0.3434312158205774,0.44969573616981506,-0.11478874832391739,0.44969573616981506,0.43166665657657627,1839.0,0.19262640448900775,NAV2,False,True,True,True,,,0.648371960123755,10.431737899780273
11.899084241999844,130.52888868140394,105.39794907039341,-0.9031635087352079,-0.004866645054626197,4.522841908454309,-1.240611041532542,-0.7421355307472717,0.4410187099797951,4.31916809766311,-1.6254609432135856,-0.9271151423853499,0.40287376509273953,0.367,0.223,-0.036,0.42943916914971786,0.4504023492336273,-0.11499372124671936,0.4504023492336273,0.40287376509273953,1818.0,0.19262640448900775,NAV2,False,True,True,True,,,0.6440533069686347,10.431737899780273
11.939614247999998,130.55831134550377,105.42124865082026,-0.9104119209760126,-0.003320934042459475,4.53323649955829,-1.2501559845255226,-0.7451753130172638,0.43699480505321475,4.3340053652414054,-1.645415822587178,-0.9336035101947627,0.42169116661367223,0.367,0.223,-0.036,0.42943916914971786,0.4504023492336273,-0.11499372124671936,0.4504023492336273,0.4074080787122414,1860.0,0.19234808265095643,NAV2,False,True,True,True,,,0.6408041571305396,10.431737899780273
11.979939911999281,130.55831134550377,105.42124865082026,-0.9104119209760126,-0.003320934042459475,4.54328080173139,-1.259442775254509,-0.7489361124713443,0.4312852933728951,4.339023624987754,-1.6522268938895641,-0.9358099741094018,0.42169116661367223,0.296,0.316,0.058,0.4329803690700076,0.45118677616119385,-0.11535769701004028,0.45118677616119385,0.42169116661367223,1739.0,0.19234808265095643,NAV2,False,True,True,True,,,0.6331127286596454,10.431737899780273
12.024983360999613,130.5845918342257,105.44622360926954,-0.92049421950564,-0.004788101282786116,4.562990591124562,-1.277841873830687,-0.754901713698182,0.41992310462023785,4.352912976132317,-1.6712408864266277,-0.9419511358109421,0.3899509712771592,0.296,0.316,0.058,0.4329803690700076,0.45118677616119385,-0.11535769701004028,0.45118677616119385,0.3899509712771592,1777.0,0.19234808265095643,NAV2,False,True,True,True,,,0.6274581763891012,10.431737899780273
12.072908475999611,130.5845918342257,105.44622360926954,-0.92049421950564,-0.004788101282786116,4.5725083985026505,-1.2868032783053258,-0.7574228914547576,0.4137061227386532,4.3622408088289735,-1.6841498043623253,-0.9461106272620229,0.3985661671542128,0.354,0.09,-0.041,0.36526155012538614,0.45118677616119385,-0.11535769701004028,0.45118677616119385,0.3985661671542128,1758.0,0.19262640448900775,NAV2,False,True,True,True,,,0.6228851721048486,10.148743629455566
12.115299693999987,130.5845918342257,105.44622360926954,-0.92049421950564,-0.004788101282786116,4.582127820196234,-1.2959112337650511,-0.7602324839059396,0.4093805013944641,4.371562014440299,-1.6971637963470583,-0.9502971898190836,0.394258569215686,0.354,0.09,-0.041,0.36526155012538614,0.45118677616119385,-0.11535769701004028,0.45118677616119385,0.394258569215686,1702.0,0.1929047728691725,NAV2,False,True,True,True,,,0.6154202367046562,10.148743629455566
12.15869445699991,130.60811767273947,105.47062817043064,-0.9289006666423241,-0.00742824583848484,4.60108197536337,-1.3140165026771267,-0.7662358601951036,0.40191531993393276,4.380503506243443,-1.7097559014521901,-0.9543445977573689,0.394258569215686,0.354,0.09,-0.041,0.36526155012538614,0.4507561922073364,-0.12378092110157013,0.4507561922073364,0.394258569215686,1758.0,0.19346150962950207,NAV2,False,True,True,True,,,0.6085056653182538,10.148743629455566
12.198803551999845,130.60811767273947,105.47062817043064,-0.9289006666423241,-0.00742824583848484,4.610595854418807,-1.3231766479815885,-0.7680275453726111,0.3997690871354109,4.389654363916459,-1.7227571862536775,-0.9585629785041666,0.394258569215686,0.337,0.175,-0.079,0.3797288506289718,0.4507561922073364,-0.12378092110157013,0.4507561922073364,0.394258569215686,1684.0,0.19819372555018938,NAV2,False,True,True,True,,,0.6035688781266186,10.148743629455566
12.239431445999799,130.633352000981,105.4924045650669,-0.9358430870717814,-0.007697705311149856,4.619902300451038,-1.332171143445442,-0.7697504418967553,0.39656557544055526,4.402676235744737,-1.7414634201191543,-0.964733187371554,0.38587008901960757,0.337,0.175,-0.079,0.3797288506289718,0.44989845156669617,-0.1298147439956665,0.4507561922073364,0.37385415792792764,1702.0,0.19986388928906448,NAV2,False,True,True,True,,,0.6020628588351294,10.148743629455566
12.279608131999339,130.633352000981,105.4924045650669,-0.9358430870717814,-0.007697705311149856,4.628919193003194,-1.3409189145062268,-0.7719864353650198,0.3917209126166545,4.411614108491637,-1.7544484302279986,-0.969029862342364,0.40287376509273953,0.326,0.282,-0.171,0.4310452412450461,0.44989845156669617,-0.1298147439956665,0.44989845156669617,0.38587008901960757,1777.0,0.20042057950728057,NAV2,False,True,True,True,,,0.5959032306749938,10.148743629455566
12.319982721000088,130.65581178751086,105.51612965177463,-0.9442193596934763,-0.010699548342649358,4.647756834443078,-1.3593648175255004,-0.7789983397696809,0.3916026175579369,4.420619813993878,-1.7676552147770694,-0.9734188827184509,0.3985661671542128,0.326,0.282,-0.171,0.4310452412450461,0.44989845156669617,-0.1298147439956665,0.44989845156669617,0.3985661671542128,1758.0,0.20292580184453657,NAV2,False,True,True,True,,,0.5926526900043706,10.148743629455566
12.363517163999859,130.65581178751086,105.51612965177463,-0.9442193596934763,-0.010699548342649358,4.657228083275211,-1.3687287566683775,-0.7815468358446894,0.3924289622482732,4.429477090376728,-1.780766660850685,-0.9777633565430031,0.394258569215686,0.309,0.282,-0.014,0.4183359893673983,0.44989845156669617,-0.1298147439956665,0.44989845156669617,0.394258569215686,1739.0,0.20292580184453657,NAV2,False,True,True,True,,,0.5860092762672264,10.148743629455566
12.409770522999679,130.65581178751086,105.51612965177463,-0.9442193596934763,-0.010699548342649358,4.66684720053226,-1.3782870071685704,-0.783626055519278,0.39442653012574486,4.438940714830741,-1.794915731384955,-0.9824556248838766,0.41216910801271833,0.309,0.282,-0.014,0.4183359893673983,0.44971442222595215,-0.1326027661561966,0.44971442222595215,0.41216910801271833,1839.0,0.20376095352714413,NAV2,False,True,True,True,,,0.5847920203842234,10.148743629455566
12.45541362899985,130.6802577346312,105.54714890834337,-0.9540976861851362,-0.017210395890458318,4.686559888611977,-1.398034862621826,-0.7892534588753436,0.40305793090132835,4.448065892293278,-1.8086955674755483,-0.9870234234647844,0.4368811172390034,0.309,0.282,-0.014,0.4183359893673983,0.44971442222595215,-0.1326027661561966,0.44971442222595215,0.4368811172390034,1904.0,0.20431769028747368,NAV2,False,True,True,True,,,0.5824295085180214,10.148743629455566
12.495819226999629,130.6802577346312,105.54714890834337,-0.9540976861851362,-0.017210395890458318,4.6968619631833,-1.4084463538780148,-0.7923578028745166,0.4102507186763043,4.457668645604708,-1.8233479213515429,-0.991861995662906,0.4368811172390034,0.205,0.301,-0.021,0.3641785276481852,0.44980040192604065,-0.13337650895118713,0.44980040192604065,0.4368811172390034,2025.0,0.2040392753651956,NAV2,False,True,True,True,,,0.5835649904494655,10.148743629455566
12.538762989999668,130.69816572774954,105.57824882851395,-0.9647546690355444,-0.026883647868220867,4.707165092340096,-1.4189285892094592,-0.7962912567885185,0.41624028123414064,4.4674588337407295,-1.8384482757351561,-0.9968292901189105,0.44776346992580784,0.205,0.301,-0.021,0.3641785276481852,0.44980040192604065,-0.13337650895118713,0.44980040192604065,0.44776346992580784,1951.0,0.2040392753651956,NAV2,False,True,True,True,,,0.5874453606780213,10.148743629455566
12.585632974999498,130.69816572774954,105.57824882851395,-0.9647546690355444,-0.026883647868220867,4.728660815769927,-1.4410688986754834,-0.8051041693613077,0.43042127465524727,4.477064216201369,-1.8534246488895103,-1.0017401805150987,0.44776346992580784,0.461,0.311,-0.122,0.556095315570991,0.44980040192604065,-0.13337650895118713,0.44980040192604065,0.44776346992580784,2025.0,0.2040392753651956,NAV2,False,True,True,True,,,0.582544522235841,10.148743629455566
12.626064575999408,130.7165248056659,105.61237142400807,-0.9785883946206142,-0.03804090889923861,4.738720734358267,-1.4515560473942424,-0.8087072690748096,0.43486440498018736,4.491728426969921,-1.8766081982567921,-1.0093151265480182,0.44776346992580784,0.461,0.311,-0.122,0.556095315570991,0.44980040192604065,-0.13337650895118713,0.44980040192604065,0.44776346992580784,1904.0,0.20431769028747368,NAV2,False,True,True,True,,,0.5851959451104896,10.148743629455566
12.675829355000133,130.7165248056659,105.61237142400807,-0.9785883946206142,-0.03804090889923861,4.748849278242694,-1.4621894288545554,-0.8120002156414321,0.43588731854773327,4.500965942323852,-1.8914124338349774,-1.0141378875518603,0.44232229358240566,0.621,0.095,-0.227,0.6282244821717791,0.45005184412002563,-0.13158470392227173,0.45005184412002563,0.44232229358240566,1975.0,0.20431769028747368,NAV2,False,True,True,True,,,0.5855245575872318,10.148743629455566
12.716511222000008,130.7165248056659,105.61237142400807,-0.9785883946206142,-0.03804090889923861,4.769229842606485,-1.4837832267250721,-0.8176580930309969,0.4394555992808719,4.51071257944254,-1.9072097942881125,-1.019268067188361,0.44776346992580784,0.621,0.095,-0.227,0.6282244821717791,0.45005184412002563,-0.13158470392227173,0.45005184412002563,0.44776346992580784,1975.0,0.20431769028747368,NAV2,False,True,True,True,,,0.6161028988069696,10.148743629455566
12.758656060999783,130.74172388068018,105.64268860774935,-0.9885162366631479,-0.043530193089429695,4.779784731457331,-1.4950674214663682,-0.820831418596375,0.4445894287666945,4.519948490199613,-1.9223469499206516,-1.0241689015172022,0.4708884693852673,0.621,0.095,-0.227,0.6282244821717791,0.449942409992218,-0.1306900680065155,0.449942409992218,0.4708884693852673,2105.0,0.20431769028747368,NAV2,False,True,True,True,,,0.6201977309817601,10.148743629455566
12.799245960000007,130.74172388068018,105.64268860774935,-0.9885162366631479,-0.043530193089429695,4.790740845552559,-1.5068642586586476,-0.8245764445035109,0.45275527931912746,4.529903187730308,-1.938855168246684,-1.0294932380963584,0.4772365084525699,0.332,0.218,-0.146,0.39717502439101077,0.449942409992218,-0.1306900680065155,0.449942409992218,0.4772365084525699,2222.0,0.2040392753651956,NAV2,False,True,True,True,,,0.6244485264130973,10.148743629455566
12.8392998169993,130.76860171774445,105.67179325094348,-0.9998856281885121,-0.04754293339431885,4.801666186049653,-1.5187132119307367,-0.8285350441412733,0.459686784479416,4.540122081325929,-1.95601282790241,-1.035005365609171,0.5037622431266557,0.332,0.218,-0.146,0.39717502439101077,0.449942409992218,-0.1306900680065155,0.449942409992218,0.4901593022681502,2162.0,0.2040392753651956,NAV2,False,True,True,True,,,0.6291042382570866,9.940508842468262
12.880357540999285,130.76860171774445,105.67179325094348,-0.9998856281885121,-0.04754293339431885,4.813014448836136,-1.5311195098477481,-0.8329070796066187,0.4691206412335253,4.550065641683411,-1.972916608803925,-1.0404184794219065,0.4901593022681502,0.383,0.355,-0.122,0.522220260043595,0.4497222602367401,-0.1293420046567917,0.449942409992218,0.4901593022681502,2253.0,0.2040392753651956,NAV2,False,True,True,True,,,0.6318914646222742,9.940508842468262
12.924658037999507,130.79704445553776,105.70194334856458,-1.0129040809594976,-0.05174152832347842,4.835441841967157,-1.555945514725472,-0.8404769324598718,0.48250733237449656,4.5654262713742915,-1.9994534593765025,-1.0489111331966592,0.5107904292368836,0.383,0.355,-0.122,0.522220260043595,0.4497222602367401,-0.1293420046567917,0.4497222602367401,0.5107904292368836,2253.0,0.20487442704780318,NAV2,False,True,True,True,,,0.6235688526126585,9.940508842468262
12.964888738999434,130.79704445553776,105.70194334856458,-1.0129040809594976,-0.05174152832347842,4.846895578743551,-1.5687653634641787,-0.8442506324697563,0.4901730097955228,4.575616476017105,-2.0173509193872987,-1.0546404884854477,0.5107904292368836,0.499,0.172,-0.142,0.5278115193892607,0.4497222602367401,-0.1293420046567917,0.4497222602367401,0.5107904292368836,2253.0,0.20598780748423537,NAV2,False,True,True,True,,,0.6191055034320326,9.940508842468262
13.010424983999656,130.79704445553776,105.70194334856458,-1.0129040809594976,-0.05174152832347842,4.858165131707471,-1.5814793018450102,-0.84815956805931,0.4951148042648725,4.5857068140095,-2.03531252609908,-1.0604019031195497,0.5255269485002646,0.499,0.172,-0.142,0.5278115193892607,0.44931817054748535,-0.12909381091594696,0.44931817054748535,0.5255269485002646,2253.0,0.20737960284294574,NAV2,False,True,True,True,,,0.6147193602170873,9.940508842468262
13.055542830999912,130.82685152752728,105.73090083232576,-1.0238125629080854,-0.05478115558647391,4.88075943751695,-1.6071971460063095,-0.8541210879310226,0.5036520707002161,4.595516738749246,-2.0530113898544595,-1.0661078446427703,0.5107904292368836,0.499,0.172,-0.142,0.5278115193892607,0.44931817054748535,-0.12909381091594696,0.44931817054748535,0.5107904292368836,2222.0,0.2087714447437695,NAV2,False,True,True,True,,,0.6041108113306117,9.940508842468262
13.099045133999425,130.82685152752728,105.73090083232576,-1.0238125629080854,-0.05478115558647391,4.891596229103457,-1.6196759847288391,-0.8582016969521948,0.5028500602902333,4.605171486006725,-2.0706677652665015,-1.0718367827511388,0.4901593022681502,0.302,0.157,-0.115,0.3403718554757429,0.44931817054748535,-0.12909381091594696,0.44931817054748535,0.4901593022681502,2105.0,0.2109983452429741,NAV2,False,True,True,True,,,0.6028869787684341,9.940508842468262
13.139553680000063,130.8577849363317,105.75882886134917,-1.0363225726516103,-0.05690434117619444,4.902206043247317,-1.6319897040936606,-0.8620438601787956,0.5004553011144593,4.6188514983986915,-2.0961017033670437,-1.080058432744121,0.48358454751987245,0.302,0.157,-0.115,0.3403718554757429,0.448908269405365,-0.12913323938846588,0.448908269405365,0.4901593022681502,2133.0,0.21071997686280936,NAV2,False,True,True,True,,,0.5992209895697035,9.940508842468262
13.179773092999312,130.8577849363317,105.75882886134917,-1.0363225726516103,-0.05690434117619444,4.912671016754067,-1.6442245399343791,-0.8653626732551764,0.49795949997523015,4.623337203801974,-2.1045519025440496,-1.0827820319563477,0.48358454751987245,0.423,0.271,-0.011,0.5023644095673976,0.448908269405365,-0.12913323938846588,0.448908269405365,0.48358454751987245,2191.0,0.21071997686280936,NAV2,False,True,True,True,,,0.6021992509472262,9.940508842468262
13.219938844999888,130.88561352738245,105.78590156776062,-1.0476804145692695,-0.059836876694580016,4.933983472926311,-1.669419480729328,-0.8733166599110119,0.4987249585774237,4.637447567807307,-2.1315078448499762,-1.0914438658898171,0.5180453310280866,0.423,0.271,-0.011,0.5023644095673976,0.448908269405365,-0.12913323938846588,0.448908269405365,0.5037622431266557,2285.0,0.21071997686280936,NAV2,False,True,True,True,,,0.5990894952941777,9.940508842468262
13.26005437799995,130.88561352738245,105.78590156776062,-1.0476804145692695,-0.059836876694580016,4.94513669020583,-1.6827684774687397,-0.8779723319698239,0.5042909798230356,4.647035546982665,-2.150157293421931,-1.0974098359188502,0.5332352816534177,0.423,0.271,-0.011,0.5023644095673976,0.4486900866031647,-0.12828202545642853,0.4486900866031647,0.5332352816534177,2352.0,0.210441655024758,NAV2,False,True,True,True,,,0.5933608627585817,9.940508842468262
13.300189881999358,130.88561352738245,105.78590156776062,-1.0476804145692695,-0.059836876694580016,4.95665422947145,-1.696678785007569,-0.8823222390455515,0.5131669778281797,4.656712608920423,-2.1692635415596193,-1.1034915623727723,0.5255269485002646,0.442,0.08,-0.04,0.4491814778015674,0.4486900866031647,-0.12828202545642853,0.4486900866031647,0.5413970461685211,2318.0,0.2101632401024798,NAV2,False,True,True,True,,,0.5865581219061864,9.940508842468262
13.345022077000067,130.91691248694409,105.81006271878651,-1.0610686414405364,-0.059847042566168594,4.967664327039681,-1.7100896530705276,-0.886056575498907,0.5158878539460215,4.66592017351179,-2.1877117393803265,-1.1093241178639834,0.5180453310280866,0.442,0.08,-0.04,0.4491814778015674,0.4486900866031647,-0.12828202545642853,0.4486900866031647,0.5180453310280866,2285.0,0.209328181504099,NAV2,False,True,True,True,,,0.5808282849783788,9.940508842468262
13.385442429999785,130.91691248694409,105.81006271878651,-1.0610686414405364,-0.059847042566168594,4.989351096989985,-1.7368234920346368,-0.8937584079648486,0.5177165609092035,4.675454025590159,-2.207106181231396,-1.1154375071007485,0.5107904292368836,0.394,0.291,-0.129,0.4898132297110808,0.4485970735549927,-0.12676014006137848,0.4485970735549927,0.5107904292368836,2253.0,0.209328181504099,NAV2,False,True,True,True,,,0.5753195442228296,9.940508842468262
13.435411350999857,130.94919185441475,105.83378337540661,-1.073486095060928,-0.05959219478287365,5.000046535776651,-1.7501713007209072,-0.8979942991895845,0.5179322175057415,4.683867475744651,-2.224467323469744,-1.1208949728341053,0.5037622431266557,0.394,0.291,-0.129,0.4898132297110808,0.4485970735549927,-0.12676014006137848,0.4485970735549927,0.5037622431266557,2133.0,0.209328181504099,NAV2,False,True,True,True,,,0.5678326980323434,9.940508842468262
13.475575451999248,130.94919185441475,105.83378337540661,-1.073486095060928,-0.05959219478287365,5.010173857189051,-1.7629202480431785,-0.9018341439574833,0.512796445291866,4.6920967014045125,-2.2416848628863253,-1.1262863424087453,0.4708884693852673,0.338,0.318,-0.031,0.464077579721322,0.4485570788383484,-0.12466586381196976,0.4485970735549927,0.4708884693852673,2077.0,0.20904981312393422,NAV2,False,True,True,True,,,0.5612671867069179,9.940508842468262
13.516508715999407,130.94919185441475,105.83378337540661,-1.073486095060928,-0.05959219478287365,5.029749181624476,-1.787814052273674,-0.9076568441715467,0.5005952394127127,4.700201146821163,-2.2588782956890836,-1.1316564424020716,0.4772365084525699,0.338,0.318,-0.031,0.464077579721322,0.4485570788383484,-0.12466586381196976,0.4485570788383484,0.4772365084525699,2051.0,0.20904981312393422,NAV2,False,True,True,True,,,0.5535146478183273,9.940508842468262
13.55761884399999,130.98022766422784,105.8592469256168,-1.0838276561115405,-0.06122062546304758,5.0391087028795765,-1.7998405058192557,-0.911512163426854,0.49243607714972343,4.7080321207781335,-2.275721162084983,-1.1368940227946873,0.4649938616799149,0.338,0.318,-0.031,0.464077579721322,0.4485570788383484,-0.12466586381196976,0.4485570788383484,0.4649938616799149,2105.0,0.20849307636360478,NAV2,False,True,True,True,,,0.543229601605543,9.940508842468262
13.598188778999429,130.98022766422784,105.8592469256168,-1.0838276561115405,-0.06122062546304758,5.048850784031389,-1.812456933001588,-0.9156476257165956,0.4900458483414092,4.716047700077488,-2.2932061706325344,-1.1423108386865606,0.48358454751987245,0.412,0.128,0.041,0.4314255439818092,0.4485570788383484,-0.12466586381196976,0.4485570788383484,0.48358454751987245,2133.0,0.20821470798344002,NAV2,False,True,True,True,,,0.5372915051002807,9.940508842468262
13.639114494999376,131.01213843040458,105.88416286392939,-1.0953865101978968,-0.06242489903780192,5.058717876446522,-1.825318385782129,-0.9185315058129534,0.4897196156303289,4.724108825079021,-2.311048182314065,-1.1478174229164693,0.4901593022681502,0.412,0.128,0.041,0.4314255439818092,0.44843000173568726,-0.12235109508037567,0.4485570788383484,0.4901593022681502,2191.0,0.20793633960327523,NAV2,False,True,True,True,,,0.5320164072672983,9.940508842468262
13.679464254999402,131.01213843040458,105.88416286392939,-1.0953865101978968,-0.06242489903780192,5.068703763518536,-1.838417443381461,-0.9213194947619279,0.49118357745934804,4.732264638918531,-2.329372808611244,-1.1534551530765593,0.5107904292368836,0.455,0.25,-0.073,0.5191579721048305,0.44843000173568726,-0.12235109508037567,0.44843000173568726,0.5107904292368836,2222.0,0.20793633960327523,NAV2,False,True,True,True,,,0.5320164072672983,9.940508842468262
13.721709099999316,131.044821788052,105.90860096436212,-1.108031003822739,-0.06332565947934841,5.089128146484861,-1.8655545643814184,-0.9310203294810475,0.4990916506793488,4.740869691930721,-2.349017992325571,-1.1594323515263798,0.5180453310280866,0.455,0.25,-0.073,0.5191579721048305,0.44843000173568726,-0.12235109508037567,0.44843000173568726,0.5180453310280866,2191.0,0.20570948564618408,NAV2,False,True,True,True,,,0.5306922222033602,9.940508842468262
13.764942462999898,131.044821788052,105.90860096436212,-1.108031003822739,-0.06332565947934841,5.099157064836586,-1.879067553563181,-0.9352756811103822,0.5009640556217207,4.752452913920631,-2.375968924377448,-1.1675965506676953,0.5107904292368836,0.455,0.25,-0.073,0.5191579721048305,0.44813627004623413,-0.12047330290079117,0.44813627004623413,0.5107904292368836,2285.0,0.20598780748423537,NAV2,False,True,True,True,,,0.5124461275485568,9.940508842468262
13.805087670999455,131.044821788052,105.90860096436212,-1.108031003822739,-0.06332565947934841,5.109362211053716,-1.8929230270748794,-0.9384057276310234,0.5049076970917525,4.760573165657804,-2.3952374609471043,-1.173409544337092,0.49673405701642787,0.395,0.228,-0.099,0.4560800368356414,0.44813627004623413,-0.12047330290079117,0.44813627004623413,0.49673405701642787,2253.0,0.20543116380813267,NAV2,False,True,True,True,,,0.506092957303435,9.940508842468262
13.850259768999422,131.07827984938612,105.9326210337905,-1.1197605558362111,-0.06403299527779943,5.129131328434222,-1.920080134420666,-0.9459889720474659,0.5058456793904094,4.768117603952763,-2.413421876060926,-1.1788418003273111,0.5037622431266557,0.395,0.228,-0.099,0.4560800368356414,0.44813627004623413,-0.12047330290079117,0.44813627004623413,0.5037622431266557,2253.0,0.20348253860486606,NAV2,False,True,True,True,,,0.5030739654880142,9.940508842468262
13.895877801000097,131.07827984938612,105.9326210337905,-1.1197605558362111,-0.06403299527779943,5.138984664770199,-1.9338164904850057,-0.9517839558768317,0.5067910258130646,4.775818811390311,-2.4322752902477327,-1.1843784726306885,0.5037622431266557,0.397,0.329,-0.047,0.5156064390598706,0.4477788805961609,-0.11922827363014221,0.4477788805961609,0.5037622431266557,2191.0,0.1995855209088997,NAV2,False,True,True,True,,,0.4987307422357784,9.940508842468262
13.938738566999746,131.11233081541485,105.95833491642573,-1.135436604265607,-0.06595990850136246,5.14864533313314,-1.9474301990721539,-0.95712659461701,0.5061827734907186,4.783777922591266,-2.45207940593486,-1.1900756383500724,0.5037622431266557,0.397,0.329,-0.047,0.5156064390598706,0.4477788805961609,-0.11922827363014221,0.4477788805961609,0.5037622431266557,2222.0,0.1965235152692009,NAV2,False,True,True,True,,,0.4873774398757031,9.940508842468262
13.979741580999871,131.11233081541485,105.95833491642573,-1.135436604265607,-0.06595990850136246,5.158281102470425,-1.9611605836560257,-0.9620057543136782,0.5062477111766425,4.794065297998616,-2.4781577052695636,-1.1975466103516232,0.48358454751987245,0.4,0.168,0.141,0.43384789961459996,0.4477482736110687,-0.11700936406850815,0.4477788805961609,0.48358454751987245,2133.0,0.1965235152692009,NAV2,False,True,True,True,,,0.4723077623722355,9.940508842468262
14.021866553999644,131.14912561929668,105.9834556458957,-1.1493843848984622,-0.0670717812213804,5.176924356867719,-1.9880942653023665,-0.9695716063319941,0.502180247235663,4.797728983661184,-2.487588378829943,-1.2002549546668433,0.5037622431266557,0.4,0.168,0.141,0.43384789961459996,0.4477482736110687,-0.11700936406850815,0.4477482736110687,0.5037622431266557,2191.0,0.19763698878985983,NAV2,False,True,True,True,,,0.4615854775026786,9.940508842468262
14.065119439999762,131.14912561929668,105.9834556458957,-1.1493843848984622,-0.0670717812213804,5.186249184119651,-2.0017297009255537,-0.9733120997157436,0.5013981499035518,4.808255275780532,-2.5151115363222023,-1.2081325369218008,0.48358454751987245,0.4,0.168,0.141,0.43384789961459996,0.4477482736110687,-0.11700936406850815,0.4477482736110687,0.48358454751987245,2133.0,0.19735862040969504,NAV2,False,True,True,True,,,0.4570225553354583,9.940508842468262
14.109670594999443,131.14912561929668,105.9834556458957,-1.1493843848984622,-0.0670717812213804,5.195409412442737,-2.0152343350417907,-0.9769680228134607,0.4995099728392605,4.815096317952784,-2.533355059309647,-1.2133412287129728,0.48358454751987245,0.197,0.188,-0.004,0.27231048455760937,0.4477482736110687,-0.11700936406850815,0.4477482736110687,0.48358454751987245,2051.0,0.19735862040969504,NAV2,False,True,True,True,,,0.45556300497340074,9.940508842468262
14.149964393999653,131.18617496803964,106.00605346414139,-1.1611551887456342,-0.06680970293016471,5.213931238534964,-2.0428270305157894,-0.9834338120290554,0.5000422501443256,4.821574402776032,-2.550899757484092,-1.218340991495615,0.4772365084525699,0.197,0.188,-0.004,0.27231048455760937,0.4481174647808075,-0.11522737145423889,0.4481174647808075,0.4772365084525699,2077.0,0.19735862040969504,NAV2,False,True,True,True,,,0.4492235022226143,9.940508842468262
14.19619320899983,131.18617496803964,106.00605346414139,-1.1611551887456342,-0.06680970293016471,5.223104565952431,-2.056661200017776,-0.9876819614010062,0.5000853982110636,4.828083372547995,-2.5688067083087205,-1.2234276249834435,0.4772365084525699,0.205,0.265,-0.084,0.3350373113550191,0.4481174647808075,-0.11522737145423889,0.4481174647808075,0.4772365084525699,2105.0,0.1970802520295304,NAV2,False,True,True,True,,,0.4441433060473915,9.940508842468262
14.238758899999993,131.21704470301145,106.02859422541776,-1.172031221133735,-0.06841415891839984,5.232239786273522,-2.070549845840388,-0.991602207180274,0.5003693312225443,4.8343795719686495,-2.586402218723894,-1.228406681008226,0.45909925397456247,0.205,0.265,-0.084,0.3350373113550191,0.4487731456756592,-0.11372876167297363,0.4487731456756592,0.45909925397456247,2000.0,0.1965235152692009,NAV2,False,True,True,True,,,0.4378354086423696,9.940508842468262
14.279747879999377,131.21704470301145,106.02859422541776,-1.172031221133735,-0.06841415891839984,5.2412395737001445,-2.0843474061609757,-0.9950606273022524,0.4998339684571095,4.840473477215518,-2.6036994297554936,-1.2332894242091668,0.4649938616799149,0.443,0.114,0.017,0.45743305521136096,0.4487731456756592,-0.11372876167297363,0.4487731456756592,0.4649938616799149,2025.0,0.1965235152692009,NAV2,False,True,True,True,,,0.4311139458622052,9.940508842468262
14.321154286999445,131.24450346722227,106.048969764045,-1.1816709418129636,-0.0696963885871431,5.250180477532098,-2.0981636410813045,-0.9985765715933751,0.4993132315564883,4.8464551418764135,-2.6209453835131225,-1.2381494231736618,0.44776346992580784,0.443,0.114,0.017,0.45743305521136096,0.4487731456756592,-0.11372876167297363,0.4487731456756592,0.44776346992580784,1927.0,0.1965235152692009,NAV2,False,True,True,True,,,0.42776593065674345,9.940508842468262
14.361629869999888,131.24450346722227,106.048969764045,-1.1816709418129636,-0.0696963885871431,5.267782896475474,-2.125692825180046,-1.0056674786034812,0.49762653673042767,4.855015554304723,-2.646106933499643,-1.2452160344639565,0.44232229358240566,0.443,0.114,0.017,0.45743305521136096,0.4487731456756592,-0.11372876167297363,0.4487731456756592,0.44232229358240566,1951.0,0.1962451468890361,NAV2,False,True,True,True,,,0.4152423787669439,9.940508842468262
14.402543450999474,131.24450346722227,106.048969764045,-1.1816709418129636,-0.0696963885871431,5.276342261809663,-2.139231630153493,-1.0085456260308234,0.49571242257441156,4.860261088892552,-2.66181594988999,-1.249619496198627,0.41216910801271833,0.356,0.244,0.141,0.43159240030380513,0.44943463802337646,-0.11275317519903183,0.44943463802337646,0.4169301373131953,1818.0,0.1962451468890361,NAV2,False,True,True,True,,,0.4152423787669439,9.940508842468262
14.445038853999904,131.27946170320854,106.06518637544016,-1.1920902996918823,-0.06671720706194759,5.284920069264058,-2.152891944172585,-1.0118629894044595,0.4945729104331967,4.865545027421208,-2.677878185749595,-1.2541000506946038,0.4368811172390034,0.356,0.244,0.141,0.43159240030380513,0.44943463802337646,-0.11275317519903183,0.44943463802337646,0.4368811172390034,1951.0,0.19541008829065526,NAV2,False,True,True,True,,,0.4052855792112092,9.940508842468262
14.486627926999972,131.27946170320854,106.06518637544016,-1.1920902996918823,-0.06671720706194759,5.299405428768031,-2.1763595192182175,-1.0195359245113407,0.47630680210289106,4.8710344758613715,-2.6948304570409984,-1.258811963874897,0.44776346992580784,0.414,0.035,0.018,0.4154768344926104,0.45074060559272766,-0.10549652576446533,0.45074060559272766,0.44776346992580784,1927.0,0.19513167336837714,NAV2,False,True,True,True,,,0.3974108662112507,10.334962844848633
14.53549639099947,131.31464085457165,106.07779501844375,-1.2052291014567462,-0.06182285496075108,5.305981429129555,-2.1872008415050215,-1.0241001025254803,0.4655010310642811,4.876392847554745,-2.711644202651185,-1.2634214369936563,0.43166665657657627,0.414,0.035,0.018,0.4154768344926104,0.45074060559272766,-0.10549652576446533,0.45074060559272766,0.43166665657657627,1951.0,0.19039959707402992,NAV2,False,True,True,True,,,0.3919786953531083,10.334962844848633
14.575762709999253,131.31464085457165,106.07779501844375,-1.2052291014567462,-0.06182285496075108,5.3122720636115295,-2.197688484345974,-1.0283733283836347,0.4544509052632412,4.881701004262282,-2.7285667904871707,-1.2679826634570333,0.45909925397456247,0.51,-0.008,-0.054,0.5100627412387617,0.45074060559272766,-0.10549652576446533,0.45074060559272766,0.45909925397456247,2077.0,0.1895644919335357,NAV2,False,True,True,True,,,0.38406071346774956,10.334962844848633
14.617330153999319,131.31464085457165,106.07779501844375,-1.2052291014567462,-0.06182285496075108,5.328704274956442,-2.2250721691799313,-1.0356771730364418,0.45949739038060483,4.887329081815024,-2.7468170779413335,-1.272894377618028,0.4708884693852673,0.51,-0.008,-0.054,0.5100627412387617,0.45074060559272766,-0.10549652576446533,0.45074060559272766,0.4708884693852673,2025.0,0.1895644919335357,NAV2,False,True,True,True,,,0.3789854620799185,10.334962844848633
14.658691795999403,131.3521794870427,106.08725343329286,-1.2187556929224763,-0.05492510625038286,5.336372952817073,-2.238058532495784,-1.039743638867904,0.45833396229450696,4.892554539513925,-2.7640487525727386,-1.2775187588766472,0.4534313619501852,0.51,-0.008,-0.054,0.5100627412387617,0.4524461627006531,-0.09887004643678665,0.4524461627006531,0.4534313619501852,2000.0,0.18928612355337096,NAV2,False,True,True,True,,,0.3736697343482426,10.334962844848633
14.698898263999581,131.3521794870427,106.08725343329286,-1.2187556929224763,-0.05492510625038286,5.343998579416574,-2.251079446057015,-1.0431038096607752,0.4573109043516206,4.89781568501571,-2.7816951015893814,-1.2822070782350499,0.44776346992580784,0.217,0.312,-0.01,0.3800434185721416,0.4524461627006531,-0.09887004643678665,0.4524461627006531,0.44776346992580784,1975.0,0.18622411791367205,NAV2,False,True,True,True,,,0.36816067828190974,10.334962844848633
14.73995189299967,131.3900192372286,106.0952478548478,-1.2311432716415625,-0.04776938957505909,5.351653752089075,-2.2642412330211554,-1.0461831429515112,0.4569666581117592,4.905153402342905,-2.8068129395473576,-1.2887531555597618,0.43166665657657627,0.217,0.312,-0.01,0.3800434185721416,0.45344626903533936,-0.09491440653800964,0.45344626903533936,0.4368811172390034,1904.0,0.1839972639565809,NAV2,False,True,True,True,,,0.36463173901903884,10.334962844848633
14.783432320999964,131.3900192372286,106.0952478548478,-1.2311432716415625,-0.04776938957505909,5.366710933461933,-2.290448856544477,-1.0531472469116103,0.455484174352135,4.909820036800178,-2.823110463462201,-1.2929649462744668,0.4266789115951242,0.385,0.116,0.007,0.40209575973889605,0.45344626903533936,-0.09491440653800964,0.45344626903533936,0.4266789115951242,1882.0,0.1817703169152629,NAV2,False,True,True,True,,,0.3567827958355425,10.334962844848633
14.823879718999706,131.42698188261534,106.10373325218578,-1.2429149095855894,-0.04154740009446946,5.374282531751101,-2.303787214585624,-1.0567302448591738,0.45492017163920606,4.914534208759585,-2.8398401034349314,-1.2971798350436883,0.4368811172390034,0.385,0.116,0.007,0.40209575973889605,0.45344626903533936,-0.09491440653800964,0.45344626903533936,0.4368811172390034,1927.0,0.17759488429701845,NAV2,False,True,True,True,,,0.35311092745135897,10.334962844848633
14.864607964999777,131.42698188261534,106.10373325218578,-1.2429149095855894,-0.04154740009446946,5.381575720301642,-2.316739144415061,-1.060047337210074,0.45439490098324065,4.919397174522233,-2.8573891499848707,-1.3015684706930462,0.44776346992580784,0.385,0.116,0.007,0.40209575973889605,0.45344626903533936,-0.09491440653800964,0.45344626903533936,0.44776346992580784,2000.0,0.17703814753668895,NAV2,False,True,True,True,,,0.34569224665820747,10.334962844848633
14.910545381999327,131.42698188261534,106.10373325218578,-1.2429149095855894,-0.04154740009446946,5.388957078234407,-2.3299525872894233,-1.0635428399241402,0.4539940017452386,4.924216161772246,-2.8750819314457248,-1.305977706680128,0.45909925397456247,0.404,0.068,0.039,0.4096828041302198,0.45308446884155273,-0.09415070712566376,0.45308446884155273,0.45909925397456247,2077.0,0.17675987224075096,NAV2,False,True,True,True,,,0.33685192950027676,10.334962844848633
14.955553146000057,131.4617031891995,106.10976896335194,-1.2548519628624342,-0.03488227610787454,5.403619693364719,-2.3565348024424435,-1.071053458321075,0.4539264606099722,4.928972458548536,-2.8928538529100134,-1.3103981334522676,0.4649938616799149,0.404,0.068,0.039,0.4096828041302198,0.45308446884155273,-0.09415070712566376,0.45308446884155273,0.4649938616799149,2077.0,0.17648141077635937,NAV2,False,True,True,True,,,0.3286250834409374,10.334962844848633
14.99684621599954,131.4617031891995,106.10976896335194,-1.2548519628624342,-0.03488227610787454,5.4109583265830965,-2.370014609258919,-1.0749645665078393,0.4543448579760149,4.933800351607316,-2.911225670096904,-1.314958727204545,0.4772365084525699,0.358,0.134,0.044,0.3822564584150279,0.4522055685520172,-0.09362801164388657,0.4522055685520172,0.4772365084525699,2162.0,0.17648141077635937,NAV2,False,True,True,True,,,0.32224716648339385,10.334962844848633
15.038853234999806,131.50074514639783,106.1136132884979,-1.2679837547891508,-0.02632006412955728,5.418245504887047,-2.3835140847056384,-1.0782984913717488,0.45473384988596,4.938784221540567,-2.9305622511390204,-1.3197347092812486,0.48358454751987245,0.358,0.134,0.044,0.3822564584150279,0.4522055685520172,-0.09362801164388657,0.4522055685520172,0.48358454751987245,2105.0,0.17536803033992723,NAV2,False,True,True,True,,,0.3191123011856928,10.334962844848633
15.079254362000029,131.50074514639783,106.1136132884979,-1.2679837547891508,-0.02632006412955728,5.42553417063012,-2.397121762951851,-1.0814834064649643,0.4554736509037333,4.943347350374738,-2.948601418881907,-1.3241340656100078,0.4708884693852673,0.429,0.273,0.006,0.5084977876058066,0.4522055685520172,-0.09362801164388657,0.4522055685520172,0.4708884693852673,2051.0,0.17341945167877398,NAV2,False,True,True,True,,,0.31502726808053494,10.334962844848633
15.119971746999909,131.54143991682426,106.1177466038164,-1.2792274383496227,-0.01812737169019537,5.439839333085369,-2.424158550302059,-1.0878524923976207,0.45545397966038087,4.949945470383616,-2.9752934008711933,-1.3306153313858409,0.45909925397456247,0.429,0.273,0.006,0.5084977876058066,0.4522055685520172,-0.09362801164388657,0.4522055685520172,0.4534313619501852,2025.0,0.17314117638283602,NAV2,False,True,True,True,,,0.3093448147342069,10.334962844848633
15.164779472999726,131.54143991682426,106.1177466038164,-1.2792274383496227,-0.01812737169019537,5.446905880672378,-2.4376725459772737,-1.0913134724318918,0.4556564579974339,4.954330917708044,-2.9934578969721333,-1.3349926466135704,0.4649938616799149,0.429,0.273,0.006,0.5084977876058066,0.45184019207954407,-0.09214379638433456,0.45184019207954407,0.4649938616799149,2077.0,0.17174928793989888,NAV2,False,True,True,True,,,0.3066571376900843,10.334962844848633
15.205125139999836,131.54143991682426,106.1177466038164,-1.2792274383496227,-0.01812737169019537,5.453991792002689,-2.4513414693382205,-1.0952643153851505,0.456016597174729,4.958951313091378,-3.0129853867622853,-1.3396000061735793,0.4772365084525699,0.435,0.078,-0.056,0.4419377784258775,0.45184019207954407,-0.09214379638433456,0.45184019207954407,0.4772365084525699,2105.0,0.16757390186376778,NAV2,False,True,True,True,,,0.29971898393971164,10.334962844848633
15.245333021999613,131.58142972294596,106.12009629838626,-1.292104985282426,-0.009605592499615317,5.461020182842308,-2.465036132452324,-1.0995598363328032,0.456326589839527,4.962982985416986,-3.0303482021355688,-1.3436484653153191,0.4708884693852673,0.435,0.078,-0.056,0.4419377784258775,0.4525173604488373,-0.09013485908508301,0.4525173604488373,0.4708884693852673,2051.0,0.1664603818009954,NAV2,False,True,True,True,,,0.2883348066828181,10.334962844848633
15.296980477000034,131.58142972294596,106.12009629838626,-1.292104985282426,-0.009605592499615317,5.4750240024081736,-2.4926781527575903,-1.1058178743605107,0.4574021282007531,4.967137105108253,-3.048582977432539,-1.3478516026992213,0.4708884693852673,0.374,0.049,0.069,0.37719623540008984,0.4525173604488373,-0.09013485908508301,0.4525173604488373,0.4708884693852673,2025.0,0.1639551594637394,NAV2,False,True,True,True,,,0.2858985008263412,10.334962844848633
15.338927979999426,131.62294216515272,106.11871234566465,-1.3033874531694027,0.0010277187492569928,5.481931415089301,-2.5064768655886303,-1.108415888553095,0.45725770411802547,4.971163735345627,-3.066601196886169,-1.351960639744927,0.45909925397456247,0.374,0.049,0.069,0.37719623540008984,0.4525173604488373,-0.09013485908508301,0.4525173604488373,0.45909925397456247,2000.0,0.16312010086535858,NAV2,False,True,True,True,,,0.28587349195547457,10.334962844848633
15.379681272999733,131.62294216515272,106.11871234566465,-1.3033874531694027,0.0010277187492569928,5.488619535068592,-2.5199464746871305,-1.1119019255021196,0.4570151083648627,4.976943534908273,-3.093083398170804,-1.3578500834222436,0.45909925397456247,0.339,0.143,0.093,0.3679266231193389,0.45394831895828247,-0.08910951018333435,0.45394831895828247,0.44776346992580784,2025.0,0.16005809522565972,NAV2,False,True,True,True,,,0.279636064764555,10.334962844848633
15.42038253299961,131.6677889110797,106.11846228510589,-1.3146962721707984,0.01123885026506935,5.495314085532783,-2.533552824673533,-1.115894002035172,0.45663011617614335,4.978991935397818,-3.1026515713292246,-1.3598950898834188,0.4772365084525699,0.339,0.143,0.093,0.3679266231193389,0.45394831895828247,-0.08910951018333435,0.45394831895828247,0.4772365084525699,2051.0,0.15282070350982976,NAV2,False,True,True,True,,,0.2721003609023598,10.334962844848633
15.464573840999947,131.6677889110797,106.11846228510589,-1.3146962721707984,0.01123885026506935,5.508793068209129,-2.561269780435361,-1.1219019427452734,0.4571614349848491,4.984631618026402,-3.129497820808424,-1.3656413278018,0.45909925397456247,0.339,0.143,0.093,0.3679266231193389,0.45394831895828247,-0.08910951018333435,0.45394831895828247,0.45909925397456247,2000.0,0.15309907188999453,NAV2,False,True,True,True,,,0.26429607979202363,10.334962844848633
15.509619638000004,131.6677889110797,106.11846228510589,-1.3146962721707984,0.01123885026506935,5.515090837066278,-2.5744182903489032,-1.1244772220823895,0.4554355789134191,4.988279653405676,-3.1472840341855663,-1.3694492667412888,0.44776346992580784,0.482,-0.063,-0.152,0.48609978399501474,0.4557904303073883,-0.08801969140768051,0.4557904303073883,0.44776346992580784,2000.0,0.15337744027015932,NAV2,False,True,True,True,,,0.26128169773997856,10.334962844848633
15.549822785999822,131.7134471336441,106.11500220847037,-1.3238036827817254,0.02300824348531302,5.5274183798209835,-2.6004489975565224,-1.1303519818785102,0.451628803004458,4.991821491977462,-3.1648904228016264,-1.3732191907754256,0.44776346992580784,0.482,-0.063,-0.152,0.48609978399501474,0.4557904303073883,-0.08801969140768051,0.4557904303073883,0.44776346992580784,1975.0,0.15337744027015932,NAV2,False,True,True,True,,,0.2601233740335772,10.334962844848633
15.597488306999367,131.7134471336441,106.11500220847037,-1.3238036827817254,0.02300824348531302,5.533683750364457,-2.61380070667531,-1.133385563660958,0.4506077585573313,4.99529728399013,-3.1825113338990128,-1.376982688020812,0.44776346992580784,0.45,0.206,0.012,0.4949100928451551,0.4557904303073883,-0.08801969140768051,0.4557904303073883,0.44776346992580784,1951.0,0.15309907188999453,NAV2,False,True,True,True,,,0.2542568524307286,10.334962844848633
15.638731830999859,131.7575381060117,106.11101610410702,-1.3333170019473537,0.03388078708828562,5.540022904008647,-2.6273853798300437,-1.135806438834928,0.45025942004638525,4.998585534710304,-3.1995086618537627,-1.3806041484354366,0.4266789115951242,0.45,0.206,0.012,0.4949100928451551,0.45767635107040405,-0.08695834875106812,0.45767635107040405,0.4266789115951242,1904.0,0.15282070350982976,NAV2,False,True,True,True,,,0.24938440758196456,10.334962844848633
15.678827851999813,131.7575381060117,106.11101610410702,-1.3333170019473537,0.03388078708828562,5.546260447887634,-2.640844252256133,-1.1379701379821041,0.44955336688914616,5.001794377865737,-3.216422043020641,-1.3842020060307942,0.43166665657657627,0.346,0.158,0.174,0.38036824262811425,0.45767635107040405,-0.08695834875106812,0.45767635107040405,0.43166665657657627,1882.0,0.15282070350982976,NAV2,False,True,True,True,,,0.2447812523203014,10.334962844848633
15.719639049999387,131.8023346522687,106.10881761998829,-1.3417618500923256,0.043186137123377794,5.551724316511838,-2.6528158373531854,-1.140882013117993,0.44377017952585346,5.004920662586321,-3.2332285027650416,-1.3877747159705331,0.42169116661367223,0.346,0.158,0.174,0.38036824262811425,0.45767635107040405,-0.08695834875106812,0.45767635107040405,0.42169116661367223,1904.0,0.15282070350982976,NAV2,False,True,True,True,,,0.24041650974405257,10.127939224243164
15.759749881999596,131.8023346522687,106.10881761998829,-1.3417618500923256,0.043186137123377794,5.5630170927580656,-2.677801820281624,-1.1482753896131557,0.4370159554065996,5.008023599251579,-3.2502500872925997,-1.3913844034590466,0.4368811172390034,0.346,0.158,0.174,0.38036824262811425,0.4595962464809418,-0.08638794720172882,0.4595962464809418,0.4368811172390034,1839.0,0.15254233512966503,NAV2,False,True,True,True,,,0.23252039731006532,10.127939224243164
15.800490707999415,131.8023346522687,106.10881761998829,-1.3417618500923256,0.043186137123377794,5.568441757121282,-2.6899590369377924,-1.1504756885363072,0.43229748342585594,5.010982615131709,-3.266812952748651,-1.3948789857860682,0.4266789115951242,0.173,-0.122,-0.124,0.21169081227110448,0.4595962464809418,-0.08638794720172882,0.4595962464809418,0.4266789115951242,1882.0,0.1514288616090061,NAV2,False,True,True,True,,,0.2252102592558927,10.127939224243164
15.84520022400011,131.84143290842337,106.10391260265965,-1.3520561865227945,0.05153082440646993,5.574229932769486,-2.7029401784211045,-1.1524017967145752,0.43094454900702417,5.015326051164582,-3.291754203083612,-1.4001200768866642,0.42169116661367223,0.173,-0.122,-0.124,0.21169081227110448,0.4595962464809418,-0.08638794720172882,0.4595962464809418,0.42169116661367223,1818.0,0.1514288616090061,NAV2,False,True,True,True,,,0.22309425448251818,10.127939224243164
15.886717654999302,131.84143290842337,106.10391260265965,-1.3520561865227945,0.05153082440646993,5.585235208317445,-2.727911286881906,-1.157970133076995,0.4246302151481104,5.018101175501839,-3.3081068039453503,-1.40354998115151,0.4169301373131953,0.38,0.203,-0.009,0.43082362980690836,0.46143943071365356,-0.085863396525383,0.46143943071365356,0.4169301373131953,1927.0,0.1511504932288413,NAV2,False,True,True,True,,,0.21744142643165884,10.127939224243164
15.927393340999515,131.87532814847717,106.09887014594882,-1.3641855920520196,0.057548278840067815,5.590906198389113,-2.7408957674112315,-1.1608001931860068,0.4240573363386488,5.021155390555621,-3.3265224362769743,-1.407403004887734,0.44232229358240566,0.38,0.203,-0.009,0.43082362980690836,0.46143943071365356,-0.085863396525383,0.46143943071365356,0.44232229358240566,1951.0,0.15059375646851178,NAV2,False,True,True,True,,,0.2133738672793037,10.127939224243164
15.97546190399953,131.87532814847717,106.09887014594882,-1.3641855920520196,0.057548278840067815,5.596540325728021,-2.75390268497933,-1.1639899824329292,0.4237064827567984,5.0237957060383645,-3.342794734673988,-1.4107816651194196,0.4368811172390034,0.083,0.039,-0.225,0.091706052144883,0.46311601996421814,-0.08474048972129822,0.46143943071365356,0.4368811172390034,1904.0,0.1497587444122443,NAV2,False,True,True,True,,,0.2049196097595388,10.127939224243164
16.016160849999324,131.87532814847717,106.09887014594882,-1.3641855920520196,0.057548278840067815,5.602264056512978,-2.7672183763668095,-1.1670084209318219,0.4248972583179463,5.026502312469615,-3.3598538867252508,-1.4143375708438706,0.43166665657657627,0.083,0.039,-0.225,0.091706052144883,0.46311601996421814,-0.08474048972129822,0.46311601996421814,0.43166665657657627,1882.0,0.15059375646851178,NAV2,False,True,True,True,,,0.19634932716996084,10.127939224243164
16.058802947000004,131.90478202419447,106.09381180129003,-1.3781288779440077,0.06148290200460412,5.613634614864811,-2.7939050995806793,-1.1701217367521053,0.42704820782071723,5.02916233009167,-3.377015097690175,-1.4179127114480337,0.4368811172390034,0.083,0.039,-0.225,0.091706052144883,0.46311601996421814,-0.08474048972129822,0.46311601996421814,0.4368811172390034,1927.0,0.15059375646851178,NAV2,False,True,True,True,,,0.19594444244629114,10.127939224243164
16.09897567600001,131.90478202419447,106.09381180129003,-1.3781288779440077,0.06148290200460412,5.61933724255239,-2.807404486223783,-1.1726459841933954,0.4285657544911716,5.031750609269055,-3.394116300388507,-1.4214766309145483,0.43166665657657627,0.339,0.024,-0.042,0.3398484956565205,0.46311601996421814,-0.08474048972129822,0.46311601996421814,0.43166665657657627,1904.0,0.15059375646851178,NAV2,False,True,True,True,,,0.19374782356668394,10.127939224243164
16.139526653999383,131.93016500313308,106.0845464765626,-1.3935991761261868,0.06626009333778189,5.624890750828256,-2.820672085256011,-1.1763512637132094,0.42853176592959463,5.035514664014393,-3.4197556986678723,-1.426806866116943,0.43166665657657627,0.339,0.024,-0.042,0.3398484956565205,0.46444040536880493,-0.08421299606561661,0.46444040536880493,0.43166665657657627,1904.0,0.15031548117257382,NAV2,False,True,True,True,,,0.1897336546066568,10.127939224243164
16.179711314999622,131.93016500313308,106.0845464765626,-1.3935991761261868,0.06626009333778189,5.630422117335905,-2.8339873008053225,-1.1788230772743966,0.42889891200030467,5.03794562816848,-3.4368420154440225,-1.4303567001228727,0.43166665657657627,0.298,0.033,-0.131,0.2998216136305053,0.46444040536880493,-0.08421299606561661,0.46444040536880493,0.43166665657657627,1904.0,0.15031548117257382,NAV2,False,True,True,True,,,0.19026742455524698,10.127939224243164
16.22033023699987,131.95449889568758,106.07379673210765,-1.409328445218858,0.0712813888015274,5.6414676298705375,-2.8608390341178525,-1.1827982618200428,0.43053555824558987,5.040409581414252,-3.4546270446737957,-1.4340563963858728,0.4534313619501852,0.298,0.033,-0.131,0.2998216136305053,0.46444040536880493,-0.08421299606561661,0.46444040536880493,0.44232229358240566,2000.0,0.15059375646851178,NAV2,False,True,True,True,,,0.19580681194402574,10.127939224243164
16.260378209999544,131.95449889568758,106.07379673210765,-1.409328445218858,0.0712813888015274,5.647191436871406,-2.874903996206859,-1.1855969803979831,0.43516917378558995,5.042807264143715,-3.4724178041879674,-1.4377554135533515,0.4534313619501852,0.298,0.033,-0.131,0.2998216136305053,0.46548914909362793,-0.0835985615849495,0.46548914909362793,0.44776346992580784,2000.0,0.15059375646851178,NAV2,False,True,True,True,,,0.1907221548898343,10.127939224243164
16.30443170699982,131.95449889568758,106.07379673210765,-1.409328445218858,0.0712813888015274,5.652850290141233,-2.8889153338544773,-1.1884126721271309,0.43867882828264393,5.045138272578971,-3.490210456188765,-1.4414530075892966,0.44776346992580784,0.352,0.233,0.136,0.42212912716371515,0.46548914909362793,-0.0835985615849495,0.46548914909362793,0.44776346992580784,2000.0,0.15059375646851178,NAV2,False,True,True,True,,,0.19350816507898305,10.127939224243164
16.346154093999758,131.97920762260836,106.06619332754119,-1.4239628790233052,0.07447110507024639,5.65836492562143,-2.902665755007595,-1.1909158721605058,0.4396346228972075,5.047535027712841,-3.509070406276811,-1.4453704497485673,0.4772365084525699,0.352,0.233,0.136,0.42212912716371515,0.46548914909362793,-0.0835985615849495,0.46548914909362793,0.4772365084525699,2162.0,0.15059375646851178,NAV2,False,True,True,True,,,0.20808647191110016,10.127939224243164
16.39560583399998,131.97920762260836,106.06619332754119,-1.4239628790233052,0.07447110507024639,5.670151054139098,-2.932489228027741,-1.1970553253514127,0.4568457722909602,5.04988159318145,-3.5281361395776,-1.4493216241466598,0.4901593022681502,0.743,-0.007,0.139,0.7430329736963226,0.4662623405456543,-0.08241493999958038,0.4662623405456543,0.4901593022681502,2222.0,0.15031548117257382,NAV2,False,True,True,True,,,0.22030901694770966,10.127939224243164
16.435858877999635,132.00942009888283,106.05920783365175,-1.4372933994237915,0.07904017496034144,5.676004248615811,-2.9475455498432885,-1.2021449592032158,0.46312837640464016,5.052296822063672,-3.548450751977034,-1.4535031006930546,0.5107904292368836,0.743,-0.007,0.139,0.7430329736963226,0.4662623405456543,-0.08241493999958038,0.4662623405456543,0.5107904292368836,2191.0,0.1489236392717501,NAV2,False,True,True,True,,,0.22642776277042115,10.127939224243164
16.478845505999743,132.00942009888283,106.05920783365175,-1.4372933994237915,0.07904017496034144,5.682054419678911,-2.9633153032402206,-1.2062023159013167,0.4732559514705914,5.054534751716209,-3.5679441299107886,-1.457488471518672,0.49673405701642787,0.28,0.075,0.079,0.2898706608127149,0.46706223487854004,-0.0797087624669075,0.4662623405456543,0.49673405701642787,2191.0,0.1483669025114206,NAV2,False,True,True,True,,,0.22475334228341023,10.127939224243164
16.520025017999615,132.00942009888283,106.05920783365175,-1.4372933994237915,0.07904017496034144,5.69372729332616,-2.994100346337909,-1.210223306827661,0.4821606697028329,5.056728706931318,-3.5877588003024723,-1.4615340295135473,0.49673405701642787,0.28,0.075,0.079,0.2898706608127149,0.46706223487854004,-0.0797087624669075,0.46706223487854004,0.49673405701642787,2222.0,0.1483669025114206,NAV2,False,True,True,True,,,0.2183346620983855,10.127939224243164
16.56113312999969,132.04225270790485,106.05270197140091,-1.4476051692262828,0.08383536012705853,5.699555744634464,-3.009642721131161,-1.2132967053537027,0.48621776056462185,5.059847591501984,-3.6172844818032828,-1.467550334817947,0.48358454751987245,0.28,0.075,0.079,0.2898706608127149,0.46706223487854004,-0.0797087624669075,0.46706223487854004,0.4901593022681502,2133.0,0.1480885341312558,NAV2,False,True,True,True,,,0.21628396382889542,10.127939224243164
16.60397266899963,132.04225270790485,106.05270197140091,-1.4476051692262828,0.08383536012705853,5.705208860752218,-3.024834636961901,-1.216655861539945,0.48695108529203646,5.06181021945568,-3.6367933843339335,-1.4715256396150465,0.49673405701642787,0.707,0.019,0.187,0.7072552580221655,0.46706223487854004,-0.0797087624669075,0.46706223487854004,0.49673405701642787,2162.0,0.1480885341312558,NAV2,False,True,True,True,,,0.20226384774484973,10.127939224243164
16.646218846999545,132.0772715125934,106.0467063468043,-1.4556482209273671,0.08863570224110423,5.710899714330063,-3.040263755383783,-1.2189597882923373,0.48882181745754605,5.0636981442648095,-3.6563402613188796,-1.4755033247414928,0.4901593022681502,0.707,0.019,0.187,0.7072552580221655,0.4678252935409546,-0.07825250923633575,0.4678252935409546,0.4901593022681502,2105.0,0.1480885341312558,NAV2,False,True,True,True,,,0.18626235653500378,10.127939224243164
16.687706806999813,132.0772715125934,106.0467063468043,-1.4556482209273671,0.08863570224110423,5.722065875287741,-3.070826613771284,-1.2230650917202859,0.48974823775229726,5.065492174385711,-3.675711244054888,-1.4794183073142102,0.49673405701642787,0.353,0.265,0.056,0.44140004531037375,0.4678252935409546,-0.07825250923633575,0.4678252935409546,0.49673405701642787,2133.0,0.14614004855432938,NAV2,False,True,True,True,,,0.162347546306634,10.127939224243164
16.727799323,132.11418506199405,106.04121663051214,-1.4611989703187604,0.093268988740118,5.727576577709039,-3.0861067118215795,-1.2268086347656637,0.48952310044211855,5.067263821768218,-3.695688790111583,-1.4833055684203553,0.48358454751987245,0.353,0.265,0.056,0.44140004531037375,0.4678252935409546,-0.07825250923633575,0.4678252935409546,0.48358454751987245,2162.0,0.1397376688947669,NAV2,False,True,True,True,,,0.1541259116733286,10.127939224243164
16.77542072399956,132.11418506199405,106.04121663051214,-1.4611989703187604,0.093268988740118,5.733016885870695,-3.101353069601744,-1.2303676460436959,0.48946022254700566,5.068869633386658,-3.714579443693709,-1.4868907925848662,0.49673405701642787,0.475,0.203,-0.052,0.5165597738887533,0.46838292479515076,-0.07741647958755493,0.46838292479515076,0.49673405701642787,2222.0,0.13778913677572704,NAV2,False,True,True,True,,,0.1485143537441797,10.127939224243164
16.815550154999983,132.11418506199405,106.04121663051214,-1.4611989703187604,0.093268988740118,5.738500992727366,-3.1168940595636663,-1.2334468379173986,0.4910825709785309,5.07050476019956,-3.7347075114122052,-1.4906872944415985,0.49673405701642787,0.475,0.203,-0.052,0.5165597738887533,0.46838292479515076,-0.07741647958755493,0.46838292479515076,0.49673405701642787,2191.0,0.13695403163523284,NAV2,False,True,True,True,,,0.1430076669718951,10.127939224243164
16.85880830499991,132.15285669024388,106.04037002111122,-1.468057796285285,0.09456479687206161,5.749282231118613,-3.1478547529661838,-1.238818644601907,0.49238674937834204,5.072036929201751,-3.7544865137565484,-1.494420494308588,0.4901593022681502,0.475,0.203,-0.052,0.5165597738887533,0.46838292479515076,-0.07741647958755493,0.46838292479515076,0.4901593022681502,2222.0,0.13723244655751096,NAV2,False,True,True,True,,,0.13642030779542608,9.913909912109375
16.898884156999884,132.15285669024388,106.04037002111122,-1.468057796285285,0.09456479687206161,5.754631799054543,-3.163423392790657,-1.2415611833076527,0.49322002255616465,5.07350646105263,-3.7744298379304633,-1.4981836209689754,0.5037622431266557,0.486,0.043,0.032,0.4878985550296291,0.4688456654548645,-0.0765492245554924,0.4688456654548645,0.5037622431266557,2191.0,0.13695403163523284,NAV2,False,True,True,True,,,0.13272454312834722,9.913909912109375
16.939431856999363,132.1930747339749,106.03948959999268,-1.4729545141472777,0.09590537943009171,5.759940206465033,-3.1790173001358735,-1.2444777697844773,0.49388350702385103,5.074892270131057,-3.794248337261149,-1.5019185567343092,0.49673405701642787,0.486,0.043,0.032,0.4878985550296291,0.4688456654548645,-0.0765492245554924,0.4688456654548645,0.49673405701642787,2133.0,0.13695403163523284,NAV2,False,True,True,True,,,0.12867325490543763,9.913909912109375
16.97954278599991,132.1930747339749,106.03948959999268,-1.4729545141472777,0.09590537943009171,5.765190399302242,-3.1945867406851383,-1.2474199205878147,0.49441119916405196,5.076768441814667,-3.822956090525114,-1.507341267319776,0.4772365084525699,0.326,0.138,-0.006,0.3540056496724311,0.4694502055644989,-0.07534807175397873,0.4694502055644989,0.48358454751987245,2105.0,0.13723244655751096,NAV2,False,True,True,True,,,0.1236442087371857,9.913909912109375
17.021746860999883,132.23679542264026,106.03437438984754,-1.476122191664259,0.10092903041375047,5.775575720378128,-3.225803465601218,-1.2523910139068504,0.49500885628563457,5.077361523535969,-3.832564790110593,-1.5091511205105406,0.4772365084525699,0.326,0.138,-0.006,0.3540056496724311,0.4694502055644989,-0.07534807175397873,0.4694502055644989,0.4772365084525699,2051.0,0.13695403163523284,NAV2,False,True,True,True,,,0.11751903260692656,9.913909912109375
17.064301574999263,132.23679542264026,106.03437438984754,-1.476122191664259,0.10092903041375047,5.780660173641197,-3.24126614611286,-1.2547667389623627,0.4946658185621791,5.0789790147928935,-3.8603356623772096,-1.5143467980737326,0.4649938616799149,0.326,0.138,-0.006,0.3540056496724311,0.4694502055644989,-0.07534807175397873,0.4694502055644989,0.4649938616799149,2000.0,0.1358405581145738,NAV2,False,True,True,True,,,0.11221822814056553,9.913909912109375
17.109716092999406,132.23679542264026,106.03437438984754,-1.476122191664259,0.10092903041375047,5.784845618084794,-3.254090660753247,-1.2578620446738091,0.4819766477273253,5.07995825995287,-3.878482877335258,-1.517733182428265,0.4534313619501852,0.642,-0.031,0.072,0.642748006609122,0.4694502055644989,-0.07534807175397873,0.4694502055644989,0.4534313619501852,2000.0,0.13556223627652247,NAV2,False,True,True,True,,,0.1099844244393216,9.913909912109375
17.149932364999586,132.28172979130906,106.03014723428967,-1.4776849427806182,0.10560125912231874,5.7936234621060025,-3.281436015685846,-1.2633984277172492,0.46951374195278656,5.08090854027206,-3.8973111750587686,-1.5212425336483566,0.4649938616799149,0.642,-0.031,0.072,0.642748006609122,0.470142662525177,-0.07411675155162811,0.470142662525177,0.4649938616799149,2000.0,0.13556223627652247,NAV2,False,True,True,True,,,0.10520971770806477,9.913909912109375
17.195460117999573,132.28172979130906,106.03014723428967,-1.4776849427806182,0.10560125912231874,5.798130994668091,-3.29567000311497,-1.2656942818777681,0.46669148899285806,5.081740774949224,-3.9149735279009525,-1.5245340308089528,0.4534313619501852,0.322,0.089,0.003,0.33407334524023313,0.470142662525177,-0.07411675155162811,0.470142662525177,0.4534313619501852,2025.0,0.13556223627652247,NAV2,False,True,True,True,,,0.10144188056338005,9.913909912109375
17.235677542999838,132.33319312693868,106.02395174347886,-1.4770301122174365,0.11226267543189064,5.802796355970343,-3.3105234917931714,-1.2681208640608579,0.46669413827332623,5.082554439708275,-3.933591285916158,-1.5279787100801123,0.4708884693852673,0.322,0.089,0.003,0.33407334524023313,0.4706929922103882,-0.07260510325431824,0.470142662525177,0.4708884693852673,2025.0,0.1341704409178121,NAV2,False,True,True,True,,,0.09644349701457682,9.705451965332031
17.279482661999282,132.33319312693868,106.02395174347886,-1.4770301122174365,0.11226267543189064,5.807411385210674,-3.3253553573643613,-1.270877139322668,0.46672245891912817,5.08364754668275,-3.9612505331130947,-1.5329379558522098,0.4649938616799149,0.273,0.058,-0.029,0.27909317440596787,0.4706929922103882,-0.07260510325431824,0.4706929922103882,0.4649938616799149,2051.0,0.12943827153923815,NAV2,False,True,True,True,,,0.09203618686558515,9.705451965332031
17.31958454300002,132.38243917874715,106.01852688432672,-1.4787671418823902,0.11694211278202894,5.816552633055999,-3.355146089742976,-1.2762143197313551,0.4670244646808563,5.084328662688938,-3.9805379164043493,-1.5363484118274113,0.4772365084525699,0.273,0.058,-0.029,0.27909317440596787,0.4706929922103882,-0.07260510325431824,0.4706929922103882,0.48358454751987245,2105.0,0.12860316639874386,NAV2,False,True,True,True,,,0.08799701465715493,9.705451965332031
17.35962772199946,132.38243917874715,106.01852688432672,-1.4787671418823902,0.11694211278202894,5.821125290996482,-3.3702651583672902,-1.278828725137828,0.4676434422149681,5.084946426792078,-3.9999121245672753,-1.5397773618687363,0.4772365084525699,0.273,0.058,-0.029,0.27909317440596787,0.4706929922103882,-0.07260510325431824,0.4706929922103882,0.4772365084525699,2105.0,0.12860316639874386,NAV2,False,True,True,True,,,0.08504601427550762,9.705451965332031
17.400068478999856,132.38243917874715,106.01852688432672,-1.4787671418823902,0.11694211278202894,5.825892600019088,-3.386170105476498,-1.2814681802464578,0.4723038539324786,5.0854948908656485,-4.019178275634084,-1.543190390060385,0.4772365084525699,0.628,-0.098,0.036,0.635600503461097,0.4710673987865448,-0.07074570655822754,0.4710673987865448,0.48358454751987245,2105.0,0.12860316639874386,NAV2,False,True,True,True,,,0.07756255231913772,9.705451965332031
17.440577757999563,132.43170195254527,106.01167868321876,-1.4808704376104118,0.12200273241573734,5.83047127580775,-3.401588038154023,-1.2839093611739802,0.473610868849008,5.085751781304245,-4.029113183299613,-1.5449447318287155,0.4901593022681502,0.628,-0.098,0.036,0.635600503461097,0.4710673987865448,-0.07074570655822754,0.4710673987865448,0.4901593022681502,2105.0,0.1283247980185791,NAV2,False,True,True,True,,,0.07343636327655564,9.705451965332031
17.483238717999484,132.43170195254527,106.01167868321876,-1.4808704376104118,0.12200273241573734,5.839648976300153,-3.4328749237691714,-1.2879636439930187,0.47750685056561876,5.0863948560044365,-4.057715864272584,-1.5500019457378316,0.48358454751987245,0.261,0.178,0.066,0.3159192934912333,0.47115784883499146,-0.06917141377925873,0.47115784883499146,0.48358454751987245,2133.0,0.12860316639874386,NAV2,False,True,True,True,,,0.06898276611174017,9.705451965332031
17.525635074999627,132.48523887993326,106.00363170907235,-1.480224815711341,0.12834995872133906,5.844093725652088,-3.448218425051433,-1.2904392605705728,0.4778563884857243,5.0867633645616595,-4.0780950175662865,-1.5536187969940272,0.5037622431266557,0.261,0.178,0.066,0.3159192934912333,0.47115784883499146,-0.06917141377925873,0.47115784883499146,0.5037622431266557,2222.0,0.12888153477890862,NAV2,False,True,True,True,,,0.06661616926033555,9.705451965332031
17.572586573999615,132.48523887993326,106.00363170907235,-1.480224815711341,0.12834995872133906,5.848512718356682,-3.4636230538766677,-1.2931429964453656,0.47859222861535156,5.087047496472,-4.097559378201553,-1.5570587567251186,0.49673405701642787,0.261,0.178,0.066,0.3159192934912333,0.47115784883499146,-0.06917141377925873,0.47115784883499146,0.49673405701642787,2222.0,0.1283247980185791,NAV2,False,True,True,True,,,0.06379243570160276,9.705451965332031
17.6162374609994,132.48523887993326,106.00363170907235,-1.480224815711341,0.12834995872133906,5.852904840384588,-3.479072887434349,-1.295422243665251,0.4793224350208178,5.087271409065821,-4.1178062170309175,-1.5606293091173973,0.49673405701642787,0.396,0.027,-0.055,0.39691938728159903,0.47115784883499146,-0.06917141377925873,0.47115784883499146,0.49673405701642787,2222.0,0.1280465227226411,NAV2,False,True,True,True,,,0.05523659036221219,9.705451965332031
17.658856712999295,132.53397893998,105.99669905886881,-1.4830183822636525,0.13203608862136185,5.8616030179893395,-3.5100983061487327,-1.300879479208144,0.48079823580429853,5.087425038991225,-4.138451549887797,-1.5642623054886688,0.5107904292368836,0.396,0.027,-0.055,0.39691938728159903,0.470964252948761,-0.06759708374738693,0.470964252948761,0.5107904292368836,2285.0,0.12776810780036302,NAV2,False,True,True,True,,,0.049082082238217445,9.705451965332031
17.69895421899946,132.53397893998,105.99669905886881,-1.4830183822636525,0.13203608862136185,5.866434118883525,-3.527623295669702,-1.3046536345390625,0.4897305363614187,5.087502942917842,-4.1584254102508105,-1.5677733998275263,0.5107904292368836,0.511,0.029,0.047,0.5118222347651575,0.470964252948761,-0.06759708374738693,0.470964252948761,0.5107904292368836,2222.0,0.12776810780036302,NAV2,False,True,True,True,,,0.04558032418150393,9.705451965332031
17.73901472899979,132.58267606385476,105.99073548965241,-1.488725310365865,0.13453110644970162,5.8709745334649766,-3.5443318027213357,-1.3081357659742223,0.49339832341122825,5.087509583096384,-4.178957869047895,-1.571371174250221,0.49673405701642787,0.511,0.029,0.047,0.5118222347651575,0.47056689858436584,-0.06580859422683716,0.47056689858436584,0.49673405701642787,2222.0,0.1272114175821469,NAV2,False,True,True,True,,,0.040538933211566965,9.705451965332031
17.779125880999345,132.58267606385476,105.99073548965241,-1.488725310365865,0.13453110644970162,5.875363789875872,-3.5606790164697695,-1.310418476587747,0.49628195694476496,5.087445614489611,-4.199008442687977,-1.5748547886611617,0.49673405701642787,0.156,0.158,-0.002,0.2220360331117452,0.47056689858436584,-0.06580859422683716,0.47056689858436584,0.49673405701642787,2162.0,0.12581957568132313,NAV2,False,True,True,True,,,0.03684230241315123,9.705451965332031
17.820163014999707,132.58267606385476,105.99073548965241,-1.488725310365865,0.13453110644970162,5.88377577259003,-3.5925169047704015,-1.31573242160123,0.4964304019698361,5.0873205398290775,-4.218205617033918,-1.5781257244803046,0.49673405701642787,0.156,0.158,-0.002,0.2220360331117452,0.47056689858436584,-0.06580859422683716,0.47056689858436584,0.49673405701642787,2133.0,0.12331435334406717,NAV2,False,True,True,True,,,0.03156564333019079,9.705451965332031
17.860377321999295,132.6335533060004,105.98779544209002,-1.4908142096258652,0.1350429822939951,5.887763565028069,-3.607908808938668,-1.3193412201678703,0.4943326620321293,5.087009417897586,-4.247486343179038,-1.5830630330611062,0.4901593022681502,0.156,0.158,-0.002,0.2220360331117452,0.47056689858436584,-0.06580859422683716,0.47056689858436584,0.4901593022681502,2162.0,0.12192251144324345,NAV2,False,True,True,True,,,0.02741136723350207,9.705451965332031
17.900512102999528,132.6335533060004,105.98779544209002,-1.4908142096258652,0.1350429822939951,5.8918120284047815,-3.623729862218363,-1.3224011787967198,0.49412553090203115,5.086875496979133,-4.257133959356091,-1.5846766797542076,0.48358454751987245,0.613,0.011,-0.003,0.6130986869990833,0.46994611620903015,-0.06466072797775269,0.46994611620903015,0.48358454751987245,2077.0,0.12136577468291393,NAV2,False,True,True,True,,,0.022028695653115077,9.705451965332031
17.940595242999734,132.68204209826104,105.98534981838789,-1.4953887310651703,0.1343474985415565,5.895855521994523,-3.639683832713503,-1.3244013863950024,0.49441405977055997,5.086551584786967,-4.276925889112202,-1.587979814555959,0.4772365084525699,0.613,0.011,-0.003,0.6130986869990833,0.46994611620903015,-0.06466072797775269,0.46994611620903015,0.4772365084525699,2105.0,0.12108740630274917,NAV2,False,True,True,True,,,0.017024522104503562,9.705451965332031
17.981442069999503,132.68204209826104,105.98534981838789,-1.4953887310651703,0.1343474985415565,5.899847672295789,-3.6556155111937514,-1.3268314593016666,0.49457745307700723,5.08597357630085,-4.305331968109614,-1.5927209397179265,0.4772365084525699,0.279,-0.012,-0.123,0.27925794527640574,0.46920475363731384,-0.0642542690038681,0.46994611620903015,0.4772365084525699,2105.0,0.12108740630274917,NAV2,False,True,True,True,,,0.014170649849805948,9.705451965332031
18.02152743299939,132.7324768924182,105.98133862057071,-1.4979958475150563,0.1348303464431253,5.907726779858969,-3.687551926614799,-1.3318977475105185,0.49499710990270485,5.085490293230912,-4.325131894430139,-1.5960259509382428,0.4901593022681502,0.279,-0.012,-0.123,0.27925794527640574,0.46920475363731384,-0.0642542690038681,0.46920475363731384,0.4901593022681502,2162.0,0.12108740630274917,NAV2,False,True,True,True,,,0.011374415401510926,9.705451965332031
18.062341604999347,132.7324768924182,105.98133862057071,-1.4979958475150563,0.1348303464431253,5.911615056610808,-3.7035739221133706,-1.3343472529834737,0.4953162529698223,5.084965958797852,-4.344123270795007,-1.5991891990436213,0.4901593022681502,0.279,-0.012,-0.123,0.27925794527640574,0.46920475363731384,-0.0642542690038681,0.46920475363731384,0.4901593022681502,2162.0,0.1208091310068112,NAV2,False,True,True,True,,,0.007177458604490888,9.705451965332031
18.10502128799999,132.7324768924182,105.98133862057071,-1.4979958475150563,0.1348303464431253,5.915461577401179,-3.7195970759797268,-1.336888403741,0.4956075854550645,5.084365309938008,-4.363601490490581,-1.6024338428127878,0.48358454751987245,0.343,0.181,-0.0,0.38782728114458376,0.46920475363731384,-0.0642542690038681,0.46920475363731384,0.48358454751987245,2133.0,0.1208091310068112,NAV2,False,True,True,True,,,0.003803919222465109,9.705451965332031
18.146454502999404,132.78271314983456,105.9780453794683,-1.5007797166457095,0.13447215875382937,5.919277401974015,-3.7356613875509965,-1.3393135797022635,0.49586168843633305,5.083704973644714,-4.382981532623861,-1.605662470924515,0.4901593022681502,0.343,0.181,-0.0,0.38782728114458376,0.468639612197876,-0.06378943473100662,0.46920475363731384,0.4901593022681502,2077.0,0.1208091310068112,NAV2,False,True,True,True,,,0.0008879842385870657,9.705451965332031
18.19552818899956,132.78271314983456,105.9780453794683,-1.5007797166457095,0.13447215875382937,5.92653253301391,-3.7667297600674705,-1.344069309147314,0.4921956248521309,5.083000402981769,-4.401897481153974,-1.608814139479255,0.48358454751987245,0.722,-0.069,0.052,0.7252895973333686,0.468639612197876,-0.06378943473100662,0.468639612197876,0.48358454751987245,2025.0,0.1208091310068112,NAV2,False,True,True,True,,,-0.002056514803107513,9.705451965332031
18.236157599999387,132.83243708974405,105.97543129910268,-1.5033963036112568,0.1333921503692878,5.929705987241017,-3.7805708547115584,-1.3464755483087858,0.4840983734983435,5.082242631012446,-4.420661136215088,-1.6119408139475782,0.4649938616799149,0.722,-0.069,0.052,0.7252895973333686,0.4681759476661682,-0.06389283388853073,0.468639612197876,0.4649938616799149,2000.0,0.1208091310068112,NAV2,False,True,True,True,,,-0.004031099910468287,9.705451965332031
18.278814865999266,132.83243708974405,105.97543129910268,-1.5033963036112568,0.1333921503692878,5.932725904111981,-3.793890908604935,-1.3485685253523567,0.47498920145532314,5.081469222220867,-4.438483899757913,-1.6149044393775032,0.4534313619501852,0.209,0.192,-0.093,0.28380451018262554,0.4681759476661682,-0.06389283388853073,0.4681759476661682,0.4534313619501852,1975.0,0.12053066954241973,NAV2,False,True,True,True,,,-0.0066878761287466545,9.705451965332031
18.319266986999537,132.88607928926712,105.97342341890156,-1.5036699550413486,0.13236721124126488,5.9390204502905934,-3.821961263134981,-1.3521966392353637,0.4641934610180552,5.080184116466509,-4.465739495702609,-1.619403213634761,0.4649938616799149,0.209,0.192,-0.093,0.28380451018262554,0.4681759476661682,-0.06389283388853073,0.4681759476661682,0.44776346992580784,2051.0,0.12025234770436831,NAV2,False,True,True,True,,,-0.008112375977808615,9.705451965332031
18.35953724399951,132.88607928926712,105.97342341890156,-1.5036699550413486,0.13236721124126488,5.942495056920718,-3.837697759801719,-1.3553403967173667,0.4670013478280071,5.079213439021019,-4.484789179410569,-1.6224692633712214,0.4708884693852673,0.209,0.192,-0.093,0.28380451018262554,0.4681759476661682,-0.06389283388853073,0.4681759476661682,0.48358454751987245,2077.0,0.11663365184645338,NAV2,False,True,True,True,,,-0.010561145436459828,9.705451965332031
18.39958139600003,132.88607928926712,105.97342341890156,-1.5036699550413486,0.13236721124126488,5.945919390590641,-3.8534506447379653,-1.3591635642935997,0.46970424577590647,5.0781660702186455,-4.504161533704151,-1.6255874775965478,0.4901593022681502,0.576,-0.012,-0.133,0.5761249864395745,0.4678971767425537,-0.06431712955236435,0.4678971767425537,0.4901593022681502,2162.0,0.11635528346628862,NAV2,False,True,True,True,,,-0.014984748407910697,9.705451965332031
18.43986187900009,132.93885343896366,105.97192420976954,-1.5078845893131532,0.13067138466576997,5.949323338969818,-3.8693479322760833,-1.3620290182431096,0.47248387656729096,5.077076775880598,-4.523217736992171,-1.6286549670252817,0.4708884693852673,0.576,-0.012,-0.133,0.5761249864395745,0.4678971767425537,-0.06431712955236435,0.4678971767425537,0.4772365084525699,2077.0,0.11635528346628862,NAV2,False,True,True,True,,,-0.01959910132347183,9.705451965332031
18.483379047999733,132.93885343896366,105.97192420976954,-1.5078845893131532,0.13067138466576997,5.955740501002507,-3.8997576647531482,-1.3647516703591474,0.47009341677506344,5.075972777420092,-4.541571271665088,-1.6316170535026924,0.45909925397456247,0.419,-0.085,-0.087,0.4275347939057124,0.4682160019874573,-0.06428864598274231,0.4682160019874573,0.45909925397456247,2025.0,0.1169119736845047,NAV2,False,True,True,True,,,-0.021139462698731862,9.705451965332031
18.52556041799926,132.99303561131998,105.96875257434601,-1.5088229801522666,0.12988467666977022,5.958944758470801,-3.9151746291730603,-1.3673311390634744,0.470158753027442,5.074765639840276,-4.5606662404232905,-1.6346993583586098,0.4708884693852673,0.419,-0.085,-0.087,0.4275347939057124,0.4682160019874573,-0.06428864598274231,0.4682160019874573,0.4708884693852673,2077.0,0.11663365184645338,NAV2,False,True,True,True,,,-0.022209190306942288,9.705451965332031
18.572291263999432,132.99303561131998,105.96875257434601,-1.5088229801522666,0.12988467666977022,5.962091770276781,-3.930506825183394,-1.3700344158113196,0.4703047349365092,5.073524298975423,-4.579399252819179,-1.6377170209933158,0.48358454751987245,0.419,-0.085,-0.087,0.4275347939057124,0.4682160019874573,-0.06428864598274231,0.4682160019874573,0.48358454751987245,2133.0,0.11635528346628862,NAV2,False,True,True,True,,,-0.024045163334621086,9.705451965332031
18.61303774999942,132.99303561131998,105.96875257434601,-1.5088229801522666,0.12988467666977022,5.96526019430566,-3.9461481972792543,-1.3724263069816536,0.4721091185855369,5.072193025171558,-4.598596100265132,-1.6408063324295807,0.4772365084525699,0.258,0.381,-0.046,0.46013584950533903,0.4682160019874573,-0.06428864598274231,0.4682160019874573,0.4772365084525699,2105.0,0.11635528346628862,NAV2,False,True,True,True,,,-0.029440975407290425,9.705451965332031
18.65538052699958,133.0462187289292,105.96627335940846,-1.5121463540908364,0.12835965736545726,5.971395480968468,-3.977069479339263,-1.3782787485697632,0.4722197525032429,5.070812886895938,-4.61764916299885,-1.6438731727949334,0.4772365084525699,0.258,0.381,-0.046,0.46013584950533903,0.46918824315071106,-0.06479719281196594,0.46918824315071106,0.4772365084525699,2133.0,0.11635528346628862,NAV2,False,True,True,True,,,-0.03358881852881446,9.705451965332031
18.69543042799978,133.0462187289292,105.96627335940846,-1.5121463540908364,0.12835965736545726,5.974388261983398,-3.9924887614403173,-1.3809077828262728,0.47203544752450144,5.069378455800566,-4.6366434448400184,-1.646938342781077,0.4708884693852673,0.805,-0.321,-0.054,0.8666406406348597,0.46918824315071106,-0.06479719281196594,0.46918824315071106,0.4708884693852673,2105.0,0.11663365184645338,NAV2,False,True,True,True,,,-0.035323179235710066,9.705451965332031
18.736024909999287,133.0964786502719,105.96219609357132,-1.5167004750392477,0.1272178566125835,5.977390473171845,-4.008134348099203,-1.3826620434575627,0.47298429052324026,5.067899624610769,-4.655462528746669,-1.6499759529254587,0.45909925397456247,0.805,-0.321,-0.054,0.8666406406348597,0.4707082211971283,-0.0645172968506813,0.46918824315071106,0.45909925397456247,2051.0,0.11663365184645338,NAV2,False,True,True,True,,,-0.03662641641552177,9.705451965332031
18.77873140199972,133.0964786502719,105.96219609357132,-1.5167004750392477,0.1272178566125835,5.980214534293666,-4.023002770256929,-1.38464338396878,0.46971386764564427,5.06640850327574,-4.6737416813591555,-1.6529304972689742,0.45909925397456247,0.131,0.129,-0.08,0.18385320231097418,0.4707082211971283,-0.0645172968506813,0.4707082211971283,0.45909925397456247,1975.0,0.1169119736845047,NAV2,False,True,True,True,,,-0.03847536752071832,9.705451965332031
18.819892775999506,133.15033348358935,105.9546078825038,-1.5210190331848819,0.1280579903849266,5.985888005983132,-4.053395116758539,-1.3885130094676335,0.46765693495747634,5.064899502267276,-4.69159919508246,-1.6558209576949867,0.44776346992580784,0.131,0.129,-0.08,0.18385320231097418,0.4707082211971283,-0.0645172968506813,0.4707082211971283,0.44776346992580784,2077.0,0.1169119736845047,NAV2,False,True,True,True,,,-0.039874017165093846,9.705451965332031
18.862788126999476,133.15033348358935,105.9546078825038,-1.5210190331848819,0.1280579903849266,5.988730161686574,-4.068831481851287,-1.3895250571470075,0.4676303992477091,5.062436978804601,-4.719497694473449,-1.6603349070772733,0.45909925397456247,0.131,0.129,-0.08,0.18385320231097418,0.4707082211971283,-0.0645172968506813,0.4707082211971283,0.4708884693852673,2025.0,0.1169119736845047,NAV2,False,True,True,True,,,-0.04011978975482408,9.705451965332031
18.90335330400012,133.15033348358935,105.9546078825038,-1.5210190331848819,0.1280579903849266,5.9915074468243,-4.084030012435663,-1.3909104599608362,0.4674351934454549,5.06062530053198,-4.739151322050398,-1.6635070166743966,0.4649938616799149,0.491,0.277,0.017,0.5637463968842727,0.472506582736969,-0.06472495198249817,0.472506582736969,0.4649938616799149,2051.0,0.11635528346628862,NAV2,False,True,True,True,,,-0.041087085991707295,9.705451965332031
18.946088161999796,133.20108737391814,105.95049818498285,-1.5228021120701394,0.12661340339494828,5.994442570786675,-4.100317032301009,-1.3944645944872491,0.4673164098388192,5.059306450087038,-4.753003341809827,-1.665720164872541,0.4708884693852673,0.491,0.277,0.017,0.5637463968842727,0.472506582736969,-0.06472495198249817,0.472506582736969,0.4708884693852673,2077.0,0.11524180994562967,NAV2,False,True,True,True,,,-0.0417600954383501,9.705451965332031
18.996008846999757,133.20108737391814,105.95049818498285,-1.5228021120701394,0.12661340339494828,5.999861184709485,-4.131366817022138,-1.4021395093389335,0.473509786722794,5.057057986648934,-4.77593305609111,-1.6693816006443776,0.4901593022681502,0.475,-0.157,-0.008,0.5002739249651135,0.4744132161140442,-0.06400099396705627,0.4744132161140442,0.4901593022681502,2133.0,0.11496348810757827,NAV2,False,True,True,True,,,-0.04607198049360628,9.705451965332031
19.04132979499991,133.2532498966825,105.94935136863252,-1.5286148774681876,0.12352081619197217,6.002594742719116,-4.147450250526563,-1.40450427818746,0.4758651981235876,5.055129922111228,-4.794988700263399,-1.6723753201816323,0.45909925397456247,0.475,-0.157,-0.008,0.5002739249651135,0.4744132161140442,-0.06400099396705627,0.4744132161140442,0.45909925397456247,1975.0,0.11245821922820895,NAV2,False,True,True,True,,,-0.04838930441743176,9.705451965332031
19.083094283999344,133.2532498966825,105.94935136863252,-1.5286148774681876,0.12352081619197217,6.007341032191895,-4.175927077174176,-1.4078588061802084,0.46437652841036264,5.052330527534795,-4.821718225717617,-1.6765229210681458,0.4534313619501852,0.163,0.064,-0.172,0.17511424842085238,0.4744132161140442,-0.06400099396705627,0.4744132161140442,0.4534313619501852,2000.0,0.11078805548933383,NAV2,False,True,True,True,,,-0.05086761575657004,10.137500762939453
19.125609801999417,133.3025024615899,105.94645905522466,-1.5312892508478,0.12114839721119716,6.009800612988426,-4.191038736032554,-1.411444295102817,0.46344184718829795,5.0503838384903466,-4.839707010835855,-1.6792826348049106,0.44776346992580784,0.163,0.064,-0.172,0.17511424842085238,0.4744132161140442,-0.06400099396705627,0.4744132161140442,0.44776346992580784,2000.0,0.11023131872900432,NAV2,False,True,True,True,,,-0.0522436478401103,10.137500762939453
19.172800803999962,133.3025024615899,105.94645905522466,-1.5312892508478,0.12114839721119716,6.012122233587785,-4.205588501751427,-1.4146823974603568,0.4598668386973321,5.0483816510308275,-4.857745133386722,-1.6820237879658113,0.4534313619501852,0.742,0.026,-0.036,0.7424553858650363,0.47670963406562805,-0.054937709122896194,0.47670963406562805,0.4534313619501852,2000.0,0.10883952337029396,NAV2,False,True,True,True,,,-0.05786737947209915,10.137500762939453
19.213151719000052,133.3025024615899,105.94645905522466,-1.5312892508478,0.12114839721119716,6.0144443617605,-4.22038645987848,-1.4168030964776972,0.45801022055881213,5.046331007000784,-4.875776002702365,-1.6846897405144108,0.4534313619501852,0.742,0.026,-0.036,0.7424553858650363,0.47670963406562805,-0.054937709122896194,0.47670963406562805,0.4534313619501852,2051.0,0.10355061723139054,NAV2,False,True,True,True,,,-0.061638010300458616,10.137500762939453
19.25399451999965,133.35123117829545,105.9442068548082,-1.5347266529803167,0.118347921236044,6.019084323696674,-4.2505379262942276,-1.4206418647118846,0.45735409106049374,5.0441676476561055,-4.894369636582152,-1.6872607309417995,0.4534313619501852,0.742,0.026,-0.036,0.7424553858650363,0.47816306352615356,-0.04898164048790932,0.47816306352615356,0.4534313619501852,2025.0,0.09798343579654907,NAV2,False,True,True,True,,,-0.06282805107736428,10.137500762939453
19.295400123000036,133.35123117829545,105.9442068548082,-1.5347266529803167,0.118347921236044,6.0213774561281115,-4.265802615499374,-1.4232954763047077,0.4583688947431066,5.0420242936983435,-4.9124033006355505,-1.6897038236165223,0.4649938616799149,0.401,-0.07,-0.063,0.40706387705125596,0.47816306352615356,-0.04898164048790932,0.47816306352615356,0.4649938616799149,2077.0,0.0968699622758901,NAV2,False,True,True,True,,,-0.06564535425392669,10.137500762939453
19.335824047999267,133.40361310409565,105.9425553669129,-1.5381101702698579,0.11511531792180253,6.023650295673724,-4.281212060927988,-1.4260922327893921,0.45983876129395646,5.039746160510812,-4.931181817480476,-1.692116617198571,0.4772365084525699,0.401,-0.07,-0.063,0.40706387705125596,0.47816306352615356,-0.04898164048790932,0.47816306352615356,0.4772365084525699,2105.0,0.09046767570055438,NAV2,False,True,True,True,,,-0.06769170465912301,10.137500762939453
19.378787111999372,133.40361310409565,105.9425553669129,-1.5381101702698579,0.11511531792180253,6.0259503993559065,-4.297096627599964,-1.4281905220166018,0.46401930058630014,5.037379771118723,-4.950307274720153,-1.6944950920240807,0.4649938616799149,0.238,0.06,-0.125,0.24544653185571802,0.47833946347236633,-0.043863680213689804,0.47833946347236633,0.4649938616799149,2051.0,0.0887974654195659,NAV2,False,True,True,True,,,-0.06876032529980311,10.137500762939453
19.41941628999939,133.4550813366175,105.93927977466889,-1.5407939212129802,0.11263498314583918,6.030318452279277,-4.32778560318305,-1.4313079093462604,0.4641814995888925,5.035105745752944,-4.968348868638984,-1.6967394141442396,0.4649938616799149,0.238,0.06,-0.125,0.24544653185571802,0.47833946347236633,-0.043863680213689804,0.47833946347236633,0.4649938616799149,2051.0,0.0887974654195659,NAV2,False,True,True,True,,,-0.06947543673620447,10.137500762939453
19.459788684999694,133.4550813366175,105.93927977466889,-1.5407939212129802,0.11263498314583918,6.032491255911266,-4.343377326981713,-1.4335627715981654,0.46593878874643746,5.0325435440049695,-4.988292273057431,-1.6991750714151697,0.4772365084525699,0.238,0.06,-0.125,0.24544653185571802,0.47833946347236633,-0.043863680213689804,0.47833946347236633,0.4772365084525699,2077.0,0.086848933300526,NAV2,False,True,True,True,,,-0.07220925971578297,10.137500762939453
19.500052832999245,133.4550813366175,105.93927977466889,-1.5407939212129802,0.11263498314583918,6.034626895016273,-4.358938562698464,-1.435830281198246,0.46710808607975385,5.02901733613594,-5.01514828271127,-1.7024362770145935,0.4708884693852673,0.704,-0.035,-0.106,0.704869491466328,0.47784364223480225,-0.04286571592092514,0.47784364223480225,0.4708884693852673,2077.0,0.08657056492036135,NAV2,False,True,True,True,,,-0.07402825277050606,10.137500762939453
19.5401014629997,133.5031542063637,105.9372604926995,-1.543223425215699,0.10967870800404383,6.036729018184186,-4.3744683722325926,-1.4375699625442313,0.46756918570397843,5.026538078162656,-5.033634386219167,-1.7046748754245136,0.4708884693852673,0.704,-0.035,-0.106,0.704869491466328,0.47784364223480225,-0.04286571592092514,0.47784364223480225,0.4534313619501852,2077.0,0.08629219654019658,NAV2,False,True,True,True,,,-0.07590399244321468,10.137500762939453
19.58350035500007,133.5031542063637,105.9372604926995,-1.543223425215699,0.10967870800404383,6.040804212128894,-4.405268692593163,-1.4418210527355901,0.4674192380642518,5.024033810526405,-5.051996407265146,-1.7068991179008002,0.4708884693852673,0.252,-0.034,-0.089,0.2542833065696606,0.47784364223480225,-0.04286571592092514,0.47784364223480225,0.4708884693852673,2077.0,0.08629219654019658,NAV2,False,True,True,True,,,-0.07815864937801675,10.137500762939453
19.62569289899966,133.55501914136534,105.93540205735161,-1.5459598734440525,0.10626809059694134,6.042808879684331,-4.420789585234144,-1.4437888338539908,0.46784783669933844,5.021361232110311,-5.071260488342765,-1.7092333701450741,0.4708884693852673,0.252,-0.034,-0.089,0.2542833065696606,0.47784364223480225,-0.04286571592092514,0.47784364223480225,0.4708884693852673,2051.0,0.08629219654019658,NAV2,False,True,True,True,,,-0.08029281386028671,10.137500762939453
19.671750034999604,133.55501914136534,105.93540205735161,-1.5459598734440525,0.10626809059694134,6.044784764292108,-4.436321098291379,-1.4456832738428318,0.4677973218282807,5.018871121380799,-5.0889243889166,-1.7113676419615809,0.4534313619501852,0.297,0.057,-0.07,0.30242023741806695,0.4776543378829956,-0.04191561043262482,0.4776543378829956,0.4534313619501852,2025.0,0.08601382816003181,NAV2,False,True,True,True,,,-0.08129383153105285,10.137500762939453
19.716039539999656,133.55501914136534,105.93540205735161,-1.5459598734440525,0.10626809059694134,6.046664496445042,-4.451313559351143,-1.4479383175153695,0.46498470734942576,5.0162307880497705,-5.10736121241138,-1.7135959981659725,0.4708884693852673,0.297,0.057,-0.07,0.30242023741806695,0.4776543378829956,-0.04191561043262482,0.4776543378829956,0.4708884693852673,2077.0,0.08601382816003181,NAV2,False,True,True,True,,,-0.08398878891080953,10.137500762939453
19.757903549999355,133.6038699786575,105.93200026747112,-1.549062146192838,0.10387462615530041,6.050459413559979,-4.482609537317798,-1.4531810722077974,0.4661451108749682,5.013516719670818,-5.126014181511121,-1.7158476574230597,0.4649938616799149,0.297,0.057,-0.07,0.30242023741806695,0.4780833423137665,-0.041746363043785095,0.4780833423137665,0.4649938616799149,2077.0,0.08573545977986705,NAV2,False,True,True,True,,,-0.08550082258751604,10.137500762939453
19.806793345999722,133.6038699786575,105.93200026747112,-1.549062146192838,0.10387462615530041,6.052418344336237,-4.499219238887294,-1.4544890138115165,0.46672933498036545,5.010143443532746,-5.148777673950819,-1.7185922111465057,0.48358454751987245,0.81,-0.078,-0.099,0.8137468893949765,0.4780833423137665,-0.041746363043785095,0.4780833423137665,0.48358454751987245,2162.0,0.08573545977986705,NAV2,False,True,True,True,,,-0.08757402829460459,10.137500762939453
19.848722979999366,133.6544555010971,105.92925393197714,-1.5517982702816517,0.10086655090517004,6.054170192204675,-4.514339280488141,-1.4555335679639587,0.47190216713493494,5.006232640930696,-5.1746755511691465,-1.7217093645669317,0.4901593022681502,0.81,-0.078,-0.099,0.8137468893949765,0.4780833423137665,-0.041746363043785095,0.4780833423137665,0.48358454751987245,2162.0,0.0854570913997023,NAV2,False,True,True,True,,,-0.08929016739270373,9.930208206176758
19.89473432199975,133.6544555010971,105.92925393197714,-1.5517982702816517,0.10086655090517004,6.057829550322159,-4.54655119352221,-1.4594942413700063,0.4785958327116497,5.0029232968521375,-5.196156085375101,-1.7242885908742425,0.49673405701642787,0.427,0.153,-0.035,0.453583509400419,0.4789346158504486,-0.04249282553792,0.4789346158504486,0.49673405701642787,2222.0,0.08517872301953754,NAV2,False,True,True,True,,,-0.09199172589668532,9.930208206176758
19.939434738999807,133.7099658171776,105.92938835939081,-1.5545427938604235,0.09564763672820589,6.05966416436586,-4.563114578762911,-1.4610550967810434,0.48419885224492837,5.000244634307407,-5.2132946487232505,-1.7263443346294336,0.5107904292368836,0.427,0.153,-0.035,0.453583509400419,0.4789346158504486,-0.04249282553792,0.4789346158504486,0.5107904292368836,2285.0,0.08517872301953754,NAV2,False,True,True,True,,,-0.09464226412248,9.930208206176758
19.97974318999968,133.7099658171776,105.92938835939081,-1.5545427938604235,0.09564763672820589,6.061538712282108,-4.580264115835635,-1.4619960729359769,0.491878331180423,4.995409166770083,-5.243646887788443,-1.7299983512502295,0.5107904292368836,0.661,0.026,-0.142,0.661511148810056,0.47988638281822205,-0.042516645044088364,0.47988638281822205,0.5107904292368836,2253.0,0.0854570913997023,NAV2,False,True,True,True,,,-0.09660867148165544,9.930208206176758
20.02030606900007,133.7661824866582,105.93411014273384,-1.555278228084613,0.0878310506417113,6.065154742237138,-4.613968653673704,-1.466349461612359,0.4991820200231658,4.992061819723636,-5.264249908754734,-1.7324758798731443,0.5255269485002646,0.661,0.026,-0.142,0.661511148810056,0.47988638281822205,-0.042516645044088364,0.47988638281822205,0.5107904292368836,2318.0,0.0854570913997023,NAV2,False,True,True,True,,,-0.09947494103434157,9.930208206176758
20.064910258000054,133.7661824866582,105.93411014273384,-1.555278228084613,0.0878310506417113,6.067044413385893,-4.632271876750992,-1.469613678746994,0.5052179178564417,4.988711592004693,-5.284557464876251,-1.7349034871365143,0.5180453310280866,0.583,-0.038,-0.134,0.5842371093999421,0.47988638281822205,-0.042516645044088364,0.47988638281822205,0.5180453310280866,2285.0,0.08462198625920803,NAV2,False,True,True,True,,,-0.10142949247292962,9.930208206176758
20.109469627999715,133.7661824866582,105.93411014273384,-1.555278228084613,0.0878310506417113,6.068674490196103,-4.64840959889981,-1.471520571523143,0.5079492295622111,4.985336733152029,-5.304711514833782,-1.7373097374221356,0.5107904292368836,0.583,-0.038,-0.134,0.5842371093999421,0.47988638281822205,-0.042516645044088364,0.47988638281822205,0.5107904292368836,2253.0,0.08462198625920803,NAV2,False,True,True,True,,,-0.10379119509018532,9.930208206176758
20.15074008299962,133.82301573770837,105.93640855295699,-1.5602669856135354,0.08130276296841984,6.072021182107223,-4.682447905711976,-1.4748180070007113,0.5110049195075518,4.981885688109789,-5.325018857928663,-1.739735279389969,0.5180453310280866,0.583,-0.038,-0.134,0.5842371093999421,0.48062610626220703,-0.04167034476995468,0.48062610626220703,0.5180453310280866,2318.0,0.08462198625920803,NAV2,False,True,True,True,,,-0.10602320030212084,9.930208206176758
20.195531083999413,133.82301573770837,105.93640855295699,-1.5602669856135354,0.08130276296841984,6.07367474653195,-4.6998929597638055,-1.4779003435991036,0.5151858657789047,4.978314400013701,-5.345725470708337,-1.7422015842487109,0.5255269485002646,0.318,0.138,-0.152,0.346652563815703,0.48062610626220703,-0.04167034476995468,0.48062610626220703,0.5255269485002646,2285.0,0.08406524949887859,NAV2,False,True,True,True,,,-0.10688601446300411,9.930208206176758
20.2358916029998,133.87826464187637,105.9387411981421,-1.564537027823002,0.07506078214891417,6.075260804419197,-4.717070198999471,-1.4809951562545982,0.5163037986165594,4.974692329694021,-5.366423093174144,-1.7446519203984805,0.5255269485002646,0.318,0.138,-0.152,0.346652563815703,0.4810386002063751,-0.04402776062488556,0.48062610626220703,0.5255269485002646,2318.0,0.08350860582277586,NAV2,False,True,True,True,,,-0.10973577076658003,9.930208206176758
20.27878738199979,133.87826464187637,105.9387411981421,-1.564537027823002,0.07506078214891417,6.076828678841103,-4.734555794069936,-1.4828720228629233,0.5192991270030822,4.971029426245906,-5.387056941827658,-1.7470958308344708,0.5332352816534177,0.662,0.04,-0.177,0.6632073582221476,0.4810386002063751,-0.04402776062488556,0.4810386002063751,0.5332352816534177,2253.0,0.08378692766082718,NAV2,False,True,True,True,,,-0.11241448724800805,9.930208206176758
20.319246375999683,133.93414549363595,105.94312251960801,-1.5668589606261136,0.06757930436866896,6.079862287252845,-4.769330878968665,-1.4854185901638124,0.5219428013397154,4.967346106758171,-5.407516199470695,-1.7495320598399877,0.5255269485002646,0.662,0.04,-0.177,0.6632073582221476,0.4810386002063751,-0.04402776062488556,0.4810386002063751,0.5255269485002646,2285.0,0.08462198625920803,NAV2,False,True,True,True,,,-0.11175827441860323,9.930208206176758
20.360706043999926,133.93414549363595,105.94312251960801,-1.5668589606261136,0.06757930436866896,6.0813279230524735,-4.786473119808059,-1.4863506435785678,0.5217430968444058,4.961669393157255,-5.43849928549085,-1.753245154736689,0.5180453310280866,0.662,0.04,-0.177,0.6632073582221476,0.4810386002063751,-0.04402776062488556,0.4810386002063751,0.5180453310280866,2285.0,0.08462198625920803,NAV2,False,True,True,True,,,-0.11430264851828048,9.930208206176758
20.403467364999415,133.93414549363595,105.94312251960801,-1.5668589606261136,0.06757930436866896,6.082788819850242,-4.803702934410658,-1.486600763279769,0.5219404633514987,4.9580803079643125,-5.457764726328806,-1.755560167797207,0.49673405701642787,0.382,0.061,-0.105,0.3868397601074636,0.4814329445362091,-0.0458836704492569,0.4814329445362091,0.49673405701642787,2133.0,0.08490035463937277,NAV2,False,True,True,True,,,-0.11574983988623679,9.930208206176758
20.44569453799977,133.9904955470478,105.9473457717457,-1.5664675786387354,0.06027179096651882,6.0842476824288845,-4.821037884257387,-1.4873025790348748,0.5225889180352419,4.954390311549685,-5.477315954324045,-1.757929485611927,0.49673405701642787,0.382,0.061,-0.105,0.3868397601074636,0.4814329445362091,-0.0458836704492569,0.4814329445362091,0.49673405701642787,2191.0,0.08573545977986705,NAV2,False,True,True,True,,,-0.11779743149109966,9.930208206176758
20.485998378999284,133.9904955470478,105.9473457717457,-1.5664675786387354,0.06027179096651882,6.087013626782097,-4.854386532618638,-1.4901411599444043,0.5154470391566026,4.95073566440674,-5.496435661808614,-1.760240137848966,0.48358454751987245,0.532,0.139,-0.072,0.5498590728541269,0.48221611976623535,-0.048416826874017715,0.48221611976623535,0.48358454751987245,2133.0,0.08517872301953754,NAV2,False,True,True,True,,,-0.11966701148579534,9.930208206176758
20.53508091399999,134.04510006336633,105.95360307555389,-1.566387082092184,0.052452480681206115,6.088320560877728,-4.8705019356774,-1.4913671354668705,0.510199368743603,4.947035489502628,-5.51555476682476,-1.762540615996744,0.49673405701642787,0.532,0.139,-0.072,0.5498590728541269,0.48221611976623535,-0.048416826874017715,0.48221611976623535,0.49673405701642787,2133.0,0.08490035463937277,NAV2,False,True,True,True,,,-0.12359868156199913,9.930208206176758
20.57536236999931,134.04510006336633,105.95360307555389,-1.566387082092184,0.052452480681206115,6.0895847449729645,-4.886354753920771,-1.4927461509705862,0.5044749535697586,4.943287972552054,-5.534682564008993,-1.764839456689765,0.4901593022681502,0.532,0.139,-0.072,0.5498590728541269,0.48221611976623535,-0.048416826874017715,0.48221611976623535,0.4901593022681502,2162.0,0.08462198625920803,NAV2,False,True,True,True,,,-0.12359868156199913,9.930208206176758
20.615598046999366,134.04510006336633,105.95360307555389,-1.566387082092184,0.052452480681206115,6.090831398530731,-4.9023972172492085,-1.4949715348606614,0.5008311711205978,4.939426258308361,-5.554156247644674,-1.7671320540485864,0.5037622431266557,0.369,0.089,-0.152,0.3795813483299726,0.48221611976623535,-0.048416826874017715,0.48221611976623535,0.5037622431266557,2222.0,0.08267354722439499,NAV2,False,True,True,True,,,-0.12537294976640231,9.930208206176758
20.65580594599942,134.1023403737016,105.9593978498959,-1.5694463858404148,0.04446986441911386,6.093328592334373,-4.935925390826925,-1.498483741314114,0.5024704760615858,4.935411840742505,-5.574155413264355,-1.769479972013656,0.5037622431266557,0.369,0.089,-0.152,0.3795813483299726,0.48366856575012207,-0.04894065484404564,0.48366856575012207,0.5037622431266557,2222.0,0.08267354722439499,NAV2,False,True,True,True,,,-0.12537294976640231,9.930208206176758
20.6970215679994,134.1023403737016,105.9593978498959,-1.5694463858404148,0.04446986441911386,6.094543384773082,-4.952802085790886,-1.4998128647498288,0.5040605531367339,4.9314253986375345,-5.593778995584068,-1.7717924556087747,0.5107904292368836,0.192,-0.021,-0.183,0.19314502323383848,0.48366856575012207,-0.04894065484404564,0.48366856575012207,0.5107904292368836,2253.0,0.08295186906244632,NAV2,False,True,True,True,,,-0.12765115540491861,9.930208206176758
20.7390745419998,134.1598765030879,105.96473561180446,-1.5722678394843321,0.036864998898151494,6.095737922572454,-4.969725865975078,-1.501419968952562,0.5053366398896006,4.927351460955009,-5.613596460663764,-1.7741288991239734,0.49673405701642787,0.192,-0.021,-0.183,0.19314502323383848,0.485562801361084,-0.049407243728637695,0.485562801361084,0.49673405701642787,2253.0,0.08295186906244632,NAV2,False,True,True,True,,,-0.12869068718642995,9.930208206176758
20.779582604000097,134.1598765030879,105.96473561180446,-1.5722678394843321,0.036864998898151494,6.0968944218265895,-4.986491568352098,-1.503159644716646,0.505414826400569,4.921230080713917,-5.6429418567786485,-1.7776057708544664,0.49673405701642787,0.768,-0.207,-0.132,0.7954074427612555,0.485562801361084,-0.049407243728637695,0.485562801361084,0.49673405701642787,2191.0,0.08350860582277586,NAV2,False,True,True,True,,,-0.13166181849447547,9.930208206176758
20.819641284999307,134.21554376982468,105.9654624527532,-1.5753481427680855,0.03269033727654864,6.099091609498558,-5.0192443868690635,-1.505211031701583,0.501240394842573,4.9171744462495806,-5.662109003765835,-1.7798830936889867,0.4901593022681502,0.768,-0.207,-0.132,0.7954074427612555,0.485562801361084,-0.049407243728637695,0.485562801361084,0.4901593022681502,2162.0,0.08350860582277586,NAV2,False,True,True,True,,,-0.13302493871588417,9.930208206176758
20.86133359499945,134.21554376982468,105.9654624527532,-1.5753481427680855,0.03269033727654864,6.100147915746961,-5.035349664462757,-1.5062880173553592,0.4978703760451309,4.915113515149934,-5.671767151240525,-1.7810310341545732,0.48358454751987245,0.768,-0.207,-0.132,0.7954074427612555,0.485562801361084,-0.049407243728637695,0.485562801361084,0.48358454751987245,2105.0,0.08350860582277586,NAV2,False,True,True,True,,,-0.13514121670816695,9.930208206176758
20.903792851999242,134.21554376982468,105.9654624527532,-1.5753481427680855,0.03269033727654864,6.101142355389199,-5.05074792431083,-1.5079446738109645,0.49057750876864153,4.909288790620875,-5.698777733458571,-1.784273827866678,0.45909925397456247,0.231,0.118,-0.114,0.259393523434954,0.48781442642211914,-0.05123525112867355,0.48781442642211914,0.45909925397456247,2051.0,0.08462198625920803,NAV2,False,True,True,True,,,-0.1372817133572296,9.930208206176758
20.945592405999378,134.27365764774018,105.96419698012932,-1.5798833456556691,0.029101300741624123,6.102127847611666,-5.0664272439787394,-1.50951318211172,0.4864992248994038,4.905263048412006,-5.717198677348892,-1.7865155410533131,0.4708884693852673,0.231,0.118,-0.114,0.259393523434954,0.48781442642211914,-0.05123525112867355,0.48781442642211914,0.4708884693852673,2000.0,0.0854570913997023,NAV2,False,True,True,True,,,-0.139698414994768,9.930208206176758
20.985828797999602,134.27365764774018,105.96419698012932,-1.5798833456556691,0.029101300741624123,6.103983007997187,-5.09693715660947,-1.5119978609125573,0.4755903847912652,4.90135354798791,-5.734903552290043,-1.7886607932848864,0.45909925397456247,0.64,-0.047,-0.11,0.6417234606900389,0.49011510610580444,-0.05264361947774887,0.49011510610580444,0.45909925397456247,2000.0,0.08517872301953754,NAV2,False,True,True,True,,,-0.14146357404023913,9.930208206176758
21.035605115999715,134.27365764774018,105.96419698012932,-1.5798833456556691,0.029101300741624123,6.103983007997187,-5.09693715660947,-1.5119978609125573,0.4755903847912652,4.897392217657286,-5.752661805266756,-1.790810163332556,0.45909925397456247,0.64,-0.047,-0.11,0.6417234606900389,0.49011510610580444,-0.05264361947774887,0.49011510610580444,0.45909925397456247,2077.0,0.08490035463937277,NAV2,False,True,True,True,,,-0.14270618295103943,9.930208206176758
21.07879921499989,134.27365764774018,105.96419698012932,-1.5798833456556691,0.029101300741624123,6.103983007997187,-5.09693715660947,-1.5119978609125573,0.4755903847912652,4.893244214772881,-5.771066097444293,-1.7930281735688725,0.4708884693852673,0.515,-0.013,-0.013,0.515164051540866,0.49011510610580444,-0.05264361947774887,0.49011510610580444,0.4708884693852673,2077.0,0.08434366442115669,NAV2,False,True,True,True,,,-0.14507375586862395,9.930208206176758
21.11886436399982,134.27365764774018,105.96419698012932,-1.5798833456556691,0.029101300741624123,6.103983007997187,-5.09693715660947,-1.5119978609125573,0.4755903847912652,4.889017716056175,-5.789625677767334,-1.7952623798410448,0.4772365084525699,0.515,-0.013,-0.013,0.515164051540866,0.49011510610580444,-0.05264361947774887,0.49011510610580444,0.4772365084525699,2051.0,0.08434366442115669,NAV2,False,True,True,True,,,-0.1475658782742857,9.930208206176758
21.160185693999665,134.27365764774018,105.96419698012932,-1.5798833456556691,0.029101300741624123,6.103983007997187,-5.09693715660947,-1.5119978609125573,0.4755903847912652,4.884799264186211,-5.807962237940213,-1.7974708582141437,0.4708884693852673,0.515,-0.013,-0.013,0.515164051540866,0.49228230118751526,-0.05485505610704422,0.49228230118751526,0.4708884693852673,2051.0,0.08434366442115669,NAV2,False,True,True,True,,,-0.14944422427061824,9.930208206176758
21.203179285999795,134.27365764774018,105.96419698012932,-1.5798833456556691,0.029101300741624123,6.103983007997187,-5.09693715660947,-1.5119978609125573,0.4755903847912652,4.878499316046805,-5.835008529576818,-1.800737321141648,0.4649938616799149,0.116,0.051,-0.075,0.1267162183779172,0.49228230118751526,-0.05485505610704422,0.49228230118751526,0.4649938616799149,2051.0,0.08462198625920803,NAV2,False,True,True,True,,,-0.15044047201474364,9.930208206176758
21.248052670000106,134.27365764774018,105.96419698012932,-1.5798833456556691,0.029101300741624123,6.103983007997187,-5.09693715660947,-1.5119978609125573,0.4755903847912652,4.874136887974475,-5.853504510195823,-1.8029822312580772,0.45909925397456247,0.116,0.051,-0.075,0.1267162183779172,0.4941445589065552,-0.05646488443017006,0.4941445589065552,0.45909925397456247,2051.0,0.08490035463937277,NAV2,False,True,True,True,,,-0.1517989764103561,9.930208206176758
21.295455256999958,134.27365764774018,105.96419698012932,-1.5798833456556691,0.029101300741624123,6.103983007997187,-5.09693715660947,-1.5119978609125573,0.4755903847912652,4.869978228011876,-5.870967734451735,-1.80510966543736,0.45909925397456247,0.753,-0.033,-0.065,0.7537227607018379,0.4941445589065552,-0.05646488443017006,0.4941445589065552,0.45909925397456247,2133.0,0.08517872301953754,NAV2,False,True,True,True,,,-0.15126685259134354,9.930208206176758
21.3374269119995,134.3276529936161,105.96329111084123,-1.581883751001564,0.0266979782478824,6.113510739313926,-5.2620037211392425,-1.5251489576433073,0.47011159916979983,4.8654788412193986,-5.8896754217033145,-1.80739358004085,0.4772365084525699,0.753,-0.033,-0.065,0.7537227607018379,0.4941445589065552,-0.05646488443017006,0.4941445589065552,0.4772365084525699,2191.0,0.08517872301953754,NAV2,False,True,True,True,,,-0.15332524860331279,9.930208206176758
21.378806938999332,134.3276529936161,105.96329111084123,-1.581883751001564,0.0266979782478824,6.113831244982954,-5.269099731165163,-1.5259861000908694,0.469794871457711,4.860538285940093,-5.910001286007086,-1.8098526079560162,0.5180453310280866,0.304,0.037,-0.063,0.3062433672751134,0.49562737345695496,-0.05745021253824234,0.4941445589065552,0.5180453310280866,2222.0,0.08434366442115669,NAV2,False,True,True,True,,,-0.15492883484067307,9.930208206176758
21.419544704000145,134.53091631640288,105.96430832651193,-1.5831419667108286,0.01865089886900558,6.115237108112604,-5.301094430146698,-1.5281821089005252,0.47304487478568624,4.855783090090868,-5.92936365796272,-1.8122083273229346,0.5037622431266557,0.304,0.037,-0.063,0.3062433672751134,0.49562737345695496,-0.05745021253824234,0.49562737345695496,0.5037622431266557,2222.0,0.08517872301953754,NAV2,False,True,True,True,,,-0.15608432472358674,9.930208206176758
21.461715007999373,134.53091631640288,105.96430832651193,-1.5831419667108286,0.01865089886900558,6.115904532134334,-5.31690397236686,-1.5294115948484879,0.47323659949143115,4.848494917482005,-5.9586624097935745,-1.8157893825839222,0.5037622431266557,0.304,0.037,-0.063,0.3062433672751134,0.49562737345695496,-0.05745021253824234,0.49562737345695496,0.5107904292368836,2222.0,0.08490035463937277,NAV2,False,True,True,True,,,-0.15677730384913496,9.916458129882812
21.503757546999623,134.53091631640288,105.96430832651193,-1.5831419667108286,0.01865089886900558,6.116584853752712,-5.333540865567209,-1.5305662483785765,0.47908527362381276,4.843600649993682,-5.97809009662553,-1.8181826374904206,0.5037622431266557,0.387,-0.039,-0.065,0.3889601522007107,0.49644914269447327,-0.063784658908844,0.49644914269447327,0.5037622431266557,2285.0,0.08601382816003181,NAV2,False,True,True,True,,,-0.15685162979486472,9.916458129882812
21.54525545999968,134.57626318604886,105.9642463803361,-1.5804763002703122,0.018589664572181173,6.117244471796664,-5.350114175769133,-1.5318460569735033,0.4827500952958199,4.838556628238985,-5.997901262309114,-1.8207443139306108,0.49673405701642787,0.387,-0.039,-0.065,0.3889601522007107,0.49644914269447327,-0.063784658908844,0.49644914269447327,0.49673405701642787,2133.0,0.09018926077827626,NAV2,False,True,True,True,,,-0.15808628521321155,9.916458129882812
21.59545420699942,134.57626318604886,105.9642463803361,-1.5804763002703122,0.018589664572181173,6.118512248543651,-5.383645105398353,-1.5346553826736875,0.4896868034849507,4.8336628459834525,-6.01692425764526,-1.8232094297930315,0.49673405701642787,0.557,-0.058,-0.115,0.5600116070225688,0.49644914269447327,-0.063784658908844,0.49644914269447327,0.49673405701642787,2222.0,0.09046767570055438,NAV2,False,True,True,True,,,-0.1591387980317115,9.916458129882812
21.63550922400009,134.62105464136118,105.96221170492792,-1.5790284895248277,0.01980180774895957,6.1191077002961665,-5.4003138938350705,-1.5361520181522184,0.4917530290589391,4.82860208288747,-6.03639341151949,-1.8257377118430975,0.5107904292368836,0.557,-0.058,-0.115,0.5600116070225688,0.49663621187210083,-0.06929858773946762,0.49644914269447327,0.5107904292368836,2191.0,0.09046767570055438,NAV2,False,True,True,True,,,-0.1598597103722884,9.916458129882812
21.67921281100007,134.62105464136118,105.96221170492792,-1.5790284895248277,0.01980180774895957,6.119690066651578,-5.417309691801469,-1.537552639918194,0.49485117639026444,4.823528550985352,-6.0557120387184105,-1.828248095201778,0.5037622431266557,0.232,0.021,0.008,0.23294849216082084,0.49663621187210083,-0.06929858773946762,0.49663621187210083,0.5037622431266557,2222.0,0.09046767570055438,NAV2,False,True,True,True,,,-0.16154052619170556,9.916458129882812
21.71966682099992,134.6674744490868,105.9605117568726,-1.579024389834345,0.020002393047400514,6.120761105179253,-5.450657064868478,-1.5404962165857599,0.49746977286117616,4.815709193781877,-6.085101623605889,-1.8321510655093753,0.5107904292368836,0.232,0.021,0.008,0.23294849216082084,0.49663621187210083,-0.06929858773946762,0.49663621187210083,0.49673405701642787,2253.0,0.09213779289731613,NAV2,False,True,True,True,,,-0.16292646553111098,9.916458129882812
21.76722607299962,134.6674744490868,105.9605117568726,-1.579024389834345,0.020002393047400514,6.12127773199057,-5.467982338855712,-1.542044220462937,0.5020114778995137,4.810076746038758,-6.105976237295794,-1.83507716625092,0.5107904292368836,0.232,0.021,0.008,0.23294849216082084,0.49622994661331177,-0.07495157420635223,0.49622994661331177,0.5180453310280866,2253.0,0.0968699622758901,NAV2,False,True,True,True,,,-0.16397994859036338,9.916458129882812
21.809708550999858,134.6674744490868,105.9605117568726,-1.579024389834345,0.020002393047400514,6.121769389962953,-5.485391331767308,-1.5436155239461014,0.5064529317910439,4.804693463655793,-6.1256981311160175,-1.8379966493208448,0.5107904292368836,0.685,-0.143,0.003,0.6997671041139331,0.49622994661331177,-0.07495157420635223,0.49622994661331177,0.5107904292368836,2285.0,0.10355061723139054,NAV2,False,True,True,True,,,-0.16482186806810337,9.916458129882812
21.8512593079995,134.71932468859748,105.95447919997955,-1.5799634539362537,0.0232497542994174,6.12261442553932,-5.519585232258926,-1.5495269943767804,0.5095138333130094,4.799278498099993,-6.145311878098803,-1.8408821995537556,0.5107904292368836,0.685,-0.143,0.003,0.6997671041139331,0.49622994661331177,-0.07495157420635223,0.49622994661331177,0.5107904292368836,2318.0,0.10188040695040197,NAV2,False,True,True,True,,,-0.16532064662793433,9.916458129882812
21.895686093999757,134.71932468859748,105.95447919997955,-1.5799634539362537,0.0232497542994174,6.12297605454674,-5.5372225175792185,-1.552208515461536,0.5138744990645993,4.793699764308951,-6.165295645164029,-1.8437353209385008,0.5255269485002646,0.624,0.07,-0.011,0.6279140068512566,0.49600949883461,-0.07902736961841583,0.49600949883461,0.5255269485002646,2352.0,0.09826171109248705,NAV2,False,True,True,True,,,-0.168445911362347,9.916458129882812
21.93833230099972,134.76677216276335,105.94946663785002,-1.5851212844463665,0.02472658228046341,6.123298295094273,-5.5548025937038465,-1.5538509661920934,0.5169451312449719,4.787567803329741,-6.187010629263003,-1.8467607169558586,0.5255269485002646,0.624,0.07,-0.011,0.6279140068512566,0.49600949883461,-0.07902736961841583,0.49600949883461,0.5255269485002646,2318.0,0.09603485713539582,NAV2,False,True,True,True,,,-0.16926574460554894,9.916458129882812
21.979422521999368,134.76677216276335,105.94946663785002,-1.5851212844463665,0.02472658228046341,6.12364712605313,-5.575841315858491,-1.5553650981118252,0.5188260451430085,4.782164731118131,-6.205899631981372,-1.8494001198810561,0.5255269485002646,0.234,0.208,-0.138,0.3130814590485997,0.49600949883461,-0.07902736961841583,0.49600949883461,0.5255269485002646,2352.0,0.0968699622758901,NAV2,False,True,True,True,,,-0.17154730299718718,9.916458129882812
22.021295391999956,134.81229359526347,105.94501853303275,-1.586907801387052,0.0260801041996295,6.12407531438548,-5.6070680479245825,-1.5594636068843675,0.5210191932752879,4.77630449296103,-6.226193979985908,-1.8522368896074508,0.5180453310280866,0.234,0.208,-0.138,0.3130814590485997,0.49600949883461,-0.07902736961841583,0.49600949883461,0.5180453310280866,2253.0,0.09659159389572534,NAV2,False,True,True,True,,,-0.17310385840356798,9.916458129882812
22.06258918200001,134.81229359526347,105.94501853303275,-1.586907801387052,0.0260801041996295,6.12407531438548,-5.6070680479245825,-1.5594636068843675,0.5210191932752879,4.770286157360348,-6.24684224878984,-1.8551262950003888,0.5255269485002646,0.234,0.208,-0.138,0.3130814590485997,0.4961983561515808,-0.08299212902784348,0.4961983561515808,0.5255269485002646,2318.0,0.0968699622758901,NAV2,False,True,True,True,,,-0.17310385840356798,9.916458129882812
22.103773146000094,134.81229359526347,105.94501853303275,-1.586907801387052,0.0260801041996295,6.1244263223312,-5.641840054907495,-1.5624120001955013,0.5222208269983998,4.761438628977768,-6.276801430122089,-1.8593731861850487,0.5255269485002646,0.492,-0.234,-0.034,0.5448118941432906,0.4961983561515808,-0.08299212902784348,0.4961983561515808,0.5255269485002646,2318.0,0.09854007947265181,NAV2,False,True,True,True,,,-0.17653779898829597,9.916458129882812
22.145094511000025,134.85188698380855,105.93912121339729,-1.586450848625939,0.02932459165195328,6.124561838682626,-5.659199201174877,-1.563903035171882,0.5226880079688094,4.755875096263346,-6.2954067788375285,-1.8620220597207349,0.5037622431266557,0.492,-0.234,-0.034,0.5448118941432906,0.4968319237232208,-0.08558809757232666,0.4968319237232208,0.5037622431266557,2285.0,0.09826171109248705,NAV2,False,True,True,True,,,-0.17801276602232394,9.916458129882812
22.195448315999784,134.85188698380855,105.93912121339729,-1.586450848625939,0.02932459165195328,6.124736198686604,-5.693290121744157,-1.5681290243292976,0.5203519894402325,4.74987137828822,-6.315283372570405,-1.8648349327586393,0.5180453310280866,0.285,-0.085,-0.001,0.297405447159261,0.4968319237232208,-0.08558809757232666,0.4968319237232208,0.5180453310280866,2285.0,0.0977050674163843,NAV2,False,True,True,True,,,-0.1809676280178637,9.916458129882812
22.23555106999993,134.89234162789572,105.92978052646592,-1.588681032193116,0.03467443391103302,6.124759962355408,-5.710567930666187,-1.5710566264885606,0.5205470326013071,4.743857902700903,-6.334993126538766,-1.867622723441943,0.5107904292368836,0.285,-0.085,-0.001,0.297405447159261,0.49756669998168945,-0.0874786227941513,0.4968319237232208,0.5107904292368836,2285.0,0.09742669903621955,NAV2,False,True,True,True,,,-0.1833177860155683,9.916458129882812
22.275780984999983,134.89234162789572,105.92978052646592,-1.588681032193116,0.03467443391103302,6.124743365854715,-5.727611898075552,-1.5731257803416796,0.5194924664543988,4.7377993968531635,-6.354652297456546,-1.870444320528399,0.5107904292368836,0.347,-0.223,0.067,0.41247787819469783,0.49756669998168945,-0.0874786227941513,0.49756669998168945,0.5107904292368836,2253.0,0.09909681623298133,NAV2,False,True,True,True,,,-0.186830548712055,9.916458129882812
22.316418460000023,134.89234162789572,105.92978052646592,-1.588681032193116,0.03467443391103302,6.1246372772390885,-5.7613780929765035,-1.5753420670093707,0.5162658316199595,4.731780844820058,-6.3739888839497,-1.8732448418485916,0.5037622431266557,0.347,-0.223,0.067,0.41247787819469783,0.49756669998168945,-0.0874786227941513,0.49756669998168945,0.5037622431266557,2253.0,0.09993192137347552,NAV2,False,True,True,True,,,-0.1876088682389203,9.916458129882812
22.359057089999624,134.9288962844105,105.91732186332106,-1.5874691983161315,0.042643368724800554,6.124545938434841,-5.778019418092288,-1.5772974963147304,0.5133963431987035,4.725704896619038,-6.3933177056298724,-1.8760695093573718,0.49673405701642787,0.347,-0.223,0.067,0.41247787819469783,0.49756669998168945,-0.0874786227941513,0.49756669998168945,0.49673405701642787,2191.0,0.10076697997185637,NAV2,False,True,True,True,,,-0.18854672103151532,9.916458129882812
22.39944022599957,134.9288962844105,105.91732186332106,-1.5874691983161315,0.042643368724800554,6.124426692573638,-5.794196434588912,-1.5789922168043296,0.5086787224275994,4.716714670353629,-6.421575308722063,-1.8801980576909751,0.5037622431266557,0.464,-0.056,0.005,0.467367093407313,0.4983285963535309,-0.08948345482349396,0.4983285963535309,0.4901593022681502,2222.0,0.10048865813380503,NAV2,False,True,True,True,,,-0.18818332148284012,9.916458129882812
22.439878363999924,134.96611495770384,105.90441963760786,-1.587419970141063,0.050082411769062446,6.124284441172506,-5.811033486482449,-1.5800409774665647,0.5082945543344088,4.710741706831168,-6.4401295373810274,-1.8829191831330945,0.4772365084525699,0.464,-0.056,0.005,0.467367093407313,0.4983285963535309,-0.08948345482349396,0.4983285963535309,0.49673405701642787,2105.0,0.10076697997185637,NAV2,False,True,True,True,,,-0.18865593042223397,9.916458129882812
22.483137491999514,134.96611495770384,105.90441963760786,-1.587419970141063,0.050082411769062446,6.123947873048484,-5.842777263660107,-1.5828721191257276,0.49754764643277477,4.70477629363378,-6.458490099461911,-1.8856142596963719,0.4772365084525699,0.192,0.068,0.053,0.20368603290358425,0.49917930364608765,-0.09134050458669662,0.49917930364608765,0.4772365084525699,2105.0,0.10076697997185637,NAV2,False,True,True,True,,,-0.18974467959652588,9.710494995117188
22.52529469199999,135.003914327591,105.89117180126631,-1.587678922554992,0.05698935121668024,6.123737505239347,-5.8591627074428425,-1.5846679644768025,0.4940749071571125,4.698942302695455,-6.476284206520256,-1.8882811631928327,0.4534313619501852,0.192,0.068,0.053,0.20368603290358425,0.49917930364608765,-0.09134050458669662,0.49917930364608765,0.4534313619501852,2000.0,0.10299388047106102,NAV2,False,True,True,True,,,-0.1917758828554705,9.710494995117188
22.57010495799932,135.003914327591,105.89117180126631,-1.587678922554992,0.05698935121668024,6.123521705693692,-5.873774822195147,-1.5861177472570913,0.4839610196801651,4.693036380707905,-6.494135052015663,-1.8909797838287499,0.45909925397456247,0.192,0.068,0.053,0.20368603290358425,0.49917930364608765,-0.09134050458669662,0.49917930364608765,0.4534313619501852,2025.0,0.10355061723139054,NAV2,False,True,True,True,,,-0.1927136351357301,9.710494995117188
22.615458214999308,135.003914327591,105.89117180126631,-1.587678922554992,0.05698935121668024,6.123283548270543,-5.888706633413254,-1.5874348744353495,0.4784199327316729,4.687507779781898,-6.510702671769523,-1.8935095008893879,0.4534313619501852,0.309,-0.158,0.056,0.3470518693221519,0.49917930364608765,-0.09134050458669662,0.49917930364608765,0.4534313619501852,1951.0,0.1049425056743276,NAV2,False,True,True,True,,,-0.19435968120311378,9.710494995117188
22.657795745999465,135.03815830429846,105.8754608597715,-1.5874208938106464,0.06572009987088247,6.122731824051147,-5.918906176399943,-1.5907333053144104,0.46874801470043154,4.681747913803271,-6.527814720487815,-1.8961383809796821,0.45909925397456247,0.309,-0.158,0.056,0.3470518693221519,0.5001953840255737,-0.09261668473482132,0.5001953840255737,0.45909925397456247,2000.0,0.105220827512379,NAV2,False,True,True,True,,,-0.1952809190304274,9.710494995117188
22.698916903999816,135.03815830429846,105.8754608597715,-1.5874208938106464,0.06572009987088247,6.122427680419213,-5.93388797032655,-1.5917854512723024,0.4645785068040191,4.675839823931165,-6.545213321369457,-1.8988240258409075,0.4534313619501852,0.352,0.025,-0.009,0.35288666735936625,0.5001953840255737,-0.09261668473482132,0.5001953840255737,0.4534313619501852,2051.0,0.10577751773059509,NAV2,False,True,True,True,,,-0.1957397096832849,9.710494995117188
22.739595053999437,135.07138664544783,105.85980757219544,-1.587521991083132,0.07355275746281736,6.122093441481461,-5.949370479862863,-1.593327746696418,0.46412421568041956,4.666815540768648,-6.571495702480648,-1.9029012629206055,0.4708884693852673,0.352,0.025,-0.009,0.35288666735936625,0.5012432336807251,-0.09427466243505478,0.5001953840255737,0.4649938616799149,2077.0,0.10605588611075986,NAV2,False,True,True,True,,,-0.19596187483039054,9.710494995117188
22.779703502999837,135.07138664544783,105.85980757219544,-1.587521991083132,0.07355275746281736,6.121731311474759,-5.965012162798404,-1.5951647373883657,0.46463093231490527,4.660599409583391,-6.589398803713501,-1.9056783773053647,0.4772365084525699,0.25,0.028,-0.029,0.2515631133532895,0.5012432336807251,-0.09427466243505478,0.5012432336807251,0.4708884693852673,2105.0,0.10577751773059509,NAV2,False,True,True,True,,,-0.19814956132288913,9.710494995117188
22.82214122499954,135.10374427182447,105.8463986757915,-1.5900488920405167,0.07838511462744974,6.1209191967044045,-5.996654039897617,-1.598193044463547,0.4675461031564257,4.654358421060289,-6.60721394081517,-1.9084480353978286,0.4649938616799149,0.25,0.028,-0.029,0.2515631133532895,0.5012432336807251,-0.09427466243505478,0.5012432336807251,0.4649938616799149,2051.0,0.10605588611075986,NAV2,False,True,True,True,,,-0.1999359839203415,9.710494995117188
22.86610669499987,135.10374427182447,105.8463986757915,-1.5900488920405167,0.07838511462744974,6.120490615231306,-6.0119008151796125,-1.5998216788629844,0.46499625905573244,4.648225534405307,-6.624569073812149,-1.911152257469933,0.4649938616799149,0.352,-0.126,0.005,0.3738716357254184,0.5012432336807251,-0.09427466243505478,0.5012432336807251,0.4649938616799149,2051.0,0.10633420794881118,NAV2,False,True,True,True,,,-0.20271137283917326,9.710494995117188
22.909843536999688,135.10374427182447,105.8463986757915,-1.5900488920405167,0.07838511462744974,6.120024353004256,-6.027498326036293,-1.6019000440957318,0.46536010218879276,4.641926295256113,-6.6422405042663994,-1.9139083388802542,0.4708884693852673,0.352,-0.126,0.005,0.3738716357254184,0.5023432374000549,-0.09559527784585953,0.5023432374000549,0.4708884693852673,2025.0,0.10633420794881118,NAV2,False,True,True,True,,,-0.2047247199797302,9.710494995117188
22.951286230999358,135.13530756730873,105.83287438218011,-1.593961784473246,0.08256438868956666,6.119001002122878,-6.058630998077437,-1.606119863081377,0.46517975589777727,4.635520735486194,-6.660053164324001,-1.9167035078052428,0.4708884693852673,0.352,-0.126,0.005,0.3738716357254184,0.5023432374000549,-0.09559527784585953,0.5023432374000549,0.4708884693852673,2105.0,0.1068909447091407,NAV2,False,True,True,True,,,-0.2067520638119511,9.710494995117188
22.99554319699928,135.13530756730873,105.83287438218011,-1.593961784473246,0.08256438868956666,6.118443985855204,-6.074109272854161,-1.6080363543900378,0.46465899113675535,4.6292959005320595,-6.677216299036041,-1.9194027576064752,0.4534313619501852,0.596,-0.046,0.062,0.5977725319885483,0.5032538771629333,-0.09587892144918442,0.5032538771629333,0.4534313619501852,2051.0,0.1068909447091407,NAV2,False,True,True,True,,,-0.20915996459243558,9.710494995117188
23.035706521000066,135.1703609745264,105.82142183580123,-1.5995297261408654,0.08404275397876038,6.117858524235155,-6.089600495404324,-1.6097183511568902,0.4642751331548939,4.622804597501329,-6.694959588934622,-1.922227744703471,0.4772365084525699,0.596,-0.046,0.062,0.5977725319885483,0.5032538771629333,-0.09587892144918442,0.5032538771629333,0.4772365084525699,2105.0,0.10883952337029396,NAV2,False,True,True,True,,,-0.21145216482595997,9.710494995117188
23.07673404599973,135.1703609745264,105.82142183580123,-1.5995297261408654,0.08404275397876038,6.117227959497492,-6.105625479636062,-1.6113677853593282,0.46708582747034455,4.6161862833146285,-6.712890230515899,-1.9251107380217407,0.4772365084525699,0.323,0.006,-0.036,0.32305572274763994,0.5032538771629333,-0.09587892144918442,0.5032538771629333,0.4772365084525699,2133.0,0.1091178917504587,NAV2,False,True,True,True,,,-0.21390730524595558,9.710494995117188
23.118522372999905,135.20647274157412,105.81186779833664,-1.6058113294712428,0.08322274106955231,6.115876415152103,-6.13779336852329,-1.6152007948494869,0.4724677774527483,4.609409660895135,-6.731086778377404,-1.928025120401454,0.4901593022681502,0.323,0.006,-0.036,0.32305572274763994,0.5032538771629333,-0.09587892144918442,0.5032538771629333,0.4901593022681502,2133.0,0.10856115499012918,NAV2,False,True,True,True,,,-0.21505330152375454,9.710494995117188
23.159820629999558,135.20647274157412,105.81186779833664,-1.6058113294712428,0.08322274106955231,6.115132994542289,-6.154285620092937,-1.6175855079777877,0.47585269010555054,4.598981554158577,-6.7587756081548855,-1.9324621657847423,0.5037622431266557,0.323,0.006,-0.036,0.32305572274763994,0.5038138628005981,-0.09607946872711182,0.5038138628005981,0.4901593022681502,2222.0,0.10856115499012918,NAV2,False,True,True,True,,,-0.21841539420447312,9.710494995117188
23.202904136000143,135.20647274157412,105.81186779833664,-1.6058113294712428,0.08322274106955231,6.1143443163286895,-6.17098595683332,-1.619694467494483,0.4816727095670978,4.591742931775214,-6.777778335919256,-1.935514225561667,0.49673405701642787,0.495,-0.095,0.05,0.5040337290301117,0.5038138628005981,-0.09607946872711182,0.5038138628005981,0.49673405701642787,2191.0,0.10856115499012918,NAV2,False,True,True,True,,,-0.2199583994986044,9.710494995117188
23.244951212999695,135.24154148482475,105.80399596212195,-1.6145975791027793,0.08035847083861736,6.1135359362466115,-6.187323545200012,-1.6216504685821305,0.48360101464384214,4.584955002576308,-6.795443684744967,-1.9383617131667228,0.48358454751987245,0.495,-0.095,0.05,0.5040337290301117,0.42381386280059813,-0.08082312493489845,0.0,0.48358454751987245,2162.0,0.10883952337029396,TELEOP,False,True,True,True,,,-0.2223989193844339,9.710494995117188
23.28823439899952,135.24154148482475,105.80399596212195,-1.6145975791027793,0.08035847083861736,6.11186007136181,-6.219232183694593,-1.6251625128239409,0.48169465671930467,4.577737104625781,-6.8140910854212695,-1.9408850084205802,0.4534313619501852,0.535,-0.259,-0.022,0.594395491234582,0.2638138628005981,-0.0503104373504717,0.0,0.4534313619501852,2000.0,0.11245821922820895,TELEOP,False,True,True,True,,,-0.2247871323250177,9.710494995117188
23.33613410899943,135.27978120387553,105.79543495002439,-1.621000993933988,0.07830139986746562,6.110996287726757,-6.23491952477275,-1.6265692816338635,0.4780948354656495,4.572034778778536,-6.828697726832031,-1.9437171013966617,0.3985661671542128,0.535,-0.259,-0.022,0.594395491234582,0.02381386280059808,0.0,0.0,0.3985661671542128,1616.0,0.13444885584009023,TELEOP,False,True,True,True,,,-0.226011751552749,9.710494995117188
23.3911522519993,135.27978120387553,105.79543495002439,-1.621000993933988,0.07830139986746562,6.110266521257162,-6.247516793005146,-1.6285700740336733,0.460787471568397,4.566924398792519,-6.841686245444235,-1.9462870610722096,0.3266972962851084,0.293,0.083,-0.033,0.30452914474644294,0.0,0.0,0.0,0.3266972962851084,1311.0,0.1338921190797607,TELEOP,False,True,True,True,,,-0.22979612620135728,9.710494995117188
23.437067516999377,135.3214409833884,105.78614673119672,-1.6277364488645443,0.07695805872292608,6.1094986745853825,-6.2603859594385565,-1.6304743682423064,0.4458952755595484,4.56422339882621,-6.8485111900803215,-1.947637113130279,0.28543504234764155,0.293,0.083,-0.033,0.30452914474644294,0.0,0.0,0.0,0.28543504234764155,1059.0,0.1338921190797607,TELEOP,False,True,True,True,,,-0.23286062794581674,9.710494995117188
23.48567352200007,135.3214409833884,105.78614673119672,-1.6277364488645443,0.07695805872292608,6.10857081647653,-6.275728957459495,-1.6328390218838542,0.4442291191257,4.561249287515638,-6.855993831451716,-1.9491181348010551,0.24009190615262305,0.293,0.083,-0.033,0.30452914474644294,0.0,0.0,0.0,0.24009190615262305,1194.0,0.1338921190797607,TELEOP,False,True,True,True,,,-0.23502262251840417,9.710494995117188
23.542125455999667,135.36244733198834,105.77615986488574,-1.63336430995223,0.07656681147249325,6.1067536576262205,-6.304580112453839,-1.6353497374533776,0.44130536823851396,4.556586138820641,-6.867647663595617,-1.9514222265404806,0.45909925397456247,0.293,0.083,-0.033,0.30452914474644294,0.0,0.0,0.0,0.45909925397456247,2539.0,0.13361370415748258,TELEOP,False,True,True,True,,,-0.23771012829327867,9.710494995117188
23.58511011199971,135.36244733198834,105.77615986488574,-1.63336430995223,0.07656681147249325,6.104736406482021,-6.334557780363887,-1.6423313929205363,0.4452782166518848,4.538462584541651,-6.912068724209099,-1.96030409257303,0.4772365084525699,0.466,-0.149,0.064,0.48924124928300966,0.0,0.0,0.0,0.49673405701642787,2191.0,0.13556223627652247,TELEOP,False,True,True,True,,,-0.23999500530613632,9.710494995117188
23.62567410199972,135.3904986095456,105.76822106723993,-1.643138986566893,0.07290445496568018,6.102941321308293,-6.358814313776183,-1.6435149807763891,0.42258882162481853,4.528850866114633,-6.93536255060364,-1.962970058364897,0.3296446001377846,0.178,-0.103,-0.015,0.20565261972559454,0.0,0.46542113387097234,0.0,0.3296446001377846,1344.0,0.07070389304576431,TELEOP_RELEASE_HOLD,False,True,True,True,,,-0.24242160258519158,9.994853973388672
23.669550609999533,135.3904986095456,105.76822106723993,-1.643138986566893,0.07290445496568018,6.102220624588679,-6.3682112691927575,-1.6433681052129974,0.4027944280462004,4.522569445363142,-6.950507327032922,-1.9641946653808784,0.27681984647058805,0.485,0.173,0.106,0.5149310633473183,0.0,0.46542113387097234,0.0,0.27681984647058805,1134.0,0.04342444337920633,TELEOP_RELEASE_HOLD,False,True,True,True,,,-0.24475101593578588,9.994853973388672
23.70992432499952,135.3904986095456,105.76822106723993,-1.643138986566893,0.07290445496568018,6.101568381055865,-6.376541023285279,-1.6448424627115639,0.38137892462201173,4.518734219949103,-6.959739063502422,-1.9646547972582644,0.2627634742501323,0.485,0.173,0.106,0.5149310633473183,0.0,0.46542113387097234,0.0,0.2627634742501323,1616.0,0.03256826272123468,TELEOP_RELEASE_HOLD,False,True,True,True,,,-0.24637743428189846,9.994853973388672
23.75116073299978,135.43245213509172,105.76186207725078,-1.6471793778041934,0.06861960627886375,6.100253587853555,-6.393354216379267,-1.6464953654473138,0.3503298175445975,4.513021487358934,-6.97346667294299,-1.9653068569829708,0.3899509712771592,0.485,0.173,0.106,0.5149310633473183,0.0,0.22542113387097235,0.0,0.3899509712771592,1739.0,0.030619823686421584,TELEOP_RELEASE_HOLD,False,True,True,True,,,-0.24827554747738576,9.994853973388672
23.795506671000112,135.43245213509172,105.76186207725078,-1.6471793778041934,0.06861960627886375,6.09925858185354,-6.4065008672658,-1.647702290258351,0.35431977362201084,4.507150084608597,-6.987550293270925,-1.9659327774671869,0.3699999913513511,0.592,-0.147,0.003,0.6099778684509791,0.0,0.0,0.0,0.3699999913513511,1523.0,0.027836186426887493,TELEOP_RELEASE_HOLD,False,True,True,True,,,-0.2489066407435642,9.994853973388672
23.835707705999994,135.4768242681393,105.75694465993425,-1.6521062486317752,0.06315692281806175,6.098367482789597,-6.418023846191852,-1.6484105353192475,0.3512901655177218,4.502054818800559,-6.9997551986665325,-1.9663895801108824,0.3153615122363538,0.592,-0.147,0.003,0.6099778684509791,0.0,0.0,0.0,0.3153615122363538,1333.0,0.023939168730921164,TELEOP_RELEASE_HOLD,False,True,True,True,,,-0.25016380106146674,9.994853973388672
23.87580942800014,135.4768242681393,105.75694465993425,-1.6521062486317752,0.06315692281806175,6.097625816891131,-6.427411613975696,-1.6485103146175013,0.3398062723525843,4.49754325448248,-7.010549735023704,-1.9667751386824182,0.2811274444091148,0.284,-0.111,-0.009,0.30492130132216083,0.0,0.0,0.0,0.2811274444091148,1322.0,0.02310406359042688,TELEOP_RELEASE_HOLD,False,True,True,True,,,-0.24890020073035005,9.994853973388672
23.916486438999527,135.4768242681393,105.75694465993425,-1.6521062486317752,0.06315692281806175,6.096061905406575,-6.447501923371046,-1.648197819018643,0.3266711421808534,4.492554175433616,-7.022473471994159,-1.9671719523643103,0.34868871733969237,0.284,-0.111,-0.009,0.30492130132216083,0.0,0.0,0.0,0.34868871733969237,1584.0,0.02087716309122232,TELEOP_RELEASE_HOLD,False,True,True,True,,,-0.2489066407435642,9.994853973388672
23.96019499399972,135.5174175338443,105.75125637379291,-1.6540573063836648,0.05863068416541313,6.095112742415936,-6.459728954631362,-1.6492544273943606,0.33019232683459737,4.487032564651653,-7.035655132767766,-1.9675756362192218,0.35549018776894514,0.284,-0.111,-0.009,0.30492130132216083,0.0,0.0,0.0,0.35549018776894514,1467.0,0.019485321190398523,TELEOP_RELEASE_HOLD,False,True,True,True,,,-0.2502020369308436,9.994853973388672
24.002857835999748,135.5174175338443,105.75125637379291,-1.6540573063836648,0.05863068416541313,6.0942487050797585,-6.470701684173651,-1.649862849279069,0.3280473958299638,4.479754523809085,-7.053011439617332,-1.967910629327961,0.2997181302490724,0.227,0.025,-0.032,0.22837250272307305,0.0,0.0,0.0,0.2997181302490724,1212.0,0.0,TELEOP_RELEASE_HOLD,False,True,True,True,,,-0.25179923850315916,9.994853973388672
24.0440147599993,135.5565645536264,105.74700478027063,-1.6588613038967197,0.052956060155343126,6.0933922059934895,-6.48153090434901,-1.6498386547736386,0.3255219289595952,4.47564635073723,-7.062806894916569,-1.967910629327961,0.257095582225755,0.227,0.025,-0.032,0.22837250272307305,0.0,0.0,0.0,0.257095582225755,1142.0,0.0,TELEOP_RELEASE_HOLD,False,True,True,True,,,-0.2530860200688384,9.994853973388672
24.08461301599982,135.5565645536264,105.74700478027063,-1.6588613038967197,0.052956060155343126,6.091859283665156,-6.5007838769438395,-1.6504275437559768,0.3110004803570627,4.4714229140760695,-7.072877182681947,-1.967910629327961,0.2747794053418122,0.274,-0.097,-0.066,0.29066303514551006,0.05,0.0,0.05,0.2747794053418122,1269.0,0.0,NAV2,False,True,True,True,,,-0.25439892010804793,9.994853973388672
24.135526731999562,135.59244754324382,105.74441588676923,-1.6631205973229486,0.04651248193924556,6.0911109873452975,-6.510113884107024,-1.6510040112618019,0.304423761917922,4.467450193402347,-7.082349667675924,-1.967910629327961,0.23691788661897176,0.274,-0.097,-0.066,0.29066303514551006,0.2,-0.020692648908648234,0.15000000000000002,0.23691788661897176,993.0,0.0,NAV2,False,True,True,True,,,-0.25504092329662326,9.994853973388672
24.17566533899935,135.59244754324382,105.74441588676923,-1.6631205973229486,0.04651248193924556,6.090773017185986,-6.5142379377848005,-1.6507251074339047,0.27718136143350847,4.463502047150157,-7.09175688890061,-1.9683606155543771,0.28543504234764155,0.297,0.012,-0.043,0.2972423253845253,0.3,-0.029636853697343507,0.25,0.28543504234764155,1176.0,0.055950741233939665,NAV2,False,True,True,True,,,-0.25536278361395787,9.994853973388672
24.216636186999494,135.59244754324382,105.74441588676923,-1.6631205973229486,0.04651248193924556,6.089429225427519,-6.530920593303141,-1.651594314946889,0.26403106888473166,4.459719431576686,-7.100749550869041,-1.9691618942983113,0.2224080830365658,0.297,0.012,-0.043,0.2972423253845253,0.39999999999999997,-0.03858105848603878,0.35,0.2224080830365658,1111.0,0.058734378493473835,NAV2,False,True,True,True,,,-0.2550392320696006,9.994853973388672
24.259277952000048,135.62923617494855,105.74245263085957,-1.6673755949891642,0.03949976276990159,6.088632856808415,-6.54072142305425,-1.6524801427458096,0.26620791962964124,4.455332778926362,-7.111152187386053,-1.9700847954712257,0.31264092406465266,0.297,0.012,-0.043,0.2972423253845253,0.4927043914794922,-0.043334949761629105,0.4927043914794922,0.31264092406465266,1415.0,0.05817764173314431,NAV2,False,True,True,True,,,-0.256006106471645,9.994853973388672
24.299509254999975,135.62923617494855,105.74245263085957,-1.6673755949891642,0.03949976276990159,6.087628874083605,-6.552996927826052,-1.6533080139353313,0.28018951657775487,4.447003944483929,-7.1308272287754475,-1.9718162645480606,0.3985661671542128,0.15,0.004,0.021,0.15005332385522155,0.4927043914794922,-0.043334949761629105,0.4927043914794922,0.34868871733969237,1758.0,0.05762095151492823,NAV2,False,True,True,True,,,-0.2572984525395576,9.994853973388672
24.339658661999238,135.66307321857303,105.73923371107291,-1.6720813360997115,0.0342904189858655,6.086593442230423,-6.565574232054168,-1.6535357950438299,0.29387176571014956,4.439994506412394,-7.147309505298072,-1.9732567421477318,0.4534313619501852,0.15,0.004,0.021,0.15005332385522155,0.4927043914794922,-0.043334949761629105,0.4927043914794922,0.44232229358240566,2000.0,0.05734258313476347,NAV2,False,True,True,True,,,-0.2592359658983894,9.994853973388672
24.38079863099938,135.66307321857303,105.73923371107291,-1.6720813360997115,0.0342904189858655,6.085124002903122,-6.583369540091723,-1.6538307399888992,0.33191053760862194,4.436804299045548,-7.154790014927242,-1.973910787751904,0.40287376509273953,0.184,-0.103,-0.007,0.21086725682286475,0.4884111285209656,-0.04220323637127876,0.4927043914794922,0.40287376509273953,1379.0,0.05734258313476347,NAV2,False,True,True,True,,,-0.2589143618848819,9.994853973388672
24.42287562399997,135.66307321857303,105.73923371107291,-1.6720813360997115,0.0342904189858655,6.084008013505639,-6.596740442532016,-1.6547639597890549,0.3396467005521619,4.43135806535147,-7.167531564099109,-1.9750014695008893,0.2811274444091148,0.184,-0.103,-0.007,0.21086725682286475,0.4884111285209656,-0.04220323637127876,0.4884111285209656,0.2811274444091148,1240.0,0.055950741233939665,NAV2,False,True,True,True,,,-0.2592359658983894,9.994853973388672
24.466508892000093,135.69452807820028,105.73696482604265,-1.6768108809600129,0.028694522819257093,6.0823186997286856,-6.616581149618766,-1.6565310586989426,0.3267147120974392,4.425429147790645,-7.18135744662847,-1.9761766912813188,0.2727389642130364,0.228,-0.076,-0.032,0.24033310217279683,0.4884111285209656,-0.04220323637127876,0.4884111285209656,0.2727389642130364,1203.0,0.055672372853774986,NAV2,False,True,True,True,,,-0.2602143213314847,9.994853973388672
24.50945310499992,135.69452807820028,105.73696482604265,-1.6768108809600129,0.028694522819257093,6.081501526755031,-6.626065927243115,-1.6568262270343945,0.3173487637574715,4.420957943717845,-7.19175714901443,-1.9770610376382187,0.29246322845786943,0.228,-0.076,-0.032,0.24033310217279683,0.48635628819465637,-0.042167991399765015,0.48635628819465637,0.29246322845786943,1280.0,0.055672372853774986,NAV2,False,True,True,True,,,-0.2618256562553283,9.994853973388672
24.550177721999717,135.7232542800224,105.73347591547567,-1.679893030443599,0.024942496280329962,6.079807447359424,-6.6456102329367,-1.657897261716597,0.30696210724197037,4.416235820933238,-7.202712787524383,-1.977988443573649,0.30719974772125047,0.228,-0.076,-0.032,0.24033310217279683,0.48635628819465637,-0.042167991399765015,0.48635628819465637,0.30719974772125047,1391.0,0.05539400447361023,NAV2,False,True,True,True,,,-0.26344653477791324,9.994853973388672
24.59560265899927,135.7232542800224,105.73347591547567,-1.679893030443599,0.024942496280329962,6.078870401576414,-6.656306593662352,-1.658805939872522,0.30776435225967336,4.411171597475567,-7.214430803236485,-1.9789734138518718,0.3180821004080549,0.299,-0.066,-0.055,0.30619764858666043,0.48635628819465637,-0.042167991399765015,0.48635628819465637,0.3180821004080549,1509.0,0.054837267713280714,NAV2,False,True,True,True,,,-0.26472564833306544,9.994853973388672
24.638907566999478,135.75081015766895,105.73081400295209,-1.6837815766198045,0.020815803624012235,6.077887815217635,-6.667417459175634,-1.659661781314575,0.31066554409859903,4.405747875378641,-7.226945188378913,-1.9800205611247113,0.345287982125066,0.299,-0.066,-0.055,0.30619764858666043,0.4860643148422241,-0.043723639100790024,0.4860643148422241,0.345287982125066,1538.0,0.05455889933311596,NAV2,False,True,True,True,,,-0.2666914261642085,9.994853973388672
24.67910710199976,135.75081015766895,105.73081400295209,-1.6837815766198045,0.020815803624012235,6.076814397234165,-6.67945490447242,-1.660468911527242,0.31817035855544384,4.400027212597767,-7.240105894761591,-1.9811057168944666,0.36637254045574963,0.206,-0.067,-0.014,0.2166217902243447,0.4860643148422241,-0.043723639100790024,0.4860643148422241,0.36637254045574963,1584.0,0.05372388727684846,NAV2,False,True,True,True,,,-0.2673311097775603,9.994853973388672
24.71963453399985,135.7774774108878,105.72706635090893,-1.6865323459571548,0.018258328155069888,6.074574047504366,-6.704248750179227,-1.6618799472157912,0.3337341943398699,4.391070125467885,-7.260633691699228,-1.9827951483804815,0.3817892067620559,0.206,-0.067,-0.014,0.2166217902243447,0.4860643148422241,-0.043723639100790024,0.4860643148422241,0.3817892067620559,1684.0,0.05372388727684846,NAV2,False,True,True,True,,,-0.2686784778007692,9.994853973388672
24.760351785999774,135.7774774108878,105.72706635090893,-1.6865323459571548,0.018258328155069888,6.073346394233838,-6.717697293141885,-1.6624057622432948,0.3456321674617298,4.3843910560459625,-7.275878075680554,-1.98405058281043,0.42169116661367223,0.206,-0.067,-0.014,0.2166217902243447,0.48676419258117676,-0.04526074230670929,0.48676419258117676,0.3899509712771592,1860.0,0.05372388727684846,NAV2,False,True,True,True,,,-0.2696659506182861,9.994853973388672
24.803128695999476,135.7774774108878,105.72706635090893,-1.6865323459571548,0.018258328155069888,6.071995177933435,-6.732399947717227,-1.6630673387488226,0.3633269418819865,4.37770551067078,-7.291085183716785,-1.9853100246608926,0.43166665657657627,0.51,-0.055,0.035,0.5129571132170798,0.48676419258117676,-0.04526074230670929,0.48676419258117676,0.43166665657657627,1860.0,0.05400220911489987,NAV2,False,True,True,True,,,-0.2693406543289771,9.994853973388672
24.84487977599929,135.80499487908418,105.72208926455717,-1.688142804486817,0.01693440834780385,6.070730141607179,-6.74604201432286,-1.6638214155487838,0.37189866892685486,4.370796807146192,-7.306745124168999,-1.9866077055348734,0.4368811172390034,0.51,-0.055,0.035,0.5129571132170798,0.48676419258117676,-0.04526074230670929,0.48676419258117676,0.4368811172390034,1951.0,0.05400220911489987,NAV2,False,True,True,True,,,-0.2706943360864075,9.994853973388672
24.886362582999936,135.80499487908418,105.72208926455717,-1.688142804486817,0.01693440834780385,6.0678952409182365,-6.776245330090087,-1.665537629359355,0.4012835613923244,4.363470478463803,-7.323291025301006,-1.9879796230083207,0.4534313619501852,0.311,-0.135,-0.005,0.3390368711512068,0.48835018277168274,-0.0473669208586216,0.48835018277168274,0.4534313619501852,2000.0,0.05400220911489987,NAV2,False,True,True,True,,,-0.27164024293020006,9.994853973388672
24.935568719999537,135.83681511920426,105.71823516704363,-1.6910056363881916,0.01423154216970064,6.066519955413073,-6.790708715551255,-1.6661079177405238,0.4082901771515015,4.356215847724304,-7.339614679653192,-1.989347667801019,0.44776346992580784,0.311,-0.135,-0.005,0.3390368711512068,0.48835018277168274,-0.0473669208586216,0.48835018277168274,0.44776346992580784,2000.0,0.054837267713280714,NAV2,False,True,True,True,,,-0.271696767606678,9.994853973388672
24.97988566799995,135.83681511920426,105.71823516704363,-1.6910056363881916,0.01423154216970064,6.065058263711295,-6.806011359682453,-1.666283239159255,0.419024741784275,4.3485357679268795,-7.356829151682889,-1.990798531868188,0.4772365084525699,0.075,0.048,-0.003,0.08904493247793498,0.490418940782547,-0.04999350756406784,0.48835018277168274,0.4772365084525699,2105.0,0.054837267713280714,NAV2,False,True,True,True,,,-0.27271447767720425,9.994853973388672
25.020213834999595,135.86649134842594,105.71322168695761,-1.6914633989194334,0.013011019514911713,6.06200472561357,-6.837827016669145,-1.6670612134379796,0.44205257261735126,4.336816929911465,-7.382967037377413,-1.9930106767461293,0.4772365084525699,0.075,0.048,-0.003,0.08904493247793498,0.490418940782547,-0.04999350756406784,0.490418940782547,0.4901593022681502,2105.0,0.05511563609344547,NAV2,False,True,True,True,,,-0.2721055353367715,9.994853973388672
25.065071532999355,135.86649134842594,105.71322168695761,-1.6914633989194334,0.013011019514911713,6.060402355129791,-6.854309668276108,-1.6685827669301496,0.45407731478951313,4.328633047984287,-7.401128389356351,-1.99455156155704,0.49673405701642787,0.381,0.021,-0.023,0.3815783012698704,0.490418940782547,-0.04999350756406784,0.490418940782547,0.49673405701642787,2191.0,0.05511563609344547,NAV2,False,True,True,True,,,-0.2735110450507829,9.994853973388672
25.10942861700005,135.86649134842594,105.71322168695761,-1.6914633989194334,0.013011019514911713,6.058756135643517,-6.871014741185379,-1.670071405024533,0.46549268033712426,4.32044774310554,-7.41921888259224,-1.996079866713181,0.49673405701642787,0.381,0.021,-0.023,0.3815783012698704,0.490418940782547,-0.04999350756406784,0.490418940782547,0.49673405701642787,2285.0,0.054837267713280714,NAV2,False,True,True,True,,,-0.27704194885808164,9.994853973388672
25.150038340999345,135.89625576231145,105.7092819735079,-1.6950253485107971,0.010905060383433042,6.055441523540386,-6.904311025182536,-1.6702673605008702,0.4817521673054839,4.312004804461893,-7.437801141749421,-1.9976663227363842,0.5037622431266557,0.381,0.021,-0.023,0.3815783012698704,0.4927244484424591,-0.052899882197380066,0.4927244484424591,0.5037622431266557,2162.0,0.055950741233939665,NAV2,False,True,True,True,,,-0.27936455647382363,9.994853973388672
25.195748207999713,135.89625576231145,105.7092819735079,-1.6950253485107971,0.010905060383433042,6.053804284819571,-6.920722155221224,-1.6701772202344172,0.4859480825001042,4.303537867424668,-7.456354592991781,-1.9993465213654602,0.49673405701642787,0.437,-0.137,0.006,0.45797161484092,0.4927244484424591,-0.052899882197380066,0.4927244484424591,0.49673405701642787,2191.0,0.05956943709185468,NAV2,False,True,True,True,,,-0.28037036103082635,9.994853973388672
25.238757774000078,135.93021623341676,105.70632020324473,-1.6958939382290652,0.007470934185115321,6.05217433283472,-6.93708900529742,-1.6699282121135381,0.488797448852061,4.295540405138518,-7.473803976208246,-2.0009528813190096,0.49673405701642787,0.437,-0.137,0.006,0.45797161484092,0.49474743008613586,-0.0579962357878685,0.49474743008613586,0.49673405701642787,2191.0,0.05984785201413279,NAV2,False,True,True,True,,,-0.28149284008551245,9.994853973388672
25.279138253999918,135.93021623341676,105.70632020324473,-1.6958939382290652,0.007470934185115321,6.0505264692862974,-6.953618174529362,-1.670238240278813,0.4921532806374387,4.287025673899521,-7.492301730964487,-2.0025935393394954,0.5180453310280866,0.2,0.01,-0.025,0.20024984394500786,0.49474743008613586,-0.0579962357878685,0.49474743008613586,0.5180453310280866,2285.0,0.05622910961410443,NAV2,False,True,True,True,,,-0.2808302916720911,9.994853973388672
25.319626659999813,135.96779845613787,105.70218292444238,-1.7001959669346858,0.00475428216412276,6.047053475759639,-6.987858460360352,-1.6742243976948281,0.5038743930111682,4.273997897983616,-7.5204531092546185,-2.0050367138753633,0.5180453310280866,0.2,0.01,-0.025,0.20024984394500786,0.49474743008613586,-0.0579962357878685,0.49474743008613586,0.5180453310280866,2285.0,0.055950741233939665,NAV2,False,True,True,True,,,-0.28071834629219256,9.994853973388672
25.36031310999988,135.96779845613787,105.70218292444238,-1.7001959669346858,0.00475428216412276,6.045234422210321,-7.005268803890931,-1.6764159546336408,0.5099342495668409,4.265229264151932,-7.5393020523283,-2.0066169075760976,0.5107904292368836,0.2,0.01,-0.025,0.20024984394500786,0.49474743008613586,-0.0579962357878685,0.49474743008613586,0.5255269485002646,2253.0,0.05428057749506463,NAV2,False,True,True,True,,,-0.282636346579703,9.994853973388672
25.4028170699994,135.96779845613787,105.70218292444238,-1.7001959669346858,0.00475428216412276,6.043459786287931,-7.021949749977319,-1.6777320433492913,0.5098368035433002,4.256816234296569,-7.557313223202972,-2.0081814119513566,0.49673405701642787,0.362,-0.144,0.055,0.38958952757999027,0.49623993039131165,-0.06222967430949211,0.49623993039131165,0.49673405701642787,2285.0,0.05762095151492823,NAV2,False,True,True,True,,,-0.28516023240427507,9.994853973388672
25.445157060999918,136.0027669707385,105.69674985369579,-1.7048523170823664,0.003577187424665082,6.041679147993625,-7.038573407088374,-1.6778867476686998,0.5097574600068866,4.248165200092182,-7.575748291460927,-2.0100293525605233,0.5037622431266557,0.362,-0.144,0.055,0.38958952757999027,0.49623993039131165,-0.06222967430949211,0.49623993039131165,0.5037622431266557,2162.0,0.06597177020930378,NAV2,False,True,True,True,,,-0.28816000662246816,9.994853973388672
25.486536372000046,136.0027669707385,105.69674985369579,-1.7048523170823664,0.003577187424665082,6.038053595509314,-7.071909921736446,-1.6807943603421984,0.509481092959927,4.239622189891816,-7.593866802675324,-2.0118436133899125,0.5037622431266557,0.292,-0.299,-0.063,0.41792941987852444,0.49716973304748535,-0.06809355318546295,0.49716973304748535,0.5037622431266557,2285.0,0.06457997485059341,NAV2,False,True,True,True,,,-0.28914436081310346,9.994853973388672
25.535661918999722,136.03935177993313,105.6881817584366,-1.709011894047437,0.004804468036560203,6.036145254516724,-7.088975571977322,-1.6836979207296123,0.5121826393012675,4.23082124714331,-7.612445918590672,-2.01363093507689,0.5180453310280866,0.292,-0.299,-0.063,0.41792941987852444,0.49716973304748535,-0.06809355318546295,0.49716973304748535,0.5180453310280866,2253.0,0.062074705971224,NAV2,False,True,True,True,,,-0.2887914315661365,9.994853973388672
25.57914591499957,136.03935177993313,105.6881817584366,-1.709011894047437,0.004804468036560203,6.0342043344983765,-7.1060142084742415,-1.6855383838757156,0.514200211663769,4.222080975801065,-7.630812984249519,-2.0153915539402414,0.49673405701642787,0.206,0.262,-0.069,0.3332866633995426,0.49716973304748535,-0.06809355318546295,0.49716973304748535,0.49673405701642787,2253.0,0.06179629104894589,NAV2,False,True,True,True,,,-0.28927041252196156,9.994853973388672
25.61962195599972,136.07747473931119,105.67885927943985,-1.7126936191547322,0.006198598098529303,6.03030185442142,-7.13969896909026,-1.687478417211343,0.5150154048914148,4.209050644916756,-7.6580419231443955,-2.0180121288444655,0.5107904292368836,0.206,0.262,-0.069,0.3332866633995426,0.49716973304748535,-0.06809355318546295,0.49716973304748535,0.49673405701642787,2253.0,0.062074705971224,NAV2,False,True,True,True,,,-0.29204310073318396,9.994853973388672
25.659673968999414,136.07747473931119,105.67885927943985,-1.7126936191547322,0.006198598098529303,6.028282800087994,-7.156769389185369,-1.689873713677826,0.5166492388110081,4.2045685156948975,-7.667365368794122,-2.018915464344289,0.5180453310280866,0.206,0.262,-0.069,0.3332866633995426,0.49770236015319824,-0.0724092572927475,0.49770236015319824,0.5255269485002646,2318.0,0.062353027809275416,NAV2,False,True,True,True,,,-0.29372815741832176,9.994853973388672
25.700319443999433,136.07747473931119,105.67885927943985,-1.7126936191547322,0.006198598098529303,6.0262812808436905,-7.173439788107082,-1.6911909792596622,0.5154731159161965,4.191342062772294,-7.694753159418471,-2.02159353687653,0.4901593022681502,0.412,-0.183,-0.04,0.45081370875340515,0.49770236015319824,-0.0724092572927475,0.49770236015319824,0.5037622431266557,2162.0,0.06290976456960486,NAV2,False,True,True,True,,,-0.29559193371815357,9.994853973388672
25.744828279999638,136.11493578087183,105.67098871890633,-1.7166670976100593,0.006287448707240737,6.02432778609632,-7.18966926271234,-1.6906205035289037,0.5122929534295001,4.182601986880907,-7.7127481584447715,-2.023382542466052,0.5037622431266557,0.412,-0.183,-0.04,0.45081370875340515,0.4978219270706177,-0.07653272151947021,0.4978219270706177,0.5037622431266557,2191.0,0.06402323809026389,NAV2,False,True,True,True,,,-0.29717809329290096,9.994853973388672
25.786158275999696,136.11493578087183,105.67098871890633,-1.7166670976100593,0.006287448707240737,6.020379165767916,-7.222304966670242,-1.6920096977523462,0.5085325167264336,4.173798719352002,-7.730789797902887,-2.0252197351052392,0.5037622431266557,0.28,-0.189,-0.02,0.3378179983363823,0.4978219270706177,-0.07653272151947021,0.4978219270706177,0.5037622431266557,2222.0,0.06680687534979797,NAV2,False,True,True,True,,,-0.29717809329290096,9.994853973388672
25.82684419099951,136.1517197535886,105.66034774090767,-1.7179072600777718,0.008686946283267268,6.018335410759766,-7.239011184330339,-1.6932044362870504,0.5091268591655034,4.165128789325126,-7.748474202431288,-2.027093508376898,0.48358454751987245,0.28,-0.189,-0.02,0.3378179983363823,0.4978219270706177,-0.07653272151947021,0.4978219270706177,0.48358454751987245,2162.0,0.06875540746883786,NAV2,False,True,True,True,,,-0.2990585650719037,9.994853973388672
25.866907926999374,136.1517197535886,105.66034774090767,-1.7179072600777718,0.008686946283267268,6.016393429891233,-7.254777387058909,-1.693621015375484,0.5045640387041868,4.156356272994241,-7.766281562286735,-2.029016578174693,0.49673405701642787,0.28,-0.189,-0.02,0.3378179983363823,0.4978219270706177,-0.07653272151947021,0.4978219270706177,0.49673405701642787,2162.0,0.06959041952510535,NAV2,False,True,True,True,,,-0.2990585650719037,9.994853973388672
25.909781397999723,136.1517197535886,105.66034774090767,-1.7179072600777718,0.008686946283267268,6.014390422006871,-7.270992025693613,-1.693804338130934,0.5027263554666458,4.147694655902778,-7.783778673989782,-2.0309450049628293,0.4901593022681502,0.487,0.022,0.085,0.4874966666552706,0.49773696064949036,-0.08056285232305527,0.49773696064949036,0.4901593022681502,2285.0,0.07098230796804242,NAV2,False,True,True,True,,,-0.2991250475925768,9.994853973388672
25.95012900599977,136.19195166071407,105.64935734540842,-1.7194098009849854,0.01063806285772696,6.010239429391516,-7.304304675628016,-1.6956673204973656,0.5052714352777901,4.138610943187842,-7.802034919604241,-2.033024598976331,0.5037622431266557,0.487,0.022,0.085,0.4874966666552706,0.49773696064949036,-0.08056285232305527,0.49773696064949036,0.5037622431266557,2285.0,0.07432263544579265,NAV2,False,True,True,True,,,-0.30151694033451876,9.925812721252441
25.995860981999613,136.19195166071407,105.64935734540842,-1.7194098009849854,0.01063806285772696,6.008095514873508,-7.321387882855779,-1.6958555062681477,0.5085143531433125,4.1293769905463495,-7.820487020029157,-2.035401268584753,0.5107904292368836,0.478,-0.114,-0.071,0.49140614566771545,0.4972907304763794,-0.09578899294137955,0.4972907304763794,0.5107904292368836,2222.0,0.08573545977986705,NAV2,False,True,True,True,,,-0.3031803593901359,9.925812721252441
26.038821847999316,136.23323858272911,105.6401130853116,-1.721083647568981,0.010895453567142102,6.00599820330118,-7.338110005216363,-1.6954611735336156,0.5090379354973209,4.120205575236451,-7.838702649806675,-2.037841186356831,0.5180453310280866,0.478,-0.114,-0.071,0.49140614566771545,0.4972907304763794,-0.09578899294137955,0.4972907304763794,0.5180453310280866,2352.0,0.08573545977986705,NAV2,False,True,True,True,,,-0.30447781422744274,9.925812721252441
26.079526011999405,136.23323858272911,105.6401130853116,-1.721083647568981,0.010895453567142102,6.003798345165551,-7.355634672148806,-1.6957074841073783,0.5143811497035784,4.110552712605723,-7.857750146957017,-2.0405209868208884,0.5332352816534177,0.166,0.16,-0.086,0.2305558500667463,0.4972907304763794,-0.09578899294137955,0.4972907304763794,0.5332352816534177,2388.0,0.09018926077827626,NAV2,False,True,True,True,,,-0.30343792662690655,9.925812721252441
26.11970851499973,136.27343954913007,105.63242828819683,-1.7249968878675077,0.010076237721485222,5.999388639247994,-7.3902575773261265,-1.6998640777211398,0.5197852986041128,4.095719556599735,-7.886775844892816,-2.0445932673957956,0.5413970461685211,0.166,0.16,-0.086,0.2305558500667463,0.4972907304763794,-0.09578899294137955,0.4972907304763794,0.5413970461685211,2388.0,0.08991093894022494,NAV2,False,True,True,True,,,-0.3032514152513922,9.925812721252441
26.15977469599966,136.27343954913007,105.63242828819683,-1.7249968878675077,0.010076237721485222,5.9971371384691246,-7.407507587214828,-1.7020039436229575,0.5213452298702023,4.090967897475886,-7.8960132754586585,-2.045891025812746,0.5255269485002646,0.166,0.16,-0.086,0.2305558500667463,0.49690747261047363,-0.10330092161893845,0.49690747261047363,0.5255269485002646,2318.0,0.08991093894022494,NAV2,False,True,True,True,,,-0.3052878885015905,9.925812721252441
26.202478875999986,136.27343954913007,105.63242828819683,-1.7249968878675077,0.010076237721485222,5.994870209399639,-7.424625756768307,-1.7034943243286123,0.5218287602768719,4.076391887943748,-7.9241624832908455,-2.0499699045313506,0.5413970461685211,0.498,-0.222,0.141,0.5452412310161439,0.49690747261047363,-0.10330092161893845,0.49690747261047363,0.5413970461685211,2318.0,0.09436473993863416,NAV2,False,True,True,True,,,-0.3067545551730571,9.925812721252441
26.244943310000053,136.31472065058813,105.62394376428786,-1.7310306601962326,0.009648150027534278,5.992475718280165,-7.442509088896871,-1.7049429072672453,0.5266079023185503,4.06673569658128,-7.942654088656437,-2.052729332822158,0.5180453310280866,0.498,-0.222,0.141,0.5452412310161439,0.49608179926872253,-0.10859163105487823,0.49608179926872253,0.5180453310280866,2285.0,0.09519975199490156,NAV2,False,True,True,True,,,-0.30824561041183124,9.925812721252441
26.295624134999343,136.31472065058813,105.62394376428786,-1.7310306601962326,0.009648150027534278,5.98778126041467,-7.476747339630801,-1.709648105431502,0.5262371676139045,4.056733359418476,-7.961676428391235,-2.0556159865785006,0.5255269485002646,0.526,-0.273,0.029,0.5926255141318166,0.49608179926872253,-0.10859163105487823,0.49608179926872253,0.5255269485002646,2285.0,0.09798343579654907,NAV2,False,True,True,True,,,-0.31157082715680584,9.925812721252441
26.339004974999625,136.35898484741614,105.61269743212489,-1.7380179533403914,0.010771026507469611,5.985372365286844,-7.493905025190743,-1.7114989281961037,0.5263079937416282,4.047320411552466,-7.979457931852266,-2.0583415838315324,0.5180453310280866,0.526,-0.273,0.029,0.5926255141318166,0.49608179926872253,-0.10859163105487823,0.49608179926872253,0.5180453310280866,2285.0,0.0977050674163843,NAV2,False,True,True,True,,,-0.3145530148872784,9.925812721252441
26.37986562199967,136.35898484741614,105.61269743212489,-1.7380179533403914,0.010771026507469611,5.982964782132135,-7.510864657619275,-1.7124891794508554,0.5253254918956402,4.032808668924854,-8.006642684009138,-2.0625278778978218,0.5180453310280866,0.267,0.056,0.003,0.2728094573140748,0.49760472774505615,-0.11198157072067261,0.49608179926872253,0.5037622431266557,2285.0,0.09826171109248705,NAV2,False,True,True,True,,,-0.3174225371140733,9.925812721252441
26.42003848799959,136.4018987221705,105.60104433392365,-1.7425916637924057,0.012167676121622456,5.978087137779003,-7.544708239691207,-1.7158296654813223,0.5232989929652095,4.027900121567452,-8.015776166279704,-2.0639325737982768,0.5180453310280866,0.267,0.056,0.003,0.2728094573140748,0.49760472774505615,-0.11198157072067261,0.49760472774505615,0.5180453310280866,2285.0,0.0977050674163843,NAV2,False,True,True,True,,,-0.3189124441814051,9.925812721252441
26.460186063999572,136.4018987221705,105.60104433392365,-1.7425916637924057,0.012167676121622456,5.9755883738513615,-7.561726698087682,-1.7180221319848201,0.5230406542205424,4.012901205365116,-8.043495500015858,-2.06821024396528,0.5332352816534177,0.267,0.056,0.003,0.2728094573140748,0.49760472774505615,-0.11198157072067261,0.49760472774505615,0.5180453310280866,2352.0,0.0977050674163843,NAV2,False,True,True,True,,,-0.3203582207040167,9.925812721252441
26.500538747000064,136.4018987221705,105.60104433392365,-1.7425916637924057,0.012167676121622456,5.972885789883217,-7.579888358801387,-1.7199743709041964,0.5255893388189519,4.002749888257543,-8.06209175723988,-2.071243719759043,0.5413970461685211,0.394,-0.104,0.129,0.40749478524270716,0.5008561611175537,-0.11326689273118973,0.5008561611175537,0.5255269485002646,2388.0,0.10132371673218589,NAV2,False,True,True,True,,,-0.32198857910634754,9.925812721252441
26.545386602999315,136.4438288368803,105.59351230550013,-1.7485339753135016,0.010591275658680128,5.970329982623186,-7.596893546612517,-1.7212351413650004,0.5287586454889901,3.9923344139655432,-8.081025974984621,-2.0745316167877874,0.5413970461685211,0.394,-0.104,0.129,0.40749478524270716,0.5008561611175537,-0.11326689273118973,0.5008561611175537,0.5413970461685211,2424.0,0.11050968710916907,NAV2,False,True,True,True,,,-0.3238333126161585,9.925812721252441
26.58863997899971,136.4438288368803,105.59351230550013,-1.7485339753135016,0.010591275658680128,5.964809650770752,-7.632878927237239,-1.7255127316803769,0.5371006078527298,3.981705466789436,-8.10019592582288,-2.0779032020506167,0.5413970461685211,0.451,-0.24,0.006,0.5108825696772205,0.5008561611175537,-0.11326689273118973,0.5008561611175537,0.5413970461685211,2388.0,0.11190148246787944,NAV2,False,True,True,True,,,-0.32940128079582137,9.925812721252441
26.6355303549999,136.4881778322754,105.58283124262907,-1.7546236733127958,0.010813621756756743,5.962035246718555,-7.650659336759485,-1.7266520563022152,0.5389246241096967,3.9712460758356944,-8.118910357481939,-2.081305053879459,0.5332352816534177,0.451,-0.24,0.006,0.5108825696772205,0.5046792030334473,-0.11521773040294647,0.5008561611175537,0.5332352816534177,2424.0,0.11663365184645338,NAV2,False,True,True,True,,,-0.33324199705279844,9.925812721252441
26.677570328999536,136.4881778322754,105.58283124262907,-1.7546236733127958,0.010813621756756743,5.959228161689876,-7.668508787035102,-1.7274241775061043,0.5408767073592193,3.9606424859818468,-8.137726889810054,-2.0848490133901256,0.5255269485002646,0.522,0.026,0.009,0.5226471084776037,0.5046792030334473,-0.11521773040294647,0.5046792030334473,0.5255269485002646,2285.0,0.11886055234565797,NAV2,False,True,True,True,,,-0.33336651341806367,9.925812721252441
26.71850881699993,136.53505798092314,105.57177539303616,-1.7586465318748468,0.010845743210151403,5.95375708495005,-7.7028667899627905,-1.73018672534122,0.5358313763356403,3.9503440704672492,-8.155855095009024,-2.08827383981997,0.5180453310280866,0.522,0.026,0.009,0.5226471084776037,0.5046792030334473,-0.11521773040294647,0.5046792030334473,0.5180453310280866,2222.0,0.11913892072582273,NAV2,False,True,True,True,,,-0.3343912680192266,9.925812721252441
26.75887853399945,136.53505798092314,105.57177539303616,-1.7586465318748468,0.010845743210151403,5.951136286945072,-7.71909683930934,-1.7315251148882034,0.5280240041235242,3.9405356480964766,-8.172989004276772,-2.091535309546186,0.49673405701642787,0.522,0.026,0.009,0.5226471084776037,0.5075452327728271,-0.118088498711586,0.5075452327728271,0.49673405701642787,2162.0,0.12025234770436831,NAV2,False,True,True,True,,,-0.33590537097534545,9.925812721252441
26.799465094999505,136.53505798092314,105.57177539303616,-1.7586465318748468,0.010845743210151403,5.948521493187422,-7.73517078198595,-1.7326921986067862,0.5204001998205868,3.9255792976086656,-8.198862589935523,-2.096663446119989,0.5037622431266557,0.399,-0.037,0.17,0.4007118665575054,0.5075452327728271,-0.118088498711586,0.5075452327728271,0.49673405701642787,2222.0,0.12470610216066419,NAV2,False,True,True,True,,,-0.33762356598259874,9.925812721252441
26.839598150999336,136.58220826453265,105.56242933370876,-1.7629678001832036,0.009585665733136838,5.945769067011284,-7.751944773841345,-1.7343076491671312,0.5190103711570283,3.9153482512451143,-8.216378637038042,-2.1003808503067942,0.5180453310280866,0.399,-0.037,0.17,0.4007118665575054,0.5075452327728271,-0.118088498711586,0.5075452327728271,0.49673405701642787,2285.0,0.13138689674250476,NAV2,False,True,True,True,,,-0.3407443976340721,9.925812721252441
26.879704152999693,136.58220826453265,105.56242933370876,-1.7629678001832036,0.009585665733136838,5.943013107693356,-7.768551522193614,-1.736349148690322,0.5170460146802036,3.905112711495342,-8.233749970377076,-2.104216135048601,0.5037622431266557,0.363,-0.434,-0.042,0.565795899596312,0.5085898637771606,-0.11909683793783188,0.5075452327728271,0.5037622431266557,2222.0,0.13778913677572704,NAV2,False,True,True,True,,,-0.34333150600346674,9.925812721252441
26.92498834699927,136.62956181192817,105.55051874669667,-1.769519088700926,0.009937948133273245,5.937427134317157,-7.801595139764213,-1.7405553582133793,0.5127410786731569,3.8949888638365815,-8.250782492321408,-2.1080325163492235,0.49673405701642787,0.363,-0.434,-0.042,0.565795899596312,0.5085898637771606,-0.11909683793783188,0.5085898637771606,0.49673405701642787,2191.0,0.1408511424154259,NAV2,False,True,True,True,,,-0.34524712879120834,9.925812721252441
26.96879395399992,136.62956181192817,105.55051874669667,-1.769519088700926,0.009937948133273245,5.934642690127932,-7.817818880383165,-1.7415141343119063,0.5093676042788533,3.8844442726991657,-8.268364601854497,-2.1120154467979075,0.5107904292368836,0.628,0.042,-0.033,0.629402891636192,0.5085898637771606,-0.11909683793783188,0.5085898637771606,0.5107904292368836,2222.0,0.14168624755592016,NAV2,False,True,True,True,,,-0.3470977466864353,9.925812721252441
27.010283582999364,136.62956181192817,105.55051874669667,-1.769519088700926,0.009937948133273245,5.931760201426015,-7.834480910827139,-1.7430154505869218,0.509298534810547,3.874174140027509,-8.285339042261933,-2.1158733586174705,0.5037622431266557,0.628,0.042,-0.033,0.629402891636192,0.5077421069145203,-0.11833745241165161,0.5077421069145203,0.5037622431266557,2222.0,0.14168624755592016,NAV2,False,True,True,True,,,-0.34864832303351556,9.925812721252441
27.055645297999945,136.68109629385668,105.53835163157503,-1.7743247862858285,0.009796439130124263,5.925994440658969,-7.867322270391991,-1.746314291246078,0.5064948791010018,3.863842231906324,-8.3022680958349,-2.1197226458257563,0.4901593022681502,0.628,0.042,-0.033,0.629402891636192,0.5077421069145203,-0.11833745241165161,0.5077421069145203,0.4901593022681502,2133.0,0.14168624755592016,NAV2,False,True,True,True,,,-0.35239243879291016,9.925812721252441
27.09583802599991,136.68109629385668,105.53835163157503,-1.7743247862858285,0.009796439130124263,5.92315845023764,-7.883230057353686,-1.7483426319122881,0.5021278168955079,3.8535854901513527,-8.31893093584126,-2.1235166936204837,0.4901593022681502,0.215,-0.062,0.096,0.22376103324752503,0.5077421069145203,-0.11833745241165161,0.5077421069145203,0.4901593022681502,2162.0,0.1414078791757554,NAV2,False,True,True,True,,,-0.35345339310653207,9.925812721252441
27.138849406999725,136.73063489655556,105.52794513861924,-1.7808798315226302,0.008631543350673176,5.920212811674627,-7.899449418983493,-1.7526093611029283,0.5009265434601032,3.843281490669651,-8.335529311694506,-2.127304927197949,0.4901593022681502,0.215,-0.062,0.096,0.22376103324752503,0.5047184228897095,-0.11902093887329102,0.5047184228897095,0.4901593022681502,2191.0,0.1414078791757554,NAV2,False,True,True,True,,,-0.35629414026111633,9.925812721252441
27.1792887470001,136.73063489655556,105.52794513861924,-1.7808798315226302,0.008631543350673176,5.917221348094117,-7.915569657046031,-1.7567769951515755,0.4994655578118997,3.8327916130009854,-8.35228353621594,-2.1311524318106327,0.4901593022681502,0.425,-0.456,0.044,0.623346613049273,0.5047184228897095,-0.11902093887329102,0.5047184228897095,0.4901593022681502,2253.0,0.1422429377741362,NAV2,False,True,True,True,,,-0.359719795035931,9.925812721252441
27.21974944900012,136.7776139563802,105.5150151655297,-1.7929727712231265,0.009126458610572057,5.910914810857558,-7.948553727330369,-1.7640762857548393,0.5019214193981554,3.816456379035413,-8.378088513755152,-2.1371494099581048,0.5037622431266557,0.425,-0.456,0.044,0.623346613049273,0.5047184228897095,-0.11902093887329102,0.5047184228897095,0.5107904292368836,2222.0,0.14335636475268185,NAV2,False,True,True,True,,,-0.3651686156257151,9.925812721252441
27.259795691999898,136.7776139563802,105.5150151655297,-1.7929727712231265,0.009126458610572057,5.907623304146971,-7.965311140413636,-1.7669087189373505,0.504609278876004,3.805305568376456,-8.395507629847708,-2.141236084096175,0.5180453310280866,0.425,-0.456,0.044,0.623346613049273,0.5006457567214966,-0.11437840014696121,0.5006457567214966,0.5180453310280866,2285.0,0.1441914233510627,NAV2,False,True,True,True,,,-0.3713297930700786,9.925812721252441
27.299889377999534,136.7776139563802,105.5150151655297,-1.7929727712231265,0.009126458610572057,5.904233665512018,-7.982307451292043,-1.7697602121786244,0.5082963875518403,3.7940847489105725,-8.412879795688454,-2.1453071979269427,0.5180453310280866,0.518,0.049,-0.151,0.5203124061561477,0.5006457567214966,-0.11437840014696121,0.5006457567214966,0.5180453310280866,2285.0,0.14363477967495994,NAV2,False,True,True,True,,,-0.37353041227553063,9.925812721252441
27.345171139999366,136.82707394525244,105.50172037880343,-1.8021132804056128,0.009238043878296315,5.9008330104027165,-7.999113737349327,-1.7724562324976072,0.5100465315264424,3.7825345213598762,-8.430600818992465,-2.1494595675220025,0.5255269485002646,0.518,0.049,-0.151,0.5203124061561477,0.5006457567214966,-0.11437840014696121,0.5006457567214966,0.5255269485002646,2318.0,0.14307804291463055,NAV2,False,True,True,True,,,-0.37550320033314805,9.925812721252441
27.386070886999732,136.82707394525244,105.50172037880343,-1.8021132804056128,0.009238043878296315,5.893625671998476,-8.034008524788222,-1.7781161462793427,0.5203542740482205,3.7707288539070625,-8.448548869760732,-2.153664765672243,0.5413970461685211,0.52,0.024,0.106,0.5205535515199181,0.4958934187889099,-0.11117648333311081,0.4958934187889099,0.5413970461685211,2285.0,0.14279962799235232,NAV2,False,True,True,True,,,-0.3780758816304174,9.925812721252441
27.42664732100002,136.8784698337441,105.49240569916967,-1.8096058166246878,0.006615824518066733,5.89004262629986,-8.050923744071088,-1.7818797849920442,0.5206905203250439,3.7593406125464086,-8.465709734104262,-2.1576887496476145,0.5180453310280866,0.52,0.024,0.106,0.5205535515199181,0.4958934187889099,-0.11117648333311081,0.4958934187889099,0.5180453310280866,2285.0,0.1422429377741362,NAV2,False,True,True,True,,,-0.386465293264658,9.925812721252441
27.475674733999767,136.8784698337441,105.49240569916967,-1.8096058166246878,0.006615824518066733,5.886409211724441,-8.067786604385844,-1.7851603319096676,0.5206461088490384,3.747763299794399,-8.483002944248666,-2.161754753357781,0.5180453310280866,0.352,-0.53,0.083,0.6362420922887765,0.4917064309120178,-0.10676056146621704,0.4958934187889099,0.5180453310280866,2253.0,0.142521306154301,NAV2,False,True,True,True,,,-0.39040381403176544,9.925812721252441
27.516461298999275,136.8784698337441,105.49240569916967,-1.8096058166246878,0.006615824518066733,5.879061171640753,-8.101247639150872,-1.789383675166561,0.5190280222994421,3.7362506203583994,-8.500050558449136,-2.1657738907218413,0.5107904292368836,0.352,-0.53,0.083,0.6362420922887765,0.4917064309120178,-0.10676056146621704,0.4917064309120178,0.5107904292368836,2222.0,0.142521306154301,NAV2,False,True,True,True,,,-0.3952410589223423,9.925812721252441
27.558784668000044,136.9295850077879,105.48036835227764,-1.8174162846208466,0.005436804445198019,5.875392818590893,-8.117678366168048,-1.7916928266292864,0.5167140721261965,3.724963175709364,-8.51662344633544,-2.1696878240482733,0.5107904292368836,0.352,-0.53,0.083,0.6362420922887765,0.4917064309120178,-0.10676056146621704,0.4917064309120178,0.5107904292368836,2162.0,0.1422429377741362,NAV2,False,True,True,True,,,-0.39767488182223554,9.925812721252441
27.599402171999827,136.9295850077879,105.48036835227764,-1.8174162846208466,0.005436804445198019,5.871681929018576,-8.134103553913263,-1.7945712133462226,0.5124062354285825,3.7135410483360856,-8.533253350731783,-2.1736183019145066,0.5037622431266557,0.472,-0.131,-0.049,0.48984181120030984,0.4917064309120178,-0.10676056146621704,0.4917064309120178,0.5037622431266557,2253.0,0.14196466247819825,NAV2,False,True,True,True,,,-0.4006858215908075,9.925812721252441
27.63972807999926,136.98421773373,105.46608208276281,-1.82502787256209,0.004957976262824025,5.867960828530668,-8.150367333869903,-1.7977415514773114,0.5126158394010822,3.6962946818113216,-8.558100491531762,-2.1795165941921364,0.5107904292368836,0.472,-0.131,-0.049,0.48984181120030984,0.4882146716117859,-0.10579264909029007,0.4882146716117859,0.5037622431266557,2253.0,0.1422429377741362,NAV2,False,True,True,True,,,-0.4037266206064863,9.925812721252441
27.680512676000035,136.98421773373,105.46608208276281,-1.82502787256209,0.004957976262824025,5.864153215118184,-8.166802179576363,-1.8000520757479181,0.5117583333963109,3.6846746642005668,-8.57466711873025,-2.183451566830327,0.5037622431266557,0.448,-0.166,-0.037,0.4777656329205775,0.4882146716117859,-0.10579264909029007,0.4882146716117859,0.5037622431266557,2222.0,0.14196466247819825,NAV2,False,True,True,True,,,-0.4049957349224644,9.925812721252441
27.72576766199927,137.03811499522567,105.45179467776447,-1.8318404787800668,0.004331131705601276,5.856449898143673,-8.199540651260666,-1.8044284964600492,0.5096640187934728,3.673019185988429,-8.591146371088085,-2.1873728860885953,0.5107904292368836,0.448,-0.166,-0.037,0.4777656329205775,0.4882146716117859,-0.10579264909029007,0.4882146716117859,0.5107904292368836,2318.0,0.14168624755592016,NAV2,False,True,True,True,,,-0.4076854674601509,9.717991828918457
27.765851272999498,137.03811499522567,105.45179467776447,-1.8318404787800668,0.004331131705601276,5.852418746945865,-8.216383531281386,-1.8077260868464502,0.5122153605272023,3.6608067087175575,-8.608265798805697,-2.191462137329628,0.5255269485002646,0.401,-0.205,0.038,0.4503620765561861,0.48584046959877014,-0.10277307778596878,0.48584046959877014,0.5255269485002646,2222.0,0.14196466247819825,NAV2,False,True,True,True,,,-0.412602778082734,9.717991828918457
27.809676174999368,137.03811499522567,105.45179467776447,-1.8318404787800668,0.004331131705601276,5.84836893937322,-8.23306920764485,-1.811267818544633,0.5129849752195351,3.6488450579918044,-8.624892403067802,-2.195437552601028,0.5180453310280866,0.401,-0.205,0.038,0.4503620765561861,0.48584046959877014,-0.10277307778596878,0.48584046959877014,0.5180453310280866,2253.0,0.14168624755592016,NAV2,False,True,True,True,,,-0.4137799105784739,9.717991828918457
27.85000519499954,137.09119408142413,105.43547707080519,-1.8416399818731821,0.004615891163535861,5.840206368998789,-8.266145434843848,-1.8150473433997039,0.5127059243536904,3.6369792090012605,-8.641249413338116,-2.19937076483071,0.5037622431266557,0.401,-0.205,0.038,0.4503620765561861,0.48584046959877014,-0.10277307778596878,0.48584046959877014,0.5037622431266557,2162.0,0.1422429377741362,NAV2,False,True,True,True,,,-0.4180228072032104,9.717991828918457
27.896418084999823,137.09119408142413,105.43547707080519,-1.8416399818731821,0.004615891163535861,5.836231810674871,-8.282031455005615,-1.8170425610364838,0.5083219956817686,3.625186647612322,-8.65737249104921,-2.203266191274023,0.49673405701642787,0.399,-0.219,0.072,0.45515052455204313,0.4843362271785736,-0.10114960372447968,0.4843362271785736,0.49673405701642787,2191.0,0.1422429377741362,NAV2,False,True,True,True,,,-0.41872119080641174,9.717991828918457
27.93878111399954,137.14355904905952,105.41947270557554,-1.848416261447331,0.004564417294392373,5.832142057235313,-8.298210521117552,-1.820077321337729,0.5070739208702398,3.6134367859333434,-8.67330778049196,-2.2071125713199735,0.5037622431266557,0.399,-0.219,0.072,0.45515052455204313,0.4843362271785736,-0.10114960372447968,0.4843362271785736,0.5037622431266557,2162.0,0.14168624755592016,NAV2,False,True,True,True,,,-0.4219959521413929,9.717991828918457
27.980840281999917,137.14355904905952,105.41947270557554,-1.848416261447331,0.004564417294392373,5.828052309274419,-8.314189871097977,-1.8231970318311108,0.5047006554467778,3.595445527265273,-8.69746121453051,-2.212956290769989,0.49673405701642787,0.165,-0.058,-0.002,0.17489711261195826,0.48361560702323914,-0.09984506666660309,0.4843362271785736,0.5107904292368836,2191.0,0.14168624755592016,NAV2,False,True,True,True,,,-0.4257881288338909,9.717991828918457
28.024756152999544,137.19326450392654,105.40375453416513,-1.857722827956972,0.004425779162054865,5.819623460467051,-8.346560700913438,-1.828785753159208,0.5037100571465359,3.5835794291843865,-8.71323219917753,-2.2167832810229298,0.49673405701642787,0.165,-0.058,-0.002,0.17489711261195826,0.48361560702323914,-0.09984506666660309,0.48361560702323914,0.49673405701642787,2133.0,0.1414078791757554,NAV2,False,True,True,True,,,-0.42874086539761125,9.717991828918457
28.065085444999568,137.19326450392654,105.40375453416513,-1.857722827956972,0.004425779162054865,5.815467330736868,-8.362268341051037,-1.8307195608208386,0.5004246847883486,3.5718273451625686,-8.728729317379184,-2.2205581958834077,0.4901593022681502,0.658,-0.287,0.013,0.7178669793213782,0.48361560702323914,-0.09984506666660309,0.48361560702323914,0.4901593022681502,2133.0,0.14168624755592016,NAV2,False,True,True,True,,,-0.43284003579020364,9.717991828918457
28.11140792599963,137.19326450392654,105.40375453416513,-1.857722827956972,0.004425779162054865,5.811296581867809,-8.377889228597374,-1.833076055011921,0.49713399877724107,3.5599596953349364,-8.744256356954164,-2.2243476777813753,0.4901593022681502,0.658,-0.287,0.013,0.7178669793213782,0.48361560702323914,-0.09984506666660309,0.48361560702323914,0.4901593022681502,2162.0,0.1414078791757554,NAV2,False,True,True,True,,,-0.43609975527867145,9.717991828918457
28.155422178999288,137.2425746279119,105.38623180234637,-1.8666824566396134,0.004957324701722133,5.802706621924999,-8.409463823284193,-1.840231627463224,0.49480341319279053,3.5480401882710715,-8.759729471120934,-2.2281313671527765,0.4901593022681502,0.658,-0.287,0.013,0.7178669793213782,0.48346996307373047,-0.09958460927009583,0.48346996307373047,0.4901593022681502,2191.0,0.1411295107955906,NAV2,False,True,True,True,,,-0.44557003708970744,9.717991828918457
28.195583622999948,137.2425746279119,105.38623180234637,-1.8666824566396134,0.004957324701722133,5.798346964792995,-8.4252038049448,-1.8428268033345563,0.49356705735604217,3.5359565662790886,-8.775293004431557,-2.2319338759434704,0.48358454751987245,0.253,-0.214,-0.009,0.33136837507523254,0.48346996307373047,-0.09958460927009583,0.48346996307373047,0.48358454751987245,2191.0,0.1405727740352611,NAV2,False,True,True,True,,,-0.447649661536932,9.717991828918457
28.238857002999794,137.2914918741073,105.36711399443969,-1.8773191758438794,0.005996510015244954,5.793907591183924,-8.441100356612665,-1.844647057038071,0.4939877697433256,3.5239442424607392,-8.790644982764595,-2.235688532905355,0.48358454751987245,0.253,-0.214,-0.009,0.33136837507523254,0.4837455749511719,-0.09904685616493225,0.4837455749511719,0.48358454751987245,2162.0,0.14029440565509643,NAV2,False,True,True,True,,,-0.45086810365482366,9.717991828918457
28.27945410099983,137.2914918741073,105.36711399443969,-1.8773191758438794,0.005996510015244954,5.789520143732221,-8.456660165039896,-1.8469708819938104,0.49227925841724585,3.5118735545468893,-8.805952881019953,-2.239439825177883,0.48358454751987245,0.334,-0.023,0.144,0.3347909795678492,0.4837455749511719,-0.09904685616493225,0.4837455749511719,0.48358454751987245,2105.0,0.14029440565509643,NAV2,False,True,True,True,,,-0.45490900390276323,9.717991828918457
28.31950816399967,137.33606209247338,105.34872728149013,-1.8867946190652483,0.006906316600784099,5.7807485200226045,-8.487333816375374,-1.852328595849381,0.48675072894277505,3.4941974838295247,-8.828159877803337,-2.2448876833665827,0.4708884693852673,0.334,-0.023,0.144,0.3347909795678492,0.4837455749511719,-0.09904685616493225,0.4837455749511719,0.4708884693852673,2077.0,0.1397376688947669,NAV2,False,True,True,True,,,-0.4605909679703031,9.717991828918457
28.359725483999682,137.33606209247338,105.34872728149013,-1.8867946190652483,0.006906316600784099,5.776400040601216,-8.502304646157185,-1.855099294981934,0.4826955411387039,3.482477479063362,-8.84274874827092,-2.248474880423876,0.4649938616799149,0.334,-0.023,0.144,0.3347909795678492,0.4837455749511719,-0.09904685616493225,0.4837455749511719,0.4708884693852673,2051.0,0.1397376688947669,NAV2,False,True,True,True,,,-0.46184477752268904,9.949155807495117
28.400064958999792,137.33606209247338,105.34872728149013,-1.8867946190652483,0.006906316600784099,5.772018571339562,-8.517214305863272,-1.858727268861521,0.4789188143956165,3.4764803558575066,-8.85017227515218,-2.2503077610476745,0.4708884693852673,0.37,-0.321,0.038,0.489837728232524,0.4840977191925049,-0.10007549822330475,0.4840977191925049,0.4708884693852673,2133.0,0.14001608381704503,NAV2,False,True,True,True,,,-0.4673278044934725,9.949155807495117
28.444616998999663,137.3787625408377,105.3310417079188,-1.8981522307756584,0.007476291247407947,5.7674419503899985,-8.532603848667067,-1.862335297761794,0.4792892081438547,3.4582525874915255,-8.872565255239543,-2.255863918555557,0.48358454751987245,0.37,-0.321,0.038,0.489837728232524,0.4840977191925049,-0.10007549822330475,0.4840977191925049,0.48358454751987245,2162.0,0.14029440565509643,NAV2,False,True,True,True,,,-0.47466966441480785,9.949155807495117
28.48617071499939,137.3787625408377,105.3310417079188,-1.8981522307756584,0.007476291247407947,5.7580709559094565,-8.563637316570807,-1.8664932706872106,0.4815413877946793,3.445785249261135,-8.887735591684581,-2.259649701676228,0.48358454751987245,0.408,-0.289,-0.115,0.4999849997749932,0.48463189601898193,-0.09976664185523987,0.48463189601898193,0.48358454751987245,2133.0,0.1405727740352611,NAV2,False,True,True,True,,,-0.47692107391470756,9.949155807495117
28.53544650999993,137.42178300325597,105.30980099011646,-1.907763580831184,0.009358375186066945,5.753380722151429,-8.579035352565066,-1.8675004220896578,0.4816220680783865,3.4335239031242173,-8.90254224119687,-2.263363215799418,0.48358454751987245,0.408,-0.289,-0.115,0.4999849997749932,0.48463189601898193,-0.09976664185523987,0.48463189601898193,0.48358454751987245,2162.0,0.1408511424154259,NAV2,False,True,True,True,,,-0.4796802458792799,9.949155807495117
28.57555194499946,137.42178300325597,105.30980099011646,-1.907763580831184,0.009358375186066945,5.748615015478196,-8.594564188519723,-1.8700188381263083,0.4827977651188282,3.4209869039440477,-8.917566469646436,-2.267135860403417,0.4901593022681502,0.337,-0.029,0.167,0.3382454729926182,0.48463189601898193,-0.09976664185523987,0.48463189601898193,0.4901593022681502,2222.0,0.14029440565509643,NAV2,False,True,True,True,,,-0.47975763271641125,9.949155807495117
28.616513991999454,137.42178300325597,105.30980099011646,-1.907763580831184,0.009358375186066945,5.738687218679415,-8.626407078355703,-1.8774003556915528,0.48940774459189035,3.4079127758804155,-8.93311178257663,-2.2710370381571354,0.5107904292368836,0.337,-0.029,0.167,0.3382454729926182,0.48463189601898193,-0.09976664185523987,0.48463189601898193,0.5107904292368836,2253.0,0.14001608381704503,NAV2,False,True,True,True,,,-0.48115802283463865,9.949155807495117
28.65876076099994,137.4630846549333,105.28976538195525,-1.9192136342470165,0.010703108059568915,5.733460325739265,-8.64290134477759,-1.879768537924744,0.4956160321174879,3.3946217546821855,-8.948789241455863,-2.2749883027422118,0.5180453310280866,0.337,-0.029,0.167,0.3382454729926182,0.4848259389400482,-0.10272897034883499,0.4848259389400482,0.5180453310280866,2253.0,0.14029440565509643,NAV2,False,True,True,True,,,-0.4872243444342733,9.949155807495117
28.698874897999303,137.4630846549333,105.28976538195525,-1.9192136342470165,0.010703108059568915,5.728256954485636,-8.659179779883715,-1.8817021805924827,0.49943189581361735,3.3812830644156033,-8.96439715989093,-2.2789542711620747,0.5107904292368836,0.315,-0.23,0.195,0.39003204996512786,0.4848259389400482,-0.10272897034883499,0.4848259389400482,0.5107904292368836,2191.0,0.1411295107955906,NAV2,False,True,True,True,,,-0.49018519639035996,9.949155807495117
28.739558512999793,137.50497186055134,105.27069454454667,-1.9278722336687444,0.011334111641473743,5.723173441000608,-8.67496330162191,-1.8838510516304054,0.49921128312077456,3.361603585176836,-8.987198482358615,-2.284776036340778,0.5037622431266557,0.315,-0.23,0.195,0.39003204996512786,0.48522260785102844,-0.10210051387548447,0.48522260785102844,0.5107904292368836,2222.0,0.1411295107955906,NAV2,False,True,True,True,,,-0.49300905643526316,9.949155807495117
28.78019151999979,137.50497186055134,105.27069454454667,-1.9278722336687444,0.011334111641473743,5.717928253865138,-8.691107113552233,-1.8867311390953827,0.5012824852278855,3.3484346414228647,-9.002308289487948,-2.288629109593873,0.49673405701642787,0.416,-0.112,-0.007,0.4308131845707603,0.48522260785102844,-0.10210051387548447,0.48522260785102844,0.49673405701642787,2191.0,0.1405727740352611,NAV2,False,True,True,True,,,-0.4938851695364332,9.949155807495117
28.822073880999596,137.5451495083809,105.25265914117476,-1.937207576918017,0.011543815544273063,5.70750860737706,-8.72272451696298,-1.8922859804809584,0.5009096978017025,3.33524743910286,-9.01732245612503,-2.292459700199037,0.5037622431266557,0.416,-0.112,-0.007,0.4308131845707603,0.48522260785102844,-0.10210051387548447,0.48522260785102844,0.5037622431266557,2222.0,0.1397376688947669,NAV2,False,True,True,True,,,-0.497900866265504,9.949155807495117
28.86482663700008,137.5451495083809,105.25265914117476,-1.937207576918017,0.011543815544273063,5.702141138298176,-8.738800474892328,-1.8947005825894592,0.5026926309150237,3.3218978602998632,-9.032403714933302,-2.2963279574900546,0.49673405701642787,0.17,-0.186,0.105,0.2519841264841895,0.48522260785102844,-0.10210051387548447,0.48522260785102844,0.49673405701642787,2191.0,0.14001608381704503,NAV2,False,True,True,True,,,-0.5013048574808288,9.949155807495117
28.909986744999514,137.5451495083809,105.25265914117476,-1.937207576918017,0.011543815544273063,5.696804082396339,-8.754643105426204,-1.8977946778036765,0.5023097034327235,3.3075526641536594,-9.048477296111429,-2.3004698646608053,0.5037622431266557,0.17,-0.186,0.105,0.2519841264841895,0.4856393039226532,-0.1016896516084671,0.4856393039226532,0.5037622431266557,2222.0,0.14029440565509643,NAV2,False,True,True,True,,,-0.5033295744092161,9.949155807495117
28.950843352999982,137.58187883773647,105.23636544005409,-1.9457834306974175,0.011376489974361062,5.68595790446379,-8.786357449016945,-1.9039398727545278,0.5031126204582216,3.294996765216747,-9.062440252588695,-2.3040833005890207,0.5037622431266557,0.17,-0.186,0.105,0.2519841264841895,0.4856393039226532,-0.1016896516084671,0.4856393039226532,0.5037622431266557,2222.0,0.14029440565509643,NAV2,False,True,True,True,,,-0.5096913938717431,9.949155807495117
28.990976645000046,137.58187883773647,105.23636544005409,-1.9457834306974175,0.011376489974361062,5.680451662962163,-8.802259917908556,-1.9055253114836568,0.5034360264540464,3.2807920487389195,-9.07811175481957,-2.308153386424145,0.5037622431266557,0.383,-0.319,0.062,0.49844759002326416,0.4860549569129944,-0.10034413635730743,0.4860549569129944,0.5037622431266557,2191.0,0.14029440565509643,NAV2,False,True,True,True,,,-0.5122550942728163,9.949155807495117
29.03545389499959,137.62153858353716,105.21789515678874,-1.9537144428715225,0.011547746115631979,5.67498501780159,-8.817947385767399,-1.907436633822461,0.5027305363253929,3.267887740565081,-9.092240705184494,-2.311842573346428,0.5107904292368836,0.383,-0.319,0.062,0.49844759002326416,0.4860549569129944,-0.10034413635730743,0.4860549569129944,0.5107904292368836,2222.0,0.1405727740352611,NAV2,False,True,True,True,,,-0.5145939150024603,9.949155807495117
29.075575054999717,137.62153858353716,105.21789515678874,-1.9537144428715225,0.011547746115631979,5.669374798867011,-8.833924764499343,-1.910356450711279,0.5039584422685495,3.2542271499923303,-9.107083212490666,-2.3157205372291134,0.5037622431266557,0.321,-0.074,-0.002,0.32941918584077645,0.4860549569129944,-0.10034413635730743,0.4860549569129944,0.5037622431266557,2162.0,0.14001608381704503,NAV2,False,True,True,True,,,-0.5160096466120824,9.949155807495117
29.116655675999937,137.62153858353716,105.21789515678874,-1.9537144428715225,0.011547746115631979,5.658154683386916,-8.865442344628832,-1.9164556297224324,0.5035568152274165,3.2406225604314898,-9.121751182628229,-2.319559179181493,0.5107904292368836,0.321,-0.074,-0.002,0.32941918584077645,0.4860549569129944,-0.10034413635730743,0.4860549569129944,0.5107904292368836,2191.0,0.1397376688947669,NAV2,False,True,True,True,,,-0.5207141036744385,9.949155807495117
29.158780583999942,137.6599467563978,105.19834091969604,-1.9635996410323604,0.012271481180284765,5.652592801842981,-8.880852049462618,-1.9190177992823232,0.5011555689675053,3.227140010204441,-9.136177255510336,-2.3233478808301324,0.4901593022681502,0.321,-0.074,-0.002,0.32941918584077645,0.4857686460018158,-0.10233211517333984,0.4857686460018158,0.4901593022681502,2191.0,0.14001608381704503,NAV2,False,True,True,True,,,-0.5231248461385659,9.949155807495117
29.199302356999397,137.6599467563978,105.19834091969604,-1.9635996410323604,0.012271481180284765,5.646919111509,-8.89645496413773,-1.9211335602561375,0.5005523278305737,3.2134831547851235,-9.150678412095177,-2.3271773371851805,0.4772365084525699,0.018,-0.259,0.04,0.25962472917655594,0.4857686460018158,-0.10233211517333984,0.4857686460018158,0.4772365084525699,2077.0,0.14029440565509643,NAV2,False,True,True,True,,,-0.5255548559230075,9.949155807495117
29.239600593999967,137.69721205011362,105.17781216562754,-1.972590585761893,0.013477612518703977,5.641196937415428,-8.912086933962447,-1.923252374396248,0.5004680747352794,3.194059563535102,-9.171114633911706,-2.332602724726844,0.4772365084525699,0.018,-0.259,0.04,0.25962472917655594,0.4852958023548126,-0.10072975605726242,0.4852958023548126,0.48358454751987245,2105.0,0.14029440565509643,NAV2,False,True,True,True,,,-0.5288270180921318,9.949155807495117
29.28096197299965,137.69721205011362,105.17781216562754,-1.972590585761893,0.013477612518703977,5.635441105441753,-8.92768536686028,-1.9261718843647835,0.5002589365881261,3.1874620849239097,-9.178005613568402,-2.33443850212611,0.4772365084525699,0.488,-0.384,0.035,0.6209669878504009,0.4852958023548126,-0.10072975605726242,0.4852958023548126,0.4772365084525699,2105.0,0.14029440565509643,NAV2,False,True,True,True,,,-0.531138033009709,9.949155807495117
29.322067964999405,137.73343110355273,105.1544647085992,-1.9836275152233394,0.01614890510453093,5.6243752437049235,-8.9572674703077,-1.932050252265272,0.4910530511275921,3.1676657221795606,-9.198532701741422,-2.3398910713104297,0.4772365084525699,0.488,-0.384,0.035,0.6209669878504009,0.4852958023548126,-0.10072975605726242,0.4852958023548126,0.4772365084525699,2105.0,0.13918102521866416,NAV2,False,True,True,True,,,-0.5339506385782496,9.949155807495117
29.364999587000057,137.73343110355273,105.1544647085992,-1.9836275152233394,0.01614890510453093,5.6188570074656745,-8.971834995787827,-1.9344259194556812,0.48679533629679184,3.154446377478,-9.21211628993339,-2.343510441578673,0.4708884693852673,0.488,-0.384,0.035,0.6209669878504009,0.4852958023548126,-0.10072975605726242,0.4852958023548126,0.4708884693852673,2105.0,0.13918102521866416,NAV2,False,True,True,True,,,-0.5357897342879896,9.949155807495117
29.410037713999372,137.73343110355273,105.1544647085992,-1.9836275152233394,0.01614890510453093,5.613295444813048,-8.986408151345062,-1.9368082850782729,0.4831708510857036,3.1411542561640426,-9.225675965989971,-2.3471329326125026,0.4708884693852673,0.056,-0.131,-0.028,0.14246754016266303,0.4847928583621979,-0.09887301921844482,0.4847928583621979,0.4708884693852673,2105.0,0.13890261029638606,NAV2,False,True,True,True,,,-0.5378808322182504,9.949155807495117
29.455621262999557,137.76678552291352,105.13064041171658,-1.993867320553138,0.019354825393816773,5.601973957352555,-9.015766379838672,-1.941784440325626,0.479061219230626,3.1278478184644394,-9.23915325099359,-2.3507075668083335,0.4708884693852673,0.056,-0.131,-0.028,0.14246754016266303,0.4847928583621979,-0.09887301921844482,0.4847928583621979,0.4708884693852673,2051.0,0.13723244655751096,NAV2,False,True,True,True,,,-0.5413686471502848,9.949155807495117
29.495846713999526,137.76678552291352,105.13064041171658,-1.993867320553138,0.019354825393816773,5.596393275626783,-9.03007632012486,-1.9441299473481222,0.47522433231364286,3.1142119461088194,-9.252864531530168,-2.354346658138045,0.4649938616799149,0.311,-0.14,0.004,0.3410586459833558,0.4839053153991699,-0.09977694600820541,0.4839053153991699,0.4649938616799149,2077.0,0.13723244655751096,NAV2,False,True,True,True,,,-0.543556495094841,9.949155807495117
29.539182309999887,137.79964151968076,105.10856735182266,-2.0031112678862977,0.021518090083775622,5.590645706135424,-9.044721467630294,-1.9464553616047546,0.47431166857801854,3.101577779709655,-9.265481643359653,-2.3577100264643356,0.45909925397456247,0.311,-0.14,0.004,0.3410586459833558,0.4839053153991699,-0.09977694600820541,0.4839053153991699,0.45909925397456247,2000.0,0.13723244655751096,NAV2,False,True,True,True,,,-0.5482150448044213,9.949155807495117
29.580045883999446,137.79964151968076,105.10856735182266,-2.0031112678862977,0.021518090083775622,5.585125177429751,-9.05868483789572,-1.9486134108851336,0.46942377343985503,3.0886073493672144,-9.278346067469045,-2.3611612998106444,0.4534313619501852,0.427,-0.22,0.067,0.48034258607789504,0.4839053153991699,-0.09977694600820541,0.4839053153991699,0.4534313619501852,1975.0,0.13778913677572704,NAV2,False,True,True,True,,,-0.5483747859546163,9.949155807495117
29.624053613999422,137.83407097884128,105.08605845007872,-2.010528859267474,0.02349081446645167,5.573886062875004,-9.086880961600803,-1.9520831897565691,0.46236583304939693,3.0696115462102727,-9.2970281277663,-2.366199697224002,0.4368811172390034,0.427,-0.22,0.067,0.48034258607789504,0.4839053153991699,-0.09977694600820541,0.4839053153991699,0.4368811172390034,1904.0,0.13778913677572704,NAV2,False,True,True,True,,,-0.550724052562044,9.949155807495117
29.665013873000134,137.83407097884128,105.08605845007872,-2.010528859267474,0.02349081446645167,5.568659334671944,-9.09987760672347,-1.9543256445855703,0.4549035336400849,3.057316056499836,-9.309021417664674,-2.369447802890236,0.4266789115951242,0.427,-0.22,0.067,0.48034258607789504,0.48301514983177185,-0.09983615577220917,0.48301514983177185,0.4266789115951242,1951.0,0.13778913677572704,NAV2,False,True,True,True,,,-0.5526992496486755,9.949155807495117
29.709899657999813,137.83407097884128,105.08605845007872,-2.010528859267474,0.02349081446645167,5.563267980279981,-9.113200473930593,-1.956858011298968,0.44943138682936185,3.0444482496222136,-9.321489024862023,-2.372836034055852,0.44776346992580784,0.294,-0.183,-0.017,0.34630189141845585,0.48301514983177185,-0.09983615577220917,0.48301514983177185,0.44776346992580784,1927.0,0.13778913677572704,NAV2,False,True,True,True,,,-0.5544151916947754,9.949155807495117
29.752814451999257,137.8679002700671,105.06321586464861,-2.018530151212311,0.02562594694925776,5.552024918616802,-9.140740659844571,-1.960858350385968,0.44709452434906105,3.0316813243928586,-9.333775616889248,-2.376209880697841,0.4534313619501852,0.294,-0.183,-0.017,0.34630189141845585,0.4821486473083496,-0.09977272152900696,0.4821486473083496,0.4534313619501852,2000.0,0.13918102521866416,NAV2,False,True,True,True,,,-0.5587874784888377,9.949155807495117
29.793136655000126,137.8679002700671,105.06321586464861,-2.018530151212311,0.02562594694925776,5.546290443592252,-9.154653857167197,-1.9635535086892,0.44724166160067863,3.018583841465736,-9.346293744112513,-2.3796728149128783,0.44776346992580784,0.099,-0.197,0.01,0.22047675614449702,0.4821486473083496,-0.09977272152900696,0.4821486473083496,0.44776346992580784,2025.0,0.13918102521866416,NAV2,False,True,True,True,,,-0.5610584355679,9.949155807495117
29.835446669999328,137.89925540961002,105.04208291761606,-2.026751653884659,0.027026897937010217,5.540479056437756,-9.168658004078834,-1.9661445254467855,0.4480934399023931,3.0053564261116628,-9.358848224265646,-2.3831619017660324,0.45909925397456247,0.099,-0.197,0.01,0.22047675614449702,0.4821486473083496,-0.09977272152900696,0.4821486473083496,0.45909925397456247,2051.0,0.13945930051460217,NAV2,False,True,True,True,,,-0.5669626506183328,9.949155807495117
29.875618910999947,137.89925540961002,105.04208291761606,-2.026751653884659,0.027026897937010217,5.53451048295445,-9.18295096199353,-1.9680003421259293,0.45094147789419736,2.9918453379669803,-9.371581472318779,-2.3867105027762707,0.4649938616799149,0.173,-0.084,-0.028,0.19231484602078955,0.4816930890083313,-0.09890974313020706,0.4821486473083496,0.4649938616799149,2025.0,0.13918102521866416,NAV2,False,True,True,True,,,-0.5699407679997786,9.949155807495117
29.91734542499944,137.89925540961002,105.04208291761606,-2.026751653884659,0.027026897937010217,5.522603484129326,-9.211243715058066,-1.9712980740278967,0.4532862074884641,2.978343759954163,-9.384215905829139,-2.3902448664849865,0.45909925397456247,0.173,-0.084,-0.028,0.19231484602078955,0.4816930890083313,-0.09890974313020706,0.4816930890083313,0.45909925397456247,2051.0,0.13945930051460217,NAV2,False,True,True,True,,,-0.5715493389754807,9.949155807495117
29.958725135999885,137.93042703011656,105.02047633421948,-2.0335187215892256,0.02860161520794558,5.5164285144756,-9.225801944895785,-1.973497733968358,0.45727735641775497,2.964626362780782,-9.396960939484378,-2.393816861432474,0.4772365084525699,0.173,-0.084,-0.028,0.19231484602078955,0.4816930890083313,-0.09890974313020706,0.4816930890083313,0.4772365084525699,2051.0,0.13918102521866416,NAV2,False,True,True,True,,,-0.5686023004780887,9.949155807495117
30.00162895199992,137.93042703011656,105.02047633421948,-2.0335187215892256,0.02860161520794558,5.510232829097185,-9.240309403871484,-1.9764304211657113,0.4603618341963917,2.9437016849892723,-9.416226841052756,-2.399262311091532,0.4772365084525699,0.002,-0.015,-0.05,0.015132745950421555,0.48155707120895386,-0.09897672384977341,0.48155707120895386,0.4772365084525699,2105.0,0.13945930051460217,NAV2,False,True,True,True,,,-0.5697350208505025,9.949155807495117
30.04435398699934,137.95949140420188,105.00258632002766,-2.042123405555539,0.028055301624946034,5.504025766894905,-9.254737309639799,-1.9793183261162692,0.46218432776690044,2.9296575375031737,-9.42903989143719,-2.4029135316540726,0.4708884693852673,0.002,-0.015,-0.05,0.015132745950421555,0.48155707120895386,-0.09897672384977341,0.48155707120895386,0.4708884693852673,2051.0,0.14001608381704503,NAV2,False,True,True,True,,,-0.5753321698784067,9.949155807495117
30.085201930999574,137.95949140420188,105.00258632002766,-2.042123405555539,0.028055301624946034,5.49147373558374,-9.283609172329834,-1.9835794427486773,0.46527194178995157,2.915724875486055,-9.44165909964043,-2.406523866030873,0.4708884693852673,0.162,-0.261,-0.108,0.30718886698576825,0.48155707120895386,-0.09897672384977341,0.48155707120895386,0.4708884693852673,2025.0,0.14001608381704503,NAV2,False,True,True,True,,,-0.579252793459384,9.949155807495117
30.126389480999933,137.98675471705405,104.98382582604584,-2.0503764712372554,0.028390212054652825,5.485291147338242,-9.297699445134329,-1.985927181237594,0.46414068399837716,2.902071807222119,-9.453937279633479,-2.410043667367324,0.4649938616799149,0.162,-0.261,-0.108,0.30718886698576825,0.48155707120895386,-0.09897672384977341,0.48155707120895386,0.4649938616799149,2105.0,0.13945930051460217,NAV2,False,True,True,True,,,-0.5859723706651734,9.949155807495117
30.17559394,137.98675471705405,104.98382582604584,-2.0503764712372554,0.028390212054652825,5.478928718878771,-9.312099499913813,-1.9888128445277335,0.4656582598866125,2.887861843403112,-9.466623792805825,-2.413684651255378,0.4772365084525699,0.655,-0.169,0.025,0.6764510329654321,0.48166072368621826,-0.09822098910808563,0.48166072368621826,0.4772365084525699,2105.0,0.13918102521866416,NAV2,False,True,True,True,,,-0.5834367751640719,9.949155807495117
30.21660802199949,137.98675471705405,104.98382582604584,-2.0503764712372554,0.028390212054652825,5.465970746313533,-9.341099276523742,-1.9946624061293423,0.46921290729618575,2.8734519176156312,-9.479394179899112,-2.4173613135330276,0.4772365084525699,0.655,-0.169,0.025,0.6764510329654321,0.48166072368621826,-0.09822098910808563,0.48166072368621826,0.4772365084525699,2077.0,0.13918102521866416,NAV2,False,True,True,True,,,-0.5879670044100938,9.949155807495117
30.258820768000078,138.01444219505402,104.96638464218266,-2.060101389371557,0.027559145970612833,5.4594507055902675,-9.35552121256476,-1.9974311052674603,0.47025802593002947,2.859368349736719,-9.491785012902822,-2.420939849127266,0.4772365084525699,0.655,-0.169,0.025,0.6764510329654321,0.48183882236480713,-0.09737828373908997,0.48183882236480713,0.4772365084525699,2105.0,0.13890261029638606,NAV2,False,True,True,True,,,-0.5911017993436761,9.949155807495117
30.30042934999983,138.01444219505402,104.96638464218266,-2.060101389371557,0.027559145970612833,5.452835784554947,-9.370047939894082,-2.000048410505676,0.47195151727994417,2.837088420100895,-9.511203707668978,-2.426587014088172,0.49673405701642787,-0.097,-0.176,-0.072,0.20096019506359958,0.4018388223648071,-0.08121050659549343,-0.039963942307692304,0.4901593022681502,2191.0,0.13918102521866416,TELEOP,False,True,True,True,,,-0.5914855718775999,9.949155807495117
30.345118044999253,138.04253626647477,104.94803434457268,-2.0694460741751213,0.027126913343130207,5.446192774745151,-9.384533499315483,-2.002832090097524,0.4730489091111512,2.823178708401118,-9.523253598243862,-2.428037035169237,0.44776346992580784,-0.097,-0.176,-0.072,0.20096019506359958,0.24183882236480708,-0.04887495230830037,-0.10757211538461538,0.44776346992580784,1777.0,0.04982682303876878,TELEOP,False,True,True,True,,,-0.5955556578203208,9.949155807495117
30.395344885999293,138.04253626647477,104.94803434457268,-2.0694460741751213,0.027126913343130207,5.433716722600925,-9.411425825304548,-2.007315456307624,0.4614468128778667,2.81130396605868,-9.53352012713016,-2.428918435998105,0.37770832450450426,0.236,-0.323,-0.021,0.4000312487793922,0.08183882236480707,-0.016539398021107304,-0.1564002403846154,0.37770832450450426,1584.0,0.039249010760961885,TELEOP,False,True,True,True,,,-0.6006590206096553,9.949155807495117
30.435749046999263,138.06703962085837,104.92889096327889,-2.0770271585571733,0.028192163846576097,5.427715759465328,-9.424271007322066,-2.0081975433213124,0.4541673680500351,2.800633392656345,-9.542730689289757,-2.4296880752996106,0.320802688579756,0.236,-0.323,-0.021,0.4000312487793922,0.0,0.0,-0.19396033653846154,0.320802688579756,1221.0,0.03785721540225152,TELEOP,False,True,True,True,,,-0.6041266036262946,9.949155807495117
30.479173285999423,138.06703962085837,104.92889096327889,-2.0770271585571733,0.028192163846576097,5.42315287865728,-9.433971341205543,-2.009870290951567,0.4295088718728147,2.7933672719989935,-9.548995805112531,-2.4301456258530307,0.22807597506094313,0.324,-0.153,0.039,0.3583085262730989,0.0,0.0,-0.19396033653846154,0.22807597506094313,1311.0,0.032011619045131945,TELEOP,False,True,True,True,,,-0.6062534366773649,9.949155807495117
30.52019454299989,138.09434109177283,104.91128627816933,-2.0814538896724555,0.027177638492588297,5.413311489463154,-9.45485326988928,-2.010983439806031,0.4021265577226226,2.781890859906185,-9.5588806024489,-2.4306916365239797,0.45909925397456247,0.324,-0.153,0.039,0.3583085262730989,0.0,0.0,-0.19020432692307693,0.45909925397456247,1758.0,0.024217490568972485,TELEOP,False,True,True,True,,,-0.6067598591802089,9.949155807495117
30.564400193999973,138.09434109177283,104.91128627816933,-2.0814538896724555,0.027177638492588297,5.407915477096868,-9.466267856257963,-2.0133144222472845,0.39761337702006844,2.766748614226904,-9.571908077936756,-2.4313202915271526,0.24009190615262305,0.324,-0.153,0.039,0.3583085262730989,-0.1,0.0,-0.19020432692307693,0.24009190615262305,1059.0,0.02004205795072804,TELEOP,False,True,True,True,,,-0.6023074886479133,9.949155807495117
30.60555435799961,138.09434109177283,104.91128627816933,-2.0814538896724555,0.027177638492588297,5.404851773778848,-9.472686041255042,-2.014740386790329,0.36616321843623867,2.7592933068796244,-9.578317103402755,-2.4315825065167633,0.24009190615262305,0.093,-0.182,0.023,0.20438444167793202,-0.18644831730769232,0.0,-0.19020432692307693,0.24009190615262305,-190.0,0.01865026259201768,TELEOP,False,True,True,True,,,-0.6026373447830944,9.949155807495117
30.649923646999923,138.12020420441772,104.89506578938652,-2.0871189673249604,0.02558397485991528,5.407267884020954,-9.467446951251377,-2.015712883581317,0.22529538192965293,2.7606634843311744,-9.577139290281675,-2.4315368564400544,-0.04942401845257018,0.093,-0.182,0.023,0.20438444167793202,-0.19396033653846154,0.0,-0.19020432692307693,-0.04942401845257018,1467.0,0.017536835613472072,TELEOP,False,True,True,True,,,-0.6016992999147885,9.949155807495117
30.695856870999705,138.12020420441772,104.89506578938652,-2.0871189673249604,0.02558397485991528,5.403655187126841,-9.475028835010523,-2.015851792852268,0.22489496518563654,2.7526833217491045,-9.58399924304257,-2.4315368564400544,0.19384190723370415,0.17,-0.027,-0.015,0.17213076424625554,-0.19396033653846154,0.0,-0.2127403846153846,0.19384190723370415,855.0,0.0,TELEOP,False,True,True,True,,,-0.6034137849941924,9.949155807495117
30.738888312999734,138.14483758844486,104.8800972139954,-2.089717190852866,0.023515346809914617,5.400693390350986,-9.481237077947345,-2.0159220832103135,0.21786058243607445,2.750739788863503,-9.585669953839169,-2.4315368564400544,-0.06665441020667721,0.17,-0.027,-0.015,0.17213076424625554,-0.19396033653846154,0.0,-0.24654447115384615,-0.06665441020667721,2857.0,0.0,TELEOP,False,True,True,True,,,-0.6040294218912253,10.082208633422852
30.779058860000077,138.14483758844486,104.8800972139954,-2.089717190852866,0.023515346809914617,5.4005361551250735,-9.481553018301582,-2.016197886825777,0.18422856639340524,2.7436670425964964,-9.591749868224682,-2.4315368564400544,-0.1625551432591414,0.153,-0.02,-0.001,0.15430165261590686,-0.19396033653846154,0.0,-0.2503004807692307,-0.1625551432591414,375.0,0.0,TELEOP,False,True,True,True,,,-0.6031405424495758,10.082208633422852
30.819186679999802,138.14483758844486,104.8800972139954,-2.089717190852866,0.023515346809914617,5.407761340181284,-9.466438424969832,-2.017329483367759,0.04972688673641005,2.745991195178935,-9.589751966958802,-2.4315368564400544,-0.2353308768521461,0.153,-0.02,-0.001,0.15430165261590686,-0.19396033653846154,0.0,-0.25405649038461536,-0.2353308768521461,439.0,0.0,TELEOP,False,True,True,True,,,-0.6021987495356601,10.082208633422852
30.859356760999617,138.1664316671743,104.86834721900111,-2.0931871646286586,0.02018280071116926,5.410583475848392,-9.46055724453849,-2.0174939880149725,0.0023982311354624275,2.7514012506171976,-9.585101344323157,-2.4315368564400544,-0.22807597506094313,0.153,-0.02,-0.001,0.15430165261590686,-0.19771634615384615,0.0,-0.2503004807692307,-0.22807597506094313,-1006.0,0.0,TELEOP,False,True,True,True,,,-0.6009188950034041,10.082208633422852
30.900946039999326,138.1664316671743,104.86834721900111,-2.0931871646286586,0.02018280071116926,5.414541623990975,-9.452312664075201,-2.0174327549812356,-0.04932314746875233,2.7543788913148273,-9.58254168788576,-2.4315368564400544,-0.09340686056173815,-0.111,-0.058,0.009,0.12523977004130918,-0.19771634615384615,0.0,-0.2503004807692307,-0.10202205643879166,-412.0,0.0,TELEOP,False,True,True,True,,,-0.6008649304340705,10.082208633422852
30.94457661099932,138.1853547470261,104.85736329575293,-2.095885650666296,0.017546285067678597,5.41579298253604,-9.449703526236423,-2.01735965077467,-0.06365718368357098,2.756894486692669,-9.580379217474908,-2.4315368564400544,-0.07889705697933222,-0.111,-0.058,0.009,0.12523977004130918,-0.19771634615384615,0.0,-0.2503004807692307,-0.07889705697933222,-551.0,0.0,TELEOP,False,True,True,True,,,-0.6026982182871062,10.082208633422852
30.985217348999868,138.1853547470261,104.85736329575293,-2.095885650666296,0.017546285067678597,5.4191619146884,-9.442675269285392,-2.0162220962331086,-0.0965509697083675,2.760744189203346,-9.5770699143003,-2.4315368564400544,-0.12990808519872804,-0.192,0.051,-0.052,0.19865799757371966,-0.19771634615384615,0.0,-0.2503004807692307,-0.12990808519872804,-653.0,0.0,TELEOP,False,True,True,True,,,-0.6028604626588023,10.082208633422852
31.025433690999307,138.19800366473297,104.84908208080158,-2.0969384050030584,0.01557457329702488,5.421123169128532,-9.438578267609577,-2.0163796564774863,-0.11213802896727158,2.7657197897579393,-9.572792760243528,-2.4315368564400544,-0.16028798644939046,-0.192,0.051,-0.052,0.19865799757371966,-0.19771634615384615,0.0,-0.24654447115384615,-0.16028798644939046,-707.0,0.0,TELEOP,False,True,True,True,,,-0.6025315752395798,10.082208633422852
31.072293551999792,138.19800366473297,104.84908208080158,-2.0969384050030584,0.01557457329702488,5.423913751477205,-9.43275533238541,-2.0159258463769887,-0.13543791158668936,2.771097494405343,-9.568169947178777,-2.4315368564400544,-0.19701592676735546,-0.071,0.048,-0.075,0.08570297544426331,-0.2503004807692307,0.0,-0.24654447115384615,-0.19701592676735546,-993.0,0.0,TELEOP,False,True,True,True,,,-0.6040826560216808,10.082208633422852
31.11608097699991,138.19800366473297,104.84908208080158,-2.0969384050030584,0.01557457329702488,5.427284942898155,-9.425716004537973,-2.014891852248891,-0.16303527885041522,2.778350022669553,-9.561935487569983,-2.4315368564400544,-0.24825367066772638,-0.071,0.048,-0.075,0.08570297544426331,-0.2503004807692307,0.0,-0.23903245192307693,-0.24825367066772638,-1142.0,0.0,TELEOP,False,True,True,True,,,-0.6009810355199668,10.082208633422852
31.15626576499926,138.20514193364127,104.8452400665267,-2.0977779702371584,0.012662792014357705,5.434632044380314,-9.410310277051341,-2.0130559184217125,-0.2126446375642489,2.7862398335745113,-9.55515320343181,-2.4315368564400544,-0.26457719969793303,-0.071,0.048,-0.075,0.08570297544426331,-0.2503004807692307,0.0,-0.22400841346153844,-0.26457719969793303,-1221.0,0.0,TELEOP,False,True,True,True,,,-0.6019205882885255,10.082208633422852
31.197343605999777,138.20514193364127,104.8452400665267,-2.0977779702371584,0.012662792014357705,5.438752217425093,-9.401642607101703,-2.0126135421805267,-0.23713945024234945,2.794544653500211,-9.548014166878088,-2.4315368564400544,-0.2747794053418122,-0.077,0.147,0.006,0.16594577427581578,-0.2503004807692307,0.0,-0.22025240384615385,-0.2747794053418122,-1221.0,0.0,TELEOP,False,True,True,True,,,-0.6013680049721478,10.082208633422852
31.238824813000065,138.20939055993043,104.84540154210053,-2.09911626488721,0.008227235009747178,5.44253473066861,-9.393652642881777,-2.011911891166044,-0.2524801996325723,2.803169174688116,-9.540600306906452,-2.4315368564400544,-0.27681984647058805,-0.077,0.147,0.006,0.16594577427581578,-0.24654447115384615,0.0,-0.2352764423076923,-0.27681984647058805,-1344.0,0.0,TELEOP,False,True,True,True,,,-0.6008722029867278,10.082208633422852
31.278941580999344,138.20939055993043,104.84540154210053,-2.09911626488721,0.008227235009747178,5.446807636406116,-9.384620096639225,-2.011272027555754,-0.2718600539357518,2.812194617727028,-9.532841804212259,-2.4315368564400544,-0.30470587523052445,-0.12,0.125,0.022,0.17327723451163457,-0.24278846153846156,0.0,-0.24278846153846156,-0.30470587523052445,-1250.0,0.0,TELEOP,False,True,True,True,,,-0.6015907510034281,10.082208633422852
31.319227320999744,138.20924945095246,104.84893322474097,-2.1005156049571103,0.003583582454924687,5.455141437154792,-9.366925562047378,-2.0100341950048857,-0.29735783369515445,2.821097727619698,-9.525188462233238,-2.4315368564400544,-0.2901960716481185,-0.12,0.125,0.022,0.17327723451163457,-0.24278846153846156,0.0,-0.24278846153846156,-0.2901960716481185,-1269.0,0.0,TELEOP,False,True,True,True,,,-0.6015352415469503,10.082208633422852
31.359424782000133,138.20924945095246,104.84893322474097,-2.1005156049571103,0.003583582454924687,5.459071449637938,-9.358544957243684,-2.0095460588763556,-0.30321027800775063,2.83375459931718,-9.514308290175023,-2.4315368564400544,-0.28543504234764155,-0.12,0.125,0.022,0.17327723451163457,-0.24278846153846156,0.0,-0.23903245192307693,-0.2747794053418122,-1259.0,0.0,TELEOP,False,True,True,True,,,-0.6003822713596697,10.082208633422852
31.401819918999536,138.20924945095246,104.84893322474097,-2.1005156049571103,0.003583582454924687,5.4632000451578255,-9.349751526452922,-2.0100302544807946,-0.3107148325436236,2.842742792265663,-9.506589092908099,-2.432238752848328,-0.2788602875993639,-0.232,0.16,0.032,0.2818226392609366,-0.22400841346153844,0.0,-0.23903245192307693,-0.30470587523052445,-1230.0,-0.028392923187217017,TELEOP,False,True,True,True,,,-0.5987380811653441,10.082208633422852
31.44545025199932,138.20645103600614,104.85344994510264,-2.1025917891401984,-7.704296884713822e-05,5.467347181468761,-9.340915205515445,-2.010136809840654,-0.31669070974177443,2.851412300572881,-9.499162869302141,-2.433672870422357,-0.30470587523052445,-0.232,0.16,0.032,0.2818226392609366,-0.22776442307692307,0.0,-0.23903245192307693,-0.30470587523052445,-1322.0,-0.09854012601476515,TELEOP,False,True,True,True,,,-0.6008722029867278,10.082208633422852
31.48713241399946,138.20645103600614,104.85344994510264,-2.1025917891401984,-7.704296884713822e-05,5.475411674716322,-9.323724810332841,-2.0101627177731842,-0.32196011608845737,2.860352389252342,-9.491532478131209,-2.4355520853611883,-0.2833946012188657,-0.254,0.185,-0.031,0.31423080689200417,-0.22776442307692307,0.0,-0.23903245192307693,-0.2833946012188657,-1300.0,-0.11941728910598748,TELEOP,False,True,True,True,,,-0.602914767816492,10.082208633422852
31.535637850999592,138.19497764509845,104.86249641936254,-2.1046873403153783,-0.002659690624551574,5.4797648244689,-9.314470564252112,-2.01122207856452,-0.32816955691744376,2.869418681625719,-9.483825346392067,-2.4375466079187107,-0.30470587523052445,-0.254,0.185,-0.031,0.31423080689200417,-0.22776442307692307,0.0,-0.23903245192307693,-0.30470587523052445,-1300.0,-0.12164414306307868,TELEOP,False,True,True,True,,,-0.605296642830858,10.082208633422852
31.578929690999757,138.19497764509845,104.86249641936254,-2.1046873403153783,-0.002659690624551574,5.483947157776064,-9.305596926184988,-2.012422379364359,-0.3303711060093969,2.878272323355828,-9.476329358341712,-2.4395434179578213,-0.28543504234764155,-0.119,0.118,0.01,0.1675857989210303,-0.22776442307692307,0.0,-0.23903245192307693,-0.28543504234764155,-1290.0,-0.1272114175821469,TELEOP,False,True,True,True,,,-0.604345768929891,10.082208633422852
31.619618767999782,138.1810604204815,104.87359925136566,-2.1080316415148164,-0.00530249201326579,5.492360203291237,-9.287806501131705,-2.0135156340367835,-0.33392574638520395,2.891802796700449,-9.46493521950224,-2.4427884019305557,-0.2972242577583464,-0.119,0.118,0.01,0.1675857989210303,-0.23357491754369697,-0.24,-0.23903245192307693,-0.29473038526762035,-1311.0,-0.13417046418886874,TELEOP,False,True,True,True,,,-0.6026853186557635,10.082208633422852
31.65969329699965,138.1810604204815,104.87359925136566,-2.1080316415148164,-0.00530249201326579,5.496488039696781,-9.279101617206022,-2.0144047029861696,-0.33353124899542824,2.900738526195239,-9.457451827228835,-2.4449663500273413,-0.2877021991573925,-0.119,0.118,0.01,0.1675857989210303,-0.23903245192307693,-0.46542113387097234,-0.2352764423076923,-0.2877021991573925,-1269.0,-0.1369540781773462,TELEOP,False,True,True,True,,,-0.6038391268066867,10.082208633422852
31.700091306000104,138.1810604204815,104.87359925136566,-2.1080316415148164,-0.00530249201326579,5.500545246095403,-9.270574428935594,-2.0158613473315308,-0.3315225659748581,2.909811769689246,-9.449887973774622,-2.447245964582532,-0.29246322845786943,-0.206,0.091,-0.047,0.22520435164534452,-0.23903245192307693,-0.46542113387097234,-0.2352764423076923,-0.29473038526762035,-1290.0,-0.13945932378565887,TELEOP,False,True,True,True,,,-0.6052229452511666,10.082208633422852
31.74403508299929,138.16307778886957,104.88633188614898,-2.1108949324260604,-0.006828429209697049,5.504985132088982,-9.261270306982672,-2.016807591228005,-0.3353156437068718,2.9186527740947787,-9.442551565989588,-2.4494969150695027,-0.2877021991573925,-0.206,0.091,-0.047,0.22520435164534452,-0.23903245192307693,-0.46542113387097234,-0.23903245192307693,-0.2877021991573925,-1311.0,-0.1430780196435738,TELEOP,False,True,True,True,,,-0.6080299669654862,10.082208633422852
31.784476345999792,138.16307778886957,104.88633188614898,-2.1108949324260604,-0.006828429209697049,5.513171255833744,-9.244170822162308,-2.0181766721801297,-0.33116188065508684,2.9277850370629275,-9.435008966365707,-2.4518219661979437,-0.29473038526762035,-0.072,0.153,-0.009,0.16909464805250343,-0.23903245192307693,-0.46542113387097234,-0.2503004807692307,-0.29473038526762035,-1290.0,-0.1433564112947953,TELEOP,False,True,True,True,,,-0.6068578720945165,10.082208633422852
31.826189430999875,138.14362423397068,104.90052623956849,-2.1129294815165345,-0.00854607120923334,5.517624956413865,-9.23490139782652,-2.0194031795890686,-0.33441400669896737,2.936730698126261,-9.427654972476457,-2.454107967571327,-0.28543504234764155,-0.072,0.153,-0.009,0.16909464805250343,-0.23903245192307693,-0.46542113387097234,-0.26908052884615385,-0.28543504234764155,-1185.0,-0.14419149316423283,TELEOP,False,True,True,True,,,-0.6079366861311711,10.082208633422852
31.875712067999302,138.14362423397068,104.90052623956849,-2.1129294815165345,-0.00854607120923334,5.521465269382876,-9.226932153945619,-2.020620419635116,-0.3279823742054907,2.945129181423117,-9.420781442539212,-2.4562543799529695,-0.2747794053418122,-0.429,0.173,-0.066,0.46256891378474624,-0.23903245192307693,-0.46542113387097234,-0.32917668269230765,-0.2747794053418122,-1259.0,-0.1444698382733409,TELEOP,False,True,True,True,,,-0.6084853790263162,10.082208633422852
31.915819003999786,138.14362423397068,104.90052623956849,-2.1129294815165345,-0.00854607120923334,5.525415846034528,-9.21875504474853,-2.0214523303929233,-0.3238163132860451,2.954072370752096,-9.413495645576111,-2.4585379021569334,-0.2877021991573925,-0.429,0.173,-0.066,0.46256891378474624,-0.23903245192307693,-0.46542113387097234,-0.375,-0.2877021991573925,-1221.0,-0.1444698382733409,TELEOP,False,True,True,True,,,-0.6126787464376798,10.082208633422852
31.95909176299938,138.120941156986,104.91581528387944,-2.1142844897140116,-0.009253634485197434,5.533874303606715,-9.201311492223304,-2.023423523171675,-0.32435988033438856,2.9628545129278616,-9.406373864846293,-2.4607762058625267,-0.29246322845786943,-0.429,0.173,-0.066,0.46256891378474624,-0.2503004807692307,-0.46542113387097234,-0.375,-0.29246322845786943,-1344.0,-0.1444698382733409,TELEOP,False,True,True,True,,,-0.6141234543354888,10.082208633422852
31.999535683999966,138.120941156986,104.91581528387944,-2.1142844897140116,-0.009253634485197434,5.537958489747519,-9.192920737485165,-2.024398249029778,-0.32172370743715845,2.9717781946930244,-9.399170749788741,-2.463048389907115,-0.26661764082670886,-0.249,0.143,-0.05,0.28714108030722457,-0.2503004807692307,-0.46542113387097234,-0.375,-0.2788602875993639,-1230.0,-0.14474822992456232,TELEOP,False,True,True,True,,,-0.6106553374464196,10.082208633422852
32.039657700000134,138.09361550656484,104.9340244002751,-2.1155340347470175,-0.009902219567418442,5.542705633358487,-9.18319914603531,-2.025812723493124,-0.3241597305588198,2.9853461225130706,-9.38828327034303,-2.466526201703821,-0.2833946012188657,-0.249,0.143,-0.05,0.28714108030722457,-0.2503004807692307,-0.46542113387097234,-0.375,-0.30992033589295154,-1250.0,-0.1461399787411593,TELEOP,False,True,True,True,,,-0.6117967403879655,10.082208633422852
32.079876998000145,138.09361550656484,104.9340244002751,-2.1155340347470175,-0.009902219567418442,5.546581666453601,-9.175286735235352,-2.026943866393755,-0.32372606305752816,2.9853461225130706,-9.38828327034303,-2.466526201703821,-0.2833946012188657,-0.172,0.075,-0.019,0.1876406139405859,-0.2503004807692307,-0.46542113387097234,-0.375,-0.2833946012188657,-1280.0,-0.14641837039238068,TELEOP,False,True,True,True,,,-0.6186142567523357,10.082208633422852
32.12028124199969,138.06412473233902,104.95274840249405,-2.116787427728156,-0.0098065578209783,5.556348477670118,-9.155443640557948,-2.0299241770877248,-0.3389202604441844,2.9853461225130706,-9.38828327034303,-2.466526201703821,-0.2833946012188657,-0.172,0.075,-0.019,0.1876406139405859,-0.2503004807692307,-0.46542113387097234,-0.375,-0.2833946012188657,-1280.0,-0.14641837039238068,TELEOP,False,True,True,True,,,-0.6222798909445615,10.082208633422852
32.16475830099989,138.06412473233902,104.95274840249405,-2.116787427728156,-0.0098065578209783,5.561402665645704,-9.145229846572688,-2.0314643091923634,-0.3464893137779159,2.9853461225130706,-9.38828327034303,-2.466526201703821,-0.2833946012188657,-0.114,0.07,-0.017,0.13377593206552515,-0.3503004807692307,-0.46542113387097234,-0.375,-0.2833946012188657,-1280.0,-0.14641837039238068,TELEOP,False,True,True,True,,,-0.6218961817039586,10.082208633422852
32.20971565399941,138.06412473233902,104.95274840249405,-2.116787427728156,-0.0098065578209783,5.566597875081565,-9.134774644472813,-2.033176435232498,-0.3540758757579087,2.9853461225130706,-9.38828327034303,-2.466526201703821,-0.2833946012188657,-0.114,0.07,-0.017,0.13377593206552515,-0.375,-0.46542113387097234,-0.375,-0.2833946012188657,-1280.0,-0.14641837039238068,TELEOP,False,True,True,True,,,-0.6223413345843436,10.082208633422852
32.249902765000115,138.03506612387466,104.97197961878729,-2.1196350836175406,-0.010384440033457183,5.577379453224802,-9.113207517285101,-2.0363159933611614,-0.36925127115290524,2.9853461225130706,-9.38828327034303,-2.466526201703821,-0.2833946012188657,-0.114,0.07,-0.017,0.13377593206552515,-0.375,-0.46542113387097234,-0.375,-0.2833946012188657,-1280.0,-0.14641837039238068,TELEOP,False,True,True,True,,,-0.6238206964416811,10.082208633422852
32.296593276999374,138.03506612387466,104.97197961878729,-2.1196350836175406,-0.010384440033457183,5.582965134208589,-9.102098503980422,-2.0377533303968143,-0.3768382901968826,2.9853461225130706,-9.38828327034303,-2.466526201703821,-0.2833946012188657,-0.266,0.15,-0.052,0.3053784537258646,-0.375,-0.46542113387097234,-0.375,-0.2833946012188657,-1280.0,-0.14641837039238068,TELEOP,False,True,True,True,,,-0.622849482219406,10.082208633422852
32.349912269000015,138.0041933998497,104.98915162021882,-2.119388966190943,-0.008439932781991172,5.59453220812883,-9.079228290232491,-2.0410554421353044,-0.39201340379645433,2.9853461225130706,-9.38828327034303,-2.466526201703821,-0.2833946012188657,-0.266,0.15,-0.052,0.3053784537258646,-0.375,-0.46542113387097234,-0.375,-0.2833946012188657,-1280.0,-0.14641837039238068,TELEOP,False,True,True,True,,,-0.625597364626544,10.082208633422852
32.39585641999929,138.0041933998497,104.98915162021882,-2.119388966190943,-0.008439932781991172,5.600516617827866,-9.067472830511923,-2.0429987011337203,-0.3995993566612963,2.9853461225130706,-9.38828327034303,-2.466526201703821,-0.2833946012188657,-0.216,0.074,-0.004,0.22832433072276814,-0.375,-0.46542113387097234,-0.375,-0.2833946012188657,-1280.0,-0.14641837039238068,TELEOP,False,True,True,True,,,-0.6282560372853015,10.082208633422852
32.43977722299951,137.97228090016233,105.00904141247925,-2.1222043007253535,-0.00835160452064551,5.606639532863609,-9.055498465790574,-2.044815996620008,-0.40718817277706554,2.9853461225130706,-9.38828327034303,-2.466526201703821,-0.2833946012188657,-0.216,0.074,-0.004,0.22832433072276814,-0.375,-0.46542113387097234,-0.375,-0.2833946012188657,-1280.0,-0.14641837039238068,TELEOP,False,True,True,True,,,-0.6352323288286928,10.082208633422852
32.480079613999806,137.97228090016233,105.00904141247925,-2.1222043007253535,-0.00835160452064551,5.612898041774792,-9.043313097959356,-2.0466668780162767,-0.4147751303632362,2.9853461225130706,-9.38828327034303,-2.466526201703821,-0.2833946012188657,-0.172,0.121,0.016,0.21029740844813088,-0.375,-0.46542113387097234,-0.375,-0.2833946012188657,-1280.0,-0.14641837039238068,TELEOP,False,True,True,True,,,-0.6354492164024911,10.082208633422852
32.53576268899997,137.94130634234273,105.0268822797338,-2.1250756145677427,-0.007226314063051496,5.625844124751294,-9.01830350539676,-2.051369311977342,-0.4299521261650432,2.9853461225130706,-9.38828327034303,-2.466526201703821,-0.2833946012188657,-0.172,0.121,0.016,0.21029740844813088,-0.375,-0.46542113387097234,-0.375,-0.2833946012188657,-1280.0,-0.14641837039238068,TELEOP,False,True,True,True,,,-0.6389558220189167,10.082208633422852
32.58319834999929,137.94130634234273,105.0268822797338,-2.1250756145677427,-0.007226314063051496,5.639384241854115,-8.992470651566391,-2.0569991868090853,-0.4451253614319453,2.9853461225130706,-9.38828327034303,-2.466526201703821,-0.2833946012188657,-0.376,0.175,-0.046,0.4147300326718575,-0.21499999999999997,-0.3850688504656044,-0.375,-0.2833946012188657,-1280.0,-0.14641837039238068,TELEOP,False,True,True,True,,,-0.6401247648856805,10.082208633422852
32.63606993299982,137.90977848351756,105.04727431498759,-2.13135129478419,-0.007766355881644705,5.6463790790331165,-8.97924471871066,-2.058733998278046,-0.4527116165781476,2.9853461225130706,-9.38828327034303,-2.466526201703821,-0.2833946012188657,-0.376,0.175,-0.046,0.4147300326718575,0.02500000000000005,-0.2640177411403346,-0.375,-0.2833946012188657,-1280.0,-0.14641837039238068,TELEOP,False,True,True,True,,,-0.6429340079846532,10.082208633422852
32.68088411000008,137.90977848351756,105.04727431498759,-2.13135129478419,-0.007766355881644705,5.65351930600144,-8.965803998533985,-2.060334573333234,-0.46030035712357675,2.9853461225130706,-9.38828327034303,-2.466526201703821,-0.2833946012188657,-0.443,0.159,-0.041,0.470669735589617,0.12500000000000006,-0.21314420874045714,-0.375,-0.2833946012188657,-1280.0,-0.14641837039238068,TELEOP,False,True,True,True,,,-0.6466556458099182,10.082208633422852
32.722606747999635,137.87342487582046,105.06696241151563,-2.1322912637525504,-0.0057617871722509695,5.668225430499242,-8.938311995516175,-2.0645984144000327,-0.4754682806150088,2.9853461225130706,-9.38828327034303,-2.466526201703821,-0.2833946012188657,-0.443,0.159,-0.041,0.470669735589617,0.22500000000000003,-0.16227067634057968,-0.375,-0.2833946012188657,-1280.0,-0.14641837039238068,TELEOP,False,True,True,True,,,-0.6503461961975828,10.082208633422852
32.76463648999925,137.87342487582046,105.06696241151563,-2.1322912637525504,-0.0057617871722509695,5.675811306885612,-8.924237438845973,-2.0668225068670294,-0.4830619352811365,2.9853461225130706,-9.38828327034303,-2.466526201703821,-0.2833946012188657,-0.087,0.164,0.013,0.18564751546950473,0.325,-0.1107911517762216,-0.375,-0.2833946012188657,-1280.0,-0.14641837039238068,TELEOP,False,True,True,True,,,-0.6510972653075292,10.082208633422852
32.8101119439998,137.87342487582046,105.06696241151563,-2.1322912637525504,-0.0057617871722509695,5.683540146776064,-8.909972562215719,-2.0688600081534934,-0.4906472731126686,2.9853461225130706,-9.38828327034303,-2.466526201703821,-0.2833946012188657,-0.087,0.164,0.013,0.18564751546950473,0.425,-0.05931162721186353,-0.375,-0.2833946012188657,-1280.0,-0.14641837039238068,TELEOP,False,True,True,False,,,-0.654069090790074,10.082208633422852
32.85545882599945,137.8352997442793,105.08865363853376,-2.1351497539754405,-0.00454444220182827,5.699462706747633,-8.880814317003304,-2.0734482025031453,-0.5058251140731284,2.9853461225130706,-9.38828327034303,-2.466526201703821,-0.2833946012188657,-0.087,0.164,0.013,0.18564751546950473,0.31499999999999995,-0.0222634472691592,-0.375,-0.2833946012188657,-1280.0,-0.14641837039238068,TELEOP,False,True,True,False,,,-0.6549999729825682,10.082208633422852
32.89569308499995,137.8352997442793,105.08865363853376,-2.1351497539754405,-0.00454444220182827,5.707654516887587,-8.86593776662367,-2.075881181489404,-0.5134105331655382,2.9853461225130706,-9.38828327034303,-2.466526201703821,-0.2833946012188657,-0.259,0.117,-0.004,0.28420063335608525,0.15499999999999992,0.0,-0.375,-0.2833946012188657,-1280.0,-0.14641837039238068,TELEOP,False,True,True,False,,,-0.656485334558718,10.082208633422852
32.94727782799964,137.79763614035352,105.10996554285346,-2.138864648602851,-0.003343711598642584,5.716007762972805,-8.85085295345125,-2.0782686138022903,-0.5209992591431909,2.9853461225130706,-9.38828327034303,-2.466526201703821,-0.2833946012188657,-0.259,0.117,-0.004,0.28420063335608525,0.0,0.0,-0.375,-0.2833946012188657,-1280.0,-0.14641837039238068,TELEOP,False,True,True,False,,,-0.6615090965233552,10.082208633422852
32.99595021799996,137.79763614035352,105.10996554285346,-2.138864648602851,-0.003343711598642584,5.733180666196048,-8.820088926377956,-2.0826136634492878,-0.5361712620672581,2.9853461225130706,-9.38828327034303,-2.466526201703821,-0.2833946012188657,-0.18,0.024,0.091,0.18159295140505866,0.0,0.0,-0.375,-0.2833946012188657,-1280.0,-0.14641837039238068,TELEOP,False,True,True,False,,,-0.6622500514337483,10.082208633422852
33.04298409900002,137.76025645455286,105.12853587535862,-2.1402562828757254,-0.0007254281883534152,5.742155741019002,-8.80413950036963,-2.0851291622170005,-0.5438852310881909,2.9853461225130706,-9.38828327034303,-2.466526201703821,-0.2833946012188657,-0.18,0.024,0.091,0.18159295140505866,0.0,0.0,-0.375,-0.2833946012188657,-1280.0,-0.14641837039238068,TELEOP,False,True,True,False,,,-0.6676763290514002,10.082208633422852
33.08370775599997,137.76025645455286,105.12853587535862,-2.1402562828757254,-0.0007254281883534152,5.760144349857725,-8.772423701019285,-2.0891976394860468,-0.558936719578149,2.9853461225130706,-9.38828327034303,-2.466526201703821,-0.2833946012188657,-0.087,0.093,0.131,0.12734991166074675,0.0,0.0,-0.375,-0.2833946012188657,-1280.0,-0.14641837039238068,TELEOP,False,True,True,False,,,-0.6684470800850197,11.674015998840332
33.135595756999464,137.7255119524968,105.14735387556972,-2.1434293936587405,0.0006632919798913903,5.769442777878562,-8.756148903346906,-2.0914968083279137,-0.566518523813418,2.9853461225130706,-9.38828327034303,-2.466526201703821,-0.2833946012188657,-0.087,0.093,0.131,0.12734991166074675,0.0,0.0,-0.375,-0.2833946012188657,-1280.0,-0.14641837039238068,TELEOP,False,True,True,False,,,-0.6755273215954342,11.674015998840332
33.18326174699996,137.7255119524968,105.14735387556972,-2.1434293936587405,0.0006632919798913903,5.788549406698518,-8.722982019362114,-2.096569134530001,-0.5816944686867306,2.9853461225130706,-9.38828327034303,-2.466526201703821,-0.2833946012188657,-0.219,0.259,-0.09,0.33917841912480223,0.0,0.0,-0.375,-0.2833946012188657,-1280.0,-0.14641837039238068,TELEOP,False,True,True,False,,,-0.676027501124674,11.674015998840332
33.23650883099981,137.69376252114301,105.1659748970163,-2.149745435754713,0.0011603524849938182,5.798371990575697,-8.706088733719975,-2.0995986511107874,-0.5892915586166306,2.9853461225130706,-9.38828327034303,-2.466526201703821,-0.2833946012188657,-0.219,0.259,-0.09,0.33917841912480223,0.0,0.0,-0.375,-0.2833946012188657,-1280.0,-0.14641837039238068,TELEOP,False,True,True,False,,,-0.679991174780782,11.674015998840332
33.28296364699963,137.69376252114301,105.1659748970163,-2.149745435754713,0.0011603524849938182,5.80835162710477,-8.689041737418613,-2.1029112057895114,-0.5968727673940393,2.9853461225130706,-9.38828327034303,-2.466526201703821,-0.2833946012188657,-0.296,0.239,0.012,0.3804431626406236,0.0,0.0,-0.375,-0.2833946012188657,-1280.0,-0.14641837039238068,TELEOP,False,True,True,False,,,-0.6901048916559854,11.674015998840332
33.32313631899979,137.66199075589003,105.18705900465478,-2.1566308526300357,0.0005570495940344683,5.82885396372966,-8.654290493149652,-2.1057582140021975,-0.6120665402665864,2.9853461225130706,-9.38828327034303,-2.466526201703821,-0.2833946012188657,-0.296,0.239,0.012,0.3804431626406236,0.0,0.0,-0.375,-0.2833946012188657,-1280.0,-0.14641837039238068,TELEOP,False,True,True,False,,,-0.6931494972647625,11.674015998840332
33.36579666899979,137.66199075589003,105.18705900465478,-2.1566308526300357,0.0005570495940344683,5.8393078128276645,-8.636682252414342,-2.1080025743369046,-0.6196351702243162,2.9853461225130706,-9.38828327034303,-2.466526201703821,-0.2833946012188657,-0.053,-0.025,0.001,0.058600341295934444,0.0,0.0,-0.375,-0.2833946012188657,-1280.0,-0.14641837039238068,TELEOP,False,True,True,False,,,-0.6931494972647625,11.674015998840332
33.41590898399954,137.66199075589003,105.18705900465478,-2.1566308526300357,0.0005570495940344683,5.849953739866522,-8.618843285414416,-2.1106142872147604,-0.6272200755749864,2.9853461225130706,-9.38828327034303,-2.466526201703821,-0.2833946012188657,-0.053,-0.025,0.001,0.058600341295934444,0.0,0.0,-0.375,-0.2833946012188657,-1280.0,-0.14641837039238068,TELEOP,False,True,True,False,,,-0.6931075062725076,11.674015998840332
33.46270576200004,137.63136575082086,105.20443572541079,-2.1608117037656815,0.001533868275806308,5.871756605595714,-8.58255558829987,-2.113679494809351,-0.6423996118604247,2.9853461225130706,-9.38828327034303,-2.466526201703821,-0.2833946012188657,-0.144,0.141,-0.081,0.20153659717282119,0.0,0.0,-0.375,-0.2833946012188657,-1280.0,-0.14641837039238068,TELEOP,False,True,True,False,,,-0.6939280709745427,11.674015998840332
33.51621519999935,137.63136575082086,105.20443572541079,-2.1608117037656815,0.001533868275806308,5.882888624086988,-8.564126706225052,-2.1152614776115053,-0.6499836094565279,2.9853461225130706,-9.38828327034303,-2.466526201703821,-0.2833946012188657,-0.144,0.141,-0.081,0.20153659717282119,0.0,0.0,-0.375,-0.2833946012188657,-1280.0,-0.14641837039238068,TELEOP,False,True,True,False,,,-0.6980033250458929,11.674015998840332
33.562810753999656,137.60685673543594,105.22003358351564,-2.1648650592777368,0.0015800967626554557,5.905649806889415,-8.526659364525138,-2.118840793265655,-0.6651587624346201,2.9853461225130706,-9.38828327034303,-2.466526201703821,-0.2833946012188657,-0.144,0.141,-0.081,0.20153659717282119,0.0,0.0,-0.375,-0.2833946012188657,-1280.0,-0.14641837039238068,TELEOP,False,True,True,False,,,-0.703159926424783,11.674015998840332
33.60309596699972,137.60685673543594,105.22003358351564,-2.1648650592777368,0.0015800967626554557,5.9172678021904535,-8.507628494892508,-2.1197392543218707,-0.6727456351179689,2.9853461225130706,-9.38828327034303,-2.466526201703821,-0.2833946012188657,-0.091,0.169,0.06,0.19194269978303422,0.0,0.0,-0.375,-0.2833946012188657,-1280.0,-0.14641837039238068,TELEOP,False,True,True,False,,,-0.701589322420568,11.674015998840332
33.64319912299925,137.58440927084158,105.23783393658674,-2.170611920619436,0.00018302717077719642,5.929039743628798,-8.48840072123793,-2.121078031944587,-0.6803309729495011,2.9853461225130706,-9.38828327034303,-2.466526201703821,-0.2833946012188657,-0.091,0.169,0.06,0.19194269978303422,0.0,0.0,-0.375,-0.2833946012188657,-1280.0,-0.14641837039238068,TELEOP,False,True,True,False,,,-0.704103712450348,11.674015998840332
