t_s,tf_x,tf_y,tf_yaw,local_x,local_y,local_yaw,local_vx,global_x,global_y,global_yaw,global_vx,esc_x,esc_y,esc_yaw,esc_vx,gnss_vx,gnss_vy,gnss_speed,cmd_v,cmd_w,drive_target_mps,drive_actual_mps,actual_erpm,steer_rad,mux_source,goal_state,gate,ready,feedback,estop
0.05042706200038083,nan,nan,nan,nan,nan,nan,nan,127.1775199815247,101.7241532079541,-0.28462937954910483,0.017359484576165096,0.0,0.0,0.0,0.0,nan,nan,nan,0,0,0.0,0.0,0.0,0.0,NAV2,,,True,True,
0.09330722800041258,nan,nan,nan,nan,nan,nan,nan,127.17592383613997,101.72173698119391,-0.28481171683739154,0.016898816391480585,0.0,0.0,0.0,0.0,nan,nan,nan,0,0,0.0,0.0,0.0,0.0,NAV2,,,True,True,
0.1345553179999115,nan,nan,nan,nan,nan,nan,nan,127.17592383613997,101.72173698119391,-0.28481171683739154,0.016898816391480585,0.0,0.0,0.0,0.0,nan,nan,nan,0,0,0.0,0.0,0.0,0.0,NAV2,,,True,True,
0.17512519800038717,nan,nan,nan,nan,nan,nan,nan,127.17592383613997,101.72173698119391,-0.28481171683739154,0.016898816391480585,0.0,0.0,0.0,0.0,nan,nan,nan,0,0,0.0,0.0,0.0,0.0,NAV2,,,True,True,
0.2292518280000877,nan,nan,nan,nan,nan,nan,nan,127.17458639699882,101.7197105015354,-0.2851012581024759,0.01652350102883955,0.0,0.0,0.0,0.0,nan,nan,nan,0,0,0.0,0.0,0.0,0.0,NAV2,,,True,True,
0.2712615640002696,nan,nan,nan,nan,nan,nan,nan,127.17458639699882,101.7197105015354,-0.2851012581024759,0.01652350102883955,0.0,0.0,0.0,0.0,nan,nan,nan,0,0,0.0,0.0,0.0,0.0,NAV2,,,True,True,
0.3143872830005421,nan,nan,nan,nan,nan,nan,nan,127.17346913263532,101.71802850967214,-0.2855006103835897,0.016213407652579157,0.0,0.0,0.0,0.0,nan,nan,nan,0,0,0.0,0.0,0.0,0.0,NAV2,,,True,True,
0.3549365420003596,nan,nan,nan,nan,nan,nan,nan,127.17346913263532,101.71802850967214,-0.2855006103835897,0.016213407652579157,0.0,0.0,0.0,0.0,nan,nan,nan,0,0,0.0,0.0,0.0,0.0,NAV2,,,True,True,
0.40975749000062933,nan,nan,nan,nan,nan,nan,nan,127.17254359424604,101.71438011509105,-0.28525775063065945,0.01640405847564759,0.0,0.0,0.0,0.0,nan,nan,nan,0,0,0.0,0.0,0.0,0.0,NAV2,,,True,True,
0.45103020900023694,nan,nan,nan,nan,nan,nan,nan,127.17254359424604,101.71438011509105,-0.28525775063065945,0.01640405847564759,0.0,0.0,0.0,0.0,nan,nan,nan,0,0,0.0,0.0,0.0,0.0,NAV2,,,True,True,
0.49330148799981544,nan,nan,nan,nan,nan,nan,nan,127.1717725531827,101.71129585795445,-0.28523877950044874,0.016546707560156197,0.0,0.0,0.0,0.0,nan,nan,nan,0,0,0.0,0.0,0.0,0.0,NAV2,,,True,True,
0.5342542850003156,nan,nan,nan,nan,nan,nan,nan,127.1717725531827,101.71129585795445,-0.28523877950044874,0.016546707560156197,0.0,0.0,0.0,0.0,nan,nan,nan,0,0,0.0,0.0,0.0,0.0,NAV2,,,True,True,
0.5746520390002843,nan,nan,nan,nan,nan,nan,nan,127.1717725531827,101.71129585795445,-0.28523877950044874,0.016546707560156197,0.0,0.0,0.0,0.0,nan,nan,nan,0,0,0.0,0.0,0.0,0.0,NAV2,,,True,True,
0.6149016750005103,nan,nan,nan,nan,nan,nan,nan,127.16890197829886,101.7064501715144,-0.28460675944311653,0.01551456049498484,0.0,0.0,0.0,0.0,nan,nan,nan,0,0,0.0,0.0,0.0,0.0,NAV2,,,True,True,
0.6555725750004058,nan,nan,nan,nan,nan,nan,nan,127.16890197829886,101.7064501715144,-0.28460675944311653,0.01551456049498484,0.0,0.0,0.0,0.0,nan,nan,nan,0,0,0.0,0.0,0.0,0.0,NAV2,,,True,True,
0.7158189960000527,nan,nan,nan,nan,nan,nan,nan,127.16635514629719,101.70286096238895,-0.28430603154189044,0.014459456117434693,0.0,0.0,0.0,0.0,nan,nan,nan,0,0,0.0,0.0,0.0,0.0,NAV2,,,True,True,
0.7574682740005301,nan,nan,nan,nan,nan,nan,nan,127.16635514629719,101.70286096238895,-0.28430603154189044,0.014459456117434693,0.0,0.0,0.0,0.0,nan,nan,nan,0,0,0.0,0.0,0.0,0.0,NAV2,,,True,True,
0.8041618090001066,nan,nan,nan,nan,nan,nan,nan,127.16635514629719,101.70286096238895,-0.28430603154189044,0.014459456117434693,0.0,0.0,0.0,0.0,nan,nan,nan,0,0,0.0,0.0,0.0,0.0,NAV2,,,True,True,
0.8502497260005839,nan,nan,nan,nan,nan,nan,nan,127.16436747933845,101.69654310141836,-0.2834185709656629,0.01437673288222403,0.0,0.0,0.0,0.0,nan,nan,nan,0,0,0.0,0.0,0.0,0.0,NAV2,,,True,True,
0.8931980030001796,nan,nan,nan,nan,nan,nan,nan,127.16479063589361,101.68944397995186,-0.28209235956187406,0.016093667326442015,0.0,0.0,0.0,0.0,nan,nan,nan,0,0,0.0,0.0,0.0,0.0,NAV2,,,True,True,
0.9343303120003839,nan,nan,nan,nan,nan,nan,nan,127.16479063589361,101.68944397995186,-0.28209235956187406,0.016093667326442015,0.0,0.0,0.0,0.0,nan,nan,nan,0,0,0.0,0.0,0.0,0.0,NAV2,,,True,True,
0.9761228150000534,nan,nan,nan,nan,nan,nan,nan,127.16479063589361,101.68944397995186,-0.28209235956187406,0.016093667326442015,0.0,0.0,0.0,0.0,nan,nan,nan,0,0,0.0,0.0,0.0,0.0,NAV2,,,True,True,
1.0296952130001955,nan,nan,nan,nan,nan,nan,nan,127.1652064545584,101.68342059729736,-0.28134694180666653,0.017487662231973206,0.0,0.0,0.0,0.0,nan,nan,nan,0,0,0.0,0.0,0.0,0.0,NAV2,,,True,True,
1.071311071999844,nan,nan,nan,nan,nan,nan,nan,127.1652064545584,101.68342059729736,-0.28134694180666653,0.017487662231973206,0.0,0.0,0.0,0.0,nan,nan,nan,0,0,0.0,0.0,0.0,0.0,NAV2,,,True,True,
1.1140563690005365,nan,nan,nan,nan,nan,nan,nan,127.16560887310598,101.67835281774823,-0.2811098272978247,0.01859541642877576,0.0,0.0,0.0,0.0,nan,nan,nan,0,0,0.0,0.0,0.0,0.0,NAV2,,,True,True,
1.154413792000014,nan,nan,nan,nan,nan,nan,nan,127.16560887310598,101.67835281774823,-0.2811098272978247,0.01859541642877576,0.0,0.0,0.0,0.0,nan,nan,nan,0,0,0.0,0.0,0.0,0.0,NAV2,,,True,True,
1.194997347000026,nan,nan,nan,nan,nan,nan,nan,127.16376022086172,101.67187056730076,-0.2804090247234643,0.01830660593517447,0.0,0.0,0.0,0.0,nan,nan,nan,0,0,0.0,0.0,0.0,0.0,NAV2,,,True,True,
1.2352442199999132,nan,nan,nan,nan,nan,nan,nan,127.16376022086172,101.67187056730076,-0.2804090247234643,0.01830660593517447,0.0,0.0,0.0,0.0,nan,nan,nan,0,0,0.0,0.0,0.0,0.0,NAV2,,,True,True,
1.2760201440005403,nan,nan,nan,nan,nan,nan,nan,127.16376022086172,101.67187056730076,-0.2804090247234643,0.01830660593517447,0.0,0.0,0.0,0.0,nan,nan,nan,0,0,0.0,0.0,0.0,0.0,NAV2,,,True,True,
1.3288613120002992,nan,nan,nan,nan,nan,nan,nan,127.16217580743104,101.66643105322365,-0.2802667966548418,0.01799029961466011,0.0,0.0,0.0,0.0,nan,nan,nan,0,0,0.0,0.0,0.0,0.0,NAV2,,,True,True,
1.370106590999967,nan,nan,nan,nan,nan,nan,nan,127.16217580743104,101.66643105322365,-0.2802667966548418,0.01799029961466011,0.0,0.0,0.0,0.0,nan,nan,nan,0,0,0.0,0.0,0.0,0.0,NAV2,,,True,True,
1.410469938999995,nan,nan,nan,nan,nan,nan,nan,127.16082866021354,101.66191556708044,-0.28058262589624583,0.01765496570344438,0.0,0.0,0.0,0.0,nan,nan,nan,0,0,0.0,0.0,0.0,0.0,NAV2,,,True,True,
1.456130874000337,nan,nan,nan,nan,nan,nan,nan,127.16082866021354,101.66191556708044,-0.28058262589624583,0.01765496570344438,0.0,0.0,0.0,0.0,nan,nan,nan,0,0,0.0,0.0,0.0,0.0,NAV2,,,True,True,
1.5105094939999617,nan,nan,nan,nan,nan,nan,nan,127.16191693554678,101.65595769531625,-0.2802590615697502,0.01928772445606588,0.0,0.0,0.0,0.0,nan,nan,nan,0,0,0.0,0.0,0.0,0.0,NAV2,,,True,True,
1.5552457809999396,nan,nan,nan,nan,nan,nan,nan,127.16191693554678,101.65595769531625,-0.2802590615697502,0.01928772445606588,0.0,0.0,0.0,0.0,nan,nan,nan,0,0,0.0,0.0,0.0,0.0,NAV2,,,True,True,
1.6103603210003712,nan,nan,nan,nan,nan,nan,nan,127.16290069432208,101.65101050714885,-0.28042747514775,0.02055975393851566,0.0,0.0,0.0,0.0,nan,nan,nan,0,0,0.0,0.0,0.0,0.0,NAV2,,,True,True,
1.6506726890002028,nan,nan,nan,nan,nan,nan,nan,127.16290069432208,101.65101050714885,-0.28042747514775,0.02055975393851566,0.0,0.0,0.0,0.0,nan,nan,nan,0,0,0.0,0.0,0.0,0.0,NAV2,,,True,True,
1.6934854010005438,nan,nan,nan,nan,nan,nan,nan,127.1615588122754,101.64469886491338,-0.28022646775031124,0.02036906813746894,0.0,0.0,0.0,0.0,nan,nan,nan,0,0,0.0,0.0,0.0,0.0,NAV2,,,True,True,
1.7341286800001399,127.5896592289033,100.63539738416404,0.007296664785654716,0.0,0.0,0.007296664785654716,0.0,127.1615588122754,101.64469886491338,-0.28022646775031124,0.02036906813746894,0.0,0.0,0.0,0.0,0.023,-0.023,0.03252691193458119,0.0,0.0,0.0,0.0,0.0,0.0,NAV2,ACTIVE,True,True,True,False
1.775986911000473,127.58965922890329,100.63539738416402,0.007296664785654716,0.0,0.0,0.007296664785654716,0.0,127.1615588122754,101.64469886491338,-0.28022646775031124,0.02036906813746894,0.0,0.0,0.0,0.0,0.023,-0.023,0.03252691193458119,0.0,0.0,0.0,0.0,0.0,0.0,NAV2,ACTIVE,True,True,True,False
1.8254477360005694,127.58965922890329,100.63539738416402,0.007296664785654716,0.0,0.0,0.007296664785654716,0.0,127.1604068463387,101.63946469737652,-0.28050165928001736,0.02009578929769435,0.0,0.0,0.0,0.0,-0.067,0.055,0.08668333173107734,0.0,0.0,0.0,0.0,0.0,0.0,NAV2,ACTIVE,True,True,True,False
1.8708935860004203,127.58965922890329,100.63539738416401,0.007296664785654716,0.0,0.0,0.007296664785654716,0.0,127.1604068463387,101.63946469737652,-0.28050165928001736,0.02009578929769435,0.0,0.0,0.0,0.0,-0.067,0.055,0.08668333173107734,0.0,0.0,0.0,0.0,0.0,0.0,NAV2,ACTIVE,True,True,True,False
1.9139817149998635,127.58965922890329,100.63539738416401,0.007296664785654716,0.0,0.0,0.007296664785654716,0.0,127.1594263240115,101.63518144038744,-0.28114298828273304,0.019755712582627854,0.0,0.0,0.0,0.0,0.046,0.034,0.057201398584300366,0.0,0.0,0.0,0.0,0.0,0.0,NAV2,ACTIVE,True,True,True,False
1.9542774880001161,127.58965922890329,100.63539738416401,0.007296664785654716,0.0,0.0,0.007296664785654716,0.0,127.1594263240115,101.63518144038744,-0.28114298828273304,0.019755712582627854,0.0,0.0,0.0,0.0,0.046,0.034,0.057201398584300366,0.0,0.0,0.0,0.0,0.0,0.0,NAV2,ACTIVE,True,True,True,False
1.996326508000493,127.58965922890329,100.63539738416404,0.007296664785654716,0.0,0.0,0.007296664785654716,0.0,127.1585934987413,101.63173612910079,-0.2820587430937738,0.019356626289753973,0.0,0.0,0.0,0.0,0.002,0.031,0.031064449134018134,0.1,0.04418901751961338,0.1,0.0,0.0,0.0,NAV2,ACTIVE,True,True,True,False
2.039230162000422,127.58965922890327,100.63539738416402,0.006697177581861169,0.0,0.0,0.007296664785654716,0.0,127.1585934987413,101.63173612910079,-0.2820587430937738,0.019356626289753973,0.0,0.0,0.0,0.0,0.002,0.031,0.031064449134018134,0.10327021777629852,0.04563409462571144,0.10327021777629852,0.0,0.0,-0.10299388047106102,NAV2,ACTIVE,True,True,True,False
2.0853265420000753,127.58965922890329,100.63539738416401,0.0061499463014889075,0.0,0.0,0.0061499463014889075,0.0,127.1585934987413,101.63173612910079,-0.2820587430937738,0.019356626289753973,0.0,0.0,0.0,0.0,0.002,0.031,0.031064449134018134,0.10327021777629852,0.04563409462571144,0.10327021777629852,0.0,0.0,-0.11440675134724873,NAV2,ACTIVE,True,True,True,False
2.129731842000183,127.58965922890329,100.63539738416402,0.005784833360162446,0.0,0.0,0.005784833360162445,0.0,127.15783054552733,101.63014998803423,-0.28424805171544243,0.018743506299818684,0.0,0.0,0.0,0.0,0.026,0.006,0.026683328128252665,0.1532702177762985,0.0,0.10327021777629852,0.0,0.0,-0.11468507318530015,NAV2,ACTIVE,True,True,True,False
2.173984427000505,127.58965922890329,100.63539738416401,0.0062991387209860895,0.0,0.0,0.006299138720986086,0.0,127.15783054552733,101.63014998803423,-0.28424805171544243,0.018743506299818684,0.0,0.0,0.0,0.0,0.026,0.006,0.026683328128252665,0.15382947027683258,0.0,0.15382947027683258,0.0,0.0,-0.11719034206466947,NAV2,ACTIVE,True,True,True,False
2.2145413560001543,127.59073100934793,100.63540459306142,0.007432575838059119,0.0010717804446441139,7.208897390836452e-06,0.007432575838059119,0.005774915485650364,127.15949051351693,101.62696571455893,-0.28476044434145287,0.019979595413511107,0.002295735783200547,0.0,0.0,0.0580392143296237,0.07,-0.001,0.07000714249274856,0.15382947027683258,0.0,0.15382947027683258,0.0580392143296237,256.0,0.0,NAV2,ACTIVE,True,True,True,False
2.25530727900059,127.59254769639985,100.63541716040086,0.007566188769789761,0.002888467496557013,1.977623685698976e-05,0.007566188769789761,0.014147107465472156,127.15949051351693,101.62696571455893,-0.28476044434145287,0.019979595413511107,0.00346139228771835,0.0,0.0,0.0580392143296237,0.07,-0.001,0.07000714249274856,0.19406969845294952,0.05380004271864891,0.19406969845294952,0.0580392143296237,256.0,0.0,NAV2,ACTIVE,True,True,True,False
2.2963346530004856,127.59362121019113,100.6354248506494,0.007354577671863541,0.00396198128784211,2.7466485369880942e-05,0.007354577671863539,0.01737994073534128,127.16094736679295,101.62321461375146,-0.28523176697208763,0.021166100012342853,0.006439522813528474,2.864702292742589e-07,0.00023331159411863958,0.04488970483306833,-0.06,0.078,0.09840731680114034,0.19406969845294952,0.05380004271864891,0.19406969845294952,0.04488970483306833,198.0,-0.11134474570754992,NAV2,ACTIVE,True,True,True,False
2.3393946599999254,127.59613487459166,100.63544157890279,0.00587657596544489,0.0052391106721423174,3.620847341493651e-05,0.006236190860136493,0.020978525990373257,127.16094736679295,101.62321461375146,-0.28523176697208763,0.021166100012342853,0.0081204099937058,1.05324324199478e-06,0.0005315962793758722,0.041715685299417035,-0.06,0.078,0.09840731680114034,0.19406969845294952,0.05380004271864891,0.19406969845294952,0.041715685299417035,184.0,-0.13055174505989708,NAV2,ACTIVE,True,True,True,False
2.3856570830002966,127.59709699127949,100.63544773967655,0.006459758213888555,0.007437762376205475,5.0355512528609825e-05,0.006459758213888555,0.024991936020635923,127.16094736679295,101.62321461375146,-0.28523176697208763,0.021166100012342853,0.009556209246368625,2.0930815427813554e-06,0.0007885116550565517,0.03582107759406463,-0.06,0.078,0.09840731680114034,0.21740245819091797,0.0776103213429451,0.21740245819091797,0.03582107759406463,158.0,-0.13027342322184576,NAV2,ACTIVE,True,True,True,False
2.430653972000073,127.59828580556507,100.635455601894,0.00683789997876083,0.008626576661779007,5.8217729962384777e-05,0.00683789997876083,0.02695631704213554,127.16223482973018,101.62020457866635,-0.28643658386057863,0.02202065577964536,0.011270182926484861,3.846392375467279e-06,0.0011038188301458539,0.04330269506624268,0.029,0.011,0.031016124838541645,0.21740245819091797,0.0776103213429451,0.21740245819091797,0.04330269506624268,240.0,-0.13751081493767572,NAV2,ACTIVE,True,True,True,False
2.472172309000598,127.5997929842655,100.63546541026025,0.0063402088008239765,0.0101337553622208,6.802609622606463e-05,0.0063402088008239765,0.030019784615880674,127.16223482973018,101.62020457866635,-0.28643658386057863,0.02202065577964536,0.013500025983145978,7.087722406470194e-06,0.0015772201927481033,0.05441176343402222,0.029,0.011,0.031016124838541645,0.2579229474067688,0.08609537780284882,0.21740245819091797,0.05441176343402222,248.0,-0.16256334083397234,NAV2,ACTIVE,True,True,True,False
2.514086815000155,127.6029794780046,100.6354847032353,0.005443230576927861,0.013320249101317632,8.731907128274461e-05,0.00544323057692786,0.03552815517068746,127.16336975924072,101.61790699178471,-0.28831547264013224,0.022568806812445677,0.01570520743293797,1.1470883395263641e-05,0.002130448035929233,0.05622548888182296,-0.051,0.068,0.085,0.2579229474067688,0.08609537780284882,0.2267156809750926,0.05622548888182296,274.0,-0.19123463240135408,NAV2,ACTIVE,True,True,True,False
2.55431762399985,127.60509412103923,100.63549740703067,0.006015786014459843,0.01543489213593668,0.00010002286666373414,0.006015786014459844,0.039763780868524855,127.16336975924072,101.61790699178471,-0.28831547264013224,0.022568806812445677,0.018243780815756627,1.815051995788291e-05,0.002798052782628171,0.06529411612082667,-0.051,0.068,0.085,0.2579229474067688,0.08609537780284882,0.2267156809750926,0.06529411612082667,288.0,-0.1940182696608882,NAV2,ACTIVE,True,True,True,False
2.5949947650005925,127.60689431923203,100.6355086282197,0.006531228585102687,0.017235090328743555,0.00011124405567958243,0.0065312285851026886,0.04217214918669006,127.16436586863978,101.61620499428098,-0.2882908085513285,0.022853396301866495,0.0222828574177364,3.231874199995124e-05,0.0038637078754803498,0.06824141997350287,-0.051,0.068,0.085,0.2579229474067688,0.08609537780284882,0.2267156809750926,0.06824141997350287,301.0,-0.1945750064212177,NAV2,ACTIVE,True,True,True,False
2.6353100659998745,127.6092538493234,100.63552380847725,0.006640147552284592,0.019594620420124734,0.00012642431322014606,0.006640147552284592,0.04641656824584721,127.16436586863978,101.61620499428098,-0.2882908085513285,0.022853396301866495,0.024987245849744672,4.424023719630705e-05,0.0045907165622207985,0.06960171405935342,0.096,0.058,0.11216059914247963,0.2674163579940796,0.0685276910662651,0.2267156809750926,0.06960171405935342,307.0,-0.19958547436678634,NAV2,ACTIVE,True,True,True,False
2.677239675000237,127.60935795200474,100.6453613992455,0.00726590582726328,0.02411685115787264,0.00015704066242498612,0.007265905827263275,0.05270213980131514,127.16436586863978,101.61620499428098,-0.2882908085513285,0.022853396301866495,0.027979709740095695,5.977399630829808e-05,0.005380703534053693,0.07458945904080545,0.096,0.058,0.11216059914247963,0.2674163579940796,0.0685276910662651,0.2267156809750926,0.07458945904080545,329.0,-0.2020907432461557,NAV2,ACTIVE,True,True,True,False
2.725439159000416,127.6120179603366,100.64538080152545,0.008071577180533309,0.026776859489728747,0.000176442942370816,0.008071577180533309,0.05672373952085023,127.1674625591939,101.61723830659882,-0.2889933026071851,0.02405436554282702,0.031031697084108058,7.793011877536608e-05,0.006137895755362554,0.07685661585055639,0.002,0.095,0.09502105029939419,0.2912234961986542,0.0,0.2267156809750926,0.07685661585055639,339.0,-0.18232707694664907,NAV2,ACTIVE,True,True,True,False
2.7681442419998348,127.61315041047575,100.64888795553074,0.008804975853775153,0.029491138778151595,0.00019780296014301852,0.008804975853775153,0.06051038380282861,127.1674625591939,101.61723830659882,-0.2889933026071851,0.02405436554282702,0.03422226343757075,9.940636886083919e-05,0.006928319759903242,0.08184436083200843,0.002,0.095,0.09502105029939419,0.2912234961986542,0.0,0.2267156809750926,0.08184436083200843,361.0,-0.18232707694664907,NAV2,ACTIVE,True,True,True,False
2.8102087580000443,127.61611643255371,100.65517036421724,0.009862123438733047,0.03528565260306431,0.0002472126341623731,0.00986212343873305,0.06808785923794763,127.17017409768529,101.6184058020124,-0.28871771829691184,0.024861265824440062,0.03772268594712068,0.00012486580585373408,0.007369965876204071,0.09113970375198722,-0.066,0.093,0.11403946685248928,0.2912234961986542,0.0,0.2267156809750926,0.09113970375198722,402.0,-0.07961149504258272,NAV2,ACTIVE,True,True,True,False
2.852082944000358,127.61827865100689,100.65868650434754,0.011390774516960805,0.03904365116143697,0.00028300138791044233,0.011390774516960802,0.07435335365740496,127.17017409768529,101.6184058020124,-0.28871771829691184,0.024861265824440062,0.04168036791877171,0.00015492814781114088,0.007661280126231322,0.09862132122416527,-0.066,0.093,0.11403946685248928,0.2912234961986542,0.0,0.2267156809750926,0.09862132122416527,441.0,-0.0470431857792347,NAV2,ACTIVE,True,True,True,False
2.895129850000558,127.61860666643265,100.66487077499464,0.010804861738508361,0.04219259538205795,0.00031490593998281243,0.010804861738508365,0.07775217572962749,127.17253744823475,101.62186529709913,-0.2885465963036258,0.024891292027205362,0.045812553824582755,0.00018744021324417428,0.007937278681211942,0.10655637005829352,-0.066,0.093,0.11403946685248928,0.3092690110206604,0.0,0.2267156809750926,0.10655637005829352,509.0,-0.04787824437761553,NAV2,ACTIVE,True,True,True,False
2.93529762199978,127.62301093614565,100.66491445210545,0.011030587410338464,0.04659686509505084,0.0003585830508227796,0.011030587410338464,0.08514306779526189,127.17253744823475,101.62186529709913,-0.2885465963036258,0.024891292027205362,0.053210886425548096,0.00024862061319102537,0.008434505669989305,0.1312683792845786,0.073,0.103,0.12624579200908043,0.3092690110206604,0.0,0.2267156809750926,0.1312683792845786,579.0,-0.04787824437761553,NAV2,ACTIVE,True,True,True,False
2.9760516280002776,127.6281916291419,100.67458667305004,0.01233997407415055,0.05622588616627654,0.00046063926976280405,0.01233997407415055,0.10043179025762632,127.17253744823475,101.62186529709913,-0.2885465963036258,0.024891292027205362,0.05580582625110957,0.0002709564911510249,0.008607261776588247,0.12945465383677787,0.073,0.103,0.12624579200908043,0.31290680170059204,0.0,0.2267156809750926,0.12945465383677787,571.0,-0.04732150761728601,NAV2,ACTIVE,True,True,True,False
3.0253425780001635,127.63332921451229,100.67464526714252,0.012688719458894944,0.061363471536686455,0.0005192333622403499,0.012688719458894937,0.10819736944007924,127.17458547416794,101.62731319112174,-0.28844260446614634,0.024254773311439434,0.06388980237913179,0.00034335351422657676,0.009124455607453567,0.1410171535665076,0.122,0.118,0.169729196074217,0.31290680170059204,0.0,0.2267156809750926,0.1410171535665076,622.0,-0.04425954851970061,NAV2,ACTIVE,True,True,True,False
3.065752696000345,127.63764362778849,100.67816961697599,0.013065150508882357,0.06731666478527693,0.000588873343197184,0.01306515050888235,0.11839713533910914,127.17458547416794,101.62731319112174,-0.28844260446614634,0.024254773311439434,0.07013698669833363,0.0004020789810764853,0.009489457830634524,0.15824754532061464,0.122,0.118,0.169729196074217,0.31290680170059204,0.0,0.2267156809750926,0.15824754532061464,698.0,-0.040640806119672246,NAV2,ACTIVE,True,True,True,False
3.106085407000137,127.64649612350239,100.68439379991413,0.014787974576633283,0.0790497635320162,0.0007404609076916575,0.01478797457663328,0.1352673369287568,127.17856637837883,101.63449843066041,-0.28854714125770903,0.024635640706562156,0.07651043313519292,0.00046420572292858443,0.009831273828528907,0.15824754532061464,0.031,0.262,0.2638275952208184,0.31290680170059204,0.0,0.2267156809750926,0.15824754532061464,698.0,-0.037300478641922,NAV2,ACTIVE,True,True,True,False
3.1474392820000503,127.65121228111582,100.6878650089799,0.01538720829148632,0.0854013953588528,0.0008291772993576804,0.01538720829148632,0.1445258190860872,127.17856637837883,101.63449843066041,-0.28854714125770903,0.024635640706562156,0.0831661841565114,0.0005313487574564968,0.010172546220679732,0.1718504861791202,0.031,0.262,0.2638275952208184,0.3505547344684601,0.0,0.2267156809750926,0.1718504861791202,758.0,-0.03618705166337639,NAV2,ACTIVE,True,True,True,False
3.1910937889997513,127.65434848349477,100.69407388308397,0.015543344705104548,0.09149640002880931,0.000918647629702933,0.015543344705104545,0.15151585848823793,127.17856637837883,101.63449843066041,-0.28854714125770903,0.024635640706562156,0.09036853563838884,0.0006065803232517494,0.010534918811893118,0.17774509388447257,0.031,0.262,0.2638275952208184,0.3505547344684601,0.0,0.2267156809750926,0.17774509388447257,804.0,-0.03535194652288219,NAV2,ACTIVE,True,True,True,False
3.2340537420004694,127.66104027193643,100.6941740105025,0.015998948388211698,0.09818818847045624,0.0010187750482256884,0.015998948388211698,0.16059778110495407,127.18422803311663,101.64314743079899,-0.28927878973158405,0.02586319040906618,0.0979087583829597,0.0006880586735551317,0.010893524037133768,0.19701592676735546,0.019,0.161,0.1621172415260018,0.3609584867954254,-0.03473305329680443,0.2267156809750926,0.19701592676735546,869.0,-0.03312504602367755,NAV2,ACTIVE,True,True,True,False
3.274294937999912,127.67023026186617,100.70388486502503,0.017015754288618457,0.11205508287118408,0.001238592836816732,0.017015754288618457,0.17709066074455934,127.18422803311663,101.64314743079899,-0.28927878973158405,0.02586319040906618,0.10566835816780822,0.0007746649899985165,0.011249227557362669,0.19089460338102796,0.019,0.161,0.1621172415260018,0.3609584867954254,-0.03473305329680443,0.2267156809750926,0.19089460338102796,869.0,-0.03229003396741005,NAV2,ACTIVE,True,True,True,False
3.314754424000057,127.67723484066062,100.70400368781921,0.017951420727643448,0.11905966166563357,0.0013574156309875812,0.01795142072764344,0.1850299715394018,127.18912647779374,101.65525767457386,-0.28935986423916393,0.025725052644121133,0.11766369111425837,0.0009092047586102204,0.011148114838133103,0.20132352470588222,0.025,0.199,0.20056420418409662,0.3609584867954254,-0.03473305329680443,0.2267156809750926,0.20132352470588222,888.0,0.0,NAV2,ACTIVE,True,True,True,False
3.3656296529998144,127.68257778448753,100.70757924185118,0.018212604994246373,0.12613837590388394,0.0014820641655083277,0.018212604994246373,0.19206202227307168,127.18912647779374,101.65525767457386,-0.28935986423916393,0.025725052644121133,0.1265575606300398,0.0010067003642544778,0.010900525983241895,0.2385048963857974,0.025,0.199,0.20056420418409662,0.38041380047798157,-0.030002132058143616,0.2267156809750926,0.2385048963857974,1052.0,0.019485321190398523,NAV2,ACTIVE,True,True,True,False
3.40609330999996,127.6872005887665,100.71377725101921,0.017928533598410734,0.14182937828423506,0.0017598817459442552,0.018212758468887813,0.21057626345109015,127.19332352596221,101.6681495236113,-0.28962225894254034,0.024871175304430424,0.13572704309931105,0.001104863627656138,0.010638063912073038,0.22376837712241637,-0.025,0.189,0.19064626930522402,0.38041380047798157,-0.030002132058143616,0.2267156809750926,0.22376837712241637,987.0,0.02059879471105756,NAV2,ACTIVE,True,True,True,False
3.4475825810004608,127.70195802075004,100.71754220823419,0.01881466750386718,0.15035137351856515,0.0019148816378400427,0.018814667503867177,0.22181703146435944,127.19332352596221,101.6681495236113,-0.28962225894254034,0.024871175304430424,0.14555229704578632,0.0012072990130848362,0.010354764096963323,0.25890930767355574,-0.025,0.189,0.19064626930522402,0.38041380047798157,-0.030002132058143616,0.2267156809750926,0.25890930767355574,1142.0,0.020320426330892802,NAV2,ACTIVE,True,True,True,False
3.491160210000089,127.70699813136743,100.72377246700897,0.01910097367199049,0.1585169902496092,0.0020678664399667356,0.019100973671990484,0.2289899143531697,127.19332352596221,101.6681495236113,-0.28962225894254034,0.024871175304430424,0.1554057024652464,0.0013071677751257435,0.010059389649633413,0.2267156809750926,-0.025,0.189,0.19064626930522402,0.3902626037597656,0.0,0.2267156809750926,0.2267156809750926,1032.0,0.021712221689603167,NAV2,ACTIVE,True,True,True,False
3.5341094310006156,127.71466154819532,100.72391828530012,0.019055829267664137,0.16618040707749415,0.0022136847310989857,0.019055829267664137,0.2322744168752963,127.19688777498143,101.68168765709697,-0.28863364955829107,0.02341634491843091,0.16545594698798782,0.0014067757153414333,0.009910672198843281,0.2788602875993639,0.076,0.201,0.2148883430993873,0.3902626037597656,0.0,0.2267156809750926,0.2788602875993639,1167.0,0.0,NAV2,ACTIVE,True,True,True,False
3.575268810000125,127.72682465948364,100.73382395925995,0.018995677134844954,0.18341244760158862,0.002539779221513592,0.01899567713484496,0.24637625520267295,127.19688777498143,101.68168765709697,-0.28863364955829107,0.02341634491843091,0.17561040540618644,0.0015074165191302287,0.009910672198843281,0.24326592568627434,0.076,0.201,0.2148883430993873,0.3902626037597656,0.0,0.2267156809750926,0.24326592568627434,1151.0,0.0,NAV2,ACTIVE,True,True,True,False
3.6253430309998294,127.73591351675572,100.73399710987076,0.01915783385389958,0.19250130487367373,0.00271292983231371,0.01915783385389957,0.25487006724577455,127.1998691084591,101.69796590479831,-0.28782359251838674,0.02099797562711004,0.1922299444653375,0.0016721327157630925,0.009910672198843281,0.2877021991573925,-0.048,0.274,0.2781726082848561,0.3996511995792389,-0.02345711924135685,0.2267156809750926,0.2877021991573925,1269.0,0.0,NAV2,ACTIVE,True,True,True,False
3.665918409999904,127.74344767140335,100.73766925052685,0.019213550972152937,0.20193200360704505,0.0028936459294029724,0.019213550972152937,0.2637244957257983,127.1998691084591,101.69796590479831,-0.28782359251838674,0.02099797562711004,0.2036094750702243,0.0017849152059412508,0.009910672198843281,0.2877021991573925,-0.048,0.274,0.2781726082848561,0.3996511995792389,-0.02345711924135685,0.2267156809750926,0.2877021991573925,1269.0,0.0,NAV2,ACTIVE,True,True,True,False
3.7101890750000166,127.7589593540334,100.74418777271246,0.019878698451692326,0.22078464367927156,0.003261664706246084,0.01987869845169232,0.27680422409258737,127.20232850094963,101.71438542108622,-0.2856588907474676,0.018264583856094616,0.21512975227536507,0.0018990926352088946,0.009910672198843281,0.29246322845786943,-0.02,0.406,0.4064923123504306,0.3996511995792389,-0.02345711924135685,0.2267156809750926,0.29246322845786943,1290.0,0.0,NAV2,ACTIVE,True,True,True,False
3.7510709859998315,127.76659027760451,100.74788366507683,0.020273863663462968,0.23037746971176112,0.0034537803298179404,0.020273863663462954,0.2821410711838989,127.20232850094963,101.71438542108622,-0.2856588907474676,0.018264583856094616,0.22664772743412184,0.0020132472489024426,0.009910672198843281,0.2811274444091148,-0.02,0.406,0.4064923123504306,0.4070803225040436,-0.025691598653793335,0.2267156809750926,0.2811274444091148,1194.0,0.0,NAV2,ACTIVE,True,True,True,False
3.7936598850001246,127.77232147102214,100.75426872423395,0.02006343794117571,0.2395806089158696,0.003638264722754433,0.02006343794117571,0.28418431666583494,127.20232850094963,101.71438542108622,-0.2856588907474676,0.018264583856094616,0.23757581958899607,0.0021215555340960194,0.009910672198843281,0.27069852308426057,-0.02,0.406,0.4064923123504306,0.4070803225040436,-0.025691598653793335,0.2267156809750926,0.27069852308426057,1230.0,0.0,NAV2,ACTIVE,True,True,True,False
3.834288015000311,127.78139105444127,100.75445309846238,0.0204188448121112,0.24865019233499955,0.003822638951179946,0.0204188448121112,0.2854022998303791,127.20202364088865,101.73527179475713,-0.28029552947220143,0.012743778995275623,0.24856405324707875,0.002230459881528929,0.009910672198843281,0.27681984647058805,0.082,0.293,0.30425811410708503,0.4070803225040436,-0.025691598653793335,0.2267156809750926,0.27681984647058805,1176.0,0.0,NAV2,ACTIVE,True,True,True,False
3.8751923190002344,127.79396083723184,100.76464462642859,0.021428086168119972,0.2668867208080545,0.004203214347926382,0.021428086168119972,0.28709072434911836,127.20202364088865,101.73527179475713,-0.28029552947220143,0.012743778995275623,0.26460203514834574,0.002389412267093968,0.009910672198843281,0.26094974880233157,0.082,0.293,0.30425811410708503,0.40748825669288635,-0.034598879516124725,0.2267156809750926,0.2727389642130364,1151.0,0.0,NAV2,ACTIVE,True,True,True,False
3.925436462000107,127.80216154617513,100.76482118387248,0.02167096887983089,0.2750874297513491,0.00437977179178401,0.02167096887983089,0.28241306145727574,127.20381122746083,101.75998459567376,-0.27578961325445034,0.008239601652293635,0.27485448665998974,0.002491024280107711,0.009910672198843281,0.26094974880233157,0.054,0.249,0.25478814729103866,0.40748825669288635,-0.034598879516124725,0.2267156809750926,0.26094974880233157,1151.0,0.0,NAV2,ACTIVE,True,True,True,False
3.965899183000147,127.80844135232036,100.76860650729695,0.021692604201979385,0.28349033038999755,0.004561998171074074,0.021692604201979385,0.2792966616859305,127.20381122746083,101.75998459567376,-0.27578961325445034,0.008239601652293635,0.28502763132175335,0.0025918502831946593,0.009910672198843281,0.25006739611552714,0.054,0.249,0.25478814729103866,0.4044957458972931,-0.04387810826301575,0.2267156809750926,0.25006739611552714,1103.0,0.0,NAV2,ACTIVE,True,True,True,False
4.010115222999957,127.82244541707097,100.77533994472161,0.02154149497225078,0.3012363447951077,0.004944984504093886,0.021541494972250774,0.28030230912896403,127.20516307241722,101.78797487355725,-0.27179178688156336,0.003037671789225357,0.29592691530555554,0.0026998730507000472,0.009910672198843281,0.2833946012188657,-0.055,0.229,0.23551220775153037,0.4044957458972931,-0.04387810826301575,0.2267156809750926,0.2833946012188657,1250.0,0.0,NAV2,ACTIVE,True,True,True,False
4.051538359000006,127.82869057024789,100.77917344283179,0.02162594391775175,0.3096620634313207,0.005126469426787023,0.021625943917751744,0.27736813693619294,127.20516307241722,101.78797487355725,-0.27179178688156336,0.003037671789225357,0.3062607545726369,0.002799570459476033,0.009543708939718641,0.24666666090090072,-0.055,0.229,0.23551220775153037,0.4044957458972931,-0.04387810826301575,0.2267156809750926,0.24666666090090072,1151.0,0.028392923187217017,NAV2,ACTIVE,True,True,True,False
4.093763042000319,127.83376297995724,100.78584443927612,0.021743239627427084,0.3186019177708338,0.0053202657802479715,0.02174323962742708,0.27815258148685323,127.20613718689347,101.816582409266,-0.26749330635111473,-0.002209670772567928,0.31728237522108566,0.0029004019135436543,0.009012083236248124,0.2833946012188657,-0.055,0.229,0.23551220775153037,0.4044957458972931,-0.04387810826301575,0.2267156809750926,0.2833946012188657,1221.0,0.03507362468483079,NAV2,ACTIVE,True,True,True,False
4.134039579999808,127.8430868817516,100.78604504337152,0.021375803262490226,0.32792581956518585,0.00552086987563938,0.021375803262490223,0.28123103895217755,127.20613718689347,101.816582409266,-0.26749330635111473,-0.002209670772567928,0.3280922332732195,0.002993437256868628,0.008470359907292155,0.2727389642130364,0.106,0.281,0.3003281538584087,0.4022742211818695,-0.05229968577623367,0.2267156809750926,0.2727389642130364,1240.0,0.03563031490304688,NAV2,ACTIVE,True,True,True,False
4.174753406000491,127.85572171280221,100.79646911975921,0.021285187253195847,0.34681149775783127,0.005923025268444108,0.02128518725319584,0.28609301447665014,127.20613718689347,101.816582409266,-0.26749330635111473,-0.002209670772567928,0.34515226267801247,0.0031279428357734703,0.0075766164840413396,0.2833946012188657,0.106,0.281,0.3003281538584087,0.4022742211818695,-0.05229968577623367,0.2267156809750926,0.28543504234764155,1250.0,0.03590863674109828,NAV2,ACTIVE,True,True,True,False
4.2253729459998794,127.86506327636084,100.79666982587372,0.02164187302152066,0.3561530613164565,0.006123731382960829,0.021641873021520652,0.28868784854740914,127.2091241898028,101.84561037718285,-0.2663688482154001,-0.005817869645369556,0.3567498884388559,0.0032093967518702802,0.0068290711789870725,0.29473038526762035,0.098,0.329,0.3432855953866984,0.4016638696193695,-0.059579040855169296,0.2267156809750926,0.29473038526762035,1300.0,0.04759987599745078,NAV2,ACTIVE,True,True,True,False
4.271677898999769,127.87250695942771,100.80056930071561,0.021736263963062726,0.3659306989622442,0.006335544570304534,0.02173626396306272,0.29225373681375943,127.2091241898028,101.84561037718285,-0.2663688482154001,-0.005817869645369556,0.3687191557735438,0.0032837343521907487,0.006004538711004215,0.30470587523052445,0.098,0.329,0.3432855953866984,0.4016638696193695,-0.059579040855169296,0.2267156809750926,0.30470587523052445,1333.0,0.04899167135616114,NAV2,ACTIVE,True,True,True,False
4.314107017999959,127.8882668354113,100.80750455234083,0.020691838726706543,0.38581341025352633,0.006756692703686866,0.020691838726706543,0.29913278142680355,127.21391623958058,101.87500089876143,-0.26813774219784703,-0.008073217781348802,0.3806161033071006,0.003347078019253258,0.005085287961038036,0.29246322845786943,-0.058,0.35,0.3547731669672891,0.4016638696193695,-0.059579040855169296,0.2267156809750926,0.29246322845786943,1290.0,0.05734258313476347,NAV2,ACTIVE,True,True,True,False
4.35466557700056,127.89569440890735,100.81154615664784,0.02001705696123945,0.39561750743805213,0.006956089461285897,0.020017056961239458,0.3009257124626311,127.21391623958058,101.87500089876143,-0.26813774219784703,-0.008073217781348802,0.3924091360670247,0.003398206389964173,0.004084803615881836,0.2972242577583464,-0.058,0.35,0.3547731669672891,0.4016638696193695,-0.059579040855169296,0.2267156809750926,0.2972242577583464,1322.0,0.060682910612513644,NAV2,ACTIVE,True,True,True,False
4.395800905000215,127.90151524225709,100.81858228153321,0.019420183314417184,0.4056670727014182,0.007155478082760104,0.01942018331441719,0.30363443454131267,127.21782816348454,101.90623640177299,-0.26973677671415075,-0.011177380628458895,0.4044519109844139,0.0034381087611189626,0.003056244843711979,0.2997181302490724,0.024,0.276,0.2770415131347647,0.4037703573703766,-0.06393248587846756,0.2267156809750926,0.2997181302490724,1322.0,0.06096132553479183,NAV2,ACTIVE,True,True,True,False
4.439321478999773,127.91148491132805,100.8187741576137,0.018922087155773155,0.4243955617825577,0.007512279249947438,0.019137142327064538,0.3002623601971512,127.21782816348454,101.90623640177299,-0.26973677671415075,-0.011177380628458895,0.42137298746436946,0.0034728615347069613,0.0015337898888490922,0.27069852308426057,0.024,0.276,0.2770415131347647,0.4037703573703766,-0.06393248587846756,0.2267156809750926,0.27069852308426057,1194.0,0.06736361211012748,NAV2,ACTIVE,True,True,True,False
4.4862540610001815,127.92296205453243,100.82968485833972,0.01886648914678002,0.4339503257965002,0.007692139720244419,0.01886648914678002,0.3002904406670821,127.21782816348454,101.90623640177299,-0.26973677671415075,-0.011177380628458895,0.4325386118290903,0.0034810008159547098,0.0004606845976659216,0.27069852308426057,0.024,0.276,0.2770415131347647,0.4049317538738251,-0.06622567772865295,0.2267156809750926,0.27069852308426057,1194.0,0.06875540746883786,NAV2,ACTIVE,True,True,True,False
4.530389870000363,127.93145649471224,100.8298397216537,0.018311064933613345,0.4424447659763235,0.007847003034235127,0.018311064933613345,0.2946401920842777,127.22112361851423,101.9397985941422,-0.2691802411381099,-0.01494312945995992,0.44295078133759014,0.003477962317923635,-0.0005439795123528596,0.2627634742501323,0.018,0.224,0.22472205054244232,0.4049317538738251,-0.06622567772865295,0.2267156809750926,0.2627634742501323,1151.0,0.06931209768705393,NAV2,ACTIVE,True,True,True,False
4.57336044800013,127.93727786377362,100.83400991372392,0.01767105195747032,0.4507954045106334,0.007994658571898917,0.017671051957470315,0.28870239528072755,127.22112361851423,101.9397985941422,-0.2691802411381099,-0.01494312945995992,0.45302925525245946,0.003465056510399695,-0.001525955771458972,0.24326592568627434,0.018,0.224,0.22472205054244232,0.4049317538738251,-0.06622567772865295,0.2267156809750926,0.24326592568627434,1052.0,0.06986883444738345,NAV2,ACTIVE,True,True,True,False
4.613922071000161,127.94862385913358,100.84135460305397,0.01671935724290785,0.4665929775315355,0.008259582791740614,0.016719357242907854,0.27459364600192504,127.22385063669996,101.97314926022996,-0.2688332998867109,-0.018780082831569372,0.4626410987013295,0.003443587203029275,-0.002468051094735378,0.24009190615262305,0.055,0.188,0.19588006534611938,0.4049317538738251,-0.06622567772865295,0.2267156809750926,0.24009190615262305,1045.0,0.07014715628543479,NAV2,ACTIVE,True,True,True,False
4.654390481000519,127.95320764657471,100.84557824381044,0.01623357547367777,0.4737694307425303,0.008373256488803733,0.016233575473677764,0.2648381830903969,127.22385063669996,101.97314926022996,-0.2688332998867109,-0.018780082831569372,0.47181759047697097,0.003414716224058072,-0.0033726866630713276,0.22376837712241637,0.055,0.188,0.19588006534611938,0.40410158038139343,-0.06712032109498978,0.2267156809750926,0.22376837712241637,963.0,0.07070389304576431,NAV2,ACTIVE,True,True,True,False
4.69509205400027,127.95643122009393,100.85291127404233,0.015786616484268375,0.48154174099421954,0.008495500683544956,0.015786616484268375,0.2602351724365571,127.22603429014886,102.00607290273571,-0.2674091743572636,-0.0226128638140331,0.48496005834695777,0.003358823366649865,-0.004697484665376134,0.21197916171171158,0.055,0.188,0.19588006534611938,0.40410158038139343,-0.06712032109498978,0.2267156809750926,0.22376837712241637,935.0,0.07237405678463943,NAV2,ACTIVE,True,True,True,False
4.73899410300055,127.96326130801357,100.8530136256399,0.01538169908739562,0.4950162375208426,0.008694956052547503,0.014959559417902836,0.2418385683059963,127.22603429014886,102.00607290273571,-0.2674091743572636,-0.0226128638140331,0.49319363005183425,0.0033149493968361635,-0.005538983601900471,0.20608455400635917,-0.036,0.282,0.2842885857715712,0.4021448791027069,-0.067266546189785,0.2267156809750926,0.20608455400635917,909.0,0.07320920846724707,NAV2,ACTIVE,True,True,True,False
4.787157327000386,127.97020683961733,100.8647558459686,0.014442812725869114,0.5025907773604844,0.008805195555394265,0.014442812725869114,0.23886330948605886,127.22603429014886,102.00607290273571,-0.2674091743572636,-0.0226128638140331,0.5015889269919781,0.003263044728952432,-0.006397015623235427,0.20608455400635917,-0.036,0.282,0.2842885857715712,0.4021448791027069,-0.067266546189785,0.2267156809750926,0.20608455400635917,909.0,0.07320920846724707,NAV2,ACTIVE,True,True,True,False
4.830556843000522,127.9764985778663,100.86484199926883,0.013924202380314554,0.5088825156094536,0.00889134885562025,0.013924202380314554,0.23095128033555617,127.22773097287906,102.03850215160453,-0.2654362994796351,-0.026367972745161693,0.5090828958502905,0.0032107971680422507,-0.007162932378063611,0.18318627022787481,0.034,0.17,0.1733666634621547,0.4021448791027069,-0.067266546189785,0.2267156809750926,0.18318627022787481,816.0,0.07320920846724707,NAV2,ACTIVE,True,True,True,False
4.874520811000366,127.97991951522063,100.86917692135182,0.01358686948418742,0.5218096390769841,0.009063669679790968,0.013372598107332044,0.21894122528504453,127.22773097287906,102.03850215160453,-0.2654362994796351,-0.026367972745161693,0.5166362694639421,0.0031522961802459845,-0.007939255091057631,0.19180146610492832,0.034,0.17,0.1733666634621547,0.40065014362335205,-0.06638063490390778,0.2267156809750926,0.19180146610492832,846.0,0.07376594522757658,NAV2,ACTIVE,True,True,True,False
4.914834793999944,127.98817393761948,100.87683134138773,0.012795221613482788,0.5279518228909051,0.009141728644690901,0.012795221613482788,0.21263535517628973,127.22902922956304,102.06826568281191,-0.26301743162555447,-0.029576155252066524,0.5276789361997474,0.0030560899226379497,-0.009104793023115358,0.17774509388447257,-0.008,0.149,0.14921461054467822,0.40065014362335205,-0.06638063490390778,0.2267156809750926,0.17774509388447257,784.0,0.0771062261632134,NAV2,ACTIVE,True,True,True,False
4.9658205189998625,127.99146270715407,100.88119881001018,0.012174210144829006,0.5339446820790837,0.009214754851974117,0.012174210144829003,0.2063745171686582,127.22902922956304,102.06826568281191,-0.26301743162555447,-0.029576155252066524,0.5352082629283054,0.0029829137517751393,-0.009922977036861678,0.19180146610492832,-0.008,0.149,0.14921461054467822,0.4001513421535492,-0.06433577090501785,0.2267156809750926,0.19180146610492832,846.0,0.0779413313037076,NAV2,ACTIVE,True,True,True,False
5.010177203000239,127.99911886065671,100.88896503199501,0.011377614808996132,0.5463998676390106,0.009359496242918052,0.011377614808996128,0.19961721851531322,127.23243274481878,102.09777951825913,-0.2647562360492812,-0.031459492804996284,0.5423833743062105,0.0029075108552808868,-0.010702676008112479,0.17253063322204545,0.112,0.143,0.18163975335812366,0.4001513421535492,-0.06433577090501785,0.2267156809750926,0.17253063322204545,761.0,0.0779413313037076,NAV2,ACTIVE,True,True,True,False
5.052539338000315,128.00231752647346,100.89340502482054,0.011026633104262554,0.5523420356877639,0.009424896711344742,0.011026633104262551,0.19562264892926876,127.23243274481878,102.09777951825913,-0.2647562360492812,-0.031459492804996284,0.5495268336953891,0.0028268924612286357,-0.011478942019728662,0.18409313295177518,0.112,0.143,0.18163975335812366,0.4001513421535492,-0.06433577090501785,0.2267156809750926,0.18409313295177518,796.0,0.0779413313037076,NAV2,ACTIVE,True,True,True,False
5.093760696000572,128.0039244154877,100.90118891325112,0.010312421308281472,0.558787748663003,0.009493142679376043,0.010312421308281472,0.19411421013453103,127.23768622849003,102.12487084272176,-0.26913006558095365,-0.031919555985775075,0.55676509825814,0.002739530421178542,-0.012265517525871596,0.17774509388447257,0.112,0.143,0.18163975335812366,0.4001513421535492,-0.06433577090501785,0.2267156809750926,0.17774509388447257,800.0,0.0779413313037076,NAV2,ACTIVE,True,True,True,False
5.139023847000317,128.01272139318706,100.90571914570461,0.009783711496347712,0.5644922855220914,0.00955059531010014,0.009983102582926229,0.1911255384925783,127.23768622849003,102.12487084272176,-0.26913006558095365,-0.031919555985775075,0.567365041043342,0.002601367688845371,-0.013417417470865932,0.17253063322204545,0.047,0.12,0.12887590930814027,0.40037018060684204,-0.06285865604877472,0.2267156809750926,0.17253063322204545,761.0,0.0779413313037076,NAV2,ACTIVE,True,True,True,False
5.185810871000285,128.01417816607633,100.91360300381585,0.009400727684066634,0.5766773193497826,0.009668493945057829,0.009400727684066634,0.18693300875442692,127.23768622849003,102.12487084272176,-0.26913006558095365,-0.031919555985775075,0.5748403517566631,0.0024965027836510493,-0.014229773324079998,0.1949754856385796,0.047,0.12,0.12887590930814027,0.40037018060684204,-0.06285865604877472,0.2267156809750926,0.1949754856385796,860.0,0.0779413313037076,NAV2,ACTIVE,True,True,True,False
5.230288693000148,128.02031993042124,100.91365836713612,0.00853741073650216,0.582819083694713,0.009723857265323238,0.00853741073650216,0.18811245354745082,127.2445285924425,102.14975974352187,-0.2753596364589441,-0.03126083411502503,0.5822723065147901,0.002386237483782543,-0.015037427024902158,0.18318627022787481,0.146,0.095,0.1741866814656046,0.40010538697242737,-0.06154095008969307,0.2267156809750926,0.18318627022787481,842.0,0.0779413313037076,NAV2,ACTIVE,True,True,True,False
5.273616874999789,128.02377967460495,100.91817625876746,0.007964886443220465,0.5890493894268737,0.009776043723156325,0.007964886443220465,0.18805948867335018,127.2445285924425,102.14975974352187,-0.2753596364589441,-0.03126083411502503,0.5903082837837854,0.0022601173427181493,-0.01591073317451554,0.21084558330683612,0.146,0.095,0.1741866814656046,0.40010538697242737,-0.06154095008969307,0.2267156809750926,0.21084558330683612,860.0,0.0779413313037076,NAV2,ACTIVE,True,True,True,False
5.314216687000226,128.03213965807518,100.92617798603268,0.007369899777933232,0.6023087625204323,0.009880733075512809,0.00736989977793323,0.19192539879872844,127.2526910662151,102.17264644108238,-0.28345857507318684,-0.029739809146390787,0.5979928844760121,0.0021330245809312977,-0.016745864990359446,0.19089460338102796,-0.025,0.199,0.20056420418409662,0.40010538697242737,-0.06154095008969307,0.2267156809750926,0.19089460338102796,829.0,0.0779413313037076,NAV2,ACTIVE,True,True,True,False
5.354806184000154,128.0357527364042,100.93073413602636,0.006864013161972608,0.6087089569683329,0.009926584918877743,0.006864013161972604,0.19217749059960135,127.2526910662151,102.17264644108238,-0.28345857507318684,-0.029739809146390787,0.6056378982270594,0.0020002245345489933,-0.017576706375087035,0.19588234836248,-0.025,0.199,0.20056420418409662,0.40010538697242737,-0.06154095008969307,0.2267156809750926,0.19588234836248,909.0,0.0779413313037076,NAV2,ACTIVE,True,True,True,False
5.39578395999979,128.0375754006505,100.93873442896043,0.00612630247258306,0.6154477717779252,0.009971233435344487,0.006126302472583056,0.19424991330409533,127.25953177672598,102.19375271307314,-0.2889355079404612,-0.028581418170121494,0.6138237063354473,0.0018508665721536943,-0.01846633382937302,0.20018994630100675,-0.025,0.199,0.20056420418409662,0.3992045223712921,-0.05986205115914345,0.2267156809750926,0.20018994630100675,860.0,0.0779413313037076,NAV2,ACTIVE,True,True,True,False
5.439043819999824,128.04809968979913,100.94307855395844,0.0054447897657508015,0.6220457441296088,0.01001098269659678,0.0056458764629687685,0.19523683082054205,127.25953177672598,102.19375271307314,-0.2889355079404612,-0.028581418170121494,0.6256186020305387,0.0016229435138736792,-0.019748220196202655,0.2047242599205086,-0.006,0.199,0.199090431713832,0.3992045223712921,-0.05986205115914345,0.2267156809750926,0.2047242599205086,903.0,0.0779413313037076,NAV2,ACTIVE,True,True,True,False
5.485618364999937,128.0497746384414,100.95118886319372,0.005021909138493097,0.6354693232003149,0.010084589949171541,0.005021909138493097,0.19804119879259185,127.25953177672598,102.19375271307314,-0.2889355079404612,-0.028581418170121494,0.6338124905842984,0.0014556324834549875,-0.020638763224111272,0.19588234836248,-0.006,0.199,0.199090431713832,0.3979296386241913,-0.058800145983695984,0.2267156809750926,0.19588234836248,864.0,0.0779413313037076,NAV2,ACTIVE,True,True,True,False
5.530194513000424,128.05621166814208,100.95121905193292,0.004378310613075253,0.6419063529010456,0.010114778688377552,0.004378310613075253,0.19730309338769586,127.26760304751035,102.21322823166327,-0.29522681074256063,-0.026681990080050264,0.6418483381131194,0.0012844970380546314,-0.02151056355862628,0.2171936223741387,-0.018,0.244,0.24466303357883878,0.3979296386241913,-0.058800145983695984,0.2267156809750926,0.2171936223741387,1012.0,0.07766296292354284,NAV2,ACTIVE,True,True,True,False
5.5726599870004065,128.06325401611338,100.96390127905566,0.0032459842309129363,0.6495570263679515,0.010148751686177597,0.0038823542177275345,0.2043112162925674,127.26760304751035,102.21322823166327,-0.29522681074256063,-0.026681990080050264,0.6508227569796928,0.0010848758136209806,-0.022482568670065522,0.22104778895071528,-0.018,0.244,0.24466303357883878,0.3979296386241913,-0.058800145983695984,0.2267156809750926,0.22104778895071528,975.0,0.07766296292354284,NAV2,ACTIVE,True,True,True,False
5.6141520159999345,128.07036600857833,100.96392380207446,0.0027869173977079767,0.6638557530585862,0.010197942394187582,0.0027869173977079775,0.20871152175607102,127.27431619261874,102.23336184201025,-0.29947430957493637,-0.025561278902714778,0.6593608580327363,0.0008869599247139457,-0.02340733655715815,0.21583332828828813,-0.012,0.213,0.2133377603707323,0.3979296386241913,-0.058800145983695984,0.2267156809750926,0.21583332828828813,1045.0,0.07766296292354284,NAV2,ACTIVE,True,True,True,False
5.654645114000232,128.07553348858468,100.96853475272067,0.0022379470721110017,0.6718643371715352,0.010220315327068697,0.0022379470721110017,0.21576061512982547,127.27431619261874,102.23336184201025,-0.29947430957493637,-0.025561278902714778,0.6732836626392188,0.0005469982230444737,-0.02491537003623204,0.22807597506094313,-0.012,0.213,0.2133377603707323,0.39644327759742737,-0.05794946104288101,0.2267156809750926,0.23397058276629554,1006.0,0.07766296292354284,NAV2,ACTIVE,True,True,True,False
5.695328562000213,128.07797686970298,100.97665830916489,0.0017048854168359997,0.6793277944795649,0.01023610491062372,0.0017048854168359993,0.21797403882286348,127.27754753608731,102.25412585640089,-0.2987995828801817,-0.026037071666811646,0.6782136638244435,0.0004215056974842487,-0.02544937152624791,0.2450796511340751,-0.012,0.213,0.2133377603707323,0.39644327759742737,-0.05794946104288101,0.2267156809750926,0.2450796511340751,1159.0,0.07766296292354284,NAV2,ACTIVE,True,True,True,False
5.739077594999799,128.08669335910713,100.97667341776733,0.0011155317684150567,0.6962751426603591,0.01025896943817918,0.0002899845501209697,0.23254863593786293,127.27754753608731,102.25412585640089,-0.2987995828801817,-0.026037071666811646,0.6933738214449153,1.8982522456694812e-05,-0.027091516810130337,0.2450796511340751,0.026,0.212,0.21358838919754042,0.39454737305641174,-0.05820129066705704,0.2267156809750926,0.2450796511340751,1081.0,0.07766296292354284,NAV2,ACTIVE,True,True,True,False
5.785935220999818,128.09530440690477,100.989459566887,-0.00031308973567245623,0.7046303427323654,0.010261209502068358,-0.000313089735672456,0.23713187081443687,127.27754753608731,102.25412585640089,-0.2987995828801817,-0.026037071666811646,0.7041137907417816,-0.0002813965313019578,-0.028250834729979284,0.2727389642130364,0.026,0.212,0.21358838919754042,0.39454737305641174,-0.05820129066705704,0.2267156809750926,0.2727389642130364,1203.0,0.07738459454337815,NAV2,ACTIVE,True,True,True,False
5.830302436000238,128.1043926463676,100.98945692300377,-0.0008962600300246312,0.7137185821951924,0.010258565618824503,-0.0008962600300246316,0.2450139380254459,127.28241327399533,102.27538004664906,-0.30067689985221113,-0.02589364155552664,0.7144573300029139,-0.0005823698171637151,-0.029367396247775263,0.25006739611552714,0.024,0.336,0.33685605234283683,0.39454737305641174,-0.05820129066705704,0.2267156809750926,0.25006739611552714,1103.0,0.07738459454337815,NAV2,ACTIVE,True,True,True,False
5.872166488000403,128.1097784216337,100.99443093324314,-0.0014696783147010162,0.7223131647567983,0.010249514382646157,-0.001469678314701017,0.24721313187970295,127.28241327399533,102.27538004664906,-0.30067689985221113,-0.02589364155552664,0.7244135093490909,-0.0008829022246252537,-0.0304459586664047,0.25006739611552714,0.024,0.336,0.33685605234283683,0.3922193944454193,-0.05877689644694328,0.2267156809750926,0.25006739611552714,1073.0,0.07766296292354284,NAV2,ACTIVE,True,True,True,False
5.912410519999867,128.12101123510368,101.00207354133171,-0.001598232988997862,0.7384819748450734,0.01022685237959862,-0.001598232988997861,0.24825404150077535,127.2863919736144,102.29917226473862,-0.300373885082763,-0.02658510923618352,0.7342692738582689,-0.0011909723405084725,-0.03151555169224117,0.24326592568627434,0.017,0.267,0.2675406511167976,0.3922193944454193,-0.05877689644694328,0.2267156809750926,0.24326592568627434,1142.0,0.0779413313037076,NAV2,ACTIVE,True,True,True,False
5.952724447000037,128.126821449235,101.00658530954883,-0.0020191282535733097,0.7471653291987944,0.010211663852309165,-0.0020191282535733097,0.25226500558839715,127.2863919736144,102.29917226473862,-0.300373885082763,-0.02658510923618352,0.744615711364941,-0.0015259445916467826,-0.03264833592606039,0.26457719969793303,0.017,0.267,0.2675406511167976,0.3922193944454193,-0.05877689644694328,0.2267156809750926,0.26457719969793303,1095.0,0.07877643644420186,NAV2,ACTIVE,True,True,True,False
5.99356240599991,128.12978585402195,101.01500839006614,-0.002922287168637182,0.7554887977317861,0.010190934499173443,-0.0029222871686371828,0.2527972468446162,127.2863919736144,102.29917226473862,-0.300373885082763,-0.02658510923618352,0.7543003725872878,-0.001850105658688352,-0.03373229346277595,0.23691788661897176,0.017,0.267,0.2675406511167976,0.3897004723548889,-0.05963366478681564,0.2267156809750926,0.23691788661897176,1081.0,0.08100333694340643,NAV2,ACTIVE,True,True,True,False
6.034161638000114,128.13773899407434,101.01498518381538,-0.003108591544558782,0.7634419377841869,0.010167728248436037,-0.0031085915445587813,0.25089168204043333,127.28959877867095,102.32516464678385,-0.2995358263906152,-0.027972962832151293,0.7644430156458288,-0.002201358489661918,-0.03491804332674409,0.26094974880233157,0.06,0.229,0.23672980378482134,0.3897004723548889,-0.05963366478681564,0.2267156809750926,0.26094974880233157,1045.0,0.08517872301953754,NAV2,ACTIVE,True,True,True,False
6.074517365000247,128.14558767864088,101.02803602400326,-0.0036314401675756626,0.7796599116061299,0.010114424810309091,-0.0036314401675756618,0.24941107876516674,127.28959877867095,102.32516464678385,-0.2995358263906152,-0.027972962832151293,0.7738185533655926,-0.0025368110305582048,-0.0360475577165856,0.2323835729994699,0.06,0.229,0.23672980378482134,0.3897004723548889,-0.05963366478681564,0.2267156809750926,0.24825367066772638,1095.0,0.08712730168069077,NAV2,ACTIVE,True,True,True,False
6.11480831300014,128.1539915953779,101.02800309685153,-0.004288755368546228,0.7880638283431817,0.010081497658589175,-0.0042887553685462265,0.2509119536323359,127.29216678107252,102.35094897389139,-0.29779543535957487,-0.029559122131619778,0.7887804698869977,-0.003094510321599698,-0.037861529668536696,0.2450796511340751,0.056,0.17,0.17898603297464305,0.3897004723548889,-0.05963366478681564,0.2267156809750926,0.25528185677795423,1081.0,0.08712730168069077,NAV2,ACTIVE,True,True,True,False
6.154996995000147,128.15891368893048,101.03275307916313,-0.004907059807377934,0.7960619600893056,0.010045204063725435,-0.004907059807377934,0.24944787350865585,127.29216678107252,102.35094897389139,-0.29779543535957487,-0.029559122131619778,0.7986422597331819,-0.0034769585928893475,-0.039060961354480915,0.2534681313301535,0.056,0.17,0.17898603297464305,0.3869893550872803,-0.059964653104543686,0.2267156809750926,0.2534681313301535,1118.0,0.08740562351874218,NAV2,ACTIVE,True,True,True,False
6.19598695500008,128.16189142686787,101.04115653316552,-0.005149876060401849,0.8044665834551709,0.010004494067150219,-0.005149876060401849,0.25085501696775697,127.2963516046366,102.37649966762153,-0.2984541799770893,-0.030319598010637158,0.8035591168833367,-0.0036720767858526696,-0.03966270746221444,0.24825367066772638,0.056,0.17,0.17898603297464305,0.3869893550872803,-0.059964653104543686,0.2267156809750926,0.24825367066772638,1081.0,0.08796236027907162,NAV2,ACTIVE,True,True,True,False
6.239036552000471,128.1702566504584,101.04111090415671,-0.005790500591148719,0.8211723210074786,0.009908452416823586,-0.006515020826070472,0.252641795039395,127.2963516046366,102.37649966762153,-0.2984541799770893,-0.030319598010637158,0.8188312286866185,-0.004297614228301995,-0.04157400883404438,0.26457719969793303,-0.074,0.27,0.2799571395767574,0.38413071632385254,-0.05967416241765022,0.2267156809750926,0.26457719969793303,1167.0,0.09046767570055438,NAV2,ACTIVE,True,True,True,False
6.285718230999919,128.17838819566583,101.05435714052402,-0.007341698404483401,0.8295857553151262,0.009851066010382109,-0.007341698404483399,0.25345127638343984,127.2963516046366,102.37649966762153,-0.2984541799770893,-0.030319598010637158,0.8287317824620004,-0.0047187224121789575,-0.0428194771439891,0.25006739611552714,-0.074,0.27,0.2799571395767574,0.38413071632385254,-0.05967416241765022,0.2267156809750926,0.25006739611552714,1103.0,0.09046767570055438,NAV2,ACTIVE,True,True,True,False
6.329919470999812,128.1869566224165,101.0542921471714,-0.008068684043594402,0.8381541820657915,0.009786072657756674,-0.008068684043594399,0.25461681435957345,127.29977793135774,102.40393875341199,-0.2990972076070469,-0.031762186728189305,0.8390809175275172,-0.005172263847022067,-0.044121448414239456,0.25890930767355574,0.013,0.259,0.2593260495977988,0.38413071632385254,-0.05967416241765022,0.2267156809750926,0.25890930767355574,1066.0,0.09046767570055438,NAV2,ACTIVE,True,True,True,False
6.371990989000551,128.1920123747234,101.05898237496523,-0.008795690572350528,0.8463722683947571,0.0097173816391956,-0.008795690572350525,0.25415993015364463,127.29977793135774,102.40393875341199,-0.2990972076070469,-0.031762186728189305,0.8487750213277816,-0.005609180186824032,-0.04534657306332378,0.2416789159194487,0.013,0.259,0.2593260495977988,0.38079148530960083,-0.0518345944583416,0.2267156809750926,0.2416789159194487,1134.0,0.0910243193766571,NAV2,ACTIVE,True,True,True,False
6.41393944399988,128.20329320263394,101.06728878670211,-0.010134694628167736,0.8632781222243644,0.009558830004182688,-0.010134694628167738,0.25418653608655406,127.30045088548705,102.43094246135986,-0.29793985342229545,-0.03443409142097931,0.8589581167142624,-0.006081159412281073,-0.04663933009010602,0.25006739611552714,0.087,0.2,0.21810318658836694,0.38079148530960083,-0.0518345944583416,0.2267156809750926,0.25006739611552714,1052.0,0.09130264121470852,NAV2,ACTIVE,True,True,True,False
6.454822667000371,128.20793789834804,101.07213702838314,-0.010913182043766676,0.8711441258156674,0.009476150110679362,-0.01091318204376668,0.2527911329794383,127.30045088548705,102.43094246135986,-0.29793985342229545,-0.03443409142097931,0.8740956448549769,-0.0068066443424905955,-0.04851371823111308,0.2727389642130364,0.087,0.2,0.21810318658836694,0.38079148530960083,-0.0518345944583416,0.2267156809750926,0.25188112156332787,1203.0,0.08907583379973065,NAV2,ACTIVE,True,True,True,False
6.49500222900042,128.21110738934317,101.08074616512495,-0.01157725279502797,0.8800015733992173,0.009378615858606576,-0.01157725279502797,0.2558189274566668,127.30045088548705,102.43094246135986,-0.29793985342229545,-0.03443409142097931,0.8792791793861575,-0.007061652658294245,-0.049156205329425336,0.25890930767355574,0.087,0.2,0.21810318658836694,0.3814106583595276,-0.05872245505452156,0.2267156809750926,0.25890930767355574,1103.0,0.08907583379973065,NAV2,ACTIVE,True,True,True,False
6.539141750000454,128.21950250360734,101.08064593384105,-0.01246617217074375,0.8972368707654681,0.009166435847349207,-0.013252501898115108,0.2589093319711364,127.3029444366622,102.4595627173203,-0.2983729467271315,-0.036461110826014644,0.8948358985562789,-0.007847283424843117,-0.05112187062344379,0.26661764082670886,0.04,0.245,0.24824383174612819,0.3814106583595276,-0.05872245505452156,0.2267156809750926,0.26661764082670886,1176.0,0.09269452965764557,NAV2,ACTIVE,True,True,True,False
6.587065859000177,128.2279802450144,101.09420804721292,-0.013889720078401165,0.9059208707581394,0.009050406270261121,-0.013889720078401169,0.2600352540759166,127.3029444366622,102.4595627173203,-0.2983729467271315,-0.036461110826014644,0.9052172905141167,-0.008389049703676004,-0.05247930620979037,0.25890930767355574,0.04,0.245,0.24824383174612819,0.3814106583595276,-0.05872245505452156,0.2267156809750926,0.25890930767355574,1142.0,0.09436473993863416,NAV2,ACTIVE,True,True,True,False
6.62957968200044,128.23685293762088,101.09408471094962,-0.014355161129331337,0.9147935633646472,0.008927070006963023,-0.014355161129331327,0.2622091546502145,127.306774462844,102.48608605976796,-0.2999687422338399,-0.0374706204475154,0.916102727446284,-0.008972652726432367,-0.05391691074581625,0.2727389642130364,0.013,0.271,0.2713116289435453,0.3882349133491516,-0.07074277102947235,0.2267156809750926,0.2727389642130364,1134.0,0.09519975199490156,NAV2,ACTIVE,True,True,True,False
6.6710170710002785,128.2424584701901,101.09870196136684,-0.014995376540218874,0.9236019234334696,0.008798833054592453,-0.014995376540218874,0.26342868276541154,127.306774462844,102.48608605976796,-0.2999687422338399,-0.0374706204475154,0.9263835625140988,-0.009538059223688122,-0.05528275323602782,0.25890930767355574,0.013,0.271,0.2713116289435453,0.3882349133491516,-0.07074277102947235,0.2267156809750926,0.25890930767355574,1212.0,0.09575648875523106,NAV2,ACTIVE,True,True,True,False
6.711414026000057,128.25433444159097,101.10733523427324,-0.0161343662214244,0.9414913449282755,0.008522243824597446,-0.016134366221424393,0.26698876645002434,127.31021890537302,102.51580774744392,-0.3008808190636363,-0.039174046795524255,0.9374074604253738,-0.010161221771442647,-0.05687936523917237,0.2747794053418122,0.068,0.262,0.2706806236138819,0.3882349133491516,-0.07074277102947235,0.2267156809750926,0.2747794053418122,1212.0,0.10772604984963498,NAV2,ACTIVE,True,True,True,False
6.753135837000627,128.26024213613175,101.11215881103973,-0.016616278813970094,0.950687939143105,0.0083726262742616,-0.016616278813970094,0.26976181722000864,127.31021890537302,102.51580774744392,-0.3008808190636363,-0.039174046795524255,0.9483892766516614,-0.010800464719549659,-0.05856531486302253,0.27681984647058805,0.068,0.262,0.2706806236138819,0.38777706027030945,-0.077583909034729,0.2267156809750926,0.27681984647058805,1221.0,0.11106642386949858,NAV2,ACTIVE,True,True,True,False
6.795103879000635,128.26334958110706,101.1211164843228,-0.01746513512604998,0.9598215948109684,0.008217976367650915,-0.01746513512604997,0.27153909655974834,127.3130391776354,102.54680265044979,-0.30154355521164034,-0.04142766997727608,0.9595599279574114,-0.011470038296749353,-0.060313758945311345,0.27681984647058805,0.068,0.262,0.2706806236138819,0.38777706027030945,-0.077583909034729,0.2267156809750926,0.27681984647058805,1221.0,0.11524180994562967,NAV2,ACTIVE,True,True,True,False
6.839053385000625,128.27260129212746,101.12095266741218,-0.018336726539265776,0.9781443400411409,0.007884879037647834,-0.019204345990126104,0.27426303672210445,127.3130391776354,102.54680265044979,-0.30154355521164034,-0.04142766997727608,0.975880041984522,-0.012484973091082227,-0.06301479389893296,0.2686580819554847,0.07,0.227,0.23754788990854034,0.38777706027030945,-0.077583909034729,0.2267156809750926,0.2686580819554847,1185.0,0.1208091310068112,NAV2,ACTIVE,True,True,True,False
6.885829108000507,128.28128300961416,101.13455471620755,-0.02026945054129614,0.9872505013787067,0.0077067162248588075,-0.02026945054129614,0.2748225365976297,127.3130391776354,102.54680265044979,-0.30154355521164034,-0.04142766997727608,0.9868815754360394,-0.013194349836421463,-0.06484823804179066,0.2811274444091148,0.07,0.227,0.23754788990854034,0.3891327977180481,-0.07809057831764221,0.2267156809750926,0.2811274444091148,1240.0,0.12053066954241973,NAV2,ACTIVE,True,True,True,False
6.930272123000577,128.29045051318408,101.13436502717953,-0.02149903041396506,0.9964180049486321,0.007517027196865329,-0.02149903041396506,0.2756159470684255,127.3173392954212,102.57668724043518,-0.3039679335197141,-0.04258538878246694,0.9974806106193576,-0.01389675980070694,-0.06661288401101975,0.26094974880233157,0.012,0.332,0.3322167966855379,0.3891327977180481,-0.07809057831764221,0.2267156809750926,0.26094974880233157,1230.0,0.12053066954241973,NAV2,ACTIVE,True,True,True,False
6.971118819000367,128.29586135558952,101.13939129615295,-0.022729105265011377,1.0053050469637288,0.0073219518480308445,-0.022729105265011377,0.27516334240645207,127.3173392954212,102.57668724043518,-0.3039679335197141,-0.04258538878246694,1.0085901872484417,-0.014653392398152507,-0.0684648319138042,0.2788602875993639,0.012,0.332,0.3322167966855379,0.3965156376361847,-0.08214112371206284,0.2267156809750926,0.2788602875993639,1212.0,0.1208091310068112,NAV2,ACTIVE,True,True,True,False
7.01212471800045,128.30815926569588,101.14815563580554,-0.025614899220176124,1.0237302870724687,0.006882878776653188,-0.025614899220176124,0.27682283850350664,127.32096923499293,102.60777440837927,-0.3071891707139213,-0.04436998784024453,1.0198313614391397,-0.01544014259806448,-0.07034531756374818,0.2727389642130364,0.036,0.194,0.1973119357768303,0.3965156376361847,-0.08214112371206284,0.2267156809750926,0.2727389642130364,1194.0,0.12136577468291393,NAV2,ACTIVE,True,True,True,False
7.052785294000387,128.31317240625683,101.15317482618103,-0.02660644318419702,1.0322415033451628,0.00666118105915518,-0.026606443184197026,0.2738451282682047,127.32096923499293,102.60777440837927,-0.3071891707139213,-0.04436998784024453,1.0299588741645254,-0.016167061715420653,-0.07209622582507692,0.2534681313301535,0.036,0.194,0.1973119357768303,0.3965156376361847,-0.08214112371206284,0.2267156809750926,0.2534681313301535,1081.0,0.1266546808218174,NAV2,ACTIVE,True,True,True,False
7.094234701999994,128.31537086081892,101.16230318730372,-0.02754522806564942,1.0406856782327738,0.006432077111509936,-0.027545228065649408,0.27067046607536865,127.3240114883449,102.63987221649678,-0.3099839462319829,-0.046709826918835004,1.0401004984755853,-0.01691335611304101,-0.07391056935148445,0.26094974880233157,0.036,0.194,0.1973119357768303,0.3965156376361847,-0.08214112371206284,0.2267156809750926,0.26094974880233157,1176.0,0.13055174505989708,NAV2,ACTIVE,True,True,True,False
7.134751192999829,128.32411166668535,101.16205787799612,-0.028765537144547448,1.049426484099208,0.006186767803907674,-0.02876553714454744,0.26985785746823937,127.3240114883449,102.63987221649678,-0.3099839462319829,-0.046709826918835004,1.0550287265897444,-0.018045754783751797,-0.07661373296421706,0.23397058276629554,0.046,0.243,0.247315587862957,0.40644630789756775,-0.09510041028261185,0.2267156809750926,0.25006739611552714,1032.0,0.13110848182022664,NAV2,ACTIVE,True,True,True,False
7.174965584999882,128.33031723270034,101.17634822085722,-0.031586739349243505,1.0655124962907672,0.005698494751697799,-0.031586739349243505,0.2611469618858098,127.3240114883449,102.63987221649678,-0.3099839462319829,-0.046709826918835004,1.0647653275839488,-0.01880649267007098,-0.07844047197281727,0.24326592568627434,0.046,0.243,0.247315587862957,0.40644630789756775,-0.09510041028261185,0.2267156809750926,0.24326592568627434,1073.0,0.1330569673971531,NAV2,ACTIVE,True,True,True,False
7.225358153999878,128.3378784639043,101.17610510519563,-0.03224618232011568,1.0730737274947406,0.005455379090112153,-0.03224618232011567,0.25466584139684273,127.32854091517758,102.67282036838681,-0.3136776320446728,-0.048305673494761045,1.0735364990209622,-0.019507487637733804,-0.08019307719858366,0.21583332828828813,0.065,0.198,0.20839625716408633,0.4133446514606476,-0.10280124843120575,0.2267156809750926,0.21583332828828813,952.0,0.14697506061059687,NAV2,ACTIVE,True,True,True,False
7.2708729000005405,128.3411802511566,101.18129308957423,-0.033140320313227,1.0799895519798999,0.005225466800073352,-0.033140320313227,0.24583539147865538,127.32854091517758,102.67282036838681,-0.3136776320446728,-0.048305673494761045,1.0824842567755903,-0.020238807646156248,-0.0820033326510165,0.2267156809750926,0.065,0.198,0.20839625716408633,0.4133446514606476,-0.10280124843120575,0.2267156809750926,0.2267156809750926,958.0,0.14725352207498832,NAV2,ACTIVE,True,True,True,False
7.311902215000373,128.34941754623244,101.19033957622503,-0.03585816307268887,1.0945979199612137,0.004720913313211056,-0.03585816307268885,0.23599098760466825,127.33236014952432,102.70449198126241,-0.3163248135889831,-0.050044961655105004,1.0911559465863707,-0.02096331103463664,-0.08381239200982088,0.20721813241123463,0.068,0.209,0.2197839848578599,0.4133446514606476,-0.10280124843120575,0.2267156809750926,0.20721813241123463,935.0,0.15393417703048876,NAV2,ACTIVE,True,True,True,False
7.35251654700005,128.35261287482982,101.19555937063568,-0.037100185094192994,1.1014315427417025,0.004470245088182928,-0.037100185094192994,0.22964571786469662,127.33236014952432,102.70449198126241,-0.3163248135889831,-0.050044961655105004,1.0992424643089287,-0.02165326456049618,-0.08555033580067149,0.20721813241123463,0.068,0.209,0.2197839848578599,0.4133446514606476,-0.10280124843120575,0.2267156809750926,0.20721813241123463,846.0,0.15699613612807423,NAV2,ACTIVE,True,True,True,False
7.393292321999979,128.35311178902276,101.20497171055733,-0.038029334079026526,1.1083638883640898,0.004209412780467474,-0.038029334079026526,0.22515292001848028,127.3375804778044,102.73707331736797,-0.31969656724201995,-0.05108067641130775,1.1067423960211493,-0.022305617976004322,-0.0871678584991003,0.18227940750397445,0.068,0.209,0.2197839848578599,0.41722726821899414,-0.11123879998922348,0.2267156809750926,0.18227940750397445,824.0,0.15755287288840372,NAV2,ACTIVE,True,True,True,False
7.434220507000646,128.35917605287497,101.20473670064926,-0.03860038604858218,1.1144281522163304,0.003974402872409052,-0.03860038604858218,0.21631355764323487,127.3375804778044,102.73707331736797,-0.31969656724201995,-0.05108067641130775,1.1141717974910674,-0.02296400122122291,-0.08880200963397898,0.18885416225225213,-0.011,0.161,0.16137533888422978,0.41722726821899414,-0.11123879998922348,0.2267156809750926,0.18885416225225213,824.0,0.1628417324851938,NAV2,ACTIVE,True,True,True,False
7.475454471000376,128.3616282285383,101.21956025080574,-0.04080054990677073,1.1270084400160238,0.0034739278271146605,-0.04080054990677073,0.20567504118875019,127.3375804778044,102.73707331736797,-0.31969656724201995,-0.05108067641130775,1.1249729278911713,-0.02394365951756753,-0.09128156168607521,0.1768382311605722,-0.011,0.161,0.16137533888422978,0.41989865899086,-0.11100616306066513,0.2267156809750926,0.1768382311605722,780.0,0.16840900700426203,NAV2,ACTIVE,True,True,True,False
7.525356539000313,128.36758788087224,101.21931317002384,-0.04185791942507011,1.1329680923499674,0.0032268470452061293,-0.04185791942507012,0.1999009215389353,127.34397443268269,102.76811554830537,-0.32251912340056865,-0.05102094241132543,1.1324219048310593,-0.0246351823903088,-0.09299850061533174,0.1897610249761525,0.046,0.164,0.17032909322837364,0.41989865899086,-0.11100616306066513,0.2267156809750926,0.1897610249761525,837.0,0.16840900700426203,NAV2,ACTIVE,True,True,True,False
7.571821737000391,128.37016039888357,101.22451366964312,-0.04286080584572803,1.139119538520161,0.0029663257166302917,-0.042860805845728045,0.196319457742779,127.34397443268269,102.76811554830537,-0.32251912340056865,-0.05102094241132543,1.139322059259828,-0.02528705496405356,-0.09458918143452143,0.16323529030206665,0.046,0.164,0.17032909322837364,0.41989865899086,-0.11100616306066513,0.2267156809750926,0.16323529030206665,720.0,0.16840900700426203,NAV2,ACTIVE,True,True,True,False
7.614216486999794,128.37513391170248,101.2340358794277,-0.044721095592690205,1.1506655685001723,0.002459651907111091,-0.04472109559269022,0.18668818606431156,127.34943499585182,102.79804533523865,-0.32532504451223554,-0.051328222477479334,1.146005591359141,-0.02592893420246625,-0.09613015258290195,0.17026347641229453,0.071,0.121,0.14029255147726125,0.41989865899086,-0.11100616306066513,0.2267156809750926,0.17026347641229453,758.0,0.16840900700426203,NAV2,ACTIVE,True,True,True,False
7.654462620000231,128.37698585447694,101.23942646802134,-0.045546430261956615,1.1561878394410523,0.0022098256121609408,-0.0455464302619566,0.18195430936093607,127.34943499585182,102.79804533523865,-0.32532504451223554,-0.051328222477479334,1.1555480370817797,-0.026863234572327553,-0.09833286141512737,0.1491789180816109,0.071,0.121,0.14029255147726125,0.42457762360572815,-0.11133848130702972,0.2267156809750926,0.1618749962162161,658.0,0.16840900700426203,NAV2,ACTIVE,True,True,True,False
7.6951384660005715,128.37601913543952,101.24917268623103,-0.04619945530487655,1.161728728846581,0.00195540903219436,-0.04619945530487656,0.17812735281621184,127.35605603151075,102.826874381813,-0.32745546328291786,-0.05061861697711313,1.1612244148237572,-0.027428861507319234,-0.09964624550011701,0.1405637222045574,0.071,0.121,0.14029255147726125,0.42457762360572815,-0.11133848130702972,0.2267156809750926,0.14215073197138306,620.0,0.16896569722247815,NAV2,ACTIVE,True,True,True,False
7.735974469000212,128.3808666341607,101.24894520575332,-0.04699866649941111,1.1665762275677511,0.001727928554469177,-0.04699866649941108,0.17107959356931393,127.35605603151075,102.826874381813,-0.32745546328291786,-0.05061861697711313,1.1640520494671938,-0.02771342975722052,-0.10030055988535808,0.13988357516163213,0.039,0.136,0.1414814475470194,0.43412289023399353,-0.11416719853878021,0.2267156809750926,0.13988357516163213,617.0,0.16896569722247815,NAV2,ACTIVE,True,True,True,False
7.7768764239999655,128.3804983057155,101.26425260489768,-0.04893607944903121,1.1763857872247054,0.0012563372628671319,-0.04893607944903122,0.16142550629070535,127.35605603151075,102.826874381813,-0.32745546328291786,-0.05061861697711313,1.1723615400285436,-0.028560477442027443,-0.10223080919592777,0.1405637222045574,0.039,0.136,0.1414814475470194,0.43412289023399353,-0.11416719853878021,0.2267156809750926,0.1405637222045574,620.0,0.17007912420102375,NAV2,ACTIVE,True,True,True,False
7.825919151000562,128.38508043818578,101.26402560738701,-0.04973401650051738,1.180967919694999,0.001029339752199948,-0.04973401650051734,0.1558919942368997,127.36165596446095,102.85468810693342,-0.3298232364378046,-0.05039355575234199,1.1774487615193778,-0.02908695567711598,-0.10342043436935695,0.12582720294117639,-0.072,0.161,0.17636609651517493,0.43412289023399353,-0.11416719853878021,0.2267156809750926,0.12582720294117639,555.0,0.1709142758836314,NAV2,ACTIVE,True,True,True,False
7.871364153999821,128.38568711334588,101.26954978518265,-0.05023237137847892,1.1852431070993752,0.0008144098411042954,-0.050232371378478906,0.15003968890884553,127.36165596446095,102.85468810693342,-0.3298232364378046,-0.05039355575234199,1.1825073547085592,-0.029616539029319027,-0.10460633091887586,0.1280943597509273,-0.072,0.161,0.17636609651517493,0.44720911979675293,-0.12031129747629166,0.2267156809750926,0.1280943597509273,586.0,0.17119255117956936,NAV2,ACTIVE,True,True,True,False
7.911623158000111,128.38827837750927,101.2792547883574,-0.05171307856684626,1.194334411559539,0.00035059555602905986,-0.05171307856684626,0.14313270283467366,127.36634356373807,102.88160007213973,-0.3314454373134801,-0.050612185659637064,1.1879515040422597,-0.030193402491576305,-0.10588682107223629,0.13376225177530462,0.141,0.031,0.1443675863897433,0.44720911979675293,-0.12031129747629166,0.2267156809750926,0.13376225177530462,590.0,0.17202770286217697,NAV2,ACTIVE,True,True,True,False
7.952806082000279,128.38896835528197,101.28481658950237,-0.05242475507937039,1.198693726741229,0.0001234765963259447,-0.05242475507937039,0.14017063100765043,127.36634356373807,102.88160007213973,-0.3314454373134801,-0.050612185659637064,1.1931270047752376,-0.03074834795605157,-0.10713007065966931,0.13421568313725482,0.141,0.031,0.1443675863897433,0.44720911979675293,-0.12031129747629166,0.2267156809750926,0.13421568313725482,599.0,0.17675987224075096,NAV2,ACTIVE,True,True,True,False
7.994142528999873,128.38705302801446,101.29481022405845,-0.05307763848347103,1.2032655511673687,-0.000117325934033268,-0.05307763848347103,0.1383777771003628,127.370202885227,102.9056740574889,-0.3331570201291432,-0.05073298583571814,1.1987341270614018,-0.03135713760250515,-0.10849034397006466,0.14509803582405925,0.141,0.031,0.1443675863897433,0.46106964349746704,-0.1283566951751709,0.2267156809750926,0.14509803582405925,655.0,0.17731656245896701,NAV2,ACTIVE,True,True,True,False
8.034800626000106,128.39201514596158,101.29454615369448,-0.05388544840840837,1.2082276691144946,-0.00038139629800221903,-0.05388544840840837,0.13881969997604524,127.370202885227,102.9056740574889,-0.3331570201291432,-0.05073298583571814,1.2080326320408876,-0.032384200714665815,-0.1107774636681984,0.16028798644939046,0.034,0.165,0.16846661390317075,0.46106964349746704,-0.1283566951751709,0.2267156809750926,0.15960783940646517,707.0,0.17954346295817167,NAV2,ACTIVE,True,True,True,False
8.076943275000303,128.39268965804635,101.3100694482458,-0.055604481678466655,1.2190527293416853,-0.0009688747808482622,-0.055604481678466655,0.14348491915484438,127.370202885227,102.9056740574889,-0.3331570201291432,-0.05073298583571814,1.214377597946984,-0.033097672923134216,-0.11237771263154518,0.15824754532061464,0.034,0.165,0.16846661390317075,0.46106964349746704,-0.1283566951751709,0.2267156809750926,0.15824754532061464,698.0,0.18511069093512653,NAV2,ACTIVE,True,True,True,False
8.117574961000173,128.3982718174555,101.3097593871942,-0.05645292031936886,1.224634888750846,-0.0012789358324458054,-0.056452920319368875,0.14594728789827582,127.37534348669263,102.92922635707671,-0.3351209347647562,-0.04983235313480759,1.2210622703136291,-0.03386065054260164,-0.11406893589538378,0.1718504861791202,0.087,0.176,0.19632880583347925,0.46106964349746704,-0.1283566951751709,0.2267156809750926,0.1618749962162161,758.0,0.18511069093512653,NAV2,ACTIVE,True,True,True,False
8.165370643000642,128.40106855399594,101.31513137657815,-0.05732046729955662,1.231098457043715,-0.0016416961160753889,-0.057320467299556636,0.15316322322240536,127.37534348669263,102.92922635707671,-0.3351209347647562,-0.04983235313480759,1.2282351266464278,-0.0346923269520105,-0.11588666695989679,0.17955881933227333,0.087,0.176,0.19632880583347925,0.47242408990859985,-0.13615070283412933,0.2267156809750926,0.17955881933227333,792.0,0.18538905931529126,NAV2,ACTIVE,True,True,True,False
8.206811312000355,128.40031954328953,101.32502387082779,-0.05833106348157059,1.2429034809986783,-0.002323908049573274,-0.059203100720005786,0.15860262702852246,127.38163222197304,102.95234081704974,-0.3371064540228996,-0.048045839426212454,1.2351771362070472,-0.03550982373343819,-0.1176677693161867,0.1709436234552198,0.018,0.16,0.16100931650062986,0.47242408990859985,-0.13615070283412933,0.2267156809750926,0.1709436234552198,754.0,0.18845101841287665,NAV2,ACTIVE,True,True,True,False
8.25105718299983,128.4088713737153,101.33018221634612,-0.06020394361066696,1.2491079200809854,-0.0026909241245692585,-0.06020394361066694,0.16274464622529963,127.38163222197304,102.95234081704974,-0.3371064540228996,-0.048045839426212454,1.242252203178409,-0.03635603295432917,-0.11949642037493696,0.1804656820561737,0.018,0.16,0.16100931650062986,0.4798247218132019,-0.14140962064266205,0.2267156809750926,0.1804656820561737,730.0,0.18928612355337096,NAV2,ACTIVE,True,True,True,False
8.291634281999904,128.40784437987986,101.34025251284717,-0.06119054566974705,1.254575981616334,-0.0030217493064084913,-0.06119054566974702,0.16227584481087898,127.38163222197304,102.95234081704974,-0.3371064540228996,-0.048045839426212454,1.2488618926830426,-0.03715828131194154,-0.12121486154268521,0.1589276923635399,0.018,0.16,0.16100931650062986,0.4798247218132019,-0.14140962064266205,0.2267156809750926,0.1589276923635399,686.0,0.19095624075013262,NAV2,ACTIVE,True,True,True,False
8.33415260699985,128.41305423292073,101.33993215294117,-0.06190536909226422,1.2597858346572086,-0.0033421092124085636,-0.06190536909226419,0.16054824280165939,127.38692762441869,102.97505448349247,-0.33944405394670035,-0.047013608996975376,1.2551088700586408,-0.03792710244636207,-0.12286922454827864,0.1677696039215685,0.063,0.158,0.17009703113223346,0.4798247218132019,-0.14140962064266205,0.2267156809750926,0.1677696039215685,740.0,0.19457498315016097,NAV2,ACTIVE,True,True,True,False
8.37438879199999,128.41386224006303,101.35559491914017,-0.06383553867237035,1.2707815222669732,-0.004030916267345565,-0.06383553867237035,0.1606125469322809,127.38692762441869,102.97505448349247,-0.33944405394670035,-0.047013608996975376,1.261627954346836,-0.03874075503677917,-0.12460169963733078,0.16119484917329083,0.063,0.158,0.17009703113223346,0.482791543006897,-0.14429372549057007,0.2267156809750926,0.16028798644939046,707.0,0.19457498315016097,NAV2,ACTIVE,True,True,True,False
8.41516773100011,128.41936058053045,101.35524220034446,-0.06491490910390627,1.2762798627344172,-0.004383635063044112,-0.0649149091039063,0.16068313840216567,127.39334382964832,102.99743585260215,-0.3414064218365227,-0.04512378162139884,1.2714593659323163,-0.039989583729860556,-0.12722225321216798,0.16618259415474287,0.039,0.147,0.1520855022676389,0.482791543006897,-0.14429372549057007,0.2267156809750926,0.1677696039215685,733.0,0.19485339807243918,NAV2,ACTIVE,True,True,True,False
8.465367487000549,128.42107881181965,101.36080678219105,-0.06594080547782522,1.2816669463432,-0.004735157028567407,-0.06594080547782522,0.1602416084388196,127.39334382964832,102.99743585260215,-0.3414064218365227,-0.04512378162139884,1.2778396737538833,-0.040814093789867265,-0.12894816025905426,0.16550244711181758,0.039,0.147,0.1520855022676389,0.48255354166030884,-0.14366960525512695,0.2267156809750926,0.16550244711181758,730.0,0.1990288306906836,NAV2,ACTIVE,True,True,True,False
8.50633027100048,128.42000400745147,101.3709526694393,-0.06683994441342467,1.2871074159368654,-0.00509529012809468,-0.06683994441342467,0.16010957239320373,127.39872969984357,103.0194487982775,-0.3441075869911243,-0.04408776775118309,1.2849272567530539,-0.04174358092155414,-0.13088241328501654,0.17593136843667184,0.034,0.13,0.1343726162579266,0.48255354166030884,-0.14366960525512695,0.2267156809750926,0.17593136843667184,776.0,0.19986388928906448,NAV2,ACTIVE,True,True,True,False
8.551858167999853,128.42800094851026,101.3761118035135,-0.069607360205219,1.2987827197925343,-0.00588718380166933,-0.06960736020521897,0.1636723550529092,127.39872969984357,103.0194487982775,-0.3441075869911243,-0.04408776775118309,1.2915097001258213,-0.04261909938812759,-0.13268164808164287,0.1709436234552198,0.034,0.13,0.1343726162579266,0.48255354166030884,-0.14366960525512695,0.2267156809750926,0.1709436234552198,833.0,0.20014221112711583,NAV2,ACTIVE,True,True,True,False
8.592329701999915,128.42756441888878,101.38622536888478,-0.07089585652132113,1.304859201138523,-0.006310672856265807,-0.07089585652132113,0.16644636857178294,127.39872969984357,103.0194487982775,-0.3441075869911243,-0.04408776775118309,1.2990026808320974,-0.04363090261050502,-0.13473580331006896,0.18885416225225213,0.034,0.13,0.1343726162579266,0.48255354166030884,-0.14366960525512695,0.2267156809750926,0.18885416225225213,788.0,0.20097731626761006,NAV2,ACTIVE,True,True,True,False
8.634034937999786,128.43389591914337,101.38577708162441,-0.07195235232019839,1.311190701393078,-0.006758960116609573,-0.07195235232019837,0.16999937699758258,127.40320819116381,103.04121361259361,-0.34807214062416936,-0.04384399179702351,1.306322153410545,-0.04463440963097715,-0.13675772605518238,0.18885416225225213,0.087,0.213,0.23008259386576813,0.48081520199775696,-0.14150331914424896,0.2267156809750926,0.18885416225225213,846.0,0.2026475265485986,NAV2,ACTIVE,True,True,True,False
8.674688402000356,128.4364862537378,101.40140372454405,-0.07390390537775997,1.3240007142625168,-0.0076871247172828,-0.07390390537775994,0.1766812563318491,127.40320819116381,103.04121361259361,-0.34807214062416936,-0.04384399179702351,1.317796689609759,-0.046238270233569266,-0.13993473072364346,0.1949754856385796,0.087,0.213,0.23008259386576813,0.48081520199775696,-0.14150331914424896,0.2267156809750926,0.19384190723370415,860.0,0.2026475265485986,NAV2,ACTIVE,True,True,True,False
8.715797388999817,128.4434912128432,101.40088672948987,-0.07487269768062266,1.3310056733679083,-0.008204119771466994,-0.07487269768062266,0.18248849335105188,127.40684805904706,103.06474114616637,-0.35169120399438997,-0.04485282866786986,1.3258788587248347,-0.047390533287967884,-0.1421733406838449,0.20359068151563314,0.044,0.178,0.18335757415498274,0.48081520199775696,-0.14150331914424896,0.2267156809750926,0.20608455400635917,898.0,0.2026475265485986,NAV2,ACTIVE,True,True,True,False
8.765338991000135,128.44648088617853,101.40638404273517,-0.07622113796018626,1.3377001949750895,-0.008707394403984119,-0.07622113796018626,0.18591520936239136,127.40684805904706,103.06474114616637,-0.35169120399438997,-0.04485282866786986,1.3336972426959006,-0.048522623581990124,-0.1443410293303101,0.20245710311075768,0.044,0.178,0.18335757415498274,0.4775353670120239,-0.1544943004846573,0.2267156809750926,0.20245710311075768,893.0,0.20292580184453657,NAV2,ACTIVE,True,True,True,False
8.807402761000048,128.45416016934877,101.41592425775895,-0.07856043746418263,1.3442654161109164,-0.009209556645118513,-0.07743958651500593,0.1879322984272774,127.40973714793016,103.08786913691256,-0.35620784056905563,-0.04641919670237411,1.3424340770831775,-0.04980939102400619,-0.14687066005433638,0.21447303420243757,0.013,0.233,0.23336237914453994,0.4775353670120239,-0.1544943004846573,0.2267156809750926,0.21447303420243757,946.0,0.2151737313191052,NAV2,ACTIVE,True,True,True,False
8.851726503999998,128.458075943803,101.42134899645534,-0.08005761157857712,1.3595910575339842,-0.010406610573187652,-0.08005761157857715,0.20291178635352033,127.40973714793016,103.08786913691256,-0.35620784056905563,-0.04641919670237411,1.3512355206517017,-0.05112925869566247,-0.1495089520760263,0.23691788661897176,0.013,0.233,0.23336237914453994,0.4775353670120239,-0.1544943004846573,0.2267156809750926,0.23691788661897176,1134.0,0.22018431561995727,NAV2,ACTIVE,True,True,True,False
8.893718368000009,128.45932670911998,101.43140550871686,-0.08207560377792647,1.3674545530085003,-0.011040040511748948,-0.08207560377792644,0.2097318875526126,127.41291226513619,103.11724921554611,-0.3631889723877699,-0.049101873762178616,1.3611145894526173,-0.05263987173785067,-0.15247660385914685,0.24326592568627434,0.013,0.233,0.23336237914453994,0.4715176224708557,-0.16257750988006592,0.2267156809750926,0.24326592568627434,1081.0,0.22018431561995727,NAV2,ACTIVE,True,True,True,False
8.934231942000224,128.4678012919843,101.43070865359374,-0.08402668394071491,1.375929135872846,-0.011736895634880801,-0.08402668394071489,0.21851263504446333,127.41291226513619,103.11724921554611,-0.3631889723877699,-0.049101873762178616,1.3713327563396853,-0.0542343781474334,-0.1555770643183954,0.2727389642130364,0.054,0.18,0.1879255171603899,0.4715176224708557,-0.16257750988006592,0.2267156809750926,0.2727389642130364,1250.0,0.22435979478031506,NAV2,ACTIVE,True,True,True,False
8.97465160000047,128.47476549822872,101.44610118317547,-0.08706214523366995,1.3933265516874516,-0.013211118394799218,-0.08706214523366995,0.23501354810130948,127.41291226513619,103.11724921554611,-0.3631889723877699,-0.049101873762178616,1.3876201171557423,-0.056845887002868994,-0.1607006200086529,0.2833946012188657,0.054,0.18,0.1879255171603899,0.46350526809692383,-0.16721755266189575,0.2267156809750926,0.25890930767355574,1250.0,0.23131881811598023,NAV2,ACTIVE,True,True,True,False
9.015639920000467,128.4843952581724,101.4452611745655,-0.08911862192389998,1.4029563116311594,-0.014051127004778428,-0.08911862192389998,0.24649544050612276,127.41217476258032,103.1425859906745,-0.37137114178710234,-0.05441269994661311,1.3993709344988774,-0.05878454913129599,-0.16444937851488395,0.2833946012188657,0.084,0.281,0.29328654929948633,0.46350526809692383,-0.16721755266189575,0.2267156809750926,0.31264092406465266,1250.0,0.23215387671436116,NAV2,ACTIVE,True,True,True,False
9.065431234999778,128.4898791733052,101.45052550460757,-0.0913863472011629,1.412246199332476,-0.014884371137656258,-0.0913863472011629,0.2540661480587009,127.41217476258032,103.1425859906745,-0.37137114178710234,-0.05441269994661311,1.4107912989990448,-0.06071290954524737,-0.16822106494995223,0.30719974772125047,0.084,0.281,0.29328654929948633,0.46350526809692383,-0.16721755266189575,0.2267156809750926,0.30719974772125047,1355.0,0.2441233447245383,NAV2,ACTIVE,True,True,True,False
9.10569517500062,128.49232027863155,101.46055254794739,-0.09332179395112085,1.4214747413267688,-0.015731525600261902,-0.09332179395112083,0.25971895148976876,127.41127026460236,103.16946205709857,-0.3810301781225247,-0.06016416864000291,1.4225327969748294,-0.06274266528415232,-0.17216571492031893,0.2833946012188657,0.125,0.309,0.333325666578498,0.46350526809692383,-0.16721755266189575,0.2267156809750926,0.2833946012188657,1250.0,0.2471854899905773,NAV2,ACTIVE,True,True,True,False
9.147356631000548,128.50848434806085,101.46462343308558,-0.09761910168826399,1.4413943371509121,-0.017619935823162042,-0.09761910168826393,0.27591837639230676,127.41127026460236,103.16946205709857,-0.3810301781225247,-0.06016416864000291,1.434702859375335,-0.06489763175140267,-0.17628412802941973,0.3153615122363538,0.125,0.309,0.333325666578498,0.455603688955307,-0.16638785600662231,0.2267156809750926,0.3153615122363538,1391.0,0.24829887042700946,NAV2,ACTIVE,True,True,True,False
9.190986172000521,128.5105537916147,101.47486269022403,-0.09999220451494342,1.450482430144216,-0.01851792035157184,-0.0999922045149435,0.27680858516653123,127.41127026460236,103.16946205709857,-0.3810301781225247,-0.06016416864000291,1.4455294126601277,-0.06685695327186676,-0.1799543544896802,0.27681984647058805,0.125,0.309,0.333325666578498,0.455603688955307,-0.16638785600662231,0.2267156809750926,0.27681984647058805,1322.0,0.24885551410311224,NAV2,ACTIVE,True,True,True,False
9.234469109000202,128.52014630182848,101.473894674506,-0.10245016457999687,1.460074940357985,-0.019485936069598316,-0.1024501645799969,0.28037669486697786,127.41023794935184,103.1977098124305,-0.39133993048457955,-0.0662691639747879,1.4568981220065176,-0.06895923303105442,-0.18381516123747937,0.2788602875993639,0.057,0.233,0.2398707985562228,0.44957485795021057,-0.16378292441368103,0.2267156809750926,0.2788602875993639,1203.0,0.24885551410311224,NAV2,ACTIVE,True,True,True,False
9.274715508000554,128.52775411217252,101.48918177635609,-0.10752443870860921,1.4786500925944566,-0.021437249740090106,-0.10752443870860916,0.28285405542707814,127.41023794935184,103.1977098124305,-0.39133993048457955,-0.0662691639747879,1.4734745534499163,-0.0721053670020437,-0.18943536390742022,0.2788602875993639,0.057,0.233,0.2398707985562228,0.44957485795021057,-0.16378292441368103,0.2267156809750926,0.2901960716481185,1230.0,0.24829887042700946,NAV2,ACTIVE,True,True,True,False
9.315463777999867,128.53683912069434,101.48819088147977,-0.11009680157516841,1.4877351011162707,-0.02242814461640766,-0.11009680157516843,0.2824500240916389,127.40913535467058,103.22711290866202,-0.40250427711624065,-0.07262867792668223,1.4852100860392827,-0.07439185016965782,-0.1934085287608321,0.3153615122363538,0.081,0.198,0.21392755783208484,0.44957485795021057,-0.16378292441368103,0.2267156809750926,0.3153615122363538,1391.0,0.24746367220228854,NAV2,ACTIVE,True,True,True,False
9.365341249999801,128.5429766967176,101.4933410296183,-0.11271119951027625,1.4978968980808145,-0.02355492036838278,-0.1127111995102763,0.28827286071337804,127.40913535467058,103.22711290866202,-0.40250427711624065,-0.07262867792668223,1.4965263372479187,-0.07664196079793079,-0.19723459959148795,0.2833946012188657,0.081,0.198,0.21392755783208484,0.44536149501800537,-0.1620115339756012,0.2267156809750926,0.2833946012188657,1250.0,0.2469069819840723,NAV2,ACTIVE,True,True,True,False
9.406584166999892,128.55579803194817,101.5021509444999,-0.11871892012343778,1.507347991430196,-0.02463541483834315,-0.11564551484324069,0.2890829806109609,127.40804584828741,103.25562872441562,-0.4140340194077572,-0.07850191449465922,1.5094672981058648,-0.07927225043214621,-0.2016113218973575,0.33259190399046085,0.225,0.302,0.3766019118379512,0.44536149501800537,-0.1620115339756012,0.2267156809750926,0.33259190399046085,1467.0,0.2469069819840723,NAV2,ACTIVE,True,True,True,False
9.450783412999954,128.56210838663495,101.50724096544869,-0.12207979213769883,1.5282507754292218,-0.02710682571507098,-0.1220797921376988,0.3002747729197876,127.40804584828741,103.25562872441562,-0.4140340194077572,-0.07850191449465922,1.5215172769265501,-0.08177356873251339,-0.20569018349403756,0.3180821004080549,0.225,0.302,0.3766019118379512,0.44536149501800537,-0.1620115339756012,0.2267156809750926,0.3180821004080549,1454.0,0.2469069819840723,NAV2,ACTIVE,True,True,True,False
9.491812291000315,128.56526330435224,101.51715462786211,-0.12553442470160817,1.5386432004652988,-0.028389627370210887,-0.12553442470160817,0.3041797133567396,127.40804584828741,103.25562872441562,-0.4140340194077572,-0.07850191449465922,1.534228562482026,-0.0844685526742834,-0.20999903624956642,0.320802688579756,0.225,0.302,0.3766019118379512,0.4424706995487213,-0.16254453361034393,0.2267156809750926,0.320802688579756,1441.0,0.2471854899905773,NAV2,ACTIVE,True,True,True,False
9.53399780000018,128.5759745051083,101.51579845235035,-0.12874345507484192,1.5493544012213334,-0.029745802881979398,-0.12874345507484186,0.30902840946060084,127.40907070571505,103.28529992024397,-0.4260214046500854,-0.08277368740671806,1.547044371614199,-0.08724398250984225,-0.21435634076258794,0.3296446001377846,0.08,0.256,0.26820887382784336,0.4424706995487213,-0.16254453361034393,0.2267156809750926,0.3296446001377846,1467.0,0.24802045550473134,NAV2,ACTIVE,True,True,True,False
9.574202118999892,128.58503057752378,101.5307910842289,-0.13371896416589069,1.5699312284119948,-0.03245039218209086,-0.13371896416589069,0.31266390306455294,127.40907070571505,103.28529992024397,-0.4260214046500854,-0.08277368740671806,1.5598002352143019,-0.09006479642215044,-0.2187304045029561,0.320802688579756,0.08,0.256,0.26820887382784336,0.4424706995487213,-0.16254453361034393,0.2267156809750926,0.320802688579756,1367.0,0.24996898762377115,NAV2,ACTIVE,True,True,True,False
9.614967597000032,128.59538285585072,101.52938931638126,-0.1362786059414498,1.580283506738924,-0.033852160029724396,-0.1362786059414498,0.314288491053156,127.4098903663473,103.31606374554798,-0.43627866918166897,-0.08756013063754045,1.5779582708721578,-0.09418066854669796,-0.22499227392786927,0.3153615122363538,0.069,0.287,0.29517791245281205,0.4424706995487213,-0.16254453361034393,0.2267156809750926,0.3022120027397984,1391.0,0.2508040927642655,NAV2,ACTIVE,True,True,True,False
9.665407172999949,128.60159975155685,101.53429164195872,-0.13898864622722013,1.5906536863593697,-0.035285052669092,-0.13898864622722007,0.31590091834026773,127.4098903663473,103.31606374554798,-0.43627866918166897,-0.08756013063754045,1.5896584027657943,-0.09689582933597218,-0.22903763121474383,0.2997181302490724,0.069,0.287,0.29517791245281205,0.44011804461479187,-0.16436909139156342,0.2267156809750926,0.2997181302490724,1322.0,0.25108246114443017,NAV2,ACTIVE,True,True,True,False
9.706315164999978,128.6044624895886,101.54435126954345,-0.14178933746090516,1.6010737543919926,-0.03675301040723349,-0.14178933746090516,0.3174692409748621,127.41256324577391,103.34773473637308,-0.44581938954436046,-0.09098255773296725,1.601597655854456,-0.09971840415217784,-0.2331872887691492,0.29473038526762035,0.069,0.287,0.29517791245281205,0.44011804461479187,-0.16436909139156342,0.2267156809750926,0.29473038526762035,1300.0,0.25247425650314065,NAV2,ACTIVE,True,True,True,False
9.750900849000573,128.6185826061846,101.54817705829844,-0.1471445764794086,1.619478948041029,-0.039454181128052324,-0.1471445764794086,0.3104683047422796,127.41256324577391,103.34773473637308,-0.44581938954436046,-0.09098255773296725,1.6126563476934799,-0.10237875923929894,-0.23704468861863576,0.2972242577583464,0.13,0.278,0.3068941185490527,0.4378890097141266,-0.16546188294887543,0.2267156809750926,0.2972242577583464,1322.0,0.25303103980558345,NAV2,ACTIVE,True,True,True,False
9.791561809000086,128.62077712465373,101.55827454751912,-0.1498409112334546,1.6292649444346465,-0.04091990726172298,-0.14984091123345467,0.3101637796924603,127.41256324577391,103.34773473637308,-0.44581938954436046,-0.09098255773296725,1.624031426033664,-0.1051627518266812,-0.24102031317932254,0.2833946012188657,0.13,0.278,0.3068941185490527,0.4378890097141266,-0.16546188294887543,0.2267156809750926,0.2833946012188657,1259.0,0.25330940818574826,NAV2,ACTIVE,True,True,True,False
9.834328427999935,128.62926480786024,101.55695607324425,-0.15257606554851402,1.6377526276411485,-0.042238381536596536,-0.15257606554851397,0.30378725157129377,127.41480911693868,103.38019798433284,-0.45563383623534204,-0.09505723235332582,1.63530583094526,-0.10796939581007875,-0.24496673621560228,0.29473038526762035,0.203,0.276,0.34261494421580624,0.4378890097141266,-0.16546188294887543,0.2267156809750926,0.29473038526762035,1230.0,0.25330940818574826,NAV2,ACTIVE,True,True,True,False
9.874686658000428,128.63510461919765,101.57237804876098,-0.1576380509477113,1.6556132920617095,-0.04504708361713523,-0.15763805094771133,0.29939133497652864,127.41480911693868,103.38019798433284,-0.45563383623534204,-0.09505723235332582,1.651912871670121,-0.11218948371634067,-0.2507868872962299,0.29473038526762035,0.203,0.276,0.34261494421580624,0.43605056405067444,-0.16584442555904388,0.2267156809750926,0.28543504234764155,1300.0,0.25330940818574826,NAV2,ACTIVE,True,True,True,False
9.914987764000216,128.64425649380811,101.57090240228692,-0.16081275891756208,1.6647651666721597,-0.04652273009119388,-0.16081275891756208,0.29760941381380085,127.42087543684531,103.41123126045187,-0.46282742961179846,-0.0953176528730727,1.6574559488438454,-0.11362101497683665,-0.252733511458032,0.2811274444091148,0.011,0.342,0.3421768548572507,0.43605056405067444,-0.16584442555904388,0.2267156809750926,0.2811274444091148,1203.0,0.25358773002379953,NAV2,ACTIVE,True,True,True,False
9.965352191999955,128.64816585416781,101.57616678640426,-0.1640715742551704,1.6730428471258576,-0.04789859672317619,-0.16407157425517035,0.2923018861510932,127.42087543684531,103.41123126045187,-0.46282742961179846,-0.0953176528730727,1.6731596679932952,-0.11773868366254618,-0.2582961406898127,0.2727389642130364,0.011,0.342,0.3421768548572507,0.4345076084136963,-0.1663162261247635,0.2267156809750926,0.2727389642130364,1203.0,0.25664973566349836,NAV2,ACTIVE,True,True,True,False
10.006795701000556,128.64945141416942,101.58641839087849,-0.16659780898676008,1.6820650277092979,-0.04940737141314154,-0.16659780898676013,0.29073318778271645,127.426134766812,103.44309150441097,-0.4714534611507419,-0.09675483002432611,1.6833385804244185,-0.1204575803794316,-0.26192381178864965,0.26094974880233157,0.089,0.109,0.14071957930579526,0.4345076084136963,-0.1663162261247635,0.2267156809750926,0.26094974880233157,1151.0,0.25692801095943635,NAV2,ACTIVE,True,True,True,False
10.05066820600041,128.6615646048001,101.59029102391189,-0.1711938720845043,1.6985891810331901,-0.05225300611389376,-0.1711938720845043,0.28184442373631796,127.426134766812,103.44309150441097,-0.4714534611507419,-0.09675483002432611,1.693740093518319,-0.1232771392657438,-0.2656402725589653,0.27069852308426057,0.089,0.109,0.14071957930579526,0.4345076084136963,-0.1663162261247635,0.2267156809750926,0.27069852308426057,1185.0,0.25748484080399275,NAV2,ACTIVE,True,True,True,False
10.091550117000224,128.66269629438662,101.60059640177968,-0.17365919921958106,1.7075071671250042,-0.05380681369350818,-0.17365919921958106,0.2809519200903574,127.426134766812,103.44309150441097,-0.4714534611507419,-0.09675483002432611,1.7040912922626792,-0.12612434272776887,-0.2693501961206594,0.26661764082670886,0.089,0.109,0.14071957930579526,0.4345076084136963,-0.1663162261247635,0.2267156809750926,0.26661764082670886,1151.0,0.25804148448009534,NAV2,ACTIVE,True,True,True,False
10.134098192000238,128.6711409934977,101.59909780974833,-0.176092353215965,1.715951866236086,-0.05530540572487521,-0.17609235321596506,0.27743613310763765,127.43274698387098,103.47363147534875,-0.4774655850509868,-0.09663339984775886,1.7141612205508754,-0.12893381850017582,-0.27297947298817454,0.26094974880233157,0.216,0.172,0.27611591768675703,0.4334317445755005,-0.16666120290756226,0.2267156809750926,0.26094974880233157,1142.0,0.25943337292303253,NAV2,ACTIVE,True,True,True,False
10.174640934999843,128.6757603258464,101.6147933303778,-0.18014420822243332,1.7328351760535317,-0.05835062258132244,-0.18014420822243338,0.2727129897867439,127.43274698387098,103.47363147534875,-0.4774655850509868,-0.09663339984775886,1.7290309305501863,-0.13315441469072797,-0.27835693648529714,0.2534681313301535,0.216,0.172,0.27611591768675703,0.4334317445755005,-0.16666120290756226,0.2267156809750926,0.26094974880233157,1118.0,0.25971160167685703,NAV2,ACTIVE,True,True,True,False
10.215226854999855,128.68407768428133,101.61326346247888,-0.18250506769371463,1.7411525344884713,-0.059880490480238746,-0.18250506769371458,0.26848806167855455,127.44049915335927,103.50292364397534,-0.48194872871363525,-0.09522334135971525,1.7389251531509018,-0.13601072908489437,-0.28193965976529717,0.25890930767355574,0.157,0.278,0.3192694786540048,0.4334317445755005,-0.16666120290756226,0.2267156809750926,0.2534681313301535,1142.0,0.25971160167685703,NAV2,ACTIVE,True,True,True,False
10.265317145000154,128.68755231827052,101.61861373011689,-0.18494404714035717,1.749078345228747,-0.06135576617373787,-0.18494404714035717,0.26540832277195403,127.44049915335927,103.50292364397534,-0.48194872871363525,-0.09522334135971525,1.7484029186924985,-0.13878249586747038,-0.2853732821097863,0.2450796511340751,0.157,0.278,0.3192694786540048,0.4334787428379059,-0.16890260577201843,0.2267156809750926,0.2450796511340751,1081.0,0.25943337292303253,NAV2,ACTIVE,True,True,True,False
10.30558316600036,128.68789637337673,101.6291309834552,-0.18731106724230887,1.7572893584713087,-0.062901898912778,-0.18731106724230887,0.2630592006822149,127.44922446750074,103.53110689296736,-0.4864589805975595,-0.09278855566884237,1.7583538868193083,-0.1417312437141195,-0.28898769317378603,0.26094974880233157,0.062,0.103,0.12022063050907693,0.4334787428379059,-0.16890260577201843,0.2267156809750926,0.26094974880233157,1151.0,0.2599900165991353,NAV2,ACTIVE,True,True,True,False
10.347297029999936,128.69937982406375,101.63292120849162,-0.19105071881575808,1.773213993913776,-0.06595288121249587,-0.1910507188157582,0.2559797751354136,127.44922446750074,103.53110689296736,-0.4864589805975595,-0.09278855566884237,1.7673911125120516,-0.14444240094730815,-0.2922785417124409,0.2294362691467937,0.062,0.103,0.12022063050907693,0.4334787428379059,-0.16890260577201843,0.2267156809750926,0.2294362691467937,1012.0,0.2605468464436915,NAV2,ACTIVE,True,True,True,False
10.39168477000021,128.69952713631525,101.6435452124421,-0.19270549135521758,1.7812740336781399,-0.06751765401661337,-0.1927054913552175,0.2542759993329606,127.44922446750074,103.53110689296736,-0.4864589805975595,-0.09278855566884237,1.7767816637773532,-0.1472943907360765,-0.29571574646741394,0.25188112156332787,0.062,0.103,0.12022063050907693,0.4342932105064392,-0.17193840444087982,0.2267156809750926,0.25188112156332787,1019.0,0.26193845563394824,NAV2,ACTIVE,True,True,True,False
10.434042566000244,128.70731065661272,101.64201914791086,-0.19458343421114513,1.7890575539755849,-0.06904371854785922,-0.19458343421114502,0.2510068482653256,127.45879131581987,103.55829352286989,-0.48876924287458495,-0.08954070455253657,1.785681399888968,-0.1500296659886931,-0.2990060786973835,0.2294362691467937,-0.027,0.241,0.2425077318355025,0.4342932105064392,-0.17193840444087982,0.2267156809750926,0.2294362691467937,1103.0,0.2652788761959254,NAV2,ACTIVE,True,True,True,False
10.4746688740006,128.71089911382364,101.65799591839676,-0.19855585010311172,1.8050213186138016,-0.07221983419661729,-0.19855585010311172,0.2491200291176952,127.45879131581987,103.55829352286989,-0.48876924287458495,-0.08954070455253657,1.7997684908337865,-0.1544265249435109,-0.3043070683158024,0.2385048963857974,-0.027,0.241,0.2425077318355025,0.43504229187965393,-0.1745566874742508,0.2267156809750926,0.2534681313301535,1052.0,0.26889771168018045,NAV2,ACTIVE,True,True,True,False
10.515304225000364,128.71833423697598,101.65649267749201,-0.20067427641807445,1.8124564417661588,-0.07372307510135884,-0.20067427641807445,0.24469747104041897,127.46489970526551,103.5866699409093,-0.4938301282857895,-0.08975579741991246,1.80849119164585,-0.15718970334397958,-0.30760450397497985,0.23102327891361935,0.161,0.189,0.2482780699135548,0.43504229187965393,-0.1745566874742508,0.2267156809750926,0.22512867120826693,1019.0,0.26889771168018045,NAV2,ACTIVE,True,True,True,False
10.565431501000603,128.7214456685422,101.66187592681673,-0.2026106354200725,1.8200313936463208,-0.07526984332579073,-0.2026106354200725,0.24206227612531012,127.46489970526551,103.5866699409093,-0.4938301282857895,-0.08975579741991246,1.8170611402147494,-0.15993545488033745,-0.3108717819117395,0.2133394557975621,0.161,0.189,0.2482780699135548,0.43504229187965393,-0.1745566874742508,0.2267156809750926,0.2133394557975621,941.0,0.2716812093133743,NAV2,ACTIVE,True,True,True,False
10.606314847999784,128.7207941556849,101.672731997003,-0.20461567596378272,1.8341893291503624,-0.07820497510826024,-0.2065869909878475,0.2321667493314074,127.47002184523355,103.61402132341509,-0.4991114651236757,-0.09040362228754731,1.825182069514715,-0.16256548251882647,-0.3139726465089133,0.2224080830365658,0.006,0.252,0.25207141845120007,0.43504229187965393,-0.1745566874742508,0.2267156809750926,0.2224080830365658,981.0,0.2716812093133743,NAV2,ACTIVE,True,True,True,False
10.647365021000041,128.72968885408054,101.67698068241423,-0.20871951318218154,1.8407759396361805,-0.07959183874315126,-0.20871951318218154,0.22546857186920857,127.47002184523355,103.61402132341509,-0.4991114651236757,-0.09040362228754731,1.832978092730316,-0.16511630786079606,-0.3169652410168431,0.19814950517223093,0.006,0.252,0.25207141845120007,0.4349544942378998,-0.1740024834871292,0.2267156809750926,0.19814950517223093,874.0,0.2736297414324143,NAV2,ACTIVE,True,True,True,False
10.69224467999993,128.7283646484825,101.68793408365921,-0.21050346721486654,1.8473924270548852,-0.08099728678910814,-0.21050346721486649,0.22047940880531536,127.47002184523355,103.61402132341509,-0.4991114651236757,-0.09040362228754731,1.8402923466567935,-0.16753278538280056,-0.3197951744749936,0.20132352470588222,0.006,0.252,0.25207141845120007,0.4349544942378998,-0.1740024834871292,0.2267156809750926,0.20132352470588222,893.0,0.2750215367911246,NAV2,ACTIVE,True,True,True,False
10.735305785000492,128.73484975476936,101.68654442630543,-0.2121216424468871,1.853877533341737,-0.08238694414289625,-0.21212164244688705,0.21559392828658733,127.47422938587967,103.64252004915781,-0.5049348655216082,-0.09229605332609986,1.847410990727763,-0.16990660003727423,-0.32255323216112197,0.17253063322204545,0.026,0.127,0.129634100452003,0.4345642328262329,-0.1704244315624237,0.2267156809750926,0.17253063322204545,723.0,0.2750215367911246,NAV2,ACTIVE,True,True,True,False
10.776872858000388,128.73419742451588,101.70355656145422,-0.2152935316223737,1.8657386157552778,-0.08495793476207222,-0.21529353162237364,0.20217188450824514,127.47422938587967,103.64252004915781,-0.5049348655216082,-0.09229605332609986,1.8573877010097009,-0.17326971232480243,-0.3264201914978523,0.1868137211234763,0.026,0.127,0.129634100452003,0.4345642328262329,-0.1704244315624237,0.2267156809750926,0.1868137211234763,824.0,0.2744648931150219,NAV2,ACTIVE,True,True,True,False
10.817011304000516,128.73996715467226,101.70229124808053,-0.21710312095982648,1.8715083459116508,-0.08622324813576611,-0.21710312095982642,0.19628498253687632,127.47554653596659,103.67001873772068,-0.5106350532275759,-0.09593241667154652,1.8636841507219757,-0.17541410099546592,-0.32885905390007714,0.16028798644939046,0.091,0.158,0.18233211456021672,0.4345642328262329,-0.1704244315624237,0.2267156809750926,0.16028798644939046,707.0,0.2744648931150219,NAV2,ACTIVE,True,True,True,False
10.865315682000073,128.74076991887617,101.70821637562311,-0.2186123652469778,1.8768484030381933,-0.08740341068905305,-0.2186123652469778,0.1888176538616711,127.47554653596659,103.67001873772068,-0.5106350532275759,-0.09593241667154652,1.8698699136978851,-0.17753742403160816,-0.33125700216510623,0.1677696039215685,0.091,0.158,0.18233211456021672,0.43468379974365234,-0.16619987785816193,0.2267156809750926,0.1677696039215685,740.0,0.2744648931150219,NAV2,ACTIVE,True,True,True,False
10.905929758000639,128.73850542525176,101.71949996232095,-0.22009211063711698,1.8877758299598937,-0.08984462060253424,-0.22168010294348583,0.17936973035498743,127.47636661369619,103.69657191212208,-0.5160063868706666,-0.09941073289937558,1.8760263102913002,-0.17966714079508472,-0.33364667206379567,0.15688725123476407,0.132,0.058,0.1441804425017485,0.43468379974365234,-0.16619987785816193,0.2267156809750926,0.15688725123476407,692.0,0.2744648931150219,NAV2,ACTIVE,True,True,True,False
10.95122234200062,128.7443933915896,101.7243885561173,-0.22330653296570807,1.8931177502624106,-0.0910519755134984,-0.22330653296570802,0.17522885529394755,127.47636661369619,103.69657191212208,-0.5160063868706666,-0.09941073289937558,1.8820596760198727,-0.18177016966773032,-0.33598022525486587,0.16935661368839416,0.132,0.058,0.1441804425017485,0.43468379974365234,-0.16619987785816193,0.2267156809750926,0.16935661368839416,701.0,0.27307309775631144,NAV2,ACTIVE,True,True,True,False
10.991410526999971,128.741784515661,101.73568873752022,-0.22480437638374748,1.8984856144958886,-0.09227357664418266,-0.22480437638374748,0.17240142064221833,127.47636661369619,103.69657191212208,-0.5160063868706666,-0.09941073289937558,1.8879227730061539,-0.18382888187451163,-0.33824863394790144,0.15167279057233693,0.132,0.058,0.1441804425017485,0.43502479791641235,-0.1640356034040451,0.2267156809750926,0.15167279057233693,711.0,0.27307309775631144,NAV2,ACTIVE,True,True,True,False
11.037607871000546,128.74684869181615,101.73452826564761,-0.226178357121765,1.9035497906510321,-0.09343404851680451,-0.226178357121765,0.16823380429951604,127.47883605477392,103.72226849436726,-0.5204060835422064,-0.10116857077831579,1.8977015468633585,-0.18729649556936268,-0.34202835805617654,0.17026347641229453,0.134,0.083,0.15762296786953353,0.43502479791641235,-0.1640356034040451,0.2267156809750926,0.1709436234552198,751.0,0.2725162679117552,NAV2,ACTIVE,True,True,True,False
11.085337238000648,128.74513846594417,101.75187514027512,-0.22974793321096465,1.9144473213725168,-0.09595935948935,-0.22974793321096465,0.16591397435900299,127.47883605477392,103.72226849436726,-0.5204060835422064,-0.10116857077831579,1.9036753353564597,-0.18943497763663847,-0.344336556600926,0.1718504861791202,0.134,0.083,0.15762296786953353,0.43502479791641235,-0.1640356034040451,0.2267156809750926,0.1718504861791202,758.0,0.2719596242356526,NAV2,ACTIVE,True,True,True,False
11.127035010000327,128.75095018698323,101.75051324163755,-0.23154220851254956,1.920259042411599,-0.09732125812693652,-0.23154220851254956,0.167238005450045,127.47951683751309,103.74109348235805,-0.5242150888658852,-0.10276821762778138,1.9105665428408358,-0.19192187834456428,-0.34700050035890573,0.18227940750397445,0.126,0.198,0.23469128658729535,0.4363439679145813,-0.15138553082942963,0.2267156809750926,0.18227940750397445,804.0,0.2719596242356526,NAV2,ACTIVE,True,True,True,False
11.172534258999804,128.75000443639388,101.76764012918665,-0.2351735660546082,1.9261610245777272,-0.09871611990389798,-0.23328426239420572,0.16880679740163612,127.47951683751309,103.74109348235805,-0.5242150888658852,-0.10276821762778138,1.917222941298983,-0.1943436037103314,-0.34957609695325365,0.18318627022787481,0.126,0.198,0.23469128658729535,0.4363439679145813,-0.15138553082942963,0.2267156809750926,0.18318627022787481,808.0,0.2719596242356526,NAV2,ACTIVE,True,True,True,False
11.21461881400046,128.75654627904598,101.76606918986045,-0.23721901486219155,1.9384897404525248,-0.10166608431998851,-0.23721901486219155,0.17432633226795566,127.48406071060992,103.77123630676124,-0.5298814446280202,-0.10368531040093161,1.9245267008901983,-0.19702328008974573,-0.3523272525509556,0.18885416225225213,0.1,0.159,0.18783237207680684,0.4363439679145813,-0.15138553082942963,0.2267156809750926,0.18885416225225213,869.0,0.26333034407688544,NAV2,ACTIVE,True,True,True,False
11.265351754999756,128.75909328535874,101.7716363229961,-0.2391065519275041,1.9456375607739627,-0.1033973760041653,-0.23910655192750416,0.18223641645685745,127.48406071060992,103.77123630676124,-0.5298814446280202,-0.10368531040093161,1.9362421969980919,-0.20136984694046836,-0.3567370444087785,0.2133394557975621,0.1,0.159,0.18783237207680684,0.4380277991294861,-0.14018428325653076,0.2267156809750926,0.2133394557975621,941.0,0.26360875899916353,NAV2,ACTIVE,True,True,True,False
11.306373993999841,128.7576899080287,101.78276160001366,-0.24120051611398802,1.9591437434149768,-0.10671415262954215,-0.2434236713612354,0.18955907479440315,127.4889037225553,103.7951217620837,-0.5344376451298244,-0.10288706645748018,1.943870679910457,-0.20423115687027474,-0.3595388975352244,0.20948528922098555,0.203,0.087,0.22085742007005335,0.4380277991294861,-0.14018428325653076,0.2267156809750926,0.20948528922098555,924.0,0.25525784722056133,NAV2,ACTIVE,True,True,True,False
11.347406378000414,128.76745394654236,101.78649046316858,-0.24563559908595733,1.9666132975138964,-0.10857262976344946,-0.24563559908595733,0.19753585210809635,127.4889037225553,103.7951217620837,-0.5344376451298244,-0.10288706645748018,1.952288878543508,-0.207417398529588,-0.3625914954180909,0.2133394557975621,0.203,0.087,0.22085742007005335,0.4380277991294861,-0.14018428325653076,0.2267156809750926,0.2133394557975621,941.0,0.2527526248833053,NAV2,ACTIVE,True,True,True,False
11.39138693699988,128.76590963557854,101.79769818376752,-0.24751828029414036,1.9731499712091793,-0.11021523752389308,-0.24751828029414025,0.19798138826908424,127.4889037225553,103.7951217620837,-0.5344376451298244,-0.10288706645748018,1.960345060107474,-0.2104938676939873,-0.3655128349286535,0.23102327891361935,0.203,0.087,0.22085742007005335,0.4398372173309326,-0.13308928906917572,0.2267156809750926,0.23102327891361935,1059.0,0.25247425650314065,NAV2,ACTIVE,True,True,True,False
11.436646764000216,128.7739070030389,101.7956746609202,-0.24938876518026873,1.9811473386695344,-0.11223876037120216,-0.24938876518026865,0.20706268631239438,127.49292099052634,103.81852137739408,-0.5395174240587717,-0.10261092609158476,1.9690637332627239,-0.21385416169637114,-0.36864397478343947,0.22376837712241637,0.012,0.199,0.19936148073286375,0.4398372173309326,-0.13308928906917572,0.2267156809750926,0.22376837712241637,981.0,0.24746367220228854,NAV2,ACTIVE,True,True,True,False
11.48541854799987,128.7759228119635,101.8121071018972,-0.2546258505118752,1.9958665467265277,-0.11602267031173043,-0.25462585051187503,0.21444484362958047,127.49292099052634,103.81852137739408,-0.5395174240587717,-0.10261092609158476,1.9823507659835085,-0.2190342006082808,-0.37326157816229405,0.2534681313301535,0.012,0.199,0.19936148073286375,0.44144207239151,-0.13030341267585754,0.2267156809750926,0.2534681313301535,1118.0,0.23966959026824244,NAV2,ACTIVE,True,True,True,False
11.527324469000632,128.78422050879345,101.80994215532674,-0.2573683826497764,2.004164243556464,-0.11818761688219609,-0.2573683826497764,0.22232029484303645,127.49830229347381,103.83943543681204,-0.5446954504544963,-0.1003969077564334,1.9912088823630274,-0.2225266783813492,-0.37631535847934017,0.23102327891361935,0.139,0.207,0.24933912649241394,0.44144207239151,-0.13030341267585754,0.2267156809750926,0.23102327891361935,1019.0,0.23772110469131594,NAV2,ACTIVE,True,True,True,False
11.570927421000306,128.78741657121049,101.81532393160634,-0.259793795588831,2.012048426171004,-0.12026753162717221,-0.259793795588831,0.22737655793714007,127.49830229347381,103.83943543681204,-0.5446954504544963,-0.1003969077564334,2.000717642963499,-0.22631085424872563,-0.37956407358117134,0.25890930767355574,0.139,0.207,0.24933912649241394,0.44144207239151,-0.13030341267585754,0.2267156809750926,0.25890930767355574,1081.0,0.23577257257227613,NAV2,ACTIVE,True,True,True,False
11.612350942000376,128.79495907822425,101.82396916519555,-0.2648552542416848,2.02764869673302,-0.12444717014312763,-0.2648552542416848,0.2331593507999469,127.50487998403331,103.8622882060007,-0.5505323030939455,-0.09836866570745861,2.0096353957922464,-0.22989193153149176,-0.3826146680650364,0.2323835729994699,0.014,0.241,0.2414062965210311,0.44144207239151,-0.13030341267585754,0.2267156809750926,0.2323835729994699,1073.0,0.2360508944103275,NAV2,ACTIVE,True,True,True,False
11.652835910000249,128.7984981409639,101.82908350780006,-0.2669312571067537,2.035786739928016,-0.1266583284198934,-0.2669312571067537,0.2375959604749524,127.50487998403331,103.8622882060007,-0.5505323030939455,-0.09836866570745861,2.018972719580001,-0.23367577127067124,-0.3858128607359426,0.25890930767355574,0.014,0.241,0.2414062965210311,0.4421255588531494,-0.12948563694953918,0.2267156809750926,0.25890930767355574,1052.0,0.2360508944103275,NAV2,ACTIVE,True,True,True,False
11.693371063000086,128.79796331469916,101.84003143843495,-0.26920501811150865,2.0434441094065146,-0.12875936324999065,-0.26920501811150865,0.23796820031466856,127.51046225596802,103.88486994151951,-0.5560352175563493,-0.0971823772089298,2.027467958128334,-0.23714791920900763,-0.3887261609895222,0.22376837712241637,0.014,0.241,0.2414062965210311,0.4421255588531494,-0.12948563694953918,0.2267156809750926,0.22376837712241637,1095.0,0.2360508944103275,NAV2,ACTIVE,True,True,True,False
11.734224927000469,128.80560935424504,101.8379146827573,-0.27150140453376775,2.0510901489523636,-0.1308761189276769,-0.2715014045337676,0.23783879555039214,127.51046225596802,103.88486994151951,-0.5560352175563493,-0.0971823772089298,2.0365292595679816,-0.24088384656396208,-0.391837491389103,0.2385048963857974,0.129,0.183,0.2238972978845435,0.4420184791088104,-0.12991638481616974,0.2267156809750926,0.2385048963857974,946.0,0.2360508944103275,NAV2,ACTIVE,True,True,True,False
11.774792248000267,128.80716638295308,101.85433122754115,-0.276134197486833,2.0654909685153644,-0.13491792669249972,-0.276134197486833,0.23352923189114186,127.51046225596802,103.88486994151951,-0.5560352175563493,-0.0971823772089298,2.0490476415777255,-0.24609865928894167,-0.3961423709023898,0.24326592568627434,0.129,0.183,0.2238972978845435,0.4420184791088104,-0.12991638481616974,0.2267156809750926,0.2224080830365658,1073.0,0.2360508944103275,NAV2,ACTIVE,True,True,True,False
11.81494420800027,128.8149231781376,101.85212636188312,-0.27853165003691,2.0732477636998903,-0.1371227923505406,-0.2785316500369101,0.23545003333182227,127.51718787656596,103.90922484497347,-0.5618581146812539,-0.09609912582447612,2.057449114934066,-0.2496340427996136,-0.39903259501785837,0.21832720077901416,0.166,0.14,0.2171543230055529,0.4420184791088104,-0.12991638481616974,0.2267156809750926,0.2385048963857974,963.0,0.23577257257227613,NAV2,ACTIVE,True,True,True,False
11.86543208600051,128.81719022155121,101.85757819064534,-0.2810264575894301,2.080172189611466,-0.13911076649595272,-0.2810264575894301,0.23137138251820707,127.51718787656596,103.90922484497347,-0.5618581146812539,-0.09609912582447612,2.06590532393526,-0.2532214055951793,-0.4019435243977909,0.2416789159194487,0.166,0.14,0.2171543230055529,0.4418228268623352,-0.13047148287296295,0.2267156809750926,0.2416789159194487,1066.0,0.23549411110788457,NAV2,ACTIVE,True,True,True,False
11.90612419900026,128.81658937555338,101.8684930576078,-0.28345933888088387,2.0952972167979076,-0.14351097067622878,-0.2860284982818424,0.23334494891244623,127.52497265792498,103.93106882264456,-0.5673318223762847,-0.09336773498103614,2.07456185988543,-0.2569240553711617,-0.4049238868420515,0.2294362691467937,0.019,0.201,0.2018960128382926,0.4418228268623352,-0.13047148287296295,0.2267156809750926,0.2294362691467937,1012.0,0.23521578926983316,NAV2,ACTIVE,True,True,True,False
11.947482128000047,128.82661335980083,101.87173178189082,-0.2888935704565422,2.1025360542927913,-0.1456489264806271,-0.2888935704565423,0.23163744465693878,127.52497265792498,103.93106882264456,-0.5673318223762847,-0.09336773498103614,2.0828616448937525,-0.26050249951877386,-0.4077801429719778,0.2267156809750926,0.019,0.201,0.2018960128382926,0.4418228268623352,-0.13047148287296295,0.2267156809750926,0.2267156809750926,1000.0,0.23465909905161705,NAV2,ACTIVE,True,True,True,False
11.991028512000412,128.82591360035406,101.88256994840694,-0.29201468689976906,2.109993138491504,-0.1478751065006381,-0.29201468689976906,0.23244422165508286,127.52497265792498,103.93106882264456,-0.5673318223762847,-0.09336773498103614,2.0914771158360574,-0.2642470593568225,-0.41074029698964065,0.23397058276629554,0.019,0.201,0.2018960128382926,0.4420030415058136,-0.1308874487876892,0.2267156809750926,0.23397058276629554,993.0,0.2341023157491743,NAV2,ACTIVE,True,True,True,False
12.034443932000613,128.8332208954169,101.8803663442073,-0.2946865892847872,2.117300433554343,-0.15007871070027343,-0.2946865892847872,0.23176718282110825,127.5336786484446,103.95273060048072,-0.5738800963524238,-0.09017935021618777,2.0999611245027867,-0.26796404905462395,-0.4136573343070217,0.22807597506094313,0.255,0.165,0.30372685096974883,0.4420030415058136,-0.1308874487876892,0.2267156809750926,0.22807597506094313,1045.0,0.2341023157491743,NAV2,ACTIVE,True,True,True,False
12.074869097000374,128.8352723884659,101.89653153612575,-0.29789190085118783,2.1322429802749894,-0.15463231396022012,-0.2978919008511878,0.2330598258454186,127.5336786484446,103.95273060048072,-0.5738800963524238,-0.09017935021618777,2.112653208092993,-0.2735798725600518,-0.41802823192364724,0.22807597506094313,0.255,0.165,0.30372685096974883,0.4420030415058136,-0.1308874487876892,0.2267156809750926,0.22807597506094313,1006.0,0.2341023157491743,NAV2,ACTIVE,True,True,True,False
12.115476314999796,128.8424235377739,101.89432804917116,-0.3002736964623658,2.1393941295829686,-0.1568358009148017,-0.3002736964623658,0.23083497098058567,127.54319465061265,103.97429120632627,-0.5777023813159072,-0.08667223668111121,2.120902150560712,-0.27726523187680835,-0.4208735392909607,0.22807597506094313,0.004,0.196,0.19604081207748555,0.4420030415058136,-0.1308874487876892,0.2267156809750926,0.21968749486486472,1006.0,0.2341023157491743,NAV2,ACTIVE,True,True,True,False
12.165384132999861,128.8450626462693,101.89988794313753,-0.3030090567720861,2.14693598685992,-0.15918068327073,-0.303009056772086,0.23179320447163596,127.54319465061265,103.97429120632627,-0.5777023813159072,-0.08667223668111121,2.129381191883561,-0.2810829671018194,-0.4237954412566289,0.2294362691467937,0.004,0.196,0.19604081207748555,0.4425390362739563,-0.13111375272274017,0.2267156809750926,0.2294362691467937,1012.0,0.23326725715079336,NAV2,ACTIVE,True,True,True,False
12.20643565499995,128.84424521126437,101.91051918543644,-0.30513962567290515,2.1611626040053977,-0.1636556920711577,-0.30708965448429915,0.22985297057342866,127.55335450201001,103.9957503018519,-0.5827359309542707,-0.0829602654747293,2.1375514119479746,-0.2847895854280155,-0.42660800084628336,0.2294362691467937,0.084,0.196,0.21324164696418943,0.4425390362739563,-0.13111375272274017,0.2267156809750926,0.2294362691467937,1012.0,0.23298888877062865,NAV2,ACTIVE,True,True,True,False
12.247528384999896,128.8540225617243,101.9134633587776,-0.3092030354407702,2.1685205923873436,-0.16599519478979313,-0.30920303544077005,0.23010094017984287,127.55335450201001,103.9957503018519,-0.5827359309542707,-0.0829602654747293,2.1459883390972676,-0.2886466203560481,-0.4295161953349249,0.22512867120826693,0.084,0.196,0.21324164696418943,0.44337210059165955,-0.130418062210083,0.2267156809750926,0.22512867120826693,993.0,0.23298888877062865,NAV2,ACTIVE,True,True,True,False
12.291354065000633,128.8528532797273,101.9245462704344,-0.31165328263094033,2.1755928073061543,-0.16826228378959893,-0.3116532826309402,0.22860687810650976,127.55335450201001,103.9957503018519,-0.5827359309542707,-0.0829602654747293,2.1539790539270305,-0.29232663892327143,-0.4322693969801649,0.22376837712241637,0.084,0.196,0.21324164696418943,0.44337210059165955,-0.130418062210083,0.2267156809750926,0.22376837712241637,1006.0,0.23243219855241257,NAV2,ACTIVE,True,True,True,False
12.334945706000326,128.8599999395097,101.92223780045704,-0.31388340658632874,2.1827394670885316,-0.1705707537669584,-0.31388340658632874,0.22801065102745896,127.5640824470946,104.01714906862202,-0.5873552564881459,-0.07913644897052867,2.1621341394504436,-0.29611001287728594,-0.4350779900231215,0.21447303420243757,0.077,0.2,0.2143105223734943,0.44337210059165955,-0.130418062210083,0.2267156809750926,0.21447303420243757,903.0,0.23215387671436116,NAV2,ACTIVE,True,True,True,False
12.376696013000583,128.8607073043594,101.93874827873172,-0.31743887290391587,2.1963051453316846,-0.1749983076697771,-0.31743887290391587,0.22280176861212211,127.5640824470946,104.01714906862202,-0.5873552564881459,-0.07913644897052867,2.173767822587625,-0.301555041077112,-0.439090917894077,0.2267156809750926,0.077,0.2,0.2143105223734943,0.4442170262336731,-0.1291518211364746,0.2267156809750926,0.2267156809750926,1000.0,0.23215387671436116,NAV2,ACTIVE,True,True,True,False
12.425587927999914,128.86767517101336,101.93645237226009,-0.3195950219954191,2.2032730119856536,-0.1772942141414179,-0.31959502199541895,0.22210730563251804,127.57315205060202,104.0385028265003,-0.5921073727972348,-0.07681820134034993,2.1813910067443745,-0.30515381002412273,-0.4417215845519576,0.1992830835771064,0.126,0.103,0.1627421273057471,0.4442170262336731,-0.1291518211364746,0.2267156809750926,0.1992830835771064,879.0,0.2315971864961451,NAV2,ACTIVE,True,True,True,False
12.471124254000642,128.86935579086494,101.94194550647981,-0.32206677199427514,2.2095990040521505,-0.17939533572158234,-0.32206677199427514,0.21722550012297207,127.57315205060202,104.0385028265003,-0.5921073727972348,-0.07681820134034993,2.1887734196210995,-0.3086620634867357,-0.44425892492135444,0.21197916171171158,0.126,0.103,0.1627421273057471,0.444887638092041,-0.12744149565696716,0.2267156809750926,0.21197916171171158,909.0,0.2304837129754861,NAV2,ACTIVE,True,True,True,False
12.513024629000029,128.8741723333453,101.95098846516593,-0.32558670417454033,2.222617229674094,-0.1837604909357006,-0.32558670417454033,0.21231687730459697,127.5849928741508,104.05773736167673,-0.5962532350693981,-0.07188893095416621,2.195976916515633,-0.3121073393655926,-0.4467392092135093,0.19384190723370415,0.059,0.185,0.19418032856085088,0.444887638092041,-0.12744149565696716,0.2267156809750926,0.19384190723370415,869.0,0.23076203481353746,NAV2,ACTIVE,True,True,True,False
12.553982315000212,128.8759031979662,101.95643748190965,-0.32733953286083733,2.228967595728095,-0.18590897833662684,-0.32733953286083745,0.20976391284305457,127.5849928741508,104.05773736167673,-0.5962532350693981,-0.07188893095416621,2.203356378463091,-0.3156596476947928,-0.4492713611644128,0.20721813241123463,0.059,0.185,0.19418032856085088,0.444887638092041,-0.12744149565696716,0.2267156809750926,0.20721813241123463,903.0,0.22937023945482704,NAV2,ACTIVE,True,True,True,False
12.594747722000648,128.8742410345866,101.96767279847835,-0.3296587496127384,2.235487274561911,-0.18813000138098426,-0.3296587496127384,0.2088247116155587,127.59710949446057,104.07720809270741,-0.6002025370558393,-0.06722928588706274,2.2140596352446424,-0.3208526376772115,-0.45294384565790313,0.1949754856385796,0.059,0.185,0.19418032856085088,0.444887638092041,-0.12744149565696716,0.2267156809750926,0.20018994630100675,860.0,0.22937023945482704,NAV2,ACTIVE,True,True,True,False
12.63553698099986,128.8804067242163,101.96555741875937,-0.3319863014634734,2.2416529641916254,-0.19024538109994588,-0.3319863014634734,0.2058711546420914,127.59710949446057,104.07720809270741,-0.6002025370558393,-0.06722928588706274,2.2178910484935472,-0.32272358886066965,-0.45425906911702446,0.21084558330683612,0.146,0.128,0.194164878389476,0.4451886713504791,-0.12516990303993225,0.2267156809750926,0.21084558330683612,935.0,0.22909187107466233,NAV2,ACTIVE,True,True,True,False
12.676797525999973,128.8807981537889,101.98211533979507,-0.3355792108414485,2.254788400508561,-0.19479442304318323,-0.33557921084144837,0.20606272664768704,127.59710949446057,104.07720809270741,-0.6002025370558393,-0.06722928588706274,2.2288253526322555,-0.32809701779796535,-0.4580143375727232,0.19384190723370415,0.146,0.128,0.194164878389476,0.4451886713504791,-0.12516990303993225,0.2267156809750926,0.19384190723370415,855.0,0.22853518085644625,NAV2,ACTIVE,True,True,True,False
12.72700506900037,128.88715562513323,101.97989258655353,-0.3375645369713283,2.2611458718529263,-0.19701717628468615,-0.33756453697132827,0.20489644702030108,127.60944550398615,104.09480769975693,-0.6042327423418921,-0.062042378784224445,2.2365855831419115,-0.331941859501028,-0.46066534229029976,0.21583332828828813,0.096,0.12,0.15367498169838836,0.4453047811985016,-0.12306669354438782,0.2267156809750926,0.21583332828828813,952.0,0.22686492403334427,NAV2,ACTIVE,True,True,True,False
12.771819239000251,128.88929913795846,101.9851779901919,-0.3398826343071413,2.267886799119387,-0.1993903871521031,-0.3398826343071413,0.20666348315507818,127.60944550398615,104.09480769975693,-0.6042327423418921,-0.062042378784224445,2.2438523115627955,-0.33556504439546625,-0.46314665784442716,0.2047242599205086,0.096,0.12,0.15367498169838836,0.4453047811985016,-0.12306669354438782,0.2267156809750926,0.2047242599205086,930.0,0.22686492403334427,NAV2,ACTIVE,True,True,True,False
12.812297225000293,128.89435252081773,101.99398250936036,-0.3436468023174201,2.2810296374341523,-0.20406170786859446,-0.3436468023174201,0.20731751587233618,127.6240701462622,104.11289462353713,-0.6079514188492786,-0.055794158866044344,2.2514180827490753,-0.33936147044949627,-0.4657211831881062,0.2133394557975621,0.05,0.179,0.18585209172887993,0.4453047811985016,-0.12306669354438782,0.2267156809750926,0.2133394557975621,919.0,0.22547317521674742,NAV2,ACTIVE,True,True,True,False
12.85277775800023,128.89656091462027,101.99920215729965,-0.3455754590249378,2.2877903849801466,-0.20648657376030013,-0.3455754590249378,0.20883466797505684,127.6240701462622,104.11289462353713,-0.6079514188492786,-0.055794158866044344,2.2591293675119344,-0.3432561088593426,-0.4683393700942537,0.21968749486486472,0.05,0.179,0.18585209172887993,0.4453047811985016,-0.12306669354438782,0.2267156809750926,0.21968749486486472,975.0,0.22491648499853115,NAV2,ACTIVE,True,True,True,False
12.89336228600041,128.89529727226335,102.01027808068552,-0.34796747583253923,2.294583384318596,-0.20893971958610508,-0.3479674758325393,0.2102266905127866,127.6385759013324,104.12933344939653,-0.6122158349377281,-0.04945091995068817,2.2670919828785214,-0.3473045316929897,-0.47104335366635436,0.2267156809750926,0.05,0.179,0.18585209172887993,0.444686621427536,-0.12203390151262283,0.2267156809750926,0.2267156809750926,1012.0,0.22463807007625303,NAV2,ACTIVE,True,True,True,False
12.934240080000563,128.9025540513756,102.00763948397585,-0.3503350728273538,2.3018401634308585,-0.21157831629578325,-0.3503350728273538,0.21452053463151777,127.6385759013324,104.12933344939653,-0.6122158349377281,-0.04945091995068817,2.2751894105434474,-0.3514494319410187,-0.4737920561346284,0.21968749486486472,0.102,0.112,0.15148597294799276,0.444686621427536,-0.12203390151262283,0.2267156809750926,0.21968749486486472,963.0,0.224081379858037,NAV2,ACTIVE,True,True,True,False
12.974762517000272,128.90375185175677,102.02379448754752,-0.35457710923455465,2.3155765337158187,-0.21662576262829752,-0.35457710923455465,0.2161178839160809,127.6385759013324,104.12933344939653,-0.6122158349377281,-0.04945091995068817,2.2869605381689415,-0.3575247416362572,-0.47779231551289836,0.23102327891361935,0.102,0.112,0.15148597294799276,0.4431314766407013,-0.12186238914728165,0.2267156809750926,0.22104778895071528,1019.0,0.224081379858037,NAV2,ACTIVE,True,True,True,False
13.015044626000417,128.9111111390879,102.02106320967411,-0.3569508381526156,2.3229358210469315,-0.21935704050171143,-0.3569508381526156,0.2199089378697308,127.65506853107931,104.14433201216109,-0.616304637667988,-0.04160882455908317,2.291116366050249,-0.35968411276615914,-0.4792049403434792,0.2323835729994699,0.06,0.253,0.2600173071162764,0.4431314766407013,-0.12186238914728165,0.2267156809750926,0.2323835729994699,987.0,0.2238030114778723,NAV2,ACTIVE,True,True,True,False
13.065430116999778,128.91351821994732,102.02619702711864,-0.3594662653744302,2.3298837756856834,-0.2219557297409655,-0.35946626537443027,0.2202978738976679,127.65506853107931,104.14433201216109,-0.616304637667988,-0.04160882455908317,2.3030356652898214,-0.36591835525753424,-0.48325735158869554,0.23102327891361935,0.06,0.253,0.2600173071162764,0.4431314766407013,-0.12186238914728165,0.2267156809750926,0.23102327891361935,1019.0,0.22352459655559415,NAV2,ACTIVE,True,True,True,False
13.106295352000416,128.91266045449083,102.0370213410091,-0.3615024886835565,2.34471579028924,-0.22755800920788438,-0.36362005310419665,0.22728110329640097,127.67117559942079,104.16019695937088,-0.6211764988764809,-0.034917530838532586,2.3117349012903703,-0.3705080376132153,-0.4862205367316113,0.24326592568627434,0.13,0.189,0.2293926764306132,0.4431314766407013,-0.12186238914728165,0.2267156809750926,0.24326592568627434,1073.0,0.22352459655559415,NAV2,ACTIVE,True,True,True,False
13.146972305000418,128.92371558999227,102.03878649559047,-0.36595583172549295,2.3524696051861813,-0.23051617456876644,-0.36595583172549295,0.23228202230381548,127.67117559942079,104.16019695937088,-0.6211764988764809,-0.034917530838532586,2.3206131447991782,-0.3752264216437627,-0.48924761808347356,0.257095582225755,0.13,0.189,0.2293926764306132,0.44151586294174194,-0.12282761931419373,0.2267156809750926,0.257095582225755,1134.0,0.2232463212596562,NAV2,ACTIVE,True,True,True,False
13.19164053700024,128.92365999654564,102.04933974846449,-0.3683855010104954,2.3603281247563044,-0.23353520417337656,-0.3683855010104953,0.23673183598161432,127.67117559942079,104.16019695937088,-0.6211764988764809,-0.034917530838532586,2.3297456441285753,-0.38011623629527697,-0.49236850004608723,0.257095582225755,0.13,0.189,0.2293926764306132,0.44151586294174194,-0.12282761931419373,0.2267156809750926,0.257095582225755,1134.0,0.22352459655559415,NAV2,ACTIVE,True,True,True,False
13.234834689999843,128.93173300081315,102.0462176456621,-0.37062084666467054,2.3684011290238045,-0.23665730697577758,-0.37062084666467054,0.24176337182324892,127.68903732664648,104.17685578655771,-0.6255540990346629,-0.027750794839339614,2.3392269085221264,-0.3852321194069403,-0.4956180547583605,0.2811274444091148,0.063,0.218,0.22692069099136816,0.44069650769233704,-0.12560996413230896,0.2267156809750926,0.2811274444091148,1250.0,0.2238030114778723,NAV2,ACTIVE,True,True,True,False
13.276858985999752,128.93456143792835,102.06158885785192,-0.37483957364028875,2.3835427174851302,-0.24257188548600161,-0.37483957364028875,0.2430468941267354,127.68903732664648,104.17685578655771,-0.6255540990346629,-0.027750794839339614,2.35368315456535,-0.39310957157941995,-0.500587763789232,0.2747794053418122,0.063,0.218,0.22692069099136816,0.44069650769233704,-0.12560996413230896,0.2267156809750926,0.2747794053418122,1212.0,0.22435979478031506,NAV2,ACTIVE,True,True,True,False
13.325636081000084,128.94216502405482,102.05859059774467,-0.37707750726157085,2.391146303611613,-0.24557014559325105,-0.37707750726157085,0.24391071427356403,127.70630935260274,104.19422662765314,-0.6299249490877394,-0.021783811063917413,2.3635179663538057,-0.3985224495107369,-0.5039839017157776,0.2727389642130364,0.036,0.253,0.25554842985234716,0.44069650769233704,-0.12560996413230896,0.2267156809750926,0.2727389642130364,1203.0,0.22463807007625303,NAV2,ACTIVE,True,True,True,False
13.371336781000537,128.945409725101,102.0632356909028,-0.37915107439237195,2.398802403826236,-0.24860793443393533,-0.37915107439237206,0.2447846841481266,127.70630935260274,104.19422662765314,-0.6299249490877394,-0.021783811063917413,2.3730027867499244,-0.40378381607625735,-0.5072728650987594,0.2747794053418122,0.036,0.253,0.25554842985234716,0.44071486592292786,-0.12766125798225403,0.2267156809750926,0.2747794053418122,1230.0,0.2251947602944691,NAV2,ACTIVE,True,True,True,False
13.414446040999792,128.95291724224825,102.07074633997374,-0.38331153182904965,2.4141492183164135,-0.2547501864359622,-0.38331153182904965,0.2464161205443687,127.72042663938215,104.20816794630346,-0.6332417152092216,-0.01712321400616753,2.382537780403774,-0.409114330730646,-0.5105933076351559,0.26661764082670886,0.226,0.188,0.2939727878562912,0.44071486592292786,-0.12766125798225403,0.2267156809750926,0.26661764082670886,1176.0,0.2257514505126854,NAV2,ACTIVE,True,True,True,False
13.455447907000234,128.95803145345297,102.07461836797594,-0.3858006387972909,2.4236766653203095,-0.2585904963711098,-0.3858006387972908,0.2562855292306878,127.72042663938215,104.20816794630346,-0.6332417152092216,-0.01712321400616753,2.3967101878417125,-0.417114690386472,-0.5155589430048844,0.27069852308426057,0.226,0.188,0.2939727878562912,0.44071486592292786,-0.12766125798225403,0.2267156809750926,0.27681984647058805,1194.0,0.22658664873740628,NAV2,ACTIVE,True,True,True,False
13.502934668999842,128.95867742529683,102.08482057229007,-0.38792505897773744,2.4321255015354675,-0.26202416597122147,-0.38792505897773744,0.2593932848831477,127.74100949427154,104.23066201325464,-0.6383898997868389,-0.011607642796785672,2.406124387224989,-0.4224803757323708,-0.518860524084653,0.26457719969793303,0.236,0.098,0.25553864678361277,0.44258078932762146,-0.12234863638877869,0.2267156809750926,0.26457719969793303,1167.0,0.22602986543496348,NAV2,ACTIVE,True,True,True,False
13.544147018999865,128.9695200752706,102.08631007277393,-0.39254122749631637,2.4473516716550403,-0.2682844988476752,-0.3925412274963164,0.2560974032825735,127.74100949427154,104.23066201325464,-0.6383898997868389,-0.011607642796785672,2.4146034339118403,-0.4273473818247988,-0.521827000648753,0.2353308768521461,0.236,0.098,0.25553864678361277,0.44258078932762146,-0.12234863638877869,0.2267156809750926,0.2353308768521461,1038.0,0.2251947602944691,NAV2,ACTIVE,True,True,True,False
13.585395773000528,128.9690413102555,102.0970023826762,-0.3945759710433768,2.454630694027359,-0.2713075495455168,-0.39457597104337694,0.2536076493801199,127.74100949427154,104.23066201325464,-0.6383898997868389,-0.011607642796785672,2.422437226770329,-0.4318731856013902,-0.524564097001105,0.22807597506094313,0.236,0.098,0.25553864678361277,0.44258078932762146,-0.12234863638877869,0.2267156809750926,0.22807597506094313,1006.0,0.22435979478031506,NAV2,ACTIVE,True,True,True,False
13.630981647000226,128.9750618254642,102.09447751334778,-0.39645777514188385,2.4606512092360737,-0.2738324188739226,-0.39645777514188385,0.2450929587004469,127.7607385434041,104.24786677660951,-0.6425833105084858,-0.005127338541443932,2.429666904116069,-0.4360748759859794,-0.5270923094659079,0.20245710311075768,0.154,0.211,0.26122212769977965,0.44548743963241577,-0.11805400997400284,0.2267156809750926,0.20245710311075768,946.0,0.22435979478031506,NAV2,ACTIVE,True,True,True,False
13.671703316000276,128.97648370785402,102.09987348809982,-0.3984112752046985,2.46646916578739,-0.27628455602926527,-0.3984112752046985,0.23614036438532318,127.7607385434041,104.24786677660951,-0.6425833105084858,-0.005127338541443932,2.4372526436999014,-0.4405101620036473,-0.5297475134323386,0.22512867120826693,0.154,0.211,0.26122212769977965,0.44548743963241577,-0.11805400997400284,0.2267156809750926,0.22512867120826693,935.0,0.224081379858037,NAV2,ACTIVE,True,True,True,False
13.714126924000084,128.98154810047126,102.10814823050288,-0.402958222424381,2.4791897506696556,-0.28167806658836547,-0.402958222424381,0.22677977830763182,127.78162882372808,104.26371304517265,-0.6465724515643844,0.002144393836790317,2.4441704870293317,-0.4445777391045587,-0.5321293282516197,0.1897610249761525,0.136,0.153,0.20470710783946902,0.44548743963241577,-0.11805400997400284,0.2267156809750926,0.1897610249761525,842.0,0.21962757885962778,NAV2,ACTIVE,True,True,True,False
13.75604353900053,128.9832805629099,102.11335162445803,-0.4047069852272375,2.4852276466563388,-0.2842608967914405,-0.4047069852272375,0.22147839677413944,127.78162882372808,104.26371304517265,-0.6465724515643844,0.002144393836790317,2.451219712493783,-0.44874539232736155,-0.5345418205453977,0.21583332828828813,0.136,0.153,0.20470710783946902,0.44898128509521484,-0.11538408696651459,0.2267156809750926,0.21583332828828813,930.0,0.21823573695880405,NAV2,ACTIVE,True,True,True,False
13.797519171000204,128.98221777021308,102.12429809101299,-0.40650204214156754,2.491770993728178,-0.287069864748884,-0.40650204214156765,0.219916837553346,127.8011704497186,104.27553843739875,-0.6494359898877886,0.009737405725836734,2.4614621849936054,-0.45484173943220807,-0.5380287401160305,0.19180146610492832,0.144,0.135,0.1973854097951518,0.44898128509521484,-0.11538408696651459,0.2267156809750926,0.19180146610492832,846.0,0.2151737313191052,NAV2,ACTIVE,True,True,True,False
13.841255598000316,128.98792536066057,102.12183252241589,-0.40843906328643903,2.504177667539111,-0.29243983858489697,-0.41043229384516167,0.21417040945422558,127.8011704497186,104.27553843739875,-0.6494359898877886,0.009737405725836734,2.4689302219165934,-0.45931747652657917,-0.540548217519219,0.22104778895071528,0.144,0.135,0.1973854097951518,0.44898128509521484,-0.11538408696651459,0.2267156809750926,0.22104778895071528,975.0,0.2143387192628377,NAV2,ACTIVE,True,True,True,False
13.885373170000094,128.98933907446298,102.13761328037681,-0.4126650769101657,2.5106750598742553,-0.2952735926618966,-0.41266507691016585,0.21397679604237904,127.8011704497186,104.27553843739875,-0.6494359898877886,0.009737405725836734,2.476187002218994,-0.4636909672514902,-0.5429969994351646,0.21084558330683612,0.144,0.135,0.1973854097951518,0.4523079991340637,-0.11570734530687332,0.2267156809750926,0.21084558330683612,930.0,0.21406035088267295,NAV2,ACTIVE,True,True,True,False
13.93094600600034,128.9959479708732,102.1347153466741,-0.414800594506863,2.517283956284462,-0.2981715263646131,-0.4148005945068629,0.21434297792956175,127.82410630564377,104.29187195044915,-0.6526285435689374,0.017248710636757713,2.4838958599509384,-0.4683638605041043,-0.5455942250195743,0.2323835729994699,0.103,0.199,0.22407588000496617,0.4523079991340637,-0.11570734530687332,0.2267156809750926,0.2323835729994699,987.0,0.2132251992000653,NAV2,ACTIVE,True,True,True,False
13.9725969910005,128.997891624033,102.15026856367801,-0.4189157210390033,2.524340681759341,-0.30128329541805704,-0.41690327321081494,0.21750916878306378,127.82410630564377,104.29187195044915,-0.6526285435689374,0.017248710636757713,2.4914327818472217,-0.4729589526459874,-0.5481390771990442,0.21197916171171158,0.103,0.199,0.22407588000496617,0.455123633146286,-0.11757368594408035,0.2267156809750926,0.21197916171171158,935.0,0.21350361412234342,NAV2,ACTIVE,True,True,True,False
14.014018922000105,129.00514849324932,102.14703208947208,-0.421028327096998,2.538108443731488,-0.3074083322404191,-0.4210283270969981,0.22094939318713683,127.84814848983318,104.30964759919641,-0.6584979356841524,0.023910181605982826,2.499388370520748,-0.4778383127474743,-0.5508296570821949,0.2450796511340751,0.059,0.133,0.1454991408909345,0.455123633146286,-0.11757368594408035,0.2267156809750926,0.2450796511340751,1032.0,0.21350361412234342,NAV2,ACTIVE,True,True,True,False
14.054575865000515,129.00795599042465,102.15174628318933,-0.42324367207587216,2.5450793250755104,-0.31053574250172605,-0.42324367207587205,0.2223874171067602,127.84814848983318,104.30964759919641,-0.6584979356841524,0.023910181605982826,2.5071857067938312,-0.4826491076333273,-0.5534710201497565,0.22104778895071528,0.059,0.133,0.1454991408909345,0.455123633146286,-0.11757368594408035,0.2267156809750926,0.22104778895071528,1103.0,0.21350361412234342,NAV2,ACTIVE,True,True,True,False
14.094972617000167,129.0079062988718,102.16223490343837,-0.42508746591845004,2.5523357355618472,-0.31380793713229793,-0.42508746591845004,0.22580307689242116,127.86798994276707,104.32302829968455,-0.6650541894833362,0.0291617950735982,2.519732168264441,-0.4904507919623623,-0.557730387217471,0.23397058276629554,0.059,0.133,0.1454991408909345,0.455123633146286,-0.11757368594408035,0.2267156809750926,0.25890930767355574,1032.0,0.21350361412234342,NAV2,ACTIVE,True,True,True,False
14.135707538000133,129.01546879612633,102.15880575765654,-0.4272121908960102,2.559898232816377,-0.31723708291413927,-0.42721219089601004,0.23037479552942117,127.86798994276707,104.32302829968455,-0.6650541894833362,0.0291617950735982,2.527473516474655,-0.49530106597704704,-0.5603640523431005,0.24009190615262305,0.138,0.169,0.2181857007230309,0.457302451133728,-0.11979441344738007,0.2267156809750926,0.24009190615262305,1059.0,0.21350361412234342,NAV2,ACTIVE,True,True,True,False
14.176768170000287,129.018599868896,102.17378629489538,-0.43155802604795035,2.574397650665772,-0.3238700982945355,-0.43155802604795035,0.23441568848173167,127.86798994276707,104.32302829968455,-0.6650541894833362,0.0291617950735982,2.53619748886571,-0.5008021620965357,-0.5633391860720735,0.25006739611552714,0.138,0.169,0.2181857007230309,0.457302451133728,-0.11979441344738007,0.2267156809750926,0.25006739611552714,1103.0,0.21378193596039483,NAV2,ACTIVE,True,True,True,False
14.225529012000152,129.02590739635164,102.17041417237742,-0.43384007781892914,2.5817051781213842,-0.3272422208124987,-0.43384007781892914,0.2358488707241204,127.88661997185284,104.33558105090366,-0.6729099872262295,0.0334464006795749,2.544223610435686,-0.5058946971947198,-0.5660847242118988,0.2450796511340751,0.051,0.187,0.19382982226685347,0.45896562933921814,-0.12130334973335266,0.2267156809750926,0.2450796511340751,1081.0,0.21406035088267295,NAV2,ACTIVE,True,True,True,False
14.267669148000095,129.02930819602173,102.17475561370591,-0.43580543517180637,2.5891826880960545,-0.3307116474441363,-0.43580543517180637,0.23845330658149486,127.88661997185284,104.33558105090366,-0.6729099872262295,0.0334464006795749,2.5524774397038046,-0.5111642926852853,-0.5689149418528617,0.24009190615262305,0.051,0.187,0.19382982226685347,0.45896562933921814,-0.12130334973335266,0.2267156809750926,0.24009190615262305,1059.0,0.21406035088267295,NAV2,ACTIVE,True,True,True,False
14.310202951000065,129.03565441144875,102.18223556789972,-0.4391830441379746,2.6027394720587527,-0.3370469498031372,-0.4391830441379745,0.2330599285310041,127.9042038844885,104.34954983802862,-0.6798944010320005,0.036228758192500696,2.5596552265005066,-0.5157727914435214,-0.5713832989708919,0.21583332828828813,0.162,0.248,0.29622288905484667,0.45896562933921814,-0.12130334973335266,0.2267156809750926,0.21583332828828813,952.0,0.2143387192628377,NAV2,ACTIVE,True,True,True,False
14.351884948000588,129.03858214271253,102.18677668156609,-0.44110786082237,2.6097251220311706,-0.3403344975220735,-0.44110786082237,0.23275080710267868,127.9042038844885,104.34954983802862,-0.6798944010320005,0.036228758192500696,2.5676659512296194,-0.5209465259249946,-0.5741428641546614,0.2267156809750926,0.162,0.248,0.29622288905484667,0.45896562933921814,-0.12130334973335266,0.2267156809750926,0.2267156809750926,874.0,0.2143387192628377,NAV2,ACTIVE,True,True,True,False
14.393293337000614,129.0378238452583,102.1975659718245,-0.44307545921236746,2.6161295973593557,-0.34336384847354995,-0.4430754592123672,0.22858200412491045,127.9208358014363,104.3648101165107,-0.6863311588557885,0.03770526198765859,2.5742540959377886,-0.5252238773664257,-0.5764158952977463,0.2047242599205086,0.162,0.248,0.29622288905484667,0.46000492572784424,-0.12211070954799652,0.2267156809750926,0.2047242599205086,987.0,0.2143387192628377,NAV2,ACTIVE,True,True,True,False
14.43462703500063,129.04419724650535,102.19453759366849,-0.4445575942275598,2.622502998606424,-0.3463922266295792,-0.44455759422755964,0.2252884375753327,127.9208358014363,104.3648101165107,-0.6863311588557885,0.03770526198765859,2.5816002208561306,-0.5300192169040416,-0.5789560737940513,0.21197916171171158,-0.023,0.148,0.14977650015940416,0.46000492572784424,-0.12211070954799652,0.2267156809750926,0.21197916171171158,869.0,0.21461699455877567,NAV2,ACTIVE,True,True,True,False
14.476715169000272,129.04525983397681,102.21038510890017,-0.44772838832160167,2.6347076575167203,-0.3522254523914826,-0.44772838832160167,0.21654891011027097,127.9208358014363,104.3648101165107,-0.6863311588557885,0.03770526198765859,2.5914863946425037,-0.5365139173677188,-0.5823861186774242,0.20721813241123463,-0.023,0.148,0.14977650015940416,0.4601812958717346,-0.12214945256710052,0.2267156809750926,0.20721813241123463,914.0,0.2148954094810538,NAV2,ACTIVE,True,True,True,False
14.526004168999862,129.05162914421584,102.20732000307588,-0.4496732780033512,2.6410769677557058,-0.35529055821576877,-0.4496732780033512,0.21553660164288238,127.93661148721189,104.38122682539145,-0.6917577026653876,0.038050565519310714,2.598507341059128,-0.541156277772465,-0.5848293169579606,0.20359068151563314,0.154,0.136,0.2054555913086816,0.4601812958717346,-0.12214945256710052,0.2267156809750926,0.20359068151563314,898.0,0.2151737313191052,NAV2,ACTIVE,True,True,True,False
14.57119436100038,129.0534897613896,102.21235641561573,-0.45173971814857955,2.6469491213664833,-0.3581296972822292,-0.45173971814857966,0.21096231063752505,127.93661148721189,104.38122682539145,-0.6917577026653876,0.038050565519310714,2.604980364789397,-0.5454578203839833,-0.5870895577649202,0.19814950517223093,0.154,0.136,0.2054555913086816,0.4601812958717346,-0.12214945256710052,0.2267156809750926,0.19814950517223093,969.0,0.2154521462413833,NAV2,ACTIVE,True,True,True,False
14.611541848999877,129.05928885223582,102.21993965617351,-0.4550752377912163,2.6597969129635963,-0.364384647500811,-0.4550752377912164,0.21222520911416362,127.95158305905272,104.39655272943891,-0.6986659998689762,0.03809521647560677,2.612411010258517,-0.5504227167064438,-0.5896885308678104,0.22512867120826693,0.061,0.131,0.14450605523645021,0.4601812958717346,-0.12214945256710052,0.2267156809750926,0.22512867120826693,919.0,0.2154521462413833,NAV2,ACTIVE,True,True,True,False
14.65620219900029,129.06169264185826,102.22467714922287,-0.45706084653844364,2.6661739952416865,-0.36751091322437085,-0.45706084653844364,0.2122230525887189,127.95158305905272,104.39655272943891,-0.6986659998689762,0.03809521647560677,2.6235761608785735,-0.5579357218870391,-0.5936071116284777,0.24009190615262305,0.061,0.131,0.14450605523645021,0.4596121311187744,-0.12130893021821976,0.2267156809750926,0.2171936223741387,1059.0,0.21573046807943463,NAV2,ACTIVE,True,True,True,False
14.70292267700006,129.0615534752023,102.23516802056476,-0.45872205273336775,2.6730448351231955,-0.3708939256319966,-0.45872205273336775,0.21568983246394507,127.96796253234987,104.41097295461371,-0.7050547446444969,0.039271477912166675,2.6314560243378597,-0.5632768699017195,-0.596378993459016,0.24009190615262305,0.061,0.131,0.14450605523645021,0.4596121311187744,-0.12130893021821976,0.2267156809750926,0.24009190615262305,1059.0,0.21573046807943463,NAV2,ACTIVE,True,True,True,False
14.744239972000287,129.07231462316273,102.23575399823363,-0.46182291788409513,2.6877517068475,-0.37818101386891334,-0.46182291788409513,0.22689930436506678,127.96796253234987,104.41097295461371,-0.7050547446444969,0.039271477912166675,2.6394759667759526,-0.5687459783717198,-0.599205555136958,0.2534681313301535,0.255,0.105,0.27577164466275356,0.45857465267181396,-0.12059730291366577,0.2267156809750926,0.2534681313301535,1118.0,0.21573046807943463,NAV2,ACTIVE,True,True,True,False
14.785368169999856,129.07271928385467,102.24596993727585,-0.4638787331239826,2.695117141150885,-0.3818541944605098,-0.4638787331239826,0.23116855585614324,127.96796253234987,104.41097295461371,-0.7050547446444969,0.039271477912166675,2.648026036458507,-0.5746138622576658,-0.6022232569766102,0.25890930767355574,0.255,0.105,0.27577164466275356,0.45857465267181396,-0.12059730291366577,0.2267156809750926,0.25890930767355574,1142.0,0.2154521462413833,NAV2,ACTIVE,True,True,True,False
14.826291200000014,129.08051850107304,102.24205790222311,-0.46655670736170013,2.7029163583692486,-0.38576622951324635,-0.46655670736170013,0.2374918539546393,127.98556013203606,104.42460336626587,-0.7111279511321928,0.04136184268685005,2.656823195199852,-0.5806913301193626,-0.6053308257450906,0.27681984647058805,0.155,0.115,0.19300259065618783,0.45857465267181396,-0.12059730291366577,0.2267156809750926,0.27681984647058805,1221.0,0.2151737313191052,NAV2,ACTIVE,True,True,True,False
14.871312195000428,129.08473948935722,102.24582778032486,-0.46921455272112095,2.7110551562911507,-0.3898733256574344,-0.46921455272112095,0.24528522482640128,127.98556013203606,104.42460336626587,-0.7111279511321928,0.04136184268685005,2.6658677703607614,-0.5869822409331766,-0.6085269191975915,0.25528185677795423,0.155,0.115,0.19300259065618783,0.4574722945690155,-0.11964438110589981,0.2267156809750926,0.25528185677795423,1126.0,0.2148954094810538,NAV2,ACTIVE,True,True,True,False
14.9140939050003,129.09310272533153,102.25196248028666,-0.47352247069825415,2.7263401922781147,-0.397655289718798,-0.47352247069825415,0.2505939538298769,128.00423861591833,104.43752457625487,-0.7189455282339372,0.044178567938459506,2.67403756569041,-0.5927007767418337,-0.6114179466957923,0.26661764082670886,0.098,0.316,0.3308473968463406,0.4574722945690155,-0.11964438110589981,0.2267156809750926,0.26661764082670886,1185.0,0.21461699455877567,NAV2,ACTIVE,True,True,True,False
14.95585364100043,129.09714067331257,102.25584715456493,-0.47621092714105373,2.7343204503635077,-0.40175363476109693,-0.47621092714105373,0.2545796876790078,128.00423861591833,104.43752457625487,-0.7189455282339372,0.044178567938459506,2.687206044370609,-0.6019934704692679,-0.6160742481139703,0.27069852308426057,0.098,0.316,0.3308473968463406,0.4574722945690155,-0.11964438110589981,0.2267156809750926,0.26457719969793303,1194.0,0.21406035088267295,NAV2,ACTIVE,True,True,True,False
15.002921905999756,129.09808307065364,102.2656637315168,-0.47971273899159295,2.7420983035621966,-0.4057785808584104,-0.47971273899159295,0.2569616032351733,128.02392006231736,104.45198116648011,-0.7266941127302595,0.046805882552011874,2.696092587327878,-0.6083157012295614,-0.6191142876960121,0.2686580819554847,0.293,0.128,0.3197389560250674,0.4565694332122803,-0.11907942593097687,0.2267156809750926,0.2686580819554847,1185.0,0.2040392753651956,NAV2,ACTIVE,True,True,True,False
15.044386816000042,129.11002137860868,102.26531731756756,-0.4838374652541091,2.7579066551754474,-0.41403660204883475,-0.4838374652541088,0.2614070137603441,128.02392006231736,104.45198116648011,-0.7266941127302595,0.046805882552011874,2.704707984004787,-0.6144831953851633,-0.622023475845326,0.2627634742501323,0.293,0.128,0.3197389560250674,0.4565694332122803,-0.11907942593097687,0.2267156809750926,0.2627634742501323,1159.0,0.20292580184453657,NAV2,ACTIVE,True,True,True,False
15.085395862000041,129.11078514080643,102.27529079624729,-0.48580140835359575,2.76550570963433,-0.4180366473198969,-0.48580140835359575,0.2611762544397924,128.02392006231736,104.45198116648011,-0.7266941127302595,0.046805882552011874,2.7126108961641573,-0.6201734252449511,-0.6246973260960642,0.24009190615262305,0.293,0.128,0.3197389560250674,0.4565694332122803,-0.11907942593097687,0.2267156809750926,0.24009190615262305,1059.0,0.20292580184453657,NAV2,ACTIVE,True,True,True,False
15.125673497999742,129.11749181148542,102.27173692698308,-0.4883221305630797,2.772212380313322,-0.42159051658408464,-0.48832213056307955,0.25515837608422304,128.04448075971098,104.46781272527559,-0.7315990234755075,0.049173189492130044,2.720131978161753,-0.6256181663758479,-0.6272433627361634,0.2323835729994699,0.064,0.166,0.1779100896520487,0.45592939853668213,-0.11857221275568008,0.2267156809750926,0.2323835729994699,1025.0,0.2026475265485986,NAV2,ACTIVE,True,True,True,False
15.17139634600062,129.12010835159907,102.27621404572203,-0.4905237204441609,2.7786645370284235,-0.42502672312894113,-0.4905237204441608,0.24813795932175348,128.04448075971098,104.46781272527559,-0.7315990234755075,0.049173189492130044,2.7273956296016606,-0.6309042024732651,-0.6297067085977471,0.2171936223741387,0.064,0.166,0.1779100896520487,0.45592939853668213,-0.11857221275568008,0.2267156809750926,0.2171936223741387,963.0,0.2026475265485986,NAV2,ACTIVE,True,True,True,False
15.21398602499994,129.1263356324635,102.28325145573497,-0.4940957958214158,2.7916861476601835,-0.4320068094198457,-0.4940957958214156,0.23889278181176102,128.0657335546903,104.48277254065549,-0.73658056194731,0.05200774850429786,2.734393106910964,-0.6360221528968542,-0.6320839265135375,0.22512867120826693,0.069,0.182,0.19464069461446135,0.45592939853668213,-0.11857221275568008,0.2267156809750926,0.22512867120826693,969.0,0.2026475265485986,NAV2,ACTIVE,True,True,True,False
15.254370818000098,129.12867516891652,102.28791420872071,-0.4964147232859711,2.797851590233334,-0.4353365633224146,-0.4964147232859712,0.23285088378543853,128.0657335546903,104.48277254065549,-0.73658056194731,0.05200774850429786,2.741377191548375,-0.6411558314212796,-0.6344607329834777,0.2083517108161101,0.069,0.182,0.19464069461446135,0.4555456042289734,-0.11790474504232407,0.2267156809750926,0.2083517108161101,987.0,0.2026475265485986,NAV2,ACTIVE,True,True,True,False
15.294614067000111,129.12861933513102,102.29828734823596,-0.49851010114316646,2.804483690688306,-0.43893484882570866,-0.4985101011431663,0.23166129832475907,128.08342582491065,104.49697806697829,-0.7431582280322244,0.0526627975227763,2.751814798318256,-0.6488758637415639,-0.6380206178877676,0.20359068151563314,0.069,0.182,0.19464069461446135,0.4555456042289734,-0.11790474504232407,0.2267156809750926,0.22807597506094313,898.0,0.2026475265485986,NAV2,ACTIVE,True,True,True,False
15.33612470099979,129.13485219322038,102.29488925994484,-0.5001600857415093,2.8107165487776506,-0.4423329371168227,-0.5001600857415092,0.22772249057940902,128.08342582491065,104.49697806697829,-0.7431582280322244,0.0526627975227763,2.7550473911265585,-0.6512782771604951,-0.6391250095379402,0.20132352470588222,0.155,0.088,0.17823860412379805,0.4555456042289734,-0.11790474504232407,0.2267156809750926,0.20132352470588222,987.0,0.2026475265485986,NAV2,ACTIVE,True,True,True,False
15.3768689919998,129.13727223018773,102.30984226499841,-0.5036477531044563,2.8235587889230573,-0.4493757861163952,-0.5036477531044561,0.225049262000938,128.08342582491065,104.49697806697829,-0.7431582280322244,0.0526627975227763,2.765805831599977,-0.6593148687231463,-0.6428072845675835,0.21447303420243757,0.155,0.088,0.17823860412379805,0.455300897359848,-0.11722483485937119,0.2267156809750926,0.21447303420243757,946.0,0.2026475265485986,NAV2,ACTIVE,True,True,True,False
15.425456036000469,129.14326911328894,102.30653156827884,-0.505551646904908,2.829555672024272,-0.45268648283593904,-0.505551646904908,0.22088424349766336,128.10002638794745,104.5105453573333,-0.7490227397344689,0.05275937023548828,2.772382518290647,-0.6642576511852472,-0.6450632050245664,0.21084558330683612,0.092,0.173,0.19594131774590062,0.455300897359848,-0.11722483485937119,0.2267156809750926,0.21084558330683612,930.0,0.2026475265485986,NAV2,ACTIVE,True,True,True,False
15.47140064999985,129.14569186650678,102.31154918189404,-0.507201522552625,2.836018730758726,-0.4562686247573825,-0.507201522552625,0.21959510083301606,128.10002638794745,104.5105453573333,-0.7490227397344689,0.05275937023548828,2.779371497987114,-0.6695362320161984,-0.6474648286512125,0.21583332828828813,0.092,0.173,0.19594131774590062,0.4550904631614685,-0.11654502898454666,0.2267156809750926,0.21583332828828813,888.0,0.2026475265485986,NAV2,ACTIVE,True,True,True,False
15.514037766000001,129.15150618818885,102.3182108254176,-0.5102874636086459,2.848135495531026,-0.4630216771365296,-0.5102874636086456,0.2160476631546547,128.11562830368658,104.52355455053151,-0.7548762041762105,0.052385493124911454,2.7860087429098614,-0.6745733035574607,-0.6497495822308117,0.2133394557975621,0.115,0.152,0.19060167890131502,0.4550904631614685,-0.11654502898454666,0.2267156809750926,0.2133394557975621,987.0,0.2026475265485986,NAV2,ACTIVE,True,True,True,False
15.554633018000459,129.1542948843445,102.32253394361739,-0.5120497639629522,2.8546414390630566,-0.46666864379910505,-0.5120497639629522,0.21738813453645545,128.11562830368658,104.52355455053151,-0.7548762041762105,0.052385493124911454,2.7930905295585404,-0.6799746005019098,-0.6521918207190497,0.22104778895071528,0.115,0.152,0.19060167890131502,0.4550904631614685,-0.11654502898454666,0.2267156809750926,0.22104778895071528,903.0,0.2026475265485986,NAV2,ACTIVE,True,True,True,False
15.59497209500023,129.15382906577773,102.33316046506157,-0.5138548062803923,2.860729842729277,-0.4700949152188674,-0.5138548062803922,0.21555169328382148,128.130346544662,104.53610489900387,-0.7609257196120063,0.05162569733873974,2.802882872103869,-0.6874877529695025,-0.6555762426947481,0.2133394557975621,0.115,0.152,0.19060167890131502,0.4550904631614685,-0.11654502898454666,0.2267156809750926,0.20132352470588222,941.0,0.2026475265485986,NAV2,ACTIVE,True,True,True,False
15.639139339000394,129.1621049200538,102.33435782125619,-0.5161245096170475,2.8667177422108563,-0.47347553962317,-0.5148690880048337,0.2134532099260785,128.130346544662,104.53610489900387,-0.7609257196120063,0.05162569733873974,2.809430731824252,-0.6925410742866838,-0.657844239956611,0.2047242599205086,0.179,0.094,0.20218061232472315,0.45486608147621155,-0.11605647206306458,0.2267156809750926,0.2047242599205086,903.0,0.2026475265485986,NAV2,ACTIVE,True,True,True,False
15.685400236000532,129.16142302472778,102.34511588275107,-0.5175673658296791,2.878531362725215,-0.4801757530388086,-0.5175673658296791,0.2091618475258701,128.130346544662,104.53610489900387,-0.7609257196120063,0.05162569733873974,2.815644290169381,-0.6973580861677311,-0.6600000830451134,0.1949754856385796,0.179,0.094,0.20218061232472315,0.45486608147621155,-0.11605647206306458,0.2267156809750926,0.1949754856385796,860.0,0.2026475265485986,NAV2,ACTIVE,True,True,True,False
15.725839802000337,129.16711523566943,102.34187228306523,-0.518964083111932,2.884223573666878,-0.48341935272467923,-0.518964083111932,0.20629041365336193,128.1454629101881,104.547694557274,-0.765351037899924,0.051648974269460454,2.8219142194797096,-0.70224067170651,-0.6621820376622234,0.1992830835771064,0.043,0.194,0.19870832896484233,0.4546438157558441,-0.11582660675048828,0.2267156809750926,0.1992830835771064,879.0,0.20292580184453657,NAV2,ACTIVE,True,True,True,False
15.771775641000204,129.16908282343897,102.34660763975036,-0.5202221601474218,2.8898484024416664,-0.4866340654380977,-0.520222160147422,0.20328829561812806,128.1454629101881,104.547694557274,-0.765351037899924,0.051648974269460454,2.8278290645734017,-0.706866728180928,-0.6642449907286708,0.18137254478007406,0.043,0.194,0.19870832896484233,0.4546438157558441,-0.11582660675048828,0.2267156809750926,0.18137254478007406,796.0,0.2032041702247013,NAV2,ACTIVE,True,True,True,False
15.814255795000463,129.1735328159408,102.35441299339467,-0.5228227634901972,2.9007751027226782,-0.492907706381564,-0.5228227634901971,0.197240372604354,128.15803480306616,104.5579264062629,-0.7694145807615276,0.05111133819090262,2.8336801321841345,-0.7114622063108746,-0.6662904800317965,0.1949754856385796,0.17,0.124,0.21041863035387337,0.4546438157558441,-0.11582660675048828,0.2267156809750926,0.1949754856385796,879.0,0.2032041702247013,NAV2,ACTIVE,True,True,True,False
15.85511803100053,129.17550269661228,102.35915267171906,-0.5241810313673875,2.9064012983545084,-0.4961529782925276,-0.5241810313673878,0.19607684395530103,128.15803480306616,104.5579264062629,-0.7694145807615276,0.05111133819090262,2.8426024958996328,-0.7185074509151791,-0.669416058252208,0.1768382311605722,0.17,0.124,0.21041863035387337,0.4546438157558441,-0.11582660675048828,0.2267156809750926,0.1897610249761525,780.0,0.2032041702247013,NAV2,ACTIVE,True,True,True,False
15.895325835000222,129.17442565821526,102.37008264471994,-0.5254365702886017,2.9117447256228335,-0.499244526791337,-0.5254365702886017,0.19340530494807648,128.17290528801902,104.56988538197255,-0.7739204972079912,0.05058594199526541,2.8483822879230525,-0.7230953462456227,-0.671443480234667,0.18885416225225213,0.17,0.124,0.21041863035387337,0.4538789987564087,-0.11987284570932388,0.2267156809750926,0.18885416225225213,833.0,0.20292580184453657,NAV2,ACTIVE,True,True,True,False
15.939499092000005,129.17967851770243,102.36703420568644,-0.526868058489508,2.9227880630216068,-0.5056664914125493,-0.5286737181223086,0.19222945914570336,128.17290528801902,104.56988538197255,-0.7739204972079912,0.05058594199526541,2.854563767005146,-0.7280236710209244,-0.6736198499586973,0.19814950517223093,0.064,0.144,0.15758172482873767,0.4538789987564087,-0.11987284570932388,0.2267156809750926,0.19814950517223093,874.0,0.20348253860486606,NAV2,ACTIVE,True,True,True,False
15.985436304000359,129.1810964413154,102.38237468262035,-0.5305580748000792,2.928407216514341,-0.5089527261407507,-0.5305580748000792,0.19227045300614207,128.17290528801902,104.56988538197255,-0.7739204972079912,0.05058594199526541,2.860824342141381,-0.7330376272191517,-0.6758279465420539,0.19814950517223093,0.064,0.144,0.15758172482873767,0.4530925154685974,-0.12200889736413956,0.2267156809750926,0.19814950517223093,874.0,0.20348253860486606,NAV2,ACTIVE,True,True,True,False
16.02591056500023,129.18700260814882,102.37890500599461,-0.5324110782644652,2.934313383347739,-0.5124224027664905,-0.532411078264465,0.19440727100074798,128.1924947445084,104.58374935929852,-0.7801122158481175,0.05110753427452558,2.8672522041178232,-0.7382094161623239,-0.6781021867323459,0.21197916171171158,0.15,0.225,0.2704163456597992,0.4530925154685974,-0.12200889736413956,0.2267156809750926,0.21197916171171158,935.0,0.2040392753651956,NAV2,ACTIVE,True,True,True,False
16.073046229999818,129.1895013482398,102.38327184466085,-0.5340149170235067,2.9403648160579308,-0.5159904086280312,-0.5340149170235065,0.19721832497017774,128.1924947445084,104.58374935929852,-0.7801122158481175,0.05110753427452558,2.8736451866243544,-0.7433771020496901,-0.6803711579467556,0.20608455400635917,0.15,0.225,0.2704163456597992,0.4530925154685974,-0.12200889736413956,0.2267156809750926,0.20608455400635917,1019.0,0.2040392753651956,NAV2,ACTIVE,True,True,True,False
16.114008588000615,129.19588046483702,102.38983436722921,-0.5375245824230269,2.953051437885755,-0.5235155313268144,-0.5375245824230269,0.20576266643067828,128.20324736688997,104.59249239723364,-0.7847029790700253,0.05030029384774409,2.8807575070231284,-0.7491552988584533,-0.6829004808222865,0.2294362691467937,0.197,0.04,0.20101989951246121,0.4530925154685974,-0.12200889736413956,0.2267156809750926,0.2294362691467937,993.0,0.2040392753651956,NAV2,ACTIVE,True,True,True,False
16.154800254000293,129.19873342818238,102.39394666436922,-0.5394302902807497,2.9594497806201927,-0.5273336723263953,-0.5394302902807494,0.2091193849710579,128.20324736688997,104.59249239723364,-0.7847029790700253,0.05030029384774409,2.8876059385408914,-0.7547471534914827,-0.6853408467924681,0.21583332828828813,0.197,0.04,0.20101989951246121,0.452864408493042,-0.12310631573200226,0.2267156809750926,0.21583332828828813,987.0,0.2040392753651956,NAV2,ACTIVE,True,True,True,False
16.20287450900014,129.19870427352475,102.40425839925841,-0.5412101591745423,2.9657067149636944,-0.53108289805459,-0.541210159174542,0.2108679634297266,128.2224888670132,104.60546881300367,-0.7911255217309239,0.05095930635253703,2.898437093462203,-0.7636488282098272,-0.6892207184643014,0.23691788661897176,0.137,0.193,0.23668122020980034,0.452864408493042,-0.12310631573200226,0.2267156809750926,0.23691788661897176,1045.0,0.20487442704780318,NAV2,ACTIVE,True,True,True,False
16.243737241999952,129.20905583650833,102.40383832034516,-0.5455056577949451,2.9795688144554844,-0.5394438305310085,-0.5455056577949451,0.2224812967739178,128.2224888670132,104.60546881300367,-0.7911255217309239,0.05095930635253703,2.90577444502774,-0.7697194287024429,-0.6918595748296956,0.24326592568627434,0.137,0.193,0.23668122020980034,0.45317479968070984,-0.12311762571334839,0.2267156809750926,0.24326592568627434,1073.0,0.20487442704780318,NAV2,ACTIVE,True,True,True,False
16.28542432500035,129.20972363585597,102.41372876100584,-0.5477497721617781,2.986459956563768,-0.5436306266176172,-0.5477497721617781,0.22654514997709213,128.2224888670132,104.60546881300367,-0.7911255217309239,0.05095930635253703,2.9137432870242383,-0.7763503957226704,-0.694735997725996,0.24825367066772638,0.137,0.193,0.23668122020980034,0.45317479968070984,-0.12311762571334839,0.2267156809750926,0.24825367066772638,1095.0,0.20515274888585455,NAV2,ACTIVE,True,True,True,False
16.33049453500007,129.2167109475239,102.40946324379411,-0.5496936877201595,2.993447268231717,-0.5478961438293425,-0.5496936877201595,0.23047114978272232,128.23950744125855,104.61835727494699,-0.7975645174119363,0.05077016224713939,2.9210688609351574,-0.7824797658552897,-0.6973862133725015,0.2534681313301535,0.182,0.152,0.23712443990445184,0.45317479968070984,-0.12311762571334839,0.2267156809750926,0.2534681313301535,1134.0,0.20515274888585455,NAV2,ACTIVE,True,True,True,False
16.37193231800029,129.22053971046344,102.4129274657319,-0.5515285337112417,3.000760923763369,-0.5523802981343731,-0.5515285337112417,0.23640338652388776,128.23950744125855,104.61835727494699,-0.7975645174119363,0.05077016224713939,2.929151737880331,-0.7892821476572238,-0.7003174248452072,0.25528185677795423,0.182,0.152,0.23712443990445184,0.4536646008491516,-0.12282731384038925,0.2267156809750926,0.25528185677795423,1073.0,0.20515274888585455,NAV2,ACTIVE,True,True,True,False
16.41405453400057,129.22858261702677,102.41825059047686,-0.555705592208098,3.0149892484186975,-0.5611649339341949,-0.5557055922080978,0.24247097166510584,128.25644092877454,104.63148588744315,-0.8038229605708045,0.050144257334196495,2.9365660056697513,-0.7955568029266273,-0.7030124250240701,0.26094974880233157,0.178,0.124,0.2169331694324314,0.4536646008491516,-0.12282731384038925,0.2267156809750926,0.26094974880233157,1185.0,0.20515274888585455,NAV2,ACTIVE,True,True,True,False
16.455477721000534,129.2326928411137,102.42149348867864,-0.5578806515620087,3.0225591774017535,-0.5658704583786598,-0.5578806515620087,0.24809688995471865,128.25644092877454,104.63148588744315,-0.8038229605708045,0.050144257334196495,2.9447174214381486,-0.8024959896759427,-0.7059826753687213,0.26457719969793303,0.178,0.124,0.2169331694324314,0.4536646008491516,-0.12282731384038925,0.2267156809750926,0.26457719969793303,1159.0,0.20515274888585455,NAV2,ACTIVE,True,True,True,False
16.502861332000066,129.23380188421456,102.43110101738952,-0.5600366499621894,3.0298258715010324,-0.5704096890339723,-0.5600366499621893,0.2503488573387206,128.2725449927917,104.64318949775276,-0.8099957162178067,0.049971481868929774,2.9571432114547496,-0.813155005490244,-0.7105250652606937,0.2877021991573925,0.208,0.244,0.32062439083762795,0.45408183336257935,-0.12238065898418427,0.2267156809750926,0.2877021991573925,1269.0,0.20515274888585455,NAV2,ACTIVE,True,True,True,False
16.54406070999994,129.24630868487682,102.42903064075003,-0.5652487988510781,3.0457846834155022,-0.5804544616558446,-0.5652487988510781,0.263508399803823,128.2725449927917,104.64318949775276,-0.8099957162178067,0.049971481868929774,2.9659228098179558,-0.8207463244424379,-0.7137454208841886,0.2901960716481185,0.208,0.244,0.32062439083762795,0.45408183336257935,-0.12238065898418427,0.2267156809750926,0.2901960716481185,1280.0,0.20515274888585455,NAV2,ACTIVE,True,True,True,False
16.585383904000082,129.24804175146875,102.43819306763451,-0.568121794687244,3.0536449550344607,-0.5854463221075035,-0.5681217946872437,0.2667958196307392,128.2725449927917,104.64318949775276,-0.8099957162178067,0.049971481868929774,2.974530626984341,-0.8282369982472793,-0.7169032689152233,0.2811274444091148,0.208,0.244,0.32062439083762795,0.45408183336257935,-0.12238065898418427,0.2267156809750926,0.2811274444091148,1240.0,0.20431769028747368,NAV2,ACTIVE,True,True,True,False
16.63047349000044,129.25599240937933,102.43311631543453,-0.5702856327810897,3.061595612945067,-0.5905230743074853,-0.5702856327810899,0.2712355778930339,128.29078385455242,104.65734342485483,-0.8180022494452417,0.049392825175221824,2.9832637660457797,-0.8358858804130054,-0.720109664094462,0.2972242577583464,0.193,0.16,0.2506970283030894,0.45440128445625305,-0.12168630212545395,0.2267156809750926,0.2972242577583464,1322.0,0.2040392753651956,NAV2,ACTIVE,True,True,True,False
16.672042291999787,129.26087731023532,102.43580547535937,-0.5725739196534532,3.0699324655750986,-0.5958737347727715,-0.5725739196534532,0.27710263475308133,128.29078385455242,104.65734342485483,-0.8180022494452417,0.049392825175221824,2.9921847070514493,-0.8437508339852331,-0.7233922987603343,0.2901960716481185,0.193,0.16,0.2506970283030894,0.45440128445625305,-0.12168630212545395,0.2267156809750926,0.2901960716481185,1269.0,0.2040392753651956,NAV2,ACTIVE,True,True,True,False
16.713998785000513,129.2707683672933,102.43962880703357,-0.5782000773985936,3.0859061013439764,-0.6062171248679916,-0.5782000773985936,0.2816332210296353,128.30794283270816,104.67317846451448,-0.8255858380789389,0.047266751443753675,3.000721898515321,-0.8513258765683388,-0.7265365060258261,0.2833946012188657,0.219,0.149,0.26488110540391513,0.45440128445625305,-0.12168630212545395,0.2267156809750926,0.2833946012188657,1212.0,0.20348253860486606,NAV2,ACTIVE,True,True,True,False
16.754772701000547,129.27483827273312,102.44276408528074,-0.58042323624014,3.093404104654516,-0.611118433133044,-0.58042323624014,0.28006968377882396,128.30794283270816,104.67317846451448,-0.8255858380789389,0.047266751443753675,3.0087665242378683,-0.858507213473955,-0.7295012812923003,0.2686580819554847,0.219,0.149,0.26488110540391513,0.45462363958358765,-0.12132889032363892,0.2267156809750926,0.2686580819554847,1167.0,0.2032041702247013,NAV2,ACTIVE,True,True,True,False
16.79578271900027,129.27626594564035,102.45209183236064,-0.5821701299940174,3.1009141789257244,-0.6160498310972982,-0.5821701299940174,0.2789187335798012,128.32613282571967,104.6883866963954,-0.8326874293875979,0.045892179556323826,3.0201251947128984,-0.8687194718218689,-0.7337007228763146,0.24326592568627434,0.219,0.149,0.26488110540391513,0.45462363958358765,-0.12132889032363892,0.2267156809750926,0.24825367066772638,1073.0,0.2032041702247013,NAV2,ACTIVE,True,True,True,False
16.839364629000556,129.2861134696766,102.45139153494692,-0.5861137736899495,3.1073185830439503,-0.620279891841095,-0.5839615445366082,0.27082332677989307,128.32613282571967,104.6883866963954,-0.8326874293875979,0.045892179556323826,3.0275757452541074,-0.8754650043834151,-0.7364675650893356,0.25188112156332787,0.243,0.224,0.3304920573932148,0.45462363958358765,-0.12132889032363892,0.2267156809750926,0.25188112156332787,1111.0,0.20348253860486606,NAV2,ACTIVE,True,True,True,False
16.885391841000455,129.2867989217807,102.46120079713397,-0.588104894270605,3.1209147475476633,-0.6293057015839749,-0.5881048942706046,0.26289956157787225,128.32613282571967,104.6883866963954,-0.8326874293875979,0.045892179556323826,3.0344112610633176,-0.8816861150953519,-0.7390120051187485,0.23102327891361935,0.243,0.224,0.3304920573932148,0.45469173789024353,-0.12155245989561081,0.2267156809750926,0.23102327891361935,1019.0,0.20348253860486606,NAV2,ACTIVE,True,True,True,False
16.929801330000373,129.292952712938,102.45708834021087,-0.589530439495447,3.127068538704963,-0.633418158507052,-0.589530439495447,0.25578207909989104,128.347288136684,104.70515121198234,-0.8392126018911941,0.04504068178150981,3.041176176163692,-0.8878743274465719,-0.7415359831589085,0.22376837712241637,0.217,0.055,0.22386156436512275,0.45469173789024353,-0.12155245989561081,0.2267156809750926,0.22376837712241637,924.0,0.20348253860486606,NAV2,ACTIVE,True,True,True,False
16.973120896000182,129.29526745404783,102.46147470003402,-0.5910762107842835,3.1328231179873742,-0.6372776066505503,-0.5910762107842835,0.2462715066902827,128.347288136684,104.70515121198234,-0.8392126018911941,0.04504068178150981,3.0473671209655255,-0.8935644726773899,-0.7438508321445961,0.2047242599205086,0.217,0.055,0.22386156436512275,0.4546736776828766,-0.12178348749876022,0.2267156809750926,0.2047242599205086,935.0,0.20348253860486606,NAV2,ACTIVE,True,True,True,False
17.01410245599982,129.3008879129421,102.4678993297025,-0.5943480149491256,3.144367479435782,-0.6450534598024275,-0.5943480149491256,0.23315565367374183,128.36900990004554,104.7212193884076,-0.844683357177459,0.04468733695626886,3.0536136768071405,-0.8993326896482856,-0.7461915032571711,0.2047242599205086,0.117,0.129,0.17415510328439993,0.4546736776828766,-0.12178348749876022,0.2267156809750926,0.2047242599205086,846.0,0.20348253860486606,NAV2,ACTIVE,True,True,True,False
17.054702170999917,129.30275210557872,102.47250711977433,-0.5958064784279558,3.149568435153864,-0.6485753409815601,-0.5958064784279556,0.22394536949492683,128.36900990004554,104.7212193884076,-0.844683357177459,0.04468733695626886,3.062142106376379,-0.9072511795311163,-0.7493952931461688,0.21197916171171158,0.117,0.129,0.17415510328439993,0.4546736776828766,-0.12178348749876022,0.2267156809750926,0.19293504450980378,935.0,0.20348253860486606,NAV2,ACTIVE,True,True,True,False
17.095047583999985,129.30281903284902,102.48282955157653,-0.597406177499939,3.155534076861688,-0.6526245046476222,-0.5974061774999386,0.22216053640741523,128.3911486050875,104.73665036528418,-0.850294195543139,0.04473158419518026,3.0680787894617922,-0.9127936782384446,-0.7516311692839324,0.19701592676735546,0.117,0.129,0.17415510328439993,0.4546736776828766,-0.12178348749876022,0.2267156809750926,0.2083517108161101,869.0,0.20348253860486606,NAV2,ACTIVE,True,True,True,False
17.135484952999832,129.30828222314972,102.47910519461647,-0.5994728064748833,3.1609972671623643,-0.6563488616076774,-0.5994728064748833,0.2172365726688124,128.3911486050875,104.73665036528418,-0.850294195543139,0.04473158419518026,3.0738666288408374,-0.9182210694749031,-0.7538154743788271,0.20359068151563314,0.158,0.125,0.2014671189052943,0.45465782284736633,-0.12177539616823196,0.2267156809750926,0.19180146610492832,898.0,0.20348253860486606,NAV2,ACTIVE,True,True,True,False
17.176066103000267,129.3102966256722,102.4940402914998,-0.6023189210742865,3.1721007584232157,-0.6639558919813751,-0.6023189210742864,0.21130571400115655,128.3911486050875,104.73665036528418,-0.850294195543139,0.04473158419518026,3.0797446658629624,-0.9237575385523046,-0.7560384381507682,0.19384190723370415,0.158,0.125,0.2014671189052943,0.45465782284736633,-0.12177539616823196,0.2267156809750926,0.20608455400635917,855.0,0.20348253860486606,NAV2,ACTIVE,True,True,True,False
17.225429490999886,129.31555665593785,102.49041965032484,-0.6037187238363564,3.177360788688881,-0.6675765331563326,-0.6037187238363564,0.20702009731878443,128.41167033510578,104.75361242515359,-0.8558227212915751,0.0430743271828984,3.085542745541056,-0.9292428701474665,-0.7582357317557558,0.20948528922098555,0.237,0.075,0.24858398983039917,0.45463770627975464,-0.12149611860513687,0.2267156809750926,0.20948528922098555,924.0,0.20348253860486606,NAV2,ACTIVE,True,True,True,False
17.265679469000133,129.31826357513518,102.49446379124191,-0.6051888357739786,3.1832953255971597,-0.6716725573967338,-0.605188835773979,0.20862140956707895,128.41167033510578,104.75361242515359,-0.8558227212915751,0.0430743271828984,3.0920871062954176,-0.9354642203259129,-0.760721524503927,0.21832720077901416,0.237,0.075,0.24858398983039917,0.45463770627975464,-0.12149611860513687,0.2267156809750926,0.21832720077901416,963.0,0.20348253860486606,NAV2,ACTIVE,True,True,True,False
17.305987404000007,129.31842598075193,102.50483956126456,-0.6068702439678084,3.194849226728729,-0.6796864311118288,-0.6082505366326574,0.2086663070713733,128.43520499694745,104.76801679717146,-0.8613941700747905,0.044035319897283966,3.097891608532672,-0.9410074362572011,-0.7629281755584885,0.21084558330683612,0.1,0.13,0.16401219466856726,0.45463770627975464,-0.12149611860513687,0.2267156809750926,0.21084558330683612,930.0,0.2032041702247013,NAV2,ACTIVE,True,True,True,False
17.347693458999856,129.32669938875614,102.5050153212245,-0.6094819131825661,3.2006273044912725,-0.6837124437972409,-0.6094819131825661,0.20880749933913598,128.43520499694745,104.76801679717146,-0.8613941700747905,0.044035319897283966,3.1039899957689476,-0.9468581168943415,-0.7652516470772815,0.2083517108161101,0.1,0.13,0.16401219466856726,0.45463770627975464,-0.12149611860513687,0.2267156809750926,0.2083517108161101,919.0,0.2032041702247013,NAV2,ACTIVE,True,True,True,False
17.39074789999995,129.32662681425674,102.51562788338173,-0.6107596578414475,3.2061956363710444,-0.6876027692776838,-0.6107596578414473,0.2072245308543622,128.43520499694745,104.76801679717146,-0.8613941700747905,0.044035319897283966,3.1098875561022887,-0.9525418659793246,-0.767500546393179,0.2083517108161101,0.1,0.13,0.16401219466856726,0.4545164704322815,-0.12127931416034698,0.2267156809750926,0.2083517108161101,958.0,0.20292580184453657,NAV2,ACTIVE,True,True,True,False
17.43442541100012,129.3324501214815,102.51154738220852,-0.6122207700942154,3.212018943595787,-0.6916832704508904,-0.6122207700942153,0.2082978814694453,128.46029509959135,104.7794379895355,-0.8665058676030748,0.04715543698190409,3.1159793900791715,-0.9584400549803557,-0.7698317847369323,0.20948528922098555,0.119,0.088,0.14800337833982033,0.4545164704322815,-0.12127931416034698,0.2267156809750926,0.20948528922098555,883.0,0.2032041702247013,NAV2,ACTIVE,True,True,True,False
17.4748524000006,129.33483756720315,102.52642316737204,-0.615375843554525,3.2230442526026617,-0.6994463893087369,-0.6153758435545251,0.20520109438498998,128.46029509959135,104.7794379895355,-0.8665058676030748,0.04715543698190409,3.1245067278106515,-0.9667421255283803,-0.7731052534526364,0.19814950517223093,0.119,0.088,0.14800337833982033,0.4542800486087799,-0.12099982053041458,0.2267156809750926,0.1949754856385796,874.0,0.2032041702247013,NAV2,ACTIVE,True,True,True,False
17.51502566900035,129.3403232393186,102.52254281153544,-0.6166066530150776,3.2285299247181216,-0.7033267451453239,-0.6166066530150776,0.2041346439539706,128.4856538435748,104.79090538839448,-0.8722730884695284,0.05007379742652523,3.130388630242825,-0.9725007117916296,-0.775371339997891,0.20721813241123463,0.21,0.126,0.24489997958350262,0.4542800486087799,-0.12099982053041458,0.2267156809750926,0.20721813241123463,914.0,0.20348253860486606,NAV2,ACTIVE,True,True,True,False
17.555274121000366,129.3429322107798,102.52670285429735,-0.6182430420559515,3.234197217352549,-0.7073482237302697,-0.6182430420559513,0.2046462266365346,128.4856538435748,104.79090538839448,-0.8722730884695284,0.05007379742652523,3.133380154109298,-0.9754396174335511,-0.7765258137990965,0.2083517108161101,0.21,0.126,0.24489997958350262,0.4542800486087799,-0.12099982053041458,0.2267156809750926,0.2083517108161101,909.0,0.20348253860486606,NAV2,ACTIVE,True,True,True,False
17.602918573999887,129.3431031658069,102.53719812867357,-0.6199986048654286,3.2397761502702282,-0.7113201959409643,-0.6199986048654286,0.2044186447588437,128.51318192993253,104.80022886259039,-0.878580164230539,0.05477536110940586,3.142469583276288,-0.9844111993894689,-0.780046299098828,0.22376837712241637,-0.004,0.097,0.097082439194738,0.4542800486087799,-0.12099982053041458,0.2267156809750926,0.22376837712241637,987.0,0.20376095352714413,NAV2,ACTIVE,True,True,True,False
17.643877448999774,129.35176535587294,102.53702538256653,-0.6229410747677746,3.251419687377339,-0.7196512679292062,-0.6229410747677746,0.2072994514426647,128.51318192993253,104.80022886259039,-0.878580164230539,0.05477536110940586,3.1484109092837724,-0.990309658492293,-0.7823540969410335,0.20132352470588222,-0.004,0.097,0.097082439194738,0.4540175795555115,-0.12050101906061172,0.2267156809750926,0.20132352470588222,888.0,0.20376095352714413,NAV2,ACTIVE,True,True,True,False
17.685383871999875,129.35202095574957,102.54751626705658,-0.624439537926722,3.256966329375629,-0.7236390889653713,-0.624439537926722,0.20633623407205984,128.51318192993253,104.80022886259039,-0.878580164230539,0.05477536110940586,3.1542894320495005,-0.9961725853076198,-0.7846411938915103,0.21084558330683612,-0.004,0.097,0.097082439194738,0.4540175795555115,-0.12050101906061172,0.2267156809750926,0.21084558330683612,930.0,0.20348253860486606,NAV2,ACTIVE,True,True,True,False
17.73069741100062,129.3578134361014,102.543337599827,-0.6261161292858077,3.262758809727449,-0.727817756194959,-0.6261161292858075,0.20778904572560516,128.54254875152222,104.80759866284045,-0.8851792035628926,0.06092122804215484,3.160174833072312,-1.0020693641184968,-0.7869347361778021,0.20359068151563314,0.105,0.138,0.17340415219942112,0.45381614565849304,-0.12003675103187561,0.2267156809750926,0.20359068151563314,851.0,0.20348253860486606,NAV2,ACTIVE,True,True,True,False
17.772841716000585,129.36025547101946,102.54757763750104,-0.6277158848598516,3.273495143624912,-0.7356021664850069,-0.6291635815147885,0.20385838431423,128.54254875152222,104.80759866284045,-0.8851792035628926,0.06092122804215484,3.1657095323019786,-1.007639129187749,-0.7890963628054402,0.19701592676735546,0.105,0.138,0.17340415219942112,0.45381614565849304,-0.12003675103187561,0.2267156809750926,0.19701592676735546,869.0,0.20348253860486606,NAV2,ACTIVE,True,True,True,False
17.81425478500023,129.36608137211974,102.55407759381055,-0.6307816711430974,3.279095301469393,-0.7396820947959735,-0.6307816711430974,0.20431988774320808,128.57082285994096,104.81300754832756,-0.8916279157236184,0.067306986894989,3.171514904686359,-1.0135075707348835,-0.7913688425164835,0.20721813241123463,0.182,0.146,0.2333238093294381,0.45381614565849304,-0.12003675103187561,0.2267156809750926,0.20721813241123463,851.0,0.20348253860486606,NAV2,ACTIVE,True,True,True,False
17.854932660000486,129.3684444271693,102.55839065320792,-0.6324939028942946,3.284289241032446,-0.7434797893489381,-0.6324939028942946,0.20162308346948438,128.57082285994096,104.81300754832756,-0.8916279157236184,0.067306986894989,3.176947118339995,-1.01902264676148,-0.7934999235016201,0.1949754856385796,0.182,0.146,0.2333238093294381,0.45381614565849304,-0.12003675103187561,0.2267156809750926,0.1949754856385796,919.0,0.20348253860486606,NAV2,ACTIVE,True,True,True,False
17.903177197999867,129.36894071460148,102.56877008480632,-0.6341224784000608,3.2898258273616348,-0.7475412944947082,-0.6341224784000606,0.20212783350016442,128.60100082686364,104.8170815758465,-0.898819705153636,0.0747196408200442,3.1854758292985466,-1.027729660212718,-0.7968552422208978,0.19293504450980378,0.112,0.055,0.12477579893553077,0.4537179470062256,-0.11956938356161118,0.2267156809750926,0.19293504450980378,851.0,0.20348253860486606,NAV2,ACTIVE,True,True,True,False
17.94379126200056,129.3767959778212,102.5690530747239,-0.6372268033903223,3.3004414298114093,-0.7553696330919383,-0.6372268033903223,0.19991095369048076,128.60100082686364,104.8170815758465,-0.898819705153636,0.0747196408200442,3.1909257267349784,-1.0333239269096826,-0.7990053036300107,0.20608455400635917,0.112,0.055,0.12477579893553077,0.4537179470062256,-0.11956938356161118,0.2267156809750926,0.20608455400635917,909.0,0.20348253860486606,NAV2,ACTIVE,True,True,True,False
17.98540568699991,129.3775881184872,102.57921796122844,-0.6388649780929462,3.3061261122054884,-0.7595816075168301,-0.6388649780929462,0.20202931150536324,128.60100082686364,104.8170815758465,-0.898819705153636,0.0747196408200442,3.1970975065780696,-1.039689267043431,-0.8014460938649131,0.2224080830365658,0.112,0.055,0.12477579893553077,0.45373138785362244,-0.1191972941160202,0.2267156809750926,0.2224080830365658,981.0,0.20348253860486606,NAV2,ACTIVE,True,True,True,False
18.030373692000467,129.38365880514985,102.57470399818398,-0.6408409983903639,3.3121967988681225,-0.7640955705613014,-0.640840998390364,0.20668406348408527,128.63038140833834,104.81986045826997,-0.9056139829733758,0.08203673022628234,3.203239666180324,-1.0460549913568267,-0.8038780920333147,0.22104778895071528,0.201,0.092,0.221054291973714,0.45373138785362244,-0.1191972941160202,0.2267156809750926,0.22104778895071528,1045.0,0.2032041702247013,NAV2,ACTIVE,True,True,True,False
18.073920028999964,129.3872106684025,102.5781184765811,-0.6425892188677367,3.324399463905693,-0.7732199692300075,-0.6440144336248271,0.21428101536242217,128.63038140833834,104.81986045826997,-0.9056139829733758,0.08203673022628234,3.2096790831203883,-1.0527625759650805,-0.8064311190512528,0.2294362691467937,0.201,0.092,0.221054291973714,0.45373138785362244,-0.1191972941160202,0.2267156809750926,0.2294362691467937,1012.0,0.20292580184453657,NAV2,ACTIVE,True,True,True,False
18.114746637999815,129.393990638827,102.58380199840707,-0.6452714360305614,3.3299734730173225,-0.7774087111234855,-0.6452714360305611,0.21322998966256193,128.66685090619129,104.82047132038224,-0.9142810804024131,0.09229713441740837,3.2186529292447137,-1.0621667971320343,-0.8100002080990673,0.2294362691467937,0.116,0.139,0.1810441934998193,0.45373138785362244,-0.1191972941160202,0.2267156809750926,0.2133394557975621,1012.0,0.20292580184453657,NAV2,ACTIVE,True,True,True,False
18.155504725000355,129.3975045149859,102.58723731486339,-0.6468407446299409,3.336073292059159,-0.7820054917403693,-0.6468407446299409,0.2163910621249629,128.66685090619129,104.82047132038224,-0.9142810804024131,0.09229713441740837,3.224561083668215,-1.0683950709826346,-0.8123573203755862,0.20359068151563314,0.116,0.139,0.1810441934998193,0.4538387656211853,-0.11884219199419022,0.2267156809750926,0.22376837712241637,898.0,0.20292580184453657,NAV2,ACTIVE,True,True,True,False
18.202973639999982,129.39851183853642,102.59728893002935,-0.6486152941125356,3.3416825011291134,-0.7862476150232968,-0.6486152941125356,0.21468058786445127,128.7023029519131,104.81665585861796,-0.9229431051680876,0.10442094759779909,3.23051229388315,-1.0746986470339774,-0.8147375757804382,0.22807597506094313,0.271,0.013,0.2713116289435453,0.4538387656211853,-0.11884219199419022,0.2267156809750926,0.22807597506094313,1006.0,0.20292580184453657,NAV2,ACTIVE,True,True,True,False
18.244149271000424,129.40756031090658,102.59645338101804,-0.652382084357122,3.3532074616237653,-0.7950119244509207,-0.652382084357122,0.2158858694503538,128.7023029519131,104.81665585861796,-0.9229431051680876,0.10442094759779909,3.2364794286718115,-1.0810494109113509,-0.8171302606637482,0.2133394557975621,0.271,0.013,0.2713116289435453,0.4538329541683197,-0.11969530582427979,0.2267156809750926,0.2133394557975621,941.0,0.20292580184453657,NAV2,ACTIVE,True,True,True,False
18.286608721000448,129.40860200891933,102.60651887717381,-0.6540826731170848,3.3587067951330596,-0.799218058966809,-0.6540826731170846,0.21410368159353335,128.7023029519131,104.81665585861796,-0.9229431051680876,0.10442094759779909,3.2420924443204786,-1.0870507763706005,-0.8193864579315946,0.20948528922098555,0.271,0.013,0.2713116289435453,0.4538329541683197,-0.11969530582427979,0.2267156809750926,0.20948528922098555,924.0,0.20292580184453657,NAV2,ACTIVE,True,True,True,False
18.329647831999864,129.41422016212147,102.602206765618,-0.6557124217046506,3.364324948335189,-0.8035301705226253,-0.6557124217046506,0.213687086485976,128.7382527399914,104.81043137803942,-0.9324204470510445,0.11730755435144778,3.2480532532631714,-1.0934542928008906,-0.8217885353212455,0.21197916171171158,0.16,0.106,0.19192706948213428,0.4538329541683197,-0.11969530582427979,0.2267156809750926,0.21197916171171158,879.0,0.20292580184453657,NAV2,ACTIVE,True,True,True,False
18.371937859000354,129.41722399015794,102.60596939765648,-0.6575054523391242,3.3697294468968955,-0.8076941800004795,-0.6575054523391238,0.21159918955943288,128.7382527399914,104.81043137803942,-0.9324204470510445,0.11730755435144778,3.253392305211316,-1.099215450245156,-0.8239452033357939,0.20359068151563314,0.16,0.106,0.19192706948213428,0.4537782371044159,-0.12012675404548645,0.2267156809750926,0.20359068151563314,958.0,0.20292580184453657,NAV2,ACTIVE,True,True,True,False
18.41404947800038,129.4240027903815,102.61152399765436,-0.6613383005232905,3.3807841528265676,-0.8162579570701474,-0.6613383005232905,0.210625533907932,128.77460669886892,104.80434541590454,-0.9416355124634834,0.12958913850604611,3.25916525360666,-1.10547352240247,-0.8262829292906797,0.20721813241123463,0.166,0.07,0.18015548839821674,0.4537782371044159,-0.12012675404548645,0.2267156809750926,0.20721813241123463,909.0,0.20292580184453657,NAV2,ACTIVE,True,True,True,False
18.454793384999903,129.42728344762122,102.61505457754583,-0.662876760816213,3.38637320073511,-0.8206115862310764,-0.662876760816213,0.21098388903569104,128.77460669886892,104.80434541590454,-0.9416355124634834,0.12958913850604611,3.267860197634392,-1.1149549028231185,-0.8298151731918411,0.21968749486486472,0.166,0.07,0.18015548839821674,0.4537782371044159,-0.12012675404548645,0.2267156809750926,0.21832720077901416,969.0,0.20292580184453657,NAV2,ACTIVE,True,True,True,False
18.49537252099981,129.42888592963487,102.62460643493323,-0.6645651226661053,3.3920775962597935,-0.825069638029656,-0.6645651226661053,0.2119876417398968,128.81119476077416,104.79842361574313,-0.9500805348517316,0.1412359860374771,3.273822151575987,-1.1214953861005563,-0.8322451241122122,0.21968749486486472,0.166,0.07,0.18015548839821674,0.4538184702396393,-0.12010468542575836,0.2267156809750926,0.21832720077901416,969.0,0.20292580184453657,NAV2,ACTIVE,True,True,True,False
18.53899456399995,129.43465929143272,102.62007798411153,-0.6664434773158716,3.403605387188111,-0.8341309503138049,-0.6685802960849663,0.21486637271791345,128.81119476077416,104.79842361574313,-0.9500805348517316,0.1412359860374771,3.279692874401422,-1.1279669950233215,-0.8346442313367469,0.21968749486486472,0.173,0.144,0.22508887133752303,0.4538184702396393,-0.12010468542575836,0.2267156809750926,0.21968749486486472,969.0,0.20292580184453657,NAV2,ACTIVE,True,True,True,False
18.585815831999753,129.44030427704803,102.63251227857606,-0.6706481288945039,3.409644881649244,-0.8389069517950002,-0.6706481288945039,0.21711164744815167,128.81119476077416,104.79842361574313,-0.9500805348517316,0.1412359860374771,3.2859894173860478,-1.134943466548294,-0.8372245718716781,0.23691788661897176,0.173,0.144,0.22508887133752303,0.4538184702396393,-0.12010468542575836,0.2267156809750926,0.23691788661897176,1045.0,0.20292580184453657,NAV2,ACTIVE,True,True,True,False
18.630473054000504,129.44635856544693,102.62770564244781,-0.6725820601705388,3.4156991700481236,-0.843713587923251,-0.6725820601705385,0.22100190325841937,128.84593164293005,104.79270423799335,-0.9589046886630476,0.15135290573262597,3.291945048098313,-1.1415752293755086,-0.8396719428152424,0.21968749486486472,0.203,0.174,0.2673667892614937,0.4539494514465332,-0.11981040239334106,0.2267156809750926,0.21968749486486472,1025.0,0.20292580184453657,NAV2,ACTIVE,True,True,True,False
18.67164321600012,129.4501443294016,102.63075645257992,-0.6743730954010355,3.4216085692842797,-0.8484253816841847,-0.6743730954010352,0.22237322658539221,128.84593164293005,104.79270423799335,-0.9589046886630476,0.15135290573262597,3.2983312652279744,-1.1487235427921845,-0.842303840262644,0.2416789159194487,0.203,0.174,0.2673667892614937,0.4539494514465332,-0.11981040239334106,0.2267156809750926,0.2416789159194487,1045.0,0.20292580184453657,NAV2,ACTIVE,True,True,True,False
18.714280291999785,129.45827537744844,102.63504726616246,-0.6781867346696127,3.43352819075298,-0.8579830829811131,-0.6781867346696124,0.22459883937708425,128.87899425329476,104.78935785042053,-0.9661392226995367,0.15901229744116804,3.304239000263991,-1.1553695858617532,-0.8447500662843151,0.21084558330683612,0.019,0.137,0.13831124321616087,0.4539494514465332,-0.11981040239334106,0.2267156809750926,0.21084558330683612,1025.0,0.20348253860486606,NAV2,ACTIVE,True,True,True,False
18.755006868000237,129.4625765531749,102.63764834665984,-0.6798435163992602,3.439877027718957,-0.8631015567260921,-0.6798435163992602,0.2291322412343123,128.87899425329476,104.78935785042053,-0.9661392226995367,0.15901229744116804,3.313865977711817,-1.166271449360743,-0.8487557101266113,0.24009190615262305,0.019,0.137,0.13831124321616087,0.45405906438827515,-0.11953185498714447,0.2267156809750926,0.2534681313301535,1059.0,0.20348253860486606,NAV2,ACTIVE,True,True,True,False
18.795526642000368,129.46502865389414,102.64648860579682,-0.6817725267264979,3.4459854998299964,-0.8680455880491198,-0.6817725267264976,0.23074535861886503,128.90850682552988,104.78815440449003,-0.9722231952142661,0.1635924641942385,3.3201236413826165,-1.1734050899704618,-0.8513714899942258,0.24666666090090072,0.068,0.106,0.12593649193144932,0.45405906438827515,-0.11953185498714447,0.2267156809750926,0.24666666090090072,1088.0,0.20376095352714413,NAV2,ACTIVE,True,True,True,False
18.839133860000402,129.47119107658335,102.64148274372016,-0.6834373187907214,3.4588587132746986,-0.8785181202358333,-0.684762830596485,0.23843763156122824,128.90850682552988,104.78815440449003,-0.9722231952142661,0.1635924641942385,3.326867776382902,-1.181136437543842,-0.8541977275496909,0.2534681313301535,0.068,0.106,0.12593649193144932,0.45405906438827515,-0.11953185498714447,0.2267156809750926,0.2534681313301535,1118.0,0.20348253860486606,NAV2,ACTIVE,True,True,True,False
18.88612226100031,129.4784989214372,102.65242829423543,-0.6860729311751603,3.464990539207725,-0.8835292013976642,-0.6860729311751603,0.23815443295500663,128.90850682552988,104.78815440449003,-0.9722231952142661,0.1635924641942385,3.333296690661832,-1.1885472130558188,-0.8568985592130274,0.2534681313301535,0.068,0.106,0.12593649193144932,0.4540424942970276,-0.11956198513507843,0.2267156809750926,0.2534681313301535,1118.0,0.20348253860486606,NAV2,ACTIVE,True,True,True,False
18.930520192000586,129.4851711773133,102.64696079479843,-0.6876360143677678,3.471662795083859,-0.8889967008346561,-0.6876360143677678,0.24308912562776497,128.93283461018774,104.7888783147605,-0.9768431000585376,0.16456216068501547,3.3399140091505566,-1.1962179347813928,-0.8596874449492671,0.24666666090090072,0.141,0.124,0.18776847445724215,0.4540424942970276,-0.11956198513507843,0.2267156809750926,0.24666666090090072,1066.0,0.20348253860486606,NAV2,ACTIVE,True,True,True,False
18.97235530800026,129.48949927480308,102.64949085369364,-0.6905979733024374,3.4779494065210814,-0.8941750858986741,-0.6905979733024377,0.24366932662234647,128.93283461018774,104.7888783147605,-0.9768431000585376,0.16456216068501547,3.346471031484034,-1.2038615550525438,-0.8624579559224873,0.2627634742501323,0.141,0.124,0.18776847445724215,0.4538938105106354,-0.11984043568372726,0.2267156809750926,0.2627634742501323,1176.0,0.2032041702247013,NAV2,ACTIVE,True,True,True,False
19.014022428000317,129.49919683290247,102.65222248048309,-0.6955014387047717,3.4911161315601396,-0.9050976273495366,-0.6955014387047717,0.24909324266695537,128.9546528785465,104.79128714152678,-0.9843921459630431,0.1633655872953789,3.353277304617772,-1.2118417169927882,-0.8653415748184475,0.24825367066772638,0.201,0.195,0.28004642472275915,0.4538938105106354,-0.11984043568372726,0.2267156809750926,0.24825367066772638,1025.0,0.2032041702247013,NAV2,ACTIVE,True,True,True,False
19.054674875999808,129.50342239928003,102.65457522639949,-0.6968987579653687,3.497203025397857,-0.9101824434151288,-0.6968987579653687,0.24740441554032797,128.9546528785465,104.79128714152678,-0.9843921459630431,0.1633655872953789,3.3593812418038933,-1.2190371972069496,-0.8679357573019892,0.24825367066772638,0.201,0.195,0.28004642472275915,0.4538938105106354,-0.11984043568372726,0.2267156809750926,0.25528185677795423,1126.0,0.2032041702247013,NAV2,ACTIVE,True,True,True,False
19.095150947000548,129.50647860204856,102.66301076941308,-0.6987922383202698,3.503741547521326,-0.9156616825115232,-0.6987922383202698,0.2488391080492996,128.9763401038507,104.79523297083776,-0.9899053914546158,0.16123200497212303,3.365869662031491,-1.2267281970683688,-0.8706968003596731,0.2385048963857974,0.201,0.195,0.28004642472275915,0.4538938105106354,-0.11984043568372726,0.2267156809750926,0.2385048963857974,1059.0,0.2026475265485986,NAV2,ACTIVE,True,True,True,False
19.139110125000116,129.51657236725924,102.66053454534287,-0.7040804761896969,3.5096824444417214,-0.9206698772655166,-0.7018103366109827,0.24687304097172047,128.9763401038507,104.79523297083776,-0.9899053914546158,0.16123200497212303,3.374977708883304,-1.2375965088995398,-0.8745833411029992,0.2267156809750926,0.321,0.1,0.33621570457074135,0.45373812317848206,-0.11985719949007034,0.2267156809750926,0.2267156809750926,1000.0,0.2026475265485986,NAV2,ACTIVE,True,True,True,False
19.185571933000574,129.5191400050278,102.66915604305142,-0.7055525350223615,3.5216712048295005,-0.9308432351985774,-0.7055525350223615,0.24107731672594632,128.9763401038507,104.79523297083776,-0.9899053914546158,0.16123200497212303,3.380578292907242,-1.2443216825561558,-0.8769847050939886,0.2171936223741387,0.321,0.1,0.33621570457074135,0.45373812317848206,-0.11985719949007034,0.2267156809750926,0.2171936223741387,958.0,0.2026475265485986,NAV2,ACTIVE,True,True,True,False
19.229491085000518,129.52425847849273,102.66478791930692,-0.7068158308507541,3.526789678294461,-0.9352113589430782,-0.7068158308507537,0.23550188524122068,128.9999686145373,104.80054047306061,-0.9944203128512173,0.15923276716858437,3.386013059095451,-1.2508790330395994,-0.8793200792263485,0.21447303420243757,0.218,0.077,0.23119904844094838,0.45367228984832764,-0.11971183866262436,0.2267156809750926,0.21447303420243757,879.0,0.2026475265485986,NAV2,ACTIVE,True,True,True,False
19.273782516999745,129.52753490047516,102.66807148613567,-0.7089037035651687,3.537330853888767,-0.9442550593039222,-0.711204113212661,0.22575248923723681,128.9999686145373,104.80054047306061,-0.9944203128512173,0.15923276716858437,3.391144716129841,-1.257098989191377,-0.8815297075288803,0.2047242599205086,0.218,0.077,0.23119904844094838,0.45367228984832764,-0.11971183866262436,0.2267156809750926,0.2047242599205086,903.0,0.20236906508420702,NAV2,ACTIVE,True,True,True,False
19.314072351000505,129.5348424857221,102.67256651974802,-0.7131366974160409,3.5425348805297623,-0.9487471175493473,-0.7131366974160409,0.2217735014355913,129.02329072691194,104.80708995302665,-0.9987245649365607,0.15638793408330998,3.396476832806869,-1.2635919863893132,-0.8838305171551939,0.2083517108161101,-0.012,0.248,0.24829015284541592,0.45367228984832764,-0.11971183866262436,0.2267156809750926,0.2083517108161101,808.0,0.20236906508420702,NAV2,ACTIVE,True,True,True,False
19.35442872800013,129.53760919552786,102.6762922115138,-0.7142982707535914,3.5471196964199896,-0.9527196897260816,-0.7142982707535914,0.2133595356700169,129.02329072691194,104.80708995302665,-0.9987245649365607,0.15638793408330998,3.4012113003767785,-1.2693821004509946,-0.8858787115778729,0.18137254478007406,-0.012,0.248,0.24829015284541592,0.45367228984832764,-0.11971183866262436,0.2267156809750926,0.18137254478007406,914.0,0.20236906508420702,NAV2,ACTIVE,True,True,True,False
19.395223346999956,129.53977748269168,102.68523451616623,-0.7157982292639592,3.5525036242524184,-0.9573931200532353,-0.7157982292639593,0.21231952476462887,129.0442930318281,104.81471271277019,-1.0018983311096459,0.15187510567241314,3.40638160327201,-1.2757336214884099,-0.888121479005512,0.20948528922098555,-0.012,0.248,0.24829015284541592,0.4537363052368164,-0.11916103959083557,0.2267156809750926,0.20948528922098555,842.0,0.20236906508420702,NAV2,ACTIVE,True,True,True,False
19.43917719500041,129.5480752976285,102.68409174625137,-0.719449194924942,3.5573710556169766,-0.9616334985742043,-0.7176929759276964,0.2091904135207643,129.0442930318281,104.81471271277019,-1.0018983311096459,0.15187510567241314,3.4137284396196566,-1.2848087325743578,-0.8913174654374342,0.21084558330683612,0.125,0.104,0.16260688792299052,0.3737363052368164,-0.10003628715429991,-0.2267156809750926,0.21084558330683612,930.0,0.20209078978826905,TELEOP,ACTIVE,True,True,True,False
19.48586235699986,129.5503541750357,102.69297594175724,-0.7216693309728546,3.568007532042517,-0.970949116132201,-0.7216693309728545,0.2082494933957498,129.0442930318281,104.81471271277019,-1.0018983311096459,0.15187510567241314,3.4189727936334324,-1.2913125914111239,-0.8924479141806813,0.18794729952835176,0.125,0.104,0.16260688792299052,0.13373630523681634,-0.07003827097520786,-0.2267156809750926,0.18794729952835176,829.0,0.08629219654019658,TELEOP,ACTIVE,True,True,True,False
19.530254731999776,129.55526893444244,102.68864349681728,-0.724133048610727,3.5729222914492516,-0.9752815610721802,-0.724133048610727,0.20732307511192286,129.0611478974629,104.82330583013277,-1.0072647352921047,0.14503543699052918,3.4229717973419684,-1.296278461109246,-0.8929407042111129,0.15688725123476407,0.151,0.064,0.16400304875214972,-0.02626369476318366,-0.057928818448831035,-0.2267156809750926,0.15688725123476407,720.0,0.04787824437761553,TELEOP,ACTIVE,True,True,True,False
19.570840047000274,129.55853042445852,102.69186164992051,-0.7248042558829946,3.577926556057577,-0.9797065871269386,-0.7248042558829946,0.2057989132219315,129.0611478974629,104.82330583013277,-1.0072647352921047,0.14503543699052918,3.4270508670505033,-1.301348114803651,-0.8933587756440798,0.1625551432591414,0.151,0.064,0.16400304875214972,-0.12626369476318366,-0.050360410619845516,-0.2267156809750926,0.1625551432591414,-416.0,0.045929758800689086,TELEOP,ACTIVE,True,True,True,False
19.611462910000228,129.5577513169169,102.7034260468329,-0.7256074685623253,3.5802651678335673,-0.981815379745055,-0.7256074685623254,0.15495242701448073,129.07646184889632,104.83275306017356,-1.0092352986062352,0.13722036368128684,3.424681741212763,-1.2984041193354225,-0.8931166772967641,-0.09159313511393741,0.159,0.195,0.25160683615514107,-0.22626369476318364,-0.04279200279086,-0.2267156809750926,-0.09159313511393741,-404.0,0.04537302204035957,TELEOP,ACTIVE,True,True,True,False
19.651922869999908,129.553473158882,102.71328710321933,-0.7268691991771027,3.577713219080812,-0.9795825438656355,-0.7268691991771027,0.11419454546712832,129.07646184889632,104.83275306017356,-1.0092352986062352,0.13722036368128684,3.422415172578438,-1.2955888573499479,-0.8929006534974715,-0.09159313511393741,0.159,0.195,0.25160683615514107,-0.3262636947631836,-0.03522359496187448,-0.2267156809750926,-0.09159313511393741,211.0,0.041197542880001686,TELEOP,ACTIVE,True,True,True,False
19.69334842599983,129.55289795273663,102.7247212368127,-0.7261036900914847,3.58023179724285,-0.9818200253787187,-0.7261036900914847,0.11039636576375379,129.0903852594008,104.84303954515397,-1.0095398730481584,0.12860331739269323,3.4237466056940797,-1.2972427332016325,-0.8930206499126404,0.05826593001059879,0.159,0.195,0.25160683615514107,-0.4262636947631836,-0.02765518713288896,-0.2267156809750926,0.05826593001059879,299.0,0.04008406935934273,TELEOP,ACTIVE,True,True,True,False
19.734087679999902,129.55518330668988,102.72269129468079,-0.7255948060063564,3.5825171511960896,-0.9838499675106671,-0.7255948060063564,0.10589361042657358,129.0903852594008,104.84303954515397,-1.0095398730481584,0.12860331739269323,3.4254494961441555,-1.2993586478399626,-0.8931725750903348,0.06778798861155268,0.123,0.095,0.1554155719353759,-0.5262636947631836,-0.020086779303903443,-0.2267156809750926,0.06778798861155268,305.0,0.039527379141126646,TELEOP,ACTIVE,True,True,True,False
19.775597947999813,129.5557753394382,102.72827469520159,-0.725920280619746,3.5870948747337468,-0.9879146007941046,-0.7262546126195738,0.0987485750217845,129.0903852594008,104.84303954515397,-1.0095398730481584,0.12860331739269323,3.4271847153319412,-1.3015154020609516,-0.8933241883593317,0.06914828269740324,0.123,0.095,0.1554155719353759,-0.6262636947631837,0.0,-0.2267156809750926,0.06914828269740324,305.0,0.03869236708485915,TELEOP,ACTIVE,True,True,True,False
19.825396858000204,129.55738854015803,102.7377952079732,-0.7265186601127832,3.589340565999238,-0.9899096838021154,-0.726518660112783,0.09570766750000766,129.10296959263934,104.85198934481122,-1.0100195124948006,0.1205125257056485,3.4272747335922724,-1.3016274518519046,-0.8933325217841809,-0.03196691101748805,0.046,0.032,0.0560357029044876,-0.7762636947631838,0.0,-0.2267156809750926,-0.03196691101748805,-141.0,0.03841395216258104,TELEOP,ACTIVE,True,True,True,False
19.86560181799996,129.55474974081199,102.74627571339904,-0.7260867242237876,3.5883199605613014,-0.9890043860273371,-0.7260867242237876,0.07697107659973397,129.10296959263934,104.85198934481122,-1.0100195124948006,0.1205125257056485,3.4264676617384144,-1.3006243308679661,-0.8932632524198496,-0.03196691101748805,0.046,0.032,0.0560357029044876,-0.7916666666666667,0.0,-0.2267156809750926,-0.03196691101748805,-141.0,0.038135630324529636,TELEOP,ACTIVE,True,True,True,False
19.905998273000478,129.55220736883174,102.7595074323164,-0.7262101436463553,3.587304513684456,-0.98810143770103,-0.7258414221826719,0.05099864303054689,129.11447457752487,104.86173098858805,-1.0096601952622528,0.11186874708161575,3.425562652942482,-1.2994996564286894,-0.8931858762685875,-0.03944852848966611,-0.141,-0.062,0.1540292180074936,-0.7916666666666667,0.0,-0.2267156809750926,-0.03944852848966611,-174.0,0.03785721540225152,TELEOP,ACTIVE,True,True,True,False
19.95169495099981,129.546654380697,102.7705610645992,-0.7251402143130328,3.584679646352534,-0.9857670840915996,-0.7251402143130327,0.030789203056106853,129.11447457752487,104.86173098858805,-1.0096601952622528,0.11186874708161575,3.42407970766007,-1.2976571997305768,-0.8930600815894268,-0.06937499837837834,-0.141,-0.062,0.1540292180074936,-0.7916666666666667,0.0,-0.2267156809750926,-0.06937499837837834,-465.0,0.03757889356420011,TELEOP,ACTIVE,True,True,True,False
19.995436324000366,129.5408460017698,102.78674201113886,-0.7244913070312763,3.5816847850218054,-0.9831042018248936,-0.7244913070312763,0.011338462127904517,129.12095768292647,104.86812944979745,-1.008325215199375,0.10360229958531483,3.421193606889778,-1.2940729895261915,-0.8928160694349265,-0.11358455616852138,-0.141,-0.062,0.1540292180074936,-0.7916666666666667,0.0,-0.2267156809750926,-0.11358455616852138,-540.0,0.03757889356420011,TELEOP,ACTIVE,True,True,True,False
20.03932665800039,129.5340017756631,102.79282351010178,-0.7244731529692412,3.566166870883808,-0.9693185258014598,-0.7242322598554015,-0.06152172890716191,129.12095768292647,104.86812944979745,-1.008325215199375,0.10360229958531483,3.4160524483352197,-1.287692843418109,-0.8923815876919879,-0.15484681010598825,-0.092,-0.083,0.12390722335683259,-0.7916666666666667,0.0,-0.2267156809750926,-0.15484681010598825,-683.0,0.03757889356420011,TELEOP,ACTIVE,True,True,True,False
20.085733943000378,129.51966975834702,102.80554734251358,-0.723458079049283,3.560508541599005,-0.9642988704501485,-0.723458079049283,-0.08380359517887598,129.12095768292647,104.86812944979745,-1.008325215199375,0.10360229958531483,3.41160075066379,-1.2821731274688424,-0.8920055713245856,-0.17434435866984618,-0.092,-0.083,0.12390722335683259,-0.7916666666666667,0.0,-0.2267156809750926,-0.17434435866984618,-769.0,0.03757889356420011,TELEOP,ACTIVE,True,True,True,False
20.129442487000233,129.5111338873747,102.81311705158699,-0.722725545723032,3.5519726706266828,-0.9567291613767521,-0.7227255457230318,-0.11697148525835209,129.1230460454384,104.87151329682494,-1.0064622503706417,0.09596352872784368,3.406964151694165,-1.2764287067371205,-0.8916141251607271,-0.1949754856385796,-0.189,-0.139,0.23461031520374376,-0.7916666666666667,0.0,-0.2267156809750926,-0.1949754856385796,-883.0,0.03757889356420011,TELEOP,ACTIVE,True,True,True,False
20.17235243899995,129.50182898746587,102.82751677901044,-0.7221032050761612,3.5441026302140055,-0.9497595083967065,-0.7221032050761612,-0.1452973487282444,129.1230460454384,104.87151329682494,-1.0064622503706417,0.09596352872784368,3.4019554339858007,-1.2702285202539065,-0.8911914799040755,-0.1992830835771064,-0.189,-0.139,0.23461031520374376,-0.7916666666666667,0.0,-0.2267156809750926,-0.1992830835771064,-958.0,0.03757889356420011,TELEOP,ACTIVE,True,True,True,False
20.21411220200025,129.4864696858984,102.85206004710042,-0.7209546933631839,3.5312998770745496,-0.9384547108253007,-0.7209546933631835,-0.18243190180649047,129.12023508122127,104.87211244818329,-1.0031954455145424,0.08903365513960129,3.3963256010940808,-1.2632660482260119,-0.8907166951082517,-0.2294362691467937,-0.13,-0.181,0.22284748147555986,-0.7916666666666667,0.0,-0.2267156809750926,-0.2294362691467937,-1032.0,0.03757889356420011,TELEOP,ACTIVE,True,True,True,False
20.25441987100021,129.47811373860804,102.8655204263666,-0.7198137653934804,3.524295312277289,-0.93228405537403,-0.7198137653934804,-0.20182976610089903,129.12023508122127,104.87211244818329,-1.0031954455145424,0.08903365513960129,3.3904016185145704,-1.255947114285307,-0.8902247310754329,-0.23691788661897176,-0.13,-0.181,0.22284748147555986,-0.7916666666666667,0.0,-0.2267156809750926,-0.23691788661897176,-1126.0,0.03674378842370591,TELEOP,ACTIVE,True,True,True,False
20.294875773000058,129.4694184357923,102.88402893219101,-0.7185248582333159,3.518008265060365,-0.926766333639902,-0.7185248582333162,-0.214849286747848,129.11338147864407,104.86840144800436,-0.9961650977051889,0.08362242146301072,3.380294415921409,-1.2434765836223853,-0.8894363134093938,-0.2686580819554847,-0.13,-0.181,0.22284748147555986,-0.7916666666666667,0.0,-0.2267156809750926,-0.27681984647058805,-1185.0,0.034795209762552674,TELEOP,ACTIVE,True,True,True,False
20.335010949000207,129.4620288621243,102.89050725003291,-0.7173137909489702,3.510618691392343,-0.9202880157980126,-0.7173137909489702,-0.23323759980945657,129.11338147864407,104.86840144800436,-0.9961650977051889,0.08362242146301072,3.3730459758366322,-1.2345452438576676,-0.8889070900904757,-0.2997181302490724,-0.128,-0.149,0.1964306493396588,-0.7916666666666667,0.0,-0.2267156809750926,-0.2997181302490724,-1322.0,0.03229003396741005,TELEOP,ACTIVE,True,True,True,False
20.375406365000345,129.44374146822608,102.92317564073431,-0.7148331959321778,3.495921331841907,-0.9074672344196404,-0.7148331959321781,-0.2615527148425363,129.11338147864407,104.86840144800436,-0.9961650977051889,0.08362242146301072,3.369220381217884,-1.229835327140275,-0.8886348859116344,-0.30470587523052445,-0.128,-0.149,0.1964306493396588,-0.7916666666666667,0.0,-0.2267156809750926,-0.30470587523052445,-1355.0,0.031733297207080624,TELEOP,ACTIVE,True,True,True,False
20.425463022000258,129.4360784833123,102.92983381811612,-0.7131633574361845,3.4882583469281214,-0.900809057037828,-0.7131633574361844,-0.27645127906045813,129.1036536192182,104.86063751703492,-0.9863548024727748,0.08028592788467313,3.3572422394155113,-1.2151051285959151,-0.8877979790235585,-0.320802688579756,-0.244,-0.169,0.2968113879216901,-0.7916666666666667,0.0,-0.2267156809750926,-0.320802688579756,-1415.0,0.0311765604467511,TELEOP,ACTIVE,True,True,True,False
20.466490104000513,129.42686747975998,102.94370573337697,-0.7115731233401492,3.480282575747499,-0.8939048668298581,-0.7115731233401492,-0.2900152220753919,129.1036536192182,104.86063751703492,-0.9863548024727748,0.08028592788467313,3.349033337263826,-1.2050247824295879,-0.8872249264321704,-0.3296446001377846,-0.244,-0.169,0.2968113879216901,-0.7916666666666667,0.0,-0.2267156809750926,-0.3296446001377846,-1454.0,0.0311765604467511,TELEOP,ACTIVE,True,True,True,False
20.510189227999945,129.40877678307942,102.96980608367191,-0.7090931003879454,3.4643925199883854,-0.8802179386833626,-0.7090931003879454,-0.3101300527885187,129.0895218298356,104.84918303074592,-0.973586624968987,0.07808620717033896,3.340965640711296,-1.1951290653805935,-0.8866793721912812,-0.3153615122363538,-0.324,-0.199,0.38023282341218256,-0.7916666666666667,0.0,-0.2267156809750926,-0.3153615122363538,-1391.0,0.02950635016576262,TELEOP,ACTIVE,True,True,True,False
20.550835402999837,129.3995717862271,102.98347209845168,-0.7073640021972923,3.456378949736645,-0.8733510108039079,-0.7073640021972926,-0.31795457946171235,129.0895218298356,104.84918303074592,-0.973586624968987,0.07808620717033896,3.332975102952836,-1.1853381477358462,-0.886181457824043,-0.3153615122363538,-0.324,-0.199,0.38023282341218256,-0.7916666666666667,0.0,-0.2267156809750926,-0.3153615122363538,-1391.0,0.027557818046722735,TELEOP,ACTIVE,True,True,True,False
20.593348090999825,129.3893854155039,103.00244145260412,-0.7060868176458985,3.448308738260531,-0.8664578941714857,-0.7060868176458985,-0.3248100903842165,129.0895218298356,104.84918303074592,-0.973586624968987,0.07808620717033896,3.3249088062340624,-1.1754643334772488,-0.8856890731059639,-0.3180821004080549,-0.324,-0.199,0.38023282341218256,-0.7916666666666667,0.0,-0.2267156809750926,-0.3180821004080549,-1367.0,0.02727944966655798,TELEOP,ACTIVE,True,True,True,False
20.63407221699981,129.38146424654397,103.00918951404958,-0.7054887255886886,3.440387569300571,-0.8597098327260293,-0.7054887255886886,-0.32956961898976667,129.06958391871274,104.83642041521094,-0.9595507345427601,0.07460952779405677,3.317243272515003,-1.1660902240295226,-0.8852166953528773,-0.2997181302490724,-0.351,-0.233,0.4212956206750789,-0.7916666666666667,0.0,-0.2267156809750926,-0.2997181302490724,-1311.0,0.027557818046722735,TELEOP,ACTIVE,True,True,True,False
20.674366401000043,129.3629676400834,103.04051433662553,-0.7052072614397032,3.4251250546396075,-0.8467345651980074,-0.7052072614397034,-0.3332467287375265,129.06958391871274,104.83642041521094,-0.9595507345427601,0.07460952779405677,3.309649744778375,-1.1568130487390957,-0.8847490229388004,-0.3022120027397984,-0.351,-0.233,0.4212956206750789,-0.7916666666666667,0.0,-0.2267156809750926,-0.3022120027397984,-1322.0,0.027557818046722735,TELEOP,ACTIVE,True,True,True,False
20.71514736900008,129.35560465058404,103.04676475830014,-0.704489316418843,3.417762065140228,-0.8404841435233887,-0.7044893164188428,-0.33280833361542067,129.04452021754685,104.81822123536332,-0.9456761684093736,0.07282638223444929,3.3018186187306338,-1.1472549290552314,-0.8842669989748947,-0.2997181302490724,-0.125,-0.149,0.19448907424325923,-0.7916666666666667,0.0,-0.2267156809750926,-0.2997181302490724,-1300.0,0.027557818046722735,TELEOP,ACTIVE,True,True,True,False
20.765893206999863,129.34732597869228,103.05916594041138,-0.7031438764367217,3.410632648321739,-0.834445928153238,-0.7031438764367217,-0.33041540695973504,129.04452021754685,104.81822123536332,-0.9456761684093736,0.07282638223444929,3.290947479943291,-1.1340015805579131,-0.8836050089016106,-0.2877021991573925,-0.125,-0.149,0.19448907424325923,-0.7916666666666667,0.0,-0.2267156809750926,-0.2877021991573925,-1269.0,0.02727944966655798,TELEOP,ACTIVE,True,True,True,False
20.80635872200037,129.33068532946197,103.08290880687689,-0.7009707634823921,3.3960583937860123,-0.8221438645359914,-0.700970763482392,-0.3281191359187945,129.01715606932007,104.79734219969977,-0.9284376089679456,0.07146541904228652,3.2835813185161618,-1.1250314515303885,-0.8831567560967842,-0.2877021991573925,-0.097,-0.202,0.22408257406590099,-0.7916666666666667,0.0,-0.2267156809750926,-0.2877021991573925,-1269.0,0.02727944966655798,TELEOP,ACTIVE,True,True,True,False
20.847431220000544,129.3226455251361,103.09471443475077,-0.700082332963577,3.3891468082561307,-0.8163310707307809,-0.7000823329635769,-0.3243643987887969,129.01715606932007,104.79734219969977,-0.9284376089679456,0.07146541904228652,3.276407713723275,-1.1163035893300535,-0.8827226303408457,-0.28543504234764155,-0.097,-0.202,0.22408257406590099,-0.7916666666666667,0.0,-0.2267156809750926,-0.28543504234764155,-1259.0,0.02727944966655798,TELEOP,ACTIVE,True,True,True,False
20.89314672799992,129.3127260281028,103.11249116958216,-0.6989061672569638,3.381338506058778,-0.8097685085259,-0.6989061672569639,-0.3253319915161517,129.01715606932007,104.79734219969977,-0.9284376089679456,0.07146541904228652,3.2690069112077134,-1.1073073896781376,-0.8822819463843856,-0.2788602875993639,-0.097,-0.202,0.22408257406590099,-0.7916666666666667,0.0,-0.2267156809750926,-0.2788602875993639,-1221.0,0.02644439106817713,TELEOP,ACTIVE,True,True,True,False
20.934483093999916,129.30638816717106,103.11779511642806,-0.6977835182764512,3.3750006451270846,-0.8044645616799995,-0.697783518276451,-0.3197784917841902,128.98992612635772,104.77632548203562,-0.9136565213556295,0.06941921234833329,3.2622285379191416,-1.099074461449016,-0.8818994367642661,-0.27681984647058805,-0.259,-0.266,0.37126405697293136,-0.7916666666666667,0.0,-0.2267156809750926,-0.27681984647058805,-1230.0,0.025052595709466767,TELEOP,ACTIVE,True,True,True,False
20.9771487349999,129.298556141376,103.12949573081514,-0.6966359072533219,3.360765810702402,-0.7925744073312274,-0.6956854360619711,-0.31641977232054347,128.98992612635772,104.77632548203562,-0.9136565213556295,0.06941921234833329,3.2551782868728156,-1.0905181097271415,-0.8815059440602052,-0.27681984647058805,-0.259,-0.266,0.37126405697293136,-0.7916666666666667,0.0,-0.2267156809750926,-0.27681984647058805,-1203.0,0.025052595709466767,TELEOP,ACTIVE,True,True,True,False
21.025444517000324,129.28262601592,103.15198295244748,-0.6948378067863407,3.3542303953419625,-0.7871359008611769,-0.6948378067863407,-0.3113438042528832,128.96099336187868,104.75086705693872,-0.896653063388662,0.06898789246785103,3.2447763324390175,-1.0779065429585046,-0.8809257262296721,-0.2727389642130364,-0.281,-0.187,0.3375351833513064,-0.7916666666666667,0.0,-0.2267156809750926,-0.2727389642130364,-1203.0,0.025052595709466767,TELEOP,ACTIVE,True,True,True,False
21.066028997000103,129.27480774082943,103.16324027935775,-0.6938836676249666,3.34759849021199,-0.7816256416188615,-0.6938836676249664,-0.3066647715522106,128.96099336187868,104.75086705693872,-0.896653063388662,0.06898789246785103,3.237961245392068,-1.0696518112385136,-0.8805458027295077,-0.26661764082670886,-0.281,-0.187,0.3375351833513064,-0.7916666666666667,0.0,-0.2267156809750926,-0.26661764082670886,-1176.0,0.025052595709466767,TELEOP,ACTIVE,True,True,True,False
21.10640163000062,129.2587510061931,103.18509853717897,-0.6919117970841828,3.3336696888624306,-0.7700756156296353,-0.6919117970841828,-0.3032219481392408,128.93079804029017,104.72389689317995,-0.8813879735162597,0.06798609316776086,3.2309588374770266,-1.0611768814727789,-0.8801556197348381,-0.2727389642130364,-0.088,-0.092,0.1273106437027164,-0.7916666666666667,0.0,-0.2267156809750926,-0.2727389642130364,-1203.0,0.025052595709466767,TELEOP,ACTIVE,True,True,True,False
21.152342266000232,129.25100959114195,103.1960202044424,-0.6909234720323001,3.3271353920703612,-0.7646762140437727,-0.6909234720323001,-0.2989360625997059,128.93079804029017,104.72389689317995,-0.8813879735162597,0.06798609316776086,3.2242317521365065,-1.0530414109324255,-0.879783010280445,-0.2627634742501323,-0.088,-0.092,0.1273106437027164,-0.7916666666666667,0.0,-0.2267156809750926,-0.2627634742501323,-1176.0,0.025052595709466767,TELEOP,ACTIVE,True,True,True,False
21.193524240999977,129.2414666213369,103.21203940329875,-0.6899676982247582,3.3197635172286195,-0.758589234427737,-0.6899676982247582,-0.2996930823924814,128.89961126646,104.6958080257656,-0.8679363516020047,0.06625980909306264,3.2173272399611714,-1.0446978055542953,-0.8794028701399799,-0.27069852308426057,-0.088,-0.092,0.1273106437027164,-0.7916666666666667,0.0,-0.2267156809750926,-0.27069852308426057,-1185.0,0.024774227329302005,TELEOP,ACTIVE,True,True,True,False
21.234064231000048,129.23490564886714,103.21744180016043,-0.6889169621193292,3.313202544758845,-0.7531868375660359,-0.6889169621193293,-0.29712119857687846,128.89961126646,104.6958080257656,-0.8679363516020047,0.06625980909306264,3.2104494790076425,-1.0363929349717076,-0.8790243760919355,-0.27681984647058805,-0.369,-0.122,0.3886450823051798,-0.7916666666666667,0.0,-0.2267156809750926,-0.27681984647058805,-1259.0,0.024774227329302005,TELEOP,ACTIVE,True,True,True,False
21.274318581999978,129.2166231625903,103.2444820280365,-0.6872589295230416,3.298371624997648,-0.7409961622496931,-0.6872589295230416,-0.30182433904901845,128.89961126646,104.6958080257656,-0.8679363516020047,0.06625980909306264,3.203066977865902,-1.027485832646426,-0.878618301090325,-0.29246322845786943,-0.369,-0.122,0.3886450823051798,-0.7916666666666667,0.0,-0.2267156809750926,-0.29246322845786943,-1269.0,0.024774227329302005,TELEOP,ACTIVE,True,True,True,False
21.315010226000595,129.20911000743752,103.25064002081035,-0.6862791016462195,3.2908584698448693,-0.7348381694758399,-0.6862791016462193,-0.30274629252324065,128.86739891752148,104.66925480309602,-0.8599107017785627,0.062161188772378494,3.1921337582253484,-1.014308287323743,-0.8780106504601021,-0.2833946012188657,-0.265,-0.252,0.36568975922221286,-0.7916666666666667,0.0,-0.2267156809750926,-0.2833946012188657,-1250.0,0.025052595709466767,TELEOP,ACTIVE,True,True,True,False
21.366264037000292,129.20078929370283,103.26152828465405,-0.6854413593962543,3.283801941685589,-0.7290655271181733,-0.6854413593962542,-0.30251488350405564,128.86739891752148,104.66925480309602,-0.8599107017785627,0.062161188772378494,3.184812155973268,-1.0054929733896252,-0.8775972566140486,-0.29246322845786943,-0.265,-0.252,0.36568975922221286,-0.7916666666666667,0.0,-0.2267156809750926,-0.29246322845786943,-1290.0,0.025330964089631525,TELEOP,ACTIVE,True,True,True,False
21.406914873999995,129.1833428360561,103.28307460548467,-0.6839535744786317,3.2686158086462247,-0.7166657788731101,-0.6839535744786315,-0.3067098174591076,128.83243463852017,104.64205183074145,-0.8549262112339719,0.05673805695483227,3.1772738686836504,-0.9964245223888384,-0.8771741055824203,-0.28543504234764155,-0.075,-0.246,0.2571789260417735,-0.7916666666666667,0.0,-0.2267156809750926,-0.28543504234764155,-1259.0,0.025330964089631525,TELEOP,ACTIVE,True,True,True,False
21.451042618999963,129.17530997885106,103.29344427081446,-0.6825815072645559,3.2618769417055353,-0.7111870341324191,-0.6825815072645556,-0.30181328984410477,128.83243463852017,104.64205183074145,-0.8549262112339719,0.05673805695483227,3.170387995131892,-0.9881475776346544,-0.8767877606682558,-0.27069852308426057,-0.075,-0.246,0.2571789260417735,-0.7916666666666667,0.0,-0.2267156809750926,-0.27069852308426057,-1259.0,0.025330964089631525,TELEOP,ACTIVE,True,True,True,False
21.491835796000487,129.16540108330125,103.3083811070488,-0.6813548900373331,3.254290034420278,-0.7050266628558889,-0.6813548900373334,-0.3039772340088021,128.83243463852017,104.64205183074145,-0.8549262112339719,0.05673805695483227,3.1628720559160155,-0.9791208012921788,-0.8763708664256694,-0.30470587523052445,-0.075,-0.246,0.2571789260417735,-0.7916666666666667,0.0,-0.2267156809750926,-0.30470587523052445,-1290.0,0.025052595709466767,TELEOP,ACTIVE,True,True,True,False
21.53411813999992,129.15766696093027,103.31464762607239,-0.68037534374841,3.24655591204929,-0.6987601438323081,-0.68037534374841,-0.30665958089749157,128.7992037812776,104.61407221520818,-0.8488398233421908,0.052276577978556116,3.1556372481443784,-0.9704388047853875,-0.8759718881839281,-0.2686580819554847,-0.242,-0.093,0.25925470101813003,-0.7916666666666667,0.0,-0.2267156809750926,-0.2686580819554847,-1118.0,0.024774227329302005,TELEOP,ACTIVE,True,True,True,False
21.57483873199999,129.14042994154926,103.33864579579539,-0.6790305074119942,3.2330140585745166,-0.68782738488816,-0.6790305074119942,-0.2981452131504708,128.7992037812776,104.61407221520818,-0.8488398233421908,0.052276577978556116,3.145200613265326,-0.957926809201149,-0.875395567365814,-0.29473038526762035,-0.242,-0.093,0.25925470101813003,-0.7916666666666667,0.0,-0.2267156809750926,-0.2686580819554847,-1300.0,0.025052595709466767,TELEOP,ACTIVE,True,True,True,False
21.625453562000075,129.1328031384004,103.3447960865888,-0.6782105942734256,3.2253872554256344,-0.681677094094782,-0.6782105942734256,-0.3007821729234805,128.767716221123,104.585515650446,-0.8437667101718538,0.04868406949092905,3.138040111721194,-0.9493509651350955,-0.8749990440110073,-0.26661764082670886,-0.158,-0.18,0.23950782868207043,-0.790080795940171,0.0,-0.2267156809750926,-0.26661764082670886,-1176.0,0.025052595709466767,TELEOP,ACTIVE,True,True,True,False
21.66620880499977,129.12527849982968,103.35423252122752,-0.6769966261778234,3.2192087993484226,-0.6767136775004522,-0.6769966261778233,-0.2920272486660487,128.767716221123,104.585515650446,-0.8437667101718538,0.04868406949092905,3.1317432812716652,-0.9418150238007451,-0.8746504980470792,-0.2450796511340751,-0.158,-0.18,0.23950782868207043,-0.790080795940171,0.0,-0.2267156809750926,-0.2450796511340751,-1081.0,0.025052595709466767,TELEOP,ACTIVE,True,True,True,False
21.706684970000424,129.1095719422904,103.372914615497,-0.676264579598719,3.20591322098255,-0.6660426466634306,-0.6762645795987191,-0.285101815890066,128.7357093323958,104.55668800799096,-0.8398389444941023,0.044832840763892996,3.1249626033385987,-0.9337060970953123,-0.8742753353013588,-0.26094974880233157,-0.158,-0.18,0.23950782868207043,-0.790080795940171,0.0,-0.2267156809750926,-0.26094974880233157,-1151.0,0.025052595709466767,TELEOP,ACTIVE,True,True,True,False
21.747458068000014,129.10184558930905,103.38226504775062,-0.6760009583820894,3.1995574570201124,-0.6609458724718315,-0.6760009583820894,-0.2803276293499494,128.7357093323958,104.55668800799096,-0.8398389444941023,0.044832840763892996,3.118533009601377,-0.9260226575942333,-0.8739197506830226,-0.25188112156332787,-0.2,-0.133,0.24018534509832196,-0.790080795940171,0.0,-0.2267156809750926,-0.25188112156332787,-1111.0,0.025052595709466767,TELEOP,ACTIVE,True,True,True,False
21.791714206000506,129.09291980873172,103.39508677572844,-0.6752824974708643,3.1930949058733304,-0.6557688400090046,-0.6752824974708642,-0.27695311418432284,128.7357093323958,104.55668800799096,-0.8398389444941023,0.044832840763892996,3.1124881176534758,-0.9188039222119356,-0.8735855773129487,-0.23397058276629554,-0.2,-0.133,0.24018534509832196,-0.790080795940171,0.0,-0.2267156809750926,-0.23397058276629554,-1066.0,0.025052595709466767,TELEOP,ACTIVE,True,True,True,False
21.834014306000427,129.08705264009131,103.39978141127779,-0.6748431188042308,3.187227737232915,-0.6510742044596667,-0.6748431188042304,-0.26970950368091284,128.70317445408844,104.53032280630252,-0.8412234612641137,0.03958303883610966,3.106297455018064,-0.9114162171407715,-0.8732434844282735,-0.2416789159194487,-0.211,-0.136,0.25103187048659775,-0.790080795940171,0.0,-0.2267156809750926,-0.2416789159194487,-1073.0,0.025052595709466767,TELEOP,ACTIVE,True,True,True,False
21.874809185999766,129.07057245223604,103.42118353316538,-0.6740093900794828,3.1746722249816273,-0.6410357520992217,-0.6740093900794828,-0.2640555529189773,128.70317445408844,104.53032280630252,-0.8412234612641137,0.03958303883610966,3.0972431446815123,-0.9006203327104909,-0.872743397791952,-0.2224080830365658,-0.211,-0.136,0.25103187048659775,-0.790080795940171,0.0,-0.2267156809750926,-0.23691788661897176,-981.0,0.025052595709466767,TELEOP,ACTIVE,True,True,True,False
21.914956501999768,129.0650305089467,103.42560494608631,-0.6731554063179329,3.1691302816923153,-0.6366143391782874,-0.673155406317933,-0.2562244157315223,128.67048171108368,104.50363475061614,-0.8424342707714739,0.03466599652159372,3.0914385405995075,-0.8937049454770352,-0.8724229540323918,-0.22512867120826693,-0.165,-0.128,0.20882768015758832,-0.790080795940171,0.0,-0.2267156809750926,-0.22512867120826693,-993.0,0.025052595709466767,TELEOP,ACTIVE,True,True,True,False
21.955555461000586,129.0578267475039,103.43408229790965,-0.6723232796522898,3.163372211907571,-0.6320271571043404,-0.6723232796522898,-0.25090404708986563,128.67048171108368,104.50363475061614,-0.8424342707714739,0.03466599652159372,3.085537627559919,-0.886679447028222,-0.8720973193115166,-0.23102327891361935,-0.165,-0.128,0.20882768015758832,-0.790080795940171,0.0,-0.2267156809750926,-0.23102327891361935,-1019.0,0.025052595709466767,TELEOP,ACTIVE,True,True,True,False
21.99669173300026,129.0489827496196,103.44601244478253,-0.6717256417747081,3.1571101024447255,-0.6270445388952599,-0.6717256417747081,-0.2503868913475448,128.67048171108368,104.50363475061614,-0.8424342707714739,0.03466599652159372,3.079727064635749,-0.8797660361195855,-0.8717767932407627,-0.2224080830365658,-0.165,-0.128,0.20882768015758832,-0.790080795940171,0.0,-0.2267156809750926,-0.22376837712241637,-981.0,0.025052595709466767,TELEOP,ACTIVE,True,True,True,False
22.0389618600002,129.0362461936308,103.45865385826691,-0.6707416538298261,3.1513920484778746,-0.6225006648108283,-0.6712792620571779,-0.24557085368297132,128.63992366596722,104.47649064514195,-0.8412261152844921,0.031008019440546354,3.07415904693644,-0.8731453788083302,-0.8714697599783079,-0.21968749486486472,-0.096,-0.148,0.17640861656959955,-0.790080795940171,0.0,-0.2267156809750926,-0.21968749486486472,-969.0,0.025052595709466767,TELEOP,ACTIVE,True,True,True,False
22.08559724299994,129.02753858538097,103.47008442539992,-0.6701659328678117,3.139782802735735,-0.613289588034841,-0.6701659328678113,-0.24049237091668116,128.63992366596722,104.47649064514195,-0.8412261152844921,0.031008019440546354,3.068418066651109,-0.866323411185794,-0.8711533073334038,-0.2224080830365658,-0.096,-0.148,0.17640861656959955,-0.790080795940171,0.0,-0.2267156809750926,-0.2224080830365658,-981.0,0.025052595709466767,TELEOP,ACTIVE,True,True,True,False
22.130360494000342,129.02178756311656,103.47464021672192,-0.6696518920870308,3.1340317804713402,-0.6087337967128438,-0.6696518920870308,-0.2382638666694865,128.61109639700027,104.45146705410907,-0.8421878661543207,0.027367619938586843,3.0626019337477404,-0.859416596732538,-0.8708346802490367,-0.21968749486486472,-0.157,-0.099,0.18560711193270585,-0.790080795940171,0.0,-0.2267156809750926,-0.21968749486486472,-981.0,0.025052595709466767,TELEOP,ACTIVE,True,True,True,False
22.171259826000096,129.01457415899642,103.48268476173098,-0.6692041888851146,3.128321750654714,-0.6042148417943158,-0.6692041888851145,-0.23559090635295066,128.61109639700027,104.45146705410907,-0.8421878661543207,0.027367619938586843,3.056923378602206,-0.8526774630872022,-0.8705219035443401,-0.2224080830365658,-0.157,-0.099,0.18560711193270585,-0.790080795940171,0.0,-0.2267156809750926,-0.2224080830365658,-952.0,0.025052595709466767,TELEOP,ACTIVE,True,True,True,False
22.214160731999982,129.00028741642137,103.49815224970251,-0.6681549123832335,3.116721495689049,-0.5950474841840501,-0.6681549123832333,-0.23284575745615865,128.58415418040252,104.42589424813414,-0.8415967854069457,0.024840769749032696,3.0511993907804706,-0.8458887470484893,-0.87020674205361,-0.22104778895071528,-0.143,-0.173,0.2244504399639261,-0.790080795940171,0.0,-0.2267156809750926,-0.22104778895071528,-987.0,0.025052595709466767,TELEOP,ACTIVE,True,True,True,False
22.254358635000244,128.99301131918827,103.5060346965882,-0.667423900064013,3.110963456974246,-0.5905055797070898,-0.667423900064013,-0.2314516645147436,128.58415418040252,104.42589424813414,-0.8415967854069457,0.024840769749032696,3.0455732171197467,-0.8392202486249593,-0.8698970803780866,-0.21968749486486472,-0.143,-0.173,0.2244504399639261,-0.790080795940171,0.0,-0.2267156809750926,-0.21968749486486472,-981.0,0.025052595709466767,TELEOP,ACTIVE,True,True,True,False
22.29505106200031,128.98435953873997,103.51669726414399,-0.6665858312000641,3.105035793386757,-0.5858375293522469,-0.6665858312000643,-0.23171949463112998,128.5566473447709,104.4025744735137,-0.8430257399828491,0.02154930984038436,3.0398069951173077,-0.8323901153466674,-0.8695815709290573,-0.22376837712241637,-0.143,-0.173,0.2244504399639261,-0.790080795940171,0.0,-0.2267156809750926,-0.22376837712241637,-969.0,0.024774227329302005,TELEOP,ACTIVE,True,True,True,False
22.338999164000597,128.97116694132103,103.52903304192627,-0.6652271782640191,3.0992413339154345,-0.5812813295586784,-0.6658679910717296,-0.23060231525813896,128.5566473447709,104.4025744735137,-0.8430257399828491,0.02154930984038436,3.031173519449413,-0.8221718173855644,-0.8691120193057028,-0.22807597506094313,-0.177,-0.193,0.2618740155112759,-0.7821514423076923,0.0,-0.2267156809750926,-0.22807597506094313,-1006.0,0.024774227329302005,TELEOP,ACTIVE,True,True,True,False
22.385993761000464,128.96241211461626,103.53941792497574,-0.6643632117601168,3.0873906934545867,-0.571983742501835,-0.6643632117601168,-0.2314500696434823,128.5566473447709,104.4025744735137,-0.8430257399828491,0.02154930984038436,3.0252566306300936,-0.8151743915619258,-0.8687939508384968,-0.2294362691467937,-0.177,-0.193,0.2618740155112759,-0.6142220886752139,0.0,-0.2267156809750926,-0.2294362691467937,-1012.0,0.024495905491250677,TELEOP,ACTIVE,True,True,True,False
22.42939211200064,128.95637122158348,103.54414493888729,-0.6633774033285037,3.0813498004218127,-0.5672567285902731,-0.6633774033285036,-0.23247031427384812,128.53106141552863,104.3785636473162,-0.8424130345863711,0.01938319688088311,3.0192431551190184,-0.8080673677276032,-0.8684726592894753,-0.2323835729994699,-0.156,-0.21,0.2616027522790997,-0.4542220886752139,0.0,-0.2267156809750926,-0.2323835729994699,-1052.0,0.024217490568972485,TELEOP,ACTIVE,True,True,True,False
22.472149670999897,128.94867353766526,103.55195906215872,-0.6629214170227642,3.0752099477315915,-0.5624582522340454,-0.6629214170227642,-0.23408648876725688,128.53106141552863,104.3785636473162,-0.8424130345863711,0.01938319688088311,3.0131992698111465,-0.8009290465556438,-0.8681516711719435,-0.23397058276629554,-0.156,-0.21,0.2616027522790997,-0.2942220886752139,0.0,-0.036792200854700856,-0.23397058276629554,-987.0,0.024217490568972485,TELEOP,ACTIVE,True,True,True,False
22.514275487000305,128.9339522027999,103.56665465569526,-0.661336221445482,3.063269785709261,-0.5531464481312358,-0.6613362214454823,-0.23337479022238128,128.50651381078086,104.35555503237529,-0.8420180605386669,0.01745925676321492,3.0074503778542674,-0.794143356144054,-0.86784994096332,-0.21197916171171158,-0.125,-0.161,0.20382835916525452,-0.16366185897435898,0.0,-0.16366185897435898,-0.21197916171171158,-869.0,0.023939168730921164,TELEOP,ACTIVE,True,True,True,False
22.55498767300014,128.92796289083265,103.5730977982636,-0.6603218831989849,3.0587567775453657,-0.5496390578027558,-0.6603218831989849,-0.22179578462833618,128.50651381078086,104.35555503237529,-0.8420180605386669,0.01745925676321492,3.001183515456776,-0.7867507115624414,-0.8675211397952819,-0.14736519263381018,-0.125,-0.161,0.20382835916525452,-0.26366185897435895,0.0,-0.2267156809750926,-0.14736519263381018,-650.0,0.023939168730921164,TELEOP,ACTIVE,True,True,True,False
22.595166522,128.92041022343648,103.58215679973792,-0.6599367174885724,3.053839743182674,-0.5458212306475715,-0.6599367174885723,-0.21585379750869485,128.48222233737505,104.33053519868346,-0.8398702479570161,0.01631104427661403,2.9996131071846923,-0.7848989116759638,-0.8674387643228094,-0.11766543842607305,-0.125,-0.161,0.20382835916525452,-0.36366185897435893,0.0,-0.2267156809750926,-0.25890930767355574,-1142.0,0.023382385428478293,TELEOP,ACTIVE,True,True,True,False
22.63900983500025,128.91474065829246,103.58655587671797,-0.6596955875714892,3.0405538523459845,-0.5355162622302521,-0.6590331370550421,-0.2319264203532963,128.48222233737505,104.33053519868346,-0.8398702479570161,0.01631104427661403,2.988834979519932,-0.7721988226220272,-0.8669024187057206,-0.2627634742501323,-0.113,-0.161,0.19669773765857096,-0.4636618589743589,0.0,-0.2267156809750926,-0.2627634742501323,-1159.0,0.022268958449932687,TELEOP,ACTIVE,True,True,True,False
22.68591662400013,128.8967523873861,103.60457703095821,-0.6583251672634644,3.0345839189486146,-0.5308951520451519,-0.6583251672634644,-0.2320149954570214,128.48222233737505,104.33053519868346,-0.8398702479570161,0.01631104427661403,2.9833823778001625,-0.76577875727823,-0.8666397450038608,-0.19384190723370415,-0.113,-0.161,0.19669773765857096,-0.613661858974359,0.0,-0.2267156809750926,-0.19384190723370415,-855.0,0.021990590069767925,TELEOP,ACTIVE,True,True,True,False
22.72962525300045,128.89237528955968,103.60796158704106,-0.6582788584062733,3.030206821122185,-0.5275105959623011,-0.6582788584062733,-0.22086173178095445,128.45950603285291,104.30517892069712,-0.8375642982029396,0.015863814390930157,2.979640731661752,-0.7613750153835775,-0.8664595374489025,-0.14555146718600945,-0.09,-0.105,0.1382931668593933,-0.7136618589743591,0.0,-0.2267156809750926,-0.14555146718600945,-808.0,0.021990590069767925,TELEOP,ACTIVE,True,True,True,False
22.77108523700008,128.8865008803428,103.61379976150172,-0.6582627721843362,3.0259085615903327,-0.524187061253848,-0.6582627721843362,-0.21096923550821253,128.45950603285291,104.30517892069712,-0.8375642982029396,0.015863814390930157,2.9741135519259663,-0.754873027612384,-0.86619341095321,-0.24326592568627434,-0.09,-0.105,0.1382931668593933,-0.7916666666666667,0.0,-0.2267156809750926,-0.24326592568627434,-1052.0,0.021990590069767925,TELEOP,ACTIVE,True,True,True,False
22.811682325999755,128.87165791447703,103.62758700505375,-0.6570273657127662,3.0138868248850605,-0.5149008971769748,-0.6570273657127662,-0.21739808471040975,128.44038755098413,104.28200249234695,-0.8364967671244842,0.016088646871165842,2.9684912433304946,-0.748262742388249,-0.8659212497259556,-0.1949754856385796,-0.086,-0.165,0.18606719216455114,-0.7916666666666667,0.0,-0.2267156809750926,-0.1949754856385796,-655.0,0.022268958449932687,TELEOP,ACTIVE,True,True,True,False
22.852864520000367,128.86594143156188,103.63314264995934,-0.6567013390341134,3.009740459456248,-0.5117031910745522,-0.6567013390341137,-0.20665231306963677,128.44038755098413,104.28200249234695,-0.8364967671244842,0.016088646871165842,2.9646619939244316,-0.7437624911684875,-0.865735799008677,-0.14849877103868564,-0.086,-0.165,0.18606719216455114,-0.7916666666666667,0.0,-0.2267156809750926,-0.14849877103868564,-481.0,0.021990590069767925,TELEOP,ACTIVE,True,True,True,False
22.894277967000562,128.8584841329028,103.64095850283886,-0.6568478190042686,3.0051089623480944,-0.5081310124326751,-0.6568478190042687,-0.20137741464609485,128.4222572287026,104.26069265591545,-0.8365650588036684,0.016225786052108362,2.9618808128728036,-0.7404949341895022,-0.8656011668209105,-0.10451592892951768,-0.086,-0.165,0.18606719216455114,-0.7916666666666667,0.0,-0.2267156809750926,-0.10451592892951768,-486.0,0.022268958449932687,TELEOP,ACTIVE,True,True,True,False
22.934892307000155,128.8548541880508,103.64375503614637,-0.6561185458291212,3.0014790174961132,-0.5053344791251662,-0.6561185458291209,-0.1901931983653273,128.4222572287026,104.26069265591545,-0.8365650588036684,0.016225786052108362,2.9571430697773278,-0.734930767246939,-0.8653704041616765,-0.1280943597509273,-0.143,0.014,0.14368368035375484,-0.7916666666666667,0.0,-0.2267156809750926,-0.1280943597509273,-565.0,0.022268958449932687,TELEOP,ACTIVE,True,True,True,False
22.977874478000558,128.84289912875585,103.65579331514712,-0.6553722622426232,2.993904120934632,-0.4995092983327875,-0.655372262242623,-0.17540096930146032,128.4222572287026,104.26069265591545,-0.8365650588036684,0.016225786052108362,2.95452599047491,-0.7318582540353773,-0.8652429591206413,-0.09431372328563851,-0.143,0.014,0.14368368035375484,-0.7916666666666667,0.0,-0.2267156809750926,-0.09431372328563851,-416.0,0.022268958449932687,TELEOP,ACTIVE,True,True,True,False
23.02540701700036,128.83983825985112,103.65814747642315,-0.6556519693159492,2.99084325202988,-0.49715513705675346,-0.6556519693159492,-0.16526277618964086,128.40703592320972,104.24311803818256,-0.8379882204381063,0.016432916235340152,2.9520445536015605,-0.7289457103953874,-0.865122136875949,-0.0947671546475887,-0.126,-0.02,0.1275774274705365,-0.7916666666666667,0.0,-0.2267156809750926,-0.0947671546475887,-418.0,0.022268958449932687,TELEOP,ACTIVE,True,True,True,False
23.071703966000314,128.8352952568299,103.66254577301967,-0.6551134933308413,2.9878680228888563,-0.4948678151660602,-0.6551134933308411,-0.15616382751095723,128.40703592320972,104.24311803818256,-0.8379882204381063,0.016432916235340152,2.9492614394766052,-0.7256799505906478,-0.8649866467996059,-0.11222426208267083,-0.126,-0.02,0.1275774274705365,-0.7916666666666667,0.0,-0.2267156809750926,-0.11222426208267083,-476.0,0.022268958449932687,TELEOP,ACTIVE,True,True,True,False
23.11196548299995,128.8260767821472,103.67124312766916,-0.654185766790764,2.9814554980922163,-0.4899486132912955,-0.6541857667907638,-0.14481645369673177,128.3925326109745,104.22896165536652,-0.8412618513707262,0.0160638190610787,2.9464249546828776,-0.7223524907612269,-0.864848580741389,-0.10542279165341806,-0.032,-0.149,0.1523975065412817,-0.7916666666666667,0.0,-0.2267156809750926,-0.10542279165341806,-469.0,0.022268958449932687,TELEOP,ACTIVE,True,True,True,False
23.15288562400019,128.8216788886553,103.6753928009738,-0.6542965914768502,2.9785780518724234,-0.48774201164122183,-0.6542965914768502,-0.13883325277076913,128.3925326109745,104.22896165536652,-0.8412618513707262,0.0160638190610787,2.943625070219436,-0.7190688766058632,-0.8647123180751176,-0.11403798753047156,-0.032,-0.149,0.1523975065412817,-0.7916666666666667,0.0,-0.2267156809750926,-0.11403798753047156,-546.0,0.022268958449932687,TELEOP,ACTIVE,True,True,True,False
23.193671715000164,128.81539552892616,103.68167033919062,-0.6535010438128322,2.975154351555099,-0.4851190053813296,-0.6535010438128322,-0.1367989430879879,128.38072384253826,104.21546072682125,-0.8440332095083232,0.016470778449888618,2.9403377329060523,-0.7152147994766888,-0.8645513404556446,-0.1285477911128775,-0.032,-0.149,0.1523975065412817,-0.7916666666666667,0.0,-0.2267156809750926,-0.1285477911128775,-610.0,0.02254732683009744,TELEOP,ACTIVE,True,True,True,False
23.234460358999968,128.81188540656123,103.68435595639586,-0.6526250438531155,2.9716442291901557,-0.4824333881761089,-0.6526250438531154,-0.13563954522492,128.38072384253826,104.21546072682125,-0.8440332095083232,0.016470778449888618,2.9366996670678973,-0.7109510380008909,-0.8643721580088936,-0.1410171535665076,-0.125,-0.029,0.1283199127181748,-0.7916666666666667,0.0,-0.2267156809750926,-0.1410171535665076,-637.0,0.02254732683009744,TELEOP,ACTIVE,True,True,True,False
23.275153972000226,128.79968047708428,103.69568632132412,-0.6518050712169958,2.963800983567799,-0.47644192882482234,-0.6518050712169958,-0.13807959506236334,128.38072384253826,104.21546072682125,-0.8440332095083232,0.016470778449888618,2.9308058830031403,-0.7040469403426289,-0.8640819577224396,-0.15756739827768934,-0.125,-0.029,0.1283199127181748,-0.7916666666666667,0.0,-0.2267156809750926,-0.1534865160201377,-695.0,0.02254732683009744,TELEOP,ACTIVE,True,True,True,False
23.32542457999989,128.79489533430763,103.69933756212806,-0.6512366432679314,2.9590158407911527,-0.4727906880208911,-0.6512366432679312,-0.14387373514201104,128.36934462334204,104.20473244628967,-0.8471624999821117,0.01623333773279185,2.926360798310585,-0.6988426278925624,-0.8638631558685542,-0.17343749594594582,-0.11,-0.067,0.1287982919141399,-0.7916666666666667,0.0,-0.2267156809750926,-0.17343749594594582,-765.0,0.02254732683009744,TELEOP,ACTIVE,True,True,True,False
23.371151989999817,128.78803769766066,103.70527640263666,-0.6505106360740771,2.953653424648644,-0.4687032114162167,-0.6505106360740771,-0.1524707975178572,128.36934462334204,104.20473244628967,-0.8471624999821117,0.01623333773279185,2.9215007681697496,-0.6931551919737396,-0.8636239945334181,-0.19180146610492832,-0.11,-0.067,0.1287982919141399,-0.7916666666666667,0.0,-0.2267156809750926,-0.19180146610492832,-879.0,0.02254732683009744,TELEOP,ACTIVE,True,True,True,False
23.414238332999957,128.77365543501702,103.71751397329027,-0.6496454992945159,2.9419815363475355,-0.4598215934189412,-0.649645499294516,-0.17209780039351374,128.3584355332408,104.19641272493838,-0.8507299775769894,0.015383232499778724,2.915925825894019,-0.6866346408254287,-0.8633497377447479,-0.2171936223741387,-0.179,-0.138,0.22601991062736043,-0.7916666666666667,0.0,-0.2267156809750926,-0.2171936223741387,-993.0,0.02254732683009744,TELEOP,ACTIVE,True,True,True,False
23.4546565669998,128.7652265345372,103.72450341927247,-0.649216240855588,2.9350741591984963,-0.4545722392264763,-0.649216240855588,-0.18663431813322068,128.3584355332408,104.19641272493838,-0.8507299775769894,0.015383232499778724,2.907127596510469,-0.6763515083517299,-0.8629170933544195,-0.24009190615262305,-0.179,-0.138,0.22601991062736043,-0.7916666666666667,0.0,-0.2267156809750926,-0.22512867120826693,-1059.0,0.02254732683009744,TELEOP,ACTIVE,True,True,True,False
23.4961723410006,128.75636722860216,103.73227247457427,-0.6486673349030982,2.9289325614144683,-0.4499112937674277,-0.6486673349030982,-0.19441953578825402,128.34796950336582,104.1881204233091,-0.8539034848600529,0.014587840989853947,2.9036147542346926,-0.6722484252888312,-0.8627444166704575,-0.25528185677795423,-0.179,-0.138,0.22601991062736043,-0.7916666666666667,0.0,-0.2267156809750926,-0.25528185677795423,-1134.0,0.02254732683009744,TELEOP,ACTIVE,True,True,True,False
23.53894116399988,128.7399816819735,103.74521281351427,-0.6478123357070361,2.921450919460384,-0.4442376625247733,-0.6482233826881295,-0.2097385988229039,128.34796950336582,104.1881204233091,-0.8539034848600529,0.014587840989853947,2.893484868899108,-0.6604244251038542,-0.8622466666642206,-0.2727389642130364,-0.154,-0.151,0.21567800073257357,-0.7916666666666667,0.0,-0.2267156809750926,-0.2727389642130364,-1203.0,0.02254732683009744,TELEOP,ACTIVE,True,True,True,False
23.58600415500041,128.7304684216782,103.75334831703901,-0.6472294493244211,2.9071428197014018,-0.43340591403533824,-0.6472294493244206,-0.2305914245413894,128.34796950336582,104.1881204233091,-0.8539034848600529,0.014587840989853947,2.886013042484542,-0.6517107971877405,-0.8618797140106831,-0.2877021991573925,-0.154,-0.151,0.21567800073257357,-0.7916666666666667,0.0,-0.2267156809750926,-0.2877021991573925,-1269.0,0.02254732683009744,TELEOP,ACTIVE,True,True,True,False
23.630584288000136,128.72267641764645,103.75923523160046,-0.6462945476681841,2.899350815669611,-0.42751899947388,-0.6462945476681843,-0.24296331636707405,128.33795557470233,104.1779102488365,-0.8553813085733095,0.01452198329362784,2.878472495206764,-0.6429235975049028,-0.8615095457984714,-0.2901960716481185,-0.246,-0.183,0.3066023483276017,-0.7916666666666667,0.0,-0.2267156809750926,-0.2901960716481185,-1250.0,0.02254732683009744,TELEOP,ACTIVE,True,True,True,False
23.67090150200056,128.71354934883226,103.76657559168721,-0.6449919851057133,2.8916444724106287,-0.4217094406470395,-0.6449919851057131,-0.2529804826562694,128.33795557470233,104.1779102488365,-0.8553813085733095,0.01452198329362784,2.8709444117608056,-0.6341574597695997,-0.8611424546683043,-0.2833946012188657,-0.246,-0.183,0.3066023483276017,-0.7916666666666667,0.0,-0.2267156809750926,-0.2833946012188657,-1259.0,0.022268958449932687,TELEOP,ACTIVE,True,True,True,False
23.711748692000583,128.69600354506133,103.7805767992379,-0.6426603339262615,2.8766310314874324,-0.410436799654177,-0.6426603339262615,-0.26526257853587965,128.32631436080698,104.16794387612079,-0.8546681008973005,0.013578088404541699,2.8635259136726336,-0.625525270574361,-0.8607808539629009,-0.2877021991573925,-0.188,-0.167,0.25146172671005024,-0.7916666666666667,0.0,-0.2267156809750926,-0.2877021991573925,-1269.0,0.022268958449932687,TELEOP,ACTIVE,True,True,True,False
23.752184040999964,128.68702304536663,103.7876904686782,-0.64193429529528,2.869019495368299,-0.40473924186209476,-0.6419342952952799,-0.2707397924124819,128.32631436080698,104.16794387612079,-0.8546681008973005,0.013578088404541699,2.8561983634064556,-0.6170050467115761,-0.8604260001093808,-0.2811274444091148,-0.188,-0.167,0.25146172671005024,-0.7916666666666667,0.0,-0.2267156809750926,-0.2811274444091148,-1240.0,0.022268958449932687,TELEOP,ACTIVE,True,True,True,False
23.793252363000647,128.6771745954575,103.79574881057187,-0.6410762344822688,2.861607588581336,-0.3992013593571072,-0.6410762344822691,-0.2736023941193702,128.32631436080698,104.16794387612079,-0.8546681008973005,0.013578088404541699,2.8488569543073896,-0.6084748392185975,-0.8600706218673773,-0.2811274444091148,-0.188,-0.167,0.25146172671005024,-0.7916666666666667,0.0,-0.2267156809750926,-0.2811274444091148,-1259.0,0.022268958449932687,TELEOP,ACTIVE,True,True,True,False
23.83416912499979,128.66948099640246,103.80148645908933,-0.640121763994081,2.853913989526296,-0.3934637108396558,-0.640121763994081,-0.27734664005019716,128.31518029597407,104.15616426668365,-0.8540655550834528,0.013447161647067739,2.8413527840798594,-0.59976188137353,-0.8597075171448966,-0.2877021991573925,-0.333,-0.173,0.37525724509994474,-0.7916666666666667,0.0,-0.2267156809750926,-0.2877021991573925,-1280.0,0.022268958449932687,TELEOP,ACTIVE,True,True,True,False
23.87450396799977,128.65041574816212,103.81656558094936,-0.6383031556019991,2.8384991335239897,-0.3820008350432287,-0.6383031556019994,-0.2844593812786103,128.31518029597407,104.15616426668365,-0.8540655550834528,0.013447161647067739,2.833725158026466,-0.5909121599675596,-0.859338596138525,-0.29473038526762035,-0.333,-0.173,0.37525724509994474,-0.7916666666666667,0.0,-0.2267156809750926,-0.29473038526762035,-1322.0,0.022268958449932687,TELEOP,ACTIVE,True,True,True,False
23.915041551000286,128.64230222661507,103.822580241496,-0.6370826426319876,2.830385611976971,-0.3759861744965888,-0.6370826426319876,-0.28951413453940306,128.30064187358275,104.14485198069059,-0.8531574031233867,0.01148654896471959,2.8219186741706057,-0.5772271329499697,-0.8587678716775583,-0.2972242577583464,-0.245,-0.289,0.378874649455463,-0.7916666666666667,0.0,-0.2267156809750926,-0.30470587523052445,-1311.0,0.022268958449932687,TELEOP,ACTIVE,True,True,True,False
23.96544247700058,128.6331009851624,103.82962962793347,-0.6357806704670941,2.822450681062505,-0.37011940227922757,-0.6357806704670939,-0.29249636933501744,128.30064187358275,104.14485198069059,-0.8531574031233867,0.01148654896471959,2.8142659818741618,-0.5683651921590732,-0.8583981414817538,-0.29473038526762035,-0.245,-0.289,0.378874649455463,-0.7916666666666667,0.0,-0.2267156809750926,-0.29473038526762035,-1300.0,0.022268958449932687,TELEOP,ACTIVE,True,True,True,False
24.00576856600037,128.6229436926335,103.83756689065413,-0.6348744502188095,2.814556484389087,-0.36429565694582267,-0.6348744502188093,-0.29458928697818937,128.28497122892855,104.13194484833502,-0.8511284392767058,0.009648107414216924,2.806205266846532,-0.5590379817231957,-0.8580113430522828,-0.30719974772125047,-0.217,-0.198,0.2937567020512043,-0.7916666666666667,0.0,-0.2267156809750926,-0.30719974772125047,-1355.0,0.021990590069767925,TELEOP,ACTIVE,True,True,True,False
24.050627564000024,128.60554537749528,103.850521421991,-0.63271425093648,2.7983835019487073,-0.3524029124030441,-0.63271425093648,-0.2999311387764999,128.28497122892855,104.13194484833502,-0.8511284392767058,0.009648107414216924,2.798478958439209,-0.5501045075232971,-0.8576383838625711,-0.2972242577583464,-0.217,-0.198,0.2937567020512043,-0.7916666666666667,0.0,-0.2267156809750926,-0.2972242577583464,-1300.0,0.022268958449932687,TELEOP,ACTIVE,True,True,True,False
24.091149927000515,128.59536441143436,103.8582687280675,-0.6309752666648001,2.7903892299367077,-0.3465504409849726,-0.6309752666647999,-0.30123437934137687,128.28497122892855,104.13194484833502,-0.8511284392767058,0.009648107414216924,2.790735267997135,-0.5411577124291187,-0.8572624065806614,-0.2997181302490724,-0.217,-0.198,0.2937567020512043,-0.7916666666666667,0.0,-0.2267156809750926,-0.2997181302490724,-1311.0,0.02254732683009744,TELEOP,ACTIVE,True,True,True,False
24.134065023999938,128.58734106898137,103.86412662919612,-0.6298874535321719,2.782365887483745,-0.34069253985634285,-0.6298874535321719,-0.3024712998908427,128.26826971091535,104.11562937451424,-0.8479808218310603,0.008954790295186263,2.7828860822901373,-0.5320960295564199,-0.8568791496488533,-0.2997181302490724,-0.234,-0.112,0.259422435421457,-0.7916666666666667,0.0,-0.2267156809750926,-0.2997181302490724,-1367.0,0.02254732683009744,TELEOP,ACTIVE,True,True,True,False
24.174356629000613,128.56745743647267,103.87877571734766,-0.6285193324044835,2.765786980563372,-0.32862096410007746,-0.6285193324044833,-0.30749551179681245,128.26826971091535,104.11562937451424,-0.8479808218310603,0.008954790295186263,2.774594158215942,-0.5225309388931333,-0.8564744614319633,-0.3153615122363538,-0.234,-0.112,0.259422435421457,-0.7916666666666667,0.0,-0.2267156809750926,-0.3153615122363538,-1355.0,0.02254732683009744,TELEOP,ACTIVE,True,True,True,False
24.21498492400042,128.55947536213688,103.884569304907,-0.6273044788421128,2.7578049062275833,-0.32282737654073357,-0.6273044788421128,-0.30720731427827924,128.25065155504876,104.10019389100086,-0.8460270468566339,0.007285024431901973,2.7630191421123227,-0.509191539312569,-0.855909852595599,-0.29473038526762035,-0.172,-0.281,0.3294616821422485,-0.7916666666666667,0.0,-0.2267156809750926,-0.2901960716481185,-1300.0,0.02254732683009744,TELEOP,ACTIVE,True,True,True,False
24.26542642200002,128.5503687732203,103.89113180556909,-0.6259583273546134,2.7498451297041893,-0.3170642972424591,-0.6259583273546134,-0.30686128574708693,128.25065155504876,104.10019389100086,-0.8460270468566339,0.007285024431901973,2.7552038345335492,-0.5001935580319634,-0.8555288437025498,-0.2972242577583464,-0.172,-0.281,0.3294616821422485,-0.790080795940171,0.0,-0.2267156809750926,-0.2972242577583464,-1311.0,0.02254732683009744,TELEOP,ACTIVE,True,True,True,False
24.30807333699977,128.54017611276873,103.89844472646435,-0.6250605364776396,2.7343247463037637,-0.3058642902256206,-0.6243329630718867,-0.3024279429747674,128.23226918193032,104.08367622306126,-0.8430747446021205,0.005807296341069541,2.7478518201544326,-0.4917352178097791,-0.8551683912386587,-0.27681984647058805,-0.19,-0.159,0.2477518920210298,-0.790080795940171,0.0,-0.2267156809750926,-0.27681984647058805,-1221.0,0.02282569521026212,TELEOP,ACTIVE,True,True,True,False
24.35099613300008,128.52420209277395,103.909816631838,-0.623980852656016,2.7268496721375524,-0.3004811412267266,-0.6239808526560155,-0.30039532930294954,128.23226918193032,104.08367622306126,-0.8430747446021205,0.005807296341069541,2.740613312557374,-0.4834149882950083,-0.8548115116319462,-0.27681984647058805,-0.19,-0.159,0.2477518920210298,-0.7821514423076923,0.0,-0.2267156809750926,-0.27681984647058805,-1167.0,0.02282569521026212,TELEOP,ACTIVE,True,True,True,False
24.39171239300049,128.51491300522324,103.91626005853175,-0.6236487422828294,2.7195563769806532,-0.29523419804693934,-0.6236487422828292,-0.2966542547587116,128.23226918193032,104.08367622306126,-0.8430747446021205,0.005807296341069541,2.733804705763938,-0.4755928810025145,-0.8544759244787435,-0.25188112156332787,-0.19,-0.159,0.2477518920210298,-0.7821514423076923,-0.02504870685763914,-0.2267156809750926,-0.25188112156332787,-1073.0,0.02282569521026212,TELEOP,ACTIVE,True,True,True,False
24.43418087200007,128.50912635888537,103.92041557712605,-0.6232108291923406,2.7137697306427664,-0.2910786794526359,-0.6232108291923404,-0.28398229467624786,128.2131396069043,104.06613468757739,-0.8420225820362068,0.004527783883210073,2.727321019059043,-0.4681488663305512,-0.8541641442642285,-0.24825367066772638,-0.088,-0.117,0.1464001366119581,-0.7821514423076923,-0.25230511988057486,-0.2267156809750926,-0.24825367066772638,-1111.0,0.021712221689603167,TELEOP,ACTIVE,True,True,True,False
24.474409112000103,128.49274269601685,103.93150821416933,-0.6227726151773125,2.700432821630664,-0.2815018379153256,-0.6227726151773125,-0.274433035539696,128.2131396069043,104.06613468757739,-0.8420225820362068,0.004527783883210073,2.7207142112578397,-0.4605646582891004,-0.8541641442642285,-0.25528185677795423,-0.088,-0.117,0.1464001366119581,-0.7662927350427351,-0.46542113387097234,-0.2267156809750926,-0.25528185677795423,-1095.0,0.0,TELEOP,ACTIVE,True,True,True,False
24.5153296819999,128.48647435262927,103.93600932481147,-0.6228346466193903,2.6941644782430934,-0.27700072727319425,-0.6228346466193903,-0.2677200461673109,128.19533874717118,104.04774942162624,-0.8418319407339593,0.004529321378496306,2.711307661896927,-0.4497529359338079,-0.8552200546085749,-0.22376837712241637,-0.298,-0.156,0.3363628992620916,-0.7425046741452992,-0.46542113387097234,-0.2267156809750926,-0.2416789159194487,-987.0,-0.053723840734735115,TELEOP,ACTIVE,True,True,True,False
24.565519180000592,128.48002070939395,103.94029409692078,-0.6224167218726269,2.6887881557546085,-0.27314089813603426,-0.6224167218726269,-0.25552239203849675,128.19533874717118,104.04774942162624,-0.8418319407339593,0.004529321378496306,2.7056881909879036,-0.4432779210243482,-0.8563067414656995,-0.21832720077901416,-0.298,-0.156,0.3363628992620916,-0.7107872596153847,-0.46542113387097234,-0.2267156809750926,-0.21832720077901416,-963.0,-0.0968699622758901,TELEOP,ACTIVE,True,True,True,False
24.607546044000628,128.4718957624117,103.94550060430942,-0.6219350737444271,2.6825874564071612,-0.2686933991592524,-0.6219350737444271,-0.2510744592507204,128.1787119749413,104.03061389855061,-0.841634867379947,0.004456836213740124,2.699489110522647,-0.43611605323414765,-0.8576790668821073,-0.24009190615262305,-0.126,-0.166,0.2084034548657963,-0.702857905982906,-0.46542113387097234,-0.2267156809750926,-0.24009190615262305,-1059.0,-0.10549914935043032,TELEOP,ACTIVE,True,True,True,False
24.651560324000457,128.45875221541738,103.95448006695557,-0.6227156283348211,2.670503828954201,-0.2600234914420445,-0.6227156283348214,-0.2417034805681708,128.1787119749413,104.03061389855061,-0.841634867379947,0.004456836213740124,2.693734518345643,-0.4294500383561224,-0.8589708905758616,-0.21197916171171158,-0.126,-0.166,0.2084034548657963,-0.702857905982906,-0.46542113387097234,-0.2267156809750926,-0.21197916171171158,-919.0,-0.10661257632897593,TELEOP,ACTIVE,True,True,True,False
24.694234452999808,128.45089405133197,103.95932043266508,-0.6236617429330629,2.664542441543217,-0.25573708907198484,-0.6236617429330629,-0.23773564014657197,128.16119774687755,104.01267068269394,-0.8438536941721497,0.004428906048110935,2.688341728252472,-0.42318708834742297,-0.8602358785920038,-0.20359068151563314,-0.126,-0.166,0.2084034548657963,-0.702857905982906,-0.46542113387097234,-0.2267156809750926,-0.20359068151563314,-952.0,-0.11245821922820895,TELEOP,ACTIVE,True,True,True,False
24.7344464050002,128.4453892709577,103.9632850452672,-0.6241145671335692,2.659037661168936,-0.25177247646986406,-0.624114567133569,-0.2312917764544061,128.16119774687755,104.01267068269394,-0.8438536941721497,0.004428906048110935,2.682625051711806,-0.4165293520733997,-0.8616612219920828,-0.22104778895071528,-0.214,-0.143,0.25738104048278304,-0.702857905982906,-0.46542113387097234,-0.2267156809750926,-0.22104778895071528,-975.0,-0.11913892072582273,TELEOP,ACTIVE,True,True,True,False
24.775110599000072,128.4306075587541,103.97238843310417,-0.6242950864219,2.6471753605686072,-0.24322932794227545,-0.6242950864218999,-0.22709372301275785,128.16119774687755,104.01267068269394,-0.8438536941721497,0.004428906048110935,2.6742276315843045,-0.4067138019592679,-0.863832509639914,-0.2133394557975621,-0.214,-0.143,0.25738104048278304,-0.702857905982906,-0.46542113387097234,-0.2267156809750926,-0.2133394557975621,-941.0,-0.12303593842178905,TELEOP,ACTIVE,True,True,True,False
24.815693407999788,128.4248254715998,103.97655868618928,-0.6250119436359096,2.6413932734142906,-0.23905907485716676,-0.6250119436359096,-0.22443057721026882,128.14605966185107,103.99716256404514,-0.8452034468635268,0.004356453609596894,2.6685776462163013,-0.4000848584228451,-0.86533428486157,-0.21583332828828813,-0.151,-0.189,0.24191320757660173,-0.702857905982906,-0.46542113387097234,-0.2267156809750926,-0.21583332828828813,-952.0,-0.12442778032261277,TELEOP,ACTIVE,True,True,True,False
24.865414642999895,128.41796840163013,103.98086183209315,-0.625681339943724,2.635566972839352,-0.23485200755188676,-0.625681339943724,-0.22266822010013035,128.14605966185107,103.99716256404514,-0.8452034468635268,0.004356453609596894,2.662900797280222,-0.39340351302352167,-0.866896696319375,-0.22104778895071528,-0.151,-0.189,0.24191320757660173,-0.702857905982906,-0.46542113387097234,-0.2267156809750926,-0.22104778895071528,-975.0,-0.13110848182022664,TELEOP,ACTIVE,True,True,True,False
24.907604609999908,128.41013773988257,103.98536224270748,-0.6258529361426,2.6295740861795034,-0.23052289699352901,-0.6258529361426,-0.2224565205177162,128.1285460109691,103.97951832916593,-0.8471896617753342,0.004284372424108251,2.65727003125768,-0.3867548147236935,-0.8685139572320174,-0.2171936223741387,-0.195,-0.091,0.21518828964420902,-0.702857905982906,-0.46542113387097234,-0.2267156809750926,-0.2171936223741387,-958.0,-0.13639734141701668,TELEOP,ACTIVE,True,True,True,False
24.952384805000293,128.39750125589197,103.99377220483667,-0.6264093357689201,2.6179243724976504,-0.22209914983729087,-0.62640933576892,-0.21992907056428423,128.1285460109691,103.97951832916593,-0.8471896617753342,0.004284372424108251,2.6516907631816777,-0.38014485456573405,-0.870173623193093,-0.21583332828828813,-0.195,-0.091,0.21518828964420902,-0.6771535554407492,-0.33936096285702744,-0.2267156809750926,-0.21583332828828813,-963.0,-0.1411295107955906,TELEOP,ACTIVE,True,True,True,False
24.993992780000553,128.38973462505453,103.99802802212558,-0.6271480278229982,2.612010266984412,-0.21781745305904335,-0.6271480278229977,-0.21967268167148238,128.11220266660698,103.9631526914456,-0.8489136159107273,0.004116197365593431,2.6461195690363346,-0.37352377565859596,-0.8715737168634441,-0.21583332828828813,-0.195,-0.091,0.21518828964420902,-0.5389499947536552,-0.13558671199932779,-0.2267156809750926,-0.21583332828828813,-952.0,-0.09213779289731613,TELEOP,ACTIVE,True,True,True,False
25.034219469000163,128.38391072769792,104.00224918401913,-0.6273973553177079,2.6061863696277987,-0.2135962911654837,-0.6273973553177079,-0.21867835550016732,128.11220266660698,103.9631526914456,-0.8489136159107273,0.004116197365593431,2.6405596823217854,-0.36690453816255286,-0.8723419272221771,-0.21447303420243757,-0.029,-0.164,0.16654428840401583,-0.3789499947536552,-0.05815670892607926,-0.0922976762820513,-0.21447303420243757,-935.0,-0.05984785201413279,TELEOP,ACTIVE,True,True,True,False
25.075187389000348,128.3694907910499,104.01035485697918,-0.6278376467804241,2.594564344332299,-0.20516626810397257,-0.6278376467804239,-0.21743748204566898,128.11220266660698,103.9631526914456,-0.8489136159107273,0.004116197365593431,2.6325039712111824,-0.3572969845850087,-0.8733743349450406,-0.20608455400635917,-0.029,-0.164,0.16654428840401583,-0.21894999475365523,-0.02913195493504752,0.0,-0.21084558330683612,-909.0,-0.058734378493473835,TELEOP_RELEASE_HOLD,ACTIVE,True,True,True,False
25.11561710099977,128.36384884228158,104.01445411480199,-0.6286445822448306,2.588922395563958,-0.20106701028114432,-0.6286445822448306,-0.21556630035782087,128.09691135285604,103.94792649202223,-0.8501058470176978,0.003864652361085843,2.6279455790872905,-0.35185184819107973,-0.8739550126205311,-0.17774509388447257,-0.181,-0.09,0.20214103987068038,-0.05894999475365523,0.0,0.0,-0.17774509388447257,-784.0,-0.05817764173314431,TELEOP_RELEASE_HOLD,ACTIVE,True,True,True,False
25.165379297000072,128.35781579730846,104.0179251220165,-0.6294742210354212,2.5838627254205737,-0.19738208874919763,-0.6294742210354212,-0.209782514849829,128.09691135285604,103.94792649202223,-0.8501058470176978,0.003864652361085843,2.624286583318539,-0.3474767484739793,-0.8744082830235059,-0.14260416333333323,-0.181,-0.09,0.20214103987068038,0.0,0.0,0.0,-0.14260416333333323,-629.0,-0.055950741233939665,TELEOP_RELEASE_HOLD,ACTIVE,True,True,True,False
25.205949283000336,128.3509662398587,104.02123540159785,-0.6301566329510161,2.5787882656779093,-0.1936817037297539,-0.6301566329510164,-0.20548534486934958,128.08255797198632,103.93371852907602,-0.852542702840974,0.003543646169753654,2.6256833533741064,-0.3491468366062688,-0.8742419700556383,0.053958332072072034,-0.164,-0.125,0.20620620747203514,0.0,0.0,0.0,0.053958332072072034,238.0,-0.05400225565701323,TELEOP_RELEASE_HOLD,ACTIVE,True,True,True,False
25.24766605500008,128.35400865131416,104.0180886938798,-0.6318266750405749,2.5827954544723144,-0.19652374505460832,-0.6318266750405749,-0.11613120247842067,128.08255797198632,103.93371852907602,-0.852542702840974,0.003543646169753654,2.6240583857105126,-0.34720349365081254,-0.8744296908737683,-0.07504289040275565,-0.164,-0.125,0.20620620747203514,0.0,0.0,0.0,-0.07504289040275565,-331.0,-0.05233204537602475,TELEOP_RELEASE_HOLD,ACTIVE,True,True,True,False
25.290820111999892,128.34929077617227,104.01972177393307,-0.6326887370563367,2.5798162806288816,-0.19434160167653408,-0.6326887370563363,-0.1133798227129917,128.08255797198632,103.93371852907602,-0.852542702840974,0.003543646169753654,2.6198276116123185,-0.342139608292298,-0.874889757701492,-0.22807597506094313,-0.164,-0.125,0.20620620747203514,0.0,0.0,0.0,-0.22807597506094313,-1025.0,-0.04899167135616114,TELEOP_RELEASE_HOLD,ACTIVE,True,True,True,False
25.334141141000146,128.34525993041814,104.02267041343012,-0.6329900489816853,2.5757854348747777,-0.1913929621794902,-0.6329900489816853,-0.11776045343821052,128.06903043759107,103.92044911156019,-0.8551696655550977,0.003158957495926537,2.6140581534038896,-0.3352263494808427,-0.8754893437205575,-0.21583332828828813,-0.012,-0.148,0.14848568954616467,0.0,0.0,-0.00507478632478633,-0.21583332828828813,-820.0,-0.0470431857792347,TELEOP_RELEASE_HOLD,ACTIVE,True,True,True,False
25.374900593000348,128.33420455035468,104.02773319188381,-0.6337002674052549,2.5675436792837525,-0.18535473886970083,-0.6337002674052545,-0.1256199817439782,128.06903043759107,103.92044911156019,-0.8551696655550977,0.003158957495926537,2.6077131212305518,-0.3276143309336428,-0.8761441373886882,-0.14260416333333323,-0.012,-0.148,0.14848568954616467,-0.05507478632478633,0.0,-0.06850961538461539,-0.16935661368839416,-629.0,-0.0470431857792347,TELEOP,ACTIVE,True,True,True,False
25.416993572000138,128.32983534067125,104.03094030542181,-0.6347391562732565,2.5631744696002983,-0.18214762533168705,-0.6347391562732563,-0.1299256509287132,128.05823631178987,103.90796012294543,-0.8570100367725368,0.003919637391645025,2.605704879197218,-0.325203018241077,-0.8763481986083046,-0.14260416333333323,-0.111,-0.099,0.14873466307488648,-0.1502270299145299,0.0,-0.15573250534188035,-0.14260416333333323,-629.0,-0.04620812718085385,TELEOP,ACTIVE,True,True,True,False
25.465374680999957,128.32558131696402,104.03291709527484,-0.6354646504112045,2.559917319216916,-0.17974672190244587,-0.6354646504112044,-0.12690672586203297,128.05823631178987,103.90796012294543,-0.8570100367725368,0.003919637391645025,2.601510816187652,-0.32016428045865863,-0.8767679425231519,-0.10791666414414407,-0.111,-0.099,0.14873466307488648,-0.17952056623931625,0.0,-0.17952056623931625,-0.10791666414414407,-476.0,-0.04537302204035957,TELEOP,ACTIVE,True,True,True,False
25.508381708000343,128.32075657585045,104.03440976955807,-0.6359752857165979,2.549067217516673,-0.17176517259623672,-0.6357442377999328,-0.14782701220965455,128.04797332531047,103.89418291392592,-0.860191800929862,0.005876610214996164,2.5947283217961403,-0.3120051423907751,-0.877441496485068,-0.2686580819554847,-0.148,-0.073,0.16502424064360968,-0.17952056623931625,0.12,-0.17952056623931625,-0.2686580819554847,-1185.0,-0.045094653660194814,TELEOP,ACTIVE,True,True,True,False
25.55165063000004,128.3059237054683,104.04409199776622,-0.6354117076231977,2.5430222192318133,-0.16731648461432616,-0.6354117076231978,-0.1595320941242114,128.04797332531047,103.89418291392592,-0.860191800929862,0.005876610214996164,2.5896134374359447,-0.3058479884173166,-0.8776010404448111,-0.1709436234552198,-0.148,-0.073,0.16502424064360968,-0.17159121260683763,0.46542113387097234,-0.17159121260683763,-0.1709436234552198,-754.0,0.0,TELEOP,ACTIVE,True,True,True,False
25.592301268000483,128.29958730716137,104.04658043120679,-0.6357172999052154,2.538441240277825,-0.16393843053642634,-0.6357172999052154,-0.16055555458123422,128.04797332531047,103.89418291392592,-0.860191800929862,0.005876610214996164,2.5861247691078466,-0.30164863234017036,-0.8775367627956404,-0.10179534075781657,-0.148,-0.073,0.16502424064360968,-0.17159121260683763,0.46542113387097234,-0.17159121260683763,-0.10179534075781657,-393.0,0.022268958449932687,TELEOP,ACTIVE,True,True,True,False
25.63490422599989,128.2972332360463,104.04832826786782,-0.6366418999068754,2.5360871691627564,-0.1621905938754058,-0.6366418999068754,-0.14756661102858487,128.0381771904235,103.88126447650694,-0.8611624913729387,0.0074239107037084775,2.5837028196931326,-0.29873433328152615,-0.8773523837055505,-0.09998161531001583,-0.047,-0.017,0.0499799959983992,-0.14780315170940173,0.46542113387097234,-0.13194444444444445,-0.09998161531001583,-975.0,0.03785721540225152,TELEOP,ACTIVE,True,True,True,False
25.676841823999894,128.28589811384688,104.05312087898658,-0.6362609501133681,2.527383936288283,-0.15576113465799354,-0.6362609501133681,-0.15172641922421673,128.0381771904235,103.88126447650694,-0.8611624913729387,0.0074239107037084775,2.5753467698775396,-0.28869265220240103,-0.8764447852697164,-0.19180146610492832,-0.047,-0.017,0.0499799959983992,-0.1160857371794872,0.46542113387097234,-0.10815638354700857,-0.19180146610492832,-846.0,0.05400220911489987,TELEOP,ACTIVE,True,True,True,False
25.728344506999747,128.2806584660772,104.05698839613386,-0.6361658382019488,2.5221442885186054,-0.15189361751071057,-0.6361658382019488,-0.15816065231017573,128.0286688972643,103.87105765352692,-0.8614450414203833,0.007184685397631669,2.5735166174263564,-0.2864963261144055,-0.8762200617335336,0.05327818502914676,-0.052,-0.117,0.12803515142334937,-0.10022702991452992,0.46542113387097234,-0.10022702991452992,0.05327818502914676,235.0,0.06290976456960486,TELEOP,ACTIVE,True,True,True,False
25.77148934500019,128.27750214551298,104.05800386288644,-0.6365824145530756,2.5199077887867385,-0.15023526005602902,-0.6365824145530756,-0.14495292250796232,128.0286688972643,103.87105765352692,-0.8614450414203833,0.007184685397631669,2.5701932260953058,-0.2825102103792141,-0.8756711954658244,-0.13217524200847897,-0.052,-0.117,0.12803515142334937,-0.06850961538461539,0.46542113387097234,-0.06850961538461539,-0.13217524200847897,-625.0,0.08072492202112833,TELEOP,ACTIVE,True,True,True,False
25.81234793099975,128.2683903819195,104.06233770683755,-0.6366931873564301,2.5124676671753092,-0.14473305477869733,-0.6366931873564302,-0.14133684761169063,128.0215591482604,103.85918942218194,-0.8631988261025545,0.009476849447280614,2.566449917603696,-0.2780268935048165,-0.8749134872428674,-0.14169730060943286,-0.054,-0.036,0.0648999229583518,-0.036792200854700856,0.46542113387097234,-0.036792200854700856,-0.14169730060943286,-625.0,0.0968699622758901,TELEOP,ACTIVE,True,True,True,False
25.852809287000127,128.26420887376392,104.06410759149398,-0.6361790782358822,2.5091657089457153,-0.142291576987951,-0.6361790782358822,-0.13720908668237145,128.0215591482604,103.85918942218194,-0.8631988261025545,0.009476849447280614,2.563409139751983,-0.27439007677191246,-0.8742623726373491,-0.10315563484366713,-0.054,-0.036,0.0648999229583518,0.0,0.46542113387097234,0.0,-0.10315563484366713,-404.0,0.09909681623298133,TELEOP,ACTIVE,True,True,True,False
25.893482221999875,128.25967779899256,104.06509715632569,-0.6359043830206165,2.5062043570703483,-0.14010342741573215,-0.6359043830206165,-0.13175972890559523,128.01649010906291,103.8478198791779,-0.8636462119068038,0.01245358964111745,2.561017723269102,-0.2715330762869808,-0.8737463727419217,-0.09454043896661361,-0.054,-0.036,0.0648999229583518,0.0,0.46542113387097234,0.0,-0.09454043896661361,-903.0,0.10048865813380503,TELEOP,ACTIVE,True,True,True,False
25.934186239000155,128.25620511248943,104.06766091331475,-0.6357939112121165,2.502731670567226,-0.1375396704266924,-0.6357939112121165,-0.12960644004325167,128.01649010906291,103.8478198791779,-0.8636462119068038,0.01245358964111745,2.555329846609749,-0.26475269320138156,-0.8724770681958298,-0.24009190615262305,-0.093,-0.094,0.13223085872821064,0.0,0.46542113387097234,0.0,-0.24009190615262305,-987.0,0.1049425056743276,TELEOP,ACTIVE,True,True,True,False
25.974715420999928,128.24519382934824,104.07180860167375,-0.6343807362371088,2.494164043277777,-0.13122509628911827,-0.6343807362371088,-0.1372473372243433,128.01649010906291,103.8478198791779,-0.8636462119068038,0.01245358964111745,2.5473678382088747,-0.2552909439449673,-0.8706536928427722,-0.18885416225225213,-0.093,-0.094,0.13223085872821064,-0.036792200854700856,0.46542113387097234,-0.06850961538461539,-0.20608455400635917,-833.0,0.10661257632897593,TELEOP,ACTIVE,True,True,True,False
26.01540898500025,128.23983653093163,104.07575257179663,-0.6341374210970334,2.4888067448611593,-0.12728112616624734,-0.6341374210970332,-0.14567700583671103,128.01322085790022,103.83683928654813,-0.8637470296654879,0.015969987047547894,2.543804589302489,-0.25106711970875945,-0.8698288773864434,-0.10973038959194481,0.067,-0.036,0.07605918747922567,-0.1185096153846154,0.46542113387097234,-0.2267156809750926,-0.16391543734499195,-484.0,0.10772604984963498,TELEOP,ACTIVE,True,True,True,False
26.065478545000587,128.23605478759285,104.07707391068193,-0.633946352581961,2.485864184614936,-0.12511818049232445,-0.6339463525819609,-0.13939396804437512,128.01322085790022,103.83683928654813,-0.8637470296654879,0.015969987047547894,2.5412970271650197,-0.24809855664826092,-0.8692465400106502,-0.0825245078749337,0.067,-0.036,0.07605918747922567,-0.2685096153846154,0.46542113387097234,-0.2267156809750926,-0.0825245078749337,-364.0,0.10856115499012918,TELEOP,ACTIVE,True,True,True,False
26.105775609000375,128.23145280406186,104.07785256953397,-0.6334253356159936,2.4827597905869965,-0.12283760685733225,-0.6334253356159936,-0.13494073970445677,128.0116247694826,103.82415071196773,-0.8653115365714918,0.021358123645785265,2.5367748921686077,-0.242755798812224,-0.8681901421198159,-0.2534681313301535,-0.142,-0.066,0.15658863304850706,-0.36850961538461535,0.46542113387097234,-0.2267156809750926,-0.2534681313301535,-1118.0,0.10939626013062347,TELEOP,ACTIVE,True,True,True,False
26.15273716000047,128.21426622502526,104.08900348739905,-0.6321399124276068,2.466357376457904,-0.11078815836992645,-0.6321399124276069,-0.18182768031652166,128.0116247694826,103.82415071196773,-0.8653115365714918,0.021358123645785265,2.5295664668359126,-0.2342651256234545,-0.8664685619332693,-0.23691788661897176,-0.142,-0.066,0.15658863304850706,-0.46850961538461533,0.46542113387097234,-0.2267156809750926,-0.23691788661897176,-837.0,0.1130150025306518,TELEOP,ACTIVE,True,True,True,False
26.193486404000396,128.20773093429491,104.09111012138288,-0.6316186497325442,2.461248645049757,-0.10704691000424428,-0.6316186497325438,-0.18290340872123523,128.01128988027563,103.8140160220413,-0.8650143673549198,0.025305971692650312,2.5250542914877814,-0.22896377345303695,-0.8653680858786531,-0.15960783940646517,-0.142,-0.066,0.15658863304850706,-0.5685096153846154,0.46542113387097234,-0.2267156809750926,-0.15960783940646517,-620.0,0.11496348810757827,TELEOP,ACTIVE,True,True,True,False
26.234199186000296,128.20381902040643,104.0939680949189,-0.6311231895734819,2.457336731161258,-0.10418893646819981,-0.6311231895734819,-0.176549101979581,128.01128988027563,103.8140160220413,-0.8650143673549198,0.025305971692650312,2.521247221937545,-0.22449972522100095,-0.8644260123425588,-0.1530330846581875,-0.12,-0.057,0.13284953895290716,-0.6685096153846155,0.46542113387097234,-0.2267156809750926,-0.1530330846581875,-893.0,0.1169119736845047,TELEOP,ACTIVE,True,True,True,False
26.274764309000602,128.19048311366564,104.09950244818188,-0.6303164117464837,2.4459855121359477,-0.09589328873532715,-0.6303164117464837,-0.18764851877771735,128.01128988027563,103.8140160220413,-0.8650143673549198,0.025305971692650312,2.512435670904883,-0.21420340896352033,-0.8622059355234737,-0.23691788661897176,-0.12,-0.057,0.13284953895290716,-0.7685096153846156,0.46542113387097234,-0.2267156809750926,-0.2385048963857974,-1045.0,0.11886055234565797,TELEOP,ACTIVE,True,True,True,False
26.3152738710005,128.18356744475633,104.10455140547975,-0.629747187736967,2.439069843226626,-0.09084433143747231,-0.6297471877369669,-0.19800658112186306,128.01015576378703,103.80418395351799,-0.8645771707357007,0.028296245171952516,2.5075439615722264,-0.20850683583466076,-0.8609617525262526,-0.15960783940646517,-0.033,-0.033,0.04666904755831214,-0.7916666666666667,0.46542113387097234,-0.2267156809750926,-0.21447303420243757,-704.0,0.11997402586631699,TELEOP,ACTIVE,True,True,True,False
26.36541497500002,128.17878174688698,104.1065038462467,-0.6291719904613489,2.434939423405776,-0.08783881763022229,-0.6291719904613489,-0.19102122602666466,128.01015576378703,103.80418395351799,-0.8645771707357007,0.028296245171952516,2.5038570228748656,-0.20422207818012056,-0.8600178451799407,-0.12492034021727601,-0.033,-0.033,0.04666904755831214,-0.7916666666666667,0.46542113387097234,-0.2267156809750926,-0.12492034021727601,-551.0,0.12164414306307868,TELEOP,ACTIVE,True,True,True,False
26.40720027899988,128.17318812074788,104.10783301107493,-0.6288475436117129,2.4267678199430707,-0.08189920944941692,-0.6285523722777536,-0.17820634634672675,128.00823527033447,103.79460926071914,-0.86350449557251,0.03044261169275582,2.500309584342968,-0.2001071643784392,-0.8590909259013432,-0.13897671243773174,-0.059,-0.083,0.10183319694480773,-0.7916666666666667,0.46542113387097234,-0.2267156809750926,-0.13897671243773174,-613.0,0.1244278268647262,TELEOP,ACTIVE,True,True,True,False
26.447625132000212,128.16497323579333,104.11231396568628,-0.6278560802498783,2.4228751580166454,-0.07907361908966686,-0.6278560802498783,-0.17217492253289315,128.00823527033447,103.79460926071914,-0.86350449557251,0.03044261169275582,2.496488634474927,-0.19568388644390902,-0.858075427861879,-0.13897671243773174,-0.059,-0.083,0.10183319694480773,-0.7916666666666667,0.46542113387097234,-0.2267156809750926,-0.13897671243773174,-613.0,0.12637631244165265,TELEOP,ACTIVE,True,True,True,False
26.49079253400032,128.15979314581358,104.11322263467594,-0.627299776025572,2.4187911868991745,-0.07611163088653745,-0.6272997760255721,-0.16828418993475905,128.00823527033447,103.79460926071914,-0.86350449557251,0.03044261169275582,2.4931084286365186,-0.19177817552919577,-0.857174142804899,-0.1312683792845786,-0.059,-0.083,0.10183319694480773,-0.7916666666666667,0.46542113387097234,-0.2267156809750926,-0.1312683792845786,-675.0,0.12693304920198217,TELEOP,ACTIVE,True,True,True,False
26.534229282000524,128.15598727649558,104.11597951167793,-0.6269097537433099,2.4149853175811584,-0.07335475388455498,-0.6269097537433099,-0.16340404606154393,128.00749892078647,103.78725485595163,-0.8614264542600214,0.03154083596544643,2.4888742125567243,-0.18689630776220686,-0.8560405771483984,-0.16935661368839416,-0.117,-0.049,0.12684636376341263,-0.7916666666666667,0.46542113387097234,-0.2267156809750926,-0.16935661368839416,-737.0,0.12748983250442505,TELEOP,ACTIVE,True,True,True,False
26.575478329999896,128.14567138747094,104.11907438557978,-0.6251772730913666,2.4062085778580298,-0.06700654670807214,-0.6251772730913662,-0.16215031210705766,128.00749892078647,103.78725485595163,-0.8614264542600214,0.03154083596544643,2.482803272631181,-0.17991608710256402,-0.8544145993601462,-0.14555146718600945,-0.117,-0.049,0.12684636376341263,-0.7916666666666667,0.46542113387097234,-0.2267156809750926,-0.14849877103868564,-642.0,0.12776810780036302,TELEOP,ACTIVE,True,True,True,False
26.615977328000554,128.1415495087404,104.1220484650727,-0.6247693809752483,2.40208669912749,-0.0640324672151597,-0.6247693809752483,-0.16017008981122363,128.00583363218004,103.77982098315425,-0.8584910926774487,0.03208873075612412,2.4784288881154257,-0.1749009877553049,-0.853234674162128,-0.17253063322204545,-0.137,-0.085,0.16122654868228126,-0.7916666666666667,0.46542113387097234,-0.2267156809750926,-0.16119484917329083,-761.0,0.1283247980185791,TELEOP,ACTIVE,True,True,True,False
26.665411013000266,128.13608438873894,104.12440669000011,-0.624062627975837,2.397129694916177,-0.06045747721013427,-0.624062627975837,-0.16381101712705967,128.00583363218004,103.77982098315425,-0.8584910926774487,0.03208873075612412,2.473767404764399,-0.1695702048062039,-0.8519610583167837,-0.17593136843667184,-0.137,-0.085,0.16122654868228126,-0.7916666666666667,0.46542113387097234,-0.2267156809750926,-0.17593136843667184,-776.0,0.13110848182022664,TELEOP,ACTIVE,True,True,True,False
26.706325867000487,128.1305073047969,104.1255970202536,-0.6232359434699881,2.388132328394017,-0.05398519723513714,-0.6228930015193272,-0.16373203501765124,128.0033974025683,103.77237952779065,-0.8555155545974918,0.03219163029659294,2.4695116170805664,-0.16471505571319126,-0.8507974332574253,-0.16028798644939046,-0.212,-0.074,0.22454398232862977,-0.7916666666666667,0.46542113387097234,-0.2267156809750926,-0.16028798644939046,-707.0,0.13110848182022664,TELEOP,ACTIVE,True,True,True,False
26.747693226000592,128.12068086075976,104.13105993755401,-0.6224843684784743,2.3830959836401373,-0.050366581493944504,-0.6224843684784741,-0.16738453434830505,128.0033974025683,103.77237952779065,-0.8555155545974918,0.03219163029659294,2.464757515133748,-0.15930527433944602,-0.8494926664312511,-0.18409313295177518,-0.212,-0.074,0.22454398232862977,-0.7916666666666667,0.46542113387097234,-0.2267156809750926,-0.18409313295177518,-812.0,0.13222190879877221,TELEOP,ACTIVE,True,True,True,False
26.79104327799996,128.1150692478964,104.13223188638051,-0.6216795407896107,2.378311106719002,-0.046933757140974385,-0.6216795407896107,-0.16873827614352052,128.0033974025683,103.77237952779065,-0.8555155545974918,0.03219163029659294,2.4601283640720277,-0.15405131812036907,-0.8482164802297655,-0.17026347641229453,-0.212,-0.074,0.22454398232862977,-0.7916666666666667,0.46542113387097234,-0.2267156809750926,-0.17026347641229453,-714.0,0.13277864555910174,TELEOP,ACTIVE,True,True,True,False
26.837237626999922,128.11057402450345,104.13545032931897,-0.6207930647767839,2.373815883326045,-0.043715314202513726,-0.6207930647767839,-0.1679087532997801,127.99816207467909,103.7648861271531,-0.8520665423066632,0.03081846556367866,2.455766595926293,-0.14911298141173668,-0.8470143462010384,-0.16323529030206665,-0.095,-0.096,0.13505924625881785,-0.7916666666666667,0.46542113387097234,-0.2267156809750926,-0.16323529030206665,-769.0,0.13277864555910174,TELEOP,ACTIVE,True,True,True,False
26.885415431000183,128.10014106330223,104.138389271279,-0.6197291292994431,2.3645709124487753,-0.037108865362643656,-0.6197291292994427,-0.1683482052741256,127.99816207467909,103.7648861271531,-0.8520665423066632,0.03081846556367866,2.4490371441833085,-0.14151754233327865,-0.8451628810858071,-0.1648223000688923,-0.095,-0.096,0.13505924625881785,-0.7916666666666667,0.46542113387097234,-0.2267156809750926,-0.1648223000688923,-727.0,0.13277864555910174,TELEOP,ACTIVE,True,True,True,False
26.9258987610001,128.095860138711,104.14144131704806,-0.6190681674605052,2.3602899878575436,-0.034056819593574233,-0.6190681674605051,-0.16614607179444105,127.99240427634376,103.75725851490029,-0.8483953294683313,0.02934961807198305,2.445013554057464,-0.13698936237637702,-0.8440576763513404,-0.1491789180816109,-0.088,-0.135,0.16114899937635357,-0.7916666666666667,0.46542113387097234,-0.2267156809750926,-0.1491789180816109,-658.0,0.13277864555910174,TELEOP,ACTIVE,True,True,True,False
26.972613486000228,128.09118116749298,104.14310176824814,-0.6186321315386484,2.351473018129943,-0.027779461244672645,-0.6182306744684674,-0.1645736365073009,127.99240427634376,103.75725851490029,-0.8483953294683313,0.02934961807198305,2.4405994639371964,-0.1320335387064412,-0.8428480527604328,-0.17026347641229453,-0.088,-0.135,0.16114899937635357,-0.7916666666666667,0.46542113387097234,-0.2267156809750926,-0.17026347641229453,-751.0,0.13250023063682353,TELEOP,ACTIVE,True,True,True,False
27.01617616400017,128.0814991701411,104.14707787822405,-0.61776842550513,2.3470247464500624,-0.024616688995520757,-0.61776842550513,-0.16407361465777395,127.98615746921112,103.74948503376095,-0.8453099680334416,0.02782668945526146,2.436210495288952,-0.12711785510558174,-0.841644526703023,-0.15960783940646517,-0.064,-0.074,0.09783659846908006,-0.7916666666666667,0.46542113387097234,-0.2267156809750926,-0.15960783940646517,-707.0,0.1330569673971531,TELEOP,ACTIVE,True,True,True,False
27.0655884480002,128.0766470143684,104.14886109041923,-0.6172612333286216,2.342535445400473,-0.021427858998824045,-0.6172612333286215,-0.1640367089993745,127.98615746921112,103.74948503376095,-0.8453099680334416,0.02782668945526146,2.4291443753740594,-0.11922909172651996,-0.8397098058943057,-0.19180146610492832,-0.064,-0.074,0.09783659846908006,-0.7916666666666667,0.46542113387097234,-0.2267156809750926,-0.19180146610492832,-846.0,0.13277864555910174,TELEOP,ACTIVE,True,True,True,False
27.106613214999925,128.0709324405508,104.1499236138024,-0.6164701292008243,2.3374738919148403,-0.017835681335296838,-0.6164701292008243,-0.16763838188432909,127.98142972188994,103.74148557287438,-0.8425802740567571,0.02737703200454141,2.4241875636182795,-0.11371361117080413,-0.8383568273394887,-0.1859068583995759,0.013,-0.072,0.07316419889536138,-0.7916666666666667,0.46542113387097234,-0.2267156809750926,-0.1859068583995759,-820.0,0.13277864555910174,TELEOP,ACTIVE,True,True,True,False
27.147144219000438,128.05987300682935,104.15605676248974,-0.6149082738431615,2.32674303575081,-0.010238419466683472,-0.6149082738431614,-0.17735107908735023,127.98142972188994,103.74148557287438,-0.8425802740567571,0.02737703200454141,2.419075783386755,-0.10804150599891965,-0.8369636937102886,-0.20018994630100675,0.013,-0.072,0.07316419889536138,-0.7916666666666667,0.46542113387097234,-0.2267156809750926,-0.20018994630100675,-883.0,0.13277864555910174,TELEOP,ACTIVE,True,True,True,False
27.191056815000593,128.0535206443258,104.15751701280386,-0.614329654465091,2.3209771724131976,-0.0061647795881703054,-0.614329654465091,-0.1836845970425806,127.98142972188994,103.74148557287438,-0.8425802740567571,0.02737703200454141,2.4132655966329466,-0.10161427721832168,-0.835382907479784,-0.21447303420243757,0.013,-0.072,0.07316419889536138,-0.7916666666666667,0.46542113387097234,-0.2267156809750926,-0.21447303420243757,-946.0,0.13277864555910174,TELEOP,ACTIVE,True,True,True,False
27.235091819000445,128.04732255523425,104.16188939846202,-0.6134385557156714,2.3147790833216426,-0.0017923939300287354,-0.6134385557156712,-0.19178593033449276,127.9765051518413,103.73133180920793,-0.8396753390360665,0.02780315941950126,2.407595600143942,-0.09536164868254451,-0.8338429033763459,-0.2047242599205086,-0.112,-0.132,0.1731126800670592,-0.7916666666666667,0.46542113387097234,-0.2267156809750926,-0.2047242599205086,-958.0,0.13277864555910174,TELEOP,ACTIVE,True,True,True,False
27.27691498400054,128.03451515102515,104.16608309758222,-0.6112662434431237,2.302764472366058,0.006652449052323205,-0.6112662434431239,-0.20243249919034803,127.9765051518413,103.73133180920793,-0.8396753390360665,0.02780315941950126,2.398320350572183,-0.08517556291757691,-0.8313293975490432,-0.2353308768521461,-0.112,-0.132,0.1731126800670592,-0.7916666666666667,0.46542113387097234,-0.2267156809750926,-0.2353308768521461,-1038.0,0.13277864555910174,TELEOP,ACTIVE,True,True,True,False
27.32706492699981,128.02793879503832,104.17069306822648,-0.6104680336942488,2.2961881163792612,0.011262419696589948,-0.6104680336942492,-0.21015393017422185,127.97473091686747,103.72333801977291,-0.8367170818837266,0.02894443455811357,2.392186797461154,-0.0784678149825733,-0.8296676897019444,-0.2267156809750926,-0.199,-0.132,0.23879907872519107,-0.7916666666666667,0.46542113387097234,-0.2267156809750926,-0.2267156809750926,-1000.0,0.1330569673971531,TELEOP,ACTIVE,True,True,True,False
27.371500033999837,128.02127854905947,104.17361757758042,-0.6095670647800784,2.289750020533367,0.015765590063071284,-0.6095670647800784,-0.21589794076845226,127.97473091686747,103.72333801977291,-0.8367170818837266,0.02894443455811357,2.3857517283401837,-0.07145464505826885,-0.8279222504769616,-0.2450796511340751,-0.199,-0.132,0.23879907872519107,-0.7916666666666667,0.46542113387097234,-0.2267156809750926,-0.2450796511340751,-1059.0,0.13361370415748258,TELEOP,ACTIVE,True,True,True,False
27.41432967899982,128.00767132455948,104.17998051992805,-0.6066983425259161,2.2765424619688326,0.024968670392348003,-0.6066983425259161,-0.22659697351517435,127.97193781352281,103.7130144116123,-0.8342327588972939,0.03096249173770631,2.379076725140941,-0.06420612484226615,-0.826113479596183,-0.24666666090090072,-0.074,-0.285,0.2944503353708397,-0.7916666666666667,0.46542113387097234,-0.2267156809750926,-0.24666666090090072,-1126.0,0.13361370415748258,TELEOP,ACTIVE,True,True,True,False
27.454999590000625,128.00063514158126,104.18309394147569,-0.605561012501552,2.26966790917982,0.02973912435278695,-0.605561012501552,-0.23236709102656314,127.97193781352281,103.7130144116123,-0.8342327588972939,0.03096249173770631,2.3691679228444333,-0.053494194889407216,-0.8234331783998541,-0.2385048963857974,-0.074,-0.285,0.2944503353708397,-0.7916666666666667,0.46542113387097234,-0.2267156809750926,-0.2416789159194487,-1052.0,0.1338921190797607,TELEOP,ACTIVE,True,True,True,False
27.49514053799976,127.99386617087808,104.18461812851109,-0.6046106393591824,2.2631876850521113,0.034223540767117186,-0.6046106393591826,-0.2340351358156851,127.96822884653156,103.70064210966501,-0.8322143672260939,0.033641730623615244,2.362164800340455,-0.045958482126208657,-0.8215410018734286,-0.257095582225755,-0.05,-0.226,0.23146490014686893,-0.7916666666666667,0.46542113387097234,-0.2267156809750926,-0.257095582225755,-1134.0,0.1338921190797607,TELEOP,ACTIVE,True,True,True,False
27.535444920999907,127.98672878429944,104.1895474268553,-0.6033213887091362,2.2560502984734763,0.0391528391113085,-0.6033213887091362,-0.24020234257540396,127.96822884653156,103.70064210966501,-0.8322143672260939,0.033641730623615244,2.3552637182336564,-0.03856035621024828,-0.8196782595375355,-0.25528185677795423,-0.05,-0.226,0.23146490014686893,-0.7916666666666667,0.46542113387097234,-0.2267156809750926,-0.25006739611552714,-1126.0,0.1338921190797607,TELEOP,ACTIVE,True,True,True,False
27.576869466000062,127.97252295336583,104.1942846094703,-0.6002799574460885,2.2421261615778825,0.048720629121021826,-0.6002799574460882,-0.24691641556036506,127.96822884653156,103.70064210966501,-0.8322143672260939,0.033641730623615244,2.348093582541503,-0.030903281382044463,-0.8177429794900963,-0.26457719969793303,-0.05,-0.226,0.23146490014686893,-0.7916666666666667,0.46542113387097234,-0.2267156809750926,-0.26457719969793303,-1167.0,0.13444885584009023,TELEOP,ACTIVE,True,True,True,False
27.626338677000604,127.96519036999736,104.19930365507385,-0.5993276448457625,2.234793578209437,0.05373967472456972,-0.5993276448457623,-0.2519047847566841,127.96572697403292,103.684327230548,-0.8314037716493478,0.039160973110113496,2.3407788595128394,-0.02312244623720052,-0.8157727872758649,-0.2627634742501323,-0.105,-0.231,0.253743965445486,-0.7916666666666667,0.46542113387097234,-0.2267156809750926,-0.2627634742501323,-1159.0,0.13444885584009023,TELEOP,ACTIVE,True,True,True,False
27.670923082000627,127.95790511670606,104.2024323479927,-0.5982220946444385,2.227542310590394,0.058690173259807986,-0.5982220946444388,-0.2554209282641831,127.96572697403292,103.684327230548,-0.8314037716493478,0.039160973110113496,2.333744021321221,-0.015667909874049434,-0.8138837306220412,-0.25890930767355574,-0.105,-0.231,0.253743965445486,-0.7916666666666667,0.46542113387097234,-0.2267156809750926,-0.25890930767355574,-1185.0,0.1341704409178121,TELEOP,ACTIVE,True,True,True,False
27.714668673000233,127.94325207577779,104.20907890673425,-0.5950004398234211,2.212950281720339,0.06860728994273704,-0.5950004398234214,-0.26095971375236177,127.96416484998554,103.66660014306395,-0.8313883599627738,0.045643367789098326,2.326266908701971,-0.007776044750562892,-0.8118760846233092,-0.27069852308426057,-0.181,-0.127,0.22111083193728887,-0.7916666666666667,0.46542113387097234,-0.2267156809750926,-0.27069852308426057,-1194.0,0.13444885584009023,TELEOP,ACTIVE,True,True,True,False
27.755122886999743,127.93587025149881,104.21218439578456,-0.5940221289155014,2.2055303713049765,0.07362813254716176,-0.5940221289155013,-0.2638024707382076,127.96416484998554,103.66660014306395,-0.8313883599627738,0.045643367789098326,2.315219027229947,0.003826996535045837,-0.808917387870658,-0.26661764082670886,-0.181,-0.127,0.22111083193728887,-0.7916666666666667,0.46542113387097234,-0.2267156809750926,-0.26661764082670886,-1176.0,0.13444885584009023,TELEOP,ACTIVE,True,True,True,False
27.79525826200006,127.92860434564913,104.21368253802655,-0.5931895446193038,2.1981957925668985,0.07857983750955308,-0.5931895446193041,-0.2653850496912663,127.961457619893,103.64770267923872,-0.8317785390242451,0.05181744080632175,2.3078638686505952,0.01151381837199245,-0.8069526951712288,-0.26457719969793303,-0.181,-0.127,0.22111083193728887,-0.7916666666666667,0.46542113387097234,-0.2267156809750926,-0.26661764082670886,-1167.0,0.13444885584009023,TELEOP,ACTIVE,True,True,True,False
27.835588751000614,127.92124996712755,104.21863558552765,-0.5919302121813192,2.1908414140453147,0.08353288501063125,-0.5919302121813192,-0.2666198151318003,127.961457619893,103.64770267923872,-0.8317785390242451,0.05181744080632175,2.300484760470059,0.019195313496157995,-0.8049797467925575,-0.26661764082670886,-0.291,-0.123,0.3159272068056184,-0.7916666666666667,0.46542113387097234,-0.2267156809750926,-0.26457719969793303,-1176.0,0.1347271311360282,TELEOP,ACTIVE,True,True,True,False
27.876854693000496,127.90681371305631,104.22286682394416,-0.5890251818722656,2.1761051798413935,0.09341167255022617,-0.5890251818722656,-0.26865685985276816,127.961457619893,103.64770267923872,-0.8317785390242451,0.05181744080632175,2.2931891749228512,0.02676018559802249,-0.803029236997875,-0.25890930767355574,-0.291,-0.123,0.3159272068056184,-0.7916666666666667,0.46542113387097234,-0.2267156809750926,-0.25890930767355574,-1142.0,0.13528391443847107,TELEOP,ACTIVE,True,True,True,False
27.92736095500004,127.89960531189493,104.22767875779222,-0.5880212268062691,2.168896778680029,0.09822360639828603,-0.5880212268062689,-0.268002760298197,127.95568047862889,103.6298506280145,-0.8298539836298042,0.05543239239315902,2.2858285941354994,0.034362492411941614,-0.8010594451854743,-0.26661764082670886,-0.267,-0.197,0.33181018670318124,-0.7916666666666667,0.46542113387097234,-0.2267156809750926,-0.26661764082670886,-1176.0,0.13556223627652247,TELEOP,ACTIVE,True,True,True,False
27.97094930900039,127.89249333981775,104.23039688554958,-0.586794218236375,2.1616194704275222,0.10306970578253175,-0.586794218236375,-0.2680584370687271,127.95568047862889,103.6298506280145,-0.8298539836298042,0.05543239239315902,2.2785782380432984,0.041821872580585576,-0.7991230367136797,-0.26094974880233157,-0.267,-0.197,0.33181018670318124,-0.7916666666666667,0.46542113387097234,-0.2267156809750926,-0.26094974880233157,-1142.0,0.13556223627652247,TELEOP,ACTIVE,True,True,True,False
28.01178913200056,127.8782547310944,104.23623992876514,-0.5839346303669677,2.147086120517506,0.11270623751558309,-0.5839346303669677,-0.2676964479254422,127.94911552608606,103.61286392038913,-0.8273941862729353,0.057891776106843644,2.271276920779274,0.049304528346583915,-0.7971769056872738,-0.2627634742501323,-0.168,-0.179,0.24548930730278254,-0.7916666666666667,0.46542113387097234,-0.2267156809750926,-0.2627634742501323,-1134.0,0.13556223627652247,TELEOP,ACTIVE,True,True,True,False
28.05288901899985,127.87135122320379,104.23872238135144,-0.5828616177840829,2.1399641064171027,0.11740812811953663,-0.5828616177840829,-0.26641181494194743,127.94911552608606,103.61286392038913,-0.8273941862729353,0.057891776106843644,2.2640452021591275,0.056687305676063574,-0.7952531262249302,-0.25890930767355574,-0.168,-0.179,0.24548930730278254,-0.7916666666666667,0.46542113387097234,-0.2267156809750926,-0.25890930767355574,-1142.0,0.13556223627652247,TELEOP,ACTIVE,True,True,True,False
28.093184297000334,127.86445304126975,104.23956270815557,-0.581685439647009,2.132676074466453,0.12220828722754459,-0.5816854396470093,-0.26654030097684606,127.93994391863224,103.59468348144017,-0.8249692933563367,0.059564843995029974,2.256833481585365,0.06402148994867675,-0.7933384101697523,-0.257095582225755,-0.168,-0.179,0.24548930730278254,-0.7916666666666667,0.46542113387097234,-0.2267156809750926,-0.257095582225755,-1134.0,0.13556223627652247,TELEOP,ACTIVE,True,True,True,False
28.1352246739998,127.85734145243806,104.24423358199496,-0.5804240787467894,2.1255644856347717,0.12687916106694397,-0.5804240787467894,-0.2652976529793639,127.93994391863224,103.59468348144017,-0.8249692933563367,0.059564843995029974,2.246030045047173,0.07495606464586109,-0.7904770268767279,-0.2534681313301535,-0.113,-0.148,0.18620687420178664,-0.7916666666666667,0.46542113387097234,-0.2267156809750926,-0.25528185677795423,-1118.0,0.13556223627652247,TELEOP,ACTIVE,True,True,True,False
28.176896191000196,127.84386293010058,104.24709203204812,-0.5786260320618012,2.1113590956361152,0.13617742346671827,-0.5786260320618011,-0.2632270082994982,127.93994391863224,103.59468348144017,-0.8249692933563367,0.059564843995029974,2.2388907405653673,0.08214787894341682,-0.7885906378762583,-0.25528185677795423,-0.113,-0.148,0.18620687420178664,-0.7916666666666667,0.46542113387097234,-0.2267156809750926,-0.25528185677795423,-1126.0,0.13556223627652247,TELEOP,ACTIVE,True,True,True,False
28.226493971999844,127.83690526617926,104.2516320781373,-0.5776388113808579,2.1044014317147917,0.14071746955587458,-0.5776388113808579,-0.26126274228408625,127.93231752509251,103.57536742813637,-0.823764240611685,0.06248932800590025,2.231803722003426,0.08926032320129286,-0.7867215881642723,-0.25006739611552714,-0.111,-0.185,0.2157452201092761,-0.7916666666666667,0.46542113387097234,-0.2267156809750926,-0.25006739611552714,-1103.0,0.13556223627652247,TELEOP,ACTIVE,True,True,True,False
28.271754733999842,127.82992061321028,104.25397259446497,-0.5762591179759555,2.097109326869825,0.14546411663697592,-0.5762591179759551,-0.262048717469763,127.93231752509251,103.57536742813637,-0.823764240611685,0.06248932800590025,2.224782551339092,0.09628059865941331,-0.7848714857971208,-0.25006739611552714,-0.111,-0.185,0.2157452201092761,-0.7916666666666667,0.46542113387097234,-0.2267156809750926,-0.25006739611552714,-1095.0,0.1358405581145738,TELEOP,ACTIVE,True,True,True,False
28.315655637000418,127.8158116531267,104.25917758314618,-0.5738629103008186,2.0824510012841073,0.15496846184475635,-0.5738629103008187,-0.2636006481026542,127.92409102453523,103.55711188452585,-0.8211509134064792,0.06431207619997184,2.2177257948520936,0.1033103183811895,-0.7830154335586705,-0.25006739611552714,-0.12,-0.235,0.2638654960391752,-0.7916666666666667,0.46542113387097234,-0.2267156809750926,-0.25006739611552714,-1103.0,0.13556223627652247,TELEOP,ACTIVE,True,True,True,False
28.365392110999892,127.80950760421251,104.26098267912786,-0.5725330030448273,2.075796236786112,0.1592624984373011,-0.5725330030448275,-0.25975228460976296,127.92409102453523,103.55711188452585,-0.8211509134064792,0.06431207619997184,2.2072058734627236,0.1137417179867732,-0.7802521526413261,-0.24326592568627434,-0.12,-0.235,0.2638654960391752,-0.7916666666666667,0.46542113387097234,-0.2267156809750926,-0.24326592568627434,-1073.0,0.1358405581145738,TELEOP,ACTIVE,True,True,True,False
28.406305676000557,127.80330398091893,104.26090386403837,-0.5708662859606792,2.0622505821049257,0.16796121663345928,-0.56909224299344,-0.25528049924274765,127.91535883146592,103.5378006853947,-0.8179975178229442,0.06632100113484157,2.2001529033428895,0.12070313964732264,-0.7784037643928704,-0.24825367066772638,-0.334,-0.173,0.3761449188810079,-0.7916666666666667,0.46542113387097234,-0.2267156809750926,-0.24825367066772638,-1095.0,0.1358405581145738,TELEOP,ACTIVE,True,True,True,False
28.447529856000074,127.79014915151187,104.26697799915858,-0.567636658972034,2.0554140581560807,0.17232836632281825,-0.567636658972034,-0.25382106945775607,127.91535883146592,103.5378006853947,-0.8179975178229442,0.06632100113484157,2.193080989439102,0.12765752247543796,-0.7765574463647352,-0.24825367066772638,-0.334,-0.173,0.3761449188810079,-0.7916666666666667,0.46542113387097234,-0.2267156809750926,-0.24825367066772638,-1095.0,0.13556223627652247,TELEOP,ACTIVE,True,True,True,False
28.492979823000496,127.78383805557182,104.26681232187238,-0.5662857541204904,2.0484012216850087,0.17679535320391968,-0.5662857541204905,-0.2536960568095165,127.91535883146592,103.5378006853947,-0.8179975178229442,0.06632100113484157,2.1860240005892226,0.13457168205472023,-0.7747147046051149,-0.24666666090090072,-0.334,-0.173,0.3761449188810079,-0.7916666666666667,0.46542113387097234,-0.2267156809750926,-0.24666666090090072,-1088.0,0.1358405581145738,TELEOP,ACTIVE,True,True,True,False
28.535329424000338,127.77697661960393,104.2711680945845,-0.5648340451385333,2.0415397857171054,0.18115112591601618,-0.5648340451385336,-0.2525099995729453,127.90425538945956,103.51558329739272,-0.8152688962281682,0.06862122218036126,2.178844712853357,0.1415794432539801,-0.7728397385506257,-0.25006739611552714,-0.297,-0.156,0.3354772719574308,-0.7916666666666667,0.46542113387097234,-0.2267156809750926,-0.25006739611552714,-1118.0,0.13611897303685191,TELEOP,ACTIVE,True,True,True,False
28.577009182999973,127.76384088548674,104.27270916300783,-0.5620640643648427,2.027226482380191,0.19019782481622705,-0.5620640643648427,-0.25424723979970665,127.90425538945956,103.51558329739272,-0.8152688962281682,0.06862122218036126,2.1678019517450617,0.15230691866653415,-0.7699548397764756,-0.2627634742501323,-0.297,-0.156,0.3354772719574308,-0.7916666666666667,0.46542113387097234,-0.2267156809750926,-0.2627634742501323,-1159.0,0.1366757097971814,TELEOP,ACTIVE,True,True,True,False
28.625763172000006,127.75633649449092,104.27743293317435,-0.5608077896221731,2.0197220913843483,0.1949215949827426,-0.5608077896221735,-0.257004720602809,127.8909724209856,103.49472854761066,-0.8120645986607392,0.06893978668360293,2.1601276362075224,0.1597254558192633,-0.7679521324512257,-0.2627634742501323,-0.046,-0.164,0.17032909322837364,-0.7916666666666667,0.46542113387097234,-0.2267156809750926,-0.2627634742501323,-1159.0,0.1366757097971814,TELEOP,ACTIVE,True,True,True,False
28.671650123999825,127.74926167793029,104.27935779604742,-0.5595522709878615,2.0121997651272903,0.19964261716407708,-0.5595522709878615,-0.2593751095814034,127.8909724209856,103.49472854761066,-0.8120645986607392,0.06893978668360293,2.1526197467110886,0.16695459387982026,-0.7659965714613188,-0.26094974880233157,-0.046,-0.164,0.17032909322837364,-0.7916666666666667,0.46542113387097234,-0.2267156809750926,-0.26094974880233157,-1118.0,0.1366757097971814,TELEOP,ACTIVE,True,True,True,False
28.715222838000045,127.73550100629042,104.28347607877718,-0.5568270580359793,1.9976427015355016,0.20873696809353595,-0.5568270580359793,-0.25995492754658744,127.87576540935332,103.47113924546798,-0.8096397513988403,0.06972704588501745,2.145216840852607,0.17405512979272994,-0.7640719326871316,-0.25890930767355574,-0.237,-0.183,0.2994294574687,-0.7916666666666667,0.46542113387097234,-0.2267156809750926,-0.25890930767355574,-1167.0,0.1366757097971814,TELEOP,CANCELED,True,True,True,False
30.72703216500031,127.39347001699484,104.295689426974,-0.4941427190110494,1.6320311573805015,0.42065398803820697,-0.49414271901104945,-0.16824152819639904,127.51914067896944,103.158017222235,-0.7644582054060193,0.0007872178728361985,1.8296114838507427,0.452634659392586,-0.6823901457514123,-0.19701592676735546,-0.183,-0.102,0.20950656314301946,-0.7916666666666667,0.46542113387097234,-0.2267156809750926,-0.19701592676735546,-869.0,0.1497587444122443,TELEOP,CANCELED,True,True,True,False
