t_s,map_x,map_y,map_yaw,map_vx,local_x,local_y,local_yaw,local_vx,esc_x,esc_y,esc_yaw,esc_vx,gnss_vx,gnss_vy,gnss_vz,gnss_speed_xy,cmd_v,cmd_w,drive_target_mps,drive_actual_mps,actual_erpm,steer_rad,mux_source,goal_state,estop,ready,feedback,gate,imu_yaw,neo_yaw
0.040977632999783964,125.99529561665761,101.50740161469642,-0.08502935867236694,0.04321248732829377,0.0,0.0,0.0,0.0,0.0,0.0,0.0,0.0,-0.011,-0.054,0.051,0.05510898293381942,0.0,0.0,0.0,0.0,0.0,0.0,NAV2,,False,True,True,True,,1.5144800262293636
0.08148053400054778,125.9967873695782,101.50128528026181,-0.08588539180767228,0.042964436566082655,0.0,0.0,0.0,0.0,0.0,0.0,0.0,0.0,0.002,0.039,-0.039,0.03905124837953327,0.0,0.0,0.0,0.0,0.0,0.0,NAV2,,False,True,True,True,,1.5085411625835419
0.12190916899999138,125.9967873695782,101.50128528026181,-0.08588539180767228,0.042964436566082655,0.0,0.0,0.0,0.0,0.0,0.0,0.0,0.0,0.002,0.039,-0.039,0.03905124837953327,0.0,0.0,0.0,0.0,0.0,0.0,NAV2,,False,True,True,True,,1.5114316435084543
0.1619758990000264,125.99794714945766,101.49609970990174,-0.08706656745729278,0.042425024045562844,0.0,0.0,0.0,0.0,0.0,0.0,0.0,0.0,-0.003,0.016,0.027,0.016278820596099707,0.0,0.0,0.0,0.0,0.0,0.0,NAV2,,False,True,True,True,,1.51467139158179
0.21102987300037057,125.99794714945766,101.49609970990174,-0.08706656745729278,0.042425024045562844,0.0,0.0,0.0,0.0,0.0,0.0,0.0,0.0,-0.003,0.016,0.027,0.016278820596099707,0.0,0.0,0.0,0.0,0.0,0.0,NAV2,,False,True,True,True,,1.5165602613576117
0.2519704360001924,125.99881270076631,101.49175454397208,-0.08853664350056079,0.04163971408982992,0.0,0.0,0.0,0.0,0.0,0.0,0.0,0.0,0.015,-0.013,-0.026,0.019849433241279208,0.0,0.0,0.0,0.0,0.0,0.0,NAV2,,False,True,True,True,,1.5153820160424063
0.2922474200004217,125.99881270076631,101.49175454397208,-0.08853664350056079,0.04163971408982992,0.0,0.0,0.0,0.0,0.0,0.0,0.0,0.0,0.015,-0.013,-0.026,0.019849433241279208,0.0,0.0,0.0,0.0,0.0,0.0,NAV2,,False,True,True,True,,1.5080782620328772
0.34151789099996677,125.99881270076631,101.49175454397208,-0.08853664350056079,0.04163971408982992,0.0,0.0,0.0,0.0,0.0,0.0,0.0,0.0,0.015,-0.013,-0.026,0.019849433241279208,0.0,0.0,0.0,0.0,0.0,0.0,NAV2,,False,True,True,True,,1.5107940564292475
0.3818852229996992,125.99942147690182,101.48815638153297,-0.0902576839512319,0.04064756142622624,0.0,0.0,0.0,0.0,0.0,0.0,0.0,0.0,0.049,-0.009,-0.036,0.049819674828324605,0.0,0.0,0.0,0.0,0.0,0.0,NAV2,,False,True,True,True,,1.5113876341656567
0.42198176300007617,125.99942147690182,101.48815638153297,-0.0902576839512319,0.04064756142622624,0.0,0.0,0.0,0.0,0.0,0.0,0.0,0.0,0.049,-0.009,-0.036,0.049819674828324605,0.0,0.0,0.0,0.0,0.0,0.0,NAV2,,False,True,True,True,,1.5148802845087332
0.46205589800047164,126.00187087660572,101.48315394260862,-0.09087477055689464,0.04099557008643135,0.0,0.0,0.0,0.0,0.0,0.0,0.0,0.0,-0.007,-0.013,0.007,0.0147648230602334,0.0,0.0,0.0,0.0,0.0,0.0,NAV2,,False,True,True,True,,1.515550974264471
0.5054335240001819,126.00187087660572,101.48315394260862,-0.09087477055689464,0.04099557008643135,0.0,0.0,0.0,0.0,0.0,0.0,0.0,0.0,-0.007,-0.013,0.007,0.0147648230602334,0.0,0.0,0.0,0.0,0.0,0.0,NAV2,,False,True,True,True,,1.509275972176966
0.5457293409999693,126.0038833923939,101.47899181665505,-0.09191861240484124,0.04096633368699531,0.0,0.0,0.0,0.0,0.0,0.0,0.0,0.0,-0.039,0.007,-0.027,0.0396232255123179,0.0,0.0,0.0,0.0,0.0,0.0,NAV2,,False,True,True,True,,1.509275972176966
0.588480764000451,126.0038833923939,101.47899181665505,-0.09191861240484124,0.04096633368699531,0.0,0.0,0.0,0.0,0.0,0.0,0.0,0.0,-0.039,0.007,-0.027,0.0396232255123179,0.0,0.0,0.0,0.0,0.0,0.0,NAV2,,False,True,True,True,,1.5101866614778203
0.6305456219997723,126.0038833923939,101.47899181665505,-0.09191861240484124,0.04096633368699531,0.0,0.0,0.0,0.0,0.0,0.0,0.0,0.0,-0.039,0.007,-0.027,0.0396232255123179,0.0,0.0,0.0,0.0,0.0,0.0,NAV2,,False,True,True,True,,1.5115745921978785
0.671968401000413,126.00550499975198,101.47558454433906,-0.09331143486143524,0.040610165501963245,0.0,0.0,0.0,0.0,0.0,0.0,0.0,0.0,0.006,-0.011,-0.028,0.012529964086141668,0.0,0.0,0.0,0.0,0.0,0.0,NAV2,,False,True,True,True,,1.5093618024751168
0.7121008490003078,126.00550499975198,101.47558454433906,-0.09331143486143524,0.040610165501963245,0.0,0.0,0.0,0.0,0.0,0.0,0.0,0.0,0.006,-0.011,-0.028,0.012529964086141668,0.0,0.0,0.0,0.0,0.0,0.0,NAV2,,False,True,True,True,,1.509229786154377
0.7528090010000597,126.00678333517564,101.47494236532204,-0.09576890910571478,0.03989998964491085,0.0,0.0,0.0,0.0,0.0,0.0,0.0,0.0,-0.028,0.034,-0.049,0.044045431091090485,0.0,0.0,0.0,0.0,0.0,0.0,NAV2,,False,True,True,True,,1.5078007136214922
0.7997423480001089,126.00678333517564,101.47494236532204,-0.09576890910571478,0.03989998964491085,0.0,0.0,0.0,0.0,0.0,0.0,0.0,0.0,-0.028,0.034,-0.049,0.044045431091090485,0.0,0.0,0.0,0.0,0.0,0.0,NAV2,,False,True,True,True,,1.508972251474582
0.8414129660004619,126.00678333517564,101.47494236532204,-0.09576890910571478,0.03989998964491085,0.0,0.0,0.0,0.0,0.0,0.0,0.0,0.0,-0.028,0.034,-0.049,0.044045431091090485,0.0,0.0,0.0,0.0,0.0,0.0,NAV2,,False,True,True,True,,1.5096805403784237
0.8817523939997045,126.00776719330405,101.47464887764065,-0.09827393810749376,0.03896980950051718,0.0,0.0,0.0,0.0,0.0,0.0,0.0,0.0,-0.035,-0.019,-0.045,0.03982461550347976,0.0,0.0,0.0,0.0,0.0,0.0,NAV2,,False,True,True,True,,1.508136834233439
0.9223603020000155,126.00776719330405,101.47464887764065,-0.09827393810749376,0.03896980950051718,0.0,0.0,0.0,0.0,0.0,0.0,0.0,0.0,-0.035,-0.019,-0.045,0.03982461550347976,0.0,0.0,0.0,0.0,0.0,0.0,NAV2,,False,True,True,True,,1.510302977935883
0.9628482670004814,126.00848803455345,101.47466275287142,-0.1007464214377416,0.03785274206638859,0.0,0.0,0.0,0.0,0.0,0.0,0.0,0.0,0.011,0.007,-0.006,0.013038404810405297,0.0,0.0,0.0,0.0,0.0,0.0,NAV2,,False,True,True,True,,1.507843106337559
1.01071168100043,126.00848803455345,101.47466275287142,-0.1007464214377416,0.03785274206638859,0.0,0.0,0.0,0.0,0.0,0.0,0.0,0.0,0.011,0.007,-0.006,0.013038404810405297,0.0,0.0,0.0,0.0,0.0,0.0,NAV2,,False,True,True,True,,1.5101138777098797
1.0513315349999175,126.00898831617377,101.47702174376268,-0.10401126583897069,0.03650336710052265,0.0,0.0,0.0,0.0,0.0,0.0,0.0,0.0,-0.012,0.008,-0.064,0.014422205101855958,0.0,0.0,0.0,0.0,0.0,0.0,NAV2,,False,True,True,True,,1.5093618024751168
1.0919982810000874,126.00898831617377,101.47702174376268,-0.10401126583897069,0.03650336710052265,0.0,0.0,0.0,0.0,0.0,0.0,0.0,0.0,-0.012,0.008,-0.064,0.014422205101855958,0.0,0.0,0.0,0.0,0.0,0.0,NAV2,,False,True,True,True,,1.5084078151574143
1.1321776200002205,126.00898831617377,101.47702174376268,-0.10401126583897069,0.03650336710052265,0.0,0.0,0.0,0.0,0.0,0.0,0.0,0.0,-0.012,0.008,-0.064,0.014422205101855958,0.0,0.0,0.0,0.0,0.0,0.0,NAV2,,False,True,True,True,,1.5090305787064011
1.1723969550002948,126.0092975992329,101.47935635148318,-0.10696825502441244,0.03503335395481873,0.0,0.0,0.0,0.0,0.0,0.0,0.0,0.0,-0.014,-0.012,-0.031,0.018439088914585774,0.0,0.0,0.0,0.0,0.0,0.0,NAV2,,False,True,True,True,,1.505570280976031
1.2213769059999322,126.0092975992329,101.47935635148318,-0.10696825502441244,0.03503335395481873,0.0,0.0,0.0,0.0,0.0,0.0,0.0,0.0,-0.014,-0.012,-0.031,0.018439088914585774,0.0,0.0,0.0,0.0,0.0,0.0,NAV2,,False,True,True,True,,1.5092177034325616
1.2624572169997919,126.0094485457978,101.48374057338172,-0.1105150147522056,0.03338562942314521,0.0,0.0,0.0,0.0,0.0,0.0,0.0,0.0,0.061,-0.02,-0.127,0.06419501538281613,0.0,0.0,0.0,0.0,0.0,0.0,NAV2,,False,True,True,True,,1.5096224006896561
1.30731573400044,126.0094485457978,101.48374057338172,-0.1105150147522056,0.03338562942314521,0.0,0.0,0.0,0.0,0.0,0.0,0.0,0.0,0.061,-0.02,-0.127,0.06419501538281613,0.0,0.0,0.0,0.0,0.0,0.0,NAV2,,False,True,True,True,,1.5084504227230906
1.3481942500002333,126.0094562745252,101.48783950496966,-0.11352036357456409,0.03166170105968369,0.0,0.0,0.0,0.0,0.0,0.0,0.0,0.0,0.061,-0.02,-0.127,0.06419501538281613,0.0,0.0,0.0,0.0,0.0,0.0,NAV2,,False,True,True,True,,1.5085411625835419
1.3884007349997773,126.0094562745252,101.48783950496966,-0.11352036357456409,0.03166170105968369,0.0,0.0,0.0,0.0,0.0,0.0,0.0,0.0,-0.076,0.016,-0.014,0.0776659513557904,0.0,0.0,0.0,0.0,0.0,0.0,NAV2,,False,True,True,True,,1.513674781186396
1.4305270340000789,126.0094562745252,101.48783950496966,-0.11352036357456409,0.03166170105968369,0.0,0.0,0.0,0.0,0.0,0.0,0.0,0.0,-0.076,0.016,-0.014,0.0776659513557904,0.0,0.0,0.0,0.0,0.0,0.0,NAV2,,False,True,True,True,,1.5142714289106602
1.4719793320000463,126.00933871375139,101.49166020435221,-0.11597756452049346,0.02987731233837475,0.0,0.0,0.0,0.0,0.0,0.0,0.0,0.0,-0.055,0.013,-0.094,0.05651548460377916,0.0,0.0,0.0,0.0,0.0,0.0,NAV2,,False,True,True,True,,1.510678449770716
1.512355953000224,126.00933871375139,101.49166020435221,-0.11597756452049346,0.02987731233837475,0.0,0.0,0.0,0.0,0.0,0.0,0.0,0.0,-0.055,0.013,-0.094,0.05651548460377916,0.0,0.0,0.0,0.0,0.0,0.0,NAV2,,False,True,True,True,,1.5092881499526623
1.553248633000294,126.00910404351451,101.49522354762735,-0.11790260722647126,0.02804453880209216,0.0,0.0,0.0,0.0,0.0,0.0,0.0,0.0,0.044,-0.027,-0.136,0.05162363799656122,0.0,0.0,0.0,0.0,0.0,0.0,NAV2,,False,True,True,True,,1.5101718999539422
1.5997373660002268,126.00910404351451,101.49522354762735,-0.11790260722647126,0.02804453880209216,0.0,0.0,0.0,0.0,0.0,0.0,0.0,0.0,0.044,-0.027,-0.136,0.05162363799656122,0.0,0.0,0.0,0.0,0.0,0.0,NAV2,,False,True,True,True,,1.5144413961655827
1.6429077550001239,126.00910404351451,101.49522354762735,-0.11790260722647126,0.02804453880209216,0.0,0.0,0.0,0.0,0.0,0.0,0.0,0.0,0.044,-0.027,-0.136,0.05162363799656122,0.0,0.0,0.0,0.0,0.0,0.0,NAV2,,False,True,True,True,,1.516007406812778
1.688663472999906,126.0087900683881,101.50061493969068,-0.12033087817561762,0.026098345215191884,0.0,0.0,0.0,0.0,0.0,0.0,0.0,0.0,-0.001,-0.012,-0.019,0.012041594578792296,0.0,0.0,0.0,0.0,0.0,0.0,NAV2,,False,True,True,True,,1.5119653873531416
1.7306997630003025,126.0087900683881,101.50061493969068,-0.12033087817561762,0.026098345215191884,0.0,0.0,0.0,0.0,0.0,0.0,0.0,0.0,-0.001,-0.012,-0.019,0.012041594578792296,0.0,0.0,0.0,0.0,0.0,0.0,NAV2,,False,True,True,True,,1.5108374939074225
1.7714079369998217,126.01045615360617,101.50554775631882,-0.12321940508836615,0.02564997893621529,0.0,0.0,0.0,0.0,0.0,0.0,0.0,0.0,-0.019,0.03,-0.052,0.035510561809129405,0.0,0.0,0.0,0.0,0.0,0.0,NAV2,,False,True,True,True,,1.5100558172381056
1.8121601869997903,126.01045615360617,101.50554775631882,-0.12321940508836615,0.02564997893621529,0.0,0.0,0.0,0.0,0.0,0.0,0.0,0.0,-0.019,0.03,-0.052,0.035510561809129405,0.0,0.0,0.0,0.0,0.0,0.0,NAV2,,False,True,True,True,,1.516697218220701
1.8522448350004197,126.01181383298567,101.51003186059354,-0.12539892898963423,0.024969307679400313,0.0,0.0,0.0,0.0,0.0,0.0,0.0,0.0,0.047,0.021,-0.068,0.051478150704935,0.0,0.0,0.0,0.0,0.0,0.0,NAV2,,False,True,True,True,,1.5141638112218587
1.8923810409996804,126.01181383298567,101.51003186059354,-0.12539892898963423,0.024969307679400313,0.0,0.0,0.0,0.0,0.0,0.0,0.0,0.0,0.047,0.021,-0.068,0.051478150704935,0.0,0.0,0.0,0.0,0.0,0.0,NAV2,,False,True,True,True,,1.508391851023309
1.934186370000134,126.01181383298567,101.51003186059354,-0.12539892898963423,0.024969307679400313,0.0,0.0,0.0,0.0,0.0,0.0,0.0,0.0,0.047,0.021,-0.068,0.051478150704935,0.0,0.0,0.0,0.0,0.0,0.0,NAV2,,False,True,True,True,,1.5101007811509073
1.9807685400000992,126.01289048726423,101.51408558931573,-0.12688443037875974,0.024092637832985316,0.0,0.0,0.0,0.0,0.0,0.0,0.0,0.0,-0.083,0.034,-0.032,0.08969392398596462,0.0,0.0,0.0,0.0,0.0,0.0,NAV2,,False,True,True,True,,1.5059737803153435
2.021579821999694,126.01289048726423,101.51408558931573,-0.12688443037875974,0.024092637832985316,0.0,0.0,0.0,0.0,0.0,0.0,0.0,0.0,-0.083,0.034,-0.032,0.08969392398596462,0.0,0.0,0.0,0.0,0.0,0.0,NAV2,,False,True,True,True,,1.5169615033951884
2.061920492000354,126.01362660980776,101.51983008848315,-0.12873069383812874,0.022935539061890574,0.0,0.0,0.0,0.0,0.0,0.0,0.0,0.0,0.106,-0.064,-0.065,0.12382245353731285,0.0,0.0,0.0,0.0,0.0,0.0,NAV2,,False,True,True,True,,1.5177739547235896
2.109388095000213,126.01362660980776,101.51983008848315,-0.12873069383812874,0.022935539061890574,0.0,0.0,0.0,0.0,0.0,0.0,0.0,0.0,0.106,-0.064,-0.065,0.12382245353731285,0.0,0.0,0.0,0.0,0.0,0.0,NAV2,,False,True,True,True,,1.50981009220341
2.1508342329998413,126.01636884399538,101.52496100581045,-0.1314846874030513,0.023212382171122467,0.0,0.0,0.0,0.0,0.0,0.0,0.0,0.0,-0.078,0.068,-0.015,0.10347946656221224,0.0,0.0,0.0,0.0,0.0,0.0,NAV2,,False,True,True,True,,1.50981009220341
2.1919567209997695,126.01636884399538,101.52496100581045,-0.1314846874030513,0.023212382171122467,0.0,0.0,0.0,0.0,0.0,0.0,0.0,0.0,-0.078,0.068,-0.015,0.10347946656221224,0.0,0.0,0.0,0.0,0.0,0.0,NAV2,,False,True,True,True,,1.509174507355906
2.232374197000354,126.01636884399538,101.52496100581045,-0.1314846874030513,0.023212382171122467,0.0,0.0,0.0,0.0,0.0,0.0,0.0,0.0,-0.078,0.068,-0.015,0.10347946656221224,0.0,0.0,0.0,0.0,0.0,0.0,NAV2,,False,True,True,True,,1.5101007811509073
2.2810014630003934,126.0186224844189,101.52954402453956,-0.1333039906781273,0.023138503076588622,0.0,0.0,0.0,0.0,0.0,0.0,0.0,0.0,-0.117,0.017,-0.042,0.11822859214251011,0.0,0.0,0.0,0.0,0.0,0.0,NAV2,,False,True,True,True,,1.5118067722064443
2.3216367470004116,126.0186224844189,101.52954402453956,-0.1333039906781273,0.023138503076588622,0.0,0.0,0.0,0.0,0.0,0.0,0.0,0.0,-0.117,0.017,-0.042,0.11822859214251011,0.0,0.0,0.0,0.0,0.0,0.0,NAV2,,False,True,True,True,,1.5116043338224086
2.3618959730001734,126.01846538350709,101.53566178836786,-0.13330730562888074,0.02114612655842609,0.0,0.0,0.0,0.0,0.0,0.0,0.0,0.0,0.012,-0.052,-0.044,0.05336665625650533,0.0,0.0,0.0,0.0,0.0,0.0,NAV2,,False,True,True,True,,1.5078007136214922
2.4019767529998717,126.01846538350709,101.53566178836786,-0.13330730562888074,0.02114612655842609,0.0,0.0,0.0,0.0,0.0,0.0,0.0,0.0,0.012,-0.052,-0.044,0.05336665625650533,0.0,0.0,0.0,0.0,0.0,0.0,NAV2,,False,True,True,True,,1.5070084486695972
2.442035324000244,126.01846538350709,101.53566178836786,-0.13330730562888074,0.02114612655842609,0.0,0.0,0.0,0.0,0.0,0.0,0.0,0.0,0.012,-0.052,-0.044,0.05336665625650533,0.0,0.0,0.0,0.0,0.0,0.0,NAV2,,False,True,True,True,,1.5067645824602842
2.4821535080000103,126.01813627688043,101.54109140699288,-0.1326644522167122,0.019158094536931077,0.0,0.0,0.0,0.0,0.0,0.0,0.0,0.0,0.013,0.024,-0.018,0.027294688127912362,0.0,0.0,0.0,0.0,0.0,0.0,NAV2,,False,True,True,True,,1.5092177034325616
2.522619966000093,126.01813627688043,101.54109140699288,-0.1326644522167122,0.019158094536931077,0.0,0.0,0.0,0.0,0.0,0.0,0.0,0.0,0.013,0.024,-0.018,0.027294688127912362,0.0,0.0,0.0,0.0,0.0,0.0,NAV2,,False,True,True,True,,1.5116757055284948
2.562772727000265,126.01770508162288,101.54590080720737,-0.13152675770380906,0.017212372524316497,0.0,0.0,0.0,0.0,0.0,0.0,0.0,0.0,-0.005,0.027,-0.031,0.027459060435491962,0.0,0.0,0.0,0.0,0.0,0.0,NAV2,,False,True,True,True,,1.5083652371012066
2.610100378000425,126.01770508162288,101.54590080720737,-0.13152675770380906,0.017212372524316497,0.0,0.0,0.0,0.0,0.0,0.0,0.0,0.0,-0.005,0.027,-0.031,0.027459060435491962,0.0,0.0,0.0,0.0,0.0,0.0,NAV2,,False,True,True,True,,1.510678449770716
2.653655953999987,126.01970701622297,101.55263971080149,-0.13294861495993524,0.01671004295897523,0.0,0.0,0.0,0.0,0.0,0.0,0.0,0.0,-0.072,0.017,-0.004,0.07397972695272671,0.0,0.0,0.0,0.0,0.0,0.0,NAV2,,False,True,True,True,,1.5083652371012066
2.699620757000048,126.01970701622297,101.55263971080149,-0.13294861495993524,0.01671004295897523,0.0,0.0,0.0,0.0,0.0,0.0,0.0,0.0,-0.072,0.017,-0.004,0.07397972695272671,0.0,0.0,0.0,0.0,0.0,0.0,NAV2,,False,True,True,True,,1.5078007136214922
2.745580642999812,126.01837423534221,101.55770076632706,-0.13124138156703458,0.014407371940771997,0.0,0.0,0.0,0.0,0.0,0.0,0.0,0.0,-0.072,0.017,-0.004,0.07397972695272671,0.0,0.0,0.0,0.0,0.0,0.0,NAV2,,False,True,True,True,,1.5086259067895436
2.788696702999914,126.01837423534221,101.55770076632706,-0.13124138156703458,0.014407371940771997,0.0,0.0,0.0,0.0,0.0,0.0,0.0,0.0,0.014,-0.008,-0.007,0.0161245154965971,0.0,0.0,0.0,0.0,0.0,0.0,NAV2,,False,True,True,True,,1.5088445287666612
2.8313299930005087,126.01837423534221,101.55770076632706,-0.13124138156703458,0.014407371940771997,0.0,0.0,0.0,0.0,0.0,0.0,0.0,0.0,0.014,-0.008,-0.007,0.0161245154965971,0.0,0.0,0.0,0.0,0.0,0.0,NAV2,,False,True,True,True,,1.5104619129392545
2.8716057430001456,126.0178654875462,101.56306272113473,-0.12945480955616387,0.012377999984796655,0.0,0.0,0.0,0.0,0.0,0.0,0.0,0.0,-0.05,0.003,-0.052,0.050089919145472776,0.0,0.0,0.0,0.0,0.0,0.0,NAV2,,False,True,True,True,,1.5095642227278254
2.9119697850001103,126.0178654875462,101.56306272113473,-0.12945480955616387,0.012377999984796655,0.0,0.0,0.0,0.0,0.0,0.0,0.0,0.0,-0.05,0.003,-0.052,0.050089919145472776,0.0,0.0,0.0,0.0,0.0,0.0,NAV2,,False,True,True,True,,1.5080882458868639
2.952079824000066,126.01657950268223,101.56664032369632,-0.12730544184802017,0.01040850970765558,0.0,0.0,0.0,0.0,0.0,0.0,0.0,0.0,0.064,0.013,0.011,0.06530696746902279,0.0,0.0,0.0,0.0,0.0,0.0,NAV2,,False,True,True,True,,1.5064439231298026
2.9997292050002216,126.01657950268223,101.56664032369632,-0.12730544184802017,0.01040850970765558,0.0,0.0,0.0,0.0,0.0,0.0,0.0,0.0,0.064,0.013,0.011,0.06530696746902279,0.0,0.0,0.0,0.0,0.0,0.0,NAV2,,False,True,True,True,,1.5135988452511642
3.042397369000355,126.01657950268223,101.56664032369632,-0.12730544184802017,0.01040850970765558,0.0,0.0,0.0,0.0,0.0,0.0,0.0,0.0,0.064,0.013,0.011,0.06530696746902279,0.0,0.0,0.0,0.0,0.0,0.0,NAV2,,False,True,True,True,,1.5135290563075956
3.0885244040000543,126.01575128637893,101.57229611402451,-0.1260112661397521,0.00851220097483673,0.0,0.0,0.0,0.0,0.0,0.0,0.0,0.0,-0.028,-0.025,-0.034,0.03753664875824692,0.0,0.0,0.0,0.0,0.0,0.0,NAV2,,False,True,True,True,,1.5128198369834809
3.1300709100005406,126.01575128637893,101.57229611402451,-0.1260112661397521,0.00851220097483673,0.0,0.0,0.0,0.0,0.0,0.0,0.0,0.0,-0.028,-0.025,-0.034,0.03753664875824692,0.0,0.0,0.0,0.0,0.0,0.0,NAV2,,False,True,True,True,,1.5096224006896561
3.170453489000465,126.0169635308088,101.57724322035106,-0.12657239524227037,0.008189539214212062,0.0,0.0,0.0,0.0,0.0,0.0,0.0,0.0,-0.043,0.019,0.028,0.04701063709417263,0.0,0.0,0.0,0.0,0.0,0.0,NAV2,,False,True,True,True,,1.507624320653902
3.212275400999715,126.0169635308088,101.57724322035106,-0.12657239524227037,0.008189539214212062,0.0,0.0,0.0,0.0,0.0,0.0,0.0,0.0,-0.043,0.019,0.028,0.04701063709417263,0.0,0.0,0.0,0.0,0.0,0.0,NAV2,,False,True,True,True,,1.5141758931784832
3.2524315749997186,126.01793813650994,101.58153145506058,-0.1265679473425143,0.007774799751890834,0.0,0.0,0.0,0.0,0.0,0.0,0.0,0.0,0.042,-0.01,0.015,0.04317406628984581,0.0,0.0,0.0,0.0,0.0,0.0,NAV2,,False,True,True,True,,1.5143847777541717
3.2996627270003955,126.01793813650994,101.58153145506058,-0.1265679473425143,0.007774799751890834,0.0,0.0,0.0,0.0,0.0,0.0,0.0,0.0,0.042,-0.01,0.015,0.04317406628984581,0.0,0.0,0.0,0.0,0.0,0.0,NAV2,,False,True,True,True,,1.5099996880183855
3.341365235000012,126.01793813650994,101.58153145506058,-0.1265679473425143,0.007774799751890834,0.0,0.0,0.0,0.0,0.0,0.0,0.0,0.0,0.042,-0.01,0.015,0.04317406628984581,0.0,0.0,0.0,0.0,0.0,0.0,NAV2,,False,True,True,True,,1.5095364151820794
3.382052560000375,126.0186972742422,101.5852041655725,-0.1261067453902882,0.007292403797264815,0.0,0.0,0.0,0.0,0.0,0.0,0.0,0.0,0.016,-0.062,-0.011,0.06403124237432849,0.0,0.0,0.0,0.0,0.0,0.0,NAV2,,False,True,True,True,,1.5070678642656765
3.4221635750000132,126.0186972742422,101.5852041655725,-0.1261067453902882,0.007292403797264815,0.0,0.0,0.0,0.0,0.0,0.0,0.0,0.0,0.016,-0.062,-0.011,0.06403124237432849,0.0,0.0,0.0,0.0,0.0,0.0,NAV2,,False,True,True,True,,1.5117931017543966
3.4623725050005305,126.01927345885206,101.58833180434226,-0.12529431979962347,0.006763256853302485,0.0,0.0,0.0,0.0,0.0,0.0,0.0,0.0,-0.033,0.059,-0.049,0.06760177512462227,0.0,0.0,0.0,0.0,0.0,0.0,NAV2,,False,True,True,True,,1.5133011898805464
3.5102041620002638,126.01927345885206,101.58833180434226,-0.12529431979962347,0.006763256853302485,0.0,0.0,0.0,0.0,0.0,0.0,0.0,0.0,-0.033,0.059,-0.049,0.06760177512462227,0.0,0.0,0.0,0.0,0.0,0.0,NAV2,,False,True,True,True,,1.5110838192597076
3.5512296730003072,126.02201400157203,101.59378914347859,-0.12676405777976463,0.007389759995524786,0.0,0.0,0.0,0.0,0.0,0.0,0.0,0.0,-0.03,-0.024,-0.03,0.03841874542459709,0.0,0.0,0.0,0.0,0.0,0.0,NAV2,,False,True,True,True,,1.5084348138003614
3.5913481200004753,126.02201400157203,101.59378914347859,-0.12676405777976463,0.007389759995524786,0.0,0.0,0.0,0.0,0.0,0.0,0.0,0.0,-0.03,-0.024,-0.03,0.03841874542459709,0.0,0.0,0.0,0.0,0.0,0.0,NAV2,,False,True,True,True,,1.5142892647294282
3.6316220890003024,126.02201400157203,101.59378914347859,-0.12676405777976463,0.007389759995524786,0.0,0.0,0.0,0.0,0.0,0.0,0.0,0.0,-0.03,-0.024,-0.03,0.03841874542459709,0.0,0.0,0.0,0.0,0.0,0.0,NAV2,,False,True,True,True,,1.5147845227524601
3.6722034040003564,126.02410185291711,101.59764877567913,-0.12742658066910328,0.007821550344480585,0.0,0.0,0.0,0.0,0.0,0.0,0.0,0.0,0.038,-0.02,-0.049,0.04294182110716778,0.0,0.0,0.0,0.0,0.0,0.0,NAV2,,False,True,True,True,,1.5147845227524601
3.7209940130005634,126.02410185291711,101.59764877567913,-0.12742658066910328,0.007821550344480585,0.0,0.0,0.0,0.0,0.0,0.0,0.0,0.0,0.038,-0.02,-0.049,0.04294182110716778,0.0,0.0,0.0,0.0,0.0,0.0,NAV2,,False,True,True,True,,1.5094630108381653
3.761759269000322,126.02786817973129,101.59792357840365,-0.1283426435153325,0.00974970056821357,0.0,0.0,0.0,0.0,0.0,0.0,0.0,0.0,0.004,-0.024,0.019,0.02433105012119288,0.0,0.0,0.0,0.0,0.0,0.0,NAV2,,False,True,True,True,,1.507353719604974
3.8100101429999995,126.02786817973129,101.59792357840365,-0.1283426435153325,0.00974970056821357,0.0,0.0,0.0,0.0,0.0,0.0,0.0,0.0,0.004,-0.024,0.019,0.02433105012119288,0.0,0.0,0.0,0.0,0.0,0.0,NAV2,,False,True,True,True,,1.5085837594354412
3.850302468999871,126.02906200748019,101.60109997201266,-0.1283426435154835,0.009690369618866799,0.0,0.0,0.0,0.0,0.0,0.0,0.0,0.0,-0.032,0.051,0.011,0.06020797289396147,0.0,0.0,0.0,0.0,0.0,0.0,NAV2,,False,True,True,True,,1.508264135674988
3.891992761000438,126.02906200748019,101.60109997201266,-0.1283426435154835,0.009690369618866799,0.0,0.0,0.0,0.0,0.0,0.0,0.0,0.0,-0.032,0.051,0.011,0.06020797289396147,0.0,0.0,0.0,0.0,0.0,0.0,NAV2,,False,True,True,True,,1.5107218757828236
3.9324219150003046,126.02906200748019,101.60109997201266,-0.1283426435154835,0.009690369618866799,0.0,0.0,0.0,0.0,0.0,0.0,0.0,0.0,-0.032,0.051,0.011,0.06020797289396147,0.0,0.0,0.0,0.0,0.0,0.0,NAV2,,False,True,True,True,,1.5108374939074225
3.9810979519998,126.03206946585107,101.60167480878718,-0.1285835015976402,0.010960600434739063,0.0,0.0,0.0,0.0,0.0,0.0,0.0,0.0,-0.002,-0.002,0.043,0.00282842712474619,0.0,0.0,0.0,0.0,0.0,0.0,NAV2,,False,True,True,True,,1.5090426669310022
4.021522961000301,126.03206946585107,101.60167480878718,-0.1285835015976402,0.010960600434739063,0.0,0.0,0.0,0.0,0.0,0.0,0.0,0.0,-0.002,-0.002,0.043,0.00282842712474619,0.0,0.0,0.0,0.0,0.0,0.0,NAV2,,False,True,True,True,,1.5083652371012066
4.062758722000581,126.03665842830962,101.60201099010615,-0.12982054529354725,0.013257748677779416,0.0,0.0,0.0,0.0,0.0,0.0,0.0,0.0,0.01,-0.011,0.02,0.014866068747318505,0.0,0.0,0.0,0.0,0.0,0.0,NAV2,,False,True,True,True,,1.5096531083858213
4.109876194000208,126.03665842830962,101.60201099010615,-0.12982054529354725,0.013257748677779416,0.0,0.0,0.0,0.0,0.0,0.0,0.0,0.0,0.01,-0.011,0.02,0.014866068747318505,0.0,0.0,0.0,0.0,0.0,0.0,NAV2,,False,True,True,True,,1.5079605212055118
4.151039936000416,126.04062312132845,101.60010959264814,-0.13004047240174363,0.015254987447103987,0.0,0.0,0.0,0.0,0.0,0.0,0.0,0.0,0.005,0.0,0.041,0.005,0.0,0.0,0.0,0.0,0.0,0.0,NAV2,,False,True,True,True,,1.5112136999064867
4.191171053999824,126.04062312132845,101.60010959264814,-0.13004047240174363,0.015254987447103987,0.0,0.0,0.0,0.0,0.0,0.0,0.0,0.0,0.005,0.0,0.041,0.005,0.0,0.0,0.0,0.0,0.0,0.0,NAV2,,False,True,True,True,,1.5098397604298335
4.231430292000368,126.04062312132845,101.60010959264814,-0.13004047240174363,0.015254987447103987,0.0,0.0,0.0,0.0,0.0,0.0,0.0,0.0,0.005,0.0,0.041,0.005,0.0,0.0,0.0,0.0,0.0,0.0,NAV2,,False,True,True,True,,1.509708837413048
4.271591065000393,126.04650055347533,101.59886222253596,-0.13108413772588223,0.01817495176144752,0.0,0.0,0.0,0.0,0.0,0.0,0.0,0.0,-0.022,-0.01,0.026,0.024166091947189144,0.0,0.0,0.0,0.0,0.0,0.0,NAV2,,False,True,True,True,,1.5075561935170267
4.311963920999915,126.04650055347533,101.59886222253596,-0.13108413772588223,0.01817495176144752,0.0,0.0,0.0,0.0,0.0,0.0,0.0,0.0,-0.022,-0.01,0.026,0.024166091947189144,0.0,0.0,0.0,0.0,0.0,0.0,NAV2,,False,True,True,True,,1.507843106337559
4.354289410000092,126.05106939889346,101.59454975772657,-0.13131229959777982,0.02064758927422257,0.0,0.0,0.0,0.0,0.0,0.0,0.0,0.0,-0.022,-0.01,0.026,0.024166091947189144,0.0,0.0,0.0,0.0,0.0,0.0,NAV2,,False,True,True,True,,1.507843106337559
4.400084230000175,126.05106939889346,101.59454975772657,-0.13131229959777982,0.02064758927422257,0.0,0.0,0.0,0.0,0.0,0.0,0.0,0.0,0.096,-0.044,-0.099,0.10560303025955269,0.0,0.0,0.0,0.0,0.0,0.0,NAV2,,False,True,True,True,,1.5078501796129007
4.441475079000156,126.05106939889346,101.59454975772657,-0.13131229959777982,0.02064758927422257,0.0,0.0,0.0,0.0,0.0,0.0,0.0,0.0,0.096,-0.044,-0.099,0.10560303025955269,0.0,0.0,0.0,0.0,0.0,0.0,NAV2,,False,True,True,True,,1.5115603081146578
4.481564656000046,126.0571199028648,101.5887597304673,-0.13196599293479006,0.02408443309756233,0.0,0.0,0.0,0.0,0.0,0.0,0.0,0.0,-0.021,0.021,-0.012,0.029698484809835,0.0,0.0,0.0,0.0,0.0,0.0,NAV2,,False,True,True,True,,1.5096224006896561
4.521645869000167,126.0571199028648,101.5887597304673,-0.13196599293479006,0.02408443309756233,0.0,0.0,0.0,0.0,0.0,0.0,0.0,0.0,-0.021,0.021,-0.012,0.029698484809835,0.0,0.0,0.0,0.0,0.0,0.0,NAV2,,False,True,True,True,,1.508146914394141
4.5625164490002135,126.06232895706488,101.58350913391814,-0.13232859805520292,0.026752737715383532,0.0,0.0,0.0,0.0,0.0,0.0,0.0,0.0,-0.07,0.019,0.072,0.07253275122315436,0.0,0.0,0.0,0.0,0.0,0.0,NAV2,,False,True,True,True,,1.5067132033664756
4.611147341000105,126.06232895706488,101.58350913391814,-0.13232859805520292,0.026752737715383532,0.0,0.0,0.0,0.0,0.0,0.0,0.0,0.0,-0.07,0.019,0.072,0.07253275122315436,0.0,0.0,0.0,0.0,0.0,0.0,NAV2,,False,True,True,True,,1.5121104559192728
4.6526482700001,126.06678532203249,101.57671253852173,-0.13250028120491963,0.028930168566973103,0.0,0.0,0.0,0.0,0.0,0.0,0.0,0.0,0.027,-0.059,-0.055,0.06488451279003334,0.0,0.0,0.0,0.0,0.0,0.0,NAV2,,False,True,True,True,,1.5135420152286925
4.699722101000589,126.06678532203249,101.57671253852173,-0.13250028120491963,0.028930168566973103,0.0,0.0,0.0,0.0,0.0,0.0,0.0,0.0,0.027,-0.059,-0.055,0.06488451279003334,0.0,0.0,0.0,0.0,0.0,0.0,NAV2,,False,True,True,True,,1.513979092132764
4.741294753999682,126.06678532203249,101.57671253852173,-0.13250028120491963,0.028930168566973103,0.0,0.0,0.0,0.0,0.0,0.0,0.0,0.0,0.027,-0.059,-0.055,0.06488451279003334,0.0,0.0,0.0,0.0,0.0,0.0,NAV2,,False,True,True,True,,1.5102878299085287
4.782574990000285,126.07057403518888,101.5706005342516,-0.13270080446751242,0.030484079685877102,0.0,0.0,0.0,0.0,0.0,0.0,0.0,0.0,-0.043,0.041,-0.014,0.05941380311005179,0.0,0.0,0.0,0.0,0.0,0.0,NAV2,,False,True,True,True,,1.507497376558443
4.830602294000528,126.07057403518888,101.5706005342516,-0.13270080446751242,0.030484079685877102,0.0,0.0,0.0,0.0,0.0,0.0,0.0,0.0,-0.043,0.041,-0.014,0.05941380311005179,0.0,0.0,0.0,0.0,0.0,0.0,NAV2,,False,True,True,True,,1.5125469598005195
4.87156708800012,126.07576955729557,101.56512214038692,-0.13306598585690832,0.03286803882736361,0.0,0.0,0.0,0.0,0.0,0.0,0.0,0.0,-0.016,0.02,-0.044,0.025612496949731396,0.0,0.0,0.0,0.0,0.0,0.0,NAV2,,False,True,True,True,,1.5124585139156592
4.912009604000559,126.07576955729557,101.56512214038692,-0.13306598585690832,0.03286803882736361,0.0,0.0,0.0,0.0,0.0,0.0,0.0,0.0,-0.016,0.02,-0.044,0.025612496949731396,0.0,0.0,0.0,0.0,0.0,0.0,NAV2,,False,True,True,True,,1.5080616119942483
4.952269541000533,126.08019974073639,101.55819763987722,-0.13356475169246318,0.03474048821759184,0.0,0.0,0.0,0.0,0.0,0.0,0.0,0.0,0.007,0.015,-0.032,0.01655294535724685,0.0,0.0,0.0,0.0,0.0,0.0,NAV2,,False,True,True,True,,1.5080616119942483
4.992662075000226,126.08019974073639,101.55819763987722,-0.13356475169246318,0.03474048821759184,0.0,0.0,0.0,0.0,0.0,0.0,0.0,0.0,0.007,0.015,-0.032,0.01655294535724685,0.0,0.0,0.0,0.0,0.0,0.0,NAV2,,False,True,True,True,,1.5122865845986384
5.041592256000513,126.08019974073639,101.55819763987722,-0.13356475169246318,0.03474048821759184,0.0,0.0,0.0,0.0,0.0,0.0,0.0,0.0,0.007,0.015,-0.032,0.01655294535724685,0.0,0.0,0.0,0.0,0.0,0.0,NAV2,,False,True,True,True,,1.5138086229743906
5.081892381999751,126.08394251387065,101.55201514379138,-0.1341543911004459,0.035980732761851646,0.0,0.0,0.0,0.0,0.0,0.0,0.0,0.0,-0.003,-0.032,-0.042,0.0321403173599764,0.0,0.0,0.0,0.0,0.0,0.0,NAV2,,False,True,True,True,,1.5130095075021144
5.121942487000524,126.08394251387065,101.55201514379138,-0.1341543911004459,0.035980732761851646,0.0,0.0,0.0,0.0,0.0,0.0,0.0,0.0,-0.003,-0.032,-0.042,0.0321403173599764,0.0,0.0,0.0,0.0,0.0,0.0,NAV2,,False,True,True,True,,1.5076572701160555
5.162236537000354,126.08907852900226,101.54652635507678,-0.13439225719167294,0.038061777451751475,0.0,0.0,0.0,0.0,0.0,0.0,0.0,0.0,-0.039,0.01,-0.023,0.04026164427839479,0.0,0.0,0.0,0.0,0.0,0.0,NAV2,,False,True,True,True,,1.5071688549522109
5.202381062000313,126.08907852900226,101.54652635507678,-0.13439225719167294,0.038061777451751475,0.0,0.0,0.0,0.0,0.0,0.0,0.0,0.0,-0.039,0.01,-0.023,0.04026164427839479,0.0,0.0,0.0,0.0,0.0,0.0,NAV2,,False,True,True,True,,1.5129914899863481
5.243454921000193,126.08907852900226,101.54652635507678,-0.13439225719167294,0.038061777451751475,0.0,0.0,0.0,0.0,0.0,0.0,0.0,0.0,-0.009,-0.079,0.018,0.07951100552753688,0.0,0.0,0.0,0.0,0.0,0.0,NAV2,,False,True,True,True,,1.514841032409063
5.288579996000408,126.09545051053942,101.54166639979357,-0.13409763648275552,0.0408500377946611,0.0,0.0,0.0,0.0,0.0,0.0,0.0,0.0,-0.009,-0.079,0.018,0.07951100552753688,0.0,0.0,0.0,0.0,0.0,0.0,NAV2,,False,True,True,True,,1.515269191264326
5.330687925999882,126.09545051053942,101.54166639979357,-0.13409763648275552,0.0408500377946611,0.0,0.0,0.0,0.0,0.0,0.0,0.0,0.0,-0.009,-0.079,0.018,0.07951100552753688,0.0,0.0,0.0,0.0,0.0,0.0,NAV2,,False,True,True,True,,1.5091593963351362
5.371958163000272,126.10090782899223,101.53737559413567,-0.13399750470541694,0.04281783096690325,0.0,0.0,0.0,0.0,0.0,0.0,0.0,0.0,-0.059,0.046,-0.006,0.07481310045707236,0.0,0.0,0.0,0.0,0.0,0.0,NAV2,,False,True,True,True,,1.5046476426415598
5.412167405000218,126.10090782899223,101.53737559413567,-0.13399750470541694,0.04281783096690325,0.0,0.0,0.0,0.0,0.0,0.0,0.0,0.0,-0.059,0.046,-0.006,0.07481310045707236,0.0,0.0,0.0,0.0,0.0,0.0,NAV2,,False,True,True,True,,1.5063007244408184
5.452628959000322,126.10754266759442,101.53160097948788,-0.13362574848739772,0.04563663394761387,0.0,0.0,0.0,0.0,0.0,0.0,0.0,0.0,-0.007,-0.015,0.021,0.01655294535724685,0.0,0.0,0.0,0.0,0.0,0.0,NAV2,,False,True,True,True,,1.5056118139638623
5.499681516000237,126.10754266759442,101.53160097948788,-0.13362574848739772,0.04563663394761387,0.0,0.0,0.0,0.0,0.0,0.0,0.0,0.0,-0.007,-0.015,0.021,0.01655294535724685,0.0,0.0,0.0,0.0,0.0,0.0,NAV2,,False,True,True,True,,1.507674192821849
5.541974947000199,126.10754266759442,101.53160097948788,-0.13362574848739772,0.04563663394761387,0.0,0.0,0.0,0.0,0.0,0.0,0.0,0.0,-0.007,-0.015,0.021,0.01655294535724685,0.0,0.0,0.0,0.0,0.0,0.0,NAV2,,False,True,True,True,,1.5093342026058438
5.582671168000161,126.11321677682679,101.52651228321136,-0.13359885664420904,0.04758456087474917,0.0,0.0,0.0,0.0,0.0,0.0,0.0,0.0,-0.015,0.005,0.005,0.015811388300841896,0.0,0.0,0.0,0.0,0.0,0.0,NAV2,,False,True,True,True,,1.5086688941272648
5.63016689000051,126.11321677682679,101.52651228321136,-0.13359885664420904,0.04758456087474917,0.0,0.0,0.0,0.0,0.0,0.0,0.0,0.0,-0.015,0.005,0.005,0.015811388300841896,0.0,0.0,0.0,0.0,0.0,0.0,NAV2,,False,True,True,True,,1.5094047622569458
5.671865096000147,126.12003723860461,101.52206837855701,-0.13276232381819497,0.050175405192673286,0.0,0.0,0.0,0.0,0.0,0.0,0.0,0.0,0.038,-0.031,-0.043,0.04904079934095691,0.0,0.0,0.0,0.0,0.0,0.0,NAV2,,False,True,True,True,,1.5069915544603794
5.711972474000504,126.12003723860461,101.52206837855701,-0.13276232381819497,0.050175405192673286,0.0,0.0,0.0,0.0,0.0,0.0,0.0,0.0,0.038,-0.031,-0.043,0.04904079934095691,0.0,0.0,0.0,0.0,0.0,0.0,NAV2,,False,True,True,True,,1.508120229350921
5.752419856000415,126.12787295418725,101.51821244595796,-0.13116866717654263,0.053287711213429,0.0,0.0,0.0,0.0,0.0,0.0,0.0,0.0,-0.073,0.039,0.099,0.08276472678623424,0.0,0.0,0.0,0.0,0.0,0.0,NAV2,,False,True,True,True,,1.5082055443109421
5.793253374000415,126.12787295418725,101.51821244595796,-0.13116866717654263,0.053287711213429,0.0,0.0,0.0,0.0,0.0,0.0,0.0,0.0,-0.073,0.039,0.099,0.08276472678623424,0.0,0.0,0.0,0.0,0.0,0.0,NAV2,,False,True,True,True,,1.510606630905763
5.833592871000292,126.12787295418725,101.51821244595796,-0.13116866717654263,0.053287711213429,0.0,0.0,0.0,0.0,0.0,0.0,0.0,0.0,-0.073,0.039,0.099,0.08276472678623424,0.0,0.0,0.0,0.0,0.0,0.0,NAV2,,False,True,True,True,,1.5088554818470077
5.87369478599976,126.13661015926871,101.51488990803881,-0.1289048338656511,0.05681763212261625,0.0,0.0,0.0,0.0,0.0,0.0,0.0,0.0,0.001,-0.075,-0.014,0.0750066663703967,0.0,0.0,0.0,0.0,0.0,0.0,NAV2,,False,True,True,True,,1.5091593963351362
5.921032776999709,126.13661015926871,101.51488990803881,-0.1289048338656511,0.05681763212261625,0.0,0.0,0.0,0.0,0.0,0.0,0.0,0.0,0.001,-0.075,-0.014,0.0750066663703967,0.0,0.0,0.0,0.0,0.0,0.0,NAV2,,False,True,True,True,,1.5091162062500723
5.96113215800051,126.14409639419236,101.51203733024849,-0.12748250920119064,0.05925107481027743,0.0,0.0,0.0,0.0,0.0,0.0,0.0,0.0,-0.031,0.021,0.039,0.03744329045369811,0.0,0.0,0.0,0.0,0.0,0.0,NAV2,,False,True,True,True,,1.5076572701160555
6.0012197220003145,126.14409639419236,101.51203733024849,-0.12748250920119064,0.05925107481027743,0.0,0.0,0.0,0.0,0.0,0.0,0.0,0.0,-0.031,0.021,0.039,0.03744329045369811,0.0,0.0,0.0,0.0,0.0,0.0,NAV2,,False,True,True,True,,1.5095793930464496
6.041384131000086,126.14409639419236,101.51203733024849,-0.12748250920119064,0.05925107481027743,0.0,0.0,0.0,0.0,0.0,0.0,0.0,0.0,-0.031,0.021,0.039,0.03744329045369811,0.0,0.0,0.0,0.0,0.0,0.0,NAV2,,False,True,True,True,,1.5076149718211167
6.082422520000364,126.15248027041943,101.50962725957302,-0.12540428261865166,0.06213124798456129,0.0,0.0,0.0,0.0,0.0,0.0,0.0,0.0,-0.022,0.07,0.036,0.07337574531137657,0.0,0.0,0.0,0.0,0.0,0.0,NAV2,,False,True,True,True,,1.5091010508471467
6.131674291000309,126.15248027041943,101.50962725957302,-0.12540428261865166,0.06213124798456129,0.0,0.0,0.0,0.0,0.0,0.0,0.0,0.0,-0.022,0.07,0.036,0.07337574531137657,0.0,0.0,0.0,0.0,0.0,0.0,NAV2,,False,True,True,True,,1.5102298840077042
6.1718413710004825,126.16164977222084,101.5076145610057,-0.12280711341629802,0.06535815419395906,0.0,0.0,0.0,0.0,0.0,0.0,0.0,0.0,-0.006,0.025,-0.02,0.025709920264364885,0.0,0.0,0.0,0.0,0.0,0.0,NAV2,,False,True,True,True,,1.506182292137053
6.220980897000118,126.16164977222084,101.5076145610057,-0.12280711341629802,0.06535815419395906,0.0,0.0,0.0,0.0,0.0,0.0,0.0,0.0,-0.006,0.025,-0.02,0.025709920264364885,0.0,0.0,0.0,0.0,0.0,0.0,NAV2,,False,True,True,True,,1.5098251022202418
6.261280882000392,126.16946968113515,101.50594080418976,-0.12125650285155887,0.06744964974320623,0.0,0.0,0.0,0.0,0.0,0.0,0.0,0.0,-0.033,0.016,0.114,0.0366742416417845,0.0,0.0,0.0,0.0,0.0,0.0,NAV2,,False,True,True,True,,1.5129914899863481
6.301597198000309,126.16946968113515,101.50594080418976,-0.12125650285155887,0.06744964974320623,0.0,0.0,0.0,0.0,0.0,0.0,0.0,0.0,-0.033,0.016,0.114,0.0366742416417845,0.0,0.0,0.0,0.0,0.0,0.0,NAV2,,False,True,True,True,,1.5149932435766635
6.341633416999684,126.16946968113515,101.50594080418976,-0.12125650285155887,0.06744964974320623,0.0,0.0,0.0,0.0,0.0,0.0,0.0,0.0,-0.033,0.016,0.114,0.0366742416417845,0.0,0.0,0.0,0.0,0.0,0.0,NAV2,,False,True,True,True,,1.5127626998897443
6.3833132259997,126.17609716911849,101.50656765368699,-0.11983787146805458,0.06839372788068174,0.0,0.0,0.0,0.0,0.0,0.0,0.0,0.0,-0.008,0.023,0.057,0.02435159132377184,0.0,0.0,0.0,0.0,0.0,0.0,NAV2,,False,True,True,True,,1.507438520907565
6.4308929930002705,126.17609716911849,101.50656765368699,-0.11983787146805458,0.06839372788068174,0.0,0.0,0.0,0.0,0.0,0.0,0.0,0.0,-0.008,0.023,0.057,0.02435159132377184,0.0,0.0,0.0,0.0,0.0,0.0,NAV2,,False,True,True,True,,1.5111132463734376
6.471725876999699,126.18163800078969,101.50723635277588,-0.11924801807038321,0.06851473618411563,0.0,0.0,0.0,0.0,0.0,0.0,0.0,0.0,0.002,-0.052,-0.009,0.05203844732503075,0.0,0.0,0.0,0.0,0.0,0.0,NAV2,,False,True,True,True,,1.5127938436890678
6.51196978400003,126.18163800078969,101.50723635277588,-0.11924801807038321,0.06851473618411563,0.0,0.0,0.0,0.0,0.0,0.0,0.0,0.0,0.002,-0.052,-0.009,0.05203844732503075,0.0,0.0,0.0,0.0,0.0,0.0,NAV2,,False,True,True,True,,1.5120973221943836
6.552034600000297,126.18620191551514,101.50794840545306,-0.11931519550167735,0.06792921012639254,0.0,0.0,0.0,0.0,0.0,0.0,0.0,0.0,-0.001,0.007,0.046,0.007071067811865475,0.0,0.0,0.0,0.0,0.0,0.0,NAV2,,False,True,True,True,,1.5114015775608258
6.592680882000423,126.18620191551514,101.50794840545306,-0.11931519550167735,0.06792921012639254,0.0,0.0,0.0,0.0,0.0,0.0,0.0,0.0,-0.001,0.007,0.046,0.007071067811865475,0.0,0.0,0.0,0.0,0.0,0.0,NAV2,,False,True,True,True,,1.5093496575880692
6.63751575400056,126.18620191551514,101.50794840545306,-0.11931519550167735,0.06792921012639254,0.0,0.0,0.0,0.0,0.0,0.0,0.0,0.0,-0.001,0.007,0.046,0.007071067811865475,0.0,0.0,0.0,0.0,0.0,0.0,NAV2,,False,True,True,True,,1.5153820160424063
6.677795696999965,126.19058687900163,101.5091584505615,-0.11864429674334652,0.06790298749642464,0.0,0.0,0.0,0.0,0.0,0.0,0.0,0.0,0.015,0.036,-0.015,0.039,0.0,0.0,0.0,0.0,0.0,0.0,NAV2,,False,True,True,True,,1.5152805354542356
6.720870041000126,126.19058687900163,101.5091584505615,-0.11864429674334652,0.06790298749642464,0.0,0.0,0.0,0.0,0.0,0.0,0.0,0.0,0.015,0.036,-0.015,0.039,0.0,0.0,0.0,0.0,0.0,0.0,NAV2,,False,True,True,True,,1.5100126123534
6.76119214099981,126.19655195310034,101.50945753093441,-0.11851282362534833,0.06773896571539646,0.0,0.0,0.0,0.0,0.0,0.0,0.0,0.0,0.024,-0.001,-0.043,0.024020824298928628,0.0,0.0,0.0,0.0,0.0,0.0,NAV2,,False,True,True,True,,1.5063007244408184
6.801682436999727,126.19655195310034,101.50945753093441,-0.11851282362534833,0.06773896571539646,0.0,0.0,0.0,0.0,0.0,0.0,0.0,0.0,0.024,-0.001,-0.043,0.024020824298928628,0.0,0.0,0.0,0.0,0.0,0.0,NAV2,,False,True,True,True,,1.5117197421057482
6.842050922999988,126.19655195310034,101.50945753093441,-0.11851282362534833,0.06773896571539646,0.0,0.0,0.0,0.0,0.0,0.0,0.0,0.0,0.024,-0.001,-0.043,0.024020824298928628,0.0,0.0,0.0,0.0,0.0,0.0,NAV2,,False,True,True,True,,1.5139223065377325
6.882093944999724,126.20240862874273,101.51224640086572,-0.11712988740137487,0.06780695510238348,0.0,0.0,0.0,0.0,0.0,0.0,0.0,0.0,-0.013,-0.012,0.051,0.01769180601295413,0.0,0.0,0.0,0.0,0.0,0.0,NAV2,,False,True,True,True,,1.5145756749080794
6.9221628260002035,126.20240862874273,101.51224640086572,-0.11712988740137487,0.06780695510238348,0.0,0.0,0.0,0.0,0.0,0.0,0.0,0.0,-0.013,-0.012,0.051,0.01769180601295413,0.0,0.0,0.0,0.0,0.0,0.0,NAV2,,False,True,True,True,,1.5124323568439146
6.962230649000048,126.20725519142387,101.51482109956417,-0.11646939511087329,0.0671761813233731,0.0,0.0,0.0,0.0,0.0,0.0,0.0,0.0,-0.075,-0.016,-0.032,0.07668767828015137,0.0,0.0,0.0,0.0,0.0,0.0,NAV2,,False,True,True,True,,1.5069245204958497
7.011780300999817,126.20725519142387,101.51482109956417,-0.11646939511087329,0.0671761813233731,0.0,0.0,0.0,0.0,0.0,0.0,0.0,0.0,-0.075,-0.016,-0.032,0.07668767828015137,0.0,0.0,0.0,0.0,0.0,0.0,NAV2,,False,True,True,True,,1.508248080292202
7.052578953999728,126.21120295063771,101.51719797185783,-0.11632318824103073,0.06595289537935312,0.0,0.0,0.0,0.0,0.0,0.0,0.0,0.0,0.065,-0.013,0.027,0.06628725367670621,0.0,0.0,0.0,0.0,0.0,0.0,NAV2,,False,True,True,True,,1.5079772394185533
7.093842918000519,126.21120295063771,101.51719797185783,-0.11632318824103073,0.06595289537935312,0.0,0.0,0.0,0.0,0.0,0.0,0.0,0.0,0.065,-0.013,0.027,0.06628725367670621,0.0,0.0,0.0,0.0,0.0,0.0,NAV2,,False,True,True,True,,1.5087431823772284
7.141600914000264,126.21120295063771,101.51719797185783,-0.11632318824103073,0.06595289537935312,0.0,0.0,0.0,0.0,0.0,0.0,0.0,0.0,0.065,-0.013,0.027,0.06628725367670621,0.0,0.0,0.0,0.0,0.0,0.0,NAV2,,False,True,True,True,,1.5096654381425254
7.182219004000217,126.21435506970477,101.51939135345776,-0.11651679175098728,0.06423151769117334,0.0,0.0,0.0,0.0,0.0,0.0,0.0,0.0,0.119,-0.1,-0.131,0.15543809056984714,0.0,0.0,0.0,0.0,0.0,0.0,NAV2,,False,True,True,True,,1.5088711288272882
7.222263925999869,126.21435506970477,101.51939135345776,-0.11651679175098728,0.06423151769117334,0.0,0.0,0.0,0.0,0.0,0.0,0.0,0.0,0.119,-0.1,-0.131,0.15543809056984714,0.0,0.0,0.0,0.0,0.0,0.0,NAV2,,False,True,True,True,,1.5080616119942483
7.262398531000144,126.22071543229575,101.5194600789193,-0.11619240861404556,0.06493228234069019,0.0,0.0,0.0,0.0,0.0,0.0,0.0,0.0,-0.052,0.017,-0.059,0.05470831746635972,0.0,0.0,0.0,0.0,0.0,0.0,NAV2,,False,True,True,True,,1.5072359179534023
7.310600873000112,126.22071543229575,101.5194600789193,-0.11619240861404556,0.06493228234069019,0.0,0.0,0.0,0.0,0.0,0.0,0.0,0.0,-0.052,0.017,-0.059,0.05470831746635972,0.0,0.0,0.0,0.0,0.0,0.0,NAV2,,False,True,True,True,,1.5074125623703376
7.35124309100047,126.22602184004998,101.5195784573143,-0.11620876624729927,0.06486157763319404,0.0,0.0,0.0,0.0,0.0,0.0,0.0,0.0,-0.06,0.059,0.136,0.0841486779456457,0.0,0.0,0.0,0.0,0.0,0.0,NAV2,,False,True,True,True,,1.508859825604617
7.3916128580003715,126.22602184004998,101.5195784573143,-0.11620876624729927,0.06486157763319404,0.0,0.0,0.0,0.0,0.0,0.0,0.0,0.0,-0.06,0.059,0.136,0.0841486779456457,0.0,0.0,0.0,0.0,0.0,0.0,NAV2,,False,True,True,True,,1.504501432636728
7.432086055000582,126.22602184004998,101.5195784573143,-0.11620876624729927,0.06486157763319404,0.0,0.0,0.0,0.0,0.0,0.0,0.0,0.0,-0.06,0.059,0.136,0.0841486779456457,0.0,0.0,0.0,0.0,0.0,0.0,NAV2,,False,True,True,True,,1.5073708469811389
7.474181771000076,126.23039436369803,101.51973959149977,-0.11641319579781807,0.06413045023124399,0.0,0.0,0.0,0.0,0.0,0.0,0.0,0.0,0.06,-0.045,-0.036,0.075,0.0,0.0,0.0,0.0,0.0,0.0,NAV2,,False,True,True,True,,1.5083652371012066
7.519468317999781,126.23039436369803,101.51973959149977,-0.11641319579781807,0.06413045023124399,0.0,0.0,0.0,0.0,0.0,0.0,0.0,0.0,0.06,-0.045,-0.036,0.075,0.0,0.0,0.0,0.0,0.0,0.0,NAV2,,False,True,True,True,,1.5078594339618596
7.560344567000357,126.2339331947207,101.51993806499175,-0.11669487068087259,0.06283649408247483,0.0,0.0,0.0,0.0,0.0,0.0,0.0,0.0,-0.036,-0.082,-0.12,0.08955445270895245,0.0,0.0,0.0,0.0,0.0,0.0,NAV2,,False,True,True,True,,1.5032106328392276
7.600837173999935,126.2339331947207,101.51993806499175,-0.11669487068087259,0.06283649408247483,0.0,0.0,0.0,0.0,0.0,0.0,0.0,0.0,-0.036,-0.082,-0.12,0.08955445270895245,0.0,0.0,0.0,0.0,0.0,0.0,NAV2,,False,True,True,True,,1.5083816823625753
7.641129956000441,126.2339331947207,101.51993806499175,-0.11669487068087259,0.06283649408247483,0.0,0.0,0.0,0.0,0.0,0.0,0.0,0.0,-0.036,-0.082,-0.12,0.08955445270895245,0.0,0.0,0.0,0.0,0.0,0.0,NAV2,,False,True,True,True,,1.5085995676520012
7.68228045900014,126.23866962336521,101.52017216119843,-0.1167135655924132,0.062393018146298974,0.0,0.0,0.0,0.0,0.0,0.0,0.0,0.0,0.037,0.039,-0.004,0.05375872022286245,0.0,0.0,0.0,0.0,0.0,0.0,NAV2,,False,True,True,True,,1.5110402798800675
7.722452367000187,126.23866962336521,101.52017216119843,-0.1167135655924132,0.062393018146298974,0.0,0.0,0.0,0.0,0.0,0.0,0.0,0.0,0.037,0.039,-0.004,0.05375872022286245,0.0,0.0,0.0,0.0,0.0,0.0,NAV2,,False,True,True,True,,1.5105771991690784
7.762801793000108,126.24253608007548,101.51847140393579,-0.11707592415606304,0.061516119448843914,0.0,0.0,0.0,0.0,0.0,0.0,0.0,0.0,0.002,-0.03,0.06,0.030066592756745815,0.0,0.0,0.0,0.0,0.0,0.0,NAV2,,False,True,True,True,,1.5091593963351362
7.810732357999768,126.24253608007548,101.51847140393579,-0.11707592415606304,0.061516119448843914,0.0,0.0,0.0,0.0,0.0,0.0,0.0,0.0,0.002,-0.03,0.06,0.030066592756745815,0.0,0.0,0.0,0.0,0.0,0.0,NAV2,,False,True,True,True,,1.5099262923931291
7.852477057000215,126.2475701573462,101.51895819797194,-0.11698875690264733,0.061275612017118,0.0,0.0,0.0,0.0,0.0,0.0,0.0,0.0,-0.002,0.009,-0.045,0.009219544457292887,0.0,0.0,0.0,0.0,0.0,0.0,NAV2,,False,True,True,True,,1.5125469598005195
7.900073460000385,126.2475701573462,101.51895819797194,-0.11698875690264733,0.061275612017118,0.0,0.0,0.0,0.0,0.0,0.0,0.0,0.0,-0.002,0.009,-0.045,0.009219544457292887,0.0,0.0,0.0,0.0,0.0,0.0,NAV2,,False,True,True,True,,1.5133138533738657
7.941386030000103,126.2475701573462,101.51895819797194,-0.11698875690264733,0.061275612017118,0.0,0.0,0.0,0.0,0.0,0.0,0.0,0.0,-0.002,0.009,-0.045,0.009219544457292887,0.0,0.0,0.0,0.0,0.0,0.0,NAV2,,False,True,True,True,,1.5101007811509073
7.982086199999685,126.25170347941285,101.51748886444405,-0.11710946219756835,0.060573965790362026,0.0,0.0,0.0,0.0,0.0,0.0,0.0,0.0,0.096,-0.063,-0.047,0.11482595525402782,0.0,0.0,0.0,0.0,0.0,0.0,NAV2,,False,True,True,True,,1.5091593963351362
8.02250056899993,126.25170347941285,101.51748886444405,-0.11710946219756835,0.060573965790362026,0.0,0.0,0.0,0.0,0.0,0.0,0.0,0.0,0.096,-0.063,-0.047,0.11482595525402782,0.0,0.0,0.0,0.0,0.0,0.0,NAV2,,False,True,True,True,,1.5095364151820794
8.062628391000544,126.25697432276043,101.51622489807765,-0.11713847080930549,0.06064576433581197,0.0,0.0,0.0,0.0,0.0,0.0,0.0,0.0,-0.048,0.046,0.044,0.06648308055437864,0.0,0.0,0.0,0.0,0.0,0.0,NAV2,,False,True,True,True,,1.5138086229743906
8.110782767000273,126.25697432276043,101.51622489807765,-0.11713847080930549,0.06064576433581197,0.0,0.0,0.0,0.0,0.0,0.0,0.0,0.0,-0.048,0.046,0.044,0.06648308055437864,0.0,0.0,0.0,0.0,0.0,0.0,NAV2,,False,True,True,True,,1.5144861247237844
8.1521327319997,126.26326018732448,101.51514590549465,-0.1171517639498103,0.0613774449953072,0.0,0.0,0.0,0.0,0.0,0.0,0.0,0.0,-0.005,-0.017,-0.058,0.01772004514666935,0.0,0.0,0.0,0.0,0.0,0.0,NAV2,,False,True,True,True,,1.5103457376937317
8.192567215000054,126.26326018732448,101.51514590549465,-0.1171517639498103,0.0613774449953072,0.0,0.0,0.0,0.0,0.0,0.0,0.0,0.0,-0.005,-0.017,-0.058,0.01772004514666935,0.0,0.0,0.0,0.0,0.0,0.0,NAV2,,False,True,True,True,,1.5096960982668892
8.241161646999899,126.26326018732448,101.51514590549465,-0.1171517639498103,0.0613774449953072,0.0,0.0,0.0,0.0,0.0,0.0,0.0,0.0,-0.005,-0.017,-0.058,0.01772004514666935,0.0,0.0,0.0,0.0,0.0,0.0,NAV2,,False,True,True,True,,1.5118505681068197
8.28288787099973,126.26851653632491,101.51423302890666,-0.11711807691298802,0.06134801004867812,0.0,0.0,0.0,0.0,0.0,0.0,0.0,0.0,0.1,0.032,-0.017,0.1049952379872535,0.0,0.0,0.0,0.0,0.0,0.0,NAV2,,False,True,True,True,,1.5160715368608875
8.330677883000135,126.26851653632491,101.51423302890666,-0.11711807691298802,0.06134801004867812,0.0,0.0,0.0,0.0,0.0,0.0,0.0,0.0,0.1,0.032,-0.017,0.1049952379872535,0.0,0.0,0.0,0.0,0.0,0.0,NAV2,,False,True,True,True,,1.5126042046431334
8.370804041000156,126.27478143596808,101.51541732690357,-0.11715019788623193,0.06182546417793354,0.0,0.0,0.0,0.0,0.0,0.0,0.0,0.0,-0.075,-0.014,0.015,0.0762954782408499,0.0,0.0,0.0,0.0,0.0,0.0,NAV2,,False,True,True,True,,1.504863633459277
8.412041290999696,126.27478143596808,101.51541732690357,-0.11715019788623193,0.06182546417793354,0.0,0.0,0.0,0.0,0.0,0.0,0.0,0.0,-0.075,-0.014,0.015,0.0762954782408499,0.0,0.0,0.0,0.0,0.0,0.0,NAV2,,False,True,True,True,,1.5055109124333557
8.452158242000223,126.28194921937691,101.51653229293977,-0.117277583011945,0.06288912743040215,0.0,0.0,0.0,0.0,0.0,0.0,0.0,0.0,0.007,0.009,-0.056,0.011401754250991379,0.0,0.0,0.0,0.0,0.0,0.0,NAV2,,False,True,True,True,,1.5105197062896443
8.492459373999736,126.28194921937691,101.51653229293977,-0.117277583011945,0.06288912743040215,0.0,0.0,0.0,0.0,0.0,0.0,0.0,0.0,0.007,0.009,-0.056,0.011401754250991379,0.0,0.0,0.0,0.0,0.0,0.0,NAV2,,False,True,True,True,,1.5146322706056803
8.541797607000262,126.28194921937691,101.51653229293977,-0.117277583011945,0.06288912743040215,0.0,0.0,0.0,0.0,0.0,0.0,0.0,0.0,0.007,0.009,-0.056,0.011401754250991379,0.0,0.0,0.0,0.0,0.0,0.0,NAV2,,False,True,True,True,,1.5111709886243336
8.581844379999893,126.28798451556598,101.51757779191682,-0.11732474692024253,0.0631286133005348,0.0,0.0,0.0,0.0,0.0,0.0,0.0,0.0,0.046,0.045,-0.041,0.06435060217278468,0.0,0.0,0.0,0.0,0.0,0.0,NAV2,,False,True,True,True,,1.5057603450862043
8.622291001000121,126.28798451556598,101.51757779191682,-0.11732474692024253,0.0631286133005348,0.0,0.0,0.0,0.0,0.0,0.0,0.0,0.0,0.046,0.045,-0.041,0.06435060217278468,0.0,0.0,0.0,0.0,0.0,0.0,NAV2,,False,True,True,True,,1.5078007136214922
8.662390139000308,126.29493368378166,101.51855380841279,-0.11747188046853818,0.06397136180824682,0.0,0.0,0.0,0.0,0.0,0.0,0.0,0.0,-0.046,-0.024,-0.098,0.051884487084291386,0.0,0.0,0.0,0.0,0.0,0.0,NAV2,,False,True,True,True,,1.5056350899830888
8.702893454999867,126.29493368378166,101.51855380841279,-0.11747188046853818,0.06397136180824682,0.0,0.0,0.0,0.0,0.0,0.0,0.0,0.0,-0.046,-0.024,-0.098,0.051884487084291386,0.0,0.0,0.0,0.0,0.0,0.0,NAV2,,False,True,True,True,,1.5075135996772697
8.74521587900017,126.3026965193275,101.51946582667144,-0.11772058886900406,0.06532340719201371,0.0,0.0,0.0,0.0,0.0,0.0,0.0,0.0,0.029,0.006,0.029,0.029614185789921695,0.0,0.0,0.0,0.0,0.0,0.0,NAV2,,False,True,True,True,,1.5064194856661686
8.79132278399993,126.3026965193275,101.51946582667144,-0.11772058886900406,0.06532340719201371,0.0,0.0,0.0,0.0,0.0,0.0,0.0,0.0,0.029,0.006,0.029,0.029614185789921695,0.0,0.0,0.0,0.0,0.0,0.0,NAV2,,False,True,True,True,,1.5064017225761521
8.832106509999903,126.3026965193275,101.51946582667144,-0.11772058886900406,0.06532340719201371,0.0,0.0,0.0,0.0,0.0,0.0,0.0,0.0,0.029,0.006,0.029,0.029614185789921695,0.0,0.0,0.0,0.0,0.0,0.0,NAV2,,False,True,True,True,,1.5062176290476197
8.872205436000513,126.31117866253541,101.52031395607588,-0.11806524288611975,0.0670983123845798,0.0,0.0,0.0,0.0,0.0,0.0,0.0,0.0,0.003,-0.01,-0.041,0.01044030650891055,0.0,0.0,0.0,0.0,0.0,0.0,NAV2,,False,True,True,True,,1.5050701792121621
8.912367978000475,126.31117866253541,101.52031395607588,-0.11806524288611975,0.0670983123845798,0.0,0.0,0.0,0.0,0.0,0.0,0.0,0.0,0.003,-0.01,-0.041,0.01044030650891055,0.0,0.0,0.0,0.0,0.0,0.0,NAV2,,False,True,True,True,,1.5063425580203897
8.955389165999804,126.31891231590569,101.52112798692947,-0.11849678883393544,0.06909448622294206,0.0,0.0,0.0,0.0,0.0,0.0,0.0,0.0,-0.009,-0.039,-0.044,0.040024992192379004,0.0,0.0,0.0,0.0,0.0,0.0,NAV2,,False,True,True,True,,1.508120229350921
8.999889720000283,126.31891231590569,101.52112798692947,-0.11849678883393544,0.06909448622294206,0.0,0.0,0.0,0.0,0.0,0.0,0.0,0.0,-0.009,-0.039,-0.044,0.040024992192379004,0.0,0.0,0.0,0.0,0.0,0.0,NAV2,,False,True,True,True,,1.504501432636728
9.040522968000005,126.31891231590569,101.52112798692947,-0.11849678883393544,0.06909448622294206,0.0,0.0,0.0,0.0,0.0,0.0,0.0,0.0,-0.009,-0.039,-0.044,0.040024992192379004,0.0,0.0,0.0,0.0,0.0,0.0,NAV2,,False,True,True,True,,1.5071688549522109
9.081509878000361,126.32982059447832,101.52181981862749,-0.11902093271881098,0.07171284328112165,0.0,0.0,0.0,0.0,0.0,0.0,0.0,0.0,0.031,0.076,-0.028,0.0820792300158816,0.0,0.0,0.0,0.0,0.0,0.0,NAV2,,False,True,True,True,,1.510128683288432
9.121961388999807,126.32982059447832,101.52181981862749,-0.11902093271881098,0.07171284328112165,0.0,0.0,0.0,0.0,0.0,0.0,0.0,0.0,0.031,0.076,-0.028,0.0820792300158816,0.0,0.0,0.0,0.0,0.0,0.0,NAV2,,False,True,True,True,,1.5069915544603794
9.162000172999797,126.34002278114053,101.52249368857109,-0.11958844523803647,0.07435436029092221,0.0,0.0,0.0,0.0,0.0,0.0,0.0,0.0,-0.091,-0.035,0.069,0.09749871794028883,0.0,0.0,0.0,0.0,0.0,0.0,NAV2,,False,True,True,True,,1.506520419318616
9.202131064999776,126.34002278114053,101.52249368857109,-0.11958844523803647,0.07435436029092221,0.0,0.0,0.0,0.0,0.0,0.0,0.0,0.0,-0.091,-0.035,0.069,0.09749871794028883,0.0,0.0,0.0,0.0,0.0,0.0,NAV2,,False,True,True,True,,1.506360367000918
9.24254325000038,126.34872996998429,101.52311450241186,-0.11983695663060344,0.07585300226445688,0.0,0.0,0.0,0.0,0.0,0.0,0.0,0.0,-0.091,-0.035,0.069,0.09749871794028883,0.0,0.0,0.0,0.0,0.0,0.0,NAV2,,False,True,True,True,,1.5072277165149923
9.283107924000433,126.34872996998429,101.52311450241186,-0.11983695663060344,0.07585300226445688,0.0,0.0,0.0,0.0,0.0,0.0,0.0,0.0,0.085,-0.021,0.009,0.08755569655939013,0.0,0.0,0.0,0.0,0.0,0.0,NAV2,,False,True,True,True,,1.5072277165149923
9.33081527700051,126.34872996998429,101.52311450241186,-0.11983695663060344,0.07585300226445688,0.0,0.0,0.0,0.0,0.0,0.0,0.0,0.0,0.085,-0.021,0.009,0.08755569655939013,0.0,0.0,0.0,0.0,0.0,0.0,NAV2,,False,True,True,True,,1.508637306666677
9.37207524600035,126.35800287671431,101.52368580200684,-0.12016362203647679,0.07765713466180793,0.0,0.0,0.0,0.0,0.0,0.0,0.0,0.0,-0.021,0.072,0.002,0.075,0.0,0.0,0.0,0.0,0.0,0.0,NAV2,,False,True,True,True,,1.5031504334776582
9.41230317300051,126.35800287671431,101.52368580200684,-0.12016362203647679,0.07765713466180793,0.0,0.0,0.0,0.0,0.0,0.0,0.0,0.0,-0.021,0.072,0.002,0.075,0.0,0.0,0.0,0.0,0.0,0.0,NAV2,,False,True,True,True,,1.5041197264237267
9.45503680999991,126.36656832134769,101.52418470070596,-0.12055374465769163,0.07958151560729303,0.0,0.0,0.0,0.0,0.0,0.0,0.0,0.0,-0.004,0.012,0.095,0.012649110640673518,0.0,0.0,0.0,0.0,0.0,0.0,NAV2,,False,True,True,True,,1.5077160162372825
9.501119194000239,126.36656832134769,101.52418470070596,-0.12055374465769163,0.07958151560729303,0.0,0.0,0.0,0.0,0.0,0.0,0.0,0.0,-0.004,0.012,0.095,0.012649110640673518,0.0,0.0,0.0,0.0,0.0,0.0,NAV2,,False,True,True,True,,1.5131678870500456
9.541187181000168,126.36656832134769,101.52418470070596,-0.12055374465769163,0.07958151560729303,0.0,0.0,0.0,0.0,0.0,0.0,0.0,0.0,-0.004,0.012,0.095,0.012649110640673518,0.0,0.0,0.0,0.0,0.0,0.0,NAV2,,False,True,True,True,,1.5131236250198654
9.581922250999924,126.37815975307508,101.5246868851082,-0.1210235911619608,0.08205877861166674,0.0,0.0,0.0,0.0,0.0,0.0,0.0,0.0,-0.05,0.032,0.043,0.05936328831862332,0.0,0.0,0.0,0.0,0.0,0.0,NAV2,,False,True,True,True,,1.5067470461047123
9.622436120000202,126.37815975307508,101.5246868851082,-0.1210235911619608,0.08205877861166674,0.0,0.0,0.0,0.0,0.0,0.0,0.0,0.0,-0.05,0.032,0.043,0.05936328831862332,0.0,0.0,0.0,0.0,0.0,0.0,NAV2,,False,True,True,True,,1.5094200450113355
9.670477454999855,126.38873299521163,101.52512142626792,-0.12148953436453169,0.08442917312022118,0.0,0.0,0.0,0.0,0.0,0.0,0.0,0.0,0.091,-0.065,0.052,0.11183022847155415,0.0,0.0,0.0,0.0,0.0,0.0,NAV2,,False,True,True,True,,1.5104180269443053
9.711499490999813,126.38873299521163,101.52512142626792,-0.12148953436453169,0.08442917312022118,0.0,0.0,0.0,0.0,0.0,0.0,0.0,0.0,0.091,-0.065,0.052,0.11183022847155415,0.0,0.0,0.0,0.0,0.0,0.0,NAV2,,False,True,True,True,,1.5112146186719106
9.752037780000137,126.39963341353462,101.52551435261563,-0.12197351767174736,0.0869006652125159,0.0,0.0,0.0,0.0,0.0,0.0,0.0,0.0,0.021,-0.008,0.025,0.022472205054244233,0.0,0.0,0.0,0.0,0.0,0.0,NAV2,,False,True,True,True,,1.514232597633125
9.792140962999838,126.39963341353462,101.52551435261563,-0.12197351767174736,0.0869006652125159,0.0,0.0,0.0,0.0,0.0,0.0,0.0,0.0,0.021,-0.008,0.025,0.022472205054244233,0.0,0.0,0.0,0.0,0.0,0.0,NAV2,,False,True,True,True,,1.5060394779118085
9.840887809999913,126.39963341353462,101.52551435261563,-0.12197351767174736,0.0869006652125159,0.0,0.0,0.0,0.0,0.0,0.0,0.0,0.0,0.021,-0.008,0.025,0.022472205054244233,0.0,0.0,0.0,0.0,0.0,0.0,NAV2,,False,True,True,True,,1.5110979671425133
9.882084521999786,126.41081237529303,101.5258679486862,-0.12246208333783715,0.08943478725594924,0.0,0.0,0.0,0.0,0.0,0.0,0.0,0.0,0.051,-0.051,-0.003,0.07212489168102784,0.0,0.0,0.0,0.0,0.0,0.0,NAV2,,False,True,True,True,,1.5140358403189746
9.923263059999954,126.41081237529303,101.5258679486862,-0.12246208333783715,0.08943478725594924,0.0,0.0,0.0,0.0,0.0,0.0,0.0,0.0,0.051,-0.051,-0.003,0.07212489168102784,0.0,0.0,0.0,0.0,0.0,0.0,NAV2,,False,True,True,True,,1.5159351061752553
9.963408118999723,126.42030541575996,101.52424966696854,-0.12267073510461923,0.090858955400744,0.0,0.0,0.0,0.0,0.0,0.0,0.0,0.0,-0.086,0.025,0.082,0.08956003573022958,0.0,0.0,0.0,0.0,0.0,0.0,NAV2,,False,True,True,True,,1.5080029560825938
10.003699880000568,126.42030541575996,101.52424966696854,-0.12267073510461923,0.090858955400744,0.0,0.0,0.0,0.0,0.0,0.0,0.0,0.0,-0.086,0.025,0.082,0.08956003573022958,0.0,0.0,0.0,0.0,0.0,0.0,NAV2,,False,True,True,True,,1.509984335149801
10.049486337999952,126.43019891640796,101.52280178750186,-0.12293981830607148,0.09245377737276696,0.0,0.0,0.0,0.0,0.0,0.0,0.0,0.0,0.009,0.052,-0.02,0.052773099207835045,0.0,0.0,0.0,0.0,0.0,0.0,NAV2,,False,True,True,True,,1.5118067722064443
10.089780373999929,126.43019891640796,101.52280178750186,-0.12293981830607148,0.09245377737276696,0.0,0.0,0.0,0.0,0.0,0.0,0.0,0.0,0.009,0.052,-0.02,0.052773099207835045,0.0,0.0,0.0,0.0,0.0,0.0,NAV2,,False,True,True,True,,1.516864969155122
10.13075545599986,126.43019891640796,101.52280178750186,-0.12293981830607148,0.09245377737276696,0.0,0.0,0.0,0.0,0.0,0.0,0.0,0.0,0.009,0.052,-0.02,0.052773099207835045,0.0,0.0,0.0,0.0,0.0,0.0,NAV2,,False,True,True,True,,1.5172154334023715
10.171294753999973,126.44044433733949,101.52150715313866,-0.12324120983707632,0.09417997959023641,0.0,0.0,0.0,0.0,0.0,0.0,0.0,0.0,-0.007,-0.014,0.024,0.01565247584249853,0.0,0.0,0.0,0.0,0.0,0.0,NAV2,,False,True,True,True,,1.508999488881648
10.212056885000493,126.44044433733949,101.52150715313866,-0.12324120983707632,0.09417997959023641,0.0,0.0,0.0,0.0,0.0,0.0,0.0,0.0,-0.007,-0.014,0.024,0.01565247584249853,0.0,0.0,0.0,0.0,0.0,0.0,NAV2,,False,True,True,True,,1.506806081963162
10.255083717000161,126.4509940919018,101.51840894236403,-0.12376568481855443,0.09616158878242141,0.0,0.0,0.0,0.0,0.0,0.0,0.0,0.0,-0.001,0.001,0.013,0.001414213562373095,0.0,0.0,0.0,0.0,0.0,0.0,NAV2,,False,True,True,True,,1.504018444136456
10.300512965000053,126.4509940919018,101.51840894236403,-0.12376568481855443,0.09616158878242141,0.0,0.0,0.0,0.0,0.0,0.0,0.0,0.0,-0.001,0.001,0.013,0.001414213562373095,0.0,0.0,0.0,0.0,0.0,0.0,NAV2,,False,True,True,True,,1.5118505681068197
10.341347063000285,126.4509940919018,101.51840894236403,-0.12376568481855443,0.09616158878242141,0.0,0.0,0.0,0.0,0.0,0.0,0.0,0.0,-0.001,0.001,0.013,0.001414213562373095,0.0,0.0,0.0,0.0,0.0,0.0,NAV2,,False,True,True,True,,1.5097971808569992
10.381408285000362,126.45988531090526,101.51564819010196,-0.12394123248109068,0.09688504143528133,0.0,0.0,0.0,0.0,0.0,0.0,0.0,0.0,0.022,0.014,0.046,0.026076809620810593,0.0,0.0,0.0,0.0,0.0,0.0,NAV2,,False,True,True,True,,1.504321639845471
10.422133506000137,126.45988531090526,101.51564819010196,-0.12394123248109068,0.09688504143528133,0.0,0.0,0.0,0.0,0.0,0.0,0.0,0.0,0.022,0.014,0.046,0.026076809620810593,0.0,0.0,0.0,0.0,0.0,0.0,NAV2,,False,True,True,True,,1.5094782492345034
10.462225815999773,126.4692007052727,101.51124615548756,-0.12439971549284357,0.09797219685389824,0.0,0.0,0.0,0.0,0.0,0.0,0.0,0.0,-0.04,-0.021,0.044,0.04517742799230607,0.0,0.0,0.0,0.0,0.0,0.0,NAV2,,False,True,True,True,,1.507353719604974
10.512824315000216,126.4692007052727,101.51124615548756,-0.12439971549284357,0.09797219685389824,0.0,0.0,0.0,0.0,0.0,0.0,0.0,0.0,-0.04,-0.021,0.044,0.04517742799230607,0.0,0.0,0.0,0.0,0.0,0.0,NAV2,,False,True,True,True,,1.5080882458868639
10.5552064350004,126.47889338764348,101.50537786255194,-0.12508840831925427,0.09936161444745722,0.0,0.0,0.0,0.0,0.0,0.0,0.0,0.0,0.03,0.012,0.001,0.032310988842807024,0.0,0.0,0.0,0.0,0.0,0.0,NAV2,,False,True,True,True,,1.508264135674988
10.602427095999701,126.47889338764348,101.50537786255194,-0.12508840831925427,0.09936161444745722,0.0,0.0,0.0,0.0,0.0,0.0,0.0,0.0,0.03,0.012,0.001,0.032310988842807024,0.0,0.0,0.0,0.0,0.0,0.0,NAV2,,False,True,True,True,,1.5074296442877788
10.64269552299993,126.48697892357778,101.50017384519131,-0.12550009051848846,0.09953296177002817,0.0,0.0,0.0,0.0,0.0,0.0,0.0,0.0,0.03,0.012,0.001,0.032310988842807024,0.0,0.0,0.0,0.0,0.0,0.0,NAV2,,False,True,True,True,,1.5108088627304828
10.683531376999781,126.48697892357778,101.50017384519131,-0.12550009051848846,0.09953296177002817,0.0,0.0,0.0,0.0,0.0,0.0,0.0,0.0,-0.045,-0.019,0.015,0.04884669896727925,0.0,0.0,0.0,0.0,0.0,0.0,NAV2,,False,True,True,True,,1.5098831772556294
10.724435083000571,126.48697892357778,101.50017384519131,-0.12550009051848846,0.09953296177002817,0.0,0.0,0.0,0.0,0.0,0.0,0.0,0.0,-0.045,-0.019,0.015,0.04884669896727925,0.0,0.0,0.0,0.0,0.0,0.0,NAV2,,False,True,True,True,,1.5086800389318518
10.764484858999822,126.49556936806056,101.49557547417163,-0.12587326012659308,0.09995547375153313,0.0,0.0,0.0,0.0,0.0,0.0,0.0,0.0,0.007,0.099,0.072,0.09924716620639605,0.0,0.0,0.0,0.0,0.0,0.0,NAV2,,False,True,True,True,,1.5069494772325107
10.810644709999906,126.49556936806056,101.49557547417163,-0.12587326012659308,0.09995547375153313,0.0,0.0,0.0,0.0,0.0,0.0,0.0,0.0,0.007,0.099,0.072,0.09924716620639605,0.0,0.0,0.0,0.0,0.0,0.0,NAV2,,False,True,True,True,,1.507674192821849
10.852009702000032,126.50267089973198,101.49348302466008,-0.12587327882412017,0.09912478507768945,0.0,0.0,0.0,0.0,0.0,0.0,0.0,0.0,-0.072,0.05,-0.033,0.0876584280032445,0.0,0.0,0.0,0.0,0.0,0.0,NAV2,,False,True,True,True,,1.5066216874786433
10.8920822580003,126.50267089973198,101.49348302466008,-0.12587327882412017,0.09912478507768945,0.0,0.0,0.0,0.0,0.0,0.0,0.0,0.0,-0.072,0.05,-0.033,0.0876584280032445,0.0,0.0,0.0,0.0,0.0,0.0,NAV2,,False,True,True,True,,1.509104813916174
10.932236802999796,126.50267089973198,101.49348302466008,-0.12587327882412017,0.09912478507768945,0.0,0.0,0.0,0.0,0.0,0.0,0.0,0.0,-0.072,0.05,-0.033,0.0876584280032445,0.0,0.0,0.0,0.0,0.0,0.0,NAV2,,False,True,True,True,,1.5093928715834242
10.982405120999829,126.50651929440706,101.49363146194217,-0.12568557720211482,0.09592143372016329,0.0,0.0,0.0,0.0,0.0,0.0,0.0,0.0,-0.006,-0.041,0.025,0.04143669871020132,0.0,0.0,0.0,0.0,0.0,0.0,NAV2,,False,True,True,True,,1.5092177034325616
11.030258925000453,126.50651929440706,101.49363146194217,-0.12568557720211482,0.09592143372016329,0.0,0.0,0.0,0.0,0.0,0.0,0.0,0.0,-0.006,-0.041,0.025,0.04143669871020132,0.0,0.0,0.0,0.0,0.0,0.0,NAV2,,False,True,True,True,,1.5100706669260855
11.070810508999784,126.50937814612287,101.4938454101737,-0.12569434928989054,0.09214968793482343,0.0,0.0,0.0,0.0,0.0,0.0,0.0,0.0,0.025,0.009,0.032,0.026570660511172847,0.0,0.0,0.0,0.0,0.0,0.0,NAV2,,False,True,True,True,,1.5096224006896561
11.111830331999954,126.50937814612287,101.4938454101737,-0.12569434928989054,0.09214968793482343,0.0,0.0,0.0,0.0,0.0,0.0,0.0,0.0,0.025,0.009,0.032,0.026570660511172847,0.0,0.0,0.0,0.0,0.0,0.0,NAV2,,False,True,True,True,,1.513358212825475
11.152081455999905,126.51329737041789,101.49411224528495,-0.12580303189801745,0.08922099293425129,0.0,0.0,0.0,0.0,0.0,0.0,0.0,0.0,0.04,-0.075,-0.116,0.08499999999999999,0.0,0.0,0.0,0.0,0.0,0.0,NAV2,,False,True,True,True,,1.5141758931784832
11.192429769999762,126.51329737041789,101.49411224528495,-0.12580303189801745,0.08922099293425129,0.0,0.0,0.0,0.0,0.0,0.0,0.0,0.0,0.04,-0.075,-0.116,0.08499999999999999,0.0,0.0,0.0,0.0,0.0,0.0,NAV2,,False,True,True,True,,1.509306804632262
11.241053462999844,126.51329737041789,101.49411224528495,-0.12580303189801745,0.08922099293425129,0.0,0.0,0.0,0.0,0.0,0.0,0.0,0.0,0.04,-0.075,-0.116,0.08499999999999999,0.0,0.0,0.0,0.0,0.0,0.0,NAV2,,False,True,True,True,,1.508972251474582
11.283369447000041,126.51946928392564,101.49423588173937,-0.1259587938348159,0.08711898619880845,0.0,0.0,0.0,0.0,0.0,0.0,0.0,0.0,-0.065,0.17,0.032,0.18200274723201296,0.0,0.0,0.0,0.0,0.0,0.0,NAV2,,False,True,True,True,,1.509984335149801
11.325407626000015,126.51946928392564,101.49423588173937,-0.1259587938348159,0.08711898619880845,0.0,0.0,0.0,0.0,0.0,0.0,0.0,0.0,-0.065,0.17,0.032,0.18200274723201296,0.0,0.0,0.0,0.0,0.0,0.0,NAV2,,False,True,True,True,,1.5140623720475508
11.366550106000432,126.52171374994339,101.49482566947063,-0.12629146473768893,0.08399079659936741,0.0,0.0,0.0,0.0,0.0,0.0,0.0,0.0,-0.027,-0.001,-0.106,0.027018512172212593,0.0,0.0,0.0,0.0,0.0,0.0,NAV2,,False,True,True,True,,1.507109471762618
11.406802659000277,126.52171374994339,101.49482566947063,-0.12629146473768893,0.08399079659936741,0.0,0.0,0.0,0.0,0.0,0.0,0.0,0.0,-0.027,-0.001,-0.106,0.027018512172212593,0.0,0.0,0.0,0.0,0.0,0.0,NAV2,,False,True,True,True,,1.5099996880183855
11.44880375000048,126.52585205274514,101.49697849774502,-0.1267478869373302,0.08056692427577962,0.0,0.0,0.0,0.0,0.0,0.0,0.0,0.0,-0.034,-0.006,0.012,0.03452535300326414,0.0,0.0,0.0,0.0,0.0,0.0,NAV2,,False,True,True,True,,1.5040783474795312
11.488881389999733,126.52585205274514,101.49697849774502,-0.1267478869373302,0.08056692427577962,0.0,0.0,0.0,0.0,0.0,0.0,0.0,0.0,-0.034,-0.006,0.012,0.03452535300326414,0.0,0.0,0.0,0.0,0.0,0.0,NAV2,,False,True,True,True,,1.5145366333527044
11.530167118000463,126.52585205274514,101.49697849774502,-0.1267478869373302,0.08056692427577962,0.0,0.0,0.0,0.0,0.0,0.0,0.0,0.0,-0.034,-0.006,0.012,0.03452535300326414,0.0,0.0,0.0,0.0,0.0,0.0,NAV2,,False,True,True,True,,1.5125337746379062
11.571347031000187,126.52762066044298,101.49919142625521,-0.12738018099012516,0.07643746731340494,0.0,0.0,0.0,0.0,0.0,0.0,0.0,0.0,-0.027,-0.001,-0.021,0.027018512172212593,0.0,0.0,0.0,0.0,0.0,0.0,NAV2,,False,True,True,True,,1.5117931017543966
11.612137602000075,126.52762066044298,101.49919142625521,-0.12738018099012516,0.07643746731340494,0.0,0.0,0.0,0.0,0.0,0.0,0.0,0.0,-0.027,-0.001,-0.021,0.027018512172212593,0.0,0.0,0.0,0.0,0.0,0.0,NAV2,,False,True,True,True,,1.5096960982668892
11.655478675999802,126.52870882105103,101.50317257926666,-0.1282863115769617,0.07186118866180657,0.0,0.0,0.0,0.0,0.0,0.0,0.0,0.0,0.09,0.074,-0.102,0.11651609330903606,0.0,0.0,0.0,0.0,0.0,0.0,NAV2,,False,True,True,True,,1.5066807030763967
11.699917623999681,126.52870882105103,101.50317257926666,-0.1282863115769617,0.07186118866180657,0.0,0.0,0.0,0.0,0.0,0.0,0.0,0.0,0.09,0.074,-0.102,0.11651609330903606,0.0,0.0,0.0,0.0,0.0,0.0,NAV2,,False,True,True,True,,1.5153820160424063
11.740971027999876,126.52870882105103,101.50317257926666,-0.1282863115769617,0.07186118866180657,0.0,0.0,0.0,0.0,0.0,0.0,0.0,0.0,0.09,0.074,-0.102,0.11651609330903606,0.0,0.0,0.0,0.0,0.0,0.0,NAV2,,False,True,True,True,,1.517169375017528
11.781106571000237,126.53112978730738,101.50677210601205,-0.12912461601667682,0.06839696628476041,0.0,0.0,0.0,0.0,0.0,0.0,0.0,0.0,-0.014,-0.047,0.008,0.04904079934095691,0.0,0.0,0.0,0.0,0.0,0.0,NAV2,,False,True,True,True,,1.5111273888307049
11.82162625700039,126.53112978730738,101.50677210601205,-0.12912461601667682,0.06839696628476041,0.0,0.0,0.0,0.0,0.0,0.0,0.0,0.0,-0.014,-0.047,0.008,0.04904079934095691,0.0,0.0,0.0,0.0,0.0,0.0,NAV2,,False,True,True,True,,1.5109683193598948
11.861706366000362,126.53475831229795,101.5100131561076,-0.12988612377609687,0.0659150075091828,0.0,0.0,0.0,0.0,0.0,0.0,0.0,0.0,0.025,-0.027,0.047,0.0367967389859482,0.0,0.0,0.0,0.0,0.0,0.0,NAV2,,False,True,True,True,,1.5080029560825938
11.902815573000225,126.53475831229795,101.5100131561076,-0.12988612377609687,0.0659150075091828,0.0,0.0,0.0,0.0,0.0,0.0,0.0,0.0,0.025,-0.027,0.047,0.0367967389859482,0.0,0.0,0.0,0.0,0.0,0.0,NAV2,,False,True,True,True,,1.510128683288432
11.944256961000065,126.53754494933605,101.51292741220915,-0.1305787151195061,0.06299594334411304,0.0,0.0,0.0,0.0,0.0,0.0,0.0,0.0,-0.001,-0.001,-0.017,0.001414213562373095,0.0,0.0,0.0,0.0,0.0,0.0,NAV2,,False,True,True,True,,1.5086259067895436
11.98854479000056,126.53754494933605,101.51292741220915,-0.1305787151195061,0.06299594334411304,0.0,0.0,0.0,0.0,0.0,0.0,0.0,0.0,-0.001,-0.001,-0.017,0.001414213562373095,0.0,0.0,0.0,0.0,0.0,0.0,NAV2,,False,True,True,True,,1.5101587091804916
12.030283862000033,126.53754494933605,101.51292741220915,-0.1305787151195061,0.06299594334411304,0.0,0.0,0.0,0.0,0.0,0.0,0.0,0.0,-0.001,-0.001,-0.017,0.001414213562373095,0.0,0.0,0.0,0.0,0.0,0.0,NAV2,,False,True,True,True,,1.5103747084952837
12.070554375000029,126.53958594565503,101.51554295666455,-0.13113536884890606,0.059722718398304495,0.0,0.0,0.0,0.0,0.0,0.0,0.0,0.0,-0.008,0.079,-0.043,0.07940403012442127,0.0,0.0,0.0,0.0,0.0,0.0,NAV2,,False,True,True,True,,1.5094047622569458
12.111798968000585,126.53958594565503,101.51554295666455,-0.13113536884890606,0.059722718398304495,0.0,0.0,0.0,0.0,0.0,0.0,0.0,0.0,-0.008,0.079,-0.043,0.07940403012442127,0.0,0.0,0.0,0.0,0.0,0.0,NAV2,,False,True,True,True,,1.5113300003334016
12.152159293000295,126.5428920267468,101.51982497213393,-0.13223512926206382,0.057288244298130266,0.0,0.0,0.0,0.0,0.0,0.0,0.0,0.0,-0.021,-0.041,-0.047,0.04606517122512409,0.0,0.0,0.0,0.0,0.0,0.0,NAV2,,False,True,True,True,,1.508695819931562
12.192224582000563,126.5428920267468,101.51982497213393,-0.13223512926206382,0.057288244298130266,0.0,0.0,0.0,0.0,0.0,0.0,0.0,0.0,-0.021,-0.041,-0.047,0.04606517122512409,0.0,0.0,0.0,0.0,0.0,0.0,NAV2,,False,True,True,True,,1.5091593963351362
12.24112184400019,126.5428920267468,101.51982497213393,-0.13223512926206382,0.057288244298130266,0.0,0.0,0.0,0.0,0.0,0.0,0.0,0.0,-0.021,-0.041,-0.047,0.04606517122512409,0.0,0.0,0.0,0.0,0.0,0.0,NAV2,,False,True,True,True,,1.5092914716900085
12.281653695999921,126.54541974960293,101.52364879026399,-0.13308253442444773,0.054476172108899434,0.0,0.0,0.0,0.0,0.0,0.0,0.0,0.0,-0.074,-0.032,-0.019,0.0806225774829855,0.0,0.0,0.0,0.0,0.0,0.0,NAV2,,False,True,True,True,,1.5079772394185533
12.322083623000253,126.54541974960293,101.52364879026399,-0.13308253442444773,0.054476172108899434,0.0,0.0,0.0,0.0,0.0,0.0,0.0,0.0,-0.074,-0.032,-0.019,0.0806225774829855,0.0,0.0,0.0,0.0,0.0,0.0,NAV2,,False,True,True,True,,1.5129344659314439
12.369535839000491,126.54726264268079,101.52704836540951,-0.13363047346970358,0.051363996048056575,0.0,0.0,0.0,0.0,0.0,0.0,0.0,0.0,0.051,-0.025,0.055,0.0567978872846517,0.0,0.0,0.0,0.0,0.0,0.0,NAV2,,False,True,True,True,,1.5063425580203897
12.409718939999948,126.54726264268079,101.52704836540951,-0.13363047346970358,0.051363996048056575,0.0,0.0,0.0,0.0,0.0,0.0,0.0,0.0,0.051,-0.025,0.055,0.0567978872846517,0.0,0.0,0.0,0.0,0.0,0.0,NAV2,,False,True,True,True,,1.5087542946881916
12.45003840299978,126.54750712451607,101.52977935823047,-0.1338589828597816,0.04812212967471825,0.0,0.0,0.0,0.0,0.0,0.0,0.0,0.0,-0.059,0.049,0.007,0.07669419795525605,0.0,0.0,0.0,0.0,0.0,0.0,NAV2,,False,True,True,True,,1.5087861819394948
12.490612388000045,126.54750712451607,101.52977935823047,-0.1338589828597816,0.04812212967471825,0.0,0.0,0.0,0.0,0.0,0.0,0.0,0.0,-0.059,0.049,0.007,0.07669419795525605,0.0,0.0,0.0,0.0,0.0,0.0,NAV2,,False,True,True,True,,1.5075984853602282
12.532054852000329,126.54750712451607,101.52977935823047,-0.1338589828597816,0.04812212967471825,0.0,0.0,0.0,0.0,0.0,0.0,0.0,0.0,-0.059,0.049,0.007,0.07669419795525605,0.0,0.0,0.0,0.0,0.0,0.0,NAV2,,False,True,True,True,,1.509754155256972
12.581460192000122,126.54944021625184,101.53273858490577,-0.13382866676586191,0.044672755754464014,0.0,0.0,0.0,0.0,0.0,0.0,0.0,0.0,-0.001,0.037,-0.056,0.037013511046643494,0.0,0.0,0.0,0.0,0.0,0.0,NAV2,,False,True,True,True,,1.5108231762123343
12.621733046999907,126.54944021625184,101.53273858490577,-0.13382866676586191,0.044672755754464014,0.0,0.0,0.0,0.0,0.0,0.0,0.0,0.0,-0.001,0.037,-0.056,0.037013511046643494,0.0,0.0,0.0,0.0,0.0,0.0,NAV2,,False,True,True,True,,1.5102587553659008
12.662131649000003,126.54963380592635,101.53505751232643,-0.13342243662259182,0.040991505676289584,0.0,0.0,0.0,0.0,0.0,0.0,0.0,0.0,-0.056,-0.012,-0.021,0.05727128425310542,0.0,0.0,0.0,0.0,0.0,0.0,NAV2,,False,True,True,True,,1.5088711288272882
12.702662661000431,126.54963380592635,101.53505751232643,-0.13342243662259182,0.040991505676289584,0.0,0.0,0.0,0.0,0.0,0.0,0.0,0.0,-0.056,-0.012,-0.021,0.05727128425310542,0.0,0.0,0.0,0.0,0.0,0.0,NAV2,,False,True,True,True,,1.51341519818708
12.742945578999752,126.54867377672954,101.53867157754777,-0.13373764055722634,0.0372101436465571,0.0,0.0,0.0,0.0,0.0,0.0,0.0,0.0,-0.056,-0.012,-0.021,0.05727128425310542,0.0,0.0,0.0,0.0,0.0,0.0,NAV2,,False,True,True,True,,1.5133138533738657
12.788836098000502,126.54867377672954,101.53867157754777,-0.13373764055722634,0.0372101436465571,0.0,0.0,0.0,0.0,0.0,0.0,0.0,0.0,0.18,-0.012,-0.056,0.1803995565404749,0.0,0.0,0.0,0.0,0.0,0.0,NAV2,,False,True,True,True,,1.5135290563075956
12.829955652000535,126.54867377672954,101.53867157754777,-0.13373764055722634,0.0372101436465571,0.0,0.0,0.0,0.0,0.0,0.0,0.0,0.0,0.18,-0.012,-0.056,0.1803995565404749,0.0,0.0,0.0,0.0,0.0,0.0,NAV2,,False,True,True,True,,1.5088445287666612
12.870295228000032,126.55098562959442,101.54062875020381,-0.1331096352483203,0.03471879709466883,0.0,0.0,0.0,0.0,0.0,0.0,0.0,0.0,-0.028,0.012,0.045,0.030463092423455632,0.0,0.0,0.0,0.0,0.0,0.0,NAV2,,False,True,True,True,,1.5085674505685631
12.910756625999966,126.55098562959442,101.54062875020381,-0.1331096352483203,0.03471879709466883,0.0,0.0,0.0,0.0,0.0,0.0,0.0,0.0,-0.028,0.012,0.045,0.030463092423455632,0.0,0.0,0.0,0.0,0.0,0.0,NAV2,,False,True,True,True,,1.5143666999429715
12.951974556000096,126.55378262013339,101.54388778405323,-0.1336463828946517,0.0331563876549953,0.0,0.0,0.0,0.0,0.0,0.0,0.0,0.0,-0.024,-0.001,0.011,0.024020824298928628,0.0,0.0,0.0,0.0,0.0,0.0,NAV2,,False,True,True,True,,1.5141312592909943
12.992081043000326,126.55378262013339,101.54388778405323,-0.1336463828946517,0.0331563876549953,0.0,0.0,0.0,0.0,0.0,0.0,0.0,0.0,-0.024,-0.001,0.011,0.024020824298928628,0.0,0.0,0.0,0.0,0.0,0.0,NAV2,,False,True,True,True,,1.513776103967257
13.032136435000211,126.55378262013339,101.54388778405323,-0.1336463828946517,0.0331563876549953,0.0,0.0,0.0,0.0,0.0,0.0,0.0,0.0,-0.024,-0.001,0.011,0.024020824298928628,0.0,0.0,0.0,0.0,0.0,0.0,NAV2,,False,True,True,True,,1.5092177034325616
13.081185308000386,126.555273567262,101.54629318202285,-0.13375288011326922,0.031475512797958814,0.0,0.0,0.0,0.0,0.0,0.0,0.0,0.0,-0.002,0.007,0.021,0.007280109889280518,0.0,0.0,0.0,0.0,0.0,0.0,NAV2,,False,True,True,True,,1.5065626331216997
13.122037996000472,126.555273567262,101.54629318202285,-0.13375288011326922,0.031475512797958814,0.0,0.0,0.0,0.0,0.0,0.0,0.0,0.0,-0.002,0.007,0.021,0.007280109889280518,0.0,0.0,0.0,0.0,0.0,0.0,NAV2,,False,True,True,True,,1.515088717865271
13.169582747000277,126.55772301136876,101.54922908859048,-0.13355691572099904,0.029321673177870055,0.0,0.0,0.0,0.0,0.0,0.0,0.0,0.0,0.079,-0.024,-0.074,0.08256512580987205,0.0,0.0,0.0,0.0,0.0,0.0,NAV2,,False,True,True,True,,1.5127055251452535
13.209746710999752,126.55772301136876,101.54922908859048,-0.13355691572099904,0.029321673177870055,0.0,0.0,0.0,0.0,0.0,0.0,0.0,0.0,0.079,-0.024,-0.074,0.08256512580987205,0.0,0.0,0.0,0.0,0.0,0.0,NAV2,,False,True,True,True,,1.5107362721263353
13.250630719000583,126.5581399071229,101.55078538751515,-0.13293994136408838,0.027256957261497114,0.0,0.0,0.0,0.0,0.0,0.0,0.0,0.0,0.065,0.004,-0.031,0.06512296062065975,0.0,0.0,0.0,0.0,0.0,0.0,NAV2,,False,True,True,True,,1.5080029560825938
13.290794467000524,126.5581399071229,101.55078538751515,-0.13293994136408838,0.027256957261497114,0.0,0.0,0.0,0.0,0.0,0.0,0.0,0.0,0.065,0.004,-0.031,0.06512296062065975,0.0,0.0,0.0,0.0,0.0,0.0,NAV2,,False,True,True,True,,1.5127626998897443
13.332009732000188,126.5581399071229,101.55078538751515,-0.13293994136408838,0.027256957261497114,0.0,0.0,0.0,0.0,0.0,0.0,0.0,0.0,0.065,0.004,-0.031,0.06512296062065975,0.0,0.0,0.0,0.0,0.0,0.0,NAV2,,False,True,True,True,,1.5128198369834809
13.381117971000094,126.56157958097789,101.55318082431914,-0.13262549432824408,0.025990581954024764,0.0,0.0,0.0,0.0,0.0,0.0,0.0,0.0,-0.065,-0.025,0.108,0.0696419413859206,0.0,0.0,0.0,0.0,0.0,0.0,NAV2,,False,True,True,True,,1.5129914899863481
13.422230017000402,126.56157958097789,101.55318082431914,-0.13262549432824408,0.025990581954024764,0.0,0.0,0.0,0.0,0.0,0.0,0.0,0.0,-0.065,-0.025,0.108,0.0696419413859206,0.0,0.0,0.0,0.0,0.0,0.0,NAV2,,False,True,True,True,,1.5102878299085287
13.47010646200033,126.5655386022367,101.55465746166719,-0.13237936648727588,0.02585717791641058,0.0,0.0,0.0,0.0,0.0,0.0,0.0,0.0,-0.048,-0.065,-0.056,0.08080222769206305,0.0,0.0,0.0,0.0,0.0,0.0,NAV2,,False,True,True,True,,1.507741954648581
13.510831166000571,126.5655386022367,101.55465746166719,-0.13237936648727588,0.02585717791641058,0.0,0.0,0.0,0.0,0.0,0.0,0.0,0.0,-0.048,-0.065,-0.056,0.08080222769206305,0.0,0.0,0.0,0.0,0.0,0.0,NAV2,,False,True,True,True,,1.510128683288432
13.552105845999904,126.56671854467625,101.5537880309569,-0.1302391855233047,0.02426996673408154,0.0,0.0,0.0,0.0,0.0,0.0,0.0,0.0,0.041,0.045,-0.11,0.0608769250208977,0.0,0.0,0.0,0.0,0.0,0.0,NAV2,,False,True,True,True,,1.507497376558443
13.6017260360004,126.56671854467625,101.5537880309569,-0.1302391855233047,0.02426996673408154,0.0,0.0,0.0,0.0,0.0,0.0,0.0,0.0,0.041,0.045,-0.11,0.0608769250208977,0.0,0.0,0.0,0.0,0.0,0.0,NAV2,,False,True,True,True,,1.5080029560825938
13.642227717000424,126.56671854467625,101.5537880309569,-0.1302391855233047,0.02426996673408154,0.0,0.0,0.0,0.0,0.0,0.0,0.0,0.0,0.041,0.045,-0.11,0.0608769250208977,0.0,0.0,0.0,0.0,0.0,0.0,NAV2,,False,True,True,True,,1.510173454549946
13.682372555000256,126.56956659046772,101.55306169222607,-0.12864502007625325,0.023739942121968532,0.0,0.0,0.0,0.0,0.0,0.0,0.0,0.0,-0.003,-0.03,-0.046,0.03014962686336267,0.0,0.0,0.0,0.0,0.0,0.0,NAV2,,False,True,True,True,,1.5075306134940245
13.724924105000355,126.56956659046772,101.55306169222607,-0.12864502007625325,0.023739942121968532,0.0,0.0,0.0,0.0,0.0,0.0,0.0,0.0,-0.003,-0.03,-0.046,0.03014962686336267,0.0,0.0,0.0,0.0,0.0,0.0,NAV2,,False,True,True,True,,1.5122255397711206
13.769681257999764,126.5718499282214,101.55230949933181,-0.12705267042590762,0.022882106687005226,0.0,0.0,0.0,0.0,0.0,0.0,0.0,0.0,0.033,0.031,0.026,0.045276925690687087,0.0,0.0,0.0,0.0,0.0,0.0,NAV2,,False,True,True,True,,1.5092177034325616
13.809828489999745,126.5718499282214,101.55230949933181,-0.12705267042590762,0.022882106687005226,0.0,0.0,0.0,0.0,0.0,0.0,0.0,0.0,0.033,0.031,0.026,0.045276925690687087,0.0,0.0,0.0,0.0,0.0,0.0,NAV2,,False,True,True,True,,1.508999488881648
13.851996254000369,126.57553555052041,101.55155569746508,-0.12587732020756137,0.023015488815525193,0.0,0.0,0.0,0.0,0.0,0.0,0.0,0.0,0.019,0.087,-0.055,0.08905054744357274,0.0,0.0,0.0,0.0,0.0,0.0,NAV2,,False,True,True,True,,1.5067470461047123
13.892830511000284,126.57553555052041,101.55155569746508,-0.12587732020756137,0.023015488815525193,0.0,0.0,0.0,0.0,0.0,0.0,0.0,0.0,0.019,0.087,-0.055,0.08905054744357274,0.0,0.0,0.0,0.0,0.0,0.0,NAV2,,False,True,True,True,,1.5101007811509073
13.94129458000043,126.57553555052041,101.55155569746508,-0.12587732020756137,0.023015488815525193,0.0,0.0,0.0,0.0,0.0,0.0,0.0,0.0,0.019,0.087,-0.055,0.08905054744357274,0.0,0.0,0.0,0.0,0.0,0.0,NAV2,,False,True,True,True,,1.5086848032686142
13.981394168000406,126.57858909560693,101.55272889499813,-0.12567678575198205,0.02255164446989459,0.0,0.0,0.0,0.0,0.0,0.0,0.0,0.0,-0.063,-0.028,0.026,0.06894200461257273,0.0,0.0,0.0,0.0,0.0,0.0,NAV2,,False,True,True,True,,1.5123842594143673
14.021593745000246,126.57858909560693,101.55272889499813,-0.12567678575198205,0.02255164446989459,0.0,0.0,0.0,0.0,0.0,0.0,0.0,0.0,-0.063,-0.028,0.026,0.06894200461257273,0.0,0.0,0.0,0.0,0.0,0.0,NAV2,,False,True,True,True,,1.5107797038800814
14.06216912400032,126.58297032038854,101.5537008858025,-0.12558204585359659,0.023034967895098908,0.0,0.0,0.0,0.0,0.0,0.0,0.0,0.0,0.012,-0.051,-0.001,0.05239274758971894,0.0,0.0,0.0,0.0,0.0,0.0,NAV2,,False,True,True,True,,1.5092881499526623
14.102758445999825,126.58297032038854,101.5537008858025,-0.12558204585359659,0.023034967895098908,0.0,0.0,0.0,0.0,0.0,0.0,0.0,0.0,0.012,-0.051,-0.001,0.05239274758971894,0.0,0.0,0.0,0.0,0.0,0.0,NAV2,,False,True,True,True,,1.5100706669260855
14.143147368999962,126.58664544339928,101.55448631701417,-0.12529376692783334,0.02306953130567028,0.0,0.0,0.0,0.0,0.0,0.0,0.0,0.0,0.106,-0.034,-0.066,0.11131936040060597,0.0,0.0,0.0,0.0,0.0,0.0,NAV2,,False,True,True,True,,1.507353719604974
14.188827238999693,126.58664544339928,101.55448631701417,-0.12529376692783334,0.02306953130567028,0.0,0.0,0.0,0.0,0.0,0.0,0.0,0.0,0.106,-0.034,-0.066,0.11131936040060597,0.0,0.0,0.0,0.0,0.0,0.0,NAV2,,False,True,True,True,,1.5086259067895436
14.231398967000132,126.58664544339928,101.55448631701417,-0.12529376692783334,0.02306953130567028,0.0,0.0,0.0,0.0,0.0,0.0,0.0,0.0,0.106,-0.034,-0.066,0.11131936040060597,0.0,0.0,0.0,0.0,0.0,0.0,NAV2,,False,True,True,True,,1.509754155256972
14.272154729000249,126.59158162010831,101.55318667195475,-0.12425270977373915,0.024168173835391295,0.0,0.0,0.0,0.0,0.0,0.0,0.0,0.0,-0.075,-0.026,0.018,0.07937883848986453,0.0,0.0,0.0,0.0,0.0,0.0,NAV2,,False,True,True,True,,1.508727318026685
14.322497860000112,126.59158162010831,101.55318667195475,-0.12425270977373915,0.024168173835391295,0.0,0.0,0.0,0.0,0.0,0.0,0.0,0.0,-0.075,-0.026,0.018,0.07937883848986453,0.0,0.0,0.0,0.0,0.0,0.0,NAV2,,False,True,True,True,,1.5130095075021144
14.369468847000462,126.59576348094564,101.55193743839148,-0.12327232735632165,0.02473235996796274,0.0,0.0,0.0,0.0,0.0,0.0,0.0,0.0,0.03,0.02,-0.033,0.03605551275463989,0.0,0.0,0.0,0.0,0.0,0.0,NAV2,,False,True,True,True,,1.5128952394754527
14.410513701000127,126.59576348094564,101.55193743839148,-0.12327232735632165,0.02473235996796274,0.0,0.0,0.0,0.0,0.0,0.0,0.0,0.0,0.03,0.02,-0.033,0.03605551275463989,0.0,0.0,0.0,0.0,0.0,0.0,NAV2,,False,True,True,True,,1.5085674505685631
14.452029644000504,126.59926545777195,101.55074701517131,-0.1223871595126389,0.024829445459436536,0.0,0.0,0.0,0.0,0.0,0.0,0.0,0.0,-0.014,0.045,0.024,0.047127486671792715,0.0,0.0,0.0,0.0,0.0,0.0,NAV2,,False,True,True,True,,1.5072277165149923
14.492590220000238,126.59926545777195,101.55074701517131,-0.1223871595126389,0.024829445459436536,0.0,0.0,0.0,0.0,0.0,0.0,0.0,0.0,-0.014,0.045,0.024,0.047127486671792715,0.0,0.0,0.0,0.0,0.0,0.0,NAV2,,False,True,True,True,,1.5072277165149923
14.543094237000332,126.59926545777195,101.55074701517131,-0.1223871595126389,0.024829445459436536,0.0,0.0,0.0,0.0,0.0,0.0,0.0,0.0,-0.014,0.045,0.024,0.047127486671792715,0.0,0.0,0.0,0.0,0.0,0.0,NAV2,,False,True,True,True,,1.5155907174696153
14.588965761000509,126.60216379059811,101.54961480426323,-0.12161830526886463,0.024524424579363237,0.0,0.0,0.0,0.0,0.0,0.0,0.0,0.0,0.038,-0.042,0.042,0.05663920903402519,0.0,0.0,0.0,0.0,0.0,0.0,NAV2,,False,True,True,True,,1.5172251206452052
14.630836453000484,126.60216379059811,101.54961480426323,-0.12161830526886463,0.024524424579363237,0.0,0.0,0.0,0.0,0.0,0.0,0.0,0.0,0.038,-0.042,0.042,0.05663920903402519,0.0,0.0,0.0,0.0,0.0,0.0,NAV2,,False,True,True,True,,1.5120703362280763
14.672050799999852,126.60640223870487,101.54853118862802,-0.12098213106009494,0.025147541105935044,0.0,0.0,0.0,0.0,0.0,0.0,0.0,0.0,-0.034,0.039,0.06,0.05173973328110612,0.0,0.0,0.0,0.0,0.0,0.0,NAV2,,False,True,True,True,,1.508972251474582
14.712095543000032,126.60640223870487,101.54853118862802,-0.12098213106009494,0.025147541105935044,0.0,0.0,0.0,0.0,0.0,0.0,0.0,0.0,-0.034,0.039,0.06,0.05173973328110612,0.0,0.0,0.0,0.0,0.0,0.0,NAV2,,False,True,True,True,,1.5119653873531416
14.755137375000231,126.6099658261427,101.54750708209687,-0.12044333494800476,0.025298494341110374,0.0,0.0,0.0,0.0,0.0,0.0,0.0,0.0,-0.011,-0.045,-0.011,0.046324939287601875,0.0,0.0,0.0,0.0,0.0,0.0,NAV2,,False,True,True,True,,1.5132125120272861
14.799845601000015,126.6099658261427,101.54750708209687,-0.12044333494800476,0.025298494341110374,0.0,0.0,0.0,0.0,0.0,0.0,0.0,0.0,-0.011,-0.045,-0.011,0.046324939287601875,0.0,0.0,0.0,0.0,0.0,0.0,NAV2,,False,True,True,True,,1.516255916968987
14.841301436000322,126.6099658261427,101.54750708209687,-0.12044333494800476,0.025298494341110374,0.0,0.0,0.0,0.0,0.0,0.0,0.0,0.0,-0.011,-0.045,-0.011,0.046324939287601875,0.0,0.0,0.0,0.0,0.0,0.0,NAV2,,False,True,True,True,,1.5123572362434088
14.881369145999997,126.6129180391478,101.54653365299679,-0.12001747800836648,0.02504568450897033,0.0,0.0,0.0,0.0,0.0,0.0,0.0,0.0,-0.003,0.037,-0.048,0.03712142238654117,0.0,0.0,0.0,0.0,0.0,0.0,NAV2,,False,True,True,True,,1.509275972176966
14.922445899000195,126.6129180391478,101.54653365299679,-0.12001747800836648,0.02504568450897033,0.0,0.0,0.0,0.0,0.0,0.0,0.0,0.0,-0.003,0.037,-0.048,0.03712142238654117,0.0,0.0,0.0,0.0,0.0,0.0,NAV2,,False,True,True,True,,1.5103453989725681
14.970716871999684,126.6153267177695,101.54561532727764,-0.11971264553009586,0.024446589589144196,0.0,0.0,0.0,0.0,0.0,0.0,0.0,0.0,-0.023,-0.012,0.038,0.025942243542145693,0.0,0.0,0.0,0.0,0.0,0.0,NAV2,,False,True,True,True,,1.5142892647294282
15.011492671999804,126.6153267177695,101.54561532727764,-0.11971264553009586,0.024446589589144196,0.0,0.0,0.0,0.0,0.0,0.0,0.0,0.0,-0.023,-0.012,0.038,0.025942243542145693,0.0,0.0,0.0,0.0,0.0,0.0,NAV2,,False,True,True,True,,1.5128018227801425
15.052141983000183,126.6191416914646,101.54474574192422,-0.11934051400999035,0.024825831944356776,0.0,0.0,0.0,0.0,0.0,0.0,0.0,0.0,0.024,-0.08,0.015,0.0835224520712844,0.0,0.0,0.0,0.0,0.0,0.0,NAV2,,False,True,True,True,,1.5085674505685631
15.100201319000007,126.6191416914646,101.54474574192422,-0.11934051400999035,0.024825831944356776,0.0,0.0,0.0,0.0,0.0,0.0,0.0,0.0,0.024,-0.08,0.015,0.0835224520712844,0.0,0.0,0.0,0.0,0.0,0.0,NAV2,,False,True,True,True,,1.5106205893251168
15.142770946999917,126.6191416914646,101.54474574192422,-0.11934051400999035,0.024825831944356776,0.0,0.0,0.0,0.0,0.0,0.0,0.0,0.0,0.024,-0.08,0.015,0.0835224520712844,0.0,0.0,0.0,0.0,0.0,0.0,NAV2,,False,True,True,True,,1.5087542946881916
15.188753266000276,126.62232937216413,101.54392824315927,-0.11908297674173297,0.024778902828227884,0.0,0.0,0.0,0.0,0.0,0.0,0.0,0.0,-0.041,0.032,-0.033,0.052009614495783375,0.0,0.0,0.0,0.0,0.0,0.0,NAV2,,False,True,True,True,,1.507497376558443
15.230708349999986,126.62232937216413,101.54392824315927,-0.11908297674173297,0.024778902828227884,0.0,0.0,0.0,0.0,0.0,0.0,0.0,0.0,-0.041,0.032,-0.033,0.052009614495783375,0.0,0.0,0.0,0.0,0.0,0.0,NAV2,,False,True,True,True,,1.5086688941272648
15.271297698000126,126.62495617875548,101.54316004991986,-0.1189417722097641,0.02436727455014227,0.0,0.0,0.0,0.0,0.0,0.0,0.0,0.0,-0.035,0.062,0.018,0.07119691004531026,0.0,0.0,0.0,0.0,0.0,0.0,NAV2,,False,True,True,True,,1.507471848320419
15.31231714200021,126.62495617875548,101.54316004991986,-0.1189417722097641,0.02436727455014227,0.0,0.0,0.0,0.0,0.0,0.0,0.0,0.0,-0.035,0.062,0.018,0.07119691004531026,0.0,0.0,0.0,0.0,0.0,0.0,NAV2,,False,True,True,True,,1.5088127309742287
15.35240200699991,126.62519373089114,101.54244027838338,-0.1192117522187597,0.022377828537698735,0.0,0.0,0.0,0.0,0.0,0.0,0.0,0.0,0.034,-0.051,-0.035,0.061294371682887816,0.0,0.0,0.0,0.0,0.0,0.0,NAV2,,False,True,True,True,,1.5099996880183855
15.400546228000167,126.62519373089114,101.54244027838338,-0.1192117522187597,0.022377828537698735,0.0,0.0,0.0,0.0,0.0,0.0,0.0,0.0,0.034,-0.051,-0.035,0.061294371682887816,0.0,0.0,0.0,0.0,0.0,0.0,NAV2,,False,True,True,True,,1.5073708469811389
15.441097151000577,126.62519373089114,101.54244027838338,-0.1192117522187597,0.022377828537698735,0.0,0.0,0.0,0.0,0.0,0.0,0.0,0.0,0.034,-0.051,-0.035,0.061294371682887816,0.0,0.0,0.0,0.0,0.0,0.0,NAV2,,False,True,True,True,,1.5077843409468779
15.481163528000252,126.62518078470518,101.54176576198152,-0.1195535723479515,0.020312503907186003,0.0,0.0,0.0,0.0,0.0,0.0,0.0,0.0,-0.072,0.054,-0.007,0.09,0.0,0.0,0.0,0.0,0.0,0.0,NAV2,,False,True,True,True,,1.5049052476428244
15.52327416099979,126.62518078470518,101.54176576198152,-0.1195535723479515,0.020312503907186003,0.0,0.0,0.0,0.0,0.0,0.0,0.0,0.0,-0.072,0.054,-0.007,0.09,0.0,0.0,0.0,0.0,0.0,0.0,NAV2,,False,True,True,True,,1.509015044293104
15.57019999000022,126.62495265882191,101.54113498270807,-0.119946056658518,0.018200279086646273,0.0,0.0,0.0,0.0,0.0,0.0,0.0,0.0,-0.003,0.024,0.006,0.02418677324489565,0.0,0.0,0.0,0.0,0.0,0.0,NAV2,,False,True,True,True,,1.5077752048114803
15.610472377000406,126.62495265882191,101.54113498270807,-0.119946056658518,0.018200279086646273,0.0,0.0,0.0,0.0,0.0,0.0,0.0,0.0,-0.003,0.024,0.006,0.02418677324489565,0.0,0.0,0.0,0.0,0.0,0.0,NAV2,,False,True,True,True,,1.5086848032686142
15.651276415999746,126.62265546187328,101.54244299370258,-0.12081137558047184,0.01464381333034672,0.0,0.0,0.0,0.0,0.0,0.0,0.0,0.0,-0.078,0.01,0.062,0.07863841300535,0.0,0.0,0.0,0.0,0.0,0.0,NAV2,,False,True,True,True,,1.5091593963351362
15.691787829000532,126.62265546187328,101.54244299370258,-0.12081137558047184,0.01464381333034672,0.0,0.0,0.0,0.0,0.0,0.0,0.0,0.0,-0.078,0.01,0.062,0.07863841300535,0.0,0.0,0.0,0.0,0.0,0.0,NAV2,,False,True,True,True,,1.5093035215883412
15.7321541350002,126.62265546187328,101.54244299370258,-0.12081137558047184,0.01464381333034672,0.0,0.0,0.0,0.0,0.0,0.0,0.0,0.0,-0.078,0.01,0.062,0.07863841300535,0.0,0.0,0.0,0.0,0.0,0.0,NAV2,,False,True,True,True,,1.5090305787064011
15.772625538000284,126.62016572104874,101.5435510188823,-0.1216117909979868,0.011462452737425258,0.0,0.0,0.0,0.0,0.0,0.0,0.0,0.0,-0.053,0.019,-0.006,0.05630275304103699,0.0,0.0,0.0,0.0,0.0,0.0,NAV2,,False,True,True,True,,1.5104326278160696
15.813332044000163,126.62016572104874,101.5435510188823,-0.1216117909979868,0.011462452737425258,0.0,0.0,0.0,0.0,0.0,0.0,0.0,0.0,-0.053,0.019,-0.006,0.05630275304103699,0.0,0.0,0.0,0.0,0.0,0.0,NAV2,,False,True,True,True,,1.5121104559192728
15.855014857000242,126.61638692016986,101.54459604670684,-0.12269552583895882,0.007033807319144064,0.0,0.0,0.0,0.0,0.0,0.0,0.0,0.0,-0.015,0.007,0.007,0.01655294535724685,0.0,0.0,0.0,0.0,0.0,0.0,NAV2,,False,True,True,True,,1.5097386418315504
15.9003116089998,126.61638692016986,101.54459604670684,-0.12269552583895882,0.007033807319144064,0.0,0.0,0.0,0.0,0.0,0.0,0.0,0.0,-0.015,0.007,0.007,0.01655294535724685,0.0,0.0,0.0,0.0,0.0,0.0,NAV2,,False,True,True,True,,1.5117355975330489
15.941621808000491,126.61638692016986,101.54459604670684,-0.12269552583895882,0.007033807319144064,0.0,0.0,0.0,0.0,0.0,0.0,0.0,0.0,-0.015,0.007,0.007,0.01655294535724685,0.0,0.0,0.0,0.0,0.0,0.0,NAV2,,False,True,True,True,,1.5174642890199517
15.988545893000264,126.61256148165062,101.54548743788332,-0.12367416721345892,0.0030067438423176038,0.0,0.0,0.0,0.0,0.0,0.0,0.0,0.0,0.055,-0.011,0.01,0.05608921464952063,0.0,0.0,0.0,0.0,0.0,0.0,NAV2,,False,True,True,True,,1.517159646827355
16.030332227000144,126.61256148165062,101.54548743788332,-0.12367416721345892,0.0030067438423176038,0.0,0.0,0.0,0.0,0.0,0.0,0.0,0.0,0.055,-0.011,0.01,0.05608921464952063,0.0,0.0,0.0,0.0,0.0,0.0,NAV2,,False,True,True,True,,1.5150716795074328
16.07208276700021,126.60898407392031,101.54626369694871,-0.12450476346631012,-0.0006516385932213615,0.0,0.0,0.0,0.0,0.0,0.0,0.0,0.0,-0.014,0.011,-0.041,0.017804493814764854,0.0,0.0,0.0,0.0,0.0,0.0,NAV2,,False,True,True,True,,1.5090893452197691
16.11232519100031,126.60898407392031,101.54626369694871,-0.12450476346631012,-0.0006516385932213615,0.0,0.0,0.0,0.0,0.0,0.0,0.0,0.0,-0.014,0.011,-0.041,0.017804493814764854,0.0,0.0,0.0,0.0,0.0,0.0,NAV2,,False,True,True,True,,1.512401241903801
16.15513037999972,126.60564242764465,101.5469359711376,-0.12519292420184458,-0.003964154220676803,0.0,0.0,0.0,0.0,0.0,0.0,0.0,0.0,-0.007,0.003,-0.033,0.007615773105863908,0.0,0.0,0.0,0.0,0.0,0.0,NAV2,,False,True,True,True,,1.5159512707987701
16.19977795199975,126.60564242764465,101.5469359711376,-0.12519292420184458,-0.003964154220676803,0.0,0.0,0.0,0.0,0.0,0.0,0.0,0.0,-0.007,0.003,-0.033,0.007615773105863908,0.0,0.0,0.0,0.0,0.0,0.0,NAV2,,False,True,True,True,,1.5183790654747193
16.242339438000272,126.60564242764465,101.5469359711376,-0.12519292420184458,-0.003964154220676803,0.0,0.0,0.0,0.0,0.0,0.0,0.0,0.0,-0.007,0.003,-0.033,0.007615773105863908,0.0,0.0,0.0,0.0,0.0,0.0,NAV2,,False,True,True,True,,1.517047963094558
16.288481489999867,126.60064876639775,101.54751523743896,-0.1261189286460218,-0.008209225051843577,0.0,0.0,0.0,0.0,0.0,0.0,0.0,0.0,0.01,0.005,0.004,0.011180339887498949,0.0,0.0,0.0,0.0,0.0,0.0,NAV2,,False,True,True,True,,1.5096506475663232
16.332781060000343,126.60064876639775,101.54751523743896,-0.1261189286460218,-0.008209225051843577,0.0,0.0,0.0,0.0,0.0,0.0,0.0,0.0,0.01,0.005,0.004,0.011180339887498949,0.0,0.0,0.0,0.0,0.0,0.0,NAV2,,False,True,True,True,,1.5113300003334016
16.380872847999854,126.59601598111283,101.54802728249847,-0.12684442585134414,-0.012024925716054182,0.0,0.0,0.0,0.0,0.0,0.0,0.0,0.0,-0.036,0.02,-0.038,0.041182520563948,0.0,0.0,0.0,0.0,0.0,0.0,NAV2,,False,True,True,True,,1.5131678870500456
16.421844258999954,126.59601598111283,101.54802728249847,-0.12684442585134414,-0.012024925716054182,0.0,0.0,0.0,0.0,0.0,0.0,0.0,0.0,-0.036,0.02,-0.038,0.041182520563948,0.0,0.0,0.0,0.0,0.0,0.0,NAV2,,False,True,True,True,,1.5117904805671756
16.462382382000214,126.59189092696445,101.54842031709823,-0.12739140442107555,-0.015255985120704254,0.0,0.0,0.0,0.0,0.0,0.0,0.0,0.0,0.008,0.017,-0.07,0.018788294228055936,0.0,0.0,0.0,0.0,0.0,0.0,NAV2,,False,True,True,True,,1.5100423397308556
16.503571692999685,126.59189092696445,101.54842031709823,-0.12739140442107555,-0.015255985120704254,0.0,0.0,0.0,0.0,0.0,0.0,0.0,0.0,0.008,0.017,-0.07,0.018788294228055936,0.0,0.0,0.0,0.0,0.0,0.0,NAV2,,False,True,True,True,,1.5118505681068197
16.54485116900014,126.58620342767071,101.55066966448736,-0.12838791488799695,-0.01953828406022023,0.0,0.0,0.0,0.0,0.0,0.0,0.0,0.0,-0.02,0.028,-0.01,0.03440930106817051,0.0,0.0,0.0,0.0,0.0,0.0,NAV2,,False,True,True,True,,1.5153256222740545
16.588534391000394,126.58620342767071,101.55066966448736,-0.12838791488799695,-0.01953828406022023,0.0,0.0,0.0,0.0,0.0,0.0,0.0,0.0,-0.02,0.028,-0.01,0.03440930106817051,0.0,0.0,0.0,0.0,0.0,0.0,NAV2,,False,True,True,True,,1.5142146984052747
16.628964952999922,126.58620342767071,101.55066966448736,-0.12838791488799695,-0.01953828406022023,0.0,0.0,0.0,0.0,0.0,0.0,0.0,0.0,-0.02,0.028,-0.01,0.03440930106817051,0.0,0.0,0.0,0.0,0.0,0.0,NAV2,,False,True,True,True,,1.5133708336020169
16.66993500100034,126.57917000919909,101.55266740773935,-0.12946813793206546,-0.024486617972429372,0.0,0.0,0.0,0.0,0.0,0.0,0.0,0.0,0.012,-0.038,0.059,0.03984971769034255,0.0,0.0,0.0,0.0,0.0,0.0,NAV2,,False,True,True,True,,1.5071688549522109
16.712117406999823,126.57917000919909,101.55266740773935,-0.12946813793206546,-0.024486617972429372,0.0,0.0,0.0,0.0,0.0,0.0,0.0,0.0,0.012,-0.038,0.059,0.03984971769034255,0.0,0.0,0.0,0.0,0.0,0.0,NAV2,,False,True,True,True,,1.5100423397308556
16.75421266400008,126.57281126354704,101.5544371736573,-0.13027264607185485,-0.02871958767459532,0.0,0.0,0.0,0.0,0.0,0.0,0.0,0.0,0.005,-0.011,0.01,0.012083045973594572,0.0,0.0,0.0,0.0,0.0,0.0,NAV2,,False,True,True,True,,1.5101587091804916
16.79982345100052,126.57281126354704,101.5544371736573,-0.13027264607185485,-0.02871958767459532,0.0,0.0,0.0,0.0,0.0,0.0,0.0,0.0,0.005,-0.011,0.01,0.012083045973594572,0.0,0.0,0.0,0.0,0.0,0.0,NAV2,,False,True,True,True,,1.5103608415183813
16.842584418000115,126.57281126354704,101.5544371736573,-0.13027264607185485,-0.02871958767459532,0.0,0.0,0.0,0.0,0.0,0.0,0.0,0.0,0.005,-0.011,0.01,0.012083045973594572,0.0,0.0,0.0,0.0,0.0,0.0,NAV2,,False,True,True,True,,1.5097669889518595
16.888791614000183,126.56718751734958,101.55597090913977,-0.130836784690898,-0.03223651102894002,0.0,0.0,0.0,0.0,0.0,0.0,0.0,0.0,-0.053,0.019,-0.018,0.05630275304103699,0.0,0.0,0.0,0.0,0.0,0.0,NAV2,,False,True,True,True,,1.5070757964246915
16.930500735999885,126.56718751734958,101.55597090913977,-0.130836784690898,-0.03223651102894002,0.0,0.0,0.0,0.0,0.0,0.0,0.0,0.0,-0.053,0.019,-0.018,0.05630275304103699,0.0,0.0,0.0,0.0,0.0,0.0,NAV2,,False,True,True,True,,1.5083066779631111
16.97130475999984,126.56025702656916,101.55731371420916,-0.13142532901275628,-0.03641724459879581,0.0,0.0,0.0,0.0,0.0,0.0,0.0,0.0,0.054,0.027,0.009,0.06037383539249432,0.0,0.0,0.0,0.0,0.0,0.0,NAV2,,False,True,True,True,,1.510606630905763
17.011740545000066,126.56025702656916,101.55731371420916,-0.13142532901275628,-0.03641724459879581,0.0,0.0,0.0,0.0,0.0,0.0,0.0,0.0,0.054,0.027,0.009,0.06037383539249432,0.0,0.0,0.0,0.0,0.0,0.0,NAV2,,False,True,True,True,,1.510606630905763
17.0521121390002,126.5522011451502,101.5603907869235,-0.13250633103184303,-0.0412838732747908,0.0,0.0,0.0,0.0,0.0,0.0,0.0,0.0,0.036,0.001,-0.005,0.036013886210738214,0.0,0.0,0.0,0.0,0.0,0.0,NAV2,,False,True,True,True,,1.5087542946881916
17.099768429000505,126.5522011451502,101.5603907869235,-0.13250633103184303,-0.0412838732747908,0.0,0.0,0.0,0.0,0.0,0.0,0.0,0.0,0.036,0.001,-0.005,0.036013886210738214,0.0,0.0,0.0,0.0,0.0,0.0,NAV2,,False,True,True,True,,1.5090578667711734
17.141203197000323,126.5522011451502,101.5603907869235,-0.13250633103184303,-0.0412838732747908,0.0,0.0,0.0,0.0,0.0,0.0,0.0,0.0,0.036,0.001,-0.005,0.036013886210738214,0.0,0.0,0.0,0.0,0.0,0.0,NAV2,,False,True,True,True,,1.5074296442877788
17.18129456800034,126.54504982688603,101.56310594076376,-0.13329069142258065,-0.04527161262798251,0.0,0.0,0.0,0.0,0.0,0.0,0.0,0.0,-0.074,-0.053,0.026,0.09102197536858887,0.0,0.0,0.0,0.0,0.0,0.0,NAV2,,False,True,True,True,,1.5065626331216997
17.2215170139998,126.54504982688603,101.56310594076376,-0.13329069142258065,-0.04527161262798251,0.0,0.0,0.0,0.0,0.0,0.0,0.0,0.0,-0.074,-0.053,0.026,0.09102197536858887,0.0,0.0,0.0,0.0,0.0,0.0,NAV2,,False,True,True,True,,1.5080782620328772
17.26192749999973,126.53684195886996,101.56548751416204,-0.1339559023536383,-0.04972366038592732,0.0,0.0,0.0,0.0,0.0,0.0,0.0,0.0,0.024,0.045,-0.044,0.051,0.0,0.0,0.0,0.0,0.0,0.0,NAV2,,False,True,True,True,,1.5078338734607495
17.310305718000564,126.53684195886996,101.56548751416204,-0.1339559023536383,-0.04972366038592732,0.0,0.0,0.0,0.0,0.0,0.0,0.0,0.0,0.024,0.045,-0.044,0.051,0.0,0.0,0.0,0.0,0.0,0.0,NAV2,,False,True,True,True,,1.508999488881648
17.35125436100043,126.52766108304013,101.56757481967202,-0.1344648115432041,-0.05455238203831904,0.0,0.0,0.0,0.0,0.0,0.0,0.0,0.0,0.024,0.045,-0.044,0.051,0.0,0.0,0.0,0.0,0.0,0.0,NAV2,,False,True,True,True,,1.5086104317925488
17.39210723799988,126.52766108304013,101.56757481967202,-0.1344648115432041,-0.05455238203831904,0.0,0.0,0.0,0.0,0.0,0.0,0.0,0.0,0.025,-0.027,-0.032,0.0367967389859482,0.0,0.0,0.0,0.0,0.0,0.0,NAV2,,False,True,True,True,,1.5059977514506846
17.433141059999798,126.52766108304013,101.56757481967202,-0.1344648115432041,-0.05455238203831904,0.0,0.0,0.0,0.0,0.0,0.0,0.0,0.0,0.025,-0.027,-0.032,0.0367967389859482,0.0,0.0,0.0,0.0,0.0,0.0,NAV2,,False,True,True,True,,1.507741954648581
17.480909959999735,126.51968263940614,101.57127657604134,-0.13544272196328944,-0.05850843622817179,0.0,0.0,0.0,0.0,0.0,0.0,0.0,0.0,0.017,-0.064,0.009,0.06621933252457321,0.0,0.0,0.0,0.0,0.0,0.0,NAV2,,False,True,True,True,,1.5069245204958497
17.521472155000083,126.51968263940614,101.57127657604134,-0.13544272196328944,-0.05850843622817179,0.0,0.0,0.0,0.0,0.0,0.0,0.0,0.0,0.017,-0.064,0.009,0.06621933252457321,0.0,0.0,0.0,0.0,0.0,0.0,NAV2,,False,True,True,True,,1.5092327701261867
17.56212421300006,126.5126440773908,101.57453680469662,-0.13615160967709095,-0.06156658458029617,0.0,0.0,0.0,0.0,0.0,0.0,0.0,0.0,0.047,0.026,-0.001,0.05371219600798314,0.0,0.0,0.0,0.0,0.0,0.0,NAV2,,False,True,True,True,,1.5131236250198654
17.61103849200026,126.5126440773908,101.57453680469662,-0.13615160967709095,-0.06156658458029617,0.0,0.0,0.0,0.0,0.0,0.0,0.0,0.0,0.047,0.026,-0.001,0.05371219600798314,0.0,0.0,0.0,0.0,0.0,0.0,NAV2,,False,True,True,True,,1.5173675353765632
17.652193314000215,126.50462468835686,101.57738434147439,-0.1366338797018134,-0.06506262715601417,0.0,0.0,0.0,0.0,0.0,0.0,0.0,0.0,-0.033,-0.051,-0.021,0.06074537019394976,0.0,0.0,0.0,0.0,0.0,0.0,NAV2,,False,True,True,True,,1.517865897481562
17.692661281000255,126.50462468835686,101.57738434147439,-0.1366338797018134,-0.06506262715601417,0.0,0.0,0.0,0.0,0.0,0.0,0.0,0.0,-0.033,-0.051,-0.021,0.06074537019394976,0.0,0.0,0.0,0.0,0.0,0.0,NAV2,,False,True,True,True,,1.5088982623599922
17.732934360999934,126.50462468835686,101.57738434147439,-0.1366338797018134,-0.06506262715601417,0.0,0.0,0.0,0.0,0.0,0.0,0.0,0.0,-0.033,-0.051,-0.021,0.06074537019394976,0.0,0.0,0.0,0.0,0.0,0.0,NAV2,,False,True,True,True,,1.5088982623599922
17.781194164000226,126.49755696704946,101.57987449825131,-0.1369252454663488,-0.06766275650926966,0.0,0.0,0.0,0.0,0.0,0.0,0.0,0.0,-0.034,-0.013,0.046,0.03640054944640259,0.0,0.0,0.0,0.0,0.0,0.0,NAV2,,False,True,True,True,,1.5121546913381287
17.821340350000355,126.49755696704946,101.57987449825131,-0.1369252454663488,-0.06766275650926966,0.0,0.0,0.0,0.0,0.0,0.0,0.0,0.0,-0.034,-0.013,0.046,0.03640054944640259,0.0,0.0,0.0,0.0,0.0,0.0,NAV2,,False,True,True,True,,1.5163841150879827
17.861856786000317,126.48973103564077,101.5819653986091,-0.13700045320697907,-0.0706350543814831,0.0,0.0,0.0,0.0,0.0,0.0,0.0,0.0,-0.025,0.031,0.012,0.03982461550347975,0.0,0.0,0.0,0.0,0.0,0.0,NAV2,,False,True,True,True,,1.5083226885239536
17.90206126599969,126.48973103564077,101.5819653986091,-0.13700045320697907,-0.0706350543814831,0.0,0.0,0.0,0.0,0.0,0.0,0.0,0.0,-0.025,0.031,0.012,0.03982461550347975,0.0,0.0,0.0,0.0,0.0,0.0,NAV2,,False,True,True,True,,1.5098963884272456
17.94241022300048,126.48973103564077,101.5819653986091,-0.13700045320697907,-0.0706350543814831,0.0,0.0,0.0,0.0,0.0,0.0,0.0,0.0,-0.025,0.031,0.012,0.03982461550347975,0.0,0.0,0.0,0.0,0.0,0.0,NAV2,,False,True,True,True,,1.5122865845986384
17.982483274000515,126.48089930517108,101.58378703037059,-0.1368705752382495,-0.07401456771403042,0.0,0.0,0.0,0.0,0.0,0.0,0.0,0.0,-0.033,0.007,0.096,0.033734255586866005,0.0,0.0,0.0,0.0,0.0,0.0,NAV2,,False,True,True,True,,1.5119824704442664
18.022717371,126.48089930517108,101.58378703037059,-0.1368705752382495,-0.07401456771403042,0.0,0.0,0.0,0.0,0.0,0.0,0.0,0.0,-0.033,0.007,0.096,0.033734255586866005,0.0,0.0,0.0,0.0,0.0,0.0,NAV2,,False,True,True,True,,1.5143847777541717
18.062939270000243,126.47186819030073,101.58518841213414,-0.13655322030874206,-0.07749690797627515,0.0,0.0,0.0,0.0,0.0,0.0,0.0,0.0,0.039,-0.047,0.047,0.06107372593840988,0.0,0.0,0.0,0.0,0.0,0.0,NAV2,,False,True,True,True,,1.507674192821849
18.110329265000473,126.47186819030073,101.58518841213414,-0.13655322030874206,-0.07749690797627515,0.0,0.0,0.0,0.0,0.0,0.0,0.0,0.0,0.039,-0.047,0.047,0.06107372593840988,0.0,0.0,0.0,0.0,0.0,0.0,NAV2,,False,True,True,True,,1.5075561935170267
18.1523187089997,126.46358613101485,101.58647029579627,-0.13623624424255798,-0.08009358168695489,0.0,0.0,0.0,0.0,0.0,0.0,0.0,0.0,-0.137,0.064,-0.002,0.15121177202850314,0.0,0.0,0.0,0.0,0.0,0.0,NAV2,,False,True,True,True,,1.5118505681068197
18.199929870999767,126.46358613101485,101.58647029579627,-0.13623624424255798,-0.08009358168695489,0.0,0.0,0.0,0.0,0.0,0.0,0.0,0.0,-0.137,0.064,-0.002,0.15121177202850314,0.0,0.0,0.0,0.0,0.0,0.0,NAV2,,False,True,True,True,,1.515550974264471
18.242321827000524,126.46358613101485,101.58647029579627,-0.13623624424255798,-0.08009358168695489,0.0,0.0,0.0,0.0,0.0,0.0,0.0,0.0,-0.137,0.064,-0.002,0.15121177202850314,0.0,0.0,0.0,0.0,0.0,0.0,NAV2,,False,True,True,True,,1.5152805354542356
18.288464283000394,126.45456870834978,101.58943198057224,-0.13661213933014915,-0.08316933001397459,0.0,0.0,0.0,0.0,0.0,0.0,0.0,0.0,-0.066,0.001,0.048,0.066007575322837,0.0,0.0,0.0,0.0,0.0,0.0,NAV2,,False,True,True,True,,1.5049508829602078
18.330629165000573,126.45456870834978,101.58943198057224,-0.13661213933014915,-0.08316933001397459,0.0,0.0,0.0,0.0,0.0,0.0,0.0,0.0,-0.066,0.001,0.048,0.066007575322837,0.0,0.0,0.0,0.0,0.0,0.0,NAV2,,False,True,True,True,,1.5074547890881302
18.37202345300011,126.44302259352266,101.59198393415244,-0.1365434661283098,-0.08771011391358471,0.0,0.0,0.0,0.0,0.0,0.0,0.0,0.0,0.011,-0.011,0.045,0.015556349186104044,0.0,0.0,0.0,0.0,0.0,0.0,NAV2,,False,True,True,True,,1.5073115286145462
18.4125826340005,126.44302259352266,101.59198393415244,-0.1365434661283098,-0.08771011391358471,0.0,0.0,0.0,0.0,0.0,0.0,0.0,0.0,0.011,-0.011,0.045,0.015556349186104044,0.0,0.0,0.0,0.0,0.0,0.0,NAV2,,False,True,True,True,,1.5048456476689756
18.455527441999948,126.43109145439225,101.594169703254,-0.13627073276148585,-0.0922221983662895,0.0,0.0,0.0,0.0,0.0,0.0,0.0,0.0,-0.011,0.044,0.104,0.04535416188179427,0.0,0.0,0.0,0.0,0.0,0.0,NAV2,,False,True,True,True,,1.5069915544603794
18.499735254999905,126.43109145439225,101.594169703254,-0.13627073276148585,-0.0922221983662895,0.0,0.0,0.0,0.0,0.0,0.0,0.0,0.0,-0.011,0.044,0.104,0.04535416188179427,0.0,0.0,0.0,0.0,0.0,0.0,NAV2,,False,True,True,True,,1.5095060064554595
18.541540717000316,126.43109145439225,101.594169703254,-0.13627073276148585,-0.0922221983662895,0.0,0.0,0.0,0.0,0.0,0.0,0.0,0.0,-0.011,0.044,0.104,0.04535416188179427,0.0,0.0,0.0,0.0,0.0,0.0,NAV2,,False,True,True,True,,1.5052129959168354
18.58165364100023,126.42077711441185,101.59793579576964,-0.13686668105394562,-0.09556844457701912,0.0,0.0,0.0,0.0,0.0,0.0,0.0,0.0,0.03,-0.07,-0.004,0.07615773105863909,0.0,0.0,0.0,0.0,0.0,0.0,NAV2,,False,True,True,True,,1.5070084486695972
18.622738217000006,126.42077711441185,101.59793579576964,-0.13686668105394562,-0.09556844457701912,0.0,0.0,0.0,0.0,0.0,0.0,0.0,0.0,0.03,-0.07,-0.004,0.07615773105863909,0.0,0.0,0.0,0.0,0.0,0.0,NAV2,,False,True,True,True,,1.5083816823625753
18.67022185099995,126.40999660104585,101.6012050683938,-0.13715807085489518,-0.09897065448490676,0.0,0.0,0.0,0.0,0.0,0.0,0.0,0.0,0.013,0.017,0.014,0.0214009345590327,0.0,0.0,0.0,0.0,0.0,0.0,NAV2,,False,True,True,True,,1.5069245204958497
18.710624639999878,126.40999660104585,101.6012050683938,-0.13715807085489518,-0.09897065448490676,0.0,0.0,0.0,0.0,0.0,0.0,0.0,0.0,0.013,0.017,0.014,0.0214009345590327,0.0,0.0,0.0,0.0,0.0,0.0,NAV2,,False,True,True,True,,1.5094782492345034
18.752267089999805,126.4007300962755,101.60401941144852,-0.13741702888421647,-0.1011175307744254,0.0,0.0,0.0,0.0,0.0,0.0,0.0,0.0,-0.036,-0.022,0.012,0.04219004621945797,0.0,0.0,0.0,0.0,0.0,0.0,NAV2,,False,True,True,True,,1.5065868947022736
18.79969201899985,126.4007300962755,101.60401941144852,-0.13741702888421647,-0.1011175307744254,0.0,0.0,0.0,0.0,0.0,0.0,0.0,0.0,-0.036,-0.022,0.012,0.04219004621945797,0.0,0.0,0.0,0.0,0.0,0.0,NAV2,,False,True,True,True,,1.5090893452197691
18.842036205000113,126.4007300962755,101.60401941144852,-0.13741702888421647,-0.1011175307744254,0.0,0.0,0.0,0.0,0.0,0.0,0.0,0.0,-0.036,-0.022,0.012,0.04219004621945797,0.0,0.0,0.0,0.0,0.0,0.0,NAV2,,False,True,True,True,,1.5076572701160555
18.882416684999953,126.39284562086627,101.60641985116632,-0.13766878444227393,-0.10215485659287095,0.0,0.0,0.0,0.0,0.0,0.0,0.0,0.0,0.04,0.02,0.047,0.044721359549995794,0.0,0.0,0.0,0.0,0.0,0.0,NAV2,,False,True,True,True,,1.5037542511720798
18.922460937000324,126.39284562086627,101.60641985116632,-0.13766878444227393,-0.10215485659287095,0.0,0.0,0.0,0.0,0.0,0.0,0.0,0.0,0.04,0.02,0.047,0.044721359549995794,0.0,0.0,0.0,0.0,0.0,0.0,NAV2,,False,True,True,True,,1.5086259067895436
18.96258774800026,126.38620386808228,101.60844908740647,-0.13793283245339927,-0.10221814130942855,0.0,0.0,0.0,0.0,0.0,0.0,0.0,0.0,0.012,-0.001,-0.021,0.012041594578792296,0.0,0.0,0.0,0.0,0.0,0.0,NAV2,,False,True,True,True,,1.5076149718211167
19.011138797000058,126.38620386808228,101.60844908740647,-0.13793283245339927,-0.10221814130942855,0.0,0.0,0.0,0.0,0.0,0.0,0.0,0.0,0.012,-0.001,-0.021,0.012041594578792296,0.0,0.0,0.0,0.0,0.0,0.0,NAV2,,False,True,True,True,,1.5085674505685631
19.052390394999748,126.3806961023613,101.6101398250512,-0.13822211872038714,-0.1014297047939474,0.0,0.0,0.0,0.0,0.0,0.0,0.0,0.0,0.031,0.03,0.016,0.04313930922024598,0.0,0.0,0.0,0.0,0.0,0.0,NAV2,,False,True,True,True,,1.5083652371012066
19.092658722000124,126.3806961023613,101.6101398250512,-0.13822211872038714,-0.1014297047939474,0.0,0.0,0.0,0.0,0.0,0.0,0.0,0.0,0.031,0.03,0.016,0.04313930922024598,0.0,0.0,0.0,0.0,0.0,0.0,NAV2,,False,True,True,True,,1.506527748985918
19.132810934999725,126.3806961023613,101.6101398250512,-0.13822211872038714,-0.1014297047939474,0.0,0.0,0.0,0.0,0.0,0.0,0.0,0.0,0.031,0.03,0.016,0.04313930922024598,0.0,0.0,0.0,0.0,0.0,0.0,NAV2,,False,True,True,True,,1.506527748985918
19.181086366000272,126.37620353623916,101.61152722880269,-0.13854469172156714,-0.09990667592966852,0.0,0.0,0.0,0.0,0.0,0.0,0.0,0.0,-0.043,-0.013,0.046,0.0449221548904324,0.0,0.0,0.0,0.0,0.0,0.0,NAV2,,False,True,True,True,,1.5122693163480905
19.221401781000168,126.37620353623916,101.61152722880269,-0.13854469172156714,-0.09990667592966852,0.0,0.0,0.0,0.0,0.0,0.0,0.0,0.0,-0.043,-0.013,0.046,0.0449221548904324,0.0,0.0,0.0,0.0,0.0,0.0,NAV2,,False,True,True,True,,1.5154099723979852
19.262666090000494,126.37262857879402,101.61455000834087,-0.13951671766135254,-0.09792406879199064,0.0,0.0,0.0,0.0,0.0,0.0,0.0,0.0,0.013,0.006,0.002,0.014317821063276353,0.0,0.0,0.0,0.0,0.0,0.0,NAV2,,False,True,True,True,,1.5092177034325616
19.310483652000585,126.37262857879402,101.61455000834087,-0.13951671766135254,-0.09792406879199064,0.0,0.0,0.0,0.0,0.0,0.0,0.0,0.0,0.013,0.006,0.002,0.014317821063276353,0.0,0.0,0.0,0.0,0.0,0.0,NAV2,,False,True,True,True,,1.5094047622569458
19.352341324000008,126.36799974217944,101.6171198180783,-0.14014212113146307,-0.09663624194662108,0.0,0.0,0.0,0.0,0.0,0.0,0.0,0.0,0.013,0.006,0.002,0.014317821063276353,0.0,0.0,0.0,0.0,0.0,0.0,NAV2,,False,True,True,True,,1.5082055443109421
19.400220418000572,126.36799974217944,101.6171198180783,-0.14014212113146307,-0.09663624194662108,0.0,0.0,0.0,0.0,0.0,0.0,0.0,0.0,0.025,0.015,0.01,0.029154759474226504,0.0,0.0,0.0,0.0,0.0,0.0,NAV2,,False,True,True,True,,1.5088554818470077
19.441414826000255,126.36799974217944,101.6171198180783,-0.14014212113146307,-0.09663624194662108,0.0,0.0,0.0,0.0,0.0,0.0,0.0,0.0,0.025,0.015,0.01,0.029154759474226504,0.0,0.0,0.0,0.0,0.0,0.0,NAV2,,False,True,True,True,,1.5126042046431334
19.481567517000258,126.36428332731255,101.6192929044287,-0.14073528675156813,-0.09469828038446323,0.0,0.0,0.0,0.0,0.0,0.0,0.0,0.0,0.003,-0.02,0.009,0.020223748416156685,0.0,0.0,0.0,0.0,0.0,0.0,NAV2,,False,True,True,True,,1.5095239860934822
19.52199811599985,126.36428332731255,101.6192929044287,-0.14073528675156813,-0.09469828038446323,0.0,0.0,0.0,0.0,0.0,0.0,0.0,0.0,0.003,-0.02,0.009,0.020223748416156685,0.0,0.0,0.0,0.0,0.0,0.0,NAV2,,False,True,True,True,,1.509174507355906
19.562151418999747,126.36140020959569,101.62110410880528,-0.14132369328070604,-0.09220051597829448,0.0,0.0,0.0,0.0,0.0,0.0,0.0,0.0,-0.061,-0.021,0.063,0.06451356446515724,0.0,0.0,0.0,0.0,0.0,0.0,NAV2,,False,True,True,True,,1.508248080292202
19.610607612000422,126.36140020959569,101.62110410880528,-0.14132369328070604,-0.09220051597829448,0.0,0.0,0.0,0.0,0.0,0.0,0.0,0.0,-0.061,-0.021,0.063,0.06451356446515724,0.0,0.0,0.0,0.0,0.0,0.0,NAV2,,False,True,True,True,,1.5134721460021925
19.652386202000343,126.35926091526149,101.62258842645554,-0.14192656632715206,-0.08923313154473851,0.0,0.0,0.0,0.0,0.0,0.0,0.0,0.0,0.057,-0.013,-0.018,0.05846366392897387,0.0,0.0,0.0,0.0,0.0,0.0,NAV2,,False,True,True,True,,1.5140623720475508
19.693452249000075,126.35926091526149,101.62258842645554,-0.14192656632715206,-0.08923313154473851,0.0,0.0,0.0,0.0,0.0,0.0,0.0,0.0,0.057,-0.013,-0.018,0.05846366392897387,0.0,0.0,0.0,0.0,0.0,0.0,NAV2,,False,True,True,True,,1.507674192821849
19.736683187999915,126.35926091526149,101.62258842645554,-0.14192656632715206,-0.08923313154473851,0.0,0.0,0.0,0.0,0.0,0.0,0.0,0.0,0.057,-0.013,-0.018,0.05846366392897387,0.0,0.0,0.0,0.0,0.0,0.0,NAV2,,False,True,True,True,,1.507471848320419
19.78087404800044,126.3558996709638,101.62378140144159,-0.14237405388451574,-0.0871260444412835,0.0,0.0,0.0,0.0,0.0,0.0,0.0,0.0,0.005,0.019,-0.018,0.0196468827043885,0.0,0.0,0.0,0.0,0.0,0.0,NAV2,,False,True,True,True,,1.5146888289992853
19.82130988500012,126.3558996709638,101.62378140144159,-0.14237405388451574,-0.0871260444412835,0.0,0.0,0.0,0.0,0.0,0.0,0.0,0.0,0.005,0.019,-0.018,0.0196468827043885,0.0,0.0,0.0,0.0,0.0,0.0,NAV2,,False,True,True,True,,1.516007406812778
19.863031161000436,126.35332164158278,101.6247102933772,-0.14289797371655544,-0.08452175292188267,0.0,0.0,0.0,0.0,0.0,0.0,0.0,0.0,0.01,-0.021,0.071,0.023259406699226017,0.0,0.0,0.0,0.0,0.0,0.0,NAV2,,False,True,True,True,,1.5104180269443053
19.911055118999684,126.35332164158278,101.6247102933772,-0.14289797371655544,-0.08452175292188267,0.0,0.0,0.0,0.0,0.0,0.0,0.0,0.0,0.01,-0.021,0.071,0.023259406699226017,0.0,0.0,0.0,0.0,0.0,0.0,NAV2,,False,True,True,True,,1.5085519309849345
19.951650222999888,126.35144192334262,101.62540318408767,-0.1434901081590616,-0.08149670898341438,0.0,0.0,0.0,0.0,0.0,0.0,0.0,0.0,0.069,0.004,-0.021,0.0691158447825099,0.0,0.0,0.0,0.0,0.0,0.0,NAV2,,False,True,True,True,,1.507193740023784
19.992041970000173,126.35144192334262,101.62540318408767,-0.1434901081590616,-0.08149670898341438,0.0,0.0,0.0,0.0,0.0,0.0,0.0,0.0,0.069,0.004,-0.021,0.0691158447825099,0.0,0.0,0.0,0.0,0.0,0.0,NAV2,,False,True,True,True,,1.5079772394185533
20.032375249000324,126.35144192334262,101.62540318408767,-0.1434901081590616,-0.08149670898341438,0.0,0.0,0.0,0.0,0.0,0.0,0.0,0.0,0.069,0.004,-0.021,0.0691158447825099,0.0,0.0,0.0,0.0,0.0,0.0,NAV2,,False,True,True,True,,1.5100423397308556
20.080927789999805,126.35017733070252,101.62588674218675,-0.14413632354617079,-0.07813299128576189,0.0,0.0,0.0,0.0,0.0,0.0,0.0,0.0,-0.013,-0.024,0.022,0.027294688127912362,0.0,0.0,0.0,0.0,0.0,0.0,NAV2,,False,True,True,True,,1.5083226885239536
20.12123994800004,126.35017733070252,101.62588674218675,-0.14413632354617079,-0.07813299128576189,0.0,0.0,0.0,0.0,0.0,0.0,0.0,0.0,-0.013,-0.024,0.022,0.027294688127912362,0.0,0.0,0.0,0.0,0.0,0.0,NAV2,,False,True,True,True,,1.508189444050776
20.16175902299983,126.3494756521094,101.62617961861184,-0.14482404917815164,-0.07448049119171232,0.0,0.0,0.0,0.0,0.0,0.0,0.0,0.0,-0.05,0.035,0.049,0.06103277807866852,0.0,0.0,0.0,0.0,0.0,0.0,NAV2,,False,True,True,True,,1.508695819931562
20.210445069999878,126.3494756521094,101.62617961861184,-0.14482404917815164,-0.07448049119171232,0.0,0.0,0.0,0.0,0.0,0.0,0.0,0.0,-0.05,0.035,0.049,0.06103277807866852,0.0,0.0,0.0,0.0,0.0,0.0,NAV2,,False,True,True,True,,1.5075561935170267
20.250911119000193,126.34738168367227,101.6263070544517,-0.1454778886921488,-0.07186114317748796,0.0,0.0,0.0,0.0,0.0,0.0,0.0,0.0,-0.018,0.009,0.052,0.020124611797498106,0.0,0.0,0.0,0.0,0.0,0.0,NAV2,,False,True,True,True,,1.5077160162372825
20.29203054699974,126.34738168367227,101.6263070544517,-0.1454778886921488,-0.07186114317748796,0.0,0.0,0.0,0.0,0.0,0.0,0.0,0.0,-0.018,0.009,0.052,0.020124611797498106,0.0,0.0,0.0,0.0,0.0,0.0,NAV2,,False,True,True,True,,1.5062767730642308
20.332725262000167,126.34738168367227,101.6263070544517,-0.1454778886921488,-0.07186114317748796,0.0,0.0,0.0,0.0,0.0,0.0,0.0,0.0,-0.018,0.009,0.052,0.020124611797498106,0.0,0.0,0.0,0.0,0.0,0.0,NAV2,,False,True,True,True,,1.5090893452197691
20.374348133999774,126.34538548822395,101.6259299086614,-0.14614829149680553,-0.06998267416693771,0.0,0.0,0.0,0.0,0.0,0.0,0.0,0.0,0.02,-0.046,0.04,0.05015974481593781,0.0,0.0,0.0,0.0,0.0,0.0,NAV2,,False,True,True,True,,1.5059801779944813
20.41453001500031,126.34538548822395,101.6259299086614,-0.14614829149680553,-0.06998267416693771,0.0,0.0,0.0,0.0,0.0,0.0,0.0,0.0,0.02,-0.046,0.04,0.05015974481593781,0.0,0.0,0.0,0.0,0.0,0.0,NAV2,,False,True,True,True,,1.508029538751339
20.455862667000474,126.33959147695889,101.62614740973115,-0.14682074366835926,-0.06937851685938654,0.0,0.0,0.0,0.0,0.0,0.0,0.0,0.0,-0.026,0.0,0.065,0.026,0.0,0.0,0.0,0.0,0.0,0.0,NAV2,,False,True,True,True,,1.5030901945710244
20.499753695000436,126.33959147695889,101.62614740973115,-0.14682074366835926,-0.06937851685938654,0.0,0.0,0.0,0.0,0.0,0.0,0.0,0.0,-0.026,0.0,0.065,0.026,0.0,0.0,0.0,0.0,0.0,0.0,NAV2,,False,True,True,True,,1.5078594339618596
20.542124550999688,126.33959147695889,101.62614740973115,-0.14682074366835926,-0.06937851685938654,0.0,0.0,0.0,0.0,0.0,0.0,0.0,0.0,-0.026,0.0,0.065,0.026,0.0,0.0,0.0,0.0,0.0,0.0,NAV2,,False,True,True,True,,1.5058729001275937
20.583358515000327,126.33398601466254,101.62590937828365,-0.1476118494468408,-0.06917813344724086,0.0,0.0,0.0,0.0,0.0,0.0,0.0,0.0,0.028,-0.063,-0.027,0.06894200461257273,0.0,0.0,0.0,0.0,0.0,0.0,NAV2,,False,True,True,True,,1.5067050695586053
20.630609595999886,126.33398601466254,101.62590937828365,-0.1476118494468408,-0.06917813344724086,0.0,0.0,0.0,0.0,0.0,0.0,0.0,0.0,0.028,-0.063,-0.027,0.06894200461257273,0.0,0.0,0.0,0.0,0.0,0.0,NAV2,,False,True,True,True,,1.5103608415183813
20.67097557699981,126.32806682628275,101.62389186215525,-0.1493029146618623,-0.06827352714617244,0.0,0.0,0.0,0.0,0.0,0.0,0.0,0.0,-0.03,0.016,-0.056,0.034,0.0,0.0,0.0,0.0,0.0,0.0,NAV2,,False,True,True,True,,1.508189444050776
20.712099299999863,126.32806682628275,101.62389186215525,-0.1493029146618623,-0.06827352714617244,0.0,0.0,0.0,0.0,0.0,0.0,0.0,0.0,-0.03,0.016,-0.056,0.034,0.0,0.0,0.0,0.0,0.0,0.0,NAV2,,False,True,True,True,,1.5093894588289969
20.752414831999886,126.32265872765471,101.62159836856637,-0.1510242887583404,-0.06776224957598023,0.0,0.0,0.0,0.0,0.0,0.0,0.0,0.0,-0.039,0.045,0.023,0.05954829972383762,0.0,0.0,0.0,0.0,0.0,0.0,NAV2,,False,True,True,True,,1.5058791262895002
20.799728082,126.32265872765471,101.62159836856637,-0.1510242887583404,-0.06776224957598023,0.0,0.0,0.0,0.0,0.0,0.0,0.0,0.0,-0.039,0.045,0.023,0.05954829972383762,0.0,0.0,0.0,0.0,0.0,0.0,NAV2,,False,True,True,True,,1.5086688941272648
20.842412760000116,126.32265872765471,101.62159836856637,-0.1510242887583404,-0.06776224957598023,0.0,0.0,0.0,0.0,0.0,0.0,0.0,0.0,-0.039,0.045,0.023,0.05954829972383762,0.0,0.0,0.0,0.0,0.0,0.0,NAV2,,False,True,True,True,,1.5137192534106891
20.888465420000102,126.31627558235706,101.6194719973594,-0.15267102862290646,-0.06791710977845972,0.0,0.0,0.0,0.0,0.0,0.0,0.0,0.0,0.053,-0.093,-0.085,0.1070420478129973,0.0,0.0,0.0,0.0,0.0,0.0,NAV2,,False,True,True,True,,1.511271273103938
20.93105917200046,126.31627558235706,101.6194719973594,-0.15267102862290646,-0.06791710977845972,0.0,0.0,0.0,0.0,0.0,0.0,0.0,0.0,0.053,-0.093,-0.085,0.1070420478129973,0.0,0.0,0.0,0.0,0.0,0.0,NAV2,,False,True,True,True,,1.509275972176966
20.9721788249999,126.31225483897224,101.61739119491064,-0.15401711449904762,-0.06723192888851619,0.0,0.0,0.0,0.0,0.0,0.0,0.0,0.0,-0.027,0.031,0.02,0.041109609582188934,0.0,0.0,0.0,0.0,0.0,0.0,NAV2,,False,True,True,True,,1.506687971432632
21.016017005999856,126.31225483897224,101.61739119491064,-0.15401711449904762,-0.06723192888851619,0.0,0.0,0.0,0.0,0.0,0.0,0.0,0.0,-0.027,0.031,0.02,0.041109609582188934,0.0,0.0,0.0,0.0,0.0,0.0,NAV2,,False,True,True,True,,1.5127938436890678
21.05641116300012,126.30441671840947,101.61573542764167,-0.15529320289819862,-0.06761301450229347,0.0,0.0,0.0,0.0,0.0,0.0,0.0,0.0,-0.009,-0.044,-0.028,0.04491102314577124,0.0,0.0,0.0,0.0,0.0,0.0,NAV2,,False,True,True,True,,1.5127938436890678
21.09971169399978,126.30441671840947,101.61573542764167,-0.15529320289819862,-0.06761301450229347,0.0,0.0,0.0,0.0,0.0,0.0,0.0,0.0,-0.009,-0.044,-0.028,0.04491102314577124,0.0,0.0,0.0,0.0,0.0,0.0,NAV2,,False,True,True,True,,1.5071267579515624
21.14111035499991,126.30441671840947,101.61573542764167,-0.15529320289819862,-0.06761301450229347,0.0,0.0,0.0,0.0,0.0,0.0,0.0,0.0,-0.009,-0.044,-0.028,0.04491102314577124,0.0,0.0,0.0,0.0,0.0,0.0,NAV2,,False,True,True,True,,1.5069494772325107
21.181769957000142,126.29920103321693,101.61403608735115,-0.15622280391990095,-0.06696948269482418,0.0,0.0,0.0,0.0,0.0,0.0,0.0,0.0,-0.003,-0.002,0.008,0.0036055512754639895,0.0,0.0,0.0,0.0,0.0,0.0,NAV2,,False,True,True,True,,1.5119079966273927
21.221819418999985,126.29920103321693,101.61403608735115,-0.15622280391990095,-0.06696948269482418,0.0,0.0,0.0,0.0,0.0,0.0,0.0,0.0,-0.003,-0.002,0.008,0.0036055512754639895,0.0,0.0,0.0,0.0,0.0,0.0,NAV2,,False,True,True,True,,1.5157032215416153
21.262074899000254,126.29433406421364,101.61244974921205,-0.15714533672088662,-0.06688308209988039,0.0,0.0,0.0,0.0,0.0,0.0,0.0,0.0,-0.015,-0.008,0.03,0.017,0.0,0.0,0.0,0.0,0.0,0.0,NAV2,,False,True,True,True,,1.5119824704442664
21.310799750000115,126.29433406421364,101.61244974921205,-0.15714533672088662,-0.06688308209988039,0.0,0.0,0.0,0.0,0.0,0.0,0.0,0.0,-0.015,-0.008,0.03,0.017,0.0,0.0,0.0,0.0,0.0,0.0,NAV2,,False,True,True,True,,1.508264135674988
21.35132027600048,126.28708743113049,101.61104992978609,-0.15809700083590753,-0.06762350957504985,0.0,0.0,0.0,0.0,0.0,0.0,0.0,0.0,-0.048,0.011,-0.044,0.04924428900898052,0.0,0.0,0.0,0.0,0.0,0.0,NAV2,,False,True,True,True,,1.5068655624684022
21.392120104999776,126.28708743113049,101.61104992978609,-0.15809700083590753,-0.06762350957504985,0.0,0.0,0.0,0.0,0.0,0.0,0.0,0.0,-0.048,0.011,-0.044,0.04924428900898052,0.0,0.0,0.0,0.0,0.0,0.0,NAV2,,False,True,True,True,,1.507674192821849
21.441384931000357,126.28708743113049,101.61104992978609,-0.15809700083590753,-0.06762350957504985,0.0,0.0,0.0,0.0,0.0,0.0,0.0,0.0,-0.048,0.011,-0.044,0.04924428900898052,0.0,0.0,0.0,0.0,0.0,0.0,NAV2,,False,True,True,True,,1.5149873160533665
21.482136002000516,126.28091951695903,101.61166750033766,-0.15752873111566854,-0.06776581287761733,0.0,0.0,0.0,0.0,0.0,0.0,0.0,0.0,-0.031,0.03,0.031,0.04313930922024598,0.0,0.0,0.0,0.0,0.0,0.0,NAV2,,False,True,True,True,,1.5133138533738657
21.52219479700034,126.28091951695903,101.61166750033766,-0.15752873111566854,-0.06776581287761733,0.0,0.0,0.0,0.0,0.0,0.0,0.0,0.0,-0.031,0.03,0.031,0.04313930922024598,0.0,0.0,0.0,0.0,0.0,0.0,NAV2,,False,True,True,True,,1.5091593963351362
21.56229619199985,126.27260445860443,101.61217765507146,-0.1572188279568798,-0.06854174496386634,0.0,0.0,0.0,0.0,0.0,0.0,0.0,0.0,0.032,-0.038,-0.024,0.049678969393496884,0.0,0.0,0.0,0.0,0.0,0.0,NAV2,,False,True,True,True,,1.5090578667711734
21.61045826100053,126.27260445860443,101.61217765507146,-0.1572188279568798,-0.06854174496386634,0.0,0.0,0.0,0.0,0.0,0.0,0.0,0.0,0.032,-0.038,-0.024,0.049678969393496884,0.0,0.0,0.0,0.0,0.0,0.0,NAV2,,False,True,True,True,,1.5084827191329082
21.65259910900022,126.2664492322547,101.61262312589575,-0.15708275071032585,-0.06941031295682525,0.0,0.0,0.0,0.0,0.0,0.0,0.0,0.0,0.011,-0.015,-0.029,0.018601075237738275,0.0,0.0,0.0,0.0,0.0,0.0,NAV2,,False,True,True,True,,1.5085837594354412
21.697468004000257,126.2664492322547,101.61262312589575,-0.15708275071032585,-0.06941031295682525,0.0,0.0,0.0,0.0,0.0,0.0,0.0,0.0,0.011,-0.015,-0.029,0.018601075237738275,0.0,0.0,0.0,0.0,0.0,0.0,NAV2,,False,True,True,True,,1.5101007811509073
21.73766545200033,126.2664492322547,101.61262312589575,-0.15708275071032585,-0.06941031295682525,0.0,0.0,0.0,0.0,0.0,0.0,0.0,0.0,0.011,-0.015,-0.029,0.018601075237738275,0.0,0.0,0.0,0.0,0.0,0.0,NAV2,,False,True,True,True,,1.50981009220341
21.781072368000423,126.25806370025218,101.61296851079058,-0.15721883697924,-0.07092867999808601,0.0,0.0,0.0,0.0,0.0,0.0,0.0,0.0,0.042,0.012,0.018,0.04368065933568311,0.0,0.0,0.0,0.0,0.0,0.0,NAV2,,False,True,True,True,,1.5098682114234716
21.82163700700039,126.25806370025218,101.61296851079058,-0.15721883697924,-0.07092867999808601,0.0,0.0,0.0,0.0,0.0,0.0,0.0,0.0,0.042,0.012,0.018,0.04368065933568311,0.0,0.0,0.0,0.0,0.0,0.0,NAV2,,False,True,True,True,,1.5098682114234716
21.86294407800051,126.25017977111372,101.61352904310904,-0.1570692982726425,-0.07204716519963397,0.0,0.0,0.0,0.0,0.0,0.0,0.0,0.0,-0.052,-0.021,0.016,0.056080299571239806,0.0,0.0,0.0,0.0,0.0,0.0,NAV2,,False,True,True,True,,1.507843106337559
21.91011841300042,126.25017977111372,101.61352904310904,-0.1570692982726425,-0.07204716519963397,0.0,0.0,0.0,0.0,0.0,0.0,0.0,0.0,-0.052,-0.021,0.016,0.056080299571239806,0.0,0.0,0.0,0.0,0.0,0.0,NAV2,,False,True,True,True,,1.509174507355906
21.950357874000474,126.24138184124409,101.6134610847231,-0.15706929827269756,-0.07278678907132081,0.0,0.0,0.0,0.0,0.0,0.0,0.0,0.0,-0.003,0.01,0.023,0.01044030650891055,0.0,0.0,0.0,0.0,0.0,0.0,NAV2,,False,True,True,True,,1.5078594339618596
21.992247957000473,126.24138184124409,101.6134610847231,-0.15706929827269756,-0.07278678907132081,0.0,0.0,0.0,0.0,0.0,0.0,0.0,0.0,-0.003,0.01,0.023,0.01044030650891055,0.0,0.0,0.0,0.0,0.0,0.0,NAV2,,False,True,True,True,,1.5103457376937317
22.032387645999734,126.24138184124409,101.6134610847231,-0.15706929827269756,-0.07278678907132081,0.0,0.0,0.0,0.0,0.0,0.0,0.0,0.0,-0.003,0.01,0.023,0.01044030650891055,0.0,0.0,0.0,0.0,0.0,0.0,NAV2,,False,True,True,True,,1.511951828355784
22.07252250900001,126.23650670877399,101.6156163958729,-0.15572188331713077,-0.0728171565339835,0.0,0.0,0.0,0.0,0.0,0.0,0.0,0.0,-0.033,0.015,-0.082,0.03624913792078372,0.0,0.0,0.0,0.0,0.0,0.0,NAV2,,False,True,True,True,,1.509521221088837
22.12137356400035,126.23650670877399,101.6156163958729,-0.15572188331713077,-0.0728171565339835,0.0,0.0,0.0,0.0,0.0,0.0,0.0,0.0,-0.033,0.015,-0.082,0.03624913792078372,0.0,0.0,0.0,0.0,0.0,0.0,NAV2,,False,True,True,True,,1.5102007214825044
22.16225477700027,126.22908599551967,101.61746054111904,-0.15489977685630985,-0.07363133301674964,0.0,0.0,0.0,0.0,0.0,0.0,0.0,0.0,-0.057,0.008,0.031,0.05755866572463264,0.0,0.0,0.0,0.0,0.0,0.0,NAV2,,False,True,True,True,,1.5094200450113355
22.2104631709999,126.22908599551967,101.61746054111904,-0.15489977685630985,-0.07363133301674964,0.0,0.0,0.0,0.0,0.0,0.0,0.0,0.0,-0.057,0.008,0.031,0.05755866572463264,0.0,0.0,0.0,0.0,0.0,0.0,NAV2,,False,True,True,True,,1.5075561935170267
22.25074355200013,126.2209755068961,101.61908095968217,-0.15440504190578208,-0.07483005286718365,0.0,0.0,0.0,0.0,0.0,0.0,0.0,0.0,-0.007,-0.019,-0.032,0.020248456731316585,0.0,0.0,0.0,0.0,0.0,0.0,NAV2,,False,True,True,True,,1.5088284013911768
22.292049534000398,126.2209755068961,101.61908095968217,-0.15440504190578208,-0.07483005286718365,0.0,0.0,0.0,0.0,0.0,0.0,0.0,0.0,-0.007,-0.019,-0.032,0.020248456731316585,0.0,0.0,0.0,0.0,0.0,0.0,NAV2,,False,True,True,True,,1.508094409643869
22.33215667500008,126.2209755068961,101.61908095968217,-0.15440504190578208,-0.07483005286718365,0.0,0.0,0.0,0.0,0.0,0.0,0.0,0.0,-0.007,-0.019,-0.032,0.020248456731316585,0.0,0.0,0.0,0.0,0.0,0.0,NAV2,,False,True,True,True,,1.5110979671425133
22.372399781999775,126.21224991972228,101.62049792117203,-0.15416392376552768,-0.07634982966071746,0.0,0.0,0.0,0.0,0.0,0.0,0.0,0.0,0.028,0.01,-0.094,0.02973213749463701,0.0,0.0,0.0,0.0,0.0,0.0,NAV2,,False,True,True,True,,1.5098682114234716
22.419586273000277,126.21224991972228,101.62049792117203,-0.15416392376552768,-0.07634982966071746,0.0,0.0,0.0,0.0,0.0,0.0,0.0,0.0,0.028,0.01,-0.094,0.02973213749463701,0.0,0.0,0.0,0.0,0.0,0.0,NAV2,,False,True,True,True,,1.5140236721288085
22.461028767999778,126.20298659595284,101.62173010910061,-0.1541112779118774,-0.07813235524754479,0.0,0.0,0.0,0.0,0.0,0.0,0.0,0.0,-0.04,0.007,-0.053,0.040607881008493905,0.0,0.0,0.0,0.0,0.0,0.0,NAV2,,False,True,True,True,,1.5128380489289905
22.50156470999991,126.20298659595284,101.62173010910061,-0.1541112779118774,-0.07813235524754479,0.0,0.0,0.0,0.0,0.0,0.0,0.0,0.0,-0.04,0.007,-0.053,0.040607881008493905,0.0,0.0,0.0,0.0,0.0,0.0,NAV2,,False,True,True,True,,1.5115027880191625
22.542652563000047,126.20298659595284,101.62173010910061,-0.1541112779118774,-0.07813235524754479,0.0,0.0,0.0,0.0,0.0,0.0,0.0,0.0,-0.04,0.007,-0.053,0.040607881008493905,0.0,0.0,0.0,0.0,0.0,0.0,NAV2,,False,True,True,True,,1.508354793030827
22.588692864000222,126.1939401121906,101.62478743971006,-0.15315633565397002,-0.0791785968891896,0.0,0.0,0.0,0.0,0.0,0.0,0.0,0.0,0.019,0.011,-0.08,0.021954498400100147,0.0,0.0,0.0,0.0,0.0,0.0,NAV2,,False,True,True,True,,1.5122255397711206
22.630298785999912,126.1939401121906,101.62478743971006,-0.15315633565397002,-0.0791785968891896,0.0,0.0,0.0,0.0,0.0,0.0,0.0,0.0,0.019,0.011,-0.08,0.021954498400100147,0.0,0.0,0.0,0.0,0.0,0.0,NAV2,,False,True,True,True,,1.5173117976179098
22.670495268000195,126.18565244400338,101.62745398197147,-0.15250071651052102,-0.08030980935818686,0.0,0.0,0.0,0.0,0.0,0.0,0.0,0.0,-0.04,0.072,-0.024,0.082365041127896,0.0,0.0,0.0,0.0,0.0,0.0,NAV2,,False,True,True,True,,1.5140623720475508
22.712151632000314,126.18565244400338,101.62745398197147,-0.15250071651052102,-0.08030980935818686,0.0,0.0,0.0,0.0,0.0,0.0,0.0,0.0,-0.04,0.072,-0.024,0.082365041127896,0.0,0.0,0.0,0.0,0.0,0.0,NAV2,,False,True,True,True,,1.5094477518350395
22.75229452700023,126.17679446096248,101.63172513907786,-0.15153255022482126,-0.0819248247316457,0.0,0.0,0.0,0.0,0.0,0.0,0.0,0.0,-0.02,-0.015,-0.084,0.025,0.0,0.0,0.0,0.0,0.0,0.0,NAV2,,False,True,True,True,,1.5072526536762745
22.79980670199984,126.17679446096248,101.63172513907786,-0.15153255022482126,-0.0819248247316457,0.0,0.0,0.0,0.0,0.0,0.0,0.0,0.0,-0.02,-0.015,-0.084,0.025,0.0,0.0,0.0,0.0,0.0,0.0,NAV2,,False,True,True,True,,1.5084401579792788
22.84158007699989,126.17679446096248,101.63172513907786,-0.15153255022482126,-0.0819248247316457,0.0,0.0,0.0,0.0,0.0,0.0,0.0,0.0,-0.02,-0.015,-0.084,0.025,0.0,0.0,0.0,0.0,0.0,0.0,NAV2,,False,True,True,True,,1.5157992918461194
22.88261099600004,126.1693453487034,101.63547562659043,-0.15067427754714435,-0.08246427377556977,0.0,0.0,0.0,0.0,0.0,0.0,0.0,0.0,0.021,-0.031,0.01,0.03744329045369811,0.0,0.0,0.0,0.0,0.0,0.0,NAV2,,False,True,True,True,,1.5147453501254577
22.922666346999904,126.1693453487034,101.63547562659043,-0.15067427754714435,-0.08246427377556977,0.0,0.0,0.0,0.0,0.0,0.0,0.0,0.0,0.021,-0.031,0.01,0.03744329045369811,0.0,0.0,0.0,0.0,0.0,0.0,NAV2,,False,True,True,True,,1.5103747084952837
22.962830037000458,126.1612429798311,101.63683243536633,-0.15058942911420115,-0.08314122137489519,0.0,0.0,0.0,0.0,0.0,0.0,0.0,0.0,-0.042,0.047,-0.051,0.0630317380372777,0.0,0.0,0.0,0.0,0.0,0.0,NAV2,,False,True,True,True,,1.5084504227230906
23.0109398350005,126.1612429798311,101.63683243536633,-0.15058942911420115,-0.08314122137489519,0.0,0.0,0.0,0.0,0.0,0.0,0.0,0.0,-0.042,0.047,-0.051,0.0630317380372777,0.0,0.0,0.0,0.0,0.0,0.0,NAV2,,False,True,True,True,,1.5102446015315842
23.052244907000386,126.15446823158727,101.63989622588201,-0.1500696013669618,-0.08306894129713213,0.0,0.0,0.0,0.0,0.0,0.0,0.0,0.0,0.062,-0.058,-0.116,0.08489994110716449,0.0,0.0,0.0,0.0,0.0,0.0,NAV2,,False,True,True,True,,1.514232597633125
23.09959428900038,126.15446823158727,101.63989622588201,-0.1500696013669618,-0.08306894129713213,0.0,0.0,0.0,0.0,0.0,0.0,0.0,0.0,0.062,-0.058,-0.116,0.08489994110716449,0.0,0.0,0.0,0.0,0.0,0.0,NAV2,,False,True,True,True,,1.510606630905763
23.13992904600036,126.15446823158727,101.63989622588201,-0.1500696013669618,-0.08306894129713213,0.0,0.0,0.0,0.0,0.0,0.0,0.0,0.0,0.062,-0.058,-0.116,0.08489994110716449,0.0,0.0,0.0,0.0,0.0,0.0,NAV2,,False,True,True,True,,1.507193740023784
23.181304914000066,126.14887716172097,101.6406555148096,-0.15007118950403964,-0.08195344740551097,0.0,0.0,0.0,0.0,0.0,0.0,0.0,0.0,-0.122,0.069,-0.027,0.14016062214473793,0.0,0.0,0.0,0.0,0.0,0.0,NAV2,,False,True,True,True,,1.5096805403784237
23.221558264000123,126.14887716172097,101.6406555148096,-0.15007118950403964,-0.08195344740551097,0.0,0.0,0.0,0.0,0.0,0.0,0.0,0.0,-0.122,0.069,-0.027,0.14016062214473793,0.0,0.0,0.0,0.0,0.0,0.0,NAV2,,False,True,True,True,,1.5088826177202304
23.261629421999714,126.14246105996078,101.64126085432623,-0.15015783783725836,-0.08139717852752716,0.0,0.0,0.0,0.0,0.0,0.0,0.0,0.0,0.082,-0.072,-0.041,0.10912378292562992,0.0,0.0,0.0,0.0,0.0,0.0,NAV2,,False,True,True,True,,1.507497376558443
23.301691948000553,126.14246105996078,101.64126085432623,-0.15015783783725836,-0.08139717852752716,0.0,0.0,0.0,0.0,0.0,0.0,0.0,0.0,0.082,-0.072,-0.041,0.10912378292562992,0.0,0.0,0.0,0.0,0.0,0.0,NAV2,,False,True,True,True,,1.507353719604974
23.342046081999797,126.14246105996078,101.64126085432623,-0.15015783783725836,-0.08139717852752716,0.0,0.0,0.0,0.0,0.0,0.0,0.0,0.0,0.082,-0.072,-0.041,0.10912378292562992,0.0,0.0,0.0,0.0,0.0,0.0,NAV2,,False,True,True,True,,1.507353719604974
23.3821422660003,126.13718781847632,101.64173037244849,-0.15029677069571035,-0.08007313501135832,0.0,0.0,0.0,0.0,0.0,0.0,0.0,0.0,-0.017,0.0,-0.099,0.017,0.0,0.0,0.0,0.0,0.0,0.0,NAV2,,False,True,True,True,,1.5075893400868114
23.422387438999976,126.13718781847632,101.64173037244849,-0.15029677069571035,-0.08007313501135832,0.0,0.0,0.0,0.0,0.0,0.0,0.0,0.0,-0.017,0.0,-0.099,0.017,0.0,0.0,0.0,0.0,0.0,0.0,NAV2,,False,True,True,True,,1.5074296442877788
23.46264174299995,126.13293889314717,101.64207892214466,-0.1505080794681275,-0.07809470414537727,0.0,0.0,0.0,0.0,0.0,0.0,0.0,0.0,-0.09,0.009,-0.023,0.09044888059008802,0.0,0.0,0.0,0.0,0.0,0.0,NAV2,,False,True,True,True,,1.5091593963351362
23.50981878499988,126.13293889314717,101.64207892214466,-0.1505080794681275,-0.07809470414537727,0.0,0.0,0.0,0.0,0.0,0.0,0.0,0.0,-0.09,0.009,-0.023,0.09044888059008802,0.0,0.0,0.0,0.0,0.0,0.0,NAV2,,False,True,True,True,,1.507624320653902
23.54985784099972,126.12960172830675,101.6423206455945,-0.15079771882553672,-0.07556468762266132,0.0,0.0,0.0,0.0,0.0,0.0,0.0,0.0,0.055,-0.021,-0.063,0.0588727441181401,0.0,0.0,0.0,0.0,0.0,0.0,NAV2,,False,True,True,True,,1.5070505324884835
23.591143738000028,126.12960172830675,101.6423206455945,-0.15079771882553672,-0.07556468762266132,0.0,0.0,0.0,0.0,0.0,0.0,0.0,0.0,0.055,-0.021,-0.063,0.0588727441181401,0.0,0.0,0.0,0.0,0.0,0.0,NAV2,,False,True,True,True,,1.5097111594182289
23.63199794400043,126.12960172830675,101.6423206455945,-0.15079771882553672,-0.07556468762266132,0.0,0.0,0.0,0.0,0.0,0.0,0.0,0.0,0.055,-0.021,-0.063,0.0588727441181401,0.0,0.0,0.0,0.0,0.0,0.0,NAV2,,False,True,True,True,,1.5071267579515624
23.67371658400043,126.12520315251744,101.64246809624534,-0.15107325760981064,-0.07382112745298218,0.0,0.0,0.0,0.0,0.0,0.0,0.0,0.0,-0.006,-0.019,-0.069,0.019924858845171273,0.0,0.0,0.0,0.0,0.0,0.0,NAV2,,False,True,True,True,,1.5069245204958497
23.72097299500001,126.12520315251744,101.64246809624534,-0.15107325760981064,-0.07382112745298218,0.0,0.0,0.0,0.0,0.0,0.0,0.0,0.0,-0.006,-0.019,-0.069,0.019924858845171273,0.0,0.0,0.0,0.0,0.0,0.0,NAV2,,False,True,True,True,,1.5095793930464496
23.76160726099988,126.12171828913492,101.64253236965098,-0.1514163020816057,-0.07152191494972444,0.0,0.0,0.0,0.0,0.0,0.0,0.0,0.0,0.048,0.027,0.019,0.05507267925205746,0.0,0.0,0.0,0.0,0.0,0.0,NAV2,,False,True,True,True,,1.5106928704575706
23.80173312199986,126.12171828913492,101.64253236965098,-0.1514163020816057,-0.07152191494972444,0.0,0.0,0.0,0.0,0.0,0.0,0.0,0.0,0.048,0.027,0.019,0.05507267925205746,0.0,0.0,0.0,0.0,0.0,0.0,NAV2,,False,True,True,True,,1.5080133035256182
23.842026115000408,126.12171828913492,101.64253236965098,-0.1514163020816057,-0.07152191494972444,0.0,0.0,0.0,0.0,0.0,0.0,0.0,0.0,0.048,0.027,0.019,0.05507267925205746,0.0,0.0,0.0,0.0,0.0,0.0,NAV2,,False,True,True,True,,1.5090578667711734
23.882414358999995,126.11905621537254,101.64062867719308,-0.15211972855618505,-0.06855945278961285,0.0,0.0,0.0,0.0,0.0,0.0,0.0,0.0,-0.034,0.037,-0.021,0.05024937810560445,0.0,0.0,0.0,0.0,0.0,0.0,NAV2,,False,True,True,True,,1.5065105141549544
23.92249240199999,126.11905621537254,101.64062867719308,-0.15211972855618505,-0.06855945278961285,0.0,0.0,0.0,0.0,0.0,0.0,0.0,0.0,-0.034,0.037,-0.021,0.05024937810560445,0.0,0.0,0.0,0.0,0.0,0.0,NAV2,,False,True,True,True,,1.5095950191902132
23.971715499999846,126.11712242435082,101.64074806002326,-0.1524972875415269,-0.0654343113921661,0.0,0.0,0.0,0.0,0.0,0.0,0.0,0.0,0.035,-0.061,-0.013,0.07032780389006897,0.0,0.0,0.0,0.0,0.0,0.0,NAV2,,False,True,True,True,,1.5089028372713538
24.012126340000577,126.11712242435082,101.64074806002326,-0.1524972875415269,-0.0654343113921661,0.0,0.0,0.0,0.0,0.0,0.0,0.0,0.0,0.035,-0.061,-0.013,0.07032780389006897,0.0,0.0,0.0,0.0,0.0,0.0,NAV2,,False,True,True,True,,1.510895245902102
24.052352839999912,126.11583992067004,101.64079772101587,-0.1528956586152379,-0.061991928719201596,0.0,0.0,0.0,0.0,0.0,0.0,0.0,0.0,0.012,-0.019,-0.021,0.022472205054244233,0.0,0.0,0.0,0.0,0.0,0.0,NAV2,,False,True,True,True,,1.5174232363530402
24.09362456800045,126.11583992067004,101.64079772101587,-0.1528956586152379,-0.061991928719201596,0.0,0.0,0.0,0.0,0.0,0.0,0.0,0.0,0.012,-0.019,-0.021,0.022472205054244233,0.0,0.0,0.0,0.0,0.0,0.0,NAV2,,False,True,True,True,,1.5154383726059324
24.141366030000427,126.11583992067004,101.64079772101587,-0.1528956586152379,-0.061991928719201596,0.0,0.0,0.0,0.0,0.0,0.0,0.0,0.0,0.012,-0.019,-0.021,0.022472205054244233,0.0,0.0,0.0,0.0,0.0,0.0,NAV2,,False,True,True,True,,1.512419085367927
24.18145447200004,126.11512358934554,101.63888694476144,-0.15368815394925273,-0.05811056839101149,0.0,0.0,0.0,0.0,0.0,0.0,0.0,0.0,-0.059,-0.032,0.011,0.06711929677819933,0.0,0.0,0.0,0.0,0.0,0.0,NAV2,,False,True,True,True,,1.508120229350921
24.22197346200028,126.11512358934554,101.63888694476144,-0.15368815394925273,-0.05811056839101149,0.0,0.0,0.0,0.0,0.0,0.0,0.0,0.0,-0.059,-0.032,0.011,0.06711929677819933,0.0,0.0,0.0,0.0,0.0,0.0,NAV2,,False,True,True,True,,1.5093928715834242
24.264853313000458,126.11302447897833,101.6371154960276,-0.15434670991410293,-0.05531910302408859,0.0,0.0,0.0,0.0,0.0,0.0,0.0,0.0,-0.063,0.004,0.005,0.06312685640834652,0.0,0.0,0.0,0.0,0.0,0.0,NAV2,,False,True,True,True,,1.5161998415819196
24.31638454699987,126.11302447897833,101.6371154960276,-0.15434670991410293,-0.05531910302408859,0.0,0.0,0.0,0.0,0.0,0.0,0.0,0.0,-0.063,0.004,0.005,0.06312685640834652,0.0,0.0,0.0,0.0,0.0,0.0,NAV2,,False,True,True,True,,1.5155907174696153
24.362425108000025,126.10966258016332,101.63547913776043,-0.1548897818045827,-0.053495868523205294,0.0,0.0,0.0,0.0,0.0,0.0,0.0,0.0,-0.02,0.041,0.001,0.04561797891182818,0.0,0.0,0.0,0.0,0.0,0.0,NAV2,,False,True,True,True,,1.5082055443109421
24.41096288100016,126.10966258016332,101.63547913776043,-0.1548897818045827,-0.053495868523205294,0.0,0.0,0.0,0.0,0.0,0.0,0.0,0.0,-0.02,0.041,0.001,0.04561797891182818,0.0,0.0,0.0,0.0,0.0,0.0,NAV2,,False,True,True,True,,1.5075396619320194
24.45243604999996,126.10703671824356,101.63397519520882,-0.15538438107268604,-0.051276283482720966,0.0,0.0,0.0,0.0,0.0,0.0,0.0,0.0,0.062,0.004,-0.013,0.06212889826803627,0.0,0.0,0.0,0.0,0.0,0.0,NAV2,,False,True,True,True,,1.5133708336020169
24.494715886999984,126.10703671824356,101.63397519520882,-0.15538438107268604,-0.051276283482720966,0.0,0.0,0.0,0.0,0.0,0.0,0.0,0.0,0.062,0.004,-0.013,0.06212889826803627,0.0,0.0,0.0,0.0,0.0,0.0,NAV2,,False,True,True,True,,1.5134914759568476
24.541835465000077,126.10703671824356,101.63397519520882,-0.15538438107268604,-0.051276283482720966,0.0,0.0,0.0,0.0,0.0,0.0,0.0,0.0,0.062,0.004,-0.013,0.06212889826803627,0.0,0.0,0.0,0.0,0.0,0.0,NAV2,,False,True,True,True,,1.5131678870500456
24.583026469999822,126.10507296968149,101.6325941945835,-0.155807009627567,-0.04872804592296941,0.0,0.0,0.0,0.0,0.0,0.0,0.0,0.0,-0.053,0.079,0.152,0.09513148795220223,0.0,0.0,0.0,0.0,0.0,0.0,NAV2,,False,True,True,True,,1.5092914716900085
24.624604642000122,126.10507296968149,101.6325941945835,-0.155807009627567,-0.04872804592296941,0.0,0.0,0.0,0.0,0.0,0.0,0.0,0.0,-0.053,0.079,0.152,0.09513148795220223,0.0,0.0,0.0,0.0,0.0,0.0,NAV2,,False,True,True,True,,1.5130095075021144
24.665311333999853,126.10558032045799,101.63324717430879,-0.1555576679237962,-0.044862149960336384,0.0,0.0,0.0,0.0,0.0,0.0,0.0,0.0,0.015,-0.01,-0.037,0.018027756377319945,0.0,0.0,0.0,0.0,0.0,0.0,NAV2,,False,True,True,True,,1.5124896772131213
24.710212945999956,126.10558032045799,101.63324717430879,-0.1555576679237962,-0.044862149960336384,0.0,0.0,0.0,0.0,0.0,0.0,0.0,0.0,0.015,-0.01,-0.037,0.018027756377319945,0.0,0.0,0.0,0.0,0.0,0.0,NAV2,,False,True,True,True,,1.5140236721288085
24.752327983000214,126.10660741964132,101.63382011335479,-0.15527613463995135,-0.04097539110281413,0.0,0.0,0.0,0.0,0.0,0.0,0.0,0.0,0.038,0.004,0.023,0.0382099463490856,0.0,0.0,0.0,0.0,0.0,0.0,NAV2,,False,True,True,True,,1.5063185555753196
24.792742315000396,126.10660741964132,101.63382011335479,-0.15527613463995135,-0.04097539110281413,0.0,0.0,0.0,0.0,0.0,0.0,0.0,0.0,0.038,0.004,0.023,0.0382099463490856,0.0,0.0,0.0,0.0,0.0,0.0,NAV2,,False,True,True,True,,1.5090465697334874
24.832999940999798,126.10660741964132,101.63382011335479,-0.15527613463995135,-0.04097539110281413,0.0,0.0,0.0,0.0,0.0,0.0,0.0,0.0,0.038,0.004,0.023,0.0382099463490856,0.0,0.0,0.0,0.0,0.0,0.0,NAV2,,False,True,True,True,,1.5096224006896561
24.873552105999806,126.10761204561142,101.63430872178083,-0.15498240502826155,-0.03709939881127541,0.0,0.0,0.0,0.0,0.0,0.0,0.0,0.0,-0.033,0.015,0.131,0.03624913792078372,0.0,0.0,0.0,0.0,0.0,0.0,NAV2,,False,True,True,True,,1.5070505324884835
24.913809921000393,126.10761204561142,101.63430872178083,-0.15498240502826155,-0.03709939881127541,0.0,0.0,0.0,0.0,0.0,0.0,0.0,0.0,-0.033,0.015,0.131,0.03624913792078372,0.0,0.0,0.0,0.0,0.0,0.0,NAV2,,False,True,True,True,,1.508797039376107
24.955538723000245,126.11121794092944,101.63474106705257,-0.15464083578900123,-0.03209836068616911,0.0,0.0,0.0,0.0,0.0,0.0,0.0,0.0,0.021,-0.047,-0.029,0.051478150704935,0.0,0.0,0.0,0.0,0.0,0.0,NAV2,,False,True,True,True,,1.5062241121915594
24.999924136000118,126.11121794092944,101.63474106705257,-0.15464083578900123,-0.03209836068616911,0.0,0.0,0.0,0.0,0.0,0.0,0.0,0.0,0.021,-0.047,-0.029,0.051478150704935,0.0,0.0,0.0,0.0,0.0,0.0,NAV2,,False,True,True,True,,1.506394944733698
25.04123877799975,126.11121794092944,101.63474106705257,-0.15464083578900123,-0.03209836068616911,0.0,0.0,0.0,0.0,0.0,0.0,0.0,0.0,0.021,-0.047,-0.029,0.051478150704935,0.0,0.0,0.0,0.0,0.0,0.0,NAV2,,False,True,True,True,,1.5077752048114803
25.08139388500058,126.11370195586284,101.63508888520008,-0.15431856827609902,-0.02721052967475595,0.0,0.0,0.0,0.0,0.0,0.0,0.0,0.0,-0.016,0.029,0.044,0.03312099032335839,0.0,0.0,0.0,0.0,0.0,0.0,NAV2,,False,True,True,True,,1.5081792881856473
25.121782514999722,126.11370195586284,101.63508888520008,-0.15431856827609902,-0.02721052967475595,0.0,0.0,0.0,0.0,0.0,0.0,0.0,0.0,-0.016,0.029,0.044,0.03312099032335839,0.0,0.0,0.0,0.0,0.0,0.0,NAV2,,False,True,True,True,,1.5090893452197691
25.16225859899987,126.1187294681063,101.6334786800643,-0.15477410318225449,-0.02104846928800798,0.0,0.0,0.0,0.0,0.0,0.0,0.0,0.0,0.052,-0.035,0.038,0.06268173577685927,0.0,0.0,0.0,0.0,0.0,0.0,NAV2,,False,True,True,True,,1.507353719604974
25.21174555000016,126.1187294681063,101.6334786800643,-0.15477410318225449,-0.02104846928800798,0.0,0.0,0.0,0.0,0.0,0.0,0.0,0.0,0.052,-0.035,0.038,0.06268173577685927,0.0,0.0,0.0,0.0,0.0,0.0,NAV2,,False,True,True,True,,1.508391851023309
25.252489378000064,126.12350445592018,101.63201685024819,-0.15515010293194242,-0.015343769845464433,0.0,0.0,0.0,0.0,0.0,0.0,0.0,0.0,-0.045,0.0,0.052,0.045,0.0,0.0,0.0,0.0,0.0,0.0,NAV2,,False,True,True,True,,1.5080616119942483
25.300308855000367,126.12350445592018,101.63201685024819,-0.15515010293194242,-0.015343769845464433,0.0,0.0,0.0,0.0,0.0,0.0,0.0,0.0,-0.045,0.0,0.052,0.045,0.0,0.0,0.0,0.0,0.0,0.0,NAV2,,False,True,True,True,,1.5060394779118085
25.341640000000552,126.12350445592018,101.63201685024819,-0.15515010293194242,-0.015343769845464433,0.0,0.0,0.0,0.0,0.0,0.0,0.0,0.0,-0.045,0.0,0.052,0.045,0.0,0.0,0.0,0.0,0.0,0.0,NAV2,,False,True,True,True,,1.5079181157074277
25.382055320999825,126.1299169468019,101.63069578997846,-0.1553730409444367,-0.008826263202525797,0.0,0.0,0.0,0.0,0.0,0.0,0.0,0.0,0.06,-0.009,0.01,0.06067124524847005,0.0,0.0,0.0,0.0,0.0,0.0,NAV2,,False,True,True,True,,1.5066636060108651
25.4226375369999,126.1299169468019,101.63069578997846,-0.1553730409444367,-0.008826263202525797,0.0,0.0,0.0,0.0,0.0,0.0,0.0,0.0,0.06,-0.009,0.01,0.06067124524847005,0.0,0.0,0.0,0.0,0.0,0.0,NAV2,,False,True,True,True,,1.5066216874786433
25.464175574000365,126.1377895034747,101.6295057222456,-0.15543692562448364,-0.0016496892166141994,0.0,0.0,0.0,0.0,0.0,0.0,0.0,0.0,-0.029,-0.009,0.122,0.030364452901377955,0.0,0.0,0.0,0.0,0.0,0.0,NAV2,,False,True,True,True,,1.5091162062500723
25.50544251700012,126.1377895034747,101.6295057222456,-0.15543692562448364,-0.0016496892166141994,0.0,0.0,0.0,0.0,0.0,0.0,0.0,0.0,-0.029,-0.009,0.122,0.030364452901377955,0.0,0.0,0.0,0.0,0.0,0.0,NAV2,,False,True,True,True,,1.507506531674886
25.549009653999747,126.14501688797802,101.62843982649669,-0.15542929956823848,0.004758292756568398,0.0,0.0,0.0,0.0,0.0,0.0,0.0,0.0,-0.024,-0.007,0.02,0.025,0.0,0.0,0.0,0.0,0.0,0.0,NAV2,,False,True,True,True,,1.5072104984114536
25.59044665500005,126.14501688797802,101.62843982649669,-0.15542929956823848,0.004758292756568398,0.0,0.0,0.0,0.0,0.0,0.0,0.0,0.0,-0.024,-0.007,0.02,0.025,0.0,0.0,0.0,0.0,0.0,0.0,NAV2,,False,True,True,True,,1.5073708469811389
25.631155762000162,126.14501688797802,101.62843982649669,-0.15542929956823848,0.004758292756568398,0.0,0.0,0.0,0.0,0.0,0.0,0.0,0.0,-0.024,-0.007,0.02,0.025,0.0,0.0,0.0,0.0,0.0,0.0,NAV2,,False,True,True,True,,1.5115027880191625
25.67359212700012,126.15163215909604,101.62748931471145,-0.1553582245446146,0.010448025275578072,0.0,0.0,0.0,0.0,0.0,0.0,0.0,0.0,-0.043,0.063,0.064,0.07627581530209952,0.0,0.0,0.0,0.0,0.0,0.0,NAV2,,False,True,True,True,,1.5142892647294282
25.721227756999724,126.15163215909604,101.62748931471145,-0.1553582245446146,0.010448025275578072,0.0,0.0,0.0,0.0,0.0,0.0,0.0,0.0,-0.043,0.063,0.064,0.07627581530209952,0.0,0.0,0.0,0.0,0.0,0.0,NAV2,,False,True,True,True,,1.5145874751393509
25.76133701500021,126.15767613871552,101.62664530798929,-0.1552315785626277,0.015473073251573793,0.0,0.0,0.0,0.0,0.0,0.0,0.0,0.0,-0.051,-0.042,0.001,0.06606814663663572,0.0,0.0,0.0,0.0,0.0,0.0,NAV2,,False,True,True,True,,1.5084504227230906
25.80221900200013,126.15767613871552,101.62664530798929,-0.1552315785626277,0.015473073251573793,0.0,0.0,0.0,0.0,0.0,0.0,0.0,0.0,-0.051,-0.042,0.001,0.06606814663663572,0.0,0.0,0.0,0.0,0.0,0.0,NAV2,,False,True,True,True,,1.511620475335044
25.842972897000436,126.16132176293728,101.62589564809554,-0.15516728119792586,0.01864643241209089,0.0,0.0,0.0,0.0,0.0,0.0,0.0,0.0,-0.051,-0.042,0.001,0.06606814663663572,0.0,0.0,0.0,0.0,0.0,0.0,NAV2,,False,True,True,True,,1.5130095075021144
25.88334861600015,126.16132176293728,101.62589564809554,-0.15516728119792586,0.01864643241209089,0.0,0.0,0.0,0.0,0.0,0.0,0.0,0.0,-0.032,0.027,0.079,0.041868842830916644,0.0,0.0,0.0,0.0,0.0,0.0,NAV2,,False,True,True,True,,1.5130095075021144
25.930239023000468,126.16132176293728,101.62589564809554,-0.15516728119792586,0.01864643241209089,0.0,0.0,0.0,0.0,0.0,0.0,0.0,0.0,-0.032,0.027,0.079,0.041868842830916644,0.0,0.0,0.0,0.0,0.0,0.0,NAV2,,False,True,True,True,,1.5140745223990402
25.97241472099995,126.16466542457923,101.62523585640375,-0.15504673436890307,0.021433635462678416,0.0,0.0,0.0,0.0,0.0,0.0,0.0,0.0,-0.038,-0.018,-0.001,0.04204759208325728,0.0,0.0,0.0,0.0,0.0,0.0,NAV2,,False,True,True,True,,1.5089028372713538
26.012691286000518,126.16466542457923,101.62523585640375,-0.15504673436890307,0.021433635462678416,0.0,0.0,0.0,0.0,0.0,0.0,0.0,0.0,-0.038,-0.018,-0.001,0.04204759208325728,0.0,0.0,0.0,0.0,0.0,0.0,NAV2,,False,True,True,True,,1.511228692831283
26.055372290000378,126.16957774921583,101.62273839282615,-0.156145750391389,0.02529837145533745,0.0,0.0,0.0,0.0,0.0,0.0,0.0,0.0,0.018,-0.038,-0.017,0.04204759208325728,0.0,0.0,0.0,0.0,0.0,0.0,NAV2,,False,True,True,True,,1.512053092090281
26.100770144999842,126.16957774921583,101.62273839282615,-0.156145750391389,0.02529837145533745,0.0,0.0,0.0,0.0,0.0,0.0,0.0,0.0,0.018,-0.038,-0.017,0.04204759208325728,0.0,0.0,0.0,0.0,0.0,0.0,NAV2,,False,True,True,True,,1.5139668815409209
26.14143280600001,126.16957774921583,101.62273839282615,-0.156145750391389,0.02529837145533745,0.0,0.0,0.0,0.0,0.0,0.0,0.0,0.0,0.018,-0.038,-0.017,0.04204759208325728,0.0,0.0,0.0,0.0,0.0,0.0,NAV2,,False,True,True,True,,1.5156305151744265
26.18252985500021,126.17403838746314,101.62051070204072,-0.15699509254410327,0.028627729914825012,0.0,0.0,0.0,0.0,0.0,0.0,0.0,0.0,-0.019,0.002,-0.011,0.0191049731745428,0.0,0.0,0.0,0.0,0.0,0.0,NAV2,,False,True,True,True,,1.5090893452197691
26.22553469200011,126.17403838746314,101.62051070204072,-0.15699509254410327,0.028627729914825012,0.0,0.0,0.0,0.0,0.0,0.0,0.0,0.0,-0.019,0.002,-0.011,0.0191049731745428,0.0,0.0,0.0,0.0,0.0,0.0,NAV2,,False,True,True,True,,1.515128154673093
26.270383191999827,126.1780492859674,101.61854204474903,-0.15761358874733622,0.03144492664752473,0.0,0.0,0.0,0.0,0.0,0.0,0.0,0.0,0.113,-0.072,-0.014,0.13398880550254935,0.0,0.0,0.0,0.0,0.0,0.0,NAV2,,False,True,True,True,,1.515534409745019
26.31096025700026,126.1780492859674,101.61854204474903,-0.15761358874733622,0.03144492664752473,0.0,0.0,0.0,0.0,0.0,0.0,0.0,0.0,0.113,-0.072,-0.014,0.13398880550254935,0.0,0.0,0.0,0.0,0.0,0.0,NAV2,,False,True,True,True,,1.5159351061752553
26.35244184000021,126.1835194059606,101.61488268381838,-0.15930622142087184,0.03524727632776106,0.0,0.0,0.0,0.0,0.0,0.0,0.0,0.0,0.008,0.052,-0.039,0.05261178575186362,0.0,0.0,0.0,0.0,0.0,0.0,NAV2,,False,True,True,True,,1.5088127309742287
26.40053133800029,126.1835194059606,101.61488268381838,-0.15930622142087184,0.03524727632776106,0.0,0.0,0.0,0.0,0.0,0.0,0.0,0.0,0.008,0.052,-0.039,0.05261178575186362,0.0,0.0,0.0,0.0,0.0,0.0,NAV2,,False,True,True,True,,1.508094409643869
26.44132157600052,126.1835194059606,101.61488268381838,-0.15930622142087184,0.03524727632776106,0.0,0.0,0.0,0.0,0.0,0.0,0.0,0.0,0.008,0.052,-0.039,0.05261178575186362,0.0,0.0,0.0,0.0,0.0,0.0,NAV2,,False,True,True,True,,1.50718561297734
26.482525475999864,126.19028317128647,101.61164207685346,-0.16043017044506724,0.03965433299210139,0.0,0.0,0.0,0.0,0.0,0.0,0.0,0.0,-0.063,0.005,-0.008,0.06319810123729984,0.0,0.0,0.0,0.0,0.0,0.0,NAV2,,False,True,True,True,,1.5093928715834242
26.522855258000163,126.19028317128647,101.61164207685346,-0.16043017044506724,0.03965433299210139,0.0,0.0,0.0,0.0,0.0,0.0,0.0,0.0,-0.063,0.005,-0.008,0.06319810123729984,0.0,0.0,0.0,0.0,0.0,0.0,NAV2,,False,True,True,True,,1.5107654796126528
26.562896776999878,126.1963218394712,101.60878529020631,-0.1612105127200203,0.04330672025864502,0.0,0.0,0.0,0.0,0.0,0.0,0.0,0.0,0.035,0.0,0.061,0.035,0.0,0.0,0.0,0.0,0.0,0.0,NAV2,,False,True,True,True,,1.5072359179534023
26.610916344000543,126.1963218394712,101.60878529020631,-0.1612105127200203,0.04330672025864502,0.0,0.0,0.0,0.0,0.0,0.0,0.0,0.0,0.035,0.0,0.061,0.035,0.0,0.0,0.0,0.0,0.0,0.0,NAV2,,False,True,True,True,,1.5110111085399502
26.652231768000092,126.20169422488989,101.60627728595054,-0.16170737092274123,0.04627631015205704,0.0,0.0,0.0,0.0,0.0,0.0,0.0,0.0,-0.103,-0.004,-0.081,0.1030776406404415,0.0,0.0,0.0,0.0,0.0,0.0,NAV2,,False,True,True,True,,1.5083652371012066
26.692813845999808,126.20169422488989,101.60627728595054,-0.16170737092274123,0.04627631015205704,0.0,0.0,0.0,0.0,0.0,0.0,0.0,0.0,-0.103,-0.004,-0.081,0.1030776406404415,0.0,0.0,0.0,0.0,0.0,0.0,NAV2,,False,True,True,True,,1.506503055437192
26.741089856000144,126.20169422488989,101.60627728595054,-0.16170737092274123,0.04627631015205704,0.0,0.0,0.0,0.0,0.0,0.0,0.0,0.0,-0.103,-0.004,-0.081,0.1030776406404415,0.0,0.0,0.0,0.0,0.0,0.0,NAV2,,False,True,True,True,,1.5089294882849367
26.78136615800031,126.20644767124095,101.60408931185208,-0.1619749544435214,0.04862456106641391,0.0,0.0,0.0,0.0,0.0,0.0,0.0,0.0,0.039,-0.099,0.064,0.1064048871058092,0.0,0.0,0.0,0.0,0.0,0.0,NAV2,,False,True,True,True,,1.507438520907565
26.82165190900014,126.20644767124095,101.60408931185208,-0.1619749544435214,0.04862456106641391,0.0,0.0,0.0,0.0,0.0,0.0,0.0,0.0,0.039,-0.099,0.064,0.1064048871058092,0.0,0.0,0.0,0.0,0.0,0.0,NAV2,,False,True,True,True,,1.5097519346954795
26.86204903700036,126.21062066344692,101.600282983706,-0.16339098026984852,0.05061778206293114,0.0,0.0,0.0,0.0,0.0,0.0,0.0,0.0,-0.005,0.04,0.002,0.04031128874149275,0.0,0.0,0.0,0.0,0.0,0.0,NAV2,,False,True,True,True,,1.5085089558922853
26.90211050200014,126.21062066344692,101.600282983706,-0.16339098026984852,0.05061778206293114,0.0,0.0,0.0,0.0,0.0,0.0,0.0,0.0,-0.005,0.04,0.002,0.04031128874149275,0.0,0.0,0.0,0.0,0.0,0.0,NAV2,,False,True,True,True,,1.5069494772325107
26.94279896700027,126.21611934756736,101.59694766080453,-0.1641909540527351,0.05329805289844973,0.0,0.0,0.0,0.0,0.0,0.0,0.0,0.0,-0.005,0.04,0.002,0.04031128874149275,0.0,0.0,0.0,0.0,0.0,0.0,NAV2,,False,True,True,True,,1.5078762203442344
26.983475224000358,126.21611934756736,101.59694766080453,-0.1641909540527351,0.05329805289844973,0.0,0.0,0.0,0.0,0.0,0.0,0.0,0.0,0.008,0.03,-0.075,0.031048349392520047,0.0,0.0,0.0,0.0,0.0,0.0,NAV2,,False,True,True,True,,1.5062767730642308
27.025464496000495,126.21611934756736,101.59694766080453,-0.1641909540527351,0.05329805289844973,0.0,0.0,0.0,0.0,0.0,0.0,0.0,0.0,0.008,0.03,-0.075,0.031048349392520047,0.0,0.0,0.0,0.0,0.0,0.0,NAV2,,False,True,True,True,,1.5102440223926108
27.065618628000266,126.22068479148689,101.59415022177039,-0.16469929861864377,0.055214592281563994,0.0,0.0,0.0,0.0,0.0,0.0,0.0,0.0,-0.021,-0.023,0.037,0.031144823004794875,0.0,0.0,0.0,0.0,0.0,0.0,NAV2,,False,True,True,True,,1.5084933916667722
27.107797290000235,126.22068479148689,101.59415022177039,-0.16469929861864377,0.055214592281563994,0.0,0.0,0.0,0.0,0.0,0.0,0.0,0.0,-0.021,-0.023,0.037,0.031144823004794875,0.0,0.0,0.0,0.0,0.0,0.0,NAV2,,False,True,True,True,,1.5078855284434565
27.149385020999944,126.22493111088387,101.5916112796604,-0.16499026127718028,0.05668305044948597,0.0,0.0,0.0,0.0,0.0,0.0,0.0,0.0,-0.029,0.03,0.006,0.04172529209005013,0.0,0.0,0.0,0.0,0.0,0.0,NAV2,,False,True,True,True,,1.5066460015471832
27.191986693999752,126.22493111088387,101.5916112796604,-0.16499026127718028,0.05668305044948597,0.0,0.0,0.0,0.0,0.0,0.0,0.0,0.0,-0.029,0.03,0.006,0.04172529209005013,0.0,0.0,0.0,0.0,0.0,0.0,NAV2,,False,True,True,True,,1.5078925035887758
27.232081254999684,126.22493111088387,101.5916112796604,-0.16499026127718028,0.05668305044948597,0.0,0.0,0.0,0.0,0.0,0.0,0.0,0.0,-0.029,0.03,0.006,0.04172529209005013,0.0,0.0,0.0,0.0,0.0,0.0,NAV2,,False,True,True,True,,1.510302977935883
27.27235046700025,126.22860719903197,101.58942257376023,-0.16511771981481038,0.05762019640519421,0.0,0.0,0.0,0.0,0.0,0.0,0.0,0.0,-0.035,-0.019,0.086,0.03982461550347976,0.0,0.0,0.0,0.0,0.0,0.0,NAV2,,False,True,True,True,,1.514429501429735
27.321607406000112,126.22860719903197,101.58942257376023,-0.16511771981481038,0.05762019640519421,0.0,0.0,0.0,0.0,0.0,0.0,0.0,0.0,-0.035,-0.019,0.086,0.03982461550347976,0.0,0.0,0.0,0.0,0.0,0.0,NAV2,,False,True,True,True,,1.517113592592926
27.362242144999982,126.23175994070577,101.58755243826141,-0.16513121450276413,0.05808262732071576,0.0,0.0,0.0,0.0,0.0,0.0,0.0,0.0,-0.031,0.065,-0.004,0.07201388754955533,0.0,0.0,0.0,0.0,0.0,0.0,NAV2,,False,True,True,True,,1.5090578667711734
27.403120498000135,126.23175994070577,101.58755243826141,-0.16513121450276413,0.05808262732071576,0.0,0.0,0.0,0.0,0.0,0.0,0.0,0.0,-0.031,0.065,-0.004,0.07201388754955533,0.0,0.0,0.0,0.0,0.0,0.0,NAV2,,False,True,True,True,,1.5068314179989153
27.443387557999813,126.23626626630279,101.58597865697227,-0.16481853210255612,0.059329305895891866,0.0,0.0,0.0,0.0,0.0,0.0,0.0,0.0,0.05,-0.034,-0.028,0.0604648658313239,0.0,0.0,0.0,0.0,0.0,0.0,NAV2,,False,True,True,True,,1.5067050695586053
27.489451743000245,126.23626626630279,101.58597865697227,-0.16481853210255612,0.059329305895891866,0.0,0.0,0.0,0.0,0.0,0.0,0.0,0.0,0.05,-0.034,-0.028,0.0604648658313239,0.0,0.0,0.0,0.0,0.0,0.0,NAV2,,False,True,True,True,,1.5139912862262432
27.530487813000036,126.23626626630279,101.58597865697227,-0.16481853210255612,0.059329305895891866,0.0,0.0,0.0,0.0,0.0,0.0,0.0,0.0,0.05,-0.034,-0.028,0.0604648658313239,0.0,0.0,0.0,0.0,0.0,0.0,NAV2,,False,True,True,True,,1.5146888289992853
27.572341623000284,126.24014969942463,101.58466511953463,-0.16450975351115815,0.06003237910114254,0.0,0.0,0.0,0.0,0.0,0.0,0.0,0.0,-0.003,0.061,0.054,0.06107372593840988,0.0,0.0,0.0,0.0,0.0,0.0,NAV2,,False,True,True,True,,1.5092639813074016
27.62106174500059,126.24014969942463,101.58466511953463,-0.16450975351115815,0.06003237910114254,0.0,0.0,0.0,0.0,0.0,0.0,0.0,0.0,-0.003,0.061,0.054,0.06107372593840988,0.0,0.0,0.0,0.0,0.0,0.0,NAV2,,False,True,True,True,,1.510895245902102
27.661294851000093,126.24529782066138,101.58359313717261,-0.16398471777073143,0.06145843251389713,0.0,0.0,0.0,0.0,0.0,0.0,0.0,0.0,0.01,-0.002,0.007,0.01019803902718557,0.0,0.0,0.0,0.0,0.0,0.0,NAV2,,False,True,True,True,,1.5112723285145668
27.70306169200012,126.24529782066138,101.58359313717261,-0.16398471777073143,0.06145843251389713,0.0,0.0,0.0,0.0,0.0,0.0,0.0,0.0,0.01,-0.002,0.007,0.01019803902718557,0.0,0.0,0.0,0.0,0.0,0.0,NAV2,,False,True,True,True,,1.5145071834053552
27.74740894200022,126.24973960997696,101.58273336845127,-0.16354225337292316,0.06228600302573455,0.0,0.0,0.0,0.0,0.0,0.0,0.0,0.0,0.018,-0.037,0.007,0.041146081222881964,0.0,0.0,0.0,0.0,0.0,0.0,NAV2,,False,True,True,True,,1.5097386418315504
27.78781663800055,126.24973960997696,101.58273336845127,-0.16354225337292316,0.06228600302573455,0.0,0.0,0.0,0.0,0.0,0.0,0.0,0.0,0.018,-0.037,0.007,0.041146081222881964,0.0,0.0,0.0,0.0,0.0,0.0,NAV2,,False,True,True,True,,1.5099996880183855
27.830455586000426,126.24973960997696,101.58273336845127,-0.16354225337292316,0.06228600302573455,0.0,0.0,0.0,0.0,0.0,0.0,0.0,0.0,0.018,-0.037,0.007,0.041146081222881964,0.0,0.0,0.0,0.0,0.0,0.0,NAV2,,False,True,True,True,,1.5099996880183855
27.8710378880005,126.25352712461047,101.5820685882203,-0.16317967069905134,0.062577338989953,0.0,0.0,0.0,0.0,0.0,0.0,0.0,0.0,0.043,0.029,0.023,0.05186520991955976,0.0,0.0,0.0,0.0,0.0,0.0,NAV2,,False,True,True,True,,1.5152918642971869
27.91211585000019,126.25352712461047,101.5820685882203,-0.16317967069905134,0.062577338989953,0.0,0.0,0.0,0.0,0.0,0.0,0.0,0.0,0.043,0.029,0.023,0.05186520991955976,0.0,0.0,0.0,0.0,0.0,0.0,NAV2,,False,True,True,True,,1.5157992918461194
27.952326456000264,126.25856204917284,101.58158082349239,-0.16270323222694216,0.06360649532228098,0.0,0.0,0.0,0.0,0.0,0.0,0.0,0.0,-0.078,0.069,-0.018,0.1041393297462587,0.0,0.0,0.0,0.0,0.0,0.0,NAV2,,False,True,True,True,,1.5095060064554595
28.000243968000177,126.25856204917284,101.58158082349239,-0.16270323222694216,0.06360649532228098,0.0,0.0,0.0,0.0,0.0,0.0,0.0,0.0,-0.078,0.069,-0.018,0.1041393297462587,0.0,0.0,0.0,0.0,0.0,0.0,NAV2,,False,True,True,True,,1.5103167510243527
28.041001427000083,126.25856204917284,101.58158082349239,-0.16270323222694216,0.06360649532228098,0.0,0.0,0.0,0.0,0.0,0.0,0.0,0.0,-0.078,0.069,-0.018,0.1041393297462587,0.0,0.0,0.0,0.0,0.0,0.0,NAV2,,False,True,True,True,,1.507901833077845
28.081258865000564,126.26286852213582,101.58124774610909,-0.16233932476155208,0.06404953468605014,0.0,0.0,0.0,0.0,0.0,0.0,0.0,0.0,-0.048,-0.053,0.029,0.07150524456289901,0.0,0.0,0.0,0.0,0.0,0.0,NAV2,,False,True,True,True,,1.509174507355906
28.121337557000516,126.26286852213582,101.58124774610909,-0.16233932476155208,0.06404953468605014,0.0,0.0,0.0,0.0,0.0,0.0,0.0,0.0,-0.048,-0.053,0.029,0.07150524456289901,0.0,0.0,0.0,0.0,0.0,0.0,NAV2,,False,True,True,True,,1.5098251022202418
28.161660757999925,126.26650463165092,101.58105550853979,-0.16206542552048386,0.06397044499856605,0.0,0.0,0.0,0.0,0.0,0.0,0.0,0.0,0.042,-0.043,-0.034,0.06010823570859487,0.0,0.0,0.0,0.0,0.0,0.0,NAV2,,False,True,True,True,,1.5084985951939385
28.202153885999905,126.26650463165092,101.58105550853979,-0.16206542552048386,0.06397044499856605,0.0,0.0,0.0,0.0,0.0,0.0,0.0,0.0,0.042,-0.043,-0.034,0.06010823570859487,0.0,0.0,0.0,0.0,0.0,0.0,NAV2,,False,True,True,True,,1.5113876341656567
28.242412843999773,126.26650463165092,101.58105550853979,-0.16206542552048386,0.06397044499856605,0.0,0.0,0.0,0.0,0.0,0.0,0.0,0.0,-0.06,-0.023,-0.031,0.06425729530566937,0.0,0.0,0.0,0.0,0.0,0.0,NAV2,,False,True,True,True,,1.5101718999539422
28.288840688000164,126.27138267776185,101.57911492828411,-0.16212499297303976,0.06485662805557703,0.0,0.0,0.0,0.0,0.0,0.0,0.0,0.0,-0.06,-0.023,-0.031,0.06425729530566937,0.0,0.0,0.0,0.0,0.0,0.0,NAV2,,False,True,True,True,,1.5099545195329458
28.330707500000244,126.27138267776185,101.57911492828411,-0.16212499297303976,0.06485662805557703,0.0,0.0,0.0,0.0,0.0,0.0,0.0,0.0,-0.06,-0.023,-0.031,0.06425729530566937,0.0,0.0,0.0,0.0,0.0,0.0,NAV2,,False,True,True,True,,1.5096805403784237
28.37244069100052,126.27551678158636,101.57559036999521,-0.16244612029789884,0.0653450326049651,0.0,0.0,0.0,0.0,0.0,0.0,0.0,0.0,0.004,0.008,-0.025,0.00894427190999916,0.0,0.0,0.0,0.0,0.0,0.0,NAV2,,False,True,True,True,,1.5071688549522109
28.420978975999788,126.27551678158636,101.57559036999521,-0.16244612029789884,0.0653450326049651,0.0,0.0,0.0,0.0,0.0,0.0,0.0,0.0,0.004,0.008,-0.025,0.00894427190999916,0.0,0.0,0.0,0.0,0.0,0.0,NAV2,,False,True,True,True,,1.5064017225761521
28.46136139600003,126.28083811343691,101.57252397326126,-0.1625775836511183,0.06649665964331132,0.0,0.0,0.0,0.0,0.0,0.0,0.0,0.0,0.009,-0.024,-0.026,0.025632011235952594,0.0,0.0,0.0,0.0,0.0,0.0,NAV2,,False,True,True,True,,1.5083652371012066
28.502062468000076,126.28083811343691,101.57252397326126,-0.1625775836511183,0.06649665964331132,0.0,0.0,0.0,0.0,0.0,0.0,0.0,0.0,0.009,-0.024,-0.026,0.025632011235952594,0.0,0.0,0.0,0.0,0.0,0.0,NAV2,,False,True,True,True,,1.5098682114234716
28.542469191000237,126.28534622031448,101.56797522708042,-0.16279064227498985,0.0671818623212556,0.0,0.0,0.0,0.0,0.0,0.0,0.0,0.0,0.009,-0.024,-0.026,0.025632011235952594,0.0,0.0,0.0,0.0,0.0,0.0,NAV2,,False,True,True,True,,1.5104905090240375
28.5887152360001,126.28534622031448,101.56797522708042,-0.16279064227498985,0.0671818623212556,0.0,0.0,0.0,0.0,0.0,0.0,0.0,0.0,-0.001,0.068,-0.02,0.06800735254367722,0.0,0.0,0.0,0.0,0.0,0.0,NAV2,,False,True,True,True,,1.5068314179989153
28.631239518000257,126.28534622031448,101.56797522708042,-0.16279064227498985,0.0671818623212556,0.0,0.0,0.0,0.0,0.0,0.0,0.0,0.0,-0.001,0.068,-0.02,0.06800735254367722,0.0,0.0,0.0,0.0,0.0,0.0,NAV2,,False,True,True,True,,1.5088554818470077
28.67170873000032,126.28910459850428,101.56400266266822,-0.16289225146097408,0.06723965074009323,0.0,0.0,0.0,0.0,0.0,0.0,0.0,0.0,0.064,-0.062,-0.049,0.08910667763978186,0.0,0.0,0.0,0.0,0.0,0.0,NAV2,,False,True,True,True,,1.5072948381452738
28.712182371999916,126.28910459850428,101.56400266266822,-0.16289225146097408,0.06723965074009323,0.0,0.0,0.0,0.0,0.0,0.0,0.0,0.0,0.064,-0.062,-0.049,0.08910667763978186,0.0,0.0,0.0,0.0,0.0,0.0,NAV2,,False,True,True,True,,1.5104905090240375
28.752558551999755,126.29218477927586,101.56055819112609,-0.16294025459026695,0.06674439614918445,0.0,0.0,0.0,0.0,0.0,0.0,0.0,0.0,0.042,0.01,-0.008,0.04317406628984581,0.0,0.0,0.0,0.0,0.0,0.0,NAV2,,False,True,True,True,,1.5104905090240375
28.80173392100005,126.29218477927586,101.56055819112609,-0.16294025459026695,0.06674439614918445,0.0,0.0,0.0,0.0,0.0,0.0,0.0,0.0,0.042,0.01,-0.008,0.04317406628984581,0.0,0.0,0.0,0.0,0.0,0.0,NAV2,,False,True,True,True,,1.5099113505173856
28.841834566000216,126.29218477927586,101.56055819112609,-0.16294025459026695,0.06674439614918445,0.0,0.0,0.0,0.0,0.0,0.0,0.0,0.0,0.042,0.01,-0.008,0.04317406628984581,0.0,0.0,0.0,0.0,0.0,0.0,NAV2,,False,True,True,True,,1.5065868947022736
28.882311071000004,126.29632139159872,101.555786819305,-0.162879747970186,0.06717200854821251,0.0,0.0,0.0,0.0,0.0,0.0,0.0,0.0,-0.024,0.034,-0.018,0.041617304093369625,0.0,0.0,0.0,0.0,0.0,0.0,NAV2,,False,True,True,True,,1.5148975048285764
28.92331437499979,126.29632139159872,101.555786819305,-0.162879747970186,0.06717200854821251,0.0,0.0,0.0,0.0,0.0,0.0,0.0,0.0,-0.024,0.034,-0.018,0.041617304093369625,0.0,0.0,0.0,0.0,0.0,0.0,NAV2,,False,True,True,True,,1.513979092132764
28.970568900000217,126.30001817897103,101.55153175597361,-0.1628187494878035,0.06707638215069052,0.0,0.0,0.0,0.0,0.0,0.0,0.0,0.0,0.023,0.022,0.048,0.0318276609256791,0.0,0.0,0.0,0.0,0.0,0.0,NAV2,,False,True,True,True,,1.5112136999064867
29.01238375200046,126.30001817897103,101.55153175597361,-0.1628187494878035,0.06707638215069052,0.0,0.0,0.0,0.0,0.0,0.0,0.0,0.0,0.023,0.022,0.048,0.0318276609256791,0.0,0.0,0.0,0.0,0.0,0.0,NAV2,,False,True,True,True,,1.509984335149801
29.055125050999777,126.30511939313601,101.54777915206142,-0.16277877464325827,0.06772808766139464,0.0,0.0,0.0,0.0,0.0,0.0,0.0,0.0,-0.007,0.021,0.033,0.022135943621178655,0.0,0.0,0.0,0.0,0.0,0.0,NAV2,,False,True,True,True,,1.507438520907565
29.101562730000296,126.30511939313601,101.54777915206142,-0.16277877464325827,0.06772808766139464,0.0,0.0,0.0,0.0,0.0,0.0,0.0,0.0,-0.007,0.021,0.033,0.022135943621178655,0.0,0.0,0.0,0.0,0.0,0.0,NAV2,,False,True,True,True,,1.5152805354542356
29.142166749999888,126.30511939313601,101.54777915206142,-0.16277877464325827,0.06772808766139464,0.0,0.0,0.0,0.0,0.0,0.0,0.0,0.0,-0.007,0.021,0.033,0.022135943621178655,0.0,0.0,0.0,0.0,0.0,0.0,NAV2,,False,True,True,True,,1.5120399152421187
29.182210171000406,126.30917218073182,101.54467956486694,-0.1628405170378726,0.06764629747602521,0.0,0.0,0.0,0.0,0.0,0.0,0.0,0.0,0.042,-0.008,-0.049,0.042755116652863905,0.0,0.0,0.0,0.0,0.0,0.0,NAV2,,False,True,True,True,,1.5107797038800814
29.22225078199972,126.30917218073182,101.54467956486694,-0.1628405170378726,0.06764629747602521,0.0,0.0,0.0,0.0,0.0,0.0,0.0,0.0,0.042,-0.008,-0.049,0.042755116652863905,0.0,0.0,0.0,0.0,0.0,0.0,NAV2,,False,True,True,True,,1.5085837594354412
29.27062989299975,126.31441381751495,101.5420776705108,-0.16298161274325196,0.06826391075739269,0.0,0.0,0.0,0.0,0.0,0.0,0.0,0.0,0.002,0.004,-0.046,0.00447213595499958,0.0,0.0,0.0,0.0,0.0,0.0,NAV2,,False,True,True,True,,1.5079772394185533
29.311797512999874,126.31441381751495,101.5420776705108,-0.16298161274325196,0.06826391075739269,0.0,0.0,0.0,0.0,0.0,0.0,0.0,0.0,0.002,0.004,-0.046,0.00447213595499958,0.0,0.0,0.0,0.0,0.0,0.0,NAV2,,False,True,True,True,,1.5160474658002019
29.352153323000493,126.31975982190092,101.5374608349408,-0.1628453487778603,0.06861850296221485,0.0,0.0,0.0,0.0,0.0,0.0,0.0,0.0,0.002,0.004,-0.046,0.00447213595499958,0.0,0.0,0.0,0.0,0.0,0.0,NAV2,,False,True,True,True,,1.5160474658002019
29.401948397000524,126.31975982190092,101.5374608349408,-0.1628453487778603,0.06861850296221485,0.0,0.0,0.0,0.0,0.0,0.0,0.0,0.0,0.059,-0.003,0.075,0.05907622195096771,0.0,0.0,0.0,0.0,0.0,0.0,NAV2,,False,True,True,True,,1.5073629592345672
29.44251260300007,126.32513779706588,101.53402866329397,-0.16285782371181276,0.06928962450915709,0.0,0.0,0.0,0.0,0.0,0.0,0.0,0.0,0.059,-0.003,0.075,0.05907622195096771,0.0,0.0,0.0,0.0,0.0,0.0,NAV2,,False,True,True,True,,1.5058552607733553
29.48886878400026,126.32513779706588,101.53402866329397,-0.16285782371181276,0.06928962450915709,0.0,0.0,0.0,0.0,0.0,0.0,0.0,0.0,-0.032,0.013,-0.014,0.03453983207834109,0.0,0.0,0.0,0.0,0.0,0.0,NAV2,,False,True,True,True,,1.5153146053505506
29.530696351999723,126.32513779706588,101.53402866329397,-0.16285782371181276,0.06928962450915709,0.0,0.0,0.0,0.0,0.0,0.0,0.0,0.0,-0.032,0.013,-0.014,0.03453983207834109,0.0,0.0,0.0,0.0,0.0,0.0,NAV2,,False,True,True,True,,1.513979092132764
29.572143356000197,126.3302721519178,101.53183131345051,-0.16300655695818692,0.07027413292002359,0.0,0.0,0.0,0.0,0.0,0.0,0.0,0.0,0.104,-0.056,0.06,0.1181185844818672,0.0,0.0,0.0,0.0,0.0,0.0,NAV2,,False,True,True,True,,1.514611490812705
29.61231717999999,126.3302721519178,101.53183131345051,-0.16300655695818692,0.07027413292002359,0.0,0.0,0.0,0.0,0.0,0.0,0.0,0.0,0.104,-0.056,0.06,0.1181185844818672,0.0,0.0,0.0,0.0,0.0,0.0,NAV2,,False,True,True,True,,1.5098251022202418
29.6552214809999,126.33726206509822,101.5286254129555,-0.1632918176810234,0.07117570930017826,0.0,0.0,0.0,0.0,0.0,0.0,0.0,0.0,-0.125,0.014,0.088,0.12578155667664476,0.0,0.0,0.0,0.0,0.0,0.0,NAV2,,False,True,True,True,,1.5088127309742287
29.70243291099996,126.33726206509822,101.5286254129555,-0.1632918176810234,0.07117570930017826,0.0,0.0,0.0,0.0,0.0,0.0,0.0,0.0,-0.125,0.014,0.088,0.12578155667664476,0.0,0.0,0.0,0.0,0.0,0.0,NAV2,,False,True,True,True,,1.5068904670215852
29.74270954900021,126.33726206509822,101.5286254129555,-0.1632918176810234,0.07117570930017826,0.0,0.0,0.0,0.0,0.0,0.0,0.0,0.0,-0.125,0.014,0.088,0.12578155667664476,0.0,0.0,0.0,0.0,0.0,0.0,NAV2,,False,True,True,True,,1.5094200450113355
29.78277827200054,126.34173506046629,101.52470563957958,-0.16320318334293393,0.071084653831434,0.0,0.0,0.0,0.0,0.0,0.0,0.0,0.0,0.101,-0.057,-0.029,0.11597413504743202,0.0,0.0,0.0,0.0,0.0,0.0,NAV2,,False,True,True,True,,1.5059977514506846
29.824258433000068,126.34173506046629,101.52470563957958,-0.16320318334293393,0.071084653831434,0.0,0.0,0.0,0.0,0.0,0.0,0.0,0.0,0.101,-0.057,-0.029,0.11597413504743202,0.0,0.0,0.0,0.0,0.0,0.0,NAV2,,False,True,True,True,,1.5094078052631308
29.87028944299982,126.34539314970593,101.52140089413683,-0.1633489200054776,0.07035928424450409,0.0,0.0,0.0,0.0,0.0,0.0,0.0,0.0,-0.005,0.006,0.064,0.0078102496759066544,0.0,0.0,0.0,0.0,0.0,0.0,NAV2,,False,True,True,True,,1.5064613327532272
29.91230425000049,126.34539314970593,101.52140089413683,-0.1633489200054776,0.07035928424450409,0.0,0.0,0.0,0.0,0.0,0.0,0.0,0.0,-0.005,0.006,0.064,0.0078102496759066544,0.0,0.0,0.0,0.0,0.0,0.0,NAV2,,False,True,True,True,,1.508727318026685
29.95447865799997,126.34897926263794,101.5193516230272,-0.16366222628777874,0.07014584513744587,0.0,0.0,0.0,0.0,0.0,0.0,0.0,0.0,-0.022,0.033,0.044,0.03966106403010388,0.0,0.0,0.0,0.0,0.0,0.0,NAV2,,False,True,True,True,,1.5072948381452738
29.994883416000448,126.34897926263794,101.5193516230272,-0.16366222628777874,0.07014584513744587,0.0,0.0,0.0,0.0,0.0,0.0,0.0,0.0,-0.022,0.033,0.044,0.03966106403010388,0.0,0.0,0.0,0.0,0.0,0.0,NAV2,,False,True,True,True,,1.5057008958734042
30.04148935000012,126.34897926263794,101.5193516230272,-0.16366222628777874,0.07014584513744587,0.0,0.0,0.0,0.0,0.0,0.0,0.0,0.0,-0.022,0.033,0.044,0.03966106403010388,0.0,0.0,0.0,0.0,0.0,0.0,NAV2,,False,True,True,True,,1.5067050695586053
30.082337541000015,126.35330649421536,101.51692606259883,-0.16410867890786385,0.06973562995426583,0.0,0.0,0.0,0.0,0.0,0.0,0.0,0.0,-0.004,-0.069,0.017,0.0691158447825099,0.0,0.0,0.0,0.0,0.0,0.0,NAV2,,False,True,True,True,,1.5060329817776057
30.122689789000106,126.35330649421536,101.51692606259883,-0.16410867890786385,0.06973562995426583,0.0,0.0,0.0,0.0,0.0,0.0,0.0,0.0,-0.004,-0.069,0.017,0.0691158447825099,0.0,0.0,0.0,0.0,0.0,0.0,NAV2,,False,True,True,True,,1.5086848032686142
30.170096515000296,126.35805650412689,101.51232331263394,-0.16402235040629387,0.06913531455486988,0.0,0.0,0.0,0.0,0.0,0.0,0.0,0.0,0.022,-0.094,0.063,0.09654014708917737,0.0,0.0,0.0,0.0,0.0,0.0,NAV2,,False,True,True,True,,1.506806081963162
30.21073713700025,126.35805650412689,101.51232331263394,-0.16402235040629387,0.06913531455486988,0.0,0.0,0.0,0.0,0.0,0.0,0.0,0.0,0.022,-0.094,0.063,0.09654014708917737,0.0,0.0,0.0,0.0,0.0,0.0,NAV2,,False,True,True,True,,1.5096224006896561
30.252281097999912,126.36157584548634,101.50769151323826,-0.1634501361520995,0.0689065670990493,0.0,0.0,0.0,0.0,0.0,0.0,0.0,0.0,0.053,-0.063,0.011,0.08232860985101109,0.0,0.0,0.0,0.0,0.0,0.0,NAV2,,False,True,True,True,,1.5062241121915594
30.29253847400014,126.36157584548634,101.50769151323826,-0.1634501361520995,0.0689065670990493,0.0,0.0,0.0,0.0,0.0,0.0,0.0,0.0,0.053,-0.063,0.011,0.08232860985101109,0.0,0.0,0.0,0.0,0.0,0.0,NAV2,,False,True,True,True,,1.508248080292202
30.341479957000047,126.36157584548634,101.50769151323826,-0.1634501361520995,0.0689065670990493,0.0,0.0,0.0,0.0,0.0,0.0,0.0,0.0,0.053,-0.063,0.011,0.08232860985101109,0.0,0.0,0.0,0.0,0.0,0.0,NAV2,,False,True,True,True,,1.506182292137053
30.381662228000096,126.3663225070033,101.50265234669136,-0.16320054490898128,0.06848749072231543,0.0,0.0,0.0,0.0,0.0,0.0,0.0,0.0,-0.032,0.023,0.061,0.03940812099047606,0.0,0.0,0.0,0.0,0.0,0.0,NAV2,,False,True,True,True,,1.5048040404488974
30.421813001000373,126.3663225070033,101.50265234669136,-0.16320054490898128,0.06848749072231543,0.0,0.0,0.0,0.0,0.0,0.0,0.0,0.0,-0.032,0.023,0.061,0.03940812099047606,0.0,0.0,0.0,0.0,0.0,0.0,NAV2,,False,True,True,True,,1.5060574911397266
30.461982189000082,126.37115232117497,101.49694093266446,-0.16247445636798252,0.06869148810322448,0.0,0.0,0.0,0.0,0.0,0.0,0.0,0.0,0.0,-0.031,0.113,0.031,0.0,0.0,0.0,0.0,0.0,0.0,NAV2,,False,True,True,True,,1.5060574911397266
30.503375839,126.37115232117497,101.49694093266446,-0.16247445636798252,0.06869148810322448,0.0,0.0,0.0,0.0,0.0,0.0,0.0,0.0,0.0,-0.031,0.113,0.031,0.0,0.0,0.0,0.0,0.0,0.0,NAV2,,False,True,True,True,,1.5121104559192728
30.54653734099975,126.3751147067143,101.49207974137757,-0.1621795388518481,0.06819431498820218,0.0,0.0,0.0,0.0,0.0,0.0,0.0,0.0,0.026,-0.029,0.022,0.03894868418830089,0.0,0.0,0.0,0.0,0.0,0.0,NAV2,,False,True,True,True,,1.5163679568401944
30.58892135699989,126.3751147067143,101.49207974137757,-0.1621795388518481,0.06819431498820218,0.0,0.0,0.0,0.0,0.0,0.0,0.0,0.0,0.026,-0.029,0.022,0.03894868418830089,0.0,0.0,0.0,0.0,0.0,0.0,NAV2,,False,True,True,True,,1.5116342760291068
30.630195079999794,126.3751147067143,101.49207974137757,-0.1621795388518481,0.06819431498820218,0.0,0.0,0.0,0.0,0.0,0.0,0.0,0.0,0.026,-0.029,0.022,0.03894868418830089,0.0,0.0,0.0,0.0,0.0,0.0,NAV2,,False,True,True,True,,1.5093035215883412
30.670516084000155,126.37830347286145,101.48798032034843,-0.16227291647162234,0.06709775410125444,0.0,0.0,0.0,0.0,0.0,0.0,0.0,0.0,-0.093,0.01,0.117,0.09353608929178085,0.0,0.0,0.0,0.0,0.0,0.0,NAV2,,False,True,True,True,,1.5057543164455773
30.71228420100033,126.37830347286145,101.48798032034843,-0.16227291647162234,0.06709775410125444,0.0,0.0,0.0,0.0,0.0,0.0,0.0,0.0,-0.093,0.01,0.117,0.09353608929178085,0.0,0.0,0.0,0.0,0.0,0.0,NAV2,,False,True,True,True,,1.509275972176966
30.75518292900051,126.38079894757338,101.48456670360974,-0.16270911076031824,0.06549191053354457,0.0,0.0,0.0,0.0,0.0,0.0,0.0,0.0,-0.013,-0.01,0.113,0.016401219466856725,0.0,0.0,0.0,0.0,0.0,0.0,NAV2,,False,True,True,True,,1.5161596772389545
30.79679869499978,126.38079894757338,101.48456670360974,-0.16270911076031824,0.06549191053354457,0.0,0.0,0.0,0.0,0.0,0.0,0.0,0.0,-0.013,-0.01,0.113,0.016401219466856725,0.0,0.0,0.0,0.0,0.0,0.0,NAV2,,False,True,True,True,,1.5098831772556294
30.84124087700002,126.38079894757338,101.48456670360974,-0.16270911076031824,0.06549191053354457,0.0,0.0,0.0,0.0,0.0,0.0,0.0,0.0,-0.013,-0.01,0.113,0.016401219466856725,0.0,0.0,0.0,0.0,0.0,0.0,NAV2,,False,True,True,True,,1.5060394779118085
30.882657778000066,126.38268372838485,101.4817631342192,-0.16344054205257796,0.06345827180151457,0.0,0.0,0.0,0.0,0.0,0.0,0.0,0.0,-0.003,0.034,0.143,0.03413209633175203,0.0,0.0,0.0,0.0,0.0,0.0,NAV2,,False,True,True,True,,1.5107362721263353
30.922703217000162,126.38268372838485,101.4817631342192,-0.16344054205257796,0.06345827180151457,0.0,0.0,0.0,0.0,0.0,0.0,0.0,0.0,-0.003,0.034,0.143,0.03413209633175203,0.0,0.0,0.0,0.0,0.0,0.0,NAV2,,False,True,True,True,,1.5120973221943836
30.970290115999887,126.38293732347267,101.48031954446657,-0.16441619352096556,0.060940958102886834,0.0,0.0,0.0,0.0,0.0,0.0,0.0,0.0,0.041,0.008,0.045,0.041773197148410844,0.0,0.0,0.0,0.0,0.0,0.0,NAV2,,False,True,True,True,,1.5117493113449658
31.01034250900011,126.38293732347267,101.48031954446657,-0.16441619352096556,0.060940958102886834,0.0,0.0,0.0,0.0,0.0,0.0,0.0,0.0,0.041,0.008,0.045,0.041773197148410844,0.0,0.0,0.0,0.0,0.0,0.0,NAV2,,False,True,True,True,,1.5083226885239536
31.052089636000346,126.38607682662628,101.47831547232596,-0.16545516436787633,0.059791652463181216,0.0,0.0,0.0,0.0,0.0,0.0,0.0,0.0,-0.032,-0.029,0.069,0.04318564576337837,0.0,0.0,0.0,0.0,0.0,0.0,NAV2,,False,True,True,True,,1.507471848320419
31.092521638000107,126.38607682662628,101.47831547232596,-0.16545516436787633,0.059791652463181216,0.0,0.0,0.0,0.0,0.0,0.0,0.0,0.0,-0.032,-0.029,0.069,0.04318564576337837,0.0,0.0,0.0,0.0,0.0,0.0,NAV2,,False,True,True,True,,1.5102298840077042
31.13323254399984,126.38607682662628,101.47831547232596,-0.16545516436787633,0.059791652463181216,0.0,0.0,0.0,0.0,0.0,0.0,0.0,0.0,-0.032,-0.029,0.069,0.04318564576337837,0.0,0.0,0.0,0.0,0.0,0.0,NAV2,,False,True,True,True,,1.5135734618641798
31.18168118199992,126.38951463325382,101.47606389489228,-0.1666848563716972,0.0582768646250322,0.0,0.0,0.0,0.0,0.0,0.0,0.0,0.0,0.062,0.0,0.073,0.062,0.0,0.0,0.0,0.0,0.0,0.0,NAV2,,False,True,True,True,,1.5122425896903178
31.221966367999812,126.38951463325382,101.47606389489228,-0.1666848563716972,0.0582768646250322,0.0,0.0,0.0,0.0,0.0,0.0,0.0,0.0,0.062,0.0,0.073,0.062,0.0,0.0,0.0,0.0,0.0,0.0,NAV2,,False,True,True,True,,1.5075396619320194
31.262028592000206,126.39108123919134,101.47517290645037,-0.1681456305403688,0.05605532270153447,0.0,0.0,0.0,0.0,0.0,0.0,0.0,0.0,-0.04,-0.039,0.105,0.05586591089385369,0.0,0.0,0.0,0.0,0.0,0.0,NAV2,,False,True,True,True,,1.5064194856661686
31.310789682000177,126.39108123919134,101.47517290645037,-0.1681456305403688,0.05605532270153447,0.0,0.0,0.0,0.0,0.0,0.0,0.0,0.0,-0.04,-0.039,0.105,0.05586591089385369,0.0,0.0,0.0,0.0,0.0,0.0,NAV2,,False,True,True,True,,1.5063425580203897
31.352142116999858,126.39316752192033,101.47330905102893,-0.16867581616208185,0.05499633660518327,0.0,0.0,0.0,0.0,0.0,0.0,0.0,0.0,-0.04,-0.039,0.105,0.05586591089385369,0.0,0.0,0.0,0.0,0.0,0.0,NAV2,,False,True,True,True,,1.5090305787064011
31.392219068000486,126.39316752192033,101.47330905102893,-0.16867581616208185,0.05499633660518327,0.0,0.0,0.0,0.0,0.0,0.0,0.0,0.0,-0.023,-0.017,0.016,0.028600699292150183,0.0,0.0,0.0,0.0,0.0,0.0,NAV2,,False,True,True,True,,1.5035331254608668
31.433117681000112,126.39316752192033,101.47330905102893,-0.16867581616208185,0.05499633660518327,0.0,0.0,0.0,0.0,0.0,0.0,0.0,0.0,-0.023,-0.017,0.016,0.028600699292150183,0.0,0.0,0.0,0.0,0.0,0.0,NAV2,,False,True,True,True,,1.5067132033664756
31.47659586000009,126.39655072648355,101.47052560762253,-0.16932976685917955,0.05381066192318558,0.0,0.0,0.0,0.0,0.0,0.0,0.0,0.0,-0.008,0.034,0.024,0.03492849839314596,0.0,0.0,0.0,0.0,0.0,0.0,NAV2,,False,True,True,True,,1.5065376066380047
31.51799872599986,126.39655072648355,101.47052560762253,-0.16932976685917955,0.05381066192318558,0.0,0.0,0.0,0.0,0.0,0.0,0.0,0.0,-0.008,0.034,0.024,0.03492849839314596,0.0,0.0,0.0,0.0,0.0,0.0,NAV2,,False,True,True,True,,1.5079934548488403
31.560949157000323,126.39843850473852,101.46887594343241,-0.17020044487145203,0.05201356606413609,0.0,0.0,0.0,0.0,0.0,0.0,0.0,0.0,0.004,0.011,0.032,0.011704699910719624,0.0,0.0,0.0,0.0,0.0,0.0,NAV2,,False,True,True,True,,1.5068235726008812
31.601031692000106,126.39843850473852,101.46887594343241,-0.17020044487145203,0.05201356606413609,0.0,0.0,0.0,0.0,0.0,0.0,0.0,0.0,0.004,0.011,0.032,0.011704699910719624,0.0,0.0,0.0,0.0,0.0,0.0,NAV2,,False,True,True,True,,1.5088711288272882
31.64285257099982,126.39843850473852,101.46887594343241,-0.17020044487145203,0.05201356606413609,0.0,0.0,0.0,0.0,0.0,0.0,0.0,0.0,0.004,0.011,0.032,0.011704699910719624,0.0,0.0,0.0,0.0,0.0,0.0,NAV2,,False,True,True,True,,1.5059449598129389
31.688748008000402,126.399810766019,101.46763632687872,-0.17116780705528314,0.04989383366782727,0.0,0.0,0.0,0.0,0.0,0.0,0.0,0.0,0.046,0.003,0.062,0.046097722286464436,0.0,0.0,0.0,0.0,0.0,0.0,NAV2,,False,True,True,True,,1.5085519309849345
31.731660835000184,126.399810766019,101.46763632687872,-0.17116780705528314,0.04989383366782727,0.0,0.0,0.0,0.0,0.0,0.0,0.0,0.0,0.046,0.003,0.062,0.046097722286464436,0.0,0.0,0.0,0.0,0.0,0.0,NAV2,,False,True,True,True,,1.5078594339618596
31.772154445000524,126.40074750067386,101.4667453240008,-0.17218575454798968,0.0475193619653116,0.0,0.0,0.0,0.0,0.0,0.0,0.0,0.0,-0.037,0.023,0.081,0.043566041821583926,0.0,0.0,0.0,0.0,0.0,0.0,NAV2,,False,True,True,True,,1.5058552607733553
31.812760798000454,126.40074750067386,101.4667453240008,-0.17218575454798968,0.0475193619653116,0.0,0.0,0.0,0.0,0.0,0.0,0.0,0.0,-0.037,0.023,0.081,0.043566041821583926,0.0,0.0,0.0,0.0,0.0,0.0,NAV2,,False,True,True,True,,1.5073708469811389
31.85529427900019,126.40327480889692,101.46617219368044,-0.17342593371170123,0.04627845606587223,0.0,0.0,0.0,0.0,0.0,0.0,0.0,0.0,0.015,0.033,-0.001,0.03624913792078372,0.0,0.0,0.0,0.0,0.0,0.0,NAV2,,False,True,True,True,,1.50718561297734
31.900265811999816,126.40327480889692,101.46617219368044,-0.17342593371170123,0.04627845606587223,0.0,0.0,0.0,0.0,0.0,0.0,0.0,0.0,0.015,0.033,-0.001,0.03624913792078372,0.0,0.0,0.0,0.0,0.0,0.0,NAV2,,False,True,True,True,,1.5087861819394948
31.94147035700007,126.40327480889692,101.46617219368044,-0.17342593371170123,0.04627845606587223,0.0,0.0,0.0,0.0,0.0,0.0,0.0,0.0,0.015,0.033,-0.001,0.03624913792078372,0.0,0.0,0.0,0.0,0.0,0.0,NAV2,,False,True,True,True,,1.5102587553659008
31.98191100799977,126.40525688678348,101.46585860444532,-0.1746344057594431,0.04468211173108643,0.0,0.0,0.0,0.0,0.0,0.0,0.0,0.0,-0.014,0.037,-0.028,0.03956008088970497,0.0,0.0,0.0,0.0,0.0,0.0,NAV2,,False,True,True,True,,1.5052725600452577
32.02381725899977,126.40525688678348,101.46585860444532,-0.1746344057594431,0.04468211173108643,0.0,0.0,0.0,0.0,0.0,0.0,0.0,0.0,-0.014,0.037,-0.028,0.03956008088970497,0.0,0.0,0.0,0.0,0.0,0.0,NAV2,,False,True,True,True,,1.5065105141549544
32.07038843200007,126.40675276096722,101.46779890304745,-0.1768593914309173,0.04259230196985522,0.0,0.0,0.0,0.0,0.0,0.0,0.0,0.0,0.024,0.032,0.035,0.04,0.0,0.0,0.0,0.0,0.0,0.0,NAV2,,False,True,True,True,,1.5075561935170267
32.11266845099999,126.40675276096722,101.46779890304745,-0.1768593914309173,0.04259230196985522,0.0,0.0,0.0,0.0,0.0,0.0,0.0,0.0,0.024,0.032,0.035,0.04,0.0,0.0,0.0,0.0,0.0,0.0,NAV2,,False,True,True,True,,1.5094659147525114
32.1553054420001,126.40786507235067,101.4696864136608,-0.17878229129334766,0.04028760667435953,0.0,0.0,0.0,0.0,0.0,0.0,0.0,0.0,-0.008,-0.04,0.018,0.04079215610874228,0.0,0.0,0.0,0.0,0.0,0.0,NAV2,,False,True,True,True,,1.5149932435766635
32.19967591900058,126.40786507235067,101.4696864136608,-0.17878229129334766,0.04028760667435953,0.0,0.0,0.0,0.0,0.0,0.0,0.0,0.0,-0.008,-0.04,0.018,0.04079215610874228,0.0,0.0,0.0,0.0,0.0,0.0,NAV2,,False,True,True,True,,1.5122425896903178
32.242618309000136,126.40786507235067,101.4696864136608,-0.17878229129334766,0.04028760667435953,0.0,0.0,0.0,0.0,0.0,0.0,0.0,0.0,-0.008,-0.04,0.018,0.04079215610874228,0.0,0.0,0.0,0.0,0.0,0.0,NAV2,,False,True,True,True,,1.5122425896903178
32.288851412999975,126.41049094213014,101.47159800182608,-0.18078759084181953,0.03915451609482984,0.0,0.0,0.0,0.0,0.0,0.0,0.0,0.0,0.001,-0.03,0.07,0.03001666203960727,0.0,0.0,0.0,0.0,0.0,0.0,NAV2,,False,True,True,True,,1.5091593963351362
32.330426980000084,126.41049094213014,101.47159800182608,-0.18078759084181953,0.03915451609482984,0.0,0.0,0.0,0.0,0.0,0.0,0.0,0.0,0.001,-0.03,0.07,0.03001666203960727,0.0,0.0,0.0,0.0,0.0,0.0,NAV2,,False,True,True,True,,1.513560977721618
32.37208699999974,126.41262250276326,101.47343226555651,-0.18245056404457483,0.03769882739839867,0.0,0.0,0.0,0.0,0.0,0.0,0.0,0.0,-0.01,-0.094,-0.011,0.09453041838477179,0.0,0.0,0.0,0.0,0.0,0.0,NAV2,,False,True,True,True,,1.5096224006896561
32.41254947099969,126.41262250276326,101.47343226555651,-0.18245056404457483,0.03769882739839867,0.0,0.0,0.0,0.0,0.0,0.0,0.0,0.0,-0.01,-0.094,-0.011,0.09453041838477179,0.0,0.0,0.0,0.0,0.0,0.0,NAV2,,False,True,True,True,,1.5086848032686142
32.45544483499998,126.41425740899875,101.47320171371639,-0.1827186967962655,0.03617241410480246,0.0,0.0,0.0,0.0,0.0,0.0,0.0,0.0,0.001,-0.016,-0.015,0.016031219541881397,0.0,0.0,0.0,0.0,0.0,0.0,NAV2,,False,True,True,True,,1.5057543164455773
32.5002617250002,126.41425740899875,101.47320171371639,-0.1827186967962655,0.03617241410480246,0.0,0.0,0.0,0.0,0.0,0.0,0.0,0.0,0.001,-0.016,-0.015,0.016031219541881397,0.0,0.0,0.0,0.0,0.0,0.0,NAV2,,False,True,True,True,,1.5100854965577213
32.54130515199995,126.41425740899875,101.47320171371639,-0.1827186967962655,0.03617241410480246,0.0,0.0,0.0,0.0,0.0,0.0,0.0,0.0,0.001,-0.016,-0.015,0.016031219541881397,0.0,0.0,0.0,0.0,0.0,0.0,NAV2,,False,True,True,True,,1.517113592592926
32.58201276799991,126.41548816331267,101.47312268536791,-0.18286486297826787,0.03439593623525453,0.0,0.0,0.0,0.0,0.0,0.0,0.0,0.0,0.006,0.003,0.071,0.00670820393249937,0.0,0.0,0.0,0.0,0.0,0.0,NAV2,,False,True,True,True,,1.5126042046431334
32.62210118500025,126.41548816331267,101.47312268536791,-0.18286486297826787,0.03439593623525453,0.0,0.0,0.0,0.0,0.0,0.0,0.0,0.0,0.006,0.003,0.071,0.00670820393249937,0.0,0.0,0.0,0.0,0.0,0.0,NAV2,,False,True,True,True,,1.5110260883332438
32.67002121200039,126.41628713668455,101.47320573759774,-0.1828895598510396,0.032422231600612667,0.0,0.0,0.0,0.0,0.0,0.0,0.0,0.0,0.068,-0.065,-0.034,0.09406912352095134,0.0,0.0,0.0,0.0,0.0,0.0,NAV2,,False,True,True,True,,1.5069245204958497
32.71179271700021,126.41628713668455,101.47320573759774,-0.1828895598510396,0.032422231600612667,0.0,0.0,0.0,0.0,0.0,0.0,0.0,0.0,0.068,-0.065,-0.034,0.09406912352095134,0.0,0.0,0.0,0.0,0.0,0.0,NAV2,,False,True,True,True,,1.509275972176966
32.75217209400034,126.41684964702893,101.47336700389697,-0.18280357321086219,0.030293818195474574,0.0,0.0,0.0,0.0,0.0,0.0,0.0,0.0,-0.062,0.029,-0.007,0.06844705983459042,0.0,0.0,0.0,0.0,0.0,0.0,NAV2,,False,True,True,True,,1.5139223065377325
32.79999091500031,126.41684964702893,101.47336700389697,-0.18280357321086219,0.030293818195474574,0.0,0.0,0.0,0.0,0.0,0.0,0.0,0.0,-0.062,0.029,-0.007,0.06844705983459042,0.0,0.0,0.0,0.0,0.0,0.0,NAV2,,False,True,True,True,,1.5124585139156592
32.84118042400041,126.41684964702893,101.47336700389697,-0.18280357321086219,0.030293818195474574,0.0,0.0,0.0,0.0,0.0,0.0,0.0,0.0,-0.062,0.029,-0.007,0.06844705983459042,0.0,0.0,0.0,0.0,0.0,0.0,NAV2,,False,True,True,True,,1.5112863590315482
32.88192652999987,126.4169786501284,101.47167122024354,-0.18162687318861126,0.028267662533890167,0.0,0.0,0.0,0.0,0.0,0.0,0.0,0.0,-0.004,-0.009,0.067,0.009848857801796104,0.0,0.0,0.0,0.0,0.0,0.0,NAV2,,False,True,True,True,,1.5063425580203897
32.92202918099974,126.4169786501284,101.47167122024354,-0.18162687318861126,0.028267662533890167,0.0,0.0,0.0,0.0,0.0,0.0,0.0,0.0,-0.004,-0.009,0.067,0.009848857801796104,0.0,0.0,0.0,0.0,0.0,0.0,NAV2,,False,True,True,True,,1.5078007136214922
32.970421535999776,126.41695510648024,101.47225488992018,-0.18154736754865874,0.02592735606282903,0.0,0.0,0.0,0.0,0.0,0.0,0.0,0.0,0.062,-0.039,0.021,0.07324616030891995,0.0,0.0,0.0,0.0,0.0,0.0,NAV2,,False,True,True,True,,1.5062241121915594
33.01049126399994,126.41695510648024,101.47225488992018,-0.18154736754865874,0.02592735606282903,0.0,0.0,0.0,0.0,0.0,0.0,0.0,0.0,0.062,-0.039,0.021,0.07324616030891995,0.0,0.0,0.0,0.0,0.0,0.0,NAV2,,False,True,True,True,,1.5105916879886434
33.052178337999976,126.4167052819196,101.47087960699957,-0.18042488589789007,0.023760186303057568,0.0,0.0,0.0,0.0,0.0,0.0,0.0,0.0,-0.047,0.035,-0.001,0.05860034129593445,0.0,0.0,0.0,0.0,0.0,0.0,NAV2,,False,True,True,True,,1.5085837594354412
33.09224196500054,126.4167052819196,101.47087960699957,-0.18042488589789007,0.023760186303057568,0.0,0.0,0.0,0.0,0.0,0.0,0.0,0.0,-0.047,0.035,-0.001,0.05860034129593445,0.0,0.0,0.0,0.0,0.0,0.0,NAV2,,False,True,True,True,,1.5100126123534
33.13406669699998,126.4167052819196,101.47087960699957,-0.18042488589789007,0.023760186303057568,0.0,0.0,0.0,0.0,0.0,0.0,0.0,0.0,-0.047,0.035,-0.001,0.05860034129593445,0.0,0.0,0.0,0.0,0.0,0.0,NAV2,,False,True,True,True,,1.5113439872623409
33.18114307700034,126.41826533040754,101.46977479955689,-0.18014151519682242,0.02289966506077757,0.0,0.0,0.0,0.0,0.0,0.0,0.0,0.0,0.023,-0.023,0.025,0.03252691193458119,0.0,0.0,0.0,0.0,0.0,0.0,NAV2,,False,True,True,True,,1.5078594339618596
33.22299550699972,126.41826533040754,101.46977479955689,-0.18014151519682242,0.02289966506077757,0.0,0.0,0.0,0.0,0.0,0.0,0.0,0.0,0.023,-0.023,0.025,0.03252691193458119,0.0,0.0,0.0,0.0,0.0,0.0,NAV2,,False,True,True,True,,1.5085089558922853
33.2702241650004,126.41749157473468,101.47088795430334,-0.18008002142348767,0.02024201321512609,0.0,0.0,0.0,0.0,0.0,0.0,0.0,0.0,-0.015,0.05,0.015,0.05220153254455275,0.0,0.0,0.0,0.0,0.0,0.0,NAV2,,False,True,True,True,,1.5077752048114803
33.31144869699983,126.41749157473468,101.47088795430334,-0.18008002142348767,0.02024201321512609,0.0,0.0,0.0,0.0,0.0,0.0,0.0,0.0,-0.015,0.05,0.015,0.05220153254455275,0.0,0.0,0.0,0.0,0.0,0.0,NAV2,,False,True,True,True,,1.5098552056382797
33.3535925719998,126.41859820448256,101.47199563883635,-0.18067030949743534,0.018988851121551704,0.0,0.0,0.0,0.0,0.0,0.0,0.0,0.0,-0.015,0.05,0.015,0.05220153254455275,0.0,0.0,0.0,0.0,0.0,0.0,NAV2,,False,True,True,True,,1.5101718999539422
33.40321493600004,126.41859820448256,101.47199563883635,-0.18067030949743534,0.018988851121551704,0.0,0.0,0.0,0.0,0.0,0.0,0.0,0.0,0.004,-0.007,-0.02,0.00806225774829855,0.0,0.0,0.0,0.0,0.0,0.0,NAV2,,False,True,True,True,,1.504624536982641
33.445996674000526,126.41940849301962,101.47307110494422,-0.18108225425457825,0.017600956906762222,0.0,0.0,0.0,0.0,0.0,0.0,0.0,0.0,0.004,-0.007,-0.02,0.00806225774829855,0.0,0.0,0.0,0.0,0.0,0.0,NAV2,,False,True,True,True,,1.5080029560825938
33.50797599799989,126.41940849301962,101.47307110494422,-0.18108225425457825,0.017600956906762222,0.0,0.0,0.0,0.0,0.0,0.0,0.0,0.0,0.043,0.013,-0.038,0.0449221548904324,0.0,0.0,0.0,0.0,0.0,0.0,NAV2,,False,True,True,True,,1.502120729914527
33.58238354600053,126.4196590384597,101.47417730919416,-0.18134012134646404,0.01621722001442091,0.0,0.0,0.0,0.0,0.0,0.0,0.0,0.0,0.043,0.013,-0.038,0.0449221548904324,0.0,0.0,0.0,0.0,0.0,0.0,NAV2,,False,True,True,True,,1.5058552607733553
33.62287072199979,126.4196590384597,101.47417730919416,-0.18134012134646404,0.01621722001442091,0.0,0.0,0.0,0.0,0.0,0.0,0.0,0.0,-0.023,-0.014,-0.016,0.02692582403567252,0.0,0.0,0.0,0.0,0.0,0.0,NAV2,,False,True,True,True,,1.5094510251802458
33.66477631500038,126.42028018174241,101.47509650350379,-0.18147884544138382,0.014634385679082233,0.0,0.0,0.0,0.0,0.0,0.0,0.0,0.0,0.009,0.07,0.024,0.07057619995437556,0.0,0.0,0.0,0.0,0.0,0.0,NAV2,,False,True,True,True,,1.5072948381452738
33.70883949099971,126.42028018174241,101.47509650350379,-0.18147884544138382,0.014634385679082233,0.0,0.0,0.0,0.0,0.0,0.0,0.0,0.0,0.009,0.07,0.024,0.07057619995437556,0.0,0.0,0.0,0.0,0.0,0.0,NAV2,,False,True,True,True,,1.5087542946881916
33.750736498999686,126.4204216773448,101.47605363104928,-0.181497509804585,0.013026765828091995,0.0,0.0,0.0,0.0,0.0,0.0,0.0,0.0,0.012,-0.034,-0.06,0.0360555127546399,0.0,0.0,0.0,0.0,0.0,0.0,NAV2,,False,True,True,True,,1.51341519818708
33.79216076100056,126.4204216773448,101.47605363104928,-0.181497509804585,0.013026765828091995,0.0,0.0,0.0,0.0,0.0,0.0,0.0,0.0,0.012,-0.034,-0.06,0.0360555127546399,0.0,0.0,0.0,0.0,0.0,0.0,NAV2,,False,True,True,True,,1.5127626998897443
33.83233758200004,126.4204216773448,101.47605363104928,-0.181497509804585,0.013026765828091995,0.0,0.0,0.0,0.0,0.0,0.0,0.0,0.0,0.012,-0.034,-0.06,0.0360555127546399,0.0,0.0,0.0,0.0,0.0,0.0,NAV2,,False,True,True,True,,1.5132248946305784
33.880954942000244,126.42040669932283,101.47896572569874,-0.18223155386361656,0.01116154235380055,0.0,0.0,0.0,0.0,0.0,0.0,0.0,0.0,-0.044,0.024,-0.047,0.05011985634456667,0.0,0.0,0.0,0.0,0.0,0.0,NAV2,,False,True,True,True,,1.5089028372713538
33.92183588399985,126.42040669932283,101.47896572569874,-0.18223155386361656,0.01116154235380055,0.0,0.0,0.0,0.0,0.0,0.0,0.0,0.0,-0.044,0.024,-0.047,0.05011985634456667,0.0,0.0,0.0,0.0,0.0,0.0,NAV2,,False,True,True,True,,1.5107362721263353
33.96336323600008,126.42024825982014,101.48161381954915,-0.1827245872163834,0.009322461250774357,0.0,0.0,0.0,0.0,0.0,0.0,0.0,0.0,-0.013,0.034,0.004,0.03640054944640259,0.0,0.0,0.0,0.0,0.0,0.0,NAV2,,False,True,True,True,,1.5149757816554132
34.00342915900001,126.42024825982014,101.48161381954915,-0.1827245872163834,0.009322461250774357,0.0,0.0,0.0,0.0,0.0,0.0,0.0,0.0,-0.013,0.034,0.004,0.03640054944640259,0.0,0.0,0.0,0.0,0.0,0.0,NAV2,,False,True,True,True,,1.5142532240257989
34.0436296200005,126.41997292005858,101.48401776764149,-0.1830161041858638,0.007521108746509131,0.0,0.0,0.0,0.0,0.0,0.0,0.0,0.0,-0.016,-0.02,-0.072,0.025612496949731396,0.0,0.0,0.0,0.0,0.0,0.0,NAV2,,False,True,True,True,,1.5142532240257989
34.088569211000504,126.41997292005858,101.48401776764149,-0.1830161041858638,0.007521108746509131,0.0,0.0,0.0,0.0,0.0,0.0,0.0,0.0,-0.016,-0.02,-0.072,0.025612496949731396,0.0,0.0,0.0,0.0,0.0,0.0,NAV2,,False,True,True,True,,1.5115011878253453
34.13100440300059,126.41997292005858,101.48401776764149,-0.1830161041858638,0.007521108746509131,0.0,0.0,0.0,0.0,0.0,0.0,0.0,0.0,-0.016,-0.02,-0.072,0.025612496949731396,0.0,0.0,0.0,0.0,0.0,0.0,NAV2,,False,True,True,True,,1.5162157274793417
34.172177883000586,126.41958648578218,101.48618791737039,-0.18314241027444123,0.005777183538078709,0.0,0.0,0.0,0.0,0.0,0.0,0.0,0.0,-0.055,0.017,-0.076,0.05756735185849702,0.0,0.0,0.0,0.0,0.0,0.0,NAV2,,False,True,True,True,,1.516864969155122
34.21284600600029,126.41958648578218,101.48618791737039,-0.18314241027444123,0.005777183538078709,0.0,0.0,0.0,0.0,0.0,0.0,0.0,0.0,-0.055,0.017,-0.076,0.05756735185849702,0.0,0.0,0.0,0.0,0.0,0.0,NAV2,,False,True,True,True,,1.5153369245374784
34.255413279000095,126.41912527781602,101.48814412262236,-0.18313726786592666,0.004095577484947995,0.0,0.0,0.0,0.0,0.0,0.0,0.0,0.0,0.023,-0.011,-0.064,0.025495097567963924,0.0,0.0,0.0,0.0,0.0,0.0,NAV2,,False,True,True,True,,1.509708837413048
34.300066632999915,126.41912527781602,101.48814412262236,-0.18313726786592666,0.004095577484947995,0.0,0.0,0.0,0.0,0.0,0.0,0.0,0.0,0.023,-0.011,-0.064,0.025495097567963924,0.0,0.0,0.0,0.0,0.0,0.0,NAV2,,False,True,True,True,,1.508999488881648
34.34144947200002,126.41912527781602,101.48814412262236,-0.18313726786592666,0.004095577484947995,0.0,0.0,0.0,0.0,0.0,0.0,0.0,0.0,0.023,-0.011,-0.064,0.025495097567963924,0.0,0.0,0.0,0.0,0.0,0.0,NAV2,,False,True,True,True,,1.5133138533738657
34.38184954500048,126.4186002401438,101.4898985509363,-0.18303013375990362,0.002486810786201271,0.0,0.0,0.0,0.0,0.0,0.0,0.0,0.0,-0.023,0.018,-0.0,0.029206163733020464,0.0,0.0,0.0,0.0,0.0,0.0,NAV2,,False,True,True,True,,1.5104905090240375
34.42221468200023,126.4186002401438,101.4898985509363,-0.18303013375990362,0.002486810786201271,0.0,0.0,0.0,0.0,0.0,0.0,0.0,0.0,-0.023,0.018,-0.0,0.029206163733020464,0.0,0.0,0.0,0.0,0.0,0.0,NAV2,,False,True,True,True,,1.5154495911746517
34.46338189400012,126.42000841556735,101.49147459335137,-0.18351973029287197,0.0022960518331031233,0.0,0.0,0.0,0.0,0.0,0.0,0.0,0.0,0.006,-0.033,-0.034,0.03354101966249685,0.0,0.0,0.0,0.0,0.0,0.0,NAV2,,False,True,True,True,,1.5084401579792788
34.51034276199971,126.42000841556735,101.49147459335137,-0.18351973029287197,0.0022960518331031233,0.0,0.0,0.0,0.0,0.0,0.0,0.0,0.0,0.006,-0.033,-0.034,0.03354101966249685,0.0,0.0,0.0,0.0,0.0,0.0,NAV2,,False,True,True,True,,1.5107940564292475
34.55323677300021,126.42116397383317,101.49287413341887,-0.18382486453141889,0.001984264746163673,0.0,0.0,0.0,0.0,0.0,0.0,0.0,0.0,0.009,-0.038,-0.034,0.03905124837953327,0.0,0.0,0.0,0.0,0.0,0.0,NAV2,ACTIVE,False,True,True,True,,1.5100706669260855
34.59619246300008,126.42116397383317,101.49287413341887,-0.18382486453141889,0.001984264746163673,0.0,0.0,0.0,0.0,0.0,0.0,0.0,0.0,0.009,-0.038,-0.034,0.03905124837953327,0.0,0.0,0.0,0.0,0.0,0.0,NAV2,QUEUED,False,True,True,True,,1.5066288579089806
34.641966418000266,126.42116397383317,101.49287413341887,-0.18382486453141889,0.001984264746163673,0.0,0.0,0.0,0.0,0.0,0.0,0.0,0.0,0.009,-0.038,-0.034,0.03905124837953327,0.0,0.0,0.0,0.0,0.0,0.0,NAV2,ACTIVE,False,True,True,True,,1.5077679461312492
34.682049447999816,126.422102844651,101.49412750387557,-0.1839815010382635,0.0015663267455681743,0.0,0.0,0.0,0.0,0.0,0.0,0.0,0.0,-0.047,0.003,-0.037,0.04709564735726647,0.0,0.0,0.0,0.0,0.0,0.0,NAV2,ACTIVE,False,True,True,True,,1.5079772394185533
34.72232395799983,126.422102844651,101.49412750387557,-0.1839815010382635,0.0015663267455681743,0.0,0.0,0.0,0.0,0.0,0.0,0.0,0.0,-0.047,0.003,-0.037,0.04709564735726647,0.0,0.0,0.0,0.0,0.0,0.0,NAV2,ACTIVE,False,True,True,True,,1.5092327701261867
34.76345903699985,126.42283352620107,101.49518913021942,-0.18402123019223016,0.001093942616636369,0.0,0.0,0.0,0.0,0.0,0.0,0.0,0.0,-0.019,-0.004,-0.016,0.0194164878389476,0.0,0.0,0.0,0.0,0.0,0.0,NAV2,ACTIVE,False,True,True,True,,1.5080616119942483
34.804185035000046,126.42283352620107,101.49518913021942,-0.18402123019223016,0.001093942616636369,0.0,0.0,0.0,0.0,0.0,0.0,0.0,0.0,-0.019,-0.004,-0.016,0.0194164878389476,0.0,0.0,0.0,0.0,0.0,0.0,NAV2,ACTIVE,False,True,True,True,,1.5080616119942483
34.84429306699985,126.4214127731781,101.49413581433662,-0.18288946430458977,-0.0005314446942140072,0.0,0.0,0.0,0.0,0.0,0.0,0.0,0.0,0.032,-0.048,-0.075,0.05768882040742383,0.0,0.0,0.0,0.0,0.0,0.0,NAV2,ACTIVE,False,True,True,True,,1.5098682114234716
34.88846600400029,126.4214127731781,101.49413581433662,-0.18288946430458977,-0.0005314446942140072,0.0,0.0,0.0,0.0,0.0,0.0,0.0,0.0,0.032,-0.048,-0.075,0.05768882040742383,0.0,0.0,0.0,0.0,0.0,0.0,NAV2,ACTIVE,False,True,True,True,,1.5078594339618596
34.93147733299975,126.4214127731781,101.49413581433662,-0.18288946430458977,-0.0005314446942140072,0.0,0.0,0.0,0.0,0.0,0.0,0.0,0.0,0.032,-0.048,-0.075,0.05768882040742383,0.0,0.0,0.0,0.0,0.0,0.0,NAV2,ACTIVE,False,True,True,True,,1.5079181157074277
34.97227635899981,126.42204315083103,101.49317432803335,-0.18251450017743887,-0.0006962420606758904,0.0,0.0,0.0,0.0,0.0,0.0,0.0,0.0,0.009,0.043,-0.07,0.04393176527297759,0.0,0.0,0.0,0.0,0.0,0.0,NAV2,ACTIVE,False,True,True,True,,1.5063425580203897
35.01241688000027,126.42204315083103,101.49317432803335,-0.18251450017743887,-0.0006962420606758904,0.0,0.0,0.0,0.0,0.0,0.0,0.0,0.0,0.009,0.043,-0.07,0.04393176527297759,0.0,0.0,0.0,0.0,0.0,0.0,NAV2,ACTIVE,False,True,True,True,,1.5088711288272882
35.05508571500013,126.42252836001215,101.4922974142148,-0.1821789172229189,-0.000941811659354988,0.0,0.0,0.0,0.0,0.0,0.0,0.0,0.0,-0.042,0.021,-0.046,0.046957427527495585,0.0,0.0,0.0,0.0,0.0,0.0,NAV2,ACTIVE,False,True,True,True,,1.5088015231434206
35.09977058599998,126.42252836001215,101.4922974142148,-0.1821789172229189,-0.000941811659354988,0.0,0.0,0.0,0.0,0.0,0.0,0.0,0.0,-0.042,0.021,-0.046,0.046957427527495585,0.0,0.0,0.0,0.0,0.0,0.0,NAV2,ACTIVE,False,True,True,True,,1.5095060064554595
35.14143209800022,126.42252836001215,101.4922974142148,-0.1821789172229189,-0.000941811659354988,0.0,0.0,0.0,0.0,0.0,0.0,0.0,0.0,-0.042,0.021,-0.046,0.046957427527495585,0.0,0.0,0.0,0.0,0.0,0.0,NAV2,ACTIVE,False,True,True,True,,1.5098251022202418
35.18204607000007,126.42288767524425,101.49149710409056,-0.18188446647818332,-0.0012513986994845752,0.0,0.0,0.0,0.0,0.0,0.0,0.0,0.0,0.039,-0.014,-0.046,0.04143669871020132,0.0,0.0,0.0,0.0,0.0,0.0,NAV2,ACTIVE,False,True,True,True,,1.5067470461047123
35.222211803999926,126.42288767524425,101.49149710409056,-0.18188446647818332,-0.0012513986994845752,0.0,0.0,0.0,0.0,0.0,0.0,0.0,0.0,0.039,-0.014,-0.046,0.04143669871020132,0.0,0.0,0.0,0.0,0.0,0.0,NAV2,ACTIVE,False,True,True,True,,1.5080616119942483
35.262337172000116,126.42313838285544,101.49076614498112,-0.1816314792434781,-0.0016101947541039131,0.0,0.0,0.0,0.0,0.0,0.0,0.0,0.0,-0.006,0.019,0.036,0.019924858845171273,0.0,0.0,0.0,0.0,0.0,0.0,NAV2,ACTIVE,False,True,True,True,,1.5077328936140821
35.310114662999695,126.42313838285544,101.49076614498112,-0.1816314792434781,-0.0016101947541039131,0.0,0.0,0.0,0.0,0.0,0.0,0.0,0.0,-0.006,0.019,0.036,0.019924858845171273,0.0,0.0,0.0,0.0,0.0,0.0,NAV2,ACTIVE,False,True,True,True,,1.5092327701261867
35.35147541300012,126.42329632074768,101.49009503321183,-0.18141856952064736,-0.0020045011081660934,0.0,0.0,0.0,0.0,0.0,0.0,0.0,0.0,-0.057,0.009,-0.016,0.057706152185014035,0.0,0.0,0.0,0.0,0.0,0.0,NAV2,ACTIVE,False,True,True,True,,1.5142532240257989
35.39226693100045,126.42329632074768,101.49009503321183,-0.18141856952064736,-0.0020045011081660934,0.0,0.0,0.0,0.0,0.0,0.0,0.0,0.0,-0.057,0.009,-0.016,0.057706152185014035,0.0,0.0,0.0,0.0,0.0,0.0,NAV2,ACTIVE,False,True,True,True,,1.5113876341656567
35.4326422969998,126.42329632074768,101.49009503321183,-0.18141856952064736,-0.0020045011081660934,0.0,0.0,0.0,0.0,0.0,0.0,0.0,0.0,-0.057,0.009,-0.016,0.057706152185014035,0.0,0.0,0.0,0.0,0.0,0.0,NAV2,ACTIVE,False,True,True,True,,1.5139040870851654
35.48105432400007,126.42337495030202,101.48948288259977,-0.18124406224728992,-0.0024246014090723834,0.0,0.0,0.0,0.0,0.0,0.0,0.0,0.0,0.025,0.019,-0.035,0.031400636936215164,0.0,0.0,0.0,0.0,0.0,0.0,NAV2,ACTIVE,False,True,True,True,,1.5058791262895002
35.52123343299991,126.42337495030202,101.48948288259977,-0.18124406224728992,-0.0024246014090723834,0.0,0.0,0.0,0.0,0.0,0.0,0.0,0.0,0.025,0.019,-0.035,0.031400636936215164,0.0,0.0,0.0,0.0,0.0,0.0,NAV2,ACTIVE,False,True,True,True,,1.5089180897981946
35.56181102299979,126.42338712775738,101.48891984307527,-0.18110437891103578,-0.0028592523944835696,0.0,0.0,0.0,0.0,0.0,0.0,0.0,0.0,-0.011,-0.014,0.045,0.017804493814764854,0.0,0.0,0.0,0.0,0.0,0.0,NAV2,ACTIVE,False,True,True,True,,1.5119653873531416
35.60446376100026,126.42338712775738,101.48891984307527,-0.18110437891103578,-0.0028592523944835696,0.0,0.0,0.0,0.0,0.0,0.0,0.0,0.0,-0.011,-0.014,0.045,0.017804493814764854,0.0,0.0,0.0,0.0,0.0,0.0,NAV2,ACTIVE,False,True,True,True,,1.5168547024412682
35.64454424999985,126.42532267077198,101.4884065058612,-0.18117968102129287,-0.0019640579395043445,0.0,0.0,0.0,0.0,0.0,0.0,0.0,0.0,-0.031,0.017,-0.004,0.035355339059327376,0.0,0.0,0.0,0.0,0.0,0.0,NAV2,ACTIVE,False,True,True,True,,1.5168547024412682
35.688428457000555,126.42532267077198,101.4884065058612,-0.18117968102129287,-0.0019640579395043445,0.0,0.0,0.0,0.0,0.0,0.0,0.0,0.0,-0.031,0.017,-0.004,0.035355339059327376,0.0,0.0,0.0,0.0,0.0,0.0,NAV2,ACTIVE,False,True,True,True,,1.5102298840077042
35.730105505999745,126.42532267077198,101.4884065058612,-0.18117968102129287,-0.0019640579395043445,0.0,0.0,0.0,0.0,0.0,0.0,0.0,0.0,-0.031,0.017,-0.004,0.035355339059327376,0.0,0.0,0.0,0.0,0.0,0.0,NAV2,ACTIVE,False,True,True,True,,1.5114452300485284
35.77022590100023,126.42699812521089,101.48993090959405,-0.18134263275189655,-0.0015184232953235352,0.0,0.0,0.0,0.0,0.0,0.0,0.0,0.0,-0.023,0.012,0.032,0.025942243542145693,0.0,0.0,0.0,0.0,0.0,0.0,NAV2,ACTIVE,False,True,True,True,,1.513731626696322
35.810447609999756,126.42699812521089,101.48993090959405,-0.18134263275189655,-0.0015184232953235352,0.0,0.0,0.0,0.0,0.0,0.0,0.0,0.0,-0.023,0.012,0.032,0.025942243542145693,0.0,0.0,0.0,0.0,0.0,0.0,NAV2,ACTIVE,False,True,True,True,,1.5163624948020935
35.85088210600043,126.42843619213346,101.49127602958586,-0.181420256739242,-0.001211381672671726,0.0,0.0,0.0,0.0,0.0,0.0,0.0,0.0,0.048,-0.02,-0.0,0.052000000000000005,0.0,0.0,0.0,0.0,0.0,0.0,NAV2,ACTIVE,False,True,True,True,,1.5099131922962035
35.892108271000325,126.42843619213346,101.49127602958586,-0.181420256739242,-0.001211381672671726,0.0,0.0,0.0,0.0,0.0,0.0,0.0,0.0,0.048,-0.02,-0.0,0.052000000000000005,0.0,0.0,0.0,0.0,0.0,0.0,NAV2,ACTIVE,False,True,True,True,,1.5117493113449658
35.93339755800025,126.42843619213346,101.49127602958586,-0.181420256739242,-0.001211381672671726,0.0,0.0,0.0,0.0,0.0,0.0,0.0,0.0,0.048,-0.02,-0.0,0.052000000000000005,0.0,0.0,0.0,0.0,0.0,0.0,NAV2,ACTIVE,False,True,True,True,,1.5127366206820305
35.980943231999845,126.42966142208986,101.49240779670227,-0.18144545291282999,-0.0009919745190431531,0.0,0.0,0.0,0.0,0.0,0.0,0.0,0.0,-0.006,-0.022,0.002,0.022803508501982758,0.0,0.0,0.0,0.0,0.0,0.0,NAV2,ACTIVE,False,True,True,True,,1.5140623720475508
36.02134058200045,126.42966142208986,101.49240779670227,-0.18144545291282999,-0.0009919745190431531,0.0,0.0,0.0,0.0,0.0,0.0,0.0,0.0,-0.006,-0.022,0.002,0.022803508501982758,0.0,0.0,0.0,0.0,0.0,0.0,NAV2,ACTIVE,False,True,True,True,,1.5152241091458762
36.061959010000464,126.43266354096428,101.49146110635853,-0.18143837767524662,0.0006712569946795226,0.0,0.0,0.0,0.0,0.0,0.0,0.0,0.0,-0.015,-0.016,0.014,0.021931712199461308,0.0,0.0,0.0,0.0,0.0,0.0,NAV2,ACTIVE,False,True,True,True,,1.5083226885239536
36.111015063000195,126.43266354096428,101.49146110635853,-0.18143837767524662,0.0006712569946795226,0.0,0.0,0.0,0.0,0.0,0.0,0.0,0.0,-0.015,-0.016,0.014,0.021931712199461308,0.0,0.0,0.0,0.0,0.0,0.0,NAV2,ACTIVE,False,True,True,True,,1.5106643976874266
36.151180687000306,126.43529292609601,101.49058750525967,-0.18142942542785342,0.002018889869642152,0.0,0.0,0.0,0.0,0.0,0.0,0.0,0.0,0.003,0.009,-0.015,0.009486832980505138,0.0,0.0,0.0,0.0,0.0,0.0,NAV2,ACTIVE,False,True,True,True,,1.5113148350444037
36.19217259300058,126.43529292609601,101.49058750525967,-0.18142942542785342,0.002018889869642152,0.0,0.0,0.0,0.0,0.0,0.0,0.0,0.0,0.003,0.009,-0.015,0.009486832980505138,0.0,0.0,0.0,0.0,0.0,0.0,NAV2,ACTIVE,False,True,True,True,,1.509174507355906
36.23241301000053,126.43529292609601,101.49058750525967,-0.18142942542785342,0.002018889869642152,0.0,0.0,0.0,0.0,0.0,0.0,0.0,0.0,0.003,0.009,-0.015,0.009486832980505138,0.0,0.0,0.0,0.0,0.0,0.0,NAV2,ACTIVE,False,True,True,True,,1.5103890018482764
36.28106634800042,126.43757859759513,101.49177375752329,-0.18132665899863332,0.0028364384058279625,0.0,0.0,0.0,0.0,0.0,0.0,0.0,0.0,-0.048,0.05,-0.001,0.06931089380465383,0.0,0.0,0.0,0.0,0.0,0.0,NAV2,ACTIVE,False,True,True,True,,1.5080029560825938
36.32154150699989,126.43757859759513,101.49177375752329,-0.18132665899863332,0.0028364384058279625,0.0,0.0,0.0,0.0,0.0,0.0,0.0,0.0,-0.048,0.05,-0.001,0.06931089380465383,0.0,0.0,0.0,0.0,0.0,0.0,NAV2,ACTIVE,False,True,True,True,,1.5085089558922853
36.36288896499991,126.43955574145993,101.49281108820101,-0.18122135410813425,0.003441913151713911,0.0,0.0,0.0,0.0,0.0,0.0,0.0,0.0,0.035,-0.021,-0.013,0.040816663263917106,0.0,0.0,0.0,0.0,0.0,0.0,NAV2,ACTIVE,False,True,True,True,,1.508972251474582
36.40558899500047,126.43955574145993,101.49281108820101,-0.18122135410813425,0.003441913151713911,0.0,0.0,0.0,0.0,0.0,0.0,0.0,0.0,0.035,-0.021,-0.013,0.040816663263917106,0.0,0.0,0.0,0.0,0.0,0.0,NAV2,ACTIVE,False,True,True,True,,1.508727318026685
36.44564560500021,126.44125436985158,101.49371239918494,-0.181135542330634,0.0038606257177834003,0.0,0.0,0.0,0.0,0.0,0.0,0.0,0.0,0.035,-0.021,-0.013,0.040816663263917106,0.0,0.0,0.0,0.0,0.0,0.0,NAV2,ACTIVE,False,True,True,True,,1.508727318026685
36.488581923999845,126.44125436985158,101.49371239918494,-0.181135542330634,0.0038606257177834003,0.0,0.0,0.0,0.0,0.0,0.0,0.0,0.0,0.009,-0.011,-0.046,0.014212670403551895,0.0,0.0,0.0,0.0,0.0,0.0,NAV2,ACTIVE,False,True,True,True,,1.510678449770716
36.53144243400038,126.44125436985158,101.49371239918494,-0.181135542330634,0.0038606257177834003,0.0,0.0,0.0,0.0,0.0,0.0,0.0,0.0,0.009,-0.011,-0.046,0.014212670403551895,0.0,0.0,0.0,0.0,0.0,0.0,NAV2,ACTIVE,False,True,True,True,,1.511141512176535
36.57503217700014,126.44269687798474,101.49448543460306,-0.1810835895474847,0.004115869742012084,0.0,0.0,0.0,0.0,0.0,0.0,0.0,0.0,-0.017,0.003,-0.167,0.01726267650163207,0.0,0.0,0.0,0.0,0.0,0.0,NAV2,ACTIVE,False,True,True,True,,1.5083652371012066
36.62232588700044,126.44269687798474,101.49448543460306,-0.1810835895474847,0.004115869742012084,0.0,0.0,0.0,0.0,0.0,0.0,0.0,0.0,-0.017,0.003,-0.167,0.01726267650163207,0.0,0.0,0.0,0.0,0.0,0.0,NAV2,ACTIVE,False,True,True,True,,1.5103890018482764
36.66279781600042,126.44391420922192,101.49514619335298,-0.18107322212015964,0.004229330137032772,0.0,0.0,0.0,0.0,0.0,0.0,0.0,0.0,-0.002,0.02,0.051,0.02009975124224178,0.0,0.0,0.0,0.0,0.0,0.0,NAV2,ACTIVE,False,True,True,True,,1.5079605212055118
36.71112551399983,126.44391420922192,101.49514619335298,-0.18107322212015964,0.004229330137032772,0.0,0.0,0.0,0.0,0.0,0.0,0.0,0.0,-0.002,0.02,0.051,0.02009975124224178,0.0,0.0,0.0,0.0,0.0,0.0,NAV2,ACTIVE,False,True,True,True,,1.510404081585203
36.752253532000395,126.44492652353975,101.49570084115946,-0.18110771202862042,0.004221958551970841,0.0,0.0,0.0,0.0,0.0,0.0,0.0,0.0,-0.048,-0.004,0.023,0.048166378315169185,0.0,0.0,0.0,0.0,0.0,0.0,NAV2,ACTIVE,False,True,True,True,,1.5109825546251288
36.799775841000155,126.44492652353975,101.49570084115946,-0.18110771202862042,0.004221958551970841,0.0,0.0,0.0,0.0,0.0,0.0,0.0,0.0,-0.048,-0.004,0.023,0.048166378315169185,0.0,0.0,0.0,0.0,0.0,0.0,NAV2,ACTIVE,False,True,True,True,,1.5088127309742287
36.842988442000205,126.44492652353975,101.49570084115946,-0.18110771202862042,0.004221958551970841,0.0,0.0,0.0,0.0,0.0,0.0,0.0,0.0,-0.048,-0.004,0.023,0.048166378315169185,0.0,0.0,0.0,0.0,0.0,0.0,NAV2,ACTIVE,False,True,True,True,,1.5096805403784237
36.885538931000156,126.4457572451915,101.49615833630065,-0.18118670371131618,0.0041130014992995685,0.0,0.0,0.0,0.0,0.0,0.0,0.0,0.0,0.043,-0.035,-0.063,0.05544366510251644,0.0,0.0,0.0,0.0,0.0,0.0,NAV2,ACTIVE,False,True,True,True,,1.5096531083858213
36.92574117999993,126.4457572451915,101.49615833630065,-0.18118670371131618,0.0041130014992995685,0.0,0.0,0.0,0.0,0.0,0.0,0.0,0.0,0.043,-0.035,-0.063,0.05544366510251644,0.0,0.0,0.0,0.0,0.0,0.0,NAV2,ACTIVE,False,True,True,True,,1.5092327701261867
36.96674803299993,126.44642737925743,101.49653140453249,-0.18130696814798153,0.003917988826731892,0.0,0.0,0.0,0.0,0.0,0.0,0.0,0.0,-0.047,0.013,-0.006,0.04876474136094643,0.0,0.0,0.0,0.0,0.0,0.0,NAV2,ACTIVE,False,True,True,True,,1.5145756749080794
37.01048036599968,126.44642737925743,101.49653140453249,-0.18130696814798153,0.003917988826731892,0.0,0.0,0.0,0.0,0.0,0.0,0.0,0.0,-0.047,0.013,-0.006,0.04876474136094643,0.0,0.0,0.0,0.0,0.0,0.0,NAV2,ACTIVE,False,True,True,True,,1.5167685034578102
37.053257808000126,126.44695578425234,101.49682960450049,-0.18146349633340406,0.0036522604546034092,0.0,0.0,0.0,0.0,0.0,0.0,0.0,0.0,0.024,0.02,-0.03,0.031240998703626618,0.0,0.0,0.0,0.0,0.0,0.0,NAV2,ACTIVE,False,True,True,True,,1.5100706669260855
37.0998330299999,126.44695578425234,101.49682960450049,-0.18146349633340406,0.0036522604546034092,0.0,0.0,0.0,0.0,0.0,0.0,0.0,0.0,0.024,0.02,-0.03,0.031240998703626618,0.0,0.0,0.0,0.0,0.0,0.0,NAV2,ACTIVE,False,True,True,True,,1.5100558172381056
37.141258407999885,126.44695578425234,101.49682960450049,-0.18146349633340406,0.0036522604546034092,0.0,0.0,0.0,0.0,0.0,0.0,0.0,0.0,0.024,0.02,-0.03,0.031240998703626618,0.0,0.0,0.0,0.0,0.0,0.0,NAV2,ACTIVE,False,True,True,True,,1.509174507355906
37.181422268999995,126.4473595756351,101.49705834647908,-0.18165099265858808,0.0033299271055354522,0.0,0.0,0.0,0.0,0.0,0.0,0.0,0.0,-0.006,-0.009,-0.015,0.010816653826391968,0.0,0.0,0.0,0.0,0.0,0.0,NAV2,ACTIVE,False,True,True,True,,1.5133834373278796
37.22178785000051,126.4473595756351,101.49705834647908,-0.18165099265858808,0.0033299271055354522,0.0,0.0,0.0,0.0,0.0,0.0,0.0,0.0,-0.006,-0.009,-0.015,0.010816653826391968,0.0,0.0,0.0,0.0,0.0,0.0,NAV2,ACTIVE,False,True,True,True,,1.5156072194323478
37.26190286499968,126.4476543719564,101.4972250057899,-0.1818631691336794,0.0029631078924882716,0.0,0.0,0.0,0.0,0.0,0.0,0.0,0.0,-0.03,0.014,-0.022,0.0331058907144937,0.0,0.0,0.0,0.0,0.0,0.0,NAV2,ACTIVE,False,True,True,True,,1.51208052520938
37.302442887000325,126.4476543719564,101.4972250057899,-0.1818631691336794,0.0029631078924882716,0.0,0.0,0.0,0.0,0.0,0.0,0.0,0.0,-0.03,0.014,-0.022,0.0331058907144937,0.0,0.0,0.0,0.0,0.0,0.0,NAV2,ACTIVE,False,True,True,True,,1.511256784130037
37.342551827000534,126.4476543719564,101.4972250057899,-0.1818631691336794,0.0029631078924882716,0.0,0.0,0.0,0.0,0.0,0.0,0.0,0.0,-0.03,0.014,-0.022,0.0331058907144937,0.0,0.0,0.0,0.0,0.0,0.0,NAV2,ACTIVE,False,True,True,True,,1.5119824704442664
37.388597789000414,126.44785432053641,101.4973363041023,-0.182093582833593,0.0025626281641562792,0.0,0.0,0.0,0.0,0.0,0.0,0.0,0.0,0.013,0.006,0.007,0.014317821063276353,0.0,0.0,0.0,0.0,0.0,0.0,NAV2,ACTIVE,False,True,True,True,,1.511938251020266
37.43044200500026,126.44785432053641,101.4973363041023,-0.182093582833593,0.0025626281641562792,0.0,0.0,0.0,0.0,0.0,0.0,0.0,0.0,0.013,0.006,0.007,0.014317821063276353,0.0,0.0,0.0,0.0,0.0,0.0,NAV2,ACTIVE,False,True,True,True,,1.512053092090281
37.471342883000034,126.44797236566228,101.49739866102331,-0.18233592603051327,0.0021380220984376845,0.0,0.0,0.0,0.0,0.0,0.0,0.0,0.0,-0.048,-0.027,0.001,0.05507267925205746,0.0,0.0,0.0,0.0,0.0,0.0,NAV2,ACTIVE,False,True,True,True,,1.5086104317925488
37.512176795000414,126.44797236566228,101.49739866102331,-0.18233592603051327,0.0021380220984376845,0.0,0.0,0.0,0.0,0.0,0.0,0.0,0.0,-0.048,-0.027,0.001,0.05507267925205746,0.0,0.0,0.0,0.0,0.0,0.0,NAV2,ACTIVE,False,True,True,True,,1.5083226885239536
37.552690229999826,126.44604082906872,101.49741675560718,-0.1829062234368859,0.00034911445738511674,0.0,0.0,0.0,0.0,0.0,0.0,0.0,0.0,0.035,-0.021,-0.021,0.040816663263917106,0.0,0.0,0.0,0.0,0.0,0.0,NAV2,ACTIVE,False,True,True,True,,1.5103457376937317
37.5999234359997,126.44604082906872,101.49741675560718,-0.1829062234368859,0.00034911445738511674,0.0,0.0,0.0,0.0,0.0,0.0,0.0,0.0,0.035,-0.021,-0.021,0.040816663263917106,0.0,0.0,0.0,0.0,0.0,0.0,NAV2,ACTIVE,False,True,True,True,,1.5143905741011272
37.64172585600045,126.44604082906872,101.49741675560718,-0.1829062234368859,0.00034911445738511674,0.0,0.0,0.0,0.0,0.0,0.0,0.0,0.0,0.035,-0.021,-0.021,0.040816663263917106,0.0,0.0,0.0,0.0,0.0,0.0,NAV2,ACTIVE,False,True,True,True,,1.5174789005834464
37.6820832680005,126.4442648410679,101.4973974274645,-0.18342448468819808,-0.0012443344084847943,0.0,0.0,0.0,0.0,0.0,0.0,0.0,0.0,-0.053,-0.006,0.045,0.05333854141237834,0.0,0.0,0.0,0.0,0.0,0.0,NAV2,ACTIVE,False,True,True,True,,1.5099545195329458
37.722773339000014,126.4442648410679,101.4973974274645,-0.18342448468819808,-0.0012443344084847943,0.0,0.0,0.0,0.0,0.0,0.0,0.0,0.0,-0.053,-0.006,0.045,0.05333854141237834,0.0,0.0,0.0,0.0,0.0,0.0,NAV2,ACTIVE,False,True,True,True,,1.510924791340478
37.76402905099985,126.44263663970463,101.49734672436706,-0.18388649801849508,-0.0026556655641817965,0.0,0.0,0.0,0.0,0.0,0.0,0.0,0.0,0.036,-0.043,-0.1,0.056080299571239806,0.0,0.0,0.0,0.0,0.0,0.0,NAV2,ACTIVE,False,True,True,True,,1.5092327701261867
37.80750816100044,126.44263663970463,101.49734672436706,-0.18388649801849508,-0.0026556655641817965,0.0,0.0,0.0,0.0,0.0,0.0,0.0,0.0,0.036,-0.043,-0.1,0.056080299571239806,0.0,0.0,0.0,0.0,0.0,0.0,NAV2,ACTIVE,False,True,True,True,,1.5102446015315842
37.8485968089999,126.44115188091443,101.49726847498707,-0.18428914704294508,-0.0038942332516909138,0.0,0.0,0.0,0.0,0.0,0.0,0.0,0.0,-0.084,-0.008,-0.0,0.08438009243891595,0.0,0.0,0.0,0.0,0.0,0.0,NAV2,ACTIVE,False,True,True,True,,1.5096531083858213
37.890498562000175,126.44115188091443,101.49726847498707,-0.18428914704294508,-0.0038942332516909138,0.0,0.0,0.0,0.0,0.0,0.0,0.0,0.0,-0.084,-0.008,-0.0,0.08438009243891595,0.0,0.0,0.0,0.0,0.0,0.0,NAV2,ACTIVE,False,True,True,True,,1.5115027880191625
37.93244485000014,126.44115188091443,101.49726847498707,-0.18428914704294508,-0.0038942332516909138,0.0,0.0,0.0,0.0,0.0,0.0,0.0,0.0,-0.084,-0.008,-0.0,0.08438009243891595,0.0,0.0,0.0,0.0,0.0,0.0,NAV2,ACTIVE,False,True,True,True,,1.5116918126315508
37.97264461099985,126.43979527126446,101.49517392452034,-0.1849879418720306,-0.0047333696229316675,0.0,0.0,0.0,0.0,0.0,0.0,0.0,0.0,0.071,0.062,0.003,0.09426027795418386,0.0,0.0,0.0,0.0,0.0,0.0,NAV2,ACTIVE,False,True,True,True,,1.5088982623599922
38.02116221000051,126.43979527126446,101.49517392452034,-0.1849879418720306,-0.0047333696229316675,0.0,0.0,0.0,0.0,0.0,0.0,0.0,0.0,0.071,0.062,0.003,0.09426027795418386,0.0,0.0,0.0,0.0,0.0,0.0,NAV2,ACTIVE,False,True,True,True,,1.5107940564292475
38.061441157000445,126.438567455397,101.49527005861155,-0.18521882920207886,-0.005705050685130411,0.0,0.0,0.0,0.0,0.0,0.0,0.0,0.0,-0.027,-0.026,0.053,0.03748332962798262,0.0,0.0,0.0,0.0,0.0,0.0,NAV2,ACTIVE,False,True,True,True,,1.5080782620328772
38.10176430699994,126.438567455397,101.49527005861155,-0.18521882920207886,-0.005705050685130411,0.0,0.0,0.0,0.0,0.0,0.0,0.0,0.0,-0.027,-0.026,0.053,0.03748332962798262,0.0,0.0,0.0,0.0,0.0,0.0,NAV2,ACTIVE,False,True,True,True,,1.5098552056382797
38.14274036500046,126.438567455397,101.49527005861155,-0.18521882920207886,-0.005705050685130411,0.0,0.0,0.0,0.0,0.0,0.0,0.0,0.0,-0.027,-0.026,0.053,0.03748332962798262,0.0,0.0,0.0,0.0,0.0,0.0,NAV2,ACTIVE,False,True,True,True,,1.51137237598403
38.18280310299997,126.43745704574022,101.49533192599111,-0.18540604364594682,-0.006538461797964721,0.0,0.0,0.0,0.0,0.0,0.0,0.0,0.0,0.002,-0.013,0.029,0.013152946437965905,0.0,0.0,0.0,0.0,0.0,0.0,NAV2,ACTIVE,False,True,True,True,,1.5090578667711734
38.22338664000017,126.43745704574022,101.49533192599111,-0.18540604364594682,-0.006538461797964721,0.0,0.0,0.0,0.0,0.0,0.0,0.0,0.0,0.002,-0.013,0.029,0.013152946437965905,0.0,0.0,0.0,0.0,0.0,0.0,NAV2,ACTIVE,False,True,True,True,,1.5107654796126528
38.27378306300034,126.43648875281272,101.49533886288829,-0.1855495726922709,-0.00721989337309713,0.0,0.0,0.0,0.0,0.0,0.0,0.0,0.0,-0.012,-0.021,0.092,0.02418677324489565,0.0,0.0,0.0,0.0,0.0,0.0,NAV2,ACTIVE,False,True,True,True,,1.508146914394141
38.3211718929997,126.43648875281272,101.49533886288829,-0.1855495726922709,-0.00721989337309713,0.0,0.0,0.0,0.0,0.0,0.0,0.0,0.0,-0.012,-0.021,0.092,0.02418677324489565,0.0,0.0,0.0,0.0,0.0,0.0,NAV2,ACTIVE,False,True,True,True,,1.5113148350444037
38.36208483700011,126.43558661215272,101.49338446976473,-0.18587126552208533,-0.007569637260051253,0.0,0.0,0.0,0.0,0.0,0.0,0.0,0.0,0.032,-0.008,-0.071,0.03298484500494128,0.0,0.0,0.0,0.0,0.0,0.0,NAV2,ACTIVE,False,True,True,True,,1.5091904066942583
38.40957012099989,126.43558661215272,101.49338446976473,-0.18587126552208533,-0.007569637260051253,0.0,0.0,0.0,0.0,0.0,0.0,0.0,0.0,0.032,-0.008,-0.071,0.03298484500494128,0.0,0.0,0.0,0.0,0.0,0.0,NAV2,ACTIVE,False,True,True,True,,1.5102878299085287
38.44974008600002,126.43673572541734,101.49161591174209,-0.18568843569019353,-0.006517444411222897,0.0,0.0,0.0,0.0,0.0,0.0,0.0,0.0,-0.052,0.003,0.065,0.05208646657242167,0.0,0.0,0.0,0.0,0.0,0.0,NAV2,ACTIVE,False,True,True,True,,1.5102878299085287
38.49033578499984,126.43673572541734,101.49161591174209,-0.18568843569019353,-0.006517444411222897,0.0,0.0,0.0,0.0,0.0,0.0,0.0,0.0,-0.052,0.003,0.065,0.05208646657242167,0.0,0.0,0.0,0.0,0.0,0.0,NAV2,ACTIVE,False,True,True,True,,1.5100558172381056
38.53098161399976,126.43673572541734,101.49161591174209,-0.18568843569019353,-0.006517444411222897,0.0,0.0,0.0,0.0,0.0,0.0,0.0,0.0,-0.052,0.003,0.065,0.05208646657242167,0.0,0.0,0.0,0.0,0.0,0.0,NAV2,ACTIVE,False,True,True,True,,1.508290645763447
38.57647718699991,126.43776532321662,101.49001833964932,-0.18548711020901185,-0.005598667171319825,0.0,0.0,0.0,0.0,0.0,0.0,0.0,0.0,0.008,0.067,0.042,0.06747592163134936,0.0,0.0,0.0,0.0,0.0,0.0,NAV2,ACTIVE,False,True,True,True,,1.5152015052233803
38.62111548699977,126.43776532321662,101.49001833964932,-0.18548711020901185,-0.005598667171319825,0.0,0.0,0.0,0.0,0.0,0.0,0.0,0.0,0.008,0.067,0.042,0.06747592163134936,0.0,0.0,0.0,0.0,0.0,0.0,NAV2,ACTIVE,False,True,True,True,,1.515646988056338
38.661889050000354,126.43672917734985,101.49054846099641,-0.18555254275954347,-0.006378871453820571,0.0,0.0,0.0,0.0,0.0,0.0,0.0,0.0,0.023,-0.032,0.029,0.03940812099047606,0.0,0.0,0.0,0.0,0.0,0.0,NAV2,ACTIVE,False,True,True,True,,1.512586545186775
38.701985566000076,126.43672917734985,101.49054846099641,-0.18555254275954347,-0.006378871453820571,0.0,0.0,0.0,0.0,0.0,0.0,0.0,0.0,0.023,-0.032,0.029,0.03940812099047606,0.0,0.0,0.0,0.0,0.0,0.0,NAV2,ACTIVE,False,True,True,True,,1.5110111085399502
38.74203155299983,126.43672917734985,101.49054846099641,-0.18555254275954347,-0.006378871453820571,0.0,0.0,0.0,0.0,0.0,0.0,0.0,0.0,0.023,-0.032,0.029,0.03940812099047606,0.0,0.0,0.0,0.0,0.0,0.0,NAV2,ACTIVE,False,True,True,True,,1.5100990521005517
38.783343111999784,126.43776287891703,101.49101690332678,-0.18515116242980145,-0.005700341523675753,0.0,0.0,0.0,0.0,0.0,0.0,0.0,0.0,-0.057,0.007,-0.019,0.05742821606144492,0.0,0.0,0.0,0.0,0.0,0.0,NAV2,ACTIVE,False,True,True,True,,1.5144623714543943
38.83048375300041,126.43776287891703,101.49101690332678,-0.18515116242980145,-0.005700341523675753,0.0,0.0,0.0,0.0,0.0,0.0,0.0,0.0,-0.057,0.007,-0.019,0.05742821606144492,0.0,0.0,0.0,0.0,0.0,0.0,NAV2,ACTIVE,False,True,True,True,,1.5137517249325532
38.87226241700046,126.4386836673105,101.48945995281669,-0.1849334856735809,-0.0048612884783018825,0.0,0.0,0.0,0.0,0.0,0.0,0.0,0.0,0.05,0.024,0.016,0.05546169849544819,0.0,0.0,0.0,0.0,0.0,0.0,NAV2,ACTIVE,False,True,True,True,,1.5112863590315482
38.92115052600002,126.4386836673105,101.48945995281669,-0.1849334856735809,-0.0048612884783018825,0.0,0.0,0.0,0.0,0.0,0.0,0.0,0.0,0.05,0.024,0.016,0.05546169849544819,0.0,0.0,0.0,0.0,0.0,0.0,NAV2,ACTIVE,False,True,True,True,,1.5090038238340753
38.961543864000305,126.43950702249955,101.48806038493085,-0.18472985934977212,-0.004133678834623179,0.0,0.0,0.0,0.0,0.0,0.0,0.0,0.0,0.008,-0.017,0.02,0.018788294228055936,0.0,0.0,0.0,0.0,0.0,0.0,NAV2,ACTIVE,False,True,True,True,,1.5068825240218824
39.00189581399991,126.43950702249955,101.48806038493085,-0.18472985934977212,-0.004133678834623179,0.0,0.0,0.0,0.0,0.0,0.0,0.0,0.0,0.008,-0.017,0.02,0.018788294228055936,0.0,0.0,0.0,0.0,0.0,0.0,NAV2,ACTIVE,False,True,True,True,,1.5134721460021925
39.042480221000005,126.43950702249955,101.48806038493085,-0.18472985934977212,-0.004133678834623179,0.0,0.0,0.0,0.0,0.0,0.0,0.0,0.0,0.008,-0.017,0.02,0.018788294228055936,0.0,0.0,0.0,0.0,0.0,0.0,NAV2,ACTIVE,False,True,True,True,,1.5170731289648578
39.088539000999845,126.4402417970492,101.48680759455287,-0.18454124792828222,-0.0035062798696529262,0.0,0.0,0.0,0.0,0.0,0.0,0.0,0.0,-0.038,0.034,0.014,0.05099019513592785,0.0,0.0,0.0,0.0,0.0,0.0,NAV2,ACTIVE,False,True,True,True,,1.5137962848578956
39.13074469300045,126.4402417970492,101.48680759455287,-0.18454124792828222,-0.0035062798696529262,0.0,0.0,0.0,0.0,0.0,0.0,0.0,0.0,-0.038,0.034,0.014,0.05099019513592785,0.0,0.0,0.0,0.0,0.0,0.0,NAV2,ACTIVE,False,True,True,True,,1.508290645763447
39.172595983000065,126.4408981551924,101.48765802906075,-0.18422610712476306,-0.003215553311432962,0.0,0.0,0.0,0.0,0.0,0.0,0.0,0.0,-0.009,0.009,0.071,0.012727922061357854,0.0,0.0,0.0,0.0,0.0,0.0,NAV2,ACTIVE,False,True,True,True,,1.5084237577441457
39.22117591999995,126.4408981551924,101.48765802906075,-0.18422610712476306,-0.003215553311432962,0.0,0.0,0.0,0.0,0.0,0.0,0.0,0.0,-0.009,0.009,0.071,0.012727922061357854,0.0,0.0,0.0,0.0,0.0,0.0,NAV2,ACTIVE,False,True,True,True,,1.5167685034578102
39.261518320000505,126.43952138336988,101.48842034024503,-0.18439115106478488,-0.004296285046452716,0.0,0.0,0.0,0.0,0.0,0.0,0.0,0.0,0.039,-0.021,0.085,0.0442944691807002,0.0,0.0,0.0,0.0,0.0,0.0,NAV2,ACTIVE,False,True,True,True,,1.5138896927693895
39.30160791900016,126.43952138336988,101.48842034024503,-0.18439115106478488,-0.004296285046452716,0.0,0.0,0.0,0.0,0.0,0.0,0.0,0.0,0.039,-0.021,0.085,0.0442944691807002,0.0,0.0,0.0,0.0,0.0,0.0,NAV2,ACTIVE,False,True,True,True,,1.511228692831283
39.341665181999815,126.43952138336988,101.48842034024503,-0.18439115106478488,-0.004296285046452716,0.0,0.0,0.0,0.0,0.0,0.0,0.0,0.0,0.039,-0.021,0.085,0.0442944691807002,0.0,0.0,0.0,0.0,0.0,0.0,NAV2,ACTIVE,False,True,True,True,,1.5084504227230906
39.38449031999971,126.44024669952235,101.4891043357005,-0.18407405783615038,-0.003889863083989695,0.0,0.0,0.0,0.0,0.0,0.0,0.0,0.0,-0.032,0.024,0.07,0.04,0.0,0.0,0.0,0.0,0.0,0.0,NAV2,ACTIVE,False,True,True,True,,1.5056172668208438
39.429897580000215,126.44024669952235,101.4891043357005,-0.18407405783615038,-0.003889863083989695,0.0,0.0,0.0,0.0,0.0,0.0,0.0,0.0,-0.032,0.024,0.07,0.04,0.0,0.0,0.0,0.0,0.0,0.0,NAV2,ACTIVE,False,True,True,True,,1.5060987388765303
39.47396104800009,126.44081958023096,101.48972138097952,-0.18380262214611642,-0.0035921546122707243,0.0,0.0,0.0,0.0,0.0,0.0,0.0,0.0,0.003,-0.061,-0.041,0.06107372593840988,0.0,0.0,0.0,0.0,0.0,0.0,NAV2,ACTIVE,False,True,True,True,,1.5067645824602842
39.52104194799995,126.44081958023096,101.48972138097952,-0.18380262214611642,-0.0035921546122707243,0.0,0.0,0.0,0.0,0.0,0.0,0.0,0.0,0.003,-0.061,-0.041,0.06107372593840988,0.0,0.0,0.0,0.0,0.0,0.0,NAV2,ACTIVE,False,True,True,True,,1.5098397604298335
39.561772322999786,126.44149106831968,101.48826848548556,-0.18372643694085822,-0.002959690097077279,0.0,0.0,0.0,0.0,0.0,0.0,0.0,0.0,-0.021,0.06,0.017,0.06356886030125126,0.0,0.0,0.0,0.0,0.0,0.0,NAV2,ACTIVE,False,True,True,True,,1.50914759549933
39.601875854000355,126.44149106831968,101.48826848548556,-0.18372643694085822,-0.002959690097077279,0.0,0.0,0.0,0.0,0.0,0.0,0.0,0.0,-0.021,0.06,0.017,0.06356886030125126,0.0,0.0,0.0,0.0,0.0,0.0,NAV2,ACTIVE,False,True,True,True,,1.508972251474582
39.64251627700014,126.44149106831968,101.48826848548556,-0.18372643694085822,-0.002959690097077279,0.0,0.0,0.0,0.0,0.0,0.0,0.0,0.0,-0.021,0.06,0.017,0.06356886030125126,0.0,0.0,0.0,0.0,0.0,0.0,NAV2,ACTIVE,False,True,True,True,,1.5106643976874266
39.68268412999987,126.44193730624211,101.4889520320677,-0.18350279052757923,-0.002785138773658735,0.0,0.0,0.0,0.0,0.0,0.0,0.0,0.0,-0.027,-0.058,-0.011,0.06397655820689326,0.0,0.0,0.0,0.0,0.0,0.0,NAV2,ACTIVE,False,True,True,True,,1.5065868947022736
39.73070024400022,126.44193730624211,101.4889520320677,-0.18350279052757923,-0.002785138773658735,0.0,0.0,0.0,0.0,0.0,0.0,0.0,0.0,-0.027,-0.058,-0.011,0.06397655820689326,0.0,0.0,0.0,0.0,0.0,0.0,NAV2,ACTIVE,False,True,True,True,,1.5096224006896561
39.77339786399989,126.44049470345533,101.48957994977302,-0.1836702046908303,-0.0038716321542451204,0.0,0.0,0.0,0.0,0.0,0.0,0.0,0.0,-0.004,0.019,-0.1,0.0194164878389476,0.0,0.0,0.0,0.0,0.0,0.0,NAV2,ACTIVE,False,True,True,True,,1.5077328936140821
39.82130291800058,126.44049470345533,101.48957994977302,-0.1836702046908303,-0.0038716321542451204,0.0,0.0,0.0,0.0,0.0,0.0,0.0,0.0,-0.004,0.019,-0.1,0.0194164878389476,0.0,0.0,0.0,0.0,0.0,0.0,NAV2,ACTIVE,False,True,True,True,,1.5105916879886434
39.861597220000476,126.43916145984623,101.49012567438179,-0.18378713341005737,-0.004821144445928067,0.0,0.0,0.0,0.0,0.0,0.0,0.0,0.0,0.041,0.011,0.02,0.04244997055358225,0.0,0.0,0.0,0.0,0.0,0.0,NAV2,ACTIVE,False,True,True,True,,1.508264135674988
39.91043384400018,126.43916145984623,101.49012567438179,-0.18378713341005737,-0.004821144445928067,0.0,0.0,0.0,0.0,0.0,0.0,0.0,0.0,0.041,0.011,0.02,0.04244997055358225,0.0,0.0,0.0,0.0,0.0,0.0,NAV2,ACTIVE,False,True,True,True,,1.5104180269443053
39.95217591900018,126.43982071755373,101.49063171336634,-0.18355035705735379,-0.004366917276965595,0.0,0.0,0.0,0.0,0.0,0.0,0.0,0.0,0.015,-0.093,-0.049,0.09420191080864548,0.0,0.0,0.0,0.0,0.0,0.0,NAV2,ACTIVE,False,True,True,True,,1.5095642227278254
39.9922873280002,126.43982071755373,101.49063171336634,-0.18355035705735379,-0.004366917276965595,0.0,0.0,0.0,0.0,0.0,0.0,0.0,0.0,0.015,-0.093,-0.049,0.09420191080864548,0.0,0.0,0.0,0.0,0.0,0.0,NAV2,ACTIVE,False,True,True,True,,1.508972251474582
40.041336025999954,126.43982071755373,101.49063171336634,-0.18355035705735379,-0.004366917276965595,0.0,0.0,0.0,0.0,0.0,0.0,0.0,0.0,0.015,-0.093,-0.049,0.09420191080864548,0.0,0.0,0.0,0.0,0.0,0.0,NAV2,ACTIVE,False,True,True,True,,1.50994121409541
42.041961361000176,126.46309950046485,101.46630116378047,-0.18188265468454204,0.011395765796606552,0.0,0.0,0.0,0.0,0.0,0.0,0.0,0.0,0.02,-0.027,0.134,0.03360059523282288,0.0,0.0,0.0,0.0,0.0,0.0,NAV2,ACTIVE,False,True,True,True,,1.510895245902102
