source_mode,sample_seq,wall_utc_ns,utc_iso8601,ros_now_ns,monotonic_ns,measurement_stamp_ns,measurement_stamp_sec,measurement_stamp_nanosec,f411_mcu_ms,dronecan_network_us,dronecan_gnss_us,dronecan_time_standard,timestamp_source_code,x_m,y_m,xy_source,gnss_east_m,gnss_north_m,longitude_deg,latitude_deg,altitude_m,hacc_m,vacc_m,fix_type,fix_valid,satellites,satellites_visible,gnss_ground_speed_mps,gnss_course_deg,gnss_vel_n_mps,gnss_vel_e_mps,gnss_vel_d_mps,gnss_sacc_mps,gnss_course_acc_deg,gnss_pdop,gnss_rate_hz,yaw_neo3_deg,yaw_neo3_source,yaw_neo3_valid,neo3_mag_x_ut,neo3_mag_y_ut,neo3_mag_z_ut,neo3_mag_norm_ut,neo3_node_id,yaw_yahboom_deg,yaw_yahboom_source,yaw_yahboom_valid,yah_mag_raw_x_lsb,yah_mag_raw_y_lsb,yah_mag_raw_z_lsb,yah_mag_corrected_x,yah_mag_corrected_y,yahboom_corrected_norm,yaw_inertial_deg,yaw_inertial_source,yaw_inertial_valid,gyro_integrated_yaw_deg,yaw_gnss_heading_deg,yaw_imu_orientation_deg,map_yaw_from_enu_deg,imu_acc_raw_x,imu_acc_raw_y,imu_acc_raw_z,imu_acc_x_mps2,imu_acc_y_mps2,imu_acc_z_mps2,imu_acc_norm_mps2,imu_gyro_raw_x,imu_gyro_raw_y,imu_gyro_raw_z,imu_gyro_x_dps,imu_gyro_y_dps,imu_gyro_z_dps,imu_gyro_x_rps,imu_gyro_y_rps,imu_gyro_z_rps,gyro_z_rps,imu_angle_raw_roll,imu_angle_raw_pitch,imu_angle_raw_yaw,imu_roll_deg,imu_pitch_deg,imu_accgyro_yaw_deg,baro_pressure_pa,baro_temperature_k,neo3_crc_ok,yahboom_checksum_ok,bad_neo3_crc,bad_yahboom_checksum,f4_line_count,gnss_count,neo3_mag_count,imu_acc_count,imu_gyro_count,imu_angle_count,imu_mag_count,raw_message_count,raw_reference
ROS_TOPICS,1,1789500553951524443,2026-09-15T19:29:13.951524+00:00,1789500553951531564,7057201242655,1789500553951531564,1789500553,951531564,-1,-1,-1,-1,-1,nan,nan,gnss_local_enu_ros,nan,nan,nan,nan,nan,nan,nan,-1,0,-1,-1,nan,nan,nan,nan,nan,nan,nan,nan,nan,nan,neo3_calibrated_ros,0,nan,nan,nan,nan,-1,nan,yahboom_calibrated_ros,0,nan,nan,nan,nan,nan,nan,nan,logger_gyro_integral:none,0,nan,nan,nan,0.0,,,,nan,nan,nan,nan,,,,nan,nan,nan,nan,nan,nan,nan,,,,0.0,0.0,nan,nan,nan,,,,,,0,0,0,0,0,0,0,ROS topics=0 messages=0
ROS_TOPICS,2,1789500554051495153,2026-09-15T19:29:14.051495+00:00,1789500554051502664,7057301213543,1789500554051502664,1789500554,51502664,-1,-1,-1,-1,-1,nan,nan,gnss_local_enu_ros,nan,nan,nan,nan,nan,nan,nan,-1,0,-1,-1,nan,nan,nan,nan,nan,nan,nan,nan,nan,nan,neo3_calibrated_ros,0,nan,nan,nan,nan,-1,nan,yahboom_calibrated_ros,0,nan,nan,nan,nan,nan,nan,nan,logger_gyro_integral:none,0,nan,nan,nan,0.0,,,,nan,nan,nan,nan,,,,nan,nan,nan,nan,nan,nan,nan,,,,0.0,0.0,nan,nan,nan,,,,,,0,0,0,0,0,0,0,ROS topics=0 messages=0
ROS_TOPICS,3,1789500554151471562,2026-09-15T19:29:14.151472+00:00,1789500554151479047,7057401189791,1789500554151479047,1789500554,151479047,-1,-1,-1,-1,-1,nan,nan,gnss_local_enu_ros,nan,nan,nan,nan,nan,nan,nan,-1,0,-1,-1,nan,nan,nan,nan,nan,nan,nan,nan,nan,nan,neo3_calibrated_ros,0,nan,nan,nan,nan,-1,nan,yahboom_calibrated_ros,0,nan,nan,nan,nan,nan,nan,nan,logger_gyro_integral:none,0,nan,nan,nan,0.0,,,,nan,nan,nan,nan,,,,nan,nan,nan,nan,nan,nan,nan,,,,0.0,0.0,nan,nan,nan,,,,,,0,0,0,0,0,0,0,ROS topics=0 messages=0
ROS_TOPICS,4,1789500554251482909,2026-09-15T19:29:14.251483+00:00,1789500554251490452,7057501201075,1789500554251490452,1789500554,251490452,-1,-1,-1,-1,-1,nan,nan,gnss_local_enu_ros,nan,nan,nan,nan,nan,nan,nan,-1,0,-1,-1,nan,nan,nan,nan,nan,nan,nan,nan,nan,nan,neo3_calibrated_ros,0,nan,nan,nan,nan,-1,nan,yahboom_calibrated_ros,0,nan,nan,nan,nan,nan,nan,nan,logger_gyro_integral:none,0,nan,nan,nan,0.0,,,,nan,nan,nan,nan,,,,nan,nan,nan,nan,nan,nan,nan,,,,0.0,0.0,nan,nan,nan,,,,,,0,0,0,0,0,0,0,ROS topics=0 messages=0
ROS_TOPICS,5,1789500554524604091,2026-09-15T19:29:14.524604+00:00,1789500554524612975,7057774321972,1789500554524612975,1789500554,524612975,-1,-1,-1,-1,-1,nan,nan,gnss_local_enu_ros,nan,nan,nan,nan,nan,nan,nan,-1,0,-1,-1,nan,nan,nan,nan,nan,nan,nan,nan,nan,nan,neo3_calibrated_ros,0,nan,nan,nan,nan,-1,nan,yahboom_calibrated_ros,0,nan,nan,nan,nan,nan,nan,nan,logger_gyro_integral:none,0,nan,nan,nan,0.0,,,,nan,nan,nan,nan,,,,nan,nan,nan,nan,nan,nan,nan,,,,0.0,0.0,nan,nan,nan,,,,,,0,0,0,0,0,0,0,ROS topics=54 messages=0
ROS_TOPICS,6,1789500554552366929,2026-09-15T19:29:14.552367+00:00,1789500554552369871,7057802084368,1789500554400000000,1789500554,400000000,-1,-1,-1,-1,4,-0.0,0.0,gnss_local_enu_ros,-0.0,0.0,110.435127,-7.050735,280.541,17.84,21.852,3,1,8,-1,0.8415,120.09999999999998,-0.422,0.728,-0.156,2.2604,153.911,2.9902,5.0,-10.762890819273213,/neo3/mag_heading_fusion,1,-17.5049,-33.252,-25.5371,45.434133692852555,-1,-10.307389060419881,/imu/mag_heading_fusion+neo3_cross_align,1,nan,nan,nan,nan,nan,nan,nan,logger_gyro_integral:none,0,nan,nan,nan,0.0,,,,nan,nan,nan,nan,,,,nan,nan,nan,nan,nan,nan,nan,,,,0.0,0.0,nan,nan,nan,,,,,,1,1,0,0,0,0,33,ROS topics=54 messages=33
ROS_TOPICS,7,1789500554653695631,2026-09-15T19:29:14.653696+00:00,1789500554653699544,7057903413129,1789500554600000000,1789500554,600000000,10392408,1789500554607097,1789500554600000,2,4,0.35356196010471724,0.22119181559065412,gnss_local_enu_ros,0.35356196010471724,0.22119181559065412,110.4351302,-7.050733,280.801,17.854,21.892,3,1,8,0,1.2126,112.907,-0.472,1.117,0.008,2.2972,108.543,-1.0,5.008,-10.71077103901471,/neo3/mag_heading_fusion,1,-17.4805,-33.2764,-25.5615,45.456319246723,1,-10.296266012083255,/imu/mag_heading_fusion+neo3_cross_align,1,nan,nan,nan,nan,nan,nan,-10.710771039014713,logger_gyro_integral:neo3_calibrated_ros,1,-10.710771039014713,nan,62.391357421875014,0.0,,,,-0.1974236125153943,0.12528573186338354,9.783677343579082,9.78647101669697,,,,-0.0,-0.0,0.0,-0.0,-0.0,0.0,0.0,,,,0.6866455078125001,1.1700439453125002,62.391357421875014,98630.062,nan,,,,,,2,4,0,0,0,0,85,ROS topics=54 messages=85
ROS_TOPICS,8,1789500554754549698,2026-09-15T19:29:14.754550+00:00,1789500554754554099,7058004267197,1789500554600000000,1789500554,600000000,10392408,1789500554607097,1789500554600000,2,4,0.35356196010471724,0.22119181559065412,gnss_local_enu_ros,0.35356196010471724,0.22119181559065412,110.4351302,-7.050733,280.801,17.854,21.892,3,1,8,0,1.2126,112.907,-0.472,1.117,0.008,2.2972,108.543,-1.0,5.008,-10.719231294825791,/neo3/mag_heading_fusion,1,-17.4805,-33.252,-25.5127,45.411025594452276,1,-10.354235093927556,/imu/mag_heading_fusion+neo3_cross_align,1,nan,nan,nan,nan,nan,nan,-10.710771039014713,logger_gyro_integral:neo3_calibrated_ros,1,-10.710771039014713,nan,62.391357421875014,0.0,,,,-0.20221201583570683,0.11092052190244604,9.812407763500957,9.815117889192228,,,,-0.0,-0.0,0.0,-0.0,-0.0,0.0,0.0,,,,0.6866455078125001,1.1700439453125002,62.391357421875014,98633.117,36.60000000000002,,,,,,2,6,0,0,0,0,126,ROS topics=54 messages=126
ROS_TOPICS,9,1789500554876447126,2026-09-15T19:29:14.876447+00:00,1789500554876453997,7058126164742,1789500554800000000,1789500554,800000000,10392608,1789500554807216,1789500554800000,2,4,175.38796519650333,120.79146704626986,gnss_map,0.6408310542766876,0.2543705860112924,110.4351328,-7.0507327,280.811,17.875,21.937,3,1,8,0,1.2386,111.55200000000002,-0.455,1.152,0.236,2.6443,122.32,-1.0,5.006,-10.724123929706142,/neo3/mag_heading_fusion,1,-17.4927,-33.3008,-25.5615,45.47887549379382,1,-10.385665532878491,/imu/mag_heading_fusion+neo3_cross_align,1,nan,nan,nan,nan,nan,nan,-10.710771039014713,logger_gyro_integral:neo3_calibrated_ros,1,-10.710771039014713,nan,62.391357421875014,0.0,,,,-0.1974236125153943,0.12528573186338354,9.783677343579082,9.78647101669697,,,,-0.0,-0.0,0.0,-0.0,-0.0,0.0,0.0,,,,0.6866455078125001,1.1700439453125002,62.391357421875014,98628.539,36.60000000000002,,,,,,3,9,0,0,0,0,177,ROS topics=74 messages=177
ROS_TOPICS,10,1789500554951552249,2026-09-15T19:29:14.951552+00:00,1789500554951556162,7058201269809,1789500554800000000,1789500554,800000000,10392608,1789500554807216,1789500554800000,2,4,175.38796519650333,120.79146704626986,gnss_map,0.6408310542766876,0.2543705860112924,110.4351328,-7.0507327,280.811,17.875,21.937,3,1,8,0,1.2386,111.55200000000002,-0.455,1.152,0.236,2.6443,122.32,-1.0,5.006,-10.888498274180073,/neo3/mag_heading_fusion,1,-17.5415,-33.0811,-25.3906,45.240976645293586,1,-10.242574157747383,/imu/mag_heading_fusion+neo3_cross_align,1,-4483.0,7991.0,3793.0,-0.17205044779853496,0.8343385320304275,0.8518932694993928,-10.710771039014713,logger_gyro_integral:neo3_calibrated_ros,1,-10.710771039014713,nan,62.391357421875014,0.0,,,,0.19632453613281248,-0.1388636962890625,9.797073193359374,9.805813236907497,,,,-0.0,-0.0,0.0,0.0,0.0,0.0,0.0,,,,0.6866455078125001,1.1700439453125002,62.391357421875014,98629.758,36.60000000000002,,,,,,3,11,4,4,0,4,236,ROS topics=74 messages=236
ROS_TOPICS,11,1789500555051522444,2026-09-15T19:29:15.051522+00:00,1789500555051525304,7058301239835,1789500555000000000,1789500555,0,10392814,1789500555012884,1789500555000000,2,4,175.66415933786573,121.03636992606286,gnss_map,0.9170513223926169,0.497681571409239,110.4351353,-7.0507305,280.692,17.889,21.966,3,1,8,0,0.7771,60.301,0.385,0.675,0.678,4.526,180.0,-1.0,4.984,-10.724123929706142,/neo3/mag_heading_fusion,1,-17.4927,-33.3008,-25.5615,45.47887549379382,1,-10.422472210193947,/imu/mag_heading_fusion+neo3_cross_align,1,-4500.0,7992.0,3759.0,-0.17449017973460282,0.8344473225952207,0.8524958398784983,-10.710771039014713,logger_gyro_integral:neo3_calibrated_ros,1,-10.710771039014713,nan,62.391357421875014,0.0,,,,0.21068974609375,-0.1388636962890625,9.782707983398437,9.79175257903819,,,,-0.0,-0.0,0.0,0.0,0.0,0.0,0.0,,,,0.6866455078125001,1.1700439453125002,62.391357421875014,98644.102,36.60000000000002,,,,,,4,14,9,9,0,9,336,ROS topics=74 messages=336
ROS_TOPICS,12,1789500555152053733,2026-09-15T19:29:15.152054+00:00,1789500555152056827,7058401771015,1789500555000000000,1789500555,0,10392814,1789500555012884,1789500555000000,2,4,175.66415933786573,121.03636992606286,gnss_map,0.9170513223926169,0.497681571409239,110.4351353,-7.0507305,280.692,17.889,21.966,3,1,8,0,0.7771,60.301,0.385,0.675,0.678,4.526,180.0,-1.0,4.984,-10.822710650817543,/neo3/mag_heading_fusion,1,-17.5049,-33.0811,-25.3174,45.18574381350826,1,-10.410922399856494,/imu/mag_heading_fusion+neo3_cross_align,1,-4493.0,7990.0,3761.0,-0.17348838625696217,0.8341821070330504,0.8520316941640989,-10.710771039014713,logger_gyro_integral:neo3_calibrated_ros,1,-10.710771039014713,nan,62.391357421875014,0.0,,,,0.201112939453125,-0.1197100830078125,9.816226806640625,9.82480484292862,,,,-0.0,-0.0,0.0,0.0,0.0,0.0,0.0,,,,0.6866455078125001,1.1700439453125002,62.391357421875014,98638.305,36.60000000000002,,,,,,4,16,14,14,0,14,400,ROS topics=74 messages=400
ROS_TOPICS,13,1789500555252325783,2026-09-15T19:29:15.252326+00:00,1789500555252328349,7058502043045,1789500555200000000,1789500555,200000000,10393008,1789500555207629,1789500555200000,2,4,175.86301913090813,121.33693255129555,gnss_map,1.115929921836996,0.7962905097459837,110.4351371,-7.0507278,280.651,17.903,22.0,3,1,8,0,0.807,42.288,0.597,0.543,0.953,4.7186,180.0,-1.0,5.009,-10.719231294825791,/neo3/mag_heading_fusion,1,-17.4805,-33.252,-25.5859,45.45219095995263,1,-10.484342411843253,/imu/mag_heading_fusion+neo3_cross_align,1,-4498.0,7988.0,3791.0,-0.17421000184354157,0.8338957206119539,0.851898584103329,-10.710771039014713,logger_gyro_integral:neo3_calibrated_ros,1,-10.710771039014713,nan,62.391357421875014,0.0,,,,0.2154781494140625,-0.1292868896484375,9.801861596679688,9.81087266707543,,,,-0.0,-0.0,0.0,0.0,0.0,0.0,0.0,,,,0.6866455078125001,1.1700439453125002,62.391357421875014,98632.203,36.60000000000002,,,,,,5,19,19,19,0,19,501,ROS topics=74 messages=501
ROS_TOPICS,14,1789500555353621682,2026-09-15T19:29:15.353622+00:00,1789500555353626354,7058603339251,1789500555200000000,1789500555,200000000,10393008,1789500555207629,1789500555200000,2,4,175.86301913090813,121.33693255129555,gnss_map,1.115929921836996,0.7962905097459837,110.4351371,-7.0507278,280.651,17.903,22.0,3,1,8,0,0.807,42.288,0.597,0.543,0.953,4.7186,180.0,-1.0,5.009,-10.814132378410694,/neo3/mag_heading_fusion,1,-17.5049,-33.1055,-25.293,45.18994913982533,1,-10.640713974000633,/imu/mag_heading_fusion+neo3_cross_align,1,-4512.0,7980.0,3871.0,-0.17623475965774912,0.8327607603570308,0.8512045432808996,-10.710771039014713,logger_gyro_integral:neo3_calibrated_ros,1,-10.710771039014713,nan,62.391357421875014,0.0,,,,0.2059013427734375,-0.1149216796875,9.80665,9.815272988874066,,,,-0.0,-0.0,0.0,0.0,0.0,0.0,0.0,,,,0.6866455078125001,1.1700439453125002,62.391357421875014,98629.453,36.60000000000002,,,,,,5,21,24,24,0,24,564,ROS topics=74 messages=564
ROS_TOPICS,15,1789500555452422730,2026-09-15T19:29:15.452423+00:00,1789500555452425732,7058702140167,1789500555400000000,1789500555,400000000,10393209,1789500555407887,1789500555400000,2,4,175.88511467090177,121.4816478892263,gnss_map,1.138027583991523,0.9400652179006521,110.4351373,-7.0507265,280.861,17.909,22.034,3,1,8,0,0.5217,11.611000000000004,0.511,0.105,0.267,3.88,180.0,-1.0,5.004,-10.724123929706142,/neo3/mag_heading_fusion,1,-17.4927,-33.3008,-25.5615,45.47887549379382,1,-10.523986112811524,/imu/mag_heading_fusion+neo3_cross_align,1,-4498.0,7989.0,3802.0,-0.17420823760529772,0.8340345032268925,0.8520340736276181,-10.710771039014713,logger_gyro_integral:neo3_calibrated_ros,1,-10.710771039014713,nan,62.391357421875014,0.0,,,,0.201112939453125,-0.1292868896484375,9.782707983398437,9.79141821485605,,,,-0.0,-0.0,0.0,0.0,0.0,0.0,0.0,,,,0.6866455078125001,1.1700439453125002,62.391357421875014,98629.453,36.60000000000002,,,,,,6,24,29,29,0,29,664,ROS topics=74 messages=664
ROS_TOPICS,16,1789500555551529635,2026-09-15T19:29:15.551530+00:00,1789500555551532205,7058801247047,1789500555400000000,1789500555,400000000,10393209,1789500555407887,1789500555400000,2,4,175.88511467090177,121.4816478892263,gnss_map,1.138027583991523,0.9400652179006521,110.4351373,-7.0507265,280.861,17.909,22.034,3,1,8,0,0.5217,11.611000000000004,0.511,0.105,0.267,3.88,180.0,-1.0,5.004,-10.875229485280354,/neo3/mag_heading_fusion,1,-17.5293,-33.0566,-25.3418,45.19095030301974,1,-10.597223188067563,/imu/mag_heading_fusion+neo3_cross_align,1,-4502.0,7985.0,3859.0,-0.17478976424634649,0.8334723158141626,0.8516029373563225,-10.710771039014713,logger_gyro_integral:neo3_calibrated_ros,1,-10.710771039014713,nan,62.391357421875014,0.0,,,,0.201112939453125,-0.1197100830078125,9.80665,9.815230788053238,,,,-0.0,-0.0,0.0,0.0,0.0,0.0,0.0,,,,0.6866455078125001,1.1700439453125002,62.391357421875014,98628.844,36.60000000000002,,,,,,6,26,34,34,0,34,729,ROS topics=74 messages=729
ROS_TOPICS,17,1789500555651526350,2026-09-15T19:29:15.651526+00:00,1789500555651529953,7058901243788,1789500555600000000,1789500555,600000000,10393408,1789500555607076,1789500555600000,2,4,175.80778031242792,121.41485619476948,gnss_map,1.0606858555905165,0.8737076354876527,110.4351366,-7.0507271,280.581,17.916,22.062,3,1,8,0,0.5477,16.549000000000007,0.525,0.156,0.291,3.936,180.0,-1.0,5.007,-10.71077103901471,/neo3/mag_heading_fusion,1,-17.4805,-33.2764,-25.5371,45.442602848208416,1,-10.59174715234734,/imu/mag_heading_fusion+neo3_cross_align,1,-4499.0,7981.0,3857.0,-0.1743659689332669,0.8329224780691395,0.8509778760901328,-10.710771039014713,logger_gyro_integral:neo3_calibrated_ros,1,-10.710771039014713,nan,62.391357421875014,0.0,,,,0.19153613281249998,-0.13407529296874998,9.782707983398437,9.79128990002523,,,,-0.0,-0.0,0.0,0.0,0.0,0.0,0.0,,,,0.6866455078125001,1.1700439453125002,62.391357421875014,98619.078,36.60000000000002,,,,,,7,29,39,39,0,39,833,ROS topics=74 messages=833
ROS_TOPICS,18,1789500555751549008,2026-09-15T19:29:15.751549+00:00,1789500555751552331,7059001266215,1789500555600000000,1789500555,600000000,10393408,1789500555607076,1789500555600000,2,4,175.80778031242792,121.41485619476948,gnss_map,1.0606858555905165,0.8737076354876527,110.4351366,-7.0507271,280.581,17.916,22.062,3,1,8,0,0.5477,16.549000000000007,0.525,0.156,0.291,3.936,180.0,-1.0,5.007,-10.71077103901471,/neo3/mag_heading_fusion,1,-17.4805,-33.2764,-25.4883,45.415196951020704,1,-10.475774822170452,/imu/mag_heading_fusion+neo3_cross_align,1,-4484.0,7987.0,3840.0,-0.1722011221735287,0.8337816373324293,0.8513783208601033,-10.710771039014713,logger_gyro_integral:neo3_calibrated_ros,1,-10.710771039014713,nan,62.391357421875014,0.0,,,,0.19632453613281248,-0.1005564697265625,9.787496386718749,9.79576814150872,,,,-0.0,-0.0,0.0,0.0,0.0,0.0,0.0,,,,0.6866455078125001,1.1700439453125002,62.391357421875014,98625.18,36.60000000000002,,,,,,7,31,44,44,0,44,897,ROS topics=74 messages=897
ROS_TOPICS,19,1789500555852924409,2026-09-15T19:29:15.852924+00:00,1789500555852928625,7059102641980,1789500555800000000,1789500555,800000000,10393608,1789500555807354,1789500555800000,2,4,175.88511467090177,121.4816478892263,gnss_map,1.1380274341291647,0.940065093291019,110.4351373,-7.0507265,280.021,17.923,22.091,3,1,8,0,0.9489,42.90699999999999,0.695,0.646,1.207,4.5758,180.0,-1.0,5.006,-10.732587127016481,/neo3/mag_heading_fusion,1,-17.4927,-33.2764,-25.5859,45.474736162621106,1,-10.636629790817869,/imu/mag_heading_fusion+neo3_cross_align,1,-4501.0,7986.0,3826.0,-0.17464438258608428,0.833612862667345,0.8517106698717121,-10.710771039014713,logger_gyro_integral:neo3_calibrated_ros,1,-10.710771039014713,nan,62.391357421875014,0.0,,,,0.21068974609375,-0.12449848632812499,9.773131176757811,9.78198445745288,,,,-0.0,-0.0,0.0,0.0,0.0,0.0,0.0,,,,0.6866455078125001,1.1700439453125002,62.391357421875014,98634.945,36.60000000000002,,,,,,8,34,49,49,0,49,1001,ROS topics=74 messages=1001
ROS_TOPICS,20,1789500555951512243,2026-09-15T19:29:15.951512+00:00,1789500555951514307,7059201229577,1789500555800000000,1789500555,800000000,10393608,1789500555807354,1789500555800000,2,4,175.88511467090177,121.4816478892263,gnss_map,1.1380274341291647,0.940065093291019,110.4351373,-7.0507265,280.021,17.923,22.091,3,1,8,0,0.9489,42.90699999999999,0.695,0.646,1.207,4.5758,180.0,-1.0,5.006,-10.75808581614167,/neo3/mag_heading_fusion,1,-17.4927,-33.2031,-25.4883,45.36621914806214,1,-10.645414047758429,/imu/mag_heading_fusion+neo3_cross_align,1,-4501.0,7988.0,3798.0,-0.17464085410959657,0.8338904278972223,0.8519816158009174,-10.710771039014713,logger_gyro_integral:neo3_calibrated_ros,1,-10.710771039014713,nan,62.391357421875014,0.0,,,,0.201112939453125,-0.11013327636718749,9.80665,9.815117889192228,,,,-0.0,-0.0,0.0,0.0,0.0,0.0,0.0,,,,0.6866455078125001,1.1700439453125002,62.391357421875014,98630.375,36.60000000000002,,,,,,8,36,54,54,0,54,1064,ROS topics=74 messages=1064
ROS_TOPICS,21,1789500556052341877,2026-09-15T19:29:16.052342+00:00,1789500556052347085,7059302059692,1789500556000000000,1789500556,0,10393813,1789500556013010,1789500556000000,2,4,175.70835041149516,121.2033491622934,gnss_map,0.9612464406421437,0.6635753402454282,110.4351357,-7.050729,279.831,17.937,22.119,3,1,8,0,0.3803,28.25,0.335,0.18,0.268,4.3821,180.0,-1.0,4.987,-10.680519079298072,/neo3/mag_heading_fusion,1,-17.4683,-33.3008,-25.5371,45.455783591749906,1,-10.680833417813798,/imu/mag_heading_fusion+neo3_cross_align,1,-4507.0,7997.0,3808.0,-0.1754866804975119,0.8351288860022069,0.8533673483719206,-10.710771039014713,logger_gyro_integral:neo3_calibrated_ros,1,-10.710771039014713,nan,62.391357421875014,0.0,,,,0.2154781494140625,-0.13407529296874998,9.777919580078125,9.787003420980712,,,,-0.0,-0.0,0.0,0.0,0.0,0.0,0.0,,,,0.6866455078125001,1.1700439453125002,62.391357421875014,98627.93,36.60000000000002,,,,,,9,39,59,59,0,59,1164,ROS topics=74 messages=1164
ROS_TOPICS,22,1789500556152040287,2026-09-15T19:29:16.152040+00:00,1789500556152043746,7059401757893,1789500556000000000,1789500556,0,10393813,1789500556013010,1789500556000000,2,4,175.70835041149516,121.2033491622934,gnss_map,0.9612464406421437,0.6635753402454282,110.4351357,-7.050729,279.831,17.937,22.119,3,1,8,0,0.3803,28.25,0.335,0.18,0.268,4.3821,180.0,-1.0,4.987,-10.68895171896086,/neo3/mag_heading_fusion,1,-17.4683,-33.2764,-25.5127,45.42420239409824,1,-10.621780157820396,/imu/mag_heading_fusion+neo3_cross_align,1,-4500.0,8000.0,3809.0,-0.174476065828652,0.8355575835147296,0.8535797402211573,-10.710771039014713,logger_gyro_integral:neo3_calibrated_ros,1,-10.710771039014713,nan,62.391357421875014,0.0,,,,0.2059013427734375,-0.105344873046875,9.80665,9.815164762618066,,,,-0.0,-0.0,0.0,0.0,0.0,0.0,0.0,,,,0.6866455078125001,1.1700439453125002,62.391357421875014,98641.969,36.60000000000002,,,,,,9,41,64,64,0,64,1228,ROS topics=74 messages=1228
ROS_TOPICS,23,1789500556251542740,2026-09-15T19:29:16.251543+00:00,1789500556251545150,7059501259997,1789500556200000000,1789500556,200000000,10394008,1789500556207580,1789500556200000,2,4,175.54263391665685,120.94731433348328,gnss_map,0.7955143086114739,0.40920480233406836,110.4351342,-7.0507313,279.981,17.944,22.147,3,1,8,0,0.1842,167.77499999999998,-0.18,0.039,-0.673,4.5672,180.0,-1.0,5.008,-10.685464168849995,/neo3/mag_heading_fusion,1,-17.4805,-33.3496,-25.6104,45.53741635808953,1,-10.6314947319176,/imu/mag_heading_fusion+neo3_cross_align,1,-4500.0,7998.0,3804.0,-0.1744795943051397,0.8352800182848524,0.8533087587590025,-10.710771039014713,logger_gyro_integral:neo3_calibrated_ros,1,-10.710771039014713,nan,62.391357421875014,0.0,,,,0.201112939453125,-0.1388636962890625,9.773131176757811,9.781976333584948,,,,-0.0,-0.0,0.0,0.0,0.0,0.0,0.0,,,,0.6866455078125001,1.1700439453125002,62.391357421875014,98634.336,36.60000000000002,,,,,,10,44,69,69,0,69,1329,ROS topics=74 messages=1329
ROS_TOPICS,24,1789500556353088575,2026-09-15T19:29:16.353089+00:00,1789500556353092639,7059602806163,1789500556200000000,1789500556,200000000,10394008,1789500556207580,1789500556200000,2,4,175.54263391665685,120.94731433348328,gnss_map,0.7955143086114739,0.40920480233406836,110.4351342,-7.0507313,279.981,17.944,22.147,3,1,8,0,0.1842,167.77499999999998,-0.18,0.039,-0.673,4.5672,180.0,-1.0,5.008,-10.702323117158823,/neo3/mag_heading_fusion,1,-17.4805,-33.3008,-25.5371,45.4604733510332,1,-10.735481047866818,/imu/mag_heading_fusion+neo3_cross_align,1,-4510.0,7987.0,3829.0,-0.17593517514600546,0.8337357671380891,0.8520965410439086,-10.710771039014713,logger_gyro_integral:neo3_calibrated_ros,1,-10.710771039014713,nan,62.391357421875014,0.0,,,,0.19632453613281248,-0.1149216796875,9.797073193359374,9.805501486764156,,,,-0.0,-0.0,0.0,0.0,0.0,0.0,0.0,,,,0.6866455078125001,1.1700439453125002,62.391357421875014,98635.25,36.60000000000002,,,,,,10,46,74,74,0,74,1392,ROS topics=74 messages=1392
ROS_TOPICS,25,1789500556451540124,2026-09-15T19:29:16.451540+00:00,1789500556451543275,7059701257760,1789500556400000000,1789500556,400000000,10394208,1789500556407719,1789500556400000,2,4,175.5868249779492,120.98071018071168,gnss_map,0.8397094530353648,0.44238351877160254,110.4351346,-7.050731,279.25100000000003,17.951,22.187,3,1,8,0,0.8682,28.779000000000003,0.761,0.418,0.867,4.8072,180.0,-1.0,5.007,-10.69388750262354,/neo3/mag_heading_fusion,1,-17.4805,-33.3252,-25.5615,45.49205554313852,1,-10.652311984774393,/imu/mag_heading_fusion+neo3_cross_align,1,-4501.0,7992.0,3833.0,-0.17463379715662114,0.8344455583569769,0.8525235204796562,-10.710771039014713,logger_gyro_integral:neo3_calibrated_ros,1,-10.710771039014713,nan,62.391357421875014,0.0,,,,0.19632453613281248,-0.1292868896484375,9.763554370117188,9.772172477370686,,,,-0.0,-0.0,0.0,0.0,0.0,0.0,0.0,,,,0.6866455078125001,1.1700439453125002,62.391357421875014,98622.742,36.60000000000002,,,,,,11,49,79,79,0,79,1492,ROS topics=74 messages=1492
ROS_TOPICS,26,1789500556551625229,2026-09-15T19:29:16.551625+00:00,1789500556551629930,7059801343385,1789500556400000000,1789500556,400000000,10394208,1789500556407719,1789500556400000,2,4,175.5868249779492,120.98071018071168,gnss_map,0.8397094530353648,0.44238351877160254,110.4351346,-7.050731,279.25100000000003,17.951,22.187,3,1,8,0,0.8682,28.779000000000003,0.761,0.418,0.867,4.8072,180.0,-1.0,5.007,-10.853284771343377,/neo3/mag_heading_fusion,1,-17.5171,-33.0566,-25.3418,45.18621939496598,1,-10.64490907149691,/imu/mag_heading_fusion+neo3_cross_align,1,-4496.0,7985.0,3805.0,-0.17392805971423647,0.8334829012436257,0.8514368541597495,-10.710771039014713,logger_gyro_integral:neo3_calibrated_ros,1,-10.710771039014713,nan,62.391357421875014,0.0,,,,0.2059013427734375,-0.1149216796875,9.80665,9.815272988874066,,,,-0.0,-0.0,0.0,0.0,0.0,0.0,0.0,,,,0.6866455078125001,1.1700439453125002,62.391357421875014,98618.773,36.60000000000002,,,,,,11,51,84,84,0,84,1557,ROS topics=74 messages=1557
ROS_TOPICS,27,1789500556653455007,2026-09-15T19:29:16.653455+00:00,1789500556653462224,7059903173022,1789500556600000000,1789500556,600000000,10394407,1789500556606832,1789500556600000,2,4,175.71939817708284,121.21448111131053,gnss_map,0.9722951540800511,0.674634863117361,110.4351358,-7.0507289,279.211,17.965,22.215,3,1,8,0,0.7029,45.69199999999999,0.491,0.503,1.001,4.9718,180.0,-1.0,5.01,-10.667129171624373,/neo3/mag_heading_fusion,1,-17.4561,-33.2764,-25.4883,45.40581087327921,1,-10.644303812164944,/imu/mag_heading_fusion+neo3_cross_align,1,-4495.0,7982.0,3825.0,-0.1737897350069497,0.8330683176370537,0.8510027578359642,-10.710771039014713,logger_gyro_integral:neo3_calibrated_ros,1,-10.710771039014713,nan,62.391357421875014,0.0,,,,0.19153613281249998,-0.1149216796875,9.797073193359374,9.805406245942953,,,,-0.0,-0.0,0.0,0.0,0.0,0.0,0.0,,,,0.6866455078125001,1.1700439453125002,62.391357421875014,98621.828,36.60000000000002,,,,,,12,53,88,88,0,88,1636,ROS topics=74 messages=1636
ROS_TOPICS,28,1789500556751596960,2026-09-15T19:29:16.751597+00:00,1789500556751602871,7060001314937,1789500556600000000,1789500556,600000000,10394407,1789500556606832,1789500556600000,2,4,174.5174259999881,119.40314704498925,nav2_filtered_map,0.9722951540800511,0.674634863117361,110.4351358,-7.0507289,279.211,17.965,22.215,3,1,8,0,0.7029,45.69199999999999,0.491,0.503,1.001,4.9718,180.0,-1.0,5.01,-10.822710650817543,/neo3/mag_heading_fusion,1,-17.5049,-33.0811,-25.3174,45.18574381350826,1,-10.707034984775067,/imu/mag_heading_fusion+neo3_cross_align,1,-4502.0,7988.0,3849.0,-0.17478447153161492,0.8338886636589785,0.8520093396598085,-10.710771039014713,logger_gyro_integral:neo3_calibrated_ros,1,-10.710771039014713,nan,62.391357421875014,0.0,,,,0.2154781494140625,-0.13407529296874998,9.811438403320311,9.8205108918465,,,,-0.0,-0.0,0.0,0.0,0.0,0.0,0.0,,,,0.6866455078125001,1.1700439453125002,62.391357421875014,98617.25,36.35000000000002,,,,,,12,56,92,92,0,92,1710,ROS topics=74 messages=1710
ROS_TOPICS,29,1789500556853475043,2026-09-15T19:29:16.853475+00:00,1789500556853481203,7060103192557,1789500556800000000,1789500556,800000000,10394608,1789500556807059,1789500556800000,2,4,174.4953635001713,119.3402957174819,nav2_filtered_map,1.2043199476585942,0.8184093725435551,110.4351379,-7.0507276,278.201,17.958,22.237,3,1,8,0,1.7783,48.944,1.168,1.341,2.37,4.5535,146.70800000000003,-1.0,5.004,-10.650306736368943,/neo3/mag_heading_fusion,1,-17.4561,-33.3252,-25.5859,45.496402726589274,1,-10.713687756570163,/imu/mag_heading_fusion+neo3_cross_align,1,-4504.0,7990.0,3791.0,-0.17506817789916387,0.834162700412368,0.8523357775385163,-10.710771039014713,logger_gyro_integral:neo3_calibrated_ros,1,-10.710771039014713,nan,62.391357421875014,0.0,,,,0.19632453613281248,-0.105344873046875,9.792284790039062,9.800606001179437,,,,-0.0,-0.0,0.0,0.0,0.0,0.0,0.0,,,,0.6866455078125001,1.1700439453125002,62.391357421875014,98627.32,36.35000000000002,,,,,,13,59,96,96,0,96,1808,ROS topics=74 messages=1808
ROS_TOPICS,30,1789500556951508984,2026-09-15T19:29:16.951509+00:00,1789500556951511609,7060201226304,1789500556800000000,1789500556,800000000,10394608,1789500556807059,1789500556800000,2,4,174.60640011138426,119.46149676906614,nav2_filtered_map,1.2043199476585942,0.8184093725435551,110.4351379,-7.0507276,278.201,17.958,22.237,3,1,8,0,1.7783,48.944,1.168,1.341,2.37,4.5535,146.70800000000003,-1.0,5.004,-10.853284771343377,/neo3/mag_heading_fusion,1,-17.5171,-33.0566,-25.293,45.158868951403115,1,-10.826426114145015,/imu/mag_heading_fusion+neo3_cross_align,1,-4514.0,7978.0,3819.0,-0.17652552297827348,0.832479666650666,0.8509898093688061,-10.710771039014713,logger_gyro_integral:neo3_calibrated_ros,1,-10.710771039014713,nan,62.391357421875014,0.0,,,,0.21068974609375,-0.1197100830078125,9.811438403320311,9.820219686410388,,,,-0.0,-0.0,0.0,0.0,0.0,0.0,0.0,,,,0.6866455078125001,1.1700439453125002,62.391357421875014,98626.406,36.35000000000002,,,,,,13,61,101,101,0,101,1876,ROS topics=74 messages=1876
ROS_TOPICS,31,1789500557052576415,2026-09-15T19:29:17.052577+00:00,1789500557052579851,7060302293887,1789500557000000000,1789500557,0,10394816,1789500557013786,1789500557000000,2,4,174.58776313574495,119.40261469195184,nav2_filtered_map,1.4805399967111028,0.8626476383103376,110.4351404,-7.0507272,277.671,17.958,22.265,3,1,8,0,1.8859,77.474,0.409,1.841,2.397,4.2094,127.886,-1.0,4.975,-10.715673060236213,/neo3/mag_heading_fusion,1,-17.4927,-33.3252,-25.5371,45.483040627688915,1,-10.723263653421034,/imu/mag_heading_fusion+neo3_cross_align,1,-4507.0,8000.0,3822.0,-0.17548138778278033,0.8355452338470227,0.8537737143193426,-10.710771039014713,logger_gyro_integral:neo3_calibrated_ros,1,-10.710771039014713,nan,62.391357421875014,0.0,,,,0.201112939453125,-0.105344873046875,9.816226806640625,9.824639159889914,,,,-0.0,-0.0,0.0,0.0,0.0,0.0,0.0,,,,0.6866455078125001,1.1700439453125002,62.391357421875014,98616.031,36.35000000000002,,,,,,14,64,104,104,0,104,1961,ROS topics=74 messages=1961
ROS_TOPICS,32,1789500557151674796,2026-09-15T19:29:17.151675+00:00,1789500557151680880,7060401392797,1789500557000000000,1789500557,0,10394816,1789500557013786,1789500557000000,2,4,174.71911163922584,119.52637564522465,nav2_filtered_map,1.4805399967111028,0.8626476383103376,110.4351404,-7.0507272,277.671,17.958,22.265,3,1,8,0,1.8859,77.474,0.409,1.841,2.397,4.2094,127.886,-1.0,4.975,-10.8446431613854,/neo3/mag_heading_fusion,1,-17.5171,-33.0811,-25.3662,45.21782913917916,1,-10.690088510107822,/imu/mag_heading_fusion+neo3_cross_align,1,-4501.0,7999.0,3794.0,-0.17462144748891417,0.8354170366615472,0.8534718947144566,-10.710771039014713,logger_gyro_integral:neo3_calibrated_ros,1,-10.710771039014713,nan,62.391357421875014,0.0,,,,0.22026655273437498,-0.1197100830078125,9.797073193359374,9.806070421770364,,,,-0.0,-0.0,0.0,0.0,0.0,0.0,0.0,,,,0.6866455078125001,1.1700439453125002,62.391357421875014,98626.406,36.35000000000002,,,,,,14,66,108,108,0,108,2020,ROS topics=74 messages=2020
ROS_TOPICS,33,1789500557251848126,2026-09-15T19:29:17.251848+00:00,1789500557251855044,7060501566251,1789500557200000000,1789500557,200000000,10395008,1789500557207092,1789500557200000,2,4,174.70511461783954,119.47432980652418,nav2_filtered_map,1.5136862765541421,0.5861579522524103,110.4351407,-7.0507297,277.121,17.958,22.265,3,1,8,0,1.4796,68.012,0.554,1.372,1.447,4.4721,173.17499999999998,-1.0,5.01,-10.702323117158823,/neo3/mag_heading_fusion,1,-17.4805,-33.3008,-25.5371,45.4604733510332,1,-10.728795153027463,/imu/mag_heading_fusion+neo3_cross_align,1,-4506.0,8000.0,3847.0,-0.175337770360762,0.8355469980852666,0.8537459339431045,-10.710771039014713,logger_gyro_integral:neo3_calibrated_ros,1,-10.710771039014713,nan,62.391357421875014,0.0,,,,0.21068974609375,-0.105344873046875,9.811438403320311,9.820053926011347,,,,-0.0,-0.0,0.0,0.0,0.0,0.0,0.0,,,,0.6866455078125001,1.1700439453125002,62.391357421875014,98627.93,36.35000000000002,,,,,,15,69,113,113,0,113,2125,ROS topics=74 messages=2125
ROS_TOPICS,34,1789500557353292023,2026-09-15T19:29:17.353292+00:00,1789500557353298248,7060603009701,1789500557200000000,1789500557,200000000,10395008,1789500557207092,1789500557200000,2,4,174.8327888910668,119.57047297880354,nav2_filtered_map,1.5136862765541421,0.5861579522524103,110.4351407,-7.0507297,277.121,17.958,22.265,3,1,8,0,1.4796,68.012,0.554,1.372,1.447,4.4721,173.17499999999998,-1.0,5.01,-10.697396672000785,/neo3/mag_heading_fusion,1,-17.4683,-33.252,-25.4883,45.39262545590418,1,-10.782757613622937,/imu/mag_heading_fusion+neo3_cross_align,1,-4512.0,7994.0,3823.0,-0.17621006032233513,0.8347037169661716,0.853100392964359,-10.710771039014713,logger_gyro_integral:neo3_calibrated_ros,1,-10.710771039014713,nan,62.391357421875014,0.0,,,,0.2059013427734375,-0.1197100830078125,9.782707983398437,9.79139573594794,,,,-0.0,-0.0,0.0,0.0,0.0,0.0,0.0,,,,0.6866455078125001,1.1700439453125002,62.391357421875014,98624.266,36.35000000000002,,,,,,15,71,118,118,0,118,2192,ROS topics=74 messages=2192
ROS_TOPICS,35,1789500557451793483,2026-09-15T19:29:17.451793+00:00,1789500557451800023,7060701511443,1789500557400000000,1789500557,400000000,10395208,1789500557407323,1789500557400000,2,4,174.82189351010746,119.51911551116274,nav2_filtered_map,1.4915886162712997,0.4313237573435096,110.4351405,-7.0507311,276.922,17.958,22.271,3,1,8,0,0.6738,61.647000000000006,0.32,0.593,0.754,4.6954,180.0,-1.0,5.008,-10.69388750262354,/neo3/mag_heading_fusion,1,-17.4805,-33.3252,-25.5615,45.49205554313852,1,-10.5752914595435,/imu/mag_heading_fusion+neo3_cross_align,1,-4489.0,8005.0,3820.0,-0.172887452995231,0.8362709032101052,0.8539549724423551,-10.710771039014713,logger_gyro_integral:neo3_calibrated_ros,1,-10.710771039014713,nan,62.391357421875014,0.0,,,,0.201112939453125,-0.1149216796875,9.797073193359374,9.805599064998722,,,,-0.0,-0.0,0.0,0.0,0.0,0.0,0.0,,,,0.6866455078125001,1.1700439453125002,62.391357421875014,98626.711,36.35000000000002,,,,,,16,74,123,123,0,123,2300,ROS topics=74 messages=2300
ROS_TOPICS,36,1789500557551807236,2026-09-15T19:29:17.551807+00:00,1789500557551814585,7060801525460,1789500557400000000,1789500557,400000000,10395208,1789500557407323,1789500557400000,2,4,174.94081925828692,119.59995471131099,nav2_filtered_map,1.4915886162712997,0.4313237573435096,110.4351405,-7.0507311,276.922,17.958,22.271,3,1,8,0,0.6738,61.647000000000006,0.32,0.593,0.754,4.6954,180.0,-1.0,5.008,-10.736223715363195,/neo3/mag_heading_fusion,1,-17.4805,-33.2031,-25.5127,45.37523103136776,1,-10.666736404447345,/imu/mag_heading_fusion+neo3_cross_align,1,-4495.0,7988.0,3867.0,-0.17377914957748655,0.8339010133266854,0.8518157622720698,-10.710771039014713,logger_gyro_integral:neo3_calibrated_ros,1,-10.710771039014713,nan,62.391357421875014,0.0,,,,0.19632453613281248,-0.1149216796875,9.782707983398437,9.79114019490976,,,,-0.0,-0.0,0.0,0.0,0.0,0.0,0.0,,,,0.6866455078125001,1.1700439453125002,62.391357421875014,98622.438,36.35000000000002,,,,,,16,76,128,128,0,128,2369,ROS topics=74 messages=2369
ROS_TOPICS,37,1789500557651719229,2026-09-15T19:29:17.651719+00:00,1789500557651724916,7060901437160,1789500557600000000,1789500557,600000000,10395409,1789500557608087,1789500557600000,2,4,174.93362528377082,119.55199353741833,nav2_filtered_map,1.6683696185461239,0.8184092525202435,110.4351421,-7.0507276,277.372,17.944,22.271,3,1,8,0,0.3636,51.365,0.227,0.284,0.443,4.4721,180.0,-1.0,5.003,-10.680519079298072,/neo3/mag_heading_fusion,1,-17.4683,-33.3008,-25.5371,45.455783591749906,1,-10.489075402959914,/imu/mag_heading_fusion+neo3_cross_align,1,-4472.0,7987.0,3827.0,-0.17047771310930868,0.8338028081913555,0.8510521568122428,-10.710771039014713,logger_gyro_integral:neo3_calibrated_ros,1,-10.710771039014713,nan,62.391357421875014,0.0,,,,0.22505495605468748,-0.105344873046875,9.787496386718749,9.796439992353235,,,,-0.0,-0.0,0.0,0.0,0.0,0.0,0.0,,,,0.6866455078125001,1.1700439453125002,62.391357421875014,98608.094,36.35000000000002,,,,,,17,79,133,133,0,133,2476,ROS topics=74 messages=2476
ROS_TOPICS,38,1789500557751711869,2026-09-15T19:29:17.751712+00:00,1789500557751717805,7061001429797,1789500557600000000,1789500557,600000000,10395409,1789500557608087,1789500557600000,2,4,175.06217461547197,119.66928141222046,nav2_filtered_map,1.6683696185461239,0.8184092525202435,110.4351421,-7.0507276,277.372,17.944,22.271,3,1,8,0,0.3636,51.365,0.227,0.284,0.443,4.4721,180.0,-1.0,5.003,-10.762890819273213,/neo3/mag_heading_fusion,1,-17.5049,-33.252,-25.4883,45.4067226839815,1,-10.619389165028382,/imu/mag_heading_fusion+neo3_cross_align,1,-4487.0,7996.0,3792.0,-0.17261609629538904,0.8350253881521452,0.8526803126370983,-10.710771039014713,logger_gyro_integral:neo3_calibrated_ros,1,-10.710771039014713,nan,62.391357421875014,0.0,,,,0.19153613281249998,-0.11013327636718749,9.782707983398437,9.790989396594373,,,,-0.0,-0.0,0.0,0.0,0.0,0.0,0.0,,,,0.6866455078125001,1.1700439453125002,62.391357421875014,98628.844,36.60000000000002,,,,,,17,81,138,138,0,138,2544,ROS topics=74 messages=2544
ROS_TOPICS,39,1789500557853350897,2026-09-15T19:29:17.853351+00:00,1789500557853356464,7061103068688,1789500557800000000,1789500557,800000000,10395609,1789500557808266,1789500557800000,2,4,175.0587493112999,119.62506763675985,nav2_filtered_map,1.7788576918863286,0.9511242746201685,110.4351431,-7.0507264,277.422,17.93,22.265,3,1,8,0,0.5318,82.32699999999998,0.071,0.527,0.499,3.8991,180.0,-1.0,5.003,-10.68895171896086,/neo3/mag_heading_fusion,1,-17.4683,-33.2764,-25.6104,45.4791478593212,1,-10.714378179542702,/imu/mag_heading_fusion+neo3_cross_align,1,-4501.0,8009.0,3771.0,-0.1746038051064756,0.8368048628109335,0.854826805371524,-10.710771039014713,logger_gyro_integral:neo3_calibrated_ros,1,-10.710771039014713,nan,62.391357421875014,0.0,,,,0.201112939453125,-0.1292868896484375,9.782707983398437,9.79141821485605,,,,-0.0,-0.0,0.0,0.0,0.0,0.0,0.0,,,,0.6866455078125001,1.1700439453125002,62.391357421875014,98622.742,36.60000000000002,,,,,,18,84,143,143,0,143,2652,ROS topics=74 messages=2652
ROS_TOPICS,40,1789500557951705556,2026-09-15T19:29:17.951706+00:00,1789500557951712436,7061201423767,1789500557800000000,1789500557,800000000,10395609,1789500557808266,1789500557800000,2,4,175.1898228016221,119.75210594422016,nav2_filtered_map,1.7788576918863286,0.9511242746201685,110.4351431,-7.0507264,277.422,17.93,22.265,3,1,8,0,0.5318,82.32699999999998,0.071,0.527,0.499,3.8991,180.0,-1.0,5.003,-10.727738660610441,/neo3/mag_heading_fusion,1,-17.4805,-33.2275,-25.4639,45.36567909455341,1,-10.605368400841826,/imu/mag_heading_fusion+neo3_cross_align,1,-4485.0,8000.0,3763.0,-0.17232180449837695,0.8355840470883875,0.8531679225417382,-10.710771039014713,logger_gyro_integral:neo3_calibrated_ros,1,-10.710771039014713,nan,62.391357421875014,0.0,,,,0.201112939453125,-0.105344873046875,9.797073193359374,9.80549073196861,,,,-0.0,-0.0,0.0,0.0,0.0,0.0,0.0,,,,0.6866455078125,1.1645507812500002,62.391357421875014,98619.383,36.60000000000002,,,,,,18,86,148,148,0,148,2720,ROS topics=74 messages=2720
ROS_TOPICS,41,1789500558051765730,2026-09-15T19:29:18.051766+00:00,1789500558051772100,7061301483676,1789500558000000000,1789500558,0,10395815,1789500558013883,1789500558000000,2,4,175.19021365744243,119.71199369148187,nav2_filtered_map,1.7788575533894273,0.9068858646950622,110.4351431,-7.0507268,276.931,17.916,22.254,3,1,8,0,0.5501,40.059,0.421,0.354,0.857,4.4511,180.0,-1.0,4.981,-10.66369063379908,/neo3/mag_heading_fusion,1,-17.4683,-33.3496,-25.5859,45.51895872996218,1,-10.696757480119539,/imu/mag_heading_fusion+neo3_cross_align,1,-4494.0,7991.0,3793.0,-0.17363023944073666,0.8343191254097452,0.8521947330702823,-10.710771039014713,logger_gyro_integral:neo3_calibrated_ros,1,-10.710771039014713,nan,62.391357421875014,0.0,,,,0.2154781494140625,-0.1484405029296875,9.753977563476562,9.763278561441268,,,,-0.0,-0.0,0.0,0.0,0.0,0.0,0.0,,,,0.6866455078125,1.1645507812500002,62.391357421875014,98631.898,36.60000000000002,,,,,,19,89,153,153,0,153,2824,ROS topics=74 messages=2824
ROS_TOPICS,42,1789500558151738958,2026-09-15T19:29:18.151739+00:00,1789500558151745531,7061401457052,1789500558000000000,1789500558,0,10395815,1789500558013883,1789500558000000,2,4,175.31314075771962,119.8316277196521,nav2_filtered_map,1.7788575533894273,0.9068858646950622,110.4351431,-7.0507268,276.931,17.916,22.254,3,1,8,0,0.5501,40.059,0.421,0.354,0.857,4.4511,180.0,-1.0,4.981,-10.792212005722481,/neo3/mag_heading_fusion,1,-17.4927,-33.1055,-25.3662,45.22624001594649,1,-10.74942457705672,/imu/mag_heading_fusion+neo3_cross_align,1,-4498.0,7984.0,3785.0,-0.174217058796517,0.8333405901521994,0.8513566366517178,-10.710771039014713,logger_gyro_integral:neo3_calibrated_ros,1,-10.710771039014713,nan,62.391357421875014,0.0,,,,0.1867477294921875,-0.1292868896484375,9.811438403320311,9.819854697548807,,,,-0.0,-0.0,0.0,0.0,0.0,0.0,0.0,,,,0.6866455078125,1.1645507812500002,62.391357421875014,98638.305,36.60000000000002,,,,,,19,91,158,158,0,158,2892,ROS topics=74 messages=2892
ROS_TOPICS,43,1789500558251749274,2026-09-15T19:29:18.251749+00:00,1789500558251756727,7061501467664,1789500558200000000,1789500558,200000000,10396008,1789500558207381,1789500558200000,2,4,175.31714811456973,119.7953541236143,nav2_filtered_map,1.778857408355754,0.9068857902961274,110.4351431,-7.0507268,276.411,17.909,22.254,3,1,8,0,0.7833,35.963,0.634,0.46,1.212,4.538,180.0,-1.0,5.011,-10.74592151218429,/neo3/mag_heading_fusion,1,-17.5049,-33.3008,-25.5371,45.46986123862707,1,-10.659593394270399,/imu/mag_heading_fusion+neo3_cross_align,1,-4490.0,8000.0,3744.0,-0.1730398916084686,0.8355752258971682,0.8533046127971969,-10.710771039014713,logger_gyro_integral:neo3_calibrated_ros,1,-10.710771039014713,nan,62.391357421875014,0.0,,,,0.181959326171875,-0.1197100830078125,9.801861596679688,9.810067660272379,,,,-0.0,-0.0,0.0,0.0,0.0,0.0,0.0,,,,0.6866455078125,1.1645507812500002,62.391357421875014,98631.289,36.35000000000002,,,,,,20,94,163,163,0,163,2997,ROS topics=74 messages=2997
ROS_TOPICS,44,1789500558353477148,2026-09-15T19:29:18.353477+00:00,1789500558353483690,7061603195142,1789500558200000000,1789500558,200000000,10396008,1789500558207381,1789500558200000,2,4,175.43191925270554,119.91121548382937,nav2_filtered_map,1.778857408355754,0.9068857902961274,110.4351431,-7.0507268,276.411,17.909,22.254,3,1,8,0,0.7833,35.963,0.634,0.46,1.212,4.538,180.0,-1.0,5.011,-10.822710650817543,/neo3/mag_heading_fusion,1,-17.5049,-33.0811,-25.3174,45.18574381350826,1,-10.629720269505533,/imu/mag_heading_fusion+neo3_cross_align,1,-4482.0,7990.0,3793.0,-0.17190859461476046,0.8342015136537327,0.8517304328745104,-10.710771039014713,logger_gyro_integral:neo3_calibrated_ros,1,-10.710771039014713,nan,62.391357421875014,0.0,,,,0.2059013427734375,-0.1197100830078125,9.80665,9.81533060558485,,,,-0.0,-0.0,0.0,0.0,0.0,0.0,0.0,,,,0.6866455078125,1.1645507812500002,62.391357421875014,98633.117,36.35000000000002,,,,,,20,96,168,168,0,168,3064,ROS topics=74 messages=3064
ROS_TOPICS,45,1789500558451747936,2026-09-15T19:29:18.451748+00:00,1789500558451754519,7061701466417,1789500558400000000,1789500558,400000000,10396208,1789500558407663,1789500558400000,2,4,175.43922056686839,119.87923180094566,nav2_filtered_map,1.778857291200039,0.9843028054708225,110.4351431,-7.0507261,275.981,17.903,22.249,3,1,8,0,0.916,19.581999999999994,0.863,0.307,1.33,4.4634,180.0,-1.0,5.009,-10.724123929706142,/neo3/mag_heading_fusion,1,-17.4927,-33.3008,-25.6104,45.50637781773012,1,-10.691521924261462,/imu/mag_heading_fusion+neo3_cross_align,1,-4491.0,8001.0,3814.0,-0.1731817447922431,0.8357122442738629,0.8534675576485273,-10.710771039014713,logger_gyro_integral:neo3_calibrated_ros,1,-10.710771039014713,nan,62.391357421875014,0.0,,,,0.181959326171875,-0.105344873046875,9.811438403320311,9.819476309009088,,,,-0.0,-0.0,0.0,0.0,0.0,0.0,0.0,,,,0.6866455078125,1.1645507812500002,62.391357421875014,98640.141,36.35000000000002,,,,,,21,99,173,173,0,173,3168,ROS topics=74 messages=3168
ROS_TOPICS,46,1789500558551752127,2026-09-15T19:29:18.551752+00:00,1789500558551758402,7061801470269,1789500558400000000,1789500558,400000000,10396208,1789500558407663,1789500558400000,2,4,175.54547098177602,119.99941404051019,nav2_filtered_map,1.778857291200039,0.9843028054708225,110.4351431,-7.0507261,275.981,17.903,22.249,3,1,8,0,0.916,19.581999999999994,0.863,0.307,1.33,4.4634,180.0,-1.0,5.009,-10.8446431613854,/neo3/mag_heading_fusion,1,-17.5171,-33.0811,-25.415,45.24522289280935,1,-10.786782168144205,/imu/mag_heading_fusion+neo3_cross_align,1,-4498.0,7986.0,3851.0,-0.1742135303200293,0.8336181553820766,0.8516276082473981,-10.710771039014713,logger_gyro_integral:neo3_calibrated_ros,1,-10.710771039014713,nan,62.391357421875014,0.0,,,,0.19632453613281248,-0.11013327636718749,9.80665,9.815020405591197,,,,-0.0,-0.0,0.0,0.0,0.0,0.0,0.0,,,,0.6866455078125,1.1645507812500002,62.391357421875014,98617.25,36.35000000000002,,,,,,21,101,178,178,0,178,3237,ROS topics=74 messages=3237
ROS_TOPICS,47,1789500558651802482,2026-09-15T19:29:18.651802+00:00,1789500558651809755,7061901520653,1789500558600000000,1789500558,600000000,10396407,1789500558606701,1789500558600000,2,4,175.55596017167062,119.97106310210354,nav2_filtered_map,1.8230524051849928,0.9843027511471716,110.4351435,-7.0507261,275.641,17.889,22.232,3,1,8,0,0.9233,60.047,0.461,0.8,1.091,4.3553,180.0,-1.0,5.012,-10.715673060236213,/neo3/mag_heading_fusion,1,-17.4927,-33.3252,-25.5371,45.483040627688915,1,-10.797628747629503,/imu/mag_heading_fusion+neo3_cross_align,1,-4502.0,7994.0,3768.0,-0.17477388610215178,0.8347213593486102,0.8528221731498541,-10.710771039014713,logger_gyro_integral:neo3_calibrated_ros,1,-10.710771039014713,nan,62.391357421875014,0.0,,,,0.19153613281249998,-0.105344873046875,9.82580361328125,9.834021123419047,,,,-0.0,-0.0,0.0,0.0,0.0,0.0,0.0,,,,0.6866455078125,1.1645507812500002,62.391357421875014,98624.266,36.35000000000002,,,,,,22,104,183,183,0,183,3345,ROS topics=74 messages=3345
ROS_TOPICS,48,1789500558751681663,2026-09-15T19:29:18.751682+00:00,1789500558751686940,7062001399525,1789500558600000000,1789500558,600000000,10396407,1789500558606701,1789500558600000,2,4,175.65855763041395,120.08712644398823,nav2_filtered_map,1.8230524051849928,0.9843027511471716,110.4351435,-7.0507261,275.641,17.889,22.232,3,1,8,0,0.9233,60.047,0.461,0.8,1.091,4.3553,180.0,-1.0,5.012,-10.866572370780684,/neo3/mag_heading_fusion,1,-17.5293,-33.0811,-25.3418,45.20887482497214,1,-10.708996956562991,/imu/mag_heading_fusion+neo3_cross_align,1,-4493.0,8009.0,3808.0,-0.17345486573032892,0.8368189767168843,0.8546066874527837,-10.710771039014713,logger_gyro_integral:neo3_calibrated_ros,1,-10.710771039014713,nan,62.391357421875014,0.0,,,,0.19153613281249998,-0.1292868896484375,9.797073193359374,9.80558628401406,,,,-0.0,-0.0,0.0,0.0,0.0,0.0,0.0,,,,0.6866455078125,1.1645507812500002,62.391357421875014,98629.453,36.60000000000002,,,,,,22,106,188,188,0,188,3413,ROS topics=74 messages=3413
ROS_TOPICS,49,1789500558853249541,2026-09-15T19:29:18.853250+00:00,1789500558853256100,7062102967379,1789500558800000000,1789500558,800000000,10396607,1789500558806887,1789500558800000,2,4,175.6720949448811,120.06256335743052,nav2_filtered_map,1.911442586567913,0.7631110187043715,110.4351443,-7.0507281,274.871,17.882,22.226,3,1,8,0,1.463,77.446,0.318,1.428,1.451,4.1003,160.583,-1.0,5.01,-10.680519079298072,/neo3/mag_heading_fusion,1,-17.4683,-33.3008,-25.6348,45.51074330935499,1,-10.81343222709773,/imu/mag_heading_fusion+neo3_cross_align,1,-4505.0,8001.0,3781.0,-0.1751923887004998,0.835687544938449,0.8538536442645421,-10.710771039014713,logger_gyro_integral:neo3_calibrated_ros,1,-10.710771039014713,nan,62.391357421875014,0.0,,,,0.22026655273437498,-0.1149216796875,9.792284790039062,9.801225901799814,,,,-0.0,-0.0,0.0,0.0,0.0,0.0,0.0,,,,0.6866455078125,1.1645507812500002,62.391357421875014,98618.164,36.60000000000002,,,,,,23,109,193,193,0,193,3521,ROS topics=74 messages=3521
ROS_TOPICS,50,1789500558951721703,2026-09-15T19:29:18.951722+00:00,1789500558951728059,7062201439677,1789500558800000000,1789500558,800000000,10396607,1789500558806887,1789500558800000,2,4,175.77642477467776,120.15277287413912,nav2_filtered_map,1.911442586567913,0.7631110187043715,110.4351443,-7.0507281,274.871,17.882,22.226,3,1,8,0,1.463,77.446,0.318,1.428,1.451,4.1003,160.583,-1.0,5.01,-10.719231294825791,/neo3/mag_heading_fusion,1,-17.4805,-33.252,-25.4883,45.397321739723814,1,-10.892003961419247,/imu/mag_heading_fusion+neo3_cross_align,1,-4513.0,7986.0,3814.0,-0.1763677916503043,0.8335916918084187,0.8520450144115784,-10.710771039014713,logger_gyro_integral:neo3_calibrated_ros,1,-10.710771039014713,nan,62.391357421875014,0.0,,,,0.181959326171875,-0.105344873046875,9.80665,9.814689018127593,,,,-0.0,-0.0,0.0,0.0,0.0,0.0,0.0,,,,0.6866455078125001,1.1700439453125002,62.391357421875014,98618.469,36.60000000000002,,,,,,23,111,198,198,0,198,3588,ROS topics=74 messages=3588
ROS_TOPICS,51,1789500559051800527,2026-09-15T19:29:19.051800+00:00,1789500559051808011,7062301518716,1789500559000000000,1789500559,0,10396816,1789500559014762,1789500559000000,2,4,175.79304579777795,120.13147526269542,nav2_filtered_map,2.0661255390151796,0.575098072640653,110.4351457,-7.0507298,274.081,17.875,22.226,3,1,8,0,1.6399,70.626,0.544,1.547,1.762,4.2426,148.235,-1.0,4.976,-10.685464168849995,/neo3/mag_heading_fusion,1,-17.4805,-33.3496,-25.5371,45.496232556333716,1,-10.723909117730418,/imu/mag_heading_fusion+neo3_cross_align,1,-4494.0,7985.0,3795.0,-0.1736408248701998,0.8334864297201134,0.8513816797354669,-10.710771039014713,logger_gyro_integral:neo3_calibrated_ros,1,-10.710771039014713,nan,62.391357421875014,0.0,,,,0.2059013427734375,-0.11013327636718749,9.763554370117188,9.772134470000328,,,,-0.0,-0.0,0.0,0.0,0.0,0.0,0.0,,,,0.6866455078125001,1.1700439453125002,62.391357421875014,98630.68,36.60000000000002,,,,,,24,114,203,203,0,203,3692,ROS topics=74 messages=3692
ROS_TOPICS,52,1789500559151783188,2026-09-15T19:29:19.151783+00:00,1789500559151789607,7062401501246,1789500559000000000,1789500559,0,10396816,1789500559014762,1789500559000000,2,4,175.90559077486054,120.19959997666137,nav2_filtered_map,2.0661255390151796,0.575098072640653,110.4351457,-7.0507298,274.081,17.875,22.226,3,1,8,0,1.6399,70.626,0.544,1.547,1.762,4.2426,148.235,-1.0,4.976,-10.71077103901471,/neo3/mag_heading_fusion,1,-17.4805,-33.2764,-25.5615,45.456319246723,1,-10.714389208213396,/imu/mag_heading_fusion+neo3_cross_align,1,-4497.0,8004.0,3810.0,-0.17403815660962155,0.8361180066892158,0.8540389927081916,-10.710771039014713,logger_gyro_integral:neo3_calibrated_ros,1,-10.710771039014713,nan,62.391357421875014,0.0,,,,0.19153613281249998,-0.12449848632812499,9.801861596679688,9.81031102221639,,,,-0.0,-0.0,0.0,0.0,0.0,0.0,0.0,,,,0.6866455078125001,1.1700439453125002,62.391357421875014,98625.18,36.60000000000002,,,,,,24,116,207,207,0,207,3750,ROS topics=74 messages=3750
ROS_TOPICS,53,1789500559251751277,2026-09-15T19:29:19.251751+00:00,1789500559251758563,7062501469764,1789500559200000000,1789500559,200000000,10397008,1789500559207158,1789500559200000,2,4,175.9256799435001,120.1808378140323,nav2_filtered_map,2.2318572533596064,0.4202639063707261,110.4351472,-7.0507312,273.301,17.861,22.22,3,1,8,0,1.6522,72.42,0.499,1.575,1.956,4.2738,148.21399999999997,-1.0,5.011,-10.697396672000785,/neo3/mag_heading_fusion,1,-17.4683,-33.252,-25.5615,45.43376818116675,1,-10.807195388972564,/imu/mag_heading_fusion+neo3_cross_align,1,-4508.0,7999.0,3817.0,-0.17562676944304254,0.8354046869938402,0.8536660665601484,-10.710771039014713,logger_gyro_integral:neo3_calibrated_ros,1,-10.710771039014713,nan,62.391357421875014,0.0,,,,0.1771709228515625,-0.09576806640624999,9.7683427734375,9.776202965726096,,,,-0.0,-0.0,0.0,0.0,0.0,0.0,0.0,,,,0.6866455078125001,1.1700439453125002,62.391357421875014,98631.594,36.35000000000002,,,,,,25,119,212,212,0,212,3856,ROS topics=74 messages=3856
ROS_TOPICS,54,1789500559353413521,2026-09-15T19:29:19.353414+00:00,1789500559353419695,7062603131312,1789500559200000000,1789500559,200000000,10397008,1789500559207158,1789500559200000,2,4,176.0470762110629,120.23096648503561,nav2_filtered_map,2.2318572533596064,0.4202639063707261,110.4351472,-7.0507312,273.301,17.861,22.22,3,1,8,0,1.6522,72.42,0.499,1.575,1.956,4.2738,148.21399999999997,-1.0,5.011,-10.719231294825791,/neo3/mag_heading_fusion,1,-17.4805,-33.252,-25.4883,45.397321739723814,1,-10.83431683278269,/imu/mag_heading_fusion+neo3_cross_align,1,-4510.0,7987.0,3880.0,-0.17593517514600546,0.8337357671380891,0.8520965410439086,-10.710771039014713,logger_gyro_integral:neo3_calibrated_ros,1,-10.710771039014713,nan,62.391357421875014,0.0,,,,0.2059013427734375,-0.1388636962890625,9.797073193359374,9.806010724441537,,,,-0.0,-0.0,0.0,0.0,0.0,0.0,0.0,,,,0.6866455078125,1.1645507812500002,62.391357421875014,98630.062,36.35000000000002,,,,,,25,121,216,216,0,216,3914,ROS topics=74 messages=3914
ROS_TOPICS,55,1789500559451761359,2026-09-15T19:29:19.451761+00:00,1789500559451769352,7062701479897,1789500559400000000,1789500559,400000000,10397207,1789500559406240,1789500559400000,2,4,176.07412079724887,120.21206717171006,nav2_filtered_map,2.276052620797716,0.3317873085510853,110.4351476,-7.050732,273.802,17.861,22.237,3,1,8,0,0.567,140.583,-0.438,0.36,-0.005,2.1982,180.0,-1.0,5.013,-10.732587127016481,/neo3/mag_heading_fusion,1,-17.4927,-33.2764,-25.5615,45.46101222476244,1,-10.81123180223887,/imu/mag_heading_fusion+neo3_cross_align,1,-4509.0,7990.0,3813.0,-0.17578626500925554,0.8341538792211487,0.8524749293589783,-10.710771039014713,logger_gyro_integral:neo3_calibrated_ros,1,-10.710771039014713,nan,62.391357421875014,0.0,,,,0.19153613281249998,-0.105344873046875,9.797073193359374,9.805297910782498,,,,-0.0,-0.0,0.0,0.0,0.0,0.0,0.0,,,,0.6866455078125,1.1645507812500002,62.391357421875014,98630.062,36.35000000000002,,,,,,26,124,221,221,0,221,4018,ROS topics=74 messages=4018
ROS_TOPICS,56,1789500559551840244,2026-09-15T19:29:19.551840+00:00,1789500559551847093,7062801558277,1789500559400000000,1789500559,400000000,10397207,1789500559406240,1789500559400000,2,4,176.19046481582077,120.25300061698626,nav2_filtered_map,2.276052620797716,0.3317873085510853,110.4351476,-7.050732,273.802,17.861,22.237,3,1,8,0,0.567,140.583,-0.438,0.36,-0.005,2.1982,180.0,-1.0,5.013,-10.77142893710008,/neo3/mag_heading_fusion,1,-17.5049,-33.2275,-25.5127,45.402490477395624,1,-10.709259395990221,/imu/mag_heading_fusion+neo3_cross_align,1,-4498.0,7997.0,3778.0,-0.1741941236993469,0.8351447641464016,0.8531180280667688,-10.710771039014713,logger_gyro_integral:neo3_calibrated_ros,1,-10.710771039014713,nan,62.391357421875014,0.0,,,,0.1771709228515625,-0.105344873046875,9.777919580078125,9.78587689389583,,,,-0.0,-0.0,0.0,0.0,0.0,0.0,0.0,,,,0.6866455078125,1.1645507812500002,62.391357421875014,98612.672,36.35000000000002,,,,,,26,126,226,226,0,226,4087,ROS topics=74 messages=4087
ROS_TOPICS,57,1789500559651780544,2026-09-15T19:29:19.651781+00:00,1789500559651789105,7062901498946,1789500559600000000,1789500559,600000000,10397408,1789500559607204,1789500559600000,2,4,176.2178755664816,120.2381952705839,nav2_filtered_map,2.1987112842982386,0.2654298714353853,110.4351469,-7.0507326,274.552,17.861,22.237,3,1,8,0,0.8894,211.29499999999996,-0.76,-0.462,-1.47,4.9006,180.0,-1.0,5.007,-10.724123929706142,/neo3/mag_heading_fusion,1,-17.4927,-33.3008,-25.5371,45.465165900280184,1,-10.824877461340101,/imu/mag_heading_fusion+neo3_cross_align,1,-4513.0,7999.0,3794.0,-0.1763448565531342,0.8353958658026209,0.8538054585400916,-10.710771039014713,logger_gyro_integral:neo3_calibrated_ros,1,-10.710771039014713,nan,62.391357421875014,0.0,,,,0.19153613281249998,-0.1149216796875,9.801861596679688,9.810193392252165,,,,-0.0,-0.0,0.0,0.0,0.0,0.0,0.0,,,,0.6866455078125,1.1645507812500002,62.391357421875014,98628.844,36.35000000000002,,,,,,27,129,231,231,0,231,4194,ROS topics=74 messages=4194
ROS_TOPICS,58,1789500559751727847,2026-09-15T19:29:19.751728+00:00,1789500559751734722,7063001445918,1789500559600000000,1789500559,600000000,10397408,1789500559607204,1789500559600000,2,4,176.3160998760477,120.27332523503344,nav2_filtered_map,2.1987112842982386,0.2654298714353853,110.4351469,-7.0507326,274.552,17.861,22.237,3,1,8,0,0.8894,211.29499999999996,-0.76,-0.462,-1.47,4.9006,180.0,-1.0,5.007,-10.761753474015983,/neo3/mag_heading_fusion,1,-17.4805,-33.1299,-25.3662,45.239388332513954,1,-10.739684994804358,/imu/mag_heading_fusion+neo3_cross_align,1,-4501.0,7990.0,3836.0,-0.17463732563310885,0.8341679931270995,0.8522525660049239,-10.710771039014713,logger_gyro_integral:neo3_calibrated_ros,1,-10.710771039014713,nan,62.391357421875014,0.0,,,,0.19153613281249998,-0.1197100830078125,9.792284790039062,9.800676803720684,,,,-0.0,-0.0,0.0,0.0,0.0,0.0,0.0,,,,0.6866455078125001,1.1700439453125002,62.391357421875014,98629.148,36.35000000000002,,,,,,27,131,236,236,0,236,4263,ROS topics=74 messages=4263
ROS_TOPICS,59,1789500559853476143,2026-09-15T19:29:19.853476+00:00,1789500559853482695,7063103193873,1789500559800000000,1789500559,800000000,10397608,1789500559807445,1789500559800000,2,4,176.34655293691418,120.26022153107924,nav2_filtered_map,2.1766137789088242,0.28754904510603096,110.4351467,-7.0507324,274.831,17.854,22.243,3,1,8,0,0.7535,218.589,-0.589,-0.47,-1.179,4.6737,180.0,-1.0,5.006,-10.71077103901471,/neo3/mag_heading_fusion,1,-17.4805,-33.2764,-25.5859,45.47004460103377,1,-10.616954575660262,/imu/mag_heading_fusion+neo3_cross_align,1,-4487.0,7996.0,3832.0,-0.17261609629538904,0.8350253881521452,0.8526803126370983,-10.710771039014713,logger_gyro_integral:neo3_calibrated_ros,1,-10.710771039014713,nan,62.391357421875014,0.0,,,,0.19632453613281248,-0.1149216796875,9.787496386718749,9.795927290917911,,,,-0.0,-0.0,0.0,0.0,0.0,0.0,0.0,,,,0.6866455078125001,1.1700439453125002,62.391357421875014,98630.984,36.35000000000002,,,,,,28,134,241,241,0,241,4371,ROS topics=74 messages=4371
ROS_TOPICS,60,1789500559952087519,2026-09-15T19:29:19.952088+00:00,1789500559952097909,7063201806273,1789500559800000000,1789500559,800000000,10397608,1789500559807445,1789500559800000,2,4,176.43232354575457,120.29835772699117,nav2_filtered_map,2.1766137789088242,0.28754904510603096,110.4351467,-7.0507324,274.831,17.854,22.243,3,1,8,0,0.7535,218.589,-0.589,-0.47,-1.179,4.6737,180.0,-1.0,5.006,-10.77028834842335,/neo3/mag_heading_fusion,1,-17.4805,-33.1055,-25.3174,45.1941672482191,1,-10.663185269132825,/imu/mag_heading_fusion+neo3_cross_align,1,-4492.0,8001.0,3804.0,-0.17332536221426142,0.8357104800356191,0.8534949839501518,-10.710771039014713,logger_gyro_integral:neo3_calibrated_ros,1,-10.710771039014713,nan,62.391357421875014,0.0,,,,0.201112939453125,-0.1149216796875,9.80665,9.81517317075651,,,,-0.0,-0.0,0.0,0.0,0.0,0.0,0.0,,,,0.6866455078125001,1.1700439453125002,62.391357421875014,98636.172,36.35000000000002,,,,,,28,136,246,246,0,246,4438,ROS topics=74 messages=4438
ROS_TOPICS,61,1789500560051726754,2026-09-15T19:29:20.051727+00:00,1789500560051732749,7063301444769,1789500560000000000,1789500560,0,10397815,1789500560014092,1789500560000000,2,4,176.46543054078296,120.28706563820188,nav2_filtered_map,2.154516287369473,0.3317873845778403,110.4351465,-7.050732,275.152,17.84,22.249,3,1,8,0,0.6025,225.94099999999997,-0.419,-0.433,-1.062,4.5928,180.0,-1.0,4.98,-10.655294774999213,/neo3/mag_heading_fusion,1,-17.4683,-33.374,-25.5859,45.536838490391496,1,-10.798902788733155,/imu/mag_heading_fusion+neo3_cross_align,1,-4509.0,7999.0,3815.0,-0.17577038686506086,0.8354029227555964,0.853693898447966,-10.710771039014713,logger_gyro_integral:neo3_calibrated_ros,1,-10.710771039014713,nan,62.391357421875014,0.0,,,,0.181959326171875,-0.1005564697265625,9.801861596679688,9.809851091711794,,,,-0.0,-0.0,0.0,0.0,0.0,0.0,0.0,,,,0.6866455078125001,1.1700439453125002,62.391357421875014,98630.68,36.35000000000002,,,,,,29,139,251,251,0,251,4542,ROS topics=74 messages=4542
ROS_TOPICS,62,1789500560152225398,2026-09-15T19:29:20.152225+00:00,1789500560152233991,7063401944217,1789500560000000000,1789500560,0,10397815,1789500560014092,1789500560000000,2,4,176.53895650850356,120.3302361729495,nav2_filtered_map,2.154516287369473,0.3317873845778403,110.4351465,-7.050732,275.152,17.84,22.249,3,1,8,0,0.6025,225.94099999999997,-0.419,-0.433,-1.062,4.5928,180.0,-1.0,4.98,-10.805566670310883,/neo3/mag_heading_fusion,1,-17.5049,-33.1299,-25.4395,45.28995427542404,1,-10.668533706254781,/imu/mag_heading_fusion+neo3_cross_align,1,-4491.0,7993.0,3780.0,-0.17319585869819393,0.834601983354354,0.8523832917703316,-10.710771039014713,logger_gyro_integral:neo3_calibrated_ros,1,-10.710771039014713,nan,62.391357421875014,0.0,,,,0.1771709228515625,-0.13407529296874998,9.816226806640625,9.824527927234875,,,,-0.0,-0.0,0.0,0.0,0.0,0.0,0.0,,,,0.6866455078125001,1.1700439453125002,62.391357421875014,98632.508,36.35000000000002,,,,,,29,141,256,256,0,256,4609,ROS topics=74 messages=4609
ROS_TOPICS,63,1789500560251776961,2026-09-15T19:29:20.251777+00:00,1789500560251784023,7063501495243,1789500560200000000,1789500560,200000000,10398008,1789500560207632,1789500560200000,2,4,176.57429827993917,120.3209310915004,nav2_filtered_map,2.08822344760499,0.08847660496144172,110.4351459,-7.0507342,275.091,17.833,22.254,3,1,8,0,0.6264,172.478,-0.621,0.082,-0.992,4.3355,180.0,-1.0,5.01,-10.749585424053635,/neo3/mag_heading_fusion,1,-17.4927,-33.2275,-25.4883,45.384080319314606,1,-10.606003433700005,/imu/mag_heading_fusion+neo3_cross_align,1,-4482.0,7993.0,3781.0,-0.1719033019000289,0.8346178614985487,0.8521371485486025,-10.710771039014713,logger_gyro_integral:neo3_calibrated_ros,1,-10.710771039014713,nan,62.391357421875014,0.0,,,,0.2059013427734375,-0.1388636962890625,9.792284790039062,9.801223874601796,,,,-0.0,-0.0,0.0,0.0,0.0,0.0,0.0,,,,0.6866455078125001,1.1700439453125002,62.391357421875014,98628.234,36.60000000000002,,,,,,30,144,261,261,0,261,4715,ROS topics=74 messages=4715
ROS_TOPICS,64,1789500560353526162,2026-09-15T19:29:20.353526+00:00,1789500560353533148,7063603243993,1789500560200000000,1789500560,200000000,10398008,1789500560207632,1789500560200000,2,4,176.63447210999578,120.33989526671503,nav2_filtered_map,2.08822344760499,0.08847660496144172,110.4351459,-7.0507342,275.091,17.833,22.254,3,1,8,0,0.6264,172.478,-0.621,0.082,-0.992,4.3355,180.0,-1.0,5.01,-10.749585424053635,/neo3/mag_heading_fusion,1,-17.4927,-33.2275,-25.415,45.34295462957834,1,-10.767167528378003,/imu/mag_heading_fusion+neo3_cross_align,1,-4499.0,7985.0,3836.0,-0.17435891198029146,0.8334776085288941,0.8515197907893834,-10.710771039014713,logger_gyro_integral:neo3_calibrated_ros,1,-10.710771039014713,nan,62.391357421875014,0.0,,,,0.1867477294921875,-0.1292868896484375,9.792284790039062,9.800706279860762,,,,-0.0,-0.0,0.0,0.0,0.0,0.0,0.0,,,,0.6866455078125,1.1645507812500002,62.391357421875014,98630.375,36.60000000000002,,,,,,30,146,266,266,0,266,4782,ROS topics=74 messages=4782
ROS_TOPICS,65,1789500560451872391,2026-09-15T19:29:20.451873+00:00,1789500560451880276,7063701590608,1789500560400000000,1789500560,400000000,10398207,1789500560406648,1789500560400000,2,4,176.67175114237088,120.33196667443298,nav2_filtered_map,1.966686439966356,-0.24331079398921568,110.4351448,-7.0507372,274.50100000000003,17.826,22.265,3,1,8,0,0.0983,184.66700000000003,-0.098,-0.008,-0.281,4.4634,180.0,-1.0,5.012,-10.732587127016481,/neo3/mag_heading_fusion,1,-17.4927,-33.2764,-25.5859,45.474736162621106,1,-10.635919296817205,/imu/mag_heading_fusion+neo3_cross_align,1,-4484.0,7991.0,3843.0,-0.17219406522055328,0.8343367677921837,0.8519205586127666,-10.710771039014713,logger_gyro_integral:neo3_calibrated_ros,1,-10.710771039014713,nan,62.391357421875014,0.0,,,,0.19153613281249998,-0.1005564697265625,9.782707983398437,9.790885585618259,,,,-0.0,-0.0,0.0,0.0,0.0,0.0,0.0,,,,0.6866455078125,1.1645507812500002,62.391357421875014,98622.742,36.60000000000002,,,,,,31,149,271,271,0,271,4886,ROS topics=74 messages=4886
ROS_TOPICS,66,1789500560551823498,2026-09-15T19:29:20.551824+00:00,1789500560551831224,7063801541631,1789500560400000000,1789500560,400000000,10398207,1789500560406648,1789500560400000,2,4,176.71442927127202,120.31980317825749,nav2_filtered_map,1.966686439966356,-0.24331079398921568,110.4351448,-7.0507372,274.50100000000003,17.826,22.265,3,1,8,0,0.0983,184.66700000000003,-0.098,-0.008,-0.281,4.4634,180.0,-1.0,5.012,-10.71077103901471,/neo3/mag_heading_fusion,1,-17.4805,-33.2764,-25.5615,45.456319246723,1,-10.797547009825362,/imu/mag_heading_fusion+neo3_cross_align,1,-4503.0,7988.0,3834.0,-0.17492808895363324,0.8338868994207346,0.852037086828089,-10.710771039014713,logger_gyro_integral:neo3_calibrated_ros,1,-10.710771039014713,nan,62.391357421875014,0.0,,,,0.201112939453125,-0.11013327636718749,9.811438403320311,9.819904970995273,,,,-0.0,-0.0,0.0,0.0,0.0,0.0,0.0,,,,0.6866455078125,1.1645507812500002,62.391357421875014,98627.625,36.60000000000002,,,,,,31,151,276,276,0,276,4955,ROS topics=74 messages=4955
ROS_TOPICS,67,1789500560651718830,2026-09-15T19:29:20.651719+00:00,1789500560651724912,7063901436889,1789500560600000000,1789500560,600000000,10398408,1789500560606902,1789500560600000,2,4,176.75322264014622,120.3124827247184,nav2_filtered_map,2.1213693370691886,-0.2211916084147315,110.4351462,-7.050737,273.581,17.826,22.282,3,1,8,0,1.0814,65.23600000000002,0.453,0.982,1.493,4.7004,180.0,-1.0,5.007,-10.715673060236213,/neo3/mag_heading_fusion,1,-17.4927,-33.3252,-25.5371,45.483040627688915,1,-10.819643945442817,/imu/mag_heading_fusion+neo3_cross_align,1,-4506.0,7984.0,3878.0,-0.17536599817266368,0.8333264762462486,0.8515786806444159,-10.710771039014713,logger_gyro_integral:neo3_calibrated_ros,1,-10.710771039014713,nan,62.391357421875014,0.0,,,,0.1867477294921875,-0.11013327636718749,9.801861596679688,9.810045224097934,,,,-0.0,-0.0,0.0,0.0,0.0,0.0,0.0,,,,0.6866455078125,1.1645507812500002,62.391357421875014,98626.711,36.60000000000002,,,,,,32,154,281,281,0,281,5062,ROS topics=74 messages=5062
ROS_TOPICS,68,1789500560751815372,2026-09-15T19:29:20.751815+00:00,1789500560751822737,7064001533441,1789500560600000000,1789500560,600000000,10398408,1789500560606902,1789500560600000,2,4,176.8047700599946,120.30429736840554,nav2_filtered_map,2.1213693370691886,-0.2211916084147315,110.4351462,-7.050737,273.581,17.826,22.282,3,1,8,0,1.0814,65.23600000000002,0.453,0.982,1.493,4.7004,180.0,-1.0,5.007,-10.75439997820139,/neo3/mag_heading_fusion,1,-17.5049,-33.2764,-25.5371,45.451994426867564,1,-10.744133637855004,/imu/mag_heading_fusion+neo3_cross_align,1,-4497.0,7983.0,3837.0,-0.1740752056127425,0.8332035717755046,0.8511934969374337,-10.710771039014713,logger_gyro_integral:neo3_calibrated_ros,1,-10.710771039014713,nan,62.391357421875014,0.0,,,,0.1867477294921875,-0.143652099609375,9.787496386718749,9.796120456471463,,,,-0.0,-0.0,0.0,0.0,0.0,0.0,0.0,,,,0.6866455078125,1.1645507812500002,62.391357421875014,98627.93,36.60000000000002,,,,,,32,156,286,286,0,286,5131,ROS topics=74 messages=5131
ROS_TOPICS,69,1789500560853454163,2026-09-15T19:29:20.853454+00:00,1789500560853460487,7064103171871,1789500560800000000,1789500560,800000000,10398609,1789500560808256,1789500560800000,2,4,176.8452737527751,120.2976450445379,nav2_filtered_map,2.3754913080646256,-0.1327149709836577,110.4351485,-7.0507362,272.502,17.826,22.305,3,1,8,0,1.7188,56.00500000000001,0.961,1.425,2.687,4.8926,163.097,-1.0,5.002,-10.697396672000785,/neo3/mag_heading_fusion,1,-17.4683,-33.252,-25.6104,45.46129779328786,1,-10.753448739512468,/imu/mag_heading_fusion+neo3_cross_align,1,-4496.0,7970.0,3805.0,-0.1739545232878943,0.8314011620195463,0.8494045375318938,-10.710771039014713,logger_gyro_integral:neo3_calibrated_ros,1,-10.710771039014713,nan,62.391357421875014,0.0,,,,0.21068974609375,-0.13407529296874998,9.792284790039062,9.801259117613343,,,,-0.0,-0.0,0.0,0.0,0.0,0.0,0.0,,,,0.6866455078125,1.1645507812500002,62.391357421875014,98634.641,36.60000000000002,,,,,,33,159,291,291,0,291,5239,ROS topics=74 messages=5239
ROS_TOPICS,70,1789500560951802228,2026-09-15T19:29:20.951802+00:00,1789500560951808673,7064201520206,1789500560800000000,1789500560,800000000,10398609,1789500560808256,1789500560800000,2,4,176.9146327301555,120.2987755654822,nav2_filtered_map,2.3754913080646256,-0.1327149709836577,110.4351485,-7.0507362,272.502,17.826,22.305,3,1,8,0,1.7188,56.00500000000001,0.961,1.425,2.687,4.8926,163.097,-1.0,5.002,-10.715673060236213,/neo3/mag_heading_fusion,1,-17.4927,-33.3252,-25.4883,45.455659111050196,1,-10.68823018430147,/imu/mag_heading_fusion+neo3_cross_align,1,-4495.0,8002.0,3752.0,-0.1737544502420726,0.8358439699358261,0.8537129207508851,-10.710771039014713,logger_gyro_integral:neo3_calibrated_ros,1,-10.710771039014713,nan,62.391357421875014,0.0,,,,0.2154781494140625,-0.06703764648437499,9.811438403320311,9.819819065978836,,,,-0.0,-0.0,0.0,0.0,0.0,0.0,0.0,,,,0.6866455078125,1.1645507812500002,62.391357421875014,98642.578,36.60000000000002,,,,,,33,161,296,296,0,296,5306,ROS topics=74 messages=5306
ROS_TOPICS,71,1789500561051669522,2026-09-15T19:29:21.051670+00:00,1789500561051675675,7064301387836,1789500561000000000,1789500561,0,10398816,1789500561015239,1789500561000000,2,4,176.9572651100812,120.29296262844228,nav2_filtered_map,2.3091983035560224,-0.27648943457710484,110.4351479,-7.0507375,271.901,17.833,22.316,3,1,8,0,1.1095,24.323999999999998,1.011,0.457,1.932,4.8734,180.0,-1.0,4.976,-10.638505369176583,/neo3/mag_heading_fusion,1,-17.4683,-33.4229,-25.5859,45.57268949831686,1,-10.705983004887822,/imu/mag_heading_fusion+neo3_cross_align,1,-4493.0,7979.0,3828.0,-0.17350779287764456,0.8326554982687255,0.8505410824800946,-10.710771039014713,logger_gyro_integral:neo3_calibrated_ros,1,-10.710771039014713,nan,62.391357421875014,0.0,,,,0.19632453613281248,-0.1149216796875,9.777919580078125,9.786353100180754,,,,-0.0,-0.0,0.0,0.0,0.0,0.0,0.0,,,,0.6866455078125,1.1645507812500002,62.391357421875014,98633.117,36.60000000000002,,,,,,34,164,301,301,0,301,5410,ROS topics=74 messages=5410
ROS_TOPICS,72,1789500561151810404,2026-09-15T19:29:21.151810+00:00,1789500561151817925,7064401528558,1789500561000000000,1789500561,0,10398816,1789500561015239,1789500561000000,2,4,177.01135317588088,120.28275351613041,nav2_filtered_map,2.3091983035560224,-0.27648943457710484,110.4351479,-7.0507375,271.901,17.833,22.316,3,1,8,0,1.1095,24.323999999999998,1.011,0.457,1.932,4.8734,180.0,-1.0,4.976,-10.712130865533567,/neo3/mag_heading_fusion,1,-17.5049,-33.3984,-25.5371,45.54138912000818,1,-10.712783068205976,/imu/mag_heading_fusion+neo3_cross_align,1,-4494.0,7980.0,3826.0,-0.17364964606141908,0.8327925166454203,0.8507041644178479,-10.710771039014713,logger_gyro_integral:neo3_calibrated_ros,1,-10.710771039014713,nan,62.391357421875014,0.0,,,,0.201112939453125,-0.1292868896484375,9.777919580078125,9.786631256119481,,,,-0.0,-0.0,0.0,0.0,0.0,0.0,0.0,,,,0.6866455078125,1.1645507812500002,62.391357421875014,98629.148,36.60000000000002,,,,,,34,166,306,306,0,306,5477,ROS topics=74 messages=5477
ROS_TOPICS,73,1789500561251743761,2026-09-15T19:29:21.251744+00:00,1789500561251751056,7064501462400,1789500561200000000,1789500561,200000000,10399008,1789500561207564,1789500561200000,2,4,177.05568664305827,120.27752575958799,nav2_filtered_map,2.1876613114751633,-0.4092042891863493,110.4351468,-7.0507387,271.221,17.833,22.338,3,1,8,0,0.9799,7.741,0.971,0.132,1.508,4.7828,180.0,-1.0,5.011,-10.680519079298072,/neo3/mag_heading_fusion,1,-17.4683,-33.3008,-25.5615,45.46949601414118,1,-10.771849839997959,/imu/mag_heading_fusion+neo3_cross_align,1,-4503.0,7985.0,3807.0,-0.1749333816683648,0.8334705515759187,0.8516306995207464,-10.710771039014713,logger_gyro_integral:neo3_calibrated_ros,1,-10.710771039014713,nan,62.391357421875014,0.0,,,,0.19153613281249998,-0.11013327636718749,9.797073193359374,9.80535090931375,,,,-0.0,-0.0,0.0,0.0,0.0,0.0,0.0,,,,0.6866455078125,1.1645507812500002,62.391357421875014,98627.93,36.60000000000002,,,,,,35,169,311,311,0,311,5583,ROS topics=74 messages=5583
ROS_TOPICS,74,1789500561353445997,2026-09-15T19:29:21.353446+00:00,1789500561353452099,7064603163961,1789500561200000000,1789500561,200000000,10399008,1789500561207564,1789500561200000,2,4,177.08940734860528,120.25846442550912,nav2_filtered_map,2.1876613114751633,-0.4092042891863493,110.4351468,-7.0507387,271.221,17.833,22.338,3,1,8,0,0.9799,7.741,0.971,0.132,1.508,4.7828,180.0,-1.0,5.011,-10.719231294825791,/neo3/mag_heading_fusion,1,-17.4805,-33.252,-25.4639,45.383626865423615,1,-10.660681014375069,/imu/mag_heading_fusion+neo3_cross_align,1,-4491.0,7992.0,3799.0,-0.17319762293643778,0.8344632007394154,0.8522477632584918,-10.710771039014713,logger_gyro_integral:neo3_calibrated_ros,1,-10.710771039014713,nan,62.391357421875014,0.0,,,,0.1771709228515625,-0.11013327636718749,9.787496386718749,9.79550460188762,,,,-0.0,-0.0,0.0,0.0,0.0,0.0,0.0,,,,0.6866455078125001,1.1700439453125002,62.391357421875014,98623.656,36.60000000000002,,,,,,35,171,316,316,0,316,5650,ROS topics=74 messages=5650
ROS_TOPICS,75,1789500561451739532,2026-09-15T19:29:21.451740+00:00,1789500561451748166,7064701458327,1789500561400000000,1789500561,400000000,10399208,1789500561407776,1789500561400000,2,4,177.13488797853518,120.25364404756978,nav2_filtered_map,2.088222030435817,-0.5529787154868402,110.4351459,-7.05074,270.841,17.833,22.361,3,1,8,0,0.4146,19.439999999999998,0.391,0.138,0.92,4.6587,180.0,-1.0,5.01,-10.684035401670199,/neo3/mag_heading_fusion,1,-17.4561,-33.2275,-25.5371,45.397419088203684,1,-10.711660788663536,/imu/mag_heading_fusion+neo3_cross_align,1,-4494.0,7977.0,3803.0,-0.17365493877615062,0.8323761688006045,0.8502976679660607,-10.710771039014713,logger_gyro_integral:neo3_calibrated_ros,1,-10.710771039014713,nan,62.391357421875014,0.0,,,,0.201112939453125,-0.12449848632812499,9.777919580078125,9.78656878467727,,,,-0.0,-0.0,0.0,0.0,0.0,0.0,0.0,,,,0.6866455078125001,1.1700439453125002,62.391357421875014,98625.797,36.60000000000002,,,,,,36,174,321,321,0,321,5754,ROS topics=74 messages=5754
ROS_TOPICS,76,1789500561553014413,2026-09-15T19:29:21.553015+00:00,1789500561553017042,7064802731773,1789500561400000000,1789500561,400000000,10399208,1789500561407776,1789500561400000,2,4,177.1430090859304,120.22574459882577,nav2_filtered_map,2.088222030435817,-0.5529787154868402,110.4351459,-7.05074,270.841,17.833,22.361,3,1,8,0,0.4146,19.439999999999998,0.391,0.138,0.92,4.6587,180.0,-1.0,5.01,-10.732587127016481,/neo3/mag_heading_fusion,1,-17.4927,-33.2764,-25.4883,45.41989417799209,1,-10.712706151882008,/imu/mag_heading_fusion+neo3_cross_align,1,-4496.0,7987.0,3840.0,-0.17392453123774876,0.833760466473503,0.8517078478095549,-10.710771039014713,logger_gyro_integral:neo3_calibrated_ros,1,-10.710771039014713,nan,62.391357421875014,0.0,,,,0.2059013427734375,-0.1197100830078125,9.792284790039062,9.810485984042645,,,,-0.0,-0.0,0.0,0.0,0.0,0.0,0.0,,,,0.6866455078125001,1.1700439453125002,62.391357421875014,98636.477,36.60000000000002,,,,,,36,176,325,325,0,325,5816,ROS topics=74 messages=5816
ROS_TOPICS,77,1789500561652854436,2026-09-15T19:29:21.652854+00:00,1789500561652857546,7064902572073,1789500561600000000,1789500561,600000000,10399409,1789500561607940,1789500561600000,2,4,177.19601260306246,120.2203647274388,nav2_filtered_map,2.010880532031396,-0.5198000067896683,110.4351452,-7.0507397,271.021,17.833,22.389,3,1,8,0,0.463,276.572,0.053,-0.46,0.215,2.0597,180.0,-1.0,5.004,-10.71077103901471,/neo3/mag_heading_fusion,1,-17.4805,-33.2764,-25.5615,45.456319246723,1,-10.732707076598919,/imu/mag_heading_fusion+neo3_cross_align,1,-4494.0,7991.0,3823.0,-0.17363023944073666,0.8343191254097452,0.8521947330702823,-10.710771039014713,logger_gyro_integral:neo3_calibrated_ros,1,-10.710771039014713,nan,62.391357421875014,0.0,,,,0.19153613281249998,-0.105344873046875,9.782707983398437,9.79093632032397,,,,-0.0,-0.0,0.0,0.0,0.0,0.0,0.0,,,,0.6866455078125001,1.1700439453125002,62.391357421875014,98635.25,36.60000000000002,,,,,,37,179,331,331,0,331,5924,ROS topics=74 messages=5924
ROS_TOPICS,78,1789500561753277894,2026-09-15T19:29:21.753278+00:00,1789500561753279992,7065002995221,1789500561600000000,1789500561,600000000,10399409,1789500561607940,1789500561600000,2,4,177.1983001341793,120.20009400970119,nav2_filtered_map,2.010880532031396,-0.5198000067896683,110.4351452,-7.0507397,271.021,17.833,22.389,3,1,8,0,0.463,276.572,0.053,-0.46,0.215,2.0597,180.0,-1.0,5.004,-10.741062678841203,/neo3/mag_heading_fusion,1,-17.4927,-33.252,-25.5127,45.41572325285595,1,-10.7357613059239,/imu/mag_heading_fusion+neo3_cross_align,1,-4499.0,7975.0,3815.0,-0.17437655436273,0.8320897823795078,0.8501650361263952,-10.710771039014713,logger_gyro_integral:neo3_calibrated_ros,1,-10.710771039014713,nan,62.391357421875014,0.0,,,,0.181959326171875,-0.11013327636718749,9.782707983398437,9.790805657306635,,,,-0.0,-0.0,0.0,0.0,0.0,0.0,0.0,,,,0.6866455078125001,1.1700439453125002,62.391357421875014,98629.148,36.60000000000002,,,,,,37,181,336,336,0,336,5995,ROS topics=74 messages=5995
ROS_TOPICS,79,1789500561854618010,2026-09-15T19:29:21.854618+00:00,1789500561854621595,7065104335461,1789500561800000000,1789500561,800000000,10399609,1789500561807948,1789500561800000,2,4,177.24470366127198,120.1958677008094,nav2_filtered_map,1.5136848442665916,-1.006421277285735,110.4351407,-7.0507441,271.281,17.847,22.428,3,1,8,0,1.5739,251.323,-0.504,-1.491,-1.642,4.773,173.756,-1.0,5.004,-10.719231294825791,/neo3/mag_heading_fusion,1,-17.4805,-33.252,-25.4883,45.397321739723814,1,-10.704484180400389,/imu/mag_heading_fusion+neo3_cross_align,1,-4503.0,7994.0,3791.0,-0.1749175035241701,0.8347195951103663,0.8528498903677845,-10.710771039014713,logger_gyro_integral:neo3_calibrated_ros,1,-10.710771039014713,nan,62.391357421875014,0.0,,,,0.2059013427734375,-0.105344873046875,9.792284790039062,9.800803593639989,,,,-0.0,-0.0,0.0,0.0,0.0,0.0,0.0,,,,0.6866455078125001,1.1700439453125002,62.391357421875014,98635.867,36.60000000000002,,,,,,38,184,341,341,0,341,6103,ROS topics=74 messages=6103
ROS_TOPICS,80,1789500561953246808,2026-09-15T19:29:21.953247+00:00,1789500561953248898,7065202964052,1789500561800000000,1789500561,800000000,10399609,1789500561807948,1789500561800000,2,4,177.19509179568104,120.13498984326554,nav2_filtered_map,1.5136848442665916,-1.006421277285735,110.4351407,-7.0507441,271.281,17.847,22.428,3,1,8,0,1.5739,251.323,-0.504,-1.491,-1.642,4.773,173.756,-1.0,5.004,-10.71077103901471,/neo3/mag_heading_fusion,1,-17.4805,-33.2764,-25.5127,45.42889541360212,1,-10.901286484139163,/imu/mag_heading_fusion+neo3_cross_align,1,-4515.0,8000.0,3832.0,-0.17663032715892701,0.8355311199410719,0.8539967944098218,-10.710771039014713,logger_gyro_integral:neo3_calibrated_ros,1,-10.710771039014713,nan,62.391357421875014,0.0,,,,0.19153613281249998,-0.09576806640624999,9.811438403320311,9.819560673978035,,,,-0.0,-0.0,0.0,0.0,0.0,0.0,0.0,,,,0.6866455078125001,1.1700439453125002,62.391357421875014,98615.109,36.60000000000002,,,,,,38,186,346,346,0,346,6170,ROS topics=74 messages=6170
ROS_TOPICS,81,1789500562052628172,2026-09-15T19:29:22.052628+00:00,1789500562052630363,7065302345531,1789500562000000000,1789500562,0,10399817,1789500562015897,1789500562000000,2,4,177.24046459699898,120.13024401723362,nav2_filtered_map,0.9170500109618298,-1.5483405325815958,110.4351353,-7.050749,271.821,17.861,22.461,3,1,8,0,2.3503,240.818,-1.146,-2.052,-3.024,5.1402,125.30699999999999,-1.0,4.974,-10.707234492008519,/neo3/mag_heading_fusion,1,-17.4927,-33.3496,-25.5859,45.52832801959677,1,-10.838365430277934,/imu/mag_heading_fusion+neo3_cross_align,1,-4520.0,8001.0,3838.0,-0.17734665003077485,0.8356610813647911,0.854272367096648,-10.710771039014713,logger_gyro_integral:neo3_calibrated_ros,1,-10.710771039014713,nan,62.391357421875014,0.0,,,,0.1867477294921875,-0.105344873046875,9.792284790039062,9.8004177630371,,,,-0.0,-0.0,0.0,0.0,0.0,0.0,0.0,,,,0.6866455078125001,1.1700439453125002,62.391357421875014,98632.812,36.60000000000002,,,,,,39,189,351,351,0,351,6272,ROS topics=74 messages=6272
ROS_TOPICS,82,1789500562153587732,2026-09-15T19:29:22.153588+00:00,1789500562153590444,7065403305172,1789500562000000000,1789500562,0,10399817,1789500562015897,1789500562000000,2,4,177.1332564375362,120.02681016090789,nav2_filtered_map,0.9170500109618298,-1.5483405325815958,110.4351353,-7.050749,271.821,17.861,22.461,3,1,8,0,2.3503,240.818,-1.146,-2.052,-3.024,5.1402,125.30699999999999,-1.0,4.974,-10.655294774999213,/neo3/mag_heading_fusion,1,-17.4683,-33.374,-25.5615,45.52313327463302,1,-10.756889067878772,/imu/mag_heading_fusion+neo3_cross_align,1,-4502.0,8006.0,3799.0,-0.17475271524322553,0.8363867507278737,0.8544479552775641,-10.710771039014713,logger_gyro_integral:neo3_calibrated_ros,1,-10.710771039014713,nan,62.391357421875014,0.0,,,,0.19632453613281248,-0.1197100830078125,9.80665,9.815133305573516,,,,-0.0,-0.0,0.0,0.0,0.0,0.0,0.0,,,,0.6866455078125001,1.1700439453125002,62.391357421875014,98624.875,36.60000000000002,,,,,,39,191,356,356,0,356,6341,ROS topics=74 messages=6341
ROS_TOPICS,83,1789500562253745333,2026-09-15T19:29:22.253745+00:00,1789500562253747509,7065503462549,1789500562200000000,1789500562,200000000,10400009,1789500562208175,1789500562200000,2,4,177.1762248397447,120.020532328103,nav2_filtered_map,0.2430735055209139,-2.2672130154235597,110.4351292,-7.0507555,272.111,17.875,22.489,3,1,8,0,2.5693,237.67100000000002,-1.374,-2.171,-3.719,5.2187,116.37799999999999,-1.0,5.009,-10.677053089354766,/neo3/mag_heading_fusion,1,-17.4805,-33.374,-25.5615,45.52781609631633,1,-10.809969502108823,/imu/mag_heading_fusion+neo3_cross_align,1,-4516.0,7995.0,3793.0,-0.17678276577216462,0.8348354426281348,0.8533477383471346,-10.710771039014713,logger_gyro_integral:neo3_calibrated_ros,1,-10.710771039014713,nan,62.391357421875014,0.0,,,,0.2059013427734375,-0.1197100830078125,9.821015209960937,9.829691544075933,,,,-0.0,-0.0,0.0,0.0,0.0,0.0,0.0,,,,0.6866455078125001,1.1700439453125002,62.391357421875014,98623.047,36.60000000000002,,,,,,40,194,361,361,0,361,6452,ROS topics=74 messages=6452
ROS_TOPICS,84,1789500562354967727,2026-09-15T19:29:22.354968+00:00,1789500562354971132,7065604685071,1789500562200000000,1789500562,200000000,10400009,1789500562208175,1789500562200000,2,4,177.00997393500367,119.8601615746989,nav2_filtered_map,0.2430735055209139,-2.2672130154235597,110.4351292,-7.0507555,272.111,17.875,22.489,3,1,8,0,2.5693,237.67100000000002,-1.374,-2.171,-3.719,5.2187,116.37799999999999,-1.0,5.009,-10.702323117158823,/neo3/mag_heading_fusion,1,-17.4805,-33.3008,-25.5615,45.47418435926036,1,-10.733683844981483,/imu/mag_heading_fusion+neo3_cross_align,1,-4514.0,7999.0,3799.0,-0.17648847397515255,0.8353941015643771,0.8538334066869432,-10.710771039014713,logger_gyro_integral:neo3_calibrated_ros,1,-10.710771039014713,nan,62.391357421875014,0.0,,,,0.19632453613281248,-0.09576806640624999,9.792284790039062,9.800506971173673,,,,-0.0,-0.0,0.0,0.0,0.0,0.0,0.0,,,,0.6866455078125001,1.1700439453125002,62.391357421875014,98646.852,36.60000000000002,,,,,,40,196,366,366,0,366,6518,ROS topics=74 messages=6518
ROS_TOPICS,85,1789500562452597983,2026-09-15T19:29:22.452598+00:00,1789500562452600173,7065702315239,1789500562400000000,1789500562,400000000,10400208,1789500562407155,1789500562400000,2,4,177.04915963830618,119.85095989363916,nav2_filtered_map,0.08839036862388872,-2.5215833511079344,110.4351278,-7.0507578,272.351,17.896,22.517,3,1,8,0,1.7856,211.652,-1.52,-0.937,-2.976,5.2871,169.65,-1.0,5.012,-10.680519079298072,/neo3/mag_heading_fusion,1,-17.4683,-33.3008,-25.6104,45.4970040078465,1,-10.853151921250543,/imu/mag_heading_fusion+neo3_cross_align,1,-4521.0,7974.0,3796.0,-0.17753790188537724,0.8319121865232044,0.8506453977373184,-10.710771039014713,logger_gyro_integral:neo3_calibrated_ros,1,-10.710771039014713,nan,62.391357421875014,0.0,,,,0.1771709228515625,-0.1197100830078125,9.792284790039062,9.800404975295358,,,,-0.0,-0.0,0.0,0.0,0.0,0.0,0.0,,,,0.6866455078125001,1.1700439453125002,62.391357421875014,98629.758,36.60000000000002,,,,,,41,199,371,371,0,371,6620,ROS topics=74 messages=6620
ROS_TOPICS,86,1789500562552731465,2026-09-15T19:29:22.552731+00:00,1789500562552733688,7065802448755,1789500562400000000,1789500562,400000000,10400208,1789500562407155,1789500562400000,2,4,176.87789209605288,119.67923260496379,nav2_filtered_map,0.08839036862388872,-2.5215833511079344,110.4351278,-7.0507578,272.351,17.896,22.517,3,1,8,0,1.7856,211.652,-1.52,-0.937,-2.976,5.2871,169.65,-1.0,5.012,-10.672098726417312,/neo3/mag_heading_fusion,1,-17.4683,-33.3252,-25.5371,45.47366200714431,1,-10.721053002756857,/imu/mag_heading_fusion+neo3_cross_align,1,-4506.0,7981.0,3801.0,-0.17537129088739525,0.8329101284014326,0.8511723513256304,-10.710771039014713,logger_gyro_integral:neo3_calibrated_ros,1,-10.710771039014713,nan,62.391357421875014,0.0,,,,0.201112939453125,-0.11013327636718749,9.792284790039062,9.810468535070719,,,,-0.0,-0.0,0.0,0.0,0.0,0.0,0.0,,,,0.6866455078125001,1.1700439453125002,62.391357421875014,98630.68,36.60000000000002,,,,,,41,201,375,375,0,375,6688,ROS topics=74 messages=6688
ROS_TOPICS,87,1789500562653540550,2026-09-15T19:29:22.653541+00:00,1789500562653543161,7065903257945,1789500562600000000,1789500562,600000000,10400410,1789500562609120,1789500562600000,2,4,176.9132324061947,119.66676558366174,nav2_filtered_map,0.022097593660720616,-2.8976090715981395,110.4351272,-7.0507612,272.641,17.909,22.55,3,1,8,0,1.9536,189.99300000000002,-1.924,-0.339,-2.557,5.0837,149.093,-1.0,5.003,-10.685464168849995,/neo3/mag_heading_fusion,1,-17.4805,-33.3496,-25.5859,45.52364198106299,1,-10.699461100174823,/imu/mag_heading_fusion+neo3_cross_align,1,-4502.0,7999.0,3823.0,-0.17476506491093252,0.8354152724233034,0.8534995637441326,-10.710771039014713,logger_gyro_integral:neo3_calibrated_ros,1,-10.710771039014713,nan,62.391357421875014,0.0,,,,0.201112939453125,-0.12449848632812499,9.801861596679688,9.810503744871978,,,,-0.0,-0.0,0.0,0.0,0.0,0.0,0.0,,,,0.6866455078125001,1.1700439453125002,62.391357421875014,98634.641,36.60000000000002,,,,,,42,204,381,381,0,381,6797,ROS topics=74 messages=6797
ROS_TOPICS,88,1789500562752922803,2026-09-15T19:29:22.752923+00:00,1789500562752924996,7066002640115,1789500562600000000,1789500562,600000000,10400410,1789500562609120,1789500562600000,2,4,176.74757783780666,119.4717576338184,nav2_filtered_map,0.022097593660720616,-2.8976090715981395,110.4351272,-7.0507612,272.641,17.909,22.55,3,1,8,0,1.9536,189.99300000000002,-1.924,-0.339,-2.557,5.0837,149.093,-1.0,5.003,-10.702323117158823,/neo3/mag_heading_fusion,1,-17.4805,-33.3008,-25.5859,45.48790432301757,1,-10.702073702049914,/imu/mag_heading_fusion+neo3_cross_align,1,-4504.0,7981.0,3826.0,-0.17508405604335858,0.8329136568779203,0.8511166703186726,-10.710771039014713,logger_gyro_integral:neo3_calibrated_ros,1,-10.710771039014713,nan,62.391357421875014,0.0,,,,0.2059013427734375,-0.1388636962890625,9.811438403320311,9.809992250927738,,,,-0.0,-0.0,0.0,0.0,0.0,0.0,0.0,,,,0.6866455078125001,1.1700439453125002,62.391357421875014,98634.945,36.60000000000002,,,,,,42,206,385,385,0,385,6863,ROS topics=74 messages=6863
ROS_TOPICS,89,1789500562855482004,2026-09-15T19:29:22.855482+00:00,1789500562855486390,7066105199368,1789500562800000000,1789500562,800000000,10400609,1789500562807899,1789500562800000,2,4,176.77924883868653,119.45542565625789,nav2_filtered_map,-0.07734157964471988,-3.163039130031339,110.4351263,-7.0507636,273.081,17.923,22.578,3,1,8,0,1.722,208.17200000000003,-1.518,-0.813,-2.382,5.2515,174.731,-1.0,5.006,-10.729001598536861,/neo3/mag_heading_fusion,1,-17.5049,-33.3496,-25.5371,45.50561306674156,1,-10.609474196893549,/imu/mag_heading_fusion+neo3_cross_align,1,-4497.0,7990.0,3850.0,-0.1740628559450355,0.834175050080075,0.8521419435726878,-10.710771039014713,logger_gyro_integral:neo3_calibrated_ros,1,-10.710771039014713,nan,62.391357421875014,0.0,,,,0.1867477294921875,-0.1197100830078125,9.773131176757811,9.781435218544292,,,,-0.0,-0.0,0.0,0.0,0.0,0.0,0.0,,,,0.6866455078125001,1.1700439453125002,62.391357421875014,98613.891,36.60000000000002,,,,,,43,209,391,391,0,391,6973,ROS topics=74 messages=6973
ROS_TOPICS,90,1789500562952846552,2026-09-15T19:29:22.952847+00:00,1789500562952848420,7066202563726,1789500562800000000,1789500562,800000000,10400609,1789500562807899,1789500562800000,2,4,176.6142693199658,119.25075379752349,nav2_filtered_map,-0.07734157964471988,-3.163039130031339,110.4351263,-7.0507636,273.081,17.923,22.578,3,1,8,0,1.722,208.17200000000003,-1.518,-0.813,-2.382,5.2515,174.731,-1.0,5.006,-10.69388750262354,/neo3/mag_heading_fusion,1,-17.4805,-33.3252,-25.4883,45.45096558028223,1,-10.722665200960716,/imu/mag_heading_fusion+neo3_cross_align,1,-4508.0,7981.0,3832.0,-0.17565852573143192,0.8329065999249449,0.851228125628302,-10.710771039014713,logger_gyro_integral:neo3_calibrated_ros,1,-10.710771039014713,nan,62.391357421875014,0.0,,,,0.1867477294921875,-0.12449848632812499,9.792284790039062,9.800643898135823,,,,-0.0,-0.0,0.0,0.0,0.0,0.0,0.0,,,,0.6866455078125001,1.1700439453125002,62.391357421875014,98627.625,36.60000000000002,,,,,,43,211,396,396,0,396,7041,ROS topics=74 messages=7041
ROS_TOPICS,91,1789500563052014591,2026-09-15T19:29:23.052015+00:00,1789500563052017818,7066301732188,1789500563000000000,1789500563,0,10400818,1789500563015076,1789500563000000,2,4,176.6422986385024,119.23030612989022,nav2_filtered_map,-0.2099271590920786,-3.3731713349428785,110.4351251,-7.0507655,273.521,17.944,22.611,3,1,8,0,1.5444,215.64500000000004,-1.255,-0.9,-2.321,5.3004,180.0,-1.0,4.973,-10.658711820884314,/neo3/mag_heading_fusion,1,-17.4561,-33.3008,-25.5127,45.43739175106776,1,-10.654102124956534,/imu/mag_heading_fusion+neo3_cross_align,1,-4499.0,7989.0,3876.0,-0.17435185502731604,0.8340327389886486,0.8520617225626166,-10.710771039014713,logger_gyro_integral:neo3_calibrated_ros,1,-10.710771039014713,nan,62.391357421875014,0.0,,,,0.201112939453125,-0.1197100830078125,9.80665,9.795889688068316,,,,-0.0,-0.0,0.0,0.0,0.0,0.0,0.0,,,,0.6866455078125001,1.1700439453125002,62.391357421875014,98626.406,36.60000000000002,,,,,,44,214,400,400,0,400,7142,ROS topics=74 messages=7142
ROS_TOPICS,92,1789500563153008385,2026-09-15T19:29:23.153008+00:00,1789500563153010299,7066402725609,1789500563000000000,1789500563,0,10400818,1789500563015076,1789500563000000,2,4,176.47447034522423,119.0229165657109,nav2_filtered_map,-0.2099271590920786,-3.3731713349428785,110.4351251,-7.0507655,273.521,17.944,22.611,3,1,8,0,1.5444,215.64500000000004,-1.255,-0.9,-2.321,5.3004,180.0,-1.0,4.973,-10.677053089354766,/neo3/mag_heading_fusion,1,-17.4805,-33.374,-25.5127,45.500435355499626,1,-10.79206837908568,/imu/mag_heading_fusion+neo3_cross_align,1,-4503.0,7990.0,3874.0,-0.17492456047714552,0.8341644646506118,0.8523080170595395,-10.710771039014713,logger_gyro_integral:neo3_calibrated_ros,1,-10.710771039014713,nan,62.391357421875014,0.0,,,,0.201112939453125,-0.1197100830078125,9.792284790039062,9.800869715821927,,,,-0.0,-0.0,0.0,0.0,0.0,0.0,0.0,,,,0.6866455078125001,1.1700439453125002,62.391357421875014,98625.18,36.60000000000002,,,,,,44,216,406,406,0,406,7213,ROS topics=74 messages=7213
ROS_TOPICS,93,1789500563252750123,2026-09-15T19:29:23.252750+00:00,1789500563252752806,7066502467432,1789500563200000000,1789500563,200000000,10401009,1789500563208499,1789500563200000,2,4,176.4987954539643,118.99826951611963,nav2_filtered_map,-0.022097595176256757,-3.030324589131766,110.4351268,-7.0507624,273.892,17.958,22.638,3,1,8,0,0.9808,227.31399999999996,-0.665,-0.721,-1.113,4.9937,180.0,-1.0,5.012,-10.719231294825791,/neo3/mag_heading_fusion,1,-17.4805,-33.252,-25.3906,45.34254020905754,1,-10.775240587988888,/imu/mag_heading_fusion+neo3_cross_align,1,-4514.0,7984.0,3868.0,-0.17651493754881037,0.8333123623402977,0.8518022167187803,-10.710771039014713,logger_gyro_integral:neo3_calibrated_ros,1,-10.710771039014713,nan,62.391357421875014,0.0,,,,0.19632453613281248,-0.1197100830078125,9.787496386718749,9.79075258004017,,,,-0.0,-0.0,0.0,0.0,0.0,0.0,0.0,,,,0.6866455078125001,1.1700439453125002,62.391357421875014,98627.016,36.60000000000002,,,,,,45,219,410,410,0,410,7316,ROS topics=74 messages=7316
ROS_TOPICS,94,1789500563355142687,2026-09-15T19:29:23.355143+00:00,1789500563355150218,7066604860122,1789500563200000000,1789500563,200000000,10401009,1789500563208499,1789500563200000,2,4,176.35676878472,118.83992198430094,nav2_filtered_map,-0.022097595176256757,-3.030324589131766,110.4351268,-7.0507624,273.892,17.958,22.638,3,1,8,0,0.9808,227.31399999999996,-0.665,-0.721,-1.113,4.9937,180.0,-1.0,5.012,-10.75439997820139,/neo3/mag_heading_fusion,1,-17.5049,-33.2764,-25.5615,45.46570799206805,1,-10.699676846057887,/imu/mag_heading_fusion+neo3_cross_align,1,-4507.0,7995.0,3848.0,-0.17549020897399958,0.8348513207723296,0.8530964431065465,-10.710771039014713,logger_gyro_integral:neo3_calibrated_ros,1,-10.710771039014713,nan,62.391357421875014,0.0,,,,0.21068974609375,-0.1197100830078125,9.801861596679688,9.796142764616715,,,,-0.0,-0.0,0.0,0.0,0.0,0.0,0.0,,,,0.6866455078125001,1.1700439453125002,62.391357421875014,98624.875,36.60000000000002,,,,,,45,221,415,415,0,415,7383,ROS topics=74 messages=7383
ROS_TOPICS,95,1789500563452967723,2026-09-15T19:29:23.452968+00:00,1789500563452970599,7066702685459,1789500563400000000,1789500563,400000000,10401208,1789500563407596,1789500563400000,2,4,176.3779785580188,118.8122068204833,nav2_filtered_map,0.14363439188197002,-2.731716133829673,110.4351283,-7.0507597,274.291,17.965,22.661,3,1,8,0,0.6545,211.50400000000002,-0.558,-0.342,-0.576,4.7697,180.0,-1.0,5.014,-10.75808581614167,/neo3/mag_heading_fusion,1,-17.4927,-33.2031,-25.4639,45.35251488186735,1,-10.669709914317927,/imu/mag_heading_fusion+neo3_cross_align,1,-4503.0,8003.0,3900.0,-0.17490162537997542,0.835968638644814,0.8540691677833949,-10.710771039014713,logger_gyro_integral:neo3_calibrated_ros,1,-10.710771039014713,nan,62.391357421875014,0.0,,,,0.1867477294921875,-0.1197100830078125,9.787496386718749,9.795796694473546,,,,-0.0,-0.0,0.0,0.0,0.0,0.0,0.0,,,,0.6866455078125001,1.1700439453125002,62.391357421875014,98627.32,36.60000000000002,,,,,,46,224,421,421,0,421,7490,ROS topics=74 messages=7490
ROS_TOPICS,96,1789500563553207817,2026-09-15T19:29:23.553208+00:00,1789500563553209896,7066802925052,1789500563400000000,1789500563,400000000,10401208,1789500563407596,1789500563400000,2,4,176.25866740153685,118.69519583871856,nav2_filtered_map,0.14363439188197002,-2.731716133829673,110.4351283,-7.0507597,274.291,17.965,22.661,3,1,8,0,0.6545,211.50400000000002,-0.558,-0.342,-0.576,4.7697,180.0,-1.0,5.014,-10.71077103901471,/neo3/mag_heading_fusion,1,-17.4805,-33.2764,-25.4883,45.415196951020704,1,-10.664864137704994,/imu/mag_heading_fusion+neo3_cross_align,1,-4507.0,8002.0,3838.0,-0.17547785930629262,0.8358227990768999,0.8540446303112401,-10.710771039014713,logger_gyro_integral:neo3_calibrated_ros,1,-10.710771039014713,nan,62.391357421875014,0.0,,,,0.19632453613281248,-0.105344873046875,9.797073193359374,9.805393152655972,,,,-0.0,-0.0,0.0,0.0,0.0,0.0,0.0,,,,0.6866455078125001,1.1700439453125002,62.391357421875014,98628.234,36.60000000000002,,,,,,46,226,426,426,0,426,7559,ROS topics=74 messages=7559
ROS_TOPICS,97,1789500563652786322,2026-09-15T19:29:23.652786+00:00,1789500563652788013,7066902503511,1789500563600000000,1789500563,600000000,10401409,1789500563607893,1789500563600000,2,4,176.27728893195624,118.6653572754667,nav2_filtered_map,0.29831756426948175,-2.6985372214122694,110.4351297,-7.0507594,273.88100000000003,17.979,22.705,3,1,8,0,0.5165,109.452,-0.172,0.487,0.285,3.5033,180.0,-1.0,5.008,-10.827468347049189,/neo3/mag_heading_fusion,1,-17.5171,-33.1299,-25.4395,45.29467106260956,1,-10.612314983740358,/imu/mag_heading_fusion+neo3_cross_align,1,-4494.0,8002.0,3871.0,-0.17361083282005427,0.83584573417407,0.8536854295403331,-10.710771039014713,logger_gyro_integral:neo3_calibrated_ros,1,-10.710771039014713,nan,62.391357421875014,0.0,,,,0.201112939453125,-0.105344873046875,9.792284790039062,9.795648308556075,,,,-0.0,-0.0,0.0,0.0,0.0,0.0,0.0,,,,0.6866455078125001,1.1700439453125002,62.391357421875014,98620.914,36.60000000000002,,,,,,47,229,430,430,0,430,7667,ROS topics=74 messages=7667
ROS_TOPICS,98,1789500563752270671,2026-09-15T19:29:23.752271+00:00,1789500563752273678,7067001988206,1789500563600000000,1789500563,600000000,10401409,1789500563607893,1789500563600000,2,4,176.1791834213733,118.56321671019063,nav2_filtered_map,0.29831756426948175,-2.6985372214122694,110.4351297,-7.0507594,273.88100000000003,17.979,22.705,3,1,8,0,0.5165,109.452,-0.172,0.487,0.285,3.5033,180.0,-1.0,5.008,-10.727738660610441,/neo3/mag_heading_fusion,1,-17.4805,-33.2275,-25.5615,45.42053410903487,1,-10.725117823203199,/imu/mag_heading_fusion+neo3_cross_align,1,-4505.0,7993.0,3928.0,-0.17520650260645063,0.83457728401894,0.8527699347162837,-10.710771039014713,logger_gyro_integral:neo3_calibrated_ros,1,-10.710771039014713,nan,62.391357421875014,0.0,,,,0.19153613281249998,-0.1197100830078125,9.777919580078125,9.786315460543376,,,,-0.0,-0.0,0.0,0.0,0.0,0.0,0.0,,,,0.6866455078125001,1.1700439453125002,62.391357421875014,98631.898,36.60000000000002,,,,,,47,231,435,435,0,435,7730,ROS topics=74 messages=7730
ROS_TOPICS,99,1789500563853183498,2026-09-15T19:29:23.853184+00:00,1789500563853187779,7067102900987,1789500563800000000,1789500563,800000000,10401609,1789500563807925,1789500563800000,2,4,176.19571418151887,118.5315680282873,nav2_filtered_map,0.5634886804545416,-2.6764178210380276,110.4351321,-7.0507592,273.301,17.993,22.749,3,1,8,0,1.0731,95.025,-0.094,1.069,1.161,4.2573,180.0,-1.0,5.007,-10.685464168849995,/neo3/mag_heading_fusion,1,-17.4805,-33.3496,-25.6104,45.53741635808953,1,-10.693148381123333,/imu/mag_heading_fusion+neo3_cross_align,1,-4501.0,7991.0,3902.0,-0.174635561394865,0.8343067757420382,0.8523880427087039,-10.710771039014713,logger_gyro_integral:neo3_calibrated_ros,1,-10.710771039014713,nan,62.391357421875014,0.0,,,,0.19632453613281248,-0.1197100830078125,9.787496386718749,9.795985021413628,,,,-0.0,-0.0,0.0,0.0,0.0,0.0,0.0,,,,0.6866455078125001,1.1700439453125002,62.391357421875014,98631.594,36.60000000000002,,,,,,48,234,440,440,0,440,7839,ROS topics=74 messages=7839
ROS_TOPICS,100,1789500563951549747,2026-09-15T19:29:23.951550+00:00,1789500563951552872,7067201267085,1789500563800000000,1789500563,800000000,10401609,1789500563807925,1789500563800000,2,4,176.12964789024713,118.43922515395224,nav2_filtered_map,0.5634886804545416,-2.6764178210380276,110.4351321,-7.0507592,273.301,17.993,22.749,3,1,8,0,1.0731,95.025,-0.094,1.069,1.161,4.2573,180.0,-1.0,5.007,-10.715673060236213,/neo3/mag_heading_fusion,1,-17.4927,-33.3252,-25.5127,45.46934538367581,1,-10.857613666006943,/imu/mag_heading_fusion+neo3_cross_align,1,-4523.0,7997.0,3854.0,-0.17778455924980527,0.8351006581903052,0.8538152369321647,-10.710771039014713,logger_gyro_integral:neo3_calibrated_ros,1,-10.710771039014713,nan,62.391357421875014,0.0,,,,0.2059013427734375,-0.11013327636718749,9.80665,9.815217707871982,,,,-0.0,-0.0,0.0,0.0,0.0,0.0,0.0,,,,0.6866455078125001,1.1700439453125002,62.391357421875014,98622.438,36.60000000000002,,,,,,48,236,445,445,0,445,7906,ROS topics=74 messages=7906
ROS_TOPICS,101,1789500564051507924,2026-09-15T19:29:24.051508+00:00,1789500564051511010,7067301225375,1789500564000000000,1789500564,0,10401818,1789500564016977,1789500564000000,2,4,176.14481670741603,118.40604679434863,nav2_filtered_map,0.7844645347789219,-2.676417490300164,110.4351341,-7.0507592,272.511,18.0,22.76,3,1,8,0,0.9866,68.662,0.359,0.919,1.776,4.6115,180.0,-1.0,4.974,-10.646911123648628,/neo3/mag_heading_fusion,1,-17.4683,-33.3984,-25.6348,45.58220703838286,1,-10.710698796295901,/imu/mag_heading_fusion+neo3_cross_align,1,-4508.0,8002.0,3832.0,-0.17562147672831097,0.835821034838656,0.8540724239588786,-10.710771039014713,logger_gyro_integral:neo3_calibrated_ros,1,-10.710771039014713,nan,62.391357421875014,0.0,,,,0.19632453613281248,-0.1005564697265625,9.792284790039062,9.800555316530932,,,,-0.0,-0.0,0.0,0.0,0.0,0.0,0.0,,,,0.6866455078125001,1.1700439453125002,62.391357421875014,98625.484,36.60000000000002,,,,,,49,239,450,450,0,450,8010,ROS topics=74 messages=8010
ROS_TOPICS,102,1789500564152001447,2026-09-15T19:29:24.152002+00:00,1789500564152003946,7067401718863,1789500564000000000,1789500564,0,10401818,1789500564016977,1789500564000000,2,4,176.1031771318445,118.32279632263199,nav2_filtered_map,0.7844645347789219,-2.676417490300164,110.4351341,-7.0507592,272.511,18.0,22.76,3,1,8,0,0.9866,68.662,0.359,0.919,1.776,4.6115,180.0,-1.0,4.974,-10.638505369176583,/neo3/mag_heading_fusion,1,-17.4683,-33.4229,-25.4883,45.51796553219399,1,-10.661533657105506,/imu/mag_heading_fusion+neo3_cross_align,1,-4502.0,7999.0,3821.0,-0.17476506491093252,0.8354152724233034,0.8534995637441326,-10.710771039014713,logger_gyro_integral:neo3_calibrated_ros,1,-10.710771039014713,nan,62.391357421875014,0.0,,,,0.1771709228515625,-0.1197100830078125,9.80665,9.814766727540029,,,,-0.0,-0.0,0.0,0.0,0.0,0.0,0.0,,,,0.6866455078125001,1.1700439453125002,62.391357421875014,98626.711,36.60000000000002,,,,,,49,241,455,455,0,455,8077,ROS topics=74 messages=8077
ROS_TOPICS,103,1789500564251544481,2026-09-15T19:29:24.251544+00:00,1789500564251548258,7067501262104,1789500564200000000,1789500564,200000000,10402009,1789500564208091,1789500564200000,2,4,176.11751404928592,118.28837274386733,nav2_filtered_map,0.9722939642460906,-2.621119322069039,110.4351358,-7.0507587,271.811,18.0,22.782,3,1,8,0,1.1004,58.375,0.577,0.937,2.086,4.7186,180.0,-1.0,5.013,-10.646911123648628,/neo3/mag_heading_fusion,1,-17.4683,-33.3984,-25.5859,45.55472430231578,1,-10.689720941975429,/imu/mag_heading_fusion+neo3_cross_align,1,-4506.0,8000.0,3824.0,-0.175337770360762,0.8355469980852666,0.8537459339431045,-10.710771039014713,logger_gyro_integral:neo3_calibrated_ros,1,-10.710771039014713,nan,62.391357421875014,0.0,,,,0.19153613281249998,-0.1197100830078125,9.792284790039062,9.800676803720684,,,,-0.0,-0.0,0.0,0.0,0.0,0.0,0.0,,,,0.6866455078125001,1.1700439453125002,62.391357421875014,98620.609,36.60000000000002,,,,,,50,244,460,460,0,460,8182,ROS topics=74 messages=8182
ROS_TOPICS,104,1789500564352998130,2026-09-15T19:29:24.352998+00:00,1789500564353002624,7067602715763,1789500564200000000,1789500564,200000000,10402009,1789500564208091,1789500564200000,2,4,176.0950846493898,118.21918662386963,nav2_filtered_map,0.9722939642460906,-2.621119322069039,110.4351358,-7.0507587,271.811,18.0,22.782,3,1,8,0,1.1004,58.375,0.577,0.937,2.086,4.7186,180.0,-1.0,5.013,-10.720560097707335,/neo3/mag_heading_fusion,1,-17.5049,-33.374,-25.6592,45.59210397261789,1,-10.786973458623867,/imu/mag_heading_fusion+neo3_cross_align,1,-4515.0,7986.0,3823.0,-0.17665502649434098,0.8335881633319311,0.8521010646823641,-10.710771039014713,logger_gyro_integral:neo3_calibrated_ros,1,-10.710771039014713,nan,62.391357421875014,0.0,,,,0.2154781494140625,-0.1388636962890625,9.801861596679688,9.811004311204659,,,,-0.0,-0.0,0.0,0.0,0.0,0.0,0.0,,,,0.6866455078125001,1.1700439453125002,62.391357421875014,98630.68,36.60000000000002,,,,,,50,246,465,465,0,465,8250,ROS topics=74 messages=8250
ROS_TOPICS,105,1789500564451762642,2026-09-15T19:29:24.451763+00:00,1789500564451765538,7067701480052,1789500564400000000,1789500564,400000000,10402209,1789500564408321,1789500564400000,2,4,176.10902620967184,118.18384885413343,nav2_filtered_map,0.9060011671249439,-2.6985362659862098,110.4351352,-7.0507594,271.621,18.007,22.793,3,1,8,0,0.4567,350.166,0.45,-0.078,1.041,4.5758,180.0,-1.0,5.011,-10.650306736368943,/neo3/mag_heading_fusion,1,-17.4561,-33.3252,-25.5859,45.496402726589274,1,-10.643329544864292,/imu/mag_heading_fusion+neo3_cross_align,1,-4501.0,7998.0,3767.0,-0.17462321172715803,0.8352782540466086,0.8533364094875237,-10.710771039014713,logger_gyro_integral:neo3_calibrated_ros,1,-10.710771039014713,nan,62.391357421875014,0.0,,,,0.21068974609375,-0.1197100830078125,9.801861596679688,9.810645831223454,,,,-0.0,-0.0,0.0,0.0,0.0,0.0,0.0,,,,0.6866455078125001,1.1700439453125002,62.391357421875014,98628.844,36.60000000000002,,,,,,51,249,470,470,0,470,8354,ROS topics=74 messages=8354
ROS_TOPICS,106,1789500564551555495,2026-09-15T19:29:24.551556+00:00,1789500564551560196,7067801273550,1789500564400000000,1789500564,400000000,10402209,1789500564408321,1789500564400000,2,4,176.08072196989397,118.11628751003497,nav2_filtered_map,0.9060011671249439,-2.6985362659862098,110.4351352,-7.0507594,271.621,18.007,22.793,3,1,8,0,0.4567,350.166,0.45,-0.078,1.041,4.5758,180.0,-1.0,5.011,-10.707234492008519,/neo3/mag_heading_fusion,1,-17.4927,-33.3496,-25.5371,45.50092141770318,1,-10.67153019851252,/imu/mag_heading_fusion+neo3_cross_align,1,-4498.0,7971.0,3793.0,-0.1742399938936871,0.8315364161579973,0.8495954254049148,-10.710771039014713,logger_gyro_integral:neo3_calibrated_ros,1,-10.710771039014713,nan,62.391357421875014,0.0,,,,0.201112939453125,-0.1197100830078125,9.801861596679688,9.810443762629934,,,,-0.0,-0.0,0.0,0.0,0.0,0.0,0.0,,,,0.6866455078125001,1.1700439453125002,62.391357421875014,98627.016,36.60000000000002,,,,,,51,251,475,475,0,475,8423,ROS topics=74 messages=8423
ROS_TOPICS,107,1789500564651520645,2026-09-15T19:29:24.651521+00:00,1789500564651523087,7067901238015,1789500564600000000,1789500564,600000000,10402409,1789500564608322,1789500564600000,2,4,176.0941239918795,118.08007313963849,nav2_filtered_map,0.7734155936386933,-2.8976084828512754,110.435134,-7.0507612,271.341,18.014,22.804,3,1,8,0,0.1726,316.409,0.125,-0.119,0.358,4.1193,180.0,-1.0,5.009,-10.849366736433366,/neo3/mag_heading_fusion,1,-17.5293,-33.1299,-25.3418,45.244595917523675,1,-10.693806746987516,/imu/mag_heading_fusion+neo3_cross_align,1,-4502.0,7987.0,3812.0,-0.17478623576985877,0.8337498810440399,0.851873871154379,-10.710771039014713,logger_gyro_integral:neo3_calibrated_ros,1,-10.710771039014713,nan,62.391357421875014,0.0,,,,0.201112939453125,-0.1197100830078125,9.782707983398437,9.791295674411893,,,,-0.0,-0.0,0.0,0.0,0.0,0.0,0.0,,,,0.6866455078125001,1.1700439453125002,62.391357421875014,98617.25,36.60000000000002,,,,,,52,254,480,480,0,480,8530,ROS topics=74 messages=8530
ROS_TOPICS,108,1789500564751657507,2026-09-15T19:29:24.751657+00:00,1789500564751662523,7068001375304,1789500564600000000,1789500564,600000000,10402409,1789500564608322,1789500564600000,2,4,176.05449299180205,118.0028692432371,nav2_filtered_map,0.7734155936386933,-2.8976084828512754,110.435134,-7.0507612,271.341,18.014,22.804,3,1,8,0,0.1726,316.409,0.125,-0.119,0.358,4.1193,180.0,-1.0,5.009,-10.741062678841203,/neo3/mag_heading_fusion,1,-17.4927,-33.252,-25.6104,45.470678964031315,1,-10.691240029892395,/imu/mag_heading_fusion+neo3_cross_align,1,-4500.0,7982.0,3857.0,-0.17450782211704138,0.8330594964458344,0.8511410603411282,-10.710771039014713,logger_gyro_integral:neo3_calibrated_ros,1,-10.710771039014713,nan,62.391357421875014,0.0,,,,0.1867477294921875,-0.1149216796875,9.782707983398437,9.790951774780442,,,,-0.0,-0.0,0.0,0.0,0.0,0.0,0.0,,,,0.6866455078125001,1.1700439453125002,62.391357421875014,98631.898,36.60000000000002,,,,,,52,256,485,485,0,485,8598,ROS topics=74 messages=8598
ROS_TOPICS,109,1789500564853008058,2026-09-15T19:29:24.853008+00:00,1789500564853011399,7068102725592,1789500564800000000,1789500564,800000000,10402608,1789500564807303,1789500564800000,2,4,176.0670960224553,117.96553163120917,nav2_filtered_map,0.696074043454622,-3.0524425707691916,110.4351333,-7.0507626,271.44100000000003,18.021,22.814,3,1,8,0,0.4115,199.44800000000004,-0.388,-0.137,-0.392,4.6553,180.0,-1.0,5.012,-10.801800241307404,/neo3/mag_heading_fusion,1,-17.5171,-33.2031,-25.415,45.33449974379336,1,-10.767281651189919,/imu/mag_heading_fusion+neo3_cross_align,1,-4510.0,7990.0,3870.0,-0.1759298824312739,0.8341521149829049,0.8525028295922162,-10.710771039014713,logger_gyro_integral:neo3_calibrated_ros,1,-10.710771039014713,nan,62.391357421875014,0.0,,,,0.19632453613281248,-0.1292868896484375,9.7683427734375,9.776959479797544,,,,-0.0,-0.0,0.0,0.0,0.0,0.0,0.0,,,,0.6866455078125001,1.1700439453125002,62.391357421875014,98638.914,36.60000000000002,,,,,,53,259,490,490,0,490,8707,ROS topics=74 messages=8707
ROS_TOPICS,110,1789500564952638074,2026-09-15T19:29:24.952638+00:00,1789500564952641763,7068202355615,1789500564800000000,1789500564,800000000,10402608,1789500564807303,1789500564800000,2,4,176.02212578282504,117.88340266547597,nav2_filtered_map,0.696074043454622,-3.0524425707691916,110.4351333,-7.0507626,271.44100000000003,18.021,22.814,3,1,8,0,0.4115,199.44800000000004,-0.388,-0.137,-0.392,4.6553,180.0,-1.0,5.012,-10.724123929706142,/neo3/mag_heading_fusion,1,-17.4927,-33.3008,-25.5615,45.47887549379382,1,-10.723138743412678,/imu/mag_heading_fusion+neo3_cross_align,1,-4509.0,8009.0,3860.0,-0.1757527444826223,0.8367907489049826,0.8550484107032394,-10.710771039014713,logger_gyro_integral:neo3_calibrated_ros,1,-10.710771039014713,nan,62.391357421875014,0.0,,,,0.2059013427734375,-0.12449848632812499,9.773131176757811,9.781881955638934,,,,-0.0,-0.0,0.0,0.0,0.0,0.0,0.0,,,,0.6866455078125001,1.1700439453125002,62.391357421875014,98628.844,36.60000000000002,,,,,,53,261,495,495,0,495,8774,ROS topics=74 messages=8774
ROS_TOPICS,111,1789500565051853911,2026-09-15T19:29:25.051854+00:00,1789500565051856979,7068301571503,1789500565000000000,1789500565,0,10402817,1789500565014909,1789500565000000,2,4,176.033799793607,117.84483072790056,nav2_filtered_map,0.2983174665032773,-3.649659861687849,110.4351297,-7.050768,271.911,18.028,22.814,3,1,8,0,1.5614,219.256,-1.209,-0.988,-2.182,4.9213,180.0,-1.0,4.978,-10.741062678841203,/neo3/mag_heading_fusion,1,-17.4927,-33.252,-25.4883,45.40202081603858,1,-10.75921135147705,/imu/mag_heading_fusion+neo3_cross_align,1,-4508.0,7984.0,3852.0,-0.17565323301670036,0.8333229477697608,0.8516344248261121,-10.710771039014713,logger_gyro_integral:neo3_calibrated_ros,1,-10.710771039014713,nan,62.391357421875014,0.0,,,,0.2154781494140625,-0.1197100830078125,9.787496386718749,9.79638975090902,,,,-0.0,-0.0,0.0,0.0,0.0,0.0,0.0,,,,0.6866455078125001,1.1700439453125002,62.391357421875014,98631.898,36.60000000000002,,,,,,54,264,500,500,0,500,8878,ROS topics=74 messages=8878
ROS_TOPICS,112,1789500565152016534,2026-09-15T19:29:25.152017+00:00,1789500565152019871,7068401733845,1789500565000000000,1789500565,0,10402817,1789500565014909,1789500565000000,2,4,175.95461653306248,117.71785114027098,nav2_filtered_map,0.2983174665032773,-3.649659861687849,110.4351297,-7.050768,271.911,18.028,22.814,3,1,8,0,1.5614,219.256,-1.209,-0.988,-2.182,4.9213,180.0,-1.0,4.978,-10.741062678841203,/neo3/mag_heading_fusion,1,-17.4927,-33.252,-25.5859,45.45688436419725,1,-10.714780870420807,/imu/mag_heading_fusion+neo3_cross_align,1,-4503.0,7986.0,3845.0,-0.17493161743012095,0.8336093341908573,0.8517661608838676,-10.710771039014713,logger_gyro_integral:neo3_calibrated_ros,1,-10.710771039014713,nan,62.391357421875014,0.0,,,,0.201112939453125,-0.105344873046875,9.797073193359374,9.80549073196861,,,,-0.0,-0.0,0.0,0.0,0.0,0.0,0.0,,,,0.6866455078125001,1.1700439453125002,62.391357421875014,98623.961,36.60000000000002,,,,,,54,266,505,505,0,505,8945,ROS topics=74 messages=8945
ROS_TOPICS,113,1789500565252061218,2026-09-15T19:29:25.252061+00:00,1789500565252063719,7068501778473,1789500565200000000,1789500565,200000000,10403009,1789500565208575,1789500565200000,2,4,175.96457275061366,117.67700498014108,nav2_filtered_map,-0.18782952547080622,-4.246877211271745,110.4351253,-7.0507734,272.331,18.035,22.814,3,1,8,0,2.2248,230.837,-1.405,-1.725,-3.044,4.8958,126.083,-1.0,5.012,-10.8360494616642,/neo3/mag_heading_fusion,1,-17.5171,-33.1055,-25.3662,45.23568309531757,1,-10.641716207644002,/imu/mag_heading_fusion+neo3_cross_align,1,-4493.0,7990.0,3838.0,-0.17348838625696217,0.8341821070330504,0.8520316941640989,-10.710771039014713,logger_gyro_integral:neo3_calibrated_ros,1,-10.710771039014713,nan,62.391357421875014,0.0,,,,0.2059013427734375,-0.11013327636718749,9.787496386718749,9.796069588692466,,,,-0.0,-0.0,0.0,0.0,0.0,0.0,0.0,,,,0.6866455078125001,1.1700439453125002,62.391357421875014,98638.609,36.60000000000002,,,,,,55,269,510,510,0,510,9050,ROS topics=74 messages=9050
ROS_TOPICS,114,1789500565353126923,2026-09-15T19:29:25.353127+00:00,1789500565353131575,7068602844536,1789500565200000000,1789500565,200000000,10403009,1789500565208575,1789500565200000,2,4,175.84552154413166,117.50839623536595,nav2_filtered_map,-0.18782952547080622,-4.246877211271745,110.4351253,-7.0507734,272.331,18.035,22.814,3,1,8,0,2.2248,230.837,-1.405,-1.725,-3.044,4.8958,126.083,-1.0,5.012,-10.741062678841203,/neo3/mag_heading_fusion,1,-17.4927,-33.252,-25.5371,45.42943466190175,1,-10.687010071095019,/imu/mag_heading_fusion+neo3_cross_align,1,-4499.0,7997.0,3805.0,-0.17433774112136521,0.8351429999081577,0.853145637200881,-10.710771039014713,logger_gyro_integral:neo3_calibrated_ros,1,-10.710771039014713,nan,62.391357421875014,0.0,,,,0.201112939453125,-0.1197100830078125,9.797073193359374,9.805656738552171,,,,-0.0,-0.0,0.0,0.0,0.0,0.0,0.0,,,,0.6866455078125001,1.1700439453125002,62.391357421875014,98623.352,36.60000000000002,,,,,,55,271,515,515,0,515,9118,ROS topics=74 messages=9118
ROS_TOPICS,115,1789500565451503681,2026-09-15T19:29:25.451504+00:00,1789500565451506434,7068701220982,1789500565400000000,1789500565,400000000,10403208,1789500565407534,1789500565400000,2,4,175.8528600811918,117.46425175862696,nav2_filtered_map,-0.41985424864188037,-4.501247675767949,110.4351232,-7.0507757,272.63100000000003,18.042,22.825,3,1,8,0,1.8357,224.60299999999998,-1.307,-1.289,-2.553,4.9197,153.553,-1.0,5.014,-10.741062678841203,/neo3/mag_heading_fusion,1,-17.4927,-33.252,-25.5615,45.44315503505451,1,-10.686144795056178,/imu/mag_heading_fusion+neo3_cross_align,1,-4495.0,7982.0,3831.0,-0.1737897350069497,0.8330683176370537,0.8510027578359642,-10.710771039014713,logger_gyro_integral:neo3_calibrated_ros,1,-10.710771039014713,nan,62.391357421875014,0.0,,,,0.19632453613281248,-0.1388636962890625,9.782707983398437,9.791452402302417,,,,-0.0,-0.0,0.0,0.0,0.0,0.0,0.0,,,,0.6866455078125001,1.1700439453125002,62.391357421875014,98629.453,36.60000000000002,,,,,,56,274,519,519,0,519,9213,ROS topics=74 messages=9213
ROS_TOPICS,116,1789500565551636041,2026-09-15T19:29:25.551636+00:00,1789500565551640800,7068801353864,1789500565400000000,1789500565,400000000,10403208,1789500565407534,1789500565400000,2,4,175.72027394356226,117.28835161746639,nav2_filtered_map,-0.41985424864188037,-4.501247675767949,110.4351232,-7.0507757,272.63100000000003,18.042,22.825,3,1,8,0,1.8357,224.60299999999998,-1.307,-1.289,-2.553,4.9197,153.553,-1.0,5.014,-10.719231294825791,/neo3/mag_heading_fusion,1,-17.4805,-33.252,-25.5127,45.411025594452276,1,-10.626830336825922,/imu/mag_heading_fusion+neo3_cross_align,1,-4490.0,7996.0,3826.0,-0.17304694856144404,0.8350200954374136,0.8527624558989064,-10.710771039014713,logger_gyro_integral:neo3_calibrated_ros,1,-10.710771039014713,nan,62.391357421875014,0.0,,,,0.21068974609375,-0.1197100830078125,9.792284790039062,9.801071981803469,,,,-0.0,-0.0,0.0,0.0,0.0,0.0,0.0,,,,0.6866455078125001,1.1700439453125002,62.391357421875014,98632.812,36.60000000000002,,,,,,56,276,524,524,0,524,9282,ROS topics=74 messages=9282
ROS_TOPICS,117,1789500565652253503,2026-09-15T19:29:25.652253+00:00,1789500565652257675,7068901970987,1789500565600000000,1789500565,600000000,10403408,1789500565607750,1789500565600000,2,4,175.72468490109023,117.24074142898186,nav2_filtered_map,-0.2983174647159723,-4.622902587223131,110.4351243,-7.0507768,272.041,18.042,22.825,3,1,8,0,0.9143,159.781,-0.858,0.316,-0.564,3.6325,180.0,-1.0,5.012,-10.655294774999213,/neo3/mag_heading_fusion,1,-17.4683,-33.374,-25.5615,45.52313327463302,1,-10.72711200474147,/imu/mag_heading_fusion+neo3_cross_align,1,-4502.0,7994.0,3920.0,-0.17477388610215178,0.8347213593486102,0.8528221731498541,-10.710771039014713,logger_gyro_integral:neo3_calibrated_ros,1,-10.710771039014713,nan,62.391357421875014,0.0,,,,0.2059013427734375,-0.12449848632812499,9.801861596679688,9.810603610498669,,,,-0.0,-0.0,0.0,0.0,0.0,0.0,0.0,,,,0.6866455078125,1.1645507812500002,62.391357421875014,98623.656,36.60000000000002,,,,,,57,279,529,529,0,529,9389,ROS topics=74 messages=9389
ROS_TOPICS,118,1789500565751548170,2026-09-15T19:29:25.751548+00:00,1789500565751551589,7069001265702,1789500565600000000,1789500565,600000000,10403408,1789500565607750,1789500565600000,2,4,175.61209148110234,117.07274391908497,nav2_filtered_map,-0.2983174647159723,-4.622902587223131,110.4351243,-7.0507768,272.041,18.042,22.825,3,1,8,0,0.9143,159.781,-0.858,0.316,-0.564,3.6325,180.0,-1.0,5.012,-10.741062678841203,/neo3/mag_heading_fusion,1,-17.4927,-33.252,-25.5371,45.42943466190175,1,-10.715639063627496,/imu/mag_heading_fusion+neo3_cross_align,1,-4501.0,7997.0,3887.0,-0.17462497596540189,0.83513947143167,0.8532009253242089,-10.710771039014713,logger_gyro_integral:neo3_calibrated_ros,1,-10.710771039014713,nan,62.391357421875014,0.0,,,,0.21068974609375,-0.12449848632812499,9.80665,9.815492709851519,,,,-0.0,-0.0,0.0,0.0,0.0,0.0,0.0,,,,0.6866455078125,1.1645507812500002,62.391357421875014,98623.352,36.60000000000002,,,,,,57,281,533,533,0,533,9448,ROS topics=74 messages=9448
ROS_TOPICS,119,1789500565853134950,2026-09-15T19:29:25.853135+00:00,1789500565853137953,7069102852170,1789500565800000000,1789500565,800000000,10403607,1789500565806675,1789500565800000,2,4,175.61404208857917,117.02148168661641,nav2_filtered_map,-0.15468309996609086,-4.8883315208559655,110.4351256,-7.0507792,270.901,18.049,22.825,3,1,8,0,0.9278,108.083,-0.288,0.882,1.17,4.1136,180.0,-1.0,5.014,-10.741062678841203,/neo3/mag_heading_fusion,1,-17.4927,-33.252,-25.5127,45.41572325285595,1,-10.656651275895499,/imu/mag_heading_fusion+neo3_cross_align,1,-4494.0,8001.0,3888.0,-0.17361259705829812,0.8357069515591314,0.8535499064153094,-10.710771039014713,logger_gyro_integral:neo3_calibrated_ros,1,-10.710771039014713,nan,62.391357421875014,0.0,,,,0.21068974609375,-0.1005564697265625,9.821015209960937,9.829577413394235,,,,-0.0,-0.0,0.0,0.0,0.0,0.0,0.0,,,,0.6866455078125,1.1645507812500002,62.391357421875014,98630.375,36.60000000000002,,,,,,58,284,537,537,0,537,9547,ROS topics=74 messages=9547
