source_mode,sample_seq,wall_utc_ns,utc_iso8601,ros_now_ns,monotonic_ns,measurement_stamp_ns,measurement_stamp_sec,measurement_stamp_nanosec,f411_mcu_ms,dronecan_network_us,dronecan_gnss_us,dronecan_time_standard,timestamp_source_code,x_m,y_m,xy_source,gnss_east_m,gnss_north_m,longitude_deg,latitude_deg,altitude_m,hacc_m,vacc_m,fix_type,fix_valid,satellites,satellites_visible,gnss_ground_speed_mps,gnss_course_deg,gnss_vel_n_mps,gnss_vel_e_mps,gnss_vel_d_mps,gnss_sacc_mps,gnss_course_acc_deg,gnss_pdop,gnss_rate_hz,yaw_neo3_deg,yaw_neo3_source,yaw_neo3_valid,neo3_mag_x_ut,neo3_mag_y_ut,neo3_mag_z_ut,neo3_mag_norm_ut,neo3_node_id,yaw_yahboom_deg,yaw_yahboom_source,yaw_yahboom_valid,yah_mag_raw_x_lsb,yah_mag_raw_y_lsb,yah_mag_raw_z_lsb,yah_mag_corrected_x,yah_mag_corrected_y,yahboom_corrected_norm,yaw_inertial_deg,yaw_inertial_source,yaw_inertial_valid,gyro_integrated_yaw_deg,yaw_gnss_heading_deg,yaw_imu_orientation_deg,map_yaw_from_enu_deg,imu_acc_raw_x,imu_acc_raw_y,imu_acc_raw_z,imu_acc_x_mps2,imu_acc_y_mps2,imu_acc_z_mps2,imu_acc_norm_mps2,imu_gyro_raw_x,imu_gyro_raw_y,imu_gyro_raw_z,imu_gyro_x_dps,imu_gyro_y_dps,imu_gyro_z_dps,imu_gyro_x_rps,imu_gyro_y_rps,imu_gyro_z_rps,gyro_z_rps,imu_angle_raw_roll,imu_angle_raw_pitch,imu_angle_raw_yaw,imu_roll_deg,imu_pitch_deg,imu_accgyro_yaw_deg,baro_pressure_pa,baro_temperature_k,neo3_crc_ok,yahboom_checksum_ok,bad_neo3_crc,bad_yahboom_checksum,f4_line_count,gnss_count,neo3_mag_count,imu_acc_count,imu_gyro_count,imu_angle_count,imu_mag_count,raw_message_count,raw_reference
ROS_TOPICS,1,1789500020726222765,2026-09-15T19:20:20.726223+00:00,1789500020726230109,6523975941213,1789500020726230109,1789500020,726230109,-1,-1,-1,-1,-1,nan,nan,gnss_local_enu_ros,nan,nan,nan,nan,nan,nan,nan,-1,0,-1,-1,nan,nan,nan,nan,nan,nan,nan,nan,nan,nan,neo3_calibrated_ros,0,nan,nan,nan,nan,-1,nan,yahboom_calibrated_ros,0,nan,nan,nan,nan,nan,nan,nan,logger_gyro_integral:none,0,nan,nan,nan,0.0,,,,nan,nan,nan,nan,,,,nan,nan,nan,nan,nan,nan,nan,,,,0.0,0.0,nan,nan,nan,,,,,,0,0,0,0,0,0,0,ROS topics=0 messages=0
ROS_TOPICS,2,1789500020826187749,2026-09-15T19:20:20.826188+00:00,1789500020826194547,6524075906052,1789500020826194547,1789500020,826194547,-1,-1,-1,-1,-1,nan,nan,gnss_local_enu_ros,nan,nan,nan,nan,nan,nan,nan,-1,0,-1,-1,nan,nan,nan,nan,nan,nan,nan,nan,nan,nan,neo3_calibrated_ros,0,nan,nan,nan,nan,-1,nan,yahboom_calibrated_ros,0,nan,nan,nan,nan,nan,nan,nan,logger_gyro_integral:none,0,nan,nan,nan,0.0,,,,nan,nan,nan,nan,,,,nan,nan,nan,nan,nan,nan,nan,,,,0.0,0.0,nan,nan,nan,,,,,,0,0,0,0,0,0,0,ROS topics=0 messages=0
ROS_TOPICS,3,1789500020926194697,2026-09-15T19:20:20.926195+00:00,1789500020926201895,6524175913089,1789500020926201895,1789500020,926201895,-1,-1,-1,-1,-1,nan,nan,gnss_local_enu_ros,nan,nan,nan,nan,nan,nan,nan,-1,0,-1,-1,nan,nan,nan,nan,nan,nan,nan,nan,nan,nan,neo3_calibrated_ros,0,nan,nan,nan,nan,-1,nan,yahboom_calibrated_ros,0,nan,nan,nan,nan,nan,nan,nan,logger_gyro_integral:none,0,nan,nan,nan,0.0,,,,nan,nan,nan,nan,,,,nan,nan,nan,nan,nan,nan,nan,,,,0.0,0.0,nan,nan,nan,,,,,,0,0,0,0,0,0,0,ROS topics=0 messages=0
ROS_TOPICS,4,1789500021026217843,2026-09-15T19:20:21.026218+00:00,1789500021026224455,6524275936226,1789500021026224455,1789500021,26224455,-1,-1,-1,-1,-1,nan,nan,gnss_local_enu_ros,nan,nan,nan,nan,nan,nan,nan,-1,0,-1,-1,nan,nan,nan,nan,nan,nan,nan,nan,nan,nan,neo3_calibrated_ros,0,nan,nan,nan,nan,-1,nan,yahboom_calibrated_ros,0,nan,nan,nan,nan,nan,nan,nan,logger_gyro_integral:none,0,nan,nan,nan,0.0,,,,nan,nan,nan,nan,,,,nan,nan,nan,nan,nan,nan,nan,,,,0.0,0.0,nan,nan,nan,,,,,,0,0,0,0,0,0,0,ROS topics=0 messages=0
ROS_TOPICS,5,1789500021312380382,2026-09-15T19:20:21.312380+00:00,1789500021312387673,6524562098082,1789500021312387673,1789500021,312387673,-1,-1,-1,-1,-1,nan,nan,gnss_local_enu_ros,nan,nan,nan,nan,nan,nan,nan,-1,0,-1,-1,nan,nan,nan,nan,nan,nan,nan,nan,nan,nan,neo3_calibrated_ros,0,nan,nan,nan,nan,-1,nan,yahboom_calibrated_ros,0,nan,nan,nan,nan,nan,nan,nan,logger_gyro_integral:none,0,nan,nan,nan,0.0,,,,nan,nan,nan,nan,,,,nan,nan,nan,nan,nan,nan,nan,,,,0.0,0.0,nan,nan,nan,,,,,,0,0,0,0,0,0,0,ROS topics=56 messages=0
ROS_TOPICS,6,1789500021326534420,2026-09-15T19:20:21.326535+00:00,1789500021326541926,6524576252802,1789500021326541926,1789500021,326541926,-1,-1,-1,-1,-1,nan,nan,gnss_local_enu_ros,nan,nan,nan,nan,nan,nan,nan,-1,0,-1,-1,nan,nan,nan,nan,nan,nan,nan,nan,nan,nan,neo3_calibrated_ros,0,nan,nan,nan,nan,-1,nan,yahboom_calibrated_ros,0,nan,nan,nan,nan,nan,nan,nan,logger_gyro_integral:none,0,nan,nan,nan,0.0,,,,nan,nan,nan,nan,,,,nan,nan,nan,nan,nan,nan,nan,,,,0.0,0.0,nan,nan,nan,,,,,,0,0,0,0,0,0,8,ROS topics=56 messages=8
ROS_TOPICS,7,1789500021430847877,2026-09-15T19:20:21.430848+00:00,1789500021430852409,6524680565776,1789500021430852409,1789500021,430852409,-1,-1,-1,-1,-1,171.2973818609563,106.74243598036132,nav2_filtered_map,nan,nan,nan,nan,nan,nan,nan,-1,0,-1,-1,nan,nan,nan,nan,nan,nan,nan,nan,nan,-5.373693946735246,/neo3/mag_heading_fusion,1,-14.294399999999998,-30.859399999999997,-27.539099999999998,43.76110680193086,-1,-9.556058570328084,/imu/mag_heading_fusion,1,-4112.0,7745.0,4549.0,-0.11920238683772069,0.800852541143996,0.8096752445793346,69.02212452111816,logger_gyro_integral:imu_orientation,1,69.02212452111816,nan,69.13696289062499,0.0,,,,-0.565031591796875,0.19632453613281248,9.897629663085937,9.921357630638818,,,,3.9062499999999996,17.27294921875,16.845703125,-0.06817692390602849,-0.30146983539696975,0.2940129843447479,0.2940129843447479,,,,5.509643554687498,-3.0541992187499982,69.13696289062499,98637.695,nan,,,,,,0,1,3,3,0,4,50,ROS topics=56 messages=50
ROS_TOPICS,8,1789500021526309781,2026-09-15T19:20:21.526310+00:00,1789500021526314010,6524776027378,1789500021400000000,1789500021,400000000,-1,-1,-1,-1,4,171.28641466381694,106.69618351849213,nav2_filtered_map,-0.0,0.0,110.4350955,-7.0508647,255.36100000000002,12.068,13.752,3,1,10,-1,0.2456,205.313,-0.222,-0.105,-0.28,2.3914,180.0,2.75,5.01,-5.302125353499084,/neo3/mag_heading_fusion,1,-14.209,-30.3711,-28.0029,43.685945161115605,-1,-8.250759552710662,/imu/mag_heading_fusion,1,-3971.0,7734.0,4678.0,-0.09897173695381777,0.7995746899720546,0.8056767897609829,-6.897090398334369,logger_gyro_integral:neo3_calibrated_ros,1,-6.897090398334369,nan,68.11523437500001,0.0,,,,-0.9528922607421875,-1.1013327636718748,9.303867651367186,9.42282888232865,,,,7.99560546875,-9.460449218749998,-24.597167968749996,-0.13954964112015208,0.16511598758491275,-0.42930156772077316,-0.42930156772077316,,,,6.410522460937502,-2.845458984375,68.11523437500001,98635.867,nan,,,,,,1,4,9,9,0,10,158,ROS topics=56 messages=158
ROS_TOPICS,9,1789500021658181599,2026-09-15T19:20:21.658182+00:00,1789500021658188472,6524907899636,1789500021400000000,1789500021,400000000,-1,-1,-1,-1,4,171.27852007454112,106.7217696817637,nav2_filtered_map,-0.0,0.0,110.4350955,-7.0508647,255.36100000000002,12.068,13.752,3,1,10,-1,0.2456,205.313,-0.222,-0.105,-0.28,2.3914,180.0,2.75,5.01,-7.459488850672603,/neo3/mag_heading_fusion,1,-15.2466,-30.127,-28.2227,44.00699644204317,-1,-10.356435068409695,/imu/mag_heading_fusion,1,-4183.0,7657.0,4715.0,-0.12955447676648174,0.7885144101140833,0.7990865644020037,-7.737970362872944,logger_gyro_integral:neo3_calibrated_ros,1,-7.737970362872944,nan,66.84631347656249,0.0,,,,0.033518823242187495,-1.8722656982421875,9.80665,9.989638223998988,,,,-7.4462890625,-11.16943359375,9.3994140625,0.12996226119586682,0.19494339179380024,0.16405072314888106,0.16405072314888106,,,,6.619262695312501,-4.163818359374999,66.84631347656249,98637.086,nan,,,,,,1,6,14,14,0,15,224,ROS topics=74 messages=224
ROS_TOPICS,10,1789500021726617777,2026-09-15T19:20:21.726618+00:00,1789500021726623737,6524976335704,1789500021600000000,1789500021,600000000,-1,-1,-1,-1,4,171.27487295690213,106.67874730391931,nav2_filtered_map,0.04419505630024004,0.022119093302192406,110.4350959,-7.0508645,255.431,12.005,13.675,3,1,10,-1,0.0959,120.041,-0.048,0.083,-0.272,2.1158,180.0,2.75,5.0,-5.2623901624537694,/neo3/mag_heading_fusion,1,-14.209,-30.5664,-27.5879,43.55792369213666,-1,-9.671877849322225,/imu/mag_heading_fusion,1,-4117.0,7698.0,4636.0,-0.12000339314527353,0.7943209370506613,0.8033346534311959,-5.017514110553609,logger_gyro_integral:neo3_calibrated_ros,1,-5.017514110553609,nan,69.4720458984375,0.0,,,,-0.9193734375,-0.5410895751953124,9.945513696289062,10.008229711470559,,,,0.6103515625,10.620117187499998,28.930664062500004,-0.010652644360316953,-0.18535601186951495,0.5049353426790236,0.5049353426790236,,,,5.586547851562499,-3.8671875000000004,69.4720458984375,98632.812,35.60000000000002,,,,,,2,9,19,19,0,20,323,ROS topics=74 messages=323
ROS_TOPICS,11,1789500021826398835,2026-09-15T19:20:21.826399+00:00,1789500021826401699,6525076116093,1789500021600000000,1789500021,600000000,9859399,1789500021608208,1789500021600000,2,4,171.2661204089577,106.701773836393,nav2_filtered_map,0.04419505630024004,0.022119093302192406,110.4350959,-7.0508645,255.431,12.005,13.675,3,1,10,0,0.0959,120.041,-0.048,0.083,-0.272,2.1158,180.0,-1.0,5.005,-3.3106463493724405,/neo3/mag_heading_fusion,1,-13.2446,-30.6152,-28.0518,43.584554413691095,1,-7.4409969631672555,/imu/mag_heading_fusion,1,-3883.0,7717.0,4602.0,-0.08636339586634977,0.7973706384835572,0.802034021261719,-4.352668041217673,logger_gyro_integral:neo3_calibrated_ros,1,-4.352668041217673,nan,70.51025390625001,0.0,,,,-0.7422025146484375,-0.9337386474609375,12.023680737304687,12.088422709169091,,,,1.2817382812499998,7.9345703125,-10.864257812500002,-0.0223705531566656,-0.1384843766841204,-0.18961706961364178,-0.18961706961364178,,,,6.30615234375,-3.3123779296875004,70.51025390625001,98633.422,35.60000000000002,,,,,,2,11,24,24,0,25,396,ROS topics=74 messages=396
ROS_TOPICS,12,1789500021926437175,2026-09-15T19:20:21.926437+00:00,1789500021926443558,6525176155459,1789500021800000000,1789500021,800000000,9859599,1789500021808313,1789500021800000,2,4,171.2677595620408,106.65431912433544,nav2_filtered_map,0.08839011277513074,-1.1062092214464414e-10,110.4350963,-7.0508647,255.411,11.932,13.592,3,1,10,0,0.0689,13.430999999999997,0.067,0.016,-0.044,0.9089,180.0,-1.0,5.004,-5.247900952452267,/neo3/mag_heading_fusion,1,-14.1724,-30.2734,-28.2959,43.79490411143744,1,-7.957618656719115,/imu/mag_heading_fusion,1,-3932.0,7672.0,4660.0,-0.09348004026622167,0.7910389731373701,0.7965432662137063,-6.530164885944238,logger_gyro_integral:neo3_calibrated_ros,1,-6.530164885944238,nan,68.3624267578125,0.0,,,,-0.39743747558593745,-1.3407529296874998,9.662997900390625,9.769424254092733,,,,4.0283203125,-7.080078125000001,-18.49365234375,-0.07030745277809189,0.12357067457967666,-0.3227751241176037,-0.3227751241176037,,,,6.751098632812501,-3.186035156250001,68.3624267578125,98631.594,35.60000000000002,,,,,,3,14,29,29,0,30,498,ROS topics=74 messages=498
ROS_TOPICS,13,1789500022026561432,2026-09-15T19:20:22.026561+00:00,1789500022026568420,6525276279576,1789500021800000000,1789500021,800000000,9859599,1789500021808313,1789500021800000,2,4,171.25949777104907,106.67512266977747,nav2_filtered_map,0.08839011277513074,-1.1062092214464414e-10,110.4350963,-7.0508647,255.411,11.932,13.592,3,1,10,0,0.0689,13.430999999999997,0.067,0.016,-0.044,0.9089,180.0,-1.0,5.004,-6.060898462749547,/neo3/mag_heading_fusion,1,-14.5874,-30.3955,-28.0273,43.84299492849456,1,-9.355849045452475,/imu/mag_heading_fusion,1,-4077.0,7656.0,4582.0,-0.11433279427078201,0.7885626367529932,0.7968080194931513,-6.443275466327539,logger_gyro_integral:neo3_calibrated_ros,1,-6.443275466327539,nan,68.18115234375001,0.0,,,,-0.2920926025390625,-1.3359645263671873,9.777919580078125,9.878862530433954,,,,-23.01025390625,10.375976562499998,14.953613281250002,0.40160469238394914,-0.18109495412538817,0.26098978682776536,0.26098978682776536,,,,5.828247070312499,-3.2135009765624996,68.18115234375001,98633.727,35.60000000000002,,,,,,3,16,34,34,0,35,567,ROS topics=74 messages=567
ROS_TOPICS,14,1789500022128011558,2026-09-15T19:20:22.128011+00:00,1789500022128017064,6525377729129,1789500022000000000,1789500022,0,9859807,1789500022016183,1789500022000000,2,4,171.26371300306533,106.62662581951786,nav2_filtered_map,0.0994388749976121,-0.02211909284417018,110.4350964,-7.0508649,255.321,11.864,13.514,3,1,10,0,0.1887,9.762,0.186,0.032,-0.022,1.1439,180.0,-1.0,4.975,-2.929866485729894,/neo3/mag_heading_fusion,1,-13.0981,-31.2988,-27.2217,43.49937994891421,1,-7.356298168205938,/imu/mag_heading_fusion,1,-3879.0,7760.0,4427.0,-0.08571306393379066,0.8033453478788934,0.80790499273589,-4.460703751727929,logger_gyro_integral:neo3_calibrated_ros,1,-4.460703751727929,nan,70.30151367187501,0.0,,,,-0.6416460449218749,-0.4213794921875,9.447519750976562,9.484354534657097,,,,1.89208984375,7.751464843749999,15.0146484375,-0.03302319751698255,-0.13528858337602528,0.262055051263797,0.262055051263797,,,,4.498901367187501,-1.8951416015625002,70.30151367187501,98636.477,35.60000000000002,,,,,,4,19,39,39,0,40,670,ROS topics=74 messages=670
ROS_TOPICS,15,1789500022226405676,2026-09-15T19:20:22.226406+00:00,1789500022226407512,6525476122909,1789500022000000000,1789500022,0,9859807,1789500022016183,1789500022000000,2,4,171.25501703090893,106.64476532982852,nav2_filtered_map,0.0994388749976121,-0.02211909284417018,110.4350964,-7.0508649,255.321,11.864,13.514,3,1,10,0,0.1887,9.762,0.186,0.032,-0.022,1.1439,180.0,-1.0,4.975,-2.7709350309832104,/neo3/mag_heading_fusion,1,-13.0005,-31.0059,-27.5635,43.47557207570706,1,-6.31445672043816,/imu/mag_heading_fusion,1,-3769.0,7768.0,4404.0,-0.0699010336058229,0.8046496750052264,0.8076801681267028,-5.723093962238182,logger_gyro_integral:neo3_calibrated_ros,1,-5.723093962238182,nan,69.356689453125,0.0,,,,-0.7948749511718749,-0.8667010009765624,9.351751684570312,9.431097447698052,,,,13.916015624999998,-9.58251953125,-29.968261718749996,-0.2428802914152265,0.16724651645697616,-0.5230448380915623,-0.5230448380915623,,,,5.526123046875001,-2.2027587890625004,69.356689453125,98636.781,35.60000000000002,,,,,,4,21,44,44,0,45,741,ROS topics=74 messages=741
ROS_TOPICS,16,1789500022326572495,2026-09-15T19:20:22.326573+00:00,1789500022326579605,6525576290893,1789500022200000000,1789500022,200000000,9859998,1789500022207243,1789500022200000,2,4,171.26600228363094,106.60388179401582,nav2_filtered_map,0.15468269479571778,0.04423818527563814,110.4350969,-7.0508643,255.291,11.795,13.435,3,1,10,0,0.1442,2.7830000000000013,0.144,0.007,-0.161,1.2539,180.0,-1.0,5.014,-7.184682490708854,/neo3/mag_heading_fusion,1,-15.1367,-30.3223,-27.9053,43.900652982273506,1,-9.176900822338235,/imu/mag_heading_fusion,1,-4062.0,7682.0,4537.0,-0.11213266274616675,0.7921974483150553,0.8000940764506573,-8.280451468891016,logger_gyro_integral:neo3_calibrated_ros,1,-8.280451468891016,nan,66.51123046875001,0.0,,,,0.3447650390625,-1.5753846923828123,9.926360083007811,10.06235086255548,,,,-7.32421875,-13.24462890625,-11.3525390625,0.12783173232380343,0.23116238261887787,-0.19813918510189532,-0.19813918510189532,,,,6.2237548828125,-3.240966796875,66.51123046875001,98632.203,35.60000000000002,,,,,,5,24,49,49,0,50,842,ROS topics=74 messages=842
ROS_TOPICS,17,1789500022426408688,2026-09-15T19:20:22.426409+00:00,1789500022426411471,6525676126145,1789500022200000000,1789500022,200000000,9859998,1789500022207243,1789500022200000,2,4,171.25852167704167,106.62026633516378,nav2_filtered_map,0.15468269479571778,0.04423818527563814,110.4350969,-7.0508643,255.291,11.795,13.435,3,1,10,0,0.1442,2.7830000000000013,0.144,0.007,-0.161,1.2539,180.0,-1.0,5.014,-6.796108113937408,/neo3/mag_heading_fusion,1,-15.0146,-30.8838,-27.124,43.760240991109725,1,-10.207552574886364,/imu/mag_heading_fusion,1,-4183.0,7751.0,4367.0,-0.1293886383715594,0.801559975918314,0.8119358439764894,-6.581213116840234,logger_gyro_integral:neo3_calibrated_ros,1,-6.581213116840234,nan,67.97790527343751,0.0,,,,-0.55545478515625,0.19153613281249998,9.964667309570311,9.98764594524534,,,,-16.29638671875,18.4326171875,26.2451171875,0.28442560442046266,-0.32170985968157195,0.45806370749362896,0.45806370749362896,,,,4.262695312500002,-2.6971435546875004,67.97790527343751,98631.898,35.60000000000002,,,,,,5,26,54,54,0,55,912,ROS topics=74 messages=912
ROS_TOPICS,18,1789500022526406222,2026-09-15T19:20:22.526406+00:00,1789500022526410613,6525776124118,1789500022400000000,1789500022,400000000,9860198,1789500022406351,1789500022400000,2,4,171.2721338962068,106.57802819847895,nav2_filtered_map,0.17678021924377302,0.022119092321736936,110.4350971,-7.0508645,255.20000000000002,11.726,13.36,3,1,10,0,0.0506,99.09,-0.008,0.05,-0.171,2.0387,180.0,-1.0,5.012,-4.153675842209017,/neo3/mag_heading_fusion,1,-13.7085,-31.1768,-27.1973,43.584503642693925,1,-7.814473765154672,/imu/mag_heading_fusion,1,-3936.0,7826.0,4314.0,-0.09378281726474139,0.812404438884943,0.8177996020627981,-5.877343247577539,logger_gyro_integral:neo3_calibrated_ros,1,-5.877343247577539,nan,69.027099609375,0.0,,,,-1.0678139404296874,-0.4165910888671875,9.414000927734374,9.489148490581817,,,,19.6533203125,-5.7373046875,-11.8408203125,-0.34301514840220587,0.10013485698697935,-0.20666130059014887,-0.20666130059014887,,,,4.614257812499999,-2.0819091796874996,69.027099609375,98635.25,35.60000000000002,,,,,,6,29,59,59,0,60,1020,ROS topics=74 messages=1020
ROS_TOPICS,19,1789500022628081076,2026-09-15T19:20:22.628081+00:00,1789500022628086077,6525877798593,1789500022400000000,1789500022,400000000,9860198,1789500022406351,1789500022400000,2,4,171.26450865256055,106.59196214812542,nav2_filtered_map,0.17678021924377302,0.022119092321736936,110.4350971,-7.0508645,255.20000000000002,11.726,13.36,3,1,10,0,0.0506,99.09,-0.008,0.05,-0.171,2.0387,180.0,-1.0,5.012,-6.236246997208684,/neo3/mag_heading_fusion,1,-14.6973,-30.5908,-27.6611,43.782920472942415,1,-9.127012612739904,/imu/mag_heading_fusion,1,-4065.0,7738.0,4412.0,-0.1124647176705659,0.7999639820368868,0.8078308518972475,-7.9488138824652355,logger_gyro_integral:neo3_calibrated_ros,1,-7.9488138824652355,nan,66.85180664062501,0.0,,,,-0.16280571289062498,-2.346317626953125,10.050858569335936,10.32814515702753,,,,-3.72314453125,-11.04736328125,-14.7705078125,0.06498113059793341,0.19281286292173686,-0.25779399351967025,-0.25779399351967025,,,,5.712890625000001,-3.1256103515625013,66.85180664062501,98637.391,35.60000000000002,,,,,,6,31,64,64,0,65,1091,ROS topics=74 messages=1091
ROS_TOPICS,20,1789500022726354223,2026-09-15T19:20:22.726354+00:00,1789500022726357745,6525976071752,1789500022600000000,1789500022,600000000,9860399,1789500022608269,1789500022600000,2,4,171.29431709947275,106.56819411011104,nav2_filtered_map,0.32041415915134297,0.17695274412567397,110.4350984,-7.0508631,255.401,11.662,13.29,3,1,10,0,0.1787,121.73399999999998,-0.094,0.152,-0.475,2.1149,180.0,-1.0,5.006,-6.2720942081058775,/neo3/mag_heading_fusion,1,-14.7583,-30.957,-26.7334,43.48353646439075,1,-10.011265265150916,/imu/mag_heading_fusion,1,-4164.0,7764.0,4272.0,-0.12663697225604093,0.8033976704391494,0.8133171211828935,-6.771883509967678,logger_gyro_integral:neo3_calibrated_ros,1,-6.771883509967678,nan,67.79113769531249,0.0,,,,0.13407529296874998,0.15322890625,9.65342109375,9.661327381183959,,,,-16.54052734375,16.845703125,24.291992187499996,0.28868666216458944,-0.2940129843447479,0.42397524554061466,0.42397524554061466,,,,4.1912841796875,-2.48291015625,67.79113769531249,98633.117,35.60000000000002,,,,,,7,34,69,69,0,70,1194,ROS topics=74 messages=1194
ROS_TOPICS,21,1789500022826536183,2026-09-15T19:20:22.826536+00:00,1789500022826538134,6526076253447,1789500022600000000,1789500022,600000000,9860399,1789500022608269,1789500022600000,2,4,171.2875961382126,106.58048915181658,nav2_filtered_map,0.32041415915134297,0.17695274412567397,110.4350984,-7.0508631,255.401,11.662,13.29,3,1,10,0,0.1787,121.73399999999998,-0.094,0.152,-0.475,2.1149,180.0,-1.0,5.006,-4.085955672071936,/neo3/mag_heading_fusion,1,-13.6841,-31.2988,-26.8066,43.42192162733013,1,-7.954439516774661,/imu/mag_heading_fusion,1,-3953.0,7841.0,4279.0,-0.09619784986539527,0.8144561860588768,0.8201176167649961,-5.68459656386172,logger_gyro_integral:neo3_calibrated_ros,1,-5.68459656386172,nan,69.16442871093749,0.0,,,,-1.1923124267578125,0.5698199951171875,9.375693701171874,9.47388088906658,,,,14.160156250000002,-5.0048828125,-6.958007812499999,-0.24714134915935332,0.08735168375459901,-0.12144014570761325,-0.12144014570761325,,,,4.1033935546875,-2.032470703124999,69.16442871093749,98634.336,35.60000000000002,,,,,,7,36,74,74,0,75,1268,ROS topics=74 messages=1268
ROS_TOPICS,22,1789500022926511057,2026-09-15T19:20:22.926511+00:00,1789500022926517225,6526176228934,1789500022800000000,1789500022,800000000,9860598,1789500022807176,1789500022800000,2,4,171.31415329999334,106.54542414326022,nav2_filtered_map,0.30936538871354113,0.08847636966905674,110.4350983,-7.0508639,255.25,11.597,13.219,3,1,10,0,0.0598,339.4440000000001,0.056,-0.021,0.006,1.2839,180.0,-1.0,5.009,-6.773176279270423,/neo3/mag_heading_fusion,1,-14.9414,-30.3955,-27.3438,43.52947567625872,1,-8.854195474065907,/imu/mag_heading_fusion,1,-4039.0,7760.0,4361.0,-0.10869185145672436,0.8030630697598767,0.810385224806849,-7.778052242572659,logger_gyro_integral:neo3_calibrated_ros,1,-7.778052242572659,nan,67.0220947265625,0.0,,,,-0.699106884765625,-2.6719290527343746,10.17056865234375,10.544583758186883,,,,3.4179687499999996,-18.798828125,-18.920898437499996,-0.05965480841777493,0.3281014462977621,-0.3302319751698255,-0.3302319751698255,,,,5.42724609375,-3.4112548828125,67.0220947265625,98633.117,35.60000000000002,,,,,,8,39,79,79,0,80,1369,ROS topics=74 messages=1369
ROS_TOPICS,23,1789500023026563619,2026-09-15T19:20:23.026564+00:00,1789500023026570650,6526276281788,1789500022800000000,1789500022,800000000,9860598,1789500022807176,1789500022800000,2,4,171.30826113746488,106.55580789973558,nav2_filtered_map,0.30936538871354113,0.08847636966905674,110.4350983,-7.0508639,255.25,11.597,13.219,3,1,10,0,0.0598,339.4440000000001,0.056,-0.021,0.006,1.2839,180.0,-1.0,5.009,-7.262290034200256,/neo3/mag_heading_fusion,1,-15.2344,-30.7617,-26.9043,43.614338109617115,1,-10.652518188967049,/imu/mag_heading_fusion,1,-4231.0,7751.0,4370.0,-0.1362822746284395,0.801475292482609,0.8129793987783361,-6.751289574787015,logger_gyro_integral:neo3_calibrated_ros,1,-6.751289574787015,nan,67.69775390624999,0.0,,,,0.2154781494140625,-0.7565677246093749,9.662997900390625,9.700790088109944,,,,-19.4091796875,22.277832031250004,27.832031249999996,0.3387540906580791,-0.3888215191515688,0.485760582830453,0.485760582830453,,,,4.361572265624998,-3.44970703125,67.69775390624999,98633.117,35.60000000000002,,,,,,8,41,84,84,0,85,1439,ROS topics=74 messages=1439
ROS_TOPICS,24,1789500023128454476,2026-09-15T19:20:23.128454+00:00,1789500023128458627,6526378171872,1789500023000000000,1789500023,0,9860807,1789500023015285,1789500023000000,2,4,171.3286019945644,106.51046086277861,nav2_filtered_map,0.265170323001308,-0.01105954651827392,110.4350979,-7.0508648,255.02100000000002,11.533,13.143,3,1,10,0,0.3009,325.835,0.249,-0.169,-0.046,0.969,180.0,-1.0,4.975,-3.776886894997454,/neo3/mag_heading_fusion,1,-13.5254,-31.2744,-26.709,43.29428624564678,1,-7.993449657017144,/imu/mag_heading_fusion,1,-3959.0,7855.0,4247.0,-0.09703485506209132,0.8163885572385545,0.8221350494213038,-5.687208094318265,logger_gyro_integral:neo3_calibrated_ros,1,-5.687208094318265,nan,69.42260742187501,0.0,,,,-1.2401964599609374,0.033518823242187495,9.3852705078125,9.472478328018415,,,,16.174316406250004,-3.7841796875,-13.427734375,-0.2822950755483993,0.0660463950339651,-0.23435817592697294,-0.23435817592697294,,,,4.2572021484375,-2.2741699218750004,69.42260742187501,98634.641,35.60000000000002,,,,,,9,44,89,89,0,90,1542,ROS topics=74 messages=1542
ROS_TOPICS,25,1789500023227665501,2026-09-15T19:20:23.227665+00:00,1789500023227667706,6526477382789,1789500023000000000,1789500023,0,9860807,1789500023015285,1789500023000000,2,4,171.3229529093286,106.5184500788641,nav2_filtered_map,0.265170323001308,-0.01105954651827392,110.4350979,-7.0508648,255.02100000000002,11.533,13.143,3,1,10,0,0.3009,325.835,0.249,-0.169,-0.046,0.969,180.0,-1.0,4.975,-5.698329593918994,/neo3/mag_heading_fusion,1,-14.4287,-30.5908,-27.3926,43.52400444685668,1,-8.943558055683457,/imu/mag_heading_fusion,1,-4048.0,7756.0,4298.0,-0.1099914652078648,0.8024920611559275,0.8099948337099823,-7.813466988544338,logger_gyro_integral:neo3_calibrated_ros,1,-7.813466988544338,nan,67.14843749999997,0.0,,,,-0.3112462158203125,-2.4660277099609376,10.175357055664062,10.480289415554452,,,,2.3193359375,-22.277832031250004,-12.329101562499998,-0.04048004856920442,0.3888215191515688,-0.2151834160784024,-0.2151834160784024,,,,5.592041015624999,-3.5595703124999996,67.14843749999997,98631.594,35.60000000000002,,,,,,9,46,94,94,0,95,1614,ROS topics=74 messages=1614
ROS_TOPICS,26,1789500023327022707,2026-09-15T19:20:23.327023+00:00,1789500023327025366,6526576740080,1789500023200000000,1789500023,200000000,9860999,1789500023207453,1789500023200000,2,4,171.3546198715481,106.49411762576746,nav2_filtered_map,0.37565796699677145,0.15483364534122673,110.4350989,-7.0508633,255.181,11.462,13.072,3,1,10,0,0.024,106.928,-0.007,0.023,-0.454,2.2044,180.0,-1.0,5.01,-6.911972555321832,/neo3/mag_heading_fusion,1,-15.0513,-30.7129,-26.9043,43.51626381699146,1,-10.156485759251428,/imu/mag_heading_fusion,1,-4178.0,7754.0,4308.0,-0.12866525854673616,0.8019851449543491,0.8122406795306099,-6.231410701007718,logger_gyro_integral:neo3_calibrated_ros,1,-6.231410701007718,nan,68.45581054687501,0.0,,,,-0.15322890625,-0.316034619140625,9.595960253906249,9.608148024717062,,,,-19.775390625,28.80859375,27.77099609375,0.34514567727426926,-0.5028048138069602,0.4846953183944213,0.4846953183944213,,,,4.130859375000001,-3.372802734375,68.45581054687501,98629.758,35.60000000000002,,,,,,10,49,99,99,0,100,1715,ROS topics=74 messages=1715
ROS_TOPICS,27,1789500023426280744,2026-09-15T19:20:23.426281+00:00,1789500023426287134,6526675998117,1789500023200000000,1789500023,200000000,9860999,1789500023207453,1789500023200000,2,4,171.34993370170875,106.50053483712934,nav2_filtered_map,0.37565796699677145,0.15483364534122673,110.4350989,-7.0508633,255.181,11.462,13.072,3,1,10,0,0.024,106.928,-0.007,0.023,-0.454,2.2044,180.0,-1.0,5.01,-3.5359055043832814,/neo3/mag_heading_fusion,1,-13.4033,-31.2744,-26.6357,43.21107567210055,1,-7.212554071734587,/imu/mag_heading_fusion,1,-3870.0,7816.0,4166.0,-0.08432170979396979,0.8111330524596511,0.8155041260073976,-5.056880752094142,logger_gyro_integral:neo3_calibrated_ros,1,-5.056880752094142,nan,70.02685546875001,0.0,,,,-0.8283937744140625,0.2825157958984375,9.323021264648437,9.36962676148419,,,,18.49365234375,-2.74658203125,-7.873535156250001,-0.3227751241176037,0.04793689962142629,-0.1374191122480887,-0.1374191122480887,,,,4.3560791015625,-1.9226074218750002,70.02685546875001,98632.812,35.60000000000002,,,,,,10,51,104,104,0,105,1783,ROS topics=74 messages=1783
ROS_TOPICS,28,1789500023526610920,2026-09-15T19:20:23.526611+00:00,1789500023526612864,6526776328167,1789500023400000000,1789500023,400000000,9861198,1789500023406765,1789500023400000,2,4,171.3869209606166,106.47822840073513,nav2_filtered_map,0.44195054136987055,0.17695273316832744,110.4350995,-7.0508631,255.04,11.402,13.005,3,1,10,0,0.1068,44.621,0.076,0.075,0.21,2.4543,180.0,-1.0,5.013,-5.149760507203623,/neo3/mag_heading_fusion,1,-14.1602,-30.6396,-27.6611,43.63980757760052,1,-8.267075710619459,/imu/mag_heading_fusion,1,-3973.0,7736.0,4409.0,-0.09925544332136672,0.799848726725444,0.8059836404501243,-7.191356006549709,logger_gyro_integral:neo3_calibrated_ros,1,-7.191356006549709,nan,67.8131103515625,0.0,,,,-0.4213794921875,-2.384624853515625,10.223241088867187,10.51186206301987,,,,0.9765624999999999,-22.399902343750004,-17.15087890625,-0.017044230976507122,0.3909520480236322,-0.29933930652490637,-0.29933930652490637,,,,5.674438476562498,-3.284912109374999,67.8131103515625,98634.336,35.60000000000002,,,,,,11,54,109,109,0,110,1889,ROS topics=74 messages=1889
ROS_TOPICS,29,1789500023630713085,2026-09-15T19:20:23.630713+00:00,1789500023630717374,6526880430775,1789500023400000000,1789500023,400000000,9861198,1789500023406765,1789500023400000,2,4,171.383227930145,106.48307030764006,nav2_filtered_map,0.44195054136987055,0.17695273316832744,110.4350995,-7.0508631,255.04,11.402,13.005,3,1,10,0,0.1068,44.621,0.076,0.075,0.21,2.4543,180.0,-1.0,5.013,-6.736012186457602,/neo3/mag_heading_fusion,1,-14.9658,-30.7373,-27.2217,43.701003785039084,1,-9.703257123151062,/imu/mag_heading_fusion,1,-4127.0,7740.0,4308.0,-0.121365469359215,0.800132164495645,0.8092842873881022,-5.928468691730372,logger_gyro_integral:neo3_calibrated_ros,1,-5.928468691730372,nan,68.74694824218753,0.0,,,,-0.1388636962890625,-0.16759411621093748,9.821015209960937,9.829180965138582,,,,-20.1416015625,23.681640625,28.137207031249996,0.3515372638904594,-0.41332260118029773,0.4910869050106115,0.4910869050106115,,,,4.174804687500001,-3.2135009765625018,68.74694824218753,98630.984,35.60000000000002,,,,,,11,56,114,114,0,115,1962,ROS topics=74 messages=1962
ROS_TOPICS,30,1789500023726252402,2026-09-15T19:20:23.726252+00:00,1789500023726254292,6526975969665,1789500023600000000,1789500023,600000000,9861399,1789500023608309,1789500023600000,2,4,171.43286304977246,106.47810630836621,nav2_filtered_map,0.5745357070504371,0.32072683023978105,110.4351007,-7.0508618,255.061,11.336,12.942,3,1,10,0,0.227,43.751,0.164,0.157,0.062,1.7382,180.0,-1.0,5.007,-2.6134050133334212,/neo3/mag_heading_fusion,1,-12.9517,-31.543,-26.6602,43.283641782202196,1,-6.888968022639675,/imu/mag_heading_fusion,1,-3841.0,7870.0,4178.0,-0.08006153569026989,0.8186784765754087,0.8225839151751732,-4.162981726154202,logger_gyro_integral:neo3_calibrated_ros,1,-4.162981726154202,nan,70.8563232421875,0.0,,,,-1.1635820068359375,0.6607996582031249,9.552864624023437,9.651644673098655,,,,12.63427734375,-0.12207031249999999,0.24414062499999997,-0.22050973825856093,0.0021305288720633903,0.0042610577441267805,0.0042610577441267805,,,,3.6694335937500004,-1.7962646484375004,70.8563232421875,98630.68,35.60000000000002,,,,,,12,59,119,119,0,120,2064,ROS topics=74 messages=2064
ROS_TOPICS,31,1789500023828170763,2026-09-15T19:20:23.828171+00:00,1789500023828172796,6527077888062,1789500023600000000,1789500023,600000000,9861399,1789500023608309,1789500023600000,2,4,171.43037575277424,106.48177725811618,nav2_filtered_map,0.5745357070504371,0.32072683023978105,110.4351007,-7.0508618,255.061,11.336,12.942,3,1,10,0,0.227,43.751,0.164,0.157,0.062,1.7382,180.0,-1.0,5.007,-3.3341852957788105,/neo3/mag_heading_fusion,1,-13.2812,-30.9814,-27.3926,43.43491630197991,1,-6.921692260287627,/imu/mag_heading_fusion,1,-3835.0,7781.0,4291.0,-0.07935684836186294,0.8063374092753343,0.8102330078309483,-5.985346792926662,logger_gyro_integral:neo3_calibrated_ros,1,-5.985346792926662,nan,69.08752441406251,0.0,,,,-0.19632453613281248,-2.1835119140624997,9.734823950195311,9.984398225228613,,,,15.44189453125,-14.7705078125,-16.9677734375,-0.2695119023160189,0.25779399351967025,-0.29614351321681126,-0.29614351321681126,,,,5.454711914062498,-2.61474609375,69.08752441406251,98632.508,35.60000000000002,,,,,,12,61,124,124,0,125,2138,ROS topics=74 messages=2138
ROS_TOPICS,32,1789500023927130316,2026-09-15T19:20:23.927130+00:00,1789500023927132523,6527176847708,1789500023800000000,1789500023,800000000,9861598,1789500023807240,1789500023800000,2,4,171.4823405467636,106.47543315753829,nav2_filtered_map,0.6297795287604833,0.32072683220343073,110.4351012,-7.0508618,255.11100000000002,11.286,12.879,3,1,10,0,0.2093,206.075,-0.188,-0.092,-0.748,2.5062,180.0,-1.0,5.01,-4.973494482294606,/neo3/mag_heading_fusion,1,-14.0747,-30.6641,-27.5391,43.55210945189682,1,-8.284335597021773,/imu/mag_heading_fusion,1,-3971.0,7707.0,4399.0,-0.09901937138640185,0.7958275593687117,0.8019640516634886,-5.047597929950586,logger_gyro_integral:neo3_calibrated_ros,1,-5.047597929950586,nan,69.69726562499997,0.0,,,,-0.21068974609375,-1.2641384765625,10.01733974609375,10.104773575795656,,,,-22.15576171875,23.681640625,25.024414062500004,0.3866909902795054,-0.41332260118029773,0.4367584187729951,0.4367584187729951,,,,4.801025390624998,-2.8839111328124987,69.69726562499997,98634.031,35.60000000000002,,,,,,13,64,129,129,0,130,2239,ROS topics=74 messages=2239
ROS_TOPICS,33,1789500024027299607,2026-09-15T19:20:24.027300+00:00,1789500024027302043,6527277017315,1789500023800000000,1789500023,800000000,9861598,1789500023807240,1789500023800000,2,4,171.48133853317526,106.47807887296594,nav2_filtered_map,0.6297795287604833,0.32072683220343073,110.4351012,-7.0508618,255.11100000000002,11.286,12.879,3,1,10,0,0.2093,206.075,-0.188,-0.092,-0.748,2.5062,180.0,-1.0,5.01,-1.6020047536570843,/neo3/mag_heading_fusion,1,-12.4329,-31.4453,-26.9043,43.211401886423445,1,-5.4576321320617,/imu/mag_heading_fusion,1,-3681.0,7805.0,4165.0,-0.05719742365318674,0.8099398847234148,0.8119569952518055,-3.4101908163641603,logger_gyro_integral:neo3_calibrated_ros,1,-3.4101908163641603,nan,71.72424316406249,0.0,,,,-0.9050082275390624,0.5219359619140624,9.5384994140625,9.601119351908885,,,,6.591796875,4.7607421875,-0.54931640625,-0.11504855909142309,-0.08309062601047223,-0.009587379924285258,-0.009587379924285258,,,,4.010009765624999,-0.9173583984374994,71.72424316406249,98637.391,35.60000000000002,,,,,,13,66,134,134,0,135,2308,ROS topics=74 messages=2308
ROS_TOPICS,34,1789500024130956280,2026-09-15T19:20:24.130956+00:00,1789500024130962363,6527380673759,1789500024000000000,1789500024,0,9861805,1789500024013940,1789500024000000,2,4,171.52759922208972,106.4593240080653,nav2_filtered_map,0.6187307400255277,0.2211909089351074,110.4351011,-7.0508627,254.86,11.236,12.821,3,1,10,0,0.0979,40.03,0.075,0.063,0.186,2.5541,180.0,-1.0,4.983,-1.3162874434130956,/neo3/mag_heading_fusion,1,-12.2864,-31.3965,-27.0996,43.25603030064132,1,-4.791638971723743,/imu/mag_heading_fusion,1,-3609.0,7791.0,4240.0,-0.04688166860328054,0.8081239532678316,0.8094826833825763,-4.626868516193262,logger_gyro_integral:neo3_calibrated_ros,1,-4.626868516193262,nan,70.66406249999999,0.0,,,,-0.5410895751953124,-0.9193734375,9.591171850585937,9.656052166343654,,,,2.13623046875,-16.2353515625,-26.55029296875,-0.03728425526110933,0.28336033998443094,-0.46339002967378745,-0.46339002967378745,,,,4.279174804687501,-1.4007568359375002,70.66406249999999,98630.68,35.60000000000002,,,,,,14,68,137,137,0,138,2384,ROS topics=74 messages=2384
ROS_TOPICS,35,1789500024227996491,2026-09-15T19:20:24.227996+00:00,1789500024227998768,6527477713885,1789500024000000000,1789500024,0,9861805,1789500024013940,1789500024000000,2,4,171.52787384222276,106.46059494318767,nav2_filtered_map,0.6187307400255277,0.2211909089351074,110.4351011,-7.0508627,254.86,11.236,12.821,3,1,10,0,0.0979,40.03,0.075,0.063,0.186,2.5541,180.0,-1.0,4.983,-4.401676287256597,/neo3/mag_heading_fusion,1,-13.855,-31.4209,-26.4893,43.369539959515365,1,-7.336810771988161,/imu/mag_heading_fusion,1,-3886.0,7839.0,4082.0,-0.0865790110666545,0.8142968247913379,0.8188865880099239,-4.990741381000391,logger_gyro_integral:neo3_calibrated_ros,1,-4.990741381000391,nan,69.87304687500001,0.0,,,,0.0526724365234375,-1.01514150390625,9.504980590820312,9.564995904018968,,,,-26.06201171875,7.690429687499999,19.04296875,0.4548679141855339,-0.1342233189399936,0.33236250404188894,0.33236250404188894,,,,2.5653076171875,-2.6531982421875,69.87304687500001,98631.289,35.60000000000002,,,,,,14,71,144,144,0,145,2482,ROS topics=74 messages=2482
ROS_TOPICS,36,1789500024326386752,2026-09-15T19:20:24.326387+00:00,1789500024326388938,6527576104106,1789500024200000000,1789500024,200000000,9861998,1789500024207302,1789500024200000,2,4,171.57772635092024,106.44688895178467,nav2_filtered_map,0.685023320912988,0.25436954537326206,110.4351017,-7.0508624,254.871,11.186,12.762,3,1,10,0,0.0834,52.306,0.051,0.066,-0.253,1.9101,180.0,-1.0,5.013,-2.7064527449337383,/neo3/mag_heading_fusion,1,-13.0371,-32.2021,-25.5127,43.10265748315294,1,-6.097181253240257,/imu/mag_heading_fusion,1,-3766.0,7986.0,3860.0,-0.06908557740260757,0.8349095777765783,0.8377629856159293,-4.735824889606348,logger_gyro_integral:neo3_calibrated_ros,1,-4.735824889606348,nan,70.46630859375,0.0,,,,-1.39821376953125,0.6081272216796875,9.246406811523437,9.376744671567598,,,,6.042480468749999,4.0283203125,-18.310546875,-0.10546117916713782,-0.07030745277809189,-0.31957933080950857,-0.31957933080950857,,,,1.69189453125,-1.8292236328125,70.46630859375,98634.641,35.60000000000002,,,,,,15,74,149,149,0,150,2583,ROS topics=74 messages=2583
ROS_TOPICS,37,1789500024427592985,2026-09-15T19:20:24.427593+00:00,1789500024427595093,6527677310277,1789500024200000000,1789500024,200000000,9861998,1789500024207302,1789500024200000,2,4,171.57938630481186,106.44696083284975,nav2_filtered_map,0.685023320912988,0.25436954537326206,110.4351017,-7.0508624,254.871,11.186,12.762,3,1,10,0,0.0834,52.306,0.051,0.066,-0.253,1.9101,180.0,-1.0,5.013,-5.142853388015007,/neo3/mag_heading_fusion,1,-14.2578,-31.665,-25.8057,43.26535840981789,1,-7.916874654524921,/imu/mag_heading_fusion,1,-3964.0,7961.0,3897.0,-0.0975659329183344,0.8310906932308294,0.836797975404533,-7.99505346303164,logger_gyro_integral:neo3_calibrated_ros,1,-7.99505346303164,nan,67.25830078124999,0.0,,,,-0.08140285644531249,-0.7900865478515624,9.983820922851562,10.021158235702446,,,,5.0048828125,-16.11328125,-29.479980468749996,-0.08735168375459901,0.28122981111236756,-0.5145227226033088,-0.5145227226033088,,,,2.757568359375,-2.4279785156249996,67.25830078124999,98635.25,35.60000000000002,,,,,,15,76,154,154,0,155,2653,ROS topics=74 messages=2653
ROS_TOPICS,38,1789500024526963870,2026-09-15T19:20:24.526964+00:00,1789500024526966990,6527776681401,1789500024400000000,1789500024,400000000,9862199,1789500024407509,1789500024400000,2,4,171.6283114414721,106.42142032211119,nav2_filtered_map,0.7181695849338509,0.1437740837533797,110.435102,-7.0508634,254.661,11.155,12.728,3,1,10,0,0.1349,101.976,-0.028,0.132,-0.006,1.0771,180.0,-1.0,5.007,-8.229459138974576,/neo3/mag_heading_fusion,1,-15.8569,-31.6406,-25.6592,43.71456725863816,1,-10.908016795523404,/imu/mag_heading_fusion,1,-4295.0,7952.0,3850.0,-0.1451191777505982,0.8292576868376659,0.8418597786629113,-8.32084058754336,logger_gyro_integral:neo3_calibrated_ros,1,-8.32084058754336,nan,66.59912109375001,0.0,,,,0.373495458984375,0.028730419921875,10.046070166015625,10.058844198591169,,,,-14.831542968750002,14.343261718750002,13.549804687499998,0.25885925795570197,-0.2503371424674484,0.23648870479903633,0.23648870479903633,,,,1.9445800781249998,-2.8729248046875004,66.59912109375001,98635.562,35.60000000000002,,,,,,16,79,159,159,0,160,2757,ROS topics=74 messages=2757
ROS_TOPICS,39,1789500024630810259,2026-09-15T19:20:24.630810+00:00,1789500024630814868,6527880527647,1789500024400000000,1789500024,400000000,9862199,1789500024407509,1789500024400000,2,4,171.63125017363237,106.41981250751712,nav2_filtered_map,0.7181695849338509,0.1437740837533797,110.435102,-7.0508634,254.661,11.155,12.728,3,1,10,0,0.1349,101.976,-0.028,0.132,-0.006,1.0771,180.0,-1.0,5.007,-6.093582081934866,/neo3/mag_heading_fusion,1,-14.7827,-31.958,-25.3906,43.411110923932824,1,-9.486218553007234,/imu/mag_heading_fusion,1,-4145.0,8007.0,3831.0,-0.12347953134443583,0.8371553663958684,0.8462129177378718,-6.8159385672186525,logger_gyro_integral:neo3_calibrated_ros,1,-6.8159385672186525,nan,68.2745361328125,0.0,,,,-1.484405029296875,0.7230489013671875,9.572018237304688,9.718829742877722,,,,25.2685546875,24.23095703125,5.249023437499999,-0.44101947651712187,-0.422909981104583,0.09161274149872578,0.09161274149872578,,,,2.2137451171875004,-0.6262207031249998,68.2745361328125,98628.844,35.60000000000002,,,,,,16,81,164,164,0,165,2830,ROS topics=74 messages=2830
ROS_TOPICS,40,1789500024726260256,2026-09-15T19:20:24.726260+00:00,1789500024726262169,6527975977562,1789500024600000000,1789500024,600000000,9862398,1789500024607252,1789500024600000,2,4,171.67530646133676,106.38979583881913,nav2_filtered_map,0.718169585478005,0.08847635738829027,110.435102,-7.0508639,254.671,11.133,12.703,3,1,10,0,0.2655,237.148,-0.144,-0.223,-0.658,2.9514,180.0,-1.0,5.01,-4.765336215566587,/neo3/mag_heading_fusion,1,-14.0137,-31.1279,-27.0996,43.5857576079618,1,-8.20729617131445,/imu/mag_heading_fusion,1,-3983.0,7861.0,4158.0,-0.10047108776106825,0.8171789112103337,0.82333213978491,-7.532677213214748,logger_gyro_integral:neo3_calibrated_ros,1,-7.532677213214748,nan,67.65930175781253,0.0,,,,-0.1005564697265625,-1.656787548828125,9.897629663085937,10.041639731292841,,,,17.639160156250004,-13.36669921875,-7.38525390625,-0.30786142201315997,0.23329291149094125,-0.12889699675983513,-0.12889699675983513,,,,4.806518554687502,-0.17028808593750044,67.65930175781253,98638.914,35.60000000000002,,,,,,17,84,169,169,0,170,2932,ROS topics=74 messages=2932
ROS_TOPICS,41,1789500024826717971,2026-09-15T19:20:24.826718+00:00,1789500024826722447,6528076435907,1789500024600000000,1789500024,600000000,9862398,1789500024607252,1789500024600000,2,4,171.67943866053966,106.38658948636387,nav2_filtered_map,0.718169585478005,0.08847635738829027,110.435102,-7.0508639,254.671,11.133,12.703,3,1,10,0,0.2655,237.148,-0.144,-0.223,-0.658,2.9514,180.0,-1.0,5.01,-5.693054329501802,/neo3/mag_heading_fusion,1,-14.4287,-30.6152,-27.2217,43.43384401155394,1,-8.8355307370651,/imu/mag_heading_fusion,1,-4037.0,7760.0,4215.0,-0.10840461661268769,0.8030665982363644,0.8103502465637128,-7.08952488679873,logger_gyro_integral:neo3_calibrated_ros,1,-7.08952488679873,nan,67.84606933593751,0.0,,,,0.8858546142578124,-1.5658078857421873,9.897629663085937,10.065683765932755,,,,-7.9345703125,-5.615234375,15.19775390625,0.1384843766841204,0.09800432811491597,0.26525084457189213,0.26525084457189213,,,,5.015258789062501,-1.2249755859375,67.84606933593751,98633.422,35.60000000000002,,,,,,17,86,173,173,0,174,2997,ROS topics=74 messages=2997
ROS_TOPICS,42,1789500024927751465,2026-09-15T19:20:24.927752+00:00,1789500024927753957,6528177468847,1789500024800000000,1789500024,800000000,9862597,1789500024806309,1789500024800000,2,4,171.71765008186958,106.34382970068502,nav2_filtered_map,0.7071208301559492,-0.0442381865918469,110.4351019,-7.0508651,254.741,11.113,12.679,3,1,10,0,0.5008,202.417,-0.463,-0.191,-1.107,3.0065,180.0,-1.0,5.012,-3.191988504110687,/neo3/mag_heading_fusion,1,-13.2324,-31.3232,-26.7578,43.26914754001978,1,-7.362810672528661,/imu/mag_heading_fusion,1,-3885.0,7806.0,4291.0,-0.08649361350668336,0.8097187627366071,0.8143252543702334,-4.472208323444239,logger_gyro_integral:neo3_calibrated_ros,1,-4.472208323444239,nan,70.455322265625,0.0,,,,-0.38786066894531246,-0.1292868896484375,9.715670336914062,9.72998808435366,,,,-5.7373046875,5.67626953125,13.36669921875,0.10013485698697935,-0.09906959255094766,0.23329291149094125,0.23329291149094125,,,,3.7408447265625,-0.8514404296874999,70.455322265625,98634.641,35.60000000000002,,,,,,18,89,178,178,0,179,3098,ROS topics=74 messages=3098
ROS_TOPICS,43,1789500025027541135,2026-09-15T19:20:25.027541+00:00,1789500025027543517,6528277258376,1789500024800000000,1789500024,800000000,9862597,1789500024806309,1789500024800000,2,4,171.72297159937827,106.33884432400124,nav2_filtered_map,0.7071208301559492,-0.0442381865918469,110.4351019,-7.0508651,254.741,11.113,12.679,3,1,10,0,0.5008,202.417,-0.463,-0.191,-1.107,3.0065,180.0,-1.0,5.012,-2.7937396021113554,/neo3/mag_heading_fusion,1,-13.0249,-31.2256,-26.709,43.105182940917906,1,-6.228779173664159,/imu/mag_heading_fusion,1,-3765.0,7822.0,4183.0,-0.06923129505258141,0.8121509931648877,0.8150964408665831,-5.631730840228905,logger_gyro_integral:neo3_calibrated_ros,1,-5.631730840228905,nan,69.53796386718751,0.0,,,,-0.584185205078125,-1.024718310546875,9.303867651367186,9.384070355884559,,,,10.864257812500002,-16.11328125,-22.88818359375,-0.18961706961364178,0.28122981111236756,-0.39947416351188575,-0.39947416351188575,,,,4.2791748046875,-1.1755371093750002,69.53796386718751,98630.984,35.60000000000002,,,,,,18,91,183,183,0,184,3166,ROS topics=74 messages=3166
ROS_TOPICS,44,1789500025127855282,2026-09-15T19:20:25.127855+00:00,1789500025127858316,6528377572615,1789500025000000000,1789500025,0,9862807,1789500025015655,1789500025000000,2,4,171.76585150563366,106.29444594535151,nav2_filtered_map,0.7844621778381328,-0.08847637032068326,110.4351026,-7.0508655,254.821,11.102,12.659,3,1,10,0,0.3535,144.557,-0.288,0.205,-0.824,2.7107,180.0,-1.0,4.975,-6.164474729559822,/neo3/mag_heading_fusion,1,-14.7095,-31.0059,-27.002,43.66741610239836,1,-8.975043026548601,/imu/mag_heading_fusion,1,-4055.0,7781.0,4225.0,-0.11095268120589678,0.8059492768616862,0.813550695618074,-6.737875648944726,logger_gyro_integral:neo3_calibrated_ros,1,-6.737875648944726,nan,67.928466796875,0.0,,,,0.09576806640624999,-1.7190367919921874,10.137049829101562,10.288037899617429,,,,-14.221191406250002,-19.71435546875,0.48828124999999994,0.248206613595385,0.3440804128382376,0.008522115488253561,0.008522115488253561,,,,4.350585937499999,-3.5595703125,67.928466796875,98634.336,35.60000000000002,,,,,,19,94,187,187,0,188,3257,ROS topics=74 messages=3257
ROS_TOPICS,45,1789500025226359357,2026-09-15T19:20:25.226359+00:00,1789500025226361491,6528476076653,1789500025000000000,1789500025,0,9862807,1789500025015655,1789500025000000,2,4,171.77216126088376,106.28737138010351,nav2_filtered_map,0.7844621778381328,-0.08847637032068326,110.4351026,-7.0508655,254.821,11.102,12.659,3,1,10,0,0.3535,144.557,-0.288,0.205,-0.824,2.7107,180.0,-1.0,4.975,-6.140308620556756,/neo3/mag_heading_fusion,1,-14.7705,-31.6406,-26.2695,43.696474329858695,1,-9.864776172191833,/imu/mag_heading_fusion,1,-4160.0,7837.0,4082.0,-0.12593371317616617,0.8135358582826444,0.8232252989467803,-5.04680736928164,logger_gyro_integral:neo3_calibrated_ros,1,-5.04680736928164,nan,69.51599121093749,0.0,,,,-0.6560112548828124,0.258573779296875,9.988609326171874,10.019118593053589,,,,-4.39453125,17.333984374999996,19.8974609375,0.07669903939428206,-0.3025350998330014,0.34727620614633264,0.34727620614633264,,,,2.9003906249999996,-3.2794189453124996,69.51599121093749,98635.25,35.60000000000002,,,,,,19,96,191,191,0,192,3323,ROS topics=74 messages=3323
ROS_TOPICS,46,1789500025326589678,2026-09-15T19:20:25.326590+00:00,1789500025326592529,6528576307028,1789500025200000000,1789500025,200000000,9862999,1789500025207851,1789500025200000,2,4,171.8194381427729,106.2445146815304,nav2_filtered_map,0.8618034973576221,-0.11059546002502352,110.4351033,-7.0508657,254.661,11.091,12.644,3,1,10,0,0.2369,44.829,0.168,0.167,0.017,1.6939,180.0,-1.0,5.01,-3.6956388671139426,/neo3/mag_heading_fusion,1,-13.5132,-31.665,-26.6602,43.54359956733021,1,-7.516720094705153,/imu/mag_heading_fusion,1,-3915.0,7920.0,4046.0,-0.09060101300743399,0.8254870536922947,0.8304441097217552,-5.045277474017968,logger_gyro_integral:neo3_calibrated_ros,1,-5.045277474017968,nan,69.87854003906249,0.0,,,,-1.005564697265625,-0.1388636962890625,9.17458076171875,9.236182599251789,,,,18.49365234375,2.6245117187499996,-16.174316406250004,-0.3227751241176037,-0.04580637074936289,-0.2822950755483993,-0.2822950755483993,,,,3.8177490234375,-1.7962646484375004,69.87854003906249,98632.812,35.60000000000002,,,,,,20,99,196,196,0,197,3424,ROS topics=74 messages=3424
ROS_TOPICS,47,1789500025426836580,2026-09-15T19:20:25.426836+00:00,1789500025426838296,6528676553834,1789500025200000000,1789500025,200000000,9862999,1789500025207851,1789500025200000,2,4,171.82722386998003,106.2356885897695,nav2_filtered_map,0.8618034973576221,-0.11059546002502352,110.4351033,-7.0508657,254.661,11.091,12.644,3,1,10,0,0.2369,44.829,0.168,0.167,0.017,1.6939,180.0,-1.0,5.01,-5.493035705580252,/neo3/mag_heading_fusion,1,-14.3799,-31.1035,-27.2217,43.76334296131866,1,-8.928134613526366,/imu/mag_heading_fusion,1,-4055.0,7816.0,4291.0,-0.11089093286736187,0.810806668384538,0.8183546007013267,-6.929060962299218,logger_gyro_integral:neo3_calibrated_ros,1,-6.929060962299218,nan,67.906494140625,0.0,,,,-0.7852981445312499,-1.4604630126953124,10.687716210937499,10.821303347455737,,,,-4.0283203125,-7.2021484375,-14.465332031250002,0.07030745277809189,0.12570120345174005,-0.2524676713395118,-0.2524676713395118,,,,4.762573242187501,-2.6202392578125,67.906494140625,98638.914,35.60000000000002,,,,,,20,101,201,201,0,202,3494,ROS topics=74 messages=3494
ROS_TOPICS,48,1789500025526277416,2026-09-15T19:20:25.526277+00:00,1789500025526279881,6528775994725,1789500025400000000,1789500025,400000000,9863199,1789500025407873,1789500025400000,2,4,171.86908971190923,106.19562785091036,nav2_filtered_map,0.8618034772818155,-0.12165500245796265,110.4351033,-7.0508658,254.51000000000002,11.085,12.634,3,1,10,0,0.2717,340.431,0.256,-0.091,0.127,2.0473,180.0,-1.0,5.008,-6.250946367674288,/neo3/mag_heading_fusion,1,-14.7705,-31.1523,-26.9043,43.73185136751016,1,-9.831820167760256,/imu/mag_heading_fusion,1,-4149.0,7791.0,4176.0,-0.12443507649318178,0.8071712646161501,0.8167065193102716,-6.90865712605654,logger_gyro_integral:neo3_calibrated_ros,1,-6.90865712605654,nan,67.82958984375003,0.0,,,,0.49799394531249996,-0.277727392578125,9.313444458007812,9.336712177920134,,,,-3.662109375,27.343749999999996,12.207031249999998,0.06391586616190172,-0.47723846734219943,0.21305288720633903,0.21305288720633903,,,,4.015502929687502,-1.1920166015625009,67.82958984375003,98634.945,35.60000000000002,,,,,,21,104,206,206,0,207,3597,ROS topics=74 messages=3597
ROS_TOPICS,49,1789500025628150824,2026-09-15T19:20:25.628151+00:00,1789500025628153660,6528877868147,1789500025400000000,1789500025,400000000,9863199,1789500025407873,1789500025400000,2,4,171.8776735362942,106.18470312168708,nav2_filtered_map,0.8618034772818155,-0.12165500245796265,110.4351033,-7.0508658,254.51000000000002,11.085,12.634,3,1,10,0,0.2717,340.431,0.256,-0.091,0.127,2.0473,180.0,-1.0,5.008,-3.501552370242449,/neo3/mag_heading_fusion,1,-13.3911,-31.3477,-26.9043,43.42627330303626,1,-7.551724407664666,/imu/mag_heading_fusion,1,-3906.0,7812.0,4103.0,-0.08949899393960528,0.8105144094231179,0.8154407874264735,-4.504748162189354,logger_gyro_integral:neo3_calibrated_ros,1,-4.504748162189354,nan,70.20263671874999,0.0,,,,-0.38786066894531246,-0.5889736083984375,9.955090502929687,9.985784925641482,,,,3.2958984375,-7.2021484375,25.024414062500004,-0.05752427954571154,0.12570120345174005,0.4367584187729951,0.4367584187729951,,,,4.053955078125,-0.5438232421874998,70.20263671874999,98632.812,35.60000000000002,,,,,,21,106,211,211,0,212,3671,ROS topics=74 messages=3671
ROS_TOPICS,50,1789500025726256256,2026-09-15T19:20:25.726256+00:00,1789500025726258720,6528975973712,1789500025600000000,1789500025,600000000,9863398,1789500025607077,1789500025600000,2,4,171.91765856131644,106.15225214098994,nav2_filtered_map,0.8839009896688674,-0.08847636635554167,110.4351035,-7.0508655,254.411,11.076,12.619,3,1,10,0,0.184,28.933999999999997,0.161,0.089,0.015,1.684,180.0,-1.0,5.011,-1.1382359024574282,/neo3/mag_heading_fusion,1,-12.1948,-31.3477,-27.0264,43.14878606971464,1,-5.206632171227851,/imu/mag_heading_fusion,1,-3653.0,7789.0,4226.0,-0.05320436364857502,0.8077687615552247,0.8095190402057948,-3.0907245347479475,logger_gyro_integral:neo3_calibrated_ros,1,-3.0907245347479475,nan,71.806640625,0.0,,,,-0.37828386230468747,-0.5363011718749999,9.519345800781249,9.547687167117958,,,,-0.42724609374999994,8.60595703125,0.3662109375,0.007456851052221866,-0.15020228548046902,0.006391586616190171,0.006391586616190171,,,,3.960571289062499,-0.7745361328124999,71.806640625,98631.289,35.60000000000002,,,,,,22,109,216,216,0,217,3773,ROS topics=74 messages=3773
ROS_TOPICS,51,1789500025826340115,2026-09-15T19:20:25.826340+00:00,1789500025826344305,6529076057869,1789500025600000000,1789500025,600000000,9863398,1789500025607077,1789500025600000,2,4,171.92799707869153,106.14033846038933,nav2_filtered_map,0.8839009896688674,-0.08847636635554167,110.4351035,-7.0508655,254.411,11.076,12.619,3,1,10,0,0.184,28.933999999999997,0.161,0.089,0.015,1.684,180.0,-1.0,5.011,-1.5948456464755882,/neo3/mag_heading_fusion,1,-12.4207,-31.2256,-27.0996,43.170594204967806,1,-5.1419680848356535,/imu/mag_heading_fusion,1,-3645.0,7774.0,4351.0,-0.05208188784608615,0.8057011362370963,0.8073827122098666,-5.57084322359072,logger_gyro_integral:neo3_calibrated_ros,1,-5.57084322359072,nan,69.554443359375,0.0,,,,-0.36391865234375,-1.3215993164062498,9.6151138671875,9.718102448425315,,,,12.268066406249998,-15.19775390625,-30.456542968749996,-0.21411815164237072,0.26525084457189213,-0.5315669535798159,-0.5315669535798159,,,,4.7186279296875,-0.43395996093749994,69.554443359375,98632.508,35.60000000000002,,,,,,22,111,221,221,0,222,3847,ROS topics=74 messages=3847
ROS_TOPICS,52,1789500025926333136,2026-09-15T19:20:25.926333+00:00,1789500025926339291,6529176051341,1789500025800000000,1789500025,800000000,9863597,1789500025806097,1789500025800000,2,4,171.9670239821469,106.11228610265887,nav2_filtered_map,0.917047266369864,-0.07741682124247677,110.4351038,-7.0508654,254.341,11.071,12.61,3,1,10,0,0.0682,112.426,-0.026,0.063,-0.046,1.6648,180.0,-1.0,5.013,-5.174438389054711,/neo3/mag_heading_fusion,1,-14.1846,-30.7617,-27.2705,43.48752964126613,1,-7.912263479702524,/imu/mag_heading_fusion,1,-3932.0,7710.0,4413.0,-0.09341299921295519,0.7963127125050379,0.80177298814508,-6.463503144000876,logger_gyro_integral:neo3_calibrated_ros,1,-6.463503144000876,nan,68.23059082031251,0.0,,,,0.5027823486328125,-1.369483349609375,10.20887587890625,10.318443605650549,,,,-14.7705078125,4.2724609375,11.23046875,0.25779399351967025,-0.07456851052221866,0.19600865622983193,0.19600865622983193,,,,4.8504638671875,-1.6699218750000002,68.23059082031251,98632.508,35.60000000000002,,,,,,23,114,226,226,0,227,3948,ROS topics=74 messages=3948
ROS_TOPICS,53,1789500026026406071,2026-09-15T19:20:26.026406+00:00,1789500026026412368,6529276124772,1789500025800000000,1789500025,800000000,9863597,1789500025806097,1789500025800000,2,4,171.9777516223099,106.09843770687125,nav2_filtered_map,0.917047266369864,-0.07741682124247677,110.4351038,-7.0508654,254.341,11.071,12.61,3,1,10,0,0.0682,112.426,-0.026,0.063,-0.046,1.6648,180.0,-1.0,5.013,-3.0659157714420804,/neo3/mag_heading_fusion,1,-13.1592,-31.1768,-26.4404,42.94475701456466,1,-6.545791860885948,/imu/mag_heading_fusion,1,-3794.0,7772.0,4241.0,-0.07348441220330587,0.8051606995088846,0.8085070877057923,-4.008626067890037,logger_gyro_integral:neo3_calibrated_ros,1,-4.008626067890037,nan,70.740966796875,0.0,,,,-0.17238251953125,0.047884033203124995,9.34696328125,9.354407895010402,,,,2.74658203125,9.58251953125,19.287109375,-0.04793689962142629,-0.16724651645697616,0.3366235617860157,0.3366235617860157,,,,3.735351562499999,-0.42297363281250044,70.740966796875,98632.508,35.60000000000002,,,,,,23,116,231,231,0,232,4016,ROS topics=74 messages=4016
ROS_TOPICS,54,1789500026128409870,2026-09-15T19:20:26.128410+00:00,1789500026128417878,6529378127979,1789500026000000000,1789500026,0,9863805,1789500026013958,1789500026000000,2,4,172.01211903147424,106.06640193483919,nav2_filtered_map,0.9170472536463683,-0.14377408770730354,110.4351038,-7.050866,254.26000000000002,11.068,12.6,3,1,10,0,0.1391,206.93400000000003,-0.124,-0.063,-0.301,3.0272,180.0,-1.0,4.982,-2.50541168936635,/neo3/mag_heading_fusion,1,-12.8662,-30.9814,-27.0996,43.12510369332461,1,-5.445366293807357,/imu/mag_heading_fusion,1,-3676.0,7759.0,4231.0,-0.056560491502312384,0.8035647056274574,0.8055528072877193,-5.389348012897361,logger_gyro_integral:neo3_calibrated_ros,1,-5.389348012897361,nan,69.69177246093751,0.0,,,,-0.39743747558593745,-1.4508862060546874,9.586383447265625,9.709459971801767,,,,14.709472656250002,-15.44189453125,-30.6396484375,-0.2567287290836386,0.2695119023160189,-0.534762746887911,-0.534762746887911,,,,4.9822998046875,-0.8569335937500011,69.69177246093751,98636.781,35.60000000000002,,,,,,24,119,236,236,0,237,4120,ROS topics=74 messages=4120
ROS_TOPICS,55,1789500026226878795,2026-09-15T19:20:26.226879+00:00,1789500026226882096,6529476596391,1789500026000000000,1789500026,0,9863805,1789500026013958,1789500026000000,2,4,172.02404101600888,106.05129685388009,nav2_filtered_map,0.9170472536463683,-0.14377408770730354,110.4351038,-7.050866,254.26000000000002,11.068,12.6,3,1,10,0,0.1391,206.93400000000003,-0.124,-0.063,-0.301,3.0272,180.0,-1.0,4.982,-5.85304812666277,/neo3/mag_heading_fusion,1,-14.4897,-30.4443,-27.0996,43.257313008785,1,-8.466222326047165,/imu/mag_heading_fusion,1,-3990.0,7705.0,4323.0,-0.10175163088123793,0.7955164736122012,0.8019974153171466,-7.444248252582421,logger_gyro_integral:neo3_calibrated_ros,1,-7.444248252582421,nan,67.313232421875,0.0,,,,-0.0430956298828125,-1.3838485595703125,10.271125122070313,10.369826510941923,,,,-12.512207031250002,-1.5258789062499998,-6.286621093750001,0.21837920938649755,0.026631610900792378,-0.10972223691126462,-0.10972223691126462,,,,5.218505859374997,-2.1038818359375,67.313232421875,98633.422,35.60000000000002,,,,,,24,121,241,241,0,242,4191,ROS topics=74 messages=4191
ROS_TOPICS,56,1789500026326254188,2026-09-15T19:20:26.326254+00:00,1789500026326257155,6529575971638,1789500026200000000,1789500026,200000000,9863999,1789500026207356,1789500026200000,2,4,172.06087436155545,106.02694855922323,nav2_filtered_map,0.9833398218526694,-0.11059545462718107,110.4351044,-7.0508657,254.23000000000002,11.062,12.585,3,1,10,0,0.2213,92.84900000000002,-0.011,0.221,-0.125,1.3039,180.0,-1.0,5.008,-4.627217017249405,/neo3/mag_heading_fusion,1,-13.9526,-31.2256,-26.5381,43.28953561462632,1,-8.640232410132448,/imu/mag_heading_fusion,1,-4014.0,7745.0,4257.0,-0.1051278794799238,0.8010254364918937,0.8078945605405289,-5.4853626621283205,logger_gyro_integral:neo3_calibrated_ros,1,-5.4853626621283205,nan,69.071044921875,0.0,,,,0.16759411621093748,0.38786066894531246,9.619902270507811,9.634916414720548,,,,-3.7841796875,10.559082031249998,32.34863281250001,0.0660463950339651,-0.18429074743348325,0.5645901510967986,0.5645901510967986,,,,3.795776367187499,-0.9667968749999997,69.071044921875,98636.477,35.60000000000002,,,,,,25,124,246,246,0,247,4292,ROS topics=74 messages=4292
ROS_TOPICS,57,1789500026426724689,2026-09-15T19:20:26.426725+00:00,1789500026426728179,6529676442129,1789500026200000000,1789500026,200000000,9863999,1789500026207356,1789500026200000,2,4,172.07346771191897,106.01038637110399,nav2_filtered_map,0.9833398218526694,-0.11059545462718107,110.4351044,-7.0508657,254.23000000000002,11.062,12.585,3,1,10,0,0.2213,92.84900000000002,-0.011,0.221,-0.125,1.3039,180.0,-1.0,5.008,-1.9860557306003443,/neo3/mag_heading_fusion,1,-12.6099,-31.0547,-26.6113,42.79679027438857,1,-5.974040330416203,/imu/mag_heading_fusion,1,-3734.0,7781.0,4269.0,-0.06485148873801104,0.8065155973379635,0.8091187331541326,-3.897592516864649,logger_gyro_integral:neo3_calibrated_ros,1,-3.897592516864649,nan,71.004638671875,0.0,,,,-1.0007762939453124,-0.7565677246093749,9.581595043945311,9.669036919185105,,,,20.507812499999996,1.3427734374999998,-8.23974609375,-0.3579288505066496,-0.02343581759269729,-0.14381069886427886,-0.14381069886427886,,,,4.729614257812501,-0.8020019531249996,71.004638671875,98634.336,35.60000000000002,,,,,,25,126,251,251,0,252,4362,ROS topics=74 messages=4362
ROS_TOPICS,58,1789500026527058350,2026-09-15T19:20:26.527058+00:00,1789500026527060392,6529776775649,1789500026400000000,1789500026,400000000,9864199,1789500026407456,1789500026400000,2,4,172.11024967467054,105.98771756408958,nav2_filtered_map,1.0164860932519388,-0.12165499793066731,110.4351047,-7.0508658,254.131,11.057,12.575,3,1,10,0,0.0519,25.08399999999999,0.047,0.022,-0.032,0.903,180.0,-1.0,5.007,-4.201042153105619,/neo3/mag_heading_fusion,1,-13.6719,-30.4443,-27.6855,43.36200136467412,1,-6.580900980599456,/imu/mag_heading_fusion,1,-3784.0,7636.0,4495.0,-0.07228817438428675,0.7863039062596702,0.7896197902503642,-6.387631492572656,logger_gyro_integral:neo3_calibrated_ros,1,-6.387631492572656,nan,68.5272216796875,0.0,,,,0.033518823242187495,-2.35589443359375,9.969455712890625,10.249879552233821,,,,4.08935546875,-7.38525390625,-21.850585937500004,-0.07137271721412358,0.12889699675983513,-0.38136466809934694,-0.38136466809934694,,,,6.069946289062499,-1.329345703125,68.5272216796875,98634.641,35.60000000000002,,,,,,26,129,256,256,0,257,4465,ROS topics=74 messages=4465
ROS_TOPICS,59,1789500026628041841,2026-09-15T19:20:26.628042+00:00,1789500026628049039,6529877759590,1789500026400000000,1789500026,400000000,9864199,1789500026407456,1789500026400000,2,4,172.12380582631965,105.9699774789546,nav2_filtered_map,1.0164860932519388,-0.12165499793066731,110.4351047,-7.0508658,254.131,11.057,12.575,3,1,10,0,0.0519,25.08399999999999,0.047,0.022,-0.032,0.903,180.0,-1.0,5.007,-5.366634318260914,/neo3/mag_heading_fusion,1,-14.2334,-30.2979,-27.3193,43.20759855002358,1,-8.27981087780782,/imu/mag_heading_fusion,1,-3961.0,7635.0,4451.0,-0.09771022231977602,0.7858528534755692,0.7919040313456388,-6.085569177387109,logger_gyro_integral:neo3_calibrated_ros,1,-6.085569177387109,nan,68.54370117187503,0.0,,,,0.09576806640624999,-0.7230489013671875,9.179369165039063,9.214113017773641,,,,-11.3525390625,17.7001953125,17.02880859375,0.19813918510189532,-0.30892668644919163,0.297208777652843,0.297208777652843,,,,5.482177734375002,-1.2469482421875004,68.54370117187503,98633.422,35.60000000000002,,,,,,26,131,261,261,0,262,4538,ROS topics=74 messages=4538
ROS_TOPICS,60,1789500026726241257,2026-09-15T19:20:26.726241+00:00,1789500026726243267,6529975958598,1789500026600000000,1789500026,600000000,9864399,1789500026607875,1789500026600000,2,4,172.15754822468534,105.94481945255353,nav2_filtered_map,1.038583593896388,-0.17695271642110222,110.4351049,-7.0508663,254.001,11.054,12.565,3,1,10,0,0.2055,113.821,-0.083,0.188,-0.01,1.2728,180.0,-1.0,5.006,-1.6158493862954841,/neo3/mag_heading_fusion,1,-12.4207,-30.957,-27.1484,43.00750236935412,1,-6.1173074751308025,/imu/mag_heading_fusion,1,-3740.0,7681.0,4389.0,-0.06588961709450653,0.7926267504146379,0.7953606773745666,-3.7994121049994147,logger_gyro_integral:neo3_calibrated_ros,1,-3.7994121049994147,nan,70.96618652343749,0.0,,,,-0.59376201171875,-0.5410895751953124,9.911994873046874,9.950210912514258,,,,-1.15966796875,6.103515624999999,17.02880859375,0.02024002428460221,-0.10652644360316951,0.297208777652843,0.297208777652843,,,,4.883422851562499,-0.07690429687500006,70.96618652343749,98638.0,35.60000000000002,,,,,,27,134,266,266,0,267,4641,ROS topics=74 messages=4641
ROS_TOPICS,61,1789500026826317449,2026-09-15T19:20:26.826318+00:00,1789500026826321876,6530076035321,1789500026600000000,1789500026,600000000,9864399,1789500026607875,1789500026600000,2,4,172.17240610700918,105.9262277501027,nav2_filtered_map,1.038583593896388,-0.17695271642110222,110.4351049,-7.0508663,254.001,11.054,12.565,3,1,10,0,0.2055,113.821,-0.083,0.188,-0.01,1.2728,180.0,-1.0,5.006,-0.9139701356669112,/neo3/mag_heading_fusion,1,-12.0728,-31.0303,-26.9775,42.853442384247266,1,-4.523616541769936,/imu/mag_heading_fusion,1,-3576.0,7720.0,4307.0,-0.04226755459198915,0.7983286074692364,0.7994467534957891,-4.394647436115136,logger_gyro_integral:neo3_calibrated_ros,1,-4.394647436115136,nan,70.64208984375001,0.0,,,,-0.1771709228515625,-0.9911994873046874,9.485826977539062,9.544905440578926,,,,-0.54931640625,-11.901855468749998,-21.05712890625,0.009587379924285258,0.20772656502618056,-0.36751623043093484,-0.36751623043093484,,,,4.5867919921875,-0.40100097656250006,70.64208984375001,98632.812,35.60000000000002,,,,,,27,136,271,271,0,272,4715,ROS topics=74 messages=4715
ROS_TOPICS,62,1789500026926271792,2026-09-15T19:20:26.926272+00:00,1789500026926274661,6530175989237,1789500026800000000,1789500026,800000000,9864597,1789500026805766,1789500026800000,2,4,172.18439222077228,105.87948679076008,nav2_filtered_map,0.8839009081041316,-0.39814358757755797,110.4351035,-7.0508683,253.86100000000002,11.051,12.555,3,1,10,0,0.4876,280.75699999999995,0.091,-0.479,-0.746,2.7493,180.0,-1.0,5.012,-4.717459631846745,/neo3/mag_heading_fusion,1,-13.9404,-30.5908,-27.2217,43.25682313450677,1,-6.933333825437486,/imu/mag_heading_fusion,1,-3827.0,7695.0,4264.0,-0.07835963347468776,0.7944162182965633,0.7982714826742218,-6.873338339862696,logger_gyro_integral:neo3_calibrated_ros,1,-6.873338339862696,nan,68.01086425781251,0.0,,,,0.6560112548828124,-0.9576806640625,9.533711010742186,9.609990593957125,,,,10.986328125,-12.268066406249998,-17.08984375,-0.19174759848570516,0.21411815164237072,-0.29827404208887465,-0.29827404208887465,,,,5.487670898437501,-1.4392089843750002,68.01086425781251,98633.422,35.60000000000002,,,,,,28,139,276,276,0,277,4816,ROS topics=74 messages=4816
ROS_TOPICS,63,1789500027026345495,2026-09-15T19:20:27.026345+00:00,1789500027026349021,6530276063030,1789500026800000000,1789500026,800000000,9864597,1789500026805766,1789500026800000,2,4,172.19878881346844,105.85853596100678,nav2_filtered_map,0.8839009081041316,-0.39814358757755797,110.4351035,-7.0508683,253.86100000000002,11.051,12.555,3,1,10,0,0.4876,280.75699999999995,0.091,-0.479,-0.746,2.7493,180.0,-1.0,5.012,-5.24770670109824,/neo3/mag_heading_fusion,1,-14.1968,-30.5176,-27.2949,43.33456594925118,1,-8.422005678778238,/imu/mag_heading_fusion,1,-3981.0,7673.0,4337.0,-0.10051552970687626,0.7910913080783599,0.7974514589800338,-5.230923026996484,logger_gyro_integral:neo3_calibrated_ros,1,-5.230923026996484,nan,69.25781249999999,0.0,,,,-0.32082302246093747,-0.3687070556640625,10.261548315429687,10.278926187047015,,,,-17.761230468750004,12.6953125,33.447265625,0.30999195088522336,-0.22157500269459263,0.583764910945369,0.583764910945369,,,,4.932861328124999,-1.6094970703125,69.25781249999999,98636.172,35.60000000000002,,,,,,28,141,281,281,0,282,4884,ROS topics=74 messages=4884
ROS_TOPICS,64,1789500027129243460,2026-09-15T19:20:27.129243+00:00,1789500027129247489,6530378960896,1789500027000000000,1789500027,0,9864805,1789500027013939,1789500027000000,2,4,172.2012076793527,105.81035032904043,nav2_filtered_map,0.8286571003328073,-0.46450084999948565,110.435103,-7.0508689,253.86100000000002,11.048,12.55,3,1,10,0,0.199,232.55400000000003,-0.121,-0.158,-0.667,3.0388,180.0,-1.0,4.982,-0.5799840964334619,/neo3/mag_heading_fusion,1,-11.9141,-31.3965,-26.709,42.90753630843887,1,-5.138309888377013,/imu/mag_heading_fusion,1,-3642.0,7739.0,4192.0,-0.051712783918566055,0.800849037428976,0.8025169112059419,-3.2669800094793944,logger_gyro_integral:neo3_calibrated_ros,1,-3.2669800094793944,nan,71.61987304687497,0.0,,,,-0.6272808349609375,-0.229843359375,9.442731347656249,9.472024100178054,,,,7.99560546875,8.7890625,0.8544921874999999,-0.13954964112015208,-0.15339807878856412,0.014913702104443732,0.014913702104443732,,,,4.092407226562499,0.08789062499999983,71.61987304687497,98634.031,35.60000000000002,,,,,,29,144,286,286,0,287,4988,ROS topics=74 messages=4988
ROS_TOPICS,65,1789500027226725261,2026-09-15T19:20:27.226725+00:00,1789500027226727275,6530476442506,1789500027000000000,1789500027,0,9864805,1789500027013939,1789500027000000,2,4,172.21653081075746,105.78822392722806,nav2_filtered_map,0.8286571003328073,-0.46450084999948565,110.435103,-7.0508689,253.86100000000002,11.048,12.55,3,1,10,0,0.199,232.55400000000003,-0.121,-0.158,-0.667,3.0388,180.0,-1.0,4.982,-1.4793127473577081,/neo3/mag_heading_fusion,1,-12.3535,-30.9814,-27.2217,43.05202735179843,1,-4.643348013861698,/imu/mag_heading_fusion,1,-3587.0,7696.0,4352.0,-0.04388968795204335,0.7949784180900271,0.7961890415833728,-4.890582197711817,logger_gyro_integral:neo3_calibrated_ros,1,-4.890582197711817,nan,70.0213623046875,0.0,,,,-0.1005564697265625,-2.01112939453125,9.682151513671874,9.895114274347653,,,,4.94384765625,-20.263671875,-16.7236328125,-0.08628641931856731,0.3536677927625228,-0.2918824554726845,-0.2918824554726845,,,,5.218505859374999,-0.8239746093750001,70.0213623046875,98635.25,35.60000000000002,,,,,,29,146,291,291,0,292,5059,ROS topics=74 messages=5059
ROS_TOPICS,66,1789500027327829241,2026-09-15T19:20:27.327829+00:00,1789500027327831540,6530577546538,1789500027200000000,1789500027,200000000,9864999,1789500027207373,1789500027200000,2,4,172.22219509492575,105.74211607182357,nav2_filtered_map,0.8507545967034438,-0.46450083637419326,110.4351032,-7.0508689,253.67000000000002,11.054,12.54,3,1,10,0,0.1897,7.575000000000003,0.188,0.025,0.271,3.2584,180.0,-1.0,5.008,-3.2239041487171987,/neo3/mag_heading_fusion,1,-13.2324,-31.0791,-26.8066,43.12308743735773,1,-6.161516713095073,/imu/mag_heading_fusion,1,-3745.0,7685.0,4314.0,-0.06660064725162279,0.7931730596831732,0.7959642886596746,-4.382469991168847,logger_gyro_integral:neo3_calibrated_ros,1,-4.382469991168847,nan,69.77966308593751,0.0,,,,0.27293898925781246,-0.39743747558593745,9.86411083984375,9.881699552061963,,,,-21.05712890625,9.33837890625,17.578125,0.36751623043093484,-0.16298545871284936,0.30679615757712825,0.30679615757712825,,,,4.548339843750001,-1.8896484375000004,69.77966308593751,98638.609,35.60000000000002,,,,,,30,149,295,295,0,296,5150,ROS topics=74 messages=5150
ROS_TOPICS,67,1789500027426982698,2026-09-15T19:20:27.426983+00:00,1789500027426985245,6530676700238,1789500027200000000,1789500027,200000000,9864999,1789500027207373,1789500027200000,2,4,172.23717676855009,105.71800599132418,nav2_filtered_map,0.8507545967034438,-0.46450083637419326,110.4351032,-7.0508689,253.67000000000002,11.054,12.54,3,1,10,0,0.1897,7.575000000000003,0.188,0.025,0.271,3.2584,180.0,-1.0,5.008,-1.2703880827279408,/neo3/mag_heading_fusion,1,-12.2681,-31.543,-26.3916,42.91833730668046,1,-4.907771278902891,/imu/mag_heading_fusion,1,-3621.0,7786.0,4110.0,-0.04861389885871984,0.8074088693342123,0.8088710610732696,-3.083627906757226,logger_gyro_integral:neo3_calibrated_ros,1,-3.083627906757226,nan,71.60888671875,0.0,,,,-0.5602431884765625,0.009576806640625,9.351751684570312,9.374204097693674,,,,11.474609375,2.5634765624999996,0.732421875,-0.2002697139739587,-0.0447411063133312,0.012783173232380343,0.012783173232380343,,,,3.7408447265625,-0.8349609375,71.60888671875,98632.203,35.60000000000002,,,,,,30,151,300,300,0,301,5221,ROS topics=74 messages=5221
ROS_TOPICS,68,1789500027526820336,2026-09-15T19:20:27.526820+00:00,1789500027526822358,6530776537659,1789500027400000000,1789500027,400000000,9865199,1789500027407412,1789500027400000,2,4,172.2364494144196,105.67474144777256,nav2_filtered_map,0.828657050988112,-0.519798538942834,110.435103,-7.0508694,253.491,11.057,12.54,3,1,10,0,0.0552,324.583,0.045,-0.032,0.221,2.8818,180.0,-1.0,5.007,-2.6328378379455666,/neo3/mag_heading_fusion,1,-12.9272,-30.9326,-27.1973,43.169796963733795,1,-5.414703014908764,/imu/mag_heading_fusion,1,-3671.0,7737.0,4225.0,-0.05588121763358551,0.8005203092900269,0.8024683645291025,-4.773984526080957,logger_gyro_integral:neo3_calibrated_ros,1,-4.773984526080957,nan,69.98291015625,0.0,,,,-0.201112939453125,-1.7286135986328124,9.8449572265625,10.00337036406683,,,,12.084960937499998,-20.08056640625,-20.69091796875,-0.21092235833427564,0.35047199945442775,-0.3611246438147447,-0.3611246438147447,,,,5.152587890624999,-1.7523193359374993,69.98291015625,98633.727,35.60000000000002,,,,,,31,154,305,305,0,306,5327,ROS topics=74 messages=5327
ROS_TOPICS,69,1789500027628178073,2026-09-15T19:20:27.628178+00:00,1789500027628182544,6530877895516,1789500027400000000,1789500027,400000000,9865199,1789500027407412,1789500027400000,2,4,172.25106691630364,105.6488217714972,nav2_filtered_map,0.828657050988112,-0.519798538942834,110.435103,-7.0508694,253.491,11.057,12.54,3,1,10,0,0.0552,324.583,0.045,-0.032,0.221,2.8818,180.0,-1.0,5.007,-4.858795895621677,/neo3/mag_heading_fusion,1,-14.0015,-30.4932,-27.2461,43.22299403905287,1,-7.761457872067834,/imu/mag_heading_fusion,1,-3912.0,7677.0,4402.0,-0.09059887063463569,0.7917681709769404,0.7969347476001037,-5.4585596902655285,logger_gyro_integral:neo3_calibrated_ros,1,-5.4585596902655285,nan,68.994140625,0.0,,,,-0.009576806640625,-1.0342951171875,10.175357055664062,10.23359987152867,,,,-7.4462890625,7.26318359375,8.056640625,0.12996226119586682,-0.12676646788777174,0.14061490555618378,0.14061490555618378,,,,5.559082031249999,-2.449951171875,68.994140625,98631.289,35.60000000000002,,,,,,31,156,310,310,0,311,5399,ROS topics=74 messages=5399
ROS_TOPICS,70,1789500027727232526,2026-09-15T19:20:27.727232+00:00,1789500027727234541,6530976949817,1789500027600000000,1789500027,600000000,9865399,1789500027608302,1789500027600000,2,4,172.25668750654015,105.6205578202196,nav2_filtered_map,0.9059983615719976,-0.442381729737354,110.4351037,-7.0508687,253.38,11.062,12.535,3,1,10,0,0.22,40.206,0.168,0.142,0.346,3.0923,180.0,-1.0,5.006,-2.1275132405105364,/neo3/mag_heading_fusion,1,-12.6831,-31.1035,-27.002,43.09752593664746,1,-6.55072508172229,/imu/mag_heading_fusion,1,-3789.0,7717.0,4328.0,-0.0728633581966262,0.7975364768784795,0.8008579779957413,-3.473569091693752,logger_gyro_integral:neo3_calibrated_ros,1,-3.473569091693752,nan,71.048583984375,0.0,,,,-0.7230489013671875,0.08140285644531249,9.715670336914062,9.748531927324056,,,,-1.3427734374999998,14.465332031250002,17.4560546875,0.02343581759269729,-0.2524676713395118,0.30466562870506486,0.30466562870506486,,,,4.641723632812499,-1.1041259765625002,71.048583984375,98638.0,35.60000000000002,,,,,,32,159,315,315,0,316,5502,ROS topics=74 messages=5502
ROS_TOPICS,71,1789500027826307958,2026-09-15T19:20:27.826308+00:00,1789500027826310680,6531076025351,1789500027600000000,1789500027,600000000,9865399,1789500027608302,1789500027600000,2,4,172.27177066905537,105.59373302012715,nav2_filtered_map,0.9059983615719976,-0.442381729737354,110.4351037,-7.0508687,253.38,11.062,12.535,3,1,10,0,0.22,40.206,0.168,0.142,0.346,3.0923,180.0,-1.0,5.006,-1.4324079499708062,/neo3/mag_heading_fusion,1,-12.323,-30.7861,-26.9775,42.74840100471596,1,-5.045267753067525,/imu/mag_heading_fusion,1,-3630.0,7709.0,4267.0,-0.05004230200166167,0.7967067298397433,0.798276797459104,-4.2632158236273465,logger_gyro_integral:neo3_calibrated_ros,1,-4.2632158236273465,nan,70.5706787109375,0.0,,,,-0.13407529296874998,-1.177947216796875,9.279925634765624,9.361143828598651,,,,9.70458984375,-11.77978515625,-23.37646484375,-0.16937704532903955,0.20559603615411717,-0.4079962790001393,-0.4079962790001393,,,,5.1470947265625,-1.0327148437499998,70.5706787109375,98635.562,35.60000000000002,,,,,,32,161,320,320,0,321,5577,ROS topics=74 messages=5577
ROS_TOPICS,72,1789500027927052471,2026-09-15T19:20:27.927052+00:00,1789500027927054369,6531176769838,1789500027800000000,1789500027,800000000,9865597,1789500027806127,1789500027800000,2,4,172.28552151270998,105.57124976196434,nav2_filtered_map,0.9943884280937698,-0.43132218101116676,110.4351045,-7.0508686,253.27100000000002,11.065,12.535,3,1,10,0,0.4271,103.67800000000001,-0.101,0.415,0.321,2.361,180.0,-1.0,5.012,-5.282182299405566,/neo3/mag_heading_fusion,1,-14.209,-30.4688,-27.4414,43.39670365822732,1,-7.6336339243457285,/imu/mag_heading_fusion,1,-3897.0,7664.0,4361.0,-0.08846754440153076,0.7899904605563961,0.7949285717487727,-6.252588354999417,logger_gyro_integral:neo3_calibrated_ros,1,-6.252588354999417,nan,68.24707031249999,0.0,,,,0.24899697265624998,-1.6136919189453125,10.319009155273436,10.45322452324185,,,,-2.5634765624999996,-13.610839843749998,-4.8828125,0.0447411063133312,0.23755396923506802,-0.08522115488253562,-0.08522115488253562,,,,5.745849609374999,-2.6751708984375004,68.24707031249999,98632.812,35.60000000000002,,,,,,33,164,325,325,0,326,5677,ROS topics=74 messages=5677
ROS_TOPICS,73,1789500028026495554,2026-09-15T19:20:28.026495+00:00,1789500028026502080,6531276213665,1789500027800000000,1789500027,800000000,9865597,1789500027806127,1789500027800000,2,4,172.29978216392104,105.54286836619698,nav2_filtered_map,0.9943884280937698,-0.43132218101116676,110.4351045,-7.0508686,253.27100000000002,11.065,12.535,3,1,10,0,0.4271,103.67800000000001,-0.101,0.415,0.321,2.361,180.0,-1.0,5.012,-4.434479439988221,/neo3/mag_heading_fusion,1,-13.8062,-30.6641,-26.8066,43.00572044286667,1,-7.898093723373022,/imu/mag_heading_fusion,1,-3930.0,7706.0,4208.0,-0.09313282132189393,0.7957611105217711,0.8011925283140241,-4.3362449045599645,logger_gyro_integral:neo3_calibrated_ros,1,-4.3362449045599645,nan,70.05981445312501,0.0,,,,-0.55545478515625,0.16280571289062498,9.974244116210937,9.996699343016529,,,,-10.253906249999998,31.799316406250004,24.536132812499996,0.1789644252533248,-0.5550027711725133,0.42823630328474144,0.42823630328474144,,,,4.411010742187499,-1.3787841796875,70.05981445312501,98634.641,35.60000000000002,,,,,,33,166,330,330,0,331,5747,ROS topics=74 messages=5747
ROS_TOPICS,74,1789500028128740410,2026-09-15T19:20:28.128740+00:00,1789500028128744393,6531378457762,1789500028000000000,1789500028,0,9865806,1789500028015173,1789500028000000,2,4,172.3179816545791,105.51812432541008,nav2_filtered_map,1.0606809785559428,-0.4976794339236067,110.4351051,-7.0508692,253.201,11.071,12.53,3,1,10,0,0.3653,122.82,-0.198,0.307,-0.027,1.3401,180.0,-1.0,4.978,-0.6072900677203259,/neo3/mag_heading_fusion,1,-11.9202,-31.0547,-27.0508,42.87460018204251,1,-4.6266924346599225,/imu/mag_heading_fusion,1,-3588.0,7738.0,4231.0,-0.04395920736781979,0.8008055236792054,0.802011158692654,-3.6102164309271507,logger_gyro_integral:neo3_calibrated_ros,1,-3.6102164309271507,nan,71.16394042968746,0.0,,,,-0.45968671875,-0.689530078125,9.069235888671875,9.112757563989879,,,,15.0146484375,0.18310546875,-7.26318359375,-0.262055051263797,-0.0031957933080950856,-0.12676646788777174,-0.12676646788777174,,,,4.784545898437498,0.3240966796875002,71.16394042968746,98629.148,35.60000000000002,,,,,,34,169,335,335,0,336,5849,ROS topics=74 messages=5849
ROS_TOPICS,75,1789500028226850696,2026-09-15T19:20:28.226851+00:00,1789500028226852954,6531476568006,1789500028000000000,1789500028,0,9865806,1789500028015173,1789500028000000,2,4,172.33363221796412,105.48926377183395,nav2_filtered_map,1.0606809785559428,-0.4976794339236067,110.4351051,-7.0508692,253.201,11.071,12.53,3,1,10,0,0.3653,122.82,-0.198,0.307,-0.027,1.3401,180.0,-1.0,4.978,-1.8576456858482573,/neo3/mag_heading_fusion,1,-12.5244,-30.5664,-27.1729,42.7730277012278,1,-4.948467901804798,/imu/mag_heading_fusion,1,-3617.0,7669.0,4246.0,-0.048245845045177496,0.7911783603393686,0.7926480047495326,-4.445919553241603,logger_gyro_integral:neo3_calibrated_ros,1,-4.445919553241603,nan,70.16418457031247,0.0,,,,0.33039982910156246,-1.9393033447265624,9.648632690429688,9.852974071807294,,,,-7.32421875,-9.521484375,-3.8452148437499996,0.12783173232380343,0.16618125202094447,-0.0671116594699968,-0.0671116594699968,,,,5.2569580078125,-1.0217285156249998,70.16418457031247,98632.508,35.60000000000002,,,,,,34,171,340,340,0,341,5922,ROS topics=74 messages=5922
ROS_TOPICS,76,1789500028326171702,2026-09-15T19:20:28.326172+00:00,1789500028326174946,6531575889354,1789500028200000000,1789500028,200000000,9865998,1789500028207476,1789500028200000,2,4,172.35712754177854,105.46680163333745,nav2_filtered_map,1.138022299004236,-0.5197985209751285,110.4351058,-7.0508694,253.201,11.071,12.525,3,1,10,0,0.2244,132.291,-0.151,0.166,-0.208,2.1839,180.0,-1.0,5.013,-2.039292691413321,/neo3/mag_heading_fusion,1,-12.6343,-31.0059,-27.002,43.01278153409751,1,-5.526932701351329,/imu/mag_heading_fusion,1,-3679.0,7690.0,4245.0,-0.057113076207193365,0.7939834124819607,0.7960349004725534,-4.305751787860743,logger_gyro_integral:neo3_calibrated_ros,1,-4.305751787860743,nan,70.3125,0.0,,,,0.0047884033203125,-0.2537853759765625,9.342174877929686,9.351400245458706,,,,5.06591796875,6.774902343749999,3.35693359375,-0.0884169481906307,-0.11824435239951817,0.058589543981743236,0.058589543981743236,,,,4.8284912109375,-0.2471923828125,70.3125,98634.945,35.60000000000002,,,,,,35,174,345,345,0,346,6022,ROS topics=74 messages=6022
ROS_TOPICS,77,1789500028427181315,2026-09-15T19:20:28.427181+00:00,1789500028427183828,6531676898643,1789500028200000000,1789500028,200000000,9865998,1789500028207476,1789500028200000,2,4,172.37297682820756,105.43686779132058,nav2_filtered_map,1.138022299004236,-0.5197985209751285,110.4351058,-7.0508694,253.201,11.071,12.525,3,1,10,0,0.2244,132.291,-0.151,0.166,-0.208,2.1839,180.0,-1.0,5.013,-1.9613435316311132,/neo3/mag_heading_fusion,1,-12.5854,-30.7861,-27.4902,43.14959261001198,1,-5.406504918705899,/imu/mag_heading_fusion,1,-3666.0,7685.0,4296.0,-0.05525487091217427,0.7933124345044377,0.7952343802294256,-4.361878161945215,logger_gyro_integral:neo3_calibrated_ros,1,-4.361878161945215,nan,70.3564453125,0.0,,,,0.32561142578124996,-1.24498486328125,10.481814868164061,10.566355455112156,,,,-4.69970703125,20.263671875,-5.371093749999999,0.08202536157444053,-0.3536677927625228,-0.09374327037078917,-0.09374327037078917,,,,5.405273437500001,0.2197265625000004,70.3564453125,98632.508,35.60000000000002,,,,,,35,176,350,350,0,351,6093,ROS topics=74 messages=6093
ROS_TOPICS,78,1789500028527157885,2026-09-15T19:20:28.527158+00:00,1789500028527159834,6531776875202,1789500028400000000,1789500028,400000000,9866199,1789500028407634,1789500028400000,2,4,172.39115799986607,105.40202486384696,nav2_filtered_map,1.1269735058875758,-0.6746321021645377,110.4351057,-7.0508708,253.041,11.074,12.525,3,1,10,0,0.284,165.52300000000002,-0.275,0.071,-0.11,2.0233,180.0,-1.0,5.007,-1.2128345047874556,/neo3/mag_heading_fusion,1,-12.2253,-31.1279,-27.1973,43.105652132754,1,-4.864117790697095,/imu/mag_heading_fusion,1,-3611.0,7709.0,4228.0,-0.04731357098331329,0.7967402503663766,0.7981438470307652,-4.370526088214746,logger_gyro_integral:neo3_calibrated_ros,1,-4.370526088214746,nan,70.38391113281251,0.0,,,,0.3495534423828125,-1.1444283935546875,9.907206469726562,9.985055630199602,,,,-4.8828125,-2.86865234375,3.35693359375,0.08522115488253562,0.05006742849348968,0.058589543981743236,0.058589543981743236,,,,4.9053955078125,1.3568115234375007,70.38391113281251,98634.641,35.60000000000002,,,,,,36,179,355,355,0,356,6195,ROS topics=74 messages=6195
ROS_TOPICS,79,1789500028627671357,2026-09-15T19:20:28.627671+00:00,1789500028627675351,6531877388742,1789500028400000000,1789500028,400000000,9866199,1789500028407634,1789500028400000,2,4,172.4072940460395,105.37081585498134,nav2_filtered_map,1.1269735058875758,-0.6746321021645377,110.4351057,-7.0508708,253.041,11.074,12.525,3,1,10,0,0.284,165.52300000000002,-0.275,0.071,-0.11,2.0233,180.0,-1.0,5.007,-1.0039329217808624,/neo3/mag_heading_fusion,1,-12.1277,-31.3721,-27.002,43.132328591208704,1,-4.165308660595238,/imu/mag_heading_fusion,1,-3541.0,7766.0,4194.0,-0.03715978986213009,0.8047743560949481,0.8056318105751759,-4.4217616369208015,logger_gyro_integral:neo3_calibrated_ros,1,-4.4217616369208015,nan,70.3948974609375,0.0,,,,0.16759411621093748,-0.8667010009765624,9.643844287109374,9.689985190195426,,,,-7.568359375,3.4790039062499996,-1.9531249999999998,0.1320927900679302,-0.06072007285380662,-0.034088461953014244,-0.034088461953014244,,,,4.21875,1.6314697265624998,70.3948974609375,98633.117,35.60000000000002,,,,,,36,181,360,360,0,361,6268,ROS topics=74 messages=6268
ROS_TOPICS,80,1789500028726214473,2026-09-15T19:20:28.726214+00:00,1789500028726217634,6531975931790,1789500028600000000,1789500028,600000000,9866399,1789500028607783,1789500028600000,2,4,172.6088355105037,105.67116925996599,nav2_filtered_map,2.7511413366499378,2.2561465618172423,110.4351204,-7.0508443,252.971,11.017,12.525,3,1,11,0,1.8486,24.138999999999996,1.687,0.756,2.841,2.8831,89.35799999999999,-1.0,5.006,-1.0918750229767584,/neo3/mag_heading_fusion,1,-12.2925,-31.8848,-26.5137,43.25184753256212,1,-4.23683593369901,/imu/mag_heading_fusion,1,-3552.0,7825.0,4071.0,-0.03863549144794435,0.8129431237556446,0.8138606905736445,-4.708663265827051,logger_gyro_integral:neo3_calibrated_ros,1,-4.708663265827051,nan,70.12023925781253,0.0,,,,0.023942016601562498,-0.6368576416015624,9.701305126953125,9.728015625895155,,,,-7.568359375,0.12207031249999999,-4.2724609375,0.1320927900679302,-0.0021305288720633903,-0.07456851052221866,-0.07456851052221866,,,,3.378295898437501,1.549072265625,70.12023925781253,98634.336,35.60000000000002,,,,,,37,184,365,365,0,366,6370,ROS topics=74 messages=6370
ROS_TOPICS,81,1789500028827405069,2026-09-15T19:20:28.827405+00:00,1789500028827407877,6532077122565,1789500028600000000,1789500028,600000000,9866399,1789500028607783,1789500028600000,2,4,172.6300680140308,105.64816056374225,nav2_filtered_map,2.7511413366499378,2.2561465618172423,110.4351204,-7.0508443,252.971,11.017,12.525,3,1,11,0,1.8486,24.138999999999996,1.687,0.756,2.841,2.8831,89.35799999999999,-1.0,5.006,-1.6228652683777833,/neo3/mag_heading_fusion,1,-12.4695,-32.1045,-26.3184,43.345651789539396,1,-4.581157073030809,/imu/mag_heading_fusion,1,-3593.0,7890.0,4005.0,-0.04440913026484555,0.8218916599586571,0.8230905609715597,-5.074920401386131,logger_gyro_integral:neo3_calibrated_ros,1,-5.074920401386131,nan,69.76318359375,0.0,,,,0.6751648681640625,-0.12449848632812499,11.166556542968749,11.193464003598262,,,,-0.30517578125,2.197265625,-1.89208984375,0.005326322180158476,-0.03834951969714103,-0.03302319751698255,-0.03302319751698255,,,,2.8839111328124996,1.8786621093749996,69.76318359375,98631.594,35.60000000000002,,,,,,37,186,370,370,0,371,6446,ROS topics=74 messages=6446
ROS_TOPICS,82,1789500028927105292,2026-09-15T19:20:28.927105+00:00,1789500028927107171,6532176822596,1789500028800000000,1789500028,800000000,9866599,1789500028807849,1789500028800000,2,4,172.99984079366627,106.26383818105708,nav2_filtered_map,4.386357939859691,5.220103566338799,110.4351352,-7.0508175,252.70000000000002,10.963,12.525,3,1,11,0,2.4831,30.386000000000003,2.142,1.256,4.034,2.7592,63.667,-1.0,5.005,-2.0563518998917676,/neo3/mag_heading_fusion,1,-12.6953,-32.1289,-26.2939,43.41435286296457,1,-4.62897995088396,/imu/mag_heading_fusion,1,-3600.0,7918.0,3994.0,-0.04536505354814597,0.8257652235092316,0.8270103943969975,-5.324004841754783,logger_gyro_integral:neo3_calibrated_ros,1,-5.324004841754783,nan,69.5159912109375,0.0,,,,0.2442085693359375,-0.9720458740234375,9.82580361328125,9.882620058718938,,,,-0.0,-6.774902343749999,-5.126953124999999,0.0,0.11824435239951817,-0.0894822126266624,-0.0894822126266624,,,,2.8948974609375004,1.4666748046875,69.5159912109375,98632.203,35.60000000000002,,,,,,38,189,375,375,0,376,6546,ROS topics=74 messages=6546
ROS_TOPICS,83,1789500029026540985,2026-09-15T19:20:29.026541+00:00,1789500029026547715,6532276259200,1789500028800000000,1789500028,800000000,9866599,1789500028807849,1789500028800000,2,4,173.02986697086718,106.25814132097616,nav2_filtered_map,4.386357939859691,5.220103566338799,110.4351352,-7.0508175,252.70000000000002,10.963,12.525,3,1,11,0,2.4831,30.386000000000003,2.142,1.256,4.034,2.7592,63.667,-1.0,5.005,-2.7587692918107067,/neo3/mag_heading_fusion,1,-13.0615,-32.1533,-26.3184,43.55566164920469,1,-5.4773987842806475,/imu/mag_heading_fusion,1,-3692.0,7915.0,3963.0,-0.058583149088564414,0.8251865657459811,0.8272634729303473,-5.878169921954978,logger_gyro_integral:neo3_calibrated_ros,1,-5.878169921954978,nan,68.92822265624997,0.0,,,,0.39743747558593745,-0.584185205078125,9.710881933593749,9.742387343684724,,,,0.732421875,-2.9907226562499996,-3.96728515625,-0.012783173232380343,0.05219795736555306,-0.0692421883420602,-0.0692421883420602,,,,3.010253906249999,1.1590576171875002,68.92822265624997,98632.812,35.60000000000002,,,,,,38,191,380,380,0,381,6615,ROS topics=74 messages=6615
ROS_TOPICS,84,1789500029128527512,2026-09-15T19:20:29.128528+00:00,1789500029128531195,6532378244885,1789500029000000000,1789500029,0,9866808,1789500029016756,1789500029000000,2,4,173.54532647276045,107.16298318862894,nav2_filtered_map,5.988428205050936,8.161941044219382,110.4351497,-7.0507909,252.321,10.909,12.525,3,1,11,0,2.8308,27.976999999999997,2.5,1.328,4.325,2.7592,55.846,-1.0,4.972,-3.2310727639113463,/neo3/mag_heading_fusion,1,-13.4521,-32.1289,-26.4648,43.74483796586747,1,-6.2105843071598645,/imu/mag_heading_fusion,1,-3772.0,7917.0,3999.0,-0.07006901437354356,0.82532299191635,0.8282920425556648,-6.235805957294333,logger_gyro_integral:neo3_calibrated_ros,1,-6.235805957294333,nan,68.56018066406251,0.0,,,,-0.26815058593749996,-0.5458779785156249,9.452308154296874,9.477614166094288,,,,-2.6245117187499996,-0.54931640625,-4.21142578125,0.04580637074936289,0.009587379924285258,-0.07350324608618697,-0.07350324608618697,,,,3.0926513671874996,0.9722900390625004,68.56018066406251,98634.641,35.60000000000002,,,,,,39,194,385,385,0,386,6716,ROS topics=74 messages=6716
ROS_TOPICS,85,1789500029226360576,2026-09-15T19:20:29.226361+00:00,1789500029226363892,6532476077991,1789500029000000000,1789500029,0,9866808,1789500029016756,1789500029000000,2,4,173.58622087866075,107.18330579188843,nav2_filtered_map,5.988428205050936,8.161941044219382,110.4351497,-7.0507909,252.321,10.909,12.525,3,1,11,0,2.8308,27.976999999999997,2.5,1.328,4.325,2.7592,55.846,-1.0,4.972,-4.057686788133285,/neo3/mag_heading_fusion,1,-13.7207,-31.9336,-26.1719,43.50839881057449,1,-6.819431018406125,/imu/mag_heading_fusion,1,-3840.0,7932.0,3978.0,-0.07980853549713256,0.8272847629398472,0.8311254305642658,-6.760707611224996,logger_gyro_integral:neo3_calibrated_ros,1,-6.760707611224996,nan,68.03833007812501,0.0,,,,0.047884033203124995,0.11013327636718749,9.969455712890625,9.975933028998723,,,,-4.7607421875,1.5869140625,-3.96728515625,0.08309062601047223,-0.02769687533682408,-0.0692421883420602,-0.0692421883420602,,,,2.6641845703125,1.1425781249999998,68.03833007812501,98639.523,35.60000000000002,,,,,,39,196,390,390,0,391,6789,ROS topics=74 messages=6789
ROS_TOPICS,86,1789500029327064662,2026-09-15T19:20:29.327065+00:00,1789500029327067877,6532576782150,1789500029200000000,1789500029,200000000,9866999,1789500029207952,1789500029200000,2,4,174.06170793025296,108.03754818202361,nav2_filtered_map,6.176256815347104,8.427369531261512,110.4351514,-7.0507885,251.961,10.917,12.53,3,1,10,0,1.6039,37.935,1.265,0.986,1.772,3.0311,108.28100000000002,-1.0,5.012,-4.273233936988117,/neo3/mag_heading_fusion,1,-13.8794,-32.2754,-26.0742,43.75160677232323,1,-7.077450039556539,/imu/mag_heading_fusion,1,-3872.0,7966.0,3943.0,-0.08434430890142824,0.8319469162239572,0.8362114767560964,-6.925518817462789,logger_gyro_integral:neo3_calibrated_ros,1,-6.925518817462789,nan,67.84606933593751,0.0,,,,0.4165910888671875,-0.5506663818359374,9.883264453125,9.913189525990562,,,,-0.9765624999999999,-2.9296875,-0.48828124999999994,0.017044230976507122,0.05113269292952137,-0.008522115488253561,-0.008522115488253561,,,,2.3071289062500004,1.0931396484375004,67.84606933593751,98632.508,35.60000000000002,,,,,,40,199,395,395,0,396,6889,ROS topics=74 messages=6889
ROS_TOPICS,87,1789500029426336123,2026-09-15T19:20:29.426336+00:00,1789500029426339127,6532676053904,1789500029200000000,1789500029,200000000,9866999,1789500029207952,1789500029200000,2,4,174.1112389443612,108.08284791528837,nav2_filtered_map,6.176256815347104,8.427369531261512,110.4351514,-7.0507885,251.961,10.917,12.53,3,1,10,0,1.6039,37.935,1.265,0.986,1.772,3.0311,108.28100000000002,-1.0,5.012,-4.588833479451187,/neo3/mag_heading_fusion,1,-14.0137,-32.1289,-26.001,43.64289179121842,1,-7.405051565423306,/imu/mag_heading_fusion,1,-3908.0,7965.0,3963.0,-0.08951630033233218,0.8317446210322398,0.8365478364333103,-7.042702041950094,logger_gyro_integral:neo3_calibrated_ros,1,-7.042702041950094,nan,67.75817871093749,0.0,,,,0.0047884033203125,-0.7422025146484375,10.089165795898436,10.122230491165078,,,,4.8828125,8.544921875,-2.25830078125,-0.08522115488253562,-0.14913702104443732,-0.039414784133172724,-0.039414784133172724,,,,2.5543212890625,0.999755859375,67.75817871093749,98635.25,35.60000000000002,,,,,,40,201,399,399,0,400,6952,ROS topics=74 messages=6952
ROS_TOPICS,88,1789500029526487460,2026-09-15T19:20:29.526488+00:00,1789500029526489870,6532776204938,1789500029400000000,1789500029,400000000,9867199,1789500029408054,1789500029400000,2,4,174.53711145282526,108.86255918190433,nav2_filtered_map,6.28674420883229,8.493726466156549,110.4351524,-7.0507879,251.741,10.929,12.54,3,1,10,0,1.0927,41.847,0.814,0.729,0.723,2.8111,147.398,-1.0,5.01,-4.167936592089706,/neo3/mag_heading_fusion,1,-13.635299999999999,-32.104499999999994,-26.5137,43.81320136705374,1,-7.209824470653044,/imu/mag_heading_fusion,1,-3884.0,7943.0,3940.0,-0.08610829544525693,0.8287337452214425,0.8331952106278855,-6.948666608966696,logger_gyro_integral:neo3_calibrated_ros,1,-6.948666608966696,nan,67.84057617187501,0.0,,,,0.44532150878906246,-0.5123591552734374,9.605537060546874,9.635330755210044,,,,1.2817382812499998,6.042480468749999,2.3193359375,-0.0223705531566656,-0.10546117916713782,0.04048004856920442,0.04048004856920442,,,,2.9718017578125004,1.8072509765625,67.84057617187501,98639.828,35.60000000000002,,,,,,41,204,403,403,0,404,7042,ROS topics=74 messages=7042
ROS_TOPICS,89,1789500029628149731,2026-09-15T19:20:29.628150+00:00,1789500029628153574,6532877867092,1789500029400000000,1789500029,400000000,9867199,1789500029408054,1789500029400000,2,4,174.59294602735062,108.93131032254483,nav2_filtered_map,6.28674420883229,8.493726466156549,110.4351524,-7.0507879,251.741,10.929,12.54,3,1,10,0,1.0927,41.847,0.814,0.729,0.723,2.8111,147.398,-1.0,5.01,-3.687697118622074,/neo3/mag_heading_fusion,1,-13.5254,-31.8848,-26.3672,43.529371142252906,1,-6.635557206742085,/imu/mag_heading_fusion,1,-3821.0,7943.0,4026.0,-0.07706039785810177,0.8288448922308054,0.8324194617469874,-6.671588514362203,logger_gyro_integral:neo3_calibrated_ros,1,-6.671588514362203,nan,68.126220703125,0.0,,,,0.2442085693359375,-0.4070142822265625,9.907206469726562,9.924380979000198,,,,-0.0,1.7089843749999998,1.5258789062499998,0.0,-0.029827404208887465,0.026631610900792378,0.026631610900792378,,,,3.0541992187499996,1.8896484374999996,68.126220703125,98634.945,35.60000000000002,,,,,,41,206,408,408,0,409,7119,ROS topics=74 messages=7119
ROS_TOPICS,90,1789500029726699940,2026-09-15T19:20:29.726700+00:00,1789500029726702625,6532976417234,1789500029600000000,1789500029,600000000,9867398,1789500029606745,1789500029600000,2,4,174.9823761095756,109.64579496026103,nav2_filtered_map,6.430377980541531,8.560083540873725,110.4351537,-7.0507873,251.631,10.943,12.55,3,1,10,0,0.9511,45.12800000000001,0.671,0.674,0.444,2.5822,155.565,-1.0,5.012,-3.522307835750201,/neo3/mag_heading_fusion,1,-13.427699999999998,-32.104499999999994,-26.5381,43.76382980441725,1,-6.309061845295445,/imu/mag_heading_fusion,1,-3786.0,7951.0,4010.0,-0.07201967418150919,0.8300169014888493,0.833135577338023,-6.7252966688421845,logger_gyro_integral:neo3_calibrated_ros,1,-6.7252966688421845,nan,68.115234375,0.0,,,,0.5602431884765625,-0.47884033203125,9.720458740234374,9.75420090161224,,,,-1.9531249999999998,2.6855468749999996,-1.03759765625,0.034088461953014244,-0.04687163518539458,-0.01810949541253882,-0.01810949541253882,,,,2.8894042968749996,2.2521972656249996,68.115234375,98637.086,35.85000000000002,,,,,,42,209,413,413,0,414,7217,ROS topics=74 messages=7217
ROS_TOPICS,91,1789500029826709294,2026-09-15T19:20:29.826709+00:00,1789500029826712982,6533076426826,1789500029600000000,1789500029,600000000,9867398,1789500029606745,1789500029600000,2,4,175.04311226155443,109.73609722512371,nav2_filtered_map,6.430377980541531,8.560083540873725,110.4351537,-7.0507873,251.631,10.943,12.55,3,1,10,0,0.9511,45.12800000000001,0.671,0.674,0.444,2.5822,155.565,-1.0,5.012,-3.5458804289327546,/neo3/mag_heading_fusion,1,-13.4521,-31.8848,-26.4893,43.58075813865564,1,-6.298951226660464,/imu/mag_heading_fusion,1,-3787.0,7973.0,4096.0,-0.07212447836216272,0.8330683547792552,0.8361846830178302,-6.763115254596579,logger_gyro_integral:neo3_calibrated_ros,1,-6.763115254596579,nan,68.0657958984375,0.0,,,,0.27293898925781246,-0.5458779785156249,9.6917283203125,9.716747196174355,,,,7.99560546875,1.5258789062499998,0.732421875,-0.13954964112015208,-0.026631610900792378,0.012783173232380343,0.012783173232380343,,,,3.164062499999999,2.4169921874999996,68.0657958984375,98634.031,35.85000000000002,,,,,,42,211,418,418,0,419,7295,ROS topics=74 messages=7295
ROS_TOPICS,92,1789500029927148508,2026-09-15T19:20:29.927149+00:00,1789500029927150940,6533176865831,1789500029800000000,1789500029,800000000,9867599,1789500029808141,1789500029800000,2,4,175.39180669283687,110.37256563053282,nav2_filtered_map,6.496670446424657,8.504785725441852,110.4351543,-7.0507878,251.55100000000002,10.954,12.555,3,1,10,0,0.6897,59.791,0.347,0.596,-0.042,1.5162,125.96300000000001,-1.0,5.007,-3.3699576609060484,/neo3/mag_heading_fusion,1,-13.3423,-31.7871,-27.124,43.86511223854328,1,-6.241671368992445,/imu/mag_heading_fusion,1,-3777.0,7934.0,4197.0,-0.0707571094334897,0.8276734751790874,0.8306924521448418,-6.567877291217673,logger_gyro_integral:neo3_calibrated_ros,1,-6.567877291217673,nan,68.26904296875,0.0,,,,0.258573779296875,-0.833182177734375,10.022128149414062,10.065854701582222,,,,0.91552734375,-0.30517578125,0.9765624999999999,-0.01597896654047543,0.005326322180158476,0.017044230976507122,0.017044230976507122,,,,3.817749023437499,2.3895263671875,68.26904296875,98632.203,35.85000000000002,,,,,,43,214,423,423,0,424,7395,ROS topics=74 messages=7395
ROS_TOPICS,93,1789500030026543703,2026-09-15T19:20:30.026544+00:00,1789500030026549944,6533276261722,1789500029800000000,1789500029,800000000,9867599,1789500029808141,1789500029800000,2,4,175.45698647419673,110.481834036221,nav2_filtered_map,6.496670446424657,8.504785725441852,110.4351543,-7.0507878,251.55100000000002,10.954,12.555,3,1,10,0,0.6897,59.791,0.347,0.596,-0.042,1.5162,125.96300000000001,-1.0,5.007,-3.495127350422482,/neo3/mag_heading_fusion,1,-13.4155,-31.7383,-27.1729,43.88236344535239,1,-6.473010343049345,/imu/mag_heading_fusion,1,-3802.0,7931.0,4262.0,-0.07435283769867966,0.8272130213781751,0.8305478476351952,-6.510481041583885,logger_gyro_integral:neo3_calibrated_ros,1,-6.510481041583885,nan,68.30749511718749,0.0,,,,0.3399766357421875,-0.49320554199218747,9.696516723632811,9.720827729119438,,,,0.18310546875,-2.38037109375,1.220703125,-0.0031957933080950856,0.04154531300523612,0.021305288720633905,0.021305288720633905,,,,3.861694335937499,2.164306640625,68.30749511718749,98631.289,35.85000000000002,,,,,,43,216,428,428,0,429,7465,ROS topics=74 messages=7465
ROS_TOPICS,94,1789500030129957659,2026-09-15T19:20:30.129958+00:00,1789500030129962341,6533379675005,1789500030000000000,1789500030,0,9867807,1789500030015857,1789500030000000,2,4,175.75743158087215,111.0208270041868,nav2_filtered_map,6.375133721099553,8.139820502701987,110.4351532,-7.0507911,251.221,10.814,12.525,3,1,11,0,0.3976,50.102000000000004,0.255,0.305,-0.389,1.2949,180.0,-1.0,4.977,-3.421243258460872,/neo3/mag_heading_fusion,1,-13.5132,-31.7871,-27.1729,43.94761421351562,1,-6.575535041264663,/imu/mag_heading_fusion,1,-3812.0,7919.0,4212.0,-0.07581018277778927,0.8255299876164731,0.8290035851954176,-6.472666459918846,logger_gyro_integral:neo3_calibrated_ros,1,-6.472666459918846,nan,68.3404541015625,0.0,,,,0.3399766357421875,-0.4740519287109375,9.639055883789062,9.66251702061901,,,,-3.9062499999999996,-7.38525390625,-1.03759765625,0.06817692390602849,0.12889699675983513,-0.01810949541253882,-0.01810949541253882,,,,3.636474609375,1.8182373046875,68.3404541015625,98635.25,35.85000000000002,,,,,,44,219,433,433,0,434,7566,ROS topics=74 messages=7566
ROS_TOPICS,95,1789500030226207388,2026-09-15T19:20:30.226207+00:00,1789500030226209389,6533475924681,1789500030000000000,1789500030,0,9867807,1789500030015857,1789500030000000,2,4,175.82692417123687,111.14574063165854,nav2_filtered_map,6.375133721099553,8.139820502701987,110.4351532,-7.0507911,251.221,10.814,12.525,3,1,11,0,0.3976,50.102000000000004,0.255,0.305,-0.389,1.2949,180.0,-1.0,4.977,-4.09263667976198,/neo3/mag_heading_fusion,1,-13.7329,-31.8604,-26.9775,43.948414497226175,1,-7.169322290407549,/imu/mag_heading_fusion,1,-3880.0,7947.0,4137.0,-0.08552676880420818,0.8292959326341725,0.8336945316275443,-6.545909056110251,logger_gyro_integral:neo3_calibrated_ros,1,-6.545909056110251,nan,68.22509765625,0.0,,,,0.3064578125,-0.55545478515625,9.777919580078125,9.804302055723783,,,,-2.74658203125,-6.225585937500001,-0.3662109375,0.04793689962142629,0.10865697247523293,-0.006391586616190171,-0.006391586616190171,,,,3.0926513671874996,1.2139892578125,68.22509765625,98638.609,35.85000000000002,,,,,,44,221,438,438,0,439,7640,ROS topics=74 messages=7640
ROS_TOPICS,96,1789500030329012247,2026-09-15T19:20:30.329012+00:00,1789500030329018409,6533578730690,1789500030200000000,1789500030,200000000,9867999,1789500030207303,1789500030200000,2,4,176.09235497701846,111.60187808612773,nav2_filtered_map,6.330938548275011,7.907570046714301,110.4351528,-7.0507932,251.11100000000002,10.689,12.52,3,1,11,0,0.3834,78.719,0.075,0.376,-0.698,2.031,180.0,-1.0,5.011,-4.5394408969789835,/neo3/mag_heading_fusion,1,-13.9771,-32.0068,-26.7578,43.99743664680933,1,-7.5271898987853865,/imu/mag_heading_fusion,1,-3921.0,7961.0,4087.0,-0.09139038377154597,0.8311665554753151,0.8361758458521812,-6.676517836810936,logger_gyro_integral:neo3_calibrated_ros,1,-6.676517836810936,nan,68.0987548828125,0.0,,,,0.40222587890625,-0.507570751953125,9.9215716796875,9.948515906745365,,,,-1.40380859375,1.03759765625,-2.6855468749999996,0.024501082028728992,-0.01810949541253882,-0.04687163518539458,-0.04687163518539458,,,,2.9443359375000004,0.9777832031249999,68.0987548828125,98628.844,35.85000000000002,,,,,,45,224,443,443,0,444,7740,ROS topics=74 messages=7740
ROS_TOPICS,97,1789500030426342196,2026-09-15T19:20:30.426342+00:00,1789500030426345104,6533676059478,1789500030200000000,1789500030,200000000,9867999,1789500030207303,1789500030200000,2,4,176.167213458333,111.7393101561477,nav2_filtered_map,6.330938548275011,7.907570046714301,110.4351528,-7.0507932,251.11100000000002,10.689,12.52,3,1,11,0,0.3834,78.719,0.075,0.376,-0.698,2.031,180.0,-1.0,5.011,-4.854253765798143,/neo3/mag_heading_fusion,1,-14.1479,-32.0801,-26.7334,44.09048158026855,1,-7.744223340716507,/imu/mag_heading_fusion,1,-3948.0,7986.0,4023.0,-0.09522394820994466,0.8345884864161967,0.8400032987858848,-7.108709055805077,logger_gyro_integral:neo3_calibrated_ros,1,-7.108709055805077,nan,67.68676757812499,0.0,,,,0.45489831542968745,-0.469263525390625,10.012551342773437,10.039691165441697,,,,-3.35693359375,2.74658203125,-5.0048828125,0.058589543981743236,-0.04793689962142629,-0.08735168375459901,-0.08735168375459901,,,,2.730102539062499,1.1590576171874998,67.68676757812499,98633.727,35.85000000000002,,,,,,45,226,448,448,0,449,7810,ROS topics=74 messages=7810
ROS_TOPICS,98,1789500030528103432,2026-09-15T19:20:30.528103+00:00,1789500030528106758,6533777821111,1789500030400000000,1789500030,400000000,9868200,1789500030408392,1789500030400000,2,4,176.4054902208129,112.11962647077661,nav2_filtered_map,6.319889739130963,7.730617386420642,110.4351527,-7.0507948,251.08100000000002,10.583,12.52,3,1,11,0,0.2724,106.639,-0.078,0.261,-0.824,2.5117,180.0,-1.0,5.006,-5.093042377048052,/neo3/mag_heading_fusion,1,-14.3066,-32.2754,-26.416,44.0929167182213,1,-8.095423014586467,/imu/mag_heading_fusion,1,-3993.0,8033.0,4066.0,-0.10160381300330859,0.8410318785973386,0.8471469504364516,-7.593249596759667,logger_gyro_integral:neo3_calibrated_ros,1,-7.593249596759667,nan,67.21435546875,0.0,,,,0.4644751220703125,-0.37828386230468747,9.821015209960937,9.845096307859318,,,,-7.50732421875,9.70458984375,-4.0283203125,0.1310275256318985,-0.16937704532903955,-0.07030745277809189,-0.07030745277809189,,,,2.142333984375,1.7303466796874998,67.21435546875,98629.758,35.85000000000002,,,,,,46,229,453,453,0,454,7910,ROS topics=74 messages=7910
ROS_TOPICS,99,1789500030627837970,2026-09-15T19:20:30.627838+00:00,1789500030627842127,6533877555390,1789500030400000000,1789500030,400000000,9868200,1789500030408392,1789500030400000,2,4,176.48764481845296,112.26596427143498,nav2_filtered_map,6.319889739130963,7.730617386420642,110.4351527,-7.0507948,251.08100000000002,10.583,12.52,3,1,11,0,0.2724,106.639,-0.078,0.261,-0.824,2.5117,180.0,-1.0,5.006,-4.804038016770537,/neo3/mag_heading_fusion,1,-14.1602,-32.4951,-26.2451,44.10496641037152,1,-7.6813211866880176,/imu/mag_heading_fusion,1,-3954.0,8093.0,4013.0,-0.09589687924996222,0.8494276407851665,0.8548236826268536,-7.777578899310937,logger_gyro_integral:neo3_calibrated_ros,1,-7.777578899310937,nan,67.04406738281253,0.0,,,,0.3495534423828125,-0.5027823486328125,9.433154541015625,9.458837403055497,,,,-4.57763671875,6.896972656249999,-1.03759765625,0.07989483270237714,-0.12037488127158155,-0.01810949541253882,-0.01810949541253882,,,,1.6424560546875004,2.7246093750000004,67.04406738281253,98638.609,35.85000000000002,,,,,,46,231,458,458,0,459,7987,ROS topics=74 messages=7987
ROS_TOPICS,100,1789500030726556231,2026-09-15T19:20:30.726556+00:00,1789500030726562389,6533976274143,1789500030600000000,1789500030,600000000,9868399,1789500030607544,1789500030600000,2,4,176.70170754175905,112.57613707206849,nav2_filtered_map,6.31988970990658,7.575783828589529,110.4351527,-7.0507962,251.071,10.494,12.525,3,1,11,0,0.2293,92.99999999999999,-0.012,0.229,-0.717,2.478,180.0,-1.0,5.009,-4.70104401065387,/neo3/mag_heading_fusion,1,-14.1235,-32.6904,-26.1719,44.19393458405802,1,-7.288423656740109,/imu/mag_heading_fusion,1,-3916.0,8148.0,3963.0,-0.09034238410985346,0.8571277256600573,0.861875678077665,-8.024157305499905,logger_gyro_integral:neo3_calibrated_ros,1,-8.024157305499905,nan,66.81884765624999,0.0,,,,0.16759411621093748,0.09576806640624999,9.552864624023437,9.560582654673473,,,,-0.3662109375,-2.6855468749999996,-2.74658203125,0.006391586616190171,0.04687163518539458,-0.04793689962142629,-0.04793689962142629,,,,1.3787841796874998,2.8948974609375004,66.81884765624999,98633.117,35.60000000000002,,,,,,47,233,463,463,0,464,8082,ROS topics=74 messages=8082
ROS_TOPICS,101,1789500030826606998,2026-09-15T19:20:30.826607+00:00,1789500030826609311,6534076324323,1789500030600000000,1789500030,600000000,9868399,1789500030607544,1789500030600000,2,4,176.79036982612882,112.72961724034872,nav2_filtered_map,6.31988970990658,7.575783828589529,110.4351527,-7.0507962,251.071,10.494,12.525,3,1,11,0,0.2293,92.99999999999999,-0.012,0.229,-0.717,2.478,180.0,-1.0,5.009,-5.10810665074141,/neo3/mag_heading_fusion,1,-14.3188,-32.4707,-26.0742,44.03678346076153,1,-7.612879908306538,/imu/mag_heading_fusion,1,-3956.0,8174.0,3976.0,-0.09604121079624665,0.8606655041187073,0.8660075196850878,-8.046085239581934,logger_gyro_integral:neo3_calibrated_ros,1,-8.046085239581934,nan,66.76391601562499,0.0,,,,-0.143652099609375,-0.028730419921875,9.830592016601562,9.837426983389916,,,,3.96728515625,4.150390625,2.13623046875,-0.0692421883420602,-0.07243798165015528,0.03728425526110933,0.03728425526110933,,,,1.5325927734374996,2.9168701171875,66.76391601562499,98631.289,35.60000000000002,,,,,,47,236,468,468,0,469,8164,ROS topics=74 messages=8164
ROS_TOPICS,102,1789500030926593701,2026-09-15T19:20:30.926594+00:00,1789500030926600896,6534176312322,1789500030800000000,1789500030,800000000,9868599,1789500030807807,1789500030800000,2,4,176.97264954110076,112.9679505649091,nav2_filtered_map,6.264645934027309,7.365652641132513,110.4351522,-7.0507981,251.11100000000002,10.416,12.53,3,1,11,0,0.2989,156.952,-0.275,0.117,-1.121,2.8818,180.0,-1.0,5.008,-4.646575061722017,/neo3/mag_heading_fusion,1,-14.0747,-32.4707,-26.3672,44.13244582413261,1,-7.108387665243544,/imu/mag_heading_fusion,1,-3895.0,8143.0,3974.0,-0.08733523943868768,0.8564708615884852,0.8609121794921565,-8.070680617023337,logger_gyro_integral:neo3_calibrated_ros,1,-8.070680617023337,nan,66.8243408203125,0.0,,,,1.0630255371093749,-0.469263525390625,12.229582080078124,12.29051870378794,,,,-8.666992187499998,10.1318359375,-5.67626953125,0.1512675499165007,-0.1768338963812614,-0.09906959255094766,-0.09906959255094766,,,,1.8182373046875,3.3453369140625,66.8243408203125,98638.305,35.60000000000002,,,,,,48,238,473,473,0,474,8258,ROS topics=74 messages=8258
ROS_TOPICS,103,1789500031026550662,2026-09-15T19:20:31.026551+00:00,1789500031026558791,6534276268815,1789500030800000000,1789500030,800000000,9868599,1789500030807807,1789500030800000,2,4,177.06658086161053,113.12666398703828,nav2_filtered_map,6.264645934027309,7.365652641132513,110.4351522,-7.0507981,251.11100000000002,10.416,12.53,3,1,11,0,0.2989,156.952,-0.275,0.117,-1.121,2.8818,180.0,-1.0,5.008,-4.926881090142626,/neo3/mag_heading_fusion,1,-14.209,-32.3242,-26.123,43.9222120986637,1,-7.243227144685484,/imu/mag_heading_fusion,1,-3906.0,8105.0,4036.0,-0.08898207213415585,0.851177715600135,0.8558161675824735,-8.65663430592714,logger_gyro_integral:neo3_calibrated_ros,1,-8.65663430592714,nan,66.19812011718749,0.0,,,,1.0582371337890624,-0.3399766357421875,9.6917283203125,9.761124401149683,,,,2.50244140625,-0.9765624999999999,-2.3193359375,-0.043675841877299504,0.017044230976507122,-0.04048004856920442,-0.04048004856920442,,,,1.8292236328125,3.6254882812499996,66.19812011718749,98636.781,35.60000000000002,,,,,,48,241,478,478,0,479,8333,ROS topics=74 messages=8333
ROS_TOPICS,104,1789500031128458353,2026-09-15T19:20:31.128458+00:00,1789500031128465152,6534378175790,1789500031000000000,1789500031,0,9868808,1789500031016882,1789500031000000,2,4,177.2172874980526,113.29670785305132,nav2_filtered_map,6.198353444377533,7.144461969382487,110.4351516,-7.0508001,251.201,10.35,12.54,3,1,11,0,0.2183,200.09500000000003,-0.205,-0.075,-1.323,2.9633,180.0,-1.0,4.974,-5.29287808157902,/neo3/mag_heading_fusion,1,-14.4043,-32.3486,-26.2451,44.07630944691264,1,-7.708538782199944,/imu/mag_heading_fusion,1,-3955.0,8076.0,4039.0,-0.09607048872212609,0.847066572092966,0.8524971063649637,-8.615105791644911,logger_gyro_integral:neo3_calibrated_ros,1,-8.615105791644911,nan,66.1651611328125,0.0,,,,-0.11013327636718749,-0.3495534423828125,9.141061938476563,9.154175971372918,,,,-6.34765625,-24.47509765625,1.15966796875,0.11078750134729631,0.42717103884870977,0.02024002428460221,0.02024002428460221,,,,1.6864013671874998,2.3071289062499996,66.1651611328125,98633.117,35.60000000000002,,,,,,49,243,483,483,0,484,8429,ROS topics=74 messages=8429
ROS_TOPICS,105,1789500031226377533,2026-09-15T19:20:31.226377+00:00,1789500031226379576,6534476094797,1789500031000000000,1789500031,0,9868808,1789500031016882,1789500031000000,2,4,177.31687736665606,113.4582519737627,nav2_filtered_map,6.198353444377533,7.144461969382487,110.4351516,-7.0508001,251.201,10.35,12.54,3,1,11,0,0.2183,200.09500000000003,-0.205,-0.075,-1.323,2.9633,180.0,-1.0,4.974,-6.699988295979019,/neo3/mag_heading_fusion,1,-15.1733,-32.5439,-25.6348,44.11890106450975,1,-8.913519164525894,/imu/mag_heading_fusion,1,-4093.0,8091.0,3980.0,-0.11586322938699858,0.8489048464393933,0.8567751900191054,-8.592438974750378,logger_gyro_integral:neo3_calibrated_ros,1,-8.592438974750378,nan,66.12121582031253,0.0,,,,0.7278373046875,-0.51714755859375,11.487379565429686,11.527871025069404,,,,2.3193359375,-7.873535156250001,2.86865234375,-0.04048004856920442,0.1374191122480887,0.05006742849348968,0.05006742849348968,,,,1.2579345703125002,0.3790283203125001,66.12121582031253,98634.945,35.60000000000002,,,,,,49,246,488,488,0,489,8507,ROS topics=74 messages=8507
ROS_TOPICS,106,1789500031326538626,2026-09-15T19:20:31.326539+00:00,1789500031326545131,6534576256923,1789500031200000000,1789500031,200000000,9868998,1789500031207057,1789500031200000,2,4,177.4430604201154,113.57653053741217,nav2_filtered_map,6.19835352515088,7.0117476095598,110.4351516,-7.0508013,251.30100000000002,10.29,12.555,3,1,11,0,0.3799,151.546,-0.334,0.181,-0.926,2.8655,180.0,-1.0,5.017,-6.2990788328614045,/neo3/mag_heading_fusion,1,-14.9536,-32.4951,-25.9277,44.179036932237445,1,-9.048885209636694,/imu/mag_heading_fusion,1,-4106.0,8075.0,3970.0,-0.11775848368513864,0.8466613895032052,0.8548114230374564,-8.050442942951063,logger_gyro_integral:neo3_calibrated_ros,1,-8.050442942951063,nan,66.67053222656249,0.0,,,,0.26336218261718747,-0.469263525390625,9.217676391601563,9.239189634284573,,,,-1.15966796875,11.53564453125,5.249023437499999,0.02024002428460221,-0.2013349784099904,0.09161274149872578,0.09161274149872578,,,,1.5930175781249996,1.1865234374999998,66.67053222656249,98630.984,35.60000000000002,,,,,,50,248,493,493,0,494,8602,ROS topics=74 messages=8602
ROS_TOPICS,107,1789500031426407697,2026-09-15T19:20:31.426408+00:00,1789500031426411283,6534676125138,1789500031200000000,1789500031,200000000,9868998,1789500031207057,1789500031200000,2,4,177.54427958608488,113.74043367724235,nav2_filtered_map,6.19835352515088,7.0117476095598,110.4351516,-7.0508013,251.30100000000002,10.29,12.555,3,1,11,0,0.3799,151.546,-0.334,0.181,-0.926,2.8655,180.0,-1.0,5.017,-5.526670016787742,/neo3/mag_heading_fusion,1,-14.5508,-32.5684,-25.7324,43.98389329015793,1,-8.423714145703212,/imu/mag_heading_fusion,1,-4035.0,8072.0,3925.0,-0.10756693943656835,0.8463703025737032,0.8531783726387187,-7.7355410230902235,logger_gyro_integral:neo3_calibrated_ros,1,-7.7355410230902235,nan,67.01110839843751,0.0,,,,0.047884033203124995,-0.08140285644531249,9.524134204101562,9.530372263036911,,,,-5.0048828125,-17.578125,0.9765624999999999,0.08735168375459901,0.30679615757712825,0.017044230976507122,0.017044230976507122,,,,1.3018798828125004,0.8679199218749999,67.01110839843751,98632.508,35.60000000000002,,,,,,50,251,498,498,0,499,8678,ROS topics=74 messages=8678
ROS_TOPICS,108,1789500031526513422,2026-09-15T19:20:31.526513+00:00,1789500031526519366,6534776231373,1789500031400000000,1789500031,400000000,9869200,1789500031408347,1789500031400000,2,4,177.65480450748777,113.8075282686302,nav2_filtered_map,6.253597444585022,6.845854674071277,110.4351521,-7.0508028,251.451,10.235,12.565,3,1,11,0,0.7524,144.958,-0.616,0.432,-0.994,2.5988,180.0,-1.0,5.007,-6.39379074810042,/neo3/mag_heading_fusion,1,-15.0391,-32.7881,-25.4883,44.1688517771291,1,-8.991185530989517,/imu/mag_heading_fusion,1,-4105.0,8113.0,3822.0,-0.1175478252098538,0.8519368931091168,0.8600081168523824,-7.7196367233465715,logger_gyro_integral:neo3_calibrated_ros,1,-7.7196367233465715,nan,66.99462890625001,0.0,,,,-0.201112939453125,-0.5123591552734374,9.184157568359375,9.20640367249041,,,,0.24414062499999997,4.82177734375,1.89208984375,-0.0042610577441267805,-0.08415589044650393,0.03302319751698255,0.03302319751698255,,,,1.1096191406250002,-0.15930175781249994,66.99462890625001,98629.758,35.60000000000002,,,,,,51,253,503,503,0,504,8775,ROS topics=74 messages=8775
ROS_TOPICS,109,1789500031628551863,2026-09-15T19:20:31.628552+00:00,1789500031628555128,6534878269237,1789500031400000000,1789500031,400000000,9869200,1789500031408347,1789500031400000,2,4,177.75305891212471,113.96391554232997,nav2_filtered_map,6.253597444585022,6.845854674071277,110.4351521,-7.0508028,251.451,10.235,12.565,3,1,11,0,0.7524,144.958,-0.616,0.432,-0.994,2.5988,180.0,-1.0,5.007,-5.946471391244437,/neo3/mag_heading_fusion,1,-14.8071,-32.8613,-25.708,44.2720737271251,1,-8.91817231381026,/imu/mag_heading_fusion,1,-4099.0,8129.0,3771.0,-0.1166578928658421,0.854168000377598,0.8620974636530155,-7.559725037433485,logger_gyro_integral:neo3_calibrated_ros,1,-7.559725037433485,nan,67.17041015624999,0.0,,,,0.27293898925781246,-0.201112939453125,9.792284790039062,9.803953204044749,,,,-0.732421875,8.9111328125,0.06103515624999999,0.012783173232380343,-0.1555286076606275,0.0010652644360316951,0.0010652644360316951,,,,1.0107421875,0.7415771484375001,67.17041015624999,98633.422,35.60000000000002,,,,,,51,256,508,508,0,509,8853,ROS topics=74 messages=8853
ROS_TOPICS,110,1789500031727555972,2026-09-15T19:20:31.727556+00:00,1789500031727558101,6534977273338,1789500031600000000,1789500031,600000000,9869400,1789500031608597,1789500031600000,2,4,177.8440003976331,113.9871090128097,nav2_filtered_map,6.27569481618858,6.702080518486731,110.4351523,-7.0508041,251.321,10.189,12.58,3,1,11,0,0.2901,78.264,0.059,0.284,-0.17,1.3291,180.0,-1.0,5.006,-5.591232435053577,/neo3/mag_heading_fusion,1,-14.624,-32.9346,-25.6836,44.251514800286785,1,-8.578840646900918,/imu/mag_heading_fusion,1,-4058.0,8112.0,3862.0,-0.11079957061323588,0.8518810296916394,0.8590563622932812,-7.956425685138561,logger_gyro_integral:neo3_calibrated_ros,1,-7.956425685138561,nan,66.8353271484375,0.0,,,,0.4740519287109375,-0.16759411621093748,9.576806640625,9.595814781447523,,,,-0.30517578125,3.0517578124999996,-7.751464843749999,0.005326322180158476,-0.053263221801584756,-0.13528858337602528,-0.13528858337602528,,,,0.9613037109374999,1.20849609375,66.8353271484375,98631.898,35.85000000000002,,,,,,52,258,513,513,0,514,8951,ROS topics=74 messages=8951
ROS_TOPICS,111,1789500031827170105,2026-09-15T19:20:31.827170+00:00,1789500031827172893,6535076887368,1789500031600000000,1789500031,600000000,9869400,1789500031608597,1789500031600000,2,4,177.95034300225603,114.15019558067821,nav2_filtered_map,6.27569481618858,6.702080518486731,110.4351523,-7.0508041,251.321,10.189,12.58,3,1,11,0,0.2901,78.264,0.059,0.284,-0.17,1.3291,180.0,-1.0,5.006,-6.258760735548081,/neo3/mag_heading_fusion,1,-14.978,-32.8857,-25.6592,44.31934445735857,1,-9.078312891208778,/imu/mag_heading_fusion,1,-4118.0,8134.0,3837.0,-0.11937780269297123,0.8548283929256578,0.8631237692982767,-8.870695907794808,logger_gyro_integral:neo3_calibrated_ros,1,-8.870695907794808,nan,65.928955078125,0.0,,,,0.239420166015625,-0.047884033203124995,9.619902270507811,9.628787539958058,,,,0.54931640625,-5.249023437499999,-9.21630859375,-0.009587379924285258,0.09161274149872578,-0.16085492984078598,-0.16085492984078598,,,,0.933837890625,1.2084960937500002,65.928955078125,98637.391,35.85000000000002,,,,,,52,261,518,518,0,519,9031,ROS topics=74 messages=9031
ROS_TOPICS,112,1789500031927162716,2026-09-15T19:20:31.927163+00:00,1789500031927164428,6535176880007,1789500031800000000,1789500031,800000000,9869600,1789500031808610,1789500031800000,2,4,178.00432406444463,114.12817615505467,nav2_filtered_map,6.154158470225642,6.503008843788033,110.4351512,-7.0508059,251.341,10.161,12.595,3,1,11,0,0.2501,275.277,0.023,-0.249,-1.174,3.1075,180.0,-1.0,5.005,-7.214205530864078,/neo3/mag_heading_fusion,1,-15.4907,-32.8613,-25.6592,44.47720055061919,1,-10.053907419588866,/imu/mag_heading_fusion,1,-4231.0,8142.0,3841.0,-0.1355924574750923,0.8557392949236113,0.8664150595416115,-9.124645114581917,logger_gyro_integral:neo3_calibrated_ros,1,-9.124645114581917,nan,65.57739257812501,0.0,,,,-0.59376201171875,-0.062249243164062495,10.070012182617187,10.093382136871984,,,,0.732421875,-8.1787109375,1.89208984375,-0.012783173232380343,0.14274543442824716,0.03302319751698255,0.03302319751698255,,,,1.0052490234375002,0.318603515625,65.57739257812501,98630.062,35.85000000000002,,,,,,53,263,523,523,0,524,9127,ROS topics=74 messages=9127
ROS_TOPICS,113,1789500032027906443,2026-09-15T19:20:32.027907+00:00,1789500032027908471,6535277623809,1789500031800000000,1789500031,800000000,9869600,1789500031808610,1789500031800000,2,4,178.11513399285846,114.28652877424746,nav2_filtered_map,6.154158470225642,6.503008843788033,110.4351512,-7.0508059,251.341,10.161,12.595,3,1,11,0,0.2501,275.277,0.023,-0.249,-1.174,3.1075,180.0,-1.0,5.005,-7.4561714158091785,/neo3/mag_heading_fusion,1,-15.625,-32.8857,-25.708,44.57029451877113,1,-10.327903037273634,/imu/mag_heading_fusion,1,-4262.0,8139.0,3879.0,-0.14004989027239229,0.855268255693236,0.8666589646232591,-9.000156275348518,logger_gyro_integral:neo3_calibrated_ros,1,-9.000156275348518,nan,65.72021484375001,0.0,,,,0.22026655273437498,-0.32561142578124996,9.725247143554688,9.73899354838746,,,,0.06103515624999999,-1.46484375,0.0,-0.0010652644360316951,0.025566346464760685,0.0,0.0,,,,1.0052490234375,0.2197265625,65.72021484375001,98634.945,35.85000000000002,,,,,,53,266,528,528,0,529,9202,ROS topics=74 messages=9202
ROS_TOPICS,114,1789500032128834916,2026-09-15T19:20:32.128835+00:00,1789500032128839313,6535378552386,1789500032000000000,1789500032,0,9869807,1789500032015315,1789500032000000,2,4,178.1326008233323,114.2374185303188,nav2_filtered_map,6.04367103292604,6.403473173724303,110.4351502,-7.0508068,251.511,10.13,12.61,3,1,11,0,0.5051,250.453,-0.169,-0.476,-1.193,3.1462,180.0,-1.0,4.979,-7.511189402864239,/neo3/mag_heading_fusion,1,-15.6616,-32.9346,-25.708,44.619220698259625,1,-10.259815158646186,/imu/mag_heading_fusion,1,-4254.0,8138.0,3925.0,-0.13890271513448946,0.8551435869842482,0.8663512674614262,-9.080716908038948,logger_gyro_integral:neo3_calibrated_ros,1,-9.080716908038948,nan,65.64331054687501,0.0,,,,-0.028730419921875,-0.16759411621093748,9.892841259765625,9.900069615792782,,,,0.30517578125,-3.662109375,-1.15966796875,-0.005326322180158476,0.06391586616190172,-0.02024002428460221,-0.02024002428460221,,,,1.021728515625,-0.016479492187500118,65.64331054687501,98631.289,35.85000000000002,,,,,,54,268,533,533,0,534,9298,ROS topics=74 messages=9298
ROS_TOPICS,115,1789500032227741634,2026-09-15T19:20:32.227742+00:00,1789500032227743815,6535477458937,1789500032000000000,1789500032,0,9869807,1789500032015315,1789500032000000,2,4,178.242792483109,114.39280676085133,nav2_filtered_map,6.04367103292604,6.403473173724303,110.4351502,-7.0508068,251.511,10.13,12.61,3,1,11,0,0.5051,250.453,-0.169,-0.476,-1.193,3.1462,180.0,-1.0,4.979,-7.784188240447523,/neo3/mag_heading_fusion,1,-15.7959,-32.8369,-25.708,44.59454812440642,1,-10.401395152458845,/imu/mag_heading_fusion,1,-4272.0,8148.0,3934.0,-0.14147018634838093,0.856499656845245,0.8681045304578637,-9.100255655658577,logger_gyro_integral:neo3_calibrated_ros,1,-9.100255655658577,nan,65.61035156249999,0.0,,,,-0.13407529296874998,-0.0526724365234375,9.634267480468749,9.641090566743815,,,,0.48828124999999994,-3.96728515625,0.0,-0.008522115488253561,0.0692421883420602,0.0,0.0,,,,1.0382080078124998,-0.29113769531250006,65.61035156249999,98635.562,35.60000000000002,,,,,,54,271,538,538,0,539,9376,ROS topics=74 messages=9376
ROS_TOPICS,116,1789500032328307739,2026-09-15T19:20:32.328308+00:00,1789500032328310615,6535578025153,1789500032200000000,1789500032,200000000,9869998,1789500032206691,1789500032200000,2,4,178.25686800121386,114.33128732711096,nav2_filtered_map,6.132061096694956,6.414532692798551,110.435151,-7.0508067,251.501,10.149,12.634,3,1,10,0,0.5214,110.31200000000001,-0.181,0.489,-0.153,1.4823,162.882,-1.0,5.018,-7.951221460733144,/neo3/mag_heading_fusion,1,-15.8936,-32.8857,-25.7568,44.69327166017274,1,-10.620284973969524,/imu/mag_heading_fusion,1,-4299.0,8158.0,3831.0,-0.14533021436043747,0.8578398485620472,0.8700632603362854,-9.106358215656133,logger_gyro_integral:neo3_calibrated_ros,1,-9.106358215656133,nan,65.60485839843749,0.0,,,,-0.009576806640625,-0.3687070556640625,9.634267480468749,9.647107577657787,,,,1.0986328125,-8.36181640625,-0.06103515624999999,-0.019174759848570515,0.14594122773634224,-0.0010652644360316951,-0.0010652644360316951,,,,1.1041259765624998,-0.8294677734375,65.60485839843749,98632.812,35.60000000000002,,,,,,55,273,543,543,0,544,9471,ROS topics=74 messages=9471
ROS_TOPICS,117,1789500032427331606,2026-09-15T19:20:32.427332+00:00,1789500032427333585,6535677049042,1789500032200000000,1789500032,200000000,9869998,1789500032206691,1789500032200000,2,4,178.3665664101417,114.4831434850224,nav2_filtered_map,6.132061096694956,6.414532692798551,110.435151,-7.0508067,251.501,10.149,12.634,3,1,10,0,0.5214,110.31200000000001,-0.181,0.489,-0.153,1.4823,162.882,-1.0,5.018,-8.374038977367535,/neo3/mag_heading_fusion,1,-16.1011,-32.7393,-25.6592,44.60383089309706,1,-11.025090191589232,/imu/mag_heading_fusion,1,-4342.0,8137.0,3882.0,-0.15154281251034685,0.8548495514038503,0.868177965372832,-9.11978749379334,logger_gyro_integral:neo3_calibrated_ros,1,-9.11978749379334,nan,65.58837890624999,0.0,,,,-0.13407529296874998,-0.26815058593749996,10.290278735351562,10.300406682120764,,,,0.30517578125,-1.5258789062499998,-0.06103515624999999,-0.005326322180158476,0.026631610900792378,-0.0010652644360316951,-0.0010652644360316951,,,,1.142578125,-1.153564453125,65.58837890624999,98634.031,35.60000000000002,,,,,,55,276,548,548,0,549,9548,ROS topics=74 messages=9548
ROS_TOPICS,118,1789500032526941738,2026-09-15T19:20:32.526942+00:00,1789500032526943834,6535776659047,1789500032400000000,1789500032,400000000,9870199,1789500032408024,1789500032400000,2,4,178.35450782794055,114.39740598204486,nav2_filtered_map,6.054719637303274,6.292877625786746,110.4351503,-7.0508078,251.36100000000002,10.17,12.654,3,1,11,0,0.5282,323.39,0.424,-0.315,-0.406,1.9091,180.0,-1.0,5.011,-8.467922460896794,/neo3/mag_heading_fusion,1,-16.1255,-32.5684,-25.4883,44.38902866362362,1,-11.050359948761367,/imu/mag_heading_fusion,1,-4344.0,8132.0,3906.0,-0.15183886854560277,0.8541521098526695,0.8675430068688098,-9.11978749379334,logger_gyro_integral:neo3_calibrated_ros,1,-9.11978749379334,nan,65.58837890625,0.0,,,,-0.19632453613281248,-0.2154781494140625,10.01733974609375,10.027331020168374,,,,-0.0,0.6713867187499999,0.0,0.0,-0.011717908796348646,0.0,0.0,,,,1.1370849609375,-1.142578125,65.58837890625,98633.727,35.60000000000002,,,,,,56,278,553,553,0,554,9648,ROS topics=74 messages=9648
ROS_TOPICS,119,1789500032629102611,2026-09-15T19:20:32.629103+00:00,1789500032629106120,6535878820149,1789500032400000000,1789500032,400000000,9870199,1789500032408024,1789500032400000,2,4,178.46267700815517,114.54506072216124,nav2_filtered_map,6.054719637303274,6.292877625786746,110.4351503,-7.0508078,251.36100000000002,10.17,12.654,3,1,11,0,0.5282,323.39,0.424,-0.315,-0.406,1.9091,180.0,-1.0,5.011,-8.417394866640528,/neo3/mag_heading_fusion,1,-16.1133,-32.666,-25.5615,44.498272720859624,1,-11.029573793682497,/imu/mag_heading_fusion,1,-4346.0,8156.0,3889.0,-0.15208376167178694,0.8574793641347087,0.8708618320268177,-9.118571274677128,logger_gyro_integral:neo3_calibrated_ros,1,-9.118571274677128,nan,65.58837890625,0.0,,,,-0.2442085693359375,-0.19632453613281248,9.481038574218749,9.49195765021149,,,,-0.0,-0.24414062499999997,0.0,0.0,0.0042610577441267805,0.0,0.0,,,,1.1370849609375,-1.1700439453124998,65.58837890625,98638.305,35.60000000000002,,,,,,56,281,558,558,0,559,9727,ROS topics=74 messages=9727
ROS_TOPICS,120,1789500032727303477,2026-09-15T19:20:32.727304+00:00,1789500032727306296,6535977020904,1789500032600000000,1789500032,600000000,9870399,1789500032607506,1789500032600000,2,4,178.42897230030877,114.45195387365449,nav2_filtered_map,5.999475742473685,6.292877522944379,110.4351498,-7.0508078,251.251,10.192,12.674,3,1,11,0,0.3983,339.882,0.374,-0.137,-0.213,1.3761,180.0,-1.0,5.01,-8.46637121126692,/neo3/mag_heading_fusion,1,-16.1133,-32.4951,-25.5127,44.344873685579486,1,-11.154310239758727,/imu/mag_heading_fusion,1,-4356.0,8132.0,3882.0,-0.1535622776098228,0.8541309389937433,0.8678254628962265,-9.118571274677128,logger_gyro_integral:neo3_calibrated_ros,1,-9.118571274677128,nan,65.58837890625,0.0,,,,-0.19153613281249998,-0.1867477294921875,9.883264453125,9.892633422918388,,,,0.06103515624999999,-0.54931640625,0.0,-0.0010652644360316951,0.009587379924285258,0.0,0.0,,,,1.1370849609375,-1.1700439453124998,65.58837890625,98636.781,35.60000000000002,,,,,,57,283,563,563,0,564,9822,ROS topics=74 messages=9822
ROS_TOPICS,121,1789500032827497446,2026-09-15T19:20:32.827497+00:00,1789500032827499250,6536077214740,1789500032600000000,1789500032,600000000,9870399,1789500032607506,1789500032600000,2,4,178.53484637253467,114.59522462024566,nav2_filtered_map,5.999475742473685,6.292877522944379,110.4351498,-7.0508078,251.251,10.192,12.674,3,1,11,0,0.3983,339.882,0.374,-0.137,-0.213,1.3761,180.0,-1.0,5.01,-8.40178177632519,/neo3/mag_heading_fusion,1,-16.1011,-32.6416,-25.5859,44.48997359608117,1,-11.190558091351802,/imu/mag_heading_fusion,1,-4360.0,8131.0,3900.0,-0.15413851153614,0.8539850994258292,0.8677840922602351,-9.118571274677128,logger_gyro_integral:neo3_calibrated_ros,1,-9.118571274677128,nan,65.58837890625,0.0,,,,-0.2442085693359375,-0.2154781494140625,9.80665,9.817801131813095,,,,-0.0,0.48828124999999994,0.0,0.0,-0.008522115488253561,0.0,0.0,,,,1.1370849609375002,-1.1810302734374998,65.58837890625,98632.203,35.60000000000002,,,,,,57,286,568,568,0,569,9904,ROS topics=74 messages=9904
ROS_TOPICS,122,1789500032927204511,2026-09-15T19:20:32.927205+00:00,1789500032927206155,6536176921714,1789500032800000000,1789500032,800000000,9870598,1789500032806736,1789500032800000,2,4,178.48487347795708,114.50282336569268,nav2_filtered_map,5.966329408076405,6.359234692278707,110.4351495,-7.0508072,251.181,10.213,12.698,3,1,11,0,0.5227,345.033,0.505,-0.135,0.014,1.6382,179.556,-1.0,5.012,-8.504652890972258,/neo3/mag_heading_fusion,1,-16.1377,-32.5195,-25.4395,44.32957705403921,1,-11.20787538408401,/imu/mag_heading_fusion,1,-4362.0,8131.0,3893.0,-0.15442574638017667,0.8539815709493415,0.8678316856776893,-9.118571274677128,logger_gyro_integral:neo3_calibrated_ros,1,-9.118571274677128,nan,65.58837890624999,0.0,,,,-0.22026655273437498,-0.19632453613281248,9.686939916992188,9.697178752740406,,,,-0.06103515624999999,-0.12207031249999999,0.0,0.0010652644360316951,0.0021305288720633903,0.0,0.0,,,,1.1370849609375002,-1.1920166015625,65.58837890624999,98638.0,35.60000000000002,,,,,,58,288,573,573,0,574,9998,ROS topics=74 messages=9998
ROS_TOPICS,123,1789500033027144180,2026-09-15T19:20:33.027144+00:00,1789500033027146257,6536276861517,1789500032800000000,1789500032,800000000,9870598,1789500032806736,1789500032800000,2,4,178.5879420645278,114.64167837828109,nav2_filtered_map,5.966329408076405,6.359234692278707,110.4351495,-7.0508072,251.181,10.213,12.698,3,1,11,0,0.5227,345.033,0.505,-0.135,0.014,1.6382,179.556,-1.0,5.012,-8.460913359693196,/neo3/mag_heading_fusion,1,-16.1255,-32.5928,-25.5615,44.44898923867673,1,-11.01886833030617,/imu/mag_heading_fusion,1,-4340.0,8130.0,3850.0,-0.15126792733401714,0.8538816015757678,0.8671768996862911,-9.118571274677128,logger_gyro_integral:neo3_calibrated_ros,1,-9.118571274677128,nan,65.58837890624997,0.0,,,,-0.1867477294921875,-0.2154781494140625,9.926360083007811,9.936206572952878,,,,-0.06103515624999999,-0.0,0.0,0.0010652644360316951,0.0,0.0,0.0,,,,1.131591796875,-1.1865234374999993,65.58837890624997,98631.594,35.60000000000002,,,,,,58,291,578,578,0,579,10074,ROS topics=74 messages=10074
ROS_TOPICS,124,1789500033128907536,2026-09-15T19:20:33.128907+00:00,1789500033128912139,6536378625022,1789500033000000000,1789500033,0,9870807,1789500033015077,1789500033000000,2,4,178.5130619237736,114.52967060214671,nav2_filtered_map,5.833744434926658,6.2486394636595035,110.4351483,-7.0508082,251.33100000000002,10.235,12.718,3,1,11,0,0.4875,254.168,-0.133,-0.469,-1.054,3.2392,180.0,-1.0,4.978,-8.482001327199136,/neo3/mag_heading_fusion,1,-16.1255,-32.5195,-25.4395,44.32513723329009,1,-10.995115820982459,/imu/mag_heading_fusion,1,-4340.0,8145.0,3871.0,-0.15124146376035932,0.855963340799847,0.8692221932012615,-9.118571274677128,logger_gyro_integral:neo3_calibrated_ros,1,-9.118571274677128,nan,65.58837890624997,0.0,,,,-0.2059013427734375,-0.2059013427734375,9.715670336914062,9.725781637091934,,,,-0.0,0.18310546875,0.0,0.0,-0.0031957933080950856,0.0,0.0,,,,1.1315917968750002,-1.1975097656249998,65.58837890624997,98634.031,35.60000000000002,,,,,,59,293,583,583,0,584,10170,ROS topics=74 messages=10170
ROS_TOPICS,125,1789500033227136962,2026-09-15T19:20:33.227137+00:00,1789500033227138699,6536476854229,1789500033000000000,1789500033,0,9870807,1789500033015077,1789500033000000,2,4,178.61262885668907,114.66346679353455,nav2_filtered_map,5.833744434926658,6.2486394636595035,110.4351483,-7.0508082,251.33100000000002,10.235,12.718,3,1,11,0,0.4875,254.168,-0.133,-0.469,-1.054,3.2392,180.0,-1.0,4.978,-8.41044448359186,/neo3/mag_heading_fusion,1,-16.1133,-32.6904,-25.6104,44.54428445053304,1,-11.088212140790082,/imu/mag_heading_fusion,1,-4348.0,8130.0,3883.0,-0.15241686671016383,0.8538674876698169,0.8673641609827494,-9.118571274677128,logger_gyro_integral:neo3_calibrated_ros,1,-9.118571274677128,nan,65.58837890624997,0.0,,,,-0.201112939453125,-0.19632453613281248,9.80665,9.816425251439886,,,,-0.0,-0.30517578125,0.0,0.0,0.005326322180158476,0.0,0.0,,,,1.1315917968750002,-1.1975097656249998,65.58837890624997,98634.641,35.85000000000002,,,,,,59,296,588,588,0,589,10248,ROS topics=74 messages=10248
ROS_TOPICS,126,1789500033327533406,2026-09-15T19:20:33.327533+00:00,1789500033327536813,6536577250921,1789500033200000000,1789500033,200000000,9870997,1789500033206302,1789500033200000,2,4,178.55094031163188,114.55607706748629,nav2_filtered_map,5.966329621724696,6.348175383718755,110.4351495,-7.0508073,251.411,10.256,12.743,3,1,11,0,0.5517,98.233,-0.079,0.546,-0.078,1.4618,151.81199999999998,-1.0,5.021,-8.380980267625903,/neo3/mag_heading_fusion,1,-16.1011,-32.7148,-25.6836,44.59989763676594,1,-10.965237563101129,/imu/mag_heading_fusion,1,-4336.0,8142.0,3923.0,-0.15067228678701755,0.8555540499080065,0.8687202485953812,-9.118571274677128,logger_gyro_integral:neo3_calibrated_ros,1,-9.118571274677128,nan,65.5938720703125,0.0,,,,-0.296881005859375,-0.08140285644531249,10.682927807617187,10.693093163388122,,,,-1.15966796875,10.314941406249998,0.0,0.02024002428460221,-0.18002968968935648,0.0,0.0,,,,1.0986328125,-1.0162353515625,65.5938720703125,98634.336,35.85000000000002,,,,,,60,298,592,592,0,593,10334,ROS topics=74 messages=10334
ROS_TOPICS,127,1789500033427511804,2026-09-15T19:20:33.427512+00:00,1789500033427513917,6536677229216,1789500033200000000,1789500033,200000000,9870997,1789500033206302,1789500033200000,2,4,178.64660923314835,114.68371582115924,nav2_filtered_map,5.966329621724696,6.348175383718755,110.4351495,-7.0508073,251.411,10.256,12.743,3,1,11,0,0.5517,98.233,-0.079,0.546,-0.078,1.4618,151.81199999999998,-1.0,5.021,-7.787504214644335,/neo3/mag_heading_fusion,1,-15.7837,-32.7393,-25.6836,44.50431730899824,1,-10.536022064755773,/imu/mag_heading_fusion,1,-4287.0,8145.0,3861.0,-0.14362974039338755,0.8560568454267713,0.868022364301466,-9.101515928363646,logger_gyro_integral:neo3_calibrated_ros,1,-9.101515928363646,nan,65.6158447265625,0.0,,,,0.47884033203125,0.1292868896484375,9.504980590820312,9.523707158383413,,,,-1.7089843749999998,16.357421875,1.9531249999999998,0.029827404208887465,-0.28549086885649433,0.034088461953014244,0.034088461953014244,,,,0.9393310546875,0.40649414062500006,65.6158447265625,98633.117,35.85000000000002,,,,,,60,301,597,597,0,598,10411,ROS topics=74 messages=10411
ROS_TOPICS,128,1789500033527021979,2026-09-15T19:20:33.527022+00:00,1789500033527023784,6536776739225,1789500033400000000,1789500033,400000000,9871199,1789500033407491,1789500033400000,2,4,178.57372879259907,114.55639882881854,nav2_filtered_map,5.922134455440025,6.237579864913354,110.4351491,-7.0508083,251.281,10.28,12.767,3,1,11,0,0.3961,331.16999999999996,0.347,-0.191,-0.153,1.43,180.0,-1.0,5.01,-7.14188125665479,/neo3/mag_heading_fusion,1,-15.4419,-32.7881,-25.6348,44.392057265461354,1,-9.723167118571284,/imu/mag_heading_fusion,1,-4197.0,8167.0,3834.0,-0.13066535917037253,0.8592688443973681,0.8691469283378448,-9.013614016803588,logger_gyro_integral:neo3_calibrated_ros,1,-9.013614016803588,nan,65.74218750000001,0.0,,,,0.45010991210937495,0.0143652099609375,9.557653027343749,9.57405869351441,,,,-0.24414062499999997,3.0517578124999996,-1.03759765625,0.0042610577441267805,-0.053263221801584756,-0.01810949541253882,-0.01810949541253882,,,,0.9008789062500003,0.81298828125,65.74218750000001,98632.508,35.85000000000002,,,,,,61,303,602,602,0,603,10507,ROS topics=74 messages=10507
ROS_TOPICS,129,1789500033631004667,2026-09-15T19:20:33.631005+00:00,1789500033631009837,6536880722001,1789500033400000000,1789500033,400000000,9871199,1789500033407491,1789500033400000,2,4,178.6666623643048,114.67958361578809,nav2_filtered_map,5.922134455440025,6.237579864913354,110.4351491,-7.0508083,251.281,10.28,12.767,3,1,11,0,0.3961,331.16999999999996,0.347,-0.191,-0.153,1.43,180.0,-1.0,5.01,-7.101383426213822,/neo3/mag_heading_fusion,1,-15.4297,-32.8613,-25.7568,44.512396318553776,1,-9.63897121026426,/imu/mag_heading_fusion,1,-4184.0,8146.0,3879.0,-0.1288353816872551,0.856377344580827,0.8660142677149201,-9.60990596174988,logger_gyro_integral:neo3_calibrated_ros,1,-9.60990596174988,nan,65.2532958984375,0.0,,,,0.229843359375,-0.507570751953125,10.026916552734374,10.048199649583607,,,,-1.5258789062499998,12.6953125,-8.544921875,0.026631610900792378,-0.22157500269459263,-0.14913702104443732,-0.14913702104443732,,,,0.8294677734374999,1.6259765625,65.2532958984375,98642.578,35.85000000000002,,,,,,61,306,606,606,0,607,10578,ROS topics=74 messages=10578
ROS_TOPICS,130,1789500033726282695,2026-09-15T19:20:33.726283+00:00,1789500033726295138,6536976008016,1789500033600000000,1789500033,600000000,9871398,1789500033606776,1789500033600000,2,4,178.57731521993796,114.53862105335354,nav2_filtered_map,5.8558417549028094,6.204401097646879,110.4351485,-7.0508086,251.121,10.305,12.792,3,1,11,0,0.4035,338.33000000000004,0.375,-0.149,0.053,1.7528,180.0,-1.0,5.012,-7.236762519851095,/neo3/mag_heading_fusion,1,-15.5029,-32.8613,-25.708,44.50961929852917,1,-9.814152710803713,/imu/mag_heading_fusion,1,-4207.0,8164.0,3844.0,-0.13210682610528746,0.8588348541701136,0.8689358550785052,-10.37783416878113,logger_gyro_integral:neo3_calibrated_ros,1,-10.37783416878113,nan,64.4293212890625,0.0,,,,0.679953271484375,-0.086191259765625,8.149862451171874,8.184469356464081,,,,0.732421875,-3.4790039062499996,-7.568359375,-0.012783173232380343,0.06072007285380662,-0.1320927900679302,-0.1320927900679302,,,,0.6536865234375001,2.6586914062500004,64.4293212890625,98638.0,35.60000000000002,,,,,,62,308,610,610,0,611,10664,ROS topics=74 messages=10664
ROS_TOPICS,131,1789500033826865501,2026-09-15T19:20:33.826865+00:00,1789500033826871378,6537076583359,1789500033600000000,1789500033,600000000,9871398,1789500033606776,1789500033600000,2,4,178.6688355907758,114.65388445331337,nav2_filtered_map,5.8558417549028094,6.204401097646879,110.4351485,-7.0508086,251.121,10.305,12.792,3,1,11,0,0.4035,338.33000000000004,0.375,-0.149,0.053,1.7528,180.0,-1.0,5.012,-8.391371964114509,/neo3/mag_heading_fusion,1,-16.1255,-32.8369,-25.6592,44.684318239176484,1,-10.46236562726134,/imu/mag_heading_fusion,1,-4283.0,8171.0,3885.0,-0.143009400510974,0.859672250368151,0.8714861253557333,-11.058314641803594,logger_gyro_integral:neo3_calibrated_ros,1,-11.058314641803594,nan,63.72070312500001,0.0,,,,-0.028730419921875,-0.1771709228515625,9.65342109375,9.660857560134364,,,,1.64794921875,-11.77978515625,-5.7373046875,-0.02876213977285577,0.20559603615411717,-0.10013485698697935,-0.10013485698697935,,,,0.7415771484375,1.5655517578124996,63.72070312500001,98633.727,35.60000000000002,,,,,,62,311,615,615,0,616,10744,ROS topics=74 messages=10744
ROS_TOPICS,132,1789500033926304877,2026-09-15T19:20:33.926305+00:00,1789500033926308071,6537176022224,1789500033800000000,1789500033,800000000,9871598,1789500033806929,1789500033800000,2,4,178.57842930260705,114.51313529690059,nav2_filtered_map,5.811646658777459,6.1933414952389,110.4351481,-7.0508087,251.05100000000002,10.329,12.811,3,1,11,0,0.2589,336.80099999999993,0.238,-0.102,0.087,2.0578,180.0,-1.0,5.011,-9.138095815228107,/neo3/mag_heading_fusion,1,-16.5405,-32.8857,-25.8057,44.95543968453651,1,-11.119771501692167,/imu/mag_heading_fusion,1,-4362.0,8186.0,3928.0,-0.15432871327676467,0.8616146147709658,0.8753268510268503,-11.260936294391486,logger_gyro_integral:neo3_calibrated_ros,1,-11.260936294391486,nan,63.47900390625,0.0,,,,0.13407529296874998,0.086191259765625,10.204087475585936,10.211097186976604,,,,-2.01416015625,10.314941406249998,0.06103515624999999,0.035153726389045944,-0.18002968968935648,0.0010652644360316951,0.0010652644360316951,,,,0.703125,1.6094970703124998,63.47900390625,98636.477,35.60000000000002,,,,,,63,313,620,620,0,621,10840,ROS topics=74 messages=10840
ROS_TOPICS,133,1789500034026433043,2026-09-15T19:20:34.026433+00:00,1789500034026438609,6537276150923,1789500033800000000,1789500033,800000000,9871598,1789500033806929,1789500033800000,2,4,178.66806307097028,114.62097886887643,nav2_filtered_map,5.811646658777459,6.1933414952389,110.4351481,-7.0508087,251.05100000000002,10.329,12.811,3,1,11,0,0.2589,336.80099999999993,0.238,-0.102,0.087,2.0578,180.0,-1.0,5.011,-8.451729605198256,/neo3/mag_heading_fusion,1,-16.1621,-32.8613,-25.7812,44.78558682813032,1,-10.814097215937913,/imu/mag_heading_fusion,1,-4325.0,8178.0,3955.0,-0.1490289825680371,0.8605696306664795,0.8733783411962454,-11.095005975849004,logger_gyro_integral:neo3_calibrated_ros,1,-11.095005975849004,nan,63.64379882812499,0.0,,,,1.0295067138671874,0.37828386230468747,9.275137231445312,9.345569212080527,,,,-0.24414062499999997,-2.5634765624999996,2.86865234375,0.0042610577441267805,0.0447411063133312,0.05006742849348968,0.05006742849348968,,,,0.5548095703125002,2.406005859375,63.64379882812499,98627.32,35.60000000000002,,,,,,63,316,625,625,0,626,10914,ROS topics=74 messages=10914
ROS_TOPICS,134,1789500034127751515,2026-09-15T19:20:34.127751+00:00,1789500034127754647,6537377468849,1789500034000000000,1789500034,0,9871806,1789500034014841,1789500034000000,2,4,178.57064477510912,114.47324025030397,nav2_filtered_map,5.767451702864646,6.149103431610172,110.4351477,-7.0508091,251.141,10.356,12.831,3,1,11,0,0.2506,274.11799999999994,0.018,-0.25,-0.531,3.0465,180.0,-1.0,4.98,-8.644129946336061,/neo3/mag_heading_fusion,1,-16.2476,-32.7393,-25.5859,44.61484673357065,1,-10.908896169365518,/imu/mag_heading_fusion,1,-4338.0,8189.0,4002.0,-0.15087660243359305,0.8620733043336343,0.8751766285765493,-11.44937031154236,logger_gyro_integral:neo3_calibrated_ros,1,-11.44937031154236,nan,63.336181640625,0.0,,,,0.258573779296875,-0.1388636962890625,8.901641772460938,8.91227798437545,,,,-2.01416015625,1.7089843749999998,-7.9345703125,0.035153726389045944,-0.029827404208887465,-0.1384843766841204,-0.1384843766841204,,,,0.6866455078125001,1.1700439453125,63.336181640625,98635.562,35.60000000000002,,,,,,64,318,630,630,0,631,11011,ROS topics=74 messages=11011
ROS_TOPICS,135,1789500034226917512,2026-09-15T19:20:34.226918+00:00,1789500034226919558,6537476634765,1789500034000000000,1789500034,0,9871806,1789500034014841,1789500034000000,2,4,178.65610640144612,114.57450350801373,nav2_filtered_map,5.767451702864646,6.149103431610172,110.4351477,-7.0508091,251.141,10.356,12.831,3,1,11,0,0.2506,274.11799999999994,0.018,-0.25,-0.531,3.0465,180.0,-1.0,4.98,-9.584018963031248,/neo3/mag_heading_fusion,1,-16.7847,-32.8857,-25.708,44.98996202021069,1,-11.605618415222942,/imu/mag_heading_fusion,1,-4421.0,8198.0,4009.0,-0.16278097031692024,0.8631759160938419,0.8783907481421701,-12.10050286336121,logger_gyro_integral:neo3_calibrated_ros,1,-12.10050286336121,nan,62.69348144531251,0.0,,,,0.1388636962890625,-0.63206923828125,10.481814868164061,10.507581863173451,,,,0.24414062499999997,-0.42724609374999994,-6.591796875,-0.0042610577441267805,0.007456851052221866,-0.11504855909142309,-0.11504855909142309,,,,0.6427001953124998,1.2139892578125,62.69348144531251,98634.336,35.60000000000002,,,,,,64,321,635,635,0,636,11088,ROS topics=74 messages=11088
ROS_TOPICS,136,1789500034326298147,2026-09-15T19:20:34.326298+00:00,1789500034326306326,6537576020488,1789500034200000000,1789500034,200000000,9871998,1789500034207305,1789500034200000,2,4,178.55881907312065,114.42622936473572,nav2_filtered_map,5.76745164977403,6.160162912543058,110.4351477,-7.050809,251.08100000000002,10.38,12.855,3,1,11,0,0.2959,335.861,0.27,-0.121,-0.005,1.5581,180.0,-1.0,5.014,-10.121740016652854,/neo3/mag_heading_fusion,1,-17.0532,-32.7393,-25.5127,44.8728342766534,1,-12.013997309682983,/imu/mag_heading_fusion,1,-4461.0,8159.0,3999.0,-0.16859447248916398,0.8576928245814813,0.8741058731598016,-12.374098236102908,logger_gyro_integral:neo3_calibrated_ros,1,-12.374098236102908,nan,62.37487792968751,0.0,,,,0.15322890625,-0.1149216796875,9.4618849609375,9.469607406815348,,,,-0.24414062499999997,1.0986328125,0.0,0.0042610577441267805,-0.019174759848570515,0.0,0.0,,,,0.670166015625,1.1645507812500002,62.37487792968751,98631.898,35.60000000000002,,,,,,65,323,640,640,0,641,11183,ROS topics=74 messages=11183
ROS_TOPICS,137,1789500034426734180,2026-09-15T19:20:34.426734+00:00,1789500034426736585,6537676451539,1789500034200000000,1789500034,200000000,9871998,1789500034207305,1789500034200000,2,4,178.64172093611057,114.51967805054238,nav2_filtered_map,5.76745164977403,6.160162912543058,110.4351477,-7.050809,251.08100000000002,10.38,12.855,3,1,11,0,0.2959,335.861,0.27,-0.121,-0.005,1.5581,180.0,-1.0,5.014,-10.119491526961019,/neo3/mag_heading_fusion,1,-17.0654,-32.8125,-25.5859,44.97250618122143,1,-12.021839150904826,/imu/mag_heading_fusion,1,-4471.0,8204.0,3987.0,-0.16995125598837388,0.8639203998712809,0.8804782147934039,-12.377781392597049,logger_gyro_integral:neo3_calibrated_ros,1,-12.377781392597049,nan,62.369384765624986,0.0,,,,0.1484405029296875,-0.0718260498046875,9.586383447265625,9.593581593113576,,,,0.3662109375,-1.15966796875,0.12207031249999999,-0.006391586616190171,0.02024002428460221,0.0021305288720633903,0.0021305288720633903,,,,0.6976318359374997,1.1206054687499996,62.369384765624986,98631.594,35.60000000000002,,,,,,65,326,645,645,0,646,11260,ROS topics=74 messages=11260
ROS_TOPICS,138,1789500034526359608,2026-09-15T19:20:34.526360+00:00,1789500034526369906,6537776082249,1789500034400000000,1789500034,400000000,9872199,1789500034407431,1789500034400000,2,4,178.5419081473549,114.36001396726203,nav2_filtered_map,5.745353968681726,6.060626901291229,110.4351475,-7.0508099,250.911,10.41,12.879,3,1,11,0,0.1522,60.90899999999999,0.074,0.133,0.142,3.0555,180.0,-1.0,5.008,-10.233256208697062,/neo3/mag_heading_fusion,1,-17.1143,-32.7393,-25.4883,44.882228842493994,1,-12.210575636506155,/imu/mag_heading_fusion,1,-4486.0,8169.0,4019.0,-0.17216726565718382,0.8590365447747712,0.8761194853571337,-12.380196586871952,logger_gyro_integral:neo3_calibrated_ros,1,-12.380196586871952,nan,62.37487792968751,0.0,,,,0.24899697265624998,-0.08140285644531249,10.002974536132811,10.012193840130179,,,,-0.0,-0.42724609374999994,0.0,0.0,0.007456851052221866,0.0,0.0,,,,0.703125,1.1260986328125002,62.37487792968751,98634.031,35.60000000000002,,,,,,66,328,650,650,0,651,11357,ROS topics=74 messages=11357
ROS_TOPICS,139,1789500034628139015,2026-09-15T19:20:34.628139+00:00,1789500034628142003,6537877856419,1789500034400000000,1789500034,400000000,9872199,1789500034407431,1789500034400000,2,4,178.6205423112642,114.44688408843652,nav2_filtered_map,5.745353968681726,6.060626901291229,110.4351475,-7.0508099,250.911,10.41,12.879,3,1,11,0,0.1522,60.90899999999999,0.074,0.133,0.142,3.0555,180.0,-1.0,5.008,-10.133548107734692,/neo3/mag_heading_fusion,1,-17.0776,-32.8369,-25.6348,45.02276529057272,1,-12.259000452843889,/imu/mag_heading_fusion,1,-4496.0,8190.0,4050.0,-0.17356639087424625,0.8619333373060438,0.879235105077502,-12.381501848224492,logger_gyro_integral:neo3_calibrated_ros,1,-12.381501848224492,nan,62.37487792968751,0.0,,,,0.2442085693359375,-0.1197100830078125,10.026916552734374,10.036396234848544,,,,-0.06103515624999999,0.30517578125,0.0,0.0010652644360316951,-0.005326322180158476,0.0,0.0,,,,0.703125,1.1260986328125002,62.37487792968751,98633.117,35.60000000000002,,,,,,66,331,655,655,0,656,11436,ROS topics=74 messages=11436
ROS_TOPICS,140,1789500034726360669,2026-09-15T19:20:34.726361+00:00,1789500034726365177,6537976078638,1789500034600000000,1789500034,600000000,9872399,1789500034607361,1789500034600000,2,4,178.5233183742432,114.27305685883397,nav2_filtered_map,5.767451631623191,5.916853063614614,110.4351477,-7.0508112,251.091,10.446,12.908,3,1,11,0,0.5729,165.64799999999997,-0.555,0.142,-0.827,3.3296,180.0,-1.0,5.007,-10.22157852536056,/neo3/mag_heading_fusion,1,-17.0898,-32.6416,-25.4639,44.787783131228984,1,-12.190858183076662,/imu/mag_heading_fusion,1,-4488.0,8190.0,4141.0,-0.17241745149809953,0.8619474512119947,0.8790228587653187,-12.379061508380742,logger_gyro_integral:neo3_calibrated_ros,1,-12.379061508380742,nan,62.37487792968751,0.0,,,,0.2059013427734375,-0.0909796630859375,9.821015209960937,9.82938133409269,,,,-0.06103515624999999,0.42724609374999994,0.0,0.0010652644360316951,-0.007456851052221866,0.0,0.0,,,,0.703125,1.1260986328125002,62.37487792968751,98630.062,35.85000000000002,,,,,,67,333,660,660,0,661,11532,ROS topics=74 messages=11532
ROS_TOPICS,141,1789500034827101604,2026-09-15T19:20:34.827102+00:00,1789500034827103906,6538076819066,1789500034600000000,1789500034,600000000,9872399,1789500034607361,1789500034600000,2,4,178.59759694938845,114.35284618645498,nav2_filtered_map,5.767451631623191,5.916853063614614,110.4351477,-7.0508112,251.091,10.446,12.908,3,1,11,0,0.5729,165.64799999999997,-0.555,0.142,-0.827,3.3296,180.0,-1.0,5.007,-10.095078910795172,/neo3/mag_heading_fusion,1,-17.0654,-32.8857,-25.6592,45.067634576156756,1,-12.330645642823418,/imu/mag_heading_fusion,1,-4504.0,8188.0,4102.0,-0.17471885872688064,0.8616416581702157,0.8791774716683444,-12.37784566969666,logger_gyro_integral:neo3_calibrated_ros,1,-12.37784566969666,nan,62.37487792968751,0.0,,,,0.19153613281249998,-0.1292868896484375,9.662997900390625,9.671549187824098,,,,-0.0,-0.0,0.0,0.0,0.0,0.0,0.0,,,,0.6976318359374999,1.1260986328125002,62.37487792968751,98629.453,35.85000000000002,,,,,,67,336,665,665,0,666,11612,ROS topics=74 messages=11612
ROS_TOPICS,142,1789500034926428143,2026-09-15T19:20:34.926428+00:00,1789500034926433940,6538176146133,1789500034800000000,1789500034,800000000,9872599,1789500034807323,1789500034800000,2,4,178.4802375919212,114.15986980178216,nav2_filtered_map,5.590671665712089,5.70672203070859,110.4351461,-7.0508131,251.30100000000002,10.476,12.933,3,1,11,0,1.0526,256.373,-0.248,-1.023,-1.48,3.1697,172.52900000000002,-1.0,5.006,-10.117253358905552,/neo3/mag_heading_fusion,1,-17.0776,-32.8857,-25.6836,45.086150813858566,1,-12.20858852076858,/imu/mag_heading_fusion,1,-4487.0,8175.0,3994.0,-0.17230029764973903,0.8598674762261591,0.87696035785076,-12.37784566969666,logger_gyro_integral:neo3_calibrated_ros,1,-12.37784566969666,nan,62.38037109374999,0.0,,,,0.201112939453125,-0.13407529296874998,9.734823950195311,9.743613791855372,,,,-0.0,-0.12207031249999999,0.0,0.0,0.0021305288720633903,0.0,0.0,,,,0.6976318359374998,1.131591796875,62.38037109374999,98635.867,35.85000000000002,,,,,,68,338,670,670,0,671,11708,ROS topics=74 messages=11708
ROS_TOPICS,143,1789500035026321606,2026-09-15T19:20:35.026322+00:00,1789500035026325560,6538276039482,1789500034800000000,1789500034,800000000,9872599,1789500034807323,1789500034800000,2,4,178.54978554268018,114.23216038893543,nav2_filtered_map,5.590671665712089,5.70672203070859,110.4351461,-7.0508131,251.30100000000002,10.476,12.933,3,1,11,0,1.0526,256.373,-0.248,-1.023,-1.48,3.1697,172.52900000000002,-1.0,5.006,-10.111341906163453,/neo3/mag_heading_fusion,1,-17.0654,-32.8369,-25.6836,45.04594529732948,1,-12.384612363402152,/imu/mag_heading_fusion,1,-4507.0,8172.0,3977.0,-0.1751779388048373,0.8594158436164662,0.8770877393413464,-12.37784566969666,logger_gyro_integral:neo3_calibrated_ros,1,-12.37784566969666,nan,62.38037109374999,0.0,,,,0.2059013427734375,-0.1197100830078125,9.8449572265625,9.853626469233431,,,,-0.0,-0.0,0.0,0.0,0.0,0.0,0.0,,,,0.692138671875,1.1370849609375002,62.38037109374999,98635.867,35.85000000000002,,,,,,68,341,675,675,0,676,11782,ROS topics=74 messages=11782
ROS_TOPICS,144,1789500035127831338,2026-09-15T19:20:35.127831+00:00,1789500035127835247,6538377549124,1789500035000000000,1789500035,0,9872806,1789500035014679,1789500035000000,2,4,178.42306613029933,114.0391071284195,nav2_filtered_map,5.491232998838542,5.651424513914293,110.4351452,-7.0508136,251.491,10.506,12.957,3,1,10,0,0.6457,251.67699999999996,-0.203,-0.613,-1.204,3.2524,180.0,-1.0,4.98,-10.125394690194286,/neo3/mag_heading_fusion,1,-17.0776,-32.8613,-25.6592,45.054455984841276,1,-12.253306548267172,/imu/mag_heading_fusion,1,-4491.0,8169.0,3917.0,-0.1728853527672755,0.859027723583552,0.876252232571538,-12.37784566969666,logger_gyro_integral:neo3_calibrated_ros,1,-12.37784566969666,nan,62.38037109374999,0.0,,,,0.2059013427734375,-0.11013327636718749,9.86411083984375,9.872662193299206,,,,-0.0,-0.0,0.0,0.0,0.0,0.0,0.0,,,,0.692138671875,1.142578125,62.38037109374999,98634.336,35.85000000000002,,,,,,69,343,680,680,0,681,11879,ROS topics=74 messages=11879
ROS_TOPICS,145,1789500035227000097,2026-09-15T19:20:35.227000+00:00,1789500035227002560,6538476717611,1789500035000000000,1789500035,0,9872806,1789500035014679,1789500035000000,2,4,178.48747915235154,114.10368999322804,nav2_filtered_map,5.491232998838542,5.651424513914293,110.4351452,-7.0508136,251.491,10.506,12.957,3,1,10,0,0.6457,251.67699999999996,-0.203,-0.613,-1.204,3.2524,180.0,-1.0,4.98,-10.07883088890932,/neo3/mag_heading_fusion,1,-17.0654,-32.9346,-25.6836,45.117214711016906,1,-12.30779653111896,/imu/mag_heading_fusion,1,-4498.0,8172.0,3909.0,-0.1738853820066723,0.8594317217606608,0.8768460585781864,-12.37784566969666,logger_gyro_integral:neo3_calibrated_ros,1,-12.37784566969666,nan,62.38037109375001,0.0,,,,0.181959326171875,-0.1005564697265625,9.801861596679688,9.809851091711794,,,,-0.0,-0.0,0.0,0.0,0.0,0.0,0.0,,,,0.6866455078125,1.142578125,62.38037109375001,98636.477,35.85000000000002,,,,,,69,346,685,685,0,686,11956,ROS topics=74 messages=11956
ROS_TOPICS,146,1789500035326287887,2026-09-15T19:20:35.326288+00:00,1789500035326291695,6538576005722,1789500035200000000,1789500035,200000000,9873000,1789500035208264,1789500035200000,2,4,178.36955595937113,113.92431954994763,nav2_filtered_map,5.546476887193894,5.7177818365301345,110.4351457,-7.050813,251.591,10.536,12.986,3,1,11,0,0.1428,217.02999999999997,-0.114,-0.086,-0.174,3.2989,180.0,-1.0,5.006,-10.125394690194286,/neo3/mag_heading_fusion,1,-17.0776,-32.8613,-25.6836,45.068356619805876,1,-12.15017755844527,/imu/mag_heading_fusion,1,-4482.0,8184.0,3925.0,-0.17156633239545266,0.861125340951826,0.8780500323108164,-12.37784566969666,logger_gyro_integral:neo3_calibrated_ros,1,-12.37784566969666,nan,62.38037109375001,0.0,,,,0.21068974609375,-0.09576806640624999,9.753977563476562,9.762510490967117,,,,-0.0,-0.0,0.0,0.0,0.0,0.0,0.0,,,,0.6866455078125,1.1480712890624998,62.38037109375001,98637.695,35.85000000000002,,,,,,70,348,690,690,0,691,12051,ROS topics=74 messages=12051
ROS_TOPICS,147,1789500035426658066,2026-09-15T19:20:35.426658+00:00,1789500035426660726,6538676375337,1789500035200000000,1789500035,200000000,9873000,1789500035208264,1789500035200000,2,4,178.42929781156772,113.98181377531367,nav2_filtered_map,5.546476887193894,5.7177818365301345,110.4351457,-7.050813,251.591,10.536,12.986,3,1,11,0,0.1428,217.02999999999997,-0.114,-0.086,-0.174,3.2989,180.0,-1.0,5.006,-10.133548107734692,/neo3/mag_heading_fusion,1,-17.0776,-32.8369,-25.6836,45.05056861272674,1,-12.168585771727074,/imu/mag_heading_fusion,1,-4486.0,8193.0,3853.0,-0.1721249239393313,0.8623673275332981,0.8793772779859866,-12.37784566969666,logger_gyro_integral:neo3_calibrated_ros,1,-12.37784566969666,nan,62.38037109375001,0.0,,,,0.2059013427734375,-0.1005564697265625,9.753977563476562,9.762456318714406,,,,-0.06103515624999999,-0.0,0.0,0.0010652644360316951,0.0,0.0,0.0,,,,0.6866455078125,1.1480712890624998,62.38037109375001,98626.711,35.85000000000002,,,,,,70,351,695,695,0,696,12128,ROS topics=74 messages=12128
ROS_TOPICS,148,1789500035526416068,2026-09-15T19:20:35.526416+00:00,1789500035526422334,6538776134099,1789500035400000000,1789500035,400000000,9873199,1789500035407139,1789500035400000,2,4,178.31252820955652,113.8050123017044,nav2_filtered_map,5.535428072008006,5.684603164216287,110.4351456,-7.0508133,251.531,10.565,13.014,3,1,11,0,0.2857,315.851,0.205,-0.199,-0.048,1.5468,180.0,-1.0,5.009,-10.129169215593592,/neo3/mag_heading_fusion,1,-17.1021,-32.9834,-25.6348,45.13900166164511,1,-12.311225026778047,/imu/mag_heading_fusion,1,-4504.0,8199.0,3887.0,-0.17469945210619825,0.8631682669345406,0.8806698334841407,-12.37784566969666,logger_gyro_integral:neo3_calibrated_ros,1,-12.37784566969666,nan,62.380371093749986,0.0,,,,0.201112939453125,-0.1005564697265625,9.80665,9.81501433341721,,,,-0.0,-0.0,0.0,0.0,0.0,0.0,0.0,,,,0.6866455078124999,1.1535644531249998,62.380371093749986,98637.695,35.85000000000002,,,,,,71,353,700,700,0,701,12225,ROS topics=74 messages=12225
ROS_TOPICS,149,1789500035627690058,2026-09-15T19:20:35.627690+00:00,1789500035627693179,6538877407444,1789500035400000000,1789500035,400000000,9873199,1789500035407139,1789500035400000,2,4,178.36746168668515,113.85535995666672,nav2_filtered_map,5.535428072008006,5.684603164216287,110.4351456,-7.0508133,251.531,10.565,13.014,3,1,11,0,0.2857,315.851,0.205,-0.199,-0.048,1.5468,180.0,-1.0,5.009,-10.07883088890932,/neo3/mag_heading_fusion,1,-17.0654,-32.9346,-25.7324,45.14501261579179,1,-12.17556246347591,/imu/mag_heading_fusion,1,-4486.0,8189.0,3903.0,-0.17213198089230672,0.8618121970735437,0.8788342744059531,-12.37784566969666,logger_gyro_integral:neo3_calibrated_ros,1,-12.37784566969666,nan,62.385864257812486,0.0,,,,0.201112939453125,-0.11013327636718749,9.830592016601562,9.839053311068618,,,,-0.0,-0.06103515624999999,0.0,0.0,0.0010652644360316951,0.0,0.0,,,,0.6811523437499998,1.1535644531249998,62.385864257812486,98633.117,35.85000000000002,,,,,,71,356,705,705,0,706,12304,ROS topics=74 messages=12304
ROS_TOPICS,150,1789500035726455306,2026-09-15T19:20:35.726455+00:00,1789500035726461659,6538976173396,1789500035600000000,1789500035,600000000,9873398,1789500035606534,1789500035600000,2,4,178.26176005788483,113.68792650986053,nav2_filtered_map,5.612769543154652,5.706722397427224,110.4351463,-7.0508131,251.711,10.598,13.043,3,1,11,0,0.2487,175.61899999999997,-0.248,0.019,-0.37,3.2404,180.0,-1.0,5.011,-10.235805827491463,/neo3/mag_heading_fusion,1,-17.1021,-32.666,-25.5127,44.83801112560636,1,-12.288363191726015,/imu/mag_heading_fusion,1,-4498.0,8183.0,3879.0,-0.1738659753859899,0.8609583305249858,0.8783385590404719,-12.37784566969666,logger_gyro_integral:neo3_calibrated_ros,1,-12.37784566969666,nan,62.38586425781247,0.0,,,,0.201112939453125,-0.1197100830078125,9.811438403320311,9.820017814820122,,,,-0.0,-0.0,0.0,0.0,0.0,0.0,0.0,,,,0.6811523437499996,1.1590576171875,62.38586425781247,98638.0,35.60000000000002,,,,,,72,358,710,710,0,711,12400,ROS topics=74 messages=12400
ROS_TOPICS,151,1789500035826480716,2026-09-15T19:20:35.826481+00:00,1789500035826484520,6539076198244,1789500035600000000,1789500035,600000000,9873398,1789500035606534,1789500035600000,2,4,178.31978523996997,113.73798410288545,nav2_filtered_map,5.612769543154652,5.706722397427224,110.4351463,-7.0508131,251.711,10.598,13.043,3,1,11,0,0.2487,175.61899999999997,-0.248,0.019,-0.37,3.2404,180.0,-1.0,5.011,-10.14543097606805,/neo3/mag_heading_fusion,1,-17.1021,-32.9346,-25.6836,45.131109121425325,1,-12.178640722084145,/imu/mag_heading_fusion,1,-4488.0,8197.0,3914.0,-0.17240510183039257,0.862918929516565,0.8799730666646353,-12.37784566969666,logger_gyro_integral:neo3_calibrated_ros,1,-12.37784566969666,nan,62.38586425781247,0.0,,,,0.2059013427734375,-0.11013327636718749,9.777919580078125,9.786495537166127,,,,-0.06103515624999999,-0.0,0.0,0.0010652644360316951,0.0,0.0,0.0,,,,0.6811523437499996,1.1590576171875,62.38586425781247,98638.609,35.60000000000002,,,,,,72,361,714,714,0,715,12470,ROS topics=74 messages=12470
ROS_TOPICS,152,1789500035926479315,2026-09-15T19:20:35.926479+00:00,1789500035926485318,6539176197491,1789500035800000000,1789500035,800000000,9873599,1789500035807766,1789500035800000,2,4,178.20971000964718,113.56610907694444,nav2_filtered_map,5.557525963264764,5.607186772598558,110.4351458,-7.050814,251.971,10.639,13.072,3,1,11,0,0.6357,252.41999999999996,-0.192,-0.606,-1.146,3.5333,180.0,-1.0,5.006,-10.227534809951415,/neo3/mag_heading_fusion,1,-17.1021,-32.6904,-25.5371,44.86967297607594,1,-12.205918954008848,/imu/mag_heading_fusion,1,-4491.0,8196.0,3915.0,-0.17283771833469144,0.8627748541868948,0.8799166584946325,-12.37784566969666,logger_gyro_integral:neo3_calibrated_ros,1,-12.37784566969666,nan,62.3858642578125,0.0,,,,0.201112939453125,-0.1197100830078125,9.7683427734375,9.776934622452734,,,,-0.0,-0.0,0.0,0.0,0.0,0.0,0.0,,,,0.68115234375,1.1645507812500002,62.3858642578125,98634.031,35.60000000000002,,,,,,73,363,719,719,0,720,12567,ROS topics=74 messages=12567
ROS_TOPICS,153,1789500036026415065,2026-09-15T19:20:36.026415+00:00,1789500036026419742,6539276132971,1789500035800000000,1789500035,800000000,9873599,1789500035807766,1789500035800000,2,4,178.25559709304463,113.60278613946697,nav2_filtered_map,5.557525963264764,5.607186772598558,110.4351458,-7.050814,251.971,10.639,13.072,3,1,11,0,0.6357,252.41999999999996,-0.192,-0.606,-1.146,3.5333,180.0,-1.0,5.006,-10.147581819721871,/neo3/mag_heading_fusion,1,-17.0898,-32.8613,-25.6836,45.07298093858448,1,-12.281602080782745,/imu/mag_heading_fusion,1,-4497.0,8182.0,3834.0,-0.17372412220221542,0.8608213121482909,0.8781761794102796,-12.37784566969666,logger_gyro_integral:neo3_calibrated_ros,1,-12.37784566969666,nan,62.385864257812486,0.0,,,,0.19153613281249998,-0.1005564697265625,9.792284790039062,9.800460027642872,,,,-0.06103515624999999,-0.0,0.0,0.0010652644360316951,0.0,0.0,0.0,,,,0.6756591796874999,1.16455078125,62.385864257812486,98634.336,35.60000000000002,,,,,,73,366,724,724,0,725,12641,ROS topics=74 messages=12641
ROS_TOPICS,154,1789500036127978567,2026-09-15T19:20:36.127979+00:00,1789500036127983243,6539377696029,1789500036000000000,1789500036,0,9873806,1789500036014714,1789500036000000,2,4,178.16133456629726,113.44754935093071,nav2_filtered_map,5.679062460341788,5.684603677903007,110.4351469,-7.0508133,252.121,10.68,13.105,3,1,11,0,0.3624,137.684,-0.268,0.244,-0.286,2.551,180.0,-1.0,4.98,-10.249827127370061,/neo3/mag_heading_fusion,1,-17.1143,-32.6904,-25.4883,44.846571257343626,1,-12.154845362338229,/imu/mag_heading_fusion,1,-4485.0,8196.0,3846.0,-0.17197601380258143,0.862785439616358,0.8797581850357619,-12.37784566969666,logger_gyro_integral:neo3_calibrated_ros,1,-12.37784566969666,nan,62.385864257812486,0.0,,,,0.229843359375,-0.1149216796875,9.801861596679688,9.811020358668106,,,,-0.0,-0.0,0.0,0.0,0.0,0.0,0.0,,,,0.6756591796874998,1.1700439453124998,62.385864257812486,98633.422,35.60000000000002,,,,,,74,368,729,729,0,730,12738,ROS topics=74 messages=12738
ROS_TOPICS,155,1789500036226917247,2026-09-15T19:20:36.226917+00:00,1789500036226919703,6539476634541,1789500036000000000,1789500036,0,9873806,1789500036014714,1789500036000000,2,4,178.20307322908104,113.47791604030685,nav2_filtered_map,5.679062460341788,5.684603677903007,110.4351469,-7.0508133,252.121,10.68,13.105,3,1,11,0,0.3624,137.684,-0.268,0.244,-0.286,2.551,180.0,-1.0,4.98,-10.086932256073819,/neo3/mag_heading_fusion,1,-17.0654,-32.9102,-25.7568,45.141132987996656,1,-12.22570871739882,/imu/mag_heading_fusion,1,-4496.0,8209.0,3861.0,-0.173532870347613,0.8645702069898776,0.8818136423902736,-12.37784566969666,logger_gyro_integral:neo3_calibrated_ros,1,-12.37784566969666,nan,62.385864257812486,0.0,,,,0.201112939453125,-0.1197100830078125,9.80665,9.815230788053238,,,,-0.0,-0.0,0.0,0.0,0.0,0.0,0.0,,,,0.6756591796874998,1.1700439453124998,62.385864257812486,98634.641,35.85000000000002,,,,,,74,371,734,734,0,735,12815,ROS topics=74 messages=12815
ROS_TOPICS,156,1789500036326633549,2026-09-15T19:20:36.326633+00:00,1789500036326641364,6539576351730,1789500036200000000,1789500036,200000000,9873998,1789500036207002,1789500036200000,2,4,178.12973155776768,113.32874913272934,nav2_filtered_map,5.855842639890495,5.673544144240272,110.4351485,-7.0508134,252.151,10.718,13.139,3,1,11,0,0.6062,110.976,-0.217,0.566,0.027,1.6542,156.355,-1.0,5.014,-10.219276111502088,/neo3/mag_heading_fusion,1,-17.1021,-32.7148,-25.4883,44.859707983222535,1,-12.329662715919339,/imu/mag_heading_fusion,1,-4507.0,8203.0,3898.0,-0.17512324741927782,0.8637181046795636,0.8812928662697385,-12.37784566969666,logger_gyro_integral:neo3_calibrated_ros,1,-12.37784566969666,nan,62.3858642578125,0.0,,,,0.2059013427734375,-0.1197100830078125,9.777919580078125,9.786608766216183,,,,-0.0,-0.0,0.0,0.0,0.0,0.0,0.0,,,,0.6756591796874999,1.1755371093749998,62.3858642578125,98635.562,35.85000000000002,,,,,,75,373,739,739,0,740,12910,ROS topics=74 messages=12910
ROS_TOPICS,157,1789500036426137003,2026-09-15T19:20:36.426137+00:00,1789500036426138935,6539675854302,1789500036200000000,1789500036,200000000,9873998,1789500036207002,1789500036200000,2,4,178.16795284608352,113.35301209951356,nav2_filtered_map,5.855842639890495,5.673544144240272,110.4351485,-7.0508134,252.151,10.718,13.139,3,1,11,0,0.6062,110.976,-0.217,0.566,0.027,1.6542,156.355,-1.0,5.014,-10.109090795388978,/neo3/mag_heading_fusion,1,-17.0776,-32.9102,-25.6592,45.09013451343875,1,-12.064386801233837,/imu/mag_heading_fusion,1,-4476.0,8204.0,3870.0,-0.17066934309846554,0.8639115786800616,0.8806084490005408,-12.37784566969666,logger_gyro_integral:neo3_calibrated_ros,1,-12.37784566969666,nan,62.3858642578125,0.0,,,,0.19632453613281248,-0.1149216796875,9.773131176757811,9.78156600673277,,,,-0.0,-0.0,0.0,0.0,0.0,0.0,0.0,,,,0.6756591796874999,1.1755371093749998,62.3858642578125,98635.25,35.85000000000002,,,,,,75,376,744,744,0,745,12987,ROS topics=74 messages=12987
ROS_TOPICS,158,1789500036526551469,2026-09-15T19:20:36.526551+00:00,1789500036526560998,6539776270001,1789500036400000000,1789500036,400000000,9874198,1789500036407098,1789500036400000,2,4,178.1072815827537,113.20030764199652,nav2_filtered_map,5.9663302805221665,5.57400831649955,110.4351495,-7.0508143,252.211,10.753,13.167,3,1,11,0,0.4717,134.22699999999998,-0.329,0.338,-0.277,2.2256,180.0,-1.0,5.012,-10.139424629407584,/neo3/mag_heading_fusion,1,-17.0898,-32.8857,-25.6592,45.07687958554806,1,-12.165296364261712,/imu/mag_heading_fusion,1,-4485.0,8190.0,3934.0,-0.17198659923204454,0.8619527439267263,0.8789436404447195,-12.37784566969666,logger_gyro_integral:neo3_calibrated_ros,1,-12.37784566969666,nan,62.3858642578125,0.0,,,,0.201112939453125,-0.1149216796875,9.787496386718749,9.796024964521072,,,,-0.06103515624999999,-0.0,0.0,0.0010652644360316951,0.0,0.0,0.0,,,,0.6756591796874999,1.1755371093749998,62.3858642578125,98630.375,35.85000000000002,,,,,,76,378,749,749,0,750,13084,ROS topics=74 messages=13084
ROS_TOPICS,159,1789500036627723724,2026-09-15T19:20:36.627724+00:00,1789500036627726445,6539877441022,1789500036400000000,1789500036,400000000,9874198,1789500036407098,1789500036400000,2,4,178.14239546221805,113.21837728978323,nav2_filtered_map,5.9663302805221665,5.57400831649955,110.4351495,-7.0508143,252.211,10.753,13.167,3,1,11,0,0.4717,134.22699999999998,-0.329,0.338,-0.277,2.2256,180.0,-1.0,5.012,-10.153579918616204,/neo3/mag_heading_fusion,1,-17.1021,-32.9102,-25.6348,45.08554157920253,1,-12.215471084843083,/imu/mag_heading_fusion,1,-4495.0,8210.0,3957.0,-0.17338748868735082,0.8647107538430602,0.8819228475581862,-12.37784566969666,logger_gyro_integral:neo3_calibrated_ros,1,-12.37784566969666,nan,62.385864257812514,0.0,,,,0.1867477294921875,-0.105344873046875,9.80665,9.814779496569749,,,,-0.0,-0.0,0.0,0.0,0.0,0.0,0.0,,,,0.6701660156249999,1.1755371093749998,62.385864257812514,98633.117,35.85000000000002,,,,,,76,381,754,754,0,755,13163,ROS topics=74 messages=13163
ROS_TOPICS,160,1789500036726653416,2026-09-15T19:20:36.726653+00:00,1789500036726662057,6539976371870,1789500036600000000,1789500036,600000000,9874397,1789500036606248,1789500036600000,2,4,178.0756064161912,113.0636091220107,nav2_filtered_map,5.911086562421177,5.474472540472155,110.435149,-7.0508152,252.311,10.791,13.2,3,1,11,0,0.6424,273.8380000000001,0.043,-0.641,-0.647,2.8312,180.0,-1.0,5.014,-10.103204376309371,/neo3/mag_heading_fusion,1,-17.0654,-32.8613,-25.6104,45.022055739492835,1,-12.298046437372479,/imu/mag_heading_fusion,1,-4501.0,8192.0,3910.0,-0.1742809495078502,0.8622020813447018,0.8796398572350468,-12.37784566969666,logger_gyro_integral:neo3_calibrated_ros,1,-12.37784566969666,nan,62.3858642578125,0.0,,,,0.2059013427734375,-0.1149216796875,9.787496386718749,9.796124977750257,,,,-0.0,-0.0,0.0,0.0,0.0,0.0,0.0,,,,0.670166015625,1.1810302734375,62.3858642578125,98636.172,35.85000000000002,,,,,,77,383,759,759,0,760,13259,ROS topics=74 messages=13259
ROS_TOPICS,161,1789500036826350300,2026-09-15T19:20:36.826350+00:00,1789500036826352458,6540076067597,1789500036600000000,1789500036,600000000,9874397,1789500036606248,1789500036600000,2,4,178.10743694353476,113.07549304893358,nav2_filtered_map,5.911086562421177,5.474472540472155,110.435149,-7.0508152,252.311,10.791,13.2,3,1,11,0,0.6424,273.8380000000001,0.043,-0.641,-0.647,2.8312,180.0,-1.0,5.014,-10.147581819721871,/neo3/mag_heading_fusion,1,-17.0898,-32.8613,-25.7324,45.10080610687574,1,-12.251975449259632,/imu/mag_heading_fusion,1,-4496.0,8194.0,3885.0,-0.17355933392127082,0.8624884677657984,0.8797779261951222,-12.37784566969666,logger_gyro_integral:neo3_calibrated_ros,1,-12.37784566969666,nan,62.3858642578125,0.0,,,,0.201112939453125,-0.1149216796875,9.792284790039062,9.800812014098913,,,,-0.0,-0.0,0.0,0.0,0.0,0.0,0.0,,,,0.670166015625,1.1810302734375,62.3858642578125,98638.0,35.85000000000002,,,,,,77,386,764,764,0,765,13339,ROS topics=74 messages=13339
ROS_TOPICS,162,1789500036926487718,2026-09-15T19:20:36.926488+00:00,1789500036926494621,6540176206485,1789500036800000000,1789500036,800000000,9874599,1789500036807381,1789500036800000,2,4,178.0352917154477,112.91962485843605,nav2_filtered_map,5.855842697715527,5.374936625359302,110.4351485,-7.0508161,252.251,10.828,13.238,3,1,11,0,0.0649,189.752,-0.064,-0.011,-0.358,3.3154,180.0,-1.0,5.004,-10.103204376309371,/neo3/mag_heading_fusion,1,-17.0654,-32.8613,-25.6836,45.063735129369825,1,-12.15949507515408,/imu/mag_heading_fusion,1,-4488.0,8208.0,3843.0,-0.17238569520971014,0.8644455382808899,0.8814663445456511,-12.37784566969666,logger_gyro_integral:neo3_calibrated_ros,1,-12.37784566969666,nan,62.391357421875,0.0,,,,0.19153613281249998,-0.1149216796875,9.792284790039062,9.800619100861887,,,,-0.0,-0.0,0.0,0.0,0.0,0.0,0.0,,,,0.6701660156249999,1.1810302734374998,62.391357421875,98632.812,35.85000000000002,,,,,,78,388,769,769,0,770,13435,ROS topics=74 messages=13435
ROS_TOPICS,163,1789500037026471720,2026-09-15T19:20:37.026472+00:00,1789500037026476911,6540276189625,1789500036800000000,1789500036,800000000,9874599,1789500036807381,1789500036800000,2,4,178.06356620723227,112.92534592244503,nav2_filtered_map,5.855842697715527,5.374936625359302,110.4351485,-7.0508161,252.251,10.828,13.238,3,1,11,0,0.0649,189.752,-0.064,-0.011,-0.358,3.3154,180.0,-1.0,5.004,-10.103204376309371,/neo3/mag_heading_fusion,1,-17.0654,-32.8613,-25.6836,45.063735129369825,1,-12.30303027176414,/imu/mag_heading_fusion,1,-4502.0,8194.0,3909.0,-0.17442103845338086,0.8624778823363353,0.8799379501842872,-12.37784566969666,logger_gyro_integral:neo3_calibrated_ros,1,-12.37784566969666,nan,62.391357421875,0.0,,,,0.19632453613281248,-0.11013327636718749,9.792284790039062,9.800659025082894,,,,-0.0,-0.0,0.0,0.0,0.0,0.0,0.0,,,,0.6701660156249998,1.1865234374999998,62.391357421875,98634.641,35.85000000000002,,,,,,78,391,774,774,0,775,13509,ROS topics=74 messages=13509
ROS_TOPICS,164,1789500037128300521,2026-09-15T19:20:37.128300+00:00,1789500037128307678,6540378018291,1789500037000000000,1789500037,0,9874806,1789500037015130,1789500037000000,2,4,178.00294522486934,112.79297410845054,nav2_filtered_map,5.955281876127463,5.49659186902917,110.4351494,-7.050815,252.601,10.874,13.285,3,1,11,0,0.3363,221.98699999999997,-0.25,-0.225,-0.58,3.6795,180.0,-1.0,4.978,-10.100973606232847,/neo3/mag_heading_fusion,1,-17.0776,-32.9346,-25.6592,45.1079465677612,1,-12.154845362338229,/imu/mag_heading_fusion,1,-4485.0,8196.0,3986.0,-0.17197601380258143,0.862785439616358,0.8797581850357619,-12.37784566969666,logger_gyro_integral:neo3_calibrated_ros,1,-12.37784566969666,nan,62.391357421875014,0.0,,,,0.201112939453125,-0.105344873046875,9.787496386718749,9.795916525610995,,,,-0.0,-0.0,0.0,0.0,0.0,0.0,0.0,,,,0.6756591796875001,1.1865234374999998,62.391357421875014,98637.391,35.85000000000002,,,,,,79,393,779,779,0,780,13606,ROS topics=74 messages=13606
ROS_TOPICS,165,1789500037226330812,2026-09-15T19:20:37.226331+00:00,1789500037226332946,6540476048156,1789500037000000000,1789500037,0,9874806,1789500037015130,1789500037000000,2,4,178.02821006714,112.793322972751,nav2_filtered_map,5.955281876127463,5.49659186902917,110.4351494,-7.050815,252.601,10.874,13.285,3,1,11,0,0.3363,221.98699999999997,-0.25,-0.225,-0.58,3.6795,180.0,-1.0,4.978,-10.186330344495605,/neo3/mag_heading_fusion,1,-17.1021,-32.8125,-25.6348,45.01427497694481,1,-12.184773399105408,/imu/mag_heading_fusion,1,-4492.0,8213.0,4001.0,-0.17295134370656423,0.8651323944026076,0.8822506600364179,-12.37784566969666,logger_gyro_integral:neo3_calibrated_ros,1,-12.37784566969666,nan,62.391357421875014,0.0,,,,0.2059013427734375,-0.1149216796875,9.792284790039062,9.800911978478739,,,,-0.0,-0.0,0.0,0.0,0.0,0.0,0.0,,,,0.6756591796875001,1.1865234374999998,62.391357421875014,98637.391,35.85000000000002,,,,,,79,396,784,784,0,785,13683,ROS topics=74 messages=13683
ROS_TOPICS,166,1789500037326609418,2026-09-15T19:20:37.326609+00:00,1789500037326617308,6540576327696,1789500037200000000,1789500037,200000000,9874999,1789500037207366,1789500037200000,2,4,177.97388482068246,112.67350867007141,nav2_filtered_map,6.010525729771088,5.529770531330252,110.4351499,-7.0508147,252.651,10.914,13.342,3,1,11,0,0.0976,37.926,0.077,0.06,-0.203,2.4077,180.0,-1.0,5.009,-10.297062558181366,/neo3/mag_heading_fusion,1,-17.1265,-32.6172,-25.415,44.756239376091465,1,-12.180384457976078,/imu/mag_heading_fusion,1,-4488.0,8196.0,3947.0,-0.17240686606863642,0.8627801469016264,0.8798373198240689,-12.37784566969666,logger_gyro_integral:neo3_calibrated_ros,1,-12.37784566969666,nan,62.391357421875,0.0,,,,0.201112939453125,-0.1197100830078125,9.792284790039062,9.800869715821927,,,,-0.0,-0.0,0.0,0.0,0.0,0.0,0.0,,,,0.6701660156249998,1.1865234374999998,62.391357421875,98637.086,35.85000000000002,,,,,,80,398,789,789,0,790,13778,ROS topics=74 messages=13778
ROS_TOPICS,167,1789500037426278970,2026-09-15T19:20:37.426279+00:00,1789500037426280670,6540675996187,1789500037200000000,1789500037,200000000,9874999,1789500037207366,1789500037200000,2,4,177.99620248528686,112.66888499520297,nav2_filtered_map,6.010525729771088,5.529770531330252,110.4351499,-7.0508147,252.651,10.914,13.342,3,1,11,0,0.0976,37.926,0.077,0.06,-0.203,2.4077,180.0,-1.0,5.009,-10.192128301557911,/neo3/mag_heading_fusion,1,-17.1143,-32.8613,-25.6592,45.06837967821785,1,-12.168189594164298,/imu/mag_heading_fusion,1,-4488.0,8203.0,3980.0,-0.17239451640092943,0.8637516252061967,0.8807875676526414,-12.37784566969666,logger_gyro_integral:neo3_calibrated_ros,1,-12.37784566969666,nan,62.39135742187503,0.0,,,,0.2059013427734375,-0.1149216796875,9.782707983398437,9.791337978393438,,,,-0.0,-0.0,0.0,0.0,0.0,0.0,0.0,,,,0.670166015625,1.1920166015625002,62.39135742187503,98634.336,35.85000000000002,,,,,,80,401,794,794,0,795,13855,ROS topics=74 messages=13855
ROS_TOPICS,168,1789500037526532900,2026-09-15T19:20:37.526533+00:00,1789500037526540327,6540776251063,1789500037400000000,1789500037,400000000,9875199,1789500037407297,1789500037400000,2,4,177.95092230394724,112.5561166595713,nav2_filtered_map,6.087867147251481,5.518711067440902,110.4351506,-7.0508148,252.751,10.957,13.398,3,1,11,0,0.2914,127.892,-0.179,0.23,-0.287,2.8696,180.0,-1.0,5.007,-10.252384929062364,/neo3/mag_heading_fusion,1,-17.1021,-32.6172,-25.4639,44.774700037632854,1,-12.21490021471507,/imu/mag_heading_fusion,1,-4490.0,8186.0,3949.0,-0.17271174329511163,0.8613887922757524,0.8785328666192949,-12.37784566969666,logger_gyro_integral:neo3_calibrated_ros,1,-12.37784566969666,nan,62.39135742187503,0.0,,,,0.2059013427734375,-0.1149216796875,9.787496386718749,9.796124977750257,,,,-0.0,-0.0,0.0,0.0,0.0,0.0,0.0,,,,0.670166015625,1.1920166015625002,62.39135742187503,98638.0,35.85000000000002,,,,,,81,403,799,799,0,800,13956,ROS topics=74 messages=13956
ROS_TOPICS,169,1789500037627635813,2026-09-15T19:20:37.627636+00:00,1789500037627638603,6540877353093,1789500037400000000,1789500037,400000000,9875199,1789500037407297,1789500037400000,2,4,177.97059548453868,112.54676088864541,nav2_filtered_map,6.087867147251481,5.518711067440902,110.4351506,-7.0508148,252.751,10.957,13.398,3,1,11,0,0.2914,127.892,-0.179,0.23,-0.287,2.8696,180.0,-1.0,5.007,-10.163932551473708,/neo3/mag_heading_fusion,1,-17.0898,-32.8125,-25.6104,44.995711000605375,1,-12.180384457976078,/imu/mag_heading_fusion,1,-4488.0,8196.0,3876.0,-0.17240686606863642,0.8627801469016264,0.8798373198240689,-12.37784566969666,logger_gyro_integral:neo3_calibrated_ros,1,-12.37784566969666,nan,62.39135742187503,0.0,,,,0.201112939453125,-0.1197100830078125,9.787496386718749,9.796082694441175,,,,-0.0,-0.0,0.0,0.0,0.0,0.0,0.0,,,,0.670166015625,1.1920166015625002,62.39135742187503,98632.508,35.85000000000002,,,,,,81,406,804,804,0,805,14034,ROS topics=74 messages=14034
ROS_TOPICS,170,1789500037726597227,2026-09-15T19:20:37.726597+00:00,1789500037726604101,6540976315306,1789500037600000000,1789500037,600000000,9875398,1789500037607045,1789500037600000,2,4,177.94730130761712,112.46942195334557,nav2_filtered_map,6.297793395813375,5.773080287963883,110.4351525,-7.0508125,252.511,11.003,13.463,3,1,11,0,0.7963,34.408,0.657,0.45,1.162,3.9726,180.0,-1.0,5.01,-10.280419250902755,/neo3/mag_heading_fusion,1,-17.1265,-32.666,-25.415,44.79181602982848,1,-12.064616552586953,/imu/mag_heading_fusion,1,-4474.0,8194.0,3910.0,-0.1703997506368674,0.8625272810071631,0.8791981491670215,-12.37784566969666,logger_gyro_integral:neo3_calibrated_ros,1,-12.37784566969666,nan,62.39135742187503,0.0,,,,0.19632453613281248,-0.1197100830078125,9.797073193359374,9.805559160891534,,,,-0.0,-0.0,0.0,0.0,0.0,0.0,0.0,,,,0.670166015625,1.1920166015625002,62.39135742187503,98631.898,35.85000000000002,,,,,,82,408,809,809,0,810,14130,ROS topics=74 messages=14130
ROS_TOPICS,171,1789500037826980279,2026-09-15T19:20:37.826980+00:00,1789500037826982875,6541076697622,1789500037600000000,1789500037,600000000,9875398,1789500037607045,1789500037600000,2,4,177.96494872912663,112.4563967179987,nav2_filtered_map,6.297793395813375,5.773080287963883,110.4351525,-7.0508125,252.511,11.003,13.463,3,1,11,0,0.7963,34.408,0.657,0.45,1.162,3.9726,180.0,-1.0,5.01,-10.155751118180397,/neo3/mag_heading_fusion,1,-17.0898,-32.8369,-25.6592,45.041290060232505,1,-12.142322802632622,/imu/mag_heading_fusion,1,-4487.0,8213.0,3969.0,-0.17223325659647257,0.8651412155938268,0.8821188228334041,-12.37784566969666,logger_gyro_integral:neo3_calibrated_ros,1,-12.37784566969666,nan,62.39135742187503,0.0,,,,0.19153613281249998,-0.13407529296874998,9.797073193359374,9.805650972622502,,,,-0.0,-0.0,0.0,0.0,0.0,0.0,0.0,,,,0.670166015625,1.1920166015625002,62.39135742187503,98632.812,35.85000000000002,,,,,,82,411,814,814,0,815,14210,ROS topics=74 messages=14210
ROS_TOPICS,172,1789500037926592057,2026-09-15T19:20:37.926592+00:00,1789500037926599609,6541176310344,1789500037800000000,1789500037,800000000,9875598,1789500037807054,1789500037800000,2,4,177.93759462287449,112.40340001395607,nav2_filtered_map,6.319891229616877,5.905795062914635,110.4351527,-7.0508113,252.811,11.054,13.528,3,1,11,0,0.5876,315.345,0.418,-0.413,-0.16,1.8818,180.0,-1.0,5.009,-10.319396464791614,/neo3/mag_heading_fusion,1,-17.1387,-32.6172,-25.4639,44.788692509828856,1,-12.091911464780885,/imu/mag_heading_fusion,1,-4477.0,8193.0,3911.0,-0.17083236714116629,0.8623832056774929,0.8791407686472306,-12.37784566969666,logger_gyro_integral:neo3_calibrated_ros,1,-12.37784566969666,nan,62.39135742187503,0.0,,,,0.2059013427734375,-0.1149216796875,9.787496386718749,9.796124977750257,,,,-0.0,-0.0,0.0,0.0,0.0,0.0,0.0,,,,0.670166015625,1.1920166015625002,62.39135742187503,98636.477,35.85000000000002,,,,,,83,413,818,818,0,819,14296,ROS topics=74 messages=14296
ROS_TOPICS,173,1789500038026533859,2026-09-15T19:20:38.026534+00:00,1789500038026540242,6541276252097,1789500037800000000,1789500037,800000000,9875598,1789500037807054,1789500037800000,2,4,177.9555100905221,112.38515732470167,nav2_filtered_map,6.319891229616877,5.905795062914635,110.4351527,-7.0508113,252.811,11.054,13.528,3,1,11,0,0.5876,315.345,0.418,-0.413,-0.16,1.8818,180.0,-1.0,5.009,-10.147581819721871,/neo3/mag_heading_fusion,1,-17.0898,-32.8613,-25.6104,45.031310106302705,1,-12.235709446414228,/imu/mag_heading_fusion,1,-4491.0,8179.0,3933.0,-0.17286771038483695,0.8604155497329382,0.8776093456179294,-12.37784566969666,logger_gyro_integral:neo3_calibrated_ros,1,-12.37784566969666,nan,62.39135742187503,0.0,,,,0.2059013427734375,-0.105344873046875,9.792284790039062,9.800803593639989,,,,-0.0,-0.0,0.0,0.0,0.0,0.0,0.0,,,,0.670166015625,1.1920166015625002,62.39135742187503,98633.117,35.85000000000002,,,,,,83,416,823,823,0,824,14372,ROS topics=74 messages=14372
ROS_TOPICS,174,1789500038128393638,2026-09-15T19:20:38.128394+00:00,1789500038128400225,6541378111187,1789500038000000000,1789500038,0,9875806,1789500038015153,1789500038000000,2,4,177.92648020511731,112.3506840276227,nav2_filtered_map,6.308842138987041,6.049568776503776,110.4351526,-7.05081,252.461,11.105,13.601,3,1,10,0,0.913,354.658,0.909,-0.085,0.792,3.6647,180.0,-1.0,4.978,-10.111341906163453,/neo3/mag_heading_fusion,1,-17.0654,-32.8369,-25.6348,45.01813911980369,1,-12.146692866811277,/imu/mag_heading_fusion,1,-4482.0,8186.0,3920.0,-0.17156280391896495,0.8614029061817032,0.8783215598326284,-12.37784566969666,logger_gyro_integral:neo3_calibrated_ros,1,-12.37784566969666,nan,62.39135742187499,0.0,,,,0.2059013427734375,-0.12449848632812499,9.787496386718749,9.796242776643238,,,,-0.0,-0.0,0.0,0.0,0.0,0.0,0.0,,,,0.6701660156249998,1.1975097656249998,62.39135742187499,98637.391,35.85000000000002,,,,,,84,418,828,828,0,829,14469,ROS topics=74 messages=14469
ROS_TOPICS,175,1789500038226178714,2026-09-15T19:20:38.226179+00:00,1789500038226180530,6541475895945,1789500038000000000,1789500038,0,9875806,1789500038015153,1789500038000000,2,4,177.9396643750999,112.33253429232661,nav2_filtered_map,6.308842138987041,6.049568776503776,110.4351526,-7.05081,252.461,11.105,13.601,3,1,10,0,0.913,354.658,0.909,-0.085,0.792,3.6647,180.0,-1.0,4.978,-10.180331929715315,/neo3/mag_heading_fusion,1,-17.0898,-32.7637,-25.6592,44.98795223579309,1,-12.318916807709396,/imu/mag_heading_fusion,1,-4502.0,8185.0,3918.0,-0.17443691659757554,0.8612288388018876,0.8787168774162228,-12.37784566969666,logger_gyro_integral:neo3_calibrated_ros,1,-12.37784566969666,nan,62.39135742187503,0.0,,,,0.201112939453125,-0.1197100830078125,9.787496386718749,9.796082694441175,,,,-0.0,-0.0,0.0,0.0,0.0,0.0,0.0,,,,0.6756591796875002,1.197509765625,62.39135742187503,98633.422,35.85000000000002,,,,,,84,421,833,833,0,834,14546,ROS topics=74 messages=14546
ROS_TOPICS,176,1789500038326619680,2026-09-15T19:20:38.326620+00:00,1789500038326633068,6541576338574,1789500038200000000,1789500038,200000000,9875999,1789500038207247,1789500038200000,2,4,177.9196730418541,112.31800817086098,nav2_filtered_map,6.408280499860435,6.2044018545311275,110.4351535,-7.0508086,251.961,11.152,13.656,3,1,11,0,1.0919,33.457,0.911,0.602,1.698,3.7883,180.0,-1.0,5.009,-10.119491526961019,/neo3/mag_heading_fusion,1,-17.0654,-32.8125,-25.6104,44.98644931054239,1,-12.43825688420656,/imu/mag_heading_fusion,1,-4520.0,8204.0,3917.0,-0.17698850966727234,0.863833952197332,0.8817789005885232,-12.37784566969666,logger_gyro_integral:neo3_calibrated_ros,1,-12.37784566969666,nan,62.39135742187503,0.0,,,,0.2059013427734375,-0.1149216796875,9.787496386718749,9.796124977750257,,,,-0.0,-0.0,0.0,0.0,0.0,0.0,0.0,,,,0.6756591796875002,1.197509765625,62.39135742187503,98637.086,35.85000000000002,,,,,,85,423,838,838,0,839,14641,ROS topics=74 messages=14641
ROS_TOPICS,177,1789500038426471480,2026-09-15T19:20:38.426471+00:00,1789500038426473506,6541676188727,1789500038200000000,1789500038,200000000,9875999,1789500038207247,1789500038200000,2,4,177.93076536849884,112.29826866161638,nav2_filtered_map,6.408280499860435,6.2044018545311275,110.4351535,-7.0508086,251.961,11.152,13.656,3,1,11,0,1.0919,33.457,0.911,0.602,1.698,3.7883,180.0,-1.0,5.009,-10.14171363817388,/neo3/mag_heading_fusion,1,-17.0776,-32.8125,-25.6592,45.018875181972284,1,-12.285138967659313,/imu/mag_heading_fusion,1,-4503.0,8209.0,3933.0,-0.17453819230174134,0.8645578573221706,0.881999925867039,-12.37784566969666,logger_gyro_integral:neo3_calibrated_ros,1,-12.37784566969666,nan,62.39135742187503,0.0,,,,0.2059013427734375,-0.11013327636718749,9.787496386718749,9.796069588692466,,,,-0.0,-0.0,0.0,0.0,0.0,0.0,0.0,,,,0.6756591796875002,1.197509765625,62.39135742187503,98634.336,35.85000000000002,,,,,,85,426,843,843,0,844,14717,ROS topics=74 messages=14717
ROS_TOPICS,178,1789500038526606802,2026-09-15T19:20:38.526607+00:00,1789500038526614458,6541776325180,1789500038400000000,1789500038,400000000,9876199,1789500038407282,1789500038400000,2,4,177.9069867811843,112.29366137328505,nav2_filtered_map,6.3972314888386625,6.270758841868652,110.4351534,-7.050808,251.701,11.197,13.711,3,1,11,0,0.9125,354.97,0.909,-0.08,1.205,3.5751,180.0,-1.0,5.008,-10.149891308236516,/neo3/mag_heading_fusion,1,-17.0776,-32.7881,-25.6592,45.00109407569998,1,-12.281312887531938,/imu/mag_heading_fusion,1,-4498.0,8187.0,3928.0,-0.1738589184330145,0.8615134609847402,0.8788813156374432,-12.37784566969666,logger_gyro_integral:neo3_calibrated_ros,1,-12.37784566969666,nan,62.39135742187503,0.0,,,,0.19632453613281248,-0.11013327636718749,9.787496386718749,9.795871900742334,,,,-0.0,-0.0,0.0,0.0,0.0,0.0,0.0,,,,0.6756591796875002,1.197509765625,62.39135742187503,98634.641,35.85000000000002,,,,,,86,428,848,848,0,849,14815,ROS topics=74 messages=14815
ROS_TOPICS,179,1789500038628979616,2026-09-15T19:20:38.628980+00:00,1789500038628984808,6541878697047,1789500038400000000,1789500038,400000000,9876199,1789500038407282,1789500038400000,2,4,177.91586989877771,112.27270026252349,nav2_filtered_map,6.3972314888386625,6.270758841868652,110.4351534,-7.050808,251.701,11.197,13.711,3,1,11,0,0.9125,354.97,0.909,-0.08,1.205,3.5751,180.0,-1.0,5.008,-10.127653265383135,/neo3/mag_heading_fusion,1,-17.0654,-32.7881,-25.6348,44.982556061322256,1,-12.168585771727074,/imu/mag_heading_fusion,1,-4486.0,8193.0,3959.0,-0.1721249239393313,0.8623673275332981,0.8793772779859866,-12.37784566969666,logger_gyro_integral:neo3_calibrated_ros,1,-12.37784566969666,nan,62.39135742187503,0.0,,,,0.1867477294921875,-0.11013327636718749,9.782707983398437,9.790896356456807,,,,-0.0,-0.0,0.0,0.0,0.0,0.0,0.0,,,,0.6756591796875002,1.197509765625,62.39135742187503,98634.641,35.85000000000002,,,,,,86,431,853,853,0,854,14894,ROS topics=74 messages=14894
ROS_TOPICS,180,1789500038726574842,2026-09-15T19:20:38.726575+00:00,1789500038726582150,6541976292968,1789500038600000000,1789500038,600000000,9876399,1789500038607638,1789500038600000,2,4,177.86827636929095,112.27090281469616,nav2_filtered_map,6.209402603341749,6.259699344435189,110.4351517,-7.0508081,251.721,11.242,13.77,3,1,11,0,1.0878,307.154,0.657,-0.867,0.025,1.7292,91.08000000000001,-1.0,5.006,-10.163932551473708,/neo3/mag_heading_fusion,1,-17.0898,-32.8125,-25.6104,44.995711000605375,1,-12.35406648091105,/imu/mag_heading_fusion,1,-4508.0,8194.0,3980.0,-0.17528274298549085,0.8624672969068721,0.8800987888994987,-12.37784566969666,logger_gyro_integral:neo3_calibrated_ros,1,-12.37784566969666,nan,62.39135742187503,0.0,,,,0.19632453613281248,-0.105344873046875,9.797073193359374,9.805393152655972,,,,-0.0,-0.0,0.0,0.0,0.0,0.0,0.0,,,,0.6756591796875002,1.197509765625,62.39135742187503,98632.508,35.85000000000002,,,,,,87,433,858,858,0,859,14990,ROS topics=74 messages=14990
ROS_TOPICS,181,1789500038826561751,2026-09-15T19:20:38.826562+00:00,1789500038826565514,6542076279283,1789500038600000000,1789500038,600000000,9876399,1789500038607638,1789500038600000,2,4,177.8742028931045,112.24894956249356,nav2_filtered_map,6.209402603341749,6.259699344435189,110.4351517,-7.0508081,251.721,11.242,13.77,3,1,11,0,1.0878,307.154,0.657,-0.867,0.025,1.7292,91.08000000000001,-1.0,5.006,-10.113569945232713,/neo3/mag_heading_fusion,1,-17.0532,-32.7637,-25.6592,44.97406155296628,1,-12.324695558210928,/imu/mag_heading_fusion,1,-4506.0,8201.0,3930.0,-0.1749831584737472,0.8634423036879302,0.8809947318499517,-12.37784566969666,logger_gyro_integral:neo3_calibrated_ros,1,-12.37784566969666,nan,62.39135742187503,0.0,,,,0.21068974609375,-0.105344873046875,9.80665,9.815266916856336,,,,-0.0,-0.0,0.0,0.0,0.0,0.0,0.0,,,,0.6756591796875002,1.197509765625,62.39135742187503,98633.727,35.85000000000002,,,,,,87,436,863,863,0,864,15069,ROS topics=74 messages=15069
ROS_TOPICS,182,1789500038926559203,2026-09-15T19:20:38.926559+00:00,1789500038926566180,6542176277361,1789500038800000000,1789500038,800000000,9876599,1789500038807660,1789500038800000,2,4,177.81148175186607,112.24412339973973,nav2_filtered_map,6.065769412185849,6.204402365929777,110.4351504,-7.0508086,252.441,11.286,13.825,3,1,11,0,1.0997,225.921,-0.765,-0.79,-1.787,3.7986,180.0,-1.0,5.005,-10.260693067902128,/neo3/mag_heading_fusion,1,-17.1021,-32.5928,-25.415,44.72912542460449,1,-12.306248110378121,/imu/mag_heading_fusion,1,-4503.0,8197.0,3933.0,-0.1745593631606676,0.8628924659429071,0.8803717277650895,-12.37784566969666,logger_gyro_integral:neo3_calibrated_ros,1,-12.37784566969666,nan,62.39135742187503,0.0,,,,0.21068974609375,-0.13407529296874998,9.792284790039062,9.801259117613343,,,,-0.0,-0.0,0.0,0.0,0.0,0.0,0.0,,,,0.6756591796875002,1.197509765625,62.39135742187503,98638.609,35.85000000000002,,,,,,88,438,868,868,0,869,15165,ROS topics=74 messages=15165
ROS_TOPICS,183,1789500039026431205,2026-09-15T19:20:39.026431+00:00,1789500039026437286,6542276149274,1789500038800000000,1789500038,800000000,9876599,1789500038807660,1789500038800000,2,4,177.81404289678068,112.22119434486285,nav2_filtered_map,6.065769412185849,6.204402365929777,110.4351504,-7.0508086,252.441,11.286,13.825,3,1,11,0,1.0997,225.921,-0.765,-0.79,-1.787,3.7986,180.0,-1.0,5.005,-10.208542820351056,/neo3/mag_heading_fusion,1,-17.1143,-32.8125,-25.6104,45.00502204087895,1,-12.234456114716394,/imu/mag_heading_fusion,1,-4489.0,8170.0,3950.0,-0.17259635368499499,0.8591700346749783,0.8763347817978921,-12.37784566969666,logger_gyro_integral:neo3_calibrated_ros,1,-12.37784566969666,nan,62.39135742187499,0.0,,,,0.19153613281249998,-0.1197100830078125,9.782707983398437,9.791102573675264,,,,-0.0,-0.0,0.0,0.0,0.0,0.0,0.0,,,,0.6701660156249998,1.1975097656249998,62.39135742187499,98632.203,35.85000000000002,,,,,,88,441,873,873,0,874,15240,ROS topics=74 messages=15240
ROS_TOPICS,184,1789500039128391572,2026-09-15T19:20:39.128392+00:00,1789500039128397807,6542378109070,1789500039000000000,1789500039,0,9876806,1789500039013107,1789500039000000,2,4,177.7478254826367,112.18906895363492,nav2_filtered_map,5.977379627318122,5.938973711144096,110.4351496,-7.050811,252.791,11.33,13.883,3,1,11,0,1.3143,194.406,-1.273,-0.327,-1.773,3.7791,164.741,-1.0,4.979,-10.274725377882286,/neo3/mag_heading_fusion,1,-17.1143,-32.6172,-25.4639,44.77936135699123,1,-12.25602382814867,/imu/mag_heading_fusion,1,-4494.0,8182.0,3909.0,-0.17329326993616043,0.8608266048630225,0.8780962367788426,-12.37784566969666,logger_gyro_integral:neo3_calibrated_ros,1,-12.37784566969666,nan,62.391357421875,0.0,,,,0.22026655273437498,-0.09576806640624999,9.801861596679688,9.810592397210714,,,,-0.0,-0.0,0.0,0.0,0.0,0.0,0.0,,,,0.670166015625,1.2030029296875,62.391357421875,98632.812,35.85000000000002,,,,,,89,443,878,878,0,879,15337,ROS topics=74 messages=15337
ROS_TOPICS,185,1789500039227074231,2026-09-15T19:20:39.227074+00:00,1789500039227076300,6542476791488,1789500039000000000,1789500039,0,9876806,1789500039013107,1789500039000000,2,4,177.74707485425213,112.16439726090879,nav2_filtered_map,5.977379627318122,5.938973711144096,110.4351496,-7.050811,252.791,11.33,13.883,3,1,11,0,1.3143,194.406,-1.273,-0.327,-1.773,3.7791,164.741,-1.0,4.979,-10.14171363817388,/neo3/mag_heading_fusion,1,-17.0776,-32.8125,-25.6348,45.00497249249243,1,-12.180384457976078,/imu/mag_heading_fusion,1,-4488.0,8196.0,3912.0,-0.17240686606863642,0.8627801469016264,0.8798373198240689,-12.37784566969666,logger_gyro_integral:neo3_calibrated_ros,1,-12.37784566969666,nan,62.391357421875,0.0,,,,0.2154781494140625,-0.09576806640624999,9.787496386718749,9.796124512979272,,,,-0.0,-0.0,0.0,0.0,0.0,0.0,0.0,,,,0.670166015625,1.2030029296875,62.391357421875,98634.336,35.85000000000002,,,,,,89,446,883,883,0,884,15414,ROS topics=74 messages=15414
ROS_TOPICS,186,1789500039326591417,2026-09-15T19:20:39.326591+00:00,1789500039326598966,6542576309678,1789500039200000000,1789500039,200000000,9876999,1789500039207674,1789500039200000,2,4,177.69476889788046,112.11282876006788,nav2_filtered_map,6.032623560218568,5.739902093658842,110.4351501,-7.0508128,252.951,11.38,13.942,3,1,11,0,1.097,164.291,-1.056,0.297,-1.146,3.4015,177.664,-1.0,5.01,-10.244089191406955,/neo3/mag_heading_fusion,1,-17.1021,-32.6416,-25.3906,44.75084852078226,1,-12.22493343082305,/imu/mag_heading_fusion,1,-4492.0,8190.0,3940.0,-0.17299192118617288,0.8619403942590192,0.8791288006038004,-12.37784566969666,logger_gyro_integral:neo3_calibrated_ros,1,-12.37784566969666,nan,62.391357421875,0.0,,,,0.19632453613281248,-0.1149216796875,9.792284790039062,9.800714388203335,,,,-0.0,-0.0,0.0,0.0,0.0,0.0,0.0,,,,0.670166015625,1.2030029296875,62.391357421875,98634.945,35.85000000000002,,,,,,90,448,888,888,0,889,15509,ROS topics=74 messages=15509
ROS_TOPICS,187,1789500039426886048,2026-09-15T19:20:39.426886+00:00,1789500039426888991,6542676603405,1789500039200000000,1789500039,200000000,9876999,1789500039207674,1789500039200000,2,4,177.69126217757005,112.08564648202666,nav2_filtered_map,6.032623560218568,5.739902093658842,110.4351501,-7.0508128,252.951,11.38,13.942,3,1,11,0,1.097,164.291,-1.056,0.297,-1.146,3.4015,177.664,-1.0,5.01,-10.149891308236516,/neo3/mag_heading_fusion,1,-17.0776,-32.7881,-25.6592,45.00109407569998,1,-12.142001527440309,/imu/mag_heading_fusion,1,-4479.0,8174.0,4028.0,-0.1711531225118362,0.8597428075171714,0.876613419029768,-12.37784566969666,logger_gyro_integral:neo3_calibrated_ros,1,-12.37784566969666,nan,62.391357421875,0.0,,,,0.2059013427734375,-0.13407529296874998,9.782707983398437,9.791583056689314,,,,-0.0,-0.0,0.0,0.0,0.0,0.0,0.0,,,,0.670166015625,1.2030029296875,62.391357421875,98634.945,35.85000000000002,,,,,,90,451,893,893,0,894,15585,ROS topics=74 messages=15585
ROS_TOPICS,188,1789500039526461312,2026-09-15T19:20:39.526461+00:00,1789500039526468085,6542776179896,1789500039400000000,1789500039,400000000,9877200,1789500039407930,1789500039400000,2,4,177.6566027795945,112.01987105913682,nav2_filtered_map,6.132062602109717,5.57400914161978,110.435151,-7.0508143,253.171,11.424,13.996,3,1,11,0,0.9025,168.36599999999999,-0.884,0.182,-0.933,3.3923,180.0,-1.0,5.004,-10.213311343767813,/neo3/mag_heading_fusion,1,-17.0898,-32.666,-25.4883,44.81944061375599,1,-12.003364401200058,/imu/mag_heading_fusion,1,-4465.0,8185.0,4045.0,-0.1691230719828971,0.8612941156169102,0.8777415149537178,-12.37784566969666,logger_gyro_integral:neo3_calibrated_ros,1,-12.37784566969666,nan,62.391357421875,0.0,,,,0.19632453613281248,-0.1149216796875,9.782707983398437,9.79114019490976,,,,-0.0,-0.0,0.0,0.0,0.0,0.0,0.0,,,,0.670166015625,1.2030029296875,62.391357421875,98635.25,35.85000000000002,,,,,,91,453,898,898,0,899,15683,ROS topics=74 messages=15683
ROS_TOPICS,189,1789500039628819190,2026-09-15T19:20:39.628819+00:00,1789500039628823877,6542878536734,1789500039400000000,1789500039,400000000,9877200,1789500039407930,1789500039400000,2,4,177.65103059247738,111.98997592935928,nav2_filtered_map,6.132062602109717,5.57400914161978,110.435151,-7.0508143,253.171,11.424,13.996,3,1,11,0,0.9025,168.36599999999999,-0.884,0.182,-0.933,3.3923,180.0,-1.0,5.004,-10.097266222941936,/neo3/mag_heading_fusion,1,-17.0532,-32.8125,-25.6348,44.995719324509075,1,-12.119847444534868,/imu/mag_heading_fusion,1,-4476.0,8172.0,3996.0,-0.1707257987222689,0.8594705350020256,0.8762630306511994,-12.37784566969666,logger_gyro_integral:neo3_calibrated_ros,1,-12.37784566969666,nan,62.391357421875,0.0,,,,0.2059013427734375,-0.105344873046875,9.777919580078125,9.786442436523506,,,,-0.0,-0.0,0.0,0.0,0.0,0.0,0.0,,,,0.670166015625,1.2030029296875,62.391357421875,98636.172,35.85000000000002,,,,,,91,456,903,903,0,904,15762,ROS topics=74 messages=15762
ROS_TOPICS,190,1789500039726538805,2026-09-15T19:20:39.726539+00:00,1789500039726545648,6542976256910,1789500039600000000,1789500039,600000000,9877399,1789500039607624,1789500039600000,2,4,177.62620985134566,111.91820879361981,nav2_filtered_map,6.187306375605333,5.463413691040141,110.4351515,-7.0508153,253.151,11.467,14.049,3,1,11,0,0.4004,164.055,-0.385,0.11,-0.394,3.3354,180.0,-1.0,5.008,-10.172126146369974,/neo3/mag_heading_fusion,1,-17.0898,-32.7881,-25.6592,45.005725305676386,1,-12.235204779877336,/imu/mag_heading_fusion,1,-4493.0,8189.0,4011.0,-0.17313730284643508,0.8617998474058368,0.8790196258478316,-12.37784566969666,logger_gyro_integral:neo3_calibrated_ros,1,-12.37784566969666,nan,62.391357421875,0.0,,,,0.2059013427734375,-0.09576806640624999,9.777919580078125,9.786343263193743,,,,-0.0,-0.0,0.0,0.0,0.0,0.0,0.0,,,,0.670166015625,1.2030029296875,62.391357421875,98630.375,35.85000000000002,,,,,,92,458,908,908,0,909,15858,ROS topics=74 messages=15858
ROS_TOPICS,191,1789500039826240801,2026-09-15T19:20:39.826241+00:00,1789500039826243137,6543075958184,1789500039600000000,1789500039,600000000,9877399,1789500039607624,1789500039600000,2,4,177.61892490303148,111.88531898386516,nav2_filtered_map,6.187306375605333,5.463413691040141,110.4351515,-7.0508153,253.151,11.467,14.049,3,1,11,0,0.4004,164.055,-0.385,0.11,-0.394,3.3354,180.0,-1.0,5.008,-10.163932551473708,/neo3/mag_heading_fusion,1,-17.0898,-32.8125,-25.6592,45.023504582939786,1,-12.30540920719877,/imu/mag_heading_fusion,1,-4500.0,8183.0,4027.0,-0.17415321023002658,0.8609548020484981,0.8783920034949045,-12.37784566969666,logger_gyro_integral:neo3_calibrated_ros,1,-12.37784566969666,nan,62.391357421875,0.0,,,,0.2059013427734375,-0.09576806640624999,9.801861596679688,9.810278773612149,,,,-0.0,-0.0,0.0,0.0,0.0,0.0,0.0,,,,0.670166015625,1.2030029296875,62.391357421875,98633.422,35.85000000000002,,,,,,92,461,913,913,0,914,15938,ROS topics=74 messages=15938
ROS_TOPICS,192,1789500039926582628,2026-09-15T19:20:39.926583+00:00,1789500039926590115,6543176300774,1789500039800000000,1789500039,800000000,9877598,1789500039806519,1789500039800000,2,4,177.5940665192287,111.81828149675475,nav2_filtered_map,6.176258093146608,5.430235492942712,110.4351514,-7.0508156,253.651,11.511,14.102,3,1,11,0,0.8318,226.364,-0.574,-0.602,-1.209,3.6965,180.0,-1.0,5.01,-10.155751118180397,/neo3/mag_heading_fusion,1,-17.0898,-32.8369,-25.6348,45.02739429158654,1,-12.379945130656713,/imu/mag_heading_fusion,1,-4510.0,8189.0,4084.0,-0.1755787990207468,0.8617698553556913,0.8794743874982016,-12.37784566969666,logger_gyro_integral:neo3_calibrated_ros,1,-12.37784566969666,nan,62.391357421875,0.0,,,,0.2154781494140625,-0.11013327636718749,9.801861596679688,9.810637419204884,,,,-0.0,-0.0,0.0,0.0,0.0,0.0,0.0,,,,0.670166015625,1.2030029296875,62.391357421875,98630.984,35.85000000000002,,,,,,93,463,918,918,0,919,16033,ROS topics=74 messages=16033
ROS_TOPICS,193,1789500040026160097,2026-09-15T19:20:40.026160+00:00,1789500040026162289,6543275877473,1789500039800000000,1789500039,800000000,9877598,1789500039806519,1789500039800000,2,4,177.58555088190965,111.78437512217273,nav2_filtered_map,6.176258093146608,5.430235492942712,110.4351514,-7.0508156,253.651,11.511,14.102,3,1,11,0,0.8318,226.364,-0.574,-0.602,-1.209,3.6965,180.0,-1.0,5.01,-10.172126146369974,/neo3/mag_heading_fusion,1,-17.0898,-32.7881,-25.6592,45.005725305676386,1,-12.261030680198123,/imu/mag_heading_fusion,1,-4495.0,8184.0,3976.0,-0.17343335888169104,0.8611024058546559,0.878394264178485,-12.37784566969666,logger_gyro_integral:neo3_calibrated_ros,1,-12.37784566969666,nan,62.391357421875,0.0,,,,0.21068974609375,-0.1149216796875,9.792284790039062,9.801014281271257,,,,-0.0,-0.0,0.0,0.0,0.0,0.0,0.0,,,,0.670166015625,1.2030029296875,62.391357421875,98638.609,35.85000000000002,,,,,,93,466,923,923,0,924,16105,ROS topics=74 messages=16105
ROS_TOPICS,194,1789500040129949923,2026-09-15T19:20:40.129950+00:00,1789500040129954304,6543379667485,1789500040000000000,1789500040,0,9877805,1789500040013420,1789500040000000,2,4,177.55275830413245,111.72546638843207,nav2_filtered_map,6.098917196163556,5.419176351936565,110.4351507,-7.0508157,254.11100000000002,11.56,14.155,3,1,11,0,1.0564,240.01299999999998,-0.528,-0.915,-1.337,3.6034,180.0,-1.0,4.983,-10.119491526961019,/neo3/mag_heading_fusion,1,-17.0654,-32.8125,-25.6836,45.028161658788605,1,-12.319406172355777,/imu/mag_heading_fusion,1,-4506.0,8204.0,3989.0,-0.17497786575901564,0.863858651532746,0.8814017377640881,-12.37784566969666,logger_gyro_integral:neo3_calibrated_ros,1,-12.37784566969666,nan,62.391357421875,0.0,,,,0.21068974609375,-0.1292868896484375,9.797073193359374,9.805981264246274,,,,-0.0,-0.0,0.0,0.0,0.0,0.0,0.0,,,,0.670166015625,1.2030029296875,62.391357421875,98635.562,35.85000000000002,,,,,,94,468,928,928,0,929,16206,ROS topics=74 messages=16206
ROS_TOPICS,195,1789500040227104030,2026-09-15T19:20:40.227104+00:00,1789500040227105985,6543476821320,1789500040000000000,1789500040,0,9877805,1789500040013420,1789500040000000,2,4,177.5418864413788,111.687293452494,nav2_filtered_map,6.098917196163556,5.419176351936565,110.4351507,-7.0508157,254.11100000000002,11.56,14.155,3,1,11,0,1.0564,240.01299999999998,-0.528,-0.915,-1.337,3.6034,180.0,-1.0,4.983,-10.119491526961019,/neo3/mag_heading_fusion,1,-17.0654,-32.8125,-25.6592,45.014248611411915,1,-12.300963508100791,/imu/mag_heading_fusion,1,-4503.0,8200.0,3978.0,-0.17455407044593604,0.8633088137877231,0.8807787642040482,-12.37784566969666,logger_gyro_integral:neo3_calibrated_ros,1,-12.37784566969666,nan,62.391357421875,0.0,,,,0.2059013427734375,-0.1197100830078125,9.801861596679688,9.81054362886721,,,,-0.0,-0.0,0.0,0.0,0.0,0.0,0.0,,,,0.670166015625,1.2030029296875,62.391357421875,98638.914,35.85000000000002,,,,,,94,471,933,933,0,934,16283,ROS topics=74 messages=16283
ROS_TOPICS,196,1789500040327596616,2026-09-15T19:20:40.327596+00:00,1789500040327599270,6543577314147,1789500040200000000,1789500040,200000000,9877998,1789500040206866,1789500040200000,2,4,177.51982931463385,111.65227788842388,nav2_filtered_map,6.187307630280871,5.574010243092278,110.4351515,-7.0508143,254.431,11.603,14.208,3,1,10,0,0.4991,176.209,-0.498,0.033,-0.507,3.5532,180.0,-1.0,5.013,-10.14171363817388,/neo3/mag_heading_fusion,1,-17.0776,-32.8125,-25.6348,45.00497249249243,1,-12.300963508100791,/imu/mag_heading_fusion,1,-4503.0,8200.0,3989.0,-0.17455407044593604,0.8633088137877231,0.8807787642040482,-12.37784566969666,logger_gyro_integral:neo3_calibrated_ros,1,-12.37784566969666,nan,62.391357421875,0.0,,,,0.21068974609375,-0.1197100830078125,9.782707983398437,9.791498138167348,,,,-0.0,-0.0,0.0,0.0,0.0,0.0,0.0,,,,0.670166015625,1.2030029296875,62.391357421875,98631.898,35.85000000000002,,,,,,95,473,938,938,0,939,16378,ROS topics=74 messages=16378
ROS_TOPICS,197,1789500040426652689,2026-09-15T19:20:40.426653+00:00,1789500040426654707,6543676369921,1789500040200000000,1789500040,200000000,9877998,1789500040206866,1789500040200000,2,4,177.5073661438611,111.61234364126958,nav2_filtered_map,6.187307630280871,5.574010243092278,110.4351515,-7.0508143,254.431,11.603,14.208,3,1,10,0,0.4991,176.209,-0.498,0.033,-0.507,3.5532,180.0,-1.0,5.013,-10.180331929715315,/neo3/mag_heading_fusion,1,-17.0898,-32.7637,-25.6836,45.0018734131147,1,-12.155408638746621,/imu/mag_heading_fusion,1,-4482.0,8181.0,3985.0,-0.17157162511018423,0.8607089931070101,0.877642748137437,-12.37784566969666,logger_gyro_integral:neo3_calibrated_ros,1,-12.37784566969666,nan,62.391357421875,0.0,,,,0.201112939453125,-0.11013327636718749,9.787496386718749,9.795969574897779,,,,-0.0,-0.0,0.0,0.0,0.0,0.0,0.0,,,,0.670166015625,1.2030029296875,62.391357421875,98634.641,35.85000000000002,,,,,,95,476,943,943,0,944,16454,ROS topics=74 messages=16454
ROS_TOPICS,198,1789500040526509898,2026-09-15T19:20:40.526510+00:00,1789500040526512522,6543776227260,1789500040400000000,1789500040,400000000,9878199,1789500040407099,1789500040400000,2,4,177.49490483437003,111.59350953590429,nav2_filtered_map,6.264649047784444,5.673546191430856,110.4351522,-7.0508134,254.491,11.651,14.265,3,1,10,0,0.025,270.0,0.0,-0.025,0.189,3.3084,180.0,-1.0,5.007,-10.260693067902128,/neo3/mag_heading_fusion,1,-17.1021,-32.5928,-25.415,44.72912542460449,1,-12.188896468243929,/imu/mag_heading_fusion,1,-4489.0,8196.0,4020.0,-0.17255048349065477,0.8627783826633826,0.8798637433967267,-12.37784566969666,logger_gyro_integral:neo3_calibrated_ros,1,-12.37784566969666,nan,62.391357421875,0.0,,,,0.201112939453125,-0.12449848632812499,9.801861596679688,9.810503744871978,,,,-0.0,-0.0,0.0,0.0,0.0,0.0,0.0,,,,0.670166015625,1.2030029296875,62.391357421875,98631.898,35.85000000000002,,,,,,96,478,948,948,0,949,16548,ROS topics=74 messages=16548
ROS_TOPICS,199,1789500040628641628,2026-09-15T19:20:40.628642+00:00,1789500040628645440,6543878359163,1789500040400000000,1789500040,400000000,9878199,1789500040407099,1789500040400000,2,4,177.48114866027046,111.55228187513583,nav2_filtered_map,6.264649047784444,5.673546191430856,110.4351522,-7.0508134,254.491,11.651,14.265,3,1,10,0,0.025,270.0,0.0,-0.025,0.189,3.3084,180.0,-1.0,5.007,-10.194539987855974,/neo3/mag_heading_fusion,1,-17.1021,-32.7881,-25.6104,44.98259568077414,1,-12.138513658553697,/imu/mag_heading_fusion,1,-4479.0,8176.0,3977.0,-0.1711495940353485,0.8600203727470486,0.8768849554408132,-12.37784566969666,logger_gyro_integral:neo3_calibrated_ros,1,-12.37784566969666,nan,62.391357421875,0.0,,,,0.21068974609375,-0.1005564697265625,9.80665,9.815216307915115,,,,-0.0,-0.0,0.0,0.0,0.0,0.0,0.0,,,,0.670166015625,1.2030029296875,62.391357421875,98632.203,35.85000000000002,,,,,,96,481,953,953,0,954,16631,ROS topics=74 messages=16631
