time_iso,gnss_mps,right_erpm,yaw_rate_rps,yaw_error_to_goal_rad,goal_distance_m
2026-09-18T00:34:27.078,nan,nan,nan,nan,nan
2026-09-18T00:34:27.278,nan,nan,nan,nan,nan
2026-09-18T00:34:27.478,nan,nan,nan,nan,nan
2026-09-18T00:34:27.678,nan,nan,nan,nan,nan
2026-09-18T00:34:27.878,nan,nan,nan,nan,nan
2026-09-18T00:34:28.078,nan,nan,nan,nan,nan
2026-09-18T00:34:28.278,nan,nan,nan,nan,nan
2026-09-18T00:34:28.478,nan,nan,nan,nan,nan
2026-09-18T00:34:28.678,nan,nan,nan,nan,nan
2026-09-18T00:34:28.878,nan,nan,nan,nan,nan
2026-09-18T00:34:29.078,nan,nan,nan,nan,nan
2026-09-18T00:34:29.278,nan,nan,nan,nan,nan
2026-09-18T00:34:29.478,nan,nan,nan,nan,nan
2026-09-18T00:34:29.678,nan,nan,nan,nan,nan
2026-09-18T00:34:29.878,nan,nan,nan,nan,nan
2026-09-18T00:34:30.078,nan,nan,nan,nan,nan
2026-09-18T00:34:30.278,nan,nan,nan,nan,nan
2026-09-18T00:34:30.478,nan,nan,nan,nan,nan
2026-09-18T00:34:30.678,nan,nan,nan,nan,nan
2026-09-18T00:34:30.878,nan,nan,nan,nan,nan
2026-09-18T00:34:31.078,nan,nan,nan,nan,nan
2026-09-18T00:34:31.278,nan,nan,nan,nan,nan
2026-09-18T00:34:31.478,nan,nan,nan,nan,nan
2026-09-18T00:34:31.678,nan,0.000,nan,nan,nan
2026-09-18T00:34:31.878,nan,0.000,0.000000,nan,nan
2026-09-18T00:34:32.078,0.024000,0.000,0.000000,nan,nan
2026-09-18T00:34:32.278,0.018000,0.000,0.000000,nan,nan
2026-09-18T00:34:32.478,0.033500,0.000,0.000000,nan,nan
2026-09-18T00:34:32.678,0.023100,0.000,0.000000,nan,nan
2026-09-18T00:34:32.878,0.033500,0.000,0.000000,nan,nan
2026-09-18T00:34:33.078,0.027300,0.000,-0.006392,nan,nan
2026-09-18T00:34:33.278,0.090800,0.000,-0.004261,nan,nan
2026-09-18T00:34:33.478,0.055900,-26.000,0.002131,nan,nan
2026-09-18T00:34:33.678,0.028300,-44.000,-0.002131,nan,nan
2026-09-18T00:34:33.878,0.144800,-44.000,0.000000,nan,nan
2026-09-18T00:34:34.078,0.037300,-44.000,0.000000,nan,nan
2026-09-18T00:34:34.278,0.051500,0.000,0.000000,nan,nan
2026-09-18T00:34:34.478,0.038100,0.000,0.010653,nan,nan
2026-09-18T00:34:34.678,0.133000,440.000,-0.007457,nan,nan
2026-09-18T00:34:34.878,0.170300,837.000,-0.019175,nan,nan
2026-09-18T00:34:35.078,0.239100,569.000,-0.019175,nan,nan
2026-09-18T00:34:35.278,0.123800,792.000,0.011718,nan,nan
2026-09-18T00:34:35.478,0.142300,707.000,-0.023436,nan,nan
2026-09-18T00:34:35.678,0.033900,225.000,0.000000,nan,nan
2026-09-18T00:34:35.878,0.070900,192.000,0.000000,nan,nan
2026-09-18T00:34:36.078,0.032100,192.000,0.000000,nan,nan
2026-09-18T00:34:36.278,0.028000,0.000,0.000000,nan,nan
2026-09-18T00:34:36.478,0.076300,0.000,0.000000,nan,nan
2026-09-18T00:34:36.678,0.051400,0.000,0.000000,nan,nan
2026-09-18T00:34:36.878,0.046700,0.000,0.000000,nan,nan
2026-09-18T00:34:37.078,0.046300,0.000,0.000000,nan,nan
2026-09-18T00:34:37.278,0.015300,0.000,0.000000,nan,nan
2026-09-18T00:34:37.478,0.128300,0.000,0.000000,nan,nan
2026-09-18T00:34:37.678,0.114300,0.000,0.000000,nan,nan
2026-09-18T00:34:37.878,0.007600,0.000,0.000000,nan,nan
2026-09-18T00:34:38.079,0.026400,0.000,0.000000,nan,nan
2026-09-18T00:34:38.278,0.050600,0.000,0.000000,nan,nan
2026-09-18T00:34:38.478,0.075600,0.000,0.000000,nan,nan
2026-09-18T00:34:38.679,0.045500,0.000,0.000000,nan,nan
2026-09-18T00:34:38.878,0.039600,0.000,0.000000,nan,nan
2026-09-18T00:34:39.079,0.059100,0.000,0.000000,nan,nan
2026-09-18T00:34:39.279,0.027100,0.000,0.000000,nan,nan
2026-09-18T00:34:39.478,0.036100,0.000,0.000000,nan,nan
2026-09-18T00:34:39.678,0.024700,0.000,0.000000,nan,nan
2026-09-18T00:34:39.879,0.031100,0.000,0.000000,nan,nan
2026-09-18T00:34:40.078,0.050000,0.000,0.000000,nan,nan
2026-09-18T00:34:40.278,0.013600,0.000,0.000000,nan,nan
2026-09-18T00:34:40.478,0.024200,0.000,0.000000,nan,nan
2026-09-18T00:34:40.678,0.040400,0.000,0.000000,nan,nan
2026-09-18T00:34:40.878,0.020600,0.000,0.000000,nan,nan
2026-09-18T00:34:41.078,0.026200,0.000,0.000000,nan,nan
2026-09-18T00:34:41.278,0.024400,0.000,0.000000,nan,nan
2026-09-18T00:34:41.478,0.032700,0.000,0.000000,nan,nan
2026-09-18T00:34:41.678,0.014200,0.000,0.000000,nan,nan
2026-09-18T00:34:41.878,0.081800,0.000,0.000000,nan,nan
2026-09-18T00:34:42.078,0.039800,0.000,0.000000,nan,nan
2026-09-18T00:34:42.278,0.116500,0.000,0.000000,nan,nan
2026-09-18T00:34:42.478,0.034700,0.000,0.000000,nan,nan
2026-09-18T00:34:42.678,0.023300,0.000,0.000000,nan,nan
2026-09-18T00:34:42.878,0.018000,0.000,0.000000,nan,nan
2026-09-18T00:34:43.078,0.048000,0.000,0.000000,nan,nan
2026-09-18T00:34:43.278,0.085500,0.000,0.000000,nan,nan
2026-09-18T00:34:43.478,0.013600,0.000,0.000000,nan,nan
2026-09-18T00:34:43.678,0.059500,0.000,0.000000,nan,nan
2026-09-18T00:34:43.878,0.047700,0.000,0.000000,nan,nan
2026-09-18T00:34:44.078,0.030900,0.000,0.000000,nan,nan
2026-09-18T00:34:44.278,0.010200,0.000,0.000000,nan,nan
2026-09-18T00:34:44.478,0.052300,0.000,0.000000,nan,nan
2026-09-18T00:34:44.678,0.184200,0.000,0.000000,nan,nan
2026-09-18T00:34:44.878,0.057600,0.000,0.000000,nan,nan
2026-09-18T00:34:45.078,0.036400,0.000,0.000000,nan,nan
2026-09-18T00:34:45.278,0.036800,0.000,0.000000,nan,nan
2026-09-18T00:34:45.478,0.045500,0.000,0.000000,nan,nan
2026-09-18T00:34:45.678,0.018700,0.000,0.000000,nan,nan
2026-09-18T00:34:45.878,0.032200,0.000,0.000000,nan,nan
2026-09-18T00:34:46.078,0.015300,0.000,0.000000,nan,nan
2026-09-18T00:34:46.278,0.050100,0.000,0.000000,nan,nan
2026-09-18T00:34:46.478,0.048000,0.000,0.000000,nan,nan
2026-09-18T00:34:46.678,0.021600,0.000,0.000000,nan,nan
2026-09-18T00:34:46.878,0.018400,0.000,0.000000,nan,nan
2026-09-18T00:34:47.078,0.019600,0.000,0.000000,nan,nan
2026-09-18T00:34:47.278,0.025300,0.000,0.000000,nan,nan
2026-09-18T00:34:47.478,0.027800,0.000,0.000000,nan,nan
2026-09-18T00:34:47.678,0.054400,0.000,0.000000,nan,nan
2026-09-18T00:34:47.878,0.084600,0.000,0.000000,nan,nan
2026-09-18T00:34:48.078,0.076000,0.000,0.000000,nan,nan
2026-09-18T00:34:48.278,0.032600,0.000,0.000000,nan,nan
2026-09-18T00:34:48.478,0.010400,0.000,0.000000,nan,nan
2026-09-18T00:34:48.678,0.001400,0.000,0.000000,nan,nan
2026-09-18T00:34:48.878,0.021400,0.000,0.000000,nan,nan
2026-09-18T00:34:49.078,0.021000,0.000,0.000000,nan,nan
2026-09-18T00:34:49.278,0.008500,0.000,0.000000,nan,nan
2026-09-18T00:34:49.478,0.023800,0.000,0.000000,nan,nan
2026-09-18T00:34:49.678,0.066800,0.000,0.000000,nan,nan
2026-09-18T00:34:49.878,0.016000,0.000,0.000000,nan,nan
2026-09-18T00:34:50.078,0.024800,0.000,0.000000,nan,nan
2026-09-18T00:34:50.278,0.022700,0.000,0.000000,nan,nan
2026-09-18T00:34:50.478,0.097500,0.000,0.000000,nan,nan
2026-09-18T00:34:50.678,0.006400,0.000,0.000000,nan,nan
2026-09-18T00:34:50.878,0.024800,0.000,0.000000,nan,nan
2026-09-18T00:34:51.079,0.043400,0.000,0.000000,nan,nan
2026-09-18T00:34:51.278,0.071800,0.000,0.000000,nan,nan
2026-09-18T00:34:51.478,0.062100,0.000,0.000000,nan,nan
2026-09-18T00:34:51.678,0.023200,0.000,0.000000,nan,nan
2026-09-18T00:34:51.878,0.078200,0.000,0.000000,nan,nan
2026-09-18T00:34:52.078,0.112100,0.000,0.000000,nan,nan
2026-09-18T00:34:52.278,0.046200,0.000,0.000000,nan,nan
2026-09-18T00:34:52.478,0.061300,0.000,0.000000,nan,nan
2026-09-18T00:34:52.678,0.032400,0.000,0.000000,nan,nan
2026-09-18T00:34:52.878,0.013600,0.000,0.000000,nan,nan
2026-09-18T00:34:53.078,0.036100,0.000,0.000000,nan,nan
2026-09-18T00:34:53.278,0.068000,0.000,0.000000,nan,nan
2026-09-18T00:34:53.478,0.057400,0.000,0.000000,nan,nan
2026-09-18T00:34:53.678,0.046100,0.000,0.000000,nan,nan
2026-09-18T00:34:53.878,0.063700,0.000,0.000000,nan,nan
2026-09-18T00:34:54.078,0.059400,0.000,0.000000,nan,nan
2026-09-18T00:34:54.278,0.055100,0.000,0.000000,nan,nan
2026-09-18T00:34:54.478,0.066200,0.000,0.000000,nan,nan
2026-09-18T00:34:54.678,0.034500,0.000,0.000000,nan,nan
2026-09-18T00:34:54.878,0.046200,0.000,0.000000,nan,nan
2026-09-18T00:34:55.078,0.026800,0.000,0.000000,nan,nan
2026-09-18T00:34:55.278,0.092600,0.000,0.000000,nan,nan
2026-09-18T00:34:55.478,0.025500,0.000,0.000000,nan,nan
2026-09-18T00:34:55.678,0.020000,0.000,0.000000,nan,nan
2026-09-18T00:34:55.878,0.028300,0.000,0.000000,nan,nan
2026-09-18T00:34:56.078,0.023800,0.000,0.000000,nan,nan
2026-09-18T00:34:56.278,0.108200,0.000,0.000000,nan,nan
2026-09-18T00:34:56.478,0.055700,0.000,0.000000,nan,nan
2026-09-18T00:34:56.678,0.039100,0.000,0.000000,nan,nan
2026-09-18T00:34:56.878,0.015000,0.000,0.000000,nan,nan
2026-09-18T00:34:57.078,0.059500,0.000,0.000000,nan,nan
2026-09-18T00:34:57.278,0.023300,0.000,0.000000,nan,nan
2026-09-18T00:34:57.478,0.173200,0.000,0.000000,nan,nan
2026-09-18T00:34:57.678,0.038500,0.000,0.000000,nan,nan
2026-09-18T00:34:57.878,0.053600,0.000,0.000000,nan,nan
2026-09-18T00:34:58.078,0.037300,0.000,0.000000,nan,nan
2026-09-18T00:34:58.278,0.016500,0.000,0.000000,nan,nan
2026-09-18T00:34:58.478,0.055200,0.000,0.000000,nan,nan
2026-09-18T00:34:58.678,0.046400,0.000,0.000000,nan,nan
2026-09-18T00:34:58.878,0.023700,0.000,0.000000,nan,nan
2026-09-18T00:34:59.078,0.025000,0.000,0.000000,nan,nan
2026-09-18T00:34:59.278,0.131800,0.000,0.000000,nan,nan
2026-09-18T00:34:59.478,0.021000,0.000,0.000000,nan,nan
2026-09-18T00:34:59.678,0.043400,0.000,0.000000,nan,nan
2026-09-18T00:34:59.878,0.041000,0.000,0.000000,nan,nan
2026-09-18T00:35:00.078,0.020600,0.000,0.000000,nan,nan
2026-09-18T00:35:00.278,0.011200,0.000,0.000000,nan,nan
2026-09-18T00:35:00.478,0.059300,0.000,0.000000,nan,nan
2026-09-18T00:35:00.678,0.042000,0.000,0.000000,nan,nan
2026-09-18T00:35:00.878,0.074100,0.000,0.000000,nan,nan
2026-09-18T00:35:01.078,0.037600,0.000,0.000000,nan,nan
2026-09-18T00:35:01.278,0.027600,0.000,0.000000,nan,nan
2026-09-18T00:35:01.478,0.009200,0.000,0.000000,nan,nan
2026-09-18T00:35:01.678,0.022400,0.000,0.000000,nan,nan
2026-09-18T00:35:01.878,0.069100,0.000,0.000000,nan,nan
2026-09-18T00:35:02.078,0.022600,0.000,0.000000,nan,nan
2026-09-18T00:35:02.278,0.003600,0.000,0.000000,nan,nan
2026-09-18T00:35:02.478,0.004200,0.000,0.000000,nan,nan
2026-09-18T00:35:02.678,0.037700,0.000,0.000000,nan,nan
2026-09-18T00:35:02.878,0.024200,0.000,0.000000,nan,nan
2026-09-18T00:35:03.078,0.027800,0.000,0.000000,nan,nan
2026-09-18T00:35:03.278,0.032000,0.000,0.000000,nan,nan
2026-09-18T00:35:03.478,0.028600,0.000,0.000000,nan,nan
2026-09-18T00:35:03.678,0.021500,0.000,0.000000,nan,nan
2026-09-18T00:35:03.878,0.018900,0.000,0.000000,nan,nan
2026-09-18T00:35:04.078,0.027200,0.000,0.000000,nan,nan
2026-09-18T00:35:04.278,0.034800,0.000,0.000000,nan,nan
2026-09-18T00:35:04.478,0.073700,0.000,0.000000,nan,nan
2026-09-18T00:35:04.678,0.039300,0.000,0.000000,nan,nan
2026-09-18T00:35:04.878,0.034000,0.000,0.000000,nan,nan
2026-09-18T00:35:05.078,0.039900,0.000,0.000000,nan,nan
2026-09-18T00:35:05.278,0.017500,0.000,0.000000,nan,nan
2026-09-18T00:35:05.478,0.047200,0.000,0.000000,nan,nan
2026-09-18T00:35:05.678,0.002800,0.000,0.000000,nan,nan
2026-09-18T00:35:05.878,0.052300,0.000,0.000000,nan,nan
2026-09-18T00:35:06.078,0.033600,0.000,0.000000,nan,nan
2026-09-18T00:35:06.278,0.037500,0.000,0.000000,nan,nan
2026-09-18T00:35:06.478,0.053000,0.000,0.000000,nan,nan
2026-09-18T00:35:06.678,0.044900,0.000,0.000000,nan,nan
2026-09-18T00:35:06.878,0.047200,0.000,0.000000,nan,nan
2026-09-18T00:35:07.078,0.040700,0.000,0.000000,nan,nan
2026-09-18T00:35:07.278,0.027500,0.000,0.000000,nan,nan
2026-09-18T00:35:07.478,0.054200,0.000,0.000000,nan,nan
2026-09-18T00:35:07.678,0.037700,0.000,0.000000,nan,nan
2026-09-18T00:35:07.878,0.039000,0.000,0.000000,nan,nan
2026-09-18T00:35:08.078,0.047700,0.000,0.000000,nan,nan
2026-09-18T00:35:08.278,0.034200,0.000,0.000000,nan,nan
2026-09-18T00:35:08.478,0.042400,0.000,0.000000,nan,nan
2026-09-18T00:35:08.678,0.007600,0.000,0.000000,nan,nan
2026-09-18T00:35:08.878,0.082700,0.000,0.000000,nan,nan
2026-09-18T00:35:09.078,0.044400,0.000,0.000000,nan,nan
2026-09-18T00:35:09.278,0.044600,0.000,0.000000,nan,nan
2026-09-18T00:35:09.478,0.059000,0.000,0.000000,nan,nan
2026-09-18T00:35:09.678,0.010400,0.000,0.000000,nan,nan
2026-09-18T00:35:09.878,0.033200,-345.000,0.011718,nan,nan
2026-09-18T00:35:10.078,0.065000,-395.000,-0.017044,nan,nan
2026-09-18T00:35:10.278,0.076400,-152.000,0.015979,nan,nan
2026-09-18T00:35:10.478,0.105700,-414.000,0.007457,nan,nan
2026-09-18T00:35:10.678,0.115700,-512.000,0.000000,nan,nan
2026-09-18T00:35:10.878,0.130600,-418.000,0.007457,nan,nan
2026-09-18T00:35:11.078,0.051500,-418.000,0.002131,nan,nan
2026-09-18T00:35:11.278,0.042700,-107.000,0.007457,nan,nan
2026-09-18T00:35:11.478,0.027300,-126.000,0.003196,nan,nan
2026-09-18T00:35:11.678,0.024700,-106.000,0.004261,nan,nan
2026-09-18T00:35:11.878,0.037200,-85.000,0.001065,nan,nan
2026-09-18T00:35:12.078,0.087900,-156.000,0.006392,nan,nan
2026-09-18T00:35:12.278,0.136200,-325.000,0.006392,nan,nan
2026-09-18T00:35:12.478,0.116100,-434.000,0.002131,nan,nan
2026-09-18T00:35:12.678,0.017700,-306.000,0.002131,nan,nan
2026-09-18T00:35:12.878,0.046900,-226.000,0.000000,nan,nan
2026-09-18T00:35:13.078,0.052200,-226.000,-0.002131,nan,nan
2026-09-18T00:35:13.278,0.031400,0.000,0.000000,nan,nan
2026-09-18T00:35:13.478,0.042700,0.000,0.000000,nan,nan
2026-09-18T00:35:13.678,0.058700,0.000,0.000000,nan,nan
2026-09-18T00:35:13.878,0.030200,0.000,0.000000,nan,nan
2026-09-18T00:35:14.078,0.038100,0.000,0.000000,nan,nan
2026-09-18T00:35:14.278,0.031300,0.000,0.000000,nan,nan
2026-09-18T00:35:14.478,0.013000,0.000,0.000000,nan,nan
2026-09-18T00:35:14.678,0.040500,0.000,0.000000,nan,nan
2026-09-18T00:35:14.878,0.033000,0.000,0.000000,nan,nan
2026-09-18T00:35:15.078,0.089100,0.000,0.000000,nan,nan
2026-09-18T00:35:15.278,0.019800,0.000,0.000000,nan,nan
2026-09-18T00:35:15.478,0.034800,0.000,0.000000,nan,nan
2026-09-18T00:35:15.678,0.004100,0.000,0.000000,nan,nan
2026-09-18T00:35:15.878,0.035900,0.000,0.000000,nan,nan
2026-09-18T00:35:16.078,0.042200,0.000,0.000000,nan,nan
2026-09-18T00:35:16.278,0.046100,0.000,0.000000,nan,nan
2026-09-18T00:35:16.478,0.022600,0.000,0.000000,nan,nan
2026-09-18T00:35:16.678,0.022700,0.000,0.000000,nan,nan
2026-09-18T00:35:16.878,0.027800,0.000,0.000000,nan,nan
2026-09-18T00:35:17.078,0.038900,0.000,0.000000,nan,nan
2026-09-18T00:35:17.278,0.018000,0.000,0.000000,nan,nan
2026-09-18T00:35:17.478,0.068000,0.000,0.000000,nan,nan
2026-09-18T00:35:17.678,0.003600,0.000,0.000000,nan,nan
2026-09-18T00:35:17.878,0.038900,0.000,0.000000,nan,nan
2026-09-18T00:35:18.078,0.040200,0.000,0.000000,nan,nan
2026-09-18T00:35:18.278,0.012200,0.000,0.000000,nan,nan
2026-09-18T00:35:18.478,0.034000,0.000,0.000000,nan,nan
2026-09-18T00:35:18.678,0.039700,0.000,0.000000,nan,nan
2026-09-18T00:35:18.878,0.005000,0.000,0.000000,nan,nan
2026-09-18T00:35:19.078,0.028000,0.000,0.000000,nan,nan
2026-09-18T00:35:19.278,0.032600,0.000,0.000000,nan,nan
2026-09-18T00:35:19.478,0.033800,0.000,0.000000,nan,nan
2026-09-18T00:35:19.678,0.041900,0.000,0.000000,nan,nan
2026-09-18T00:35:19.878,0.003600,0.000,0.000000,nan,nan
2026-09-18T00:35:20.078,0.059000,0.000,0.000000,nan,nan
2026-09-18T00:35:20.278,0.077100,0.000,0.000000,nan,nan
2026-09-18T00:35:20.478,0.038500,0.000,0.000000,nan,nan
2026-09-18T00:35:20.678,0.045800,0.000,0.000000,nan,nan
2026-09-18T00:35:20.878,0.013500,0.000,0.000000,nan,nan
2026-09-18T00:35:21.078,0.021400,0.000,0.000000,nan,nan
2026-09-18T00:35:21.278,0.026400,0.000,0.000000,nan,nan
2026-09-18T00:35:21.478,0.023200,0.000,0.000000,nan,nan
2026-09-18T00:35:21.678,0.058700,0.000,0.000000,nan,nan
2026-09-18T00:35:21.878,0.078700,0.000,0.000000,nan,nan
2026-09-18T00:35:22.078,0.019200,0.000,0.000000,nan,nan
2026-09-18T00:35:22.278,0.039400,0.000,0.000000,nan,nan
2026-09-18T00:35:22.478,0.027000,0.000,0.000000,nan,nan
2026-09-18T00:35:22.678,0.045300,0.000,0.000000,nan,nan
2026-09-18T00:35:22.878,0.042900,0.000,0.000000,nan,nan
2026-09-18T00:35:23.078,0.020600,0.000,0.000000,nan,nan
2026-09-18T00:35:23.278,0.044300,0.000,0.000000,nan,nan
2026-09-18T00:35:23.478,0.052300,0.000,0.000000,nan,nan
2026-09-18T00:35:23.678,0.006300,0.000,0.000000,nan,nan
2026-09-18T00:35:23.878,0.042000,0.000,0.000000,nan,nan
2026-09-18T00:35:24.078,0.009500,0.000,0.000000,nan,nan
2026-09-18T00:35:24.278,0.045600,0.000,0.000000,nan,nan
2026-09-18T00:35:24.478,0.031900,0.000,0.000000,nan,nan
2026-09-18T00:35:24.678,0.012000,0.000,0.000000,nan,nan
2026-09-18T00:35:24.878,0.025600,0.000,0.000000,nan,nan
2026-09-18T00:35:25.078,0.011300,0.000,0.000000,nan,nan
2026-09-18T00:35:25.278,0.009100,0.000,0.000000,nan,nan
2026-09-18T00:35:25.478,0.020600,0.000,0.000000,nan,nan
2026-09-18T00:35:25.678,0.087000,0.000,0.000000,nan,nan
2026-09-18T00:35:25.878,0.030000,0.000,0.000000,nan,nan
2026-09-18T00:35:26.078,0.037300,0.000,0.000000,nan,nan
2026-09-18T00:35:26.278,0.055900,0.000,0.000000,nan,nan
2026-09-18T00:35:26.478,0.045700,0.000,0.000000,nan,nan
2026-09-18T00:35:26.678,0.046800,0.000,0.000000,nan,nan
2026-09-18T00:35:26.878,0.027700,0.000,0.000000,nan,nan
2026-09-18T00:35:27.078,0.027000,0.000,0.000000,nan,nan
2026-09-18T00:35:27.278,0.036400,0.000,0.000000,nan,nan
2026-09-18T00:35:27.478,0.024300,0.000,0.000000,nan,nan
2026-09-18T00:35:27.678,0.008100,0.000,0.000000,nan,nan
2026-09-18T00:35:27.878,0.034700,0.000,0.000000,nan,nan
2026-09-18T00:35:28.078,0.032200,0.000,0.000000,nan,nan
2026-09-18T00:35:28.278,0.042900,0.000,0.000000,nan,nan
2026-09-18T00:35:28.478,0.066300,0.000,0.000000,nan,nan
2026-09-18T00:35:28.678,0.059800,0.000,0.000000,nan,nan
2026-09-18T00:35:28.878,0.028500,0.000,0.000000,nan,nan
2026-09-18T00:35:29.078,0.104000,0.000,0.000000,nan,nan
2026-09-18T00:35:29.278,0.023100,0.000,0.000000,nan,nan
2026-09-18T00:35:29.478,0.052000,0.000,0.000000,nan,nan
2026-09-18T00:35:29.678,0.013900,0.000,0.000000,nan,nan
2026-09-18T00:35:29.878,0.032000,0.000,0.000000,nan,nan
2026-09-18T00:35:30.078,0.062200,0.000,0.000000,nan,nan
2026-09-18T00:35:30.278,0.052300,0.000,0.000000,nan,nan
2026-09-18T00:35:30.478,0.021600,0.000,0.000000,nan,nan
2026-09-18T00:35:30.678,0.026400,0.000,0.000000,nan,nan
2026-09-18T00:35:30.878,0.031600,0.000,0.000000,nan,nan
2026-09-18T00:35:31.078,0.051400,0.000,0.000000,nan,nan
2026-09-18T00:35:31.278,0.037000,0.000,0.000000,nan,nan
2026-09-18T00:35:31.478,0.040000,0.000,0.000000,nan,nan
2026-09-18T00:35:31.678,0.031200,0.000,0.000000,nan,nan
2026-09-18T00:35:31.878,0.065900,0.000,0.000000,nan,nan
2026-09-18T00:35:32.078,0.033100,0.000,0.000000,0.273360,11.839216
2026-09-18T00:35:32.278,0.041200,0.000,0.000000,0.273408,11.839216
2026-09-18T00:35:32.478,0.043600,370.000,0.001065,0.275305,11.825135
2026-09-18T00:35:32.678,0.149000,661.000,-0.036219,0.274873,11.819686
2026-09-18T00:35:32.878,0.292600,1632.000,0.013848,0.275626,11.777935
2026-09-18T00:35:33.078,0.534600,2666.000,0.050067,0.263780,11.686434
2026-09-18T00:35:33.278,0.724000,3636.000,0.050067,0.254940,11.553099
2026-09-18T00:35:33.478,0.864000,4210.000,0.013848,0.242800,11.394467
2026-09-18T00:35:33.678,0.798200,4102.000,0.067112,0.234869,11.219586
2026-09-18T00:35:33.878,1.028400,4210.000,0.024501,0.216507,11.043659
2026-09-18T00:35:34.078,0.942800,3720.000,0.068177,0.204178,10.872208
2026-09-18T00:35:34.278,0.808700,3720.000,-0.010653,0.192278,10.709533
2026-09-18T00:35:34.478,0.759600,3636.000,0.025566,0.181755,10.555469
2026-09-18T00:35:34.678,0.879200,3478.000,-0.005326,0.174970,10.399128
2026-09-18T00:35:34.878,0.823100,3333.000,0.037284,0.168696,10.246552
2026-09-18T00:35:35.078,0.733200,3137.000,0.034088,0.164847,10.094438
2026-09-18T00:35:35.278,0.747300,3404.000,0.045806,0.160199,9.947510
2026-09-18T00:35:35.478,0.798900,3555.000,0.056459,0.147929,9.792095
2026-09-18T00:35:35.678,0.825800,3555.000,0.055394,0.144464,9.633617
2026-09-18T00:35:35.878,0.800700,3265.000,0.055394,0.130926,9.472899
2026-09-18T00:35:36.078,0.642600,3333.000,0.096939,0.114495,9.315302
2026-09-18T00:35:36.278,0.774400,3555.000,0.049002,0.103511,9.157585
2026-09-18T00:35:36.478,0.918700,3636.000,0.111853,0.087160,8.987507
2026-09-18T00:35:36.678,0.958500,3636.000,0.057524,0.070590,8.809690
2026-09-18T00:35:36.878,0.840900,3555.000,0.052198,0.054250,8.635471
2026-09-18T00:35:37.078,0.810900,3809.000,0.069242,0.035251,8.464215
2026-09-18T00:35:37.278,0.811800,3720.000,0.055394,0.020617,8.286710
2026-09-18T00:35:37.478,0.845500,3720.000,0.073503,0.002219,8.109337
2026-09-18T00:35:37.678,0.867200,3555.000,0.026632,-0.013752,7.933143
2026-09-18T00:35:37.878,0.732000,3636.000,0.000000,-0.030274,7.763999
2026-09-18T00:35:38.078,0.797800,3555.000,0.036219,-0.045072,7.594635
2026-09-18T00:35:38.278,0.703500,3636.000,0.012783,-0.051423,7.425760
2026-09-18T00:35:38.478,0.826600,3333.000,-0.037284,-0.059971,7.259479
2026-09-18T00:35:38.678,0.759200,3137.000,-0.147006,-0.049779,7.102803
2026-09-18T00:35:38.878,0.717600,3200.000,-0.182160,-0.021458,6.948561
2026-09-18T00:35:39.078,0.576000,3265.000,-0.190682,0.016164,6.794750
2026-09-18T00:35:39.278,0.531500,2857.000,-0.177899,0.057845,6.648545
2026-09-18T00:35:39.478,0.636000,3200.000,-0.177899,0.101257,6.503717
2026-09-18T00:35:39.678,0.759700,3555.000,-0.128897,0.145955,6.346285
2026-09-18T00:35:39.878,0.798000,3720.000,-0.085221,0.178490,6.181278
2026-09-18T00:35:40.078,0.922100,3404.000,0.151268,0.174289,6.014543
2026-09-18T00:35:40.278,0.859600,3636.000,0.184291,0.139265,5.846335
2026-09-18T00:35:40.478,0.865000,3809.000,0.209857,0.097699,5.673374
2026-09-18T00:35:40.678,0.910500,3555.000,0.178964,0.058730,5.505432
2026-09-18T00:35:40.878,0.856200,3555.000,0.144876,0.016513,5.339950
2026-09-18T00:35:41.078,0.781500,3404.000,0.128897,-0.037753,5.178862
2026-09-18T00:35:41.278,0.740300,3333.000,0.039415,-0.078988,5.024631
2026-09-18T00:35:41.478,0.784300,3333.000,-0.007457,-0.098371,4.876023
2026-09-18T00:35:41.678,0.731100,3200.000,0.006392,-0.115050,4.729412
2026-09-18T00:35:41.878,0.701100,3137.000,-0.103331,-0.124002,4.583502
2026-09-18T00:35:42.078,0.726600,3265.000,-0.089482,-0.124502,4.441430
2026-09-18T00:35:42.278,0.748200,3333.000,-0.126766,-0.122132,4.294227
2026-09-18T00:35:42.478,0.792000,3200.000,-0.077764,-0.109665,4.144178
2026-09-18T00:35:42.678,0.716600,3478.000,-0.142745,-0.096067,3.989559
2026-09-18T00:35:42.878,0.780200,3478.000,-0.124636,-0.073381,3.830492
2026-09-18T00:35:43.078,0.709600,3636.000,-0.164051,-0.040104,3.671259
2026-09-18T00:35:43.278,0.732000,3478.000,-0.217314,-0.005766,3.510031
2026-09-18T00:35:43.478,0.746900,3478.000,-0.128897,0.037392,3.350141
2026-09-18T00:35:43.678,0.788300,3200.000,-0.140615,0.069746,3.197116
2026-09-18T00:35:43.878,0.703600,3265.000,-0.056459,0.118597,3.045556
2026-09-18T00:35:44.078,0.737600,3200.000,-0.041545,0.151798,2.896656
2026-09-18T00:35:44.278,0.776000,3333.000,0.082025,0.169248,2.742240
2026-09-18T00:35:44.478,0.792200,3478.000,0.115049,0.177490,2.589257
2026-09-18T00:35:44.679,0.806700,3076.000,0.197074,0.171791,2.441564
2026-09-18T00:35:44.878,0.789800,3018.000,0.126766,0.180087,2.307062
2026-09-18T00:35:45.078,0.716600,3076.000,0.113983,0.177661,2.166648
2026-09-18T00:35:45.278,0.614200,2962.000,0.053263,0.171393,2.030331
2026-09-18T00:35:45.479,0.678300,3137.000,0.102265,0.161519,1.891999
2026-09-18T00:35:45.678,0.672100,2711.000,0.116114,0.138815,1.757630
2026-09-18T00:35:45.878,0.610900,2622.000,0.112918,0.142711,1.638363
2026-09-18T00:35:46.078,0.585500,2666.000,0.074569,0.114754,1.522959
2026-09-18T00:35:46.279,0.551700,2285.000,0.058590,0.078304,1.406272
2026-09-18T00:35:46.479,0.506900,2162.000,0.039415,0.067139,1.304810
2026-09-18T00:35:46.678,0.373800,2352.000,0.047937,0.041275,1.190077
2026-09-18T00:35:46.878,0.522000,2025.000,0.028762,0.024825,1.092314
2026-09-18T00:35:47.078,0.540400,1882.000,0.021305,0.007830,1.001321
2026-09-18T00:35:47.278,0.414200,1333.000,0.054328,-0.037462,0.921090
2026-09-18T00:35:47.478,0.300500,1415.000,0.131028,-0.085492,0.862059
2026-09-18T00:35:47.678,0.267300,987.000,-0.070307,-0.136807,0.850802
2026-09-18T00:35:47.878,0.183200,650.000,0.014914,-0.153401,0.850249
2026-09-18T00:35:48.078,0.166000,484.000,0.005326,-0.160593,0.850523
2026-09-18T00:35:48.278,0.073800,385.000,0.007457,-0.181833,0.852264
2026-09-18T00:35:48.478,0.106700,428.000,0.002131,-0.176096,0.851575
2026-09-18T00:35:48.678,0.108000,504.000,0.003196,-0.185131,0.852382
2026-09-18T00:35:48.878,0.080100,437.000,0.009587,-0.216101,0.855585
2026-09-18T00:35:49.078,0.068400,353.000,0.005326,-0.218843,0.855705
2026-09-18T00:35:49.278,0.046800,299.000,0.003196,-0.256230,0.860713
2026-09-18T00:35:49.478,0.069300,238.000,0.000000,-0.255515,0.860462
2026-09-18T00:35:49.678,0.055000,203.000,0.005326,-0.247016,0.859119
2026-09-18T00:35:49.878,0.041000,145.000,0.002131,-0.268190,0.862259
2026-09-18T00:35:50.078,0.027300,118.000,0.000000,-0.234009,0.857200
2026-09-18T00:35:50.278,0.020600,118.000,-0.001065,-0.238946,0.857841
2026-09-18T00:35:50.478,0.012000,0.000,0.000000,-0.245509,0.858733
2026-09-18T00:35:50.678,0.024100,0.000,0.000000,-0.235977,0.857385
2026-09-18T00:35:50.878,0.069500,0.000,0.000000,-0.236343,0.857403
2026-09-18T00:35:51.078,0.032100,0.000,0.000000,-0.229252,0.856443
2026-09-18T00:35:51.278,0.015300,0.000,0.000000,-0.240380,0.857881
2026-09-18T00:35:51.478,0.010800,0.000,0.000000,-0.230512,0.856527
2026-09-18T00:35:51.678,0.027600,0.000,0.000000,-0.225703,0.855877
2026-09-18T00:35:51.878,0.093500,0.000,0.000000,-0.229817,0.856353
2026-09-18T00:35:52.078,0.074700,0.000,0.000000,-0.219063,0.854994
2026-09-18T00:35:52.278,0.048800,0.000,0.000000,-0.229796,0.856269
2026-09-18T00:35:52.478,0.071600,0.000,0.000000,-0.238471,0.857358
2026-09-18T00:35:52.678,0.018400,0.000,0.000000,-0.223406,0.855400
2026-09-18T00:35:52.878,0.042200,0.000,0.000000,-0.237658,0.857167
2026-09-18T00:35:53.078,0.024100,0.000,0.000000,-0.222182,0.855184
2026-09-18T00:35:53.278,0.024800,0.000,0.000000,-0.225575,0.855560
2026-09-18T00:35:53.478,0.024000,0.000,0.000000,-0.201753,0.852848
2026-09-18T00:35:53.678,0.042600,0.000,0.000000,-0.207304,0.853387
2026-09-18T00:35:53.878,0.101100,0.000,0.000000,-0.220989,0.854882
2026-09-18T00:35:54.078,0.030500,0.000,0.000000,-0.204959,0.853068
2026-09-18T00:35:54.278,0.040100,0.000,0.000000,-0.218758,0.854540
2026-09-18T00:35:54.478,0.047800,0.000,0.000000,-0.195095,0.852016
2026-09-18T00:35:54.678,0.019100,0.000,0.000000,-0.187331,0.851267
2026-09-18T00:35:54.878,0.050600,0.000,0.000000,-0.188111,0.851307
2026-09-18T00:35:55.078,0.023300,0.000,0.000000,-0.171253,0.849891
2026-09-18T00:35:55.278,0.039600,0.000,0.000000,-0.176433,0.850271
2026-09-18T00:35:55.478,0.035300,0.000,0.000000,-0.193409,0.851701
2026-09-18T00:35:55.678,0.013300,0.000,0.000000,-0.187205,0.851109
2026-09-18T00:35:55.878,0.048300,0.000,0.000000,-0.206823,0.852946
2026-09-18T00:35:56.078,0.027500,0.000,0.000000,-0.191493,0.851429
2026-09-18T00:35:56.278,0.037900,0.000,0.000000,-0.186443,0.850954
2026-09-18T00:35:56.478,0.013600,0.000,0.000000,-0.186914,0.850965
2026-09-18T00:35:56.678,0.039100,0.000,0.000000,-0.171414,0.849701
2026-09-18T00:35:56.878,0.033300,0.000,0.000000,-0.169486,0.849536
2026-09-18T00:35:57.078,0.055500,0.000,0.000000,-0.174723,0.849897
2026-09-18T00:35:57.278,0.042400,0.000,0.000000,-0.174563,0.849862
2026-09-18T00:35:57.478,0.027500,0.000,0.000000,-0.187321,0.850860
2026-09-18T00:35:57.678,0.035400,0.000,0.000000,-0.172438,0.849656
2026-09-18T00:35:57.878,0.033200,0.000,0.000000,-0.172407,0.849625
2026-09-18T00:35:58.078,0.046000,0.000,0.000000,-0.160663,0.848803
2026-09-18T00:35:58.278,0.023300,0.000,0.000000,-0.149112,0.848109
2026-09-18T00:35:58.478,0.023700,0.000,0.000000,-0.160605,0.848754
2026-09-18T00:35:58.678,0.016300,0.000,0.000000,-0.160509,0.848727
2026-09-18T00:35:58.878,0.047900,0.000,0.000000,-0.152441,0.848233
2026-09-18T00:35:59.078,0.021500,0.000,0.000000,-0.170213,0.849318
2026-09-18T00:35:59.278,0.043900,0.000,0.000000,-0.141814,0.847658
2026-09-18T00:35:59.478,0.027800,0.000,0.000000,-0.137350,0.847446
2026-09-18T00:35:59.678,0.068000,0.000,0.000000,-0.118535,0.846774
2026-09-18T00:35:59.878,0.026600,0.000,0.000000,-0.107041,0.846502
2026-09-18T00:36:00.078,0.049200,0.000,0.000000,-0.127651,0.847031
2026-09-18T00:36:00.278,0.009900,0.000,0.000000,-0.117842,0.846725
2026-09-18T00:36:00.478,0.022000,0.000,0.000000,-0.125038,0.846922
2026-09-18T00:36:00.678,0.039100,0.000,0.000000,-0.115623,0.846652
2026-09-18T00:36:00.878,0.039800,0.000,0.000000,-0.093185,0.846314
2026-09-18T00:36:01.078,0.068000,0.000,0.000000,-0.097247,0.846341
2026-09-18T00:36:01.278,0.042400,0.000,0.000000,-0.076997,0.846326
2026-09-18T00:36:01.478,0.036200,0.000,0.000000,-0.075194,0.846343
2026-09-18T00:36:01.678,0.041400,0.000,0.000000,-0.071213,0.846389
2026-09-18T00:36:01.878,0.043100,0.000,0.000000,-0.062652,0.846531
2026-09-18T00:36:02.078,0.016800,0.000,0.000000,-0.072081,0.846387
2026-09-18T00:36:02.278,0.069300,0.000,0.000000,-0.064341,0.846512
2026-09-18T00:36:02.478,0.076900,0.000,0.000000,-0.066884,0.846474
2026-09-18T00:36:02.678,0.013300,0.000,0.000000,-0.061154,0.846591
2026-09-18T00:36:02.878,0.016000,0.000,0.000000,-0.048792,0.846929
2026-09-18T00:36:03.078,0.036400,0.000,0.000000,-0.040684,0.847225
2026-09-18T00:36:03.278,0.077900,0.000,0.000000,-0.024494,0.847967
2026-09-18T00:36:03.478,0.026700,0.000,0.000000,-0.026764,0.847870
2026-09-18T00:36:03.678,0.062000,0.000,0.000000,-0.032165,0.847625
2026-09-18T00:36:03.878,0.034200,0.000,0.000000,-0.013129,0.848659
2026-09-18T00:36:04.078,0.023300,0.000,0.000000,-0.018137,0.848387
2026-09-18T00:36:04.278,0.061700,0.000,0.000000,0.001937,0.849732
2026-09-18T00:36:04.478,0.052000,0.000,0.000000,0.006504,0.850106
2026-09-18T00:36:04.678,0.037300,0.000,0.000000,0.009319,0.850358
2026-09-18T00:36:04.878,0.036900,0.000,0.000000,0.026400,0.851880
2026-09-18T00:36:05.078,0.007300,0.000,0.000000,0.014943,0.850881
2026-09-18T00:36:05.278,0.027200,0.000,0.000000,0.014441,0.850868
2026-09-18T00:36:05.478,0.031300,0.000,0.000000,0.017462,0.851159
2026-09-18T00:36:05.678,0.030100,0.000,0.000000,0.008187,0.850405
2026-09-18T00:36:05.878,0.033100,0.000,0.000000,0.021584,0.851586
2026-09-18T00:36:06.078,0.013000,0.000,0.000000,0.040516,0.853505
2026-09-18T00:36:06.278,0.037000,0.000,0.000000,0.041045,0.853603
2026-09-18T00:36:06.478,0.004100,0.000,0.000000,0.058924,0.855713
2026-09-18T00:36:06.678,0.006100,0.000,0.000000,0.054186,0.855182
2026-09-18T00:36:06.878,0.017700,0.000,0.000000,0.058968,0.855806
2026-09-18T00:36:07.078,0.022400,0.000,0.000000,0.070466,0.857331
2026-09-18T00:36:07.278,0.039200,0.000,0.000000,0.059492,0.855958
2026-09-18T00:36:07.478,0.038300,0.000,0.000000,0.076418,0.858234
2026-09-18T00:36:07.678,0.057300,0.000,0.000000,0.088727,0.860061
2026-09-18T00:36:07.878,0.043900,0.000,0.000000,0.093008,0.860760
2026-09-18T00:36:08.078,0.036100,0.000,0.000000,0.106458,0.862953
2026-09-18T00:36:08.278,0.028700,0.000,0.000000,0.085910,0.859789
2026-09-18T00:36:08.478,0.019200,0.000,0.000000,0.087833,0.860133
2026-09-18T00:36:08.678,0.035200,0.000,0.000000,0.099413,0.861988
2026-09-18T00:36:08.878,0.030600,0.000,0.000000,0.070610,0.857770
2026-09-18T00:36:09.078,0.058500,0.000,0.000000,0.095101,0.861417
2026-09-18T00:36:09.278,0.026400,0.000,0.000000,0.100803,0.862385
2026-09-18T00:36:09.478,0.012600,0.000,0.000000,0.097111,0.861846
2026-09-18T00:36:09.678,0.048000,0.000,0.000000,0.112849,0.864524
2026-09-18T00:36:09.878,0.023200,0.000,0.000000,0.104252,0.863119
2026-09-18T00:36:10.078,0.040300,0.000,0.000000,0.101340,0.862692
2026-09-18T00:36:10.278,0.028600,0.000,0.000000,0.087859,0.860609
2026-09-18T00:36:10.478,0.017000,0.000,0.000000,0.081006,0.859638
2026-09-18T00:36:10.678,0.029700,0.000,0.000000,0.093587,0.861617
2026-09-18T00:36:10.878,0.024700,0.000,0.000000,0.099833,0.862681
2026-09-18T00:36:11.078,0.089300,0.000,0.000000,0.098293,0.862487
2026-09-18T00:36:11.278,0.054400,0.000,0.000000,0.107431,0.864072
2026-09-18T00:36:11.478,0.079100,0.000,0.000000,0.095946,0.862219
2026-09-18T00:36:11.678,0.031200,0.000,0.000000,0.113434,0.865237
2026-09-18T00:36:11.878,0.038600,0.000,0.000000,0.116356,0.865820
2026-09-18T00:36:12.078,0.043700,0.000,0.000000,0.113965,0.865448
2026-09-18T00:36:12.278,0.026600,0.000,0.000000,0.133210,0.869098
2026-09-18T00:36:12.478,0.025000,0.000,0.000000,0.134789,0.869481
2026-09-18T00:36:12.678,0.031400,0.000,0.000000,0.153156,0.873330
2026-09-18T00:36:12.878,0.049300,0.000,0.000000,0.169138,0.876945
2026-09-18T00:36:13.078,0.046800,0.000,0.000000,0.170003,0.877226
2026-09-18T00:36:13.278,0.052200,0.000,0.000000,0.165053,0.876179
2026-09-18T00:36:13.478,0.012200,0.000,0.000000,0.160124,0.875155
2026-09-18T00:36:13.678,0.030000,0.000,0.000000,0.174645,0.878546
2026-09-18T00:36:13.878,0.025100,0.000,0.000000,0.180704,0.880070
2026-09-18T00:36:14.078,0.034700,0.000,0.000000,0.180493,0.880096
2026-09-18T00:36:14.278,0.016100,0.000,0.000000,0.206341,0.886728
2026-09-18T00:36:14.478,0.031800,0.000,0.000000,0.189529,0.882478
2026-09-18T00:36:14.678,0.041400,0.000,0.000000,0.198566,0.884867
2026-09-18T00:36:14.878,0.038500,0.000,0.000000,0.213463,0.888912
2026-09-18T00:36:15.078,0.026000,0.000,0.000000,0.200622,0.885573
2026-09-18T00:36:15.278,0.051600,0.000,0.000000,0.206453,0.887215
2026-09-18T00:36:15.478,0.017000,0.000,0.000000,0.225298,0.892539
2026-09-18T00:36:15.678,0.031000,0.000,0.000000,0.228195,0.893477
2026-09-18T00:36:15.878,0.014900,0.000,0.000000,0.250984,0.900459
2026-09-18T00:36:16.078,0.007600,0.000,0.000000,0.254589,0.901708
2026-09-18T00:36:16.278,0.024200,0.000,0.000000,0.240741,0.897499
2026-09-18T00:36:16.478,0.048100,0.000,0.000000,0.250005,0.900463
2026-09-18T00:36:16.678,0.012000,0.000,0.000000,0.254718,0.902074
2026-09-18T00:36:16.878,0.015300,0.000,0.000000,0.261428,0.904358
2026-09-18T00:36:17.078,0.053600,0.000,0.000000,0.257759,0.903283
2026-09-18T00:36:17.278,0.037000,0.000,0.000000,0.270379,0.907559
2026-09-18T00:36:17.478,0.019100,0.000,0.000000,0.281162,0.911365
2026-09-18T00:36:17.678,0.017000,0.000,0.000000,0.279255,0.910815
2026-09-18T00:36:17.878,0.017700,0.000,0.000000,0.288085,0.914037
2026-09-18T00:36:18.078,0.028300,0.000,0.000000,0.277176,0.910323
2026-09-18T00:36:18.278,0.020500,0.000,0.000000,0.272127,0.908699
2026-09-18T00:36:18.478,0.030800,0.000,0.000000,0.284863,0.913222
2026-09-18T00:36:18.678,0.010800,0.000,0.000000,0.282417,0.912482
2026-09-18T00:36:18.878,0.033600,0.000,0.000000,0.300685,0.919233
2026-09-18T00:36:19.078,0.028800,0.000,0.000000,0.303132,0.920282
2026-09-18T00:36:19.278,0.030900,0.000,0.000000,0.307826,0.922192
2026-09-18T00:36:19.479,0.029100,0.000,0.000000,0.315782,0.925394
2026-09-18T00:36:19.678,0.024700,0.000,0.000000,0.304475,0.921167
2026-09-18T00:36:19.878,0.050800,0.000,0.000000,0.306755,0.922151
2026-09-18T00:36:20.078,0.026900,0.000,0.000000,0.312508,0.924480
2026-09-18T00:36:20.278,0.025600,0.000,0.000000,0.312537,0.924599
2026-09-18T00:36:20.478,0.008100,0.000,0.000000,0.330343,0.931814
2026-09-18T00:36:20.678,0.018000,0.000,0.000000,0.328020,0.930969
2026-09-18T00:36:20.878,0.036700,0.000,0.000000,0.337401,0.934966
2026-09-18T00:36:21.078,0.013000,0.000,0.000000,0.330535,0.932242
2026-09-18T00:36:21.278,0.006100,0.000,0.000000,0.329745,0.932042
2026-09-18T00:36:21.478,0.035800,0.000,0.000000,0.337974,0.935586
2026-09-18T00:36:21.678,0.067200,0.000,0.000000,0.331669,0.933075
2026-09-18T00:36:21.878,0.032200,0.000,0.000000,0.333715,0.934040
2026-09-18T00:36:22.078,0.059000,0.000,0.000000,0.350884,0.941494
2026-09-18T00:36:22.278,0.022700,0.000,0.000000,0.356058,0.943897
2026-09-18T00:36:22.478,0.046600,0.000,0.000000,0.371945,0.951239
2026-09-18T00:36:22.678,0.041800,0.000,0.000000,0.367067,0.949094
2026-09-18T00:36:22.878,0.034200,0.000,0.000000,0.367458,0.949398
2026-09-18T00:36:23.078,0.021100,0.000,0.000000,0.377022,0.953994
2026-09-18T00:36:23.278,0.011700,0.000,0.000000,0.364281,0.948189
2026-09-18T00:36:23.478,0.042100,0.000,0.000000,0.372535,0.952119
2026-09-18T00:36:23.678,0.069900,0.000,0.000000,0.373343,0.952591
2026-09-18T00:36:23.878,0.056700,0.000,0.000000,0.374363,0.953203
2026-09-18T00:36:24.078,0.027600,0.000,0.000000,0.388950,0.960353
2026-09-18T00:36:24.278,0.073400,0.000,0.000000,0.379876,0.956086
2026-09-18T00:36:24.478,0.026900,0.000,0.000000,0.371521,0.952269
2026-09-18T00:36:24.678,0.012200,0.000,0.000000,0.362912,0.948401
2026-09-18T00:36:24.878,0.049600,0.000,0.000000,0.375612,0.954440
2026-09-18T00:36:25.078,0.010300,0.000,0.000000,0.370305,0.952093
2026-09-18T00:36:25.278,0.010800,0.000,0.000000,0.379877,0.956794
2026-09-18T00:36:25.478,0.062400,0.000,0.000000,0.381943,0.957950
2026-09-18T00:36:25.678,0.010600,0.000,0.000000,0.380921,0.957606
2026-09-18T00:36:25.878,0.015000,0.000,0.000000,0.395357,0.964874
2026-09-18T00:36:26.078,0.026000,0.000,0.000000,0.384482,0.959629
2026-09-18T00:36:26.278,0.015300,0.000,0.000000,0.385887,0.960464
2026-09-18T00:36:26.478,0.042100,0.000,0.000000,0.379218,0.957365
2026-09-18T00:36:26.678,0.023400,0.000,0.000000,0.375389,0.955667
2026-09-18T00:36:26.878,0.039800,0.000,0.000000,0.395923,0.965879
2026-09-18T00:36:27.078,0.056100,0.000,0.000000,0.399315,0.967760
2026-09-18T00:36:27.278,0.015000,0.000,0.000000,0.400762,0.968631
2026-09-18T00:36:27.478,0.048700,0.000,0.000000,0.412849,0.975065
2026-09-18T00:36:27.678,0.019200,0.000,0.000000,0.402901,0.969988
2026-09-18T00:36:27.878,0.015700,0.000,0.000000,0.403621,0.970510
2026-09-18T00:36:28.078,0.037100,0.000,0.000000,0.407202,0.972528
2026-09-18T00:36:28.278,0.027300,0.000,0.000000,0.402654,0.970307
2026-09-18T00:36:28.478,0.059500,0.000,0.000000,0.420736,0.980081
2026-09-18T00:36:28.678,0.046200,0.000,0.000000,0.435168,0.988275
2026-09-18T00:36:28.878,0.029200,0.000,0.000000,0.442411,0.992570
2026-09-18T00:36:29.078,0.066100,0.000,0.000000,0.457368,1.001544
2026-09-18T00:36:29.278,0.057100,0.000,0.000000,0.455331,1.000488
2026-09-18T00:36:29.478,0.005000,0.000,0.000000,0.448188,0.996431
2026-09-18T00:36:29.678,0.060800,0.000,0.000000,0.452110,0.998918
2026-09-18T00:36:29.878,0.024100,0.000,0.000000,0.451876,0.998939
2026-09-18T00:36:30.078,0.021000,0.000,0.000000,0.447420,0.996462
2026-09-18T00:36:30.278,0.066600,0.000,0.000000,0.456783,1.002187
2026-09-18T00:36:30.478,0.060800,0.000,0.000000,0.456721,1.002296
2026-09-18T00:36:30.678,0.002200,0.000,0.000000,0.471470,1.011517
2026-09-18T00:36:30.878,0.042200,0.000,0.000000,0.473931,1.013198
2026-09-18T00:36:31.078,0.107400,0.000,0.000000,0.465178,1.007855
2026-09-18T00:36:31.278,0.032300,0.000,0.000000,0.470725,1.011462
2026-09-18T00:36:31.478,0.057400,0.000,0.000000,0.471541,1.012134
2026-09-18T00:36:31.678,0.011300,0.000,0.000000,0.484285,1.020438
2026-09-18T00:36:31.878,0.026400,0.000,0.000000,0.498742,1.030175
2026-09-18T00:36:32.078,0.088500,0.000,0.000000,0.492922,1.026416
2026-09-18T00:36:32.278,0.030800,0.000,0.000000,0.496805,1.029154
2026-09-18T00:36:32.478,0.032000,0.000,0.000000,0.495934,1.028692
2026-09-18T00:36:32.678,0.031200,0.000,0.000000,0.496681,1.029309
2026-09-18T00:36:32.878,0.054100,0.000,0.000000,0.498867,1.030894
2026-09-18T00:36:33.078,0.030000,0.000,0.000000,0.489346,1.024598
2026-09-18T00:36:33.278,0.003600,0.000,0.000000,0.498022,1.030546
2026-09-18T00:36:33.478,0.055000,0.000,0.000000,0.494700,1.028453
2026-09-18T00:36:33.678,0.051200,0.000,0.000000,0.499539,1.031876
2026-09-18T00:36:33.878,0.041300,0.000,0.000000,0.510459,1.039555
2026-09-18T00:36:34.078,0.055300,0.000,0.000000,0.498119,1.031173
2026-09-18T00:36:34.278,0.058900,0.000,0.000000,0.494369,1.028756
2026-09-18T00:36:34.478,0.044300,0.000,0.000000,0.500379,1.032953
2026-09-18T00:36:34.678,0.005000,0.000,0.000000,0.490928,1.026706
2026-09-18T00:36:34.878,0.029200,0.000,0.000000,0.500309,1.033165
2026-09-18T00:36:35.078,0.038900,0.000,0.000000,0.509009,1.039278
2026-09-18T00:36:35.278,0.027700,0.000,0.000000,0.516105,1.044360
2026-09-18T00:36:35.478,0.021300,0.000,0.000000,0.514027,1.042963
2026-09-18T00:36:35.678,0.015000,0.000,0.000000,0.518355,1.046136
2026-09-18T00:36:35.878,0.051500,0.000,0.000000,0.506360,1.037762
2026-09-18T00:36:36.078,0.057100,0.000,0.000000,0.498335,1.032340
2026-09-18T00:36:36.278,0.013600,0.000,0.000000,0.504317,1.036562
2026-09-18T00:36:36.478,0.021600,0.000,0.000000,0.497280,1.031849
2026-09-18T00:36:36.678,0.050300,0.000,0.000000,0.510486,1.041083
2026-09-18T00:36:36.878,0.066200,0.000,0.000000,0.516245,1.045243
2026-09-18T00:36:37.078,0.066100,0.000,0.000000,0.516149,1.045222
2026-09-18T00:36:37.278,0.034000,0.000,0.000000,0.520574,1.048458
2026-09-18T00:36:37.478,0.060400,0.000,0.000000,0.515577,1.044933
2026-09-18T00:36:37.678,0.026500,0.000,0.000000,0.519703,1.047968
2026-09-18T00:36:37.878,0.046600,0.000,0.000000,0.506076,1.038381
2026-09-18T00:36:38.078,0.061500,0.000,0.000000,0.505203,1.037837
2026-09-18T00:36:38.278,0.021400,0.000,0.000000,0.515067,1.044838
2026-09-18T00:36:38.478,0.029000,0.000,0.000000,0.513314,1.043617
2026-09-18T00:36:38.678,0.070300,0.000,0.000000,0.515159,1.044958
2026-09-18T00:36:38.878,0.013600,0.000,0.000000,0.521871,1.049817
2026-09-18T00:36:39.078,0.025800,0.000,0.000000,0.513036,1.043490
2026-09-18T00:36:39.278,0.033100,0.000,0.000000,0.506833,1.039142
2026-09-18T00:36:39.478,0.043700,0.000,0.000000,0.516409,1.045953
2026-09-18T00:36:39.678,0.027700,0.000,0.000000,0.512162,1.042963
2026-09-18T00:36:39.878,0.122700,0.000,0.000000,0.525175,1.052381
2026-09-18T00:36:40.078,0.014900,0.000,0.000000,0.526307,1.053226
2026-09-18T00:36:40.278,0.018900,0.000,0.000000,0.521554,1.049760
2026-09-18T00:36:40.478,0.088600,0.000,0.000000,0.528681,1.055005
2026-09-18T00:36:40.678,0.047400,0.000,0.000000,0.517802,1.047081
2026-09-18T00:36:40.878,0.052300,0.000,0.000000,0.520086,1.048768
2026-09-18T00:36:41.078,0.066300,0.000,0.000000,0.517059,1.046633
2026-09-18T00:36:41.278,0.041100,0.000,0.000000,0.511520,1.042729
2026-09-18T00:36:41.478,0.056100,0.000,0.000000,0.521647,1.050029
2026-09-18T00:36:41.678,0.022800,0.000,0.000000,0.525816,1.053111
2026-09-18T00:36:41.878,0.061300,0.000,0.000000,0.530292,1.056441
2026-09-18T00:36:42.078,0.033300,0.000,0.000000,0.528873,1.055396
2026-09-18T00:36:42.278,0.048800,0.000,0.000000,0.514190,1.044735
2026-09-18T00:36:42.478,0.037200,0.000,0.000000,0.520200,1.049092
2026-09-18T00:36:42.678,0.041200,0.000,0.000000,0.521340,1.049967
2026-09-18T00:36:42.878,0.019300,0.000,0.000000,0.512585,1.043728
2026-09-18T00:36:43.078,0.013000,0.000,0.000000,0.506415,1.039440
2026-09-18T00:36:43.278,0.016100,0.000,0.000000,0.516077,1.046346
2026-09-18T00:36:43.478,0.059200,0.000,0.000000,0.526170,1.053726
2026-09-18T00:36:43.678,0.075700,0.000,0.000000,0.526700,1.054147
2026-09-18T00:36:43.878,0.013900,0.000,0.000000,0.531677,1.057880
2026-09-18T00:36:44.078,0.044600,0.000,0.000000,0.534513,1.060058
2026-09-18T00:36:44.278,0.036300,0.000,0.000000,0.528865,1.055861
2026-09-18T00:36:44.478,0.064700,0.000,0.000000,0.534363,1.060012
2026-09-18T00:36:44.678,0.014300,0.000,0.000000,0.529090,1.056107
2026-09-18T00:36:44.878,0.068700,0.000,0.000000,0.532407,1.058620
2026-09-18T00:36:45.078,0.024200,0.000,0.000000,0.537181,1.062267
2026-09-18T00:36:45.278,0.050900,0.000,0.000000,0.531720,1.058190
2026-09-18T00:36:45.478,0.019800,0.000,0.000000,0.538164,1.063105
2026-09-18T00:36:45.678,0.032000,0.000,0.000000,0.524346,1.052820
2026-09-18T00:36:45.878,0.070600,0.000,0.000000,0.524985,1.053363
2026-09-18T00:36:46.078,0.014000,0.000,0.000000,0.523549,1.052404
2026-09-18T00:36:46.278,0.017700,0.000,0.000000,0.516946,1.047680
2026-09-18T00:36:46.478,0.051000,0.000,0.000000,0.529023,1.056593
2026-09-18T00:36:46.678,0.013000,0.000,0.000000,0.527410,1.055446
2026-09-18T00:36:46.878,0.012500,0.000,0.000000,0.533616,1.060114
2026-09-18T00:36:47.078,0.007800,0.000,0.000000,0.533946,1.060399
2026-09-18T00:36:47.278,0.036900,0.000,0.000000,0.520200,1.050261
2026-09-18T00:36:47.478,0.025500,0.000,0.000000,0.517333,1.048233
2026-09-18T00:36:47.678,0.031900,0.000,0.000000,0.516705,1.047840
2026-09-18T00:36:47.878,0.028300,0.000,0.000000,0.518880,1.049479
2026-09-18T00:36:48.078,0.067100,0.000,0.000000,0.527956,1.056213
2026-09-18T00:36:48.278,0.060400,0.000,0.000000,0.525087,1.054122
2026-09-18T00:36:48.478,0.051500,0.000,0.000000,0.532198,1.059439
2026-09-18T00:36:48.678,0.070000,0.000,0.000000,0.537391,1.063384
2026-09-18T00:36:48.878,0.042500,0.000,0.000000,0.528070,1.056353
2026-09-18T00:36:49.078,0.070500,0.000,0.000000,0.542293,1.067121
2026-09-18T00:36:49.278,0.006100,0.000,0.000000,0.533348,1.060284
2026-09-18T00:36:49.478,0.034700,0.000,0.000000,0.539824,1.065180
2026-09-18T00:36:49.678,0.021900,0.000,0.000000,0.548601,1.071946
2026-09-18T00:36:49.878,0.015700,0.000,0.000000,0.545336,1.069367
2026-09-18T00:36:50.078,0.030800,0.000,0.000000,0.548522,1.071820
2026-09-18T00:36:50.278,0.065800,0.000,0.000000,0.531921,1.059055
2026-09-18T00:36:50.478,0.039600,0.000,0.000000,0.527982,1.056091
2026-09-18T00:36:50.678,0.015000,0.000,0.000000,0.531427,1.058654
2026-09-18T00:36:50.878,0.016000,0.000,0.000000,0.524911,1.053783
2026-09-18T00:36:51.078,0.041400,0.000,0.000000,0.532091,1.059106
2026-09-18T00:36:51.278,0.062800,0.000,0.000000,0.541638,1.066334
2026-09-18T00:36:51.478,0.036100,0.000,0.000000,0.538551,1.063911
2026-09-18T00:36:51.678,0.060000,0.000,0.000000,0.542751,1.067080
2026-09-18T00:36:51.878,0.022800,0.000,0.000000,0.543234,1.067412
2026-09-18T00:36:52.078,0.070300,0.000,0.000000,0.535531,1.061482
2026-09-18T00:36:52.278,0.027100,0.000,0.000000,0.537388,1.062866
2026-09-18T00:36:52.478,0.010000,0.000,0.000000,0.526526,1.054690
2026-09-18T00:36:52.678,0.059400,0.000,0.000000,0.532499,1.059108
2026-09-18T00:36:52.878,0.043000,0.000,0.000000,0.542842,1.066935
2026-09-18T00:36:53.078,0.030900,0.000,0.000000,0.539081,1.063999
2026-09-18T00:36:53.278,0.075600,0.000,0.000000,0.546075,1.069352
2026-09-18T00:36:53.478,0.032200,0.000,0.000000,0.534324,1.060312
2026-09-18T00:36:53.678,0.011400,0.000,0.000000,0.535046,1.060836
2026-09-18T00:36:53.878,0.026400,0.000,0.000000,0.537401,1.062629
2026-09-18T00:36:54.078,0.027100,0.000,0.000000,0.520944,1.050398
2026-09-18T00:36:54.278,0.019600,0.000,0.000000,0.530803,1.057691
2026-09-18T00:36:54.478,0.019100,0.000,0.000000,0.540777,1.065272
2026-09-18T00:36:54.678,0.020900,0.000,0.000000,0.529737,1.056948
2026-09-18T00:36:54.878,0.016100,0.000,0.000000,0.549977,1.072443
2026-09-18T00:36:55.078,0.038100,0.000,0.000000,0.540037,1.064737
2026-09-18T00:36:55.278,0.008500,0.000,0.000000,0.534861,1.060811
2026-09-18T00:36:55.478,0.035800,0.000,0.000000,0.536912,1.062388
2026-09-18T00:36:55.678,0.048300,0.000,0.000000,0.534821,1.060824
2026-09-18T00:36:55.878,0.005100,0.000,0.000000,0.538600,1.063701
2026-09-18T00:36:56.078,0.016000,0.000,0.000000,0.546661,1.069923
2026-09-18T00:36:56.278,0.014800,0.000,0.000000,0.546913,1.070127
2026-09-18T00:36:56.478,0.024700,0.000,0.000000,0.557896,1.078818
2026-09-18T00:36:56.678,0.017500,0.000,0.000000,0.539361,1.064303
2026-09-18T00:36:56.878,0.015300,0.000,0.000000,0.545565,1.069105
2026-09-18T00:36:57.078,0.032000,0.000,0.000000,0.553010,1.074982
2026-09-18T00:36:57.278,0.024800,0.000,0.000000,0.531754,1.058644
2026-09-18T00:36:57.478,0.022000,0.000,0.000000,0.552362,1.074562
2026-09-18T00:36:57.678,0.018000,0.000,0.000000,0.547892,1.071053
2026-09-18T00:36:57.878,0.015800,0.000,0.000000,0.554533,1.076280
2026-09-18T00:36:58.078,0.025600,0.000,0.000000,0.556582,1.077891
2026-09-18T00:36:58.278,0.051000,0.000,0.000000,0.557555,1.078646
2026-09-18T00:36:58.478,0.029100,0.000,0.000000,0.550733,1.073208
2026-09-18T00:36:58.678,0.012100,0.000,0.000000,0.532894,1.059475
2026-09-18T00:36:58.878,0.046300,0.000,0.000000,0.536258,1.062014
2026-09-18T00:36:59.078,0.035500,0.000,0.000000,0.525798,1.054188
2026-09-18T00:36:59.278,0.049300,0.000,0.000000,0.530535,1.057733
2026-09-18T00:36:59.478,0.021900,0.000,0.000000,0.531454,1.058440
2026-09-18T00:36:59.678,0.025000,0.000,0.000000,0.529123,1.056694
2026-09-18T00:36:59.878,0.067900,0.000,0.000000,0.532578,1.059253
2026-09-18T00:37:00.078,0.026600,0.000,0.000000,0.526326,1.054581
2026-09-18T00:37:00.278,0.035700,0.000,0.000000,0.511216,1.043628
2026-09-18T00:37:00.478,0.025200,0.000,0.000000,0.521400,1.050974
2026-09-18T00:37:00.678,0.038300,0.000,0.000000,0.516802,1.047650
2026-09-18T00:37:00.878,0.019100,0.000,0.000000,0.529291,1.056810
2026-09-18T00:37:01.078,0.087300,0.000,0.000000,0.527271,1.055301
2026-09-18T00:37:01.278,0.012000,0.000,0.000000,0.529058,1.056634
2026-09-18T00:37:01.478,0.015200,0.000,0.000000,0.539170,1.064262
2026-09-18T00:37:01.678,0.018000,0.000,0.000000,0.517514,1.048171
2026-09-18T00:37:01.878,0.013000,0.000,0.000000,0.522578,1.051878
2026-09-18T00:37:02.078,0.043600,0.000,0.000000,0.517425,1.048168
2026-09-18T00:37:02.278,0.039100,0.000,0.000000,0.514383,1.046019
2026-09-18T00:37:02.478,0.021000,0.000,0.000000,0.532101,1.059045
2026-09-18T00:37:02.678,0.063900,0.000,0.000000,0.536434,1.062331
2026-09-18T00:37:02.878,0.048400,0.000,0.000000,0.549262,1.072250
2026-09-18T00:37:03.078,0.008100,0.000,0.000000,0.541240,1.066039
2026-09-18T00:37:03.278,0.029200,0.000,0.000000,0.550671,1.073415
2026-09-18T00:37:03.478,0.030800,0.000,0.000000,0.547440,1.070919
2026-09-18T00:37:03.678,0.029200,0.000,0.000000,0.552177,1.074700
2026-09-18T00:37:03.878,0.012000,0.000,0.000000,0.536239,1.062398
2026-09-18T00:37:04.078,0.067800,0.000,0.000000,0.545554,1.069601
2026-09-18T00:37:04.278,0.020800,0.000,0.000000,0.557621,1.079177
2026-09-18T00:37:04.478,0.025000,0.000,0.000000,0.544181,1.068591
2026-09-18T00:37:04.678,0.025500,0.000,0.000000,0.554769,1.076933
2026-09-18T00:37:04.878,0.027700,0.000,0.000000,0.545994,1.070030
2026-09-18T00:37:05.078,0.006100,0.000,0.000000,0.552843,1.075436
2026-09-18T00:37:05.278,0.038300,0.000,0.000000,0.532374,1.059655
2026-09-18T00:37:05.478,0.012600,0.000,0.000000,0.534092,1.060982
2026-09-18T00:37:05.678,0.031200,0.000,0.000000,0.552694,1.075407
2026-09-18T00:37:05.878,0.037400,0.000,0.000000,0.543571,1.068252
2026-09-18T00:37:06.078,0.033100,0.000,0.000000,0.547669,1.071415
2026-09-18T00:37:06.278,0.007000,0.000,0.000000,0.552911,1.075503
2026-09-18T00:37:06.478,0.041200,0.000,0.000000,0.546321,1.070281
2026-09-18T00:37:06.678,0.090200,0.000,0.000000,0.545810,1.069860
2026-09-18T00:37:06.878,0.053300,0.000,0.000000,0.535906,1.062225
2026-09-18T00:37:07.078,0.003600,0.000,0.000000,0.537183,1.063187
2026-09-18T00:37:07.278,0.059500,0.000,0.000000,0.538253,1.063985
2026-09-18T00:37:07.478,0.002000,0.000,0.000000,0.537154,1.063125
2026-09-18T00:37:07.678,0.032200,0.000,0.000000,0.544366,1.068644
2026-09-18T00:37:07.878,0.047800,0.000,0.000000,0.543990,1.068330
2026-09-18T00:37:08.078,0.080800,0.000,0.000000,0.528295,1.056383
2026-09-18T00:37:08.278,0.010000,0.000,0.000000,0.525908,1.054606
2026-09-18T00:37:08.478,0.013000,0.000,0.000000,0.513718,1.045750
2026-09-18T00:37:08.678,0.032400,0.000,0.000000,0.514480,1.046325
2026-09-18T00:37:08.878,0.034800,0.000,0.000000,0.514327,1.046237
2026-09-18T00:37:09.078,0.010000,0.000,0.000000,0.514140,1.046142
2026-09-18T00:37:09.278,0.024200,0.000,0.000000,0.526400,1.055115
2026-09-18T00:37:09.478,0.034000,0.000,0.000000,0.531610,1.059025
2026-09-18T00:37:09.678,0.128500,0.000,0.000000,0.535137,1.061702
2026-09-18T00:37:09.878,0.061400,0.000,0.000000,0.530677,1.058382
2026-09-18T00:37:10.078,0.012000,0.000,0.000000,0.518447,1.049413
2026-09-18T00:37:10.278,0.004500,0.000,0.000000,0.519683,1.050367
2026-09-18T00:37:10.478,0.040700,0.000,0.000000,0.527269,1.056004
2026-09-18T00:37:10.678,0.065600,0.000,0.000000,0.535571,1.062280
2026-09-18T00:37:10.878,0.029200,0.000,0.000000,0.541072,1.066525
2026-09-18T00:37:11.078,0.027900,0.000,0.000000,0.539824,1.065594
2026-09-18T00:37:11.278,0.018000,0.000,0.000000,0.540530,1.066162
2026-09-18T00:37:11.478,0.032800,0.000,0.000000,0.538008,1.064277
2026-09-18T00:37:11.678,0.047800,0.000,0.000000,0.530217,1.058436
2026-09-18T00:37:11.878,0.065300,0.000,0.000000,0.536483,1.063245
2026-09-18T00:37:12.078,0.016800,0.000,0.000000,0.542837,1.068203
2026-09-18T00:37:12.278,0.033600,0.000,0.000000,0.538177,1.064678
2026-09-18T00:37:12.478,0.017200,0.000,0.000000,0.542099,1.067757
2026-09-18T00:37:12.678,0.027500,0.000,0.000000,0.543336,1.068760
2026-09-18T00:37:12.878,0.036100,0.000,0.000000,0.551389,1.075105
2026-09-18T00:37:13.078,0.024800,0.000,0.000000,0.542635,1.068263
2026-09-18T00:37:13.278,0.014600,0.000,0.000000,0.539483,1.065857
2026-09-18T00:37:13.478,0.047000,0.000,0.000000,0.545930,1.070889
2026-09-18T00:37:13.678,0.014100,0.000,0.000000,0.538888,1.065459
2026-09-18T00:37:13.878,0.043700,0.000,0.000000,0.544412,1.069735
2026-09-18T00:37:14.078,0.036400,0.000,0.000000,0.559447,1.081679
2026-09-18T00:37:14.278,0.042500,0.000,0.000000,0.551032,1.074947
2026-09-18T00:37:14.478,0.028200,0.000,0.000000,0.558028,1.080544
2026-09-18T00:37:14.678,0.070200,0.000,0.000000,0.554413,1.077649
2026-09-18T00:37:14.878,0.009100,0.000,0.000000,0.545665,1.070732
2026-09-18T00:37:15.078,0.054900,0.000,0.000000,0.553381,1.076825
2026-09-18T00:37:15.278,0.049600,0.000,0.000000,0.547102,1.071842
2026-09-18T00:37:15.478,0.035900,0.000,0.000000,0.555061,1.078131
2026-09-18T00:37:15.678,0.024200,0.000,0.000000,0.547770,1.072336
2026-09-18T00:37:15.878,0.034000,0.000,0.000000,0.551515,1.075252
2026-09-18T00:37:16.078,0.044300,0.000,0.000000,0.555744,1.078573
2026-09-18T00:37:16.278,0.051400,0.000,0.000000,0.543188,1.068637
2026-09-18T00:37:16.478,0.058000,0.000,0.000000,0.550246,1.074142
2026-09-18T00:37:16.678,0.035500,0.000,0.000000,0.540930,1.066849
2026-09-18T00:37:16.878,0.035100,0.000,0.000000,0.536727,1.063607
2026-09-18T00:37:17.078,0.042800,0.000,0.000000,0.551940,1.075419
2026-09-18T00:37:17.278,0.044400,0.000,0.000000,0.547129,1.071602
2026-09-18T00:37:17.478,0.052000,0.000,0.000000,0.557258,1.079609
2026-09-18T00:37:17.678,0.015000,0.000,0.000000,0.547474,1.071792
2026-09-18T00:37:17.878,0.070200,0.000,0.000000,0.550756,1.074321
2026-09-18T00:37:18.078,0.053400,0.000,0.000000,0.554768,1.077478
2026-09-18T00:37:18.278,0.084000,0.000,0.000000,0.529965,1.058284
2026-09-18T00:37:18.478,0.035200,0.000,0.000000,0.538752,1.064948
2026-09-18T00:37:18.678,0.009200,0.000,0.000000,0.536111,1.062938
2026-09-18T00:37:18.878,0.012200,0.000,0.000000,0.544770,1.069596
2026-09-18T00:37:19.078,0.022100,0.000,0.000000,0.544761,1.069600
2026-09-18T00:37:19.278,0.076300,0.000,0.000000,0.538318,1.064633
2026-09-18T00:37:19.478,0.012000,0.000,0.000000,0.536194,1.063025
2026-09-18T00:37:19.678,0.038600,0.000,0.000000,0.529183,1.057765
2026-09-18T00:37:19.878,0.016400,0.000,0.000000,0.532683,1.060437
2026-09-18T00:37:20.078,0.018000,0.000,0.000000,0.523447,1.053589
2026-09-18T00:37:20.278,0.034200,0.000,0.000000,0.524961,1.054732
2026-09-18T00:37:20.478,0.015000,0.000,0.000000,0.533065,1.060822
2026-09-18T00:37:20.678,0.051900,0.000,0.000000,0.533659,1.061292
2026-09-18T00:37:20.878,0.041200,0.000,0.000000,0.531947,1.060022
2026-09-18T00:37:21.078,0.039900,0.000,0.000000,0.529353,1.058104
2026-09-18T00:37:21.278,0.036700,0.000,0.000000,0.530246,1.058806
2026-09-18T00:37:21.478,0.039900,0.000,0.000000,0.523808,1.054036
2026-09-18T00:37:21.678,0.047200,0.000,0.000000,0.523864,1.054073
2026-09-18T00:37:21.878,0.030400,0.000,0.003196,3.098721,7.524256
2026-09-18T00:37:22.078,0.039500,0.000,0.001065,3.098953,7.524498
2026-09-18T00:37:22.278,0.018800,930.000,0.043676,3.098519,7.526318
2026-09-18T00:37:22.478,0.102900,717.000,-0.012783,3.101379,7.547914
2026-09-18T00:37:22.678,0.275400,1269.000,0.056459,3.099989,7.599060
2026-09-18T00:37:22.878,0.353900,1415.000,0.100135,3.092097,7.672786
2026-09-18T00:37:23.078,0.397400,1632.000,0.190682,3.069628,7.750765
2026-09-18T00:37:23.278,0.552900,2162.000,0.222640,3.038185,7.845872
2026-09-18T00:37:23.478,0.617800,2539.000,0.279099,2.996214,7.961492
2026-09-18T00:37:23.678,0.759100,2962.000,0.354733,2.942482,8.095802
2026-09-18T00:37:23.878,0.791200,3137.000,0.351537,2.878754,8.246419
2026-09-18T00:37:24.078,0.771000,3137.000,0.358994,2.819437,8.402135
2026-09-18T00:37:24.278,0.916400,3200.000,0.334493,2.753269,8.550079
2026-09-18T00:37:24.478,0.754000,2758.000,0.360059,2.687404,8.690464
2026-09-18T00:37:24.678,0.660300,2909.000,0.330232,2.632673,8.822166
2026-09-18T00:37:24.878,0.672600,2318.000,0.341950,2.578708,8.944658
2026-09-18T00:37:25.078,0.740200,2191.000,0.283360,2.525832,9.052228
2026-09-18T00:37:25.278,0.609900,1904.000,0.286556,2.479269,9.142993
2026-09-18T00:37:25.478,0.468100,2318.000,0.215183,2.439341,9.235569
2026-09-18T00:37:25.678,0.446900,1797.000,0.213053,2.404215,9.321195
2026-09-18T00:37:25.878,0.358600,1882.000,0.225836,2.367953,9.400961
2026-09-18T00:37:26.078,0.501100,2285.000,0.290817,2.329154,9.490736
2026-09-18T00:37:26.278,0.571700,2285.000,0.276969,2.277246,9.580553
2026-09-18T00:37:26.478,0.609700,2500.000,0.297209,2.227085,9.669727
2026-09-18T00:37:26.678,0.515100,2105.000,0.271642,2.175216,9.752596
2026-09-18T00:37:26.878,0.589700,1882.000,0.279099,2.129915,9.819201
2026-09-18T00:37:27.078,0.419400,1860.000,0.259925,2.080675,9.877715
2026-09-18T00:37:27.278,0.475000,2133.000,0.237554,2.040917,9.933225
2026-09-18T00:37:27.478,0.445800,1818.000,0.211988,2.003546,9.991987
2026-09-18T00:37:27.678,0.463100,1839.000,0.230097,1.965584,10.038049
2026-09-18T00:37:27.878,0.536800,1882.000,0.245011,1.927798,10.076671
2026-09-18T00:37:28.078,0.404000,1818.000,0.250337,1.885221,10.113120
2026-09-18T00:37:28.278,0.539400,1860.000,0.225836,1.845789,10.142494
2026-09-18T00:37:28.478,0.496500,1860.000,0.241815,1.808527,10.171570
2026-09-18T00:37:28.678,0.525000,1684.000,0.205596,1.770129,10.192953
2026-09-18T00:37:28.878,0.362600,1777.000,0.223706,1.735630,10.207962
2026-09-18T00:37:29.078,0.438200,1720.000,0.253533,1.700652,10.224537
2026-09-18T00:37:29.278,0.385900,1702.000,0.226901,1.664223,10.233004
2026-09-18T00:37:29.478,0.411800,1927.000,0.257794,1.624782,10.235423
2026-09-18T00:37:29.678,0.502900,2318.000,0.301470,1.577778,10.234556
2026-09-18T00:37:29.878,0.559200,2622.000,0.344080,1.525460,10.224410
2026-09-18T00:37:30.078,0.702500,2758.000,0.315318,1.468559,10.206257
2026-09-18T00:37:30.278,0.643800,2711.000,0.234358,1.408099,10.176982
2026-09-18T00:37:30.478,0.763800,2758.000,0.303600,1.355807,10.140088
2026-09-18T00:37:30.678,0.671800,2388.000,0.299339,1.301088,10.098578
2026-09-18T00:37:30.878,0.583500,2191.000,0.284426,1.251431,10.046546
2026-09-18T00:37:31.078,0.435200,2318.000,0.286556,1.203967,10.001421
2026-09-18T00:37:31.278,0.699700,2758.000,0.366451,1.151276,9.947477
2026-09-18T00:37:31.478,0.727900,3076.000,0.388822,1.087317,9.881855
2026-09-18T00:37:31.678,0.992900,3478.000,0.479369,1.013308,9.806408
2026-09-18T00:37:31.878,0.983700,3809.000,0.468716,0.933781,9.714074
2026-09-18T00:37:32.078,1.162300,4102.000,0.591222,0.844233,9.608729
2026-09-18T00:37:32.278,1.057500,4210.000,0.549676,0.750201,9.483799
2026-09-18T00:37:32.478,1.151300,4102.000,0.515588,0.663523,9.345386
2026-09-18T00:37:32.678,0.986400,4102.000,0.458064,0.569999,9.191064
2026-09-18T00:37:32.878,1.120100,4324.000,0.444215,0.483181,9.015469
2026-09-18T00:37:33.078,1.131100,4444.000,0.484695,0.392101,8.818288
2026-09-18T00:37:33.278,1.223100,4571.000,0.469782,0.307215,8.612760
2026-09-18T00:37:33.478,1.161600,4324.000,0.418649,0.228216,8.401056
2026-09-18T00:37:33.678,1.060600,4324.000,0.329167,0.157099,8.191532
2026-09-18T00:37:33.878,0.940700,4000.000,0.264186,0.104973,7.992301
2026-09-18T00:37:34.078,0.901000,3809.000,0.242880,0.051966,7.794090
2026-09-18T00:37:34.278,0.804000,3404.000,0.196009,0.006952,7.619296
2026-09-18T00:37:34.478,0.764900,3076.000,0.238619,-0.030081,7.462498
2026-09-18T00:37:34.678,0.597400,2285.000,-0.361125,-0.060926,7.329527
2026-09-18T00:37:34.878,0.735700,3018.000,-0.202400,-0.044928,7.224846
2026-09-18T00:37:35.078,0.741100,3265.000,-0.085221,-0.038962,7.109775
2026-09-18T00:37:35.278,0.742300,3076.000,0.013848,-0.029110,6.972229
2026-09-18T00:37:35.478,0.729400,3333.000,0.018109,-0.027972,6.823404
2026-09-18T00:37:35.678,0.858600,3137.000,-0.186421,-0.020424,6.672584
2026-09-18T00:37:35.878,0.660900,3200.000,-0.042611,-0.012843,6.540984
2026-09-18T00:37:36.078,0.666400,2758.000,0.034088,-0.016960,6.409512
2026-09-18T00:37:36.278,0.881300,3200.000,0.013848,-0.022056,6.284837
2026-09-18T00:37:36.478,0.691400,3636.000,0.098004,-0.043845,6.137537
2026-09-18T00:37:36.678,0.850900,3720.000,0.068177,-0.067183,5.971523
2026-09-18T00:37:36.878,0.931900,3555.000,0.057524,-0.099867,5.802679
2026-09-18T00:37:37.078,0.786800,3809.000,0.205596,-0.114586,5.655339
2026-09-18T00:37:37.278,0.879600,3636.000,0.145941,-0.132862,5.483942
2026-09-18T00:37:37.478,1.002600,3720.000,0.040480,-0.139059,5.299172
2026-09-18T00:37:37.678,0.842600,3333.000,-0.122505,-0.148680,5.083289
2026-09-18T00:37:37.878,0.777900,3076.000,-0.094809,-0.166590,4.916197
2026-09-18T00:37:38.078,0.668800,3137.000,-0.094809,-0.186525,4.752930
2026-09-18T00:37:38.278,0.866900,3333.000,0.031958,-0.196375,4.580693
2026-09-18T00:37:38.478,0.814800,2807.000,0.015979,-0.201729,4.403997
2026-09-18T00:37:38.678,0.599900,2758.000,0.019175,-0.201481,4.239278
2026-09-18T00:37:38.878,0.505400,2191.000,-0.025566,-0.206118,4.080021
2026-09-18T00:37:39.078,0.534400,2500.000,-0.038350,-0.205254,3.950755
2026-09-18T00:37:39.278,0.629600,2580.000,-0.046872,-0.202800,3.814355
2026-09-18T00:37:39.478,0.721100,2909.000,-0.047937,-0.194308,3.678150
2026-09-18T00:37:39.678,0.712000,3076.000,-0.009587,-0.186328,3.539408
2026-09-18T00:37:39.878,0.675400,3137.000,-0.039415,-0.176152,3.390257
2026-09-18T00:37:40.078,0.663200,3018.000,-0.054328,-0.163732,3.251328
2026-09-18T00:37:40.278,0.730400,3137.000,-0.088417,-0.152366,3.110267
2026-09-18T00:37:40.478,0.711000,3018.000,-0.062851,-0.138643,2.971511
2026-09-18T00:37:40.678,0.651200,3076.000,-0.083091,-0.128388,2.828630
2026-09-18T00:37:40.878,0.725500,2909.000,-0.073503,-0.116399,2.688479
2026-09-18T00:37:41.078,0.658100,2962.000,-0.068177,-0.103608,2.555202
2026-09-18T00:37:41.278,0.554200,2539.000,-0.061785,-0.093335,2.431039
2026-09-18T00:37:41.478,0.528900,2318.000,-0.076699,-0.085353,2.315524
2026-09-18T00:37:41.678,0.459800,2388.000,-0.045806,-0.076276,2.205577
2026-09-18T00:37:41.878,0.487200,2285.000,-0.040480,-0.069308,2.091541
2026-09-18T00:37:42.078,0.385200,2105.000,-0.024501,-0.058083,1.991063
2026-09-18T00:37:42.278,0.508000,2105.000,-0.051133,-0.051588,1.885468
2026-09-18T00:37:42.478,0.555200,2191.000,-0.057524,-0.039415,1.786102
2026-09-18T00:37:42.678,0.382100,2051.000,-0.055394,-0.026900,1.689799
2026-09-18T00:37:42.878,0.376000,2162.000,-0.087352,-0.013899,1.586993
2026-09-18T00:37:43.078,0.481500,2025.000,-0.054328,0.006214,1.495642
2026-09-18T00:37:43.278,0.414000,1797.000,-0.037284,0.023832,1.411183
2026-09-18T00:37:43.478,0.313800,1600.000,-0.072438,0.041300,1.330696
2026-09-18T00:37:43.678,0.326200,893.000,0.135289,0.032661,1.275365
2026-09-18T00:37:43.878,0.181600,1000.000,0.038350,-0.001744,1.240433
2026-09-18T00:37:44.078,0.130600,645.000,-0.085221,0.001651,1.230692
2026-09-18T00:37:44.278,0.125300,459.000,0.018109,-0.004452,1.219250
2026-09-18T00:37:44.478,0.065600,328.000,0.018109,-0.007506,1.218332
2026-09-18T00:37:44.678,0.053800,246.000,0.000000,-0.006938,1.220414
2026-09-18T00:37:44.878,0.047900,180.000,0.002131,-0.011415,1.212351
2026-09-18T00:37:45.078,0.041000,180.000,-0.001065,-0.011837,1.211859
2026-09-18T00:37:45.278,0.094300,0.000,0.000000,-0.014693,1.206976
2026-09-18T00:37:45.478,0.060500,0.000,0.000000,-0.015596,1.205762
2026-09-18T00:37:45.678,0.070200,0.000,0.000000,-0.016444,1.204687
2026-09-18T00:37:45.878,0.083200,0.000,0.000000,-0.018701,1.201063
2026-09-18T00:37:46.078,0.083900,0.000,0.000000,-0.017391,1.203914
2026-09-18T00:37:46.278,0.007200,0.000,0.000000,-0.017842,1.203572
2026-09-18T00:37:46.478,0.063300,0.000,0.000000,-0.017031,1.205535
2026-09-18T00:37:46.678,0.050000,0.000,0.000000,-0.016214,1.207503
2026-09-18T00:37:46.878,0.027200,0.000,0.000000,-0.018491,1.203817
2026-09-18T00:37:47.078,0.006100,0.000,0.000000,-0.018690,1.203981
2026-09-18T00:37:47.278,0.039000,0.000,0.000000,-0.019906,1.202293
2026-09-18T00:37:47.478,0.094200,0.000,0.000000,-0.021409,1.200092
2026-09-18T00:37:47.678,0.020600,0.000,0.000000,-0.020132,1.202920
2026-09-18T00:37:47.878,0.051600,0.000,0.000000,-0.022594,1.198993
2026-09-18T00:37:48.078,0.066200,0.000,0.000000,-0.021082,1.202245
2026-09-18T00:37:48.278,0.081900,0.000,0.000000,-0.021936,1.201229
2026-09-18T00:37:48.478,0.012400,0.000,0.000000,-0.024005,1.198036
2026-09-18T00:37:48.678,0.011400,0.000,0.000000,-0.024001,1.198551
2026-09-18T00:37:48.878,0.050600,0.000,0.000000,-0.026204,1.195144
2026-09-18T00:37:49.078,0.042000,0.000,0.000000,-0.026987,1.194298
2026-09-18T00:37:49.278,0.069800,0.000,0.000000,-0.026370,1.195979
2026-09-18T00:37:49.478,0.050200,0.000,0.000000,-0.027472,1.194601
2026-09-18T00:37:49.678,0.027500,0.000,0.000000,-0.026086,1.197654
2026-09-18T00:37:49.878,0.039600,0.000,0.000000,-0.027004,1.196563
2026-09-18T00:37:50.078,0.055100,0.000,0.000000,-0.028824,1.193916
2026-09-18T00:37:50.278,0.113600,0.000,0.000000,-0.029347,1.193541
2026-09-18T00:37:50.478,0.061600,0.000,0.000000,-0.031691,1.189927
2026-09-18T00:37:50.678,0.034000,0.000,0.000000,-0.031306,1.191100
2026-09-18T00:37:50.878,0.010000,0.000,0.000000,-0.033057,1.188572
2026-09-18T00:37:51.078,0.061100,0.000,0.000000,-0.032372,1.190356
2026-09-18T00:37:51.278,0.071800,0.000,0.000000,-0.031235,1.193083
2026-09-18T00:37:51.478,0.008500,0.000,0.000000,-0.035564,1.186172
2026-09-18T00:37:51.678,0.023400,0.000,0.000000,-0.034194,1.189202
2026-09-18T00:37:51.878,0.047800,0.000,0.000000,-0.036520,1.185773
2026-09-18T00:37:52.078,0.026800,0.000,0.000000,-0.038530,1.182906
2026-09-18T00:37:52.278,0.036200,0.000,0.000000,-0.038217,1.184042
2026-09-18T00:37:52.478,0.028200,0.000,0.000000,-0.039003,1.183278
2026-09-18T00:37:52.678,0.050300,0.000,0.000000,-0.039146,1.183620
2026-09-18T00:37:52.878,0.035700,0.000,0.000000,-0.038146,1.185922
2026-09-18T00:37:53.078,0.050400,0.000,0.000000,-0.037866,1.186882
2026-09-18T00:37:53.278,0.007100,0.000,0.000000,-0.038829,1.185790
2026-09-18T00:37:53.478,0.029400,0.000,0.000000,-0.042217,1.180599
2026-09-18T00:37:53.678,0.013200,0.000,0.000000,-0.042379,1.180941
2026-09-18T00:37:53.878,0.051500,0.000,0.000000,-0.043190,1.180164
2026-09-18T00:37:54.078,0.041800,0.000,0.000000,-0.046969,1.174357
2026-09-18T00:37:54.278,0.047200,0.000,0.000000,-0.045918,1.176717
2026-09-18T00:37:54.478,0.023900,0.000,0.000000,-0.047139,1.175241
2026-09-18T00:37:54.678,0.028000,0.000,0.000000,-0.045844,1.178017
2026-09-18T00:37:54.878,0.011400,0.000,0.000000,-0.046452,1.177544
2026-09-18T00:37:55.078,0.023300,0.000,0.000000,-0.048977,1.173826
2026-09-18T00:37:55.278,0.021000,0.000,0.000000,-0.049740,1.173150
2026-09-18T00:37:55.478,0.078900,0.000,0.000000,-0.052529,1.169127
2026-09-18T00:37:55.678,0.016000,0.000,0.000000,-0.052197,1.170279
2026-09-18T00:37:55.878,0.012600,0.000,0.000000,-0.053390,1.168895
2026-09-18T00:37:56.078,0.038200,0.000,0.000000,-0.054144,1.168230
2026-09-18T00:37:56.278,0.032200,0.000,0.000000,-0.055036,1.167334
2026-09-18T00:37:56.478,0.019700,0.000,0.000000,-0.056570,1.165383
2026-09-18T00:37:56.678,0.072700,0.000,0.000000,-0.056862,1.165472
2026-09-18T00:37:56.878,0.036400,0.000,0.000000,-0.058963,1.162571
2026-09-18T00:37:57.078,0.031800,0.000,0.000000,-0.059360,1.162378
2026-09-18T00:37:57.278,0.054600,0.000,0.000000,-0.061990,1.158594
2026-09-18T00:37:57.478,0.033100,0.000,0.000000,-0.062196,1.158748
2026-09-18T00:37:57.678,0.016300,0.000,0.000000,-0.061816,1.160034
2026-09-18T00:37:57.878,0.034700,0.000,0.000000,-0.063966,1.157248
2026-09-18T00:37:58.078,0.049400,0.000,0.000000,-0.064814,1.156520
2026-09-18T00:37:58.278,0.024400,0.000,0.000000,-0.068505,1.151265
2026-09-18T00:37:58.478,0.037000,0.000,0.000000,-0.071632,1.146945
2026-09-18T00:37:58.678,0.031400,0.000,0.000000,-0.070882,1.148675
2026-09-18T00:37:58.878,0.025200,0.000,0.000000,-0.073351,1.145386
2026-09-18T00:37:59.078,0.015200,0.000,0.000000,-0.074520,1.144123
2026-09-18T00:37:59.278,0.040300,0.000,0.000000,-0.073586,1.146051
2026-09-18T00:37:59.478,0.014800,0.000,0.000000,-0.074474,1.145186
2026-09-18T00:37:59.678,0.042200,0.000,0.000000,-0.076186,1.143104
2026-09-18T00:37:59.878,0.015600,0.000,0.000000,-0.078070,1.140791
2026-09-18T00:38:00.078,0.066600,0.000,0.000000,-0.080056,1.138322
2026-09-18T00:38:00.278,0.078600,0.000,0.000000,-0.080187,1.138664
2026-09-18T00:38:00.478,0.034200,0.000,0.000000,-0.083310,1.134481
2026-09-18T00:38:00.678,0.037200,0.000,0.000000,-0.082336,1.136469
2026-09-18T00:38:00.878,0.075000,0.000,0.000000,-0.081977,1.137534
2026-09-18T00:38:01.078,0.029400,0.000,0.000000,-0.084197,1.134706
2026-09-18T00:38:01.278,0.026400,0.000,0.000000,-0.084897,1.134170
2026-09-18T00:38:01.478,0.021200,0.000,0.000000,-0.085714,1.133436
2026-09-18T00:38:01.678,0.010800,0.000,0.000000,-0.088738,1.129386
2026-09-18T00:38:01.878,0.013000,0.000,0.000000,-0.089624,1.128624
2026-09-18T00:38:02.078,0.015300,0.000,0.000000,-0.092364,1.125134
2026-09-18T00:38:02.278,0.033800,0.000,0.000000,-0.092811,1.125020
2026-09-18T00:38:02.478,0.030300,0.000,0.000000,-0.091370,1.127658
2026-09-18T00:38:02.678,0.064400,0.000,0.000000,-0.092915,1.125908
2026-09-18T00:38:02.878,0.013000,0.000,0.000000,-0.092701,1.126731
2026-09-18T00:38:03.078,0.027600,0.000,0.000000,-0.093780,1.125656
2026-09-18T00:38:03.278,0.057100,0.000,0.000000,-0.097779,1.120354
2026-09-18T00:38:03.478,0.042100,0.000,0.000000,-0.096492,1.122707
2026-09-18T00:38:03.678,0.037000,0.000,0.000000,-0.100065,1.118033
2026-09-18T00:38:03.878,0.033400,0.000,0.000000,-0.097379,1.122356
2026-09-18T00:38:04.078,0.044900,0.000,-0.008522,-0.101736,1.118382
2026-09-18T00:38:04.278,0.078500,0.000,0.001065,-0.102426,1.117268
2026-09-18T00:38:04.478,0.015000,1355.000,0.051133,-0.106393,1.107726
2026-09-18T00:38:04.678,0.109700,310.000,-0.030893,-0.111410,1.093781
2026-09-18T00:38:04.878,0.170600,792.000,-0.047937,-0.117709,1.065223
2026-09-18T00:38:05.078,0.268800,1509.000,-0.088417,-0.121124,1.008277
2026-09-18T00:38:05.278,0.450400,2285.000,-0.168312,-0.112384,0.921569
2026-09-18T00:38:05.478,0.499000,2025.000,-0.185356,-0.088911,0.823816
2026-09-18T00:38:05.678,0.382900,2352.000,-0.178964,-0.058955,0.731594
2026-09-18T00:38:05.878,0.556200,2133.000,-0.174703,-0.019184,0.648271
2026-09-18T00:38:06.078,0.486800,2500.000,-0.232228,0.043599,0.565019
2026-09-18T00:38:06.278,0.267100,2388.000,-0.296144,0.128118,0.462650
2026-09-18T00:38:06.478,0.344100,2622.000,-0.296144,0.232932,0.352374
2026-09-18T00:38:06.678,0.593300,2857.000,-0.364320,0.440229,0.245879
2026-09-18T00:38:06.878,0.549400,3076.000,-0.460194,0.970166,0.149934
2026-09-18T00:38:07.078,0.715700,3404.000,-0.499609,2.031083,0.146909
2026-09-18T00:38:07.278,0.670800,3200.000,-0.520914,2.597750,0.254286
2026-09-18T00:38:07.478,0.629400,3137.000,-0.422910,2.852337,0.385481
2026-09-18T00:38:07.678,0.569400,3076.000,-0.450607,2.976415,0.523508
2026-09-18T00:38:07.878,0.622100,3137.000,-0.486826,3.065028,0.656885
2026-09-18T00:38:08.078,0.557700,3137.000,-0.480434,-3.136192,0.794736
2026-09-18T00:38:08.278,0.641900,3265.000,-0.492152,-3.072514,0.936767
2026-09-18T00:38:08.478,0.730600,3137.000,-0.466586,-3.010442,1.077319
2026-09-18T00:38:08.678,0.728900,2909.000,-0.470847,-2.948639,1.210285
2026-09-18T00:38:08.878,0.492900,2857.000,-0.412257,-2.884422,1.337754
2026-09-18T00:38:09.078,0.727200,3018.000,-0.461260,-2.816811,1.456267
2026-09-18T00:38:09.278,0.579800,2666.000,0.072438,-2.774766,1.571837
2026-09-18T00:38:09.478,0.626600,2285.000,0.492152,-2.809777,1.675764
2026-09-18T00:38:09.678,0.836300,3265.000,0.042611,-2.873994,1.778866
2026-09-18T00:38:09.878,0.895100,2962.000,0.075634,-2.907396,1.910946
2026-09-18T00:38:10.078,0.642100,3200.000,0.083091,-2.928856,2.043614
2026-09-18T00:38:10.278,0.864400,3137.000,0.084156,-2.954472,2.174173
2026-09-18T00:38:10.478,0.699700,3137.000,0.039415,-2.976891,2.306867
2026-09-18T00:38:10.678,0.682400,3265.000,0.053263,-2.996985,2.444501
2026-09-18T00:38:10.878,0.767800,3478.000,0.054328,-3.018006,2.593311
2026-09-18T00:38:11.078,0.948600,3720.000,0.063916,-3.038751,2.745349
2026-09-18T00:38:11.278,0.835800,3636.000,0.088417,-3.056289,2.903260
2026-09-18T00:38:11.478,0.783800,3555.000,0.062851,-3.075853,3.065423
2026-09-18T00:38:11.678,0.852500,3720.000,0.073503,-3.093584,3.226429
2026-09-18T00:38:11.878,0.970400,3720.000,0.047937,-3.109265,3.386740
2026-09-18T00:38:12.078,0.800800,3809.000,-0.329167,-3.120981,3.550338
2026-09-18T00:38:12.278,0.861500,3720.000,-0.431432,-3.057929,3.725248
2026-09-18T00:38:12.478,0.735600,3404.000,-0.385626,-2.995002,3.891151
2026-09-18T00:38:12.678,0.641600,3478.000,-0.080960,-2.928511,4.046693
2026-09-18T00:38:12.878,0.660300,3333.000,0.010653,-2.916403,4.199515
2026-09-18T00:38:13.078,0.682400,3478.000,-0.040480,-2.907677,4.345512
2026-09-18T00:38:13.278,0.877300,3720.000,-0.090547,-2.899985,4.497816
2026-09-18T00:38:13.478,0.826700,3902.000,-0.072438,-2.895893,4.666085
2026-09-18T00:38:13.678,0.988300,4102.000,-0.107592,-2.886322,4.834923
2026-09-18T00:38:13.878,0.967900,4210.000,-0.001065,-2.885160,5.010388
2026-09-18T00:38:14.078,0.873200,4210.000,0.098004,-2.888849,5.189267
2026-09-18T00:38:14.278,1.055000,3636.000,0.324906,-2.930008,5.354722
2026-09-18T00:38:14.478,0.970100,3333.000,0.465521,-3.009035,5.505415
2026-09-18T00:38:14.678,0.808900,2758.000,0.488956,-3.082812,5.635950
2026-09-18T00:38:14.878,0.666000,2758.000,0.465521,3.124557,5.758190
2026-09-18T00:38:15.078,0.752900,2711.000,0.430367,3.057981,5.879185
2026-09-18T00:38:15.278,0.539000,2285.000,0.381365,2.990746,5.996177
2026-09-18T00:38:15.478,0.615500,2758.000,0.377104,2.921440,6.104428
2026-09-18T00:38:15.678,0.727400,2622.000,0.315318,2.862318,6.228010
2026-09-18T00:38:15.878,0.925700,3333.000,0.354733,2.804573,6.359849
2026-09-18T00:38:16.078,0.866500,3478.000,0.362190,2.741282,6.495860
2026-09-18T00:38:16.278,0.760000,3478.000,0.332363,2.691634,6.637392
2026-09-18T00:38:16.478,0.785900,2857.000,0.311057,2.644051,6.766323
2026-09-18T00:38:16.678,0.373500,1553.000,0.044741,2.610965,6.851199
2026-09-18T00:38:16.878,0.256700,661.000,0.060720,2.596365,6.892472
2026-09-18T00:38:17.078,0.136000,232.000,-0.034088,2.597333,6.891687
2026-09-18T00:38:17.278,0.280100,-969.000,-0.116114,2.608290,6.887107
2026-09-18T00:38:17.478,0.153100,-737.000,-0.046872,2.621014,6.899344
2026-09-18T00:38:17.678,0.137800,-540.000,-0.035154,2.627268,6.908695
2026-09-18T00:38:17.878,0.197300,-366.000,-0.014914,2.628744,6.898163
2026-09-18T00:38:18.078,0.161500,686.000,-0.110788,2.632527,6.900033
2026-09-18T00:38:18.278,0.281100,1882.000,-0.206661,2.666542,6.957192
2026-09-18T00:38:18.478,0.372700,2857.000,-0.113983,2.710992,7.042386
2026-09-18T00:38:18.678,0.213700,3478.000,-0.082025,2.734867,7.178386
2026-09-18T00:38:18.878,0.123000,2909.000,0.075634,2.739869,7.298547
2026-09-18T00:38:19.078,0.257800,1975.000,0.110788,2.720327,7.370676
2026-09-18T00:38:19.278,0.047500,112.000,-0.040480,2.705295,7.321247
2026-09-18T00:38:19.478,0.170200,1333.000,-0.149137,2.721488,7.220123
2026-09-18T00:38:19.678,0.249700,3018.000,-0.037284,2.732099,7.314757
2026-09-18T00:38:19.878,0.090700,2133.000,-0.034088,2.745927,7.406482
2026-09-18T00:38:20.078,0.036400,829.000,0.000000,2.760474,7.454727
2026-09-18T00:38:20.278,0.056000,1523.000,0.027697,2.758290,7.464389
2026-09-18T00:38:20.478,0.012200,2253.000,0.003196,2.758016,7.509124
2026-09-18T00:38:20.678,0.058400,1702.000,-0.020240,2.761216,7.527874
2026-09-18T00:38:20.878,0.058900,1391.000,0.000000,2.763952,7.550404
2026-09-18T00:38:21.078,0.082700,-903.000,-0.062851,2.760330,7.570849
2026-09-18T00:38:21.278,0.194200,-629.000,-0.111853,2.765892,7.547183
2026-09-18T00:38:21.478,0.182500,-647.000,-0.079895,2.784987,7.537089
2026-09-18T00:38:21.678,0.169400,-557.000,-0.046872,2.791517,7.534634
2026-09-18T00:38:21.878,0.095100,-363.000,-0.013848,2.794123,7.534409
2026-09-18T00:38:22.078,0.129300,-267.000,0.004261,2.793798,7.536141
2026-09-18T00:38:22.278,0.035400,65.000,-0.009587,2.787759,7.532718
2026-09-18T00:38:22.478,0.177900,1495.000,-0.145941,2.799410,7.482218
2026-09-18T00:38:22.678,0.408800,2025.000,-0.205596,2.832784,7.551262
2026-09-18T00:38:22.878,0.355300,2857.000,-0.040480,2.874882,7.640092
2026-09-18T00:38:23.078,0.356100,2711.000,-0.311057,2.924211,7.726930
2026-09-18T00:38:23.278,0.923700,2909.000,-0.324906,2.990130,7.837978
2026-09-18T00:38:23.478,0.702600,2285.000,-0.299339,3.064984,7.948315
2026-09-18T00:38:23.678,0.469600,2253.000,-0.273773,3.123177,8.034968
2026-09-18T00:38:23.878,0.562900,2424.000,-0.295078,-3.104625,8.125431
2026-09-18T00:38:24.078,0.626200,2758.000,-0.314253,-3.039524,8.226594
2026-09-18T00:38:24.278,0.653400,2807.000,-0.318514,-2.967302,8.337692
2026-09-18T00:38:24.478,0.431000,2105.000,-0.286556,-2.926808,8.436904
2026-09-18T00:38:24.678,0.173700,1467.000,-0.136354,-2.884062,8.499951
2026-09-18T00:38:24.878,0.257600,590.000,-0.026632,-2.868394,8.518326
2026-09-18T00:38:25.078,0.297400,-1600.000,-0.003196,-2.877147,8.489258
2026-09-18T00:38:25.278,0.392500,-2051.000,0.139550,-2.892980,8.407491
2026-09-18T00:38:25.478,0.691900,-2666.000,-0.052198,-2.931607,8.269281
2026-09-18T00:38:25.678,0.266300,-3137.000,0.069242,-2.941898,8.148397
2026-09-18T00:38:25.878,0.465000,-2758.000,0.068177,-2.955148,7.994190
2026-09-18T00:38:26.078,0.212500,-4324.000,0.075634,-2.967965,7.825689
2026-09-18T00:38:26.278,0.189300,-4210.000,0.087352,-2.974302,7.646088
2026-09-18T00:38:26.478,0.086000,-5000.000,-0.086286,-2.970091,7.446396
2026-09-18T00:38:26.678,0.174500,-4210.000,-0.129962,-2.950842,7.265538
2026-09-18T00:38:26.878,0.107300,-1975.000,0.036219,-2.932563,7.127028
2026-09-18T00:38:27.078,0.051000,-382.000,0.031958,-2.948391,7.130917
2026-09-18T00:38:27.278,0.056100,-382.000,0.050067,-2.953506,7.145496
2026-09-18T00:38:27.478,0.056100,-382.000,0.120375,-2.976112,7.152946
2026-09-18T00:38:27.678,0.031800,23.000,-0.002131,-2.994103,7.160939
2026-09-18T00:38:27.878,0.100700,2580.000,-0.025566,-2.995359,7.196484
2026-09-18T00:38:28.078,0.063200,4705.000,-0.024501,-2.991639,7.327880
2026-09-18T00:38:28.278,0.068900,4848.000,-0.005326,-2.992864,7.502630
2026-09-18T00:38:28.478,0.057500,4324.000,-0.001065,-2.996306,7.600426
2026-09-18T00:38:28.678,0.058100,4324.000,-0.034088,-2.995895,7.734239
2026-09-18T00:38:28.878,0.021400,3720.000,-0.035154,-2.991195,7.779076
2026-09-18T00:38:29.078,0.041200,3404.000,-0.023436,-2.983751,7.809225
2026-09-18T00:38:29.278,0.038300,3404.000,-0.003196,-2.983045,7.848101
2026-09-18T00:38:29.478,0.005800,3265.000,0.014914,-2.984020,7.847522
2026-09-18T00:38:29.678,0.083500,3333.000,0.002131,-2.986403,7.878924
2026-09-18T00:38:29.878,0.044100,3265.000,-0.006392,-2.989333,7.986960
2026-09-18T00:38:30.078,0.034500,3478.000,0.000000,-2.988058,7.988386
2026-09-18T00:38:30.278,0.014900,3478.000,0.003196,-2.989036,7.988694
2026-09-18T00:38:30.478,0.022000,3333.000,-0.004261,-2.989009,7.987849
2026-09-18T00:38:30.678,0.033100,3333.000,0.003196,-2.988663,7.986923
2026-09-18T00:38:30.878,0.046100,3333.000,0.000000,-2.988896,7.986612
2026-09-18T00:38:31.078,0.131200,3076.000,0.002131,-2.990786,8.049820
2026-09-18T00:38:31.278,0.054500,3137.000,0.000000,-2.994126,8.135270
2026-09-18T00:38:31.478,0.035500,3265.000,-0.006392,-2.993761,8.137430
2026-09-18T00:38:31.678,0.046100,3265.000,0.000000,-2.993983,8.170307
2026-09-18T00:38:31.878,0.036600,3137.000,0.007457,-2.996182,8.233481
2026-09-18T00:38:32.078,0.024700,3018.000,0.004261,-2.997552,8.264200
2026-09-18T00:38:32.278,0.017000,3137.000,-0.001065,-2.998990,8.264671
2026-09-18T00:38:32.478,0.033200,3137.000,-0.002131,-2.998252,8.264935
2026-09-18T00:38:32.678,0.047000,3076.000,0.000000,-2.999568,8.294722
2026-09-18T00:38:32.878,0.010800,2388.000,-0.002131,-2.999995,8.354050
2026-09-18T00:38:33.078,0.029800,796.000,-0.006392,-2.996797,8.348499
2026-09-18T00:38:33.278,0.015100,184.000,0.000000,-2.996746,8.324046
2026-09-18T00:38:33.478,0.035500,184.000,0.003196,-2.997438,8.313480
2026-09-18T00:38:33.678,0.107800,0.000,-0.008522,-2.997239,8.313892
2026-09-18T00:38:33.878,0.050200,0.000,-0.001065,-2.996484,8.293106
2026-09-18T00:38:34.078,0.086800,0.000,0.004261,-2.997675,8.273476
2026-09-18T00:38:34.278,0.036100,0.000,-0.002131,-2.997583,8.273948
2026-09-18T00:38:34.478,0.028300,0.000,0.013848,-2.999440,8.271978
2026-09-18T00:38:34.678,0.065000,0.000,0.011718,-3.001699,8.271903
2026-09-18T00:38:34.878,0.042700,0.000,0.027697,-3.005950,8.271450
2026-09-18T00:38:35.078,0.014400,0.000,0.033023,-3.012471,8.270195
2026-09-18T00:38:35.278,0.039800,0.000,0.041545,-3.020069,8.269713
2026-09-18T00:38:35.478,0.036300,0.000,0.025566,-3.027603,8.268919
2026-09-18T00:38:35.678,0.032700,0.000,0.015979,-3.031862,8.267446
2026-09-18T00:38:35.878,0.045800,0.000,0.002131,-3.032190,8.265366
2026-09-18T00:38:36.078,0.052300,0.000,-0.010653,-3.031149,8.263694
2026-09-18T00:38:36.278,0.095000,0.000,-0.012783,-3.029656,8.263511
2026-09-18T00:38:36.478,0.066300,0.000,-0.004261,-3.028968,8.261547
2026-09-18T00:38:36.678,0.062700,0.000,-0.001065,-3.028866,8.260448
2026-09-18T00:38:36.878,0.066100,0.000,0.001065,-3.028554,8.260830
2026-09-18T00:38:37.078,0.041100,0.000,-0.001065,-3.028687,8.258689
2026-09-18T00:38:37.278,0.051700,0.000,0.000000,-3.028774,8.258378
2026-09-18T00:38:37.478,0.019800,0.000,0.000000,-3.029011,8.257384
2026-09-18T00:38:37.678,0.062600,0.000,0.000000,-3.029277,8.255670
2026-09-18T00:38:37.878,0.055900,0.000,0.000000,-3.029499,8.256102
2026-09-18T00:38:38.078,0.038200,0.000,0.000000,-3.029382,8.254713
2026-09-18T00:38:38.278,0.029800,0.000,-0.007457,-3.029673,8.254593
2026-09-18T00:38:38.478,0.111900,0.000,0.000000,-3.029254,8.253561
2026-09-18T00:38:38.678,0.064000,0.000,0.000000,-3.029551,8.252545
2026-09-18T00:38:38.878,0.092300,0.000,-0.001065,-3.029679,8.252671
2026-09-18T00:38:39.078,0.034400,0.000,0.000000,-3.029954,8.250908
2026-09-18T00:38:39.278,0.064500,0.000,0.000000,-3.030260,8.251400
2026-09-18T00:38:39.478,0.045000,0.000,0.000000,-3.030569,8.250994
2026-09-18T00:38:39.678,0.067100,0.000,0.000000,-3.030881,8.249629
2026-09-18T00:38:39.878,0.040800,0.000,0.000000,-3.031176,8.250243
2026-09-18T00:38:40.078,0.027700,0.000,0.000000,-3.031476,8.249102
2026-09-18T00:38:40.278,0.032000,0.000,0.000000,-3.031782,8.248499
2026-09-18T00:38:40.478,0.025900,0.000,0.000000,-3.032146,8.247752
2026-09-18T00:38:40.678,0.053100,0.000,0.000000,-3.032391,8.246804
2026-09-18T00:38:40.878,0.040100,0.000,-0.004261,-3.032550,8.247245
2026-09-18T00:38:41.078,0.050400,0.000,0.000000,-3.032360,8.245763
2026-09-18T00:38:41.278,0.053600,0.000,-0.001065,-3.032692,8.246539
2026-09-18T00:38:41.478,0.010200,0.000,0.000000,-3.032985,8.246468
2026-09-18T00:38:41.678,0.097100,0.000,0.000000,-3.033355,8.246239
2026-09-18T00:38:41.878,0.034700,0.000,0.000000,-3.033716,8.246105
2026-09-18T00:38:42.078,0.068400,0.000,0.000000,-3.034037,8.245157
2026-09-18T00:38:42.278,0.063300,0.000,0.000000,-3.034364,8.245234
2026-09-18T00:38:42.478,0.045800,0.000,0.000000,-3.034716,8.244949
2026-09-18T00:38:42.678,0.016300,0.000,0.000000,-3.035108,8.244169
2026-09-18T00:38:42.878,0.020400,0.000,0.000000,-3.035481,8.244518
2026-09-18T00:38:43.078,0.027700,0.000,0.000000,-3.035845,8.242963
2026-09-18T00:38:43.278,0.027200,0.000,-0.006392,-3.036002,8.244855
2026-09-18T00:38:43.478,0.035200,0.000,0.002131,-3.035722,8.244945
2026-09-18T00:38:43.678,0.075900,0.000,-0.063916,-3.028169,8.233721
2026-09-18T00:38:43.878,0.075800,-232.000,-0.036219,-3.020031,8.235034
2026-09-18T00:38:44.078,0.053000,-138.000,-0.002131,-3.016956,8.235646
2026-09-18T00:38:44.278,0.013000,-138.000,0.004261,-3.017228,8.235113
2026-09-18T00:38:44.478,0.095300,122.000,0.056459,-3.018701,8.237220
2026-09-18T00:38:44.678,0.104600,577.000,0.063916,-3.028910,8.249107
2026-09-18T00:38:44.878,0.283200,1280.000,0.219444,-3.055723,8.264617
2026-09-18T00:38:45.078,0.465400,2077.000,0.323840,-3.108640,8.318106
2026-09-18T00:38:45.278,0.462300,1702.000,0.409062,3.130014,8.388795
2026-09-18T00:38:45.478,0.609900,2051.000,0.663660,3.022346,8.458463
2026-09-18T00:38:45.678,0.641400,1666.000,0.553938,2.936731,8.536099
2026-09-18T00:38:45.878,0.609600,2318.000,-0.067112,2.882082,8.588375
2026-09-18T00:38:46.078,0.569400,2253.000,0.009587,2.867082,8.700473
2026-09-18T00:38:46.278,0.655000,1584.000,-0.095874,2.875311,8.767163
2026-09-18T00:38:46.478,0.447700,829.000,0.123571,2.865755,8.794243
2026-09-18T00:38:46.678,0.397400,1467.000,0.069242,2.849734,8.817264
2026-09-18T00:38:46.878,0.291800,727.000,0.090547,2.847414,8.853233
2026-09-18T00:38:47.078,0.158300,346.000,-0.018109,2.847308,8.861304
2026-09-18T00:38:47.278,0.189200,198.000,-0.012783,2.847125,8.857981
2026-09-18T00:38:47.478,0.036700,159.000,-0.007457,2.849007,8.852243
2026-09-18T00:38:47.678,0.042000,371.000,0.036219,2.850538,8.863515
2026-09-18T00:38:47.878,0.135100,969.000,0.021305,2.847894,8.871518
2026-09-18T00:38:48.078,0.304600,1428.000,0.008522,2.848247,8.908441
2026-09-18T00:38:48.278,0.481000,2318.000,-0.012783,2.850528,8.973265
2026-09-18T00:38:48.478,0.545700,2253.000,0.034088,2.851975,9.060496
2026-09-18T00:38:48.678,0.308200,2285.000,0.037284,2.849823,9.142295
2026-09-18T00:38:48.878,0.545900,1777.000,0.038350,2.848023,9.215861
2026-09-18T00:38:49.078,0.535100,1758.000,0.006392,2.846885,9.276594
2026-09-18T00:38:49.278,0.347200,1616.000,0.010653,2.846233,9.336646
2026-09-18T00:38:49.478,0.304900,1481.000,0.007457,2.845932,9.393502
2026-09-18T00:38:49.678,0.209700,1052.000,0.021305,2.846161,9.439097
2026-09-18T00:38:49.878,0.240400,514.000,0.009587,2.844149,9.442232
2026-09-18T00:38:50.078,0.104800,622.000,0.014914,2.842847,9.435397
2026-09-18T00:38:50.278,0.083000,440.000,0.007457,2.841189,9.436467
2026-09-18T00:38:50.478,0.012600,440.000,-0.005326,2.841222,9.438547
2026-09-18T00:38:50.678,0.005400,-15.000,-0.005326,2.841988,9.440552
2026-09-18T00:38:50.878,0.089300,-22.000,-0.002131,2.842675,9.440920
2026-09-18T00:38:51.078,0.032400,-22.000,0.004261,2.842407,9.443374
2026-09-18T00:38:51.278,0.048800,0.000,-0.003196,2.842358,9.443117
2026-09-18T00:38:51.478,0.100400,0.000,-0.002131,2.842803,9.443419
2026-09-18T00:38:51.678,0.071700,0.000,0.000000,2.842737,9.443707
2026-09-18T00:38:51.878,0.064100,0.000,-0.002131,2.842960,9.442985
2026-09-18T00:38:52.078,0.034400,0.000,-0.003196,2.842992,9.442559
2026-09-18T00:38:52.278,0.036200,0.000,0.000000,2.842709,9.442892
2026-09-18T00:38:52.478,0.040800,0.000,-0.002131,2.842581,9.442663
2026-09-18T00:38:52.678,0.088500,0.000,-0.002131,2.842437,9.444299
2026-09-18T00:38:52.878,0.012000,0.000,0.000000,2.842307,9.444228
2026-09-18T00:38:53.078,0.024400,0.000,0.000000,2.842119,9.445098
2026-09-18T00:38:53.278,0.014000,0.000,0.001065,2.842347,9.445519
2026-09-18T00:38:53.478,0.018000,0.000,-0.002131,2.842422,9.444029
2026-09-18T00:38:53.678,0.020000,0.000,-0.001065,2.842447,9.444925
2026-09-18T00:38:53.878,0.021900,0.000,-0.003196,2.842308,9.443946
2026-09-18T00:38:54.078,0.084600,0.000,0.010653,2.841921,9.443352
2026-09-18T00:38:54.278,0.026900,250.000,-0.001065,2.840480,9.444034
2026-09-18T00:38:54.478,0.017800,177.000,0.000000,2.841748,9.442321
2026-09-18T00:38:54.678,0.018800,177.000,-0.005326,2.843103,9.443166
2026-09-18T00:38:54.878,0.106400,0.000,-0.033023,2.848168,9.442522
2026-09-18T00:38:55.078,0.060400,0.000,-0.336624,2.885635,9.445926
2026-09-18T00:38:55.278,0.100500,606.000,-0.038350,2.932302,9.450453
2026-09-18T00:38:55.478,0.254300,963.000,-0.040480,2.925183,9.450253
2026-09-18T00:38:55.678,0.216400,879.000,-0.154463,2.943271,9.446945
2026-09-18T00:38:55.878,0.128000,1481.000,-0.181095,2.979645,9.471972
2026-09-18T00:38:56.078,0.149800,1600.000,-0.223706,3.025581,9.530861
2026-09-18T00:38:56.278,0.106100,2000.000,-0.284426,3.080020,9.607392
2026-09-18T00:38:56.478,0.281000,1584.000,-0.273773,3.137983,9.672987
2026-09-18T00:38:56.678,0.021600,1134.000,-0.158724,-3.109462,9.696771
2026-09-18T00:38:56.878,0.142300,1428.000,-0.350472,-3.070480,9.715860
2026-09-18T00:38:57.078,0.074800,2051.000,-0.370712,-3.006963,9.776083
2026-09-18T00:38:57.278,0.134200,1684.000,-0.280165,-2.914991,9.867362
2026-09-18T00:38:57.478,0.353600,1111.000,0.030893,-2.890529,9.911194
2026-09-18T00:38:57.678,0.095500,717.000,-0.095874,-2.887965,9.895689
2026-09-18T00:38:57.878,0.206000,470.000,-0.143811,-2.862731,9.885526
2026-09-18T00:38:58.078,0.254900,467.000,0.018109,-2.844970,9.879253
2026-09-18T00:38:58.278,0.118600,603.000,0.055394,-2.854143,9.873186
2026-09-18T00:38:58.478,0.151000,428.000,0.042611,-2.864765,9.871816
2026-09-18T00:38:58.678,0.128000,219.000,-0.004261,-2.869938,9.871656
2026-09-18T00:38:58.878,0.017500,561.000,-0.056459,-2.864691,9.874235
2026-09-18T00:38:59.078,0.246300,717.000,-0.143811,-2.840709,9.876188
2026-09-18T00:38:59.278,0.136000,395.000,-0.055394,-2.817790,9.881652
2026-09-18T00:38:59.478,0.037200,321.000,0.010653,-2.815035,9.887809
2026-09-18T00:38:59.678,0.068500,321.000,-0.082025,-2.810833,9.887895
2026-09-18T00:38:59.878,0.108700,0.000,-0.013848,-2.800611,9.889572
2026-09-18T00:39:00.078,0.067100,0.000,-0.017044,-2.799516,9.894103
2026-09-18T00:39:00.278,0.156500,0.000,-0.031958,-2.793096,9.893762
2026-09-18T00:39:00.478,0.108900,0.000,-0.014914,-2.788595,9.897745
2026-09-18T00:39:00.678,0.164400,-145.000,-0.027697,-2.783088,9.900155
2026-09-18T00:39:00.878,0.030000,-113.000,-0.001065,-2.780888,9.900023
2026-09-18T00:39:01.078,0.033200,-113.000,-0.017044,-2.780206,9.902284
2026-09-18T00:39:01.278,0.039300,-113.000,-0.008522,-2.776627,9.902198
2026-09-18T00:39:01.478,0.116700,0.000,-0.006392,-2.773868,9.904452
2026-09-18T00:39:01.678,0.143400,0.000,0.001065,-2.773201,9.906647
2026-09-18T00:39:01.878,0.078400,0.000,0.011718,-2.774775,9.911957
2026-09-18T00:39:02.078,0.101100,0.000,-0.001065,-2.775902,9.919336
2026-09-18T00:39:02.278,0.060800,0.000,-0.028762,-2.773461,9.920179
2026-09-18T00:39:02.478,0.190400,0.000,-0.102265,-2.765885,9.925017
2026-09-18T00:39:02.678,0.450700,0.000,-0.248207,-2.737863,9.937047
2026-09-18T00:39:02.878,0.206400,0.000,0.007457,-2.712953,9.954466
2026-09-18T00:39:03.078,0.191100,0.000,-0.100135,-2.697015,9.968133
2026-09-18T00:39:03.278,0.369800,0.000,0.033023,-2.700167,9.979988
2026-09-18T00:39:03.478,0.280700,0.000,0.039415,-2.706525,9.989830
2026-09-18T00:39:03.678,0.628200,0.000,-0.075634,-2.707384,9.997582
2026-09-18T00:39:03.878,0.328300,0.000,0.124636,-2.732363,10.008941
2026-09-18T00:39:04.078,0.312400,0.000,-0.015979,-2.724136,10.023963
2026-09-18T00:39:04.278,0.430800,0.000,-0.077764,-2.731591,10.039747
2026-09-18T00:39:04.478,0.328200,0.000,-0.060720,-2.718489,10.053619
2026-09-18T00:39:04.678,0.434200,0.000,-0.036219,-2.697333,10.065935
2026-09-18T00:39:04.878,0.413300,0.000,-0.028762,-2.693202,10.082084
2026-09-18T00:39:05.078,0.406200,1720.000,0.073503,-2.707448,10.097427
2026-09-18T00:39:05.278,0.231800,1481.000,0.022371,-2.730372,10.172178
2026-09-18T00:39:05.478,0.249100,1240.000,0.087352,-2.746137,10.248928
2026-09-18T00:39:05.678,0.301900,1454.000,0.041545,-2.757320,10.324103
2026-09-18T00:39:05.878,0.137100,3720.000,0.089482,-2.773240,10.427761
2026-09-18T00:39:06.078,0.504000,1391.000,0.090547,-2.787882,10.527678
2026-09-18T00:39:06.278,0.083500,540.000,0.024501,-2.793686,10.544435
2026-09-18T00:39:06.478,0.178300,540.000,-0.006392,-2.797280,10.556401
2026-09-18T00:39:06.678,0.054600,540.000,-0.005326,-2.796936,10.563739
2026-09-18T00:39:06.878,0.123800,-22.000,-0.014914,-2.794046,10.567393
2026-09-18T00:39:07.078,0.053100,-531.000,-0.023436,-2.790001,10.570102
2026-09-18T00:39:07.278,0.156200,-594.000,-0.015979,-2.785997,10.569486
2026-09-18T00:39:07.478,0.250200,-438.000,-0.026632,-2.782671,10.570976
2026-09-18T00:39:07.678,0.184500,-343.000,0.017044,-2.782035,10.570994
2026-09-18T00:39:07.878,0.089500,-343.000,-0.001065,-2.783826,10.566682
2026-09-18T00:39:08.078,0.014100,0.000,-0.005326,-2.784025,10.565579
2026-09-18T00:39:08.278,0.037100,0.000,-0.003196,-2.783372,10.563267
2026-09-18T00:39:08.478,0.052000,0.000,-0.006392,-2.782463,10.562980
2026-09-18T00:39:08.678,0.029200,0.000,-0.002131,-2.782885,10.561096
2026-09-18T00:39:08.878,0.029200,0.000,0.000000,-2.782877,10.558884
2026-09-18T00:39:09.078,0.051900,0.000,0.000000,-2.783038,10.560313
2026-09-18T00:39:09.278,0.060100,0.000,0.000000,-2.783348,10.557245
2026-09-18T00:39:09.478,0.085400,0.000,0.000000,-2.783628,10.557317
2026-09-18T00:39:09.678,0.096600,0.000,0.000000,-2.783883,10.556290
2026-09-18T00:39:09.878,0.047400,0.000,0.000000,-2.784215,10.553674
2026-09-18T00:39:10.078,0.046500,0.000,0.000000,-2.784699,10.554219
2026-09-18T00:39:10.278,0.102100,0.000,-0.075634,-2.787479,10.552613
2026-09-18T00:39:10.478,0.073400,0.000,-0.006392,-2.785119,10.549326
2026-09-18T00:39:10.678,0.062000,0.000,-0.004261,-2.785844,10.550544
2026-09-18T00:39:10.878,0.054600,0.000,0.002131,-2.785701,10.548418
2026-09-18T00:39:11.078,0.029600,370.000,-0.006392,-2.784710,10.553811
2026-09-18T00:39:11.278,0.033600,205.000,-0.022371,-2.781141,10.564028
2026-09-18T00:39:11.478,0.041700,308.000,-0.028762,-2.778006,10.571564
2026-09-18T00:39:11.678,0.099500,717.000,-0.057524,-2.770730,10.588586
2026-09-18T00:39:11.878,0.305800,1159.000,-0.091613,-2.756655,10.624088
2026-09-18T00:39:12.078,0.263400,1553.000,-0.153398,-2.732487,10.674142
2026-09-18T00:39:12.278,0.274900,1818.000,-0.177899,-2.700682,10.739182
2026-09-18T00:39:12.478,0.370700,1839.000,-0.147006,-2.669238,10.794859
2026-09-18T00:39:12.678,0.216100,1441.000,-0.141680,-2.643828,10.847138
2026-09-18T00:39:12.878,0.179300,1134.000,-0.120375,-2.617315,10.892124
2026-09-18T00:39:13.078,0.208000,879.000,-0.102265,-2.599225,10.924574
2026-09-18T00:39:13.278,0.215200,1095.000,-0.123571,-2.580248,10.958166
2026-09-18T00:39:13.478,0.194800,1367.000,-0.151268,-2.555501,10.995139
2026-09-18T00:39:13.678,0.492200,2191.000,-0.282295,-2.516703,11.050645
2026-09-18T00:39:13.878,0.421700,2666.000,-0.280165,-2.470145,11.133203
2026-09-18T00:39:14.078,0.660700,3137.000,-0.389887,-2.406541,11.216251
2026-09-18T00:39:14.278,0.714700,2962.000,-0.325971,-2.334631,11.302213
2026-09-18T00:39:14.478,0.528200,2962.000,-0.302535,-2.265754,11.383319
2026-09-18T00:39:14.678,0.610600,2424.000,-0.274838,-2.198264,11.441464
2026-09-18T00:39:14.878,0.352500,2388.000,-0.216249,-2.147076,11.493172
2026-09-18T00:39:15.078,0.290800,1666.000,-0.164051,-2.106688,11.519526
2026-09-18T00:39:15.278,0.183500,1142.000,-0.086286,-2.086720,11.541975
2026-09-18T00:39:15.478,0.100200,579.000,0.073503,-2.086794,11.552501
2026-09-18T00:39:15.678,0.152600,155.000,-0.037284,-2.093399,11.542880
2026-09-18T00:39:15.878,0.081600,132.000,-0.027697,-2.090980,11.542837
2026-09-18T00:39:16.078,0.055500,132.000,-0.017044,-2.085627,11.542881
2026-09-18T00:39:16.278,0.045000,-27.000,-0.010653,-2.080873,11.543982
2026-09-18T00:39:16.478,0.040300,-35.000,-0.013848,-2.078219,11.545464
2026-09-18T00:39:16.678,0.066000,-131.000,0.000000,-2.078019,11.542147
2026-09-18T00:39:16.878,0.037800,-765.000,0.006392,-2.075633,11.527494
2026-09-18T00:39:17.078,0.052000,-130.000,0.017044,-2.075584,11.507801
2026-09-18T00:39:17.278,0.206100,-720.000,-0.151268,-2.058034,11.490076
2026-09-18T00:39:17.478,0.282600,-1311.000,-0.225836,-2.016543,11.465135
2026-09-18T00:39:17.678,0.570500,-2025.000,-0.382430,-1.949003,11.432107
2026-09-18T00:39:17.878,0.607300,-1860.000,-0.307861,-1.875405,11.399377
2026-09-18T00:39:18.078,0.314400,-2424.000,-0.102265,-1.828148,11.373215
2026-09-18T00:39:18.278,0.505500,-1882.000,0.042611,-1.812718,11.342673
2026-09-18T00:39:18.478,0.254700,-1250.000,0.142745,-1.851241,11.314038
2026-09-18T00:39:18.678,0.050200,-418.000,0.000000,-1.865135,11.288835
2026-09-18T00:39:18.878,0.196500,1300.000,-0.182160,-1.849465,11.286957
2026-09-18T00:39:19.078,0.426600,2352.000,-0.075634,-1.802482,11.297649
2026-09-18T00:39:19.278,0.590200,2807.000,-0.007457,-1.810768,11.309213
2026-09-18T00:39:19.478,0.567600,3018.000,-0.040480,-1.811746,11.330489
2026-09-18T00:39:19.678,0.521600,2666.000,-0.090547,-1.813965,11.348844
2026-09-18T00:39:19.878,0.743400,2461.000,-0.194943,-1.794067,11.366887
2026-09-18T00:39:20.078,0.334300,1553.000,-0.140615,-1.763419,11.377750
2026-09-18T00:39:20.278,0.215400,1111.000,-0.104396,-1.739032,11.379363
2026-09-18T00:39:20.478,0.148100,1367.000,-0.085221,-1.721932,11.371861
2026-09-18T00:39:20.678,0.077100,714.000,-0.069242,-1.712108,11.368201
2026-09-18T00:39:20.878,0.260200,1333.000,-0.151268,-1.693596,11.360098
2026-09-18T00:39:21.078,0.292500,1632.000,-0.190682,-1.665486,11.351818
2026-09-18T00:39:21.278,0.394800,2077.000,-0.189617,-1.635408,11.341318
2026-09-18T00:39:21.478,0.566600,2253.000,-0.255663,-1.594852,11.328316
2026-09-18T00:39:21.678,0.522500,2461.000,-0.292948,-1.549110,11.311227
2026-09-18T00:39:21.878,0.458900,2388.000,-0.303600,-1.503129,11.286462
2026-09-18T00:39:22.078,0.373000,2388.000,-0.221575,-1.455557,11.258227
2026-09-18T00:39:22.278,0.392200,1927.000,-0.229032,-1.416590,11.222538
2026-09-18T00:39:22.478,0.317100,1951.000,-0.222640,-1.378867,11.188228
2026-09-18T00:39:22.678,0.334500,1758.000,-0.182160,-1.343668,11.150340
2026-09-18T00:39:22.878,0.217400,1616.000,-0.131028,-1.310652,11.112824
2026-09-18T00:39:23.078,0.371000,1882.000,-0.229032,-1.270927,11.072556
2026-09-18T00:39:23.278,0.410200,1797.000,-0.220510,-1.231854,11.023897
2026-09-18T00:39:23.478,0.336800,1951.000,-0.198139,-1.193781,10.973626
2026-09-18T00:39:23.678,0.309700,1777.000,-0.219444,-1.153779,10.925306
2026-09-18T00:39:23.878,0.379600,1797.000,-0.252468,-1.114342,10.877315
2026-09-18T00:39:24.078,0.597400,1720.000,-0.197074,-1.074589,10.829691
2026-09-18T00:39:24.278,0.283700,1379.000,-0.001065,-1.050605,10.785695
2026-09-18T00:39:24.478,0.228900,1367.000,-0.046872,-1.042325,10.742470
2026-09-18T00:39:24.678,0.260200,1185.000,-0.056459,-1.039183,10.707008
2026-09-18T00:39:24.878,0.173700,903.000,-0.035154,-1.033794,10.674053
2026-09-18T00:39:25.078,0.235000,1176.000,-0.030893,-1.029032,10.647009
2026-09-18T00:39:25.278,0.410500,1600.000,-0.033023,-1.025893,10.609809
2026-09-18T00:39:25.478,0.382900,1951.000,-0.031958,-1.023103,10.565011
2026-09-18T00:39:25.678,0.435600,2461.000,-0.044741,-1.024902,10.516335
2026-09-18T00:39:25.878,0.483500,3076.000,-0.060720,-1.021591,10.459597
2026-09-18T00:39:26.078,0.651400,3720.000,-0.053263,-1.020059,10.397953
2026-09-18T00:39:26.278,0.929900,3902.000,0.000000,-1.032167,10.325885
2026-09-18T00:39:26.478,0.848600,4324.000,-0.063916,-1.029337,10.232960
2026-09-18T00:39:26.678,1.104700,4571.000,0.056459,-1.026138,10.146411
2026-09-18T00:39:26.878,1.202000,4705.000,-0.023436,-1.049094,10.063336
2026-09-18T00:39:27.078,0.724000,4324.000,-0.014914,-1.055501,9.976331
2026-09-18T00:39:27.278,1.078800,4444.000,-0.094809,-1.137529,9.903320
2026-09-18T00:39:27.478,0.868500,4571.000,0.044741,-1.153150,9.842413
2026-09-18T00:39:27.678,1.059000,4324.000,0.039415,-1.178513,9.773119
2026-09-18T00:39:27.878,0.742500,4324.000,-0.040480,-1.207228,9.701307
2026-09-18T00:39:28.078,0.927700,4210.000,0.000000,-1.227195,9.633926
2026-09-18T00:39:28.278,1.087600,4324.000,-0.059655,-1.244644,9.560487
2026-09-18T00:39:28.478,0.927000,4000.000,-0.021305,-1.261291,9.493379
2026-09-18T00:39:28.678,0.944600,4102.000,-0.080960,-1.278446,9.424319
2026-09-18T00:39:28.878,0.747500,3333.000,0.597613,-1.335081,9.356303
2026-09-18T00:39:29.078,1.032000,3720.000,0.427171,-1.424706,9.318115
2026-09-18T00:39:29.278,0.960500,3902.000,0.400539,-1.500575,9.300664
2026-09-18T00:39:29.478,1.009700,4324.000,0.234358,-1.553160,9.290203
2026-09-18T00:39:29.678,0.887400,4444.000,-0.393083,-1.521754,9.284703
2026-09-18T00:39:29.878,0.948800,4444.000,-0.299339,-1.462238,9.257259
2026-09-18T00:39:30.078,0.887600,4210.000,-0.446346,-1.398652,9.213187
2026-09-18T00:39:30.278,0.756100,3809.000,-0.151268,-1.373884,9.148974
2026-09-18T00:39:30.478,1.061100,3809.000,-0.238619,-1.376716,9.097689
2026-09-18T00:39:30.678,0.883000,4000.000,-0.040480,-1.375687,9.053067
2026-09-18T00:39:30.878,1.099200,3555.000,-0.099070,-1.372439,9.005327
2026-09-18T00:39:31.078,0.666400,3636.000,-0.071373,-1.371942,8.964222
2026-09-18T00:39:31.278,0.457400,3076.000,-0.015979,-1.376206,8.922918
2026-09-18T00:39:31.478,0.669100,3137.000,0.132093,-1.392854,8.886834
2026-09-18T00:39:31.678,0.641000,3200.000,0.086286,-1.430405,8.864166
2026-09-18T00:39:31.878,0.716600,3404.000,0.139550,-1.458784,8.849712
2026-09-18T00:39:32.078,0.956700,3333.000,0.189617,-1.531708,8.851052
2026-09-18T00:39:32.278,0.894000,3555.000,0.160855,-1.576927,8.860791
2026-09-18T00:39:32.478,0.927500,3478.000,0.089482,-1.615900,8.874466
2026-09-18T00:39:32.678,0.681900,3478.000,0.096939,-1.642162,8.891438
2026-09-18T00:39:32.878,0.674100,3555.000,0.083091,-1.669067,8.913768
2026-09-18T00:39:33.078,0.652700,3809.000,-0.100135,-1.659569,8.940675
2026-09-18T00:39:33.278,0.671800,3720.000,-0.144876,-1.657232,8.955705
2026-09-18T00:39:33.478,1.081000,3636.000,-0.112918,-1.660593,8.963798
2026-09-18T00:39:33.678,0.790000,3404.000,-0.064981,-1.661400,8.981282
2026-09-18T00:39:33.878,0.796000,3333.000,0.052198,-1.673168,8.997126
2026-09-18T00:39:34.078,0.623400,3200.000,0.035154,-1.689219,9.010559
2026-09-18T00:39:34.278,0.493800,2962.000,0.070307,-1.711728,9.026085
2026-09-18T00:39:34.478,0.647600,3018.000,-0.008522,-1.736055,9.043835
2026-09-18T00:39:34.678,0.778000,2962.000,-0.006392,-1.748416,9.063943
2026-09-18T00:39:34.878,0.580600,3018.000,-0.013848,-1.764968,9.085639
2026-09-18T00:39:35.078,0.598900,3018.000,0.051133,-1.783097,9.113428
2026-09-18T00:39:35.278,0.704100,3404.000,-0.011718,-1.793596,9.146669
2026-09-18T00:39:35.478,0.794300,3902.000,0.059655,-1.806446,9.182935
2026-09-18T00:39:35.678,0.847700,3902.000,-0.063916,-1.822613,9.224854
2026-09-18T00:39:35.878,1.101800,4102.000,0.038350,-1.839927,9.271766
2026-09-18T00:39:36.078,0.871300,4324.000,0.009587,-1.872903,9.325758
2026-09-18T00:39:36.278,0.838400,4210.000,0.108657,-1.908074,9.390913
2026-09-18T00:39:36.478,1.156700,4210.000,0.020240,-1.946255,9.456286
2026-09-18T00:39:36.678,0.833400,4210.000,0.104396,-1.977480,9.533817
2026-09-18T00:39:36.878,0.998200,4210.000,0.096939,-2.015119,9.618729
2026-09-18T00:39:37.078,0.894700,4324.000,0.109722,-2.058229,9.708970
2026-09-18T00:39:37.278,0.958700,4210.000,0.157659,-2.105390,9.807395
2026-09-18T00:39:37.478,1.005000,4324.000,0.137419,-2.152308,9.912814
2026-09-18T00:39:37.678,1.082500,4444.000,0.155529,-2.207918,10.030639
2026-09-18T00:39:37.878,0.764000,3720.000,0.142745,-2.253669,10.142975
2026-09-18T00:39:38.078,0.973500,3636.000,0.296144,-2.306650,10.259139
2026-09-18T00:39:38.278,1.026500,3636.000,0.386691,-2.373064,10.392739
2026-09-18T00:39:38.478,1.095700,3902.000,0.308927,-2.443095,10.536925
2026-09-18T00:39:38.678,0.986200,4210.000,0.337689,-2.500704,10.695955
2026-09-18T00:39:38.878,0.967800,4210.000,0.192813,-2.530468,10.863613
2026-09-18T00:39:39.078,1.155500,4571.000,0.104396,-2.559620,11.037066
2026-09-18T00:39:39.278,1.065700,4444.000,-0.086286,-2.571787,11.216540
2026-09-18T00:39:39.478,0.930800,4444.000,-0.008522,-2.599417,11.394517
2026-09-18T00:39:39.678,0.811500,4444.000,-0.014914,-2.615214,11.574342
2026-09-18T00:39:39.878,0.925100,4102.000,-0.056459,-2.622371,11.752627
2026-09-18T00:39:40.078,0.707700,4210.000,0.117179,-2.634614,11.933323
2026-09-18T00:39:40.278,1.105700,4324.000,-0.006392,-2.652875,12.120272
2026-09-18T00:39:40.478,0.892500,4000.000,-0.007457,-2.658383,12.304460
2026-09-18T00:39:40.678,0.873000,4000.000,-0.047937,-2.675169,12.488806
2026-09-18T00:39:40.878,0.914400,4102.000,-0.014914,-2.678926,12.678894
2026-09-18T00:39:41.078,0.903600,4444.000,-0.063916,-2.687480,12.875298
2026-09-18T00:39:41.278,1.048000,4324.000,-0.044741,-2.691751,13.072593
2026-09-18T00:39:41.478,1.083800,3809.000,-0.147006,-2.704294,13.272451
2026-09-18T00:39:41.678,0.892400,4102.000,0.008522,-2.706950,13.464036
2026-09-18T00:39:41.878,0.755700,4210.000,0.135289,-2.713009,13.661612
2026-09-18T00:39:42.078,1.031000,4324.000,0.017044,-2.721746,13.856715
2026-09-18T00:39:42.278,0.962600,3809.000,-0.028762,-2.719609,14.048637
2026-09-18T00:39:42.478,0.878600,4210.000,0.022371,-2.725997,14.239166
2026-09-18T00:39:42.678,0.876400,4102.000,-0.015979,-2.736225,14.434374
2026-09-18T00:39:42.878,0.990000,4000.000,0.044741,-2.743464,14.626105
2026-09-18T00:39:43.078,1.156000,4571.000,0.002131,-2.741531,14.829753
2026-09-18T00:39:43.278,1.121700,4444.000,-0.102265,-2.750701,15.044411
2026-09-18T00:39:43.478,0.911200,4848.000,-0.036219,-2.750330,15.265254
2026-09-18T00:39:43.678,1.052800,4705.000,0.416518,-2.764397,15.494213
2026-09-18T00:39:43.878,1.180900,4444.000,0.101200,-2.858337,15.711793
2026-09-18T00:39:44.078,1.166300,5161.000,0.344080,-2.897373,15.952981
2026-09-18T00:39:44.278,1.113300,4000.000,0.438889,-2.959759,16.192741
2026-09-18T00:39:44.478,1.205100,4705.000,0.318514,-3.025133,16.409173
2026-09-18T00:39:44.678,1.291800,4571.000,0.392017,-3.075833,16.632394
2026-09-18T00:39:44.878,1.059300,5000.000,0.214118,3.135860,16.868584
2026-09-18T00:39:45.078,1.294700,5161.000,0.164051,3.088064,17.110996
2026-09-18T00:39:45.278,1.174100,5000.000,0.272708,3.027876,17.358739
2026-09-18T00:39:45.478,0.991700,4848.000,0.210922,2.978206,17.595986
2026-09-18T00:39:45.678,1.261900,5000.000,-0.055394,2.954396,17.832390
2026-09-18T00:39:45.878,1.116500,4705.000,0.011718,2.954251,18.064922
2026-09-18T00:39:46.078,1.122700,4848.000,0.171508,2.946396,18.299491
2026-09-18T00:39:46.278,0.960200,4444.000,0.028762,2.937620,18.528631
2026-09-18T00:39:46.478,0.950400,4444.000,-0.100135,2.936854,18.757228
2026-09-18T00:39:46.678,1.061400,4444.000,0.023436,2.932283,18.973380
2026-09-18T00:39:46.878,1.202300,4571.000,0.076699,2.907691,19.185687
2026-09-18T00:39:47.078,1.083200,4444.000,-0.033023,2.875919,19.406875
2026-09-18T00:39:47.278,0.957300,4102.000,0.469782,2.837128,19.629700
2026-09-18T00:39:47.478,1.078800,5161.000,0.535828,2.754126,19.856585
2026-09-18T00:39:47.678,1.133100,5000.000,0.362190,2.678831,20.075967
2026-09-18T00:39:47.878,1.242400,5333.000,-0.056459,2.626985,20.294391
2026-09-18T00:39:48.078,1.311500,5000.000,-0.083091,2.618508,20.520939
2026-09-18T00:39:48.278,1.056600,4848.000,0.144876,2.617101,20.739792
2026-09-18T00:39:48.478,1.110600,4848.000,0.030893,2.612668,20.956432
2026-09-18T00:39:48.678,1.283300,5161.000,-0.074569,2.597100,21.159623
2026-09-18T00:39:48.878,1.212400,5000.000,0.126766,2.596245,21.375430
2026-09-18T00:39:49.078,1.338500,5161.000,-0.106526,2.597766,21.588869
2026-09-18T00:39:49.278,0.729600,4848.000,-0.020240,2.610741,21.799033
2026-09-18T00:39:49.478,0.853800,4848.000,0.085221,2.612805,22.009277
2026-09-18T00:39:49.678,0.815500,4571.000,0.052198,2.605357,22.217311
2026-09-18T00:39:49.878,1.091700,4705.000,-0.043676,2.601467,22.417400
2026-09-18T00:39:50.078,1.037300,4324.000,-0.003196,2.606931,22.608878
2026-09-18T00:39:50.278,0.993800,4324.000,0.024501,2.614384,22.789281
2026-09-18T00:39:50.478,0.982200,4705.000,-0.092678,2.627352,22.978725
2026-09-18T00:39:50.678,1.244100,4444.000,0.002131,2.631020,23.174575
2026-09-18T00:39:50.878,1.274400,4324.000,-0.093743,2.643534,23.363190
2026-09-18T00:39:51.078,1.244700,4705.000,-0.020240,2.643942,23.551250
2026-09-18T00:39:51.278,1.230600,5000.000,-0.024501,2.658566,23.750188
2026-09-18T00:39:51.478,1.150000,5000.000,0.073503,2.654531,23.951025
2026-09-18T00:39:51.678,1.302000,4848.000,0.078830,2.645350,24.153426
2026-09-18T00:39:51.878,1.376400,5517.000,-0.176834,2.644160,24.388141
2026-09-18T00:39:52.078,1.256100,5714.000,-0.113983,2.657231,24.616948
2026-09-18T00:39:52.278,1.198500,5714.000,-0.050067,2.662135,24.844764
2026-09-18T00:39:52.478,1.400700,5161.000,0.030893,2.673754,25.064601
2026-09-18T00:39:52.678,1.154300,5000.000,-0.072438,2.677831,25.276733
2026-09-18T00:39:52.878,0.918600,4705.000,0.009587,2.681325,25.479911
2026-09-18T00:39:53.078,1.130200,4705.000,0.022371,2.689973,25.679159
2026-09-18T00:39:53.278,1.099200,4571.000,-0.047937,2.692880,25.879082
2026-09-18T00:39:53.478,1.036500,3902.000,-0.069242,2.700427,26.065343
2026-09-18T00:39:53.678,1.013000,4848.000,0.123571,2.687768,26.256104
2026-09-18T00:39:53.878,1.019400,4848.000,0.327036,2.644176,26.452403
2026-09-18T00:39:54.078,1.202200,4571.000,0.302535,2.577494,26.640773
2026-09-18T00:39:54.278,1.026400,3478.000,0.243946,2.535405,26.808647
2026-09-18T00:39:54.478,0.706200,4000.000,-0.055394,2.497497,26.907373
2026-09-18T00:39:54.678,0.820200,4210.000,0.116114,2.481743,27.025052
2026-09-18T00:39:54.878,0.937800,4210.000,0.108657,2.463337,27.161648
2026-09-18T00:39:55.078,0.940700,6153.000,-0.577373,2.448281,27.320919
2026-09-18T00:39:55.278,1.261800,5925.000,-0.252468,2.495952,27.516824
2026-09-18T00:39:55.478,1.288300,6400.000,-0.107592,2.511870,27.738983
2026-09-18T00:39:55.678,1.486600,7272.000,0.024501,2.522022,27.984184
2026-09-18T00:39:55.878,1.658500,7272.000,-0.132093,2.533458,28.252375
2026-09-18T00:39:56.078,1.513600,8000.000,-0.030893,2.551963,28.538145
2026-09-18T00:39:56.278,1.675900,8000.000,-0.013848,2.560270,28.847060
2026-09-18T00:39:56.478,2.018300,8421.000,0.020240,2.568152,29.172246
2026-09-18T00:39:56.678,2.097900,8000.000,0.058590,2.574879,29.508778
2026-09-18T00:39:56.878,2.067400,7619.000,-0.722249,2.673212,29.777396
2026-09-18T00:39:57.078,2.303800,8888.000,-0.838363,2.796794,30.161690
2026-09-18T00:39:57.278,2.393200,8421.000,-0.531567,2.985702,30.559856
2026-09-18T00:39:57.478,1.905100,6400.000,-0.945955,3.133267,30.942719
2026-09-18T00:39:57.678,1.569400,5161.000,-0.262055,-2.984632,31.155084
2026-09-18T00:39:57.878,1.666200,1927.000,-0.155529,-2.957697,31.167255
2026-09-18T00:39:58.078,1.272800,2424.000,0.241815,-2.964426,31.314951
2026-09-18T00:39:58.278,1.269700,5714.000,-0.056459,-2.961758,31.539680
2026-09-18T00:39:58.478,1.049300,6400.000,-0.074569,-2.933731,31.816040
2026-09-18T00:39:58.678,1.393000,5517.000,-0.045806,-2.919472,32.083559
2026-09-18T00:39:58.878,1.387300,5925.000,0.009587,-2.921440,32.380024
2026-09-18T00:39:59.078,1.270600,6666.000,-0.060720,-2.929147,32.674112
2026-09-18T00:39:59.278,1.486200,5333.000,0.043676,-2.967774,32.961647
2026-09-18T00:39:59.478,1.705100,5333.000,0.038350,-2.986905,33.213812
2026-09-18T00:39:59.678,1.072900,5925.000,0.144876,-3.020068,33.468157
2026-09-18T00:39:59.878,1.155600,5714.000,0.039415,-3.029261,33.741315
2026-09-18T00:40:00.078,1.375100,5000.000,0.059655,-3.031605,34.023564
2026-09-18T00:40:00.278,1.253000,5161.000,0.056459,-3.043668,34.250949
2026-09-18T00:40:00.478,0.993100,4102.000,0.082025,-3.053649,34.484393
2026-09-18T00:40:00.678,0.922400,2962.000,0.088417,-3.065587,34.672481
2026-09-18T00:40:00.878,0.280000,1720.000,0.085221,-3.074692,34.781500
2026-09-18T00:40:01.078,0.258100,-311.000,0.027697,-3.076171,34.748028
2026-09-18T00:40:01.278,0.560100,-1269.000,-0.018109,-3.073483,34.730390
2026-09-18T00:40:01.478,0.333100,-1240.000,0.007457,-3.070802,34.708148
2026-09-18T00:40:01.678,0.407200,-1280.000,-0.005326,-3.070786,34.686743
2026-09-18T00:40:01.878,0.219600,-958.000,-0.011718,-3.071264,34.686411
2026-09-18T00:40:02.078,0.133500,-723.000,-0.022371,-3.071016,34.705764
2026-09-18T00:40:02.278,0.123900,-594.000,-0.002131,-3.071239,34.726409
2026-09-18T00:40:02.478,0.095900,-446.000,-0.006392,-3.072857,34.745830
2026-09-18T00:40:02.678,0.023000,-361.000,0.000000,-3.074084,34.763596
2026-09-18T00:40:02.878,0.013200,-248.000,0.005326,-3.073624,34.770464
2026-09-18T00:40:03.078,0.044100,-248.000,0.000000,-3.073850,34.777261
2026-09-18T00:40:03.278,0.060000,-248.000,-0.001065,-3.073987,34.782822
2026-09-18T00:40:03.478,0.079600,0.000,0.000000,-3.074063,34.788189
2026-09-18T00:40:03.678,0.017500,0.000,0.000000,-3.074384,34.793129
2026-09-18T00:40:03.878,0.002200,0.000,0.000000,-3.074698,34.797039
2026-09-18T00:40:04.078,0.050700,0.000,0.000000,-3.075004,34.800777
2026-09-18T00:40:04.278,0.071700,0.000,0.000000,-3.075299,34.803443
2026-09-18T00:40:04.478,0.120900,0.000,0.000000,-3.075567,34.805056
2026-09-18T00:40:04.678,0.049400,0.000,0.000000,-3.075815,34.807072
2026-09-18T00:40:04.878,0.067100,0.000,0.000000,-3.076117,34.808684
2026-09-18T00:40:05.078,0.011700,0.000,0.000000,-3.076433,34.810138
2026-09-18T00:40:05.278,0.018400,0.000,0.000000,-3.076741,34.811672
2026-09-18T00:40:05.478,0.018900,0.000,0.000000,-3.077048,34.813942
2026-09-18T00:40:05.678,0.002200,0.000,0.000000,-3.077350,34.815693
2026-09-18T00:40:05.878,0.034400,0.000,0.000000,-3.077649,34.817059
2026-09-18T00:40:06.078,0.127100,0.000,0.000000,-3.077943,34.817451
2026-09-18T00:40:06.278,0.077400,0.000,0.000000,-3.078239,34.817779
2026-09-18T00:40:06.478,0.054900,0.000,0.000000,-3.078538,34.818393
2026-09-18T00:40:06.678,0.084300,0.000,0.000000,-3.078780,34.818604
2026-09-18T00:40:06.878,0.074400,0.000,0.000000,-3.079059,34.820738
2026-09-18T00:40:07.078,0.043800,0.000,0.000000,-3.079331,34.822328
2026-09-18T00:40:07.278,0.065000,0.000,0.000000,-3.079586,34.823353
2026-09-18T00:40:07.478,0.031400,0.000,0.000000,-3.079930,34.824608
2026-09-18T00:40:07.678,0.106800,0.000,0.000000,-3.080301,34.824767
2026-09-18T00:40:07.878,0.131500,0.000,0.000000,-3.080657,34.824981
2026-09-18T00:40:08.078,0.031600,0.000,0.000000,-3.081006,34.825272
2026-09-18T00:40:08.278,0.044400,0.000,0.000000,-3.081347,34.825343
2026-09-18T00:40:08.478,0.048100,0.000,0.000000,-3.081695,34.826872
2026-09-18T00:40:08.678,0.068700,0.000,0.000000,-3.082039,34.828159
2026-09-18T00:40:08.878,0.063500,0.000,0.000000,-3.082352,34.829370
2026-09-18T00:40:09.078,0.014000,0.000,0.000000,-3.082710,34.830228
2026-09-18T00:40:09.278,0.074700,0.000,0.000000,-3.083072,34.829932
2026-09-18T00:40:09.478,0.009800,0.000,0.000000,-3.083424,34.829775
2026-09-18T00:40:09.678,0.105300,0.000,0.000000,-3.083773,34.830134
2026-09-18T00:40:09.878,0.013900,0.000,0.000000,-3.084116,34.830102
2026-09-18T00:40:10.078,0.057100,0.000,0.000000,-3.084466,34.831662
2026-09-18T00:40:10.278,0.037700,0.000,0.000000,-3.084811,34.832574
2026-09-18T00:40:10.478,0.026300,0.000,0.000000,-3.085154,34.833426
2026-09-18T00:40:10.678,0.061800,0.000,0.000000,-3.085500,34.834580
2026-09-18T00:40:10.878,0.019700,0.000,0.000000,-3.085821,34.834637
2026-09-18T00:40:11.078,0.070000,0.000,0.000000,-3.086153,34.834820
2026-09-18T00:40:11.278,0.062200,0.000,0.000000,-3.086462,34.834502
2026-09-18T00:40:11.478,0.074200,0.000,0.000000,-3.086848,34.834822
2026-09-18T00:40:11.678,0.035000,0.000,0.000000,-3.087203,34.836252
2026-09-18T00:40:11.878,0.079100,0.000,0.000000,-3.087577,34.837626
2026-09-18T00:40:12.078,0.027500,0.000,0.000000,-3.087943,34.839015
2026-09-18T00:40:12.278,0.042600,0.000,0.000000,-3.088278,34.839739
2026-09-18T00:40:12.478,0.062400,0.000,0.000000,-3.088562,34.839854
2026-09-18T00:40:12.678,0.024000,0.000,0.000000,-3.088840,34.839872
2026-09-18T00:40:12.878,0.053200,0.000,0.000000,-3.089179,34.840090
2026-09-18T00:40:13.078,0.042200,0.000,0.000000,-3.089531,34.840729
2026-09-18T00:40:13.278,0.024200,0.000,0.000000,-3.089918,34.842224
2026-09-18T00:40:13.478,0.073800,0.000,0.000000,-3.090323,34.844135
2026-09-18T00:40:13.678,0.048400,0.000,0.000000,-3.090712,34.845542
2026-09-18T00:40:13.878,0.024200,0.000,0.000000,-3.091091,34.846858
2026-09-18T00:40:14.078,0.023000,0.000,0.000000,-3.091457,34.847117
2026-09-18T00:40:14.278,0.012000,0.000,0.000000,-3.091812,34.846494
2026-09-18T00:40:14.478,0.002200,0.000,0.000000,-3.092167,34.846323
2026-09-18T00:40:14.678,0.027700,0.000,0.000000,-3.092522,34.846519
2026-09-18T00:40:14.878,0.024100,0.000,0.000000,-3.092858,34.847509
2026-09-18T00:40:15.078,0.041300,0.000,0.000000,-3.093194,34.848873
2026-09-18T00:40:15.278,0.026600,0.000,0.000000,-3.093544,34.849577
2026-09-18T00:40:15.478,0.028600,0.000,0.000000,-3.093935,34.850626
2026-09-18T00:40:15.678,0.053800,0.000,0.000000,-3.094306,34.850822
2026-09-18T00:40:15.878,0.076500,0.000,0.000000,-3.094646,34.850977
2026-09-18T00:40:16.078,0.053000,0.000,0.000000,-3.095007,34.851278
2026-09-18T00:40:16.278,0.031800,0.000,0.000000,-3.095359,34.851176
2026-09-18T00:40:16.478,0.097600,0.000,0.000000,-3.095689,34.851788
2026-09-18T00:40:16.678,0.042400,0.000,0.000000,-3.096042,34.852676
2026-09-18T00:40:16.878,0.047900,0.000,0.000000,-3.096372,34.853499
2026-09-18T00:40:17.078,0.038100,0.000,0.000000,-3.096671,34.854949
2026-09-18T00:40:17.278,0.083600,0.000,0.000000,-3.097057,34.854983
2026-09-18T00:40:17.478,0.035800,438.000,0.018109,-3.096075,34.854689
2026-09-18T00:40:17.678,0.248700,1081.000,0.000000,-3.095694,34.885172
2026-09-18T00:40:17.878,0.392500,2025.000,-0.007457,-3.099747,34.941806
2026-09-18T00:40:18.078,0.629400,3333.000,0.043676,-3.102514,35.055240
2026-09-18T00:40:18.278,0.952700,4444.000,-0.035154,-3.115027,35.227512
2026-09-18T00:40:18.478,0.981800,4848.000,0.006392,-3.115496,35.428991
2026-09-18T00:40:18.678,1.199000,5333.000,-0.801079,-3.051893,35.660088
2026-09-18T00:40:18.878,1.243100,4848.000,-0.631702,-2.922821,35.883877
2026-09-18T00:40:19.078,0.872000,2622.000,-0.520914,-2.822010,36.046976
2026-09-18T00:40:19.278,0.580600,2666.000,-0.266316,-2.750893,36.119326
2026-09-18T00:40:19.478,0.478200,1739.000,-0.156594,-2.706103,36.204086
2026-09-18T00:40:19.678,0.343200,1280.000,-0.139550,-2.673980,36.260474
2026-09-18T00:40:19.878,0.144300,1649.000,-0.103331,-2.649608,36.317496
2026-09-18T00:40:20.078,0.288100,1259.000,-0.155529,-2.620257,36.363136
2026-09-18T00:40:20.278,0.328100,1860.000,-0.205596,-2.584969,36.417313
2026-09-18T00:40:20.478,0.480400,2388.000,-0.270577,-2.538017,36.493628
2026-09-18T00:40:20.678,0.663100,3076.000,-0.350472,-2.477323,36.591805
2026-09-18T00:40:20.878,0.566400,3265.000,-0.416518,-2.407475,36.698619
2026-09-18T00:40:21.078,0.740600,3333.000,-0.417584,-2.333325,36.809955
2026-09-18T00:40:21.278,0.692400,3265.000,-0.360059,-2.256917,36.913050
2026-09-18T00:40:21.478,0.722500,3333.000,-0.319579,-2.184691,36.999788
2026-09-18T00:40:21.678,0.596800,3137.000,-0.348341,-2.111434,37.072385
2026-09-18T00:40:21.878,0.662700,2962.000,-0.367516,-2.043523,37.130383
2026-09-18T00:40:22.078,0.657100,2000.000,-0.077764,-1.983271,37.172016
2026-09-18T00:40:22.278,0.510800,2962.000,-0.108657,-1.972936,37.197399
2026-09-18T00:40:22.478,0.447800,1300.000,-0.040480,-1.957212,37.218572
2026-09-18T00:40:22.678,0.395200,1467.000,-0.018109,-1.946160,37.230378
2026-09-18T00:40:22.878,0.334900,1739.000,-0.031958,-1.938673,37.241406
2026-09-18T00:40:23.078,0.308600,1509.000,-0.029827,-1.931996,37.250203
2026-09-18T00:40:23.278,0.327600,1250.000,-0.024501,-1.926266,37.254556
2026-09-18T00:40:23.478,0.272300,993.000,-0.013848,-1.920130,37.249419
2026-09-18T00:40:23.678,0.202000,1167.000,-0.009587,-1.916410,37.249783
2026-09-18T00:40:23.878,0.251200,1212.000,-0.046872,-1.910087,37.247033
2026-09-18T00:40:24.078,0.439100,2461.000,-0.078830,-1.899351,37.251811
2026-09-18T00:40:24.278,0.808800,4102.000,-0.068177,-1.884541,37.285994
2026-09-18T00:40:24.478,1.189600,5517.000,-0.116114,-1.869062,37.339798
2026-09-18T00:40:24.678,1.386700,6400.000,-0.088417,-1.848417,37.397305
2026-09-18T00:40:24.878,1.495900,6666.000,-0.110788,-1.832332,37.455507
2026-09-18T00:40:25.078,1.441500,6666.000,-0.120375,-1.816410,37.511256
2026-09-18T00:40:25.278,1.460800,6666.000,-0.105461,-1.803311,37.561639
2026-09-18T00:40:25.478,1.391900,6400.000,-0.099070,-1.786067,37.606449
2026-09-18T00:40:25.678,1.453400,6153.000,-0.086286,-1.775649,37.646044
2026-09-18T00:40:25.878,1.355900,6153.000,-0.117179,-1.762618,37.682614
2026-09-18T00:40:26.078,1.293300,6153.000,-0.036219,-1.754705,37.715895
2026-09-18T00:40:26.278,1.342900,5925.000,-0.161920,-1.746076,37.747579
2026-09-18T00:40:26.478,1.263600,6153.000,-0.073503,-1.744388,37.777725
2026-09-18T00:40:26.678,1.309200,5925.000,-0.076699,-1.735836,37.810276
2026-09-18T00:40:26.878,1.312200,6153.000,0.022371,-1.729265,37.840026
2026-09-18T00:40:27.078,1.326200,6666.000,0.002131,-1.722641,37.872314
2026-09-18T00:40:27.278,1.519400,6666.000,-0.075634,-1.718539,37.905786
2026-09-18T00:40:27.478,1.766600,6956.000,-0.054328,-1.709972,37.938602
2026-09-18T00:40:27.678,1.304200,6956.000,-0.057524,-1.705783,37.970944
2026-09-18T00:40:27.878,1.819100,6956.000,-0.040480,-1.709143,38.002403
2026-09-18T00:40:28.078,1.409400,6153.000,0.611462,-1.759428,38.035830
2026-09-18T00:40:28.278,1.717400,6400.000,0.804275,-1.911621,38.100669
2026-09-18T00:40:28.478,1.776100,6666.000,0.976847,-2.080388,38.216529
2026-09-18T00:40:28.678,1.699600,6666.000,0.815993,-2.256528,38.389273
2026-09-18T00:40:28.878,1.877100,6666.000,0.792557,-2.428035,38.612858
2026-09-18T00:40:29.078,1.948500,6956.000,0.875647,-2.611637,38.873655
2026-09-18T00:40:29.278,1.918300,6956.000,0.908671,-2.800163,39.171739
2026-09-18T00:40:29.478,1.831900,6956.000,0.812797,-2.979537,39.485518
2026-09-18T00:40:29.678,1.713200,7272.000,0.502805,-3.099825,39.813650
2026-09-18T00:40:29.878,1.797900,7272.000,0.579504,3.078349,40.146516
2026-09-18T00:40:30.078,1.700400,7619.000,-0.598679,3.087169,40.489006
2026-09-18T00:40:30.278,1.613300,7272.000,-0.693487,-3.070541,40.825647
2026-09-18T00:40:30.478,1.588100,6956.000,-0.605070,-2.949726,41.143190
2026-09-18T00:40:30.678,1.183300,6666.000,-0.626375,-2.827967,41.444234
2026-09-18T00:40:30.878,1.444100,6666.000,-0.645550,-2.706138,41.728247
2026-09-18T00:40:31.078,1.475800,6666.000,-0.665790,-2.584448,41.994576
2026-09-18T00:40:31.278,1.331000,6956.000,-0.790426,-2.466171,42.241417
2026-09-18T00:40:31.478,1.401900,6956.000,-0.699879,-2.330496,42.469700
2026-09-18T00:40:31.678,1.358200,6666.000,-0.777643,-2.198878,42.664599
2026-09-18T00:40:31.878,1.401000,6956.000,-0.716923,-2.070557,42.821727
2026-09-18T00:40:32.078,1.496800,6956.000,-0.725445,-1.930669,42.941754
2026-09-18T00:40:32.278,1.396000,6666.000,-0.644485,-1.795888,43.022161
2026-09-18T00:40:32.478,1.438700,6956.000,-0.665790,-1.666130,43.056355
2026-09-18T00:40:32.678,1.478500,6666.000,-0.801079,-1.526447,43.048667
2026-09-18T00:40:32.878,1.504900,6666.000,-0.840494,-1.389111,42.998168
2026-09-18T00:40:33.078,1.446600,6666.000,-0.727576,-1.249406,42.906911
2026-09-18T00:40:33.278,1.505200,6956.000,-0.704140,-1.112838,42.778756
2026-09-18T00:40:33.478,1.189600,6666.000,-0.751011,-0.974835,42.615438
2026-09-18T00:40:33.678,1.180000,6666.000,-0.716923,-0.835550,42.420556
2026-09-18T00:40:33.878,1.581200,6666.000,-0.808536,-0.694047,42.202504
2026-09-18T00:40:34.078,1.307400,6666.000,-0.749946,-0.550306,41.960114
2026-09-18T00:40:34.278,1.333000,6666.000,-0.851146,-0.406211,41.700017
2026-09-18T00:40:34.478,1.378100,6666.000,-0.732902,-0.260426,41.419478
2026-09-18T00:40:34.678,1.319300,6956.000,-0.772317,-0.107090,41.134370
2026-09-18T00:40:34.878,1.073800,6666.000,-0.680704,0.042078,40.839170
2026-09-18T00:40:35.078,1.336400,6666.000,-0.740359,0.191761,40.556555
2026-09-18T00:40:35.278,1.439200,6666.000,-0.696683,0.344439,40.280477
2026-09-18T00:40:35.478,1.457200,6956.000,-0.778708,0.498091,40.016160
2026-09-18T00:40:35.678,1.531400,6666.000,-0.879908,0.652263,39.773916
2026-09-18T00:40:35.878,1.367400,6956.000,-0.773382,0.808952,39.558521
2026-09-18T00:40:36.078,1.538100,6666.000,-0.680704,0.964309,39.374390
2026-09-18T00:40:36.278,1.439300,6666.000,-0.692422,1.119832,39.230421
2026-09-18T00:40:36.478,1.225200,6956.000,-0.840494,1.279523,39.125332
2026-09-18T00:40:36.678,1.495900,6666.000,-0.158724,1.438691,39.063754
2026-09-18T00:40:36.878,1.411700,6956.000,-0.049002,1.469332,39.024889
2026-09-18T00:40:37.078,1.507500,6666.000,-0.033023,1.484320,38.989724
2026-09-18T00:40:37.278,1.469500,6666.000,-0.053263,1.499997,38.957937
2026-09-18T00:40:37.478,1.361100,6956.000,-0.102265,1.511580,38.932979
2026-09-18T00:40:37.678,1.507600,6666.000,-0.034088,1.533236,38.913857
2026-09-18T00:40:37.878,1.455000,6400.000,-0.045806,1.551333,38.902614
2026-09-18T00:40:38.078,1.624400,6666.000,0.023436,1.569373,38.897156
2026-09-18T00:40:38.278,1.630900,6666.000,0.241815,1.579170,38.895938
2026-09-18T00:40:38.478,1.522500,5925.000,0.761664,1.458165,38.882203
2026-09-18T00:40:38.678,1.579300,6666.000,0.862864,1.300243,38.830709
2026-09-18T00:40:38.878,1.618100,6666.000,0.868191,1.133642,38.733580
2026-09-18T00:40:39.078,1.961400,6666.000,0.909736,0.961639,38.589781
2026-09-18T00:40:39.278,1.675700,6666.000,0.859668,0.787315,38.403284
2026-09-18T00:40:39.478,1.650300,6956.000,0.578439,0.669449,38.175344
2026-09-18T00:40:39.678,1.721100,6956.000,0.257794,0.612056,37.922658
2026-09-18T00:40:39.878,1.500100,7272.000,-0.642354,0.661664,37.656323
2026-09-18T00:40:40.078,1.567400,6956.000,-0.618919,0.795556,37.409891
2026-09-18T00:40:40.278,1.416600,6956.000,-0.697748,0.932796,37.195589
2026-09-18T00:40:40.478,1.219600,6666.000,-0.632767,1.059723,37.016297
2026-09-18T00:40:40.678,1.498900,6666.000,-0.680704,1.199008,36.877452
2026-09-18T00:40:40.878,1.431300,6666.000,-0.563525,1.328950,36.777594
2026-09-18T00:40:41.078,1.407900,6666.000,-0.591222,1.466503,36.716107
2026-09-18T00:40:41.278,1.322300,6956.000,-0.707336,1.618737,36.700839
2026-09-18T00:40:41.478,1.455900,6666.000,-0.573112,1.769414,36.732218
2026-09-18T00:40:41.678,1.564100,6666.000,-0.611462,1.921256,36.807972
2026-09-18T00:40:41.878,1.444000,6666.000,-0.795753,2.071570,36.931237
2026-09-18T00:40:42.078,1.374800,6666.000,-0.753142,2.230092,37.102248
2026-09-18T00:40:42.278,1.447000,6666.000,-0.709466,2.379368,37.310844
2026-09-18T00:40:42.478,1.549700,6666.000,-0.797883,2.533892,37.557364
2026-09-18T00:40:42.678,1.390400,6956.000,-0.751011,2.683858,37.839312
2026-09-18T00:40:42.878,1.408000,6666.000,-0.756338,2.838158,38.147113
2026-09-18T00:40:43.078,1.495500,6956.000,-0.758468,2.990620,38.468544
2026-09-18T00:40:43.278,1.441800,6956.000,-0.726510,3.139841,38.801748
2026-09-18T00:40:43.478,1.426400,6956.000,-0.803209,-2.994050,39.141532
2026-09-18T00:40:43.678,1.278000,6956.000,-0.706270,-2.842756,39.474238
2026-09-18T00:40:43.878,1.206900,6666.000,-0.758468,-2.695083,39.793903
2026-09-18T00:40:44.078,1.334800,6666.000,-0.728641,-2.549509,40.091569
2026-09-18T00:40:44.278,1.542100,6956.000,-0.753142,-2.410623,40.360575
2026-09-18T00:40:44.478,1.396500,6666.000,-0.710531,-2.260769,40.590182
2026-09-18T00:40:44.678,1.265200,6956.000,-0.666856,-2.115303,40.782636
2026-09-18T00:40:44.878,1.542400,6666.000,-0.137419,-1.981690,40.935300
2026-09-18T00:40:45.078,1.464900,6956.000,-0.262055,-1.956140,41.053644
2026-09-18T00:40:45.278,1.572300,6666.000,-0.177899,-1.923684,41.162758
2026-09-18T00:40:45.478,1.491100,6666.000,-0.158724,-1.888532,41.256450
2026-09-18T00:40:45.678,1.511600,6956.000,-0.135289,-1.863416,41.342084
2026-09-18T00:40:45.878,1.384100,6956.000,-0.166181,-1.840325,41.417970
2026-09-18T00:40:46.078,1.397000,6666.000,-0.089482,-1.815873,41.485073
2026-09-18T00:40:46.278,1.575400,6666.000,-0.165116,-1.795063,41.541432
2026-09-18T00:40:46.478,1.389100,6666.000,0.256729,-1.813249,41.594116
2026-09-18T00:40:46.678,1.472000,6666.000,0.292948,-1.870920,41.658069
2026-09-18T00:40:46.878,1.545200,6666.000,0.472977,-1.960581,41.742639
2026-09-18T00:40:47.078,1.754300,6666.000,0.596548,-2.091309,41.856615
2026-09-18T00:40:47.278,1.621100,6956.000,0.613592,-2.237518,42.009750
2026-09-18T00:40:47.478,1.568700,6666.000,0.688161,-2.385850,42.202653
2026-09-18T00:40:47.678,1.777900,6956.000,0.759534,-2.542486,42.427656
2026-09-18T00:40:47.878,1.828600,6666.000,0.676443,-2.691583,42.685665
2026-09-18T00:40:48.078,1.717300,6956.000,0.716923,-2.850842,42.967856
2026-09-18T00:40:48.278,1.583700,6666.000,0.761664,-3.011884,43.265694
2026-09-18T00:40:48.478,1.761800,6956.000,0.773382,3.114016,43.569171
2026-09-18T00:40:48.678,1.804800,6666.000,0.833037,2.949590,43.871923
2026-09-18T00:40:48.878,1.526700,6956.000,0.863929,2.784497,44.169368
2026-09-18T00:40:49.078,1.961400,6666.000,0.742489,2.620332,44.448634
2026-09-18T00:40:49.278,1.787300,6666.000,0.823449,2.453655,44.701733
2026-09-18T00:40:49.478,1.787000,6666.000,0.807470,2.289950,44.920908
2026-09-18T00:40:49.678,1.892500,6956.000,0.844755,2.116222,45.097501
2026-09-18T00:40:49.878,1.772100,6666.000,0.822384,1.950142,45.236439
2026-09-18T00:40:50.078,1.718600,6956.000,0.890561,1.784659,45.326614
2026-09-18T00:40:50.278,1.781600,6666.000,0.825580,1.609173,45.365858
2026-09-18T00:40:50.478,1.708100,6666.000,0.866060,1.439405,45.352655
2026-09-18T00:40:50.678,1.751200,6666.000,0.969391,1.267184,45.286360
2026-09-18T00:40:50.878,1.792400,6666.000,0.817058,1.090272,45.170416
2026-09-18T00:40:51.078,1.659000,6956.000,0.413323,0.922183,45.011464
2026-09-18T00:40:51.278,1.790700,6956.000,0.220510,0.880211,44.815033
2026-09-18T00:40:51.478,1.391800,6956.000,0.151268,0.846974,44.604117
2026-09-18T00:40:51.678,1.361300,6666.000,0.046872,0.827919,44.390557
2026-09-18T00:40:51.878,1.562200,6666.000,0.093743,0.823483,44.177941
2026-09-18T00:40:52.078,1.430700,6666.000,0.014914,0.815469,43.960908
2026-09-18T00:40:52.278,1.542200,6666.000,0.049002,0.800951,43.737508
2026-09-18T00:40:52.478,1.413100,6956.000,-0.034088,0.790693,43.509747
2026-09-18T00:40:52.678,1.602500,6956.000,0.033023,0.792582,43.282471
2026-09-18T00:40:52.878,1.340000,6666.000,0.039415,0.791848,43.055715
2026-09-18T00:40:53.078,1.449300,6666.000,0.058590,0.779460,42.832639
2026-09-18T00:40:53.278,1.594300,6666.000,0.017044,0.774900,42.608591
2026-09-18T00:40:53.478,1.363200,6956.000,0.011718,0.764180,42.382017
2026-09-18T00:40:53.678,1.464200,6666.000,-0.004261,0.762616,42.148829
2026-09-18T00:40:53.878,1.358500,6666.000,0.005326,0.766312,41.922528
2026-09-18T00:40:54.078,1.579000,6666.000,0.084156,0.765853,41.692530
2026-09-18T00:40:54.278,1.549200,6666.000,0.001065,0.759664,41.464120
2026-09-18T00:40:54.478,1.511000,6956.000,0.103331,0.757934,41.234939
2026-09-18T00:40:54.678,1.573300,6666.000,0.037284,0.756493,41.002429
2026-09-18T00:40:54.878,1.642200,6666.000,0.038350,0.760204,40.772355
2026-09-18T00:40:55.078,1.482900,6956.000,0.017044,0.762039,40.541891
2026-09-18T00:40:55.278,1.351200,6956.000,0.061785,0.760973,40.309743
2026-09-18T00:40:55.478,1.578000,6666.000,0.206661,0.757005,40.083952
2026-09-18T00:40:55.678,1.427100,6666.000,0.001065,0.759543,39.857076
2026-09-18T00:40:55.878,1.460800,6666.000,-0.129962,0.767537,39.635918
2026-09-18T00:40:56.078,1.364400,6956.000,-0.080960,0.781592,39.419505
2026-09-18T00:40:56.278,1.283800,6400.000,-0.001065,0.779122,39.205112
2026-09-18T00:40:56.478,1.395500,6666.000,-0.004261,0.780672,39.000483
2026-09-18T00:40:56.678,1.326300,6400.000,-0.021305,0.781866,38.793535
2026-09-18T00:40:56.878,1.409600,6666.000,0.025566,0.786484,38.586038
2026-09-18T00:40:57.078,1.467200,6666.000,-0.014914,0.791711,38.374245
2026-09-18T00:40:57.278,1.607600,6956.000,-0.052198,0.800325,38.158678
2026-09-18T00:40:57.478,1.406800,6666.000,-0.035154,0.805816,37.942457
2026-09-18T00:40:57.678,1.531000,6666.000,0.011718,0.814315,37.734461
2026-09-18T00:40:57.878,1.355400,6666.000,0.040480,0.820590,37.533534
2026-09-18T00:40:58.078,1.461800,6666.000,-0.013848,0.821092,37.335811
2026-09-18T00:40:58.278,1.574100,6956.000,0.009587,0.829099,37.134618
2026-09-18T00:40:58.478,1.529300,6666.000,0.044741,0.831708,36.937551
2026-09-18T00:40:58.678,1.573400,6666.000,-0.075634,0.839244,36.733233
2026-09-18T00:40:58.878,1.725800,6153.000,-0.110788,0.846355,36.536076
2026-09-18T00:40:59.078,1.368100,6153.000,-0.036219,0.853568,36.341652
2026-09-18T00:40:59.278,1.342500,6153.000,-0.010653,0.874878,36.149554
2026-09-18T00:40:59.478,1.152400,5517.000,-0.008522,0.882500,35.984308
2026-09-18T00:40:59.678,1.096600,5000.000,0.019175,0.883036,35.847969
2026-09-18T00:40:59.878,0.995300,4324.000,0.128897,0.882905,35.713922
2026-09-18T00:41:00.078,0.957500,4102.000,0.019175,0.881700,35.607529
2026-09-18T00:41:00.278,0.893100,3333.000,0.040480,0.882456,35.509115
2026-09-18T00:41:00.478,0.630300,3404.000,0.037284,0.879931,35.420807
2026-09-18T00:41:00.678,0.810200,2807.000,-0.002131,0.877582,35.338553
2026-09-18T00:41:00.878,0.569200,2711.000,-0.015979,0.882120,35.266117
2026-09-18T00:41:01.078,0.475000,2318.000,-0.218379,0.887013,35.205138
2026-09-18T00:41:01.278,0.449000,2000.000,-0.154463,0.925876,35.150771
2026-09-18T00:41:01.478,0.381700,1616.000,-0.149137,0.957811,35.107183
2026-09-18T00:41:01.678,0.254000,1632.000,-0.105461,0.982735,35.075340
2026-09-18T00:41:01.878,0.264700,1379.000,-0.142745,1.007825,35.035412
2026-09-18T00:41:02.078,0.424200,2461.000,-0.245011,1.046330,34.991332
2026-09-18T00:41:02.278,0.668300,2424.000,-0.006392,1.098712,34.937437
2026-09-18T00:41:02.478,0.632000,3076.000,-0.072438,1.108682,34.896892
2026-09-18T00:41:02.678,0.340800,1379.000,-0.088417,1.121824,34.858061
2026-09-18T00:41:02.878,0.322100,1344.000,-0.028762,1.137185,34.832606
2026-09-18T00:41:03.078,0.338100,1230.000,-0.028762,1.146730,34.827290
2026-09-18T00:41:03.278,0.213200,952.000,-0.012783,1.153065,34.824700
2026-09-18T00:41:03.478,0.193000,645.000,-0.010653,1.157008,34.829762
2026-09-18T00:41:03.678,0.158500,418.000,-0.004261,1.158689,34.828305
2026-09-18T00:41:03.878,0.035200,274.000,0.000000,1.159628,34.827262
2026-09-18T00:41:04.078,0.051500,154.000,0.002131,1.159691,34.826690
2026-09-18T00:41:04.278,0.063700,154.000,0.000000,1.159360,34.826777
2026-09-18T00:41:04.478,0.018100,154.000,0.001065,1.158857,34.826840
2026-09-18T00:41:04.678,0.020400,0.000,0.000000,1.158502,34.826962
2026-09-18T00:41:04.878,0.042500,0.000,0.000000,1.158192,34.826974
2026-09-18T00:41:05.078,0.066200,0.000,0.000000,1.157920,34.826631
2026-09-18T00:41:05.278,0.029500,0.000,0.000000,1.157630,34.826678
2026-09-18T00:41:05.478,0.019000,0.000,0.000000,1.157350,34.826660
2026-09-18T00:41:05.678,0.071800,0.000,0.000000,1.157071,34.826658
2026-09-18T00:41:05.878,0.013600,0.000,0.000000,1.156768,34.827046
2026-09-18T00:41:06.078,0.010000,0.000,0.000000,1.156451,34.827661
2026-09-18T00:41:06.278,0.008600,0.000,0.000000,1.156147,34.828159
2026-09-18T00:41:06.478,0.046200,0.000,0.000000,1.155886,34.828459
2026-09-18T00:41:06.678,0.023300,0.000,0.000000,1.155581,34.828317
2026-09-18T00:41:06.878,0.001000,0.000,0.000000,1.155287,34.828192
2026-09-18T00:41:07.078,0.069100,0.000,0.000000,1.154999,34.828096
2026-09-18T00:41:07.278,0.032900,0.000,0.000000,1.154705,34.828148
2026-09-18T00:41:07.478,0.016200,0.000,0.000000,1.154383,34.828626
2026-09-18T00:41:07.678,0.070500,0.000,0.000000,1.154064,34.829057
2026-09-18T00:41:07.878,0.056600,0.000,0.000000,1.153738,34.829545
2026-09-18T00:41:08.078,0.055000,0.000,0.000000,1.153423,34.829853
2026-09-18T00:41:08.278,0.048000,0.000,0.000000,1.153142,34.829791
2026-09-18T00:41:08.478,0.025700,0.000,0.000000,1.152847,34.829566
2026-09-18T00:41:08.678,0.019400,0.000,0.000000,1.152554,34.829475
2026-09-18T00:41:08.878,0.037600,0.000,0.000000,1.152265,34.829343
2026-09-18T00:41:09.078,0.020500,0.000,0.000000,1.152001,34.829606
2026-09-18T00:41:09.278,0.054700,0.000,0.000000,1.151673,34.830257
2026-09-18T00:41:09.478,0.036600,0.000,0.000000,1.151242,34.831465
2026-09-18T00:41:09.678,0.057300,0.000,0.000000,1.150849,34.832190
2026-09-18T00:41:09.878,0.035500,0.000,0.000000,1.150496,34.832332
2026-09-18T00:41:10.078,0.055700,0.000,0.000000,1.150152,34.832382
2026-09-18T00:41:10.278,0.027200,0.000,0.000000,1.149840,34.832546
2026-09-18T00:41:10.478,0.020100,0.000,0.000000,1.149518,34.832698
2026-09-18T00:41:10.678,0.003000,0.000,0.000000,1.149124,34.833043
2026-09-18T00:41:10.878,0.011000,0.000,0.000000,1.148739,34.833108
2026-09-18T00:41:11.078,0.017800,0.000,0.000000,1.148365,34.833205
2026-09-18T00:41:11.278,0.066300,0.000,0.000000,1.147994,34.833405
2026-09-18T00:41:11.478,0.038000,0.000,0.000000,1.147649,34.833295
2026-09-18T00:41:11.678,0.019700,0.000,0.000000,1.147314,34.833075
2026-09-18T00:41:11.878,0.019800,0.000,0.000000,1.146967,34.833107
2026-09-18T00:41:12.078,0.004500,0.000,0.000000,1.146616,34.833196
2026-09-18T00:41:12.278,0.016600,0.000,0.000000,1.146253,34.833506
2026-09-18T00:41:12.478,0.009200,0.000,0.000000,1.146014,34.833827
2026-09-18T00:41:12.678,0.042600,0.000,0.000000,1.145717,34.834251
2026-09-18T00:41:12.878,0.013000,0.000,0.000000,1.145334,34.834502
2026-09-18T00:41:13.078,0.019100,0.000,0.000000,1.145040,34.834724
2026-09-18T00:41:13.278,0.006300,0.000,0.000000,1.144699,34.834626
2026-09-18T00:41:13.478,0.034000,0.000,0.000000,1.144407,34.834694
2026-09-18T00:41:13.678,0.031100,0.000,0.000000,1.144082,34.834686
2026-09-18T00:41:13.878,0.027900,0.000,0.000000,1.143687,34.834934
2026-09-18T00:41:14.078,0.014800,0.000,0.000000,1.143332,34.835441
2026-09-18T00:41:14.278,0.053900,0.000,0.000000,1.142919,34.835964
2026-09-18T00:41:14.478,0.037500,0.000,0.000000,1.142528,34.836224
2026-09-18T00:41:14.678,0.020000,0.000,0.000000,1.142214,34.836354
2026-09-18T00:41:14.878,0.063600,0.000,0.000000,1.141789,34.836230
2026-09-18T00:41:15.078,0.026100,0.000,0.000000,1.141370,34.836082
2026-09-18T00:41:15.278,0.034500,0.000,0.000000,1.140960,34.836231
2026-09-18T00:41:15.478,0.004500,0.000,0.000000,1.140581,34.836191
2026-09-18T00:41:15.678,0.010300,0.000,0.000000,1.140183,34.836649
2026-09-18T00:41:15.878,0.034200,0.000,0.000000,1.139794,34.837118
2026-09-18T00:41:16.078,0.024400,0.000,0.000000,1.139418,34.837463
2026-09-18T00:41:16.278,0.048000,0.000,0.000000,1.139035,34.837967
2026-09-18T00:41:16.478,0.026200,0.000,0.000000,1.138664,34.838661
2026-09-18T00:41:16.678,0.007800,0.000,0.000000,1.138363,34.838722
2026-09-18T00:41:16.878,0.038300,0.000,0.000000,1.137980,34.838658
2026-09-18T00:41:17.078,0.025700,0.000,0.000000,1.137601,34.838762
2026-09-18T00:41:17.278,0.028300,0.000,0.000000,1.137203,34.839347
2026-09-18T00:41:17.478,0.032100,0.000,0.000000,1.136814,34.839910
2026-09-18T00:41:17.678,0.039200,0.000,0.000000,1.136431,34.840431
2026-09-18T00:41:17.878,0.046600,0.000,0.000000,1.136062,34.840793
2026-09-18T00:41:18.078,0.047800,0.000,0.000000,1.135691,34.841224
2026-09-18T00:41:18.278,0.037200,0.000,0.000000,1.135352,34.841134
2026-09-18T00:41:18.478,0.049200,0.000,0.000000,1.135006,34.841174
2026-09-18T00:41:18.678,0.026100,0.000,0.000000,1.134716,34.840837
2026-09-18T00:41:18.878,0.017000,0.000,0.000000,1.134372,34.841039
2026-09-18T00:41:19.078,0.009100,0.000,0.000000,1.133994,34.841083
2026-09-18T00:41:19.278,0.054700,0.000,0.000000,1.133607,34.841403
2026-09-18T00:41:19.478,0.008500,0.000,0.000000,1.133239,34.841526
2026-09-18T00:41:19.678,0.042400,0.000,0.000000,1.132892,34.841379
2026-09-18T00:41:19.878,0.035000,0.000,0.000000,1.132544,34.841278
2026-09-18T00:41:20.078,0.041200,0.000,0.000000,1.132188,34.841350
2026-09-18T00:41:20.278,0.023300,0.000,0.000000,1.131823,34.841585
2026-09-18T00:41:20.478,0.047000,0.000,0.000000,1.131449,34.841997
2026-09-18T00:41:20.678,0.040100,0.000,0.000000,1.131093,34.842411
2026-09-18T00:41:20.878,0.012400,0.000,0.000000,1.130780,34.842630
2026-09-18T00:41:21.078,0.012600,0.000,0.000000,1.130409,34.843010
2026-09-18T00:41:21.278,0.011400,0.000,0.000000,1.130016,34.842982
2026-09-18T00:41:21.478,0.016100,0.000,0.000000,1.129649,34.842835
2026-09-18T00:41:21.678,0.027300,0.000,0.000000,1.129285,34.842810
2026-09-18T00:41:21.878,0.036100,0.000,0.000000,1.128924,34.842884
2026-09-18T00:41:22.078,0.048300,0.000,0.000000,1.128541,34.843405
2026-09-18T00:41:22.278,0.011200,0.000,0.000000,1.128187,34.843900
2026-09-18T00:41:22.478,0.050600,0.000,0.000000,1.127808,34.844377
2026-09-18T00:41:22.678,0.017100,0.000,0.000000,1.127483,34.844718
2026-09-18T00:41:22.878,0.018400,0.000,0.000000,1.127163,34.844471
2026-09-18T00:41:23.078,0.007800,0.000,0.000000,1.126836,34.844301
2026-09-18T00:41:23.278,0.036600,0.000,0.000000,1.126501,34.844383
2026-09-18T00:41:23.478,0.046800,0.000,0.000000,1.126116,34.844392
2026-09-18T00:41:23.678,0.009000,0.000,0.000000,1.125723,34.844770
2026-09-18T00:41:23.878,0.019100,0.000,0.000000,1.125324,34.845408
2026-09-18T00:41:24.078,0.008500,0.000,0.000000,1.124943,34.845851
2026-09-18T00:41:24.278,0.018700,0.000,0.000000,1.124561,34.846390
2026-09-18T00:41:24.478,0.015000,0.000,0.000000,1.124209,34.846456
2026-09-18T00:41:24.678,0.033000,0.000,0.000000,1.123862,34.846496
2026-09-18T00:41:24.878,0.047700,0.000,0.000000,1.123517,34.846501
2026-09-18T00:41:25.078,0.024400,0.000,0.000000,1.123210,34.846179
2026-09-18T00:41:25.278,0.012000,0.000,0.000000,1.122863,34.846716
2026-09-18T00:41:25.478,0.050300,0.000,0.000000,1.122475,34.846990
2026-09-18T00:41:25.678,0.059000,0.000,0.000000,1.122104,34.847132
2026-09-18T00:41:25.878,0.006100,0.000,0.000000,1.121725,34.847495
2026-09-18T00:41:26.078,0.025500,0.000,0.000000,1.121378,34.847422
2026-09-18T00:41:26.278,0.017500,0.000,0.000000,1.121016,34.847635
2026-09-18T00:41:26.478,0.019400,0.000,0.000000,1.120675,34.847536
2026-09-18T00:41:26.678,0.022800,0.000,0.000000,1.120332,34.847479
2026-09-18T00:41:26.878,0.023800,0.000,0.000000,1.119959,34.847933
2026-09-18T00:41:27.078,0.018400,0.000,0.000000,-3.073498,25.769606
2026-09-18T00:41:27.278,0.014800,0.000,0.000000,-3.073159,25.757873
2026-09-18T00:41:27.478,0.053600,0.000,-0.044741,-3.073116,25.758528
2026-09-18T00:41:27.678,0.165900,620.000,-0.056459,-3.071586,25.792952
2026-09-18T00:41:27.878,0.307700,1797.000,-0.024501,-3.066259,25.861495
2026-09-18T00:41:28.078,0.438000,2222.000,0.090547,-3.072878,25.995853
2026-09-18T00:41:28.278,0.539600,2500.000,0.135289,-3.103942,26.082962
2026-09-18T00:41:28.478,0.615500,2352.000,0.142745,-3.139388,26.180238
2026-09-18T00:41:28.678,0.684500,2622.000,0.250337,3.095378,26.353683
2026-09-18T00:41:28.878,0.617900,2962.000,0.273773,3.034302,26.590371
2026-09-18T00:41:29.078,0.941100,3076.000,0.361125,2.967805,26.800357
2026-09-18T00:41:29.278,0.901100,3555.000,0.423975,2.885804,27.163910
2026-09-18T00:41:29.478,0.837700,3636.000,0.327036,2.799032,27.527485
2026-09-18T00:41:29.678,0.982400,3809.000,0.392017,2.713763,27.828608
2026-09-18T00:41:29.878,0.835800,3636.000,0.430367,2.624185,28.182805
2026-09-18T00:41:30.078,0.868400,3478.000,0.404800,2.541745,28.400247
2026-09-18T00:41:30.278,0.838000,3265.000,0.421845,2.465784,28.500734
2026-09-18T00:41:30.478,0.793300,3478.000,0.463390,2.394540,28.479952
2026-09-18T00:41:30.678,0.833700,3137.000,0.394148,2.338234,28.396225
2026-09-18T00:41:30.878,0.517600,2388.000,0.331297,2.287270,28.240676
2026-09-18T00:41:31.078,0.673000,2500.000,0.365386,2.238002,28.059708
2026-09-18T00:41:31.278,0.845700,2758.000,0.405866,2.182924,27.821747
2026-09-18T00:41:31.478,0.874600,2857.000,0.415453,2.126098,27.562502
2026-09-18T00:41:31.678,0.639700,2622.000,0.373908,2.073328,27.315134
2026-09-18T00:41:31.878,0.559900,2352.000,0.387756,2.025395,27.078679
2026-09-18T00:41:32.078,0.644800,2352.000,0.302535,1.981508,26.878620
2026-09-18T00:41:32.278,0.412000,2133.000,0.262055,1.946455,26.654834
2026-09-18T00:41:32.478,0.332000,1839.000,0.238619,1.920553,26.457118
2026-09-18T00:41:32.678,0.574000,1975.000,0.264186,1.888637,26.293154
2026-09-18T00:41:32.878,0.480100,2133.000,0.276969,1.852376,26.160894
2026-09-18T00:41:33.078,0.610000,2105.000,0.283360,1.814316,26.067306
2026-09-18T00:41:33.278,0.517400,1975.000,0.263120,1.774170,25.989758
2026-09-18T00:41:33.478,0.641800,2318.000,0.331297,1.731487,25.939334
2026-09-18T00:41:33.678,0.621600,2666.000,0.381365,1.674775,25.896023
2026-09-18T00:41:33.878,0.869700,2807.000,0.345146,1.608386,25.861218
2026-09-18T00:41:34.078,0.681200,2253.000,0.319579,1.548875,25.838813
2026-09-18T00:41:34.278,0.802000,2388.000,0.361125,1.491213,25.796334
2026-09-18T00:41:34.478,0.469200,1904.000,0.297209,1.441051,25.739832
2026-09-18T00:41:34.678,0.521100,1584.000,0.254598,1.403614,25.673892
2026-09-18T00:41:34.878,0.412000,1600.000,0.047937,1.390753,25.608446
2026-09-18T00:41:35.078,0.076100,343.000,0.057524,1.395532,25.536371
2026-09-18T00:41:35.278,0.078800,-375.000,-0.015979,1.404578,25.481540
2026-09-18T00:41:35.478,0.209900,-987.000,0.000000,1.415836,25.382677
2026-09-18T00:41:35.678,0.451700,-1523.000,-0.025566,1.433073,25.337781
2026-09-18T00:41:35.878,0.275300,-2162.000,-0.125701,1.451249,25.326787
2026-09-18T00:41:36.078,0.735800,-3809.000,-0.241815,1.490075,25.349333
2026-09-18T00:41:36.278,0.741500,-3404.000,-0.327036,1.549367,25.359073
2026-09-18T00:41:36.478,0.932000,-3265.000,-0.418649,1.626008,25.398269
2026-09-18T00:41:36.678,0.953400,-3018.000,0.579504,1.623561,25.495891
2026-09-18T00:41:36.878,0.467200,-3018.000,0.504935,1.495786,25.621692
2026-09-18T00:41:37.078,0.569800,-2711.000,0.467651,1.392335,25.763301
2026-09-18T00:41:37.278,0.528700,-2461.000,0.410127,1.304891,25.911167
2026-09-18T00:41:37.478,0.505100,-2388.000,0.290817,1.224338,26.075087
2026-09-18T00:41:37.678,0.283700,-1739.000,0.251402,1.165353,26.221490
2026-09-18T00:41:37.878,0.313000,-2077.000,0.276969,1.100984,26.389004
2026-09-18T00:41:38.078,0.590000,-1839.000,0.257794,1.037938,26.540701
2026-09-18T00:41:38.278,0.406800,-1481.000,0.088417,1.017427,26.680463
2026-09-18T00:41:38.478,0.267400,-1818.000,0.073503,1.001787,26.792718
2026-09-18T00:41:38.678,0.404400,-1720.000,0.022371,0.990768,26.897556
2026-09-18T00:41:38.878,0.284000,-1111.000,0.046872,0.981334,27.006883
2026-09-18T00:41:39.078,0.160300,-683.000,0.017044,0.971239,27.136210
2026-09-18T00:41:39.278,0.131500,-435.000,0.008522,0.963013,27.226081
2026-09-18T00:41:39.478,0.047100,105.000,-0.011718,0.957976,27.307120
2026-09-18T00:41:39.678,0.292400,1818.000,0.017044,0.956579,27.445596
2026-09-18T00:41:39.878,0.677400,2807.000,0.221575,0.925782,27.542455
2026-09-18T00:41:40.078,0.688400,3720.000,0.286556,0.866484,27.639321
2026-09-18T00:41:40.278,1.232400,4102.000,0.411192,0.801933,27.700669
2026-09-18T00:41:40.478,1.153800,4444.000,0.306796,0.729341,27.721795
2026-09-18T00:41:40.678,1.076500,4571.000,0.327036,0.660448,27.718033
2026-09-18T00:41:40.878,1.128100,4571.000,0.226901,0.597425,27.705265
2026-09-18T00:41:41.078,1.047400,4571.000,0.265251,0.541888,27.624093
2026-09-18T00:41:41.278,1.222600,4324.000,0.194943,0.488432,27.564483
2026-09-18T00:41:41.478,0.954700,4210.000,0.206661,0.436507,27.505818
2026-09-18T00:41:41.678,1.024600,4102.000,0.137419,0.394402,27.452107
2026-09-18T00:41:41.878,0.973600,4102.000,0.075634,0.367258,27.422190
2026-09-18T00:41:42.078,0.863400,3902.000,0.120375,0.340394,27.374347
2026-09-18T00:41:42.278,0.917000,3478.000,-0.014914,0.338884,27.165636
2026-09-18T00:41:42.478,0.712100,3265.000,-0.037284,0.332081,27.020840
2026-09-18T00:41:42.678,0.816200,3200.000,0.068177,0.333363,26.892737
2026-09-18T00:41:42.878,0.681500,3018.000,-0.002131,0.340023,26.785033
2026-09-18T00:41:43.078,0.538100,3076.000,-0.171508,0.348931,26.702730
2026-09-18T00:41:43.278,0.696200,3137.000,-0.042611,0.363960,26.485931
2026-09-18T00:41:43.478,0.763600,3076.000,-0.018109,0.374639,26.346807
2026-09-18T00:41:43.678,0.816800,3018.000,0.017044,0.382660,26.246920
2026-09-18T00:41:43.878,0.755500,3265.000,-0.043676,0.392580,26.157498
2026-09-18T00:41:44.078,0.786900,3137.000,-0.053263,0.400564,26.053733
2026-09-18T00:41:44.278,0.758000,3200.000,-0.005326,0.410398,25.919437
2026-09-18T00:41:44.478,0.791000,3265.000,-0.040480,0.419873,25.768474
2026-09-18T00:41:44.678,0.822200,3265.000,-0.018109,0.428622,25.649046
2026-09-18T00:41:44.878,0.777900,3076.000,0.000000,0.431800,25.558548
2026-09-18T00:41:45.078,0.661600,3018.000,0.001065,0.427211,25.522582
2026-09-18T00:41:45.278,0.776500,3200.000,-0.010653,0.426927,25.476917
2026-09-18T00:41:45.478,0.616600,3200.000,-0.011718,0.433728,25.355393
2026-09-18T00:41:45.678,0.606800,2962.000,0.009587,0.434736,25.279995
2026-09-18T00:41:45.878,0.763600,3076.000,0.021305,0.428670,25.223964
2026-09-18T00:41:46.078,0.795200,3137.000,-0.033023,0.425037,25.163430
2026-09-18T00:41:46.278,0.779100,3265.000,-0.021305,0.424846,25.096179
2026-09-18T00:41:46.478,0.768300,3404.000,0.042611,0.419959,25.025528
2026-09-18T00:41:46.678,0.906000,3555.000,0.000000,0.416592,24.971807
2026-09-18T00:41:46.878,0.874200,3478.000,0.000000,0.408663,24.949695
2026-09-18T00:41:47.078,0.801400,3555.000,-0.028762,0.405641,24.892137
2026-09-18T00:41:47.278,0.719700,3555.000,0.015979,0.394347,24.869709
2026-09-18T00:41:47.478,0.779000,3478.000,0.033023,0.385946,24.823088
2026-09-18T00:41:47.678,0.777600,3404.000,-0.003196,0.377781,24.730248
2026-09-18T00:41:47.878,0.699900,3265.000,0.002131,0.372255,24.643293
2026-09-18T00:41:48.078,0.663600,3265.000,-0.019175,0.373473,24.503454
2026-09-18T00:41:48.278,0.792400,3076.000,0.000000,0.379905,24.325195
2026-09-18T00:41:48.478,0.754300,3720.000,-0.131028,0.406310,23.984200
2026-09-18T00:41:48.678,0.661800,2962.000,-0.039415,0.422679,23.797243
2026-09-18T00:41:48.878,0.564400,2711.000,0.000000,0.432392,23.663468
2026-09-18T00:41:49.078,0.570900,2857.000,-0.015979,0.441608,23.442412
2026-09-18T00:41:49.278,0.562500,3076.000,0.045806,0.459592,23.116670
2026-09-18T00:41:49.478,0.701900,3137.000,0.219444,0.479978,22.705512
2026-09-18T00:41:49.678,0.692300,2539.000,0.207727,0.485222,22.336034
2026-09-18T00:41:49.878,0.693900,2909.000,0.292948,0.482942,22.049943
2026-09-18T00:41:50.078,0.706200,3137.000,0.260990,0.447086,21.885303
2026-09-18T00:41:50.278,0.760400,3478.000,0.242880,0.381210,21.826098
2026-09-18T00:41:50.478,0.727900,3809.000,0.303600,0.306737,21.774637
2026-09-18T00:41:50.678,1.081800,4102.000,0.431432,0.220763,21.745948
2026-09-18T00:41:50.878,0.720900,3265.000,0.366451,0.136563,21.756610
2026-09-18T00:41:51.078,0.607400,2857.000,0.305731,0.051510,21.836481
2026-09-18T00:41:51.278,0.912900,3404.000,0.262055,-0.029416,21.994416
2026-09-18T00:41:51.478,0.850800,4000.000,0.104396,-0.105201,22.260016
2026-09-18T00:41:51.678,0.981400,4000.000,-0.126766,-0.144188,22.517534
2026-09-18T00:41:51.878,1.010800,4210.000,-0.181095,-0.157448,22.615021
2026-09-18T00:41:52.078,0.952700,4324.000,-0.156594,-0.140514,22.597512
2026-09-18T00:41:52.278,1.054000,5000.000,-0.256729,-0.120143,22.609339
2026-09-18T00:41:52.478,1.079500,5000.000,-0.270577,-0.073356,22.490354
2026-09-18T00:41:52.678,1.082000,5161.000,-0.311057,-0.014423,22.206298
2026-09-18T00:41:52.878,0.903200,5161.000,-0.302535,0.050907,21.905930
2026-09-18T00:41:53.078,1.105500,4848.000,-0.356864,0.126857,21.569089
2026-09-18T00:41:53.278,1.134200,5000.000,-0.366451,0.202573,21.186478
2026-09-18T00:41:53.478,0.988200,4705.000,-0.247141,0.285784,20.812081
2026-09-18T00:41:53.678,1.060100,3902.000,-0.220510,0.362272,20.402244
2026-09-18T00:41:53.878,0.977400,3902.000,-0.181095,0.422382,20.074598
2026-09-18T00:41:54.078,0.792100,3636.000,0.013848,0.443439,19.836774
2026-09-18T00:41:54.278,0.813200,3137.000,0.129962,0.416516,19.723829
2026-09-18T00:41:54.478,0.660400,3018.000,0.205596,0.380536,19.599038
2026-09-18T00:41:54.678,0.714400,2711.000,0.166181,0.336545,19.528859
2026-09-18T00:41:54.878,0.686000,2622.000,0.188552,0.283264,19.526606
2026-09-18T00:41:55.078,0.618500,2711.000,0.165116,0.234651,19.525637
2026-09-18T00:41:55.278,0.569000,2711.000,0.124636,0.189253,19.537730
2026-09-18T00:41:55.478,0.570000,2461.000,0.154463,0.148313,19.528606
2026-09-18T00:41:55.678,0.454200,2622.000,0.159790,0.103744,19.527314
2026-09-18T00:41:55.878,0.706500,2909.000,0.171508,0.062141,19.480745
2026-09-18T00:41:56.078,0.788100,3404.000,0.038350,0.027353,19.443586
2026-09-18T00:41:56.278,0.752600,3636.000,-0.040480,0.016017,19.323286
2026-09-18T00:41:56.478,0.782500,3404.000,-0.118244,0.024927,19.156109
2026-09-18T00:41:56.678,0.755700,3200.000,-0.131028,0.053938,18.940701
2026-09-18T00:41:56.878,0.722500,3265.000,-0.060720,0.094131,18.647843
2026-09-18T00:41:57.078,0.774500,3076.000,-0.063916,0.138471,18.310275
2026-09-18T00:41:57.278,0.643300,3018.000,-0.117179,0.180313,17.981273
2026-09-18T00:41:57.478,0.541600,2857.000,-0.110788,0.223026,17.704419
2026-09-18T00:41:57.678,0.515400,2962.000,-0.105461,0.261784,17.446094
2026-09-18T00:41:57.878,0.592900,2666.000,-0.109722,0.295254,17.194676
2026-09-18T00:41:58.078,0.594100,2711.000,-0.074569,0.330763,16.954634
2026-09-18T00:41:58.278,0.479400,2622.000,-0.047937,0.360932,16.724832
2026-09-18T00:41:58.478,0.531900,2622.000,0.051133,0.388980,16.467653
2026-09-18T00:41:58.678,0.586900,2711.000,0.109722,0.395256,16.243752
2026-09-18T00:41:58.878,0.622100,2807.000,0.134223,0.377554,16.098398
2026-09-18T00:41:59.078,0.797900,3265.000,0.124636,0.351132,15.992262
2026-09-18T00:41:59.278,0.746200,3200.000,0.123571,0.309033,15.934797
2026-09-18T00:41:59.478,0.703500,3200.000,0.178964,0.268189,15.856931
2026-09-18T00:41:59.678,0.700000,3200.000,0.196009,0.227745,15.742892
2026-09-18T00:41:59.878,0.770200,3333.000,0.161920,0.183541,15.672907
2026-09-18T00:42:00.078,0.745500,3265.000,0.181095,0.136833,15.610484
2026-09-18T00:42:00.278,0.788100,3333.000,0.147006,0.088774,15.562684
2026-09-18T00:42:00.478,0.835100,3404.000,0.112918,0.046008,15.515610
2026-09-18T00:42:00.678,0.874900,3478.000,0.082025,0.008430,15.485599
2026-09-18T00:42:00.878,0.759700,3478.000,0.104396,-0.030072,15.496305
2026-09-18T00:42:01.078,0.743000,3555.000,0.010653,-0.045891,15.419191
2026-09-18T00:42:01.278,0.635800,3636.000,-0.087352,-0.040032,15.317002
2026-09-18T00:42:01.478,0.825000,3636.000,-0.047937,-0.032521,15.241244
2026-09-18T00:42:01.678,0.889400,3478.000,-0.148072,-0.001908,15.114598
2026-09-18T00:42:01.878,0.717900,3404.000,-0.271642,0.041433,14.947205
2026-09-18T00:42:02.078,0.711300,3333.000,-0.187487,0.101352,14.611322
2026-09-18T00:42:02.278,0.767800,3404.000,-0.160855,0.161546,14.298598
2026-09-18T00:42:02.478,0.654600,3404.000,-0.099070,0.213975,14.049622
2026-09-18T00:42:02.678,0.623200,2857.000,-0.141680,0.258770,13.797670
2026-09-18T00:42:02.878,0.610000,2711.000,-0.037284,0.302364,13.547019
2026-09-18T00:42:03.078,0.699200,2758.000,0.029827,0.330142,13.296638
2026-09-18T00:42:03.278,0.651900,2539.000,0.080960,0.348460,13.046960
2026-09-18T00:42:03.478,0.681200,2711.000,0.132093,0.348295,12.845326
2026-09-18T00:42:03.678,0.629300,2622.000,0.160855,0.328245,12.706768
2026-09-18T00:42:03.878,0.637600,2962.000,0.099070,0.300804,12.563740
2026-09-18T00:42:04.078,0.714500,3018.000,0.168312,0.258694,12.482965
2026-09-18T00:42:04.278,0.720000,3076.000,0.247141,0.208984,12.417006
2026-09-18T00:42:04.478,0.797500,3137.000,0.213053,0.148178,12.365076
2026-09-18T00:42:04.678,0.778200,3478.000,0.162985,0.094856,12.282644
2026-09-18T00:42:04.878,0.809500,3333.000,0.198139,0.032766,12.242765
2026-09-18T00:42:05.078,0.936400,3333.000,0.187487,-0.032068,12.247432
2026-09-18T00:42:05.278,0.801400,3636.000,0.072438,-0.080313,12.222960
2026-09-18T00:42:05.478,0.787800,3720.000,-0.009587,-0.125138,12.211120
2026-09-18T00:42:05.678,1.005200,3902.000,-0.049002,-0.137200,12.141413
2026-09-18T00:42:05.878,0.719000,3809.000,-0.069242,-0.140548,12.058937
2026-09-18T00:42:06.078,0.920500,3902.000,-0.105461,-0.120104,11.898216
2026-09-18T00:42:06.278,0.878000,3636.000,-0.203466,-0.097817,11.771154
2026-09-18T00:42:06.478,0.675700,3404.000,-0.117179,-0.047289,11.509039
2026-09-18T00:42:06.678,0.893800,3404.000,-0.135289,0.006960,11.199684
2026-09-18T00:42:06.878,0.743300,3200.000,-0.144876,0.075349,10.842986
2026-09-18T00:42:07.078,0.616200,2857.000,-0.159790,0.132508,10.554283
2026-09-18T00:42:07.278,0.636300,2500.000,-0.078830,0.179346,10.276583
2026-09-18T00:42:07.478,0.579700,2666.000,0.029827,0.227435,10.010400
2026-09-18T00:42:07.678,0.553900,2500.000,0.018109,0.255274,9.772912
2026-09-18T00:42:07.878,0.586000,2461.000,0.098004,0.250242,9.617606
2026-09-18T00:42:08.078,0.653200,2666.000,0.199204,0.218766,9.500532
2026-09-18T00:42:08.278,0.655800,2807.000,0.183225,0.188172,9.365794
2026-09-18T00:42:08.478,0.795500,3018.000,0.237554,0.139206,9.271092
2026-09-18T00:42:08.678,0.685200,3018.000,0.237554,0.089871,9.148252
2026-09-18T00:42:08.878,0.695000,2962.000,0.177899,0.029655,9.068650
2026-09-18T00:42:09.078,0.639400,3200.000,0.225836,-0.050648,9.066108
2026-09-18T00:42:09.278,0.610900,3200.000,0.135289,-0.122622,9.038845
2026-09-18T00:42:09.478,0.856200,3720.000,0.080960,-0.190438,9.028649
2026-09-18T00:42:09.678,0.840100,3636.000,0.086286,-0.254977,9.061453
2026-09-18T00:42:09.878,0.813800,3902.000,-0.135289,-0.300492,9.050176
2026-09-18T00:42:10.078,0.911500,3809.000,-0.052198,-0.324157,9.011691
2026-09-18T00:42:10.278,0.875000,3809.000,-0.079895,-0.304921,8.823955
2026-09-18T00:42:10.478,0.632400,3333.000,-0.091613,-0.284107,8.612672
2026-09-18T00:42:10.678,0.676200,2962.000,-0.074569,-0.266671,8.477819
2026-09-18T00:42:10.878,0.669500,3018.000,-0.085221,-0.239509,8.267953
2026-09-18T00:42:11.078,0.743200,2962.000,-0.108657,-0.206346,8.067303
2026-09-18T00:42:11.278,0.554700,2807.000,-0.116114,-0.165914,7.826541
2026-09-18T00:42:11.478,0.629300,3018.000,-0.123571,-0.121801,7.585872
2026-09-18T00:42:11.678,0.678900,3018.000,-0.104396,-0.057264,7.262931
2026-09-18T00:42:11.878,0.607000,3076.000,-0.084156,0.013226,6.961841
2026-09-18T00:42:12.078,0.689000,2962.000,-0.022371,0.059166,6.723663
2026-09-18T00:42:12.278,0.641000,3137.000,0.107592,0.065500,6.536638
2026-09-18T00:42:12.478,0.819800,3137.000,0.111853,0.032769,6.412385
2026-09-18T00:42:12.678,0.878900,3478.000,0.162985,-0.013197,6.317555
2026-09-18T00:42:12.878,0.855900,3478.000,0.131028,-0.057835,6.208324
2026-09-18T00:42:13.078,0.792800,3555.000,0.093743,-0.129007,6.166494
2026-09-18T00:42:13.278,0.788200,3636.000,0.010653,-0.181884,6.119789
2026-09-18T00:42:13.478,0.903300,3555.000,-0.008522,-0.193728,6.003049
2026-09-18T00:42:13.678,0.637400,3720.000,-0.105461,-0.195658,5.893335
2026-09-18T00:42:13.878,0.783800,3902.000,-0.162985,-0.180351,5.755016
2026-09-18T00:42:14.078,0.793200,3809.000,-0.278034,-0.126000,5.533774
2026-09-18T00:42:14.278,0.801400,4000.000,-0.241815,-0.056824,5.260151
2026-09-18T00:42:14.478,0.804800,4102.000,-0.255663,0.020289,4.984315
2026-09-18T00:42:14.678,0.805500,3902.000,-0.263120,0.138067,4.639628
2026-09-18T00:42:14.878,0.773900,3404.000,-0.164051,0.271200,4.321815
2026-09-18T00:42:15.078,0.733100,3333.000,0.088417,0.390044,4.074360
2026-09-18T00:42:15.278,0.835000,3137.000,0.209857,0.457486,3.885475
2026-09-18T00:42:15.478,0.841200,3265.000,0.255663,0.451137,3.751501
2026-09-18T00:42:15.678,0.724800,3076.000,0.287621,0.410586,3.625391
2026-09-18T00:42:15.878,0.807700,3333.000,0.344080,0.318716,3.515395
2026-09-18T00:42:16.078,1.112300,3636.000,0.350472,0.171891,3.409457
2026-09-18T00:42:16.278,0.940900,4102.000,0.392017,0.014355,3.306751
2026-09-18T00:42:16.478,0.949400,4571.000,0.360059,-0.173590,3.236929
2026-09-18T00:42:16.678,0.950400,4705.000,0.026632,-0.441260,3.358486
2026-09-18T00:42:16.878,0.923400,4444.000,-0.105461,-0.601936,3.494219
2026-09-18T00:42:17.078,1.262000,4210.000,-0.224771,-0.642135,3.508225
2026-09-18T00:42:17.278,0.750300,3809.000,-0.334493,-0.633703,3.474531
2026-09-18T00:42:17.478,0.665000,3333.000,-0.299339,-0.603516,3.374728
2026-09-18T00:42:17.678,0.668200,3137.000,-0.236489,-0.538085,3.123530
2026-09-18T00:42:17.878,0.576800,3137.000,-0.283360,-0.424729,2.723945
2026-09-18T00:42:18.078,0.534300,2666.000,-0.227967,-0.255663,2.260140
2026-09-18T00:42:18.278,0.459100,2500.000,-0.173638,-0.050356,1.868638
2026-09-18T00:42:18.478,0.497400,2352.000,-0.131028,0.198671,1.576723
2026-09-18T00:42:18.678,0.441200,2191.000,-0.106526,0.508936,1.379952
2026-09-18T00:42:18.878,0.356100,2051.000,-0.102265,0.777465,1.304166
2026-09-18T00:42:19.078,0.488600,2051.000,-0.121440,1.059200,1.308021
2026-09-18T00:42:19.278,0.436500,2025.000,0.012783,1.333573,1.437803
2026-09-18T00:42:19.478,0.494700,1797.000,0.100135,1.542703,1.675124
2026-09-18T00:42:19.678,0.356000,1860.000,0.105461,1.613373,1.771847
2026-09-18T00:42:19.878,0.521300,1975.000,0.147006,1.628204,1.735775
2026-09-18T00:42:20.078,0.453500,1600.000,0.192813,1.630122,1.717924
2026-09-18T00:42:20.278,0.447000,2000.000,0.239684,1.595260,1.624071
2026-09-18T00:42:20.478,0.246000,1176.000,0.090547,1.548756,1.478300
2026-09-18T00:42:20.678,0.159800,941.000,0.017044,1.431472,1.229162
2026-09-18T00:42:20.878,0.168300,833.000,0.025566,1.264467,1.021125
2026-09-18T00:42:21.078,0.149300,567.000,0.004261,1.179654,0.948006
2026-09-18T00:42:21.278,0.137900,434.000,0.019175,1.143938,0.923168
2026-09-18T00:42:21.478,0.081100,322.000,0.010653,1.154645,0.932671
2026-09-18T00:42:21.678,0.078500,243.000,0.004261,1.165441,0.942064
2026-09-18T00:42:21.878,0.044000,179.000,0.001065,1.144413,0.927026
2026-09-18T00:42:22.078,0.026800,140.000,0.003196,1.126508,0.914582
2026-09-18T00:42:22.279,0.047000,109.000,0.000000,1.084602,0.886991
2026-09-18T00:42:22.478,0.072400,109.000,0.000000,1.064410,0.874914
2026-09-18T00:42:22.678,0.078200,0.000,-0.003196,1.089462,0.890328
2026-09-18T00:42:22.878,0.081600,0.000,0.000000,1.156434,0.936910
2026-09-18T00:42:23.078,0.045300,0.000,0.000000,1.214472,0.985318
2026-09-18T00:42:23.278,0.103200,0.000,0.000000,1.244741,1.014047
2026-09-18T00:42:23.478,0.067100,0.000,0.000000,1.280648,1.051643
2026-09-18T00:42:23.678,0.006300,0.000,0.000000,1.276083,1.046985
2026-09-18T00:42:23.878,0.025600,0.000,0.000000,1.275321,1.046467
2026-09-18T00:42:24.078,0.016300,0.000,0.000000,1.275826,1.047318
2026-09-18T00:42:24.278,0.087600,0.000,0.000000,1.264990,1.036072
2026-09-18T00:42:24.478,0.039200,0.000,0.000000,1.292516,1.066490
2026-09-18T00:42:24.678,0.029200,0.000,0.000000,1.313043,1.090980
2026-09-18T00:42:24.878,0.029200,0.000,0.000000,1.339892,1.125355
2026-09-18T00:42:25.078,0.084400,0.000,0.000000,1.348993,1.137913
2026-09-18T00:42:25.278,0.020000,0.000,0.000000,1.330260,1.113550
2026-09-18T00:42:25.478,0.068700,0.000,0.000000,1.332871,1.117338
2026-09-18T00:42:25.678,0.040800,0.000,0.000000,1.333328,1.118347
2026-09-18T00:42:25.878,0.032000,0.000,0.000000,1.336106,1.122390
2026-09-18T00:42:26.078,0.009200,0.000,0.000000,1.358465,1.153220
2026-09-18T00:42:26.278,0.101200,0.000,0.000000,1.374355,1.176662
2026-09-18T00:42:26.478,0.032000,0.000,0.000000,1.396367,1.211050
2026-09-18T00:42:26.678,0.024700,0.000,0.000000,1.411480,1.236275
2026-09-18T00:42:26.878,0.007000,0.000,0.000000,1.405086,1.226015
2026-09-18T00:42:27.078,0.031200,0.000,0.000000,1.401843,1.221108
2026-09-18T00:42:27.278,0.031900,0.000,0.000000,1.395897,1.212120
2026-09-18T00:42:27.478,0.029400,0.000,0.000000,1.401279,1.221363
2026-09-18T00:42:27.678,0.011300,0.000,0.000000,1.426082,1.264244
2026-09-18T00:42:27.878,0.059700,0.000,0.000000,1.449199,1.307721
2026-09-18T00:42:28.078,0.084100,0.000,0.000000,1.460057,1.329795
2026-09-18T00:42:28.278,0.135100,0.000,0.000000,1.468338,1.347404
2026-09-18T00:42:28.478,0.029400,0.000,0.000000,1.459262,1.329626
2026-09-18T00:42:28.678,0.043200,0.000,0.000000,1.454242,1.320338
2026-09-18T00:42:28.878,0.037200,0.000,0.000000,1.455672,1.323862
2026-09-18T00:42:29.078,0.053300,0.000,0.000000,1.448018,1.309544
2026-09-18T00:42:29.278,0.018400,0.000,0.000000,1.447898,1.309952
2026-09-18T00:42:29.478,0.031300,0.000,0.000000,1.457019,1.328545
2026-09-18T00:42:29.678,0.041300,0.000,0.000000,1.466727,1.349098
2026-09-18T00:42:29.878,0.053500,0.000,0.000000,1.480006,1.378097
2026-09-18T00:42:30.078,0.080800,0.000,0.000000,1.467369,1.351853
2026-09-18T00:42:30.278,0.076900,0.000,0.000000,1.454654,1.326642
2026-09-18T00:42:30.478,0.017700,0.000,0.000000,1.449733,1.317515
2026-09-18T00:42:30.678,0.030100,0.000,0.000000,1.462378,1.343692
2026-09-18T00:42:30.878,0.038000,0.000,0.000000,1.478256,1.377989
2026-09-18T00:42:31.078,0.046600,0.000,0.000000,1.490470,1.406071
2026-09-18T00:42:31.278,0.004100,0.000,0.000000,1.500122,1.429337
2026-09-18T00:42:31.478,0.007200,0.000,0.000000,1.510086,1.454335
2026-09-18T00:42:31.678,0.014600,0.000,0.000000,1.507789,1.449472
2026-09-18T00:42:31.878,0.063600,0.000,0.000000,1.529430,1.505774
2026-09-18T00:42:32.078,0.056300,0.000,0.000000,1.536648,1.526285
2026-09-18T00:42:32.278,0.082600,0.000,0.000000,1.528103,1.504041
2026-09-18T00:42:32.478,0.051900,0.000,0.000000,1.535048,1.523691
2026-09-18T00:42:32.678,0.015500,0.000,0.000000,1.537134,1.530318
2026-09-18T00:42:32.878,0.023200,0.000,0.000000,1.548230,1.562655
2026-09-18T00:42:33.078,0.030400,0.000,0.000000,1.557060,1.589633
2026-09-18T00:42:33.278,0.030800,0.000,0.000000,1.550387,1.570657
2026-09-18T00:42:33.478,0.017000,0.000,0.000000,1.549313,1.568345
2026-09-18T00:42:33.678,0.020200,0.000,0.000000,1.550904,1.573888
2026-09-18T00:42:33.878,0.066800,0.000,0.000000,1.552338,1.579002
2026-09-18T00:42:34.078,0.028200,0.000,0.000000,1.559676,1.602145
2026-09-18T00:42:34.278,0.010400,0.000,0.000000,1.568112,1.629416
2026-09-18T00:42:34.478,0.032200,0.000,0.000000,1.579475,1.667334
2026-09-18T00:42:34.678,0.021100,0.000,0.000000,1.587000,1.693690
2026-09-18T00:42:34.878,0.043300,0.000,0.000000,1.585063,1.687755
2026-09-18T00:42:35.078,0.045600,0.000,0.000000,1.585724,1.690833
2026-09-18T00:42:35.278,0.032600,0.000,0.000000,1.580248,1.673010
2026-09-18T00:42:35.478,0.010600,0.000,0.000000,1.580087,1.673335
2026-09-18T00:42:35.678,0.007300,0.000,0.000000,1.602823,1.754655
2026-09-18T00:42:35.878,0.027200,0.000,0.000000,1.619704,1.820720
2026-09-18T00:42:36.078,0.072200,0.000,0.000000,1.626883,1.850689
2026-09-18T00:42:36.278,0.035800,0.000,0.000000,1.631165,1.869161
2026-09-18T00:42:36.478,0.039600,0.000,0.000000,1.628197,1.856875
2026-09-18T00:42:36.678,0.015000,0.000,0.000000,1.628813,1.859859
2026-09-18T00:42:36.878,0.046600,0.000,0.000000,1.629536,1.863256
2026-09-18T00:42:37.078,0.032900,0.000,0.000000,1.631791,1.873121
2026-09-18T00:42:37.278,0.028300,0.000,0.000000,1.642851,1.921984
2026-09-18T00:42:37.478,0.081100,0.000,0.000000,1.648888,1.949730
2026-09-18T00:42:37.678,0.008900,0.000,0.000000,1.656955,1.987966
2026-09-18T00:42:37.878,0.081500,0.000,0.000000,1.658159,1.993690
2026-09-18T00:42:38.078,0.041800,0.000,0.000000,1.649236,1.951097
2026-09-18T00:42:38.278,0.063300,0.000,0.000000,1.639021,1.904763
2026-09-18T00:42:38.478,0.033800,0.000,0.000000,1.635081,1.887636
2026-09-18T00:42:38.678,0.021100,0.000,0.000000,1.630711,1.869089
2026-09-18T00:42:38.878,0.032300,0.000,0.000000,1.637608,1.899282
2026-09-18T00:42:39.078,0.057300,0.000,0.000000,1.644785,1.931616
2026-09-18T00:42:39.278,0.050600,0.000,0.000000,1.643736,1.926974
2026-09-18T00:42:39.478,0.026400,0.000,0.000000,1.646948,1.941766
2026-09-18T00:42:39.678,0.069600,0.000,0.000000,1.644048,1.928513
2026-09-18T00:42:39.878,0.018800,0.000,0.000000,1.639969,1.910250
2026-09-18T00:42:40.078,0.037200,0.000,0.000000,1.635561,1.890929
2026-09-18T00:42:40.278,0.064100,0.000,0.000000,1.627256,1.855627
2026-09-18T00:42:40.478,0.020600,0.000,0.000000,1.634761,1.888001
2026-09-18T00:42:40.678,0.114000,0.000,0.000000,1.641779,1.919207
2026-09-18T00:42:40.878,0.083000,0.000,0.000000,1.646984,1.942946
2026-09-18T00:42:41.078,0.059100,0.000,0.000000,1.654675,1.978943
2026-09-18T00:42:41.278,0.072100,0.000,0.000000,1.651248,1.962411
2026-09-18T00:42:41.478,0.041000,0.000,0.000000,1.649830,1.955498
2026-09-18T00:42:41.678,0.026300,0.000,0.000000,1.649723,1.954745
2026-09-18T00:42:41.878,0.025500,0.000,0.000000,1.648854,1.950405
2026-09-18T00:42:42.078,0.045400,0.000,0.000000,1.654450,1.976480
2026-09-18T00:42:42.278,0.036200,0.000,0.000000,1.657452,1.990617
2026-09-18T00:42:42.478,0.036000,0.000,0.000000,1.661177,2.008258
2026-09-18T00:42:42.678,0.006300,0.000,0.000000,1.665488,2.029109
2026-09-18T00:42:42.878,0.027200,0.000,0.000000,1.668151,2.041927
2026-09-18T00:42:43.078,0.033100,0.000,0.000000,1.664162,2.021080
2026-09-18T00:42:43.278,0.016000,0.000,0.000000,1.655281,1.977130
2026-09-18T00:42:43.478,0.020500,0.000,0.000000,1.651070,1.956888
2026-09-18T00:42:43.678,0.019400,0.000,0.000000,1.648118,1.942977
2026-09-18T00:42:43.878,0.066200,0.000,0.000000,1.650110,1.952038
2026-09-18T00:42:44.078,0.040800,0.000,0.000000,1.652759,1.964284
2026-09-18T00:42:44.278,0.036100,0.000,0.000000,1.652176,1.961399
2026-09-18T00:42:44.478,0.015000,0.000,0.000000,1.653088,1.965548
2026-09-18T00:42:44.678,0.012000,0.000,0.000000,1.645966,1.932440
2026-09-18T00:42:44.878,0.034100,0.000,0.000000,1.642324,1.916075
2026-09-18T00:42:45.078,0.043600,0.000,0.000000,1.640825,1.909496
2026-09-18T00:42:45.278,0.008100,0.000,0.000000,1.635787,1.887498
2026-09-18T00:42:45.478,0.039800,0.000,0.000000,1.644800,1.927682
2026-09-18T00:42:45.678,0.051000,0.000,0.000000,1.650248,1.952719
2026-09-18T00:42:45.878,0.019700,0.000,0.000000,1.654401,1.972156
2026-09-18T00:42:46.078,0.032600,0.000,0.000000,1.657202,1.985424
2026-09-18T00:42:46.278,0.004100,0.000,0.000000,1.647255,1.938533
2026-09-18T00:42:46.478,0.037500,0.000,0.000000,1.640540,1.908299
2026-09-18T00:42:46.678,0.063900,0.000,0.000000,1.637898,1.896830
2026-09-18T00:42:46.878,0.081000,0.000,0.000000,1.639040,1.902056
2026-09-18T00:42:47.078,0.032200,0.000,0.000000,1.645821,1.932619
2026-09-18T00:42:47.278,0.059000,0.000,0.000000,1.647064,1.938345
2026-09-18T00:42:47.478,0.052000,0.000,0.000000,1.653036,1.966146
2026-09-18T00:42:47.678,0.028500,0.000,0.000000,1.655202,1.976314
2026-09-18T00:42:47.878,0.053200,0.000,0.000000,1.647929,1.942118
2026-09-18T00:42:48.078,0.045100,0.000,0.000000,1.642764,1.918723
2026-09-18T00:42:48.278,0.022500,0.000,0.000000,1.634851,1.884038
2026-09-18T00:42:48.478,0.033500,0.000,0.000000,1.630589,1.866200
2026-09-18T00:42:48.678,0.033300,0.000,0.000000,1.637658,1.896980
2026-09-18T00:42:48.878,0.029200,0.000,0.000000,1.646099,1.934856
2026-09-18T00:42:49.078,0.015000,0.000,0.000000,1.650538,1.955221
2026-09-18T00:42:49.278,0.086600,0.000,0.000000,1.652705,1.965192
2026-09-18T00:42:49.478,0.008500,0.000,0.000000,1.649334,1.949278
2026-09-18T00:42:49.678,0.036100,0.000,0.000000,1.644771,1.928299
2026-09-18T00:42:49.878,0.055200,0.000,0.000000,1.643297,1.921601
2026-09-18T00:42:50.078,0.046600,0.000,0.000000,1.638370,1.899678
2026-09-18T00:42:50.278,0.077400,0.000,0.000000,1.639938,1.906770
2026-09-18T00:42:50.478,0.034200,0.000,0.000000,1.646176,1.934968
2026-09-18T00:42:50.678,0.012400,0.000,0.000000,1.649179,1.948788
2026-09-18T00:42:50.878,0.015000,0.000,0.000000,1.654743,1.974889
2026-09-18T00:42:51.078,0.035200,0.000,0.000000,1.649319,1.949211
2026-09-18T00:42:51.278,0.091700,0.000,0.000000,1.641311,1.912746
2026-09-18T00:42:51.478,0.021300,0.000,0.000000,1.639072,1.902953
2026-09-18T00:42:51.678,0.027000,0.000,0.000000,1.637552,1.896415
2026-09-18T00:42:51.878,0.025000,0.000,0.000000,1.645576,1.932353
2026-09-18T00:42:52.078,0.058200,0.000,0.000000,1.648202,1.944318
2026-09-18T00:42:52.278,0.059500,0.000,0.000000,1.649521,1.950355
2026-09-18T00:42:52.478,0.037700,0.000,0.000000,1.651551,1.959751
2026-09-18T00:42:52.678,0.029400,0.000,0.000000,1.644643,1.927770
2026-09-18T00:42:52.878,0.056600,0.000,0.000000,1.642673,1.918907
2026-09-18T00:42:53.078,0.044300,0.000,0.000000,1.638630,1.900996
2026-09-18T00:42:53.278,0.072700,0.000,0.000000,1.634928,1.885032
2026-09-18T00:42:53.478,0.002200,0.000,0.004261,-0.782754,10.373519
2026-09-18T00:42:53.678,0.022000,0.000,0.001065,-0.781548,10.352416
2026-09-18T00:42:53.878,0.024400,1230.000,-0.017044,-0.783050,10.345207
2026-09-18T00:42:54.078,0.112400,833.000,-0.011718,-0.783229,10.337127
2026-09-18T00:42:54.278,0.335200,1467.000,0.037284,-0.798820,10.418105
2026-09-18T00:42:54.478,0.536800,2318.000,-0.001065,-0.814842,10.540978
2026-09-18T00:42:54.678,0.546600,2807.000,-0.203466,-0.808829,10.640926
2026-09-18T00:42:54.878,0.705700,3404.000,-0.253533,-0.769902,10.567602
2026-09-18T00:42:55.078,0.885200,3720.000,-0.281230,-0.711046,10.240893
2026-09-18T00:42:55.278,0.694300,4000.000,-0.341950,-0.648896,9.967133
2026-09-18T00:42:55.478,1.032500,4102.000,-0.338754,-0.569968,9.528520
2026-09-18T00:42:55.678,0.781400,4000.000,-0.323840,-0.491072,9.100018
2026-09-18T00:42:55.878,0.882900,3809.000,-0.382430,-0.407197,8.644895
2026-09-18T00:42:56.078,0.805600,4324.000,-0.348341,-0.329479,8.303021
2026-09-18T00:42:56.278,0.924200,4571.000,-0.471912,-0.247909,7.915502
2026-09-18T00:42:56.478,0.929500,4571.000,-0.421845,-0.166898,7.503425
2026-09-18T00:42:56.678,1.113400,4444.000,-0.369647,-0.087800,7.012070
2026-09-18T00:42:56.878,0.930400,3555.000,-0.191748,-0.042332,6.701186
2026-09-18T00:42:57.078,0.668700,3636.000,-0.086286,-0.007002,6.367177
2026-09-18T00:42:57.278,0.682300,2962.000,-0.020240,0.030677,6.014438
2026-09-18T00:42:57.478,0.504800,2909.000,-0.057524,0.056352,5.678021
2026-09-18T00:42:57.678,0.505700,2666.000,0.035154,0.082930,5.344786
2026-09-18T00:42:57.878,0.468900,2909.000,0.152333,0.086911,5.122611
2026-09-18T00:42:58.078,0.900300,3265.000,0.079895,0.071298,4.977567
2026-09-18T00:42:58.278,0.818500,3555.000,0.127832,0.046136,4.874920
2026-09-18T00:42:58.478,0.810200,3636.000,0.105461,0.013357,4.798851
2026-09-18T00:42:58.678,0.797300,3902.000,0.088417,-0.020370,4.698842
2026-09-18T00:42:58.878,0.913500,4000.000,0.094809,-0.050704,4.613488
2026-09-18T00:42:59.078,0.765800,3636.000,-0.041545,-0.066355,4.541221
2026-09-18T00:42:59.278,0.703700,3720.000,-0.126766,-0.059195,4.426014
2026-09-18T00:42:59.478,0.674000,3902.000,-0.220510,-0.036900,4.260422
2026-09-18T00:42:59.678,0.991800,3809.000,-0.138484,-0.005148,4.111054
2026-09-18T00:42:59.878,0.779300,3902.000,-0.118244,0.022228,3.928756
2026-09-18T00:43:00.078,0.654700,3902.000,-0.156594,0.063868,3.703833
2026-09-18T00:43:00.278,0.643100,3720.000,-0.121440,0.100471,3.503452
2026-09-18T00:43:00.478,0.888200,3809.000,-0.118244,0.128850,3.330148
2026-09-18T00:43:00.678,0.947900,3720.000,-0.136354,0.143710,3.222721
2026-09-18T00:43:00.878,0.573600,3555.000,-0.038350,0.171600,3.084433
2026-09-18T00:43:01.078,0.905200,3137.000,-0.021305,0.192509,2.964510
2026-09-18T00:43:01.278,0.513000,3265.000,-0.112918,0.220800,2.810539
2026-09-18T00:43:01.478,0.828600,3018.000,0.010653,0.253220,2.625830
2026-09-18T00:43:01.678,0.896400,2666.000,0.096939,0.278458,2.435668
2026-09-18T00:43:01.878,0.789900,2388.000,0.050067,0.297227,2.276048
2026-09-18T00:43:02.078,0.641300,2285.000,0.116114,0.284610,2.215378
2026-09-18T00:43:02.278,0.548800,2352.000,0.059655,0.270184,2.165438
2026-09-18T00:43:02.478,0.480400,2162.000,0.044741,0.262886,2.096043
2026-09-18T00:43:02.678,0.424200,2105.000,0.057524,0.263085,2.007932
2026-09-18T00:43:02.878,0.615700,2051.000,0.126766,0.225663,1.988491
2026-09-18T00:43:03.078,0.400600,2051.000,0.142745,0.173576,1.992359
2026-09-18T00:43:03.278,0.577200,2285.000,0.155529,0.094299,2.040315
2026-09-18T00:43:03.478,0.423700,2222.000,0.196009,0.014737,2.085196
2026-09-18T00:43:03.678,0.695400,2580.000,0.142745,-0.052529,2.084934
2026-09-18T00:43:03.878,0.706800,2352.000,0.079895,-0.126817,2.131755
2026-09-18T00:43:04.078,0.455600,2253.000,0.153398,-0.202752,2.198000
2026-09-18T00:43:04.278,0.583700,2285.000,0.084156,-0.295241,2.404747
2026-09-18T00:43:04.478,0.614800,2461.000,0.053263,-0.378308,2.669163
2026-09-18T00:43:04.678,0.598400,2461.000,0.003196,-0.428080,2.820517
2026-09-18T00:43:04.878,0.547900,2622.000,-0.009587,-0.447491,2.796092
2026-09-18T00:43:05.078,0.644200,2758.000,0.019175,-0.463866,2.731852
2026-09-18T00:43:05.278,0.652000,2962.000,-0.172573,-0.466814,2.645488
2026-09-18T00:43:05.478,0.774500,3265.000,-0.139550,-0.485949,2.732125
2026-09-18T00:43:05.678,0.648600,3018.000,-0.110788,-0.485938,2.765826
2026-09-18T00:43:05.878,0.499200,2758.000,-0.073503,-0.490971,2.861988
2026-09-18T00:43:06.078,0.680100,2539.000,-0.042611,-0.501719,2.943806
2026-09-18T00:43:06.278,0.461600,2539.000,0.080960,-0.515826,2.947778
2026-09-18T00:43:06.478,0.375200,2622.000,0.164051,-0.559477,2.863031
2026-09-18T00:43:06.678,0.479800,1927.000,0.258859,-0.611817,2.804629
2026-09-18T00:43:06.878,0.471000,2025.000,0.175769,-0.669197,2.745575
2026-09-18T00:43:07.078,0.612400,1904.000,0.201335,-0.730062,2.887036
2026-09-18T00:43:07.278,0.510000,1951.000,0.236489,-0.790428,3.121854
2026-09-18T00:43:07.478,0.502200,1975.000,0.172573,-0.848263,3.280303
2026-09-18T00:43:07.678,0.484800,1839.000,0.125701,-0.899157,3.576613
2026-09-18T00:43:07.878,0.419700,1951.000,0.181095,-0.941765,3.841391
2026-09-18T00:43:08.078,0.553100,2051.000,0.113983,-0.985893,4.075075
2026-09-18T00:43:08.278,0.605400,2388.000,0.185356,-1.037971,4.334628
2026-09-18T00:43:08.478,0.618600,2388.000,0.142745,-1.093982,4.354425
2026-09-18T00:43:08.678,0.518900,2000.000,0.153398,-1.137542,4.453969
2026-09-18T00:43:08.878,0.360700,1839.000,0.145941,-1.188095,4.512751
2026-09-18T00:43:09.078,0.410000,1927.000,0.144876,-1.232967,4.611675
2026-09-18T00:43:09.278,0.487500,1882.000,0.092678,-1.275313,4.737549
2026-09-18T00:43:09.478,0.375000,1739.000,0.096939,-1.293463,5.017061
2026-09-18T00:43:09.678,0.472500,1797.000,0.030893,-1.323668,5.049824
2026-09-18T00:43:09.878,0.393500,1818.000,0.059655,-1.357913,4.807048
2026-09-18T00:43:10.078,0.480700,2388.000,0.040480,-1.399491,4.484333
2026-09-18T00:43:10.278,0.589000,2580.000,0.011718,-1.460786,3.930477
2026-09-18T00:43:10.478,0.503800,2580.000,-0.062851,-1.554552,3.334531
2026-09-18T00:43:10.678,0.536000,1951.000,0.371777,-1.676512,2.878454
2026-09-18T00:43:10.878,0.702700,2352.000,0.217314,-1.850934,2.519784
2026-09-18T00:43:11.078,0.660900,2539.000,0.246076,-1.966420,2.496354
2026-09-18T00:43:11.278,0.488800,2461.000,0.281230,-2.141768,2.347855
2026-09-18T00:43:11.478,0.661700,2352.000,0.380299,-2.371618,2.202968
2026-09-18T00:43:11.678,0.845800,2909.000,0.450607,-2.664159,2.127197
2026-09-18T00:43:11.878,1.112000,3478.000,0.317449,-2.733059,2.272812
2026-09-18T00:43:12.078,0.748000,3404.000,0.407996,-2.792038,2.451114
2026-09-18T00:43:12.278,0.964100,3265.000,0.407996,-2.852388,2.621296
2026-09-18T00:43:12.478,0.962300,3809.000,0.525175,-3.037836,2.724520
2026-09-18T00:43:12.678,0.917400,4000.000,0.371777,-2.947955,3.113536
2026-09-18T00:43:12.878,0.961700,3720.000,0.331297,-2.751576,3.928554
2026-09-18T00:43:13.078,1.050700,3404.000,0.492152,-2.652900,4.992277
2026-09-18T00:43:13.278,0.810400,3720.000,0.449542,-2.654048,5.927056
2026-09-18T00:43:13.478,0.964000,3333.000,0.358994,-2.674780,6.931300
2026-09-18T00:43:13.678,0.638700,2857.000,0.301470,-2.681833,8.211538
2026-09-18T00:43:13.878,0.669500,2758.000,0.331297,-2.701353,9.541444
2026-09-18T00:43:14.078,0.473500,1882.000,0.213053,-2.725010,10.835412
2026-09-18T00:43:14.278,0.507700,1300.000,0.077764,-2.723724,11.966791
2026-09-18T00:43:14.478,0.243600,935.000,0.002131,-2.716270,12.848845
2026-09-18T00:43:14.678,0.217300,751.000,0.008522,-2.710539,13.464989
2026-09-18T00:43:14.878,0.139300,573.000,0.000000,-2.706099,14.046573
2026-09-18T00:43:15.078,0.122800,399.000,0.010653,-2.700816,14.585805
2026-09-18T00:43:15.278,0.031000,273.000,-0.002131,-2.696560,15.069918
2026-09-18T00:43:15.478,0.041200,273.000,0.001065,-2.693382,15.441299
2026-09-18T00:43:15.678,0.049800,67.000,0.000000,-2.691364,15.683880
2026-09-18T00:43:15.878,0.025700,239.000,0.003196,-2.690808,15.829374
2026-09-18T00:43:16.078,0.061000,232.000,0.012783,-2.690992,15.889232
2026-09-18T00:43:16.278,0.068900,232.000,-0.001065,-2.691082,15.935097
2026-09-18T00:43:16.478,0.033800,232.000,-0.005326,-2.690656,15.956995
2026-09-18T00:43:16.678,0.075000,21.000,-0.005326,-2.690592,15.944414
2026-09-18T00:43:16.878,0.058300,465.000,0.008522,-2.693310,15.914872
2026-09-18T00:43:17.078,0.173300,730.000,0.000000,-2.694223,15.788789
2026-09-18T00:43:17.278,0.148400,498.000,-0.018109,-2.696270,15.518035
2026-09-18T00:43:17.478,0.080100,357.000,-0.001065,-2.697402,15.252367
2026-09-18T00:43:17.678,0.067100,389.000,-0.036219,-2.697152,15.027132
2026-09-18T00:43:17.878,0.291000,1777.000,-0.126766,-2.687315,14.828023
2026-09-18T00:43:18.078,0.475400,2285.000,-0.155529,-2.665401,14.444225
2026-09-18T00:43:18.278,0.407800,2539.000,-0.205596,-2.642274,13.934516
2026-09-18T00:43:18.478,0.502000,2909.000,-0.164051,-2.617162,13.412087
2026-09-18T00:43:18.678,0.645600,3018.000,-0.056459,-2.611629,12.891071
2026-09-18T00:43:18.878,0.783900,3018.000,-0.092678,-2.621145,12.344151
2026-09-18T00:43:19.078,0.203000,1758.000,-0.294013,-2.719020,11.928641
2026-09-18T00:43:19.278,0.682100,2622.000,-0.151268,-2.698826,11.304235
2026-09-18T00:43:19.478,0.660900,2962.000,-0.136354,-2.707575,10.655264
2026-09-18T00:43:19.678,0.686300,3265.000,-0.242880,-2.706148,10.098039
2026-09-18T00:43:19.878,0.692000,3200.000,-0.155529,-2.708579,9.480231
2026-09-18T00:43:20.078,0.721600,3076.000,-0.149137,-2.727964,8.897819
2026-09-18T00:43:20.278,0.554700,2424.000,0.041545,-2.753417,8.413710
2026-09-18T00:43:20.478,0.200200,1509.000,-0.106526,-2.791302,8.016450
2026-09-18T00:43:20.678,0.303100,1616.000,-0.111853,-2.821516,7.723358
2026-09-18T00:43:20.878,0.435300,1391.000,-0.233293,-2.829030,7.441201
2026-09-18T00:43:21.078,0.186300,987.000,-0.038350,-2.880149,7.139441
2026-09-18T00:43:21.278,0.212200,316.000,-0.037284,-2.982708,6.665034
2026-09-18T00:43:21.478,0.188400,606.000,0.025566,-3.083635,6.340388
2026-09-18T00:43:21.678,0.220800,581.000,0.128897,3.129378,6.177487
2026-09-18T00:43:21.878,0.144700,-1927.000,-0.136354,3.068849,6.075313
2026-09-18T00:43:22.078,0.472800,-1720.000,-0.118244,3.068358,6.018323
2026-09-18T00:43:22.278,0.433200,-3265.000,-0.005326,3.060598,5.905438
2026-09-18T00:43:22.478,0.528000,-4571.000,-0.075634,3.045050,5.649024
2026-09-18T00:43:22.678,0.589400,-5925.000,0.002131,3.020698,5.365046
2026-09-18T00:43:22.878,0.656600,-5714.000,0.030893,3.005330,5.080232
2026-09-18T00:43:23.078,0.786600,-5925.000,0.034088,2.985325,4.781187
2026-09-18T00:43:23.278,0.746500,-6400.000,-0.012783,2.979443,4.468017
2026-09-18T00:43:23.478,0.727000,-5925.000,-0.027697,2.937156,4.122150
2026-09-18T00:43:23.678,0.736900,-5000.000,-0.014914,2.880006,3.763654
2026-09-18T00:43:23.878,1.011800,-4000.000,-0.042611,2.845977,3.392169
2026-09-18T00:43:24.078,0.903200,-2758.000,-0.070307,2.902668,3.857722
2026-09-18T00:43:24.278,0.462400,-2222.000,-0.047937,2.857056,3.891848
2026-09-18T00:43:24.478,0.259600,-1240.000,0.020240,2.813831,3.872236
2026-09-18T00:43:24.678,0.183000,270.000,-0.006392,2.785354,3.881898
2026-09-18T00:43:24.878,0.176700,145.000,0.030893,2.750201,3.901555
2026-09-18T00:43:25.078,0.254600,1355.000,-0.005326,2.699244,3.942107
2026-09-18T00:43:25.278,0.313300,2191.000,-0.018109,2.671972,4.004025
2026-09-18T00:43:25.478,0.323000,2191.000,0.055394,2.690588,4.062516
2026-09-18T00:43:25.678,0.615000,2622.000,0.068177,2.708016,4.140381
2026-09-18T00:43:25.878,0.630800,2388.000,0.020240,2.764416,4.206112
2026-09-18T00:43:26.078,0.555500,2222.000,0.013848,2.821388,4.284169
2026-09-18T00:43:26.278,0.160400,-156.000,0.113983,2.880321,4.335576
2026-09-18T00:43:26.478,0.076200,-2758.000,-0.001065,2.940753,4.226976
2026-09-18T00:43:26.678,0.088000,-4848.000,0.000000,3.001478,4.035834
2026-09-18T00:43:26.878,0.054500,-3902.000,-0.017044,3.023460,3.996909
2026-09-18T00:43:27.078,0.082900,-2222.000,-0.010653,3.025421,4.017522
2026-09-18T00:43:27.278,0.179700,-3404.000,0.001065,3.043818,3.939251
2026-09-18T00:43:27.478,0.250100,-3265.000,-0.056459,3.085145,3.827111
2026-09-18T00:43:27.678,0.328400,-2962.000,-0.055394,3.111203,3.709616
2026-09-18T00:43:27.878,0.339400,-2909.000,0.169377,3.125905,3.614167
2026-09-18T00:43:28.078,0.609200,-2962.000,0.239684,-3.107544,3.604455
2026-09-18T00:43:28.278,0.499400,-2857.000,0.205596,-2.993277,3.775323
2026-09-18T00:43:28.478,0.672700,-3076.000,0.196009,-2.889761,4.050340
2026-09-18T00:43:28.678,0.748000,-3333.000,0.229032,-2.775961,4.598987
2026-09-18T00:43:28.878,0.500900,-3076.000,0.260990,-2.685134,5.440886
2026-09-18T00:43:29.078,0.565900,-3018.000,0.245011,-2.632049,6.460627
2026-09-18T00:43:29.278,0.491400,-2539.000,0.218379,-2.610687,7.632140
2026-09-18T00:43:29.478,0.477400,-2133.000,0.213053,-2.614161,8.759636
2026-09-18T00:43:29.678,0.347100,-2253.000,0.213053,-2.626194,9.752895
2026-09-18T00:43:29.878,0.354600,-2424.000,0.245011,-2.654900,10.675955
2026-09-18T00:43:30.078,0.670400,-3200.000,0.243946,-2.690433,11.507211
2026-09-18T00:43:30.278,0.587200,-4705.000,0.260990,-2.727391,12.243980
2026-09-18T00:43:30.478,0.457900,-4000.000,0.273773,-2.767076,12.854042
2026-09-18T00:43:30.678,0.445900,-4444.000,0.119310,-2.789379,13.302650
2026-09-18T00:43:30.878,0.233700,-4102.000,0.052198,-2.804303,13.626896
2026-09-18T00:43:31.078,0.339600,-5714.000,0.066046,-2.813556,13.834201
2026-09-18T00:43:31.278,0.192800,-5925.000,0.041545,-2.819629,13.904778
2026-09-18T00:43:31.478,0.216900,-5714.000,0.074569,-2.826183,13.862825
2026-09-18T00:43:31.678,0.277600,-5925.000,0.073503,-2.838016,13.774836
2026-09-18T00:43:31.878,0.273800,-5925.000,0.071373,-2.849235,13.642132
2026-09-18T00:43:32.078,0.354500,-5714.000,0.095874,-2.859632,13.490745
2026-09-18T00:43:32.278,0.466400,-5925.000,0.067112,-2.876114,13.312999
2026-09-18T00:43:32.478,0.452400,-5925.000,0.111853,-2.895564,13.126529
2026-09-18T00:43:32.678,0.676800,-6400.000,0.062851,-2.914270,12.940816
2026-09-18T00:43:32.878,0.594500,-5925.000,0.173638,-2.930748,12.705462
2026-09-18T00:43:33.078,0.433900,-5000.000,0.116114,-2.953446,12.379117
2026-09-18T00:43:33.278,0.551500,-5925.000,0.168312,-2.969449,11.998220
2026-09-18T00:43:33.478,0.697200,-5333.000,0.066046,-2.974450,11.596932
2026-09-18T00:43:33.678,0.330600,-6400.000,0.011718,-2.984948,11.190448
2026-09-18T00:43:33.878,0.340800,-6666.000,-0.022371,-2.990093,10.738130
2026-09-18T00:43:34.078,0.247700,-6666.000,-0.038350,-2.994217,10.194150
2026-09-18T00:43:34.278,0.138500,-6666.000,-0.033023,-2.996412,9.657536
2026-09-18T00:43:34.478,0.225600,-5925.000,-0.008522,-2.990595,9.668864
2026-09-18T00:43:34.678,0.272400,-6400.000,-0.046872,-2.989716,9.640989
2026-09-18T00:43:34.878,0.213900,-6400.000,-0.019175,-2.990358,9.048903
2026-09-18T00:43:35.078,0.216000,-5925.000,-0.008522,-2.994822,8.532533
2026-09-18T00:43:35.278,0.051100,-5517.000,-0.034088,-3.001569,8.112259
2026-09-18T00:43:35.478,0.302600,-6400.000,0.011718,-3.009848,7.966037
2026-09-18T00:43:35.678,0.578300,-6666.000,-0.058590,-3.016959,7.888689
2026-09-18T00:43:35.878,0.505600,-4324.000,0.105461,-3.036280,7.710550
2026-09-18T00:43:36.078,0.671400,-2758.000,0.036219,-3.058840,7.605604
2026-09-18T00:43:36.278,0.524200,-1111.000,0.029827,-3.107074,9.976706
2026-09-18T00:43:36.478,0.386200,-1684.000,0.080960,-3.112820,9.763517
2026-09-18T00:43:36.678,0.579200,-2191.000,0.000000,-3.137853,9.535678
2026-09-18T00:43:36.878,0.693500,-2105.000,0.082025,3.134762,9.328802
2026-09-18T00:43:37.078,0.577100,-1553.000,-0.041545,3.113181,8.982528
2026-09-18T00:43:37.278,0.285300,-1311.000,-0.002131,3.105357,8.581083
2026-09-18T00:43:37.478,0.341600,-1523.000,-0.040480,3.097161,8.278270
2026-09-18T00:43:37.678,0.585500,-1481.000,-0.008522,3.088800,8.045810
2026-09-18T00:43:37.878,0.380400,-1495.000,0.022371,3.078164,7.790238
2026-09-18T00:43:38.078,0.324400,-1300.000,-0.037284,3.069781,7.530385
2026-09-18T00:43:38.278,0.266900,-842.000,-0.011718,3.056523,7.241295
2026-09-18T00:43:38.478,0.165900,-747.000,-0.003196,3.045774,6.954473
2026-09-18T00:43:38.678,0.175500,-765.000,-0.009587,3.040090,6.800174
2026-09-18T00:43:38.878,0.302400,-958.000,0.009587,3.038500,6.740261
2026-09-18T00:43:39.078,0.113300,-792.000,-0.008522,3.034118,6.719647
2026-09-18T00:43:39.278,0.236700,-772.000,-0.007457,3.032260,6.686496
2026-09-18T00:43:39.478,0.232900,-751.000,0.006392,3.031286,6.646959
2026-09-18T00:43:39.678,0.093600,-601.000,0.002131,3.029180,6.607816
2026-09-18T00:43:39.878,0.081800,-367.000,-0.004261,3.027012,6.565470
2026-09-18T00:43:40.078,0.036200,-227.000,0.000000,3.024064,6.509980
2026-09-18T00:43:40.278,0.024100,-357.000,0.010653,3.021003,6.455175
2026-09-18T00:43:40.478,0.126400,-751.000,0.005326,3.019619,6.439955
2026-09-18T00:43:40.678,0.172000,-669.000,-0.013848,3.019821,6.470526
2026-09-18T00:43:40.878,0.088200,-385.000,0.004261,3.020806,6.487111
2026-09-18T00:43:41.078,0.058600,-241.000,-0.001065,3.019344,6.466569
2026-09-18T00:43:41.278,0.071300,-196.000,-0.007457,3.017603,6.430241
2026-09-18T00:43:41.478,0.026300,155.000,0.002131,3.016183,6.394522
2026-09-18T00:43:41.678,0.011700,155.000,0.000000,3.013760,6.348497
2026-09-18T00:43:41.878,0.007800,155.000,0.000000,3.011939,6.312450
2026-09-18T00:43:42.078,0.051600,0.000,0.000000,3.011127,6.300350
2026-09-18T00:43:42.278,0.030600,692.000,0.000000,3.011244,6.309477
2026-09-18T00:43:42.478,0.066500,692.000,0.000000,3.011119,6.313778
2026-09-18T00:43:42.678,0.038600,424.000,0.000000,3.010452,6.303836
2026-09-18T00:43:42.878,0.017100,120.000,0.000000,3.009918,6.292758
2026-09-18T00:43:43.078,0.039100,-62.000,0.011718,3.009149,6.303137
2026-09-18T00:43:43.278,0.189900,-1951.000,0.039415,3.005748,6.304008
2026-09-18T00:43:43.478,0.455800,-1702.000,-0.022371,3.003947,6.300605
2026-09-18T00:43:43.678,0.346200,-846.000,-0.029827,3.006087,6.356843
2026-09-18T00:43:43.878,0.227900,-909.000,0.041545,3.001252,6.337845
2026-09-18T00:43:44.078,0.300900,-1344.000,0.020240,2.989610,6.234531
2026-09-18T00:43:44.278,0.176800,-1126.000,0.045806,2.977802,6.109353
2026-09-18T00:43:44.478,0.165200,-723.000,0.011718,2.966283,5.976574
2026-09-18T00:43:44.678,0.059700,-353.000,0.000000,2.957058,5.843844
2026-09-18T00:43:44.878,0.071400,-353.000,-0.005326,2.948490,5.692317
2026-09-18T00:43:45.078,0.263500,-353.000,0.003196,2.938948,5.533520
2026-09-18T00:43:45.278,0.197200,351.000,0.002131,2.930347,5.398267
2026-09-18T00:43:45.478,0.130300,258.000,-0.009587,2.924653,5.309786
2026-09-18T00:43:45.678,0.026900,232.000,-0.004261,2.922124,5.269692
2026-09-18T00:43:45.878,0.032600,232.000,0.004261,2.921890,5.270985
2026-09-18T00:43:46.078,0.050000,-38.000,0.003196,2.921774,5.289140
2026-09-18T00:43:46.278,0.146800,-1081.000,0.030893,2.920664,5.306367
2026-09-18T00:43:46.478,0.370100,-2909.000,0.045806,2.914739,5.314253
2026-09-18T00:43:46.678,0.806300,-5333.000,0.105461,2.904971,5.281564
2026-09-18T00:43:46.878,1.145300,-5517.000,0.035154,2.895388,5.319493
2026-09-18T00:43:47.078,1.105600,-4444.000,0.000000,2.904090,5.454833
2026-09-18T00:43:47.278,0.979100,-2253.000,0.115049,2.906920,5.548308
2026-09-18T00:43:47.478,0.847800,-2909.000,-0.009587,2.892299,5.410753
2026-09-18T00:43:47.678,0.711400,-3076.000,0.014914,2.872968,5.105873
2026-09-18T00:43:47.878,0.640200,-2666.000,0.000000,2.843860,4.781308
2026-09-18T00:43:48.078,0.554100,-2133.000,0.034088,2.811969,4.464691
2026-09-18T00:43:48.278,0.391100,-1702.000,0.025566,2.776820,4.164068
2026-09-18T00:43:48.478,0.174500,-1454.000,-0.026632,2.739185,3.894365
2026-09-18T00:43:48.678,0.270900,-879.000,-0.012783,2.702796,3.662422
2026-09-18T00:43:48.878,0.147000,-590.000,0.000000,2.666766,3.474841
2026-09-18T00:43:49.078,0.075200,-398.000,0.000000,2.635777,3.324930
2026-09-18T00:43:49.278,0.048300,-233.000,-0.002131,2.610074,3.209282
2026-09-18T00:43:49.478,0.081900,-233.000,0.000000,2.588526,3.119162
2026-09-18T00:43:49.678,0.017100,-233.000,0.000000,2.567431,3.037795
2026-09-18T00:43:49.878,0.022000,0.000,0.000000,2.554223,2.990183
2026-09-18T00:43:50.078,0.012000,0.000,0.000000,2.546774,2.964694
